,fold,fam,id
0,16s,16s,16s_A.fulgidus_domain2
1,16s,16s,16s_A.fulgidus_domain3
2,16s,16s,16s_A.fulgidus_domain4
3,16s,16s,16s_A.pyrophilus_domain2
4,16s,16s,16s_A.pyrophilus_domain4
5,16s,16s,16s_B.burgdorferi_domain2
6,16s,16s,16s_B.burgdorferi_domain3
7,16s,16s,16s_B.burgdorferi_domain4
8,16s,16s,16s_B.subtilis_domain2
9,16s,16s,16s_B.subtilis_domain3
10,16s,16s,16s_B.subtilis_domain4
11,16s,16s,16s_C.elegans_domain1
12,16s,16s,16s_C.elegans_domain2
13,16s,16s,16s_C.elegans_domain3
14,16s,16s,16s_C.elegans_domain4
15,16s,16s,16s_C.psittaci_domain2
16,16s,16s,16s_C.psittaci_domain3
17,16s,16s,16s_C.psittaci_domain4
18,16s,16s,16s_C.reinhardtii.chloro_domain1
19,16s,16s,16s_C.reinhardtii.chloro_domain2
20,16s,16s,16s_C.reinhardtii.chloro_domain3
21,16s,16s,16s_C.reinhardtii.chloro_domain4
22,16s,16s,16s_C.reinhardtii.mito_domain1
23,16s,16s,16s_C.reinhardtii.mito_domain2
24,16s,16s,16s_C.reinhardtii.mito_domain3
25,16s,16s,16s_C.reinhardtii.mito_domain4
26,16s,16s,16s_D.melanogaster_domain4
27,16s,16s,16s_E.coli_domain2
28,16s,16s,16s_E.coli_domain3
29,16s,16s,16s_E.coli_domain4
30,16s,16s,16s_F.ananassa_domain3
31,16s,16s,16s_F.ananassa_domain4
32,16s,16s,16s_G.intestinalis_domain1
33,16s,16s,16s_G.intestinalis_domain2
34,16s,16s,16s_G.intestinalis_domain3
35,16s,16s,16s_G.intestinalis_domain4
36,16s,16s,16s_H.sapiens.mito_domain1
37,16s,16s,16s_H.sapiens.mito_domain2
38,16s,16s,16s_H.sapiens.mito_domain3
39,16s,16s,16s_H.sapiens.mito_domain4
40,16s,16s,16s_H.sapiens_domain3
41,16s,16s,16s_H.sapiens_domain4
42,16s,16s,16s_H.volcanii_domain1
43,16s,16s,16s_H.volcanii_domain2
44,16s,16s,16s_H.volcanii_domain3
45,16s,16s,16s_H.volcanii_domain4
46,16s,16s,16s_M.polymorpha_domain2
47,16s,16s,16s_M.polymorpha_domain3
48,16s,16s,16s_M.polymorpha_domain4
49,16s,16s,16s_P.occultum_domain2
50,16s,16s,16s_P.occultum_domain3
51,16s,16s,16s_P.occultum_domain4
52,16s,16s,16s_P.staleyi_domain2
53,16s,16s,16s_P.staleyi_domain3
54,16s,16s,16s_P.staleyi_domain4
55,16s,16s,16s_S.cerevisiae_domain3
56,16s,16s,16s_S.cerevisiae_domain4
57,16s,16s,16s_T.gondii_domain3
58,16s,16s,16s_T.gondii_domain4
59,16s,16s,16s_T.maritima_domain2
60,16s,16s,16s_T.maritima_domain3
61,16s,16s,16s_T.maritima_domain4
62,16s,16s,16s_Z.mays_domain1
63,16s,16s,16s_Z.mays_domain2
64,16s,16s,16s_Z.mays_domain3
65,16s,16s,16s_Z.mays_domain4
66,16s,23s,23s_B.subtilis_domain3
67,16s,23s,23s_B.subtilis_domain4
68,16s,23s,23s_B.subtilis_domain6
69,16s,23s,23s_E.coli_domain3
70,16s,23s,23s_E.coli_domain4
71,16s,23s,23s_E.coli_domain6
72,16s,23s,23s_H.pylori_domain3
73,16s,23s,23s_H.pylori_domain4
74,16s,23s,23s_H.pylori_domain6
75,16s,23s,23s_S.aureus_domain3
76,16s,23s,23s_S.aureus_domain4
77,16s,23s,23s_S.aureus_domain6
78,16s,23s,23s_T.thermophilus_domain3
79,16s,23s,23s_T.thermophilus_domain4
80,16s,23s,23s_T.thermophilus_domain6
81,16s,23s,23s_B.subtilis_domain3
82,16s,23s,23s_B.subtilis_domain4
83,16s,23s,23s_B.subtilis_domain6
84,16s,23s,23s_E.coli_domain3
85,16s,23s,23s_E.coli_domain4
86,16s,23s,23s_E.coli_domain6
87,16s,23s,23s_H.pylori_domain3
88,16s,23s,23s_H.pylori_domain4
89,16s,23s,23s_H.pylori_domain6
90,16s,23s,23s_S.aureus_domain3
91,16s,23s,23s_S.aureus_domain4
92,16s,23s,23s_S.aureus_domain6
93,16s,23s,23s_T.thermophilus_domain3
94,16s,23s,23s_T.thermophilus_domain4
95,16s,23s,23s_T.thermophilus_domain6
96,16s,23s,23s_B.subtilis_domain3
97,16s,23s,23s_B.subtilis_domain4
98,16s,23s,23s_B.subtilis_domain6
99,16s,23s,23s_E.coli_domain3
100,16s,23s,23s_E.coli_domain4
101,16s,23s,23s_E.coli_domain6
102,16s,23s,23s_H.pylori_domain3
103,16s,23s,23s_H.pylori_domain4
104,16s,23s,23s_H.pylori_domain6
105,16s,23s,23s_S.aureus_domain3
106,16s,23s,23s_S.aureus_domain4
107,16s,23s,23s_S.aureus_domain6
108,16s,23s,23s_T.thermophilus_domain3
109,16s,23s,23s_T.thermophilus_domain4
110,16s,23s,23s_T.thermophilus_domain6
111,16s,23s,23s_B.subtilis_domain3
112,16s,23s,23s_B.subtilis_domain4
113,16s,23s,23s_B.subtilis_domain6
114,16s,23s,23s_E.coli_domain3
115,16s,23s,23s_E.coli_domain4
116,16s,23s,23s_E.coli_domain6
117,16s,23s,23s_H.pylori_domain3
118,16s,23s,23s_H.pylori_domain4
119,16s,23s,23s_H.pylori_domain6
120,16s,23s,23s_S.aureus_domain3
121,16s,23s,23s_S.aureus_domain4
122,16s,23s,23s_S.aureus_domain6
123,16s,23s,23s_T.thermophilus_domain3
124,16s,23s,23s_T.thermophilus_domain4
125,16s,23s,23s_T.thermophilus_domain6
126,16s,23s,23s_B.subtilis_domain3
127,16s,23s,23s_B.subtilis_domain4
128,16s,23s,23s_B.subtilis_domain6
129,16s,23s,23s_E.coli_domain3
130,16s,23s,23s_E.coli_domain4
131,16s,23s,23s_E.coli_domain6
132,16s,23s,23s_H.pylori_domain3
133,16s,23s,23s_H.pylori_domain4
134,16s,23s,23s_H.pylori_domain6
135,16s,23s,23s_S.aureus_domain3
136,16s,23s,23s_S.aureus_domain4
137,16s,23s,23s_S.aureus_domain6
138,16s,23s,23s_T.thermophilus_domain3
139,16s,23s,23s_T.thermophilus_domain4
140,16s,23s,23s_T.thermophilus_domain6
141,16s,23s,23s_B.subtilis_domain3
142,16s,23s,23s_B.subtilis_domain4
143,16s,23s,23s_B.subtilis_domain6
144,16s,23s,23s_E.coli_domain3
145,16s,23s,23s_E.coli_domain4
146,16s,23s,23s_E.coli_domain6
147,16s,23s,23s_H.pylori_domain3
148,16s,23s,23s_H.pylori_domain4
149,16s,23s,23s_H.pylori_domain6
150,16s,23s,23s_S.aureus_domain3
151,16s,23s,23s_S.aureus_domain4
152,16s,23s,23s_S.aureus_domain6
153,16s,23s,23s_T.thermophilus_domain3
154,16s,23s,23s_T.thermophilus_domain4
155,16s,23s,23s_T.thermophilus_domain6
156,16s,23s,23s_B.subtilis_domain3
157,16s,23s,23s_B.subtilis_domain4
158,16s,23s,23s_B.subtilis_domain6
159,16s,23s,23s_E.coli_domain3
160,16s,23s,23s_E.coli_domain4
161,16s,23s,23s_E.coli_domain6
162,16s,23s,23s_H.pylori_domain3
163,16s,23s,23s_H.pylori_domain4
164,16s,23s,23s_H.pylori_domain6
165,16s,23s,23s_S.aureus_domain3
166,16s,23s,23s_S.aureus_domain4
167,16s,23s,23s_S.aureus_domain6
168,16s,23s,23s_T.thermophilus_domain3
169,16s,23s,23s_T.thermophilus_domain4
170,16s,23s,23s_T.thermophilus_domain6
171,16s,23s,23s_B.subtilis_domain3
172,16s,23s,23s_B.subtilis_domain4
173,16s,23s,23s_B.subtilis_domain6
174,16s,23s,23s_E.coli_domain3
175,16s,23s,23s_E.coli_domain4
176,16s,23s,23s_E.coli_domain6
177,16s,23s,23s_H.pylori_domain3
178,16s,23s,23s_H.pylori_domain4
179,16s,23s,23s_H.pylori_domain6
180,16s,23s,23s_S.aureus_domain3
181,16s,23s,23s_S.aureus_domain4
182,16s,23s,23s_S.aureus_domain6
183,16s,23s,23s_T.thermophilus_domain3
184,16s,23s,23s_T.thermophilus_domain4
185,16s,23s,23s_T.thermophilus_domain6
186,16s,23s,23s_B.subtilis_domain3
187,16s,23s,23s_B.subtilis_domain4
188,16s,23s,23s_B.subtilis_domain6
189,16s,23s,23s_E.coli_domain3
190,16s,23s,23s_E.coli_domain4
191,16s,23s,23s_E.coli_domain6
192,16s,23s,23s_H.pylori_domain3
193,16s,23s,23s_H.pylori_domain4
194,16s,23s,23s_H.pylori_domain6
195,16s,23s,23s_S.aureus_domain3
196,16s,23s,23s_S.aureus_domain4
197,16s,23s,23s_S.aureus_domain6
198,16s,23s,23s_T.thermophilus_domain3
199,16s,23s,23s_T.thermophilus_domain4
200,16s,23s,23s_T.thermophilus_domain6
201,16s,23s,23s_B.subtilis_domain3
202,16s,23s,23s_B.subtilis_domain4
203,16s,23s,23s_B.subtilis_domain6
204,16s,23s,23s_E.coli_domain3
205,16s,23s,23s_E.coli_domain4
206,16s,23s,23s_E.coli_domain6
207,16s,23s,23s_H.pylori_domain3
208,16s,23s,23s_H.pylori_domain4
209,16s,23s,23s_H.pylori_domain6
210,16s,23s,23s_S.aureus_domain3
211,16s,23s,23s_S.aureus_domain4
212,16s,23s,23s_S.aureus_domain6
213,16s,23s,23s_T.thermophilus_domain3
214,16s,23s,23s_T.thermophilus_domain4
215,16s,23s,23s_T.thermophilus_domain6
216,16s,23s,23s_B.subtilis_domain3
217,16s,23s,23s_B.subtilis_domain4
218,16s,23s,23s_B.subtilis_domain6
219,16s,23s,23s_E.coli_domain3
220,16s,23s,23s_E.coli_domain4
221,16s,23s,23s_E.coli_domain6
222,16s,23s,23s_H.pylori_domain3
223,16s,23s,23s_H.pylori_domain4
224,16s,23s,23s_H.pylori_domain6
225,16s,23s,23s_S.aureus_domain3
226,16s,23s,23s_S.aureus_domain4
227,16s,23s,23s_S.aureus_domain6
228,16s,23s,23s_T.thermophilus_domain3
229,16s,23s,23s_T.thermophilus_domain4
230,16s,23s,23s_T.thermophilus_domain6
231,16s,23s,23s_B.subtilis_domain3
232,16s,23s,23s_B.subtilis_domain4
233,16s,23s,23s_B.subtilis_domain6
234,16s,23s,23s_E.coli_domain3
235,16s,23s,23s_E.coli_domain4
236,16s,23s,23s_E.coli_domain6
237,16s,23s,23s_H.pylori_domain3
238,16s,23s,23s_H.pylori_domain4
239,16s,23s,23s_H.pylori_domain6
240,16s,23s,23s_S.aureus_domain3
241,16s,23s,23s_S.aureus_domain4
242,16s,23s,23s_S.aureus_domain6
243,16s,23s,23s_T.thermophilus_domain3
244,16s,23s,23s_T.thermophilus_domain4
245,16s,23s,23s_T.thermophilus_domain6
246,16s,23s,23s_B.subtilis_domain3
247,16s,23s,23s_B.subtilis_domain4
248,16s,23s,23s_B.subtilis_domain6
249,16s,23s,23s_E.coli_domain3
250,16s,23s,23s_E.coli_domain4
251,16s,23s,23s_E.coli_domain6
252,16s,23s,23s_H.pylori_domain3
253,16s,23s,23s_H.pylori_domain4
254,16s,23s,23s_H.pylori_domain6
255,16s,23s,23s_S.aureus_domain3
256,16s,23s,23s_S.aureus_domain4
257,16s,23s,23s_S.aureus_domain6
258,16s,23s,23s_T.thermophilus_domain3
259,16s,23s,23s_T.thermophilus_domain4
260,16s,23s,23s_T.thermophilus_domain6
261,16s,23s,23s_B.subtilis_domain3
262,16s,23s,23s_B.subtilis_domain4
263,16s,23s,23s_B.subtilis_domain6
264,16s,23s,23s_E.coli_domain3
265,16s,23s,23s_E.coli_domain4
266,16s,5s,5s_Acanthamoeba-castellanii-2
267,16s,5s,5s_Acholeplasma-laidlawii-2
268,16s,5s,5s_Achromobacter-xylosoxidans-1
269,16s,5s,5s_Acidiphilium-acidophilum-1
270,16s,5s,5s_Acinetobacter-sp.-1
271,16s,5s,5s_Acinetospora-crinita-1
272,16s,5s,5s_Acremonium-chrysogenum-1
273,16s,5s,5s_Agaricus-edulis-1
274,16s,5s,5s_Agrobacterium-tumefaciens-6
275,16s,5s,5s_Akkesiphycus-lubricum-1
276,16s,5s,5s_Amycolatopsis-lactamdurans-1
277,16s,5s,5s_Ancylobacter-aquaticus-1
278,16s,5s,5s_Andrias-japonicus-1
279,16s,5s,5s_Antheraea-pernyi-1
280,16s,5s,5s_Aquifex-aeolicus-1
281,16s,5s,5s_Archaeoglobus-fulgidus-1
282,16s,5s,5s_Artemia-sp.-4
283,16s,5s,5s_Arthrobacter-polychromogenes-1
284,16s,5s,5s_Asellus-aquaticus-2
285,16s,5s,5s_Asterina-pectinifera-1
286,16s,5s,5s_Auricularia-auricula-judae-1
287,16s,5s,5s_Azotobacter-vinelandii-1
288,16s,5s,5s_Bacillus-anthracis-10
289,16s,5s,5s_Bacillus-anthracis-6
290,16s,5s,5s_Bacillus-clausii-1
291,16s,5s,5s_Bacillus-firmus-1
292,16s,5s,5s_Bacillus-halodurans-4
293,16s,5s,5s_Bacillus-thuringiensis-1
294,16s,5s,5s_Bacteroides-fragilis-3
295,16s,5s,5s_Bacteroides-fragilis-4
296,16s,5s,5s_Bacteroides-fragilis-6
297,16s,5s,5s_Bartonella-henselae-1
298,16s,5s,5s_Bifidobacterium-longum-1
299,16s,5s,5s_Bifidobacterium-longum-3
300,16s,5s,5s_Blakeslea-trispora-1
301,16s,5s,5s_Blastocladiella-simplex-1
302,16s,5s,5s_Blepharisma-japonicum-1
303,16s,5s,5s_Bombyx-mori-1
304,16s,5s,5s_Bombyx-mori-2
305,16s,5s,5s_Brachionus-plicatilis-1
306,16s,5s,5s_Brevibacillus-brevis-1
307,16s,5s,5s_Brevibacterium-helvolum-1
308,16s,5s,5s_C_paradoxE
309,16s,5s,5s_Caenorhabditis-briggsae-1
310,16s,5s,5s_Caenorhabditis-elegans-3
311,16s,5s,5s_Campylobacter-jejuni-3
312,16s,5s,5s_Cancer-pagurus-1
313,16s,5s,5s_Candidatus-Tremblaya-princeps-1
314,16s,5s,5s_Caulobacter-sp.-5
315,16s,5s,5s_Caulobacter-sp.-6
316,16s,5s,5s_Cellulomonas-biazotea-1
317,16s,5s,5s_Chlamydophila-abortus-1
318,16s,5s,5s_Clostridium-acetobutylicum-5
319,16s,5s,5s_Coprinopsis-cinerea-1
320,16s,5s,5s_Corynebacterium-glutamicum-1
321,16s,5s,5s_Corynebacterium-glutamicum-2
322,16s,5s,5s_Cryptococcus-humicola-1
323,16s,5s,5s_Cryptomonas-paramecium-1
324,16s,5s,5s_Cyclidiopsis-acus-1
325,16s,5s,5s_Cystobacter-fuscus-1
326,16s,5s,5s_Delftia-acidovorans-1
327,16s,5s,5s_Dipsacomyces-acuminosporus-1
328,16s,5s,5s_Dirofilaria-immitis-1
329,16s,5s,5s_Drosophila-teissieri-1
330,16s,5s,5s_Dugesia-japonica-1
331,16s,5s,5s_Dugesia-japonica-2
332,16s,5s,5s_E_glandulE
333,16s,5s,5s_Eimeria-tenella-1
334,16s,5s,5s_Eisenia-bicyclis-1
335,16s,5s,5s_Emericella-nidulans-3
336,16s,5s,5s_Emericella-nidulans-7
337,16s,5s,5s_Emericella-nidulans-8
338,16s,5s,5s_Empedobacter-brevis-1
339,16s,5s,5s_Escherichia-coli-11
340,16s,5s,5s_Escherichia-coli-14
341,16s,5s,5s_Escherichia-coli-3
342,16s,5s,5s_Escherichia-coli-6
343,16s,5s,5s_Exidia-glandulosa-1
344,16s,5s,5s_Filobasidiella-depauperata-1
345,16s,5s,5s_Filobasidium-capsuligenum-1
346,16s,5s,5s_Fusarium-asiaticum-7
347,16s,5s,5s_Fusarium-lunulosporum-3
348,16s,5s,5s_Fusarium-lunulosporum-5
349,16s,5s,5s_Fusarium-pseudograminearum-1
350,16s,5s,5s_Fusarium-pseudograminearum-6
351,16s,5s,5s_Fusarium-sporotrichioides-1
352,16s,5s,5s_Fusobacterium-nucleatum-2
353,16s,5s,5s_Fusobacterium-nucleatum-4
354,16s,5s,5s_Gallus-gallus-1
355,16s,5s,5s_Gelidium-amansii-1
356,16s,5s,5s_Gelidium-amansii-2
357,16s,5s,5s_Geobacillus-stearothermophilus-2
358,16s,5s,5s_Ginkgo-biloba-1
359,16s,5s,5s_Grimontia-hollisae-1
360,16s,5s,5s_Haloarcula-marismortui-2
361,16s,5s,5s_Halococcus-morrhuae-2
362,16s,5s,5s_Haloferax-volcanii-2
363,16s,5s,5s_Halorubrum-distributum-4
364,16s,5s,5s_Helicobacter-pylori-3
365,16s,5s,5s_Hyphomicrobium-sp.-3
366,16s,5s,5s_Hyphomicrobium-sp.-5
367,16s,5s,5s_Hyphomonas-oligotropha-1
368,16s,5s,5s_Idiomarina-loihiensis-1
369,16s,5s,5s_Illex-illecebrosus-1
370,16s,5s,5s_Juniperus-media-1
371,16s,5s,5s_Kluyveromyces-delphensis-1
372,16s,5s,5s_Kondoa-malvinella-1
373,16s,5s,5s_Kutzneria-viridogrisea-1
374,16s,5s,5s_Lentinula-edodes-2
375,16s,5s,5s_Locusta-migratoria-1
376,16s,5s,5s_Microbacterium-testaceum-1
377,16s,5s,5s_Microtetraspora-glauca-1
378,16s,5s,5s_Mycobacterium-tuberculosis-3
379,16s,5s,5s_Mycoplasma-gallisepticum-1
380,16s,5s,5s_Mycoplasma-genitalium-1
381,16s,5s,5s_Mycoplasma-penetrans-1
382,16s,5s,5s_Mycoplasma-pneumoniae-1
383,16s,5s,5s_Myxococcus-coralloides-1
384,16s,5s,5s_Neurospora-crassa-12
385,16s,5s,5s_Neurospora-crassa-15
386,16s,5s,5s_Neurospora-crassa-2
387,16s,5s,5s_Nitrobacter-winogradskyi-1
388,16s,5s,5s_Notophthalmus-viridescens-1
389,16s,5s,5s_Oerskovia-turbata-1
390,16s,5s,5s_Paenibacillus-popilliae-1
391,16s,5s,5s_Paracentrotus-lividus-2
392,16s,5s,5s_Parachlamydia-sp.-1
393,16s,5s,5s_Paramecium-tetraurelia-1
394,16s,5s,5s_Photobacterium-profundum-3
395,16s,5s,5s_Pichia-jadinii-2
396,16s,5s,5s_Pinus-contorta-1
397,16s,5s,5s_Pirellula-sp.-1
398,16s,5s,5s_Pirellula-sp.-2
399,16s,5s,5s_Plasmodium-falciparum-1
400,16s,5s,5s_Pneumocystis-carinii-1
401,16s,5s,5s_Prasinocladus-sp.-1
402,16s,5s,5s_Propionibacterium-acnes-1
403,16s,5s,5s_Pseudomonas-aeruginosa-1
404,16s,5s,5s_Pseudomonas-aeruginosa-2
405,16s,5s,5s_Pseudomonas-fluorescens-2
406,16s,5s,5s_Pseudomonas-fluorescens-4
407,16s,5s,5s_Pseudomonas-stutzeri-2
408,16s,5s,5s_Puccinia-poarum-1
409,16s,5s,5s_Puccinia-suaveolens-1
410,16s,5s,5s_Pyrococcus-horikoshii-1
411,16s,5s,5s_Pyrococcus-woesei-1
412,16s,5s,5s_Pythium-torulosum-1
413,16s,5s,5s_Ralstonia-solanacearum-1
414,16s,5s,5s_Ralstonia-solanacearum-2
415,16s,5s,5s_Rhodobacter-sphaeroides-2
416,16s,5s,5s_Rhodococcus-erythropolis-2
417,16s,5s,5s_Rhodopseudomonas-palustris-2
418,16s,5s,5s_Roseococcus-thiosulfatophilus-1
419,16s,5s,5s_Roseococcus-thiosulfatophilus-2
420,16s,5s,5s_Rumex-acetosa-1
421,16s,5s,5s_Sabellastarte-japonica-1
422,16s,5s,5s_Saccharothrix-mutabilis-1
423,16s,5s,5s_Salmonella-typhi-1
424,16s,5s,5s_Saprolegnia-ferax-1
425,16s,5s,5s_Schizosaccharomyces-pombe-1
426,16s,5s,5s_Shewanella-oneidensis-1
427,16s,5s,5s_Spirobolus-sp-1
428,16s,5s,5s_Sporolactobacillus-nakayamae-1
429,16s,5s,5s_Staphylococcus-aureus-1
430,16s,5s,5s_Streptococcus-mutans-2
431,16s,5s,5s_Streptococcus-pyogenes-2
432,16s,5s,5s_Streptococcus-salivarius-1
433,16s,5s,5s_Streptomyces-avermitilis-4
434,16s,5s,5s_Streptomyces-coelicolor-1
435,16s,5s,5s_Streptomyces-lividans-1
436,16s,5s,5s_Streptomyces-rimosus-2
437,16s,5s,5s_Streptomyces-roseoverticillatus-1
438,16s,5s,5s_Streptomyces-violaceus-1
439,16s,5s,5s_T_cruziE
440,16s,5s,5s_Taxus-baccata-1
441,16s,5s,5s_Thermoactinomyces-vulgaris-1
442,16s,5s,5s_Thermomyces-lanuginosus-1
443,16s,5s,5s_Thermotoga-sp.-1
444,16s,5s,5s_Thermus-sp.-2
445,16s,5s,5s_Thermus-thermophilus-2
446,16s,5s,5s_Thiomonas-cuprina-1
447,16s,5s,5s_Thiothrix-nivea-1
448,16s,5s,5s_Thraustochytrium-visurgense-2
449,16s,5s,5s_Tremella-mesenterica-2
450,16s,5s,5s_Trimorphomyces-papilionaceus-1
451,16s,5s,5s_Ureaplasma-parvum-1
452,16s,5s,5s_Urechis-unicinctus-1
453,16s,5s,5s_Ustilago-maydis-1
454,16s,5s,5s_Ustilentyloma-fluitans-1
455,16s,5s,5s_Vibrio-cyclosites-1
456,16s,5s,5s_Vibrio-fluvialis-1
457,16s,5s,5s_Vibrio-harveyi-1
458,16s,5s,5s_Vibrio-nereis-1
459,16s,5s,5s_Vibrio-parahaemolyticus-3
460,16s,5s,5s_Vibrio-vulnificus-4
461,16s,5s,5s_Vitreoscilla-filiformis-1
462,16s,5s,5s_Vitreoscilla-stercoraria-1
463,16s,5s,5s_Xanthobacter-viscosus-1
464,16s,5s,5s_Yersinia-pestis-1
465,16s,5s,5s_uncultured-euryarchaeote-37F11-1
466,16s,RNaseP,RNaseP_A.ambivalens
467,16s,RNaseP,RNaseP_A.brierleyi
468,16s,RNaseP,RNaseP_A.chroococcum
469,16s,RNaseP,RNaseP_A.ferrooxidans
470,16s,RNaseP,RNaseP_A.ferrooxidans-g
471,16s,RNaseP,RNaseP_A.fulgidus
472,16s,RNaseP,RNaseP_A.laidlawii
473,16s,RNaseP,RNaseP_A.obstetricans
474,16s,RNaseP,RNaseP_A.salinestris-184
475,16s,RNaseP,RNaseP_Anabaena-ATCC29413
476,16s,RNaseP,RNaseP_B.brevis
477,16s,RNaseP,RNaseP_B.bronchiseptica
478,16s,RNaseP,RNaseP_B.hermsii
479,16s,RNaseP,RNaseP_B.megaterium
480,16s,RNaseP,RNaseP_B.pertussis
481,16s,RNaseP,RNaseP_B.stearothermophilus
482,16s,RNaseP,RNaseP_B.subtilis
483,16s,RNaseP,RNaseP_B.subtilis-g
484,16s,RNaseP,RNaseP_Buchnera-APS
485,16s,RNaseP,RNaseP_C.acetobutylicum
486,16s,RNaseP,RNaseP_C.crescentus
487,16s,RNaseP,RNaseP_C.jejuni
488,16s,RNaseP,RNaseP_C.limicola
489,16s,RNaseP,RNaseP_C.pneumoniae-AR39
490,16s,RNaseP,RNaseP_C.pneumoniae-CWL029
491,16s,RNaseP,RNaseP_C.sporogenes
492,16s,RNaseP,RNaseP_C.tepidum-g
493,16s,RNaseP,RNaseP_C.trachomatis-2
494,16s,RNaseP,RNaseP_C.trachomatis-D
495,16s,RNaseP,RNaseP_C.vinosum
496,16s,RNaseP,RNaseP_CPA49
497,16s,RNaseP,RNaseP_CPA54
498,16s,RNaseP,RNaseP_CPB139
499,16s,RNaseP,RNaseP_CPB74
500,16s,RNaseP,RNaseP_CPB7776
501,16s,RNaseP,RNaseP_CPB80
502,16s,RNaseP,RNaseP_CPB86
503,16s,RNaseP,RNaseP_D.desulfuricans
504,16s,RNaseP,RNaseP_D.jeanneae
505,16s,RNaseP,RNaseP_Dermocarpa-PCC7437
506,16s,RNaseP,RNaseP_E.agglomerulans
507,16s,RNaseP,RNaseP_E.coli
508,16s,RNaseP,RNaseP_E.eschscholtzii-2
509,16s,RNaseP,RNaseP_E.eschsholtzii
510,16s,RNaseP,RNaseP_E.faecalis
511,16s,RNaseP,RNaseP_E.faecalis-2
512,16s,RNaseP,RNaseP_E1B
513,16s,RNaseP,RNaseP_EM14b-9
514,16s,RNaseP,RNaseP_ERH
515,16s,RNaseP,RNaseP_ESH167F
516,16s,RNaseP,RNaseP_ESH20b-1
517,16s,RNaseP,RNaseP_ESH26-4
518,16s,RNaseP,RNaseP_ESH7-9
519,16s,RNaseP,RNaseP_Fischerella-UTEX1829
520,16s,RNaseP,RNaseP_G.gorilla
521,16s,RNaseP,RNaseP_H.aurantiacus
522,16s,RNaseP,RNaseP_H.chlorum-partial
523,16s,RNaseP,RNaseP_H.influenza
524,16s,RNaseP,RNaseP_H.pylori-26695
525,16s,RNaseP,RNaseP_H.pylori-48K
526,16s,RNaseP,RNaseP_H.pylori-J99
527,16s,RNaseP,RNaseP_H.pylori-RU1
528,16s,RNaseP,RNaseP_H.trapanicum
529,16s,RNaseP,RNaseP_I.calvum
530,16s,RNaseP,RNaseP_K.pneumoniae
531,16s,RNaseP,RNaseP_L.acidophilus
532,16s,RNaseP,RNaseP_L.japonicus-IFO15385
533,16s,RNaseP,RNaseP_LGA1
534,16s,RNaseP,RNaseP_LGB27
535,16s,RNaseP,RNaseP_LGB32
536,16s,RNaseP,RNaseP_LGB41
537,16s,RNaseP,RNaseP_LGW113
538,16s,RNaseP,RNaseP_LGW18
539,16s,RNaseP,RNaseP_LGW46
540,16s,RNaseP,RNaseP_M.barkeri
541,16s,RNaseP,RNaseP_M.bovis
542,16s,RNaseP,RNaseP_M.capricolum
543,16s,RNaseP,RNaseP_M.hyopneumoniae
544,16s,RNaseP,RNaseP_M.leprae
545,16s,RNaseP,RNaseP_M.luteus
546,16s,RNaseP,RNaseP_M.phosphovorus-JCM9380
547,16s,RNaseP,RNaseP_M.pneumoniae
548,16s,RNaseP,RNaseP_M.sedula
549,16s,RNaseP,RNaseP_M.thermoautotrophicum-DH
550,16s,RNaseP,RNaseP_M.thermoautotrphicumMarb
551,16s,RNaseP,RNaseP_M.tuberculosis
552,16s,RNaseP,RNaseP_M.vannielli
553,16s,RNaseP,RNaseP_N.europaea
554,16s,RNaseP,RNaseP_N.flavus
555,16s,RNaseP,RNaseP_N.fulvus-JCM3335
556,16s,RNaseP,RNaseP_N.gonnorhoeae
557,16s,RNaseP,RNaseP_N.meningitidis-Z2491
558,16s,RNaseP,RNaseP_Nocardiodes-NSP41
559,16s,RNaseP,RNaseP_Nostoc-PCC7413
560,16s,RNaseP,RNaseP_Onchorhynchus-1
561,16s,RNaseP,RNaseP_Onchorhynchus-2
562,16s,RNaseP,RNaseP_Onchorhynchus-sp-1
563,16s,RNaseP,RNaseP_Onchorhynchus-sp-2
564,16s,RNaseP,RNaseP_P.alcalifaciens
565,16s,RNaseP,RNaseP_P.azotoformans
566,16s,RNaseP,RNaseP_P.douglassii
567,16s,RNaseP,RNaseP_P.furiosus-2
568,16s,RNaseP,RNaseP_P.gingivalis
569,16s,RNaseP,RNaseP_P.marinus
570,16s,RNaseP,RNaseP_P.mississippiensis
571,16s,RNaseP,RNaseP_P.purpurea-chloroplast
572,16s,RNaseP,RNaseP_P.putida
573,16s,RNaseP,RNaseP_P.staleyi
574,16s,RNaseP,RNaseP_P.strasburgensis
575,16s,RNaseP,RNaseP_P.stutzeri
576,16s,RNaseP,RNaseP_P.troglodytes
577,16s,RNaseP,RNaseP_P.vulgaris
578,16s,RNaseP,RNaseP_P131
579,16s,RNaseP,RNaseP_Prochlorococcus-PAC1A
580,16s,RNaseP,RNaseP_Prochlorococcus-PAC1B
581,16s,RNaseP,RNaseP_Prochlorococcus-PCC9511
582,16s,RNaseP,RNaseP_Prochlorococcus-TATL2
583,16s,RNaseP,RNaseP_Prochlorococcus-TATL2-2
584,16s,RNaseP,RNaseP_R.americana-mito
585,16s,RNaseP,RNaseP_R.norvegicus
586,16s,RNaseP,RNaseP_R.prowazekii
587,16s,RNaseP,RNaseP_R.rubrum
588,16s,RNaseP,RNaseP_S.acidocaldarius
589,16s,RNaseP,RNaseP_S.bayanus
590,16s,RNaseP,RNaseP_S.bikiniensis
591,16s,RNaseP,RNaseP_S.caesia-K182
592,16s,RNaseP,RNaseP_S.caesia-K200
593,16s,RNaseP,RNaseP_S.caesia-K76T
594,16s,RNaseP,RNaseP_S.caesia-SB01
595,16s,RNaseP,RNaseP_S.carlsbergensis
596,16s,RNaseP,RNaseP_S.castellii
597,16s,RNaseP,RNaseP_S.diastaticus
598,16s,RNaseP,RNaseP_S.epidermidis
599,16s,RNaseP,RNaseP_S.glauca-K194
600,16s,RNaseP,RNaseP_S.globosus
601,16s,RNaseP,RNaseP_S.japonicus
602,16s,RNaseP,RNaseP_S.kluyveri
603,16s,RNaseP,RNaseP_S.lividans
604,16s,RNaseP,RNaseP_S.mutans
605,16s,RNaseP,RNaseP_S.pastorianus
606,16s,RNaseP,RNaseP_S.polymorpha
607,16s,RNaseP,RNaseP_S.pyogenes
608,16s,RNaseP,RNaseP_S.servazzii
609,16s,RNaseP,RNaseP_S.shibatae
610,16s,RNaseP,RNaseP_S.typhi
611,16s,RNaseP,RNaseP_S.typhimurium
612,16s,RNaseP,RNaseP_S.unisporus
613,16s,RNaseP,RNaseP_S.uvarum
614,16s,RNaseP,RNaseP_S.viridis-K191
615,16s,RNaseP,RNaseP_S.viridis-K73T
616,16s,RNaseP,RNaseP_SL1-1
617,16s,RNaseP,RNaseP_SLC
618,16s,RNaseP,RNaseP_SM-A01
619,16s,RNaseP,RNaseP_SM-A03
620,16s,RNaseP,RNaseP_SM-A04
621,16s,RNaseP,RNaseP_SM-A05
622,16s,RNaseP,RNaseP_SM-A06
623,16s,RNaseP,RNaseP_SM-A1012
624,16s,RNaseP,RNaseP_SM-A1113
625,16s,RNaseP,RNaseP_SM-A1214
626,16s,RNaseP,RNaseP_SM-A1315
627,16s,RNaseP,RNaseP_SM-A1519
628,16s,RNaseP,RNaseP_SM-A2642
629,16s,RNaseP,RNaseP_SM-A2946
630,16s,RNaseP,RNaseP_SM-A3862
631,16s,RNaseP,RNaseP_SM-A4065
632,16s,RNaseP,RNaseP_SM-A4775
633,16s,RNaseP,RNaseP_SM-A4876
634,16s,RNaseP,RNaseP_SM-A4977
635,16s,RNaseP,RNaseP_SM-A5179
636,16s,RNaseP,RNaseP_SM-A5382
637,16s,RNaseP,RNaseP_SM-A5584
638,16s,RNaseP,RNaseP_SM-A5888
639,16s,RNaseP,RNaseP_SM-A6090
640,16s,RNaseP,RNaseP_SM1
641,16s,RNaseP,RNaseP_SMB-A3
642,16s,RNaseP,RNaseP_SMB-A5
643,16s,RNaseP,RNaseP_SMB-B3
644,16s,RNaseP,RNaseP_SMB-B4
645,16s,RNaseP,RNaseP_Synechococcus-PCC7942
646,16s,RNaseP,RNaseP_Synechocystis-PCC6308
647,16s,RNaseP,RNaseP_Synechocystis-PCC6803
648,16s,RNaseP,RNaseP_T.acidophilum
649,16s,RNaseP,RNaseP_T.aquaticus
650,16s,RNaseP,RNaseP_T.celerAL1-2
651,16s,RNaseP,RNaseP_T.littoralis
652,16s,RNaseP,RNaseP_T.maritima-g
653,16s,RNaseP,RNaseP_T.neapolitana
654,16s,RNaseP,RNaseP_T.pallidum
655,16s,RNaseP,RNaseP_T.syrichta
656,16s,RNaseP,RNaseP_T.thermophilus
657,16s,RNaseP,RNaseP_UK2
658,16s,RNaseP,RNaseP_UK5
659,16s,RNaseP,RNaseP_V.cholera
660,16s,RNaseP,RNaseP_V.spinosum
661,16s,RNaseP,RNaseP_VSDW
662,16s,RNaseP,RNaseP_WA1
663,16s,RNaseP,RNaseP_Y.pestis
664,16s,RNaseP,RNaseP_Z.bailii
665,16s,RNaseP,RNaseP_purpleX
666,16s,grp1,grp1_a.I1.b.Dermocarpa.sp.ATCC29371.C3.tMET
667,16s,grp1,grp1_a.I1.b.Phormidium.sp.N182.C3.tLEU
668,16s,grp1,grp1_a.I1.b.S.hofmanii.C3.tMET
669,16s,grp1,grp1_a.I1.b.Synechococcus.sp2.C3.tLEU
670,16s,grp1,grp1_a.I1.c.A.cherimola.C3.tLEU
671,16s,grp1,grp1_a.I1.c.G.prostrata.C3.tLEU
672,16s,grp1,grp1_a.I1.c.S.bicolor.C3.tLEU
673,16s,grp1,grp1_a.I1.e.A.adeninivorans.C1.LSU.2449
674,16s,grp1,grp1_a.I1.e.A.capsulatus.CBS213.53.C1.SSU.943
675,16s,grp1,grp1_a.I1.e.A.capsulatus.FLs1.C1.SSU
676,16s,grp1,grp1_a.I1.e.A.capsulatus.G184B.C1.SSU
677,16s,grp1,grp1_a.I1.e.A.capsulatus.G186B.C1.SSU
678,16s,grp1,grp1_a.I1.e.A.stipitatus.C1.SSU.1046
679,16s,grp1,grp1_a.I1.e.B.ciliata.JCM6865.C1.SSU.1506
680,16s,grp1,grp1_a.I1.e.B.ciliata.JCM6865.C1.SSU.943
681,16s,grp1,grp1_a.I1.e.B.yamatoana.JCM2896.C1.SSU.1506
682,16s,grp1,grp1_a.I1.e.B.yamatoana.JCM2896.C1.SSU.943
683,16s,grp1,grp1_a.I1.e.C.ellipsoidea.211-1a.C1.SSU.1506
684,16s,grp1,grp1_a.I1.e.C.ellipsoidea.IAMC-87.C1.SSU.1506
685,16s,grp1,grp1_a.I1.e.C.grayi.UNK.SSU.1046
686,16s,grp1,grp1_a.I1.e.C.grayi.UNK.SSU.1516
687,16s,grp1,grp1_a.I1.e.C.merochlorophea.UNK.SSU.1046
688,16s,grp1,grp1_a.I1.e.C.merochlorophea.UNK.SSU.1210
689,16s,grp1,grp1_a.I1.e.C.merochlorophea.UNK.SSU.1389
690,16s,grp1,grp1_a.I1.e.C.merochlorophea.UNK.SSU.1516
691,16s,grp1,grp1_a.I1.e.C.saccatum.C1.SSU.1512
692,16s,grp1,grp1_a.I1.e.C.saxonicum.C1.SSU.1506
693,16s,grp1,grp1_a.I1.e.D.parva.C1.SSU.1512
694,16s,grp1,grp1_a.I1.e.D.parva.C1.SSU.943
695,16s,grp1,grp1_a.I1.e.D.salina.C1.SSU.943
696,16s,grp1,grp1_a.I1.e.E.dermatitidis.C1.SSU.943
697,16s,grp1,grp1_a.I1.e.G.planctonica.C1.SSU.943
698,16s,grp1,grp1_a.I1.e.G.spirotaenia.C1.SSU.1506
699,16s,grp1,grp1_a.I1.e.L.dispersa.UNK.SSU.1046
700,16s,grp1,grp1_a.I1.e.L.dispersa.UNK.SSU.114
701,16s,grp1,grp1_a.I1.e.L.dispersa.UNK.SSU.1210
702,16s,grp1,grp1_a.I1.e.L.dispersa.UNK.SSU.1516
703,16s,grp1,grp1_a.I1.e.L.dispersa.UNK.SSU.287
704,16s,grp1,grp1_a.I1.e.L.dispersa.UNK.SSU.516
705,16s,grp1,grp1_a.I1.e.L.dispersa.UNK.SSU.789
706,16s,grp1,grp1_a.I1.e.M.caldariorum.C1.SSU.1506
707,16s,grp1,grp1_a.I1.e.P.carinii.C1.SSU.1506
708,16s,grp1,grp1_a.I1.e.P.carinii.Pc1.C1.LSU.1921
709,16s,grp1,grp1_a.I1.e.P.carinii.Pc2.C1.LSU.1921
710,16s,grp1,grp1_a.I1.e.P.carinii.Pc3.C1.LSU.1921
711,16s,grp1,grp1_a.I1.e.P.clavariiformis.C1.SSU.943
712,16s,grp1,grp1_a.I1.e.P.inouyei.C1.SSU.1506
713,16s,grp1,grp1_a.I1.e.P.inouyei.C1.SSU.943
714,16s,grp1,grp1_a.I1.e.P.macrosporus.C1.SSU.1506
715,16s,grp1,grp1_a.I1.e.P.macrosporus.C1.SSU.943
716,16s,grp1,grp1_a.I1.e.P.pachydermus.C1.SSU.943
717,16s,grp1,grp1_a.I1.e.P.sarcinoidea.C1.SSU.943
718,16s,grp1,grp1_a.I1.e.S.granulatum.C1.SSU.1506
719,16s,grp1,grp1_a.I1.e.S.paniceum.UNK.SSU.1052
720,16s,grp1,grp1_a.I1.e.S.paniceum.UNK.SSU.114
721,16s,grp1,grp1_a.I1.e.S.paniceum.UNK.SSU.1210
722,16s,grp1,grp1_a.I1.e.S.paniceum.UNK.SSU.1506
723,16s,grp1,grp1_a.I1.e.S.paniceum.UNK.SSU.287
724,16s,grp1,grp1_a.I1.e.S.sclerotiorum_1837.C1.LSU.798
725,16s,grp1,grp1_a.I1.e.Staurastrum.sp.M752.C1.SSU.1506
726,16s,grp1,grp1_a.I1.e.Staurastrum.sp.M753.C1.SSU.1506
727,16s,grp1,grp1_a.I1.e.T.cosmopolitanis.C1.LSU.1925
728,16s,grp1,grp1_a.I1.e.T.hyperangularis.C1.LSU.1925
729,16s,grp1,grp1_a.I1.e.T.malaccensis.C1.LSU.1925
730,16s,grp1,grp1_a.I1.e.T.pigmentosa.C1.LSU.1925
731,16s,grp1,grp1_a.I1.e.U.maydis.C1.SSU.943
732,16s,grp1,grp1_a.I1.m.M.grisea.B2.ND1
733,16s,grp1,grp1_a.I1.m.S.luteus.A1.LSU.2504
734,16s,grp1,grp1_a.I1.m.S.pombe.B1.OX1
735,16s,grp1,grp1_b.I1.e.C.saccharophila.C1.SSU.156
736,16s,grp1,grp1_b.I1.e.M.anisopliae.2.C1.LSU.1921
737,16s,grp1,grp1_b.I1.e.M.anisopliae.3.C1.LSU.1921
738,16s,grp1,grp1_b.I1.e.T.thermophila.C1.LSU.1925
739,16s,grp1,grp1_s.I1.e.T.thermophila.C1.LSU.1925.schem
740,16s,grp1,grp1_a.I1.b.Dermocarpa.sp.ATCC29371.C3.tMET
741,16s,grp1,grp1_a.I1.b.Phormidium.sp.N182.C3.tLEU
742,16s,grp1,grp1_a.I1.b.S.hofmanii.C3.tMET
743,16s,grp1,grp1_a.I1.b.Synechococcus.sp2.C3.tLEU
744,16s,grp1,grp1_a.I1.c.A.cherimola.C3.tLEU
745,16s,grp1,grp1_a.I1.c.G.prostrata.C3.tLEU
746,16s,grp1,grp1_a.I1.c.S.bicolor.C3.tLEU
747,16s,grp1,grp1_a.I1.e.A.adeninivorans.C1.LSU.2449
748,16s,grp1,grp1_a.I1.e.A.capsulatus.CBS213.53.C1.SSU.943
749,16s,grp1,grp1_a.I1.e.A.capsulatus.FLs1.C1.SSU
750,16s,grp1,grp1_a.I1.e.A.capsulatus.G184B.C1.SSU
751,16s,grp1,grp1_a.I1.e.A.capsulatus.G186B.C1.SSU
752,16s,grp1,grp1_a.I1.e.A.stipitatus.C1.SSU.1046
753,16s,grp1,grp1_a.I1.e.B.ciliata.JCM6865.C1.SSU.1506
754,16s,grp1,grp1_a.I1.e.B.ciliata.JCM6865.C1.SSU.943
755,16s,grp1,grp1_a.I1.e.B.yamatoana.JCM2896.C1.SSU.1506
756,16s,grp1,grp1_a.I1.e.B.yamatoana.JCM2896.C1.SSU.943
757,16s,grp1,grp1_a.I1.e.C.ellipsoidea.211-1a.C1.SSU.1506
758,16s,grp1,grp1_a.I1.e.C.ellipsoidea.IAMC-87.C1.SSU.1506
759,16s,grp1,grp1_a.I1.e.C.grayi.UNK.SSU.1046
760,16s,grp1,grp1_a.I1.e.C.grayi.UNK.SSU.1516
761,16s,grp1,grp1_a.I1.e.C.merochlorophea.UNK.SSU.1046
762,16s,grp1,grp1_a.I1.e.C.merochlorophea.UNK.SSU.1210
763,16s,grp1,grp1_a.I1.e.C.merochlorophea.UNK.SSU.1389
764,16s,grp1,grp1_a.I1.e.C.merochlorophea.UNK.SSU.1516
765,16s,grp1,grp1_a.I1.e.C.saccatum.C1.SSU.1512
766,16s,grp1,grp1_a.I1.e.C.saxonicum.C1.SSU.1506
767,16s,grp1,grp1_a.I1.e.D.parva.C1.SSU.1512
768,16s,grp1,grp1_a.I1.e.D.parva.C1.SSU.943
769,16s,grp1,grp1_a.I1.e.D.salina.C1.SSU.943
770,16s,grp1,grp1_a.I1.e.E.dermatitidis.C1.SSU.943
771,16s,grp1,grp1_a.I1.e.G.planctonica.C1.SSU.943
772,16s,grp1,grp1_a.I1.e.G.spirotaenia.C1.SSU.1506
773,16s,grp1,grp1_a.I1.e.L.dispersa.UNK.SSU.1046
774,16s,grp1,grp1_a.I1.e.L.dispersa.UNK.SSU.114
775,16s,grp1,grp1_a.I1.e.L.dispersa.UNK.SSU.1210
776,16s,grp1,grp1_a.I1.e.L.dispersa.UNK.SSU.1516
777,16s,grp1,grp1_a.I1.e.L.dispersa.UNK.SSU.287
778,16s,grp1,grp1_a.I1.e.L.dispersa.UNK.SSU.516
779,16s,grp1,grp1_a.I1.e.L.dispersa.UNK.SSU.789
780,16s,grp1,grp1_a.I1.e.M.caldariorum.C1.SSU.1506
781,16s,grp1,grp1_a.I1.e.P.carinii.C1.SSU.1506
782,16s,grp1,grp1_a.I1.e.P.carinii.Pc1.C1.LSU.1921
783,16s,grp1,grp1_a.I1.e.P.carinii.Pc2.C1.LSU.1921
784,16s,grp1,grp1_a.I1.e.P.carinii.Pc3.C1.LSU.1921
785,16s,grp1,grp1_a.I1.e.P.clavariiformis.C1.SSU.943
786,16s,grp1,grp1_a.I1.e.P.inouyei.C1.SSU.1506
787,16s,grp1,grp1_a.I1.e.P.inouyei.C1.SSU.943
788,16s,grp1,grp1_a.I1.e.P.macrosporus.C1.SSU.1506
789,16s,grp1,grp1_a.I1.e.P.macrosporus.C1.SSU.943
790,16s,grp1,grp1_a.I1.e.P.pachydermus.C1.SSU.943
791,16s,grp1,grp1_a.I1.e.P.sarcinoidea.C1.SSU.943
792,16s,grp1,grp1_a.I1.e.S.granulatum.C1.SSU.1506
793,16s,grp1,grp1_a.I1.e.S.paniceum.UNK.SSU.1052
794,16s,grp1,grp1_a.I1.e.S.paniceum.UNK.SSU.114
795,16s,grp1,grp1_a.I1.e.S.paniceum.UNK.SSU.1210
796,16s,grp1,grp1_a.I1.e.S.paniceum.UNK.SSU.1506
797,16s,grp1,grp1_a.I1.e.S.paniceum.UNK.SSU.287
798,16s,grp1,grp1_a.I1.e.S.sclerotiorum_1837.C1.LSU.798
799,16s,grp1,grp1_a.I1.e.Staurastrum.sp.M752.C1.SSU.1506
800,16s,grp1,grp1_a.I1.e.Staurastrum.sp.M753.C1.SSU.1506
801,16s,grp1,grp1_a.I1.e.T.cosmopolitanis.C1.LSU.1925
802,16s,grp1,grp1_a.I1.e.T.hyperangularis.C1.LSU.1925
803,16s,grp1,grp1_a.I1.e.T.malaccensis.C1.LSU.1925
804,16s,grp1,grp1_a.I1.e.T.pigmentosa.C1.LSU.1925
805,16s,grp1,grp1_a.I1.e.U.maydis.C1.SSU.943
806,16s,grp1,grp1_a.I1.m.M.grisea.B2.ND1
807,16s,grp1,grp1_a.I1.m.S.luteus.A1.LSU.2504
808,16s,grp1,grp1_a.I1.m.S.pombe.B1.OX1
809,16s,grp1,grp1_b.I1.e.C.saccharophila.C1.SSU.156
810,16s,grp1,grp1_b.I1.e.M.anisopliae.2.C1.LSU.1921
811,16s,grp1,grp1_b.I1.e.M.anisopliae.3.C1.LSU.1921
812,16s,grp1,grp1_b.I1.e.T.thermophila.C1.LSU.1925
813,16s,grp1,grp1_s.I1.e.T.thermophila.C1.LSU.1925.schem
814,16s,grp1,grp1_a.I1.b.Dermocarpa.sp.ATCC29371.C3.tMET
815,16s,grp1,grp1_a.I1.b.Phormidium.sp.N182.C3.tLEU
816,16s,grp1,grp1_a.I1.b.S.hofmanii.C3.tMET
817,16s,grp1,grp1_a.I1.b.Synechococcus.sp2.C3.tLEU
818,16s,grp1,grp1_a.I1.c.A.cherimola.C3.tLEU
819,16s,grp1,grp1_a.I1.c.G.prostrata.C3.tLEU
820,16s,grp1,grp1_a.I1.c.S.bicolor.C3.tLEU
821,16s,grp1,grp1_a.I1.e.A.adeninivorans.C1.LSU.2449
822,16s,grp1,grp1_a.I1.e.A.capsulatus.CBS213.53.C1.SSU.943
823,16s,grp1,grp1_a.I1.e.A.capsulatus.FLs1.C1.SSU
824,16s,grp1,grp1_a.I1.e.A.capsulatus.G184B.C1.SSU
825,16s,grp1,grp1_a.I1.e.A.capsulatus.G186B.C1.SSU
826,16s,grp1,grp1_a.I1.e.A.stipitatus.C1.SSU.1046
827,16s,grp1,grp1_a.I1.e.B.ciliata.JCM6865.C1.SSU.1506
828,16s,grp1,grp1_a.I1.e.B.ciliata.JCM6865.C1.SSU.943
829,16s,grp1,grp1_a.I1.e.B.yamatoana.JCM2896.C1.SSU.1506
830,16s,grp1,grp1_a.I1.e.B.yamatoana.JCM2896.C1.SSU.943
831,16s,grp1,grp1_a.I1.e.C.ellipsoidea.211-1a.C1.SSU.1506
832,16s,grp1,grp1_a.I1.e.C.ellipsoidea.IAMC-87.C1.SSU.1506
833,16s,grp1,grp1_a.I1.e.C.grayi.UNK.SSU.1046
834,16s,grp1,grp1_a.I1.e.C.grayi.UNK.SSU.1516
835,16s,grp1,grp1_a.I1.e.C.merochlorophea.UNK.SSU.1046
836,16s,grp1,grp1_a.I1.e.C.merochlorophea.UNK.SSU.1210
837,16s,grp1,grp1_a.I1.e.C.merochlorophea.UNK.SSU.1389
838,16s,grp1,grp1_a.I1.e.C.merochlorophea.UNK.SSU.1516
839,16s,grp1,grp1_a.I1.e.C.saccatum.C1.SSU.1512
840,16s,grp1,grp1_a.I1.e.C.saxonicum.C1.SSU.1506
841,16s,grp1,grp1_a.I1.e.D.parva.C1.SSU.1512
842,16s,grp1,grp1_a.I1.e.D.parva.C1.SSU.943
843,16s,grp1,grp1_a.I1.e.D.salina.C1.SSU.943
844,16s,grp1,grp1_a.I1.e.E.dermatitidis.C1.SSU.943
845,16s,grp1,grp1_a.I1.e.G.planctonica.C1.SSU.943
846,16s,grp1,grp1_a.I1.e.G.spirotaenia.C1.SSU.1506
847,16s,grp1,grp1_a.I1.e.L.dispersa.UNK.SSU.1046
848,16s,grp1,grp1_a.I1.e.L.dispersa.UNK.SSU.114
849,16s,grp1,grp1_a.I1.e.L.dispersa.UNK.SSU.1210
850,16s,grp1,grp1_a.I1.e.L.dispersa.UNK.SSU.1516
851,16s,grp1,grp1_a.I1.e.L.dispersa.UNK.SSU.287
852,16s,grp1,grp1_a.I1.e.L.dispersa.UNK.SSU.516
853,16s,grp1,grp1_a.I1.e.L.dispersa.UNK.SSU.789
854,16s,grp1,grp1_a.I1.e.M.caldariorum.C1.SSU.1506
855,16s,grp1,grp1_a.I1.e.P.carinii.C1.SSU.1506
856,16s,grp1,grp1_a.I1.e.P.carinii.Pc1.C1.LSU.1921
857,16s,grp1,grp1_a.I1.e.P.carinii.Pc2.C1.LSU.1921
858,16s,grp1,grp1_a.I1.e.P.carinii.Pc3.C1.LSU.1921
859,16s,grp1,grp1_a.I1.e.P.clavariiformis.C1.SSU.943
860,16s,grp1,grp1_a.I1.e.P.inouyei.C1.SSU.1506
861,16s,grp1,grp1_a.I1.e.P.inouyei.C1.SSU.943
862,16s,grp1,grp1_a.I1.e.P.macrosporus.C1.SSU.1506
863,16s,grp1,grp1_a.I1.e.P.macrosporus.C1.SSU.943
864,16s,grp1,grp1_a.I1.e.P.pachydermus.C1.SSU.943
865,16s,grp1,grp1_a.I1.e.P.sarcinoidea.C1.SSU.943
866,16s,srp,srp_Acin.spec._CR543861
867,16s,srp,srp_Aede.aegy._DW714815
868,16s,srp,srp_Aero.pern._BA000002
869,16s,srp,srp_Alka.meta._CP000724
870,16s,srp,srp_Anae.sp.._CP000769
871,16s,srp,srp_Anto.locu._GSP-278021
872,16s,srp,srp_Arab.thal._AC005275
873,16s,srp,srp_Arab.thal._X72228
874,16s,srp,srp_Ashb.goss._AE016819
875,16s,srp,srp_Aspe.flav._GSP-332952
876,16s,srp,srp_Aspe.fumi._GSP-41122
877,16s,srp,srp_Aspe.terr._GSP-341663
878,16s,srp,srp_Baci.alca._D11422
879,16s,srp,srp_Baci.cere._CP000001
880,16s,srp,srp_Baci.poly._D11421
881,16s,srp,srp_Baci.subt._X06802
882,16s,srp,srp_Baci.subt._X12642
883,16s,srp,srp_Baci.thur._CP000485
884,16s,srp,srp_Bdel.bact._BX842656
885,16s,srp,srp_Bloc.flor._BX248585
886,16s,srp,srp_Borr.burg._AE000783
887,16s,srp,srp_Bos.taur._GSP-6282
888,16s,srp,srp_Brad.japo._BA000040
889,16s,srp,srp_Bras.napu._EE412262
890,16s,srp,srp_Bruc.meli._AM040264
891,16s,srp,srp_Bruc.ovis._CP000708
892,16s,srp,srp_Burk.mall._CP000546
893,16s,srp,srp_Burk.pseu._CP000124
894,16s,srp,srp_Burk.pseu._CP000572
895,16s,srp,srp_Caen.eleg._AY948607
896,16s,srp,srp_Camp.jeju._CP000025
897,16s,srp,srp_Cand.Bloc._CP000016
898,16s,srp,srp_Carb.hydr._CP000141
899,16s,srp,srp_Caul.cres._AE005700
900,16s,srp,srp_Chla.cavi._AE016995
901,16s,srp,srp_Chla.muri._AE002160
902,16s,srp,srp_Chla.pneu._AE001363
903,16s,srp,srp_Chla.rein._SDB-3055
904,16s,srp,srp_Chla.trac._AE001298
905,16s,srp,srp_Chlo.vulg._AB001684
906,16s,srp,srp_Cion.savi._BW551179
907,16s,srp,srp_Citr.sine._CN181543
908,16s,srp,srp_Clos.acet._AE001437
909,16s,srp,srp_Clos.beij._CP000721
910,16s,srp,srp_Clos.botu._AM412317
911,16s,srp,srp_Clos.diff._AM180355
912,16s,srp,srp_Clos.kluy._CP000673
913,16s,srp,srp_Clos.perf._CP000246
914,16s,srp,srp_Cocc.posa._GSP-222929
915,16s,srp,srp_Cory.diph._BX248354
916,16s,srp,srp_Cory.jeik._CR931997
917,16s,srp,srp_Cryp.homi._GSP-353151
918,16s,srp,srp_Cryp.parv._XM_626716
919,16s,srp,srp_Cypr.carp._CF662133
920,16s,srp,srp_Dani.rrer._BX469912
921,16s,srp,srp_Desu.vulg._CP000527
922,16s,srp,srp_Dros.mela._AE014297
923,16s,srp,srp_Dros.mela._X00952
924,16s,srp,srp_Dros.moja._GSP-7230
925,16s,srp,srp_Ence.cuni._AL590449
926,16s,srp,srp_Ente.faec._AE016953
927,16s,srp,srp_Ento.sulc._AF095839
928,16s,srp,srp_Esch.coli._AE016756
929,16s,srp,srp_Esch.coli._CP000243
930,16s,srp,srp_Esch.coli._CP000468
931,16s,srp,srp_Esch.coli._U00096
932,16s,srp,srp_Esch.coli._U82664
933,16s,srp,srp_Esch.coli._X01074
934,16s,srp,srp_Fran.tula._AJ749949
935,16s,srp,srp_Fran.tula._AM286280
936,16s,srp,srp_Fran.tula._CP000437
937,16s,srp,srp_Fran.tula._CP000439
938,16s,srp,srp_Gald.sulp._GSP-130081
939,16s,srp,srp_Gibb.zeae._GSP-229533
940,16s,srp,srp_Haem.infl._CP000672
941,16s,srp,srp_Hahe.chej._CP000155
942,16s,srp,srp_Halo.mari._AY596297
943,16s,srp,srp_Halo.volc._AF395888
944,16s,srp,srp_Heli.annu._AJ828095
945,16s,srp,srp_Heli.pylo._AE001439
946,16s,srp,srp_Heli.pylo._CP000241
947,16s,srp,srp_Homo.sapi._AB061847
948,16s,srp,srp_Homo.sapi._BE083383
949,16s,srp,srp_Homo.sapi._BF875598
950,16s,srp,srp_Homo.sapi._BF909438
951,16s,srp,srp_Homo.sapi._BF909560
952,16s,srp,srp_Homo.sapi._BF909563
953,16s,srp,srp_Homo.sapi._NR_002715
954,16s,srp,srp_Humu.lupu._AJ236703
955,16s,srp,srp_Humu.lupu._X65983
956,16s,srp,srp_Hype.buty._CP000493
957,16s,srp,srp_Kine.radi._CP000750
958,16s,srp,srp_Kleb.pneu._CP000647
959,16s,srp,srp_Kluy.lact._CR382126
960,16s,srp,srp_Lact.case._CP000423
961,16s,srp,srp_Lact.delb._CR954253
962,16s,srp,srp_Lact.john._AE017198
963,16s,srp,srp_Legi.pneu._CR628337
964,16s,srp,srp_Leis.braz._AY722724
965,16s,srp,srp_Leis.dono._AY722734
966,16s,srp,srp_Leis.guya._AY722728
967,16s,srp,srp_Leis.infa._AM502223
968,16s,srp,srp_Leis.infa._SDB-5671
969,16s,srp,srp_Leis.majo._AY722715
970,16s,srp,srp_Leis.majo._SDB-347515
971,16s,srp,srp_List.inno._AL596173
972,16s,srp,srp_List.mono._U15684
973,16s,srp,srp_List.wels._AM263198
974,16s,srp,srp_Lyco.escu._Z29099
975,16s,srp,srp_Mann.succ._AE016827
976,16s,srp,srp_Mari.aqua._CP000514
977,16s,srp,srp_Medi.trun._AC136507
978,16s,srp,srp_Medi.trun._BE941271
979,16s,srp,srp_Medi.trun._CX540689
980,16s,srp,srp_Meth.acet._AE010299
981,16s,srp,srp_Meth.burt._CP000300
982,16s,srp,srp_Meth.ferv._M32222
983,16s,srp,srp_Meth.jann._L77117
984,16s,srp,srp_Meth.mari._CP000745
985,16s,srp,srp_Meth.maze._AE008384
986,16s,srp,srp_Mono.brev._GSP-81824
987,16s,srp,srp_Myco.bovi._BX248347
988,16s,srp,srp_Myco.geni._L43967
989,16s,srp,srp_Myco.hyop._AE017244
990,16s,srp,srp_Myco.lepr._AL023596
991,16s,srp,srp_Myco.myco._BX842642
992,16s,srp,srp_Myco.spec._CP000580
993,16s,srp,srp_Myco.syno._AE017245
994,16s,srp,srp_Nitr.euro._AL954747
995,16s,srp,srp_Nitr.euro._BX321857
996,16s,srp,srp_Nitr.eutr._CP000450
997,16s,srp,srp_Onch.volv._AI249203
998,16s,srp,srp_Orni.anat._GSP-9258
999,16s,srp,srp_Para.bras._CN241137
1000,16s,srp,srp_Phyt.ramo._GSP-164328
1001,16s,srp,srp_Picr.torr._AE017261
1002,16s,srp,srp_Plas.gall._GSP-5849
1003,16s,srp,srp_Popu.bals._GSP-73824
1004,16s,srp,srp_Proc.mari._AE017165
1005,16s,srp,srp_Proc.mari._BX572093
1006,16s,srp,srp_Proc.mari._CP000551
1007,16s,srp,srp_Proc.mari._CP000576
1008,16s,srp,srp_Proc.spec._AJ011025
1009,16s,srp,srp_Pseu.syri._CP000075
1010,16s,srp,srp_Psyc.arct._CP000082
1011,16s,srp,srp_Psyc.sp.._CP000713
1012,16s,srp,srp_Pyro.cali._CP000561
1013,16s,srp,srp_Pyro.hori._BA000001
1014,16s,srp,srp_Rick.typh._AE017197
1015,16s,srp,srp_Sacc.para._BN000251
1016,16s,srp,srp_Salm.ente._AE017220
1017,16s,srp,srp_Schm.medi._GSP-79327
1018,16s,srp,srp_Shew.balt._CP000563
1019,16s,srp,srp_Shew.spec._CP000503
1020,16s,srp,srp_Shig.flex._AE005674
1021,16s,srp,srp_Shig.flex._AE014073
1022,16s,srp,srp_Shig.flex._AE016979
1023,16s,srp,srp_Shig.flex._CP000266
1024,16s,srp,srp_Sili.spec._CP000377
1025,16s,srp,srp_Sino.meli._AL591782
1026,16s,srp,srp_Stap.aure._BX571857
1027,16s,srp,srp_Stap.aure._CP000703
1028,16s,srp,srp_Stap.aure._E36052
1029,16s,srp,srp_Stap.epid._AF269814
1030,16s,srp,srp_Stre.agal._AL766845
1031,16s,srp,srp_Stre.muta._AE014133
1032,16s,srp,srp_Stre.pneu._AE007319
1033,16s,srp,srp_Stre.pneu._CP000410
1034,16s,srp,srp_Stre.pyog._AE009969
1035,16s,srp,srp_Stre.pyog._AE014139
1036,16s,srp,srp_Stre.pyog._AM295007
1037,16s,srp,srp_Stre.pyog._CP000056
1038,16s,srp,srp_Stre.pyog._CP000260
1039,16s,srp,srp_Stre.pyog._CP000261
1040,16s,srp,srp_Sulf.solf._Y08257
1041,16s,srp,srp_Sulf.toko._BA000023
1042,16s,srp,srp_Thal.pseu._EF067921
1043,16s,srp,srp_Thal.pseu._GSP-296543
1044,16s,srp,srp_Ther.acid._AL445063
1045,16s,srp,srp_Ther.koda._AP006878
1046,16s,srp,srp_Ther.mela._CP000716
1047,16s,srp,srp_Toxo.gond._GSP-398031
1048,16s,srp,srp_Tric.vagi._GSP-5722-2
1049,16s,srp,srp_Trit.aest._BE424647
1050,16s,srp,srp_Trit.aest._CD897082
1051,16s,srp,srp_Trop.whip._AE014184
1052,16s,srp,srp_Trop.whip._AE016852
1053,16s,srp,srp_Tryp.bruc._AF047723
1054,16s,srp,srp_Tryp.bruc._S56681
1055,16s,srp,srp_Tryp.bruc._X57047
1056,16s,srp,srp_Tryp.cong._SDB-5692
1057,16s,srp,srp_Vibr.chol._CP000627
1058,16s,srp,srp_Xant.camp._CP000050
1059,16s,srp,srp_Xant.oryz._AE013598
1060,16s,srp,srp_Yarr.lipo._X51658
1061,16s,srp,srp_Yers.pest._AE017042
1062,16s,srp,srp_Yers.pest._AE017129
1063,16s,srp,srp_Yers.pest._AJ414155
1064,16s,srp,srp_Yers.pest._CP000305
1065,16s,srp,srp_Yers.pseu._BX936398
1066,16s,tRNA,tRNA_tdbR00000003-Haloferax_volcanii-2246-Ala-GGC
1067,16s,tRNA,tRNA_tdbR00000010-Escherichia_coli-562-Ala-VGC
1068,16s,tRNA,tRNA_tdbR00000011-Neurospora_crassa-5141-Ala-UGC
1069,16s,tRNA,tRNA_tdbR00000013-Pichia_jadinii-4903-Ala-IGC
1070,16s,tRNA,tRNA_tdbR00000017-Homo_sapiens-9606-Ala-IGC
1071,16s,tRNA,tRNA_tdbR00000020-Escherichia_coli-562-Cys-GCA
1072,16s,tRNA,tRNA_tdbR00000021-Saccharomyces_cerevisiae-4932-Cys-GCA
1073,16s,tRNA,tRNA_tdbR00000024-Mycoplasma_capricolum-2095-Asp-GUC
1074,16s,tRNA,tRNA_tdbR00000026-Escherichia_coli-562-Asp-QUC
1075,16s,tRNA,tRNA_tdbR00000030-Aedes_albopictus-7160-Asp-GUC
1076,16s,tRNA,tRNA_tdbR00000032-Rattus_norvegicus-10116-Asp-GUC
1077,16s,tRNA,tRNA_tdbR00000036-Euglena_gracilis-3039-Asp-GUC
1078,16s,tRNA,tRNA_tdbR00000038-Rattus_norvegicus-10116-Asp-8UC
1079,16s,tRNA,tRNA_tdbR00000042-Haloferax_volcanii-2246-Glu-MUC
1080,16s,tRNA,tRNA_tdbR00000043-Haloferax_volcanii-2246-Glu-NUC
1081,16s,tRNA,tRNA_tdbR00000053-Bos_taurus-9913-Glu-NUC
1082,16s,tRNA,tRNA_tdbR00000059-Rattus_norvegicus-10116-Glu-3UC
1083,16s,tRNA,tRNA_tdbR00000063-Haloferax_volcanii-2246-Phe-GAA
1084,16s,tRNA,tRNA_tdbR00000067-Escherichia_coli-562-Phe-GAA
1085,16s,tRNA,tRNA_tdbR00000072-Phaseolus_vulgaris-3885-Phe-GAA
1086,16s,tRNA,tRNA_tdbR00000074-Tetrahymena_pyriformis-5908-Phe-GAA
1087,16s,tRNA,tRNA_tdbR00000078-Ascaris_suum-6253-Phe-GAA
1088,16s,tRNA,tRNA_tdbR00000089-Brassica_napus-3708-Phe-AA
1089,16s,tRNA,tRNA_tdbR00000090-Lupinus_luteus-3873-Phe-AA
1090,16s,tRNA,tRNA_tdbR00000092-Oryctolagus_cuniculus-9986-Phe-AA
1091,16s,tRNA,tRNA_tdbR00000093-Bombyx_mori-7091-Phe-AA
1092,16s,tRNA,tRNA_tdbR00000098-Xenopus_laevis-8355-Phe-AA
1093,16s,tRNA,tRNA_tdbR00000108-Haloferax_volcanii-2246-Gly-GCC
1094,16s,tRNA,tRNA_tdbR00000109-Haloferax_volcanii-2246-Gly-NCC
1095,16s,tRNA,tRNA_tdbR00000111-Mycoplasma_capricolum-2095-Gly-UCC
1096,16s,tRNA,tRNA_tdbR00000114-Staphylococcus_epidermidis-1282-Gly-UCC
1097,16s,tRNA,tRNA_tdbR00000115-Staphylococcus_epidermidis-1282-Gly-UCC
1098,16s,tRNA,tRNA_tdbR00000119-Escherichia_coli-562-Gly-NCC
1099,16s,tRNA,tRNA_tdbR00000125-Bos_taurus-9913-Gly-UCC
1100,16s,tRNA,tRNA_tdbR00000128-Halocynthia_roretzi-7729-Gly-GCU
1101,16s,tRNA,tRNA_tdbR00000132-Lupinus_luteus-3873-Gly-GCC
1102,16s,tRNA,tRNA_tdbR00000136-Homo_sapiens-9606-Gly-GCC
1103,16s,tRNA,tRNA_tdbR00000139-Mycoplasma_capricolum-2095-His-GUK
1104,16s,tRNA,tRNA_tdbR00000140-Escherichia_coli-562-His-QUG
1105,16s,tRNA,tRNA_tdbR00000142-Saccharomyces_cerevisiae-4932-His-GUG
1106,16s,tRNA,tRNA_tdbR00000143-Asterias_amurensis-7602-His-QUG
1107,16s,tRNA,tRNA_tdbR00000151-Haloferax_volcanii-2246-Ile-GAU
1108,16s,tRNA,tRNA_tdbR00000155-Mycoplasma_mycoides-2102-Ile-GAU
1109,16s,tRNA,tRNA_tdbR00000159-Escherichia_coli-562-Ile-GAU
1110,16s,tRNA,tRNA_tdbR00000164-Saccharomyces_cerevisiae-4932-Ile-GAU
1111,16s,tRNA,tRNA_tdbR00000165-Solanum_tuberosum-4113-Ile-AU
1112,16s,tRNA,tRNA_tdbR00000170-Saccharomyces_cerevisiae-4932-Ile-IAU
1113,16s,tRNA,tRNA_tdbR00000172-Lupinus_luteus-3873-Ile-IAU
1114,16s,tRNA,tRNA_tdbR00000175-Haloferax_volcanii-2246-Lys-NUU
1115,16s,tRNA,tRNA_tdbR00000176-Haloferax_volcanii-2246-Lys-MUU
1116,16s,tRNA,tRNA_tdbR00000177-Mycoplasma_capricolum-2095-Lys-CUU
1117,16s,tRNA,tRNA_tdbR00000179-Bacillus_subtilis-1423-Lys-UU
1118,16s,tRNA,tRNA_tdbR00000184-Asterias_amurensis-7602-Lys-CUU
1119,16s,tRNA,tRNA_tdbR00000192-Saccharomyces_cerevisiae-4932-Lys-CUU
1120,16s,tRNA,tRNA_tdbR00000194-Triticum_aestivum-4565-Lys-CUU
1121,16s,tRNA,tRNA_tdbR00000196-Rattus_norvegicus-10116-Lys-CUN
1122,16s,tRNA,tRNA_tdbR00000197-Rattus_norvegicus-10116-Lys-3UU
1123,16s,tRNA,tRNA_tdbR00000199-Oryctolagus_cuniculus-9986-Lys-CUU
1124,16s,tRNA,tRNA_tdbR00000206-Loligo_bleekeri-6617-Lys-UUU
1125,16s,tRNA,tRNA_tdbR00000208-Mus_musculus-10090-Lys-CUN
1126,16s,tRNA,tRNA_tdbR00000209-Enterobacteria_phage_T4-10665-Leu-NAA
1127,16s,tRNA,tRNA_tdbR00000211-Haloferax_volcanii-2246-Leu-CAA
1128,16s,tRNA,tRNA_tdbR00000216-Mycoplasma_capricolum-2095-Leu-BAA
1129,16s,tRNA,tRNA_tdbR00000218-Mycoplasma_capricolum-2095-Leu-UAG
1130,16s,tRNA,tRNA_tdbR00000221-Escherichia_coli-562-Leu-CAG
1131,16s,tRNA,tRNA_tdbR00000222-Escherichia_coli-562-Leu-GAG
1132,16s,tRNA,tRNA_tdbR00000225-Synechococcus_elongatus_PCC_6301-269084-Leu-CAA
1133,16s,tRNA,tRNA_tdbR00000228-Glycine_max-3847-Leu-BAA
1134,16s,tRNA,tRNA_tdbR00000230-Glycine_max-3847-Leu-UA7
1135,16s,tRNA,tRNA_tdbR00000233-Phaseolus_vulgaris-3885-Leu-UA7
1136,16s,tRNA,tRNA_tdbR00000234-Spinacia_oleracea-3562-Leu-UA7
1137,16s,tRNA,tRNA_tdbR00000236-Neurospora_crassa-5141-Leu-UAG
1138,16s,tRNA,tRNA_tdbR00000237-Saccharomyces_cerevisiae-4932-Leu-AA
1139,16s,tRNA,tRNA_tdbR00000243-Rattus_norvegicus-10116-Leu-UAG
1140,16s,tRNA,tRNA_tdbR00000244-Rattus_norvegicus-10116-Leu-UAG
1141,16s,tRNA,tRNA_tdbR00000245-Rattus_norvegicus-10116-Leu-UAG
1142,16s,tRNA,tRNA_tdbR00000252-Pichia_jadinii-4903-Leu-BAA
1143,16s,tRNA,tRNA_tdbR00000254-Candida_cylindracea-44322-Leu-IAG
1144,16s,tRNA,tRNA_tdbR00000270-Avian_myeloblastosis_virus-11866-Met-BAU
1145,16s,tRNA,tRNA_tdbR00000273-Mycoplasma_capricolum-2095-Met-CAU
1146,16s,tRNA,tRNA_tdbR00000277-Codium_fragile-3133-Met-CAU
1147,16s,tRNA,tRNA_tdbR00000278-Scenedesmus_obliquus-3088-Met-CAU
1148,16s,tRNA,tRNA_tdbR00000282-Ascaris_suum-6253-Met-AU
1149,16s,tRNA,tRNA_tdbR00000285-Triticum_aestivum-4565-Met-BAU
1150,16s,tRNA,tRNA_tdbR00000286-Lupinus_luteus-3873-Met-BAU
1151,16s,tRNA,tRNA_tdbR00000291-Halobacterium_salinarum-2242-Asn-GUU
1152,16s,tRNA,tRNA_tdbR00000294-Mycoplasma_capricolum-2095-Asn-GUU
1153,16s,tRNA,tRNA_tdbR00000300-Saccharomyces_cerevisiae-4932-Asn-GUU
1154,16s,tRNA,tRNA_tdbR00000301-Lupinus_luteus-3873-Asn-UU
1155,16s,tRNA,tRNA_tdbR00000309-Enterobacteria_phage_T4-10665-Pro-NGG
1156,16s,tRNA,tRNA_tdbR00000313-Haloferax_volcanii-2246-Pro-UGG
1157,16s,tRNA,tRNA_tdbR00000316-Bacillus_subtilis-1423-Pro-5GG
1158,16s,tRNA,tRNA_tdbR00000317-Salmonella_typhimurium-602-Pro-CGG
1159,16s,tRNA,tRNA_tdbR00000328-Enterobacteria_phage_T5-10726-Gln-UUG
1160,16s,tRNA,tRNA_tdbR00000333-Escherichia_coli-562-Gln-NUG
1161,16s,tRNA,tRNA_tdbR00000336-Aedes_albopictus-7160-Gln-NUG
1162,16s,tRNA,tRNA_tdbR00000337-Tetrahymena_thermophila-5911-Gln-CUA
1163,16s,tRNA,tRNA_tdbR00000338-Tetrahymena_thermophila-5911-Gln-JUA
1164,16s,tRNA,tRNA_tdbR00000342-Bos_taurus-9913-Gln-CUG
1165,16s,tRNA,tRNA_tdbR00000343-Mus_musculus-10090-Gln-CUG
1166,16s,tRNA,tRNA_tdbR00000346-Homo_sapiens-9606-Gln-NUG
1167,16s,tRNA,tRNA_tdbR00000347-Enterobacteria_phage_T4-10665-Arg-NCU
1168,16s,tRNA,tRNA_tdbR00000351-Haloferax_volcanii-2246-Arg-NCG
1169,16s,tRNA,tRNA_tdbR00000352-Mycoplasma_capricolum-2095-Arg-ICG
1170,16s,tRNA,tRNA_tdbR00000355-Escherichia_coli-562-Arg-ICG
1171,16s,tRNA,tRNA_tdbR00000356-Escherichia_coli-562-Arg-ICG
1172,16s,tRNA,tRNA_tdbR00000358-Escherichia_coli-562-Arg-CU
1173,16s,tRNA,tRNA_tdbR00000360-Codium_fragile-3133-Arg-ICG
1174,16s,tRNA,tRNA_tdbR00000363-Ascaris_suum-6253-Arg-PCU
1175,16s,tRNA,tRNA_tdbR00000364-Ascaris_suum-6253-Arg-ACG
1176,16s,tRNA,tRNA_tdbR00000365-Aedes_albopictus-7160-Arg-UCG
1177,16s,tRNA,tRNA_tdbR00000368-Mesocricetus_auratus-10036-Arg-UCG
1178,16s,tRNA,tRNA_tdbR00000371-Saccharomyces_cerevisiae-4932-Arg-1CU
1179,16s,tRNA,tRNA_tdbR00000375-Bos_taurus-9913-Arg-CCU
1180,16s,tRNA,tRNA_tdbR00000376-Bos_taurus-9913-Arg-3CP
1181,16s,tRNA,tRNA_tdbR00000377-Mus_musculus-10090-Arg-ICG
1182,16s,tRNA,tRNA_tdbR00000380-Halobacterium_salinarum-2242-Ser-MGA
1183,16s,tRNA,tRNA_tdbR00000383-Haloferax_volcanii-2246-Ser-GGA
1184,16s,tRNA,tRNA_tdbR00000386-Mycoplasma_mycoides-2102-Ser-UGA
1185,16s,tRNA,tRNA_tdbR00000393-Escherichia_coli-562-Ser-GGA
1186,16s,tRNA,tRNA_tdbR00000394-Escherichia_coli-562-Ser-VGA
1187,16s,tRNA,tRNA_tdbR00000396-Saccharomyces_cerevisiae-4932-Ser-UGA
1188,16s,tRNA,tRNA_tdbR00000397-Saccharomyces_cerevisiae-4932-Ser-UGA
1189,16s,tRNA,tRNA_tdbR00000400-Loligo_bleekeri-6617-Ser-7CU
1190,16s,tRNA,tRNA_tdbR00000403-Bos_taurus-9913-Ser-UGA
1191,16s,tRNA,tRNA_tdbR00000406-Saccharomyces_cerevisiae-4932-Ser-NGA
1192,16s,tRNA,tRNA_tdbR00000407-Saccharomyces_cerevisiae-4932-Ser-IGA
1193,16s,tRNA,tRNA_tdbR00000408-Saccharomyces_cerevisiae-4932-Ser-IGA
1194,16s,tRNA,tRNA_tdbR00000413-Candida_cylindracea-44322-Ser-GCU
1195,16s,tRNA,tRNA_tdbR00000415-Nicotiana_rustica-4093-Ser-GA
1196,16s,tRNA,tRNA_tdbR00000416-Nicotiana_rustica-4093-Ser-CGA
1197,16s,tRNA,tRNA_tdbR00000424-Drosophila_melanogaster-7227-Ser-GCU
1198,16s,tRNA,tRNA_tdbR00000430-Halobacterium_salinarum-2242-Thr-GGU
1199,16s,tRNA,tRNA_tdbR00000431-Haloferax_volcanii-2246-Thr-CGU
1200,16s,tRNA,tRNA_tdbR00000432-Haloferax_volcanii-2246-Thr-GGU
1201,16s,tRNA,tRNA_tdbR00000439-Spinacia_oleracea-3562-Thr-GGU
1202,16s,tRNA,tRNA_tdbR00000443-Saccharomyces_cerevisiae-4932-Thr-IGU
1203,16s,tRNA,tRNA_tdbR00000445-Bos_taurus-9913-Thr-IGU
1204,16s,tRNA,tRNA_tdbR00000446-Halobacterium_salinarum-2242-Val-CAC
1205,16s,tRNA,tRNA_tdbR00000448-Halobacterium_salinarum-2242-Val-GAC
1206,16s,tRNA,tRNA_tdbR00000451-Mycoplasma_capricolum-2095-Val-UAC
1207,16s,tRNA,tRNA_tdbR00000453-Bacillus_subtilis-1423-Val-5AC
1208,16s,tRNA,tRNA_tdbR00000455-Escherichia_coli-562-Val-GAC
1209,16s,tRNA,tRNA_tdbR00000459-Neurospora_crassa-5141-Val-UAC
1210,16s,tRNA,tRNA_tdbR00000461-Rattus_norvegicus-10116-Val-UAC
1211,16s,tRNA,tRNA_tdbR00000463-Bos_taurus-9913-Val-UAC
1212,16s,tRNA,tRNA_tdbR00000465-Saccharomyces_cerevisiae-4932-Val-CAC
1213,16s,tRNA,tRNA_tdbR00000467-Pichia_jadinii-4903-Val-IAC
1214,16s,tRNA,tRNA_tdbR00000471-Oryctolagus_cuniculus-9986-Val-IAC
1215,16s,tRNA,tRNA_tdbR00000472-Drosophila_melanogaster-7227-Val-IAC
1216,16s,tRNA,tRNA_tdbR00000475-Mus_musculus-10090-Val-IAC
1217,16s,tRNA,tRNA_tdbR00000477-Avian_myeloblastosis_virus-11866-Trp-BCA
1218,16s,tRNA,tRNA_tdbR00000478-Haloferax_volcanii-2246-Trp-BCA
1219,16s,tRNA,tRNA_tdbR00000480-Mycoplasma_capricolum-2095-Trp-CA
1220,16s,tRNA,tRNA_tdbR00000482-Spiroplasma_citri-2133-Trp-CCA
1221,16s,tRNA,tRNA_tdbR00000485-Nicotiana_tabacum-4097-Trp-BCA
1222,16s,tRNA,tRNA_tdbR00000486-Phaseolus_vulgaris-3885-Trp-BCA
1223,16s,tRNA,tRNA_tdbR00000488-Tetrahymena_thermophila-5911-Trp-CA
1224,16s,tRNA,tRNA_tdbR00000492-Rattus_norvegicus-10116-Trp-NCA
1225,16s,tRNA,tRNA_tdbR00000497-Bos_taurus-9913-Trp-BCA
1226,16s,tRNA,tRNA_tdbR00000498-Gallus_gallus-9031-Trp-BCA
1227,16s,tRNA,tRNA_tdbR00000499-Halobacterium_salinarum-2242-Ini-CAU
1228,16s,tRNA,tRNA_tdbR00000500-Haloferax_volcanii-2246-Ini-CAU
1229,16s,tRNA,tRNA_tdbR00000504-Mycoplasma_capricolum-2095-Ini-CAU
1230,16s,tRNA,tRNA_tdbR00000505-Mycoplasma_mycoides-2102-Ini-CAU
1231,16s,tRNA,tRNA_tdbR00000506-Streptomyces_griseus-1911-Ini-CAU
1232,16s,tRNA,tRNA_tdbR00000507-Bacillus_subtilis-1423-Ini-CAU
1233,16s,tRNA,tRNA_tdbR00000510-Escherichia_coli-562-Ini-CAU
1234,16s,tRNA,tRNA_tdbR00000512-Mycobacterium_smegmatis-1772-Ini-CAU
1235,16s,tRNA,tRNA_tdbR00000514-Scenedesmus_obliquus-3088-Ini-CAU
1236,16s,tRNA,tRNA_tdbR00000519-Phaseolus_vulgaris-3885-Ini-CAU
1237,16s,tRNA,tRNA_tdbR00000522-Bos_taurus-9913-Ini-AU
1238,16s,tRNA,tRNA_tdbR00000523-Tetrahymena_thermophila-5911-Ini-CAU
1239,16s,tRNA,tRNA_tdbR00000529-Triticum_aestivum-4565-Ini-CAU
1240,16s,tRNA,tRNA_tdbR00000532-Oryctolagus_cuniculus-9986-Ini-CAU
1241,16s,tRNA,tRNA_tdbR00000533-Drosophila_melanogaster-7227-Ini-CAU
1242,16s,tRNA,tRNA_tdbR00000534-Euphausia_superba-6819-Ini-CAU
1243,16s,tRNA,tRNA_tdbR00000535-Xenopus_laevis-8355-Ini-CAU
1244,16s,tRNA,tRNA_tdbR00000539-Ovis_aries-9940-Ini-CAU
1245,16s,tRNA,tRNA_tdbR00000545-Escherichia_coli-562-Tyr-QUA
1246,16s,tRNA,tRNA_tdbR00000546-Escherichia_coli-562-Tyr-QUA
1247,16s,tRNA,tRNA_tdbR00000548-Scenedesmus_obliquus-3088-Tyr-GUA
1248,16s,tRNA,tRNA_tdbR00000556-Schizosaccharomyces_pombe-4896-Tyr-GPA
1249,16s,tRNA,tRNA_tdbR00000559-Triticum_aestivum-4565-Tyr-GPA
1250,16s,tRNA,tRNA_tdbR00000560-Lupinus_luteus-3873-Tyr-GPA
1251,16s,tRNA,tRNA_tdbR00000565-Bos_taurus-9913-Tyr-9PA
1252,16s,tRNA,tRNA_tdbR00000572-Leishmania_tarentolae-5689-Lys-1UU
1253,16s,tRNA,tRNA_tdbR00000575-Leishmania_tarentolae-5689-Thr-CGU
1254,16s,tRNA,tRNA_tdbR00000578-Leishmania_tarentolae-5689-Glu-3UC
1255,16s,tRNA,tRNA_tdbR00000581-Aeropyrum_pernix-56636-Lys-CUU
1256,16s,tRNA,tRNA_tdbR00000584-Aeropyrum_pernix-56636-Pro-GGG
1257,16s,tRNA,tRNA_tdbR00000587-Aeropyrum_pernix-56636-Met-CAU
1258,16s,tRNA,tRNA_tdbR00000590-Ascaris_suum-6253-Glu-UC
1259,16s,tRNA,tRNA_tdbR00000593-Ascaris_suum-6253-Trp-CA
1260,16s,tRNA,tRNA_tdbR00000605-Lupinus_luteus-3873-Leu-CAG
1261,16s,tRNA,tRNA_tdbR00000611-Sinorhizobium_meliloti-382-His-GUG
1262,16s,tRNA,tRNA_tdbR00000613-Nanoarchaeum_equitans-160232-Glu-CUC
1263,16s,tRNA,tRNA_tdbR00000616-Nanoarchaeum_equitans-160232-Lys-CUU
1264,16s,tRNA,tRNA_tdbR00000617-Nanoarchaeum_equitans-160232-Gln-UUG
1265,16s,tRNA,tRNA_tdbR00000618-Candida_albicans-5476-Leu-CAG
1266,16s,telomerase,telomerase_AC121792.109554-109950
1267,16s,telomerase,telomerase_AF147806.247-692
1268,16s,telomerase,telomerase_AF221906.96-545
1269,16s,telomerase,telomerase_AF221908.136-584
1270,16s,telomerase,telomerase_AF221909.98-496
1271,16s,telomerase,telomerase_AF221910.112-554
1272,16s,telomerase,telomerase_AF221911.104-513
1273,16s,telomerase,telomerase_AF221912.98-564
1274,16s,telomerase,telomerase_AF221913.109-520
1275,16s,telomerase,telomerase_AF221914.112-589
1276,16s,telomerase,telomerase_AF221916.94-481
1277,16s,telomerase,telomerase_AF221917.99-542
1278,16s,telomerase,telomerase_AF221918.97-547
1279,16s,telomerase,telomerase_AF221919.107-614
1280,16s,telomerase,telomerase_AF221920.99-541
1281,16s,telomerase,telomerase_AF221921.98-548
1282,16s,telomerase,telomerase_AF221923.106-554
1283,16s,telomerase,telomerase_AF221924.105-538
1284,16s,telomerase,telomerase_AF221925.98-540
1285,16s,telomerase,telomerase_AF221926.103-507
1286,16s,telomerase,telomerase_AF221927.113-556
1287,16s,telomerase,telomerase_AF221928.95-476
1288,16s,telomerase,telomerase_AF221929.92-517
1289,16s,telomerase,telomerase_AF221930.94-546
1290,16s,telomerase,telomerase_AF221931.99-541
1291,16s,telomerase,telomerase_AF221932.102-549
1292,16s,telomerase,telomerase_AF221934.121-565
1293,16s,telomerase,telomerase_AF221935.112-602
1294,16s,telomerase,telomerase_AF221936.98-540
1295,16s,telomerase,telomerase_AF221937.99-545
1296,16s,telomerase,telomerase_AF221939.99-544
1297,16s,telomerase,telomerase_AF221940.103-499
1298,16s,telomerase,telomerase_AY058901.1-397
1299,16s,telomerase,telomerase_AY312571.605-1069
1300,16s,telomerase,telomerase_U85256.1-451
1301,16s,telomerase,telomerase_AC121792.109554-109950
1302,16s,telomerase,telomerase_AF147806.247-692
1303,16s,telomerase,telomerase_AF221906.96-545
1304,16s,telomerase,telomerase_AF221908.136-584
1305,16s,telomerase,telomerase_AF221909.98-496
1306,16s,telomerase,telomerase_AF221910.112-554
1307,16s,telomerase,telomerase_AF221911.104-513
1308,16s,telomerase,telomerase_AF221912.98-564
1309,16s,telomerase,telomerase_AF221913.109-520
1310,16s,telomerase,telomerase_AF221914.112-589
1311,16s,telomerase,telomerase_AF221916.94-481
1312,16s,telomerase,telomerase_AF221917.99-542
1313,16s,telomerase,telomerase_AF221918.97-547
1314,16s,telomerase,telomerase_AF221919.107-614
1315,16s,telomerase,telomerase_AF221920.99-541
1316,16s,telomerase,telomerase_AF221921.98-548
1317,16s,telomerase,telomerase_AF221923.106-554
1318,16s,telomerase,telomerase_AF221924.105-538
1319,16s,telomerase,telomerase_AF221925.98-540
1320,16s,telomerase,telomerase_AF221926.103-507
1321,16s,telomerase,telomerase_AF221927.113-556
1322,16s,telomerase,telomerase_AF221928.95-476
1323,16s,telomerase,telomerase_AF221929.92-517
1324,16s,telomerase,telomerase_AF221930.94-546
1325,16s,telomerase,telomerase_AF221931.99-541
1326,16s,telomerase,telomerase_AF221932.102-549
1327,16s,telomerase,telomerase_AF221934.121-565
1328,16s,telomerase,telomerase_AF221935.112-602
1329,16s,telomerase,telomerase_AF221936.98-540
1330,16s,telomerase,telomerase_AF221937.99-545
1331,16s,telomerase,telomerase_AF221939.99-544
1332,16s,telomerase,telomerase_AF221940.103-499
1333,16s,telomerase,telomerase_AY058901.1-397
1334,16s,telomerase,telomerase_AY312571.605-1069
1335,16s,telomerase,telomerase_U85256.1-451
1336,16s,telomerase,telomerase_AC121792.109554-109950
1337,16s,telomerase,telomerase_AF147806.247-692
1338,16s,telomerase,telomerase_AF221906.96-545
1339,16s,telomerase,telomerase_AF221908.136-584
1340,16s,telomerase,telomerase_AF221909.98-496
1341,16s,telomerase,telomerase_AF221910.112-554
1342,16s,telomerase,telomerase_AF221911.104-513
1343,16s,telomerase,telomerase_AF221912.98-564
1344,16s,telomerase,telomerase_AF221913.109-520
1345,16s,telomerase,telomerase_AF221914.112-589
1346,16s,telomerase,telomerase_AF221916.94-481
1347,16s,telomerase,telomerase_AF221917.99-542
1348,16s,telomerase,telomerase_AF221918.97-547
1349,16s,telomerase,telomerase_AF221919.107-614
1350,16s,telomerase,telomerase_AF221920.99-541
1351,16s,telomerase,telomerase_AF221921.98-548
1352,16s,telomerase,telomerase_AF221923.106-554
1353,16s,telomerase,telomerase_AF221924.105-538
1354,16s,telomerase,telomerase_AF221925.98-540
1355,16s,telomerase,telomerase_AF221926.103-507
1356,16s,telomerase,telomerase_AF221927.113-556
1357,16s,telomerase,telomerase_AF221928.95-476
1358,16s,telomerase,telomerase_AF221929.92-517
1359,16s,telomerase,telomerase_AF221930.94-546
1360,16s,telomerase,telomerase_AF221931.99-541
1361,16s,telomerase,telomerase_AF221932.102-549
1362,16s,telomerase,telomerase_AF221934.121-565
1363,16s,telomerase,telomerase_AF221935.112-602
1364,16s,telomerase,telomerase_AF221936.98-540
1365,16s,telomerase,telomerase_AF221937.99-545
1366,16s,telomerase,telomerase_AF221939.99-544
1367,16s,telomerase,telomerase_AF221940.103-499
1368,16s,telomerase,telomerase_AY058901.1-397
1369,16s,telomerase,telomerase_AY312571.605-1069
1370,16s,telomerase,telomerase_U85256.1-451
1371,16s,telomerase,telomerase_AC121792.109554-109950
1372,16s,telomerase,telomerase_AF147806.247-692
1373,16s,telomerase,telomerase_AF221906.96-545
1374,16s,telomerase,telomerase_AF221908.136-584
1375,16s,telomerase,telomerase_AF221909.98-496
1376,16s,telomerase,telomerase_AF221910.112-554
1377,16s,telomerase,telomerase_AF221911.104-513
1378,16s,telomerase,telomerase_AF221912.98-564
1379,16s,telomerase,telomerase_AF221913.109-520
1380,16s,telomerase,telomerase_AF221914.112-589
1381,16s,telomerase,telomerase_AF221916.94-481
1382,16s,telomerase,telomerase_AF221917.99-542
1383,16s,telomerase,telomerase_AF221918.97-547
1384,16s,telomerase,telomerase_AF221919.107-614
1385,16s,telomerase,telomerase_AF221920.99-541
1386,16s,telomerase,telomerase_AF221921.98-548
1387,16s,telomerase,telomerase_AF221923.106-554
1388,16s,telomerase,telomerase_AF221924.105-538
1389,16s,telomerase,telomerase_AF221925.98-540
1390,16s,telomerase,telomerase_AF221926.103-507
1391,16s,telomerase,telomerase_AF221927.113-556
1392,16s,telomerase,telomerase_AF221928.95-476
1393,16s,telomerase,telomerase_AF221929.92-517
1394,16s,telomerase,telomerase_AF221930.94-546
1395,16s,telomerase,telomerase_AF221931.99-541
1396,16s,telomerase,telomerase_AF221932.102-549
1397,16s,telomerase,telomerase_AF221934.121-565
1398,16s,telomerase,telomerase_AF221935.112-602
1399,16s,telomerase,telomerase_AF221936.98-540
1400,16s,telomerase,telomerase_AF221937.99-545
1401,16s,telomerase,telomerase_AF221939.99-544
1402,16s,telomerase,telomerase_AF221940.103-499
1403,16s,telomerase,telomerase_AY058901.1-397
1404,16s,telomerase,telomerase_AY312571.605-1069
1405,16s,telomerase,telomerase_U85256.1-451
1406,16s,telomerase,telomerase_AC121792.109554-109950
1407,16s,telomerase,telomerase_AF147806.247-692
1408,16s,telomerase,telomerase_AF221906.96-545
1409,16s,telomerase,telomerase_AF221908.136-584
1410,16s,telomerase,telomerase_AF221909.98-496
1411,16s,telomerase,telomerase_AF221910.112-554
1412,16s,telomerase,telomerase_AF221911.104-513
1413,16s,telomerase,telomerase_AF221912.98-564
1414,16s,telomerase,telomerase_AF221913.109-520
1415,16s,telomerase,telomerase_AF221914.112-589
1416,16s,telomerase,telomerase_AF221916.94-481
1417,16s,telomerase,telomerase_AF221917.99-542
1418,16s,telomerase,telomerase_AF221918.97-547
1419,16s,telomerase,telomerase_AF221919.107-614
1420,16s,telomerase,telomerase_AF221920.99-541
1421,16s,telomerase,telomerase_AF221921.98-548
1422,16s,telomerase,telomerase_AF221923.106-554
1423,16s,telomerase,telomerase_AF221924.105-538
1424,16s,telomerase,telomerase_AF221925.98-540
1425,16s,telomerase,telomerase_AF221926.103-507
1426,16s,telomerase,telomerase_AF221927.113-556
1427,16s,telomerase,telomerase_AF221928.95-476
1428,16s,telomerase,telomerase_AF221929.92-517
1429,16s,telomerase,telomerase_AF221930.94-546
1430,16s,telomerase,telomerase_AF221931.99-541
1431,16s,telomerase,telomerase_AF221932.102-549
1432,16s,telomerase,telomerase_AF221934.121-565
1433,16s,telomerase,telomerase_AF221935.112-602
1434,16s,telomerase,telomerase_AF221936.98-540
1435,16s,telomerase,telomerase_AF221937.99-545
1436,16s,telomerase,telomerase_AF221939.99-544
1437,16s,telomerase,telomerase_AF221940.103-499
1438,16s,telomerase,telomerase_AY058901.1-397
1439,16s,telomerase,telomerase_AY312571.605-1069
1440,16s,telomerase,telomerase_U85256.1-451
1441,16s,telomerase,telomerase_AC121792.109554-109950
1442,16s,telomerase,telomerase_AF147806.247-692
1443,16s,telomerase,telomerase_AF221906.96-545
1444,16s,telomerase,telomerase_AF221908.136-584
1445,16s,telomerase,telomerase_AF221909.98-496
1446,16s,telomerase,telomerase_AF221910.112-554
1447,16s,telomerase,telomerase_AF221911.104-513
1448,16s,telomerase,telomerase_AF221912.98-564
1449,16s,telomerase,telomerase_AF221913.109-520
1450,16s,telomerase,telomerase_AF221914.112-589
1451,16s,telomerase,telomerase_AF221916.94-481
1452,16s,telomerase,telomerase_AF221917.99-542
1453,16s,telomerase,telomerase_AF221918.97-547
1454,16s,telomerase,telomerase_AF221919.107-614
1455,16s,telomerase,telomerase_AF221920.99-541
1456,16s,telomerase,telomerase_AF221921.98-548
1457,16s,telomerase,telomerase_AF221923.106-554
1458,16s,telomerase,telomerase_AF221924.105-538
1459,16s,telomerase,telomerase_AF221925.98-540
1460,16s,telomerase,telomerase_AF221926.103-507
1461,16s,telomerase,telomerase_AF221927.113-556
1462,16s,telomerase,telomerase_AF221928.95-476
1463,16s,telomerase,telomerase_AF221929.92-517
1464,16s,telomerase,telomerase_AF221930.94-546
1465,16s,telomerase,telomerase_AF221931.99-541
1466,16s,tmRNA,tmRNA_Acin.spec._CR543861_1-360
1467,16s,tmRNA,tmRNA_Acti.acti._TRW-272556_1-366
1468,16s,tmRNA,tmRNA_Acti.naes._TRW-240017_1-371
1469,16s,tmRNA,tmRNA_Acti.succ._TRW-339671_1-367
1470,16s,tmRNA,tmRNA_Aero.hydr._AY442269_1-360
1471,16s,tmRNA,tmRNA_Aero.hydr._CP000462_1-360
1472,16s,tmRNA,tmRNA_Anab.vari._CP000117_1-390
1473,16s,tmRNA,tmRNA_Aqui.aeol._TRW-63363_1-347
1474,16s,tmRNA,tmRNA_Arth.spec._CP000454_1-369
1475,16s,tmRNA,tmRNA_Azoa.spec._TRW-62928_1-378
1476,16s,tmRNA,tmRNA_Baci.G._TRW-12333_1-312
1477,16s,tmRNA,tmRNA_Baci.anth._AE016879_1-355
1478,16s,tmRNA,tmRNA_Baci.halo._BA000004_1-361
1479,16s,tmRNA,tmRNA_Baci.thur._AE017355_1-355
1480,16s,tmRNA,tmRNA_Bact.frag._CR626927_1-398
1481,16s,tmRNA,tmRNA_Bact.frag._TRW-817_1-398
1482,16s,tmRNA,tmRNA_Bdel.bact._BX842656_1-346
1483,16s,tmRNA,tmRNA_Bord.bron._TRW-257310_1-387
1484,16s,tmRNA,tmRNA_Bord.para._TRW-257311_1-387
1485,16s,tmRNA,tmRNA_Borr.burg._AE001118_1-359
1486,16s,tmRNA,tmRNA_Buch.aphi._AE013218_1-376
1487,16s,tmRNA,tmRNA_Buch.aphi._BD061520_1-369
1488,16s,tmRNA,tmRNA_Burk.ceno._CP000378_1-370
1489,16s,tmRNA,tmRNA_Burk.mall._CP000010_1-370
1490,16s,tmRNA,tmRNA_Burk.spec._CP000151_1-370
1491,16s,tmRNA,tmRNA_Burk.viet._TRW-269482_1-370
1492,16s,tmRNA,tmRNA_Camp.coli._TRW-306254_1-359
1493,16s,tmRNA,tmRNA_Camp.fetu._AY211269_1-361
1494,16s,tmRNA,tmRNA_Camp.lari._TRW-306263_1-359
1495,16s,tmRNA,tmRNA_Camp.upsa._TRW-306264_1-359
1496,16s,tmRNA,tmRNA_Carn.malt._AF275938_1-366
1497,16s,tmRNA,tmRNA_Chla.abor._CR848038_1-425
1498,16s,tmRNA,tmRNA_Chla.cavi._AE015925_1-425
1499,16s,tmRNA,tmRNA_Chla.muri._AE002296_1-418
1500,16s,tmRNA,tmRNA_Chla.pneu._TRW-83558_1-426
1501,16s,tmRNA,tmRNA_Chla.trac._TRW-272561_1-420
1502,16s,tmRNA,tmRNA_Chla.trac._TRW-813-1_1-420
1503,16s,tmRNA,tmRNA_Chlo.chlo._CP000108_1-401
1504,16s,tmRNA,tmRNA_Clav.mich._TRW-31964_1-376
1505,16s,tmRNA,tmRNA_Clos.acet._AE001437_1-359
1506,16s,tmRNA,tmRNA_Clos.botu._TRW-36826_1-355
1507,16s,tmRNA,tmRNA_Clos.diff._AM180355_1-350
1508,16s,tmRNA,tmRNA_Clos.diff._TRW-367459_1-350
1509,16s,tmRNA,tmRNA_Clos.ther._TRW-203119_1-387
1510,16s,tmRNA,tmRNA_Copr.prot._TRW-351627_1-353
1511,16s,tmRNA,tmRNA_Croc.wats._TRW-165597_1-386
1512,16s,tmRNA,tmRNA_Cyan.mero._AY286123_1-236
1513,16s,tmRNA,tmRNA_Desu.psyc._CR522870_1-366
1514,16s,tmRNA,tmRNA_Dich.nodo._TRW-35819_1-352
1515,16s,tmRNA,tmRNA_Emil.huxl._TRW-280463_1-291
1516,16s,tmRNA,tmRNA_Ente.faec._BD193796_1-367
1517,16s,tmRNA,tmRNA_Ente.faec._TRW-1352_1-367
1518,16s,tmRNA,tmRNA_Erwi.caro._BX950851_1-363
1519,16s,tmRNA,tmRNA_Esch.coli._AE005491_1-363
1520,16s,tmRNA,tmRNA_Esch.coli._AP009048_1-363
1521,16s,tmRNA,tmRNA_Esch.coli._BA000007_1-363
1522,16s,tmRNA,tmRNA_Esch.coli._CP000247_1-363
1523,16s,tmRNA,tmRNA_Esch.coli._D90888_1-363
1524,16s,tmRNA,tmRNA_Esch.coli._U36840_1-363
1525,16s,tmRNA,tmRNA_Exig.sibi._TRW-262543_1-359
1526,16s,tmRNA,tmRNA_Fibr.succ._TRW-59374_1-361
1527,16s,tmRNA,tmRNA_Fran.tula._AM233362_1-421
1528,16s,tmRNA,tmRNA_Fran.tula._AM286280_1-421
1529,16s,tmRNA,tmRNA_Fran.tula._CP000437_1-421
1530,16s,tmRNA,tmRNA_Fuso.nucl._AE010567_1-341
1531,16s,tmRNA,tmRNA_Fuso.nucl._TRW-209882_1-344
1532,16s,tmRNA,tmRNA_Gemm.obsc._TRW-214688_1-412
1533,16s,tmRNA,tmRNA_Geob.meta._CP000148_1-356
1534,16s,tmRNA,tmRNA_Geob.stea._TRW-1422_1-352
1535,16s,tmRNA,tmRNA_Guil.thet._AF041468_1-327
1536,16s,tmRNA,tmRNA_Haem.ducr._AE017143_1-367
1537,16s,tmRNA,tmRNA_Haem.infl._AY599475_1-366
1538,16s,tmRNA,tmRNA_Haem.infl._L42023_1-366
1539,16s,tmRNA,tmRNA_Haem.infl._TRW-262727_1-366
1540,16s,tmRNA,tmRNA_Haem.infl._TRW-262728_1-366
1541,16s,tmRNA,tmRNA_Haem.infl._U32808_1-366
1542,16s,tmRNA,tmRNA_Heli.hepa._AE017125_1-369
1543,16s,tmRNA,tmRNA_Heli.must._DQ250625_1-366
1544,16s,tmRNA,tmRNA_Heli.pylo._AE000511_1-386
1545,16s,tmRNA,tmRNA_Heli.pylo._AE001503_1-383
1546,16s,tmRNA,tmRNA_Heli.pylo._TRW-85962_1-386
1547,16s,tmRNA,tmRNA_Heli.pylo._TRW-85963_1-386
1548,16s,tmRNA,tmRNA_Kleb.pneu._TRW-272620_1-363
1549,16s,tmRNA,tmRNA_Lact.john._TRW-257314_1-367
1550,16s,tmRNA,tmRNA_Lact.lact._AE006373_1-359
1551,16s,tmRNA,tmRNA_Lact.lact._AF176556_1-359
1552,16s,tmRNA,tmRNA_Lact.plan._AL935259_1-372
1553,16s,tmRNA,tmRNA_Leif.xyli._AE016822_1-394
1554,16s,tmRNA,tmRNA_Lept.inte._AE016823_1-350
1555,16s,tmRNA,tmRNA_Lept.spec._TRW-261385_1-359
1556,16s,tmRNA,tmRNA_Lept.spec._TRW-261386_1-359
1557,16s,tmRNA,tmRNA_Leuc.mese._AF375574_1-307
1558,16s,tmRNA,tmRNA_Leuc.mese._CP000414_1-358
1559,16s,tmRNA,tmRNA_Leuc.mese._TRW-1245_1-358
1560,16s,tmRNA,tmRNA_List.gray._AF440336_1-321
1561,16s,tmRNA,tmRNA_List.mono._TRW-1639-1_1-370
1562,16s,tmRNA,tmRNA_List.wels._AF440351_1-321
1563,16s,tmRNA,tmRNA_Mann.haem._TRW-272629_1-367
1564,16s,tmRNA,tmRNA_Mann.succ._AE016827_1-367
1565,16s,tmRNA,tmRNA_Meso.flor._AE017263_1-408
1566,16s,tmRNA,tmRNA_Meth.flag._CP000284_1-361
1567,16s,tmRNA,tmRNA_Moor.ther._CP000232_1-358
1568,16s,tmRNA,tmRNA_Mora.cata._AX067460_1-359
1569,16s,tmRNA,tmRNA_Myco.Bxz1._AY129337_1-437
1570,16s,tmRNA,tmRNA_Myco.afri._TRW-33894_1-368
1571,16s,tmRNA,tmRNA_Myco.aviu._AE016958_1-368
1572,16s,tmRNA,tmRNA_Myco.bovi._TRW-1765_1-368
1573,16s,tmRNA,tmRNA_Myco.capr._D13067_1-411
1574,16s,tmRNA,tmRNA_Myco.hyop._TRW-262719_1-433
1575,16s,tmRNA,tmRNA_Myco.myco._BX842642_1-411
1576,16s,tmRNA,tmRNA_Myco.pulm._AL445565_1-387
1577,16s,tmRNA,tmRNA_Myco.smeg._CP000480_1-369
1578,16s,tmRNA,tmRNA_Myco.tube._TRW-164513_1-368
1579,16s,tmRNA,tmRNA_Myxo.xant._TRW-34_1-366
1580,16s,tmRNA,tmRNA_Neis.gono._TRW-242231_1-363
1581,16s,tmRNA,tmRNA_Neis.meni._TRW-272831_1-363
1582,16s,tmRNA,tmRNA_Nitr.euro._BX321865_1-360
1583,16s,tmRNA,tmRNA_Nitr.mult._CP000103_1-362
1584,16s,tmRNA,tmRNA_Noca.farc._AP006618_1-368
1585,16s,tmRNA,tmRNA_Nost.punc._TRW-63737_1-390
1586,16s,tmRNA,tmRNA_Nost.spec._BA000019_1-390
1587,16s,tmRNA,tmRNA_Odon.sine._TRW-2839_1-371
1588,16s,tmRNA,tmRNA_Oeno.oeni._TRW-203123_1-350
1589,16s,tmRNA,tmRNA_Onio.yell._AP006628_1-423
1590,16s,tmRNA,tmRNA_Para.symb._BX908798_1-405
1591,16s,tmRNA,tmRNA_Pedi.pent._CP000422_1-369
1592,16s,tmRNA,tmRNA_Phot.lumi._BX571870_1-364
1593,16s,tmRNA,tmRNA_Phot.prof._CR378665_1-368
1594,16s,tmRNA,tmRNA_Pola.spec._CP000316_1-387
1595,16s,tmRNA,tmRNA_Porp.ging._TRW-242619_1-407
1596,16s,tmRNA,tmRNA_Porp.purp._TRW-2787_1-323
1597,16s,tmRNA,tmRNA_Prop.acne._AE017283_1-371
1598,16s,tmRNA,tmRNA_Prop.acne._TRW-1747-1_1-371
1599,16s,tmRNA,tmRNA_Pseu.aeru._AE004091_1-353
1600,16s,tmRNA,tmRNA_Pseu.aeru._CP000438_1-353
1601,16s,tmRNA,tmRNA_Pseu.ento._CT573326_1-392
1602,16s,tmRNA,tmRNA_Pseu.fluo._CP000076_1-394
1603,16s,tmRNA,tmRNA_Pseu.fluo._TRW-216595_1-397
1604,16s,tmRNA,tmRNA_Pseu.syri._AE016853_1-388
1605,16s,tmRNA,tmRNA_Rals.sola._AL646052_1-360
1606,16s,tmRNA,tmRNA_Rubr.gela._TRW-279263_1-372
1607,16s,tmRNA,tmRNA_Rubr.xyla._CP000386_1-360
1608,16s,tmRNA,tmRNA_Rumi.albu._TRW-246199_1-354
1609,16s,tmRNA,tmRNA_Sali.rube._CP000159_1-369
1610,16s,tmRNA,tmRNA_Salm.bong._TRW-218493_1-363
1611,16s,tmRNA,tmRNA_Salm.ente._AE014613_1-363
1612,16s,tmRNA,tmRNA_Salm.ente._AE017220_1-363
1613,16s,tmRNA,tmRNA_Salm.ente._TRW-59204_1-363
1614,16s,tmRNA,tmRNA_Salm.typh._AY316313_1-363
1615,16s,tmRNA,tmRNA_Salm.typh._AY319520_1-363
1616,16s,tmRNA,tmRNA_Serr.marc._TRW-273526_1-364
1617,16s,tmRNA,tmRNA_Shew.onei._AX048560_1-355
1618,16s,tmRNA,tmRNA_Shew.putr._TRW-319224_1-356
1619,16s,tmRNA,tmRNA_Shew.spec._CP000444_1-355
1620,16s,tmRNA,tmRNA_Shew.spec._CP000446_1-355
1621,16s,tmRNA,tmRNA_Shew.spec._CP000469_1-355
1622,16s,tmRNA,tmRNA_Shew.spec._TRW-323850_1-356
1623,16s,tmRNA,tmRNA_Shig.dyse._CP000034_1-363
1624,16s,tmRNA,tmRNA_Shig.flex._AE014073_1-363
1625,16s,tmRNA,tmRNA_Shig.sonn._CP000038_1-363
1626,16s,tmRNA,tmRNA_Soda.glos._AP008232_1-384
1627,16s,tmRNA,tmRNA_Stap.aure._AC074317_1-359
1628,16s,tmRNA,tmRNA_Stap.aure._BA000017_1-362
1629,16s,tmRNA,tmRNA_Stap.aure._BX571857_1-362
1630,16s,tmRNA,tmRNA_Stap.aure._TRW-1280_1-362
1631,16s,tmRNA,tmRNA_Stap.epid._TRW-1282-2_1-362
1632,16s,tmRNA,tmRNA_Sten.malt._TRW-40324_1-354
1633,16s,tmRNA,tmRNA_Stre.agal._AE014233_1-350
1634,16s,tmRNA,tmRNA_Stre.aure._AY616521_1-382
1635,16s,tmRNA,tmRNA_Stre.aver._BA000030_1-389
1636,16s,tmRNA,tmRNA_Stre.equi._TRW-1336_1-349
1637,16s,tmRNA,tmRNA_Stre.pneu._AE008453_1-348
1638,16s,tmRNA,tmRNA_Stre.scab._TRW-1883_1-402
1639,16s,tmRNA,tmRNA_Stre.sobr._TRW-246202_1-349
1640,16s,tmRNA,tmRNA_Sulf.azor._TRW-204536_1-351
1641,16s,tmRNA,tmRNA_Syne.spec._D90916_1-396
1642,16s,tmRNA,tmRNA_Synt.acid._CP000252_1-356
1643,16s,tmRNA,tmRNA_Thal.pseu._EF067921_1-344
1644,16s,tmRNA,tmRNA_Thal.weis._AF049491_1-348
1645,16s,tmRNA,tmRNA_Ther.fusc._CP000088_1-372
1646,16s,tmRNA,tmRNA_Ther.mari._TRW-243274-1_1-356
1647,16s,tmRNA,tmRNA_Ther.teng._AE013063_1-351
1648,16s,tmRNA,tmRNA_Trep.dent._AE017226_1-351
1649,16s,tmRNA,tmRNA_Trep.pall._TRW-243276_1-354
1650,16s,tmRNA,tmRNA_Tric.eryt._CP000393_1-398
1651,16s,tmRNA,tmRNA_Trop.whip._BX251411_1-369
1652,16s,tmRNA,tmRNA_Urea.parv._AE002154_1-413
1653,16s,tmRNA,tmRNA_Xant.axon._AE011783_1-397
1654,16s,tmRNA,tmRNA_Xyle.fast._AE003849_1-355
1655,16s,tmRNA,tmRNA_Xyle.fast._AE004078_1-355
1656,16s,tmRNA,tmRNA_Xyle.fast._TRW-155920_1-355
1657,16s,tmRNA,tmRNA_Yers.ente._TRW-34054_1-381
1658,16s,tmRNA,tmRNA_Yers.inte._TRW-349965_1-381
1659,16s,tmRNA,tmRNA_Yers.pest._CP000305_1-364
1660,16s,tmRNA,tmRNA_envi.sequ._TRW-204433_1-356
1661,16s,tmRNA,tmRNA_envi.sequ._TRW-259292_1-355
1662,16s,tmRNA,tmRNA_envi.sequ._TRW-32045-1_1-355
1663,16s,tmRNA,tmRNA_envi.sequ._TRW-32045-2_1-345
1664,16s,tmRNA,tmRNA_uncu.bact._TRW-32033-1_1-354
1665,16s,tmRNA,tmRNA_uncu.bact._TRW-32045-4_1-369
1666,23s,16s,16s_A.fulgidus_domain2
1667,23s,16s,16s_A.fulgidus_domain3
1668,23s,16s,16s_A.fulgidus_domain4
1669,23s,16s,16s_A.pyrophilus_domain2
1670,23s,16s,16s_A.pyrophilus_domain4
1671,23s,16s,16s_B.burgdorferi_domain2
1672,23s,16s,16s_B.burgdorferi_domain3
1673,23s,16s,16s_B.burgdorferi_domain4
1674,23s,16s,16s_B.subtilis_domain2
1675,23s,16s,16s_B.subtilis_domain3
1676,23s,16s,16s_B.subtilis_domain4
1677,23s,16s,16s_C.elegans_domain1
1678,23s,16s,16s_C.elegans_domain2
1679,23s,16s,16s_C.elegans_domain3
1680,23s,16s,16s_C.elegans_domain4
1681,23s,16s,16s_C.psittaci_domain2
1682,23s,16s,16s_C.psittaci_domain3
1683,23s,16s,16s_C.psittaci_domain4
1684,23s,16s,16s_C.reinhardtii.chloro_domain1
1685,23s,16s,16s_C.reinhardtii.chloro_domain2
1686,23s,16s,16s_C.reinhardtii.chloro_domain3
1687,23s,16s,16s_C.reinhardtii.chloro_domain4
1688,23s,16s,16s_C.reinhardtii.mito_domain1
1689,23s,16s,16s_C.reinhardtii.mito_domain2
1690,23s,16s,16s_C.reinhardtii.mito_domain3
1691,23s,16s,16s_C.reinhardtii.mito_domain4
1692,23s,16s,16s_D.melanogaster_domain4
1693,23s,16s,16s_E.coli_domain2
1694,23s,16s,16s_E.coli_domain3
1695,23s,16s,16s_E.coli_domain4
1696,23s,16s,16s_F.ananassa_domain3
1697,23s,16s,16s_F.ananassa_domain4
1698,23s,16s,16s_G.intestinalis_domain1
1699,23s,16s,16s_G.intestinalis_domain2
1700,23s,16s,16s_G.intestinalis_domain3
1701,23s,16s,16s_G.intestinalis_domain4
1702,23s,16s,16s_H.sapiens.mito_domain1
1703,23s,16s,16s_H.sapiens.mito_domain2
1704,23s,16s,16s_H.sapiens.mito_domain3
1705,23s,16s,16s_H.sapiens.mito_domain4
1706,23s,16s,16s_H.sapiens_domain3
1707,23s,16s,16s_H.sapiens_domain4
1708,23s,16s,16s_H.volcanii_domain1
1709,23s,16s,16s_H.volcanii_domain2
1710,23s,16s,16s_H.volcanii_domain3
1711,23s,16s,16s_H.volcanii_domain4
1712,23s,16s,16s_M.polymorpha_domain2
1713,23s,16s,16s_M.polymorpha_domain3
1714,23s,16s,16s_M.polymorpha_domain4
1715,23s,16s,16s_P.occultum_domain2
1716,23s,16s,16s_P.occultum_domain3
1717,23s,16s,16s_P.occultum_domain4
1718,23s,16s,16s_P.staleyi_domain2
1719,23s,16s,16s_P.staleyi_domain3
1720,23s,16s,16s_P.staleyi_domain4
1721,23s,16s,16s_S.cerevisiae_domain3
1722,23s,16s,16s_S.cerevisiae_domain4
1723,23s,16s,16s_T.gondii_domain3
1724,23s,16s,16s_T.gondii_domain4
1725,23s,16s,16s_T.maritima_domain2
1726,23s,16s,16s_T.maritima_domain3
1727,23s,16s,16s_T.maritima_domain4
1728,23s,16s,16s_Z.mays_domain1
1729,23s,16s,16s_Z.mays_domain2
1730,23s,16s,16s_Z.mays_domain3
1731,23s,16s,16s_Z.mays_domain4
1732,23s,16s,16s_A.fulgidus_domain2
1733,23s,16s,16s_A.fulgidus_domain3
1734,23s,16s,16s_A.fulgidus_domain4
1735,23s,16s,16s_A.pyrophilus_domain2
1736,23s,16s,16s_A.pyrophilus_domain4
1737,23s,16s,16s_B.burgdorferi_domain2
1738,23s,16s,16s_B.burgdorferi_domain3
1739,23s,16s,16s_B.burgdorferi_domain4
1740,23s,16s,16s_B.subtilis_domain2
1741,23s,16s,16s_B.subtilis_domain3
1742,23s,16s,16s_B.subtilis_domain4
1743,23s,16s,16s_C.elegans_domain1
1744,23s,16s,16s_C.elegans_domain2
1745,23s,16s,16s_C.elegans_domain3
1746,23s,16s,16s_C.elegans_domain4
1747,23s,16s,16s_C.psittaci_domain2
1748,23s,16s,16s_C.psittaci_domain3
1749,23s,16s,16s_C.psittaci_domain4
1750,23s,16s,16s_C.reinhardtii.chloro_domain1
1751,23s,16s,16s_C.reinhardtii.chloro_domain2
1752,23s,16s,16s_C.reinhardtii.chloro_domain3
1753,23s,16s,16s_C.reinhardtii.chloro_domain4
1754,23s,16s,16s_C.reinhardtii.mito_domain1
1755,23s,16s,16s_C.reinhardtii.mito_domain2
1756,23s,16s,16s_C.reinhardtii.mito_domain3
1757,23s,16s,16s_C.reinhardtii.mito_domain4
1758,23s,16s,16s_D.melanogaster_domain4
1759,23s,16s,16s_E.coli_domain2
1760,23s,16s,16s_E.coli_domain3
1761,23s,16s,16s_E.coli_domain4
1762,23s,16s,16s_F.ananassa_domain3
1763,23s,16s,16s_F.ananassa_domain4
1764,23s,16s,16s_G.intestinalis_domain1
1765,23s,16s,16s_G.intestinalis_domain2
1766,23s,16s,16s_G.intestinalis_domain3
1767,23s,16s,16s_G.intestinalis_domain4
1768,23s,16s,16s_H.sapiens.mito_domain1
1769,23s,16s,16s_H.sapiens.mito_domain2
1770,23s,16s,16s_H.sapiens.mito_domain3
1771,23s,16s,16s_H.sapiens.mito_domain4
1772,23s,16s,16s_H.sapiens_domain3
1773,23s,16s,16s_H.sapiens_domain4
1774,23s,16s,16s_H.volcanii_domain1
1775,23s,16s,16s_H.volcanii_domain2
1776,23s,16s,16s_H.volcanii_domain3
1777,23s,16s,16s_H.volcanii_domain4
1778,23s,16s,16s_M.polymorpha_domain2
1779,23s,16s,16s_M.polymorpha_domain3
1780,23s,16s,16s_M.polymorpha_domain4
1781,23s,16s,16s_P.occultum_domain2
1782,23s,16s,16s_P.occultum_domain3
1783,23s,16s,16s_P.occultum_domain4
1784,23s,16s,16s_P.staleyi_domain2
1785,23s,16s,16s_P.staleyi_domain3
1786,23s,16s,16s_P.staleyi_domain4
1787,23s,16s,16s_S.cerevisiae_domain3
1788,23s,16s,16s_S.cerevisiae_domain4
1789,23s,16s,16s_T.gondii_domain3
1790,23s,16s,16s_T.gondii_domain4
1791,23s,16s,16s_T.maritima_domain2
1792,23s,16s,16s_T.maritima_domain3
1793,23s,16s,16s_T.maritima_domain4
1794,23s,16s,16s_Z.mays_domain1
1795,23s,16s,16s_Z.mays_domain2
1796,23s,16s,16s_Z.mays_domain3
1797,23s,16s,16s_Z.mays_domain4
1798,23s,16s,16s_A.fulgidus_domain2
1799,23s,16s,16s_A.fulgidus_domain3
1800,23s,16s,16s_A.fulgidus_domain4
1801,23s,16s,16s_A.pyrophilus_domain2
1802,23s,16s,16s_A.pyrophilus_domain4
1803,23s,16s,16s_B.burgdorferi_domain2
1804,23s,16s,16s_B.burgdorferi_domain3
1805,23s,16s,16s_B.burgdorferi_domain4
1806,23s,16s,16s_B.subtilis_domain2
1807,23s,16s,16s_B.subtilis_domain3
1808,23s,16s,16s_B.subtilis_domain4
1809,23s,16s,16s_C.elegans_domain1
1810,23s,16s,16s_C.elegans_domain2
1811,23s,16s,16s_C.elegans_domain3
1812,23s,16s,16s_C.elegans_domain4
1813,23s,16s,16s_C.psittaci_domain2
1814,23s,16s,16s_C.psittaci_domain3
1815,23s,16s,16s_C.psittaci_domain4
1816,23s,16s,16s_C.reinhardtii.chloro_domain1
1817,23s,16s,16s_C.reinhardtii.chloro_domain2
1818,23s,16s,16s_C.reinhardtii.chloro_domain3
1819,23s,16s,16s_C.reinhardtii.chloro_domain4
1820,23s,16s,16s_C.reinhardtii.mito_domain1
1821,23s,16s,16s_C.reinhardtii.mito_domain2
1822,23s,16s,16s_C.reinhardtii.mito_domain3
1823,23s,16s,16s_C.reinhardtii.mito_domain4
1824,23s,16s,16s_D.melanogaster_domain4
1825,23s,16s,16s_E.coli_domain2
1826,23s,16s,16s_E.coli_domain3
1827,23s,16s,16s_E.coli_domain4
1828,23s,16s,16s_F.ananassa_domain3
1829,23s,16s,16s_F.ananassa_domain4
1830,23s,16s,16s_G.intestinalis_domain1
1831,23s,16s,16s_G.intestinalis_domain2
1832,23s,16s,16s_G.intestinalis_domain3
1833,23s,16s,16s_G.intestinalis_domain4
1834,23s,16s,16s_H.sapiens.mito_domain1
1835,23s,16s,16s_H.sapiens.mito_domain2
1836,23s,16s,16s_H.sapiens.mito_domain3
1837,23s,16s,16s_H.sapiens.mito_domain4
1838,23s,16s,16s_H.sapiens_domain3
1839,23s,16s,16s_H.sapiens_domain4
1840,23s,16s,16s_H.volcanii_domain1
1841,23s,16s,16s_H.volcanii_domain2
1842,23s,16s,16s_H.volcanii_domain3
1843,23s,16s,16s_H.volcanii_domain4
1844,23s,16s,16s_M.polymorpha_domain2
1845,23s,16s,16s_M.polymorpha_domain3
1846,23s,16s,16s_M.polymorpha_domain4
1847,23s,16s,16s_P.occultum_domain2
1848,23s,16s,16s_P.occultum_domain3
1849,23s,16s,16s_P.occultum_domain4
1850,23s,16s,16s_P.staleyi_domain2
1851,23s,16s,16s_P.staleyi_domain3
1852,23s,16s,16s_P.staleyi_domain4
1853,23s,16s,16s_S.cerevisiae_domain3
1854,23s,16s,16s_S.cerevisiae_domain4
1855,23s,16s,16s_T.gondii_domain3
1856,23s,16s,16s_T.gondii_domain4
1857,23s,16s,16s_T.maritima_domain2
1858,23s,16s,16s_T.maritima_domain3
1859,23s,16s,16s_T.maritima_domain4
1860,23s,16s,16s_Z.mays_domain1
1861,23s,16s,16s_Z.mays_domain2
1862,23s,16s,16s_Z.mays_domain3
1863,23s,16s,16s_Z.mays_domain4
1864,23s,16s,16s_A.fulgidus_domain2
1865,23s,16s,16s_A.fulgidus_domain3
1866,23s,23s,23s_B.subtilis_domain3
1867,23s,23s,23s_B.subtilis_domain4
1868,23s,23s,23s_B.subtilis_domain6
1869,23s,23s,23s_E.coli_domain3
1870,23s,23s,23s_E.coli_domain4
1871,23s,23s,23s_E.coli_domain6
1872,23s,23s,23s_H.pylori_domain3
1873,23s,23s,23s_H.pylori_domain4
1874,23s,23s,23s_H.pylori_domain6
1875,23s,23s,23s_S.aureus_domain3
1876,23s,23s,23s_S.aureus_domain4
1877,23s,23s,23s_S.aureus_domain6
1878,23s,23s,23s_T.thermophilus_domain3
1879,23s,23s,23s_T.thermophilus_domain4
1880,23s,23s,23s_T.thermophilus_domain6
1881,23s,5s,5s_Acanthamoeba-castellanii-2
1882,23s,5s,5s_Acholeplasma-laidlawii-2
1883,23s,5s,5s_Achromobacter-xylosoxidans-1
1884,23s,5s,5s_Acidiphilium-acidophilum-1
1885,23s,5s,5s_Acinetobacter-sp.-1
1886,23s,5s,5s_Acinetospora-crinita-1
1887,23s,5s,5s_Acremonium-chrysogenum-1
1888,23s,5s,5s_Agaricus-edulis-1
1889,23s,5s,5s_Agrobacterium-tumefaciens-6
1890,23s,5s,5s_Akkesiphycus-lubricum-1
1891,23s,5s,5s_Amycolatopsis-lactamdurans-1
1892,23s,5s,5s_Ancylobacter-aquaticus-1
1893,23s,5s,5s_Andrias-japonicus-1
1894,23s,5s,5s_Antheraea-pernyi-1
1895,23s,5s,5s_Aquifex-aeolicus-1
1896,23s,5s,5s_Archaeoglobus-fulgidus-1
1897,23s,5s,5s_Artemia-sp.-4
1898,23s,5s,5s_Arthrobacter-polychromogenes-1
1899,23s,5s,5s_Asellus-aquaticus-2
1900,23s,5s,5s_Asterina-pectinifera-1
1901,23s,5s,5s_Auricularia-auricula-judae-1
1902,23s,5s,5s_Azotobacter-vinelandii-1
1903,23s,5s,5s_Bacillus-anthracis-10
1904,23s,5s,5s_Bacillus-anthracis-6
1905,23s,5s,5s_Bacillus-clausii-1
1906,23s,5s,5s_Bacillus-firmus-1
1907,23s,5s,5s_Bacillus-halodurans-4
1908,23s,5s,5s_Bacillus-thuringiensis-1
1909,23s,5s,5s_Bacteroides-fragilis-3
1910,23s,5s,5s_Bacteroides-fragilis-4
1911,23s,5s,5s_Bacteroides-fragilis-6
1912,23s,5s,5s_Bartonella-henselae-1
1913,23s,5s,5s_Bifidobacterium-longum-1
1914,23s,5s,5s_Bifidobacterium-longum-3
1915,23s,5s,5s_Blakeslea-trispora-1
1916,23s,5s,5s_Blastocladiella-simplex-1
1917,23s,5s,5s_Blepharisma-japonicum-1
1918,23s,5s,5s_Bombyx-mori-1
1919,23s,5s,5s_Bombyx-mori-2
1920,23s,5s,5s_Brachionus-plicatilis-1
1921,23s,5s,5s_Brevibacillus-brevis-1
1922,23s,5s,5s_Brevibacterium-helvolum-1
1923,23s,5s,5s_C_paradoxE
1924,23s,5s,5s_Caenorhabditis-briggsae-1
1925,23s,5s,5s_Caenorhabditis-elegans-3
1926,23s,5s,5s_Campylobacter-jejuni-3
1927,23s,5s,5s_Cancer-pagurus-1
1928,23s,5s,5s_Candidatus-Tremblaya-princeps-1
1929,23s,5s,5s_Caulobacter-sp.-5
1930,23s,5s,5s_Caulobacter-sp.-6
1931,23s,5s,5s_Cellulomonas-biazotea-1
1932,23s,5s,5s_Chlamydophila-abortus-1
1933,23s,5s,5s_Clostridium-acetobutylicum-5
1934,23s,5s,5s_Coprinopsis-cinerea-1
1935,23s,5s,5s_Corynebacterium-glutamicum-1
1936,23s,5s,5s_Corynebacterium-glutamicum-2
1937,23s,5s,5s_Cryptococcus-humicola-1
1938,23s,5s,5s_Cryptomonas-paramecium-1
1939,23s,5s,5s_Cyclidiopsis-acus-1
1940,23s,5s,5s_Cystobacter-fuscus-1
1941,23s,5s,5s_Delftia-acidovorans-1
1942,23s,5s,5s_Dipsacomyces-acuminosporus-1
1943,23s,5s,5s_Dirofilaria-immitis-1
1944,23s,5s,5s_Drosophila-teissieri-1
1945,23s,5s,5s_Dugesia-japonica-1
1946,23s,5s,5s_Dugesia-japonica-2
1947,23s,5s,5s_E_glandulE
1948,23s,5s,5s_Eimeria-tenella-1
1949,23s,5s,5s_Eisenia-bicyclis-1
1950,23s,5s,5s_Emericella-nidulans-3
1951,23s,5s,5s_Emericella-nidulans-7
1952,23s,5s,5s_Emericella-nidulans-8
1953,23s,5s,5s_Empedobacter-brevis-1
1954,23s,5s,5s_Escherichia-coli-11
1955,23s,5s,5s_Escherichia-coli-14
1956,23s,5s,5s_Escherichia-coli-3
1957,23s,5s,5s_Escherichia-coli-6
1958,23s,5s,5s_Exidia-glandulosa-1
1959,23s,5s,5s_Filobasidiella-depauperata-1
1960,23s,5s,5s_Filobasidium-capsuligenum-1
1961,23s,5s,5s_Fusarium-asiaticum-7
1962,23s,5s,5s_Fusarium-lunulosporum-3
1963,23s,5s,5s_Fusarium-lunulosporum-5
1964,23s,5s,5s_Fusarium-pseudograminearum-1
1965,23s,5s,5s_Fusarium-pseudograminearum-6
1966,23s,5s,5s_Fusarium-sporotrichioides-1
1967,23s,5s,5s_Fusobacterium-nucleatum-2
1968,23s,5s,5s_Fusobacterium-nucleatum-4
1969,23s,5s,5s_Gallus-gallus-1
1970,23s,5s,5s_Gelidium-amansii-1
1971,23s,5s,5s_Gelidium-amansii-2
1972,23s,5s,5s_Geobacillus-stearothermophilus-2
1973,23s,5s,5s_Ginkgo-biloba-1
1974,23s,5s,5s_Grimontia-hollisae-1
1975,23s,5s,5s_Haloarcula-marismortui-2
1976,23s,5s,5s_Halococcus-morrhuae-2
1977,23s,5s,5s_Haloferax-volcanii-2
1978,23s,5s,5s_Halorubrum-distributum-4
1979,23s,5s,5s_Helicobacter-pylori-3
1980,23s,5s,5s_Hyphomicrobium-sp.-3
1981,23s,5s,5s_Hyphomicrobium-sp.-5
1982,23s,5s,5s_Hyphomonas-oligotropha-1
1983,23s,5s,5s_Idiomarina-loihiensis-1
1984,23s,5s,5s_Illex-illecebrosus-1
1985,23s,5s,5s_Juniperus-media-1
1986,23s,5s,5s_Kluyveromyces-delphensis-1
1987,23s,5s,5s_Kondoa-malvinella-1
1988,23s,5s,5s_Kutzneria-viridogrisea-1
1989,23s,5s,5s_Lentinula-edodes-2
1990,23s,5s,5s_Locusta-migratoria-1
1991,23s,5s,5s_Microbacterium-testaceum-1
1992,23s,5s,5s_Microtetraspora-glauca-1
1993,23s,5s,5s_Mycobacterium-tuberculosis-3
1994,23s,5s,5s_Mycoplasma-gallisepticum-1
1995,23s,5s,5s_Mycoplasma-genitalium-1
1996,23s,5s,5s_Mycoplasma-penetrans-1
1997,23s,5s,5s_Mycoplasma-pneumoniae-1
1998,23s,5s,5s_Myxococcus-coralloides-1
1999,23s,5s,5s_Neurospora-crassa-12
2000,23s,5s,5s_Neurospora-crassa-15
2001,23s,5s,5s_Neurospora-crassa-2
2002,23s,5s,5s_Nitrobacter-winogradskyi-1
2003,23s,5s,5s_Notophthalmus-viridescens-1
2004,23s,5s,5s_Oerskovia-turbata-1
2005,23s,5s,5s_Paenibacillus-popilliae-1
2006,23s,5s,5s_Paracentrotus-lividus-2
2007,23s,5s,5s_Parachlamydia-sp.-1
2008,23s,5s,5s_Paramecium-tetraurelia-1
2009,23s,5s,5s_Photobacterium-profundum-3
2010,23s,5s,5s_Pichia-jadinii-2
2011,23s,5s,5s_Pinus-contorta-1
2012,23s,5s,5s_Pirellula-sp.-1
2013,23s,5s,5s_Pirellula-sp.-2
2014,23s,5s,5s_Plasmodium-falciparum-1
2015,23s,5s,5s_Pneumocystis-carinii-1
2016,23s,5s,5s_Prasinocladus-sp.-1
2017,23s,5s,5s_Propionibacterium-acnes-1
2018,23s,5s,5s_Pseudomonas-aeruginosa-1
2019,23s,5s,5s_Pseudomonas-aeruginosa-2
2020,23s,5s,5s_Pseudomonas-fluorescens-2
2021,23s,5s,5s_Pseudomonas-fluorescens-4
2022,23s,5s,5s_Pseudomonas-stutzeri-2
2023,23s,5s,5s_Puccinia-poarum-1
2024,23s,5s,5s_Puccinia-suaveolens-1
2025,23s,5s,5s_Pyrococcus-horikoshii-1
2026,23s,5s,5s_Pyrococcus-woesei-1
2027,23s,5s,5s_Pythium-torulosum-1
2028,23s,5s,5s_Ralstonia-solanacearum-1
2029,23s,5s,5s_Ralstonia-solanacearum-2
2030,23s,5s,5s_Rhodobacter-sphaeroides-2
2031,23s,5s,5s_Rhodococcus-erythropolis-2
2032,23s,5s,5s_Rhodopseudomonas-palustris-2
2033,23s,5s,5s_Roseococcus-thiosulfatophilus-1
2034,23s,5s,5s_Roseococcus-thiosulfatophilus-2
2035,23s,5s,5s_Rumex-acetosa-1
2036,23s,5s,5s_Sabellastarte-japonica-1
2037,23s,5s,5s_Saccharothrix-mutabilis-1
2038,23s,5s,5s_Salmonella-typhi-1
2039,23s,5s,5s_Saprolegnia-ferax-1
2040,23s,5s,5s_Schizosaccharomyces-pombe-1
2041,23s,5s,5s_Shewanella-oneidensis-1
2042,23s,5s,5s_Spirobolus-sp-1
2043,23s,5s,5s_Sporolactobacillus-nakayamae-1
2044,23s,5s,5s_Staphylococcus-aureus-1
2045,23s,5s,5s_Streptococcus-mutans-2
2046,23s,5s,5s_Streptococcus-pyogenes-2
2047,23s,5s,5s_Streptococcus-salivarius-1
2048,23s,5s,5s_Streptomyces-avermitilis-4
2049,23s,5s,5s_Streptomyces-coelicolor-1
2050,23s,5s,5s_Streptomyces-lividans-1
2051,23s,5s,5s_Streptomyces-rimosus-2
2052,23s,5s,5s_Streptomyces-roseoverticillatus-1
2053,23s,5s,5s_Streptomyces-violaceus-1
2054,23s,5s,5s_T_cruziE
2055,23s,5s,5s_Taxus-baccata-1
2056,23s,5s,5s_Thermoactinomyces-vulgaris-1
2057,23s,5s,5s_Thermomyces-lanuginosus-1
2058,23s,5s,5s_Thermotoga-sp.-1
2059,23s,5s,5s_Thermus-sp.-2
2060,23s,5s,5s_Thermus-thermophilus-2
2061,23s,5s,5s_Thiomonas-cuprina-1
2062,23s,5s,5s_Thiothrix-nivea-1
2063,23s,5s,5s_Thraustochytrium-visurgense-2
2064,23s,5s,5s_Tremella-mesenterica-2
2065,23s,5s,5s_Trimorphomyces-papilionaceus-1
2066,23s,5s,5s_Ureaplasma-parvum-1
2067,23s,5s,5s_Urechis-unicinctus-1
2068,23s,5s,5s_Ustilago-maydis-1
2069,23s,5s,5s_Ustilentyloma-fluitans-1
2070,23s,5s,5s_Vibrio-cyclosites-1
2071,23s,5s,5s_Vibrio-fluvialis-1
2072,23s,5s,5s_Vibrio-harveyi-1
2073,23s,5s,5s_Vibrio-nereis-1
2074,23s,5s,5s_Vibrio-parahaemolyticus-3
2075,23s,5s,5s_Vibrio-vulnificus-4
2076,23s,5s,5s_Vitreoscilla-filiformis-1
2077,23s,5s,5s_Vitreoscilla-stercoraria-1
2078,23s,5s,5s_Xanthobacter-viscosus-1
2079,23s,5s,5s_Yersinia-pestis-1
2080,23s,5s,5s_uncultured-euryarchaeote-37F11-1
2081,23s,RNaseP,RNaseP_A.ambivalens
2082,23s,RNaseP,RNaseP_A.brierleyi
2083,23s,RNaseP,RNaseP_A.chroococcum
2084,23s,RNaseP,RNaseP_A.ferrooxidans
2085,23s,RNaseP,RNaseP_A.ferrooxidans-g
2086,23s,RNaseP,RNaseP_A.fulgidus
2087,23s,RNaseP,RNaseP_A.laidlawii
2088,23s,RNaseP,RNaseP_A.obstetricans
2089,23s,RNaseP,RNaseP_A.salinestris-184
2090,23s,RNaseP,RNaseP_Anabaena-ATCC29413
2091,23s,RNaseP,RNaseP_B.brevis
2092,23s,RNaseP,RNaseP_B.bronchiseptica
2093,23s,RNaseP,RNaseP_B.hermsii
2094,23s,RNaseP,RNaseP_B.megaterium
2095,23s,RNaseP,RNaseP_B.pertussis
2096,23s,RNaseP,RNaseP_B.stearothermophilus
2097,23s,RNaseP,RNaseP_B.subtilis
2098,23s,RNaseP,RNaseP_B.subtilis-g
2099,23s,RNaseP,RNaseP_Buchnera-APS
2100,23s,RNaseP,RNaseP_C.acetobutylicum
2101,23s,RNaseP,RNaseP_C.crescentus
2102,23s,RNaseP,RNaseP_C.jejuni
2103,23s,RNaseP,RNaseP_C.limicola
2104,23s,RNaseP,RNaseP_C.pneumoniae-AR39
2105,23s,RNaseP,RNaseP_C.pneumoniae-CWL029
2106,23s,RNaseP,RNaseP_C.sporogenes
2107,23s,RNaseP,RNaseP_C.tepidum-g
2108,23s,RNaseP,RNaseP_C.trachomatis-2
2109,23s,RNaseP,RNaseP_C.trachomatis-D
2110,23s,RNaseP,RNaseP_C.vinosum
2111,23s,RNaseP,RNaseP_CPA49
2112,23s,RNaseP,RNaseP_CPA54
2113,23s,RNaseP,RNaseP_CPB139
2114,23s,RNaseP,RNaseP_CPB74
2115,23s,RNaseP,RNaseP_CPB7776
2116,23s,RNaseP,RNaseP_CPB80
2117,23s,RNaseP,RNaseP_CPB86
2118,23s,RNaseP,RNaseP_D.desulfuricans
2119,23s,RNaseP,RNaseP_D.jeanneae
2120,23s,RNaseP,RNaseP_Dermocarpa-PCC7437
2121,23s,RNaseP,RNaseP_E.agglomerulans
2122,23s,RNaseP,RNaseP_E.coli
2123,23s,RNaseP,RNaseP_E.eschscholtzii-2
2124,23s,RNaseP,RNaseP_E.eschsholtzii
2125,23s,RNaseP,RNaseP_E.faecalis
2126,23s,RNaseP,RNaseP_E.faecalis-2
2127,23s,RNaseP,RNaseP_E1B
2128,23s,RNaseP,RNaseP_EM14b-9
2129,23s,RNaseP,RNaseP_ERH
2130,23s,RNaseP,RNaseP_ESH167F
2131,23s,RNaseP,RNaseP_ESH20b-1
2132,23s,RNaseP,RNaseP_ESH26-4
2133,23s,RNaseP,RNaseP_ESH7-9
2134,23s,RNaseP,RNaseP_Fischerella-UTEX1829
2135,23s,RNaseP,RNaseP_G.gorilla
2136,23s,RNaseP,RNaseP_H.aurantiacus
2137,23s,RNaseP,RNaseP_H.chlorum-partial
2138,23s,RNaseP,RNaseP_H.influenza
2139,23s,RNaseP,RNaseP_H.pylori-26695
2140,23s,RNaseP,RNaseP_H.pylori-48K
2141,23s,RNaseP,RNaseP_H.pylori-J99
2142,23s,RNaseP,RNaseP_H.pylori-RU1
2143,23s,RNaseP,RNaseP_H.trapanicum
2144,23s,RNaseP,RNaseP_I.calvum
2145,23s,RNaseP,RNaseP_K.pneumoniae
2146,23s,RNaseP,RNaseP_L.acidophilus
2147,23s,RNaseP,RNaseP_L.japonicus-IFO15385
2148,23s,RNaseP,RNaseP_LGA1
2149,23s,RNaseP,RNaseP_LGB27
2150,23s,RNaseP,RNaseP_LGB32
2151,23s,RNaseP,RNaseP_LGB41
2152,23s,RNaseP,RNaseP_LGW113
2153,23s,RNaseP,RNaseP_LGW18
2154,23s,RNaseP,RNaseP_LGW46
2155,23s,RNaseP,RNaseP_M.barkeri
2156,23s,RNaseP,RNaseP_M.bovis
2157,23s,RNaseP,RNaseP_M.capricolum
2158,23s,RNaseP,RNaseP_M.hyopneumoniae
2159,23s,RNaseP,RNaseP_M.leprae
2160,23s,RNaseP,RNaseP_M.luteus
2161,23s,RNaseP,RNaseP_M.phosphovorus-JCM9380
2162,23s,RNaseP,RNaseP_M.pneumoniae
2163,23s,RNaseP,RNaseP_M.sedula
2164,23s,RNaseP,RNaseP_M.thermoautotrophicum-DH
2165,23s,RNaseP,RNaseP_M.thermoautotrphicumMarb
2166,23s,RNaseP,RNaseP_M.tuberculosis
2167,23s,RNaseP,RNaseP_M.vannielli
2168,23s,RNaseP,RNaseP_N.europaea
2169,23s,RNaseP,RNaseP_N.flavus
2170,23s,RNaseP,RNaseP_N.fulvus-JCM3335
2171,23s,RNaseP,RNaseP_N.gonnorhoeae
2172,23s,RNaseP,RNaseP_N.meningitidis-Z2491
2173,23s,RNaseP,RNaseP_Nocardiodes-NSP41
2174,23s,RNaseP,RNaseP_Nostoc-PCC7413
2175,23s,RNaseP,RNaseP_Onchorhynchus-1
2176,23s,RNaseP,RNaseP_Onchorhynchus-2
2177,23s,RNaseP,RNaseP_Onchorhynchus-sp-1
2178,23s,RNaseP,RNaseP_Onchorhynchus-sp-2
2179,23s,RNaseP,RNaseP_P.alcalifaciens
2180,23s,RNaseP,RNaseP_P.azotoformans
2181,23s,RNaseP,RNaseP_P.douglassii
2182,23s,RNaseP,RNaseP_P.furiosus-2
2183,23s,RNaseP,RNaseP_P.gingivalis
2184,23s,RNaseP,RNaseP_P.marinus
2185,23s,RNaseP,RNaseP_P.mississippiensis
2186,23s,RNaseP,RNaseP_P.purpurea-chloroplast
2187,23s,RNaseP,RNaseP_P.putida
2188,23s,RNaseP,RNaseP_P.staleyi
2189,23s,RNaseP,RNaseP_P.strasburgensis
2190,23s,RNaseP,RNaseP_P.stutzeri
2191,23s,RNaseP,RNaseP_P.troglodytes
2192,23s,RNaseP,RNaseP_P.vulgaris
2193,23s,RNaseP,RNaseP_P131
2194,23s,RNaseP,RNaseP_Prochlorococcus-PAC1A
2195,23s,RNaseP,RNaseP_Prochlorococcus-PAC1B
2196,23s,RNaseP,RNaseP_Prochlorococcus-PCC9511
2197,23s,RNaseP,RNaseP_Prochlorococcus-TATL2
2198,23s,RNaseP,RNaseP_Prochlorococcus-TATL2-2
2199,23s,RNaseP,RNaseP_R.americana-mito
2200,23s,RNaseP,RNaseP_R.norvegicus
2201,23s,RNaseP,RNaseP_R.prowazekii
2202,23s,RNaseP,RNaseP_R.rubrum
2203,23s,RNaseP,RNaseP_S.acidocaldarius
2204,23s,RNaseP,RNaseP_S.bayanus
2205,23s,RNaseP,RNaseP_S.bikiniensis
2206,23s,RNaseP,RNaseP_S.caesia-K182
2207,23s,RNaseP,RNaseP_S.caesia-K200
2208,23s,RNaseP,RNaseP_S.caesia-K76T
2209,23s,RNaseP,RNaseP_S.caesia-SB01
2210,23s,RNaseP,RNaseP_S.carlsbergensis
2211,23s,RNaseP,RNaseP_S.castellii
2212,23s,RNaseP,RNaseP_S.diastaticus
2213,23s,RNaseP,RNaseP_S.epidermidis
2214,23s,RNaseP,RNaseP_S.glauca-K194
2215,23s,RNaseP,RNaseP_S.globosus
2216,23s,RNaseP,RNaseP_S.japonicus
2217,23s,RNaseP,RNaseP_S.kluyveri
2218,23s,RNaseP,RNaseP_S.lividans
2219,23s,RNaseP,RNaseP_S.mutans
2220,23s,RNaseP,RNaseP_S.pastorianus
2221,23s,RNaseP,RNaseP_S.polymorpha
2222,23s,RNaseP,RNaseP_S.pyogenes
2223,23s,RNaseP,RNaseP_S.servazzii
2224,23s,RNaseP,RNaseP_S.shibatae
2225,23s,RNaseP,RNaseP_S.typhi
2226,23s,RNaseP,RNaseP_S.typhimurium
2227,23s,RNaseP,RNaseP_S.unisporus
2228,23s,RNaseP,RNaseP_S.uvarum
2229,23s,RNaseP,RNaseP_S.viridis-K191
2230,23s,RNaseP,RNaseP_S.viridis-K73T
2231,23s,RNaseP,RNaseP_SL1-1
2232,23s,RNaseP,RNaseP_SLC
2233,23s,RNaseP,RNaseP_SM-A01
2234,23s,RNaseP,RNaseP_SM-A03
2235,23s,RNaseP,RNaseP_SM-A04
2236,23s,RNaseP,RNaseP_SM-A05
2237,23s,RNaseP,RNaseP_SM-A06
2238,23s,RNaseP,RNaseP_SM-A1012
2239,23s,RNaseP,RNaseP_SM-A1113
2240,23s,RNaseP,RNaseP_SM-A1214
2241,23s,RNaseP,RNaseP_SM-A1315
2242,23s,RNaseP,RNaseP_SM-A1519
2243,23s,RNaseP,RNaseP_SM-A2642
2244,23s,RNaseP,RNaseP_SM-A2946
2245,23s,RNaseP,RNaseP_SM-A3862
2246,23s,RNaseP,RNaseP_SM-A4065
2247,23s,RNaseP,RNaseP_SM-A4775
2248,23s,RNaseP,RNaseP_SM-A4876
2249,23s,RNaseP,RNaseP_SM-A4977
2250,23s,RNaseP,RNaseP_SM-A5179
2251,23s,RNaseP,RNaseP_SM-A5382
2252,23s,RNaseP,RNaseP_SM-A5584
2253,23s,RNaseP,RNaseP_SM-A5888
2254,23s,RNaseP,RNaseP_SM-A6090
2255,23s,RNaseP,RNaseP_SM1
2256,23s,RNaseP,RNaseP_SMB-A3
2257,23s,RNaseP,RNaseP_SMB-A5
2258,23s,RNaseP,RNaseP_SMB-B3
2259,23s,RNaseP,RNaseP_SMB-B4
2260,23s,RNaseP,RNaseP_Synechococcus-PCC7942
2261,23s,RNaseP,RNaseP_Synechocystis-PCC6308
2262,23s,RNaseP,RNaseP_Synechocystis-PCC6803
2263,23s,RNaseP,RNaseP_T.acidophilum
2264,23s,RNaseP,RNaseP_T.aquaticus
2265,23s,RNaseP,RNaseP_T.celerAL1-2
2266,23s,RNaseP,RNaseP_T.littoralis
2267,23s,RNaseP,RNaseP_T.maritima-g
2268,23s,RNaseP,RNaseP_T.neapolitana
2269,23s,RNaseP,RNaseP_T.pallidum
2270,23s,RNaseP,RNaseP_T.syrichta
2271,23s,RNaseP,RNaseP_T.thermophilus
2272,23s,RNaseP,RNaseP_UK2
2273,23s,RNaseP,RNaseP_UK5
2274,23s,RNaseP,RNaseP_V.cholera
2275,23s,RNaseP,RNaseP_V.spinosum
2276,23s,RNaseP,RNaseP_VSDW
2277,23s,RNaseP,RNaseP_WA1
2278,23s,RNaseP,RNaseP_Y.pestis
2279,23s,RNaseP,RNaseP_Z.bailii
2280,23s,RNaseP,RNaseP_purpleX
2281,23s,grp1,grp1_a.I1.b.Dermocarpa.sp.ATCC29371.C3.tMET
2282,23s,grp1,grp1_a.I1.b.Phormidium.sp.N182.C3.tLEU
2283,23s,grp1,grp1_a.I1.b.S.hofmanii.C3.tMET
2284,23s,grp1,grp1_a.I1.b.Synechococcus.sp2.C3.tLEU
2285,23s,grp1,grp1_a.I1.c.A.cherimola.C3.tLEU
2286,23s,grp1,grp1_a.I1.c.G.prostrata.C3.tLEU
2287,23s,grp1,grp1_a.I1.c.S.bicolor.C3.tLEU
2288,23s,grp1,grp1_a.I1.e.A.adeninivorans.C1.LSU.2449
2289,23s,grp1,grp1_a.I1.e.A.capsulatus.CBS213.53.C1.SSU.943
2290,23s,grp1,grp1_a.I1.e.A.capsulatus.FLs1.C1.SSU
2291,23s,grp1,grp1_a.I1.e.A.capsulatus.G184B.C1.SSU
2292,23s,grp1,grp1_a.I1.e.A.capsulatus.G186B.C1.SSU
2293,23s,grp1,grp1_a.I1.e.A.stipitatus.C1.SSU.1046
2294,23s,grp1,grp1_a.I1.e.B.ciliata.JCM6865.C1.SSU.1506
2295,23s,grp1,grp1_a.I1.e.B.ciliata.JCM6865.C1.SSU.943
2296,23s,grp1,grp1_a.I1.e.B.yamatoana.JCM2896.C1.SSU.1506
2297,23s,grp1,grp1_a.I1.e.B.yamatoana.JCM2896.C1.SSU.943
2298,23s,grp1,grp1_a.I1.e.C.ellipsoidea.211-1a.C1.SSU.1506
2299,23s,grp1,grp1_a.I1.e.C.ellipsoidea.IAMC-87.C1.SSU.1506
2300,23s,grp1,grp1_a.I1.e.C.grayi.UNK.SSU.1046
2301,23s,grp1,grp1_a.I1.e.C.grayi.UNK.SSU.1516
2302,23s,grp1,grp1_a.I1.e.C.merochlorophea.UNK.SSU.1046
2303,23s,grp1,grp1_a.I1.e.C.merochlorophea.UNK.SSU.1210
2304,23s,grp1,grp1_a.I1.e.C.merochlorophea.UNK.SSU.1389
2305,23s,grp1,grp1_a.I1.e.C.merochlorophea.UNK.SSU.1516
2306,23s,grp1,grp1_a.I1.e.C.saccatum.C1.SSU.1512
2307,23s,grp1,grp1_a.I1.e.C.saxonicum.C1.SSU.1506
2308,23s,grp1,grp1_a.I1.e.D.parva.C1.SSU.1512
2309,23s,grp1,grp1_a.I1.e.D.parva.C1.SSU.943
2310,23s,grp1,grp1_a.I1.e.D.salina.C1.SSU.943
2311,23s,grp1,grp1_a.I1.e.E.dermatitidis.C1.SSU.943
2312,23s,grp1,grp1_a.I1.e.G.planctonica.C1.SSU.943
2313,23s,grp1,grp1_a.I1.e.G.spirotaenia.C1.SSU.1506
2314,23s,grp1,grp1_a.I1.e.L.dispersa.UNK.SSU.1046
2315,23s,grp1,grp1_a.I1.e.L.dispersa.UNK.SSU.114
2316,23s,grp1,grp1_a.I1.e.L.dispersa.UNK.SSU.1210
2317,23s,grp1,grp1_a.I1.e.L.dispersa.UNK.SSU.1516
2318,23s,grp1,grp1_a.I1.e.L.dispersa.UNK.SSU.287
2319,23s,grp1,grp1_a.I1.e.L.dispersa.UNK.SSU.516
2320,23s,grp1,grp1_a.I1.e.L.dispersa.UNK.SSU.789
2321,23s,grp1,grp1_a.I1.e.M.caldariorum.C1.SSU.1506
2322,23s,grp1,grp1_a.I1.e.P.carinii.C1.SSU.1506
2323,23s,grp1,grp1_a.I1.e.P.carinii.Pc1.C1.LSU.1921
2324,23s,grp1,grp1_a.I1.e.P.carinii.Pc2.C1.LSU.1921
2325,23s,grp1,grp1_a.I1.e.P.carinii.Pc3.C1.LSU.1921
2326,23s,grp1,grp1_a.I1.e.P.clavariiformis.C1.SSU.943
2327,23s,grp1,grp1_a.I1.e.P.inouyei.C1.SSU.1506
2328,23s,grp1,grp1_a.I1.e.P.inouyei.C1.SSU.943
2329,23s,grp1,grp1_a.I1.e.P.macrosporus.C1.SSU.1506
2330,23s,grp1,grp1_a.I1.e.P.macrosporus.C1.SSU.943
2331,23s,grp1,grp1_a.I1.e.P.pachydermus.C1.SSU.943
2332,23s,grp1,grp1_a.I1.e.P.sarcinoidea.C1.SSU.943
2333,23s,grp1,grp1_a.I1.e.S.granulatum.C1.SSU.1506
2334,23s,grp1,grp1_a.I1.e.S.paniceum.UNK.SSU.1052
2335,23s,grp1,grp1_a.I1.e.S.paniceum.UNK.SSU.114
2336,23s,grp1,grp1_a.I1.e.S.paniceum.UNK.SSU.1210
2337,23s,grp1,grp1_a.I1.e.S.paniceum.UNK.SSU.1506
2338,23s,grp1,grp1_a.I1.e.S.paniceum.UNK.SSU.287
2339,23s,grp1,grp1_a.I1.e.S.sclerotiorum_1837.C1.LSU.798
2340,23s,grp1,grp1_a.I1.e.Staurastrum.sp.M752.C1.SSU.1506
2341,23s,grp1,grp1_a.I1.e.Staurastrum.sp.M753.C1.SSU.1506
2342,23s,grp1,grp1_a.I1.e.T.cosmopolitanis.C1.LSU.1925
2343,23s,grp1,grp1_a.I1.e.T.hyperangularis.C1.LSU.1925
2344,23s,grp1,grp1_a.I1.e.T.malaccensis.C1.LSU.1925
2345,23s,grp1,grp1_a.I1.e.T.pigmentosa.C1.LSU.1925
2346,23s,grp1,grp1_a.I1.e.U.maydis.C1.SSU.943
2347,23s,grp1,grp1_a.I1.m.M.grisea.B2.ND1
2348,23s,grp1,grp1_a.I1.m.S.luteus.A1.LSU.2504
2349,23s,grp1,grp1_a.I1.m.S.pombe.B1.OX1
2350,23s,grp1,grp1_b.I1.e.C.saccharophila.C1.SSU.156
2351,23s,grp1,grp1_b.I1.e.M.anisopliae.2.C1.LSU.1921
2352,23s,grp1,grp1_b.I1.e.M.anisopliae.3.C1.LSU.1921
2353,23s,grp1,grp1_b.I1.e.T.thermophila.C1.LSU.1925
2354,23s,grp1,grp1_s.I1.e.T.thermophila.C1.LSU.1925.schem
2355,23s,grp1,grp1_a.I1.b.Dermocarpa.sp.ATCC29371.C3.tMET
2356,23s,grp1,grp1_a.I1.b.Phormidium.sp.N182.C3.tLEU
2357,23s,grp1,grp1_a.I1.b.S.hofmanii.C3.tMET
2358,23s,grp1,grp1_a.I1.b.Synechococcus.sp2.C3.tLEU
2359,23s,grp1,grp1_a.I1.c.A.cherimola.C3.tLEU
2360,23s,grp1,grp1_a.I1.c.G.prostrata.C3.tLEU
2361,23s,grp1,grp1_a.I1.c.S.bicolor.C3.tLEU
2362,23s,grp1,grp1_a.I1.e.A.adeninivorans.C1.LSU.2449
2363,23s,grp1,grp1_a.I1.e.A.capsulatus.CBS213.53.C1.SSU.943
2364,23s,grp1,grp1_a.I1.e.A.capsulatus.FLs1.C1.SSU
2365,23s,grp1,grp1_a.I1.e.A.capsulatus.G184B.C1.SSU
2366,23s,grp1,grp1_a.I1.e.A.capsulatus.G186B.C1.SSU
2367,23s,grp1,grp1_a.I1.e.A.stipitatus.C1.SSU.1046
2368,23s,grp1,grp1_a.I1.e.B.ciliata.JCM6865.C1.SSU.1506
2369,23s,grp1,grp1_a.I1.e.B.ciliata.JCM6865.C1.SSU.943
2370,23s,grp1,grp1_a.I1.e.B.yamatoana.JCM2896.C1.SSU.1506
2371,23s,grp1,grp1_a.I1.e.B.yamatoana.JCM2896.C1.SSU.943
2372,23s,grp1,grp1_a.I1.e.C.ellipsoidea.211-1a.C1.SSU.1506
2373,23s,grp1,grp1_a.I1.e.C.ellipsoidea.IAMC-87.C1.SSU.1506
2374,23s,grp1,grp1_a.I1.e.C.grayi.UNK.SSU.1046
2375,23s,grp1,grp1_a.I1.e.C.grayi.UNK.SSU.1516
2376,23s,grp1,grp1_a.I1.e.C.merochlorophea.UNK.SSU.1046
2377,23s,grp1,grp1_a.I1.e.C.merochlorophea.UNK.SSU.1210
2378,23s,grp1,grp1_a.I1.e.C.merochlorophea.UNK.SSU.1389
2379,23s,grp1,grp1_a.I1.e.C.merochlorophea.UNK.SSU.1516
2380,23s,grp1,grp1_a.I1.e.C.saccatum.C1.SSU.1512
2381,23s,grp1,grp1_a.I1.e.C.saxonicum.C1.SSU.1506
2382,23s,grp1,grp1_a.I1.e.D.parva.C1.SSU.1512
2383,23s,grp1,grp1_a.I1.e.D.parva.C1.SSU.943
2384,23s,grp1,grp1_a.I1.e.D.salina.C1.SSU.943
2385,23s,grp1,grp1_a.I1.e.E.dermatitidis.C1.SSU.943
2386,23s,grp1,grp1_a.I1.e.G.planctonica.C1.SSU.943
2387,23s,grp1,grp1_a.I1.e.G.spirotaenia.C1.SSU.1506
2388,23s,grp1,grp1_a.I1.e.L.dispersa.UNK.SSU.1046
2389,23s,grp1,grp1_a.I1.e.L.dispersa.UNK.SSU.114
2390,23s,grp1,grp1_a.I1.e.L.dispersa.UNK.SSU.1210
2391,23s,grp1,grp1_a.I1.e.L.dispersa.UNK.SSU.1516
2392,23s,grp1,grp1_a.I1.e.L.dispersa.UNK.SSU.287
2393,23s,grp1,grp1_a.I1.e.L.dispersa.UNK.SSU.516
2394,23s,grp1,grp1_a.I1.e.L.dispersa.UNK.SSU.789
2395,23s,grp1,grp1_a.I1.e.M.caldariorum.C1.SSU.1506
2396,23s,grp1,grp1_a.I1.e.P.carinii.C1.SSU.1506
2397,23s,grp1,grp1_a.I1.e.P.carinii.Pc1.C1.LSU.1921
2398,23s,grp1,grp1_a.I1.e.P.carinii.Pc2.C1.LSU.1921
2399,23s,grp1,grp1_a.I1.e.P.carinii.Pc3.C1.LSU.1921
2400,23s,grp1,grp1_a.I1.e.P.clavariiformis.C1.SSU.943
2401,23s,grp1,grp1_a.I1.e.P.inouyei.C1.SSU.1506
2402,23s,grp1,grp1_a.I1.e.P.inouyei.C1.SSU.943
2403,23s,grp1,grp1_a.I1.e.P.macrosporus.C1.SSU.1506
2404,23s,grp1,grp1_a.I1.e.P.macrosporus.C1.SSU.943
2405,23s,grp1,grp1_a.I1.e.P.pachydermus.C1.SSU.943
2406,23s,grp1,grp1_a.I1.e.P.sarcinoidea.C1.SSU.943
2407,23s,grp1,grp1_a.I1.e.S.granulatum.C1.SSU.1506
2408,23s,grp1,grp1_a.I1.e.S.paniceum.UNK.SSU.1052
2409,23s,grp1,grp1_a.I1.e.S.paniceum.UNK.SSU.114
2410,23s,grp1,grp1_a.I1.e.S.paniceum.UNK.SSU.1210
2411,23s,grp1,grp1_a.I1.e.S.paniceum.UNK.SSU.1506
2412,23s,grp1,grp1_a.I1.e.S.paniceum.UNK.SSU.287
2413,23s,grp1,grp1_a.I1.e.S.sclerotiorum_1837.C1.LSU.798
2414,23s,grp1,grp1_a.I1.e.Staurastrum.sp.M752.C1.SSU.1506
2415,23s,grp1,grp1_a.I1.e.Staurastrum.sp.M753.C1.SSU.1506
2416,23s,grp1,grp1_a.I1.e.T.cosmopolitanis.C1.LSU.1925
2417,23s,grp1,grp1_a.I1.e.T.hyperangularis.C1.LSU.1925
2418,23s,grp1,grp1_a.I1.e.T.malaccensis.C1.LSU.1925
2419,23s,grp1,grp1_a.I1.e.T.pigmentosa.C1.LSU.1925
2420,23s,grp1,grp1_a.I1.e.U.maydis.C1.SSU.943
2421,23s,grp1,grp1_a.I1.m.M.grisea.B2.ND1
2422,23s,grp1,grp1_a.I1.m.S.luteus.A1.LSU.2504
2423,23s,grp1,grp1_a.I1.m.S.pombe.B1.OX1
2424,23s,grp1,grp1_b.I1.e.C.saccharophila.C1.SSU.156
2425,23s,grp1,grp1_b.I1.e.M.anisopliae.2.C1.LSU.1921
2426,23s,grp1,grp1_b.I1.e.M.anisopliae.3.C1.LSU.1921
2427,23s,grp1,grp1_b.I1.e.T.thermophila.C1.LSU.1925
2428,23s,grp1,grp1_s.I1.e.T.thermophila.C1.LSU.1925.schem
2429,23s,grp1,grp1_a.I1.b.Dermocarpa.sp.ATCC29371.C3.tMET
2430,23s,grp1,grp1_a.I1.b.Phormidium.sp.N182.C3.tLEU
2431,23s,grp1,grp1_a.I1.b.S.hofmanii.C3.tMET
2432,23s,grp1,grp1_a.I1.b.Synechococcus.sp2.C3.tLEU
2433,23s,grp1,grp1_a.I1.c.A.cherimola.C3.tLEU
2434,23s,grp1,grp1_a.I1.c.G.prostrata.C3.tLEU
2435,23s,grp1,grp1_a.I1.c.S.bicolor.C3.tLEU
2436,23s,grp1,grp1_a.I1.e.A.adeninivorans.C1.LSU.2449
2437,23s,grp1,grp1_a.I1.e.A.capsulatus.CBS213.53.C1.SSU.943
2438,23s,grp1,grp1_a.I1.e.A.capsulatus.FLs1.C1.SSU
2439,23s,grp1,grp1_a.I1.e.A.capsulatus.G184B.C1.SSU
2440,23s,grp1,grp1_a.I1.e.A.capsulatus.G186B.C1.SSU
2441,23s,grp1,grp1_a.I1.e.A.stipitatus.C1.SSU.1046
2442,23s,grp1,grp1_a.I1.e.B.ciliata.JCM6865.C1.SSU.1506
2443,23s,grp1,grp1_a.I1.e.B.ciliata.JCM6865.C1.SSU.943
2444,23s,grp1,grp1_a.I1.e.B.yamatoana.JCM2896.C1.SSU.1506
2445,23s,grp1,grp1_a.I1.e.B.yamatoana.JCM2896.C1.SSU.943
2446,23s,grp1,grp1_a.I1.e.C.ellipsoidea.211-1a.C1.SSU.1506
2447,23s,grp1,grp1_a.I1.e.C.ellipsoidea.IAMC-87.C1.SSU.1506
2448,23s,grp1,grp1_a.I1.e.C.grayi.UNK.SSU.1046
2449,23s,grp1,grp1_a.I1.e.C.grayi.UNK.SSU.1516
2450,23s,grp1,grp1_a.I1.e.C.merochlorophea.UNK.SSU.1046
2451,23s,grp1,grp1_a.I1.e.C.merochlorophea.UNK.SSU.1210
2452,23s,grp1,grp1_a.I1.e.C.merochlorophea.UNK.SSU.1389
2453,23s,grp1,grp1_a.I1.e.C.merochlorophea.UNK.SSU.1516
2454,23s,grp1,grp1_a.I1.e.C.saccatum.C1.SSU.1512
2455,23s,grp1,grp1_a.I1.e.C.saxonicum.C1.SSU.1506
2456,23s,grp1,grp1_a.I1.e.D.parva.C1.SSU.1512
2457,23s,grp1,grp1_a.I1.e.D.parva.C1.SSU.943
2458,23s,grp1,grp1_a.I1.e.D.salina.C1.SSU.943
2459,23s,grp1,grp1_a.I1.e.E.dermatitidis.C1.SSU.943
2460,23s,grp1,grp1_a.I1.e.G.planctonica.C1.SSU.943
2461,23s,grp1,grp1_a.I1.e.G.spirotaenia.C1.SSU.1506
2462,23s,grp1,grp1_a.I1.e.L.dispersa.UNK.SSU.1046
2463,23s,grp1,grp1_a.I1.e.L.dispersa.UNK.SSU.114
2464,23s,grp1,grp1_a.I1.e.L.dispersa.UNK.SSU.1210
2465,23s,grp1,grp1_a.I1.e.L.dispersa.UNK.SSU.1516
2466,23s,grp1,grp1_a.I1.e.L.dispersa.UNK.SSU.287
2467,23s,grp1,grp1_a.I1.e.L.dispersa.UNK.SSU.516
2468,23s,grp1,grp1_a.I1.e.L.dispersa.UNK.SSU.789
2469,23s,grp1,grp1_a.I1.e.M.caldariorum.C1.SSU.1506
2470,23s,grp1,grp1_a.I1.e.P.carinii.C1.SSU.1506
2471,23s,grp1,grp1_a.I1.e.P.carinii.Pc1.C1.LSU.1921
2472,23s,grp1,grp1_a.I1.e.P.carinii.Pc2.C1.LSU.1921
2473,23s,grp1,grp1_a.I1.e.P.carinii.Pc3.C1.LSU.1921
2474,23s,grp1,grp1_a.I1.e.P.clavariiformis.C1.SSU.943
2475,23s,grp1,grp1_a.I1.e.P.inouyei.C1.SSU.1506
2476,23s,grp1,grp1_a.I1.e.P.inouyei.C1.SSU.943
2477,23s,grp1,grp1_a.I1.e.P.macrosporus.C1.SSU.1506
2478,23s,grp1,grp1_a.I1.e.P.macrosporus.C1.SSU.943
2479,23s,grp1,grp1_a.I1.e.P.pachydermus.C1.SSU.943
2480,23s,grp1,grp1_a.I1.e.P.sarcinoidea.C1.SSU.943
2481,23s,srp,srp_Acin.spec._CR543861
2482,23s,srp,srp_Aede.aegy._DW714815
2483,23s,srp,srp_Aero.pern._BA000002
2484,23s,srp,srp_Alka.meta._CP000724
2485,23s,srp,srp_Anae.sp.._CP000769
2486,23s,srp,srp_Anto.locu._GSP-278021
2487,23s,srp,srp_Arab.thal._AC005275
2488,23s,srp,srp_Arab.thal._X72228
2489,23s,srp,srp_Ashb.goss._AE016819
2490,23s,srp,srp_Aspe.flav._GSP-332952
2491,23s,srp,srp_Aspe.fumi._GSP-41122
2492,23s,srp,srp_Aspe.terr._GSP-341663
2493,23s,srp,srp_Baci.alca._D11422
2494,23s,srp,srp_Baci.cere._CP000001
2495,23s,srp,srp_Baci.poly._D11421
2496,23s,srp,srp_Baci.subt._X06802
2497,23s,srp,srp_Baci.subt._X12642
2498,23s,srp,srp_Baci.thur._CP000485
2499,23s,srp,srp_Bdel.bact._BX842656
2500,23s,srp,srp_Bloc.flor._BX248585
2501,23s,srp,srp_Borr.burg._AE000783
2502,23s,srp,srp_Bos.taur._GSP-6282
2503,23s,srp,srp_Brad.japo._BA000040
2504,23s,srp,srp_Bras.napu._EE412262
2505,23s,srp,srp_Bruc.meli._AM040264
2506,23s,srp,srp_Bruc.ovis._CP000708
2507,23s,srp,srp_Burk.mall._CP000546
2508,23s,srp,srp_Burk.pseu._CP000124
2509,23s,srp,srp_Burk.pseu._CP000572
2510,23s,srp,srp_Caen.eleg._AY948607
2511,23s,srp,srp_Camp.jeju._CP000025
2512,23s,srp,srp_Cand.Bloc._CP000016
2513,23s,srp,srp_Carb.hydr._CP000141
2514,23s,srp,srp_Caul.cres._AE005700
2515,23s,srp,srp_Chla.cavi._AE016995
2516,23s,srp,srp_Chla.muri._AE002160
2517,23s,srp,srp_Chla.pneu._AE001363
2518,23s,srp,srp_Chla.rein._SDB-3055
2519,23s,srp,srp_Chla.trac._AE001298
2520,23s,srp,srp_Chlo.vulg._AB001684
2521,23s,srp,srp_Cion.savi._BW551179
2522,23s,srp,srp_Citr.sine._CN181543
2523,23s,srp,srp_Clos.acet._AE001437
2524,23s,srp,srp_Clos.beij._CP000721
2525,23s,srp,srp_Clos.botu._AM412317
2526,23s,srp,srp_Clos.diff._AM180355
2527,23s,srp,srp_Clos.kluy._CP000673
2528,23s,srp,srp_Clos.perf._CP000246
2529,23s,srp,srp_Cocc.posa._GSP-222929
2530,23s,srp,srp_Cory.diph._BX248354
2531,23s,srp,srp_Cory.jeik._CR931997
2532,23s,srp,srp_Cryp.homi._GSP-353151
2533,23s,srp,srp_Cryp.parv._XM_626716
2534,23s,srp,srp_Cypr.carp._CF662133
2535,23s,srp,srp_Dani.rrer._BX469912
2536,23s,srp,srp_Desu.vulg._CP000527
2537,23s,srp,srp_Dros.mela._AE014297
2538,23s,srp,srp_Dros.mela._X00952
2539,23s,srp,srp_Dros.moja._GSP-7230
2540,23s,srp,srp_Ence.cuni._AL590449
2541,23s,srp,srp_Ente.faec._AE016953
2542,23s,srp,srp_Ento.sulc._AF095839
2543,23s,srp,srp_Esch.coli._AE016756
2544,23s,srp,srp_Esch.coli._CP000243
2545,23s,srp,srp_Esch.coli._CP000468
2546,23s,srp,srp_Esch.coli._U00096
2547,23s,srp,srp_Esch.coli._U82664
2548,23s,srp,srp_Esch.coli._X01074
2549,23s,srp,srp_Fran.tula._AJ749949
2550,23s,srp,srp_Fran.tula._AM286280
2551,23s,srp,srp_Fran.tula._CP000437
2552,23s,srp,srp_Fran.tula._CP000439
2553,23s,srp,srp_Gald.sulp._GSP-130081
2554,23s,srp,srp_Gibb.zeae._GSP-229533
2555,23s,srp,srp_Haem.infl._CP000672
2556,23s,srp,srp_Hahe.chej._CP000155
2557,23s,srp,srp_Halo.mari._AY596297
2558,23s,srp,srp_Halo.volc._AF395888
2559,23s,srp,srp_Heli.annu._AJ828095
2560,23s,srp,srp_Heli.pylo._AE001439
2561,23s,srp,srp_Heli.pylo._CP000241
2562,23s,srp,srp_Homo.sapi._AB061847
2563,23s,srp,srp_Homo.sapi._BE083383
2564,23s,srp,srp_Homo.sapi._BF875598
2565,23s,srp,srp_Homo.sapi._BF909438
2566,23s,srp,srp_Homo.sapi._BF909560
2567,23s,srp,srp_Homo.sapi._BF909563
2568,23s,srp,srp_Homo.sapi._NR_002715
2569,23s,srp,srp_Humu.lupu._AJ236703
2570,23s,srp,srp_Humu.lupu._X65983
2571,23s,srp,srp_Hype.buty._CP000493
2572,23s,srp,srp_Kine.radi._CP000750
2573,23s,srp,srp_Kleb.pneu._CP000647
2574,23s,srp,srp_Kluy.lact._CR382126
2575,23s,srp,srp_Lact.case._CP000423
2576,23s,srp,srp_Lact.delb._CR954253
2577,23s,srp,srp_Lact.john._AE017198
2578,23s,srp,srp_Legi.pneu._CR628337
2579,23s,srp,srp_Leis.braz._AY722724
2580,23s,srp,srp_Leis.dono._AY722734
2581,23s,srp,srp_Leis.guya._AY722728
2582,23s,srp,srp_Leis.infa._AM502223
2583,23s,srp,srp_Leis.infa._SDB-5671
2584,23s,srp,srp_Leis.majo._AY722715
2585,23s,srp,srp_Leis.majo._SDB-347515
2586,23s,srp,srp_List.inno._AL596173
2587,23s,srp,srp_List.mono._U15684
2588,23s,srp,srp_List.wels._AM263198
2589,23s,srp,srp_Lyco.escu._Z29099
2590,23s,srp,srp_Mann.succ._AE016827
2591,23s,srp,srp_Mari.aqua._CP000514
2592,23s,srp,srp_Medi.trun._AC136507
2593,23s,srp,srp_Medi.trun._BE941271
2594,23s,srp,srp_Medi.trun._CX540689
2595,23s,srp,srp_Meth.acet._AE010299
2596,23s,srp,srp_Meth.burt._CP000300
2597,23s,srp,srp_Meth.ferv._M32222
2598,23s,srp,srp_Meth.jann._L77117
2599,23s,srp,srp_Meth.mari._CP000745
2600,23s,srp,srp_Meth.maze._AE008384
2601,23s,srp,srp_Mono.brev._GSP-81824
2602,23s,srp,srp_Myco.bovi._BX248347
2603,23s,srp,srp_Myco.geni._L43967
2604,23s,srp,srp_Myco.hyop._AE017244
2605,23s,srp,srp_Myco.lepr._AL023596
2606,23s,srp,srp_Myco.myco._BX842642
2607,23s,srp,srp_Myco.spec._CP000580
2608,23s,srp,srp_Myco.syno._AE017245
2609,23s,srp,srp_Nitr.euro._AL954747
2610,23s,srp,srp_Nitr.euro._BX321857
2611,23s,srp,srp_Nitr.eutr._CP000450
2612,23s,srp,srp_Onch.volv._AI249203
2613,23s,srp,srp_Orni.anat._GSP-9258
2614,23s,srp,srp_Para.bras._CN241137
2615,23s,srp,srp_Phyt.ramo._GSP-164328
2616,23s,srp,srp_Picr.torr._AE017261
2617,23s,srp,srp_Plas.gall._GSP-5849
2618,23s,srp,srp_Popu.bals._GSP-73824
2619,23s,srp,srp_Proc.mari._AE017165
2620,23s,srp,srp_Proc.mari._BX572093
2621,23s,srp,srp_Proc.mari._CP000551
2622,23s,srp,srp_Proc.mari._CP000576
2623,23s,srp,srp_Proc.spec._AJ011025
2624,23s,srp,srp_Pseu.syri._CP000075
2625,23s,srp,srp_Psyc.arct._CP000082
2626,23s,srp,srp_Psyc.sp.._CP000713
2627,23s,srp,srp_Pyro.cali._CP000561
2628,23s,srp,srp_Pyro.hori._BA000001
2629,23s,srp,srp_Rick.typh._AE017197
2630,23s,srp,srp_Sacc.para._BN000251
2631,23s,srp,srp_Salm.ente._AE017220
2632,23s,srp,srp_Schm.medi._GSP-79327
2633,23s,srp,srp_Shew.balt._CP000563
2634,23s,srp,srp_Shew.spec._CP000503
2635,23s,srp,srp_Shig.flex._AE005674
2636,23s,srp,srp_Shig.flex._AE014073
2637,23s,srp,srp_Shig.flex._AE016979
2638,23s,srp,srp_Shig.flex._CP000266
2639,23s,srp,srp_Sili.spec._CP000377
2640,23s,srp,srp_Sino.meli._AL591782
2641,23s,srp,srp_Stap.aure._BX571857
2642,23s,srp,srp_Stap.aure._CP000703
2643,23s,srp,srp_Stap.aure._E36052
2644,23s,srp,srp_Stap.epid._AF269814
2645,23s,srp,srp_Stre.agal._AL766845
2646,23s,srp,srp_Stre.muta._AE014133
2647,23s,srp,srp_Stre.pneu._AE007319
2648,23s,srp,srp_Stre.pneu._CP000410
2649,23s,srp,srp_Stre.pyog._AE009969
2650,23s,srp,srp_Stre.pyog._AE014139
2651,23s,srp,srp_Stre.pyog._AM295007
2652,23s,srp,srp_Stre.pyog._CP000056
2653,23s,srp,srp_Stre.pyog._CP000260
2654,23s,srp,srp_Stre.pyog._CP000261
2655,23s,srp,srp_Sulf.solf._Y08257
2656,23s,srp,srp_Sulf.toko._BA000023
2657,23s,srp,srp_Thal.pseu._EF067921
2658,23s,srp,srp_Thal.pseu._GSP-296543
2659,23s,srp,srp_Ther.acid._AL445063
2660,23s,srp,srp_Ther.koda._AP006878
2661,23s,srp,srp_Ther.mela._CP000716
2662,23s,srp,srp_Toxo.gond._GSP-398031
2663,23s,srp,srp_Tric.vagi._GSP-5722-2
2664,23s,srp,srp_Trit.aest._BE424647
2665,23s,srp,srp_Trit.aest._CD897082
2666,23s,srp,srp_Trop.whip._AE014184
2667,23s,srp,srp_Trop.whip._AE016852
2668,23s,srp,srp_Tryp.bruc._AF047723
2669,23s,srp,srp_Tryp.bruc._S56681
2670,23s,srp,srp_Tryp.bruc._X57047
2671,23s,srp,srp_Tryp.cong._SDB-5692
2672,23s,srp,srp_Vibr.chol._CP000627
2673,23s,srp,srp_Xant.camp._CP000050
2674,23s,srp,srp_Xant.oryz._AE013598
2675,23s,srp,srp_Yarr.lipo._X51658
2676,23s,srp,srp_Yers.pest._AE017042
2677,23s,srp,srp_Yers.pest._AE017129
2678,23s,srp,srp_Yers.pest._AJ414155
2679,23s,srp,srp_Yers.pest._CP000305
2680,23s,srp,srp_Yers.pseu._BX936398
2681,23s,tRNA,tRNA_tdbR00000003-Haloferax_volcanii-2246-Ala-GGC
2682,23s,tRNA,tRNA_tdbR00000010-Escherichia_coli-562-Ala-VGC
2683,23s,tRNA,tRNA_tdbR00000011-Neurospora_crassa-5141-Ala-UGC
2684,23s,tRNA,tRNA_tdbR00000013-Pichia_jadinii-4903-Ala-IGC
2685,23s,tRNA,tRNA_tdbR00000017-Homo_sapiens-9606-Ala-IGC
2686,23s,tRNA,tRNA_tdbR00000020-Escherichia_coli-562-Cys-GCA
2687,23s,tRNA,tRNA_tdbR00000021-Saccharomyces_cerevisiae-4932-Cys-GCA
2688,23s,tRNA,tRNA_tdbR00000024-Mycoplasma_capricolum-2095-Asp-GUC
2689,23s,tRNA,tRNA_tdbR00000026-Escherichia_coli-562-Asp-QUC
2690,23s,tRNA,tRNA_tdbR00000030-Aedes_albopictus-7160-Asp-GUC
2691,23s,tRNA,tRNA_tdbR00000032-Rattus_norvegicus-10116-Asp-GUC
2692,23s,tRNA,tRNA_tdbR00000036-Euglena_gracilis-3039-Asp-GUC
2693,23s,tRNA,tRNA_tdbR00000038-Rattus_norvegicus-10116-Asp-8UC
2694,23s,tRNA,tRNA_tdbR00000042-Haloferax_volcanii-2246-Glu-MUC
2695,23s,tRNA,tRNA_tdbR00000043-Haloferax_volcanii-2246-Glu-NUC
2696,23s,tRNA,tRNA_tdbR00000053-Bos_taurus-9913-Glu-NUC
2697,23s,tRNA,tRNA_tdbR00000059-Rattus_norvegicus-10116-Glu-3UC
2698,23s,tRNA,tRNA_tdbR00000063-Haloferax_volcanii-2246-Phe-GAA
2699,23s,tRNA,tRNA_tdbR00000067-Escherichia_coli-562-Phe-GAA
2700,23s,tRNA,tRNA_tdbR00000072-Phaseolus_vulgaris-3885-Phe-GAA
2701,23s,tRNA,tRNA_tdbR00000074-Tetrahymena_pyriformis-5908-Phe-GAA
2702,23s,tRNA,tRNA_tdbR00000078-Ascaris_suum-6253-Phe-GAA
2703,23s,tRNA,tRNA_tdbR00000089-Brassica_napus-3708-Phe-AA
2704,23s,tRNA,tRNA_tdbR00000090-Lupinus_luteus-3873-Phe-AA
2705,23s,tRNA,tRNA_tdbR00000092-Oryctolagus_cuniculus-9986-Phe-AA
2706,23s,tRNA,tRNA_tdbR00000093-Bombyx_mori-7091-Phe-AA
2707,23s,tRNA,tRNA_tdbR00000098-Xenopus_laevis-8355-Phe-AA
2708,23s,tRNA,tRNA_tdbR00000108-Haloferax_volcanii-2246-Gly-GCC
2709,23s,tRNA,tRNA_tdbR00000109-Haloferax_volcanii-2246-Gly-NCC
2710,23s,tRNA,tRNA_tdbR00000111-Mycoplasma_capricolum-2095-Gly-UCC
2711,23s,tRNA,tRNA_tdbR00000114-Staphylococcus_epidermidis-1282-Gly-UCC
2712,23s,tRNA,tRNA_tdbR00000115-Staphylococcus_epidermidis-1282-Gly-UCC
2713,23s,tRNA,tRNA_tdbR00000119-Escherichia_coli-562-Gly-NCC
2714,23s,tRNA,tRNA_tdbR00000125-Bos_taurus-9913-Gly-UCC
2715,23s,tRNA,tRNA_tdbR00000128-Halocynthia_roretzi-7729-Gly-GCU
2716,23s,tRNA,tRNA_tdbR00000132-Lupinus_luteus-3873-Gly-GCC
2717,23s,tRNA,tRNA_tdbR00000136-Homo_sapiens-9606-Gly-GCC
2718,23s,tRNA,tRNA_tdbR00000139-Mycoplasma_capricolum-2095-His-GUK
2719,23s,tRNA,tRNA_tdbR00000140-Escherichia_coli-562-His-QUG
2720,23s,tRNA,tRNA_tdbR00000142-Saccharomyces_cerevisiae-4932-His-GUG
2721,23s,tRNA,tRNA_tdbR00000143-Asterias_amurensis-7602-His-QUG
2722,23s,tRNA,tRNA_tdbR00000151-Haloferax_volcanii-2246-Ile-GAU
2723,23s,tRNA,tRNA_tdbR00000155-Mycoplasma_mycoides-2102-Ile-GAU
2724,23s,tRNA,tRNA_tdbR00000159-Escherichia_coli-562-Ile-GAU
2725,23s,tRNA,tRNA_tdbR00000164-Saccharomyces_cerevisiae-4932-Ile-GAU
2726,23s,tRNA,tRNA_tdbR00000165-Solanum_tuberosum-4113-Ile-AU
2727,23s,tRNA,tRNA_tdbR00000170-Saccharomyces_cerevisiae-4932-Ile-IAU
2728,23s,tRNA,tRNA_tdbR00000172-Lupinus_luteus-3873-Ile-IAU
2729,23s,tRNA,tRNA_tdbR00000175-Haloferax_volcanii-2246-Lys-NUU
2730,23s,tRNA,tRNA_tdbR00000176-Haloferax_volcanii-2246-Lys-MUU
2731,23s,tRNA,tRNA_tdbR00000177-Mycoplasma_capricolum-2095-Lys-CUU
2732,23s,tRNA,tRNA_tdbR00000179-Bacillus_subtilis-1423-Lys-UU
2733,23s,tRNA,tRNA_tdbR00000184-Asterias_amurensis-7602-Lys-CUU
2734,23s,tRNA,tRNA_tdbR00000192-Saccharomyces_cerevisiae-4932-Lys-CUU
2735,23s,tRNA,tRNA_tdbR00000194-Triticum_aestivum-4565-Lys-CUU
2736,23s,tRNA,tRNA_tdbR00000196-Rattus_norvegicus-10116-Lys-CUN
2737,23s,tRNA,tRNA_tdbR00000197-Rattus_norvegicus-10116-Lys-3UU
2738,23s,tRNA,tRNA_tdbR00000199-Oryctolagus_cuniculus-9986-Lys-CUU
2739,23s,tRNA,tRNA_tdbR00000206-Loligo_bleekeri-6617-Lys-UUU
2740,23s,tRNA,tRNA_tdbR00000208-Mus_musculus-10090-Lys-CUN
2741,23s,tRNA,tRNA_tdbR00000209-Enterobacteria_phage_T4-10665-Leu-NAA
2742,23s,tRNA,tRNA_tdbR00000211-Haloferax_volcanii-2246-Leu-CAA
2743,23s,tRNA,tRNA_tdbR00000216-Mycoplasma_capricolum-2095-Leu-BAA
2744,23s,tRNA,tRNA_tdbR00000218-Mycoplasma_capricolum-2095-Leu-UAG
2745,23s,tRNA,tRNA_tdbR00000221-Escherichia_coli-562-Leu-CAG
2746,23s,tRNA,tRNA_tdbR00000222-Escherichia_coli-562-Leu-GAG
2747,23s,tRNA,tRNA_tdbR00000225-Synechococcus_elongatus_PCC_6301-269084-Leu-CAA
2748,23s,tRNA,tRNA_tdbR00000228-Glycine_max-3847-Leu-BAA
2749,23s,tRNA,tRNA_tdbR00000230-Glycine_max-3847-Leu-UA7
2750,23s,tRNA,tRNA_tdbR00000233-Phaseolus_vulgaris-3885-Leu-UA7
2751,23s,tRNA,tRNA_tdbR00000234-Spinacia_oleracea-3562-Leu-UA7
2752,23s,tRNA,tRNA_tdbR00000236-Neurospora_crassa-5141-Leu-UAG
2753,23s,tRNA,tRNA_tdbR00000237-Saccharomyces_cerevisiae-4932-Leu-AA
2754,23s,tRNA,tRNA_tdbR00000243-Rattus_norvegicus-10116-Leu-UAG
2755,23s,tRNA,tRNA_tdbR00000244-Rattus_norvegicus-10116-Leu-UAG
2756,23s,tRNA,tRNA_tdbR00000245-Rattus_norvegicus-10116-Leu-UAG
2757,23s,tRNA,tRNA_tdbR00000252-Pichia_jadinii-4903-Leu-BAA
2758,23s,tRNA,tRNA_tdbR00000254-Candida_cylindracea-44322-Leu-IAG
2759,23s,tRNA,tRNA_tdbR00000270-Avian_myeloblastosis_virus-11866-Met-BAU
2760,23s,tRNA,tRNA_tdbR00000273-Mycoplasma_capricolum-2095-Met-CAU
2761,23s,tRNA,tRNA_tdbR00000277-Codium_fragile-3133-Met-CAU
2762,23s,tRNA,tRNA_tdbR00000278-Scenedesmus_obliquus-3088-Met-CAU
2763,23s,tRNA,tRNA_tdbR00000282-Ascaris_suum-6253-Met-AU
2764,23s,tRNA,tRNA_tdbR00000285-Triticum_aestivum-4565-Met-BAU
2765,23s,tRNA,tRNA_tdbR00000286-Lupinus_luteus-3873-Met-BAU
2766,23s,tRNA,tRNA_tdbR00000291-Halobacterium_salinarum-2242-Asn-GUU
2767,23s,tRNA,tRNA_tdbR00000294-Mycoplasma_capricolum-2095-Asn-GUU
2768,23s,tRNA,tRNA_tdbR00000300-Saccharomyces_cerevisiae-4932-Asn-GUU
2769,23s,tRNA,tRNA_tdbR00000301-Lupinus_luteus-3873-Asn-UU
2770,23s,tRNA,tRNA_tdbR00000309-Enterobacteria_phage_T4-10665-Pro-NGG
2771,23s,tRNA,tRNA_tdbR00000313-Haloferax_volcanii-2246-Pro-UGG
2772,23s,tRNA,tRNA_tdbR00000316-Bacillus_subtilis-1423-Pro-5GG
2773,23s,tRNA,tRNA_tdbR00000317-Salmonella_typhimurium-602-Pro-CGG
2774,23s,tRNA,tRNA_tdbR00000328-Enterobacteria_phage_T5-10726-Gln-UUG
2775,23s,tRNA,tRNA_tdbR00000333-Escherichia_coli-562-Gln-NUG
2776,23s,tRNA,tRNA_tdbR00000336-Aedes_albopictus-7160-Gln-NUG
2777,23s,tRNA,tRNA_tdbR00000337-Tetrahymena_thermophila-5911-Gln-CUA
2778,23s,tRNA,tRNA_tdbR00000338-Tetrahymena_thermophila-5911-Gln-JUA
2779,23s,tRNA,tRNA_tdbR00000342-Bos_taurus-9913-Gln-CUG
2780,23s,tRNA,tRNA_tdbR00000343-Mus_musculus-10090-Gln-CUG
2781,23s,tRNA,tRNA_tdbR00000346-Homo_sapiens-9606-Gln-NUG
2782,23s,tRNA,tRNA_tdbR00000347-Enterobacteria_phage_T4-10665-Arg-NCU
2783,23s,tRNA,tRNA_tdbR00000351-Haloferax_volcanii-2246-Arg-NCG
2784,23s,tRNA,tRNA_tdbR00000352-Mycoplasma_capricolum-2095-Arg-ICG
2785,23s,tRNA,tRNA_tdbR00000355-Escherichia_coli-562-Arg-ICG
2786,23s,tRNA,tRNA_tdbR00000356-Escherichia_coli-562-Arg-ICG
2787,23s,tRNA,tRNA_tdbR00000358-Escherichia_coli-562-Arg-CU
2788,23s,tRNA,tRNA_tdbR00000360-Codium_fragile-3133-Arg-ICG
2789,23s,tRNA,tRNA_tdbR00000363-Ascaris_suum-6253-Arg-PCU
2790,23s,tRNA,tRNA_tdbR00000364-Ascaris_suum-6253-Arg-ACG
2791,23s,tRNA,tRNA_tdbR00000365-Aedes_albopictus-7160-Arg-UCG
2792,23s,tRNA,tRNA_tdbR00000368-Mesocricetus_auratus-10036-Arg-UCG
2793,23s,tRNA,tRNA_tdbR00000371-Saccharomyces_cerevisiae-4932-Arg-1CU
2794,23s,tRNA,tRNA_tdbR00000375-Bos_taurus-9913-Arg-CCU
2795,23s,tRNA,tRNA_tdbR00000376-Bos_taurus-9913-Arg-3CP
2796,23s,tRNA,tRNA_tdbR00000377-Mus_musculus-10090-Arg-ICG
2797,23s,tRNA,tRNA_tdbR00000380-Halobacterium_salinarum-2242-Ser-MGA
2798,23s,tRNA,tRNA_tdbR00000383-Haloferax_volcanii-2246-Ser-GGA
2799,23s,tRNA,tRNA_tdbR00000386-Mycoplasma_mycoides-2102-Ser-UGA
2800,23s,tRNA,tRNA_tdbR00000393-Escherichia_coli-562-Ser-GGA
2801,23s,tRNA,tRNA_tdbR00000394-Escherichia_coli-562-Ser-VGA
2802,23s,tRNA,tRNA_tdbR00000396-Saccharomyces_cerevisiae-4932-Ser-UGA
2803,23s,tRNA,tRNA_tdbR00000397-Saccharomyces_cerevisiae-4932-Ser-UGA
2804,23s,tRNA,tRNA_tdbR00000400-Loligo_bleekeri-6617-Ser-7CU
2805,23s,tRNA,tRNA_tdbR00000403-Bos_taurus-9913-Ser-UGA
2806,23s,tRNA,tRNA_tdbR00000406-Saccharomyces_cerevisiae-4932-Ser-NGA
2807,23s,tRNA,tRNA_tdbR00000407-Saccharomyces_cerevisiae-4932-Ser-IGA
2808,23s,tRNA,tRNA_tdbR00000408-Saccharomyces_cerevisiae-4932-Ser-IGA
2809,23s,tRNA,tRNA_tdbR00000413-Candida_cylindracea-44322-Ser-GCU
2810,23s,tRNA,tRNA_tdbR00000415-Nicotiana_rustica-4093-Ser-GA
2811,23s,tRNA,tRNA_tdbR00000416-Nicotiana_rustica-4093-Ser-CGA
2812,23s,tRNA,tRNA_tdbR00000424-Drosophila_melanogaster-7227-Ser-GCU
2813,23s,tRNA,tRNA_tdbR00000430-Halobacterium_salinarum-2242-Thr-GGU
2814,23s,tRNA,tRNA_tdbR00000431-Haloferax_volcanii-2246-Thr-CGU
2815,23s,tRNA,tRNA_tdbR00000432-Haloferax_volcanii-2246-Thr-GGU
2816,23s,tRNA,tRNA_tdbR00000439-Spinacia_oleracea-3562-Thr-GGU
2817,23s,tRNA,tRNA_tdbR00000443-Saccharomyces_cerevisiae-4932-Thr-IGU
2818,23s,tRNA,tRNA_tdbR00000445-Bos_taurus-9913-Thr-IGU
2819,23s,tRNA,tRNA_tdbR00000446-Halobacterium_salinarum-2242-Val-CAC
2820,23s,tRNA,tRNA_tdbR00000448-Halobacterium_salinarum-2242-Val-GAC
2821,23s,tRNA,tRNA_tdbR00000451-Mycoplasma_capricolum-2095-Val-UAC
2822,23s,tRNA,tRNA_tdbR00000453-Bacillus_subtilis-1423-Val-5AC
2823,23s,tRNA,tRNA_tdbR00000455-Escherichia_coli-562-Val-GAC
2824,23s,tRNA,tRNA_tdbR00000459-Neurospora_crassa-5141-Val-UAC
2825,23s,tRNA,tRNA_tdbR00000461-Rattus_norvegicus-10116-Val-UAC
2826,23s,tRNA,tRNA_tdbR00000463-Bos_taurus-9913-Val-UAC
2827,23s,tRNA,tRNA_tdbR00000465-Saccharomyces_cerevisiae-4932-Val-CAC
2828,23s,tRNA,tRNA_tdbR00000467-Pichia_jadinii-4903-Val-IAC
2829,23s,tRNA,tRNA_tdbR00000471-Oryctolagus_cuniculus-9986-Val-IAC
2830,23s,tRNA,tRNA_tdbR00000472-Drosophila_melanogaster-7227-Val-IAC
2831,23s,tRNA,tRNA_tdbR00000475-Mus_musculus-10090-Val-IAC
2832,23s,tRNA,tRNA_tdbR00000477-Avian_myeloblastosis_virus-11866-Trp-BCA
2833,23s,tRNA,tRNA_tdbR00000478-Haloferax_volcanii-2246-Trp-BCA
2834,23s,tRNA,tRNA_tdbR00000480-Mycoplasma_capricolum-2095-Trp-CA
2835,23s,tRNA,tRNA_tdbR00000482-Spiroplasma_citri-2133-Trp-CCA
2836,23s,tRNA,tRNA_tdbR00000485-Nicotiana_tabacum-4097-Trp-BCA
2837,23s,tRNA,tRNA_tdbR00000486-Phaseolus_vulgaris-3885-Trp-BCA
2838,23s,tRNA,tRNA_tdbR00000488-Tetrahymena_thermophila-5911-Trp-CA
2839,23s,tRNA,tRNA_tdbR00000492-Rattus_norvegicus-10116-Trp-NCA
2840,23s,tRNA,tRNA_tdbR00000497-Bos_taurus-9913-Trp-BCA
2841,23s,tRNA,tRNA_tdbR00000498-Gallus_gallus-9031-Trp-BCA
2842,23s,tRNA,tRNA_tdbR00000499-Halobacterium_salinarum-2242-Ini-CAU
2843,23s,tRNA,tRNA_tdbR00000500-Haloferax_volcanii-2246-Ini-CAU
2844,23s,tRNA,tRNA_tdbR00000504-Mycoplasma_capricolum-2095-Ini-CAU
2845,23s,tRNA,tRNA_tdbR00000505-Mycoplasma_mycoides-2102-Ini-CAU
2846,23s,tRNA,tRNA_tdbR00000506-Streptomyces_griseus-1911-Ini-CAU
2847,23s,tRNA,tRNA_tdbR00000507-Bacillus_subtilis-1423-Ini-CAU
2848,23s,tRNA,tRNA_tdbR00000510-Escherichia_coli-562-Ini-CAU
2849,23s,tRNA,tRNA_tdbR00000512-Mycobacterium_smegmatis-1772-Ini-CAU
2850,23s,tRNA,tRNA_tdbR00000514-Scenedesmus_obliquus-3088-Ini-CAU
2851,23s,tRNA,tRNA_tdbR00000519-Phaseolus_vulgaris-3885-Ini-CAU
2852,23s,tRNA,tRNA_tdbR00000522-Bos_taurus-9913-Ini-AU
2853,23s,tRNA,tRNA_tdbR00000523-Tetrahymena_thermophila-5911-Ini-CAU
2854,23s,tRNA,tRNA_tdbR00000529-Triticum_aestivum-4565-Ini-CAU
2855,23s,tRNA,tRNA_tdbR00000532-Oryctolagus_cuniculus-9986-Ini-CAU
2856,23s,tRNA,tRNA_tdbR00000533-Drosophila_melanogaster-7227-Ini-CAU
2857,23s,tRNA,tRNA_tdbR00000534-Euphausia_superba-6819-Ini-CAU
2858,23s,tRNA,tRNA_tdbR00000535-Xenopus_laevis-8355-Ini-CAU
2859,23s,tRNA,tRNA_tdbR00000539-Ovis_aries-9940-Ini-CAU
2860,23s,tRNA,tRNA_tdbR00000545-Escherichia_coli-562-Tyr-QUA
2861,23s,tRNA,tRNA_tdbR00000546-Escherichia_coli-562-Tyr-QUA
2862,23s,tRNA,tRNA_tdbR00000548-Scenedesmus_obliquus-3088-Tyr-GUA
2863,23s,tRNA,tRNA_tdbR00000556-Schizosaccharomyces_pombe-4896-Tyr-GPA
2864,23s,tRNA,tRNA_tdbR00000559-Triticum_aestivum-4565-Tyr-GPA
2865,23s,tRNA,tRNA_tdbR00000560-Lupinus_luteus-3873-Tyr-GPA
2866,23s,tRNA,tRNA_tdbR00000565-Bos_taurus-9913-Tyr-9PA
2867,23s,tRNA,tRNA_tdbR00000572-Leishmania_tarentolae-5689-Lys-1UU
2868,23s,tRNA,tRNA_tdbR00000575-Leishmania_tarentolae-5689-Thr-CGU
2869,23s,tRNA,tRNA_tdbR00000578-Leishmania_tarentolae-5689-Glu-3UC
2870,23s,tRNA,tRNA_tdbR00000581-Aeropyrum_pernix-56636-Lys-CUU
2871,23s,tRNA,tRNA_tdbR00000584-Aeropyrum_pernix-56636-Pro-GGG
2872,23s,tRNA,tRNA_tdbR00000587-Aeropyrum_pernix-56636-Met-CAU
2873,23s,tRNA,tRNA_tdbR00000590-Ascaris_suum-6253-Glu-UC
2874,23s,tRNA,tRNA_tdbR00000593-Ascaris_suum-6253-Trp-CA
2875,23s,tRNA,tRNA_tdbR00000605-Lupinus_luteus-3873-Leu-CAG
2876,23s,tRNA,tRNA_tdbR00000611-Sinorhizobium_meliloti-382-His-GUG
2877,23s,tRNA,tRNA_tdbR00000613-Nanoarchaeum_equitans-160232-Glu-CUC
2878,23s,tRNA,tRNA_tdbR00000616-Nanoarchaeum_equitans-160232-Lys-CUU
2879,23s,tRNA,tRNA_tdbR00000617-Nanoarchaeum_equitans-160232-Gln-UUG
2880,23s,tRNA,tRNA_tdbR00000618-Candida_albicans-5476-Leu-CAG
2881,23s,telomerase,telomerase_AC121792.109554-109950
2882,23s,telomerase,telomerase_AF147806.247-692
2883,23s,telomerase,telomerase_AF221906.96-545
2884,23s,telomerase,telomerase_AF221908.136-584
2885,23s,telomerase,telomerase_AF221909.98-496
2886,23s,telomerase,telomerase_AF221910.112-554
2887,23s,telomerase,telomerase_AF221911.104-513
2888,23s,telomerase,telomerase_AF221912.98-564
2889,23s,telomerase,telomerase_AF221913.109-520
2890,23s,telomerase,telomerase_AF221914.112-589
2891,23s,telomerase,telomerase_AF221916.94-481
2892,23s,telomerase,telomerase_AF221917.99-542
2893,23s,telomerase,telomerase_AF221918.97-547
2894,23s,telomerase,telomerase_AF221919.107-614
2895,23s,telomerase,telomerase_AF221920.99-541
2896,23s,telomerase,telomerase_AF221921.98-548
2897,23s,telomerase,telomerase_AF221923.106-554
2898,23s,telomerase,telomerase_AF221924.105-538
2899,23s,telomerase,telomerase_AF221925.98-540
2900,23s,telomerase,telomerase_AF221926.103-507
2901,23s,telomerase,telomerase_AF221927.113-556
2902,23s,telomerase,telomerase_AF221928.95-476
2903,23s,telomerase,telomerase_AF221929.92-517
2904,23s,telomerase,telomerase_AF221930.94-546
2905,23s,telomerase,telomerase_AF221931.99-541
2906,23s,telomerase,telomerase_AF221932.102-549
2907,23s,telomerase,telomerase_AF221934.121-565
2908,23s,telomerase,telomerase_AF221935.112-602
2909,23s,telomerase,telomerase_AF221936.98-540
2910,23s,telomerase,telomerase_AF221937.99-545
2911,23s,telomerase,telomerase_AF221939.99-544
2912,23s,telomerase,telomerase_AF221940.103-499
2913,23s,telomerase,telomerase_AY058901.1-397
2914,23s,telomerase,telomerase_AY312571.605-1069
2915,23s,telomerase,telomerase_U85256.1-451
2916,23s,telomerase,telomerase_AC121792.109554-109950
2917,23s,telomerase,telomerase_AF147806.247-692
2918,23s,telomerase,telomerase_AF221906.96-545
2919,23s,telomerase,telomerase_AF221908.136-584
2920,23s,telomerase,telomerase_AF221909.98-496
2921,23s,telomerase,telomerase_AF221910.112-554
2922,23s,telomerase,telomerase_AF221911.104-513
2923,23s,telomerase,telomerase_AF221912.98-564
2924,23s,telomerase,telomerase_AF221913.109-520
2925,23s,telomerase,telomerase_AF221914.112-589
2926,23s,telomerase,telomerase_AF221916.94-481
2927,23s,telomerase,telomerase_AF221917.99-542
2928,23s,telomerase,telomerase_AF221918.97-547
2929,23s,telomerase,telomerase_AF221919.107-614
2930,23s,telomerase,telomerase_AF221920.99-541
2931,23s,telomerase,telomerase_AF221921.98-548
2932,23s,telomerase,telomerase_AF221923.106-554
2933,23s,telomerase,telomerase_AF221924.105-538
2934,23s,telomerase,telomerase_AF221925.98-540
2935,23s,telomerase,telomerase_AF221926.103-507
2936,23s,telomerase,telomerase_AF221927.113-556
2937,23s,telomerase,telomerase_AF221928.95-476
2938,23s,telomerase,telomerase_AF221929.92-517
2939,23s,telomerase,telomerase_AF221930.94-546
2940,23s,telomerase,telomerase_AF221931.99-541
2941,23s,telomerase,telomerase_AF221932.102-549
2942,23s,telomerase,telomerase_AF221934.121-565
2943,23s,telomerase,telomerase_AF221935.112-602
2944,23s,telomerase,telomerase_AF221936.98-540
2945,23s,telomerase,telomerase_AF221937.99-545
2946,23s,telomerase,telomerase_AF221939.99-544
2947,23s,telomerase,telomerase_AF221940.103-499
2948,23s,telomerase,telomerase_AY058901.1-397
2949,23s,telomerase,telomerase_AY312571.605-1069
2950,23s,telomerase,telomerase_U85256.1-451
2951,23s,telomerase,telomerase_AC121792.109554-109950
2952,23s,telomerase,telomerase_AF147806.247-692
2953,23s,telomerase,telomerase_AF221906.96-545
2954,23s,telomerase,telomerase_AF221908.136-584
2955,23s,telomerase,telomerase_AF221909.98-496
2956,23s,telomerase,telomerase_AF221910.112-554
2957,23s,telomerase,telomerase_AF221911.104-513
2958,23s,telomerase,telomerase_AF221912.98-564
2959,23s,telomerase,telomerase_AF221913.109-520
2960,23s,telomerase,telomerase_AF221914.112-589
2961,23s,telomerase,telomerase_AF221916.94-481
2962,23s,telomerase,telomerase_AF221917.99-542
2963,23s,telomerase,telomerase_AF221918.97-547
2964,23s,telomerase,telomerase_AF221919.107-614
2965,23s,telomerase,telomerase_AF221920.99-541
2966,23s,telomerase,telomerase_AF221921.98-548
2967,23s,telomerase,telomerase_AF221923.106-554
2968,23s,telomerase,telomerase_AF221924.105-538
2969,23s,telomerase,telomerase_AF221925.98-540
2970,23s,telomerase,telomerase_AF221926.103-507
2971,23s,telomerase,telomerase_AF221927.113-556
2972,23s,telomerase,telomerase_AF221928.95-476
2973,23s,telomerase,telomerase_AF221929.92-517
2974,23s,telomerase,telomerase_AF221930.94-546
2975,23s,telomerase,telomerase_AF221931.99-541
2976,23s,telomerase,telomerase_AF221932.102-549
2977,23s,telomerase,telomerase_AF221934.121-565
2978,23s,telomerase,telomerase_AF221935.112-602
2979,23s,telomerase,telomerase_AF221936.98-540
2980,23s,telomerase,telomerase_AF221937.99-545
2981,23s,telomerase,telomerase_AF221939.99-544
2982,23s,telomerase,telomerase_AF221940.103-499
2983,23s,telomerase,telomerase_AY058901.1-397
2984,23s,telomerase,telomerase_AY312571.605-1069
2985,23s,telomerase,telomerase_U85256.1-451
2986,23s,telomerase,telomerase_AC121792.109554-109950
2987,23s,telomerase,telomerase_AF147806.247-692
2988,23s,telomerase,telomerase_AF221906.96-545
2989,23s,telomerase,telomerase_AF221908.136-584
2990,23s,telomerase,telomerase_AF221909.98-496
2991,23s,telomerase,telomerase_AF221910.112-554
2992,23s,telomerase,telomerase_AF221911.104-513
2993,23s,telomerase,telomerase_AF221912.98-564
2994,23s,telomerase,telomerase_AF221913.109-520
2995,23s,telomerase,telomerase_AF221914.112-589
2996,23s,telomerase,telomerase_AF221916.94-481
2997,23s,telomerase,telomerase_AF221917.99-542
2998,23s,telomerase,telomerase_AF221918.97-547
2999,23s,telomerase,telomerase_AF221919.107-614
3000,23s,telomerase,telomerase_AF221920.99-541
3001,23s,telomerase,telomerase_AF221921.98-548
3002,23s,telomerase,telomerase_AF221923.106-554
3003,23s,telomerase,telomerase_AF221924.105-538
3004,23s,telomerase,telomerase_AF221925.98-540
3005,23s,telomerase,telomerase_AF221926.103-507
3006,23s,telomerase,telomerase_AF221927.113-556
3007,23s,telomerase,telomerase_AF221928.95-476
3008,23s,telomerase,telomerase_AF221929.92-517
3009,23s,telomerase,telomerase_AF221930.94-546
3010,23s,telomerase,telomerase_AF221931.99-541
3011,23s,telomerase,telomerase_AF221932.102-549
3012,23s,telomerase,telomerase_AF221934.121-565
3013,23s,telomerase,telomerase_AF221935.112-602
3014,23s,telomerase,telomerase_AF221936.98-540
3015,23s,telomerase,telomerase_AF221937.99-545
3016,23s,telomerase,telomerase_AF221939.99-544
3017,23s,telomerase,telomerase_AF221940.103-499
3018,23s,telomerase,telomerase_AY058901.1-397
3019,23s,telomerase,telomerase_AY312571.605-1069
3020,23s,telomerase,telomerase_U85256.1-451
3021,23s,telomerase,telomerase_AC121792.109554-109950
3022,23s,telomerase,telomerase_AF147806.247-692
3023,23s,telomerase,telomerase_AF221906.96-545
3024,23s,telomerase,telomerase_AF221908.136-584
3025,23s,telomerase,telomerase_AF221909.98-496
3026,23s,telomerase,telomerase_AF221910.112-554
3027,23s,telomerase,telomerase_AF221911.104-513
3028,23s,telomerase,telomerase_AF221912.98-564
3029,23s,telomerase,telomerase_AF221913.109-520
3030,23s,telomerase,telomerase_AF221914.112-589
3031,23s,telomerase,telomerase_AF221916.94-481
3032,23s,telomerase,telomerase_AF221917.99-542
3033,23s,telomerase,telomerase_AF221918.97-547
3034,23s,telomerase,telomerase_AF221919.107-614
3035,23s,telomerase,telomerase_AF221920.99-541
3036,23s,telomerase,telomerase_AF221921.98-548
3037,23s,telomerase,telomerase_AF221923.106-554
3038,23s,telomerase,telomerase_AF221924.105-538
3039,23s,telomerase,telomerase_AF221925.98-540
3040,23s,telomerase,telomerase_AF221926.103-507
3041,23s,telomerase,telomerase_AF221927.113-556
3042,23s,telomerase,telomerase_AF221928.95-476
3043,23s,telomerase,telomerase_AF221929.92-517
3044,23s,telomerase,telomerase_AF221930.94-546
3045,23s,telomerase,telomerase_AF221931.99-541
3046,23s,telomerase,telomerase_AF221932.102-549
3047,23s,telomerase,telomerase_AF221934.121-565
3048,23s,telomerase,telomerase_AF221935.112-602
3049,23s,telomerase,telomerase_AF221936.98-540
3050,23s,telomerase,telomerase_AF221937.99-545
3051,23s,telomerase,telomerase_AF221939.99-544
3052,23s,telomerase,telomerase_AF221940.103-499
3053,23s,telomerase,telomerase_AY058901.1-397
3054,23s,telomerase,telomerase_AY312571.605-1069
3055,23s,telomerase,telomerase_U85256.1-451
3056,23s,telomerase,telomerase_AC121792.109554-109950
3057,23s,telomerase,telomerase_AF147806.247-692
3058,23s,telomerase,telomerase_AF221906.96-545
3059,23s,telomerase,telomerase_AF221908.136-584
3060,23s,telomerase,telomerase_AF221909.98-496
3061,23s,telomerase,telomerase_AF221910.112-554
3062,23s,telomerase,telomerase_AF221911.104-513
3063,23s,telomerase,telomerase_AF221912.98-564
3064,23s,telomerase,telomerase_AF221913.109-520
3065,23s,telomerase,telomerase_AF221914.112-589
3066,23s,telomerase,telomerase_AF221916.94-481
3067,23s,telomerase,telomerase_AF221917.99-542
3068,23s,telomerase,telomerase_AF221918.97-547
3069,23s,telomerase,telomerase_AF221919.107-614
3070,23s,telomerase,telomerase_AF221920.99-541
3071,23s,telomerase,telomerase_AF221921.98-548
3072,23s,telomerase,telomerase_AF221923.106-554
3073,23s,telomerase,telomerase_AF221924.105-538
3074,23s,telomerase,telomerase_AF221925.98-540
3075,23s,telomerase,telomerase_AF221926.103-507
3076,23s,telomerase,telomerase_AF221927.113-556
3077,23s,telomerase,telomerase_AF221928.95-476
3078,23s,telomerase,telomerase_AF221929.92-517
3079,23s,telomerase,telomerase_AF221930.94-546
3080,23s,telomerase,telomerase_AF221931.99-541
3081,23s,tmRNA,tmRNA_Acin.spec._CR543861_1-360
3082,23s,tmRNA,tmRNA_Acti.acti._TRW-272556_1-366
3083,23s,tmRNA,tmRNA_Acti.naes._TRW-240017_1-371
3084,23s,tmRNA,tmRNA_Acti.succ._TRW-339671_1-367
3085,23s,tmRNA,tmRNA_Aero.hydr._AY442269_1-360
3086,23s,tmRNA,tmRNA_Aero.hydr._CP000462_1-360
3087,23s,tmRNA,tmRNA_Anab.vari._CP000117_1-390
3088,23s,tmRNA,tmRNA_Aqui.aeol._TRW-63363_1-347
3089,23s,tmRNA,tmRNA_Arth.spec._CP000454_1-369
3090,23s,tmRNA,tmRNA_Azoa.spec._TRW-62928_1-378
3091,23s,tmRNA,tmRNA_Baci.G._TRW-12333_1-312
3092,23s,tmRNA,tmRNA_Baci.anth._AE016879_1-355
3093,23s,tmRNA,tmRNA_Baci.halo._BA000004_1-361
3094,23s,tmRNA,tmRNA_Baci.thur._AE017355_1-355
3095,23s,tmRNA,tmRNA_Bact.frag._CR626927_1-398
3096,23s,tmRNA,tmRNA_Bact.frag._TRW-817_1-398
3097,23s,tmRNA,tmRNA_Bdel.bact._BX842656_1-346
3098,23s,tmRNA,tmRNA_Bord.bron._TRW-257310_1-387
3099,23s,tmRNA,tmRNA_Bord.para._TRW-257311_1-387
3100,23s,tmRNA,tmRNA_Borr.burg._AE001118_1-359
3101,23s,tmRNA,tmRNA_Buch.aphi._AE013218_1-376
3102,23s,tmRNA,tmRNA_Buch.aphi._BD061520_1-369
3103,23s,tmRNA,tmRNA_Burk.ceno._CP000378_1-370
3104,23s,tmRNA,tmRNA_Burk.mall._CP000010_1-370
3105,23s,tmRNA,tmRNA_Burk.spec._CP000151_1-370
3106,23s,tmRNA,tmRNA_Burk.viet._TRW-269482_1-370
3107,23s,tmRNA,tmRNA_Camp.coli._TRW-306254_1-359
3108,23s,tmRNA,tmRNA_Camp.fetu._AY211269_1-361
3109,23s,tmRNA,tmRNA_Camp.lari._TRW-306263_1-359
3110,23s,tmRNA,tmRNA_Camp.upsa._TRW-306264_1-359
3111,23s,tmRNA,tmRNA_Carn.malt._AF275938_1-366
3112,23s,tmRNA,tmRNA_Chla.abor._CR848038_1-425
3113,23s,tmRNA,tmRNA_Chla.cavi._AE015925_1-425
3114,23s,tmRNA,tmRNA_Chla.muri._AE002296_1-418
3115,23s,tmRNA,tmRNA_Chla.pneu._TRW-83558_1-426
3116,23s,tmRNA,tmRNA_Chla.trac._TRW-272561_1-420
3117,23s,tmRNA,tmRNA_Chla.trac._TRW-813-1_1-420
3118,23s,tmRNA,tmRNA_Chlo.chlo._CP000108_1-401
3119,23s,tmRNA,tmRNA_Clav.mich._TRW-31964_1-376
3120,23s,tmRNA,tmRNA_Clos.acet._AE001437_1-359
3121,23s,tmRNA,tmRNA_Clos.botu._TRW-36826_1-355
3122,23s,tmRNA,tmRNA_Clos.diff._AM180355_1-350
3123,23s,tmRNA,tmRNA_Clos.diff._TRW-367459_1-350
3124,23s,tmRNA,tmRNA_Clos.ther._TRW-203119_1-387
3125,23s,tmRNA,tmRNA_Copr.prot._TRW-351627_1-353
3126,23s,tmRNA,tmRNA_Croc.wats._TRW-165597_1-386
3127,23s,tmRNA,tmRNA_Cyan.mero._AY286123_1-236
3128,23s,tmRNA,tmRNA_Desu.psyc._CR522870_1-366
3129,23s,tmRNA,tmRNA_Dich.nodo._TRW-35819_1-352
3130,23s,tmRNA,tmRNA_Emil.huxl._TRW-280463_1-291
3131,23s,tmRNA,tmRNA_Ente.faec._BD193796_1-367
3132,23s,tmRNA,tmRNA_Ente.faec._TRW-1352_1-367
3133,23s,tmRNA,tmRNA_Erwi.caro._BX950851_1-363
3134,23s,tmRNA,tmRNA_Esch.coli._AE005491_1-363
3135,23s,tmRNA,tmRNA_Esch.coli._AP009048_1-363
3136,23s,tmRNA,tmRNA_Esch.coli._BA000007_1-363
3137,23s,tmRNA,tmRNA_Esch.coli._CP000247_1-363
3138,23s,tmRNA,tmRNA_Esch.coli._D90888_1-363
3139,23s,tmRNA,tmRNA_Esch.coli._U36840_1-363
3140,23s,tmRNA,tmRNA_Exig.sibi._TRW-262543_1-359
3141,23s,tmRNA,tmRNA_Fibr.succ._TRW-59374_1-361
3142,23s,tmRNA,tmRNA_Fran.tula._AM233362_1-421
3143,23s,tmRNA,tmRNA_Fran.tula._AM286280_1-421
3144,23s,tmRNA,tmRNA_Fran.tula._CP000437_1-421
3145,23s,tmRNA,tmRNA_Fuso.nucl._AE010567_1-341
3146,23s,tmRNA,tmRNA_Fuso.nucl._TRW-209882_1-344
3147,23s,tmRNA,tmRNA_Gemm.obsc._TRW-214688_1-412
3148,23s,tmRNA,tmRNA_Geob.meta._CP000148_1-356
3149,23s,tmRNA,tmRNA_Geob.stea._TRW-1422_1-352
3150,23s,tmRNA,tmRNA_Guil.thet._AF041468_1-327
3151,23s,tmRNA,tmRNA_Haem.ducr._AE017143_1-367
3152,23s,tmRNA,tmRNA_Haem.infl._AY599475_1-366
3153,23s,tmRNA,tmRNA_Haem.infl._L42023_1-366
3154,23s,tmRNA,tmRNA_Haem.infl._TRW-262727_1-366
3155,23s,tmRNA,tmRNA_Haem.infl._TRW-262728_1-366
3156,23s,tmRNA,tmRNA_Haem.infl._U32808_1-366
3157,23s,tmRNA,tmRNA_Heli.hepa._AE017125_1-369
3158,23s,tmRNA,tmRNA_Heli.must._DQ250625_1-366
3159,23s,tmRNA,tmRNA_Heli.pylo._AE000511_1-386
3160,23s,tmRNA,tmRNA_Heli.pylo._AE001503_1-383
3161,23s,tmRNA,tmRNA_Heli.pylo._TRW-85962_1-386
3162,23s,tmRNA,tmRNA_Heli.pylo._TRW-85963_1-386
3163,23s,tmRNA,tmRNA_Kleb.pneu._TRW-272620_1-363
3164,23s,tmRNA,tmRNA_Lact.john._TRW-257314_1-367
3165,23s,tmRNA,tmRNA_Lact.lact._AE006373_1-359
3166,23s,tmRNA,tmRNA_Lact.lact._AF176556_1-359
3167,23s,tmRNA,tmRNA_Lact.plan._AL935259_1-372
3168,23s,tmRNA,tmRNA_Leif.xyli._AE016822_1-394
3169,23s,tmRNA,tmRNA_Lept.inte._AE016823_1-350
3170,23s,tmRNA,tmRNA_Lept.spec._TRW-261385_1-359
3171,23s,tmRNA,tmRNA_Lept.spec._TRW-261386_1-359
3172,23s,tmRNA,tmRNA_Leuc.mese._AF375574_1-307
3173,23s,tmRNA,tmRNA_Leuc.mese._CP000414_1-358
3174,23s,tmRNA,tmRNA_Leuc.mese._TRW-1245_1-358
3175,23s,tmRNA,tmRNA_List.gray._AF440336_1-321
3176,23s,tmRNA,tmRNA_List.mono._TRW-1639-1_1-370
3177,23s,tmRNA,tmRNA_List.wels._AF440351_1-321
3178,23s,tmRNA,tmRNA_Mann.haem._TRW-272629_1-367
3179,23s,tmRNA,tmRNA_Mann.succ._AE016827_1-367
3180,23s,tmRNA,tmRNA_Meso.flor._AE017263_1-408
3181,23s,tmRNA,tmRNA_Meth.flag._CP000284_1-361
3182,23s,tmRNA,tmRNA_Moor.ther._CP000232_1-358
3183,23s,tmRNA,tmRNA_Mora.cata._AX067460_1-359
3184,23s,tmRNA,tmRNA_Myco.Bxz1._AY129337_1-437
3185,23s,tmRNA,tmRNA_Myco.afri._TRW-33894_1-368
3186,23s,tmRNA,tmRNA_Myco.aviu._AE016958_1-368
3187,23s,tmRNA,tmRNA_Myco.bovi._TRW-1765_1-368
3188,23s,tmRNA,tmRNA_Myco.capr._D13067_1-411
3189,23s,tmRNA,tmRNA_Myco.hyop._TRW-262719_1-433
3190,23s,tmRNA,tmRNA_Myco.myco._BX842642_1-411
3191,23s,tmRNA,tmRNA_Myco.pulm._AL445565_1-387
3192,23s,tmRNA,tmRNA_Myco.smeg._CP000480_1-369
3193,23s,tmRNA,tmRNA_Myco.tube._TRW-164513_1-368
3194,23s,tmRNA,tmRNA_Myxo.xant._TRW-34_1-366
3195,23s,tmRNA,tmRNA_Neis.gono._TRW-242231_1-363
3196,23s,tmRNA,tmRNA_Neis.meni._TRW-272831_1-363
3197,23s,tmRNA,tmRNA_Nitr.euro._BX321865_1-360
3198,23s,tmRNA,tmRNA_Nitr.mult._CP000103_1-362
3199,23s,tmRNA,tmRNA_Noca.farc._AP006618_1-368
3200,23s,tmRNA,tmRNA_Nost.punc._TRW-63737_1-390
3201,23s,tmRNA,tmRNA_Nost.spec._BA000019_1-390
3202,23s,tmRNA,tmRNA_Odon.sine._TRW-2839_1-371
3203,23s,tmRNA,tmRNA_Oeno.oeni._TRW-203123_1-350
3204,23s,tmRNA,tmRNA_Onio.yell._AP006628_1-423
3205,23s,tmRNA,tmRNA_Para.symb._BX908798_1-405
3206,23s,tmRNA,tmRNA_Pedi.pent._CP000422_1-369
3207,23s,tmRNA,tmRNA_Phot.lumi._BX571870_1-364
3208,23s,tmRNA,tmRNA_Phot.prof._CR378665_1-368
3209,23s,tmRNA,tmRNA_Pola.spec._CP000316_1-387
3210,23s,tmRNA,tmRNA_Porp.ging._TRW-242619_1-407
3211,23s,tmRNA,tmRNA_Porp.purp._TRW-2787_1-323
3212,23s,tmRNA,tmRNA_Prop.acne._AE017283_1-371
3213,23s,tmRNA,tmRNA_Prop.acne._TRW-1747-1_1-371
3214,23s,tmRNA,tmRNA_Pseu.aeru._AE004091_1-353
3215,23s,tmRNA,tmRNA_Pseu.aeru._CP000438_1-353
3216,23s,tmRNA,tmRNA_Pseu.ento._CT573326_1-392
3217,23s,tmRNA,tmRNA_Pseu.fluo._CP000076_1-394
3218,23s,tmRNA,tmRNA_Pseu.fluo._TRW-216595_1-397
3219,23s,tmRNA,tmRNA_Pseu.syri._AE016853_1-388
3220,23s,tmRNA,tmRNA_Rals.sola._AL646052_1-360
3221,23s,tmRNA,tmRNA_Rubr.gela._TRW-279263_1-372
3222,23s,tmRNA,tmRNA_Rubr.xyla._CP000386_1-360
3223,23s,tmRNA,tmRNA_Rumi.albu._TRW-246199_1-354
3224,23s,tmRNA,tmRNA_Sali.rube._CP000159_1-369
3225,23s,tmRNA,tmRNA_Salm.bong._TRW-218493_1-363
3226,23s,tmRNA,tmRNA_Salm.ente._AE014613_1-363
3227,23s,tmRNA,tmRNA_Salm.ente._AE017220_1-363
3228,23s,tmRNA,tmRNA_Salm.ente._TRW-59204_1-363
3229,23s,tmRNA,tmRNA_Salm.typh._AY316313_1-363
3230,23s,tmRNA,tmRNA_Salm.typh._AY319520_1-363
3231,23s,tmRNA,tmRNA_Serr.marc._TRW-273526_1-364
3232,23s,tmRNA,tmRNA_Shew.onei._AX048560_1-355
3233,23s,tmRNA,tmRNA_Shew.putr._TRW-319224_1-356
3234,23s,tmRNA,tmRNA_Shew.spec._CP000444_1-355
3235,23s,tmRNA,tmRNA_Shew.spec._CP000446_1-355
3236,23s,tmRNA,tmRNA_Shew.spec._CP000469_1-355
3237,23s,tmRNA,tmRNA_Shew.spec._TRW-323850_1-356
3238,23s,tmRNA,tmRNA_Shig.dyse._CP000034_1-363
3239,23s,tmRNA,tmRNA_Shig.flex._AE014073_1-363
3240,23s,tmRNA,tmRNA_Shig.sonn._CP000038_1-363
3241,23s,tmRNA,tmRNA_Soda.glos._AP008232_1-384
3242,23s,tmRNA,tmRNA_Stap.aure._AC074317_1-359
3243,23s,tmRNA,tmRNA_Stap.aure._BA000017_1-362
3244,23s,tmRNA,tmRNA_Stap.aure._BX571857_1-362
3245,23s,tmRNA,tmRNA_Stap.aure._TRW-1280_1-362
3246,23s,tmRNA,tmRNA_Stap.epid._TRW-1282-2_1-362
3247,23s,tmRNA,tmRNA_Sten.malt._TRW-40324_1-354
3248,23s,tmRNA,tmRNA_Stre.agal._AE014233_1-350
3249,23s,tmRNA,tmRNA_Stre.aure._AY616521_1-382
3250,23s,tmRNA,tmRNA_Stre.aver._BA000030_1-389
3251,23s,tmRNA,tmRNA_Stre.equi._TRW-1336_1-349
3252,23s,tmRNA,tmRNA_Stre.pneu._AE008453_1-348
3253,23s,tmRNA,tmRNA_Stre.scab._TRW-1883_1-402
3254,23s,tmRNA,tmRNA_Stre.sobr._TRW-246202_1-349
3255,23s,tmRNA,tmRNA_Sulf.azor._TRW-204536_1-351
3256,23s,tmRNA,tmRNA_Syne.spec._D90916_1-396
3257,23s,tmRNA,tmRNA_Synt.acid._CP000252_1-356
3258,23s,tmRNA,tmRNA_Thal.pseu._EF067921_1-344
3259,23s,tmRNA,tmRNA_Thal.weis._AF049491_1-348
3260,23s,tmRNA,tmRNA_Ther.fusc._CP000088_1-372
3261,23s,tmRNA,tmRNA_Ther.mari._TRW-243274-1_1-356
3262,23s,tmRNA,tmRNA_Ther.teng._AE013063_1-351
3263,23s,tmRNA,tmRNA_Trep.dent._AE017226_1-351
3264,23s,tmRNA,tmRNA_Trep.pall._TRW-243276_1-354
3265,23s,tmRNA,tmRNA_Tric.eryt._CP000393_1-398
3266,23s,tmRNA,tmRNA_Trop.whip._BX251411_1-369
3267,23s,tmRNA,tmRNA_Urea.parv._AE002154_1-413
3268,23s,tmRNA,tmRNA_Xant.axon._AE011783_1-397
3269,23s,tmRNA,tmRNA_Xyle.fast._AE003849_1-355
3270,23s,tmRNA,tmRNA_Xyle.fast._AE004078_1-355
3271,23s,tmRNA,tmRNA_Xyle.fast._TRW-155920_1-355
3272,23s,tmRNA,tmRNA_Yers.ente._TRW-34054_1-381
3273,23s,tmRNA,tmRNA_Yers.inte._TRW-349965_1-381
3274,23s,tmRNA,tmRNA_Yers.pest._CP000305_1-364
3275,23s,tmRNA,tmRNA_envi.sequ._TRW-204433_1-356
3276,23s,tmRNA,tmRNA_envi.sequ._TRW-259292_1-355
3277,23s,tmRNA,tmRNA_envi.sequ._TRW-32045-1_1-355
3278,23s,tmRNA,tmRNA_envi.sequ._TRW-32045-2_1-345
3279,23s,tmRNA,tmRNA_uncu.bact._TRW-32033-1_1-354
3280,23s,tmRNA,tmRNA_uncu.bact._TRW-32045-4_1-369
3281,5s,16s,16s_A.fulgidus_domain2
3282,5s,16s,16s_A.fulgidus_domain3
3283,5s,16s,16s_A.fulgidus_domain4
3284,5s,16s,16s_A.pyrophilus_domain2
3285,5s,16s,16s_A.pyrophilus_domain4
3286,5s,16s,16s_B.burgdorferi_domain2
3287,5s,16s,16s_B.burgdorferi_domain3
3288,5s,16s,16s_B.burgdorferi_domain4
3289,5s,16s,16s_B.subtilis_domain2
3290,5s,16s,16s_B.subtilis_domain3
3291,5s,16s,16s_B.subtilis_domain4
3292,5s,16s,16s_C.elegans_domain1
3293,5s,16s,16s_C.elegans_domain2
3294,5s,16s,16s_C.elegans_domain3
3295,5s,16s,16s_C.elegans_domain4
3296,5s,16s,16s_C.psittaci_domain2
3297,5s,16s,16s_C.psittaci_domain3
3298,5s,16s,16s_C.psittaci_domain4
3299,5s,16s,16s_C.reinhardtii.chloro_domain1
3300,5s,16s,16s_C.reinhardtii.chloro_domain2
3301,5s,16s,16s_C.reinhardtii.chloro_domain3
3302,5s,16s,16s_C.reinhardtii.chloro_domain4
3303,5s,16s,16s_C.reinhardtii.mito_domain1
3304,5s,16s,16s_C.reinhardtii.mito_domain2
3305,5s,16s,16s_C.reinhardtii.mito_domain3
3306,5s,16s,16s_C.reinhardtii.mito_domain4
3307,5s,16s,16s_D.melanogaster_domain4
3308,5s,16s,16s_E.coli_domain2
3309,5s,16s,16s_E.coli_domain3
3310,5s,16s,16s_E.coli_domain4
3311,5s,16s,16s_F.ananassa_domain3
3312,5s,16s,16s_F.ananassa_domain4
3313,5s,16s,16s_G.intestinalis_domain1
3314,5s,16s,16s_G.intestinalis_domain2
3315,5s,16s,16s_G.intestinalis_domain3
3316,5s,16s,16s_G.intestinalis_domain4
3317,5s,16s,16s_H.sapiens.mito_domain1
3318,5s,16s,16s_H.sapiens.mito_domain2
3319,5s,16s,16s_H.sapiens.mito_domain3
3320,5s,16s,16s_H.sapiens.mito_domain4
3321,5s,16s,16s_H.sapiens_domain3
3322,5s,16s,16s_H.sapiens_domain4
3323,5s,16s,16s_H.volcanii_domain1
3324,5s,16s,16s_H.volcanii_domain2
3325,5s,16s,16s_H.volcanii_domain3
3326,5s,16s,16s_H.volcanii_domain4
3327,5s,16s,16s_M.polymorpha_domain2
3328,5s,16s,16s_M.polymorpha_domain3
3329,5s,16s,16s_M.polymorpha_domain4
3330,5s,16s,16s_P.occultum_domain2
3331,5s,16s,16s_P.occultum_domain3
3332,5s,16s,16s_P.occultum_domain4
3333,5s,16s,16s_P.staleyi_domain2
3334,5s,16s,16s_P.staleyi_domain3
3335,5s,16s,16s_P.staleyi_domain4
3336,5s,16s,16s_S.cerevisiae_domain3
3337,5s,16s,16s_S.cerevisiae_domain4
3338,5s,16s,16s_T.gondii_domain3
3339,5s,16s,16s_T.gondii_domain4
3340,5s,16s,16s_T.maritima_domain2
3341,5s,16s,16s_T.maritima_domain3
3342,5s,16s,16s_T.maritima_domain4
3343,5s,16s,16s_Z.mays_domain1
3344,5s,16s,16s_Z.mays_domain2
3345,5s,16s,16s_Z.mays_domain3
3346,5s,16s,16s_Z.mays_domain4
3347,5s,16s,16s_A.fulgidus_domain2
3348,5s,16s,16s_A.fulgidus_domain3
3349,5s,16s,16s_A.fulgidus_domain4
3350,5s,16s,16s_A.pyrophilus_domain2
3351,5s,16s,16s_A.pyrophilus_domain4
3352,5s,16s,16s_B.burgdorferi_domain2
3353,5s,16s,16s_B.burgdorferi_domain3
3354,5s,16s,16s_B.burgdorferi_domain4
3355,5s,16s,16s_B.subtilis_domain2
3356,5s,16s,16s_B.subtilis_domain3
3357,5s,16s,16s_B.subtilis_domain4
3358,5s,16s,16s_C.elegans_domain1
3359,5s,16s,16s_C.elegans_domain2
3360,5s,16s,16s_C.elegans_domain3
3361,5s,16s,16s_C.elegans_domain4
3362,5s,16s,16s_C.psittaci_domain2
3363,5s,16s,16s_C.psittaci_domain3
3364,5s,16s,16s_C.psittaci_domain4
3365,5s,16s,16s_C.reinhardtii.chloro_domain1
3366,5s,16s,16s_C.reinhardtii.chloro_domain2
3367,5s,16s,16s_C.reinhardtii.chloro_domain3
3368,5s,16s,16s_C.reinhardtii.chloro_domain4
3369,5s,16s,16s_C.reinhardtii.mito_domain1
3370,5s,16s,16s_C.reinhardtii.mito_domain2
3371,5s,16s,16s_C.reinhardtii.mito_domain3
3372,5s,16s,16s_C.reinhardtii.mito_domain4
3373,5s,16s,16s_D.melanogaster_domain4
3374,5s,16s,16s_E.coli_domain2
3375,5s,16s,16s_E.coli_domain3
3376,5s,16s,16s_E.coli_domain4
3377,5s,16s,16s_F.ananassa_domain3
3378,5s,16s,16s_F.ananassa_domain4
3379,5s,16s,16s_G.intestinalis_domain1
3380,5s,16s,16s_G.intestinalis_domain2
3381,5s,16s,16s_G.intestinalis_domain3
3382,5s,16s,16s_G.intestinalis_domain4
3383,5s,16s,16s_H.sapiens.mito_domain1
3384,5s,16s,16s_H.sapiens.mito_domain2
3385,5s,16s,16s_H.sapiens.mito_domain3
3386,5s,16s,16s_H.sapiens.mito_domain4
3387,5s,16s,16s_H.sapiens_domain3
3388,5s,16s,16s_H.sapiens_domain4
3389,5s,16s,16s_H.volcanii_domain1
3390,5s,16s,16s_H.volcanii_domain2
3391,5s,16s,16s_H.volcanii_domain3
3392,5s,16s,16s_H.volcanii_domain4
3393,5s,16s,16s_M.polymorpha_domain2
3394,5s,16s,16s_M.polymorpha_domain3
3395,5s,16s,16s_M.polymorpha_domain4
3396,5s,16s,16s_P.occultum_domain2
3397,5s,16s,16s_P.occultum_domain3
3398,5s,16s,16s_P.occultum_domain4
3399,5s,16s,16s_P.staleyi_domain2
3400,5s,16s,16s_P.staleyi_domain3
3401,5s,16s,16s_P.staleyi_domain4
3402,5s,16s,16s_S.cerevisiae_domain3
3403,5s,16s,16s_S.cerevisiae_domain4
3404,5s,16s,16s_T.gondii_domain3
3405,5s,16s,16s_T.gondii_domain4
3406,5s,16s,16s_T.maritima_domain2
3407,5s,16s,16s_T.maritima_domain3
3408,5s,16s,16s_T.maritima_domain4
3409,5s,16s,16s_Z.mays_domain1
3410,5s,16s,16s_Z.mays_domain2
3411,5s,16s,16s_Z.mays_domain3
3412,5s,16s,16s_Z.mays_domain4
3413,5s,16s,16s_A.fulgidus_domain2
3414,5s,16s,16s_A.fulgidus_domain3
3415,5s,16s,16s_A.fulgidus_domain4
3416,5s,16s,16s_A.pyrophilus_domain2
3417,5s,16s,16s_A.pyrophilus_domain4
3418,5s,16s,16s_B.burgdorferi_domain2
3419,5s,16s,16s_B.burgdorferi_domain3
3420,5s,16s,16s_B.burgdorferi_domain4
3421,5s,16s,16s_B.subtilis_domain2
3422,5s,16s,16s_B.subtilis_domain3
3423,5s,16s,16s_B.subtilis_domain4
3424,5s,16s,16s_C.elegans_domain1
3425,5s,16s,16s_C.elegans_domain2
3426,5s,16s,16s_C.elegans_domain3
3427,5s,16s,16s_C.elegans_domain4
3428,5s,16s,16s_C.psittaci_domain2
3429,5s,16s,16s_C.psittaci_domain3
3430,5s,16s,16s_C.psittaci_domain4
3431,5s,16s,16s_C.reinhardtii.chloro_domain1
3432,5s,16s,16s_C.reinhardtii.chloro_domain2
3433,5s,16s,16s_C.reinhardtii.chloro_domain3
3434,5s,16s,16s_C.reinhardtii.chloro_domain4
3435,5s,16s,16s_C.reinhardtii.mito_domain1
3436,5s,16s,16s_C.reinhardtii.mito_domain2
3437,5s,16s,16s_C.reinhardtii.mito_domain3
3438,5s,16s,16s_C.reinhardtii.mito_domain4
3439,5s,16s,16s_D.melanogaster_domain4
3440,5s,16s,16s_E.coli_domain2
3441,5s,16s,16s_E.coli_domain3
3442,5s,16s,16s_E.coli_domain4
3443,5s,16s,16s_F.ananassa_domain3
3444,5s,16s,16s_F.ananassa_domain4
3445,5s,16s,16s_G.intestinalis_domain1
3446,5s,16s,16s_G.intestinalis_domain2
3447,5s,16s,16s_G.intestinalis_domain3
3448,5s,16s,16s_G.intestinalis_domain4
3449,5s,16s,16s_H.sapiens.mito_domain1
3450,5s,16s,16s_H.sapiens.mito_domain2
3451,5s,16s,16s_H.sapiens.mito_domain3
3452,5s,16s,16s_H.sapiens.mito_domain4
3453,5s,16s,16s_H.sapiens_domain3
3454,5s,16s,16s_H.sapiens_domain4
3455,5s,16s,16s_H.volcanii_domain1
3456,5s,16s,16s_H.volcanii_domain2
3457,5s,16s,16s_H.volcanii_domain3
3458,5s,16s,16s_H.volcanii_domain4
3459,5s,16s,16s_M.polymorpha_domain2
3460,5s,16s,16s_M.polymorpha_domain3
3461,5s,16s,16s_M.polymorpha_domain4
3462,5s,16s,16s_P.occultum_domain2
3463,5s,16s,16s_P.occultum_domain3
3464,5s,16s,16s_P.occultum_domain4
3465,5s,16s,16s_P.staleyi_domain2
3466,5s,16s,16s_P.staleyi_domain3
3467,5s,16s,16s_P.staleyi_domain4
3468,5s,16s,16s_S.cerevisiae_domain3
3469,5s,16s,16s_S.cerevisiae_domain4
3470,5s,16s,16s_T.gondii_domain3
3471,5s,16s,16s_T.gondii_domain4
3472,5s,16s,16s_T.maritima_domain2
3473,5s,16s,16s_T.maritima_domain3
3474,5s,16s,16s_T.maritima_domain4
3475,5s,16s,16s_Z.mays_domain1
3476,5s,16s,16s_Z.mays_domain2
3477,5s,16s,16s_Z.mays_domain3
3478,5s,16s,16s_Z.mays_domain4
3479,5s,16s,16s_A.fulgidus_domain2
3480,5s,16s,16s_A.fulgidus_domain3
3481,5s,23s,23s_B.subtilis_domain3
3482,5s,23s,23s_B.subtilis_domain4
3483,5s,23s,23s_B.subtilis_domain6
3484,5s,23s,23s_E.coli_domain3
3485,5s,23s,23s_E.coli_domain4
3486,5s,23s,23s_E.coli_domain6
3487,5s,23s,23s_H.pylori_domain3
3488,5s,23s,23s_H.pylori_domain4
3489,5s,23s,23s_H.pylori_domain6
3490,5s,23s,23s_S.aureus_domain3
3491,5s,23s,23s_S.aureus_domain4
3492,5s,23s,23s_S.aureus_domain6
3493,5s,23s,23s_T.thermophilus_domain3
3494,5s,23s,23s_T.thermophilus_domain4
3495,5s,23s,23s_T.thermophilus_domain6
3496,5s,23s,23s_B.subtilis_domain3
3497,5s,23s,23s_B.subtilis_domain4
3498,5s,23s,23s_B.subtilis_domain6
3499,5s,23s,23s_E.coli_domain3
3500,5s,23s,23s_E.coli_domain4
3501,5s,23s,23s_E.coli_domain6
3502,5s,23s,23s_H.pylori_domain3
3503,5s,23s,23s_H.pylori_domain4
3504,5s,23s,23s_H.pylori_domain6
3505,5s,23s,23s_S.aureus_domain3
3506,5s,23s,23s_S.aureus_domain4
3507,5s,23s,23s_S.aureus_domain6
3508,5s,23s,23s_T.thermophilus_domain3
3509,5s,23s,23s_T.thermophilus_domain4
3510,5s,23s,23s_T.thermophilus_domain6
3511,5s,23s,23s_B.subtilis_domain3
3512,5s,23s,23s_B.subtilis_domain4
3513,5s,23s,23s_B.subtilis_domain6
3514,5s,23s,23s_E.coli_domain3
3515,5s,23s,23s_E.coli_domain4
3516,5s,23s,23s_E.coli_domain6
3517,5s,23s,23s_H.pylori_domain3
3518,5s,23s,23s_H.pylori_domain4
3519,5s,23s,23s_H.pylori_domain6
3520,5s,23s,23s_S.aureus_domain3
3521,5s,23s,23s_S.aureus_domain4
3522,5s,23s,23s_S.aureus_domain6
3523,5s,23s,23s_T.thermophilus_domain3
3524,5s,23s,23s_T.thermophilus_domain4
3525,5s,23s,23s_T.thermophilus_domain6
3526,5s,23s,23s_B.subtilis_domain3
3527,5s,23s,23s_B.subtilis_domain4
3528,5s,23s,23s_B.subtilis_domain6
3529,5s,23s,23s_E.coli_domain3
3530,5s,23s,23s_E.coli_domain4
3531,5s,23s,23s_E.coli_domain6
3532,5s,23s,23s_H.pylori_domain3
3533,5s,23s,23s_H.pylori_domain4
3534,5s,23s,23s_H.pylori_domain6
3535,5s,23s,23s_S.aureus_domain3
3536,5s,23s,23s_S.aureus_domain4
3537,5s,23s,23s_S.aureus_domain6
3538,5s,23s,23s_T.thermophilus_domain3
3539,5s,23s,23s_T.thermophilus_domain4
3540,5s,23s,23s_T.thermophilus_domain6
3541,5s,23s,23s_B.subtilis_domain3
3542,5s,23s,23s_B.subtilis_domain4
3543,5s,23s,23s_B.subtilis_domain6
3544,5s,23s,23s_E.coli_domain3
3545,5s,23s,23s_E.coli_domain4
3546,5s,23s,23s_E.coli_domain6
3547,5s,23s,23s_H.pylori_domain3
3548,5s,23s,23s_H.pylori_domain4
3549,5s,23s,23s_H.pylori_domain6
3550,5s,23s,23s_S.aureus_domain3
3551,5s,23s,23s_S.aureus_domain4
3552,5s,23s,23s_S.aureus_domain6
3553,5s,23s,23s_T.thermophilus_domain3
3554,5s,23s,23s_T.thermophilus_domain4
3555,5s,23s,23s_T.thermophilus_domain6
3556,5s,23s,23s_B.subtilis_domain3
3557,5s,23s,23s_B.subtilis_domain4
3558,5s,23s,23s_B.subtilis_domain6
3559,5s,23s,23s_E.coli_domain3
3560,5s,23s,23s_E.coli_domain4
3561,5s,23s,23s_E.coli_domain6
3562,5s,23s,23s_H.pylori_domain3
3563,5s,23s,23s_H.pylori_domain4
3564,5s,23s,23s_H.pylori_domain6
3565,5s,23s,23s_S.aureus_domain3
3566,5s,23s,23s_S.aureus_domain4
3567,5s,23s,23s_S.aureus_domain6
3568,5s,23s,23s_T.thermophilus_domain3
3569,5s,23s,23s_T.thermophilus_domain4
3570,5s,23s,23s_T.thermophilus_domain6
3571,5s,23s,23s_B.subtilis_domain3
3572,5s,23s,23s_B.subtilis_domain4
3573,5s,23s,23s_B.subtilis_domain6
3574,5s,23s,23s_E.coli_domain3
3575,5s,23s,23s_E.coli_domain4
3576,5s,23s,23s_E.coli_domain6
3577,5s,23s,23s_H.pylori_domain3
3578,5s,23s,23s_H.pylori_domain4
3579,5s,23s,23s_H.pylori_domain6
3580,5s,23s,23s_S.aureus_domain3
3581,5s,23s,23s_S.aureus_domain4
3582,5s,23s,23s_S.aureus_domain6
3583,5s,23s,23s_T.thermophilus_domain3
3584,5s,23s,23s_T.thermophilus_domain4
3585,5s,23s,23s_T.thermophilus_domain6
3586,5s,23s,23s_B.subtilis_domain3
3587,5s,23s,23s_B.subtilis_domain4
3588,5s,23s,23s_B.subtilis_domain6
3589,5s,23s,23s_E.coli_domain3
3590,5s,23s,23s_E.coli_domain4
3591,5s,23s,23s_E.coli_domain6
3592,5s,23s,23s_H.pylori_domain3
3593,5s,23s,23s_H.pylori_domain4
3594,5s,23s,23s_H.pylori_domain6
3595,5s,23s,23s_S.aureus_domain3
3596,5s,23s,23s_S.aureus_domain4
3597,5s,23s,23s_S.aureus_domain6
3598,5s,23s,23s_T.thermophilus_domain3
3599,5s,23s,23s_T.thermophilus_domain4
3600,5s,23s,23s_T.thermophilus_domain6
3601,5s,23s,23s_B.subtilis_domain3
3602,5s,23s,23s_B.subtilis_domain4
3603,5s,23s,23s_B.subtilis_domain6
3604,5s,23s,23s_E.coli_domain3
3605,5s,23s,23s_E.coli_domain4
3606,5s,23s,23s_E.coli_domain6
3607,5s,23s,23s_H.pylori_domain3
3608,5s,23s,23s_H.pylori_domain4
3609,5s,23s,23s_H.pylori_domain6
3610,5s,23s,23s_S.aureus_domain3
3611,5s,23s,23s_S.aureus_domain4
3612,5s,23s,23s_S.aureus_domain6
3613,5s,23s,23s_T.thermophilus_domain3
3614,5s,23s,23s_T.thermophilus_domain4
3615,5s,23s,23s_T.thermophilus_domain6
3616,5s,23s,23s_B.subtilis_domain3
3617,5s,23s,23s_B.subtilis_domain4
3618,5s,23s,23s_B.subtilis_domain6
3619,5s,23s,23s_E.coli_domain3
3620,5s,23s,23s_E.coli_domain4
3621,5s,23s,23s_E.coli_domain6
3622,5s,23s,23s_H.pylori_domain3
3623,5s,23s,23s_H.pylori_domain4
3624,5s,23s,23s_H.pylori_domain6
3625,5s,23s,23s_S.aureus_domain3
3626,5s,23s,23s_S.aureus_domain4
3627,5s,23s,23s_S.aureus_domain6
3628,5s,23s,23s_T.thermophilus_domain3
3629,5s,23s,23s_T.thermophilus_domain4
3630,5s,23s,23s_T.thermophilus_domain6
3631,5s,23s,23s_B.subtilis_domain3
3632,5s,23s,23s_B.subtilis_domain4
3633,5s,23s,23s_B.subtilis_domain6
3634,5s,23s,23s_E.coli_domain3
3635,5s,23s,23s_E.coli_domain4
3636,5s,23s,23s_E.coli_domain6
3637,5s,23s,23s_H.pylori_domain3
3638,5s,23s,23s_H.pylori_domain4
3639,5s,23s,23s_H.pylori_domain6
3640,5s,23s,23s_S.aureus_domain3
3641,5s,23s,23s_S.aureus_domain4
3642,5s,23s,23s_S.aureus_domain6
3643,5s,23s,23s_T.thermophilus_domain3
3644,5s,23s,23s_T.thermophilus_domain4
3645,5s,23s,23s_T.thermophilus_domain6
3646,5s,23s,23s_B.subtilis_domain3
3647,5s,23s,23s_B.subtilis_domain4
3648,5s,23s,23s_B.subtilis_domain6
3649,5s,23s,23s_E.coli_domain3
3650,5s,23s,23s_E.coli_domain4
3651,5s,23s,23s_E.coli_domain6
3652,5s,23s,23s_H.pylori_domain3
3653,5s,23s,23s_H.pylori_domain4
3654,5s,23s,23s_H.pylori_domain6
3655,5s,23s,23s_S.aureus_domain3
3656,5s,23s,23s_S.aureus_domain4
3657,5s,23s,23s_S.aureus_domain6
3658,5s,23s,23s_T.thermophilus_domain3
3659,5s,23s,23s_T.thermophilus_domain4
3660,5s,23s,23s_T.thermophilus_domain6
3661,5s,23s,23s_B.subtilis_domain3
3662,5s,23s,23s_B.subtilis_domain4
3663,5s,23s,23s_B.subtilis_domain6
3664,5s,23s,23s_E.coli_domain3
3665,5s,23s,23s_E.coli_domain4
3666,5s,23s,23s_E.coli_domain6
3667,5s,23s,23s_H.pylori_domain3
3668,5s,23s,23s_H.pylori_domain4
3669,5s,23s,23s_H.pylori_domain6
3670,5s,23s,23s_S.aureus_domain3
3671,5s,23s,23s_S.aureus_domain4
3672,5s,23s,23s_S.aureus_domain6
3673,5s,23s,23s_T.thermophilus_domain3
3674,5s,23s,23s_T.thermophilus_domain4
3675,5s,23s,23s_T.thermophilus_domain6
3676,5s,23s,23s_B.subtilis_domain3
3677,5s,23s,23s_B.subtilis_domain4
3678,5s,23s,23s_B.subtilis_domain6
3679,5s,23s,23s_E.coli_domain3
3680,5s,23s,23s_E.coli_domain4
3681,5s,5s,5s_Acanthamoeba-castellanii-1
3682,5s,5s,5s_Acanthamoeba-castellanii-2
3683,5s,5s,5s_Acetobacter-aceti-2
3684,5s,5s,5s_Acetobacter-sp.-1
3685,5s,5s,5s_Acheta-domesticus-1
3686,5s,5s,5s_Acholeplasma-laidlawii-1
3687,5s,5s,5s_Acholeplasma-laidlawii-2
3688,5s,5s,5s_Acholeplasma-laidlawii-3
3689,5s,5s,5s_Achromobacter-cycloclastes-1
3690,5s,5s,5s_Achromobacter-denitrificans-1
3691,5s,5s,5s_Achromobacter-xylosoxidans-1
3692,5s,5s,5s_Acidiphilium-acidophilum-1
3693,5s,5s,5s_Acidiphilium-cryptum-1
3694,5s,5s,5s_Acidithiobacillus-ferrooxidans-1
3695,5s,5s,5s_Acidithiobacillus-ferrooxidans-2
3696,5s,5s,5s_Acidithiobacillus-ferrooxidans-3
3697,5s,5s,5s_Acidithiobacillus-thiooxidans-1
3698,5s,5s,5s_Acidovorax-delafieldii-1
3699,5s,5s,5s_Acidovorax-facilis-1
3700,5s,5s,5s_Acidovorax-temperans-1
3701,5s,5s,5s_Acinetobacter-sp.-1
3702,5s,5s,5s_Acinetospora-crinita-1
3703,5s,5s,5s_Acremonium-chrysogenum-1
3704,5s,5s,5s_Acremonium-persicinum-1
3705,5s,5s,5s_Acremonium-persicinum-2
3706,5s,5s,5s_Acremonium-persicinum-3
3707,5s,5s,5s_Actinia-equina-1
3708,5s,5s,5s_Actinokineospora-riparia-1
3709,5s,5s,5s_Actinomadura-madurae-1
3710,5s,5s,5s_Acyrthosiphon-magnoliae-1
3711,5s,5s,5s_Aeromonas-hydrophila-1
3712,5s,5s,5s_Aeromonas-media-1
3713,5s,5s,5s_Aeromonas-salmonicida-1
3714,5s,5s,5s_Agaricostilbum-pulcherrimum-1
3715,5s,5s,5s_Agaricostilbum-pulcherrimum-2
3716,5s,5s,5s_Agaricus-edulis-1
3717,5s,5s,5s_Agrobacterium-tumefaciens-1
3718,5s,5s,5s_Agrobacterium-tumefaciens-2
3719,5s,5s,5s_Agrobacterium-tumefaciens-3
3720,5s,5s,5s_Agrobacterium-tumefaciens-4
3721,5s,5s,5s_Agrobacterium-tumefaciens-6
3722,5s,5s,5s_Agrobacterium-tumefaciens-7
3723,5s,5s,5s_Agrobacterium-tumefaciens-8
3724,5s,5s,5s_Agrobacterium-vitis-1
3725,5s,5s,5s_Akkesiphycus-lubricum-1
3726,5s,5s,5s_Alcaligenes-faecalis-1
3727,5s,5s,5s_Alcaligenes-faecalis-2
3728,5s,5s,5s_Alcaligenes-faecalis-3
3729,5s,5s,5s_Alcaligenes-sp.-1
3730,5s,5s,5s_Ambystoma-salmoides-1
3731,5s,5s,5s_Amoebidium-parasiticum-1
3732,5s,5s,5s_Amphibacillus-xylanus-1
3733,5s,5s,5s_Amycolatopsis-lactamdurans-1
3734,5s,5s,5s_Amycolatopsis-mediterranei-1
3735,5s,5s,5s_Amycolatopsis-methanolica-1
3736,5s,5s,5s_Amycolatopsis-orientalis-1
3737,5s,5s,5s_Anaerorhabdus-furcosa-1
3738,5s,5s,5s_Anaplasma-marginale-1
3739,5s,5s,5s_Anaplasma-phagocytophilum-1
3740,5s,5s,5s_Ancylobacter-aquaticus-1
3741,5s,5s,5s_Andrias-davidianus-1
3742,5s,5s,5s_Andrias-japonicus-1
3743,5s,5s,5s_Andrias-japonicus-2
3744,5s,5s,5s_Antheraea-pernyi-1
3745,5s,5s,5s_Anthoceros-punctatus-1
3746,5s,5s,5s_Anthopleura-japonica-1
3747,5s,5s,5s_Aplysia-kurodai-1
3748,5s,5s,5s_Aquaspirillum-serpens-1
3749,5s,5s,5s_Aquifex-aeolicus-1
3750,5s,5s,5s_Arabidopsis-thaliana-1
3751,5s,5s,5s_Araneus-diadematus-1
3752,5s,5s,5s_Archaeoglobus-fulgidus-1
3753,5s,5s,5s_Arion-rufus-1
3754,5s,5s,5s_Artemia-salina-1
3755,5s,5s,5s_Artemia-sp.-1
3756,5s,5s,5s_Artemia-sp.-2
3757,5s,5s,5s_Artemia-sp.-3
3758,5s,5s,5s_Artemia-sp.-4
3759,5s,5s,5s_Arthrobacter-globiformis-1
3760,5s,5s,5s_Arthrobacter-globiformis-2
3761,5s,5s,5s_Arthrobacter-luteus-1
3762,5s,5s,5s_Arthrobacter-oxydans-1
3763,5s,5s,5s_Arthrobacter-polychromogenes-1
3764,5s,5s,5s_Ascaris-lumbricoides-1
3765,5s,5s,5s_Ascaris-suum-1
3766,5s,5s,5s_Ascobolus-immersus-1
3767,5s,5s,5s_Ascobolus-immersus-2
3768,5s,5s,5s_Ascobolus-immersus-3
3769,5s,5s,5s_Ascobolus-immersus-4
3770,5s,5s,5s_Asellus-aquaticus-1
3771,5s,5s,5s_Asellus-aquaticus-2
3772,5s,5s,5s_Aspergillus-flavus-1
3773,5s,5s,5s_Aspergillus-niger-1
3774,5s,5s,5s_Aspergillus-unguis-1
3775,5s,5s,5s_Aspergillus-versicolor-1
3776,5s,5s,5s_Asterias-vulgaris-1
3777,5s,5s,5s_Asterina-pectinifera-1
3778,5s,5s,5s_Atractiella-solani-1
3779,5s,5s,5s_Aurelia_aurita-1
3780,5s,5s,5s_Auricularia-auricula-judae-1
3781,5s,5s,5s_Azoarcus-sp.-1
3782,5s,5s,5s_Azospirillum-lipoferum-1
3783,5s,5s,5s_Azotobacter-vinelandii-1
3784,5s,5s,5s_Bacillus-amyloliquefaciens-1
3785,5s,5s,5s_Bacillus-anthracis-1
3786,5s,5s,5s_Bacillus-anthracis-10
3787,5s,5s,5s_Bacillus-anthracis-2
3788,5s,5s,5s_Bacillus-anthracis-3
3789,5s,5s,5s_Bacillus-anthracis-4
3790,5s,5s,5s_Bacillus-anthracis-5
3791,5s,5s,5s_Bacillus-anthracis-6
3792,5s,5s,5s_Bacillus-anthracis-7
3793,5s,5s,5s_Bacillus-anthracis-8
3794,5s,5s,5s_Bacillus-anthracis-9
3795,5s,5s,5s_Bacillus-cereus-1
3796,5s,5s,5s_Bacillus-cereus-10
3797,5s,5s,5s_Bacillus-cereus-11
3798,5s,5s,5s_Bacillus-cereus-2
3799,5s,5s,5s_Bacillus-cereus-4
3800,5s,5s,5s_Bacillus-cereus-5
3801,5s,5s,5s_Bacillus-cereus-6
3802,5s,5s,5s_Bacillus-cereus-7
3803,5s,5s,5s_Bacillus-cereus-8
3804,5s,5s,5s_Bacillus-cereus-9
3805,5s,5s,5s_Bacillus-clausii-1
3806,5s,5s,5s_Bacillus-clausii-2
3807,5s,5s,5s_Bacillus-clausii-3
3808,5s,5s,5s_Bacillus-firmus-1
3809,5s,5s,5s_Bacillus-halodurans-1
3810,5s,5s,5s_Bacillus-halodurans-2
3811,5s,5s,5s_Bacillus-halodurans-3
3812,5s,5s,5s_Bacillus-halodurans-4
3813,5s,5s,5s_Bacillus-halodurans-5
3814,5s,5s,5s_Bacillus-halodurans-6
3815,5s,5s,5s_Bacillus-licheniformis-1
3816,5s,5s,5s_Bacillus-licheniformis-2
3817,5s,5s,5s_Bacillus-licheniformis-5
3818,5s,5s,5s_Bacillus-licheniformis-6
3819,5s,5s,5s_Bacillus-megaterium-1
3820,5s,5s,5s_Bacillus-megaterium-2
3821,5s,5s,5s_Bacillus-methanolicus-7
3822,5s,5s,5s_Bacillus-methanolicus-8
3823,5s,5s,5s_Bacillus-methanolicus-9
3824,5s,5s,5s_Bacillus-sp.-1
3825,5s,5s,5s_Bacillus-sp.-2
3826,5s,5s,5s_Bacillus-subtilis-1
3827,5s,5s,5s_Bacillus-subtilis-2
3828,5s,5s,5s_Bacillus-subtilis-4
3829,5s,5s,5s_Bacillus-subtilis-5
3830,5s,5s,5s_Bacillus-subtilis-6
3831,5s,5s,5s_Bacillus-thuringiensis-1
3832,5s,5s,5s_Bacillus-thuringiensis-2
3833,5s,5s,5s_Bacillus-thuringiensis-3
3834,5s,5s,5s_Bacillus-thuringiensis-4
3835,5s,5s,5s_Bacillus-thuringiensis-5
3836,5s,5s,5s_Bacillus-thuringiensis-6
3837,5s,5s,5s_Bacteroides-capillosus-1
3838,5s,5s,5s_Bacteroides-fragilis-1
3839,5s,5s,5s_Bacteroides-fragilis-2
3840,5s,5s,5s_Bacteroides-fragilis-3
3841,5s,5s,5s_Bacteroides-fragilis-4
3842,5s,5s,5s_Bacteroides-fragilis-5
3843,5s,5s,5s_Bacteroides-fragilis-6
3844,5s,5s,5s_Bacteroides-thetaiotaomicron-1
3845,5s,5s,5s_Bacteroides-veroralis-1
3846,5s,5s,5s_Bartonella-bacilliformis-1
3847,5s,5s,5s_Bartonella-henselae-1
3848,5s,5s,5s_Bartonella-henselae-2
3849,5s,5s,5s_Bartonella-quintana-1
3850,5s,5s,5s_Bartonella-quintana-2
3851,5s,5s,5s_Basidiobolus-magnus-1
3852,5s,5s,5s_Batrachospermum-ectocarpum-1
3853,5s,5s,5s_Beggiatoa-alba-1
3854,5s,5s,5s_Beta-vulgaris-1
3855,5s,5s,5s_Bifidobacterium-longum-1
3856,5s,5s,5s_Bifidobacterium-longum-2
3857,5s,5s,5s_Bifidobacterium-longum-3
3858,5s,5s,5s_Bjerkandera-adusta-1
3859,5s,5s,5s_Blakeslea-trispora-1
3860,5s,5s,5s_Blastocladiella-simplex-1
3861,5s,5s,5s_Blastopirellula-marina-1
3862,5s,5s,5s_Blepharisma-japonicum-1
3863,5s,5s,5s_Bombyx-mori-1
3864,5s,5s,5s_Bombyx-mori-2
3865,5s,5s,5s_Bombyx-mori-3
3866,5s,5s,5s_Bombyx-mori-4
3867,5s,5s,5s_Bordetella-bronchiseptica-1
3868,5s,5s,5s_Bordetella-parapertussis-1
3869,5s,5s,5s_Bordetella-pertussis-1
3870,5s,5s,5s_Borrelia-burgdorferi-1
3871,5s,5s,5s_Bos-taurus-1
3872,5s,5s,5s_Brachionus-plicatilis-1
3873,5s,5s,5s_Bradyrhizobium-japonicum-1
3874,5s,5s,5s_Branchiostoma-belcheri-1
3875,5s,5s,5s_Brassica-napus-1
3876,5s,5s,5s_Bresslaua-vorax-1
3877,5s,5s,5s_Brevibacillus-brevis-1
3878,5s,5s,5s_Brevibacterium-casei-1
3879,5s,5s,5s_Brevibacterium-helvolum-1
3880,5s,5s,5s_Brevibacterium-linens-1
3881,5s,5s,5s_Brevibacterium-linens-2
3882,5s,5s,5s_Brucella-abortus-1
3883,5s,5s,5s_Brucella-melitensis-1
3884,5s,5s,5s_Brucella-melitensis-2
3885,5s,5s,5s_Brucella-melitensis-3
3886,5s,5s,5s_Brucella-suis-1
3887,5s,5s,5s_Brucella-suis-2
3888,5s,5s,5s_Brugia-malayi-1
3889,5s,5s,5s_Buchnera-aphidicola-1
3890,5s,5s,5s_Buchnera-aphidicola-2
3891,5s,5s,5s_Buchnera-aphidicola-3
3892,5s,5s,5s_Bufo-americanus-1
3893,5s,5s,5s_Bugula-neritina-1
3894,5s,5s,5s_Bullera-alba-1
3895,5s,5s,5s_Burkholderia-caryophylli-1
3896,5s,5s,5s_Burkholderia-cepacia-1
3897,5s,5s,5s_Burkholderia-cepacia-2
3898,5s,5s,5s_Burkholderia-cepacia-3
3899,5s,5s,5s_Burkholderia-mallei-1
3900,5s,5s,5s_Burkholderia-pseudomallei-1
3901,5s,5s,5s_Bursaphelenchus-mucronatus-1
3902,5s,5s,5s_Bursaphelenchus-xylophilus-1
3903,5s,5s,5s_C_paradoxE
3904,5s,5s,5s_Caenorhabditis-briggsae-1
3905,5s,5s,5s_Caenorhabditis-elegans-1
3906,5s,5s,5s_Caenorhabditis-elegans-3
3907,5s,5s,5s_Calanus-finmarchicus-1
3908,5s,5s,5s_Calliphora-vicina-1
3909,5s,5s,5s_Calyptogena-magnifica-1
3910,5s,5s,5s_Campylobacter-jejuni-3
3911,5s,5s,5s_Cancer-pagurus-1
3912,5s,5s,5s_Candida-albicans-1
3913,5s,5s,5s_Candida-antarctica-1
3914,5s,5s,5s_Candida-azyma-1
3915,5s,5s,5s_Candida-cylindracea-1
3916,5s,5s,5s_Candida-diversa-1
3917,5s,5s,5s_Candida-glabrata-1
3918,5s,5s,5s_Candida-magnoliae-1
3919,5s,5s,5s_Candida-melibiosica-1
3920,5s,5s,5s_Candida-parapsilosis-1
3921,5s,5s,5s_Candida-rugopelliculosa-1
3922,5s,5s,5s_Candida-rugosa-1
3923,5s,5s,5s_Candida-zeylanoides-1
3924,5s,5s,5s_Candidatus-Fritschea-bemisiae-1
3925,5s,5s,5s_Candidatus-Pelagibacter-ubique-1
3926,5s,5s,5s_Candidatus-Phytoplasma-asteris-1
3927,5s,5s,5s_Candidatus-Portiera-aleyrodidarum-1
3928,5s,5s,5s_Candidatus-Tremblaya-princeps-1
3929,5s,5s,5s_Candidatus-Tremblaya-princeps-2
3930,5s,5s,5s_Candidatus-Tremblaya-princeps-3
3931,5s,5s,5s_Candidatus-Tremblaya-princeps-5
3932,5s,5s,5s_Candidatus-Tremblaya-princeps-6
3933,5s,5s,5s_Capniomyces-stellatus-1
3934,5s,5s,5s_Carpopeltis-crispata-1
3935,5s,5s,5s_Caulobacter-crescentus-1
3936,5s,5s,5s_Caulobacter-crescentus-2
3937,5s,5s,5s_Caulobacter-sp.-1
3938,5s,5s,5s_Caulobacter-sp.-2
3939,5s,5s,5s_Caulobacter-sp.-3
3940,5s,5s,5s_Caulobacter-sp.-4
3941,5s,5s,5s_Caulobacter-sp.-5
3942,5s,5s,5s_Caulobacter-sp.-6
3943,5s,5s,5s_Caulobacter-sp.-7
3944,5s,5s,5s_Caulobacter-spinosum-1
3945,5s,5s,5s_Cellulomonas-biazotea-1
3946,5s,5s,5s_Cellulosimicrobium-cellulans-1
3947,5s,5s,5s_Cerastoderma-edule-1
3948,5s,5s,5s_Cerastoderma-glaucum-1
3949,5s,5s,5s_Ceratobasidium-cornigerum-1
3950,5s,5s,5s_Chaetomorpha-moniligera-1
3951,5s,5s,5s_Chlamydia-muridarum-1
3952,5s,5s,5s_Chlamydia-muridarum-2
3953,5s,5s,5s_Chlamydia-trachomatis-1
3954,5s,5s,5s_Chlamydomonas-reinhardtii-1
3955,5s,5s,5s_Chlamydomonas-reinhardtii-2
3956,5s,5s,5s_Chlamydomonas-sp.-1
3957,5s,5s,5s_Chlamydophila-abortus-1
3958,5s,5s,5s_Chlamydophila-caviae-1
3959,5s,5s,5s_Chlamydophila-pneumoniae-1
3960,5s,5s,5s_Chlamydophila-pneumoniae-2
3961,5s,5s,5s_Chlamydophila-pneumoniae-3
3962,5s,5s,5s_Chlorella-pyrenoidosa-1
3963,5s,5s,5s_Chlorella-sp.-1
3964,5s,5s,5s_Chlorobium-limicola-1
3965,5s,5s,5s_Chlorobium-limicola-2
3966,5s,5s,5s_Chlorobium-phaeobacteroides-1
3967,5s,5s,5s_Chlorobium-tepidum-1
3968,5s,5s,5s_Chordaria-flagelliformis-1
3969,5s,5s,5s_Christiansenia-pallida-1
3970,5s,5s,5s_Chrysaora-quinquecirrha-1
3971,5s,5s,5s_Clavibacter-michiganensis-1
3972,5s,5s,5s_Clavispora-opuntiae-1
3973,5s,5s,5s_Clavispora-opuntiae-3
3974,5s,5s,5s_Clostridium-acetobutylicum-1
3975,5s,5s,5s_Clostridium-acetobutylicum-2
3976,5s,5s,5s_Clostridium-acetobutylicum-3
3977,5s,5s,5s_Clostridium-acetobutylicum-4
3978,5s,5s,5s_Clostridium-acetobutylicum-5
3979,5s,5s,5s_Clostridium-butyricum-1
3980,5s,5s,5s_Clostridium-butyricum-2
3981,5s,5s,5s_Clostridium-carnis-1
3982,5s,5s,5s_Clostridium-innocuum-1
3983,5s,5s,5s_Clostridium-pasteurianum-1
3984,5s,5s,5s_Clostridium-tyrobutyricum-4
3985,5s,5s,5s_Coemansia-mojavensis-1
3986,5s,5s,5s_Colacogloea-peniophorae-1
3987,5s,5s,5s_Coleochaete-scutata-1
3988,5s,5s,5s_Coleosporium-tussilaginis-1
3989,5s,5s,5s_Colwellia-hadaliensis-1
3990,5s,5s,5s_Colwellia-psychrerythraea-1
3991,5s,5s,5s_Colwellia-psychrerythraea-2
3992,5s,5s,5s_Colwellia-psychrerythraea-3
3993,5s,5s,5s_Comamonas-terrigena-1
3994,5s,5s,5s_Comamonas-terrigena-2
3995,5s,5s,5s_Comamonas-testosteroni-1
3996,5s,5s,5s_Coprinopsis-cinerea-1
3997,5s,5s,5s_Coprinopsis-radiata-1
3998,5s,5s,5s_Corynebacterium-diphtheriae-1
3999,5s,5s,5s_Corynebacterium-diphtheriae-2
4000,5s,5s,5s_Corynebacterium-efficiens-1
4001,5s,5s,5s_Corynebacterium-glutamicum-1
4002,5s,5s,5s_Corynebacterium-glutamicum-2
4003,5s,5s,5s_Corynebacterium-jeikeium-1
4004,5s,5s,5s_Corynebacterium-jeikeium-2
4005,5s,5s,5s_Corynebacterium-variabile-1
4006,5s,5s,5s_Corynebacterium-xerosis-1
4007,5s,5s,5s_Corynebacterium-xerosis-2
4008,5s,5s,5s_Coxiella-burnetii-1
4009,5s,5s,5s_Coxiella-burnetii-2
4010,5s,5s,5s_Crithidia-fasciculata-1
4011,5s,5s,5s_Crossiella-cryophila-1
4012,5s,5s,5s_Crypthecodinium-cohnii-1
4013,5s,5s,5s_Cryptobranchus-alleganiensis-1
4014,5s,5s,5s_Cryptococcus-albidus-1
4015,5s,5s,5s_Cryptococcus-bacillisporus-1
4016,5s,5s,5s_Cryptococcus-humicola-1
4017,5s,5s,5s_Cryptococcus-laurentii-1
4018,5s,5s,5s_Cryptococcus-neoformans-1
4019,5s,5s,5s_Cryptococcus-neoformans-2
4020,5s,5s,5s_Cryptomonas-paramecium-1
4021,5s,5s,5s_Cryptosporidium-parvum-1
4022,5s,5s,5s_Cryptosporidium-parvum-2
4023,5s,5s,5s_Cunninghamella-elegans-1
4024,5s,5s,5s_Cupriavidus-necator-1
4025,5s,5s,5s_Curtobacterium-citreum-1
4026,5s,5s,5s_Cyanidium-caldarium-1
4027,5s,5s,5s_Cyanophora-paradoxa-1
4028,5s,5s,5s_Cycas-revoluta-1
4029,5s,5s,5s_Cyclidiopsis-acus-1
4030,5s,5s,5s_Cystobacter-fuscus-1
4031,5s,5s,5s_Dactylosporangium-aurantiacum-1
4032,5s,5s,5s_Daphnia-magna-1
4033,5s,5s,5s_Dehalococcoides-ethenogenes-1
4034,5s,5s,5s_Deinococcus-radiodurans-1
4035,5s,5s,5s_Deinococcus-radiodurans-2
4036,5s,5s,5s_Deinococcus-radiodurans-3
4037,5s,5s,5s_Deinococcus-radiophilus-1
4038,5s,5s,5s_Delftia-acidovorans-1
4039,5s,5s,5s_Desulfovibrio-vulgaris-1
4040,5s,5s,5s_Desulfovibrio-vulgaris-2
4041,5s,5s,5s_Desulfurococcus-mobilis-1
4042,5s,5s,5s_Diatoma-tenue-1
4043,5s,5s,5s_Dichelobacter-nodosus-1
4044,5s,5s,5s_Dictyostelium-discoideum-1
4045,5s,5s,5s_Dicyema-misakiense-1
4046,5s,5s,5s_Diplonema-papillatum-1
4047,5s,5s,5s_Diplonema-papillatum-2
4048,5s,5s,5s_Dipsacomyces-acuminosporus-1
4049,5s,5s,5s_Dirofilaria-immitis-1
4050,5s,5s,5s_Distigma-proteus-1
4051,5s,5s,5s_Drosophila-erecta-1
4052,5s,5s,5s_Drosophila-mauritiana-1
4053,5s,5s,5s_Drosophila-melanogaster-1
4054,5s,5s,5s_Drosophila-melanogaster-2
4055,5s,5s,5s_Drosophila-sechellia-1
4056,5s,5s,5s_Drosophila-simulans-1
4057,5s,5s,5s_Drosophila-takahashii-1
4058,5s,5s,5s_Drosophila-teissieri-1
4059,5s,5s,5s_Drosophila-yakuba-1
4060,5s,5s,5s_Dryopteris-acuminata-1
4061,5s,5s,5s_Dugesia-japonica-1
4062,5s,5s,5s_Dugesia-japonica-2
4063,5s,5s,5s_E_glandulE
4064,5s,5s,5s_Ectothiorhodospira-mobilis-1
4065,5s,5s,5s_Ectothiorhodospira-shaposhnikovii-1
4066,5s,5s,5s_Efibulobasidium-albescens-1
4067,5s,5s,5s_Ehrlichia-chaffeensis-1
4068,5s,5s,5s_Ehrlichia-ruminantium-1
4069,5s,5s,5s_Eimeria-tenella-1
4070,5s,5s,5s_Eisenia-bicyclis-1
4071,5s,5s,5s_Emericella-heterothallica-1
4072,5s,5s,5s_Emericella-nidulans-1
4073,5s,5s,5s_Emericella-nidulans-2
4074,5s,5s,5s_Emericella-nidulans-3
4075,5s,5s,5s_Emericella-nidulans-4
4076,5s,5s,5s_Emericella-nidulans-5
4077,5s,5s,5s_Emericella-nidulans-6
4078,5s,5s,5s_Emericella-nidulans-7
4079,5s,5s,5s_Emericella-nidulans-8
4080,5s,5s,5s_Empedobacter-brevis-1
4081,5s,5s,5s_Emplectonema-gracile-2
4082,5s,5s,5s_Enchytraeus-albidus-1
4083,5s,5s,5s_Endophyllum-sempervivi-1
4084,5s,5s,5s_Enterococcus-faecalis-1
4085,5s,5s,5s_Enterococcus-faecalis-2
4086,5s,5s,5s_Entosiphon-sulcatum-1
4087,5s,5s,5s_Ephedra-kokanica-1
4088,5s,5s,5s_Equisetum-arvense-1
4089,5s,5s,5s_Erwinia-carotovora-1
4090,5s,5s,5s_Erwinia-carotovora-2
4091,5s,5s,5s_Erysipelothrix-rhusiopathiae-1
4092,5s,5s,5s_Erysipelothrix-rhusiopathiae-2
4093,5s,5s,5s_Erysipelothrix-rhusiopathiae-3
4094,5s,5s,5s_Erysipelothrix-tonsillarum-1
4095,5s,5s,5s_Erythrobacter-longus-1
4096,5s,5s,5s_Erythromicrobium-ezovicum-1
4097,5s,5s,5s_Erythromicrobium-hydrolyticum-1
4098,5s,5s,5s_Erythromicrobium-ramosum-1
4099,5s,5s,5s_Esch_coli2B
4100,5s,5s,5s_Esch_coli5B
4101,5s,5s,5s_Escherichia-coli-1
4102,5s,5s,5s_Escherichia-coli-10
4103,5s,5s,5s_Escherichia-coli-11
4104,5s,5s,5s_Escherichia-coli-13
4105,5s,5s,5s_Escherichia-coli-14
4106,5s,5s,5s_Escherichia-coli-15
4107,5s,5s,5s_Escherichia-coli-2
4108,5s,5s,5s_Escherichia-coli-3
4109,5s,5s,5s_Escherichia-coli-4
4110,5s,5s,5s_Escherichia-coli-5
4111,5s,5s,5s_Escherichia-coli-6
4112,5s,5s,5s_Escherichia-coli-8
4113,5s,5s,5s_Euglena-gracilis-1
4114,5s,5s,5s_Euglena-gracilis-2
4115,5s,5s,5s_Euplotes-aediculatus-1
4116,5s,5s,5s_Euplotes-eurystomus-1
4117,5s,5s,5s_Euplotes-octocarinatus-1
4118,5s,5s,5s_Euplotes-vannus-1
4119,5s,5s,5s_Euplotes-woodruffi-1
4120,5s,5s,5s_Eurypelma-californica-1
4121,5s,5s,5s_Exidia-glandulosa-1
4122,5s,5s,5s_Exobasidium-vaccinii-1
4123,5s,5s,5s_F_florifoWE
4124,5s,5s,5s_Farysia-thuemenii-1
4125,5s,5s,5s_Fellomyces-penicillatus-1
4126,5s,5s,5s_Filobasidiella-depauperata-1
4127,5s,5s,5s_Filobasidiella-neoformans-1
4128,5s,5s,5s_Filobasidium-capsuligenum-1
4129,5s,5s,5s_Filobasidium-floriforme-1
4130,5s,5s,5s_Filobasidium-floriforme-2
4131,5s,5s,5s_Finegoldia-magna-1
4132,5s,5s,5s_Finegoldia-magna-2
4133,5s,5s,5s_Flavobacterium-hydatis-1
4134,5s,5s,5s_Flavobacterium-johnsoniae-1
4135,5s,5s,5s_Flectobacillus-major-1
4136,5s,5s,5s_Flexibacter-sp.-1
4137,5s,5s,5s_Fluoribacter-bozemanae-1
4138,5s,5s,5s_Frankia-sp.-1
4139,5s,5s,5s_Frankia-sp.-2
4140,5s,5s,5s_Frankia-sp.-3
4141,5s,5s,5s_Fusarium-asiaticum-1
4142,5s,5s,5s_Fusarium-asiaticum-2
4143,5s,5s,5s_Fusarium-asiaticum-3
4144,5s,5s,5s_Fusarium-asiaticum-4
4145,5s,5s,5s_Fusarium-asiaticum-5
4146,5s,5s,5s_Fusarium-asiaticum-6
4147,5s,5s,5s_Fusarium-asiaticum-7
4148,5s,5s,5s_Fusarium-asiaticum-8
4149,5s,5s,5s_Fusarium-cerealis-1
4150,5s,5s,5s_Fusarium-cerealis-2
4151,5s,5s,5s_Fusarium-cerealis-3
4152,5s,5s,5s_Fusarium-cerealis-4
4153,5s,5s,5s_Fusarium-cerealis-5
4154,5s,5s,5s_Fusarium-cerealis-6
4155,5s,5s,5s_Fusarium-cerealis-7
4156,5s,5s,5s_Fusarium-cerealis-8
4157,5s,5s,5s_Fusarium-cerealis-9
4158,5s,5s,5s_Fusarium-culmorum-1
4159,5s,5s,5s_Fusarium-culmorum-2
4160,5s,5s,5s_Fusarium-culmorum-3
4161,5s,5s,5s_Fusarium-culmorum-4
4162,5s,5s,5s_Fusarium-culmorum-5
4163,5s,5s,5s_Fusarium-culmorum-6
4164,5s,5s,5s_Fusarium-culmorum-7
4165,5s,5s,5s_Fusarium-culmorum-8
4166,5s,5s,5s_Fusarium-lunulosporum-1
4167,5s,5s,5s_Fusarium-lunulosporum-10
4168,5s,5s,5s_Fusarium-lunulosporum-2
4169,5s,5s,5s_Fusarium-lunulosporum-3
4170,5s,5s,5s_Fusarium-lunulosporum-4
4171,5s,5s,5s_Fusarium-lunulosporum-5
4172,5s,5s,5s_Fusarium-lunulosporum-6
4173,5s,5s,5s_Fusarium-lunulosporum-7
4174,5s,5s,5s_Fusarium-lunulosporum-8
4175,5s,5s,5s_Fusarium-lunulosporum-9
4176,5s,5s,5s_Fusarium-pseudograminearum-1
4177,5s,5s,5s_Fusarium-pseudograminearum-2
4178,5s,5s,5s_Fusarium-pseudograminearum-3
4179,5s,5s,5s_Fusarium-pseudograminearum-4
4180,5s,5s,5s_Fusarium-pseudograminearum-5
4181,5s,5s,5s_Fusarium-pseudograminearum-6
4182,5s,5s,5s_Fusarium-pseudograminearum-7
4183,5s,5s,5s_Fusarium-pseudograminearum-8
4184,5s,5s,5s_Fusarium-sporotrichioides-1
4185,5s,5s,5s_Fusarium-sporotrichioides-2
4186,5s,5s,5s_Fusarium-sporotrichioides-3
4187,5s,5s,5s_Fusarium-sporotrichioides-4
4188,5s,5s,5s_Fusarium-sporotrichioides-5
4189,5s,5s,5s_Fusobacterium-mortiferum-1
4190,5s,5s,5s_Fusobacterium-mortiferum-2
4191,5s,5s,5s_Fusobacterium-nucleatum-1
4192,5s,5s,5s_Fusobacterium-nucleatum-2
4193,5s,5s,5s_Fusobacterium-nucleatum-3
4194,5s,5s,5s_Fusobacterium-nucleatum-4
4195,5s,5s,5s_Fusobacterium-nucleatum-5
4196,5s,5s,5s_Fusobacterium-varium-1
4197,5s,5s,5s_Gallus-gallus-1
4198,5s,5s,5s_Gallus-gallus-2
4199,5s,5s,5s_Ganoderma-applanatum-1
4200,5s,5s,5s_Gastrotheca-riobambae-1
4201,5s,5s,5s_Gelidium-amansii-1
4202,5s,5s,5s_Gelidium-amansii-2
4203,5s,5s,5s_Gemm_obscuB
4204,5s,5s,5s_Genistelloides-hibernus-1
4205,5s,5s,5s_Geobacillus-kaustophilus-1
4206,5s,5s,5s_Geobacillus-kaustophilus-2
4207,5s,5s,5s_Geobacillus-kaustophilus-3
4208,5s,5s,5s_Geobacillus-kaustophilus-4
4209,5s,5s,5s_Geobacillus-kaustophilus-6
4210,5s,5s,5s_Geobacillus-kaustophilus-7
4211,5s,5s,5s_Geobacillus-stearothermophilus-1
4212,5s,5s,5s_Geobacillus-stearothermophilus-2
4213,5s,5s,5s_Geobacillus-stearothermophilus-3
4214,5s,5s,5s_Geobacillus-stearothermophilus-4
4215,5s,5s,5s_Geodermatophilus-obscurus-1
4216,5s,5s,5s_Ginkgo-biloba-1
4217,5s,5s,5s_Gloiopeltis-complanata-1
4218,5s,5s,5s_Gluconacetobacter-xylinus-1
4219,5s,5s,5s_Gluconobacter-oxydans-3
4220,5s,5s,5s_Gnetum-gnemon-1
4221,5s,5s,5s_Gossypium-hirsutum-1
4222,5s,5s,5s_Gracilaria-compressa-1
4223,5s,5s,5s_Gracilaria-compressa-2
4224,5s,5s,5s_Graphiola-phoenicis-1
4225,5s,5s,5s_Grimontia-hollisae-1
4226,5s,5s,5s_Gymnosporangium-clavariaeforme-1
4227,5s,5s,5s_Gymnosporangium-sabinae-1
4228,5s,5s,5s_Haemonchus-contortus-1
4229,5s,5s,5s_Haemophilus-aegyptius-1
4230,5s,5s,5s_Haemophilus-influenzae-1
4231,5s,5s,5s_Haemophilus-influenzae-4
4232,5s,5s,5s_Haemophilus-influenzae-6
4233,5s,5s,5s_Halichondria-japonica-1
4234,5s,5s,5s_Halichondria-panicea-1
4235,5s,5s,5s_Haliclona-oculata-1
4236,5s,5s,5s_Haloarcula-marismortui-1
4237,5s,5s,5s_Haloarcula-marismortui-2
4238,5s,5s,5s_Haloarcula-marismortui-3
4239,5s,5s,5s_Halobacterium-salinarum-1
4240,5s,5s,5s_Halobacterium-salinarum-2
4241,5s,5s,5s_Halobacterium-salinarum-3
4242,5s,5s,5s_Halobacterium-sp.-1
4243,5s,5s,5s_Halobacterium-sp.-2
4244,5s,5s,5s_Halococcus-morrhuae-1
4245,5s,5s,5s_Halococcus-morrhuae-2
4246,5s,5s,5s_Halocynthia-roretzi-1
4247,5s,5s,5s_Haloferax-mediterranei-1
4248,5s,5s,5s_Haloferax-mediterranei-2
4249,5s,5s,5s_Haloferax-volcanii-1
4250,5s,5s,5s_Haloferax-volcanii-2
4251,5s,5s,5s_Haloferax-volcanii-3
4252,5s,5s,5s_Halorhodospira-halophila-1
4253,5s,5s,5s_Halorubrum-distributum-1
4254,5s,5s,5s_Halorubrum-distributum-3
4255,5s,5s,5s_Halorubrum-distributum-4
4256,5s,5s,5s_Halorubrum-distributum-5
4257,5s,5s,5s_Halorubrum-distributum-6
4258,5s,5s,5s_Halorubrum-distributum-7
4259,5s,5s,5s_Halorubrum-saccharovorum-1
4260,5s,5s,5s_Halorubrum-terrestre-1
4261,5s,5s,5s_Halorubrum-terrestre-2
4262,5s,5s,5s_Halothiobacillus-neapolitanus-1
4263,5s,5s,5s_Harpalus-rufipes-1
4264,5s,5s,5s_Helianthus-annuus-1
4265,5s,5s,5s_Helicobacter-hepaticus-1
4266,5s,5s,5s_Helicobacter-pylori-2
4267,5s,5s,5s_Helicobacter-pylori-3
4268,5s,5s,5s_Helicobasidium-purpureum-1
4269,5s,5s,5s_Helix-pomatia-1
4270,5s,5s,5s_Hemicentrotus-sp.-1
4271,5s,5s,5s_Herbidospora-cretacea-1
4272,5s,5s,5s_Herpetosiphon-aurantiacus-1
4273,5s,5s,5s_Homarus-gammarus-1
4274,5s,5s,5s_Homo-sapiens-1
4275,5s,5s,5s_Hydrurus-foetidus-1
4276,5s,5s,5s_Hymeniacidon-sanguinea-1
4277,5s,5s,5s_Hyphodontia-paradoxa-1
4278,5s,5s,5s_Hyphomicrobium-sp.-1
4279,5s,5s,5s_Hyphomicrobium-sp.-2
4280,5s,5s,5s_Hyphomicrobium-sp.-3
4281,5s,5s,5s_Hyphomicrobium-sp.-4
4282,5s,5s,5s_Hyphomicrobium-sp.-5
4283,5s,5s,5s_Hyphomicrobium-sp.-6
4284,5s,5s,5s_Hyphomicrobium-sp.-7
4285,5s,5s,5s_Hyphomicrobium-vulgare-1
4286,5s,5s,5s_Hyphomicrobium-vulgare-2
4287,5s,5s,5s_Hyphomonas-oligotropha-1
4288,5s,5s,5s_Hyphomonas-polymorpha-1
4289,5s,5s,5s_Idiomarina-loihiensis-1
4290,5s,5s,5s_Idiomarina-loihiensis-2
4291,5s,5s,5s_Iguana-iguana-1
4292,5s,5s,5s_Illex-illecebrosus-1
4293,5s,5s,5s_Isosphaera-pallida-1
4294,5s,5s,5s_Itersonilia-perplexans-1
4295,5s,5s,5s_Juniperus-media-1
4296,5s,5s,5s_Kibdelosporangium-aridum-1
4297,5s,5s,5s_Klebsormidium-flaccidum-1
4298,5s,5s,5s_Kluyveromyces-delphensis-1
4299,5s,5s,5s_Kondoa-malvinella-1
4300,5s,5s,5s_Kutzneria-albida-1
4301,5s,5s,5s_Kutzneria-viridogrisea-1
4302,5s,5s,5s_Laccaria-bicolor-1
4303,5s,5s,5s_Lactobacillus-acidophilus-1
4304,5s,5s,5s_Lactobacillus-brevis-1
4305,5s,5s,5s_Lactobacillus-delbrueckii-1
4306,5s,5s,5s_Lactobacillus-delbrueckii-2
4307,5s,5s,5s_Lactobacillus-johnsonii-1
4308,5s,5s,5s_Lactobacillus-plantarum-1
4309,5s,5s,5s_Lactobacillus-plantarum-2
4310,5s,5s,5s_Lactobacillus-plantarum-3
4311,5s,5s,5s_Lactococcus-lactis-1
4312,5s,5s,5s_Lactococcus-lactis-2
4313,5s,5s,5s_Lactococcus-lactis-3
4314,5s,5s,5s_Lactococcus-lactis-4
4315,5s,5s,5s_Lactococcus-lactis-5
4316,5s,5s,5s_Lactuca-sativa-1
4317,5s,5s,5s_Legionella-dumoffii-1
4318,5s,5s,5s_Legionella-longbeachae-1
4319,5s,5s,5s_Legionella-pneumophila-1
4320,5s,5s,5s_Legionella-pneumophila-2
4321,5s,5s,5s_Legionella-pneumophila-3
4322,5s,5s,5s_Leifsonia-aquatica-1
4323,5s,5s,5s_Leifsonia-xyli-1
4324,5s,5s,5s_Lemna-minor-1
4325,5s,5s,5s_Lentinula-edodes-1
4326,5s,5s,5s_Lentinula-edodes-2
4327,5s,5s,5s_Leptospira-biflexa-1
4328,5s,5s,5s_Leptospira-interrogans-1
4329,5s,5s,5s_Leptospira-interrogans-2
4330,5s,5s,5s_Leptothrix-discophora-1
4331,5s,5s,5s_Lethenteron-japonicum-1
4332,5s,5s,5s_Lethenteron-japonicum-2
4333,5s,5s,5s_Lethenteron-reissneri-1
4334,5s,5s,5s_Leuconostoc-mesenteroides-1
4335,5s,5s,5s_Ligia-oceanica-1
4336,5s,5s,5s_Limulus-polyphemus-1
4337,5s,5s,5s_Linderina-macrospora-1
4338,5s,5s,5s_Lineus-geniculatus-1
4339,5s,5s,5s_Lingula-anatina-1
4340,5s,5s,5s_Lingula-anatina-2
4341,5s,5s,5s_Listeria-innocua-2
4342,5s,5s,5s_Listeria-ivanovii-1
4343,5s,5s,5s_Listeria-monocytogenes-2
4344,5s,5s,5s_Listeria-monocytogenes-3
4345,5s,5s,5s_Listonella-anguillarum-1
4346,5s,5s,5s_Listonella-pelagia-1
4347,5s,5s,5s_Locusta-migratoria-1
4348,5s,5s,5s_Loofah-witches-broom-phytoplasma-1
4349,5s,5s,5s_Lophocolea-heterophylla-1
4350,5s,5s,5s_Lupinus-angustifolius-1
4351,5s,5s,5s_Lupinus-luteus-1
4352,5s,5s,5s_Lycoperdon-pyriforme-1
4353,5s,5s,5s_Lycopersicon-esculentum-1
4354,5s,5s,5s_Lycopodium-clavatum-1
4355,5s,5s,5s_Lytechinus-variegatus-1
4356,5s,5s,5s_Magnolia-kobus-1
4357,5s,5s,5s_Magnolia-stellata-1
4358,5s,5s,5s_Mannheimia-succiniciproducens-1
4359,5s,5s,5s_Mannheimia-succiniciproducens-2
4360,5s,5s,5s_Mannheimia-succiniciproducens-3
4361,5s,5s,5s_Marchantia-polymorpha-1
4362,5s,5s,5s_Medicago-sativa-1
4363,5s,5s,5s_Meloidogyne-arenaria-1
4364,5s,5s,5s_Meloidogyne-arenaria-2
4365,5s,5s,5s_Meloidogyne-arenaria-3
4366,5s,5s,5s_Meloidogyne-arenaria-4
4367,5s,5s,5s_Meloidogyne-artiellia-1
4368,5s,5s,5s_Meloidogyne-chitwoodi-1
4369,5s,5s,5s_Menoidium-pellucidum-1
4370,5s,5s,5s_Mesorhizobium-loti-1
4371,5s,5s,5s_Metasequoia-glyptostroboides-1
4372,5s,5s,5s_Methanobacterium-formicicum-1
4373,5s,5s,5s_Methanobrevibacter-ruminantium-1
4374,5s,5s,5s_Methanocaldococcus-jannaschii-1
4375,5s,5s,5s_Methanocaldococcus-jannaschii-2
4376,5s,5s,5s_Methanococcus-maripaludis-1
4377,5s,5s,5s_Methanococcus-vannielii-1
4378,5s,5s,5s_Methanococcus-vannielii-2
4379,5s,5s,5s_Methanococcus-voltae-1
4380,5s,5s,5s_Methanococcus-voltae-2
4381,5s,5s,5s_Methanolobus-tindarius-1
4382,5s,5s,5s_Methanolobus-tindarius-2
4383,5s,5s,5s_Methanopyrus-kandleri-1
4384,5s,5s,5s_Methanosarcina-acetivorans-1
4385,5s,5s,5s_Methanosarcina-acetivorans-2
4386,5s,5s,5s_Methanosarcina-barkeri-1
4387,5s,5s,5s_Methanosarcina-mazei-1
4388,5s,5s,5s_Methanosarcina-mazei-2
4389,5s,5s,5s_Methanosarcina-vacuolata-1
4390,5s,5s,5s_Methanospirillum-hungatei-1
4391,5s,5s,5s_Methanothermobacter-thermautotrophicus-1
4392,5s,5s,5s_Methanothermobacter-thermautotrophicus-2
4393,5s,5s,5s_Methanothermobacter-thermautotrophicus-3
4394,5s,5s,5s_Methanothermobacter-thermautotrophicus-4
4395,5s,5s,5s_Methanothermobacter-thermautotrophicus-5
4396,5s,5s,5s_Methanothermobacter-thermautotrophicus-6
4397,5s,5s,5s_Methanothermobacter-thermautotrophicus-7
4398,5s,5s,5s_Methanothermococcus-thermolithotrophicus-1
4399,5s,5s,5s_Methanothermus-fervidus-1
4400,5s,5s,5s_Methylobacterium-extorquens-1
4401,5s,5s,5s_Methylobacterium-organophilum-1
4402,5s,5s,5s_Methylobacterium-sp.-1
4403,5s,5s,5s_Methylococcus-capsulatus-1
4404,5s,5s,5s_Methylococcus-capsulatus-3
4405,5s,5s,5s_Methylomicrobium-album-1
4406,5s,5s,5s_Methylomicrobium-clara-1
4407,5s,5s,5s_Methylophilus-methylotrophus-1
4408,5s,5s,5s_Microbacterium-testaceum-1
4409,5s,5s,5s_Microbotryum-violaceum-1
4410,5s,5s,5s_Micrococcus-luteus-1
4411,5s,5s,5s_Micrococcus-luteus-2
4412,5s,5s,5s_Micrococcus-luteus-4
4413,5s,5s,5s_Microstroma-juglandis-1
4414,5s,5s,5s_Microtetraspora-glauca-1
4415,5s,5s,5s_Misgurnus-fossilis-1
4416,5s,5s,5s_Misgurnus-fossilis-14
4417,5s,5s,5s_Moniliella-acetoabutans-1
4418,5s,5s,5s_Moritella-marina-1
4419,5s,5s,5s_Mortierella-formosensis-1
4420,5s,5s,5s_Mus-musculus-1
4421,5s,5s,5s_Mycobacterium-avium-1
4422,5s,5s,5s_Mycobacterium-bovis-1
4423,5s,5s,5s_Mycobacterium-bovis-2
4424,5s,5s,5s_Mycobacterium-bovis-3
4425,5s,5s,5s_Mycobacterium-flavescens-1
4426,5s,5s,5s_Mycobacterium-leprae-1
4427,5s,5s,5s_Mycobacterium-leprae-2
4428,5s,5s,5s_Mycobacterium-phlei-1
4429,5s,5s,5s_Mycobacterium-phlei-2
4430,5s,5s,5s_Mycobacterium-smegmatis-1
4431,5s,5s,5s_Mycobacterium-smegmatis-2
4432,5s,5s,5s_Mycobacterium-smegmatis-3
4433,5s,5s,5s_Mycobacterium-tuberculosis-1
4434,5s,5s,5s_Mycobacterium-tuberculosis-2
4435,5s,5s,5s_Mycobacterium-tuberculosis-3
4436,5s,5s,5s_Mycobacterium-tuberculosis-4
4437,5s,5s,5s_Mycoplasma-capricolum-1
4438,5s,5s,5s_Mycoplasma-flocculare-1
4439,5s,5s,5s_Mycoplasma-gallisepticum-1
4440,5s,5s,5s_Mycoplasma-gallisepticum-2
4441,5s,5s,5s_Mycoplasma-gallisepticum-3
4442,5s,5s,5s_Mycoplasma-gallisepticum-4
4443,5s,5s,5s_Mycoplasma-genitalium-1
4444,5s,5s,5s_Mycoplasma-haemofelis-1
4445,5s,5s,5s_Mycoplasma-hyopneumoniae-1
4446,5s,5s,5s_Mycoplasma-hyopneumoniae-2
4447,5s,5s,5s_Mycoplasma-mobile-1
4448,5s,5s,5s_Mycoplasma-mycoides-1
4449,5s,5s,5s_Mycoplasma-mycoides-2
4450,5s,5s,5s_Mycoplasma-mycoides-3
4451,5s,5s,5s_Mycoplasma-penetrans-1
4452,5s,5s,5s_Mycoplasma-pneumoniae-1
4453,5s,5s,5s_Mycoplasma-pulmonis-1
4454,5s,5s,5s_Mycoplasma-sp.-1
4455,5s,5s,5s_Mycoplasma-sp.-2
4456,5s,5s,5s_Mytilus-edulis-1
4457,5s,5s,5s_Mytilus-edulis-2
4458,5s,5s,5s_Mytilus-galloprovincialis-2
4459,5s,5s,5s_Mytilus-galloprovincialis-3
4460,5s,5s,5s_Myxococcus-coralloides-1
4461,5s,5s,5s_Nadsonia-fulvescens-1
4462,5s,5s,5s_Nannocystis-exedens-1
4463,5s,5s,5s_Nanoarchaeum-equitans-1
4464,5s,5s,5s_Natrialba-magadii-1
4465,5s,5s,5s_Natrinema-sp.-1
4466,5s,5s,5s_Natronococcus-occultus-1
4467,5s,5s,5s_Natronomonas-pharaonis-1
4468,5s,5s,5s_Natronomonas-pharaonis-2
4469,5s,5s,5s_Neisseria-gonorrhoeae-1
4470,5s,5s,5s_Neisseria-meningitidis-1
4471,5s,5s,5s_Nemopsis-dofleini-1
4472,5s,5s,5s_Nephila-clavipes-1
4473,5s,5s,5s_Neurospora-africana-1
4474,5s,5s,5s_Neurospora-africana-2
4475,5s,5s,5s_Neurospora-crassa-1
4476,5s,5s,5s_Neurospora-crassa-10
4477,5s,5s,5s_Neurospora-crassa-11
4478,5s,5s,5s_Neurospora-crassa-12
4479,5s,5s,5s_Neurospora-crassa-13
4480,5s,5s,5s_Neurospora-crassa-14
4481,5s,5s,5s_Neurospora-crassa-15
4482,5s,5s,5s_Neurospora-crassa-2
4483,5s,5s,5s_Neurospora-crassa-6
4484,5s,5s,5s_Neurospora-crassa-9
4485,5s,5s,5s_Neurospora-intermedia-1
4486,5s,5s,5s_Neurospora-intermedia-2
4487,5s,5s,5s_Neurospora-intermedia-3
4488,5s,5s,5s_Nicotiana-tabacum-1
4489,5s,5s,5s_Nitella-flexilis-1
4490,5s,5s,5s_Nitrobacter-winogradskyi-1
4491,5s,5s,5s_Nocardia-asteroides-1
4492,5s,5s,5s_Nocardia-farcinica-1
4493,5s,5s,5s_Nocardioides-albus-1
4494,5s,5s,5s_Nocardiopsis-dassonvillei-1
4495,5s,5s,5s_Notophthalmus-viridescens-1
4496,5s,5s,5s_Oceanobacillus-iheyensis-1
4497,5s,5s,5s_Oceanobacillus-iheyensis-2
4498,5s,5s,5s_Oceanobacillus-iheyensis-3
4499,5s,5s,5s_Oceanobacillus-iheyensis-4
4500,5s,5s,5s_Octopus-vulgaris-1
4501,5s,5s,5s_Oenococcus-oeni-1
4502,5s,5s,5s_Oerskovia-turbata-1
4503,5s,5s,5s_Onchocerca-cervicalis-1
4504,5s,5s,5s_Onchocerca-volvulus-1
4505,5s,5s,5s_Oryctolagus-cuniculus-1
4506,5s,5s,5s_Oryza-sativa-1
4507,5s,5s,5s_Oryza-sativa-2
4508,5s,5s,5s_P_cynthiaE
4509,5s,5s,5s_Paenibacillus-popilliae-1
4510,5s,5s,5s_Palmaria-palmata-1
4511,5s,5s,5s_Paracentrotus-lividus-1
4512,5s,5s,5s_Paracentrotus-lividus-2
4513,5s,5s,5s_Parachlamydia-sp.-1
4514,5s,5s,5s_Paracoccus-denitrificans-1
4515,5s,5s,5s_Paracoccus-denitrificans-2
4516,5s,5s,5s_Paracoccus-sp.-1
4517,5s,5s,5s_Paracoccus-versutus-1
4518,5s,5s,5s_Paramecium-tetraurelia-1
4519,5s,5s,5s_Pasteurella-multocida-1
4520,5s,5s,5s_Pasteurella-multocida-2
4521,5s,5s,5s_Pedinomonas-minor-1
4522,5s,5s,5s_Pedobacter-heparinus-1
4523,5s,5s,5s_Penicillium-chrysogenum-1
4524,5s,5s,5s_Penicillium-griseofulvum-1
4525,5s,5s,5s_Perinereis-brevicirris-1
4526,5s,5s,5s_Perkinsus-andrewsi-1
4527,5s,5s,5s_Perkinsus-andrewsi-2
4528,5s,5s,5s_Perkinsus-olseni-1
4529,5s,5s,5s_Phacus-curvicauda-1
4530,5s,5s,5s_Phaffia-rhodozyma-1
4531,5s,5s,5s_Phascolopsis-gouldii-1
4532,5s,5s,5s_Phaseolus-vulgaris-1
4533,5s,5s,5s_Phaseolus-vulgaris-2
4534,5s,5s,5s_Phleogena-faginea-1
4535,5s,5s,5s_Phlyctochytrium-irregulare-1
4536,5s,5s,5s_Photobacterium-angustum-1
4537,5s,5s,5s_Photobacterium-damselae-1
4538,5s,5s,5s_Photobacterium-damselae-2
4539,5s,5s,5s_Photobacterium-leiognathi-1
4540,5s,5s,5s_Photobacterium-profundum-1
4541,5s,5s,5s_Photobacterium-profundum-2
4542,5s,5s,5s_Photobacterium-profundum-3
4543,5s,5s,5s_Photobacterium-sp.-1
4544,5s,5s,5s_Photorhabdus-luminescens-1
4545,5s,5s,5s_Photorhabdus-luminescens-2
4546,5s,5s,5s_Photorhabdus-luminescens-3
4547,5s,5s,5s_Phycomyces-blakesleeanus-1
4548,5s,5s,5s_Physarum-polycephalum-1
4549,5s,5s,5s_Pichia-angusta-1
4550,5s,5s,5s_Pichia-jadinii-1
4551,5s,5s,5s_Pichia-jadinii-2
4552,5s,5s,5s_Pichia-membranifaciens-1
4553,5s,5s,5s_Pimelobacter-simplex-1
4554,5s,5s,5s_Pinus-contorta-1
4555,5s,5s,5s_Pinus-silvestris-1
4556,5s,5s,5s_Pirellula-sp.-1
4557,5s,5s,5s_Pirellula-sp.-2
4558,5s,5s,5s_Plagiomnium-trichomanes-1
4559,5s,5s,5s_Planctomyces-brasiliensis-1
4560,5s,5s,5s_Planctomyces-limnophilus-1
4561,5s,5s,5s_Planobispora-longispora-1
4562,5s,5s,5s_Planocera-reticulata-1
4563,5s,5s,5s_Planococcus-citreus-1
4564,5s,5s,5s_Planococcus-kocurii-1
4565,5s,5s,5s_Plasmodium-falciparum-1
4566,5s,5s,5s_Platymonas-subcordiformis-1
4567,5s,5s,5s_Plesiomonas-shigelloides-1
4568,5s,5s,5s_Pleurodeles-waltl-1
4569,5s,5s,5s_Pleurodeles-waltl-3
4570,5s,5s,5s_Pleurotus-ostreatus-1
4571,5s,5s,5s_Pneumocystis-carinii-1
4572,5s,5s,5s_Pneumocystis-carinii-2
4573,5s,5s,5s_Polyangium-cellulosum-1
4574,5s,5s,5s_Porphyra-tenera-1
4575,5s,5s,5s_Porphyra-umbilicalis-1
4576,5s,5s,5s_Porphyra-yezoensis-1
4577,5s,5s,5s_Porphyromonas-gingivalis-1
4578,5s,5s,5s_Porphyromonas-gingivalis-2
4579,5s,5s,5s_Prasinocladus-sp.-1
4580,5s,5s,5s_Prauserella-rugosa-1
4581,5s,5s,5s_Proasellus-coxalis-1
4582,5s,5s,5s_Propionibacterium-acnes-1
4583,5s,5s,5s_Prosthecochloris-aestuarii-1
4584,5s,5s,5s_Prosthecomicrobium-enhydrum-1
4585,5s,5s,5s_Proteus-vulgaris-1
4586,5s,5s,5s_Protomyces-inundatus-1
4587,5s,5s,5s_Pseudocentrotus-depressus-1
4588,5s,5s,5s_Pseudomonas-aeruginosa-1
4589,5s,5s,5s_Pseudomonas-aeruginosa-2
4590,5s,5s,5s_Pseudomonas-aeruginosa-3
4591,5s,5s,5s_Pseudomonas-denitrificans-1
4592,5s,5s,5s_Pseudomonas-fluorescens-1
4593,5s,5s,5s_Pseudomonas-fluorescens-2
4594,5s,5s,5s_Pseudomonas-fluorescens-3
4595,5s,5s,5s_Pseudomonas-fluorescens-4
4596,5s,5s,5s_Pseudomonas-putida-1
4597,5s,5s,5s_Pseudomonas-putida-2
4598,5s,5s,5s_Pseudomonas-stutzeri-1
4599,5s,5s,5s_Pseudomonas-stutzeri-2
4600,5s,5s,5s_Pseudomonas-syringae-1
4601,5s,5s,5s_Pseudomonas-syringae-2
4602,5s,5s,5s_Pseudomonas-syringae-3
4603,5s,5s,5s_Pseudomonas-syringae-4
4604,5s,5s,5s_Pseudonocardia-compacta-1
4605,5s,5s,5s_Pseudonocardia-halophobica-1
4606,5s,5s,5s_Pseudonocardia-hydrocarbonoxydans-1
4607,5s,5s,5s_Pseudonocardia-thermophila-1
4608,5s,5s,5s_Psilotum-nudum-1
4609,5s,5s,5s_Pteridium-aquilinum-1
4610,5s,5s,5s_Puccinia-poarum-1
4611,5s,5s,5s_Puccinia-suaveolens-1
4612,5s,5s,5s_Pyrenophora-graminea-1
4613,5s,5s,5s_Pyrococcus-abyssi-1
4614,5s,5s,5s_Pyrococcus-furiosus-1
4615,5s,5s,5s_Pyrococcus-furiosus-2
4616,5s,5s,5s_Pyrococcus-horikoshii-1
4617,5s,5s,5s_Pyrococcus-horikoshii-2
4618,5s,5s,5s_Pyrococcus-woesei-1
4619,5s,5s,5s_Pythium-hydnosporum-1
4620,5s,5s,5s_Pythium-pachycaule-1
4621,5s,5s,5s_Pythium-torulosum-1
4622,5s,5s,5s_Ralstonia-pickettii-1
4623,5s,5s,5s_Ralstonia-solanacearum-1
4624,5s,5s,5s_Ralstonia-solanacearum-2
4625,5s,5s,5s_Rana-catesbeiana-1
4626,5s,5s,5s_Rana-pipiens-1
4627,5s,5s,5s_Rattus-norvegicus-1
4628,5s,5s,5s_Renibacterium-salmoninarum-1
4629,5s,5s,5s_Renobacter-vaculatum-1
4630,5s,5s,5s_Rhabditis-tokai-1
4631,5s,5s,5s_Rhabdomonas-costata-1
4632,5s,5s,5s_Rhcoc_fas1B
4633,5s,5s,5s_Rhizoctonia-globularis-1
4634,5s,5s,5s_Rhodobacter-capsulatus-1
4635,5s,5s,5s_Rhodobacter-capsulatus-2
4636,5s,5s,5s_Rhodobacter-capsulatus-3
4637,5s,5s,5s_Rhodobacter-sphaeroides-1
4638,5s,5s,5s_Rhodobacter-sphaeroides-2
4639,5s,5s,5s_Rhodobacter-sphaeroides-3
4640,5s,5s,5s_Rhodococcus-erythropolis-1
4641,5s,5s,5s_Rhodococcus-erythropolis-2
4642,5s,5s,5s_Rhodococcus-fascians-1
4643,5s,5s,5s_Rhodococcus-fascians-2
4644,5s,5s,5s_Rhodococcus-rhodochrous-1
4645,5s,5s,5s_Rhodopirellula-baltica-1
4646,5s,5s,5s_Rhodopseudomonas-palustris-2
4647,5s,5s,5s_Rhodopseudomonas-palustris-3
4648,5s,5s,5s_Rhodospirillum-rubrum-1
4649,5s,5s,5s_Rhodosporidium-toruloides-1
4650,5s,5s,5s_Rickettsia-conorii-1
4651,5s,5s,5s_Rickettsia-felis-1
4652,5s,5s,5s_Rickettsia-moozeri-1
4653,5s,5s,5s_Rickettsia-prowazekii-1
4654,5s,5s,5s_Roseococcus-thiosulfatophilus-1
4655,5s,5s,5s_Roseococcus-thiosulfatophilus-2
4656,5s,5s,5s_Rubrivivax-gelatinosus-1
4657,5s,5s,5s_Rumex-acetosa-1
4658,5s,5s,5s_Russula-cyanoxantha-1
4659,5s,5s,5s_S_kowalev2E
4660,5s,5s,5s_Sabellastarte-japonica-1
4661,5s,5s,5s_Saccharomonospora-azurea-1
4662,5s,5s,5s_Saccharomonospora-cyanea-1
4663,5s,5s,5s_Saccharomonospora-glauca-1
4664,5s,5s,5s_Saccharomonospora-sp.-1
4665,5s,5s,5s_Saccharomyces-cerevisiae-1
4666,5s,5s,5s_Saccharomyces-cerevisiae-3
4667,5s,5s,5s_Saccharomyces-cerevisiae-4
4668,5s,5s,5s_Saccharomyces-cerevisiae-5
4669,5s,5s,5s_Saccharomyces-cerevisiae-6
4670,5s,5s,5s_Saccharomyces-cerevisiae-7
4671,5s,5s,5s_Saccharomyces-pastorianus-1
4672,5s,5s,5s_Saccharopolyspora-erythraea-1
4673,5s,5s,5s_Saccharopolyspora-gregorii-1
4674,5s,5s,5s_Saccharopolyspora-hirsuta-1
4675,5s,5s,5s_Saccharopolyspora-hordei-1
4676,5s,5s,5s_Saccharopolyspora-rectivirgula-1
4677,5s,5s,5s_Saccharothrix-australiensis-1
4678,5s,5s,5s_Saccharothrix-mutabilis-1
4679,5s,5s,5s_Saccoglossus-kowalevskii-1
4680,5s,5s,5s_Salmonella-enterica-1
4681,5s,5s,5s_Salmonella-enterica-3
4682,5s,5s,5s_Salmonella-enterica-4
4683,5s,5s,5s_Salmonella-enterica-5
4684,5s,5s,5s_Salmonella-enterica-6
4685,5s,5s,5s_Salmonella-enterica-7
4686,5s,5s,5s_Salmonella-enterica-8
4687,5s,5s,5s_Salmonella-typhi-1
4688,5s,5s,5s_Salmonella-typhimurium-1
4689,5s,5s,5s_Salmonella-typhimurium-2
4690,5s,5s,5s_Salmonella-typhimurium-3
4691,5s,5s,5s_Salmonella-typhimurium-4
4692,5s,5s,5s_Samia-cynthia-1
4693,5s,5s,5s_Samia-cynthia-ricini-1
4694,5s,5s,5s_Samia-cynthia-ricini-x-Bombyx-mori-1
4695,5s,5s,5s_Sandaracinobacter-sibiricus-1
4696,5s,5s,5s_Saprolegnia-ferax-1
4697,5s,5s,5s_Saprospira-grandis-1
4698,5s,5s,5s_Sargassum-fulvellum-1
4699,5s,5s,5s_Scenedesmus-obliquus-1
4700,5s,5s,5s_Schizochytrium-aggregatum-1
4701,5s,5s,5s_Schizophyllum-commune-1
4702,5s,5s,5s_Schizosaccharomyces-pombe-1
4703,5s,5s,5s_Schizosaccharomyces-pombe-2
4704,5s,5s,5s_Schizosaccharomyces-pombe-3
4705,5s,5s,5s_Schizosaccharomyces-pombe-4
4706,5s,5s,5s_Scyliorhinus-canicula-1
4707,5s,5s,5s_Scytosiphon-lomentaria-1
4708,5s,5s,5s_Secale-cereale-2
4709,5s,5s,5s_Seliberia-stellata-1
4710,5s,5s,5s_Sepia-officinalis-1
4711,5s,5s,5s_Septobasidium-carestianum-1
4712,5s,5s,5s_Shewanella-colwelliana-1
4713,5s,5s,5s_Shewanella-hanedai-1
4714,5s,5s,5s_Shewanella-oneidensis-1
4715,5s,5s,5s_Shewanella-oneidensis-2
4716,5s,5s,5s_Shewanella-putrefaciens-1
4717,5s,5s,5s_Shigella-flexneri-1
4718,5s,5s,5s_Shigella-flexneri-2
4719,5s,5s,5s_Shigella-flexneri-3
4720,5s,5s,5s_Silicibacter-pomeroyi-1
4721,5s,5s,5s_Sinorhizobium-meliloti-1
4722,5s,5s,5s_Smittium-culisetae-1
4723,5s,5s,5s_Solemya-velum-1
4724,5s,5s,5s_Sphacelotheca-polygoni-persicariae-1
4725,5s,5s,5s_Sphingomonas-ursincola-1
4726,5s,5s,5s_Spinacia-oleracea-1
4727,5s,5s,5s_Spirobolus-sp-1
4728,5s,5s,5s_Spirochaeta-aurantia-1
4729,5s,5s,5s_Spirocodon-saltatrix-1
4730,5s,5s,5s_Spirogyra-grevilleana-1
4731,5s,5s,5s_Spirogyra-sp.-1
4732,5s,5s,5s_Spiroplasma-melliferum-1
4733,5s,5s,5s_Spirosoma-sp.-1
4734,5s,5s,5s_Sporidiobolus-salmonicolor-1
4735,5s,5s,5s_Sporolactobacillus-inulinus-1
4736,5s,5s,5s_Sporolactobacillus-nakayamae-1
4737,5s,5s,5s_Sporosarcina-pasteurii-1
4738,5s,5s,5s_Sporosarcina-ureae-1
4739,5s,5s,5s_Staphylococcus-aureus-1
4740,5s,5s,5s_Staphylococcus-aureus-2
4741,5s,5s,5s_Staphylococcus-aureus-3
4742,5s,5s,5s_Staphylococcus-epidermidis-1
4743,5s,5s,5s_Staphylococcus-epidermidis-2
4744,5s,5s,5s_Staphylococcus-epidermidis-3
4745,5s,5s,5s_Staphylococcus-haemolyticus-1
4746,5s,5s,5s_Staphylococcus-haemolyticus-2
4747,5s,5s,5s_Starkeya-novella-1
4748,5s,5s,5s_Stella-humosa-1
4749,5s,5s,5s_Sterkiella-nova-1
4750,5s,5s,5s_Stilbum-vulgare-1
4751,5s,5s,5s_Streptococcus-agalactiae-1
4752,5s,5s,5s_Streptococcus-agalactiae-2
4753,5s,5s,5s_Streptococcus-mutans-1
4754,5s,5s,5s_Streptococcus-mutans-2
4755,5s,5s,5s_Streptococcus-mutans-3
4756,5s,5s,5s_Streptococcus-pneumoniae-1
4757,5s,5s,5s_Streptococcus-pneumoniae-2
4758,5s,5s,5s_Streptococcus-pyogenes-1
4759,5s,5s,5s_Streptococcus-pyogenes-2
4760,5s,5s,5s_Streptococcus-pyogenes-3
4761,5s,5s,5s_Streptococcus-pyogenes-4
4762,5s,5s,5s_Streptococcus-salivarius-1
4763,5s,5s,5s_Streptococcus-thermophilus-1
4764,5s,5s,5s_Streptococcus-thermophilus-2
4765,5s,5s,5s_Streptomyces-ambofaciens-1
4766,5s,5s,5s_Streptomyces-avermitilis-1
4767,5s,5s,5s_Streptomyces-avermitilis-2
4768,5s,5s,5s_Streptomyces-avermitilis-3
4769,5s,5s,5s_Streptomyces-avermitilis-4
4770,5s,5s,5s_Streptomyces-avermitilis-5
4771,5s,5s,5s_Streptomyces-brasiliensis-1
4772,5s,5s,5s_Streptomyces-cinereus-1
4773,5s,5s,5s_Streptomyces-coelicolor-1
4774,5s,5s,5s_Streptomyces-coelicolor-2
4775,5s,5s,5s_Streptomyces-coelicolor-3
4776,5s,5s,5s_Streptomyces-coelicolor-4
4777,5s,5s,5s_Streptomyces-coelicolor-5
4778,5s,5s,5s_Streptomyces-coelicolor-6
4779,5s,5s,5s_Streptomyces-diastaticus-1
4780,5s,5s,5s_Streptomyces-griseus-1
4781,5s,5s,5s_Streptomyces-griseus-2
4782,5s,5s,5s_Streptomyces-griseus-3
4783,5s,5s,5s_Streptomyces-lividans-1
4784,5s,5s,5s_Streptomyces-nodosus-1
4785,5s,5s,5s_Streptomyces-nodosus-2
4786,5s,5s,5s_Streptomyces-nodosus-3
4787,5s,5s,5s_Streptomyces-nodosus-4
4788,5s,5s,5s_Streptomyces-purpureus-1
4789,5s,5s,5s_Streptomyces-rimosus-2
4790,5s,5s,5s_Streptomyces-roseoverticillatus-1
4791,5s,5s,5s_Streptomyces-sclerotialus-1
4792,5s,5s,5s_Streptomyces-sp.-1
4793,5s,5s,5s_Streptomyces-sp.-2
4794,5s,5s,5s_Streptomyces-sp.-3
4795,5s,5s,5s_Streptomyces-sp.-4
4796,5s,5s,5s_Streptomyces-violaceus-1
4797,5s,5s,5s_Streptosporangium-roseum-1
4798,5s,5s,5s_Sulfolobus-tokodaii-1
4799,5s,5s,5s_Sulfurococcus-mirabilis-1
4800,5s,5s,5s_Symbiobacterium-thermophilum-1
4801,5s,5s,5s_Symbiobacterium-thermophilum-2
4802,5s,5s,5s_Symbiobacterium-thermophilum-3
4803,5s,5s,5s_Symbiobacterium-thermophilum-4
4804,5s,5s,5s_T_cruziE
4805,5s,5s,5s_Taphrina-deformans-1
4806,5s,5s,5s_Taxus-baccata-1
4807,5s,5s,5s_Tenebrio-molitor-1
4808,5s,5s,5s_Terrapene-carolina-1
4809,5s,5s,5s_Tetrahymena-pyriformis-1
4810,5s,5s,5s_Tetrahymena-thermophila-1
4811,5s,5s,5s_Tetrahymena-thermophila-3
4812,5s,5s,5s_Thermoactinomyces-vulgaris-1
4813,5s,5s,5s_Thermococcus-celer-1
4814,5s,5s,5s_Thermococcus-celer-2
4815,5s,5s,5s_Thermococcus-kodakarensis-1
4816,5s,5s,5s_Thermococcus-kodakarensis-2
4817,5s,5s,5s_Thermomicrobium-roseum-1
4818,5s,5s,5s_Thermomonospora-chromogena-1
4819,5s,5s,5s_Thermomyces-lanuginosus-1
4820,5s,5s,5s_Thermoplasma-acidophilum-1
4821,5s,5s,5s_Thermoplasma-volcanium-1
4822,5s,5s,5s_Thermotoga-maritima-1
4823,5s,5s,5s_Thermotoga-neapolitana-1
4824,5s,5s,5s_Thermotoga-neapolitana-2
4825,5s,5s,5s_Thermotoga-petrophila-1
4826,5s,5s,5s_Thermotoga-sp.-1
4827,5s,5s,5s_Thermotoga-sp.-2
4828,5s,5s,5s_Thermotoga-sp.-3
4829,5s,5s,5s_Thermus-aquaticus-1
4830,5s,5s,5s_Thermus-sp.-1
4831,5s,5s,5s_Thermus-sp.-2
4832,5s,5s,5s_Thermus-thermophilus-1
4833,5s,5s,5s_Thermus-thermophilus-2
4834,5s,5s,5s_Thermus-thermophilus-3
4835,5s,5s,5s_Thiobacillus-sp.-1
4836,5s,5s,5s_Thiobacillus-sp.-2
4837,5s,5s,5s_Thiobacillus-thioparus-1
4838,5s,5s,5s_Thiomicrospira-pelophila-1
4839,5s,5s,5s_Thiomicrospira-sp.-1
4840,5s,5s,5s_Thiomonas-cuprina-1
4841,5s,5s,5s_Thiomonas-intermedia-1
4842,5s,5s,5s_Thiomonas-perometabolis-1
4843,5s,5s,5s_Thiothrix-nivea-1
4844,5s,5s,5s_Thiothrix-sp.-1
4845,5s,5s,5s_Thiovulum-sp.-1
4846,5s,5s,5s_Thraustochytrium-visurgense-1
4847,5s,5s,5s_Thraustochytrium-visurgense-2
4848,5s,5s,5s_Tilletia-controversa-1
4849,5s,5s,5s_Tilletiaria-anomala-1
4850,5s,5s,5s_Tinca-tinca-1
4851,5s,5s,5s_Tinca-tinca-2
4852,5s,5s,5s_Toxoplasma-gondii-1
4853,5s,5s,5s_Toxoplasma-gondii-2
4854,5s,5s,5s_Tremella-encephala-1
4855,5s,5s,5s_Tremella-mesenterica-1
4856,5s,5s,5s_Tremella-mesenterica-2
4857,5s,5s,5s_Treponema-denticola-1
4858,5s,5s,5s_Tricharina-hiemalis-1
4859,5s,5s,5s_Tricholoma-matsutake-1
4860,5s,5s,5s_Trichoplax-adhaerens-1
4861,5s,5s,5s_Trichosporonoides-oedocephalis-1
4862,5s,5s,5s_Trichostrongylus-colubriformis-1
4863,5s,5s,5s_Trimorphomyces-papilionaceus-1
4864,5s,5s,5s_Triticum-aestivum-1
4865,5s,5s,5s_Tropheryma-whipplei-1
4866,5s,5s,5s_Tuberoidobacter-mutans-1
4867,5s,5s,5s_Tulasnella-violea-1
4868,5s,5s,5s_Ulva-pertusa-1
4869,5s,5s,5s_Ureaplasma-parvum-1
4870,5s,5s,5s_Ureaplasma-parvum-2
4871,5s,5s,5s_Ureaplasma-parvum-3
4872,5s,5s,5s_Ureaplasma-urealyticum-1
4873,5s,5s,5s_Ureaplasma-urealyticum-2
4874,5s,5s,5s_Ureaplasma-urealyticum-3
4875,5s,5s,5s_Urechis-unicinctus-1
4876,5s,5s,5s_Urocystis-primulicola-1
4877,5s,5s,5s_Ustilago-hordei-1
4878,5s,5s,5s_Ustilago-longissima-1
4879,5s,5s,5s_Ustilago-maydis-1
4880,5s,5s,5s_Ustilago-scabiosae-1
4881,5s,5s,5s_Ustilentyloma-fluitans-1
4882,5s,5s,5s_Uthatobasidium-fusisporum-1
4883,5s,5s,5s_Verrucomicrobium-spinosum-1
4884,5s,5s,5s_Vibrio-adaptatus-1
4885,5s,5s,5s_Vibrio-aestuarianus-1
4886,5s,5s,5s_Vibrio-alginolyticus-1
4887,5s,5s,5s_Vibrio-cholerae-1
4888,5s,5s,5s_Vibrio-cholerae-2
4889,5s,5s,5s_Vibrio-cholerae-3
4890,5s,5s,5s_Vibrio-cholerae-4
4891,5s,5s,5s_Vibrio-cincinnatiensis-1
4892,5s,5s,5s_Vibrio-cyclosites-1
4893,5s,5s,5s_Vibrio-diazotrophicus-1
4894,5s,5s,5s_Vibrio-fischeri-1
4895,5s,5s,5s_Vibrio-fischeri-2
4896,5s,5s,5s_Vibrio-fischeri-3
4897,5s,5s,5s_Vibrio-fluvialis-1
4898,5s,5s,5s_Vibrio-gazogenes-1
4899,5s,5s,5s_Vibrio-harveyi-1
4900,5s,5s,5s_Vibrio-harveyi-2
4901,5s,5s,5s_Vibrio-logei-1
4902,5s,5s,5s_Vibrio-mediterranei-1
4903,5s,5s,5s_Vibrio-metschnikovii-1
4904,5s,5s,5s_Vibrio-mimicus-1
4905,5s,5s,5s_Vibrio-natriegens-1
4906,5s,5s,5s_Vibrio-nereis-1
4907,5s,5s,5s_Vibrio-ordalii-1
4908,5s,5s,5s_Vibrio-parahaemolyticus-1
4909,5s,5s,5s_Vibrio-parahaemolyticus-2
4910,5s,5s,5s_Vibrio-parahaemolyticus-3
4911,5s,5s,5s_Vibrio-parahaemolyticus-4
4912,5s,5s,5s_Vibrio-parahaemolyticus-5
4913,5s,5s,5s_Vibrio-parahaemolyticus-6
4914,5s,5s,5s_Vibrio-proteolyticus-1
4915,5s,5s,5s_Vibrio-sp.-1
4916,5s,5s,5s_Vibrio-tubiashii-1
4917,5s,5s,5s_Vibrio-vulnificus-1
4918,5s,5s,5s_Vibrio-vulnificus-2
4919,5s,5s,5s_Vibrio-vulnificus-3
4920,5s,5s,5s_Vibrio-vulnificus-4
4921,5s,5s,5s_Vibrio-vulnificus-5
4922,5s,5s,5s_Vicia-faba-1
4923,5s,5s,5s_Vitreoscilla-beggiatoides-1
4924,5s,5s,5s_Vitreoscilla-filiformis-1
4925,5s,5s,5s_Vitreoscilla-stercoraria-1
4926,5s,5s,5s_Weissella-viridescens-1
4927,5s,5s,5s_Weissella-viridescens-2
4928,5s,5s,5s_Wigglesworthia-glossinidia-1
4929,5s,5s,5s_Wolbachia-endosymbiont-of-B.-malayi-1
4930,5s,5s,5s_Wolbachia-endosymbiont-of-D.-melanogaster-1
4931,5s,5s,5s_Wolbachia-pipientis-1
4932,5s,5s,5s_Wolinella-succinogenes-1
4933,5s,5s,5s_Wuchereria-bancrofti-1
4934,5s,5s,5s_Xanthobacter-viscosus-1
4935,5s,5s,5s_Xanthomonas-axonopodis-1
4936,5s,5s,5s_Xanthomonas-campestris-1
4937,5s,5s,5s_Xanthomonas-oryzae-1
4938,5s,5s,5s_Xenopus-borealis-1
4939,5s,5s,5s_Xenopus-borealis-2
4940,5s,5s,5s_Xenopus-borealis-3
4941,5s,5s,5s_Xenopus-borealis-4
4942,5s,5s,5s_Xenopus-laevis-1
4943,5s,5s,5s_Xenopus-laevis-2
4944,5s,5s,5s_Xenopus-laevis-3
4945,5s,5s,5s_Xenopus-laevis-4
4946,5s,5s,5s_Xenopus-laevis-5
4947,5s,5s,5s_Xenopus-laevis-6
4948,5s,5s,5s_Xenopus-laevis-7
4949,5s,5s,5s_Xenopus-laevis-8
4950,5s,5s,5s_Xenopus-laevis-9
4951,5s,5s,5s_Xenopus-tropicalis-1
4952,5s,5s,5s_Xenopus-tropicalis-2
4953,5s,5s,5s_Xylella-fastidiosa-1
4954,5s,5s,5s_Xylella-fastidiosa-2
4955,5s,5s,5s_Yersinia-pestis-1
4956,5s,5s,5s_Yersinia-pestis-5
4957,5s,5s,5s_Yersinia-pseudotuberculosis-1
4958,5s,5s,5s_Yersinia-pseudotuberculosis-3
4959,5s,5s,5s_Yersinia-pseudotuberculosis-5
4960,5s,5s,5s_Zea-mays-1
4961,5s,5s,5s_Zygoascus-hellenicus-1
4962,5s,5s,5s_Zymomonas-mobilis-1
4963,5s,5s,5s_uncultured-euryarchaeote-37F11-1
4964,5s,RNaseP,RNaseP_A.ambivalens
4965,5s,RNaseP,RNaseP_A.brierleyi
4966,5s,RNaseP,RNaseP_A.chroococcum
4967,5s,RNaseP,RNaseP_A.ferrooxidans
4968,5s,RNaseP,RNaseP_A.ferrooxidans-g
4969,5s,RNaseP,RNaseP_A.fulgidus
4970,5s,RNaseP,RNaseP_A.laidlawii
4971,5s,RNaseP,RNaseP_A.obstetricans
4972,5s,RNaseP,RNaseP_A.salinestris-184
4973,5s,RNaseP,RNaseP_Anabaena-ATCC29413
4974,5s,RNaseP,RNaseP_B.brevis
4975,5s,RNaseP,RNaseP_B.bronchiseptica
4976,5s,RNaseP,RNaseP_B.hermsii
4977,5s,RNaseP,RNaseP_B.megaterium
4978,5s,RNaseP,RNaseP_B.pertussis
4979,5s,RNaseP,RNaseP_B.stearothermophilus
4980,5s,RNaseP,RNaseP_B.subtilis
4981,5s,RNaseP,RNaseP_B.subtilis-g
4982,5s,RNaseP,RNaseP_Buchnera-APS
4983,5s,RNaseP,RNaseP_C.acetobutylicum
4984,5s,RNaseP,RNaseP_C.crescentus
4985,5s,RNaseP,RNaseP_C.jejuni
4986,5s,RNaseP,RNaseP_C.limicola
4987,5s,RNaseP,RNaseP_C.pneumoniae-AR39
4988,5s,RNaseP,RNaseP_C.pneumoniae-CWL029
4989,5s,RNaseP,RNaseP_C.sporogenes
4990,5s,RNaseP,RNaseP_C.tepidum-g
4991,5s,RNaseP,RNaseP_C.trachomatis-2
4992,5s,RNaseP,RNaseP_C.trachomatis-D
4993,5s,RNaseP,RNaseP_C.vinosum
4994,5s,RNaseP,RNaseP_CPA49
4995,5s,RNaseP,RNaseP_CPA54
4996,5s,RNaseP,RNaseP_CPB139
4997,5s,RNaseP,RNaseP_CPB74
4998,5s,RNaseP,RNaseP_CPB7776
4999,5s,RNaseP,RNaseP_CPB80
5000,5s,RNaseP,RNaseP_CPB86
5001,5s,RNaseP,RNaseP_D.desulfuricans
5002,5s,RNaseP,RNaseP_D.jeanneae
5003,5s,RNaseP,RNaseP_Dermocarpa-PCC7437
5004,5s,RNaseP,RNaseP_E.agglomerulans
5005,5s,RNaseP,RNaseP_E.coli
5006,5s,RNaseP,RNaseP_E.eschscholtzii-2
5007,5s,RNaseP,RNaseP_E.eschsholtzii
5008,5s,RNaseP,RNaseP_E.faecalis
5009,5s,RNaseP,RNaseP_E.faecalis-2
5010,5s,RNaseP,RNaseP_E1B
5011,5s,RNaseP,RNaseP_EM14b-9
5012,5s,RNaseP,RNaseP_ERH
5013,5s,RNaseP,RNaseP_ESH167F
5014,5s,RNaseP,RNaseP_ESH20b-1
5015,5s,RNaseP,RNaseP_ESH26-4
5016,5s,RNaseP,RNaseP_ESH7-9
5017,5s,RNaseP,RNaseP_Fischerella-UTEX1829
5018,5s,RNaseP,RNaseP_G.gorilla
5019,5s,RNaseP,RNaseP_H.aurantiacus
5020,5s,RNaseP,RNaseP_H.chlorum-partial
5021,5s,RNaseP,RNaseP_H.influenza
5022,5s,RNaseP,RNaseP_H.pylori-26695
5023,5s,RNaseP,RNaseP_H.pylori-48K
5024,5s,RNaseP,RNaseP_H.pylori-J99
5025,5s,RNaseP,RNaseP_H.pylori-RU1
5026,5s,RNaseP,RNaseP_H.trapanicum
5027,5s,RNaseP,RNaseP_I.calvum
5028,5s,RNaseP,RNaseP_K.pneumoniae
5029,5s,RNaseP,RNaseP_L.acidophilus
5030,5s,RNaseP,RNaseP_L.japonicus-IFO15385
5031,5s,RNaseP,RNaseP_LGA1
5032,5s,RNaseP,RNaseP_LGB27
5033,5s,RNaseP,RNaseP_LGB32
5034,5s,RNaseP,RNaseP_LGB41
5035,5s,RNaseP,RNaseP_LGW113
5036,5s,RNaseP,RNaseP_LGW18
5037,5s,RNaseP,RNaseP_LGW46
5038,5s,RNaseP,RNaseP_M.barkeri
5039,5s,RNaseP,RNaseP_M.bovis
5040,5s,RNaseP,RNaseP_M.capricolum
5041,5s,RNaseP,RNaseP_M.hyopneumoniae
5042,5s,RNaseP,RNaseP_M.leprae
5043,5s,RNaseP,RNaseP_M.luteus
5044,5s,RNaseP,RNaseP_M.phosphovorus-JCM9380
5045,5s,RNaseP,RNaseP_M.pneumoniae
5046,5s,RNaseP,RNaseP_M.sedula
5047,5s,RNaseP,RNaseP_M.thermoautotrophicum-DH
5048,5s,RNaseP,RNaseP_M.thermoautotrphicumMarb
5049,5s,RNaseP,RNaseP_M.tuberculosis
5050,5s,RNaseP,RNaseP_M.vannielli
5051,5s,RNaseP,RNaseP_N.europaea
5052,5s,RNaseP,RNaseP_N.flavus
5053,5s,RNaseP,RNaseP_N.fulvus-JCM3335
5054,5s,RNaseP,RNaseP_N.gonnorhoeae
5055,5s,RNaseP,RNaseP_N.meningitidis-Z2491
5056,5s,RNaseP,RNaseP_Nocardiodes-NSP41
5057,5s,RNaseP,RNaseP_Nostoc-PCC7413
5058,5s,RNaseP,RNaseP_Onchorhynchus-1
5059,5s,RNaseP,RNaseP_Onchorhynchus-2
5060,5s,RNaseP,RNaseP_Onchorhynchus-sp-1
5061,5s,RNaseP,RNaseP_Onchorhynchus-sp-2
5062,5s,RNaseP,RNaseP_P.alcalifaciens
5063,5s,RNaseP,RNaseP_P.azotoformans
5064,5s,RNaseP,RNaseP_P.douglassii
5065,5s,RNaseP,RNaseP_P.furiosus-2
5066,5s,RNaseP,RNaseP_P.gingivalis
5067,5s,RNaseP,RNaseP_P.marinus
5068,5s,RNaseP,RNaseP_P.mississippiensis
5069,5s,RNaseP,RNaseP_P.purpurea-chloroplast
5070,5s,RNaseP,RNaseP_P.putida
5071,5s,RNaseP,RNaseP_P.staleyi
5072,5s,RNaseP,RNaseP_P.strasburgensis
5073,5s,RNaseP,RNaseP_P.stutzeri
5074,5s,RNaseP,RNaseP_P.troglodytes
5075,5s,RNaseP,RNaseP_P.vulgaris
5076,5s,RNaseP,RNaseP_P131
5077,5s,RNaseP,RNaseP_Prochlorococcus-PAC1A
5078,5s,RNaseP,RNaseP_Prochlorococcus-PAC1B
5079,5s,RNaseP,RNaseP_Prochlorococcus-PCC9511
5080,5s,RNaseP,RNaseP_Prochlorococcus-TATL2
5081,5s,RNaseP,RNaseP_Prochlorococcus-TATL2-2
5082,5s,RNaseP,RNaseP_R.americana-mito
5083,5s,RNaseP,RNaseP_R.norvegicus
5084,5s,RNaseP,RNaseP_R.prowazekii
5085,5s,RNaseP,RNaseP_R.rubrum
5086,5s,RNaseP,RNaseP_S.acidocaldarius
5087,5s,RNaseP,RNaseP_S.bayanus
5088,5s,RNaseP,RNaseP_S.bikiniensis
5089,5s,RNaseP,RNaseP_S.caesia-K182
5090,5s,RNaseP,RNaseP_S.caesia-K200
5091,5s,RNaseP,RNaseP_S.caesia-K76T
5092,5s,RNaseP,RNaseP_S.caesia-SB01
5093,5s,RNaseP,RNaseP_S.carlsbergensis
5094,5s,RNaseP,RNaseP_S.castellii
5095,5s,RNaseP,RNaseP_S.diastaticus
5096,5s,RNaseP,RNaseP_S.epidermidis
5097,5s,RNaseP,RNaseP_S.glauca-K194
5098,5s,RNaseP,RNaseP_S.globosus
5099,5s,RNaseP,RNaseP_S.japonicus
5100,5s,RNaseP,RNaseP_S.kluyveri
5101,5s,RNaseP,RNaseP_S.lividans
5102,5s,RNaseP,RNaseP_S.mutans
5103,5s,RNaseP,RNaseP_S.pastorianus
5104,5s,RNaseP,RNaseP_S.polymorpha
5105,5s,RNaseP,RNaseP_S.pyogenes
5106,5s,RNaseP,RNaseP_S.servazzii
5107,5s,RNaseP,RNaseP_S.shibatae
5108,5s,RNaseP,RNaseP_S.typhi
5109,5s,RNaseP,RNaseP_S.typhimurium
5110,5s,RNaseP,RNaseP_S.unisporus
5111,5s,RNaseP,RNaseP_S.uvarum
5112,5s,RNaseP,RNaseP_S.viridis-K191
5113,5s,RNaseP,RNaseP_S.viridis-K73T
5114,5s,RNaseP,RNaseP_SL1-1
5115,5s,RNaseP,RNaseP_SLC
5116,5s,RNaseP,RNaseP_SM-A01
5117,5s,RNaseP,RNaseP_SM-A03
5118,5s,RNaseP,RNaseP_SM-A04
5119,5s,RNaseP,RNaseP_SM-A05
5120,5s,RNaseP,RNaseP_SM-A06
5121,5s,RNaseP,RNaseP_SM-A1012
5122,5s,RNaseP,RNaseP_SM-A1113
5123,5s,RNaseP,RNaseP_SM-A1214
5124,5s,RNaseP,RNaseP_SM-A1315
5125,5s,RNaseP,RNaseP_SM-A1519
5126,5s,RNaseP,RNaseP_SM-A2642
5127,5s,RNaseP,RNaseP_SM-A2946
5128,5s,RNaseP,RNaseP_SM-A3862
5129,5s,RNaseP,RNaseP_SM-A4065
5130,5s,RNaseP,RNaseP_SM-A4775
5131,5s,RNaseP,RNaseP_SM-A4876
5132,5s,RNaseP,RNaseP_SM-A4977
5133,5s,RNaseP,RNaseP_SM-A5179
5134,5s,RNaseP,RNaseP_SM-A5382
5135,5s,RNaseP,RNaseP_SM-A5584
5136,5s,RNaseP,RNaseP_SM-A5888
5137,5s,RNaseP,RNaseP_SM-A6090
5138,5s,RNaseP,RNaseP_SM1
5139,5s,RNaseP,RNaseP_SMB-A3
5140,5s,RNaseP,RNaseP_SMB-A5
5141,5s,RNaseP,RNaseP_SMB-B3
5142,5s,RNaseP,RNaseP_SMB-B4
5143,5s,RNaseP,RNaseP_Synechococcus-PCC7942
5144,5s,RNaseP,RNaseP_Synechocystis-PCC6308
5145,5s,RNaseP,RNaseP_Synechocystis-PCC6803
5146,5s,RNaseP,RNaseP_T.acidophilum
5147,5s,RNaseP,RNaseP_T.aquaticus
5148,5s,RNaseP,RNaseP_T.celerAL1-2
5149,5s,RNaseP,RNaseP_T.littoralis
5150,5s,RNaseP,RNaseP_T.maritima-g
5151,5s,RNaseP,RNaseP_T.neapolitana
5152,5s,RNaseP,RNaseP_T.pallidum
5153,5s,RNaseP,RNaseP_T.syrichta
5154,5s,RNaseP,RNaseP_T.thermophilus
5155,5s,RNaseP,RNaseP_UK2
5156,5s,RNaseP,RNaseP_UK5
5157,5s,RNaseP,RNaseP_V.cholera
5158,5s,RNaseP,RNaseP_V.spinosum
5159,5s,RNaseP,RNaseP_VSDW
5160,5s,RNaseP,RNaseP_WA1
5161,5s,RNaseP,RNaseP_Y.pestis
5162,5s,RNaseP,RNaseP_Z.bailii
5163,5s,RNaseP,RNaseP_purpleX
5164,5s,grp1,grp1_a.I1.b.Dermocarpa.sp.ATCC29371.C3.tMET
5165,5s,grp1,grp1_a.I1.b.Phormidium.sp.N182.C3.tLEU
5166,5s,grp1,grp1_a.I1.b.S.hofmanii.C3.tMET
5167,5s,grp1,grp1_a.I1.b.Synechococcus.sp2.C3.tLEU
5168,5s,grp1,grp1_a.I1.c.A.cherimola.C3.tLEU
5169,5s,grp1,grp1_a.I1.c.G.prostrata.C3.tLEU
5170,5s,grp1,grp1_a.I1.c.S.bicolor.C3.tLEU
5171,5s,grp1,grp1_a.I1.e.A.adeninivorans.C1.LSU.2449
5172,5s,grp1,grp1_a.I1.e.A.capsulatus.CBS213.53.C1.SSU.943
5173,5s,grp1,grp1_a.I1.e.A.capsulatus.FLs1.C1.SSU
5174,5s,grp1,grp1_a.I1.e.A.capsulatus.G184B.C1.SSU
5175,5s,grp1,grp1_a.I1.e.A.capsulatus.G186B.C1.SSU
5176,5s,grp1,grp1_a.I1.e.A.stipitatus.C1.SSU.1046
5177,5s,grp1,grp1_a.I1.e.B.ciliata.JCM6865.C1.SSU.1506
5178,5s,grp1,grp1_a.I1.e.B.ciliata.JCM6865.C1.SSU.943
5179,5s,grp1,grp1_a.I1.e.B.yamatoana.JCM2896.C1.SSU.1506
5180,5s,grp1,grp1_a.I1.e.B.yamatoana.JCM2896.C1.SSU.943
5181,5s,grp1,grp1_a.I1.e.C.ellipsoidea.211-1a.C1.SSU.1506
5182,5s,grp1,grp1_a.I1.e.C.ellipsoidea.IAMC-87.C1.SSU.1506
5183,5s,grp1,grp1_a.I1.e.C.grayi.UNK.SSU.1046
5184,5s,grp1,grp1_a.I1.e.C.grayi.UNK.SSU.1516
5185,5s,grp1,grp1_a.I1.e.C.merochlorophea.UNK.SSU.1046
5186,5s,grp1,grp1_a.I1.e.C.merochlorophea.UNK.SSU.1210
5187,5s,grp1,grp1_a.I1.e.C.merochlorophea.UNK.SSU.1389
5188,5s,grp1,grp1_a.I1.e.C.merochlorophea.UNK.SSU.1516
5189,5s,grp1,grp1_a.I1.e.C.saccatum.C1.SSU.1512
5190,5s,grp1,grp1_a.I1.e.C.saxonicum.C1.SSU.1506
5191,5s,grp1,grp1_a.I1.e.D.parva.C1.SSU.1512
5192,5s,grp1,grp1_a.I1.e.D.parva.C1.SSU.943
5193,5s,grp1,grp1_a.I1.e.D.salina.C1.SSU.943
5194,5s,grp1,grp1_a.I1.e.E.dermatitidis.C1.SSU.943
5195,5s,grp1,grp1_a.I1.e.G.planctonica.C1.SSU.943
5196,5s,grp1,grp1_a.I1.e.G.spirotaenia.C1.SSU.1506
5197,5s,grp1,grp1_a.I1.e.L.dispersa.UNK.SSU.1046
5198,5s,grp1,grp1_a.I1.e.L.dispersa.UNK.SSU.114
5199,5s,grp1,grp1_a.I1.e.L.dispersa.UNK.SSU.1210
5200,5s,grp1,grp1_a.I1.e.L.dispersa.UNK.SSU.1516
5201,5s,grp1,grp1_a.I1.e.L.dispersa.UNK.SSU.287
5202,5s,grp1,grp1_a.I1.e.L.dispersa.UNK.SSU.516
5203,5s,grp1,grp1_a.I1.e.L.dispersa.UNK.SSU.789
5204,5s,grp1,grp1_a.I1.e.M.caldariorum.C1.SSU.1506
5205,5s,grp1,grp1_a.I1.e.P.carinii.C1.SSU.1506
5206,5s,grp1,grp1_a.I1.e.P.carinii.Pc1.C1.LSU.1921
5207,5s,grp1,grp1_a.I1.e.P.carinii.Pc2.C1.LSU.1921
5208,5s,grp1,grp1_a.I1.e.P.carinii.Pc3.C1.LSU.1921
5209,5s,grp1,grp1_a.I1.e.P.clavariiformis.C1.SSU.943
5210,5s,grp1,grp1_a.I1.e.P.inouyei.C1.SSU.1506
5211,5s,grp1,grp1_a.I1.e.P.inouyei.C1.SSU.943
5212,5s,grp1,grp1_a.I1.e.P.macrosporus.C1.SSU.1506
5213,5s,grp1,grp1_a.I1.e.P.macrosporus.C1.SSU.943
5214,5s,grp1,grp1_a.I1.e.P.pachydermus.C1.SSU.943
5215,5s,grp1,grp1_a.I1.e.P.sarcinoidea.C1.SSU.943
5216,5s,grp1,grp1_a.I1.e.S.granulatum.C1.SSU.1506
5217,5s,grp1,grp1_a.I1.e.S.paniceum.UNK.SSU.1052
5218,5s,grp1,grp1_a.I1.e.S.paniceum.UNK.SSU.114
5219,5s,grp1,grp1_a.I1.e.S.paniceum.UNK.SSU.1210
5220,5s,grp1,grp1_a.I1.e.S.paniceum.UNK.SSU.1506
5221,5s,grp1,grp1_a.I1.e.S.paniceum.UNK.SSU.287
5222,5s,grp1,grp1_a.I1.e.S.sclerotiorum_1837.C1.LSU.798
5223,5s,grp1,grp1_a.I1.e.Staurastrum.sp.M752.C1.SSU.1506
5224,5s,grp1,grp1_a.I1.e.Staurastrum.sp.M753.C1.SSU.1506
5225,5s,grp1,grp1_a.I1.e.T.cosmopolitanis.C1.LSU.1925
5226,5s,grp1,grp1_a.I1.e.T.hyperangularis.C1.LSU.1925
5227,5s,grp1,grp1_a.I1.e.T.malaccensis.C1.LSU.1925
5228,5s,grp1,grp1_a.I1.e.T.pigmentosa.C1.LSU.1925
5229,5s,grp1,grp1_a.I1.e.U.maydis.C1.SSU.943
5230,5s,grp1,grp1_a.I1.m.M.grisea.B2.ND1
5231,5s,grp1,grp1_a.I1.m.S.luteus.A1.LSU.2504
5232,5s,grp1,grp1_a.I1.m.S.pombe.B1.OX1
5233,5s,grp1,grp1_b.I1.e.C.saccharophila.C1.SSU.156
5234,5s,grp1,grp1_b.I1.e.M.anisopliae.2.C1.LSU.1921
5235,5s,grp1,grp1_b.I1.e.M.anisopliae.3.C1.LSU.1921
5236,5s,grp1,grp1_b.I1.e.T.thermophila.C1.LSU.1925
5237,5s,grp1,grp1_s.I1.e.T.thermophila.C1.LSU.1925.schem
5238,5s,grp1,grp1_a.I1.b.Dermocarpa.sp.ATCC29371.C3.tMET
5239,5s,grp1,grp1_a.I1.b.Phormidium.sp.N182.C3.tLEU
5240,5s,grp1,grp1_a.I1.b.S.hofmanii.C3.tMET
5241,5s,grp1,grp1_a.I1.b.Synechococcus.sp2.C3.tLEU
5242,5s,grp1,grp1_a.I1.c.A.cherimola.C3.tLEU
5243,5s,grp1,grp1_a.I1.c.G.prostrata.C3.tLEU
5244,5s,grp1,grp1_a.I1.c.S.bicolor.C3.tLEU
5245,5s,grp1,grp1_a.I1.e.A.adeninivorans.C1.LSU.2449
5246,5s,grp1,grp1_a.I1.e.A.capsulatus.CBS213.53.C1.SSU.943
5247,5s,grp1,grp1_a.I1.e.A.capsulatus.FLs1.C1.SSU
5248,5s,grp1,grp1_a.I1.e.A.capsulatus.G184B.C1.SSU
5249,5s,grp1,grp1_a.I1.e.A.capsulatus.G186B.C1.SSU
5250,5s,grp1,grp1_a.I1.e.A.stipitatus.C1.SSU.1046
5251,5s,grp1,grp1_a.I1.e.B.ciliata.JCM6865.C1.SSU.1506
5252,5s,grp1,grp1_a.I1.e.B.ciliata.JCM6865.C1.SSU.943
5253,5s,grp1,grp1_a.I1.e.B.yamatoana.JCM2896.C1.SSU.1506
5254,5s,grp1,grp1_a.I1.e.B.yamatoana.JCM2896.C1.SSU.943
5255,5s,grp1,grp1_a.I1.e.C.ellipsoidea.211-1a.C1.SSU.1506
5256,5s,grp1,grp1_a.I1.e.C.ellipsoidea.IAMC-87.C1.SSU.1506
5257,5s,grp1,grp1_a.I1.e.C.grayi.UNK.SSU.1046
5258,5s,grp1,grp1_a.I1.e.C.grayi.UNK.SSU.1516
5259,5s,grp1,grp1_a.I1.e.C.merochlorophea.UNK.SSU.1046
5260,5s,grp1,grp1_a.I1.e.C.merochlorophea.UNK.SSU.1210
5261,5s,grp1,grp1_a.I1.e.C.merochlorophea.UNK.SSU.1389
5262,5s,grp1,grp1_a.I1.e.C.merochlorophea.UNK.SSU.1516
5263,5s,grp1,grp1_a.I1.e.C.saccatum.C1.SSU.1512
5264,5s,grp1,grp1_a.I1.e.C.saxonicum.C1.SSU.1506
5265,5s,grp1,grp1_a.I1.e.D.parva.C1.SSU.1512
5266,5s,grp1,grp1_a.I1.e.D.parva.C1.SSU.943
5267,5s,grp1,grp1_a.I1.e.D.salina.C1.SSU.943
5268,5s,grp1,grp1_a.I1.e.E.dermatitidis.C1.SSU.943
5269,5s,grp1,grp1_a.I1.e.G.planctonica.C1.SSU.943
5270,5s,grp1,grp1_a.I1.e.G.spirotaenia.C1.SSU.1506
5271,5s,grp1,grp1_a.I1.e.L.dispersa.UNK.SSU.1046
5272,5s,grp1,grp1_a.I1.e.L.dispersa.UNK.SSU.114
5273,5s,grp1,grp1_a.I1.e.L.dispersa.UNK.SSU.1210
5274,5s,grp1,grp1_a.I1.e.L.dispersa.UNK.SSU.1516
5275,5s,grp1,grp1_a.I1.e.L.dispersa.UNK.SSU.287
5276,5s,grp1,grp1_a.I1.e.L.dispersa.UNK.SSU.516
5277,5s,grp1,grp1_a.I1.e.L.dispersa.UNK.SSU.789
5278,5s,grp1,grp1_a.I1.e.M.caldariorum.C1.SSU.1506
5279,5s,grp1,grp1_a.I1.e.P.carinii.C1.SSU.1506
5280,5s,grp1,grp1_a.I1.e.P.carinii.Pc1.C1.LSU.1921
5281,5s,grp1,grp1_a.I1.e.P.carinii.Pc2.C1.LSU.1921
5282,5s,grp1,grp1_a.I1.e.P.carinii.Pc3.C1.LSU.1921
5283,5s,grp1,grp1_a.I1.e.P.clavariiformis.C1.SSU.943
5284,5s,grp1,grp1_a.I1.e.P.inouyei.C1.SSU.1506
5285,5s,grp1,grp1_a.I1.e.P.inouyei.C1.SSU.943
5286,5s,grp1,grp1_a.I1.e.P.macrosporus.C1.SSU.1506
5287,5s,grp1,grp1_a.I1.e.P.macrosporus.C1.SSU.943
5288,5s,grp1,grp1_a.I1.e.P.pachydermus.C1.SSU.943
5289,5s,grp1,grp1_a.I1.e.P.sarcinoidea.C1.SSU.943
5290,5s,grp1,grp1_a.I1.e.S.granulatum.C1.SSU.1506
5291,5s,grp1,grp1_a.I1.e.S.paniceum.UNK.SSU.1052
5292,5s,grp1,grp1_a.I1.e.S.paniceum.UNK.SSU.114
5293,5s,grp1,grp1_a.I1.e.S.paniceum.UNK.SSU.1210
5294,5s,grp1,grp1_a.I1.e.S.paniceum.UNK.SSU.1506
5295,5s,grp1,grp1_a.I1.e.S.paniceum.UNK.SSU.287
5296,5s,grp1,grp1_a.I1.e.S.sclerotiorum_1837.C1.LSU.798
5297,5s,grp1,grp1_a.I1.e.Staurastrum.sp.M752.C1.SSU.1506
5298,5s,grp1,grp1_a.I1.e.Staurastrum.sp.M753.C1.SSU.1506
5299,5s,grp1,grp1_a.I1.e.T.cosmopolitanis.C1.LSU.1925
5300,5s,grp1,grp1_a.I1.e.T.hyperangularis.C1.LSU.1925
5301,5s,grp1,grp1_a.I1.e.T.malaccensis.C1.LSU.1925
5302,5s,grp1,grp1_a.I1.e.T.pigmentosa.C1.LSU.1925
5303,5s,grp1,grp1_a.I1.e.U.maydis.C1.SSU.943
5304,5s,grp1,grp1_a.I1.m.M.grisea.B2.ND1
5305,5s,grp1,grp1_a.I1.m.S.luteus.A1.LSU.2504
5306,5s,grp1,grp1_a.I1.m.S.pombe.B1.OX1
5307,5s,grp1,grp1_b.I1.e.C.saccharophila.C1.SSU.156
5308,5s,grp1,grp1_b.I1.e.M.anisopliae.2.C1.LSU.1921
5309,5s,grp1,grp1_b.I1.e.M.anisopliae.3.C1.LSU.1921
5310,5s,grp1,grp1_b.I1.e.T.thermophila.C1.LSU.1925
5311,5s,grp1,grp1_s.I1.e.T.thermophila.C1.LSU.1925.schem
5312,5s,grp1,grp1_a.I1.b.Dermocarpa.sp.ATCC29371.C3.tMET
5313,5s,grp1,grp1_a.I1.b.Phormidium.sp.N182.C3.tLEU
5314,5s,grp1,grp1_a.I1.b.S.hofmanii.C3.tMET
5315,5s,grp1,grp1_a.I1.b.Synechococcus.sp2.C3.tLEU
5316,5s,grp1,grp1_a.I1.c.A.cherimola.C3.tLEU
5317,5s,grp1,grp1_a.I1.c.G.prostrata.C3.tLEU
5318,5s,grp1,grp1_a.I1.c.S.bicolor.C3.tLEU
5319,5s,grp1,grp1_a.I1.e.A.adeninivorans.C1.LSU.2449
5320,5s,grp1,grp1_a.I1.e.A.capsulatus.CBS213.53.C1.SSU.943
5321,5s,grp1,grp1_a.I1.e.A.capsulatus.FLs1.C1.SSU
5322,5s,grp1,grp1_a.I1.e.A.capsulatus.G184B.C1.SSU
5323,5s,grp1,grp1_a.I1.e.A.capsulatus.G186B.C1.SSU
5324,5s,grp1,grp1_a.I1.e.A.stipitatus.C1.SSU.1046
5325,5s,grp1,grp1_a.I1.e.B.ciliata.JCM6865.C1.SSU.1506
5326,5s,grp1,grp1_a.I1.e.B.ciliata.JCM6865.C1.SSU.943
5327,5s,grp1,grp1_a.I1.e.B.yamatoana.JCM2896.C1.SSU.1506
5328,5s,grp1,grp1_a.I1.e.B.yamatoana.JCM2896.C1.SSU.943
5329,5s,grp1,grp1_a.I1.e.C.ellipsoidea.211-1a.C1.SSU.1506
5330,5s,grp1,grp1_a.I1.e.C.ellipsoidea.IAMC-87.C1.SSU.1506
5331,5s,grp1,grp1_a.I1.e.C.grayi.UNK.SSU.1046
5332,5s,grp1,grp1_a.I1.e.C.grayi.UNK.SSU.1516
5333,5s,grp1,grp1_a.I1.e.C.merochlorophea.UNK.SSU.1046
5334,5s,grp1,grp1_a.I1.e.C.merochlorophea.UNK.SSU.1210
5335,5s,grp1,grp1_a.I1.e.C.merochlorophea.UNK.SSU.1389
5336,5s,grp1,grp1_a.I1.e.C.merochlorophea.UNK.SSU.1516
5337,5s,grp1,grp1_a.I1.e.C.saccatum.C1.SSU.1512
5338,5s,grp1,grp1_a.I1.e.C.saxonicum.C1.SSU.1506
5339,5s,grp1,grp1_a.I1.e.D.parva.C1.SSU.1512
5340,5s,grp1,grp1_a.I1.e.D.parva.C1.SSU.943
5341,5s,grp1,grp1_a.I1.e.D.salina.C1.SSU.943
5342,5s,grp1,grp1_a.I1.e.E.dermatitidis.C1.SSU.943
5343,5s,grp1,grp1_a.I1.e.G.planctonica.C1.SSU.943
5344,5s,grp1,grp1_a.I1.e.G.spirotaenia.C1.SSU.1506
5345,5s,grp1,grp1_a.I1.e.L.dispersa.UNK.SSU.1046
5346,5s,grp1,grp1_a.I1.e.L.dispersa.UNK.SSU.114
5347,5s,grp1,grp1_a.I1.e.L.dispersa.UNK.SSU.1210
5348,5s,grp1,grp1_a.I1.e.L.dispersa.UNK.SSU.1516
5349,5s,grp1,grp1_a.I1.e.L.dispersa.UNK.SSU.287
5350,5s,grp1,grp1_a.I1.e.L.dispersa.UNK.SSU.516
5351,5s,grp1,grp1_a.I1.e.L.dispersa.UNK.SSU.789
5352,5s,grp1,grp1_a.I1.e.M.caldariorum.C1.SSU.1506
5353,5s,grp1,grp1_a.I1.e.P.carinii.C1.SSU.1506
5354,5s,grp1,grp1_a.I1.e.P.carinii.Pc1.C1.LSU.1921
5355,5s,grp1,grp1_a.I1.e.P.carinii.Pc2.C1.LSU.1921
5356,5s,grp1,grp1_a.I1.e.P.carinii.Pc3.C1.LSU.1921
5357,5s,grp1,grp1_a.I1.e.P.clavariiformis.C1.SSU.943
5358,5s,grp1,grp1_a.I1.e.P.inouyei.C1.SSU.1506
5359,5s,grp1,grp1_a.I1.e.P.inouyei.C1.SSU.943
5360,5s,grp1,grp1_a.I1.e.P.macrosporus.C1.SSU.1506
5361,5s,grp1,grp1_a.I1.e.P.macrosporus.C1.SSU.943
5362,5s,grp1,grp1_a.I1.e.P.pachydermus.C1.SSU.943
5363,5s,grp1,grp1_a.I1.e.P.sarcinoidea.C1.SSU.943
5364,5s,srp,srp_Acin.spec._CR543861
5365,5s,srp,srp_Aede.aegy._DW714815
5366,5s,srp,srp_Aero.pern._BA000002
5367,5s,srp,srp_Alka.meta._CP000724
5368,5s,srp,srp_Anae.sp.._CP000769
5369,5s,srp,srp_Anto.locu._GSP-278021
5370,5s,srp,srp_Arab.thal._AC005275
5371,5s,srp,srp_Arab.thal._X72228
5372,5s,srp,srp_Ashb.goss._AE016819
5373,5s,srp,srp_Aspe.flav._GSP-332952
5374,5s,srp,srp_Aspe.fumi._GSP-41122
5375,5s,srp,srp_Aspe.terr._GSP-341663
5376,5s,srp,srp_Baci.alca._D11422
5377,5s,srp,srp_Baci.cere._CP000001
5378,5s,srp,srp_Baci.poly._D11421
5379,5s,srp,srp_Baci.subt._X06802
5380,5s,srp,srp_Baci.subt._X12642
5381,5s,srp,srp_Baci.thur._CP000485
5382,5s,srp,srp_Bdel.bact._BX842656
5383,5s,srp,srp_Bloc.flor._BX248585
5384,5s,srp,srp_Borr.burg._AE000783
5385,5s,srp,srp_Bos.taur._GSP-6282
5386,5s,srp,srp_Brad.japo._BA000040
5387,5s,srp,srp_Bras.napu._EE412262
5388,5s,srp,srp_Bruc.meli._AM040264
5389,5s,srp,srp_Bruc.ovis._CP000708
5390,5s,srp,srp_Burk.mall._CP000546
5391,5s,srp,srp_Burk.pseu._CP000124
5392,5s,srp,srp_Burk.pseu._CP000572
5393,5s,srp,srp_Caen.eleg._AY948607
5394,5s,srp,srp_Camp.jeju._CP000025
5395,5s,srp,srp_Cand.Bloc._CP000016
5396,5s,srp,srp_Carb.hydr._CP000141
5397,5s,srp,srp_Caul.cres._AE005700
5398,5s,srp,srp_Chla.cavi._AE016995
5399,5s,srp,srp_Chla.muri._AE002160
5400,5s,srp,srp_Chla.pneu._AE001363
5401,5s,srp,srp_Chla.rein._SDB-3055
5402,5s,srp,srp_Chla.trac._AE001298
5403,5s,srp,srp_Chlo.vulg._AB001684
5404,5s,srp,srp_Cion.savi._BW551179
5405,5s,srp,srp_Citr.sine._CN181543
5406,5s,srp,srp_Clos.acet._AE001437
5407,5s,srp,srp_Clos.beij._CP000721
5408,5s,srp,srp_Clos.botu._AM412317
5409,5s,srp,srp_Clos.diff._AM180355
5410,5s,srp,srp_Clos.kluy._CP000673
5411,5s,srp,srp_Clos.perf._CP000246
5412,5s,srp,srp_Cocc.posa._GSP-222929
5413,5s,srp,srp_Cory.diph._BX248354
5414,5s,srp,srp_Cory.jeik._CR931997
5415,5s,srp,srp_Cryp.homi._GSP-353151
5416,5s,srp,srp_Cryp.parv._XM_626716
5417,5s,srp,srp_Cypr.carp._CF662133
5418,5s,srp,srp_Dani.rrer._BX469912
5419,5s,srp,srp_Desu.vulg._CP000527
5420,5s,srp,srp_Dros.mela._AE014297
5421,5s,srp,srp_Dros.mela._X00952
5422,5s,srp,srp_Dros.moja._GSP-7230
5423,5s,srp,srp_Ence.cuni._AL590449
5424,5s,srp,srp_Ente.faec._AE016953
5425,5s,srp,srp_Ento.sulc._AF095839
5426,5s,srp,srp_Esch.coli._AE016756
5427,5s,srp,srp_Esch.coli._CP000243
5428,5s,srp,srp_Esch.coli._CP000468
5429,5s,srp,srp_Esch.coli._U00096
5430,5s,srp,srp_Esch.coli._U82664
5431,5s,srp,srp_Esch.coli._X01074
5432,5s,srp,srp_Fran.tula._AJ749949
5433,5s,srp,srp_Fran.tula._AM286280
5434,5s,srp,srp_Fran.tula._CP000437
5435,5s,srp,srp_Fran.tula._CP000439
5436,5s,srp,srp_Gald.sulp._GSP-130081
5437,5s,srp,srp_Gibb.zeae._GSP-229533
5438,5s,srp,srp_Haem.infl._CP000672
5439,5s,srp,srp_Hahe.chej._CP000155
5440,5s,srp,srp_Halo.mari._AY596297
5441,5s,srp,srp_Halo.volc._AF395888
5442,5s,srp,srp_Heli.annu._AJ828095
5443,5s,srp,srp_Heli.pylo._AE001439
5444,5s,srp,srp_Heli.pylo._CP000241
5445,5s,srp,srp_Homo.sapi._AB061847
5446,5s,srp,srp_Homo.sapi._BE083383
5447,5s,srp,srp_Homo.sapi._BF875598
5448,5s,srp,srp_Homo.sapi._BF909438
5449,5s,srp,srp_Homo.sapi._BF909560
5450,5s,srp,srp_Homo.sapi._BF909563
5451,5s,srp,srp_Homo.sapi._NR_002715
5452,5s,srp,srp_Humu.lupu._AJ236703
5453,5s,srp,srp_Humu.lupu._X65983
5454,5s,srp,srp_Hype.buty._CP000493
5455,5s,srp,srp_Kine.radi._CP000750
5456,5s,srp,srp_Kleb.pneu._CP000647
5457,5s,srp,srp_Kluy.lact._CR382126
5458,5s,srp,srp_Lact.case._CP000423
5459,5s,srp,srp_Lact.delb._CR954253
5460,5s,srp,srp_Lact.john._AE017198
5461,5s,srp,srp_Legi.pneu._CR628337
5462,5s,srp,srp_Leis.braz._AY722724
5463,5s,srp,srp_Leis.dono._AY722734
5464,5s,srp,srp_Leis.guya._AY722728
5465,5s,srp,srp_Leis.infa._AM502223
5466,5s,srp,srp_Leis.infa._SDB-5671
5467,5s,srp,srp_Leis.majo._AY722715
5468,5s,srp,srp_Leis.majo._SDB-347515
5469,5s,srp,srp_List.inno._AL596173
5470,5s,srp,srp_List.mono._U15684
5471,5s,srp,srp_List.wels._AM263198
5472,5s,srp,srp_Lyco.escu._Z29099
5473,5s,srp,srp_Mann.succ._AE016827
5474,5s,srp,srp_Mari.aqua._CP000514
5475,5s,srp,srp_Medi.trun._AC136507
5476,5s,srp,srp_Medi.trun._BE941271
5477,5s,srp,srp_Medi.trun._CX540689
5478,5s,srp,srp_Meth.acet._AE010299
5479,5s,srp,srp_Meth.burt._CP000300
5480,5s,srp,srp_Meth.ferv._M32222
5481,5s,srp,srp_Meth.jann._L77117
5482,5s,srp,srp_Meth.mari._CP000745
5483,5s,srp,srp_Meth.maze._AE008384
5484,5s,srp,srp_Mono.brev._GSP-81824
5485,5s,srp,srp_Myco.bovi._BX248347
5486,5s,srp,srp_Myco.geni._L43967
5487,5s,srp,srp_Myco.hyop._AE017244
5488,5s,srp,srp_Myco.lepr._AL023596
5489,5s,srp,srp_Myco.myco._BX842642
5490,5s,srp,srp_Myco.spec._CP000580
5491,5s,srp,srp_Myco.syno._AE017245
5492,5s,srp,srp_Nitr.euro._AL954747
5493,5s,srp,srp_Nitr.euro._BX321857
5494,5s,srp,srp_Nitr.eutr._CP000450
5495,5s,srp,srp_Onch.volv._AI249203
5496,5s,srp,srp_Orni.anat._GSP-9258
5497,5s,srp,srp_Para.bras._CN241137
5498,5s,srp,srp_Phyt.ramo._GSP-164328
5499,5s,srp,srp_Picr.torr._AE017261
5500,5s,srp,srp_Plas.gall._GSP-5849
5501,5s,srp,srp_Popu.bals._GSP-73824
5502,5s,srp,srp_Proc.mari._AE017165
5503,5s,srp,srp_Proc.mari._BX572093
5504,5s,srp,srp_Proc.mari._CP000551
5505,5s,srp,srp_Proc.mari._CP000576
5506,5s,srp,srp_Proc.spec._AJ011025
5507,5s,srp,srp_Pseu.syri._CP000075
5508,5s,srp,srp_Psyc.arct._CP000082
5509,5s,srp,srp_Psyc.sp.._CP000713
5510,5s,srp,srp_Pyro.cali._CP000561
5511,5s,srp,srp_Pyro.hori._BA000001
5512,5s,srp,srp_Rick.typh._AE017197
5513,5s,srp,srp_Sacc.para._BN000251
5514,5s,srp,srp_Salm.ente._AE017220
5515,5s,srp,srp_Schm.medi._GSP-79327
5516,5s,srp,srp_Shew.balt._CP000563
5517,5s,srp,srp_Shew.spec._CP000503
5518,5s,srp,srp_Shig.flex._AE005674
5519,5s,srp,srp_Shig.flex._AE014073
5520,5s,srp,srp_Shig.flex._AE016979
5521,5s,srp,srp_Shig.flex._CP000266
5522,5s,srp,srp_Sili.spec._CP000377
5523,5s,srp,srp_Sino.meli._AL591782
5524,5s,srp,srp_Stap.aure._BX571857
5525,5s,srp,srp_Stap.aure._CP000703
5526,5s,srp,srp_Stap.aure._E36052
5527,5s,srp,srp_Stap.epid._AF269814
5528,5s,srp,srp_Stre.agal._AL766845
5529,5s,srp,srp_Stre.muta._AE014133
5530,5s,srp,srp_Stre.pneu._AE007319
5531,5s,srp,srp_Stre.pneu._CP000410
5532,5s,srp,srp_Stre.pyog._AE009969
5533,5s,srp,srp_Stre.pyog._AE014139
5534,5s,srp,srp_Stre.pyog._AM295007
5535,5s,srp,srp_Stre.pyog._CP000056
5536,5s,srp,srp_Stre.pyog._CP000260
5537,5s,srp,srp_Stre.pyog._CP000261
5538,5s,srp,srp_Sulf.solf._Y08257
5539,5s,srp,srp_Sulf.toko._BA000023
5540,5s,srp,srp_Thal.pseu._EF067921
5541,5s,srp,srp_Thal.pseu._GSP-296543
5542,5s,srp,srp_Ther.acid._AL445063
5543,5s,srp,srp_Ther.koda._AP006878
5544,5s,srp,srp_Ther.mela._CP000716
5545,5s,srp,srp_Toxo.gond._GSP-398031
5546,5s,srp,srp_Tric.vagi._GSP-5722-2
5547,5s,srp,srp_Trit.aest._BE424647
5548,5s,srp,srp_Trit.aest._CD897082
5549,5s,srp,srp_Trop.whip._AE014184
5550,5s,srp,srp_Trop.whip._AE016852
5551,5s,srp,srp_Tryp.bruc._AF047723
5552,5s,srp,srp_Tryp.bruc._S56681
5553,5s,srp,srp_Tryp.bruc._X57047
5554,5s,srp,srp_Tryp.cong._SDB-5692
5555,5s,srp,srp_Vibr.chol._CP000627
5556,5s,srp,srp_Xant.camp._CP000050
5557,5s,srp,srp_Xant.oryz._AE013598
5558,5s,srp,srp_Yarr.lipo._X51658
5559,5s,srp,srp_Yers.pest._AE017042
5560,5s,srp,srp_Yers.pest._AE017129
5561,5s,srp,srp_Yers.pest._AJ414155
5562,5s,srp,srp_Yers.pest._CP000305
5563,5s,srp,srp_Yers.pseu._BX936398
5564,5s,tRNA,tRNA_tdbR00000003-Haloferax_volcanii-2246-Ala-GGC
5565,5s,tRNA,tRNA_tdbR00000010-Escherichia_coli-562-Ala-VGC
5566,5s,tRNA,tRNA_tdbR00000011-Neurospora_crassa-5141-Ala-UGC
5567,5s,tRNA,tRNA_tdbR00000013-Pichia_jadinii-4903-Ala-IGC
5568,5s,tRNA,tRNA_tdbR00000017-Homo_sapiens-9606-Ala-IGC
5569,5s,tRNA,tRNA_tdbR00000020-Escherichia_coli-562-Cys-GCA
5570,5s,tRNA,tRNA_tdbR00000021-Saccharomyces_cerevisiae-4932-Cys-GCA
5571,5s,tRNA,tRNA_tdbR00000024-Mycoplasma_capricolum-2095-Asp-GUC
5572,5s,tRNA,tRNA_tdbR00000026-Escherichia_coli-562-Asp-QUC
5573,5s,tRNA,tRNA_tdbR00000030-Aedes_albopictus-7160-Asp-GUC
5574,5s,tRNA,tRNA_tdbR00000032-Rattus_norvegicus-10116-Asp-GUC
5575,5s,tRNA,tRNA_tdbR00000036-Euglena_gracilis-3039-Asp-GUC
5576,5s,tRNA,tRNA_tdbR00000038-Rattus_norvegicus-10116-Asp-8UC
5577,5s,tRNA,tRNA_tdbR00000042-Haloferax_volcanii-2246-Glu-MUC
5578,5s,tRNA,tRNA_tdbR00000043-Haloferax_volcanii-2246-Glu-NUC
5579,5s,tRNA,tRNA_tdbR00000053-Bos_taurus-9913-Glu-NUC
5580,5s,tRNA,tRNA_tdbR00000059-Rattus_norvegicus-10116-Glu-3UC
5581,5s,tRNA,tRNA_tdbR00000063-Haloferax_volcanii-2246-Phe-GAA
5582,5s,tRNA,tRNA_tdbR00000067-Escherichia_coli-562-Phe-GAA
5583,5s,tRNA,tRNA_tdbR00000072-Phaseolus_vulgaris-3885-Phe-GAA
5584,5s,tRNA,tRNA_tdbR00000074-Tetrahymena_pyriformis-5908-Phe-GAA
5585,5s,tRNA,tRNA_tdbR00000078-Ascaris_suum-6253-Phe-GAA
5586,5s,tRNA,tRNA_tdbR00000089-Brassica_napus-3708-Phe-AA
5587,5s,tRNA,tRNA_tdbR00000090-Lupinus_luteus-3873-Phe-AA
5588,5s,tRNA,tRNA_tdbR00000092-Oryctolagus_cuniculus-9986-Phe-AA
5589,5s,tRNA,tRNA_tdbR00000093-Bombyx_mori-7091-Phe-AA
5590,5s,tRNA,tRNA_tdbR00000098-Xenopus_laevis-8355-Phe-AA
5591,5s,tRNA,tRNA_tdbR00000108-Haloferax_volcanii-2246-Gly-GCC
5592,5s,tRNA,tRNA_tdbR00000109-Haloferax_volcanii-2246-Gly-NCC
5593,5s,tRNA,tRNA_tdbR00000111-Mycoplasma_capricolum-2095-Gly-UCC
5594,5s,tRNA,tRNA_tdbR00000114-Staphylococcus_epidermidis-1282-Gly-UCC
5595,5s,tRNA,tRNA_tdbR00000115-Staphylococcus_epidermidis-1282-Gly-UCC
5596,5s,tRNA,tRNA_tdbR00000119-Escherichia_coli-562-Gly-NCC
5597,5s,tRNA,tRNA_tdbR00000125-Bos_taurus-9913-Gly-UCC
5598,5s,tRNA,tRNA_tdbR00000128-Halocynthia_roretzi-7729-Gly-GCU
5599,5s,tRNA,tRNA_tdbR00000132-Lupinus_luteus-3873-Gly-GCC
5600,5s,tRNA,tRNA_tdbR00000136-Homo_sapiens-9606-Gly-GCC
5601,5s,tRNA,tRNA_tdbR00000139-Mycoplasma_capricolum-2095-His-GUK
5602,5s,tRNA,tRNA_tdbR00000140-Escherichia_coli-562-His-QUG
5603,5s,tRNA,tRNA_tdbR00000142-Saccharomyces_cerevisiae-4932-His-GUG
5604,5s,tRNA,tRNA_tdbR00000143-Asterias_amurensis-7602-His-QUG
5605,5s,tRNA,tRNA_tdbR00000151-Haloferax_volcanii-2246-Ile-GAU
5606,5s,tRNA,tRNA_tdbR00000155-Mycoplasma_mycoides-2102-Ile-GAU
5607,5s,tRNA,tRNA_tdbR00000159-Escherichia_coli-562-Ile-GAU
5608,5s,tRNA,tRNA_tdbR00000164-Saccharomyces_cerevisiae-4932-Ile-GAU
5609,5s,tRNA,tRNA_tdbR00000165-Solanum_tuberosum-4113-Ile-AU
5610,5s,tRNA,tRNA_tdbR00000170-Saccharomyces_cerevisiae-4932-Ile-IAU
5611,5s,tRNA,tRNA_tdbR00000172-Lupinus_luteus-3873-Ile-IAU
5612,5s,tRNA,tRNA_tdbR00000175-Haloferax_volcanii-2246-Lys-NUU
5613,5s,tRNA,tRNA_tdbR00000176-Haloferax_volcanii-2246-Lys-MUU
5614,5s,tRNA,tRNA_tdbR00000177-Mycoplasma_capricolum-2095-Lys-CUU
5615,5s,tRNA,tRNA_tdbR00000179-Bacillus_subtilis-1423-Lys-UU
5616,5s,tRNA,tRNA_tdbR00000184-Asterias_amurensis-7602-Lys-CUU
5617,5s,tRNA,tRNA_tdbR00000192-Saccharomyces_cerevisiae-4932-Lys-CUU
5618,5s,tRNA,tRNA_tdbR00000194-Triticum_aestivum-4565-Lys-CUU
5619,5s,tRNA,tRNA_tdbR00000196-Rattus_norvegicus-10116-Lys-CUN
5620,5s,tRNA,tRNA_tdbR00000197-Rattus_norvegicus-10116-Lys-3UU
5621,5s,tRNA,tRNA_tdbR00000199-Oryctolagus_cuniculus-9986-Lys-CUU
5622,5s,tRNA,tRNA_tdbR00000206-Loligo_bleekeri-6617-Lys-UUU
5623,5s,tRNA,tRNA_tdbR00000208-Mus_musculus-10090-Lys-CUN
5624,5s,tRNA,tRNA_tdbR00000209-Enterobacteria_phage_T4-10665-Leu-NAA
5625,5s,tRNA,tRNA_tdbR00000211-Haloferax_volcanii-2246-Leu-CAA
5626,5s,tRNA,tRNA_tdbR00000216-Mycoplasma_capricolum-2095-Leu-BAA
5627,5s,tRNA,tRNA_tdbR00000218-Mycoplasma_capricolum-2095-Leu-UAG
5628,5s,tRNA,tRNA_tdbR00000221-Escherichia_coli-562-Leu-CAG
5629,5s,tRNA,tRNA_tdbR00000222-Escherichia_coli-562-Leu-GAG
5630,5s,tRNA,tRNA_tdbR00000225-Synechococcus_elongatus_PCC_6301-269084-Leu-CAA
5631,5s,tRNA,tRNA_tdbR00000228-Glycine_max-3847-Leu-BAA
5632,5s,tRNA,tRNA_tdbR00000230-Glycine_max-3847-Leu-UA7
5633,5s,tRNA,tRNA_tdbR00000233-Phaseolus_vulgaris-3885-Leu-UA7
5634,5s,tRNA,tRNA_tdbR00000234-Spinacia_oleracea-3562-Leu-UA7
5635,5s,tRNA,tRNA_tdbR00000236-Neurospora_crassa-5141-Leu-UAG
5636,5s,tRNA,tRNA_tdbR00000237-Saccharomyces_cerevisiae-4932-Leu-AA
5637,5s,tRNA,tRNA_tdbR00000243-Rattus_norvegicus-10116-Leu-UAG
5638,5s,tRNA,tRNA_tdbR00000244-Rattus_norvegicus-10116-Leu-UAG
5639,5s,tRNA,tRNA_tdbR00000245-Rattus_norvegicus-10116-Leu-UAG
5640,5s,tRNA,tRNA_tdbR00000252-Pichia_jadinii-4903-Leu-BAA
5641,5s,tRNA,tRNA_tdbR00000254-Candida_cylindracea-44322-Leu-IAG
5642,5s,tRNA,tRNA_tdbR00000270-Avian_myeloblastosis_virus-11866-Met-BAU
5643,5s,tRNA,tRNA_tdbR00000273-Mycoplasma_capricolum-2095-Met-CAU
5644,5s,tRNA,tRNA_tdbR00000277-Codium_fragile-3133-Met-CAU
5645,5s,tRNA,tRNA_tdbR00000278-Scenedesmus_obliquus-3088-Met-CAU
5646,5s,tRNA,tRNA_tdbR00000282-Ascaris_suum-6253-Met-AU
5647,5s,tRNA,tRNA_tdbR00000285-Triticum_aestivum-4565-Met-BAU
5648,5s,tRNA,tRNA_tdbR00000286-Lupinus_luteus-3873-Met-BAU
5649,5s,tRNA,tRNA_tdbR00000291-Halobacterium_salinarum-2242-Asn-GUU
5650,5s,tRNA,tRNA_tdbR00000294-Mycoplasma_capricolum-2095-Asn-GUU
5651,5s,tRNA,tRNA_tdbR00000300-Saccharomyces_cerevisiae-4932-Asn-GUU
5652,5s,tRNA,tRNA_tdbR00000301-Lupinus_luteus-3873-Asn-UU
5653,5s,tRNA,tRNA_tdbR00000309-Enterobacteria_phage_T4-10665-Pro-NGG
5654,5s,tRNA,tRNA_tdbR00000313-Haloferax_volcanii-2246-Pro-UGG
5655,5s,tRNA,tRNA_tdbR00000316-Bacillus_subtilis-1423-Pro-5GG
5656,5s,tRNA,tRNA_tdbR00000317-Salmonella_typhimurium-602-Pro-CGG
5657,5s,tRNA,tRNA_tdbR00000328-Enterobacteria_phage_T5-10726-Gln-UUG
5658,5s,tRNA,tRNA_tdbR00000333-Escherichia_coli-562-Gln-NUG
5659,5s,tRNA,tRNA_tdbR00000336-Aedes_albopictus-7160-Gln-NUG
5660,5s,tRNA,tRNA_tdbR00000337-Tetrahymena_thermophila-5911-Gln-CUA
5661,5s,tRNA,tRNA_tdbR00000338-Tetrahymena_thermophila-5911-Gln-JUA
5662,5s,tRNA,tRNA_tdbR00000342-Bos_taurus-9913-Gln-CUG
5663,5s,tRNA,tRNA_tdbR00000343-Mus_musculus-10090-Gln-CUG
5664,5s,tRNA,tRNA_tdbR00000346-Homo_sapiens-9606-Gln-NUG
5665,5s,tRNA,tRNA_tdbR00000347-Enterobacteria_phage_T4-10665-Arg-NCU
5666,5s,tRNA,tRNA_tdbR00000351-Haloferax_volcanii-2246-Arg-NCG
5667,5s,tRNA,tRNA_tdbR00000352-Mycoplasma_capricolum-2095-Arg-ICG
5668,5s,tRNA,tRNA_tdbR00000355-Escherichia_coli-562-Arg-ICG
5669,5s,tRNA,tRNA_tdbR00000356-Escherichia_coli-562-Arg-ICG
5670,5s,tRNA,tRNA_tdbR00000358-Escherichia_coli-562-Arg-CU
5671,5s,tRNA,tRNA_tdbR00000360-Codium_fragile-3133-Arg-ICG
5672,5s,tRNA,tRNA_tdbR00000363-Ascaris_suum-6253-Arg-PCU
5673,5s,tRNA,tRNA_tdbR00000364-Ascaris_suum-6253-Arg-ACG
5674,5s,tRNA,tRNA_tdbR00000365-Aedes_albopictus-7160-Arg-UCG
5675,5s,tRNA,tRNA_tdbR00000368-Mesocricetus_auratus-10036-Arg-UCG
5676,5s,tRNA,tRNA_tdbR00000371-Saccharomyces_cerevisiae-4932-Arg-1CU
5677,5s,tRNA,tRNA_tdbR00000375-Bos_taurus-9913-Arg-CCU
5678,5s,tRNA,tRNA_tdbR00000376-Bos_taurus-9913-Arg-3CP
5679,5s,tRNA,tRNA_tdbR00000377-Mus_musculus-10090-Arg-ICG
5680,5s,tRNA,tRNA_tdbR00000380-Halobacterium_salinarum-2242-Ser-MGA
5681,5s,tRNA,tRNA_tdbR00000383-Haloferax_volcanii-2246-Ser-GGA
5682,5s,tRNA,tRNA_tdbR00000386-Mycoplasma_mycoides-2102-Ser-UGA
5683,5s,tRNA,tRNA_tdbR00000393-Escherichia_coli-562-Ser-GGA
5684,5s,tRNA,tRNA_tdbR00000394-Escherichia_coli-562-Ser-VGA
5685,5s,tRNA,tRNA_tdbR00000396-Saccharomyces_cerevisiae-4932-Ser-UGA
5686,5s,tRNA,tRNA_tdbR00000397-Saccharomyces_cerevisiae-4932-Ser-UGA
5687,5s,tRNA,tRNA_tdbR00000400-Loligo_bleekeri-6617-Ser-7CU
5688,5s,tRNA,tRNA_tdbR00000403-Bos_taurus-9913-Ser-UGA
5689,5s,tRNA,tRNA_tdbR00000406-Saccharomyces_cerevisiae-4932-Ser-NGA
5690,5s,tRNA,tRNA_tdbR00000407-Saccharomyces_cerevisiae-4932-Ser-IGA
5691,5s,tRNA,tRNA_tdbR00000408-Saccharomyces_cerevisiae-4932-Ser-IGA
5692,5s,tRNA,tRNA_tdbR00000413-Candida_cylindracea-44322-Ser-GCU
5693,5s,tRNA,tRNA_tdbR00000415-Nicotiana_rustica-4093-Ser-GA
5694,5s,tRNA,tRNA_tdbR00000416-Nicotiana_rustica-4093-Ser-CGA
5695,5s,tRNA,tRNA_tdbR00000424-Drosophila_melanogaster-7227-Ser-GCU
5696,5s,tRNA,tRNA_tdbR00000430-Halobacterium_salinarum-2242-Thr-GGU
5697,5s,tRNA,tRNA_tdbR00000431-Haloferax_volcanii-2246-Thr-CGU
5698,5s,tRNA,tRNA_tdbR00000432-Haloferax_volcanii-2246-Thr-GGU
5699,5s,tRNA,tRNA_tdbR00000439-Spinacia_oleracea-3562-Thr-GGU
5700,5s,tRNA,tRNA_tdbR00000443-Saccharomyces_cerevisiae-4932-Thr-IGU
5701,5s,tRNA,tRNA_tdbR00000445-Bos_taurus-9913-Thr-IGU
5702,5s,tRNA,tRNA_tdbR00000446-Halobacterium_salinarum-2242-Val-CAC
5703,5s,tRNA,tRNA_tdbR00000448-Halobacterium_salinarum-2242-Val-GAC
5704,5s,tRNA,tRNA_tdbR00000451-Mycoplasma_capricolum-2095-Val-UAC
5705,5s,tRNA,tRNA_tdbR00000453-Bacillus_subtilis-1423-Val-5AC
5706,5s,tRNA,tRNA_tdbR00000455-Escherichia_coli-562-Val-GAC
5707,5s,tRNA,tRNA_tdbR00000459-Neurospora_crassa-5141-Val-UAC
5708,5s,tRNA,tRNA_tdbR00000461-Rattus_norvegicus-10116-Val-UAC
5709,5s,tRNA,tRNA_tdbR00000463-Bos_taurus-9913-Val-UAC
5710,5s,tRNA,tRNA_tdbR00000465-Saccharomyces_cerevisiae-4932-Val-CAC
5711,5s,tRNA,tRNA_tdbR00000467-Pichia_jadinii-4903-Val-IAC
5712,5s,tRNA,tRNA_tdbR00000471-Oryctolagus_cuniculus-9986-Val-IAC
5713,5s,tRNA,tRNA_tdbR00000472-Drosophila_melanogaster-7227-Val-IAC
5714,5s,tRNA,tRNA_tdbR00000475-Mus_musculus-10090-Val-IAC
5715,5s,tRNA,tRNA_tdbR00000477-Avian_myeloblastosis_virus-11866-Trp-BCA
5716,5s,tRNA,tRNA_tdbR00000478-Haloferax_volcanii-2246-Trp-BCA
5717,5s,tRNA,tRNA_tdbR00000480-Mycoplasma_capricolum-2095-Trp-CA
5718,5s,tRNA,tRNA_tdbR00000482-Spiroplasma_citri-2133-Trp-CCA
5719,5s,tRNA,tRNA_tdbR00000485-Nicotiana_tabacum-4097-Trp-BCA
5720,5s,tRNA,tRNA_tdbR00000486-Phaseolus_vulgaris-3885-Trp-BCA
5721,5s,tRNA,tRNA_tdbR00000488-Tetrahymena_thermophila-5911-Trp-CA
5722,5s,tRNA,tRNA_tdbR00000492-Rattus_norvegicus-10116-Trp-NCA
5723,5s,tRNA,tRNA_tdbR00000497-Bos_taurus-9913-Trp-BCA
5724,5s,tRNA,tRNA_tdbR00000498-Gallus_gallus-9031-Trp-BCA
5725,5s,tRNA,tRNA_tdbR00000499-Halobacterium_salinarum-2242-Ini-CAU
5726,5s,tRNA,tRNA_tdbR00000500-Haloferax_volcanii-2246-Ini-CAU
5727,5s,tRNA,tRNA_tdbR00000504-Mycoplasma_capricolum-2095-Ini-CAU
5728,5s,tRNA,tRNA_tdbR00000505-Mycoplasma_mycoides-2102-Ini-CAU
5729,5s,tRNA,tRNA_tdbR00000506-Streptomyces_griseus-1911-Ini-CAU
5730,5s,tRNA,tRNA_tdbR00000507-Bacillus_subtilis-1423-Ini-CAU
5731,5s,tRNA,tRNA_tdbR00000510-Escherichia_coli-562-Ini-CAU
5732,5s,tRNA,tRNA_tdbR00000512-Mycobacterium_smegmatis-1772-Ini-CAU
5733,5s,tRNA,tRNA_tdbR00000514-Scenedesmus_obliquus-3088-Ini-CAU
5734,5s,tRNA,tRNA_tdbR00000519-Phaseolus_vulgaris-3885-Ini-CAU
5735,5s,tRNA,tRNA_tdbR00000522-Bos_taurus-9913-Ini-AU
5736,5s,tRNA,tRNA_tdbR00000523-Tetrahymena_thermophila-5911-Ini-CAU
5737,5s,tRNA,tRNA_tdbR00000529-Triticum_aestivum-4565-Ini-CAU
5738,5s,tRNA,tRNA_tdbR00000532-Oryctolagus_cuniculus-9986-Ini-CAU
5739,5s,tRNA,tRNA_tdbR00000533-Drosophila_melanogaster-7227-Ini-CAU
5740,5s,tRNA,tRNA_tdbR00000534-Euphausia_superba-6819-Ini-CAU
5741,5s,tRNA,tRNA_tdbR00000535-Xenopus_laevis-8355-Ini-CAU
5742,5s,tRNA,tRNA_tdbR00000539-Ovis_aries-9940-Ini-CAU
5743,5s,tRNA,tRNA_tdbR00000545-Escherichia_coli-562-Tyr-QUA
5744,5s,tRNA,tRNA_tdbR00000546-Escherichia_coli-562-Tyr-QUA
5745,5s,tRNA,tRNA_tdbR00000548-Scenedesmus_obliquus-3088-Tyr-GUA
5746,5s,tRNA,tRNA_tdbR00000556-Schizosaccharomyces_pombe-4896-Tyr-GPA
5747,5s,tRNA,tRNA_tdbR00000559-Triticum_aestivum-4565-Tyr-GPA
5748,5s,tRNA,tRNA_tdbR00000560-Lupinus_luteus-3873-Tyr-GPA
5749,5s,tRNA,tRNA_tdbR00000565-Bos_taurus-9913-Tyr-9PA
5750,5s,tRNA,tRNA_tdbR00000572-Leishmania_tarentolae-5689-Lys-1UU
5751,5s,tRNA,tRNA_tdbR00000575-Leishmania_tarentolae-5689-Thr-CGU
5752,5s,tRNA,tRNA_tdbR00000578-Leishmania_tarentolae-5689-Glu-3UC
5753,5s,tRNA,tRNA_tdbR00000581-Aeropyrum_pernix-56636-Lys-CUU
5754,5s,tRNA,tRNA_tdbR00000584-Aeropyrum_pernix-56636-Pro-GGG
5755,5s,tRNA,tRNA_tdbR00000587-Aeropyrum_pernix-56636-Met-CAU
5756,5s,tRNA,tRNA_tdbR00000590-Ascaris_suum-6253-Glu-UC
5757,5s,tRNA,tRNA_tdbR00000593-Ascaris_suum-6253-Trp-CA
5758,5s,tRNA,tRNA_tdbR00000605-Lupinus_luteus-3873-Leu-CAG
5759,5s,tRNA,tRNA_tdbR00000611-Sinorhizobium_meliloti-382-His-GUG
5760,5s,tRNA,tRNA_tdbR00000613-Nanoarchaeum_equitans-160232-Glu-CUC
5761,5s,tRNA,tRNA_tdbR00000616-Nanoarchaeum_equitans-160232-Lys-CUU
5762,5s,tRNA,tRNA_tdbR00000617-Nanoarchaeum_equitans-160232-Gln-UUG
5763,5s,tRNA,tRNA_tdbR00000618-Candida_albicans-5476-Leu-CAG
5764,5s,telomerase,telomerase_AC121792.109554-109950
5765,5s,telomerase,telomerase_AF147806.247-692
5766,5s,telomerase,telomerase_AF221906.96-545
5767,5s,telomerase,telomerase_AF221908.136-584
5768,5s,telomerase,telomerase_AF221909.98-496
5769,5s,telomerase,telomerase_AF221910.112-554
5770,5s,telomerase,telomerase_AF221911.104-513
5771,5s,telomerase,telomerase_AF221912.98-564
5772,5s,telomerase,telomerase_AF221913.109-520
5773,5s,telomerase,telomerase_AF221914.112-589
5774,5s,telomerase,telomerase_AF221916.94-481
5775,5s,telomerase,telomerase_AF221917.99-542
5776,5s,telomerase,telomerase_AF221918.97-547
5777,5s,telomerase,telomerase_AF221919.107-614
5778,5s,telomerase,telomerase_AF221920.99-541
5779,5s,telomerase,telomerase_AF221921.98-548
5780,5s,telomerase,telomerase_AF221923.106-554
5781,5s,telomerase,telomerase_AF221924.105-538
5782,5s,telomerase,telomerase_AF221925.98-540
5783,5s,telomerase,telomerase_AF221926.103-507
5784,5s,telomerase,telomerase_AF221927.113-556
5785,5s,telomerase,telomerase_AF221928.95-476
5786,5s,telomerase,telomerase_AF221929.92-517
5787,5s,telomerase,telomerase_AF221930.94-546
5788,5s,telomerase,telomerase_AF221931.99-541
5789,5s,telomerase,telomerase_AF221932.102-549
5790,5s,telomerase,telomerase_AF221934.121-565
5791,5s,telomerase,telomerase_AF221935.112-602
5792,5s,telomerase,telomerase_AF221936.98-540
5793,5s,telomerase,telomerase_AF221937.99-545
5794,5s,telomerase,telomerase_AF221939.99-544
5795,5s,telomerase,telomerase_AF221940.103-499
5796,5s,telomerase,telomerase_AY058901.1-397
5797,5s,telomerase,telomerase_AY312571.605-1069
5798,5s,telomerase,telomerase_U85256.1-451
5799,5s,telomerase,telomerase_AC121792.109554-109950
5800,5s,telomerase,telomerase_AF147806.247-692
5801,5s,telomerase,telomerase_AF221906.96-545
5802,5s,telomerase,telomerase_AF221908.136-584
5803,5s,telomerase,telomerase_AF221909.98-496
5804,5s,telomerase,telomerase_AF221910.112-554
5805,5s,telomerase,telomerase_AF221911.104-513
5806,5s,telomerase,telomerase_AF221912.98-564
5807,5s,telomerase,telomerase_AF221913.109-520
5808,5s,telomerase,telomerase_AF221914.112-589
5809,5s,telomerase,telomerase_AF221916.94-481
5810,5s,telomerase,telomerase_AF221917.99-542
5811,5s,telomerase,telomerase_AF221918.97-547
5812,5s,telomerase,telomerase_AF221919.107-614
5813,5s,telomerase,telomerase_AF221920.99-541
5814,5s,telomerase,telomerase_AF221921.98-548
5815,5s,telomerase,telomerase_AF221923.106-554
5816,5s,telomerase,telomerase_AF221924.105-538
5817,5s,telomerase,telomerase_AF221925.98-540
5818,5s,telomerase,telomerase_AF221926.103-507
5819,5s,telomerase,telomerase_AF221927.113-556
5820,5s,telomerase,telomerase_AF221928.95-476
5821,5s,telomerase,telomerase_AF221929.92-517
5822,5s,telomerase,telomerase_AF221930.94-546
5823,5s,telomerase,telomerase_AF221931.99-541
5824,5s,telomerase,telomerase_AF221932.102-549
5825,5s,telomerase,telomerase_AF221934.121-565
5826,5s,telomerase,telomerase_AF221935.112-602
5827,5s,telomerase,telomerase_AF221936.98-540
5828,5s,telomerase,telomerase_AF221937.99-545
5829,5s,telomerase,telomerase_AF221939.99-544
5830,5s,telomerase,telomerase_AF221940.103-499
5831,5s,telomerase,telomerase_AY058901.1-397
5832,5s,telomerase,telomerase_AY312571.605-1069
5833,5s,telomerase,telomerase_U85256.1-451
5834,5s,telomerase,telomerase_AC121792.109554-109950
5835,5s,telomerase,telomerase_AF147806.247-692
5836,5s,telomerase,telomerase_AF221906.96-545
5837,5s,telomerase,telomerase_AF221908.136-584
5838,5s,telomerase,telomerase_AF221909.98-496
5839,5s,telomerase,telomerase_AF221910.112-554
5840,5s,telomerase,telomerase_AF221911.104-513
5841,5s,telomerase,telomerase_AF221912.98-564
5842,5s,telomerase,telomerase_AF221913.109-520
5843,5s,telomerase,telomerase_AF221914.112-589
5844,5s,telomerase,telomerase_AF221916.94-481
5845,5s,telomerase,telomerase_AF221917.99-542
5846,5s,telomerase,telomerase_AF221918.97-547
5847,5s,telomerase,telomerase_AF221919.107-614
5848,5s,telomerase,telomerase_AF221920.99-541
5849,5s,telomerase,telomerase_AF221921.98-548
5850,5s,telomerase,telomerase_AF221923.106-554
5851,5s,telomerase,telomerase_AF221924.105-538
5852,5s,telomerase,telomerase_AF221925.98-540
5853,5s,telomerase,telomerase_AF221926.103-507
5854,5s,telomerase,telomerase_AF221927.113-556
5855,5s,telomerase,telomerase_AF221928.95-476
5856,5s,telomerase,telomerase_AF221929.92-517
5857,5s,telomerase,telomerase_AF221930.94-546
5858,5s,telomerase,telomerase_AF221931.99-541
5859,5s,telomerase,telomerase_AF221932.102-549
5860,5s,telomerase,telomerase_AF221934.121-565
5861,5s,telomerase,telomerase_AF221935.112-602
5862,5s,telomerase,telomerase_AF221936.98-540
5863,5s,telomerase,telomerase_AF221937.99-545
5864,5s,telomerase,telomerase_AF221939.99-544
5865,5s,telomerase,telomerase_AF221940.103-499
5866,5s,telomerase,telomerase_AY058901.1-397
5867,5s,telomerase,telomerase_AY312571.605-1069
5868,5s,telomerase,telomerase_U85256.1-451
5869,5s,telomerase,telomerase_AC121792.109554-109950
5870,5s,telomerase,telomerase_AF147806.247-692
5871,5s,telomerase,telomerase_AF221906.96-545
5872,5s,telomerase,telomerase_AF221908.136-584
5873,5s,telomerase,telomerase_AF221909.98-496
5874,5s,telomerase,telomerase_AF221910.112-554
5875,5s,telomerase,telomerase_AF221911.104-513
5876,5s,telomerase,telomerase_AF221912.98-564
5877,5s,telomerase,telomerase_AF221913.109-520
5878,5s,telomerase,telomerase_AF221914.112-589
5879,5s,telomerase,telomerase_AF221916.94-481
5880,5s,telomerase,telomerase_AF221917.99-542
5881,5s,telomerase,telomerase_AF221918.97-547
5882,5s,telomerase,telomerase_AF221919.107-614
5883,5s,telomerase,telomerase_AF221920.99-541
5884,5s,telomerase,telomerase_AF221921.98-548
5885,5s,telomerase,telomerase_AF221923.106-554
5886,5s,telomerase,telomerase_AF221924.105-538
5887,5s,telomerase,telomerase_AF221925.98-540
5888,5s,telomerase,telomerase_AF221926.103-507
5889,5s,telomerase,telomerase_AF221927.113-556
5890,5s,telomerase,telomerase_AF221928.95-476
5891,5s,telomerase,telomerase_AF221929.92-517
5892,5s,telomerase,telomerase_AF221930.94-546
5893,5s,telomerase,telomerase_AF221931.99-541
5894,5s,telomerase,telomerase_AF221932.102-549
5895,5s,telomerase,telomerase_AF221934.121-565
5896,5s,telomerase,telomerase_AF221935.112-602
5897,5s,telomerase,telomerase_AF221936.98-540
5898,5s,telomerase,telomerase_AF221937.99-545
5899,5s,telomerase,telomerase_AF221939.99-544
5900,5s,telomerase,telomerase_AF221940.103-499
5901,5s,telomerase,telomerase_AY058901.1-397
5902,5s,telomerase,telomerase_AY312571.605-1069
5903,5s,telomerase,telomerase_U85256.1-451
5904,5s,telomerase,telomerase_AC121792.109554-109950
5905,5s,telomerase,telomerase_AF147806.247-692
5906,5s,telomerase,telomerase_AF221906.96-545
5907,5s,telomerase,telomerase_AF221908.136-584
5908,5s,telomerase,telomerase_AF221909.98-496
5909,5s,telomerase,telomerase_AF221910.112-554
5910,5s,telomerase,telomerase_AF221911.104-513
5911,5s,telomerase,telomerase_AF221912.98-564
5912,5s,telomerase,telomerase_AF221913.109-520
5913,5s,telomerase,telomerase_AF221914.112-589
5914,5s,telomerase,telomerase_AF221916.94-481
5915,5s,telomerase,telomerase_AF221917.99-542
5916,5s,telomerase,telomerase_AF221918.97-547
5917,5s,telomerase,telomerase_AF221919.107-614
5918,5s,telomerase,telomerase_AF221920.99-541
5919,5s,telomerase,telomerase_AF221921.98-548
5920,5s,telomerase,telomerase_AF221923.106-554
5921,5s,telomerase,telomerase_AF221924.105-538
5922,5s,telomerase,telomerase_AF221925.98-540
5923,5s,telomerase,telomerase_AF221926.103-507
5924,5s,telomerase,telomerase_AF221927.113-556
5925,5s,telomerase,telomerase_AF221928.95-476
5926,5s,telomerase,telomerase_AF221929.92-517
5927,5s,telomerase,telomerase_AF221930.94-546
5928,5s,telomerase,telomerase_AF221931.99-541
5929,5s,telomerase,telomerase_AF221932.102-549
5930,5s,telomerase,telomerase_AF221934.121-565
5931,5s,telomerase,telomerase_AF221935.112-602
5932,5s,telomerase,telomerase_AF221936.98-540
5933,5s,telomerase,telomerase_AF221937.99-545
5934,5s,telomerase,telomerase_AF221939.99-544
5935,5s,telomerase,telomerase_AF221940.103-499
5936,5s,telomerase,telomerase_AY058901.1-397
5937,5s,telomerase,telomerase_AY312571.605-1069
5938,5s,telomerase,telomerase_U85256.1-451
5939,5s,telomerase,telomerase_AC121792.109554-109950
5940,5s,telomerase,telomerase_AF147806.247-692
5941,5s,telomerase,telomerase_AF221906.96-545
5942,5s,telomerase,telomerase_AF221908.136-584
5943,5s,telomerase,telomerase_AF221909.98-496
5944,5s,telomerase,telomerase_AF221910.112-554
5945,5s,telomerase,telomerase_AF221911.104-513
5946,5s,telomerase,telomerase_AF221912.98-564
5947,5s,telomerase,telomerase_AF221913.109-520
5948,5s,telomerase,telomerase_AF221914.112-589
5949,5s,telomerase,telomerase_AF221916.94-481
5950,5s,telomerase,telomerase_AF221917.99-542
5951,5s,telomerase,telomerase_AF221918.97-547
5952,5s,telomerase,telomerase_AF221919.107-614
5953,5s,telomerase,telomerase_AF221920.99-541
5954,5s,telomerase,telomerase_AF221921.98-548
5955,5s,telomerase,telomerase_AF221923.106-554
5956,5s,telomerase,telomerase_AF221924.105-538
5957,5s,telomerase,telomerase_AF221925.98-540
5958,5s,telomerase,telomerase_AF221926.103-507
5959,5s,telomerase,telomerase_AF221927.113-556
5960,5s,telomerase,telomerase_AF221928.95-476
5961,5s,telomerase,telomerase_AF221929.92-517
5962,5s,telomerase,telomerase_AF221930.94-546
5963,5s,telomerase,telomerase_AF221931.99-541
5964,5s,tmRNA,tmRNA_Acin.spec._CR543861_1-360
5965,5s,tmRNA,tmRNA_Acti.acti._TRW-272556_1-366
5966,5s,tmRNA,tmRNA_Acti.naes._TRW-240017_1-371
5967,5s,tmRNA,tmRNA_Acti.succ._TRW-339671_1-367
5968,5s,tmRNA,tmRNA_Aero.hydr._AY442269_1-360
5969,5s,tmRNA,tmRNA_Aero.hydr._CP000462_1-360
5970,5s,tmRNA,tmRNA_Anab.vari._CP000117_1-390
5971,5s,tmRNA,tmRNA_Aqui.aeol._TRW-63363_1-347
5972,5s,tmRNA,tmRNA_Arth.spec._CP000454_1-369
5973,5s,tmRNA,tmRNA_Azoa.spec._TRW-62928_1-378
5974,5s,tmRNA,tmRNA_Baci.G._TRW-12333_1-312
5975,5s,tmRNA,tmRNA_Baci.anth._AE016879_1-355
5976,5s,tmRNA,tmRNA_Baci.halo._BA000004_1-361
5977,5s,tmRNA,tmRNA_Baci.thur._AE017355_1-355
5978,5s,tmRNA,tmRNA_Bact.frag._CR626927_1-398
5979,5s,tmRNA,tmRNA_Bact.frag._TRW-817_1-398
5980,5s,tmRNA,tmRNA_Bdel.bact._BX842656_1-346
5981,5s,tmRNA,tmRNA_Bord.bron._TRW-257310_1-387
5982,5s,tmRNA,tmRNA_Bord.para._TRW-257311_1-387
5983,5s,tmRNA,tmRNA_Borr.burg._AE001118_1-359
5984,5s,tmRNA,tmRNA_Buch.aphi._AE013218_1-376
5985,5s,tmRNA,tmRNA_Buch.aphi._BD061520_1-369
5986,5s,tmRNA,tmRNA_Burk.ceno._CP000378_1-370
5987,5s,tmRNA,tmRNA_Burk.mall._CP000010_1-370
5988,5s,tmRNA,tmRNA_Burk.spec._CP000151_1-370
5989,5s,tmRNA,tmRNA_Burk.viet._TRW-269482_1-370
5990,5s,tmRNA,tmRNA_Camp.coli._TRW-306254_1-359
5991,5s,tmRNA,tmRNA_Camp.fetu._AY211269_1-361
5992,5s,tmRNA,tmRNA_Camp.lari._TRW-306263_1-359
5993,5s,tmRNA,tmRNA_Camp.upsa._TRW-306264_1-359
5994,5s,tmRNA,tmRNA_Carn.malt._AF275938_1-366
5995,5s,tmRNA,tmRNA_Chla.abor._CR848038_1-425
5996,5s,tmRNA,tmRNA_Chla.cavi._AE015925_1-425
5997,5s,tmRNA,tmRNA_Chla.muri._AE002296_1-418
5998,5s,tmRNA,tmRNA_Chla.pneu._TRW-83558_1-426
5999,5s,tmRNA,tmRNA_Chla.trac._TRW-272561_1-420
6000,5s,tmRNA,tmRNA_Chla.trac._TRW-813-1_1-420
6001,5s,tmRNA,tmRNA_Chlo.chlo._CP000108_1-401
6002,5s,tmRNA,tmRNA_Clav.mich._TRW-31964_1-376
6003,5s,tmRNA,tmRNA_Clos.acet._AE001437_1-359
6004,5s,tmRNA,tmRNA_Clos.botu._TRW-36826_1-355
6005,5s,tmRNA,tmRNA_Clos.diff._AM180355_1-350
6006,5s,tmRNA,tmRNA_Clos.diff._TRW-367459_1-350
6007,5s,tmRNA,tmRNA_Clos.ther._TRW-203119_1-387
6008,5s,tmRNA,tmRNA_Copr.prot._TRW-351627_1-353
6009,5s,tmRNA,tmRNA_Croc.wats._TRW-165597_1-386
6010,5s,tmRNA,tmRNA_Cyan.mero._AY286123_1-236
6011,5s,tmRNA,tmRNA_Desu.psyc._CR522870_1-366
6012,5s,tmRNA,tmRNA_Dich.nodo._TRW-35819_1-352
6013,5s,tmRNA,tmRNA_Emil.huxl._TRW-280463_1-291
6014,5s,tmRNA,tmRNA_Ente.faec._BD193796_1-367
6015,5s,tmRNA,tmRNA_Ente.faec._TRW-1352_1-367
6016,5s,tmRNA,tmRNA_Erwi.caro._BX950851_1-363
6017,5s,tmRNA,tmRNA_Esch.coli._AE005491_1-363
6018,5s,tmRNA,tmRNA_Esch.coli._AP009048_1-363
6019,5s,tmRNA,tmRNA_Esch.coli._BA000007_1-363
6020,5s,tmRNA,tmRNA_Esch.coli._CP000247_1-363
6021,5s,tmRNA,tmRNA_Esch.coli._D90888_1-363
6022,5s,tmRNA,tmRNA_Esch.coli._U36840_1-363
6023,5s,tmRNA,tmRNA_Exig.sibi._TRW-262543_1-359
6024,5s,tmRNA,tmRNA_Fibr.succ._TRW-59374_1-361
6025,5s,tmRNA,tmRNA_Fran.tula._AM233362_1-421
6026,5s,tmRNA,tmRNA_Fran.tula._AM286280_1-421
6027,5s,tmRNA,tmRNA_Fran.tula._CP000437_1-421
6028,5s,tmRNA,tmRNA_Fuso.nucl._AE010567_1-341
6029,5s,tmRNA,tmRNA_Fuso.nucl._TRW-209882_1-344
6030,5s,tmRNA,tmRNA_Gemm.obsc._TRW-214688_1-412
6031,5s,tmRNA,tmRNA_Geob.meta._CP000148_1-356
6032,5s,tmRNA,tmRNA_Geob.stea._TRW-1422_1-352
6033,5s,tmRNA,tmRNA_Guil.thet._AF041468_1-327
6034,5s,tmRNA,tmRNA_Haem.ducr._AE017143_1-367
6035,5s,tmRNA,tmRNA_Haem.infl._AY599475_1-366
6036,5s,tmRNA,tmRNA_Haem.infl._L42023_1-366
6037,5s,tmRNA,tmRNA_Haem.infl._TRW-262727_1-366
6038,5s,tmRNA,tmRNA_Haem.infl._TRW-262728_1-366
6039,5s,tmRNA,tmRNA_Haem.infl._U32808_1-366
6040,5s,tmRNA,tmRNA_Heli.hepa._AE017125_1-369
6041,5s,tmRNA,tmRNA_Heli.must._DQ250625_1-366
6042,5s,tmRNA,tmRNA_Heli.pylo._AE000511_1-386
6043,5s,tmRNA,tmRNA_Heli.pylo._AE001503_1-383
6044,5s,tmRNA,tmRNA_Heli.pylo._TRW-85962_1-386
6045,5s,tmRNA,tmRNA_Heli.pylo._TRW-85963_1-386
6046,5s,tmRNA,tmRNA_Kleb.pneu._TRW-272620_1-363
6047,5s,tmRNA,tmRNA_Lact.john._TRW-257314_1-367
6048,5s,tmRNA,tmRNA_Lact.lact._AE006373_1-359
6049,5s,tmRNA,tmRNA_Lact.lact._AF176556_1-359
6050,5s,tmRNA,tmRNA_Lact.plan._AL935259_1-372
6051,5s,tmRNA,tmRNA_Leif.xyli._AE016822_1-394
6052,5s,tmRNA,tmRNA_Lept.inte._AE016823_1-350
6053,5s,tmRNA,tmRNA_Lept.spec._TRW-261385_1-359
6054,5s,tmRNA,tmRNA_Lept.spec._TRW-261386_1-359
6055,5s,tmRNA,tmRNA_Leuc.mese._AF375574_1-307
6056,5s,tmRNA,tmRNA_Leuc.mese._CP000414_1-358
6057,5s,tmRNA,tmRNA_Leuc.mese._TRW-1245_1-358
6058,5s,tmRNA,tmRNA_List.gray._AF440336_1-321
6059,5s,tmRNA,tmRNA_List.mono._TRW-1639-1_1-370
6060,5s,tmRNA,tmRNA_List.wels._AF440351_1-321
6061,5s,tmRNA,tmRNA_Mann.haem._TRW-272629_1-367
6062,5s,tmRNA,tmRNA_Mann.succ._AE016827_1-367
6063,5s,tmRNA,tmRNA_Meso.flor._AE017263_1-408
6064,5s,tmRNA,tmRNA_Meth.flag._CP000284_1-361
6065,5s,tmRNA,tmRNA_Moor.ther._CP000232_1-358
6066,5s,tmRNA,tmRNA_Mora.cata._AX067460_1-359
6067,5s,tmRNA,tmRNA_Myco.Bxz1._AY129337_1-437
6068,5s,tmRNA,tmRNA_Myco.afri._TRW-33894_1-368
6069,5s,tmRNA,tmRNA_Myco.aviu._AE016958_1-368
6070,5s,tmRNA,tmRNA_Myco.bovi._TRW-1765_1-368
6071,5s,tmRNA,tmRNA_Myco.capr._D13067_1-411
6072,5s,tmRNA,tmRNA_Myco.hyop._TRW-262719_1-433
6073,5s,tmRNA,tmRNA_Myco.myco._BX842642_1-411
6074,5s,tmRNA,tmRNA_Myco.pulm._AL445565_1-387
6075,5s,tmRNA,tmRNA_Myco.smeg._CP000480_1-369
6076,5s,tmRNA,tmRNA_Myco.tube._TRW-164513_1-368
6077,5s,tmRNA,tmRNA_Myxo.xant._TRW-34_1-366
6078,5s,tmRNA,tmRNA_Neis.gono._TRW-242231_1-363
6079,5s,tmRNA,tmRNA_Neis.meni._TRW-272831_1-363
6080,5s,tmRNA,tmRNA_Nitr.euro._BX321865_1-360
6081,5s,tmRNA,tmRNA_Nitr.mult._CP000103_1-362
6082,5s,tmRNA,tmRNA_Noca.farc._AP006618_1-368
6083,5s,tmRNA,tmRNA_Nost.punc._TRW-63737_1-390
6084,5s,tmRNA,tmRNA_Nost.spec._BA000019_1-390
6085,5s,tmRNA,tmRNA_Odon.sine._TRW-2839_1-371
6086,5s,tmRNA,tmRNA_Oeno.oeni._TRW-203123_1-350
6087,5s,tmRNA,tmRNA_Onio.yell._AP006628_1-423
6088,5s,tmRNA,tmRNA_Para.symb._BX908798_1-405
6089,5s,tmRNA,tmRNA_Pedi.pent._CP000422_1-369
6090,5s,tmRNA,tmRNA_Phot.lumi._BX571870_1-364
6091,5s,tmRNA,tmRNA_Phot.prof._CR378665_1-368
6092,5s,tmRNA,tmRNA_Pola.spec._CP000316_1-387
6093,5s,tmRNA,tmRNA_Porp.ging._TRW-242619_1-407
6094,5s,tmRNA,tmRNA_Porp.purp._TRW-2787_1-323
6095,5s,tmRNA,tmRNA_Prop.acne._AE017283_1-371
6096,5s,tmRNA,tmRNA_Prop.acne._TRW-1747-1_1-371
6097,5s,tmRNA,tmRNA_Pseu.aeru._AE004091_1-353
6098,5s,tmRNA,tmRNA_Pseu.aeru._CP000438_1-353
6099,5s,tmRNA,tmRNA_Pseu.ento._CT573326_1-392
6100,5s,tmRNA,tmRNA_Pseu.fluo._CP000076_1-394
6101,5s,tmRNA,tmRNA_Pseu.fluo._TRW-216595_1-397
6102,5s,tmRNA,tmRNA_Pseu.syri._AE016853_1-388
6103,5s,tmRNA,tmRNA_Rals.sola._AL646052_1-360
6104,5s,tmRNA,tmRNA_Rubr.gela._TRW-279263_1-372
6105,5s,tmRNA,tmRNA_Rubr.xyla._CP000386_1-360
6106,5s,tmRNA,tmRNA_Rumi.albu._TRW-246199_1-354
6107,5s,tmRNA,tmRNA_Sali.rube._CP000159_1-369
6108,5s,tmRNA,tmRNA_Salm.bong._TRW-218493_1-363
6109,5s,tmRNA,tmRNA_Salm.ente._AE014613_1-363
6110,5s,tmRNA,tmRNA_Salm.ente._AE017220_1-363
6111,5s,tmRNA,tmRNA_Salm.ente._TRW-59204_1-363
6112,5s,tmRNA,tmRNA_Salm.typh._AY316313_1-363
6113,5s,tmRNA,tmRNA_Salm.typh._AY319520_1-363
6114,5s,tmRNA,tmRNA_Serr.marc._TRW-273526_1-364
6115,5s,tmRNA,tmRNA_Shew.onei._AX048560_1-355
6116,5s,tmRNA,tmRNA_Shew.putr._TRW-319224_1-356
6117,5s,tmRNA,tmRNA_Shew.spec._CP000444_1-355
6118,5s,tmRNA,tmRNA_Shew.spec._CP000446_1-355
6119,5s,tmRNA,tmRNA_Shew.spec._CP000469_1-355
6120,5s,tmRNA,tmRNA_Shew.spec._TRW-323850_1-356
6121,5s,tmRNA,tmRNA_Shig.dyse._CP000034_1-363
6122,5s,tmRNA,tmRNA_Shig.flex._AE014073_1-363
6123,5s,tmRNA,tmRNA_Shig.sonn._CP000038_1-363
6124,5s,tmRNA,tmRNA_Soda.glos._AP008232_1-384
6125,5s,tmRNA,tmRNA_Stap.aure._AC074317_1-359
6126,5s,tmRNA,tmRNA_Stap.aure._BA000017_1-362
6127,5s,tmRNA,tmRNA_Stap.aure._BX571857_1-362
6128,5s,tmRNA,tmRNA_Stap.aure._TRW-1280_1-362
6129,5s,tmRNA,tmRNA_Stap.epid._TRW-1282-2_1-362
6130,5s,tmRNA,tmRNA_Sten.malt._TRW-40324_1-354
6131,5s,tmRNA,tmRNA_Stre.agal._AE014233_1-350
6132,5s,tmRNA,tmRNA_Stre.aure._AY616521_1-382
6133,5s,tmRNA,tmRNA_Stre.aver._BA000030_1-389
6134,5s,tmRNA,tmRNA_Stre.equi._TRW-1336_1-349
6135,5s,tmRNA,tmRNA_Stre.pneu._AE008453_1-348
6136,5s,tmRNA,tmRNA_Stre.scab._TRW-1883_1-402
6137,5s,tmRNA,tmRNA_Stre.sobr._TRW-246202_1-349
6138,5s,tmRNA,tmRNA_Sulf.azor._TRW-204536_1-351
6139,5s,tmRNA,tmRNA_Syne.spec._D90916_1-396
6140,5s,tmRNA,tmRNA_Synt.acid._CP000252_1-356
6141,5s,tmRNA,tmRNA_Thal.pseu._EF067921_1-344
6142,5s,tmRNA,tmRNA_Thal.weis._AF049491_1-348
6143,5s,tmRNA,tmRNA_Ther.fusc._CP000088_1-372
6144,5s,tmRNA,tmRNA_Ther.mari._TRW-243274-1_1-356
6145,5s,tmRNA,tmRNA_Ther.teng._AE013063_1-351
6146,5s,tmRNA,tmRNA_Trep.dent._AE017226_1-351
6147,5s,tmRNA,tmRNA_Trep.pall._TRW-243276_1-354
6148,5s,tmRNA,tmRNA_Tric.eryt._CP000393_1-398
6149,5s,tmRNA,tmRNA_Trop.whip._BX251411_1-369
6150,5s,tmRNA,tmRNA_Urea.parv._AE002154_1-413
6151,5s,tmRNA,tmRNA_Xant.axon._AE011783_1-397
6152,5s,tmRNA,tmRNA_Xyle.fast._AE003849_1-355
6153,5s,tmRNA,tmRNA_Xyle.fast._AE004078_1-355
6154,5s,tmRNA,tmRNA_Xyle.fast._TRW-155920_1-355
6155,5s,tmRNA,tmRNA_Yers.ente._TRW-34054_1-381
6156,5s,tmRNA,tmRNA_Yers.inte._TRW-349965_1-381
6157,5s,tmRNA,tmRNA_Yers.pest._CP000305_1-364
6158,5s,tmRNA,tmRNA_envi.sequ._TRW-204433_1-356
6159,5s,tmRNA,tmRNA_envi.sequ._TRW-259292_1-355
6160,5s,tmRNA,tmRNA_envi.sequ._TRW-32045-1_1-355
6161,5s,tmRNA,tmRNA_envi.sequ._TRW-32045-2_1-345
6162,5s,tmRNA,tmRNA_uncu.bact._TRW-32033-1_1-354
6163,5s,tmRNA,tmRNA_uncu.bact._TRW-32045-4_1-369
6164,RNaseP,16s,16s_A.fulgidus_domain2
6165,RNaseP,16s,16s_A.fulgidus_domain3
6166,RNaseP,16s,16s_A.fulgidus_domain4
6167,RNaseP,16s,16s_A.pyrophilus_domain2
6168,RNaseP,16s,16s_A.pyrophilus_domain4
6169,RNaseP,16s,16s_B.burgdorferi_domain2
6170,RNaseP,16s,16s_B.burgdorferi_domain3
6171,RNaseP,16s,16s_B.burgdorferi_domain4
6172,RNaseP,16s,16s_B.subtilis_domain2
6173,RNaseP,16s,16s_B.subtilis_domain3
6174,RNaseP,16s,16s_B.subtilis_domain4
6175,RNaseP,16s,16s_C.elegans_domain1
6176,RNaseP,16s,16s_C.elegans_domain2
6177,RNaseP,16s,16s_C.elegans_domain3
6178,RNaseP,16s,16s_C.elegans_domain4
6179,RNaseP,16s,16s_C.psittaci_domain2
6180,RNaseP,16s,16s_C.psittaci_domain3
6181,RNaseP,16s,16s_C.psittaci_domain4
6182,RNaseP,16s,16s_C.reinhardtii.chloro_domain1
6183,RNaseP,16s,16s_C.reinhardtii.chloro_domain2
6184,RNaseP,16s,16s_C.reinhardtii.chloro_domain3
6185,RNaseP,16s,16s_C.reinhardtii.chloro_domain4
6186,RNaseP,16s,16s_C.reinhardtii.mito_domain1
6187,RNaseP,16s,16s_C.reinhardtii.mito_domain2
6188,RNaseP,16s,16s_C.reinhardtii.mito_domain3
6189,RNaseP,16s,16s_C.reinhardtii.mito_domain4
6190,RNaseP,16s,16s_D.melanogaster_domain4
6191,RNaseP,16s,16s_E.coli_domain2
6192,RNaseP,16s,16s_E.coli_domain3
6193,RNaseP,16s,16s_E.coli_domain4
6194,RNaseP,16s,16s_F.ananassa_domain3
6195,RNaseP,16s,16s_F.ananassa_domain4
6196,RNaseP,16s,16s_G.intestinalis_domain1
6197,RNaseP,16s,16s_G.intestinalis_domain2
6198,RNaseP,16s,16s_G.intestinalis_domain3
6199,RNaseP,16s,16s_G.intestinalis_domain4
6200,RNaseP,16s,16s_H.sapiens.mito_domain1
6201,RNaseP,16s,16s_H.sapiens.mito_domain2
6202,RNaseP,16s,16s_H.sapiens.mito_domain3
6203,RNaseP,16s,16s_H.sapiens.mito_domain4
6204,RNaseP,16s,16s_H.sapiens_domain3
6205,RNaseP,16s,16s_H.sapiens_domain4
6206,RNaseP,16s,16s_H.volcanii_domain1
6207,RNaseP,16s,16s_H.volcanii_domain2
6208,RNaseP,16s,16s_H.volcanii_domain3
6209,RNaseP,16s,16s_H.volcanii_domain4
6210,RNaseP,16s,16s_M.polymorpha_domain2
6211,RNaseP,16s,16s_M.polymorpha_domain3
6212,RNaseP,16s,16s_M.polymorpha_domain4
6213,RNaseP,16s,16s_P.occultum_domain2
6214,RNaseP,16s,16s_P.occultum_domain3
6215,RNaseP,16s,16s_P.occultum_domain4
6216,RNaseP,16s,16s_P.staleyi_domain2
6217,RNaseP,16s,16s_P.staleyi_domain3
6218,RNaseP,16s,16s_P.staleyi_domain4
6219,RNaseP,16s,16s_S.cerevisiae_domain3
6220,RNaseP,16s,16s_S.cerevisiae_domain4
6221,RNaseP,16s,16s_T.gondii_domain3
6222,RNaseP,16s,16s_T.gondii_domain4
6223,RNaseP,16s,16s_T.maritima_domain2
6224,RNaseP,16s,16s_T.maritima_domain3
6225,RNaseP,16s,16s_T.maritima_domain4
6226,RNaseP,16s,16s_Z.mays_domain1
6227,RNaseP,16s,16s_Z.mays_domain2
6228,RNaseP,16s,16s_Z.mays_domain3
6229,RNaseP,16s,16s_Z.mays_domain4
6230,RNaseP,16s,16s_A.fulgidus_domain2
6231,RNaseP,16s,16s_A.fulgidus_domain3
6232,RNaseP,16s,16s_A.fulgidus_domain4
6233,RNaseP,16s,16s_A.pyrophilus_domain2
6234,RNaseP,16s,16s_A.pyrophilus_domain4
6235,RNaseP,16s,16s_B.burgdorferi_domain2
6236,RNaseP,16s,16s_B.burgdorferi_domain3
6237,RNaseP,16s,16s_B.burgdorferi_domain4
6238,RNaseP,16s,16s_B.subtilis_domain2
6239,RNaseP,16s,16s_B.subtilis_domain3
6240,RNaseP,16s,16s_B.subtilis_domain4
6241,RNaseP,16s,16s_C.elegans_domain1
6242,RNaseP,16s,16s_C.elegans_domain2
6243,RNaseP,16s,16s_C.elegans_domain3
6244,RNaseP,16s,16s_C.elegans_domain4
6245,RNaseP,16s,16s_C.psittaci_domain2
6246,RNaseP,16s,16s_C.psittaci_domain3
6247,RNaseP,16s,16s_C.psittaci_domain4
6248,RNaseP,16s,16s_C.reinhardtii.chloro_domain1
6249,RNaseP,16s,16s_C.reinhardtii.chloro_domain2
6250,RNaseP,16s,16s_C.reinhardtii.chloro_domain3
6251,RNaseP,16s,16s_C.reinhardtii.chloro_domain4
6252,RNaseP,16s,16s_C.reinhardtii.mito_domain1
6253,RNaseP,16s,16s_C.reinhardtii.mito_domain2
6254,RNaseP,16s,16s_C.reinhardtii.mito_domain3
6255,RNaseP,16s,16s_C.reinhardtii.mito_domain4
6256,RNaseP,16s,16s_D.melanogaster_domain4
6257,RNaseP,16s,16s_E.coli_domain2
6258,RNaseP,16s,16s_E.coli_domain3
6259,RNaseP,16s,16s_E.coli_domain4
6260,RNaseP,16s,16s_F.ananassa_domain3
6261,RNaseP,16s,16s_F.ananassa_domain4
6262,RNaseP,16s,16s_G.intestinalis_domain1
6263,RNaseP,16s,16s_G.intestinalis_domain2
6264,RNaseP,16s,16s_G.intestinalis_domain3
6265,RNaseP,16s,16s_G.intestinalis_domain4
6266,RNaseP,16s,16s_H.sapiens.mito_domain1
6267,RNaseP,16s,16s_H.sapiens.mito_domain2
6268,RNaseP,16s,16s_H.sapiens.mito_domain3
6269,RNaseP,16s,16s_H.sapiens.mito_domain4
6270,RNaseP,16s,16s_H.sapiens_domain3
6271,RNaseP,16s,16s_H.sapiens_domain4
6272,RNaseP,16s,16s_H.volcanii_domain1
6273,RNaseP,16s,16s_H.volcanii_domain2
6274,RNaseP,16s,16s_H.volcanii_domain3
6275,RNaseP,16s,16s_H.volcanii_domain4
6276,RNaseP,16s,16s_M.polymorpha_domain2
6277,RNaseP,16s,16s_M.polymorpha_domain3
6278,RNaseP,16s,16s_M.polymorpha_domain4
6279,RNaseP,16s,16s_P.occultum_domain2
6280,RNaseP,16s,16s_P.occultum_domain3
6281,RNaseP,16s,16s_P.occultum_domain4
6282,RNaseP,16s,16s_P.staleyi_domain2
6283,RNaseP,16s,16s_P.staleyi_domain3
6284,RNaseP,16s,16s_P.staleyi_domain4
6285,RNaseP,16s,16s_S.cerevisiae_domain3
6286,RNaseP,16s,16s_S.cerevisiae_domain4
6287,RNaseP,16s,16s_T.gondii_domain3
6288,RNaseP,16s,16s_T.gondii_domain4
6289,RNaseP,16s,16s_T.maritima_domain2
6290,RNaseP,16s,16s_T.maritima_domain3
6291,RNaseP,16s,16s_T.maritima_domain4
6292,RNaseP,16s,16s_Z.mays_domain1
6293,RNaseP,16s,16s_Z.mays_domain2
6294,RNaseP,16s,16s_Z.mays_domain3
6295,RNaseP,16s,16s_Z.mays_domain4
6296,RNaseP,16s,16s_A.fulgidus_domain2
6297,RNaseP,16s,16s_A.fulgidus_domain3
6298,RNaseP,16s,16s_A.fulgidus_domain4
6299,RNaseP,16s,16s_A.pyrophilus_domain2
6300,RNaseP,16s,16s_A.pyrophilus_domain4
6301,RNaseP,16s,16s_B.burgdorferi_domain2
6302,RNaseP,16s,16s_B.burgdorferi_domain3
6303,RNaseP,16s,16s_B.burgdorferi_domain4
6304,RNaseP,16s,16s_B.subtilis_domain2
6305,RNaseP,16s,16s_B.subtilis_domain3
6306,RNaseP,16s,16s_B.subtilis_domain4
6307,RNaseP,16s,16s_C.elegans_domain1
6308,RNaseP,16s,16s_C.elegans_domain2
6309,RNaseP,16s,16s_C.elegans_domain3
6310,RNaseP,16s,16s_C.elegans_domain4
6311,RNaseP,16s,16s_C.psittaci_domain2
6312,RNaseP,16s,16s_C.psittaci_domain3
6313,RNaseP,16s,16s_C.psittaci_domain4
6314,RNaseP,16s,16s_C.reinhardtii.chloro_domain1
6315,RNaseP,16s,16s_C.reinhardtii.chloro_domain2
6316,RNaseP,16s,16s_C.reinhardtii.chloro_domain3
6317,RNaseP,16s,16s_C.reinhardtii.chloro_domain4
6318,RNaseP,16s,16s_C.reinhardtii.mito_domain1
6319,RNaseP,16s,16s_C.reinhardtii.mito_domain2
6320,RNaseP,16s,16s_C.reinhardtii.mito_domain3
6321,RNaseP,16s,16s_C.reinhardtii.mito_domain4
6322,RNaseP,16s,16s_D.melanogaster_domain4
6323,RNaseP,16s,16s_E.coli_domain2
6324,RNaseP,16s,16s_E.coli_domain3
6325,RNaseP,16s,16s_E.coli_domain4
6326,RNaseP,16s,16s_F.ananassa_domain3
6327,RNaseP,16s,16s_F.ananassa_domain4
6328,RNaseP,16s,16s_G.intestinalis_domain1
6329,RNaseP,16s,16s_G.intestinalis_domain2
6330,RNaseP,16s,16s_G.intestinalis_domain3
6331,RNaseP,16s,16s_G.intestinalis_domain4
6332,RNaseP,16s,16s_H.sapiens.mito_domain1
6333,RNaseP,16s,16s_H.sapiens.mito_domain2
6334,RNaseP,16s,16s_H.sapiens.mito_domain3
6335,RNaseP,16s,16s_H.sapiens.mito_domain4
6336,RNaseP,16s,16s_H.sapiens_domain3
6337,RNaseP,16s,16s_H.sapiens_domain4
6338,RNaseP,16s,16s_H.volcanii_domain1
6339,RNaseP,16s,16s_H.volcanii_domain2
6340,RNaseP,16s,16s_H.volcanii_domain3
6341,RNaseP,16s,16s_H.volcanii_domain4
6342,RNaseP,16s,16s_M.polymorpha_domain2
6343,RNaseP,16s,16s_M.polymorpha_domain3
6344,RNaseP,16s,16s_M.polymorpha_domain4
6345,RNaseP,16s,16s_P.occultum_domain2
6346,RNaseP,16s,16s_P.occultum_domain3
6347,RNaseP,16s,16s_P.occultum_domain4
6348,RNaseP,16s,16s_P.staleyi_domain2
6349,RNaseP,16s,16s_P.staleyi_domain3
6350,RNaseP,16s,16s_P.staleyi_domain4
6351,RNaseP,16s,16s_S.cerevisiae_domain3
6352,RNaseP,16s,16s_S.cerevisiae_domain4
6353,RNaseP,16s,16s_T.gondii_domain3
6354,RNaseP,16s,16s_T.gondii_domain4
6355,RNaseP,16s,16s_T.maritima_domain2
6356,RNaseP,16s,16s_T.maritima_domain3
6357,RNaseP,16s,16s_T.maritima_domain4
6358,RNaseP,16s,16s_Z.mays_domain1
6359,RNaseP,16s,16s_Z.mays_domain2
6360,RNaseP,16s,16s_Z.mays_domain3
6361,RNaseP,16s,16s_Z.mays_domain4
6362,RNaseP,16s,16s_A.fulgidus_domain2
6363,RNaseP,16s,16s_A.fulgidus_domain3
6364,RNaseP,23s,23s_B.subtilis_domain3
6365,RNaseP,23s,23s_B.subtilis_domain4
6366,RNaseP,23s,23s_B.subtilis_domain6
6367,RNaseP,23s,23s_E.coli_domain3
6368,RNaseP,23s,23s_E.coli_domain4
6369,RNaseP,23s,23s_E.coli_domain6
6370,RNaseP,23s,23s_H.pylori_domain3
6371,RNaseP,23s,23s_H.pylori_domain4
6372,RNaseP,23s,23s_H.pylori_domain6
6373,RNaseP,23s,23s_S.aureus_domain3
6374,RNaseP,23s,23s_S.aureus_domain4
6375,RNaseP,23s,23s_S.aureus_domain6
6376,RNaseP,23s,23s_T.thermophilus_domain3
6377,RNaseP,23s,23s_T.thermophilus_domain4
6378,RNaseP,23s,23s_T.thermophilus_domain6
6379,RNaseP,23s,23s_B.subtilis_domain3
6380,RNaseP,23s,23s_B.subtilis_domain4
6381,RNaseP,23s,23s_B.subtilis_domain6
6382,RNaseP,23s,23s_E.coli_domain3
6383,RNaseP,23s,23s_E.coli_domain4
6384,RNaseP,23s,23s_E.coli_domain6
6385,RNaseP,23s,23s_H.pylori_domain3
6386,RNaseP,23s,23s_H.pylori_domain4
6387,RNaseP,23s,23s_H.pylori_domain6
6388,RNaseP,23s,23s_S.aureus_domain3
6389,RNaseP,23s,23s_S.aureus_domain4
6390,RNaseP,23s,23s_S.aureus_domain6
6391,RNaseP,23s,23s_T.thermophilus_domain3
6392,RNaseP,23s,23s_T.thermophilus_domain4
6393,RNaseP,23s,23s_T.thermophilus_domain6
6394,RNaseP,23s,23s_B.subtilis_domain3
6395,RNaseP,23s,23s_B.subtilis_domain4
6396,RNaseP,23s,23s_B.subtilis_domain6
6397,RNaseP,23s,23s_E.coli_domain3
6398,RNaseP,23s,23s_E.coli_domain4
6399,RNaseP,23s,23s_E.coli_domain6
6400,RNaseP,23s,23s_H.pylori_domain3
6401,RNaseP,23s,23s_H.pylori_domain4
6402,RNaseP,23s,23s_H.pylori_domain6
6403,RNaseP,23s,23s_S.aureus_domain3
6404,RNaseP,23s,23s_S.aureus_domain4
6405,RNaseP,23s,23s_S.aureus_domain6
6406,RNaseP,23s,23s_T.thermophilus_domain3
6407,RNaseP,23s,23s_T.thermophilus_domain4
6408,RNaseP,23s,23s_T.thermophilus_domain6
6409,RNaseP,23s,23s_B.subtilis_domain3
6410,RNaseP,23s,23s_B.subtilis_domain4
6411,RNaseP,23s,23s_B.subtilis_domain6
6412,RNaseP,23s,23s_E.coli_domain3
6413,RNaseP,23s,23s_E.coli_domain4
6414,RNaseP,23s,23s_E.coli_domain6
6415,RNaseP,23s,23s_H.pylori_domain3
6416,RNaseP,23s,23s_H.pylori_domain4
6417,RNaseP,23s,23s_H.pylori_domain6
6418,RNaseP,23s,23s_S.aureus_domain3
6419,RNaseP,23s,23s_S.aureus_domain4
6420,RNaseP,23s,23s_S.aureus_domain6
6421,RNaseP,23s,23s_T.thermophilus_domain3
6422,RNaseP,23s,23s_T.thermophilus_domain4
6423,RNaseP,23s,23s_T.thermophilus_domain6
6424,RNaseP,23s,23s_B.subtilis_domain3
6425,RNaseP,23s,23s_B.subtilis_domain4
6426,RNaseP,23s,23s_B.subtilis_domain6
6427,RNaseP,23s,23s_E.coli_domain3
6428,RNaseP,23s,23s_E.coli_domain4
6429,RNaseP,23s,23s_E.coli_domain6
6430,RNaseP,23s,23s_H.pylori_domain3
6431,RNaseP,23s,23s_H.pylori_domain4
6432,RNaseP,23s,23s_H.pylori_domain6
6433,RNaseP,23s,23s_S.aureus_domain3
6434,RNaseP,23s,23s_S.aureus_domain4
6435,RNaseP,23s,23s_S.aureus_domain6
6436,RNaseP,23s,23s_T.thermophilus_domain3
6437,RNaseP,23s,23s_T.thermophilus_domain4
6438,RNaseP,23s,23s_T.thermophilus_domain6
6439,RNaseP,23s,23s_B.subtilis_domain3
6440,RNaseP,23s,23s_B.subtilis_domain4
6441,RNaseP,23s,23s_B.subtilis_domain6
6442,RNaseP,23s,23s_E.coli_domain3
6443,RNaseP,23s,23s_E.coli_domain4
6444,RNaseP,23s,23s_E.coli_domain6
6445,RNaseP,23s,23s_H.pylori_domain3
6446,RNaseP,23s,23s_H.pylori_domain4
6447,RNaseP,23s,23s_H.pylori_domain6
6448,RNaseP,23s,23s_S.aureus_domain3
6449,RNaseP,23s,23s_S.aureus_domain4
6450,RNaseP,23s,23s_S.aureus_domain6
6451,RNaseP,23s,23s_T.thermophilus_domain3
6452,RNaseP,23s,23s_T.thermophilus_domain4
6453,RNaseP,23s,23s_T.thermophilus_domain6
6454,RNaseP,23s,23s_B.subtilis_domain3
6455,RNaseP,23s,23s_B.subtilis_domain4
6456,RNaseP,23s,23s_B.subtilis_domain6
6457,RNaseP,23s,23s_E.coli_domain3
6458,RNaseP,23s,23s_E.coli_domain4
6459,RNaseP,23s,23s_E.coli_domain6
6460,RNaseP,23s,23s_H.pylori_domain3
6461,RNaseP,23s,23s_H.pylori_domain4
6462,RNaseP,23s,23s_H.pylori_domain6
6463,RNaseP,23s,23s_S.aureus_domain3
6464,RNaseP,23s,23s_S.aureus_domain4
6465,RNaseP,23s,23s_S.aureus_domain6
6466,RNaseP,23s,23s_T.thermophilus_domain3
6467,RNaseP,23s,23s_T.thermophilus_domain4
6468,RNaseP,23s,23s_T.thermophilus_domain6
6469,RNaseP,23s,23s_B.subtilis_domain3
6470,RNaseP,23s,23s_B.subtilis_domain4
6471,RNaseP,23s,23s_B.subtilis_domain6
6472,RNaseP,23s,23s_E.coli_domain3
6473,RNaseP,23s,23s_E.coli_domain4
6474,RNaseP,23s,23s_E.coli_domain6
6475,RNaseP,23s,23s_H.pylori_domain3
6476,RNaseP,23s,23s_H.pylori_domain4
6477,RNaseP,23s,23s_H.pylori_domain6
6478,RNaseP,23s,23s_S.aureus_domain3
6479,RNaseP,23s,23s_S.aureus_domain4
6480,RNaseP,23s,23s_S.aureus_domain6
6481,RNaseP,23s,23s_T.thermophilus_domain3
6482,RNaseP,23s,23s_T.thermophilus_domain4
6483,RNaseP,23s,23s_T.thermophilus_domain6
6484,RNaseP,23s,23s_B.subtilis_domain3
6485,RNaseP,23s,23s_B.subtilis_domain4
6486,RNaseP,23s,23s_B.subtilis_domain6
6487,RNaseP,23s,23s_E.coli_domain3
6488,RNaseP,23s,23s_E.coli_domain4
6489,RNaseP,23s,23s_E.coli_domain6
6490,RNaseP,23s,23s_H.pylori_domain3
6491,RNaseP,23s,23s_H.pylori_domain4
6492,RNaseP,23s,23s_H.pylori_domain6
6493,RNaseP,23s,23s_S.aureus_domain3
6494,RNaseP,23s,23s_S.aureus_domain4
6495,RNaseP,23s,23s_S.aureus_domain6
6496,RNaseP,23s,23s_T.thermophilus_domain3
6497,RNaseP,23s,23s_T.thermophilus_domain4
6498,RNaseP,23s,23s_T.thermophilus_domain6
6499,RNaseP,23s,23s_B.subtilis_domain3
6500,RNaseP,23s,23s_B.subtilis_domain4
6501,RNaseP,23s,23s_B.subtilis_domain6
6502,RNaseP,23s,23s_E.coli_domain3
6503,RNaseP,23s,23s_E.coli_domain4
6504,RNaseP,23s,23s_E.coli_domain6
6505,RNaseP,23s,23s_H.pylori_domain3
6506,RNaseP,23s,23s_H.pylori_domain4
6507,RNaseP,23s,23s_H.pylori_domain6
6508,RNaseP,23s,23s_S.aureus_domain3
6509,RNaseP,23s,23s_S.aureus_domain4
6510,RNaseP,23s,23s_S.aureus_domain6
6511,RNaseP,23s,23s_T.thermophilus_domain3
6512,RNaseP,23s,23s_T.thermophilus_domain4
6513,RNaseP,23s,23s_T.thermophilus_domain6
6514,RNaseP,23s,23s_B.subtilis_domain3
6515,RNaseP,23s,23s_B.subtilis_domain4
6516,RNaseP,23s,23s_B.subtilis_domain6
6517,RNaseP,23s,23s_E.coli_domain3
6518,RNaseP,23s,23s_E.coli_domain4
6519,RNaseP,23s,23s_E.coli_domain6
6520,RNaseP,23s,23s_H.pylori_domain3
6521,RNaseP,23s,23s_H.pylori_domain4
6522,RNaseP,23s,23s_H.pylori_domain6
6523,RNaseP,23s,23s_S.aureus_domain3
6524,RNaseP,23s,23s_S.aureus_domain4
6525,RNaseP,23s,23s_S.aureus_domain6
6526,RNaseP,23s,23s_T.thermophilus_domain3
6527,RNaseP,23s,23s_T.thermophilus_domain4
6528,RNaseP,23s,23s_T.thermophilus_domain6
6529,RNaseP,23s,23s_B.subtilis_domain3
6530,RNaseP,23s,23s_B.subtilis_domain4
6531,RNaseP,23s,23s_B.subtilis_domain6
6532,RNaseP,23s,23s_E.coli_domain3
6533,RNaseP,23s,23s_E.coli_domain4
6534,RNaseP,23s,23s_E.coli_domain6
6535,RNaseP,23s,23s_H.pylori_domain3
6536,RNaseP,23s,23s_H.pylori_domain4
6537,RNaseP,23s,23s_H.pylori_domain6
6538,RNaseP,23s,23s_S.aureus_domain3
6539,RNaseP,23s,23s_S.aureus_domain4
6540,RNaseP,23s,23s_S.aureus_domain6
6541,RNaseP,23s,23s_T.thermophilus_domain3
6542,RNaseP,23s,23s_T.thermophilus_domain4
6543,RNaseP,23s,23s_T.thermophilus_domain6
6544,RNaseP,23s,23s_B.subtilis_domain3
6545,RNaseP,23s,23s_B.subtilis_domain4
6546,RNaseP,23s,23s_B.subtilis_domain6
6547,RNaseP,23s,23s_E.coli_domain3
6548,RNaseP,23s,23s_E.coli_domain4
6549,RNaseP,23s,23s_E.coli_domain6
6550,RNaseP,23s,23s_H.pylori_domain3
6551,RNaseP,23s,23s_H.pylori_domain4
6552,RNaseP,23s,23s_H.pylori_domain6
6553,RNaseP,23s,23s_S.aureus_domain3
6554,RNaseP,23s,23s_S.aureus_domain4
6555,RNaseP,23s,23s_S.aureus_domain6
6556,RNaseP,23s,23s_T.thermophilus_domain3
6557,RNaseP,23s,23s_T.thermophilus_domain4
6558,RNaseP,23s,23s_T.thermophilus_domain6
6559,RNaseP,23s,23s_B.subtilis_domain3
6560,RNaseP,23s,23s_B.subtilis_domain4
6561,RNaseP,23s,23s_B.subtilis_domain6
6562,RNaseP,23s,23s_E.coli_domain3
6563,RNaseP,23s,23s_E.coli_domain4
6564,RNaseP,5s,5s_Acanthamoeba-castellanii-2
6565,RNaseP,5s,5s_Acholeplasma-laidlawii-2
6566,RNaseP,5s,5s_Achromobacter-xylosoxidans-1
6567,RNaseP,5s,5s_Acidiphilium-acidophilum-1
6568,RNaseP,5s,5s_Acinetobacter-sp.-1
6569,RNaseP,5s,5s_Acinetospora-crinita-1
6570,RNaseP,5s,5s_Acremonium-chrysogenum-1
6571,RNaseP,5s,5s_Agaricus-edulis-1
6572,RNaseP,5s,5s_Agrobacterium-tumefaciens-6
6573,RNaseP,5s,5s_Akkesiphycus-lubricum-1
6574,RNaseP,5s,5s_Amycolatopsis-lactamdurans-1
6575,RNaseP,5s,5s_Ancylobacter-aquaticus-1
6576,RNaseP,5s,5s_Andrias-japonicus-1
6577,RNaseP,5s,5s_Antheraea-pernyi-1
6578,RNaseP,5s,5s_Aquifex-aeolicus-1
6579,RNaseP,5s,5s_Archaeoglobus-fulgidus-1
6580,RNaseP,5s,5s_Artemia-sp.-4
6581,RNaseP,5s,5s_Arthrobacter-polychromogenes-1
6582,RNaseP,5s,5s_Asellus-aquaticus-2
6583,RNaseP,5s,5s_Asterina-pectinifera-1
6584,RNaseP,5s,5s_Auricularia-auricula-judae-1
6585,RNaseP,5s,5s_Azotobacter-vinelandii-1
6586,RNaseP,5s,5s_Bacillus-anthracis-10
6587,RNaseP,5s,5s_Bacillus-anthracis-6
6588,RNaseP,5s,5s_Bacillus-clausii-1
6589,RNaseP,5s,5s_Bacillus-firmus-1
6590,RNaseP,5s,5s_Bacillus-halodurans-4
6591,RNaseP,5s,5s_Bacillus-thuringiensis-1
6592,RNaseP,5s,5s_Bacteroides-fragilis-3
6593,RNaseP,5s,5s_Bacteroides-fragilis-4
6594,RNaseP,5s,5s_Bacteroides-fragilis-6
6595,RNaseP,5s,5s_Bartonella-henselae-1
6596,RNaseP,5s,5s_Bifidobacterium-longum-1
6597,RNaseP,5s,5s_Bifidobacterium-longum-3
6598,RNaseP,5s,5s_Blakeslea-trispora-1
6599,RNaseP,5s,5s_Blastocladiella-simplex-1
6600,RNaseP,5s,5s_Blepharisma-japonicum-1
6601,RNaseP,5s,5s_Bombyx-mori-1
6602,RNaseP,5s,5s_Bombyx-mori-2
6603,RNaseP,5s,5s_Brachionus-plicatilis-1
6604,RNaseP,5s,5s_Brevibacillus-brevis-1
6605,RNaseP,5s,5s_Brevibacterium-helvolum-1
6606,RNaseP,5s,5s_C_paradoxE
6607,RNaseP,5s,5s_Caenorhabditis-briggsae-1
6608,RNaseP,5s,5s_Caenorhabditis-elegans-3
6609,RNaseP,5s,5s_Campylobacter-jejuni-3
6610,RNaseP,5s,5s_Cancer-pagurus-1
6611,RNaseP,5s,5s_Candidatus-Tremblaya-princeps-1
6612,RNaseP,5s,5s_Caulobacter-sp.-5
6613,RNaseP,5s,5s_Caulobacter-sp.-6
6614,RNaseP,5s,5s_Cellulomonas-biazotea-1
6615,RNaseP,5s,5s_Chlamydophila-abortus-1
6616,RNaseP,5s,5s_Clostridium-acetobutylicum-5
6617,RNaseP,5s,5s_Coprinopsis-cinerea-1
6618,RNaseP,5s,5s_Corynebacterium-glutamicum-1
6619,RNaseP,5s,5s_Corynebacterium-glutamicum-2
6620,RNaseP,5s,5s_Cryptococcus-humicola-1
6621,RNaseP,5s,5s_Cryptomonas-paramecium-1
6622,RNaseP,5s,5s_Cyclidiopsis-acus-1
6623,RNaseP,5s,5s_Cystobacter-fuscus-1
6624,RNaseP,5s,5s_Delftia-acidovorans-1
6625,RNaseP,5s,5s_Dipsacomyces-acuminosporus-1
6626,RNaseP,5s,5s_Dirofilaria-immitis-1
6627,RNaseP,5s,5s_Drosophila-teissieri-1
6628,RNaseP,5s,5s_Dugesia-japonica-1
6629,RNaseP,5s,5s_Dugesia-japonica-2
6630,RNaseP,5s,5s_E_glandulE
6631,RNaseP,5s,5s_Eimeria-tenella-1
6632,RNaseP,5s,5s_Eisenia-bicyclis-1
6633,RNaseP,5s,5s_Emericella-nidulans-3
6634,RNaseP,5s,5s_Emericella-nidulans-7
6635,RNaseP,5s,5s_Emericella-nidulans-8
6636,RNaseP,5s,5s_Empedobacter-brevis-1
6637,RNaseP,5s,5s_Escherichia-coli-11
6638,RNaseP,5s,5s_Escherichia-coli-14
6639,RNaseP,5s,5s_Escherichia-coli-3
6640,RNaseP,5s,5s_Escherichia-coli-6
6641,RNaseP,5s,5s_Exidia-glandulosa-1
6642,RNaseP,5s,5s_Filobasidiella-depauperata-1
6643,RNaseP,5s,5s_Filobasidium-capsuligenum-1
6644,RNaseP,5s,5s_Fusarium-asiaticum-7
6645,RNaseP,5s,5s_Fusarium-lunulosporum-3
6646,RNaseP,5s,5s_Fusarium-lunulosporum-5
6647,RNaseP,5s,5s_Fusarium-pseudograminearum-1
6648,RNaseP,5s,5s_Fusarium-pseudograminearum-6
6649,RNaseP,5s,5s_Fusarium-sporotrichioides-1
6650,RNaseP,5s,5s_Fusobacterium-nucleatum-2
6651,RNaseP,5s,5s_Fusobacterium-nucleatum-4
6652,RNaseP,5s,5s_Gallus-gallus-1
6653,RNaseP,5s,5s_Gelidium-amansii-1
6654,RNaseP,5s,5s_Gelidium-amansii-2
6655,RNaseP,5s,5s_Geobacillus-stearothermophilus-2
6656,RNaseP,5s,5s_Ginkgo-biloba-1
6657,RNaseP,5s,5s_Grimontia-hollisae-1
6658,RNaseP,5s,5s_Haloarcula-marismortui-2
6659,RNaseP,5s,5s_Halococcus-morrhuae-2
6660,RNaseP,5s,5s_Haloferax-volcanii-2
6661,RNaseP,5s,5s_Halorubrum-distributum-4
6662,RNaseP,5s,5s_Helicobacter-pylori-3
6663,RNaseP,5s,5s_Hyphomicrobium-sp.-3
6664,RNaseP,5s,5s_Hyphomicrobium-sp.-5
6665,RNaseP,5s,5s_Hyphomonas-oligotropha-1
6666,RNaseP,5s,5s_Idiomarina-loihiensis-1
6667,RNaseP,5s,5s_Illex-illecebrosus-1
6668,RNaseP,5s,5s_Juniperus-media-1
6669,RNaseP,5s,5s_Kluyveromyces-delphensis-1
6670,RNaseP,5s,5s_Kondoa-malvinella-1
6671,RNaseP,5s,5s_Kutzneria-viridogrisea-1
6672,RNaseP,5s,5s_Lentinula-edodes-2
6673,RNaseP,5s,5s_Locusta-migratoria-1
6674,RNaseP,5s,5s_Microbacterium-testaceum-1
6675,RNaseP,5s,5s_Microtetraspora-glauca-1
6676,RNaseP,5s,5s_Mycobacterium-tuberculosis-3
6677,RNaseP,5s,5s_Mycoplasma-gallisepticum-1
6678,RNaseP,5s,5s_Mycoplasma-genitalium-1
6679,RNaseP,5s,5s_Mycoplasma-penetrans-1
6680,RNaseP,5s,5s_Mycoplasma-pneumoniae-1
6681,RNaseP,5s,5s_Myxococcus-coralloides-1
6682,RNaseP,5s,5s_Neurospora-crassa-12
6683,RNaseP,5s,5s_Neurospora-crassa-15
6684,RNaseP,5s,5s_Neurospora-crassa-2
6685,RNaseP,5s,5s_Nitrobacter-winogradskyi-1
6686,RNaseP,5s,5s_Notophthalmus-viridescens-1
6687,RNaseP,5s,5s_Oerskovia-turbata-1
6688,RNaseP,5s,5s_Paenibacillus-popilliae-1
6689,RNaseP,5s,5s_Paracentrotus-lividus-2
6690,RNaseP,5s,5s_Parachlamydia-sp.-1
6691,RNaseP,5s,5s_Paramecium-tetraurelia-1
6692,RNaseP,5s,5s_Photobacterium-profundum-3
6693,RNaseP,5s,5s_Pichia-jadinii-2
6694,RNaseP,5s,5s_Pinus-contorta-1
6695,RNaseP,5s,5s_Pirellula-sp.-1
6696,RNaseP,5s,5s_Pirellula-sp.-2
6697,RNaseP,5s,5s_Plasmodium-falciparum-1
6698,RNaseP,5s,5s_Pneumocystis-carinii-1
6699,RNaseP,5s,5s_Prasinocladus-sp.-1
6700,RNaseP,5s,5s_Propionibacterium-acnes-1
6701,RNaseP,5s,5s_Pseudomonas-aeruginosa-1
6702,RNaseP,5s,5s_Pseudomonas-aeruginosa-2
6703,RNaseP,5s,5s_Pseudomonas-fluorescens-2
6704,RNaseP,5s,5s_Pseudomonas-fluorescens-4
6705,RNaseP,5s,5s_Pseudomonas-stutzeri-2
6706,RNaseP,5s,5s_Puccinia-poarum-1
6707,RNaseP,5s,5s_Puccinia-suaveolens-1
6708,RNaseP,5s,5s_Pyrococcus-horikoshii-1
6709,RNaseP,5s,5s_Pyrococcus-woesei-1
6710,RNaseP,5s,5s_Pythium-torulosum-1
6711,RNaseP,5s,5s_Ralstonia-solanacearum-1
6712,RNaseP,5s,5s_Ralstonia-solanacearum-2
6713,RNaseP,5s,5s_Rhodobacter-sphaeroides-2
6714,RNaseP,5s,5s_Rhodococcus-erythropolis-2
6715,RNaseP,5s,5s_Rhodopseudomonas-palustris-2
6716,RNaseP,5s,5s_Roseococcus-thiosulfatophilus-1
6717,RNaseP,5s,5s_Roseococcus-thiosulfatophilus-2
6718,RNaseP,5s,5s_Rumex-acetosa-1
6719,RNaseP,5s,5s_Sabellastarte-japonica-1
6720,RNaseP,5s,5s_Saccharothrix-mutabilis-1
6721,RNaseP,5s,5s_Salmonella-typhi-1
6722,RNaseP,5s,5s_Saprolegnia-ferax-1
6723,RNaseP,5s,5s_Schizosaccharomyces-pombe-1
6724,RNaseP,5s,5s_Shewanella-oneidensis-1
6725,RNaseP,5s,5s_Spirobolus-sp-1
6726,RNaseP,5s,5s_Sporolactobacillus-nakayamae-1
6727,RNaseP,5s,5s_Staphylococcus-aureus-1
6728,RNaseP,5s,5s_Streptococcus-mutans-2
6729,RNaseP,5s,5s_Streptococcus-pyogenes-2
6730,RNaseP,5s,5s_Streptococcus-salivarius-1
6731,RNaseP,5s,5s_Streptomyces-avermitilis-4
6732,RNaseP,5s,5s_Streptomyces-coelicolor-1
6733,RNaseP,5s,5s_Streptomyces-lividans-1
6734,RNaseP,5s,5s_Streptomyces-rimosus-2
6735,RNaseP,5s,5s_Streptomyces-roseoverticillatus-1
6736,RNaseP,5s,5s_Streptomyces-violaceus-1
6737,RNaseP,5s,5s_T_cruziE
6738,RNaseP,5s,5s_Taxus-baccata-1
6739,RNaseP,5s,5s_Thermoactinomyces-vulgaris-1
6740,RNaseP,5s,5s_Thermomyces-lanuginosus-1
6741,RNaseP,5s,5s_Thermotoga-sp.-1
6742,RNaseP,5s,5s_Thermus-sp.-2
6743,RNaseP,5s,5s_Thermus-thermophilus-2
6744,RNaseP,5s,5s_Thiomonas-cuprina-1
6745,RNaseP,5s,5s_Thiothrix-nivea-1
6746,RNaseP,5s,5s_Thraustochytrium-visurgense-2
6747,RNaseP,5s,5s_Tremella-mesenterica-2
6748,RNaseP,5s,5s_Trimorphomyces-papilionaceus-1
6749,RNaseP,5s,5s_Ureaplasma-parvum-1
6750,RNaseP,5s,5s_Urechis-unicinctus-1
6751,RNaseP,5s,5s_Ustilago-maydis-1
6752,RNaseP,5s,5s_Ustilentyloma-fluitans-1
6753,RNaseP,5s,5s_Vibrio-cyclosites-1
6754,RNaseP,5s,5s_Vibrio-fluvialis-1
6755,RNaseP,5s,5s_Vibrio-harveyi-1
6756,RNaseP,5s,5s_Vibrio-nereis-1
6757,RNaseP,5s,5s_Vibrio-parahaemolyticus-3
6758,RNaseP,5s,5s_Vibrio-vulnificus-4
6759,RNaseP,5s,5s_Vitreoscilla-filiformis-1
6760,RNaseP,5s,5s_Vitreoscilla-stercoraria-1
6761,RNaseP,5s,5s_Xanthobacter-viscosus-1
6762,RNaseP,5s,5s_Yersinia-pestis-1
6763,RNaseP,5s,5s_uncultured-euryarchaeote-37F11-1
6764,RNaseP,RNaseP,RNaseP_A.ambivalens
6765,RNaseP,RNaseP,RNaseP_A.brierleyi
6766,RNaseP,RNaseP,RNaseP_A.chroococcum
6767,RNaseP,RNaseP,RNaseP_A.erythreum
6768,RNaseP,RNaseP,RNaseP_A.eutrophus
6769,RNaseP,RNaseP,RNaseP_A.fastidiosum
6770,RNaseP,RNaseP,RNaseP_A.ferrooxidans
6771,RNaseP,RNaseP,RNaseP_A.ferrooxidans-g
6772,RNaseP,RNaseP,RNaseP_A.fulgidus
6773,RNaseP,RNaseP,RNaseP_A.laidlawii
6774,RNaseP,RNaseP,RNaseP_A.macrocytogenes123
6775,RNaseP,RNaseP,RNaseP_A.nidulans
6776,RNaseP,RNaseP,RNaseP_A.obstetricans
6777,RNaseP,RNaseP,RNaseP_A.paspali
6778,RNaseP,RNaseP,RNaseP_A.pernix
6779,RNaseP,RNaseP,RNaseP_A.salinestris-184
6780,RNaseP,RNaseP,RNaseP_A.telluris
6781,RNaseP,RNaseP,RNaseP_A.truei
6782,RNaseP,RNaseP,RNaseP_A.tumefaciens
6783,RNaseP,RNaseP,RNaseP_A.vinlandii-CA
6784,RNaseP,RNaseP,RNaseP_Anabaena-ATCC29413
6785,RNaseP,RNaseP,RNaseP_Anabaena-PCC7120
6786,RNaseP,RNaseP,RNaseP_B.anthracis
6787,RNaseP,RNaseP,RNaseP_B.brevis
6788,RNaseP,RNaseP,RNaseP_B.bronchiseptica
6789,RNaseP,RNaseP,RNaseP_B.bufo
6790,RNaseP,RNaseP,RNaseP_B.burgdorferi
6791,RNaseP,RNaseP,RNaseP_B.burgdorferi-g
6792,RNaseP,RNaseP,RNaseP_B.calamita
6793,RNaseP,RNaseP,RNaseP_B.halodurans
6794,RNaseP,RNaseP,RNaseP_B.hermsii
6795,RNaseP,RNaseP,RNaseP_B.megaterium
6796,RNaseP,RNaseP,RNaseP_B.pertussis
6797,RNaseP,RNaseP,RNaseP_B.stearothermophilus
6798,RNaseP,RNaseP,RNaseP_B.subtilis
6799,RNaseP,RNaseP,RNaseP_B.subtilis-g
6800,RNaseP,RNaseP,RNaseP_B.thetaiotaomicron
6801,RNaseP,RNaseP,RNaseP_BH145
6802,RNaseP,RNaseP,RNaseP_Buchnera-APS
6803,RNaseP,RNaseP,RNaseP_C.acetobutylicum
6804,RNaseP,RNaseP,RNaseP_C.aurantiacus
6805,RNaseP,RNaseP,RNaseP_C.crescentus
6806,RNaseP,RNaseP,RNaseP_C.difficile
6807,RNaseP,RNaseP,RNaseP_C.diphtheriae
6808,RNaseP,RNaseP,RNaseP_C.hydrogenoformans
6809,RNaseP,RNaseP,RNaseP_C.innocuum
6810,RNaseP,RNaseP,RNaseP_C.jejuni
6811,RNaseP,RNaseP,RNaseP_C.limicola
6812,RNaseP,RNaseP,RNaseP_C.muridarum-g
6813,RNaseP,RNaseP,RNaseP_C.opuntiae
6814,RNaseP,RNaseP,RNaseP_C.paradoxa-cyanelle
6815,RNaseP,RNaseP,RNaseP_C.pecorum-IPA
6816,RNaseP,RNaseP,RNaseP_C.pneumoniae
6817,RNaseP,RNaseP,RNaseP_C.pneumoniae-AR39
6818,RNaseP,RNaseP,RNaseP_C.pneumoniae-CWL029
6819,RNaseP,RNaseP,RNaseP_C.psittaci
6820,RNaseP,RNaseP,RNaseP_C.psittaci-2
6821,RNaseP,RNaseP,RNaseP_C.psittaci-R54
6822,RNaseP,RNaseP,RNaseP_C.sporogenes
6823,RNaseP,RNaseP,RNaseP_C.tepidum
6824,RNaseP,RNaseP,RNaseP_C.tepidum-g
6825,RNaseP,RNaseP,RNaseP_C.testosteroni
6826,RNaseP,RNaseP,RNaseP_C.trachomatis
6827,RNaseP,RNaseP,RNaseP_C.trachomatis-2
6828,RNaseP,RNaseP,RNaseP_C.trachomatis-D
6829,RNaseP,RNaseP,RNaseP_C.vinosum
6830,RNaseP,RNaseP,RNaseP_CPA49
6831,RNaseP,RNaseP,RNaseP_CPA54
6832,RNaseP,RNaseP,RNaseP_CPA56
6833,RNaseP,RNaseP,RNaseP_CPA58
6834,RNaseP,RNaseP,RNaseP_CPA59
6835,RNaseP,RNaseP,RNaseP_CPA61
6836,RNaseP,RNaseP,RNaseP_CPA62
6837,RNaseP,RNaseP,RNaseP_CPA63
6838,RNaseP,RNaseP,RNaseP_CPB139
6839,RNaseP,RNaseP,RNaseP_CPB141
6840,RNaseP,RNaseP,RNaseP_CPB144
6841,RNaseP,RNaseP,RNaseP_CPB147
6842,RNaseP,RNaseP,RNaseP_CPB149
6843,RNaseP,RNaseP,RNaseP_CPB69
6844,RNaseP,RNaseP,RNaseP_CPB70
6845,RNaseP,RNaseP,RNaseP_CPB72
6846,RNaseP,RNaseP,RNaseP_CPB73
6847,RNaseP,RNaseP,RNaseP_CPB74
6848,RNaseP,RNaseP,RNaseP_CPB75
6849,RNaseP,RNaseP,RNaseP_CPB7776
6850,RNaseP,RNaseP,RNaseP_CPB80
6851,RNaseP,RNaseP,RNaseP_CPB86
6852,RNaseP,RNaseP,RNaseP_Calothrix-PCC7601
6853,RNaseP,RNaseP,RNaseP_D.desulfuricans
6854,RNaseP,RNaseP,RNaseP_D.jeanneae
6855,RNaseP,RNaseP,RNaseP_D.radiodurans
6856,RNaseP,RNaseP,RNaseP_D.radiodurans-g
6857,RNaseP,RNaseP,RNaseP_D.vulgaris
6858,RNaseP,RNaseP,RNaseP_DU1
6859,RNaseP,RNaseP,RNaseP_Dermocarpa-PCC7437
6860,RNaseP,RNaseP,RNaseP_E.agglomerulans
6861,RNaseP,RNaseP,RNaseP_E.asper
6862,RNaseP,RNaseP,RNaseP_E.coli
6863,RNaseP,RNaseP,RNaseP_E.coli-JM109
6864,RNaseP,RNaseP,RNaseP_E.coli-g
6865,RNaseP,RNaseP,RNaseP_E.eschscholtzii-1
6866,RNaseP,RNaseP,RNaseP_E.eschscholtzii-2
6867,RNaseP,RNaseP,RNaseP_E.eschsholtzii
6868,RNaseP,RNaseP,RNaseP_E.faecalis
6869,RNaseP,RNaseP,RNaseP_E.faecalis-2
6870,RNaseP,RNaseP,RNaseP_E.thermomarinus
6871,RNaseP,RNaseP,RNaseP_E1B
6872,RNaseP,RNaseP,RNaseP_EF
6873,RNaseP,RNaseP,RNaseP_EM14b-11
6874,RNaseP,RNaseP,RNaseP_EM14b-9
6875,RNaseP,RNaseP,RNaseP_ERE
6876,RNaseP,RNaseP,RNaseP_ERH
6877,RNaseP,RNaseP,RNaseP_ESH167E
6878,RNaseP,RNaseP,RNaseP_ESH167F
6879,RNaseP,RNaseP,RNaseP_ESH17b-7
6880,RNaseP,RNaseP,RNaseP_ESH183A
6881,RNaseP,RNaseP,RNaseP_ESH183D
6882,RNaseP,RNaseP,RNaseP_ESH20b-1
6883,RNaseP,RNaseP,RNaseP_ESH20b-4
6884,RNaseP,RNaseP,RNaseP_ESH210B
6885,RNaseP,RNaseP,RNaseP_ESH212C
6886,RNaseP,RNaseP,RNaseP_ESH21b-4
6887,RNaseP,RNaseP,RNaseP_ESH26-4
6888,RNaseP,RNaseP,RNaseP_ESH30-3
6889,RNaseP,RNaseP,RNaseP_ESH46a-1
6890,RNaseP,RNaseP,RNaseP_ESH7-16
6891,RNaseP,RNaseP,RNaseP_ESH7-4
6892,RNaseP,RNaseP,RNaseP_ESH7-9
6893,RNaseP,RNaseP,RNaseP_F.antarctica
6894,RNaseP,RNaseP,RNaseP_F.mortiferum
6895,RNaseP,RNaseP,RNaseP_F.yabuuchiae
6896,RNaseP,RNaseP,RNaseP_Fischerella-UTEX1829
6897,RNaseP,RNaseP,RNaseP_G.gorilla
6898,RNaseP,RNaseP,RNaseP_G.sulfurreducens
6899,RNaseP,RNaseP,RNaseP_H.aurantiacus
6900,RNaseP,RNaseP,RNaseP_H.chlorum
6901,RNaseP,RNaseP,RNaseP_H.chlorum-partial
6902,RNaseP,RNaseP,RNaseP_H.cutirubrum
6903,RNaseP,RNaseP,RNaseP_H.influenza
6904,RNaseP,RNaseP,RNaseP_H.mobilis
6905,RNaseP,RNaseP,RNaseP_H.morrhuae
6906,RNaseP,RNaseP,RNaseP_H.pylori-26695
6907,RNaseP,RNaseP,RNaseP_H.pylori-48K
6908,RNaseP,RNaseP,RNaseP_H.pylori-J99
6909,RNaseP,RNaseP,RNaseP_H.pylori-RU1
6910,RNaseP,RNaseP,RNaseP_H.sapiens
6911,RNaseP,RNaseP,RNaseP_H.trapanicum
6912,RNaseP,RNaseP,RNaseP_H.volcanii
6913,RNaseP,RNaseP,RNaseP_Halobacterium-NRC1
6914,RNaseP,RNaseP,RNaseP_I.calvum
6915,RNaseP,RNaseP,RNaseP_K.pneumoniae
6916,RNaseP,RNaseP,RNaseP_K.polysporus
6917,RNaseP,RNaseP,RNaseP_K.thermotolerans
6918,RNaseP,RNaseP,RNaseP_L.acidophilus
6919,RNaseP,RNaseP,RNaseP_L.borgpetersenii
6920,RNaseP,RNaseP,RNaseP_L.ferrooxidans-CF
6921,RNaseP,RNaseP,RNaseP_L.ferrooxidans-MK
6922,RNaseP,RNaseP,RNaseP_L.japonicus-IFO12422
6923,RNaseP,RNaseP,RNaseP_L.japonicus-IFO15385
6924,RNaseP,RNaseP,RNaseP_L.muta-1
6925,RNaseP,RNaseP,RNaseP_L.muta-2
6926,RNaseP,RNaseP,RNaseP_L.weilii
6927,RNaseP,RNaseP,RNaseP_LGA1
6928,RNaseP,RNaseP,RNaseP_LGA10
6929,RNaseP,RNaseP,RNaseP_LGA2
6930,RNaseP,RNaseP,RNaseP_LGA6
6931,RNaseP,RNaseP,RNaseP_LGA8
6932,RNaseP,RNaseP,RNaseP_LGB21
6933,RNaseP,RNaseP,RNaseP_LGB23
6934,RNaseP,RNaseP,RNaseP_LGB27
6935,RNaseP,RNaseP,RNaseP_LGB32
6936,RNaseP,RNaseP,RNaseP_LGB41
6937,RNaseP,RNaseP,RNaseP_LGB5
6938,RNaseP,RNaseP,RNaseP_LGW113
6939,RNaseP,RNaseP,RNaseP_LGW116
6940,RNaseP,RNaseP,RNaseP_LGW17
6941,RNaseP,RNaseP,RNaseP_LGW18
6942,RNaseP,RNaseP,RNaseP_LGW23
6943,RNaseP,RNaseP,RNaseP_LGW46
6944,RNaseP,RNaseP,RNaseP_M.avium
6945,RNaseP,RNaseP,RNaseP_M.barkeri
6946,RNaseP,RNaseP,RNaseP_M.bovis
6947,RNaseP,RNaseP,RNaseP_M.capricolum
6948,RNaseP,RNaseP,RNaseP_M.fermentans
6949,RNaseP,RNaseP,RNaseP_M.fervidus
6950,RNaseP,RNaseP,RNaseP_M.flocculare
6951,RNaseP,RNaseP,RNaseP_M.formicicum
6952,RNaseP,RNaseP,RNaseP_M.genitalium
6953,RNaseP,RNaseP,RNaseP_M.hyopneumoniae
6954,RNaseP,RNaseP,RNaseP_M.jannaschii
6955,RNaseP,RNaseP,RNaseP_M.leprae
6956,RNaseP,RNaseP,RNaseP_M.luteus
6957,RNaseP,RNaseP,RNaseP_M.maripaludus
6958,RNaseP,RNaseP,RNaseP_M.phosphovorus-JCM9379
6959,RNaseP,RNaseP,RNaseP_M.phosphovorus-JCM9380
6960,RNaseP,RNaseP,RNaseP_M.pneumoniae
6961,RNaseP,RNaseP,RNaseP_M.sedula
6962,RNaseP,RNaseP,RNaseP_M.thermoautotrophicum-DH
6963,RNaseP,RNaseP,RNaseP_M.thermoautotrophicumDH-2
6964,RNaseP,RNaseP,RNaseP_M.thermoautotrophicumDH-g
6965,RNaseP,RNaseP,RNaseP_M.thermoautotrphicumMarb
6966,RNaseP,RNaseP,RNaseP_M.thermolithotrophicus
6967,RNaseP,RNaseP,RNaseP_M.tuberculosis
6968,RNaseP,RNaseP,RNaseP_M.tuberculosis-g
6969,RNaseP,RNaseP,RNaseP_M.vannielli
6970,RNaseP,RNaseP,RNaseP_M.xanthus
6971,RNaseP,RNaseP,RNaseP_Mxa1
6972,RNaseP,RNaseP,RNaseP_N.albus
6973,RNaseP,RNaseP,RNaseP_N.europaea
6974,RNaseP,RNaseP,RNaseP_N.flavus
6975,RNaseP,RNaseP,RNaseP_N.fulvus-JCM3335
6976,RNaseP,RNaseP,RNaseP_N.fulvus-KCTC9580
6977,RNaseP,RNaseP,RNaseP_N.gonnorhoeae
6978,RNaseP,RNaseP,RNaseP_N.gregoryi
6979,RNaseP,RNaseP,RNaseP_N.jensenii
6980,RNaseP,RNaseP,RNaseP_N.luteus
6981,RNaseP,RNaseP,RNaseP_N.meningitidis-Z2491
6982,RNaseP,RNaseP,RNaseP_N.meningtidis-MC58
6983,RNaseP,RNaseP,RNaseP_N.olivacea-chloroplast
6984,RNaseP,RNaseP,RNaseP_N.plantarum
6985,RNaseP,RNaseP,RNaseP_N.pyridinolyticus
6986,RNaseP,RNaseP,RNaseP_N.simplex
6987,RNaseP,RNaseP,RNaseP_Nocardiodes-ATCC39419
6988,RNaseP,RNaseP,RNaseP_Nocardiodes-NSP41
6989,RNaseP,RNaseP,RNaseP_Nostoc-PCC6705
6990,RNaseP,RNaseP,RNaseP_Nostoc-PCC7107
6991,RNaseP,RNaseP,RNaseP_Nostoc-PCC7413
6992,RNaseP,RNaseP,RNaseP_Onchorhynchus-1
6993,RNaseP,RNaseP,RNaseP_Onchorhynchus-2
6994,RNaseP,RNaseP,RNaseP_Onchorhynchus-sp-1
6995,RNaseP,RNaseP,RNaseP_Onchorhynchus-sp-2
6996,RNaseP,RNaseP,RNaseP_Oscillatoria-PCC7515
6997,RNaseP,RNaseP,RNaseP_P.abyssi
6998,RNaseP,RNaseP,RNaseP_P.acanthamoebae
6999,RNaseP,RNaseP,RNaseP_P.aerogenes
7000,RNaseP,RNaseP,RNaseP_P.aeruginosa
7001,RNaseP,RNaseP,RNaseP_P.alcalifaciens
7002,RNaseP,RNaseP,RNaseP_P.azotoformans
7003,RNaseP,RNaseP,RNaseP_P.canadensis
7004,RNaseP,RNaseP,RNaseP_P.cultripes
7005,RNaseP,RNaseP,RNaseP_P.douglassii
7006,RNaseP,RNaseP,RNaseP_P.fluorescens
7007,RNaseP,RNaseP,RNaseP_P.furiosus
7008,RNaseP,RNaseP,RNaseP_P.furiosus-2
7009,RNaseP,RNaseP,RNaseP_P.gingivalis
7010,RNaseP,RNaseP,RNaseP_P.guilliermondii
7011,RNaseP,RNaseP,RNaseP_P.hollandica
7012,RNaseP,RNaseP,RNaseP_P.horikoshi
7013,RNaseP,RNaseP,RNaseP_P.innocua
7014,RNaseP,RNaseP,RNaseP_P.marinus
7015,RNaseP,RNaseP,RNaseP_P.marinus-2
7016,RNaseP,RNaseP,RNaseP_P.maris
7017,RNaseP,RNaseP,RNaseP_P.mississippiensis
7018,RNaseP,RNaseP,RNaseP_P.purpurea-chloroplast
7019,RNaseP,RNaseP,RNaseP_P.putida
7020,RNaseP,RNaseP,RNaseP_P.pygmaeus
7021,RNaseP,RNaseP,RNaseP_P.shigelloides
7022,RNaseP,RNaseP,RNaseP_P.staleyi
7023,RNaseP,RNaseP,RNaseP_P.strasburgensis
7024,RNaseP,RNaseP,RNaseP_P.stutzeri
7025,RNaseP,RNaseP,RNaseP_P.troglodytes
7026,RNaseP,RNaseP,RNaseP_P.vulgaris
7027,RNaseP,RNaseP,RNaseP_P126
7028,RNaseP,RNaseP,RNaseP_P131
7029,RNaseP,RNaseP,RNaseP_PF101
7030,RNaseP,RNaseP,RNaseP_PS1
7031,RNaseP,RNaseP,RNaseP_PS2
7032,RNaseP,RNaseP,RNaseP_PS22
7033,RNaseP,RNaseP,RNaseP_PS24
7034,RNaseP,RNaseP,RNaseP_PS26
7035,RNaseP,RNaseP,RNaseP_PS27
7036,RNaseP,RNaseP,RNaseP_PS31
7037,RNaseP,RNaseP,RNaseP_PS33
7038,RNaseP,RNaseP,RNaseP_PS4
7039,RNaseP,RNaseP,RNaseP_PS6
7040,RNaseP,RNaseP,RNaseP_PS8
7041,RNaseP,RNaseP,RNaseP_Prochlorococcus-NATL1
7042,RNaseP,RNaseP,RNaseP_Prochlorococcus-NATL2
7043,RNaseP,RNaseP,RNaseP_Prochlorococcus-PAC1A
7044,RNaseP,RNaseP,RNaseP_Prochlorococcus-PAC1B
7045,RNaseP,RNaseP,RNaseP_Prochlorococcus-PCC9511
7046,RNaseP,RNaseP,RNaseP_Prochlorococcus-TAK9803-2
7047,RNaseP,RNaseP,RNaseP_Prochlorococcus-TATL2
7048,RNaseP,RNaseP,RNaseP_Prochlorococcus-TATL2-2
7049,RNaseP,RNaseP,RNaseP_Pseudoanabaena-PCC6903
7050,RNaseP,RNaseP,RNaseP_R.americana-mito
7051,RNaseP,RNaseP,RNaseP_R.capsulatus
7052,RNaseP,RNaseP,RNaseP_R.norvegicus
7053,RNaseP,RNaseP,RNaseP_R.palustris
7054,RNaseP,RNaseP,RNaseP_R.prowazekii
7055,RNaseP,RNaseP,RNaseP_R.rubrum
7056,RNaseP,RNaseP,RNaseP_Rr327
7057,RNaseP,RNaseP,RNaseP_Rr368
7058,RNaseP,RNaseP,RNaseP_S.acidocaldarius
7059,RNaseP,RNaseP,RNaseP_S.aureus
7060,RNaseP,RNaseP,RNaseP_S.aureus-2
7061,RNaseP,RNaseP,RNaseP_S.azurea-K161T
7062,RNaseP,RNaseP,RNaseP_S.bayanus
7063,RNaseP,RNaseP,RNaseP_S.bikiniensis
7064,RNaseP,RNaseP,RNaseP_S.bovis
7065,RNaseP,RNaseP,RNaseP_S.caesia-K163
7066,RNaseP,RNaseP,RNaseP_S.caesia-K182
7067,RNaseP,RNaseP,RNaseP_S.caesia-K200
7068,RNaseP,RNaseP,RNaseP_S.caesia-K76T
7069,RNaseP,RNaseP,RNaseP_S.caesia-SB01
7070,RNaseP,RNaseP,RNaseP_S.caesia-SB22
7071,RNaseP,RNaseP,RNaseP_S.carlsbergensis
7072,RNaseP,RNaseP,RNaseP_S.castellii
7073,RNaseP,RNaseP,RNaseP_S.cerevisiae
7074,RNaseP,RNaseP,RNaseP_S.cyanea-K168T
7075,RNaseP,RNaseP,RNaseP_S.dairensis
7076,RNaseP,RNaseP,RNaseP_S.diastaticus
7077,RNaseP,RNaseP,RNaseP_S.epidermidis
7078,RNaseP,RNaseP,RNaseP_S.equi
7079,RNaseP,RNaseP,RNaseP_S.equi-g
7080,RNaseP,RNaseP,RNaseP_S.faciem
7081,RNaseP,RNaseP,RNaseP_S.fibuligera
7082,RNaseP,RNaseP,RNaseP_S.glauca-K194
7083,RNaseP,RNaseP,RNaseP_S.glauca-K195
7084,RNaseP,RNaseP,RNaseP_S.glauca-K202
7085,RNaseP,RNaseP,RNaseP_S.glauca-L169T
7086,RNaseP,RNaseP,RNaseP_S.globosus
7087,RNaseP,RNaseP,RNaseP_S.gordonii
7088,RNaseP,RNaseP,RNaseP_S.japonicus
7089,RNaseP,RNaseP,RNaseP_S.kluyveri
7090,RNaseP,RNaseP,RNaseP_S.liquefaciens
7091,RNaseP,RNaseP,RNaseP_S.lividans
7092,RNaseP,RNaseP,RNaseP_S.malidevorans
7093,RNaseP,RNaseP,RNaseP_S.marcescens
7094,RNaseP,RNaseP,RNaseP_S.mutans
7095,RNaseP,RNaseP,RNaseP_S.negevensis
7096,RNaseP,RNaseP,RNaseP_S.octosporus
7097,RNaseP,RNaseP,RNaseP_S.pastorianus
7098,RNaseP,RNaseP,RNaseP_S.pneumoniae
7099,RNaseP,RNaseP,RNaseP_S.polymorpha
7100,RNaseP,RNaseP,RNaseP_S.pombe
7101,RNaseP,RNaseP,RNaseP_S.putrefaciens
7102,RNaseP,RNaseP,RNaseP_S.pyogenes
7103,RNaseP,RNaseP,RNaseP_S.servazzii
7104,RNaseP,RNaseP,RNaseP_S.shibatae
7105,RNaseP,RNaseP,RNaseP_S.solfataricus
7106,RNaseP,RNaseP,RNaseP_S.solfataricus-P2
7107,RNaseP,RNaseP,RNaseP_S.typhi
7108,RNaseP,RNaseP,RNaseP_S.typhimurium
7109,RNaseP,RNaseP,RNaseP_S.unisporus
7110,RNaseP,RNaseP,RNaseP_S.uvarum
7111,RNaseP,RNaseP,RNaseP_S.versatilis
7112,RNaseP,RNaseP,RNaseP_S.viridis-K185
7113,RNaseP,RNaseP,RNaseP_S.viridis-K191
7114,RNaseP,RNaseP,RNaseP_S.viridis-K197
7115,RNaseP,RNaseP,RNaseP_S.viridis-K73T
7116,RNaseP,RNaseP,RNaseP_SL1-1
7117,RNaseP,RNaseP,RNaseP_SL2D
7118,RNaseP,RNaseP,RNaseP_SLC
7119,RNaseP,RNaseP,RNaseP_SM-A01
7120,RNaseP,RNaseP,RNaseP_SM-A02
7121,RNaseP,RNaseP,RNaseP_SM-A03
7122,RNaseP,RNaseP,RNaseP_SM-A04
7123,RNaseP,RNaseP,RNaseP_SM-A05
7124,RNaseP,RNaseP,RNaseP_SM-A06
7125,RNaseP,RNaseP,RNaseP_SM-A07
7126,RNaseP,RNaseP,RNaseP_SM-A0911
7127,RNaseP,RNaseP,RNaseP_SM-A1012
7128,RNaseP,RNaseP,RNaseP_SM-A1113
7129,RNaseP,RNaseP,RNaseP_SM-A1214
7130,RNaseP,RNaseP,RNaseP_SM-A1315
7131,RNaseP,RNaseP,RNaseP_SM-A1417
7132,RNaseP,RNaseP,RNaseP_SM-A1519
7133,RNaseP,RNaseP,RNaseP_SM-A1621
7134,RNaseP,RNaseP,RNaseP_SM-A1726
7135,RNaseP,RNaseP,RNaseP_SM-A1831
7136,RNaseP,RNaseP,RNaseP_SM-A1932
7137,RNaseP,RNaseP,RNaseP_SM-A2033
7138,RNaseP,RNaseP,RNaseP_SM-A2135
7139,RNaseP,RNaseP,RNaseP_SM-A2237
7140,RNaseP,RNaseP,RNaseP_SM-A2539
7141,RNaseP,RNaseP,RNaseP_SM-A2642
7142,RNaseP,RNaseP,RNaseP_SM-A2743
7143,RNaseP,RNaseP,RNaseP_SM-A2946
7144,RNaseP,RNaseP,RNaseP_SM-A3048
7145,RNaseP,RNaseP,RNaseP_SM-A3153
7146,RNaseP,RNaseP,RNaseP_SM-A3254
7147,RNaseP,RNaseP,RNaseP_SM-A3355
7148,RNaseP,RNaseP,RNaseP_SM-A3761
7149,RNaseP,RNaseP,RNaseP_SM-A3862
7150,RNaseP,RNaseP,RNaseP_SM-A4065
7151,RNaseP,RNaseP,RNaseP_SM-A4674
7152,RNaseP,RNaseP,RNaseP_SM-A4775
7153,RNaseP,RNaseP,RNaseP_SM-A4876
7154,RNaseP,RNaseP,RNaseP_SM-A4977
7155,RNaseP,RNaseP,RNaseP_SM-A5179
7156,RNaseP,RNaseP,RNaseP_SM-A5382
7157,RNaseP,RNaseP,RNaseP_SM-A5584
7158,RNaseP,RNaseP,RNaseP_SM-A5888
7159,RNaseP,RNaseP,RNaseP_SM-A6090
7160,RNaseP,RNaseP,RNaseP_SM-A6296
7161,RNaseP,RNaseP,RNaseP_SM1
7162,RNaseP,RNaseP,RNaseP_SM2
7163,RNaseP,RNaseP,RNaseP_SMB-A3
7164,RNaseP,RNaseP,RNaseP_SMB-A5
7165,RNaseP,RNaseP,RNaseP_SMB-B1
7166,RNaseP,RNaseP,RNaseP_SMB-B2
7167,RNaseP,RNaseP,RNaseP_SMB-B3
7168,RNaseP,RNaseP,RNaseP_SMB-B4
7169,RNaseP,RNaseP,RNaseP_Saccharomonospora-K180
7170,RNaseP,RNaseP,RNaseP_Synechococcus-MINOS1
7171,RNaseP,RNaseP,RNaseP_Synechococcus-PCC6717
7172,RNaseP,RNaseP,RNaseP_Synechococcus-PCC7001
7173,RNaseP,RNaseP,RNaseP_Synechococcus-PCC7003
7174,RNaseP,RNaseP,RNaseP_Synechococcus-PCC7942
7175,RNaseP,RNaseP,RNaseP_Synechocystis-PCC6308
7176,RNaseP,RNaseP,RNaseP_Synechocystis-PCC6803
7177,RNaseP,RNaseP,RNaseP_T.acidophilum
7178,RNaseP,RNaseP,RNaseP_T.album
7179,RNaseP,RNaseP,RNaseP_T.aquaticus
7180,RNaseP,RNaseP,RNaseP_T.celerAL1
7181,RNaseP,RNaseP,RNaseP_T.celerAL1-2
7182,RNaseP,RNaseP,RNaseP_T.commune
7183,RNaseP,RNaseP,RNaseP_T.delbrueckii
7184,RNaseP,RNaseP,RNaseP_T.littoralis
7185,RNaseP,RNaseP,RNaseP_T.luteus
7186,RNaseP,RNaseP,RNaseP_T.maritima
7187,RNaseP,RNaseP,RNaseP_T.maritima-g
7188,RNaseP,RNaseP,RNaseP_T.neapolitana
7189,RNaseP,RNaseP,RNaseP_T.pallidum
7190,RNaseP,RNaseP,RNaseP_T.roseum
7191,RNaseP,RNaseP,RNaseP_T.syrichta
7192,RNaseP,RNaseP,RNaseP_T.thermophilus
7193,RNaseP,RNaseP,RNaseP_T.thioparus
7194,RNaseP,RNaseP,RNaseP_T.tumescens
7195,RNaseP,RNaseP,RNaseP_T.volcanum
7196,RNaseP,RNaseP,RNaseP_TP1
7197,RNaseP,RNaseP,RNaseP_U.stanburiana
7198,RNaseP,RNaseP,RNaseP_U.stansburiana
7199,RNaseP,RNaseP,RNaseP_U.urealyticum
7200,RNaseP,RNaseP,RNaseP_UK2
7201,RNaseP,RNaseP,RNaseP_UK5
7202,RNaseP,RNaseP,RNaseP_V.cholera
7203,RNaseP,RNaseP,RNaseP_V.spinosum
7204,RNaseP,RNaseP,RNaseP_VSDW
7205,RNaseP,RNaseP,RNaseP_W.fluorescens
7206,RNaseP,RNaseP,RNaseP_WA1
7207,RNaseP,RNaseP,RNaseP_WB3
7208,RNaseP,RNaseP,RNaseP_WC1
7209,RNaseP,RNaseP,RNaseP_Wolbachia-sp
7210,RNaseP,RNaseP,RNaseP_X.fastidiosa
7211,RNaseP,RNaseP,RNaseP_Y.pestis
7212,RNaseP,RNaseP,RNaseP_Z.bailii
7213,RNaseP,RNaseP,RNaseP_Z.florentinus
7214,RNaseP,RNaseP,RNaseP_Z.rouxii
7215,RNaseP,RNaseP,RNaseP_purpleX
7216,RNaseP,RNaseP,RNaseP_vHge2
7217,RNaseP,RNaseP,RNaseP_vHge3-5
7218,RNaseP,grp1,grp1_a.I1.b.Dermocarpa.sp.ATCC29371.C3.tMET
7219,RNaseP,grp1,grp1_a.I1.b.Phormidium.sp.N182.C3.tLEU
7220,RNaseP,grp1,grp1_a.I1.b.S.hofmanii.C3.tMET
7221,RNaseP,grp1,grp1_a.I1.b.Synechococcus.sp2.C3.tLEU
7222,RNaseP,grp1,grp1_a.I1.c.A.cherimola.C3.tLEU
7223,RNaseP,grp1,grp1_a.I1.c.G.prostrata.C3.tLEU
7224,RNaseP,grp1,grp1_a.I1.c.S.bicolor.C3.tLEU
7225,RNaseP,grp1,grp1_a.I1.e.A.adeninivorans.C1.LSU.2449
7226,RNaseP,grp1,grp1_a.I1.e.A.capsulatus.CBS213.53.C1.SSU.943
7227,RNaseP,grp1,grp1_a.I1.e.A.capsulatus.FLs1.C1.SSU
7228,RNaseP,grp1,grp1_a.I1.e.A.capsulatus.G184B.C1.SSU
7229,RNaseP,grp1,grp1_a.I1.e.A.capsulatus.G186B.C1.SSU
7230,RNaseP,grp1,grp1_a.I1.e.A.stipitatus.C1.SSU.1046
7231,RNaseP,grp1,grp1_a.I1.e.B.ciliata.JCM6865.C1.SSU.1506
7232,RNaseP,grp1,grp1_a.I1.e.B.ciliata.JCM6865.C1.SSU.943
7233,RNaseP,grp1,grp1_a.I1.e.B.yamatoana.JCM2896.C1.SSU.1506
7234,RNaseP,grp1,grp1_a.I1.e.B.yamatoana.JCM2896.C1.SSU.943
7235,RNaseP,grp1,grp1_a.I1.e.C.ellipsoidea.211-1a.C1.SSU.1506
7236,RNaseP,grp1,grp1_a.I1.e.C.ellipsoidea.IAMC-87.C1.SSU.1506
7237,RNaseP,grp1,grp1_a.I1.e.C.grayi.UNK.SSU.1046
7238,RNaseP,grp1,grp1_a.I1.e.C.grayi.UNK.SSU.1516
7239,RNaseP,grp1,grp1_a.I1.e.C.merochlorophea.UNK.SSU.1046
7240,RNaseP,grp1,grp1_a.I1.e.C.merochlorophea.UNK.SSU.1210
7241,RNaseP,grp1,grp1_a.I1.e.C.merochlorophea.UNK.SSU.1389
7242,RNaseP,grp1,grp1_a.I1.e.C.merochlorophea.UNK.SSU.1516
7243,RNaseP,grp1,grp1_a.I1.e.C.saccatum.C1.SSU.1512
7244,RNaseP,grp1,grp1_a.I1.e.C.saxonicum.C1.SSU.1506
7245,RNaseP,grp1,grp1_a.I1.e.D.parva.C1.SSU.1512
7246,RNaseP,grp1,grp1_a.I1.e.D.parva.C1.SSU.943
7247,RNaseP,grp1,grp1_a.I1.e.D.salina.C1.SSU.943
7248,RNaseP,grp1,grp1_a.I1.e.E.dermatitidis.C1.SSU.943
7249,RNaseP,grp1,grp1_a.I1.e.G.planctonica.C1.SSU.943
7250,RNaseP,grp1,grp1_a.I1.e.G.spirotaenia.C1.SSU.1506
7251,RNaseP,grp1,grp1_a.I1.e.L.dispersa.UNK.SSU.1046
7252,RNaseP,grp1,grp1_a.I1.e.L.dispersa.UNK.SSU.114
7253,RNaseP,grp1,grp1_a.I1.e.L.dispersa.UNK.SSU.1210
7254,RNaseP,grp1,grp1_a.I1.e.L.dispersa.UNK.SSU.1516
7255,RNaseP,grp1,grp1_a.I1.e.L.dispersa.UNK.SSU.287
7256,RNaseP,grp1,grp1_a.I1.e.L.dispersa.UNK.SSU.516
7257,RNaseP,grp1,grp1_a.I1.e.L.dispersa.UNK.SSU.789
7258,RNaseP,grp1,grp1_a.I1.e.M.caldariorum.C1.SSU.1506
7259,RNaseP,grp1,grp1_a.I1.e.P.carinii.C1.SSU.1506
7260,RNaseP,grp1,grp1_a.I1.e.P.carinii.Pc1.C1.LSU.1921
7261,RNaseP,grp1,grp1_a.I1.e.P.carinii.Pc2.C1.LSU.1921
7262,RNaseP,grp1,grp1_a.I1.e.P.carinii.Pc3.C1.LSU.1921
7263,RNaseP,grp1,grp1_a.I1.e.P.clavariiformis.C1.SSU.943
7264,RNaseP,grp1,grp1_a.I1.e.P.inouyei.C1.SSU.1506
7265,RNaseP,grp1,grp1_a.I1.e.P.inouyei.C1.SSU.943
7266,RNaseP,grp1,grp1_a.I1.e.P.macrosporus.C1.SSU.1506
7267,RNaseP,grp1,grp1_a.I1.e.P.macrosporus.C1.SSU.943
7268,RNaseP,grp1,grp1_a.I1.e.P.pachydermus.C1.SSU.943
7269,RNaseP,grp1,grp1_a.I1.e.P.sarcinoidea.C1.SSU.943
7270,RNaseP,grp1,grp1_a.I1.e.S.granulatum.C1.SSU.1506
7271,RNaseP,grp1,grp1_a.I1.e.S.paniceum.UNK.SSU.1052
7272,RNaseP,grp1,grp1_a.I1.e.S.paniceum.UNK.SSU.114
7273,RNaseP,grp1,grp1_a.I1.e.S.paniceum.UNK.SSU.1210
7274,RNaseP,grp1,grp1_a.I1.e.S.paniceum.UNK.SSU.1506
7275,RNaseP,grp1,grp1_a.I1.e.S.paniceum.UNK.SSU.287
7276,RNaseP,grp1,grp1_a.I1.e.S.sclerotiorum_1837.C1.LSU.798
7277,RNaseP,grp1,grp1_a.I1.e.Staurastrum.sp.M752.C1.SSU.1506
7278,RNaseP,grp1,grp1_a.I1.e.Staurastrum.sp.M753.C1.SSU.1506
7279,RNaseP,grp1,grp1_a.I1.e.T.cosmopolitanis.C1.LSU.1925
7280,RNaseP,grp1,grp1_a.I1.e.T.hyperangularis.C1.LSU.1925
7281,RNaseP,grp1,grp1_a.I1.e.T.malaccensis.C1.LSU.1925
7282,RNaseP,grp1,grp1_a.I1.e.T.pigmentosa.C1.LSU.1925
7283,RNaseP,grp1,grp1_a.I1.e.U.maydis.C1.SSU.943
7284,RNaseP,grp1,grp1_a.I1.m.M.grisea.B2.ND1
7285,RNaseP,grp1,grp1_a.I1.m.S.luteus.A1.LSU.2504
7286,RNaseP,grp1,grp1_a.I1.m.S.pombe.B1.OX1
7287,RNaseP,grp1,grp1_b.I1.e.C.saccharophila.C1.SSU.156
7288,RNaseP,grp1,grp1_b.I1.e.M.anisopliae.2.C1.LSU.1921
7289,RNaseP,grp1,grp1_b.I1.e.M.anisopliae.3.C1.LSU.1921
7290,RNaseP,grp1,grp1_b.I1.e.T.thermophila.C1.LSU.1925
7291,RNaseP,grp1,grp1_s.I1.e.T.thermophila.C1.LSU.1925.schem
7292,RNaseP,grp1,grp1_a.I1.b.Dermocarpa.sp.ATCC29371.C3.tMET
7293,RNaseP,grp1,grp1_a.I1.b.Phormidium.sp.N182.C3.tLEU
7294,RNaseP,grp1,grp1_a.I1.b.S.hofmanii.C3.tMET
7295,RNaseP,grp1,grp1_a.I1.b.Synechococcus.sp2.C3.tLEU
7296,RNaseP,grp1,grp1_a.I1.c.A.cherimola.C3.tLEU
7297,RNaseP,grp1,grp1_a.I1.c.G.prostrata.C3.tLEU
7298,RNaseP,grp1,grp1_a.I1.c.S.bicolor.C3.tLEU
7299,RNaseP,grp1,grp1_a.I1.e.A.adeninivorans.C1.LSU.2449
7300,RNaseP,grp1,grp1_a.I1.e.A.capsulatus.CBS213.53.C1.SSU.943
7301,RNaseP,grp1,grp1_a.I1.e.A.capsulatus.FLs1.C1.SSU
7302,RNaseP,grp1,grp1_a.I1.e.A.capsulatus.G184B.C1.SSU
7303,RNaseP,grp1,grp1_a.I1.e.A.capsulatus.G186B.C1.SSU
7304,RNaseP,grp1,grp1_a.I1.e.A.stipitatus.C1.SSU.1046
7305,RNaseP,grp1,grp1_a.I1.e.B.ciliata.JCM6865.C1.SSU.1506
7306,RNaseP,grp1,grp1_a.I1.e.B.ciliata.JCM6865.C1.SSU.943
7307,RNaseP,grp1,grp1_a.I1.e.B.yamatoana.JCM2896.C1.SSU.1506
7308,RNaseP,grp1,grp1_a.I1.e.B.yamatoana.JCM2896.C1.SSU.943
7309,RNaseP,grp1,grp1_a.I1.e.C.ellipsoidea.211-1a.C1.SSU.1506
7310,RNaseP,grp1,grp1_a.I1.e.C.ellipsoidea.IAMC-87.C1.SSU.1506
7311,RNaseP,grp1,grp1_a.I1.e.C.grayi.UNK.SSU.1046
7312,RNaseP,grp1,grp1_a.I1.e.C.grayi.UNK.SSU.1516
7313,RNaseP,grp1,grp1_a.I1.e.C.merochlorophea.UNK.SSU.1046
7314,RNaseP,grp1,grp1_a.I1.e.C.merochlorophea.UNK.SSU.1210
7315,RNaseP,grp1,grp1_a.I1.e.C.merochlorophea.UNK.SSU.1389
7316,RNaseP,grp1,grp1_a.I1.e.C.merochlorophea.UNK.SSU.1516
7317,RNaseP,grp1,grp1_a.I1.e.C.saccatum.C1.SSU.1512
7318,RNaseP,grp1,grp1_a.I1.e.C.saxonicum.C1.SSU.1506
7319,RNaseP,grp1,grp1_a.I1.e.D.parva.C1.SSU.1512
7320,RNaseP,grp1,grp1_a.I1.e.D.parva.C1.SSU.943
7321,RNaseP,grp1,grp1_a.I1.e.D.salina.C1.SSU.943
7322,RNaseP,grp1,grp1_a.I1.e.E.dermatitidis.C1.SSU.943
7323,RNaseP,grp1,grp1_a.I1.e.G.planctonica.C1.SSU.943
7324,RNaseP,grp1,grp1_a.I1.e.G.spirotaenia.C1.SSU.1506
7325,RNaseP,grp1,grp1_a.I1.e.L.dispersa.UNK.SSU.1046
7326,RNaseP,grp1,grp1_a.I1.e.L.dispersa.UNK.SSU.114
7327,RNaseP,grp1,grp1_a.I1.e.L.dispersa.UNK.SSU.1210
7328,RNaseP,grp1,grp1_a.I1.e.L.dispersa.UNK.SSU.1516
7329,RNaseP,grp1,grp1_a.I1.e.L.dispersa.UNK.SSU.287
7330,RNaseP,grp1,grp1_a.I1.e.L.dispersa.UNK.SSU.516
7331,RNaseP,grp1,grp1_a.I1.e.L.dispersa.UNK.SSU.789
7332,RNaseP,grp1,grp1_a.I1.e.M.caldariorum.C1.SSU.1506
7333,RNaseP,grp1,grp1_a.I1.e.P.carinii.C1.SSU.1506
7334,RNaseP,grp1,grp1_a.I1.e.P.carinii.Pc1.C1.LSU.1921
7335,RNaseP,grp1,grp1_a.I1.e.P.carinii.Pc2.C1.LSU.1921
7336,RNaseP,grp1,grp1_a.I1.e.P.carinii.Pc3.C1.LSU.1921
7337,RNaseP,grp1,grp1_a.I1.e.P.clavariiformis.C1.SSU.943
7338,RNaseP,grp1,grp1_a.I1.e.P.inouyei.C1.SSU.1506
7339,RNaseP,grp1,grp1_a.I1.e.P.inouyei.C1.SSU.943
7340,RNaseP,grp1,grp1_a.I1.e.P.macrosporus.C1.SSU.1506
7341,RNaseP,grp1,grp1_a.I1.e.P.macrosporus.C1.SSU.943
7342,RNaseP,grp1,grp1_a.I1.e.P.pachydermus.C1.SSU.943
7343,RNaseP,grp1,grp1_a.I1.e.P.sarcinoidea.C1.SSU.943
7344,RNaseP,grp1,grp1_a.I1.e.S.granulatum.C1.SSU.1506
7345,RNaseP,grp1,grp1_a.I1.e.S.paniceum.UNK.SSU.1052
7346,RNaseP,grp1,grp1_a.I1.e.S.paniceum.UNK.SSU.114
7347,RNaseP,grp1,grp1_a.I1.e.S.paniceum.UNK.SSU.1210
7348,RNaseP,grp1,grp1_a.I1.e.S.paniceum.UNK.SSU.1506
7349,RNaseP,grp1,grp1_a.I1.e.S.paniceum.UNK.SSU.287
7350,RNaseP,grp1,grp1_a.I1.e.S.sclerotiorum_1837.C1.LSU.798
7351,RNaseP,grp1,grp1_a.I1.e.Staurastrum.sp.M752.C1.SSU.1506
7352,RNaseP,grp1,grp1_a.I1.e.Staurastrum.sp.M753.C1.SSU.1506
7353,RNaseP,grp1,grp1_a.I1.e.T.cosmopolitanis.C1.LSU.1925
7354,RNaseP,grp1,grp1_a.I1.e.T.hyperangularis.C1.LSU.1925
7355,RNaseP,grp1,grp1_a.I1.e.T.malaccensis.C1.LSU.1925
7356,RNaseP,grp1,grp1_a.I1.e.T.pigmentosa.C1.LSU.1925
7357,RNaseP,grp1,grp1_a.I1.e.U.maydis.C1.SSU.943
7358,RNaseP,grp1,grp1_a.I1.m.M.grisea.B2.ND1
7359,RNaseP,grp1,grp1_a.I1.m.S.luteus.A1.LSU.2504
7360,RNaseP,grp1,grp1_a.I1.m.S.pombe.B1.OX1
7361,RNaseP,grp1,grp1_b.I1.e.C.saccharophila.C1.SSU.156
7362,RNaseP,grp1,grp1_b.I1.e.M.anisopliae.2.C1.LSU.1921
7363,RNaseP,grp1,grp1_b.I1.e.M.anisopliae.3.C1.LSU.1921
7364,RNaseP,grp1,grp1_b.I1.e.T.thermophila.C1.LSU.1925
7365,RNaseP,grp1,grp1_s.I1.e.T.thermophila.C1.LSU.1925.schem
7366,RNaseP,grp1,grp1_a.I1.b.Dermocarpa.sp.ATCC29371.C3.tMET
7367,RNaseP,grp1,grp1_a.I1.b.Phormidium.sp.N182.C3.tLEU
7368,RNaseP,grp1,grp1_a.I1.b.S.hofmanii.C3.tMET
7369,RNaseP,grp1,grp1_a.I1.b.Synechococcus.sp2.C3.tLEU
7370,RNaseP,grp1,grp1_a.I1.c.A.cherimola.C3.tLEU
7371,RNaseP,grp1,grp1_a.I1.c.G.prostrata.C3.tLEU
7372,RNaseP,grp1,grp1_a.I1.c.S.bicolor.C3.tLEU
7373,RNaseP,grp1,grp1_a.I1.e.A.adeninivorans.C1.LSU.2449
7374,RNaseP,grp1,grp1_a.I1.e.A.capsulatus.CBS213.53.C1.SSU.943
7375,RNaseP,grp1,grp1_a.I1.e.A.capsulatus.FLs1.C1.SSU
7376,RNaseP,grp1,grp1_a.I1.e.A.capsulatus.G184B.C1.SSU
7377,RNaseP,grp1,grp1_a.I1.e.A.capsulatus.G186B.C1.SSU
7378,RNaseP,grp1,grp1_a.I1.e.A.stipitatus.C1.SSU.1046
7379,RNaseP,grp1,grp1_a.I1.e.B.ciliata.JCM6865.C1.SSU.1506
7380,RNaseP,grp1,grp1_a.I1.e.B.ciliata.JCM6865.C1.SSU.943
7381,RNaseP,grp1,grp1_a.I1.e.B.yamatoana.JCM2896.C1.SSU.1506
7382,RNaseP,grp1,grp1_a.I1.e.B.yamatoana.JCM2896.C1.SSU.943
7383,RNaseP,grp1,grp1_a.I1.e.C.ellipsoidea.211-1a.C1.SSU.1506
7384,RNaseP,grp1,grp1_a.I1.e.C.ellipsoidea.IAMC-87.C1.SSU.1506
7385,RNaseP,grp1,grp1_a.I1.e.C.grayi.UNK.SSU.1046
7386,RNaseP,grp1,grp1_a.I1.e.C.grayi.UNK.SSU.1516
7387,RNaseP,grp1,grp1_a.I1.e.C.merochlorophea.UNK.SSU.1046
7388,RNaseP,grp1,grp1_a.I1.e.C.merochlorophea.UNK.SSU.1210
7389,RNaseP,grp1,grp1_a.I1.e.C.merochlorophea.UNK.SSU.1389
7390,RNaseP,grp1,grp1_a.I1.e.C.merochlorophea.UNK.SSU.1516
7391,RNaseP,grp1,grp1_a.I1.e.C.saccatum.C1.SSU.1512
7392,RNaseP,grp1,grp1_a.I1.e.C.saxonicum.C1.SSU.1506
7393,RNaseP,grp1,grp1_a.I1.e.D.parva.C1.SSU.1512
7394,RNaseP,grp1,grp1_a.I1.e.D.parva.C1.SSU.943
7395,RNaseP,grp1,grp1_a.I1.e.D.salina.C1.SSU.943
7396,RNaseP,grp1,grp1_a.I1.e.E.dermatitidis.C1.SSU.943
7397,RNaseP,grp1,grp1_a.I1.e.G.planctonica.C1.SSU.943
7398,RNaseP,grp1,grp1_a.I1.e.G.spirotaenia.C1.SSU.1506
7399,RNaseP,grp1,grp1_a.I1.e.L.dispersa.UNK.SSU.1046
7400,RNaseP,grp1,grp1_a.I1.e.L.dispersa.UNK.SSU.114
7401,RNaseP,grp1,grp1_a.I1.e.L.dispersa.UNK.SSU.1210
7402,RNaseP,grp1,grp1_a.I1.e.L.dispersa.UNK.SSU.1516
7403,RNaseP,grp1,grp1_a.I1.e.L.dispersa.UNK.SSU.287
7404,RNaseP,grp1,grp1_a.I1.e.L.dispersa.UNK.SSU.516
7405,RNaseP,grp1,grp1_a.I1.e.L.dispersa.UNK.SSU.789
7406,RNaseP,grp1,grp1_a.I1.e.M.caldariorum.C1.SSU.1506
7407,RNaseP,grp1,grp1_a.I1.e.P.carinii.C1.SSU.1506
7408,RNaseP,grp1,grp1_a.I1.e.P.carinii.Pc1.C1.LSU.1921
7409,RNaseP,grp1,grp1_a.I1.e.P.carinii.Pc2.C1.LSU.1921
7410,RNaseP,grp1,grp1_a.I1.e.P.carinii.Pc3.C1.LSU.1921
7411,RNaseP,grp1,grp1_a.I1.e.P.clavariiformis.C1.SSU.943
7412,RNaseP,grp1,grp1_a.I1.e.P.inouyei.C1.SSU.1506
7413,RNaseP,grp1,grp1_a.I1.e.P.inouyei.C1.SSU.943
7414,RNaseP,grp1,grp1_a.I1.e.P.macrosporus.C1.SSU.1506
7415,RNaseP,grp1,grp1_a.I1.e.P.macrosporus.C1.SSU.943
7416,RNaseP,grp1,grp1_a.I1.e.P.pachydermus.C1.SSU.943
7417,RNaseP,grp1,grp1_a.I1.e.P.sarcinoidea.C1.SSU.943
7418,RNaseP,srp,srp_Acin.spec._CR543861
7419,RNaseP,srp,srp_Aede.aegy._DW714815
7420,RNaseP,srp,srp_Aero.pern._BA000002
7421,RNaseP,srp,srp_Alka.meta._CP000724
7422,RNaseP,srp,srp_Anae.sp.._CP000769
7423,RNaseP,srp,srp_Anto.locu._GSP-278021
7424,RNaseP,srp,srp_Arab.thal._AC005275
7425,RNaseP,srp,srp_Arab.thal._X72228
7426,RNaseP,srp,srp_Ashb.goss._AE016819
7427,RNaseP,srp,srp_Aspe.flav._GSP-332952
7428,RNaseP,srp,srp_Aspe.fumi._GSP-41122
7429,RNaseP,srp,srp_Aspe.terr._GSP-341663
7430,RNaseP,srp,srp_Baci.alca._D11422
7431,RNaseP,srp,srp_Baci.cere._CP000001
7432,RNaseP,srp,srp_Baci.poly._D11421
7433,RNaseP,srp,srp_Baci.subt._X06802
7434,RNaseP,srp,srp_Baci.subt._X12642
7435,RNaseP,srp,srp_Baci.thur._CP000485
7436,RNaseP,srp,srp_Bdel.bact._BX842656
7437,RNaseP,srp,srp_Bloc.flor._BX248585
7438,RNaseP,srp,srp_Borr.burg._AE000783
7439,RNaseP,srp,srp_Bos.taur._GSP-6282
7440,RNaseP,srp,srp_Brad.japo._BA000040
7441,RNaseP,srp,srp_Bras.napu._EE412262
7442,RNaseP,srp,srp_Bruc.meli._AM040264
7443,RNaseP,srp,srp_Bruc.ovis._CP000708
7444,RNaseP,srp,srp_Burk.mall._CP000546
7445,RNaseP,srp,srp_Burk.pseu._CP000124
7446,RNaseP,srp,srp_Burk.pseu._CP000572
7447,RNaseP,srp,srp_Caen.eleg._AY948607
7448,RNaseP,srp,srp_Camp.jeju._CP000025
7449,RNaseP,srp,srp_Cand.Bloc._CP000016
7450,RNaseP,srp,srp_Carb.hydr._CP000141
7451,RNaseP,srp,srp_Caul.cres._AE005700
7452,RNaseP,srp,srp_Chla.cavi._AE016995
7453,RNaseP,srp,srp_Chla.muri._AE002160
7454,RNaseP,srp,srp_Chla.pneu._AE001363
7455,RNaseP,srp,srp_Chla.rein._SDB-3055
7456,RNaseP,srp,srp_Chla.trac._AE001298
7457,RNaseP,srp,srp_Chlo.vulg._AB001684
7458,RNaseP,srp,srp_Cion.savi._BW551179
7459,RNaseP,srp,srp_Citr.sine._CN181543
7460,RNaseP,srp,srp_Clos.acet._AE001437
7461,RNaseP,srp,srp_Clos.beij._CP000721
7462,RNaseP,srp,srp_Clos.botu._AM412317
7463,RNaseP,srp,srp_Clos.diff._AM180355
7464,RNaseP,srp,srp_Clos.kluy._CP000673
7465,RNaseP,srp,srp_Clos.perf._CP000246
7466,RNaseP,srp,srp_Cocc.posa._GSP-222929
7467,RNaseP,srp,srp_Cory.diph._BX248354
7468,RNaseP,srp,srp_Cory.jeik._CR931997
7469,RNaseP,srp,srp_Cryp.homi._GSP-353151
7470,RNaseP,srp,srp_Cryp.parv._XM_626716
7471,RNaseP,srp,srp_Cypr.carp._CF662133
7472,RNaseP,srp,srp_Dani.rrer._BX469912
7473,RNaseP,srp,srp_Desu.vulg._CP000527
7474,RNaseP,srp,srp_Dros.mela._AE014297
7475,RNaseP,srp,srp_Dros.mela._X00952
7476,RNaseP,srp,srp_Dros.moja._GSP-7230
7477,RNaseP,srp,srp_Ence.cuni._AL590449
7478,RNaseP,srp,srp_Ente.faec._AE016953
7479,RNaseP,srp,srp_Ento.sulc._AF095839
7480,RNaseP,srp,srp_Esch.coli._AE016756
7481,RNaseP,srp,srp_Esch.coli._CP000243
7482,RNaseP,srp,srp_Esch.coli._CP000468
7483,RNaseP,srp,srp_Esch.coli._U00096
7484,RNaseP,srp,srp_Esch.coli._U82664
7485,RNaseP,srp,srp_Esch.coli._X01074
7486,RNaseP,srp,srp_Fran.tula._AJ749949
7487,RNaseP,srp,srp_Fran.tula._AM286280
7488,RNaseP,srp,srp_Fran.tula._CP000437
7489,RNaseP,srp,srp_Fran.tula._CP000439
7490,RNaseP,srp,srp_Gald.sulp._GSP-130081
7491,RNaseP,srp,srp_Gibb.zeae._GSP-229533
7492,RNaseP,srp,srp_Haem.infl._CP000672
7493,RNaseP,srp,srp_Hahe.chej._CP000155
7494,RNaseP,srp,srp_Halo.mari._AY596297
7495,RNaseP,srp,srp_Halo.volc._AF395888
7496,RNaseP,srp,srp_Heli.annu._AJ828095
7497,RNaseP,srp,srp_Heli.pylo._AE001439
7498,RNaseP,srp,srp_Heli.pylo._CP000241
7499,RNaseP,srp,srp_Homo.sapi._AB061847
7500,RNaseP,srp,srp_Homo.sapi._BE083383
7501,RNaseP,srp,srp_Homo.sapi._BF875598
7502,RNaseP,srp,srp_Homo.sapi._BF909438
7503,RNaseP,srp,srp_Homo.sapi._BF909560
7504,RNaseP,srp,srp_Homo.sapi._BF909563
7505,RNaseP,srp,srp_Homo.sapi._NR_002715
7506,RNaseP,srp,srp_Humu.lupu._AJ236703
7507,RNaseP,srp,srp_Humu.lupu._X65983
7508,RNaseP,srp,srp_Hype.buty._CP000493
7509,RNaseP,srp,srp_Kine.radi._CP000750
7510,RNaseP,srp,srp_Kleb.pneu._CP000647
7511,RNaseP,srp,srp_Kluy.lact._CR382126
7512,RNaseP,srp,srp_Lact.case._CP000423
7513,RNaseP,srp,srp_Lact.delb._CR954253
7514,RNaseP,srp,srp_Lact.john._AE017198
7515,RNaseP,srp,srp_Legi.pneu._CR628337
7516,RNaseP,srp,srp_Leis.braz._AY722724
7517,RNaseP,srp,srp_Leis.dono._AY722734
7518,RNaseP,srp,srp_Leis.guya._AY722728
7519,RNaseP,srp,srp_Leis.infa._AM502223
7520,RNaseP,srp,srp_Leis.infa._SDB-5671
7521,RNaseP,srp,srp_Leis.majo._AY722715
7522,RNaseP,srp,srp_Leis.majo._SDB-347515
7523,RNaseP,srp,srp_List.inno._AL596173
7524,RNaseP,srp,srp_List.mono._U15684
7525,RNaseP,srp,srp_List.wels._AM263198
7526,RNaseP,srp,srp_Lyco.escu._Z29099
7527,RNaseP,srp,srp_Mann.succ._AE016827
7528,RNaseP,srp,srp_Mari.aqua._CP000514
7529,RNaseP,srp,srp_Medi.trun._AC136507
7530,RNaseP,srp,srp_Medi.trun._BE941271
7531,RNaseP,srp,srp_Medi.trun._CX540689
7532,RNaseP,srp,srp_Meth.acet._AE010299
7533,RNaseP,srp,srp_Meth.burt._CP000300
7534,RNaseP,srp,srp_Meth.ferv._M32222
7535,RNaseP,srp,srp_Meth.jann._L77117
7536,RNaseP,srp,srp_Meth.mari._CP000745
7537,RNaseP,srp,srp_Meth.maze._AE008384
7538,RNaseP,srp,srp_Mono.brev._GSP-81824
7539,RNaseP,srp,srp_Myco.bovi._BX248347
7540,RNaseP,srp,srp_Myco.geni._L43967
7541,RNaseP,srp,srp_Myco.hyop._AE017244
7542,RNaseP,srp,srp_Myco.lepr._AL023596
7543,RNaseP,srp,srp_Myco.myco._BX842642
7544,RNaseP,srp,srp_Myco.spec._CP000580
7545,RNaseP,srp,srp_Myco.syno._AE017245
7546,RNaseP,srp,srp_Nitr.euro._AL954747
7547,RNaseP,srp,srp_Nitr.euro._BX321857
7548,RNaseP,srp,srp_Nitr.eutr._CP000450
7549,RNaseP,srp,srp_Onch.volv._AI249203
7550,RNaseP,srp,srp_Orni.anat._GSP-9258
7551,RNaseP,srp,srp_Para.bras._CN241137
7552,RNaseP,srp,srp_Phyt.ramo._GSP-164328
7553,RNaseP,srp,srp_Picr.torr._AE017261
7554,RNaseP,srp,srp_Plas.gall._GSP-5849
7555,RNaseP,srp,srp_Popu.bals._GSP-73824
7556,RNaseP,srp,srp_Proc.mari._AE017165
7557,RNaseP,srp,srp_Proc.mari._BX572093
7558,RNaseP,srp,srp_Proc.mari._CP000551
7559,RNaseP,srp,srp_Proc.mari._CP000576
7560,RNaseP,srp,srp_Proc.spec._AJ011025
7561,RNaseP,srp,srp_Pseu.syri._CP000075
7562,RNaseP,srp,srp_Psyc.arct._CP000082
7563,RNaseP,srp,srp_Psyc.sp.._CP000713
7564,RNaseP,srp,srp_Pyro.cali._CP000561
7565,RNaseP,srp,srp_Pyro.hori._BA000001
7566,RNaseP,srp,srp_Rick.typh._AE017197
7567,RNaseP,srp,srp_Sacc.para._BN000251
7568,RNaseP,srp,srp_Salm.ente._AE017220
7569,RNaseP,srp,srp_Schm.medi._GSP-79327
7570,RNaseP,srp,srp_Shew.balt._CP000563
7571,RNaseP,srp,srp_Shew.spec._CP000503
7572,RNaseP,srp,srp_Shig.flex._AE005674
7573,RNaseP,srp,srp_Shig.flex._AE014073
7574,RNaseP,srp,srp_Shig.flex._AE016979
7575,RNaseP,srp,srp_Shig.flex._CP000266
7576,RNaseP,srp,srp_Sili.spec._CP000377
7577,RNaseP,srp,srp_Sino.meli._AL591782
7578,RNaseP,srp,srp_Stap.aure._BX571857
7579,RNaseP,srp,srp_Stap.aure._CP000703
7580,RNaseP,srp,srp_Stap.aure._E36052
7581,RNaseP,srp,srp_Stap.epid._AF269814
7582,RNaseP,srp,srp_Stre.agal._AL766845
7583,RNaseP,srp,srp_Stre.muta._AE014133
7584,RNaseP,srp,srp_Stre.pneu._AE007319
7585,RNaseP,srp,srp_Stre.pneu._CP000410
7586,RNaseP,srp,srp_Stre.pyog._AE009969
7587,RNaseP,srp,srp_Stre.pyog._AE014139
7588,RNaseP,srp,srp_Stre.pyog._AM295007
7589,RNaseP,srp,srp_Stre.pyog._CP000056
7590,RNaseP,srp,srp_Stre.pyog._CP000260
7591,RNaseP,srp,srp_Stre.pyog._CP000261
7592,RNaseP,srp,srp_Sulf.solf._Y08257
7593,RNaseP,srp,srp_Sulf.toko._BA000023
7594,RNaseP,srp,srp_Thal.pseu._EF067921
7595,RNaseP,srp,srp_Thal.pseu._GSP-296543
7596,RNaseP,srp,srp_Ther.acid._AL445063
7597,RNaseP,srp,srp_Ther.koda._AP006878
7598,RNaseP,srp,srp_Ther.mela._CP000716
7599,RNaseP,srp,srp_Toxo.gond._GSP-398031
7600,RNaseP,srp,srp_Tric.vagi._GSP-5722-2
7601,RNaseP,srp,srp_Trit.aest._BE424647
7602,RNaseP,srp,srp_Trit.aest._CD897082
7603,RNaseP,srp,srp_Trop.whip._AE014184
7604,RNaseP,srp,srp_Trop.whip._AE016852
7605,RNaseP,srp,srp_Tryp.bruc._AF047723
7606,RNaseP,srp,srp_Tryp.bruc._S56681
7607,RNaseP,srp,srp_Tryp.bruc._X57047
7608,RNaseP,srp,srp_Tryp.cong._SDB-5692
7609,RNaseP,srp,srp_Vibr.chol._CP000627
7610,RNaseP,srp,srp_Xant.camp._CP000050
7611,RNaseP,srp,srp_Xant.oryz._AE013598
7612,RNaseP,srp,srp_Yarr.lipo._X51658
7613,RNaseP,srp,srp_Yers.pest._AE017042
7614,RNaseP,srp,srp_Yers.pest._AE017129
7615,RNaseP,srp,srp_Yers.pest._AJ414155
7616,RNaseP,srp,srp_Yers.pest._CP000305
7617,RNaseP,srp,srp_Yers.pseu._BX936398
7618,RNaseP,tRNA,tRNA_tdbR00000003-Haloferax_volcanii-2246-Ala-GGC
7619,RNaseP,tRNA,tRNA_tdbR00000010-Escherichia_coli-562-Ala-VGC
7620,RNaseP,tRNA,tRNA_tdbR00000011-Neurospora_crassa-5141-Ala-UGC
7621,RNaseP,tRNA,tRNA_tdbR00000013-Pichia_jadinii-4903-Ala-IGC
7622,RNaseP,tRNA,tRNA_tdbR00000017-Homo_sapiens-9606-Ala-IGC
7623,RNaseP,tRNA,tRNA_tdbR00000020-Escherichia_coli-562-Cys-GCA
7624,RNaseP,tRNA,tRNA_tdbR00000021-Saccharomyces_cerevisiae-4932-Cys-GCA
7625,RNaseP,tRNA,tRNA_tdbR00000024-Mycoplasma_capricolum-2095-Asp-GUC
7626,RNaseP,tRNA,tRNA_tdbR00000026-Escherichia_coli-562-Asp-QUC
7627,RNaseP,tRNA,tRNA_tdbR00000030-Aedes_albopictus-7160-Asp-GUC
7628,RNaseP,tRNA,tRNA_tdbR00000032-Rattus_norvegicus-10116-Asp-GUC
7629,RNaseP,tRNA,tRNA_tdbR00000036-Euglena_gracilis-3039-Asp-GUC
7630,RNaseP,tRNA,tRNA_tdbR00000038-Rattus_norvegicus-10116-Asp-8UC
7631,RNaseP,tRNA,tRNA_tdbR00000042-Haloferax_volcanii-2246-Glu-MUC
7632,RNaseP,tRNA,tRNA_tdbR00000043-Haloferax_volcanii-2246-Glu-NUC
7633,RNaseP,tRNA,tRNA_tdbR00000053-Bos_taurus-9913-Glu-NUC
7634,RNaseP,tRNA,tRNA_tdbR00000059-Rattus_norvegicus-10116-Glu-3UC
7635,RNaseP,tRNA,tRNA_tdbR00000063-Haloferax_volcanii-2246-Phe-GAA
7636,RNaseP,tRNA,tRNA_tdbR00000067-Escherichia_coli-562-Phe-GAA
7637,RNaseP,tRNA,tRNA_tdbR00000072-Phaseolus_vulgaris-3885-Phe-GAA
7638,RNaseP,tRNA,tRNA_tdbR00000074-Tetrahymena_pyriformis-5908-Phe-GAA
7639,RNaseP,tRNA,tRNA_tdbR00000078-Ascaris_suum-6253-Phe-GAA
7640,RNaseP,tRNA,tRNA_tdbR00000089-Brassica_napus-3708-Phe-AA
7641,RNaseP,tRNA,tRNA_tdbR00000090-Lupinus_luteus-3873-Phe-AA
7642,RNaseP,tRNA,tRNA_tdbR00000092-Oryctolagus_cuniculus-9986-Phe-AA
7643,RNaseP,tRNA,tRNA_tdbR00000093-Bombyx_mori-7091-Phe-AA
7644,RNaseP,tRNA,tRNA_tdbR00000098-Xenopus_laevis-8355-Phe-AA
7645,RNaseP,tRNA,tRNA_tdbR00000108-Haloferax_volcanii-2246-Gly-GCC
7646,RNaseP,tRNA,tRNA_tdbR00000109-Haloferax_volcanii-2246-Gly-NCC
7647,RNaseP,tRNA,tRNA_tdbR00000111-Mycoplasma_capricolum-2095-Gly-UCC
7648,RNaseP,tRNA,tRNA_tdbR00000114-Staphylococcus_epidermidis-1282-Gly-UCC
7649,RNaseP,tRNA,tRNA_tdbR00000115-Staphylococcus_epidermidis-1282-Gly-UCC
7650,RNaseP,tRNA,tRNA_tdbR00000119-Escherichia_coli-562-Gly-NCC
7651,RNaseP,tRNA,tRNA_tdbR00000125-Bos_taurus-9913-Gly-UCC
7652,RNaseP,tRNA,tRNA_tdbR00000128-Halocynthia_roretzi-7729-Gly-GCU
7653,RNaseP,tRNA,tRNA_tdbR00000132-Lupinus_luteus-3873-Gly-GCC
7654,RNaseP,tRNA,tRNA_tdbR00000136-Homo_sapiens-9606-Gly-GCC
7655,RNaseP,tRNA,tRNA_tdbR00000139-Mycoplasma_capricolum-2095-His-GUK
7656,RNaseP,tRNA,tRNA_tdbR00000140-Escherichia_coli-562-His-QUG
7657,RNaseP,tRNA,tRNA_tdbR00000142-Saccharomyces_cerevisiae-4932-His-GUG
7658,RNaseP,tRNA,tRNA_tdbR00000143-Asterias_amurensis-7602-His-QUG
7659,RNaseP,tRNA,tRNA_tdbR00000151-Haloferax_volcanii-2246-Ile-GAU
7660,RNaseP,tRNA,tRNA_tdbR00000155-Mycoplasma_mycoides-2102-Ile-GAU
7661,RNaseP,tRNA,tRNA_tdbR00000159-Escherichia_coli-562-Ile-GAU
7662,RNaseP,tRNA,tRNA_tdbR00000164-Saccharomyces_cerevisiae-4932-Ile-GAU
7663,RNaseP,tRNA,tRNA_tdbR00000165-Solanum_tuberosum-4113-Ile-AU
7664,RNaseP,tRNA,tRNA_tdbR00000170-Saccharomyces_cerevisiae-4932-Ile-IAU
7665,RNaseP,tRNA,tRNA_tdbR00000172-Lupinus_luteus-3873-Ile-IAU
7666,RNaseP,tRNA,tRNA_tdbR00000175-Haloferax_volcanii-2246-Lys-NUU
7667,RNaseP,tRNA,tRNA_tdbR00000176-Haloferax_volcanii-2246-Lys-MUU
7668,RNaseP,tRNA,tRNA_tdbR00000177-Mycoplasma_capricolum-2095-Lys-CUU
7669,RNaseP,tRNA,tRNA_tdbR00000179-Bacillus_subtilis-1423-Lys-UU
7670,RNaseP,tRNA,tRNA_tdbR00000184-Asterias_amurensis-7602-Lys-CUU
7671,RNaseP,tRNA,tRNA_tdbR00000192-Saccharomyces_cerevisiae-4932-Lys-CUU
7672,RNaseP,tRNA,tRNA_tdbR00000194-Triticum_aestivum-4565-Lys-CUU
7673,RNaseP,tRNA,tRNA_tdbR00000196-Rattus_norvegicus-10116-Lys-CUN
7674,RNaseP,tRNA,tRNA_tdbR00000197-Rattus_norvegicus-10116-Lys-3UU
7675,RNaseP,tRNA,tRNA_tdbR00000199-Oryctolagus_cuniculus-9986-Lys-CUU
7676,RNaseP,tRNA,tRNA_tdbR00000206-Loligo_bleekeri-6617-Lys-UUU
7677,RNaseP,tRNA,tRNA_tdbR00000208-Mus_musculus-10090-Lys-CUN
7678,RNaseP,tRNA,tRNA_tdbR00000209-Enterobacteria_phage_T4-10665-Leu-NAA
7679,RNaseP,tRNA,tRNA_tdbR00000211-Haloferax_volcanii-2246-Leu-CAA
7680,RNaseP,tRNA,tRNA_tdbR00000216-Mycoplasma_capricolum-2095-Leu-BAA
7681,RNaseP,tRNA,tRNA_tdbR00000218-Mycoplasma_capricolum-2095-Leu-UAG
7682,RNaseP,tRNA,tRNA_tdbR00000221-Escherichia_coli-562-Leu-CAG
7683,RNaseP,tRNA,tRNA_tdbR00000222-Escherichia_coli-562-Leu-GAG
7684,RNaseP,tRNA,tRNA_tdbR00000225-Synechococcus_elongatus_PCC_6301-269084-Leu-CAA
7685,RNaseP,tRNA,tRNA_tdbR00000228-Glycine_max-3847-Leu-BAA
7686,RNaseP,tRNA,tRNA_tdbR00000230-Glycine_max-3847-Leu-UA7
7687,RNaseP,tRNA,tRNA_tdbR00000233-Phaseolus_vulgaris-3885-Leu-UA7
7688,RNaseP,tRNA,tRNA_tdbR00000234-Spinacia_oleracea-3562-Leu-UA7
7689,RNaseP,tRNA,tRNA_tdbR00000236-Neurospora_crassa-5141-Leu-UAG
7690,RNaseP,tRNA,tRNA_tdbR00000237-Saccharomyces_cerevisiae-4932-Leu-AA
7691,RNaseP,tRNA,tRNA_tdbR00000243-Rattus_norvegicus-10116-Leu-UAG
7692,RNaseP,tRNA,tRNA_tdbR00000244-Rattus_norvegicus-10116-Leu-UAG
7693,RNaseP,tRNA,tRNA_tdbR00000245-Rattus_norvegicus-10116-Leu-UAG
7694,RNaseP,tRNA,tRNA_tdbR00000252-Pichia_jadinii-4903-Leu-BAA
7695,RNaseP,tRNA,tRNA_tdbR00000254-Candida_cylindracea-44322-Leu-IAG
7696,RNaseP,tRNA,tRNA_tdbR00000270-Avian_myeloblastosis_virus-11866-Met-BAU
7697,RNaseP,tRNA,tRNA_tdbR00000273-Mycoplasma_capricolum-2095-Met-CAU
7698,RNaseP,tRNA,tRNA_tdbR00000277-Codium_fragile-3133-Met-CAU
7699,RNaseP,tRNA,tRNA_tdbR00000278-Scenedesmus_obliquus-3088-Met-CAU
7700,RNaseP,tRNA,tRNA_tdbR00000282-Ascaris_suum-6253-Met-AU
7701,RNaseP,tRNA,tRNA_tdbR00000285-Triticum_aestivum-4565-Met-BAU
7702,RNaseP,tRNA,tRNA_tdbR00000286-Lupinus_luteus-3873-Met-BAU
7703,RNaseP,tRNA,tRNA_tdbR00000291-Halobacterium_salinarum-2242-Asn-GUU
7704,RNaseP,tRNA,tRNA_tdbR00000294-Mycoplasma_capricolum-2095-Asn-GUU
7705,RNaseP,tRNA,tRNA_tdbR00000300-Saccharomyces_cerevisiae-4932-Asn-GUU
7706,RNaseP,tRNA,tRNA_tdbR00000301-Lupinus_luteus-3873-Asn-UU
7707,RNaseP,tRNA,tRNA_tdbR00000309-Enterobacteria_phage_T4-10665-Pro-NGG
7708,RNaseP,tRNA,tRNA_tdbR00000313-Haloferax_volcanii-2246-Pro-UGG
7709,RNaseP,tRNA,tRNA_tdbR00000316-Bacillus_subtilis-1423-Pro-5GG
7710,RNaseP,tRNA,tRNA_tdbR00000317-Salmonella_typhimurium-602-Pro-CGG
7711,RNaseP,tRNA,tRNA_tdbR00000328-Enterobacteria_phage_T5-10726-Gln-UUG
7712,RNaseP,tRNA,tRNA_tdbR00000333-Escherichia_coli-562-Gln-NUG
7713,RNaseP,tRNA,tRNA_tdbR00000336-Aedes_albopictus-7160-Gln-NUG
7714,RNaseP,tRNA,tRNA_tdbR00000337-Tetrahymena_thermophila-5911-Gln-CUA
7715,RNaseP,tRNA,tRNA_tdbR00000338-Tetrahymena_thermophila-5911-Gln-JUA
7716,RNaseP,tRNA,tRNA_tdbR00000342-Bos_taurus-9913-Gln-CUG
7717,RNaseP,tRNA,tRNA_tdbR00000343-Mus_musculus-10090-Gln-CUG
7718,RNaseP,tRNA,tRNA_tdbR00000346-Homo_sapiens-9606-Gln-NUG
7719,RNaseP,tRNA,tRNA_tdbR00000347-Enterobacteria_phage_T4-10665-Arg-NCU
7720,RNaseP,tRNA,tRNA_tdbR00000351-Haloferax_volcanii-2246-Arg-NCG
7721,RNaseP,tRNA,tRNA_tdbR00000352-Mycoplasma_capricolum-2095-Arg-ICG
7722,RNaseP,tRNA,tRNA_tdbR00000355-Escherichia_coli-562-Arg-ICG
7723,RNaseP,tRNA,tRNA_tdbR00000356-Escherichia_coli-562-Arg-ICG
7724,RNaseP,tRNA,tRNA_tdbR00000358-Escherichia_coli-562-Arg-CU
7725,RNaseP,tRNA,tRNA_tdbR00000360-Codium_fragile-3133-Arg-ICG
7726,RNaseP,tRNA,tRNA_tdbR00000363-Ascaris_suum-6253-Arg-PCU
7727,RNaseP,tRNA,tRNA_tdbR00000364-Ascaris_suum-6253-Arg-ACG
7728,RNaseP,tRNA,tRNA_tdbR00000365-Aedes_albopictus-7160-Arg-UCG
7729,RNaseP,tRNA,tRNA_tdbR00000368-Mesocricetus_auratus-10036-Arg-UCG
7730,RNaseP,tRNA,tRNA_tdbR00000371-Saccharomyces_cerevisiae-4932-Arg-1CU
7731,RNaseP,tRNA,tRNA_tdbR00000375-Bos_taurus-9913-Arg-CCU
7732,RNaseP,tRNA,tRNA_tdbR00000376-Bos_taurus-9913-Arg-3CP
7733,RNaseP,tRNA,tRNA_tdbR00000377-Mus_musculus-10090-Arg-ICG
7734,RNaseP,tRNA,tRNA_tdbR00000380-Halobacterium_salinarum-2242-Ser-MGA
7735,RNaseP,tRNA,tRNA_tdbR00000383-Haloferax_volcanii-2246-Ser-GGA
7736,RNaseP,tRNA,tRNA_tdbR00000386-Mycoplasma_mycoides-2102-Ser-UGA
7737,RNaseP,tRNA,tRNA_tdbR00000393-Escherichia_coli-562-Ser-GGA
7738,RNaseP,tRNA,tRNA_tdbR00000394-Escherichia_coli-562-Ser-VGA
7739,RNaseP,tRNA,tRNA_tdbR00000396-Saccharomyces_cerevisiae-4932-Ser-UGA
7740,RNaseP,tRNA,tRNA_tdbR00000397-Saccharomyces_cerevisiae-4932-Ser-UGA
7741,RNaseP,tRNA,tRNA_tdbR00000400-Loligo_bleekeri-6617-Ser-7CU
7742,RNaseP,tRNA,tRNA_tdbR00000403-Bos_taurus-9913-Ser-UGA
7743,RNaseP,tRNA,tRNA_tdbR00000406-Saccharomyces_cerevisiae-4932-Ser-NGA
7744,RNaseP,tRNA,tRNA_tdbR00000407-Saccharomyces_cerevisiae-4932-Ser-IGA
7745,RNaseP,tRNA,tRNA_tdbR00000408-Saccharomyces_cerevisiae-4932-Ser-IGA
7746,RNaseP,tRNA,tRNA_tdbR00000413-Candida_cylindracea-44322-Ser-GCU
7747,RNaseP,tRNA,tRNA_tdbR00000415-Nicotiana_rustica-4093-Ser-GA
7748,RNaseP,tRNA,tRNA_tdbR00000416-Nicotiana_rustica-4093-Ser-CGA
7749,RNaseP,tRNA,tRNA_tdbR00000424-Drosophila_melanogaster-7227-Ser-GCU
7750,RNaseP,tRNA,tRNA_tdbR00000430-Halobacterium_salinarum-2242-Thr-GGU
7751,RNaseP,tRNA,tRNA_tdbR00000431-Haloferax_volcanii-2246-Thr-CGU
7752,RNaseP,tRNA,tRNA_tdbR00000432-Haloferax_volcanii-2246-Thr-GGU
7753,RNaseP,tRNA,tRNA_tdbR00000439-Spinacia_oleracea-3562-Thr-GGU
7754,RNaseP,tRNA,tRNA_tdbR00000443-Saccharomyces_cerevisiae-4932-Thr-IGU
7755,RNaseP,tRNA,tRNA_tdbR00000445-Bos_taurus-9913-Thr-IGU
7756,RNaseP,tRNA,tRNA_tdbR00000446-Halobacterium_salinarum-2242-Val-CAC
7757,RNaseP,tRNA,tRNA_tdbR00000448-Halobacterium_salinarum-2242-Val-GAC
7758,RNaseP,tRNA,tRNA_tdbR00000451-Mycoplasma_capricolum-2095-Val-UAC
7759,RNaseP,tRNA,tRNA_tdbR00000453-Bacillus_subtilis-1423-Val-5AC
7760,RNaseP,tRNA,tRNA_tdbR00000455-Escherichia_coli-562-Val-GAC
7761,RNaseP,tRNA,tRNA_tdbR00000459-Neurospora_crassa-5141-Val-UAC
7762,RNaseP,tRNA,tRNA_tdbR00000461-Rattus_norvegicus-10116-Val-UAC
7763,RNaseP,tRNA,tRNA_tdbR00000463-Bos_taurus-9913-Val-UAC
7764,RNaseP,tRNA,tRNA_tdbR00000465-Saccharomyces_cerevisiae-4932-Val-CAC
7765,RNaseP,tRNA,tRNA_tdbR00000467-Pichia_jadinii-4903-Val-IAC
7766,RNaseP,tRNA,tRNA_tdbR00000471-Oryctolagus_cuniculus-9986-Val-IAC
7767,RNaseP,tRNA,tRNA_tdbR00000472-Drosophila_melanogaster-7227-Val-IAC
7768,RNaseP,tRNA,tRNA_tdbR00000475-Mus_musculus-10090-Val-IAC
7769,RNaseP,tRNA,tRNA_tdbR00000477-Avian_myeloblastosis_virus-11866-Trp-BCA
7770,RNaseP,tRNA,tRNA_tdbR00000478-Haloferax_volcanii-2246-Trp-BCA
7771,RNaseP,tRNA,tRNA_tdbR00000480-Mycoplasma_capricolum-2095-Trp-CA
7772,RNaseP,tRNA,tRNA_tdbR00000482-Spiroplasma_citri-2133-Trp-CCA
7773,RNaseP,tRNA,tRNA_tdbR00000485-Nicotiana_tabacum-4097-Trp-BCA
7774,RNaseP,tRNA,tRNA_tdbR00000486-Phaseolus_vulgaris-3885-Trp-BCA
7775,RNaseP,tRNA,tRNA_tdbR00000488-Tetrahymena_thermophila-5911-Trp-CA
7776,RNaseP,tRNA,tRNA_tdbR00000492-Rattus_norvegicus-10116-Trp-NCA
7777,RNaseP,tRNA,tRNA_tdbR00000497-Bos_taurus-9913-Trp-BCA
7778,RNaseP,tRNA,tRNA_tdbR00000498-Gallus_gallus-9031-Trp-BCA
7779,RNaseP,tRNA,tRNA_tdbR00000499-Halobacterium_salinarum-2242-Ini-CAU
7780,RNaseP,tRNA,tRNA_tdbR00000500-Haloferax_volcanii-2246-Ini-CAU
7781,RNaseP,tRNA,tRNA_tdbR00000504-Mycoplasma_capricolum-2095-Ini-CAU
7782,RNaseP,tRNA,tRNA_tdbR00000505-Mycoplasma_mycoides-2102-Ini-CAU
7783,RNaseP,tRNA,tRNA_tdbR00000506-Streptomyces_griseus-1911-Ini-CAU
7784,RNaseP,tRNA,tRNA_tdbR00000507-Bacillus_subtilis-1423-Ini-CAU
7785,RNaseP,tRNA,tRNA_tdbR00000510-Escherichia_coli-562-Ini-CAU
7786,RNaseP,tRNA,tRNA_tdbR00000512-Mycobacterium_smegmatis-1772-Ini-CAU
7787,RNaseP,tRNA,tRNA_tdbR00000514-Scenedesmus_obliquus-3088-Ini-CAU
7788,RNaseP,tRNA,tRNA_tdbR00000519-Phaseolus_vulgaris-3885-Ini-CAU
7789,RNaseP,tRNA,tRNA_tdbR00000522-Bos_taurus-9913-Ini-AU
7790,RNaseP,tRNA,tRNA_tdbR00000523-Tetrahymena_thermophila-5911-Ini-CAU
7791,RNaseP,tRNA,tRNA_tdbR00000529-Triticum_aestivum-4565-Ini-CAU
7792,RNaseP,tRNA,tRNA_tdbR00000532-Oryctolagus_cuniculus-9986-Ini-CAU
7793,RNaseP,tRNA,tRNA_tdbR00000533-Drosophila_melanogaster-7227-Ini-CAU
7794,RNaseP,tRNA,tRNA_tdbR00000534-Euphausia_superba-6819-Ini-CAU
7795,RNaseP,tRNA,tRNA_tdbR00000535-Xenopus_laevis-8355-Ini-CAU
7796,RNaseP,tRNA,tRNA_tdbR00000539-Ovis_aries-9940-Ini-CAU
7797,RNaseP,tRNA,tRNA_tdbR00000545-Escherichia_coli-562-Tyr-QUA
7798,RNaseP,tRNA,tRNA_tdbR00000546-Escherichia_coli-562-Tyr-QUA
7799,RNaseP,tRNA,tRNA_tdbR00000548-Scenedesmus_obliquus-3088-Tyr-GUA
7800,RNaseP,tRNA,tRNA_tdbR00000556-Schizosaccharomyces_pombe-4896-Tyr-GPA
7801,RNaseP,tRNA,tRNA_tdbR00000559-Triticum_aestivum-4565-Tyr-GPA
7802,RNaseP,tRNA,tRNA_tdbR00000560-Lupinus_luteus-3873-Tyr-GPA
7803,RNaseP,tRNA,tRNA_tdbR00000565-Bos_taurus-9913-Tyr-9PA
7804,RNaseP,tRNA,tRNA_tdbR00000572-Leishmania_tarentolae-5689-Lys-1UU
7805,RNaseP,tRNA,tRNA_tdbR00000575-Leishmania_tarentolae-5689-Thr-CGU
7806,RNaseP,tRNA,tRNA_tdbR00000578-Leishmania_tarentolae-5689-Glu-3UC
7807,RNaseP,tRNA,tRNA_tdbR00000581-Aeropyrum_pernix-56636-Lys-CUU
7808,RNaseP,tRNA,tRNA_tdbR00000584-Aeropyrum_pernix-56636-Pro-GGG
7809,RNaseP,tRNA,tRNA_tdbR00000587-Aeropyrum_pernix-56636-Met-CAU
7810,RNaseP,tRNA,tRNA_tdbR00000590-Ascaris_suum-6253-Glu-UC
7811,RNaseP,tRNA,tRNA_tdbR00000593-Ascaris_suum-6253-Trp-CA
7812,RNaseP,tRNA,tRNA_tdbR00000605-Lupinus_luteus-3873-Leu-CAG
7813,RNaseP,tRNA,tRNA_tdbR00000611-Sinorhizobium_meliloti-382-His-GUG
7814,RNaseP,tRNA,tRNA_tdbR00000613-Nanoarchaeum_equitans-160232-Glu-CUC
7815,RNaseP,tRNA,tRNA_tdbR00000616-Nanoarchaeum_equitans-160232-Lys-CUU
7816,RNaseP,tRNA,tRNA_tdbR00000617-Nanoarchaeum_equitans-160232-Gln-UUG
7817,RNaseP,tRNA,tRNA_tdbR00000618-Candida_albicans-5476-Leu-CAG
7818,RNaseP,telomerase,telomerase_AC121792.109554-109950
7819,RNaseP,telomerase,telomerase_AF147806.247-692
7820,RNaseP,telomerase,telomerase_AF221906.96-545
7821,RNaseP,telomerase,telomerase_AF221908.136-584
7822,RNaseP,telomerase,telomerase_AF221909.98-496
7823,RNaseP,telomerase,telomerase_AF221910.112-554
7824,RNaseP,telomerase,telomerase_AF221911.104-513
7825,RNaseP,telomerase,telomerase_AF221912.98-564
7826,RNaseP,telomerase,telomerase_AF221913.109-520
7827,RNaseP,telomerase,telomerase_AF221914.112-589
7828,RNaseP,telomerase,telomerase_AF221916.94-481
7829,RNaseP,telomerase,telomerase_AF221917.99-542
7830,RNaseP,telomerase,telomerase_AF221918.97-547
7831,RNaseP,telomerase,telomerase_AF221919.107-614
7832,RNaseP,telomerase,telomerase_AF221920.99-541
7833,RNaseP,telomerase,telomerase_AF221921.98-548
7834,RNaseP,telomerase,telomerase_AF221923.106-554
7835,RNaseP,telomerase,telomerase_AF221924.105-538
7836,RNaseP,telomerase,telomerase_AF221925.98-540
7837,RNaseP,telomerase,telomerase_AF221926.103-507
7838,RNaseP,telomerase,telomerase_AF221927.113-556
7839,RNaseP,telomerase,telomerase_AF221928.95-476
7840,RNaseP,telomerase,telomerase_AF221929.92-517
7841,RNaseP,telomerase,telomerase_AF221930.94-546
7842,RNaseP,telomerase,telomerase_AF221931.99-541
7843,RNaseP,telomerase,telomerase_AF221932.102-549
7844,RNaseP,telomerase,telomerase_AF221934.121-565
7845,RNaseP,telomerase,telomerase_AF221935.112-602
7846,RNaseP,telomerase,telomerase_AF221936.98-540
7847,RNaseP,telomerase,telomerase_AF221937.99-545
7848,RNaseP,telomerase,telomerase_AF221939.99-544
7849,RNaseP,telomerase,telomerase_AF221940.103-499
7850,RNaseP,telomerase,telomerase_AY058901.1-397
7851,RNaseP,telomerase,telomerase_AY312571.605-1069
7852,RNaseP,telomerase,telomerase_U85256.1-451
7853,RNaseP,telomerase,telomerase_AC121792.109554-109950
7854,RNaseP,telomerase,telomerase_AF147806.247-692
7855,RNaseP,telomerase,telomerase_AF221906.96-545
7856,RNaseP,telomerase,telomerase_AF221908.136-584
7857,RNaseP,telomerase,telomerase_AF221909.98-496
7858,RNaseP,telomerase,telomerase_AF221910.112-554
7859,RNaseP,telomerase,telomerase_AF221911.104-513
7860,RNaseP,telomerase,telomerase_AF221912.98-564
7861,RNaseP,telomerase,telomerase_AF221913.109-520
7862,RNaseP,telomerase,telomerase_AF221914.112-589
7863,RNaseP,telomerase,telomerase_AF221916.94-481
7864,RNaseP,telomerase,telomerase_AF221917.99-542
7865,RNaseP,telomerase,telomerase_AF221918.97-547
7866,RNaseP,telomerase,telomerase_AF221919.107-614
7867,RNaseP,telomerase,telomerase_AF221920.99-541
7868,RNaseP,telomerase,telomerase_AF221921.98-548
7869,RNaseP,telomerase,telomerase_AF221923.106-554
7870,RNaseP,telomerase,telomerase_AF221924.105-538
7871,RNaseP,telomerase,telomerase_AF221925.98-540
7872,RNaseP,telomerase,telomerase_AF221926.103-507
7873,RNaseP,telomerase,telomerase_AF221927.113-556
7874,RNaseP,telomerase,telomerase_AF221928.95-476
7875,RNaseP,telomerase,telomerase_AF221929.92-517
7876,RNaseP,telomerase,telomerase_AF221930.94-546
7877,RNaseP,telomerase,telomerase_AF221931.99-541
7878,RNaseP,telomerase,telomerase_AF221932.102-549
7879,RNaseP,telomerase,telomerase_AF221934.121-565
7880,RNaseP,telomerase,telomerase_AF221935.112-602
7881,RNaseP,telomerase,telomerase_AF221936.98-540
7882,RNaseP,telomerase,telomerase_AF221937.99-545
7883,RNaseP,telomerase,telomerase_AF221939.99-544
7884,RNaseP,telomerase,telomerase_AF221940.103-499
7885,RNaseP,telomerase,telomerase_AY058901.1-397
7886,RNaseP,telomerase,telomerase_AY312571.605-1069
7887,RNaseP,telomerase,telomerase_U85256.1-451
7888,RNaseP,telomerase,telomerase_AC121792.109554-109950
7889,RNaseP,telomerase,telomerase_AF147806.247-692
7890,RNaseP,telomerase,telomerase_AF221906.96-545
7891,RNaseP,telomerase,telomerase_AF221908.136-584
7892,RNaseP,telomerase,telomerase_AF221909.98-496
7893,RNaseP,telomerase,telomerase_AF221910.112-554
7894,RNaseP,telomerase,telomerase_AF221911.104-513
7895,RNaseP,telomerase,telomerase_AF221912.98-564
7896,RNaseP,telomerase,telomerase_AF221913.109-520
7897,RNaseP,telomerase,telomerase_AF221914.112-589
7898,RNaseP,telomerase,telomerase_AF221916.94-481
7899,RNaseP,telomerase,telomerase_AF221917.99-542
7900,RNaseP,telomerase,telomerase_AF221918.97-547
7901,RNaseP,telomerase,telomerase_AF221919.107-614
7902,RNaseP,telomerase,telomerase_AF221920.99-541
7903,RNaseP,telomerase,telomerase_AF221921.98-548
7904,RNaseP,telomerase,telomerase_AF221923.106-554
7905,RNaseP,telomerase,telomerase_AF221924.105-538
7906,RNaseP,telomerase,telomerase_AF221925.98-540
7907,RNaseP,telomerase,telomerase_AF221926.103-507
7908,RNaseP,telomerase,telomerase_AF221927.113-556
7909,RNaseP,telomerase,telomerase_AF221928.95-476
7910,RNaseP,telomerase,telomerase_AF221929.92-517
7911,RNaseP,telomerase,telomerase_AF221930.94-546
7912,RNaseP,telomerase,telomerase_AF221931.99-541
7913,RNaseP,telomerase,telomerase_AF221932.102-549
7914,RNaseP,telomerase,telomerase_AF221934.121-565
7915,RNaseP,telomerase,telomerase_AF221935.112-602
7916,RNaseP,telomerase,telomerase_AF221936.98-540
7917,RNaseP,telomerase,telomerase_AF221937.99-545
7918,RNaseP,telomerase,telomerase_AF221939.99-544
7919,RNaseP,telomerase,telomerase_AF221940.103-499
7920,RNaseP,telomerase,telomerase_AY058901.1-397
7921,RNaseP,telomerase,telomerase_AY312571.605-1069
7922,RNaseP,telomerase,telomerase_U85256.1-451
7923,RNaseP,telomerase,telomerase_AC121792.109554-109950
7924,RNaseP,telomerase,telomerase_AF147806.247-692
7925,RNaseP,telomerase,telomerase_AF221906.96-545
7926,RNaseP,telomerase,telomerase_AF221908.136-584
7927,RNaseP,telomerase,telomerase_AF221909.98-496
7928,RNaseP,telomerase,telomerase_AF221910.112-554
7929,RNaseP,telomerase,telomerase_AF221911.104-513
7930,RNaseP,telomerase,telomerase_AF221912.98-564
7931,RNaseP,telomerase,telomerase_AF221913.109-520
7932,RNaseP,telomerase,telomerase_AF221914.112-589
7933,RNaseP,telomerase,telomerase_AF221916.94-481
7934,RNaseP,telomerase,telomerase_AF221917.99-542
7935,RNaseP,telomerase,telomerase_AF221918.97-547
7936,RNaseP,telomerase,telomerase_AF221919.107-614
7937,RNaseP,telomerase,telomerase_AF221920.99-541
7938,RNaseP,telomerase,telomerase_AF221921.98-548
7939,RNaseP,telomerase,telomerase_AF221923.106-554
7940,RNaseP,telomerase,telomerase_AF221924.105-538
7941,RNaseP,telomerase,telomerase_AF221925.98-540
7942,RNaseP,telomerase,telomerase_AF221926.103-507
7943,RNaseP,telomerase,telomerase_AF221927.113-556
7944,RNaseP,telomerase,telomerase_AF221928.95-476
7945,RNaseP,telomerase,telomerase_AF221929.92-517
7946,RNaseP,telomerase,telomerase_AF221930.94-546
7947,RNaseP,telomerase,telomerase_AF221931.99-541
7948,RNaseP,telomerase,telomerase_AF221932.102-549
7949,RNaseP,telomerase,telomerase_AF221934.121-565
7950,RNaseP,telomerase,telomerase_AF221935.112-602
7951,RNaseP,telomerase,telomerase_AF221936.98-540
7952,RNaseP,telomerase,telomerase_AF221937.99-545
7953,RNaseP,telomerase,telomerase_AF221939.99-544
7954,RNaseP,telomerase,telomerase_AF221940.103-499
7955,RNaseP,telomerase,telomerase_AY058901.1-397
7956,RNaseP,telomerase,telomerase_AY312571.605-1069
7957,RNaseP,telomerase,telomerase_U85256.1-451
7958,RNaseP,telomerase,telomerase_AC121792.109554-109950
7959,RNaseP,telomerase,telomerase_AF147806.247-692
7960,RNaseP,telomerase,telomerase_AF221906.96-545
7961,RNaseP,telomerase,telomerase_AF221908.136-584
7962,RNaseP,telomerase,telomerase_AF221909.98-496
7963,RNaseP,telomerase,telomerase_AF221910.112-554
7964,RNaseP,telomerase,telomerase_AF221911.104-513
7965,RNaseP,telomerase,telomerase_AF221912.98-564
7966,RNaseP,telomerase,telomerase_AF221913.109-520
7967,RNaseP,telomerase,telomerase_AF221914.112-589
7968,RNaseP,telomerase,telomerase_AF221916.94-481
7969,RNaseP,telomerase,telomerase_AF221917.99-542
7970,RNaseP,telomerase,telomerase_AF221918.97-547
7971,RNaseP,telomerase,telomerase_AF221919.107-614
7972,RNaseP,telomerase,telomerase_AF221920.99-541
7973,RNaseP,telomerase,telomerase_AF221921.98-548
7974,RNaseP,telomerase,telomerase_AF221923.106-554
7975,RNaseP,telomerase,telomerase_AF221924.105-538
7976,RNaseP,telomerase,telomerase_AF221925.98-540
7977,RNaseP,telomerase,telomerase_AF221926.103-507
7978,RNaseP,telomerase,telomerase_AF221927.113-556
7979,RNaseP,telomerase,telomerase_AF221928.95-476
7980,RNaseP,telomerase,telomerase_AF221929.92-517
7981,RNaseP,telomerase,telomerase_AF221930.94-546
7982,RNaseP,telomerase,telomerase_AF221931.99-541
7983,RNaseP,telomerase,telomerase_AF221932.102-549
7984,RNaseP,telomerase,telomerase_AF221934.121-565
7985,RNaseP,telomerase,telomerase_AF221935.112-602
7986,RNaseP,telomerase,telomerase_AF221936.98-540
7987,RNaseP,telomerase,telomerase_AF221937.99-545
7988,RNaseP,telomerase,telomerase_AF221939.99-544
7989,RNaseP,telomerase,telomerase_AF221940.103-499
7990,RNaseP,telomerase,telomerase_AY058901.1-397
7991,RNaseP,telomerase,telomerase_AY312571.605-1069
7992,RNaseP,telomerase,telomerase_U85256.1-451
7993,RNaseP,telomerase,telomerase_AC121792.109554-109950
7994,RNaseP,telomerase,telomerase_AF147806.247-692
7995,RNaseP,telomerase,telomerase_AF221906.96-545
7996,RNaseP,telomerase,telomerase_AF221908.136-584
7997,RNaseP,telomerase,telomerase_AF221909.98-496
7998,RNaseP,telomerase,telomerase_AF221910.112-554
7999,RNaseP,telomerase,telomerase_AF221911.104-513
8000,RNaseP,telomerase,telomerase_AF221912.98-564
8001,RNaseP,telomerase,telomerase_AF221913.109-520
8002,RNaseP,telomerase,telomerase_AF221914.112-589
8003,RNaseP,telomerase,telomerase_AF221916.94-481
8004,RNaseP,telomerase,telomerase_AF221917.99-542
8005,RNaseP,telomerase,telomerase_AF221918.97-547
8006,RNaseP,telomerase,telomerase_AF221919.107-614
8007,RNaseP,telomerase,telomerase_AF221920.99-541
8008,RNaseP,telomerase,telomerase_AF221921.98-548
8009,RNaseP,telomerase,telomerase_AF221923.106-554
8010,RNaseP,telomerase,telomerase_AF221924.105-538
8011,RNaseP,telomerase,telomerase_AF221925.98-540
8012,RNaseP,telomerase,telomerase_AF221926.103-507
8013,RNaseP,telomerase,telomerase_AF221927.113-556
8014,RNaseP,telomerase,telomerase_AF221928.95-476
8015,RNaseP,telomerase,telomerase_AF221929.92-517
8016,RNaseP,telomerase,telomerase_AF221930.94-546
8017,RNaseP,telomerase,telomerase_AF221931.99-541
8018,RNaseP,tmRNA,tmRNA_Acin.spec._CR543861_1-360
8019,RNaseP,tmRNA,tmRNA_Acti.acti._TRW-272556_1-366
8020,RNaseP,tmRNA,tmRNA_Acti.naes._TRW-240017_1-371
8021,RNaseP,tmRNA,tmRNA_Acti.succ._TRW-339671_1-367
8022,RNaseP,tmRNA,tmRNA_Aero.hydr._AY442269_1-360
8023,RNaseP,tmRNA,tmRNA_Aero.hydr._CP000462_1-360
8024,RNaseP,tmRNA,tmRNA_Anab.vari._CP000117_1-390
8025,RNaseP,tmRNA,tmRNA_Aqui.aeol._TRW-63363_1-347
8026,RNaseP,tmRNA,tmRNA_Arth.spec._CP000454_1-369
8027,RNaseP,tmRNA,tmRNA_Azoa.spec._TRW-62928_1-378
8028,RNaseP,tmRNA,tmRNA_Baci.G._TRW-12333_1-312
8029,RNaseP,tmRNA,tmRNA_Baci.anth._AE016879_1-355
8030,RNaseP,tmRNA,tmRNA_Baci.halo._BA000004_1-361
8031,RNaseP,tmRNA,tmRNA_Baci.thur._AE017355_1-355
8032,RNaseP,tmRNA,tmRNA_Bact.frag._CR626927_1-398
8033,RNaseP,tmRNA,tmRNA_Bact.frag._TRW-817_1-398
8034,RNaseP,tmRNA,tmRNA_Bdel.bact._BX842656_1-346
8035,RNaseP,tmRNA,tmRNA_Bord.bron._TRW-257310_1-387
8036,RNaseP,tmRNA,tmRNA_Bord.para._TRW-257311_1-387
8037,RNaseP,tmRNA,tmRNA_Borr.burg._AE001118_1-359
8038,RNaseP,tmRNA,tmRNA_Buch.aphi._AE013218_1-376
8039,RNaseP,tmRNA,tmRNA_Buch.aphi._BD061520_1-369
8040,RNaseP,tmRNA,tmRNA_Burk.ceno._CP000378_1-370
8041,RNaseP,tmRNA,tmRNA_Burk.mall._CP000010_1-370
8042,RNaseP,tmRNA,tmRNA_Burk.spec._CP000151_1-370
8043,RNaseP,tmRNA,tmRNA_Burk.viet._TRW-269482_1-370
8044,RNaseP,tmRNA,tmRNA_Camp.coli._TRW-306254_1-359
8045,RNaseP,tmRNA,tmRNA_Camp.fetu._AY211269_1-361
8046,RNaseP,tmRNA,tmRNA_Camp.lari._TRW-306263_1-359
8047,RNaseP,tmRNA,tmRNA_Camp.upsa._TRW-306264_1-359
8048,RNaseP,tmRNA,tmRNA_Carn.malt._AF275938_1-366
8049,RNaseP,tmRNA,tmRNA_Chla.abor._CR848038_1-425
8050,RNaseP,tmRNA,tmRNA_Chla.cavi._AE015925_1-425
8051,RNaseP,tmRNA,tmRNA_Chla.muri._AE002296_1-418
8052,RNaseP,tmRNA,tmRNA_Chla.pneu._TRW-83558_1-426
8053,RNaseP,tmRNA,tmRNA_Chla.trac._TRW-272561_1-420
8054,RNaseP,tmRNA,tmRNA_Chla.trac._TRW-813-1_1-420
8055,RNaseP,tmRNA,tmRNA_Chlo.chlo._CP000108_1-401
8056,RNaseP,tmRNA,tmRNA_Clav.mich._TRW-31964_1-376
8057,RNaseP,tmRNA,tmRNA_Clos.acet._AE001437_1-359
8058,RNaseP,tmRNA,tmRNA_Clos.botu._TRW-36826_1-355
8059,RNaseP,tmRNA,tmRNA_Clos.diff._AM180355_1-350
8060,RNaseP,tmRNA,tmRNA_Clos.diff._TRW-367459_1-350
8061,RNaseP,tmRNA,tmRNA_Clos.ther._TRW-203119_1-387
8062,RNaseP,tmRNA,tmRNA_Copr.prot._TRW-351627_1-353
8063,RNaseP,tmRNA,tmRNA_Croc.wats._TRW-165597_1-386
8064,RNaseP,tmRNA,tmRNA_Cyan.mero._AY286123_1-236
8065,RNaseP,tmRNA,tmRNA_Desu.psyc._CR522870_1-366
8066,RNaseP,tmRNA,tmRNA_Dich.nodo._TRW-35819_1-352
8067,RNaseP,tmRNA,tmRNA_Emil.huxl._TRW-280463_1-291
8068,RNaseP,tmRNA,tmRNA_Ente.faec._BD193796_1-367
8069,RNaseP,tmRNA,tmRNA_Ente.faec._TRW-1352_1-367
8070,RNaseP,tmRNA,tmRNA_Erwi.caro._BX950851_1-363
8071,RNaseP,tmRNA,tmRNA_Esch.coli._AE005491_1-363
8072,RNaseP,tmRNA,tmRNA_Esch.coli._AP009048_1-363
8073,RNaseP,tmRNA,tmRNA_Esch.coli._BA000007_1-363
8074,RNaseP,tmRNA,tmRNA_Esch.coli._CP000247_1-363
8075,RNaseP,tmRNA,tmRNA_Esch.coli._D90888_1-363
8076,RNaseP,tmRNA,tmRNA_Esch.coli._U36840_1-363
8077,RNaseP,tmRNA,tmRNA_Exig.sibi._TRW-262543_1-359
8078,RNaseP,tmRNA,tmRNA_Fibr.succ._TRW-59374_1-361
8079,RNaseP,tmRNA,tmRNA_Fran.tula._AM233362_1-421
8080,RNaseP,tmRNA,tmRNA_Fran.tula._AM286280_1-421
8081,RNaseP,tmRNA,tmRNA_Fran.tula._CP000437_1-421
8082,RNaseP,tmRNA,tmRNA_Fuso.nucl._AE010567_1-341
8083,RNaseP,tmRNA,tmRNA_Fuso.nucl._TRW-209882_1-344
8084,RNaseP,tmRNA,tmRNA_Gemm.obsc._TRW-214688_1-412
8085,RNaseP,tmRNA,tmRNA_Geob.meta._CP000148_1-356
8086,RNaseP,tmRNA,tmRNA_Geob.stea._TRW-1422_1-352
8087,RNaseP,tmRNA,tmRNA_Guil.thet._AF041468_1-327
8088,RNaseP,tmRNA,tmRNA_Haem.ducr._AE017143_1-367
8089,RNaseP,tmRNA,tmRNA_Haem.infl._AY599475_1-366
8090,RNaseP,tmRNA,tmRNA_Haem.infl._L42023_1-366
8091,RNaseP,tmRNA,tmRNA_Haem.infl._TRW-262727_1-366
8092,RNaseP,tmRNA,tmRNA_Haem.infl._TRW-262728_1-366
8093,RNaseP,tmRNA,tmRNA_Haem.infl._U32808_1-366
8094,RNaseP,tmRNA,tmRNA_Heli.hepa._AE017125_1-369
8095,RNaseP,tmRNA,tmRNA_Heli.must._DQ250625_1-366
8096,RNaseP,tmRNA,tmRNA_Heli.pylo._AE000511_1-386
8097,RNaseP,tmRNA,tmRNA_Heli.pylo._AE001503_1-383
8098,RNaseP,tmRNA,tmRNA_Heli.pylo._TRW-85962_1-386
8099,RNaseP,tmRNA,tmRNA_Heli.pylo._TRW-85963_1-386
8100,RNaseP,tmRNA,tmRNA_Kleb.pneu._TRW-272620_1-363
8101,RNaseP,tmRNA,tmRNA_Lact.john._TRW-257314_1-367
8102,RNaseP,tmRNA,tmRNA_Lact.lact._AE006373_1-359
8103,RNaseP,tmRNA,tmRNA_Lact.lact._AF176556_1-359
8104,RNaseP,tmRNA,tmRNA_Lact.plan._AL935259_1-372
8105,RNaseP,tmRNA,tmRNA_Leif.xyli._AE016822_1-394
8106,RNaseP,tmRNA,tmRNA_Lept.inte._AE016823_1-350
8107,RNaseP,tmRNA,tmRNA_Lept.spec._TRW-261385_1-359
8108,RNaseP,tmRNA,tmRNA_Lept.spec._TRW-261386_1-359
8109,RNaseP,tmRNA,tmRNA_Leuc.mese._AF375574_1-307
8110,RNaseP,tmRNA,tmRNA_Leuc.mese._CP000414_1-358
8111,RNaseP,tmRNA,tmRNA_Leuc.mese._TRW-1245_1-358
8112,RNaseP,tmRNA,tmRNA_List.gray._AF440336_1-321
8113,RNaseP,tmRNA,tmRNA_List.mono._TRW-1639-1_1-370
8114,RNaseP,tmRNA,tmRNA_List.wels._AF440351_1-321
8115,RNaseP,tmRNA,tmRNA_Mann.haem._TRW-272629_1-367
8116,RNaseP,tmRNA,tmRNA_Mann.succ._AE016827_1-367
8117,RNaseP,tmRNA,tmRNA_Meso.flor._AE017263_1-408
8118,RNaseP,tmRNA,tmRNA_Meth.flag._CP000284_1-361
8119,RNaseP,tmRNA,tmRNA_Moor.ther._CP000232_1-358
8120,RNaseP,tmRNA,tmRNA_Mora.cata._AX067460_1-359
8121,RNaseP,tmRNA,tmRNA_Myco.Bxz1._AY129337_1-437
8122,RNaseP,tmRNA,tmRNA_Myco.afri._TRW-33894_1-368
8123,RNaseP,tmRNA,tmRNA_Myco.aviu._AE016958_1-368
8124,RNaseP,tmRNA,tmRNA_Myco.bovi._TRW-1765_1-368
8125,RNaseP,tmRNA,tmRNA_Myco.capr._D13067_1-411
8126,RNaseP,tmRNA,tmRNA_Myco.hyop._TRW-262719_1-433
8127,RNaseP,tmRNA,tmRNA_Myco.myco._BX842642_1-411
8128,RNaseP,tmRNA,tmRNA_Myco.pulm._AL445565_1-387
8129,RNaseP,tmRNA,tmRNA_Myco.smeg._CP000480_1-369
8130,RNaseP,tmRNA,tmRNA_Myco.tube._TRW-164513_1-368
8131,RNaseP,tmRNA,tmRNA_Myxo.xant._TRW-34_1-366
8132,RNaseP,tmRNA,tmRNA_Neis.gono._TRW-242231_1-363
8133,RNaseP,tmRNA,tmRNA_Neis.meni._TRW-272831_1-363
8134,RNaseP,tmRNA,tmRNA_Nitr.euro._BX321865_1-360
8135,RNaseP,tmRNA,tmRNA_Nitr.mult._CP000103_1-362
8136,RNaseP,tmRNA,tmRNA_Noca.farc._AP006618_1-368
8137,RNaseP,tmRNA,tmRNA_Nost.punc._TRW-63737_1-390
8138,RNaseP,tmRNA,tmRNA_Nost.spec._BA000019_1-390
8139,RNaseP,tmRNA,tmRNA_Odon.sine._TRW-2839_1-371
8140,RNaseP,tmRNA,tmRNA_Oeno.oeni._TRW-203123_1-350
8141,RNaseP,tmRNA,tmRNA_Onio.yell._AP006628_1-423
8142,RNaseP,tmRNA,tmRNA_Para.symb._BX908798_1-405
8143,RNaseP,tmRNA,tmRNA_Pedi.pent._CP000422_1-369
8144,RNaseP,tmRNA,tmRNA_Phot.lumi._BX571870_1-364
8145,RNaseP,tmRNA,tmRNA_Phot.prof._CR378665_1-368
8146,RNaseP,tmRNA,tmRNA_Pola.spec._CP000316_1-387
8147,RNaseP,tmRNA,tmRNA_Porp.ging._TRW-242619_1-407
8148,RNaseP,tmRNA,tmRNA_Porp.purp._TRW-2787_1-323
8149,RNaseP,tmRNA,tmRNA_Prop.acne._AE017283_1-371
8150,RNaseP,tmRNA,tmRNA_Prop.acne._TRW-1747-1_1-371
8151,RNaseP,tmRNA,tmRNA_Pseu.aeru._AE004091_1-353
8152,RNaseP,tmRNA,tmRNA_Pseu.aeru._CP000438_1-353
8153,RNaseP,tmRNA,tmRNA_Pseu.ento._CT573326_1-392
8154,RNaseP,tmRNA,tmRNA_Pseu.fluo._CP000076_1-394
8155,RNaseP,tmRNA,tmRNA_Pseu.fluo._TRW-216595_1-397
8156,RNaseP,tmRNA,tmRNA_Pseu.syri._AE016853_1-388
8157,RNaseP,tmRNA,tmRNA_Rals.sola._AL646052_1-360
8158,RNaseP,tmRNA,tmRNA_Rubr.gela._TRW-279263_1-372
8159,RNaseP,tmRNA,tmRNA_Rubr.xyla._CP000386_1-360
8160,RNaseP,tmRNA,tmRNA_Rumi.albu._TRW-246199_1-354
8161,RNaseP,tmRNA,tmRNA_Sali.rube._CP000159_1-369
8162,RNaseP,tmRNA,tmRNA_Salm.bong._TRW-218493_1-363
8163,RNaseP,tmRNA,tmRNA_Salm.ente._AE014613_1-363
8164,RNaseP,tmRNA,tmRNA_Salm.ente._AE017220_1-363
8165,RNaseP,tmRNA,tmRNA_Salm.ente._TRW-59204_1-363
8166,RNaseP,tmRNA,tmRNA_Salm.typh._AY316313_1-363
8167,RNaseP,tmRNA,tmRNA_Salm.typh._AY319520_1-363
8168,RNaseP,tmRNA,tmRNA_Serr.marc._TRW-273526_1-364
8169,RNaseP,tmRNA,tmRNA_Shew.onei._AX048560_1-355
8170,RNaseP,tmRNA,tmRNA_Shew.putr._TRW-319224_1-356
8171,RNaseP,tmRNA,tmRNA_Shew.spec._CP000444_1-355
8172,RNaseP,tmRNA,tmRNA_Shew.spec._CP000446_1-355
8173,RNaseP,tmRNA,tmRNA_Shew.spec._CP000469_1-355
8174,RNaseP,tmRNA,tmRNA_Shew.spec._TRW-323850_1-356
8175,RNaseP,tmRNA,tmRNA_Shig.dyse._CP000034_1-363
8176,RNaseP,tmRNA,tmRNA_Shig.flex._AE014073_1-363
8177,RNaseP,tmRNA,tmRNA_Shig.sonn._CP000038_1-363
8178,RNaseP,tmRNA,tmRNA_Soda.glos._AP008232_1-384
8179,RNaseP,tmRNA,tmRNA_Stap.aure._AC074317_1-359
8180,RNaseP,tmRNA,tmRNA_Stap.aure._BA000017_1-362
8181,RNaseP,tmRNA,tmRNA_Stap.aure._BX571857_1-362
8182,RNaseP,tmRNA,tmRNA_Stap.aure._TRW-1280_1-362
8183,RNaseP,tmRNA,tmRNA_Stap.epid._TRW-1282-2_1-362
8184,RNaseP,tmRNA,tmRNA_Sten.malt._TRW-40324_1-354
8185,RNaseP,tmRNA,tmRNA_Stre.agal._AE014233_1-350
8186,RNaseP,tmRNA,tmRNA_Stre.aure._AY616521_1-382
8187,RNaseP,tmRNA,tmRNA_Stre.aver._BA000030_1-389
8188,RNaseP,tmRNA,tmRNA_Stre.equi._TRW-1336_1-349
8189,RNaseP,tmRNA,tmRNA_Stre.pneu._AE008453_1-348
8190,RNaseP,tmRNA,tmRNA_Stre.scab._TRW-1883_1-402
8191,RNaseP,tmRNA,tmRNA_Stre.sobr._TRW-246202_1-349
8192,RNaseP,tmRNA,tmRNA_Sulf.azor._TRW-204536_1-351
8193,RNaseP,tmRNA,tmRNA_Syne.spec._D90916_1-396
8194,RNaseP,tmRNA,tmRNA_Synt.acid._CP000252_1-356
8195,RNaseP,tmRNA,tmRNA_Thal.pseu._EF067921_1-344
8196,RNaseP,tmRNA,tmRNA_Thal.weis._AF049491_1-348
8197,RNaseP,tmRNA,tmRNA_Ther.fusc._CP000088_1-372
8198,RNaseP,tmRNA,tmRNA_Ther.mari._TRW-243274-1_1-356
8199,RNaseP,tmRNA,tmRNA_Ther.teng._AE013063_1-351
8200,RNaseP,tmRNA,tmRNA_Trep.dent._AE017226_1-351
8201,RNaseP,tmRNA,tmRNA_Trep.pall._TRW-243276_1-354
8202,RNaseP,tmRNA,tmRNA_Tric.eryt._CP000393_1-398
8203,RNaseP,tmRNA,tmRNA_Trop.whip._BX251411_1-369
8204,RNaseP,tmRNA,tmRNA_Urea.parv._AE002154_1-413
8205,RNaseP,tmRNA,tmRNA_Xant.axon._AE011783_1-397
8206,RNaseP,tmRNA,tmRNA_Xyle.fast._AE003849_1-355
8207,RNaseP,tmRNA,tmRNA_Xyle.fast._AE004078_1-355
8208,RNaseP,tmRNA,tmRNA_Xyle.fast._TRW-155920_1-355
8209,RNaseP,tmRNA,tmRNA_Yers.ente._TRW-34054_1-381
8210,RNaseP,tmRNA,tmRNA_Yers.inte._TRW-349965_1-381
8211,RNaseP,tmRNA,tmRNA_Yers.pest._CP000305_1-364
8212,RNaseP,tmRNA,tmRNA_envi.sequ._TRW-204433_1-356
8213,RNaseP,tmRNA,tmRNA_envi.sequ._TRW-259292_1-355
8214,RNaseP,tmRNA,tmRNA_envi.sequ._TRW-32045-1_1-355
8215,RNaseP,tmRNA,tmRNA_envi.sequ._TRW-32045-2_1-345
8216,RNaseP,tmRNA,tmRNA_uncu.bact._TRW-32033-1_1-354
8217,RNaseP,tmRNA,tmRNA_uncu.bact._TRW-32045-4_1-369
8218,grp1,16s,16s_A.fulgidus_domain2
8219,grp1,16s,16s_A.fulgidus_domain3
8220,grp1,16s,16s_A.fulgidus_domain4
8221,grp1,16s,16s_A.pyrophilus_domain2
8222,grp1,16s,16s_A.pyrophilus_domain4
8223,grp1,16s,16s_B.burgdorferi_domain2
8224,grp1,16s,16s_B.burgdorferi_domain3
8225,grp1,16s,16s_B.burgdorferi_domain4
8226,grp1,16s,16s_B.subtilis_domain2
8227,grp1,16s,16s_B.subtilis_domain3
8228,grp1,16s,16s_B.subtilis_domain4
8229,grp1,16s,16s_C.elegans_domain1
8230,grp1,16s,16s_C.elegans_domain2
8231,grp1,16s,16s_C.elegans_domain3
8232,grp1,16s,16s_C.elegans_domain4
8233,grp1,16s,16s_C.psittaci_domain2
8234,grp1,16s,16s_C.psittaci_domain3
8235,grp1,16s,16s_C.psittaci_domain4
8236,grp1,16s,16s_C.reinhardtii.chloro_domain1
8237,grp1,16s,16s_C.reinhardtii.chloro_domain2
8238,grp1,16s,16s_C.reinhardtii.chloro_domain3
8239,grp1,16s,16s_C.reinhardtii.chloro_domain4
8240,grp1,16s,16s_C.reinhardtii.mito_domain1
8241,grp1,16s,16s_C.reinhardtii.mito_domain2
8242,grp1,16s,16s_C.reinhardtii.mito_domain3
8243,grp1,16s,16s_C.reinhardtii.mito_domain4
8244,grp1,16s,16s_D.melanogaster_domain4
8245,grp1,16s,16s_E.coli_domain2
8246,grp1,16s,16s_E.coli_domain3
8247,grp1,16s,16s_E.coli_domain4
8248,grp1,16s,16s_F.ananassa_domain3
8249,grp1,16s,16s_F.ananassa_domain4
8250,grp1,16s,16s_G.intestinalis_domain1
8251,grp1,16s,16s_G.intestinalis_domain2
8252,grp1,16s,16s_G.intestinalis_domain3
8253,grp1,16s,16s_G.intestinalis_domain4
8254,grp1,16s,16s_H.sapiens.mito_domain1
8255,grp1,16s,16s_H.sapiens.mito_domain2
8256,grp1,16s,16s_H.sapiens.mito_domain3
8257,grp1,16s,16s_H.sapiens.mito_domain4
8258,grp1,16s,16s_H.sapiens_domain3
8259,grp1,16s,16s_H.sapiens_domain4
8260,grp1,16s,16s_H.volcanii_domain1
8261,grp1,16s,16s_H.volcanii_domain2
8262,grp1,16s,16s_H.volcanii_domain3
8263,grp1,16s,16s_H.volcanii_domain4
8264,grp1,16s,16s_M.polymorpha_domain2
8265,grp1,16s,16s_M.polymorpha_domain3
8266,grp1,16s,16s_M.polymorpha_domain4
8267,grp1,16s,16s_P.occultum_domain2
8268,grp1,16s,16s_P.occultum_domain3
8269,grp1,16s,16s_P.occultum_domain4
8270,grp1,16s,16s_P.staleyi_domain2
8271,grp1,16s,16s_P.staleyi_domain3
8272,grp1,16s,16s_P.staleyi_domain4
8273,grp1,16s,16s_S.cerevisiae_domain3
8274,grp1,16s,16s_S.cerevisiae_domain4
8275,grp1,16s,16s_T.gondii_domain3
8276,grp1,16s,16s_T.gondii_domain4
8277,grp1,16s,16s_T.maritima_domain2
8278,grp1,16s,16s_T.maritima_domain3
8279,grp1,16s,16s_T.maritima_domain4
8280,grp1,16s,16s_Z.mays_domain1
8281,grp1,16s,16s_Z.mays_domain2
8282,grp1,16s,16s_Z.mays_domain3
8283,grp1,16s,16s_Z.mays_domain4
8284,grp1,16s,16s_A.fulgidus_domain2
8285,grp1,16s,16s_A.fulgidus_domain3
8286,grp1,16s,16s_A.fulgidus_domain4
8287,grp1,16s,16s_A.pyrophilus_domain2
8288,grp1,16s,16s_A.pyrophilus_domain4
8289,grp1,16s,16s_B.burgdorferi_domain2
8290,grp1,16s,16s_B.burgdorferi_domain3
8291,grp1,16s,16s_B.burgdorferi_domain4
8292,grp1,16s,16s_B.subtilis_domain2
8293,grp1,16s,16s_B.subtilis_domain3
8294,grp1,16s,16s_B.subtilis_domain4
8295,grp1,16s,16s_C.elegans_domain1
8296,grp1,16s,16s_C.elegans_domain2
8297,grp1,16s,16s_C.elegans_domain3
8298,grp1,16s,16s_C.elegans_domain4
8299,grp1,16s,16s_C.psittaci_domain2
8300,grp1,16s,16s_C.psittaci_domain3
8301,grp1,16s,16s_C.psittaci_domain4
8302,grp1,16s,16s_C.reinhardtii.chloro_domain1
8303,grp1,16s,16s_C.reinhardtii.chloro_domain2
8304,grp1,16s,16s_C.reinhardtii.chloro_domain3
8305,grp1,16s,16s_C.reinhardtii.chloro_domain4
8306,grp1,16s,16s_C.reinhardtii.mito_domain1
8307,grp1,16s,16s_C.reinhardtii.mito_domain2
8308,grp1,16s,16s_C.reinhardtii.mito_domain3
8309,grp1,16s,16s_C.reinhardtii.mito_domain4
8310,grp1,16s,16s_D.melanogaster_domain4
8311,grp1,16s,16s_E.coli_domain2
8312,grp1,16s,16s_E.coli_domain3
8313,grp1,16s,16s_E.coli_domain4
8314,grp1,16s,16s_F.ananassa_domain3
8315,grp1,16s,16s_F.ananassa_domain4
8316,grp1,16s,16s_G.intestinalis_domain1
8317,grp1,16s,16s_G.intestinalis_domain2
8318,grp1,16s,16s_G.intestinalis_domain3
8319,grp1,16s,16s_G.intestinalis_domain4
8320,grp1,16s,16s_H.sapiens.mito_domain1
8321,grp1,16s,16s_H.sapiens.mito_domain2
8322,grp1,16s,16s_H.sapiens.mito_domain3
8323,grp1,16s,16s_H.sapiens.mito_domain4
8324,grp1,16s,16s_H.sapiens_domain3
8325,grp1,16s,16s_H.sapiens_domain4
8326,grp1,16s,16s_H.volcanii_domain1
8327,grp1,16s,16s_H.volcanii_domain2
8328,grp1,16s,16s_H.volcanii_domain3
8329,grp1,16s,16s_H.volcanii_domain4
8330,grp1,16s,16s_M.polymorpha_domain2
8331,grp1,16s,16s_M.polymorpha_domain3
8332,grp1,16s,16s_M.polymorpha_domain4
8333,grp1,16s,16s_P.occultum_domain2
8334,grp1,16s,16s_P.occultum_domain3
8335,grp1,16s,16s_P.occultum_domain4
8336,grp1,16s,16s_P.staleyi_domain2
8337,grp1,16s,16s_P.staleyi_domain3
8338,grp1,16s,16s_P.staleyi_domain4
8339,grp1,16s,16s_S.cerevisiae_domain3
8340,grp1,16s,16s_S.cerevisiae_domain4
8341,grp1,16s,16s_T.gondii_domain3
8342,grp1,16s,16s_T.gondii_domain4
8343,grp1,16s,16s_T.maritima_domain2
8344,grp1,16s,16s_T.maritima_domain3
8345,grp1,16s,16s_T.maritima_domain4
8346,grp1,16s,16s_Z.mays_domain1
8347,grp1,16s,16s_Z.mays_domain2
8348,grp1,16s,16s_Z.mays_domain3
8349,grp1,16s,16s_Z.mays_domain4
8350,grp1,16s,16s_A.fulgidus_domain2
8351,grp1,16s,16s_A.fulgidus_domain3
8352,grp1,16s,16s_A.fulgidus_domain4
8353,grp1,16s,16s_A.pyrophilus_domain2
8354,grp1,16s,16s_A.pyrophilus_domain4
8355,grp1,16s,16s_B.burgdorferi_domain2
8356,grp1,16s,16s_B.burgdorferi_domain3
8357,grp1,16s,16s_B.burgdorferi_domain4
8358,grp1,16s,16s_B.subtilis_domain2
8359,grp1,16s,16s_B.subtilis_domain3
8360,grp1,16s,16s_B.subtilis_domain4
8361,grp1,16s,16s_C.elegans_domain1
8362,grp1,16s,16s_C.elegans_domain2
8363,grp1,16s,16s_C.elegans_domain3
8364,grp1,16s,16s_C.elegans_domain4
8365,grp1,16s,16s_C.psittaci_domain2
8366,grp1,16s,16s_C.psittaci_domain3
8367,grp1,16s,16s_C.psittaci_domain4
8368,grp1,16s,16s_C.reinhardtii.chloro_domain1
8369,grp1,16s,16s_C.reinhardtii.chloro_domain2
8370,grp1,16s,16s_C.reinhardtii.chloro_domain3
8371,grp1,16s,16s_C.reinhardtii.chloro_domain4
8372,grp1,16s,16s_C.reinhardtii.mito_domain1
8373,grp1,16s,16s_C.reinhardtii.mito_domain2
8374,grp1,16s,16s_C.reinhardtii.mito_domain3
8375,grp1,16s,16s_C.reinhardtii.mito_domain4
8376,grp1,16s,16s_D.melanogaster_domain4
8377,grp1,16s,16s_E.coli_domain2
8378,grp1,16s,16s_E.coli_domain3
8379,grp1,16s,16s_E.coli_domain4
8380,grp1,16s,16s_F.ananassa_domain3
8381,grp1,16s,16s_F.ananassa_domain4
8382,grp1,16s,16s_G.intestinalis_domain1
8383,grp1,16s,16s_G.intestinalis_domain2
8384,grp1,16s,16s_G.intestinalis_domain3
8385,grp1,16s,16s_G.intestinalis_domain4
8386,grp1,16s,16s_H.sapiens.mito_domain1
8387,grp1,16s,16s_H.sapiens.mito_domain2
8388,grp1,16s,16s_H.sapiens.mito_domain3
8389,grp1,16s,16s_H.sapiens.mito_domain4
8390,grp1,16s,16s_H.sapiens_domain3
8391,grp1,16s,16s_H.sapiens_domain4
8392,grp1,16s,16s_H.volcanii_domain1
8393,grp1,16s,16s_H.volcanii_domain2
8394,grp1,16s,16s_H.volcanii_domain3
8395,grp1,16s,16s_H.volcanii_domain4
8396,grp1,16s,16s_M.polymorpha_domain2
8397,grp1,16s,16s_M.polymorpha_domain3
8398,grp1,16s,16s_M.polymorpha_domain4
8399,grp1,16s,16s_P.occultum_domain2
8400,grp1,16s,16s_P.occultum_domain3
8401,grp1,16s,16s_P.occultum_domain4
8402,grp1,16s,16s_P.staleyi_domain2
8403,grp1,16s,16s_P.staleyi_domain3
8404,grp1,16s,16s_P.staleyi_domain4
8405,grp1,16s,16s_S.cerevisiae_domain3
8406,grp1,16s,16s_S.cerevisiae_domain4
8407,grp1,16s,16s_T.gondii_domain3
8408,grp1,16s,16s_T.gondii_domain4
8409,grp1,16s,16s_T.maritima_domain2
8410,grp1,16s,16s_T.maritima_domain3
8411,grp1,16s,16s_T.maritima_domain4
8412,grp1,16s,16s_Z.mays_domain1
8413,grp1,16s,16s_Z.mays_domain2
8414,grp1,16s,16s_Z.mays_domain3
8415,grp1,16s,16s_Z.mays_domain4
8416,grp1,16s,16s_A.fulgidus_domain2
8417,grp1,16s,16s_A.fulgidus_domain3
8418,grp1,23s,23s_B.subtilis_domain3
8419,grp1,23s,23s_B.subtilis_domain4
8420,grp1,23s,23s_B.subtilis_domain6
8421,grp1,23s,23s_E.coli_domain3
8422,grp1,23s,23s_E.coli_domain4
8423,grp1,23s,23s_E.coli_domain6
8424,grp1,23s,23s_H.pylori_domain3
8425,grp1,23s,23s_H.pylori_domain4
8426,grp1,23s,23s_H.pylori_domain6
8427,grp1,23s,23s_S.aureus_domain3
8428,grp1,23s,23s_S.aureus_domain4
8429,grp1,23s,23s_S.aureus_domain6
8430,grp1,23s,23s_T.thermophilus_domain3
8431,grp1,23s,23s_T.thermophilus_domain4
8432,grp1,23s,23s_T.thermophilus_domain6
8433,grp1,23s,23s_B.subtilis_domain3
8434,grp1,23s,23s_B.subtilis_domain4
8435,grp1,23s,23s_B.subtilis_domain6
8436,grp1,23s,23s_E.coli_domain3
8437,grp1,23s,23s_E.coli_domain4
8438,grp1,23s,23s_E.coli_domain6
8439,grp1,23s,23s_H.pylori_domain3
8440,grp1,23s,23s_H.pylori_domain4
8441,grp1,23s,23s_H.pylori_domain6
8442,grp1,23s,23s_S.aureus_domain3
8443,grp1,23s,23s_S.aureus_domain4
8444,grp1,23s,23s_S.aureus_domain6
8445,grp1,23s,23s_T.thermophilus_domain3
8446,grp1,23s,23s_T.thermophilus_domain4
8447,grp1,23s,23s_T.thermophilus_domain6
8448,grp1,23s,23s_B.subtilis_domain3
8449,grp1,23s,23s_B.subtilis_domain4
8450,grp1,23s,23s_B.subtilis_domain6
8451,grp1,23s,23s_E.coli_domain3
8452,grp1,23s,23s_E.coli_domain4
8453,grp1,23s,23s_E.coli_domain6
8454,grp1,23s,23s_H.pylori_domain3
8455,grp1,23s,23s_H.pylori_domain4
8456,grp1,23s,23s_H.pylori_domain6
8457,grp1,23s,23s_S.aureus_domain3
8458,grp1,23s,23s_S.aureus_domain4
8459,grp1,23s,23s_S.aureus_domain6
8460,grp1,23s,23s_T.thermophilus_domain3
8461,grp1,23s,23s_T.thermophilus_domain4
8462,grp1,23s,23s_T.thermophilus_domain6
8463,grp1,23s,23s_B.subtilis_domain3
8464,grp1,23s,23s_B.subtilis_domain4
8465,grp1,23s,23s_B.subtilis_domain6
8466,grp1,23s,23s_E.coli_domain3
8467,grp1,23s,23s_E.coli_domain4
8468,grp1,23s,23s_E.coli_domain6
8469,grp1,23s,23s_H.pylori_domain3
8470,grp1,23s,23s_H.pylori_domain4
8471,grp1,23s,23s_H.pylori_domain6
8472,grp1,23s,23s_S.aureus_domain3
8473,grp1,23s,23s_S.aureus_domain4
8474,grp1,23s,23s_S.aureus_domain6
8475,grp1,23s,23s_T.thermophilus_domain3
8476,grp1,23s,23s_T.thermophilus_domain4
8477,grp1,23s,23s_T.thermophilus_domain6
8478,grp1,23s,23s_B.subtilis_domain3
8479,grp1,23s,23s_B.subtilis_domain4
8480,grp1,23s,23s_B.subtilis_domain6
8481,grp1,23s,23s_E.coli_domain3
8482,grp1,23s,23s_E.coli_domain4
8483,grp1,23s,23s_E.coli_domain6
8484,grp1,23s,23s_H.pylori_domain3
8485,grp1,23s,23s_H.pylori_domain4
8486,grp1,23s,23s_H.pylori_domain6
8487,grp1,23s,23s_S.aureus_domain3
8488,grp1,23s,23s_S.aureus_domain4
8489,grp1,23s,23s_S.aureus_domain6
8490,grp1,23s,23s_T.thermophilus_domain3
8491,grp1,23s,23s_T.thermophilus_domain4
8492,grp1,23s,23s_T.thermophilus_domain6
8493,grp1,23s,23s_B.subtilis_domain3
8494,grp1,23s,23s_B.subtilis_domain4
8495,grp1,23s,23s_B.subtilis_domain6
8496,grp1,23s,23s_E.coli_domain3
8497,grp1,23s,23s_E.coli_domain4
8498,grp1,23s,23s_E.coli_domain6
8499,grp1,23s,23s_H.pylori_domain3
8500,grp1,23s,23s_H.pylori_domain4
8501,grp1,23s,23s_H.pylori_domain6
8502,grp1,23s,23s_S.aureus_domain3
8503,grp1,23s,23s_S.aureus_domain4
8504,grp1,23s,23s_S.aureus_domain6
8505,grp1,23s,23s_T.thermophilus_domain3
8506,grp1,23s,23s_T.thermophilus_domain4
8507,grp1,23s,23s_T.thermophilus_domain6
8508,grp1,23s,23s_B.subtilis_domain3
8509,grp1,23s,23s_B.subtilis_domain4
8510,grp1,23s,23s_B.subtilis_domain6
8511,grp1,23s,23s_E.coli_domain3
8512,grp1,23s,23s_E.coli_domain4
8513,grp1,23s,23s_E.coli_domain6
8514,grp1,23s,23s_H.pylori_domain3
8515,grp1,23s,23s_H.pylori_domain4
8516,grp1,23s,23s_H.pylori_domain6
8517,grp1,23s,23s_S.aureus_domain3
8518,grp1,23s,23s_S.aureus_domain4
8519,grp1,23s,23s_S.aureus_domain6
8520,grp1,23s,23s_T.thermophilus_domain3
8521,grp1,23s,23s_T.thermophilus_domain4
8522,grp1,23s,23s_T.thermophilus_domain6
8523,grp1,23s,23s_B.subtilis_domain3
8524,grp1,23s,23s_B.subtilis_domain4
8525,grp1,23s,23s_B.subtilis_domain6
8526,grp1,23s,23s_E.coli_domain3
8527,grp1,23s,23s_E.coli_domain4
8528,grp1,23s,23s_E.coli_domain6
8529,grp1,23s,23s_H.pylori_domain3
8530,grp1,23s,23s_H.pylori_domain4
8531,grp1,23s,23s_H.pylori_domain6
8532,grp1,23s,23s_S.aureus_domain3
8533,grp1,23s,23s_S.aureus_domain4
8534,grp1,23s,23s_S.aureus_domain6
8535,grp1,23s,23s_T.thermophilus_domain3
8536,grp1,23s,23s_T.thermophilus_domain4
8537,grp1,23s,23s_T.thermophilus_domain6
8538,grp1,23s,23s_B.subtilis_domain3
8539,grp1,23s,23s_B.subtilis_domain4
8540,grp1,23s,23s_B.subtilis_domain6
8541,grp1,23s,23s_E.coli_domain3
8542,grp1,23s,23s_E.coli_domain4
8543,grp1,23s,23s_E.coli_domain6
8544,grp1,23s,23s_H.pylori_domain3
8545,grp1,23s,23s_H.pylori_domain4
8546,grp1,23s,23s_H.pylori_domain6
8547,grp1,23s,23s_S.aureus_domain3
8548,grp1,23s,23s_S.aureus_domain4
8549,grp1,23s,23s_S.aureus_domain6
8550,grp1,23s,23s_T.thermophilus_domain3
8551,grp1,23s,23s_T.thermophilus_domain4
8552,grp1,23s,23s_T.thermophilus_domain6
8553,grp1,23s,23s_B.subtilis_domain3
8554,grp1,23s,23s_B.subtilis_domain4
8555,grp1,23s,23s_B.subtilis_domain6
8556,grp1,23s,23s_E.coli_domain3
8557,grp1,23s,23s_E.coli_domain4
8558,grp1,23s,23s_E.coli_domain6
8559,grp1,23s,23s_H.pylori_domain3
8560,grp1,23s,23s_H.pylori_domain4
8561,grp1,23s,23s_H.pylori_domain6
8562,grp1,23s,23s_S.aureus_domain3
8563,grp1,23s,23s_S.aureus_domain4
8564,grp1,23s,23s_S.aureus_domain6
8565,grp1,23s,23s_T.thermophilus_domain3
8566,grp1,23s,23s_T.thermophilus_domain4
8567,grp1,23s,23s_T.thermophilus_domain6
8568,grp1,23s,23s_B.subtilis_domain3
8569,grp1,23s,23s_B.subtilis_domain4
8570,grp1,23s,23s_B.subtilis_domain6
8571,grp1,23s,23s_E.coli_domain3
8572,grp1,23s,23s_E.coli_domain4
8573,grp1,23s,23s_E.coli_domain6
8574,grp1,23s,23s_H.pylori_domain3
8575,grp1,23s,23s_H.pylori_domain4
8576,grp1,23s,23s_H.pylori_domain6
8577,grp1,23s,23s_S.aureus_domain3
8578,grp1,23s,23s_S.aureus_domain4
8579,grp1,23s,23s_S.aureus_domain6
8580,grp1,23s,23s_T.thermophilus_domain3
8581,grp1,23s,23s_T.thermophilus_domain4
8582,grp1,23s,23s_T.thermophilus_domain6
8583,grp1,23s,23s_B.subtilis_domain3
8584,grp1,23s,23s_B.subtilis_domain4
8585,grp1,23s,23s_B.subtilis_domain6
8586,grp1,23s,23s_E.coli_domain3
8587,grp1,23s,23s_E.coli_domain4
8588,grp1,23s,23s_E.coli_domain6
8589,grp1,23s,23s_H.pylori_domain3
8590,grp1,23s,23s_H.pylori_domain4
8591,grp1,23s,23s_H.pylori_domain6
8592,grp1,23s,23s_S.aureus_domain3
8593,grp1,23s,23s_S.aureus_domain4
8594,grp1,23s,23s_S.aureus_domain6
8595,grp1,23s,23s_T.thermophilus_domain3
8596,grp1,23s,23s_T.thermophilus_domain4
8597,grp1,23s,23s_T.thermophilus_domain6
8598,grp1,23s,23s_B.subtilis_domain3
8599,grp1,23s,23s_B.subtilis_domain4
8600,grp1,23s,23s_B.subtilis_domain6
8601,grp1,23s,23s_E.coli_domain3
8602,grp1,23s,23s_E.coli_domain4
8603,grp1,23s,23s_E.coli_domain6
8604,grp1,23s,23s_H.pylori_domain3
8605,grp1,23s,23s_H.pylori_domain4
8606,grp1,23s,23s_H.pylori_domain6
8607,grp1,23s,23s_S.aureus_domain3
8608,grp1,23s,23s_S.aureus_domain4
8609,grp1,23s,23s_S.aureus_domain6
8610,grp1,23s,23s_T.thermophilus_domain3
8611,grp1,23s,23s_T.thermophilus_domain4
8612,grp1,23s,23s_T.thermophilus_domain6
8613,grp1,23s,23s_B.subtilis_domain3
8614,grp1,23s,23s_B.subtilis_domain4
8615,grp1,23s,23s_B.subtilis_domain6
8616,grp1,23s,23s_E.coli_domain3
8617,grp1,23s,23s_E.coli_domain4
8618,grp1,5s,5s_Acanthamoeba-castellanii-2
8619,grp1,5s,5s_Acholeplasma-laidlawii-2
8620,grp1,5s,5s_Achromobacter-xylosoxidans-1
8621,grp1,5s,5s_Acidiphilium-acidophilum-1
8622,grp1,5s,5s_Acinetobacter-sp.-1
8623,grp1,5s,5s_Acinetospora-crinita-1
8624,grp1,5s,5s_Acremonium-chrysogenum-1
8625,grp1,5s,5s_Agaricus-edulis-1
8626,grp1,5s,5s_Agrobacterium-tumefaciens-6
8627,grp1,5s,5s_Akkesiphycus-lubricum-1
8628,grp1,5s,5s_Amycolatopsis-lactamdurans-1
8629,grp1,5s,5s_Ancylobacter-aquaticus-1
8630,grp1,5s,5s_Andrias-japonicus-1
8631,grp1,5s,5s_Antheraea-pernyi-1
8632,grp1,5s,5s_Aquifex-aeolicus-1
8633,grp1,5s,5s_Archaeoglobus-fulgidus-1
8634,grp1,5s,5s_Artemia-sp.-4
8635,grp1,5s,5s_Arthrobacter-polychromogenes-1
8636,grp1,5s,5s_Asellus-aquaticus-2
8637,grp1,5s,5s_Asterina-pectinifera-1
8638,grp1,5s,5s_Auricularia-auricula-judae-1
8639,grp1,5s,5s_Azotobacter-vinelandii-1
8640,grp1,5s,5s_Bacillus-anthracis-10
8641,grp1,5s,5s_Bacillus-anthracis-6
8642,grp1,5s,5s_Bacillus-clausii-1
8643,grp1,5s,5s_Bacillus-firmus-1
8644,grp1,5s,5s_Bacillus-halodurans-4
8645,grp1,5s,5s_Bacillus-thuringiensis-1
8646,grp1,5s,5s_Bacteroides-fragilis-3
8647,grp1,5s,5s_Bacteroides-fragilis-4
8648,grp1,5s,5s_Bacteroides-fragilis-6
8649,grp1,5s,5s_Bartonella-henselae-1
8650,grp1,5s,5s_Bifidobacterium-longum-1
8651,grp1,5s,5s_Bifidobacterium-longum-3
8652,grp1,5s,5s_Blakeslea-trispora-1
8653,grp1,5s,5s_Blastocladiella-simplex-1
8654,grp1,5s,5s_Blepharisma-japonicum-1
8655,grp1,5s,5s_Bombyx-mori-1
8656,grp1,5s,5s_Bombyx-mori-2
8657,grp1,5s,5s_Brachionus-plicatilis-1
8658,grp1,5s,5s_Brevibacillus-brevis-1
8659,grp1,5s,5s_Brevibacterium-helvolum-1
8660,grp1,5s,5s_C_paradoxE
8661,grp1,5s,5s_Caenorhabditis-briggsae-1
8662,grp1,5s,5s_Caenorhabditis-elegans-3
8663,grp1,5s,5s_Campylobacter-jejuni-3
8664,grp1,5s,5s_Cancer-pagurus-1
8665,grp1,5s,5s_Candidatus-Tremblaya-princeps-1
8666,grp1,5s,5s_Caulobacter-sp.-5
8667,grp1,5s,5s_Caulobacter-sp.-6
8668,grp1,5s,5s_Cellulomonas-biazotea-1
8669,grp1,5s,5s_Chlamydophila-abortus-1
8670,grp1,5s,5s_Clostridium-acetobutylicum-5
8671,grp1,5s,5s_Coprinopsis-cinerea-1
8672,grp1,5s,5s_Corynebacterium-glutamicum-1
8673,grp1,5s,5s_Corynebacterium-glutamicum-2
8674,grp1,5s,5s_Cryptococcus-humicola-1
8675,grp1,5s,5s_Cryptomonas-paramecium-1
8676,grp1,5s,5s_Cyclidiopsis-acus-1
8677,grp1,5s,5s_Cystobacter-fuscus-1
8678,grp1,5s,5s_Delftia-acidovorans-1
8679,grp1,5s,5s_Dipsacomyces-acuminosporus-1
8680,grp1,5s,5s_Dirofilaria-immitis-1
8681,grp1,5s,5s_Drosophila-teissieri-1
8682,grp1,5s,5s_Dugesia-japonica-1
8683,grp1,5s,5s_Dugesia-japonica-2
8684,grp1,5s,5s_E_glandulE
8685,grp1,5s,5s_Eimeria-tenella-1
8686,grp1,5s,5s_Eisenia-bicyclis-1
8687,grp1,5s,5s_Emericella-nidulans-3
8688,grp1,5s,5s_Emericella-nidulans-7
8689,grp1,5s,5s_Emericella-nidulans-8
8690,grp1,5s,5s_Empedobacter-brevis-1
8691,grp1,5s,5s_Escherichia-coli-11
8692,grp1,5s,5s_Escherichia-coli-14
8693,grp1,5s,5s_Escherichia-coli-3
8694,grp1,5s,5s_Escherichia-coli-6
8695,grp1,5s,5s_Exidia-glandulosa-1
8696,grp1,5s,5s_Filobasidiella-depauperata-1
8697,grp1,5s,5s_Filobasidium-capsuligenum-1
8698,grp1,5s,5s_Fusarium-asiaticum-7
8699,grp1,5s,5s_Fusarium-lunulosporum-3
8700,grp1,5s,5s_Fusarium-lunulosporum-5
8701,grp1,5s,5s_Fusarium-pseudograminearum-1
8702,grp1,5s,5s_Fusarium-pseudograminearum-6
8703,grp1,5s,5s_Fusarium-sporotrichioides-1
8704,grp1,5s,5s_Fusobacterium-nucleatum-2
8705,grp1,5s,5s_Fusobacterium-nucleatum-4
8706,grp1,5s,5s_Gallus-gallus-1
8707,grp1,5s,5s_Gelidium-amansii-1
8708,grp1,5s,5s_Gelidium-amansii-2
8709,grp1,5s,5s_Geobacillus-stearothermophilus-2
8710,grp1,5s,5s_Ginkgo-biloba-1
8711,grp1,5s,5s_Grimontia-hollisae-1
8712,grp1,5s,5s_Haloarcula-marismortui-2
8713,grp1,5s,5s_Halococcus-morrhuae-2
8714,grp1,5s,5s_Haloferax-volcanii-2
8715,grp1,5s,5s_Halorubrum-distributum-4
8716,grp1,5s,5s_Helicobacter-pylori-3
8717,grp1,5s,5s_Hyphomicrobium-sp.-3
8718,grp1,5s,5s_Hyphomicrobium-sp.-5
8719,grp1,5s,5s_Hyphomonas-oligotropha-1
8720,grp1,5s,5s_Idiomarina-loihiensis-1
8721,grp1,5s,5s_Illex-illecebrosus-1
8722,grp1,5s,5s_Juniperus-media-1
8723,grp1,5s,5s_Kluyveromyces-delphensis-1
8724,grp1,5s,5s_Kondoa-malvinella-1
8725,grp1,5s,5s_Kutzneria-viridogrisea-1
8726,grp1,5s,5s_Lentinula-edodes-2
8727,grp1,5s,5s_Locusta-migratoria-1
8728,grp1,5s,5s_Microbacterium-testaceum-1
8729,grp1,5s,5s_Microtetraspora-glauca-1
8730,grp1,5s,5s_Mycobacterium-tuberculosis-3
8731,grp1,5s,5s_Mycoplasma-gallisepticum-1
8732,grp1,5s,5s_Mycoplasma-genitalium-1
8733,grp1,5s,5s_Mycoplasma-penetrans-1
8734,grp1,5s,5s_Mycoplasma-pneumoniae-1
8735,grp1,5s,5s_Myxococcus-coralloides-1
8736,grp1,5s,5s_Neurospora-crassa-12
8737,grp1,5s,5s_Neurospora-crassa-15
8738,grp1,5s,5s_Neurospora-crassa-2
8739,grp1,5s,5s_Nitrobacter-winogradskyi-1
8740,grp1,5s,5s_Notophthalmus-viridescens-1
8741,grp1,5s,5s_Oerskovia-turbata-1
8742,grp1,5s,5s_Paenibacillus-popilliae-1
8743,grp1,5s,5s_Paracentrotus-lividus-2
8744,grp1,5s,5s_Parachlamydia-sp.-1
8745,grp1,5s,5s_Paramecium-tetraurelia-1
8746,grp1,5s,5s_Photobacterium-profundum-3
8747,grp1,5s,5s_Pichia-jadinii-2
8748,grp1,5s,5s_Pinus-contorta-1
8749,grp1,5s,5s_Pirellula-sp.-1
8750,grp1,5s,5s_Pirellula-sp.-2
8751,grp1,5s,5s_Plasmodium-falciparum-1
8752,grp1,5s,5s_Pneumocystis-carinii-1
8753,grp1,5s,5s_Prasinocladus-sp.-1
8754,grp1,5s,5s_Propionibacterium-acnes-1
8755,grp1,5s,5s_Pseudomonas-aeruginosa-1
8756,grp1,5s,5s_Pseudomonas-aeruginosa-2
8757,grp1,5s,5s_Pseudomonas-fluorescens-2
8758,grp1,5s,5s_Pseudomonas-fluorescens-4
8759,grp1,5s,5s_Pseudomonas-stutzeri-2
8760,grp1,5s,5s_Puccinia-poarum-1
8761,grp1,5s,5s_Puccinia-suaveolens-1
8762,grp1,5s,5s_Pyrococcus-horikoshii-1
8763,grp1,5s,5s_Pyrococcus-woesei-1
8764,grp1,5s,5s_Pythium-torulosum-1
8765,grp1,5s,5s_Ralstonia-solanacearum-1
8766,grp1,5s,5s_Ralstonia-solanacearum-2
8767,grp1,5s,5s_Rhodobacter-sphaeroides-2
8768,grp1,5s,5s_Rhodococcus-erythropolis-2
8769,grp1,5s,5s_Rhodopseudomonas-palustris-2
8770,grp1,5s,5s_Roseococcus-thiosulfatophilus-1
8771,grp1,5s,5s_Roseococcus-thiosulfatophilus-2
8772,grp1,5s,5s_Rumex-acetosa-1
8773,grp1,5s,5s_Sabellastarte-japonica-1
8774,grp1,5s,5s_Saccharothrix-mutabilis-1
8775,grp1,5s,5s_Salmonella-typhi-1
8776,grp1,5s,5s_Saprolegnia-ferax-1
8777,grp1,5s,5s_Schizosaccharomyces-pombe-1
8778,grp1,5s,5s_Shewanella-oneidensis-1
8779,grp1,5s,5s_Spirobolus-sp-1
8780,grp1,5s,5s_Sporolactobacillus-nakayamae-1
8781,grp1,5s,5s_Staphylococcus-aureus-1
8782,grp1,5s,5s_Streptococcus-mutans-2
8783,grp1,5s,5s_Streptococcus-pyogenes-2
8784,grp1,5s,5s_Streptococcus-salivarius-1
8785,grp1,5s,5s_Streptomyces-avermitilis-4
8786,grp1,5s,5s_Streptomyces-coelicolor-1
8787,grp1,5s,5s_Streptomyces-lividans-1
8788,grp1,5s,5s_Streptomyces-rimosus-2
8789,grp1,5s,5s_Streptomyces-roseoverticillatus-1
8790,grp1,5s,5s_Streptomyces-violaceus-1
8791,grp1,5s,5s_T_cruziE
8792,grp1,5s,5s_Taxus-baccata-1
8793,grp1,5s,5s_Thermoactinomyces-vulgaris-1
8794,grp1,5s,5s_Thermomyces-lanuginosus-1
8795,grp1,5s,5s_Thermotoga-sp.-1
8796,grp1,5s,5s_Thermus-sp.-2
8797,grp1,5s,5s_Thermus-thermophilus-2
8798,grp1,5s,5s_Thiomonas-cuprina-1
8799,grp1,5s,5s_Thiothrix-nivea-1
8800,grp1,5s,5s_Thraustochytrium-visurgense-2
8801,grp1,5s,5s_Tremella-mesenterica-2
8802,grp1,5s,5s_Trimorphomyces-papilionaceus-1
8803,grp1,5s,5s_Ureaplasma-parvum-1
8804,grp1,5s,5s_Urechis-unicinctus-1
8805,grp1,5s,5s_Ustilago-maydis-1
8806,grp1,5s,5s_Ustilentyloma-fluitans-1
8807,grp1,5s,5s_Vibrio-cyclosites-1
8808,grp1,5s,5s_Vibrio-fluvialis-1
8809,grp1,5s,5s_Vibrio-harveyi-1
8810,grp1,5s,5s_Vibrio-nereis-1
8811,grp1,5s,5s_Vibrio-parahaemolyticus-3
8812,grp1,5s,5s_Vibrio-vulnificus-4
8813,grp1,5s,5s_Vitreoscilla-filiformis-1
8814,grp1,5s,5s_Vitreoscilla-stercoraria-1
8815,grp1,5s,5s_Xanthobacter-viscosus-1
8816,grp1,5s,5s_Yersinia-pestis-1
8817,grp1,5s,5s_uncultured-euryarchaeote-37F11-1
8818,grp1,RNaseP,RNaseP_A.ambivalens
8819,grp1,RNaseP,RNaseP_A.brierleyi
8820,grp1,RNaseP,RNaseP_A.chroococcum
8821,grp1,RNaseP,RNaseP_A.ferrooxidans
8822,grp1,RNaseP,RNaseP_A.ferrooxidans-g
8823,grp1,RNaseP,RNaseP_A.fulgidus
8824,grp1,RNaseP,RNaseP_A.laidlawii
8825,grp1,RNaseP,RNaseP_A.obstetricans
8826,grp1,RNaseP,RNaseP_A.salinestris-184
8827,grp1,RNaseP,RNaseP_Anabaena-ATCC29413
8828,grp1,RNaseP,RNaseP_B.brevis
8829,grp1,RNaseP,RNaseP_B.bronchiseptica
8830,grp1,RNaseP,RNaseP_B.hermsii
8831,grp1,RNaseP,RNaseP_B.megaterium
8832,grp1,RNaseP,RNaseP_B.pertussis
8833,grp1,RNaseP,RNaseP_B.stearothermophilus
8834,grp1,RNaseP,RNaseP_B.subtilis
8835,grp1,RNaseP,RNaseP_B.subtilis-g
8836,grp1,RNaseP,RNaseP_Buchnera-APS
8837,grp1,RNaseP,RNaseP_C.acetobutylicum
8838,grp1,RNaseP,RNaseP_C.crescentus
8839,grp1,RNaseP,RNaseP_C.jejuni
8840,grp1,RNaseP,RNaseP_C.limicola
8841,grp1,RNaseP,RNaseP_C.pneumoniae-AR39
8842,grp1,RNaseP,RNaseP_C.pneumoniae-CWL029
8843,grp1,RNaseP,RNaseP_C.sporogenes
8844,grp1,RNaseP,RNaseP_C.tepidum-g
8845,grp1,RNaseP,RNaseP_C.trachomatis-2
8846,grp1,RNaseP,RNaseP_C.trachomatis-D
8847,grp1,RNaseP,RNaseP_C.vinosum
8848,grp1,RNaseP,RNaseP_CPA49
8849,grp1,RNaseP,RNaseP_CPA54
8850,grp1,RNaseP,RNaseP_CPB139
8851,grp1,RNaseP,RNaseP_CPB74
8852,grp1,RNaseP,RNaseP_CPB7776
8853,grp1,RNaseP,RNaseP_CPB80
8854,grp1,RNaseP,RNaseP_CPB86
8855,grp1,RNaseP,RNaseP_D.desulfuricans
8856,grp1,RNaseP,RNaseP_D.jeanneae
8857,grp1,RNaseP,RNaseP_Dermocarpa-PCC7437
8858,grp1,RNaseP,RNaseP_E.agglomerulans
8859,grp1,RNaseP,RNaseP_E.coli
8860,grp1,RNaseP,RNaseP_E.eschscholtzii-2
8861,grp1,RNaseP,RNaseP_E.eschsholtzii
8862,grp1,RNaseP,RNaseP_E.faecalis
8863,grp1,RNaseP,RNaseP_E.faecalis-2
8864,grp1,RNaseP,RNaseP_E1B
8865,grp1,RNaseP,RNaseP_EM14b-9
8866,grp1,RNaseP,RNaseP_ERH
8867,grp1,RNaseP,RNaseP_ESH167F
8868,grp1,RNaseP,RNaseP_ESH20b-1
8869,grp1,RNaseP,RNaseP_ESH26-4
8870,grp1,RNaseP,RNaseP_ESH7-9
8871,grp1,RNaseP,RNaseP_Fischerella-UTEX1829
8872,grp1,RNaseP,RNaseP_G.gorilla
8873,grp1,RNaseP,RNaseP_H.aurantiacus
8874,grp1,RNaseP,RNaseP_H.chlorum-partial
8875,grp1,RNaseP,RNaseP_H.influenza
8876,grp1,RNaseP,RNaseP_H.pylori-26695
8877,grp1,RNaseP,RNaseP_H.pylori-48K
8878,grp1,RNaseP,RNaseP_H.pylori-J99
8879,grp1,RNaseP,RNaseP_H.pylori-RU1
8880,grp1,RNaseP,RNaseP_H.trapanicum
8881,grp1,RNaseP,RNaseP_I.calvum
8882,grp1,RNaseP,RNaseP_K.pneumoniae
8883,grp1,RNaseP,RNaseP_L.acidophilus
8884,grp1,RNaseP,RNaseP_L.japonicus-IFO15385
8885,grp1,RNaseP,RNaseP_LGA1
8886,grp1,RNaseP,RNaseP_LGB27
8887,grp1,RNaseP,RNaseP_LGB32
8888,grp1,RNaseP,RNaseP_LGB41
8889,grp1,RNaseP,RNaseP_LGW113
8890,grp1,RNaseP,RNaseP_LGW18
8891,grp1,RNaseP,RNaseP_LGW46
8892,grp1,RNaseP,RNaseP_M.barkeri
8893,grp1,RNaseP,RNaseP_M.bovis
8894,grp1,RNaseP,RNaseP_M.capricolum
8895,grp1,RNaseP,RNaseP_M.hyopneumoniae
8896,grp1,RNaseP,RNaseP_M.leprae
8897,grp1,RNaseP,RNaseP_M.luteus
8898,grp1,RNaseP,RNaseP_M.phosphovorus-JCM9380
8899,grp1,RNaseP,RNaseP_M.pneumoniae
8900,grp1,RNaseP,RNaseP_M.sedula
8901,grp1,RNaseP,RNaseP_M.thermoautotrophicum-DH
8902,grp1,RNaseP,RNaseP_M.thermoautotrphicumMarb
8903,grp1,RNaseP,RNaseP_M.tuberculosis
8904,grp1,RNaseP,RNaseP_M.vannielli
8905,grp1,RNaseP,RNaseP_N.europaea
8906,grp1,RNaseP,RNaseP_N.flavus
8907,grp1,RNaseP,RNaseP_N.fulvus-JCM3335
8908,grp1,RNaseP,RNaseP_N.gonnorhoeae
8909,grp1,RNaseP,RNaseP_N.meningitidis-Z2491
8910,grp1,RNaseP,RNaseP_Nocardiodes-NSP41
8911,grp1,RNaseP,RNaseP_Nostoc-PCC7413
8912,grp1,RNaseP,RNaseP_Onchorhynchus-1
8913,grp1,RNaseP,RNaseP_Onchorhynchus-2
8914,grp1,RNaseP,RNaseP_Onchorhynchus-sp-1
8915,grp1,RNaseP,RNaseP_Onchorhynchus-sp-2
8916,grp1,RNaseP,RNaseP_P.alcalifaciens
8917,grp1,RNaseP,RNaseP_P.azotoformans
8918,grp1,RNaseP,RNaseP_P.douglassii
8919,grp1,RNaseP,RNaseP_P.furiosus-2
8920,grp1,RNaseP,RNaseP_P.gingivalis
8921,grp1,RNaseP,RNaseP_P.marinus
8922,grp1,RNaseP,RNaseP_P.mississippiensis
8923,grp1,RNaseP,RNaseP_P.purpurea-chloroplast
8924,grp1,RNaseP,RNaseP_P.putida
8925,grp1,RNaseP,RNaseP_P.staleyi
8926,grp1,RNaseP,RNaseP_P.strasburgensis
8927,grp1,RNaseP,RNaseP_P.stutzeri
8928,grp1,RNaseP,RNaseP_P.troglodytes
8929,grp1,RNaseP,RNaseP_P.vulgaris
8930,grp1,RNaseP,RNaseP_P131
8931,grp1,RNaseP,RNaseP_Prochlorococcus-PAC1A
8932,grp1,RNaseP,RNaseP_Prochlorococcus-PAC1B
8933,grp1,RNaseP,RNaseP_Prochlorococcus-PCC9511
8934,grp1,RNaseP,RNaseP_Prochlorococcus-TATL2
8935,grp1,RNaseP,RNaseP_Prochlorococcus-TATL2-2
8936,grp1,RNaseP,RNaseP_R.americana-mito
8937,grp1,RNaseP,RNaseP_R.norvegicus
8938,grp1,RNaseP,RNaseP_R.prowazekii
8939,grp1,RNaseP,RNaseP_R.rubrum
8940,grp1,RNaseP,RNaseP_S.acidocaldarius
8941,grp1,RNaseP,RNaseP_S.bayanus
8942,grp1,RNaseP,RNaseP_S.bikiniensis
8943,grp1,RNaseP,RNaseP_S.caesia-K182
8944,grp1,RNaseP,RNaseP_S.caesia-K200
8945,grp1,RNaseP,RNaseP_S.caesia-K76T
8946,grp1,RNaseP,RNaseP_S.caesia-SB01
8947,grp1,RNaseP,RNaseP_S.carlsbergensis
8948,grp1,RNaseP,RNaseP_S.castellii
8949,grp1,RNaseP,RNaseP_S.diastaticus
8950,grp1,RNaseP,RNaseP_S.epidermidis
8951,grp1,RNaseP,RNaseP_S.glauca-K194
8952,grp1,RNaseP,RNaseP_S.globosus
8953,grp1,RNaseP,RNaseP_S.japonicus
8954,grp1,RNaseP,RNaseP_S.kluyveri
8955,grp1,RNaseP,RNaseP_S.lividans
8956,grp1,RNaseP,RNaseP_S.mutans
8957,grp1,RNaseP,RNaseP_S.pastorianus
8958,grp1,RNaseP,RNaseP_S.polymorpha
8959,grp1,RNaseP,RNaseP_S.pyogenes
8960,grp1,RNaseP,RNaseP_S.servazzii
8961,grp1,RNaseP,RNaseP_S.shibatae
8962,grp1,RNaseP,RNaseP_S.typhi
8963,grp1,RNaseP,RNaseP_S.typhimurium
8964,grp1,RNaseP,RNaseP_S.unisporus
8965,grp1,RNaseP,RNaseP_S.uvarum
8966,grp1,RNaseP,RNaseP_S.viridis-K191
8967,grp1,RNaseP,RNaseP_S.viridis-K73T
8968,grp1,RNaseP,RNaseP_SL1-1
8969,grp1,RNaseP,RNaseP_SLC
8970,grp1,RNaseP,RNaseP_SM-A01
8971,grp1,RNaseP,RNaseP_SM-A03
8972,grp1,RNaseP,RNaseP_SM-A04
8973,grp1,RNaseP,RNaseP_SM-A05
8974,grp1,RNaseP,RNaseP_SM-A06
8975,grp1,RNaseP,RNaseP_SM-A1012
8976,grp1,RNaseP,RNaseP_SM-A1113
8977,grp1,RNaseP,RNaseP_SM-A1214
8978,grp1,RNaseP,RNaseP_SM-A1315
8979,grp1,RNaseP,RNaseP_SM-A1519
8980,grp1,RNaseP,RNaseP_SM-A2642
8981,grp1,RNaseP,RNaseP_SM-A2946
8982,grp1,RNaseP,RNaseP_SM-A3862
8983,grp1,RNaseP,RNaseP_SM-A4065
8984,grp1,RNaseP,RNaseP_SM-A4775
8985,grp1,RNaseP,RNaseP_SM-A4876
8986,grp1,RNaseP,RNaseP_SM-A4977
8987,grp1,RNaseP,RNaseP_SM-A5179
8988,grp1,RNaseP,RNaseP_SM-A5382
8989,grp1,RNaseP,RNaseP_SM-A5584
8990,grp1,RNaseP,RNaseP_SM-A5888
8991,grp1,RNaseP,RNaseP_SM-A6090
8992,grp1,RNaseP,RNaseP_SM1
8993,grp1,RNaseP,RNaseP_SMB-A3
8994,grp1,RNaseP,RNaseP_SMB-A5
8995,grp1,RNaseP,RNaseP_SMB-B3
8996,grp1,RNaseP,RNaseP_SMB-B4
8997,grp1,RNaseP,RNaseP_Synechococcus-PCC7942
8998,grp1,RNaseP,RNaseP_Synechocystis-PCC6308
8999,grp1,RNaseP,RNaseP_Synechocystis-PCC6803
9000,grp1,RNaseP,RNaseP_T.acidophilum
9001,grp1,RNaseP,RNaseP_T.aquaticus
9002,grp1,RNaseP,RNaseP_T.celerAL1-2
9003,grp1,RNaseP,RNaseP_T.littoralis
9004,grp1,RNaseP,RNaseP_T.maritima-g
9005,grp1,RNaseP,RNaseP_T.neapolitana
9006,grp1,RNaseP,RNaseP_T.pallidum
9007,grp1,RNaseP,RNaseP_T.syrichta
9008,grp1,RNaseP,RNaseP_T.thermophilus
9009,grp1,RNaseP,RNaseP_UK2
9010,grp1,RNaseP,RNaseP_UK5
9011,grp1,RNaseP,RNaseP_V.cholera
9012,grp1,RNaseP,RNaseP_V.spinosum
9013,grp1,RNaseP,RNaseP_VSDW
9014,grp1,RNaseP,RNaseP_WA1
9015,grp1,RNaseP,RNaseP_Y.pestis
9016,grp1,RNaseP,RNaseP_Z.bailii
9017,grp1,RNaseP,RNaseP_purpleX
9018,grp1,grp1,grp1_a.I1.b.Dermocarpa.sp.ATCC29371.C3.tMET
9019,grp1,grp1,grp1_a.I1.b.Phormidium.sp.N182.C3.tLEU
9020,grp1,grp1,grp1_a.I1.b.S.hofmanii.C3.tMET
9021,grp1,grp1,grp1_a.I1.b.Synechococcus.sp2.C3.tLEU
9022,grp1,grp1,grp1_a.I1.c.A.cherimola.C3.tLEU
9023,grp1,grp1,grp1_a.I1.c.G.prostrata.C3.tLEU
9024,grp1,grp1,grp1_a.I1.c.S.bicolor.C3.tLEU
9025,grp1,grp1,grp1_a.I1.e.A.adeninivorans.C1.LSU.2449
9026,grp1,grp1,grp1_a.I1.e.A.capsulatus.CBS213.53.C1.SSU.943
9027,grp1,grp1,grp1_a.I1.e.A.capsulatus.FLs1.C1.SSU
9028,grp1,grp1,grp1_a.I1.e.A.capsulatus.G184B.C1.SSU
9029,grp1,grp1,grp1_a.I1.e.A.capsulatus.G186B.C1.SSU
9030,grp1,grp1,grp1_a.I1.e.A.stipitatus.C1.SSU.1046
9031,grp1,grp1,grp1_a.I1.e.B.ciliata.JCM6865.C1.SSU.1506
9032,grp1,grp1,grp1_a.I1.e.B.ciliata.JCM6865.C1.SSU.943
9033,grp1,grp1,grp1_a.I1.e.B.yamatoana.JCM2896.C1.SSU.1506
9034,grp1,grp1,grp1_a.I1.e.B.yamatoana.JCM2896.C1.SSU.943
9035,grp1,grp1,grp1_a.I1.e.C.ellipsoidea.211-1a.C1.SSU.1506
9036,grp1,grp1,grp1_a.I1.e.C.ellipsoidea.IAMC-87.C1.SSU.1506
9037,grp1,grp1,grp1_a.I1.e.C.grayi.UNK.SSU.1046
9038,grp1,grp1,grp1_a.I1.e.C.grayi.UNK.SSU.1516
9039,grp1,grp1,grp1_a.I1.e.C.merochlorophea.UNK.SSU.1046
9040,grp1,grp1,grp1_a.I1.e.C.merochlorophea.UNK.SSU.1210
9041,grp1,grp1,grp1_a.I1.e.C.merochlorophea.UNK.SSU.1389
9042,grp1,grp1,grp1_a.I1.e.C.merochlorophea.UNK.SSU.1516
9043,grp1,grp1,grp1_a.I1.e.C.saccatum.C1.SSU.1512
9044,grp1,grp1,grp1_a.I1.e.C.saxonicum.C1.SSU.1506
9045,grp1,grp1,grp1_a.I1.e.D.parva.C1.SSU.1512
9046,grp1,grp1,grp1_a.I1.e.D.parva.C1.SSU.943
9047,grp1,grp1,grp1_a.I1.e.D.salina.C1.SSU.943
9048,grp1,grp1,grp1_a.I1.e.E.dermatitidis.C1.SSU.943
9049,grp1,grp1,grp1_a.I1.e.G.planctonica.C1.SSU.943
9050,grp1,grp1,grp1_a.I1.e.G.spirotaenia.C1.SSU.1506
9051,grp1,grp1,grp1_a.I1.e.L.dispersa.UNK.SSU.1046
9052,grp1,grp1,grp1_a.I1.e.L.dispersa.UNK.SSU.114
9053,grp1,grp1,grp1_a.I1.e.L.dispersa.UNK.SSU.1210
9054,grp1,grp1,grp1_a.I1.e.L.dispersa.UNK.SSU.1516
9055,grp1,grp1,grp1_a.I1.e.L.dispersa.UNK.SSU.287
9056,grp1,grp1,grp1_a.I1.e.L.dispersa.UNK.SSU.516
9057,grp1,grp1,grp1_a.I1.e.L.dispersa.UNK.SSU.789
9058,grp1,grp1,grp1_a.I1.e.M.caldariorum.C1.SSU.1506
9059,grp1,grp1,grp1_a.I1.e.P.carinii.C1.SSU.1506
9060,grp1,grp1,grp1_a.I1.e.P.carinii.Pc1.C1.LSU.1921
9061,grp1,grp1,grp1_a.I1.e.P.carinii.Pc2.C1.LSU.1921
9062,grp1,grp1,grp1_a.I1.e.P.carinii.Pc3.C1.LSU.1921
9063,grp1,grp1,grp1_a.I1.e.P.clavariiformis.C1.SSU.943
9064,grp1,grp1,grp1_a.I1.e.P.inouyei.C1.SSU.1506
9065,grp1,grp1,grp1_a.I1.e.P.inouyei.C1.SSU.943
9066,grp1,grp1,grp1_a.I1.e.P.macrosporus.C1.SSU.1506
9067,grp1,grp1,grp1_a.I1.e.P.macrosporus.C1.SSU.943
9068,grp1,grp1,grp1_a.I1.e.P.pachydermus.C1.SSU.943
9069,grp1,grp1,grp1_a.I1.e.P.sarcinoidea.C1.SSU.943
9070,grp1,grp1,grp1_a.I1.e.S.granulatum.C1.SSU.1506
9071,grp1,grp1,grp1_a.I1.e.S.paniceum.UNK.SSU.1052
9072,grp1,grp1,grp1_a.I1.e.S.paniceum.UNK.SSU.114
9073,grp1,grp1,grp1_a.I1.e.S.paniceum.UNK.SSU.1210
9074,grp1,grp1,grp1_a.I1.e.S.paniceum.UNK.SSU.1506
9075,grp1,grp1,grp1_a.I1.e.S.paniceum.UNK.SSU.287
9076,grp1,grp1,grp1_a.I1.e.S.sclerotiorum_1837.C1.LSU.798
9077,grp1,grp1,grp1_a.I1.e.Staurastrum.sp.M752.C1.SSU.1506
9078,grp1,grp1,grp1_a.I1.e.Staurastrum.sp.M753.C1.SSU.1506
9079,grp1,grp1,grp1_a.I1.e.T.cosmopolitanis.C1.LSU.1925
9080,grp1,grp1,grp1_a.I1.e.T.hyperangularis.C1.LSU.1925
9081,grp1,grp1,grp1_a.I1.e.T.malaccensis.C1.LSU.1925
9082,grp1,grp1,grp1_a.I1.e.T.pigmentosa.C1.LSU.1925
9083,grp1,grp1,grp1_a.I1.e.U.maydis.C1.SSU.943
9084,grp1,grp1,grp1_a.I1.m.M.grisea.B2.ND1
9085,grp1,grp1,grp1_a.I1.m.S.luteus.A1.LSU.2504
9086,grp1,grp1,grp1_a.I1.m.S.pombe.B1.OX1
9087,grp1,grp1,grp1_b.I1.e.C.saccharophila.C1.SSU.156
9088,grp1,grp1,grp1_b.I1.e.M.anisopliae.2.C1.LSU.1921
9089,grp1,grp1,grp1_b.I1.e.M.anisopliae.3.C1.LSU.1921
9090,grp1,grp1,grp1_b.I1.e.T.thermophila.C1.LSU.1925
9091,grp1,grp1,grp1_s.I1.e.T.thermophila.C1.LSU.1925.schem
9092,grp1,srp,srp_Acin.spec._CR543861
9093,grp1,srp,srp_Aede.aegy._DW714815
9094,grp1,srp,srp_Aero.pern._BA000002
9095,grp1,srp,srp_Alka.meta._CP000724
9096,grp1,srp,srp_Anae.sp.._CP000769
9097,grp1,srp,srp_Anto.locu._GSP-278021
9098,grp1,srp,srp_Arab.thal._AC005275
9099,grp1,srp,srp_Arab.thal._X72228
9100,grp1,srp,srp_Ashb.goss._AE016819
9101,grp1,srp,srp_Aspe.flav._GSP-332952
9102,grp1,srp,srp_Aspe.fumi._GSP-41122
9103,grp1,srp,srp_Aspe.terr._GSP-341663
9104,grp1,srp,srp_Baci.alca._D11422
9105,grp1,srp,srp_Baci.cere._CP000001
9106,grp1,srp,srp_Baci.poly._D11421
9107,grp1,srp,srp_Baci.subt._X06802
9108,grp1,srp,srp_Baci.subt._X12642
9109,grp1,srp,srp_Baci.thur._CP000485
9110,grp1,srp,srp_Bdel.bact._BX842656
9111,grp1,srp,srp_Bloc.flor._BX248585
9112,grp1,srp,srp_Borr.burg._AE000783
9113,grp1,srp,srp_Bos.taur._GSP-6282
9114,grp1,srp,srp_Brad.japo._BA000040
9115,grp1,srp,srp_Bras.napu._EE412262
9116,grp1,srp,srp_Bruc.meli._AM040264
9117,grp1,srp,srp_Bruc.ovis._CP000708
9118,grp1,srp,srp_Burk.mall._CP000546
9119,grp1,srp,srp_Burk.pseu._CP000124
9120,grp1,srp,srp_Burk.pseu._CP000572
9121,grp1,srp,srp_Caen.eleg._AY948607
9122,grp1,srp,srp_Camp.jeju._CP000025
9123,grp1,srp,srp_Cand.Bloc._CP000016
9124,grp1,srp,srp_Carb.hydr._CP000141
9125,grp1,srp,srp_Caul.cres._AE005700
9126,grp1,srp,srp_Chla.cavi._AE016995
9127,grp1,srp,srp_Chla.muri._AE002160
9128,grp1,srp,srp_Chla.pneu._AE001363
9129,grp1,srp,srp_Chla.rein._SDB-3055
9130,grp1,srp,srp_Chla.trac._AE001298
9131,grp1,srp,srp_Chlo.vulg._AB001684
9132,grp1,srp,srp_Cion.savi._BW551179
9133,grp1,srp,srp_Citr.sine._CN181543
9134,grp1,srp,srp_Clos.acet._AE001437
9135,grp1,srp,srp_Clos.beij._CP000721
9136,grp1,srp,srp_Clos.botu._AM412317
9137,grp1,srp,srp_Clos.diff._AM180355
9138,grp1,srp,srp_Clos.kluy._CP000673
9139,grp1,srp,srp_Clos.perf._CP000246
9140,grp1,srp,srp_Cocc.posa._GSP-222929
9141,grp1,srp,srp_Cory.diph._BX248354
9142,grp1,srp,srp_Cory.jeik._CR931997
9143,grp1,srp,srp_Cryp.homi._GSP-353151
9144,grp1,srp,srp_Cryp.parv._XM_626716
9145,grp1,srp,srp_Cypr.carp._CF662133
9146,grp1,srp,srp_Dani.rrer._BX469912
9147,grp1,srp,srp_Desu.vulg._CP000527
9148,grp1,srp,srp_Dros.mela._AE014297
9149,grp1,srp,srp_Dros.mela._X00952
9150,grp1,srp,srp_Dros.moja._GSP-7230
9151,grp1,srp,srp_Ence.cuni._AL590449
9152,grp1,srp,srp_Ente.faec._AE016953
9153,grp1,srp,srp_Ento.sulc._AF095839
9154,grp1,srp,srp_Esch.coli._AE016756
9155,grp1,srp,srp_Esch.coli._CP000243
9156,grp1,srp,srp_Esch.coli._CP000468
9157,grp1,srp,srp_Esch.coli._U00096
9158,grp1,srp,srp_Esch.coli._U82664
9159,grp1,srp,srp_Esch.coli._X01074
9160,grp1,srp,srp_Fran.tula._AJ749949
9161,grp1,srp,srp_Fran.tula._AM286280
9162,grp1,srp,srp_Fran.tula._CP000437
9163,grp1,srp,srp_Fran.tula._CP000439
9164,grp1,srp,srp_Gald.sulp._GSP-130081
9165,grp1,srp,srp_Gibb.zeae._GSP-229533
9166,grp1,srp,srp_Haem.infl._CP000672
9167,grp1,srp,srp_Hahe.chej._CP000155
9168,grp1,srp,srp_Halo.mari._AY596297
9169,grp1,srp,srp_Halo.volc._AF395888
9170,grp1,srp,srp_Heli.annu._AJ828095
9171,grp1,srp,srp_Heli.pylo._AE001439
9172,grp1,srp,srp_Heli.pylo._CP000241
9173,grp1,srp,srp_Homo.sapi._AB061847
9174,grp1,srp,srp_Homo.sapi._BE083383
9175,grp1,srp,srp_Homo.sapi._BF875598
9176,grp1,srp,srp_Homo.sapi._BF909438
9177,grp1,srp,srp_Homo.sapi._BF909560
9178,grp1,srp,srp_Homo.sapi._BF909563
9179,grp1,srp,srp_Homo.sapi._NR_002715
9180,grp1,srp,srp_Humu.lupu._AJ236703
9181,grp1,srp,srp_Humu.lupu._X65983
9182,grp1,srp,srp_Hype.buty._CP000493
9183,grp1,srp,srp_Kine.radi._CP000750
9184,grp1,srp,srp_Kleb.pneu._CP000647
9185,grp1,srp,srp_Kluy.lact._CR382126
9186,grp1,srp,srp_Lact.case._CP000423
9187,grp1,srp,srp_Lact.delb._CR954253
9188,grp1,srp,srp_Lact.john._AE017198
9189,grp1,srp,srp_Legi.pneu._CR628337
9190,grp1,srp,srp_Leis.braz._AY722724
9191,grp1,srp,srp_Leis.dono._AY722734
9192,grp1,srp,srp_Leis.guya._AY722728
9193,grp1,srp,srp_Leis.infa._AM502223
9194,grp1,srp,srp_Leis.infa._SDB-5671
9195,grp1,srp,srp_Leis.majo._AY722715
9196,grp1,srp,srp_Leis.majo._SDB-347515
9197,grp1,srp,srp_List.inno._AL596173
9198,grp1,srp,srp_List.mono._U15684
9199,grp1,srp,srp_List.wels._AM263198
9200,grp1,srp,srp_Lyco.escu._Z29099
9201,grp1,srp,srp_Mann.succ._AE016827
9202,grp1,srp,srp_Mari.aqua._CP000514
9203,grp1,srp,srp_Medi.trun._AC136507
9204,grp1,srp,srp_Medi.trun._BE941271
9205,grp1,srp,srp_Medi.trun._CX540689
9206,grp1,srp,srp_Meth.acet._AE010299
9207,grp1,srp,srp_Meth.burt._CP000300
9208,grp1,srp,srp_Meth.ferv._M32222
9209,grp1,srp,srp_Meth.jann._L77117
9210,grp1,srp,srp_Meth.mari._CP000745
9211,grp1,srp,srp_Meth.maze._AE008384
9212,grp1,srp,srp_Mono.brev._GSP-81824
9213,grp1,srp,srp_Myco.bovi._BX248347
9214,grp1,srp,srp_Myco.geni._L43967
9215,grp1,srp,srp_Myco.hyop._AE017244
9216,grp1,srp,srp_Myco.lepr._AL023596
9217,grp1,srp,srp_Myco.myco._BX842642
9218,grp1,srp,srp_Myco.spec._CP000580
9219,grp1,srp,srp_Myco.syno._AE017245
9220,grp1,srp,srp_Nitr.euro._AL954747
9221,grp1,srp,srp_Nitr.euro._BX321857
9222,grp1,srp,srp_Nitr.eutr._CP000450
9223,grp1,srp,srp_Onch.volv._AI249203
9224,grp1,srp,srp_Orni.anat._GSP-9258
9225,grp1,srp,srp_Para.bras._CN241137
9226,grp1,srp,srp_Phyt.ramo._GSP-164328
9227,grp1,srp,srp_Picr.torr._AE017261
9228,grp1,srp,srp_Plas.gall._GSP-5849
9229,grp1,srp,srp_Popu.bals._GSP-73824
9230,grp1,srp,srp_Proc.mari._AE017165
9231,grp1,srp,srp_Proc.mari._BX572093
9232,grp1,srp,srp_Proc.mari._CP000551
9233,grp1,srp,srp_Proc.mari._CP000576
9234,grp1,srp,srp_Proc.spec._AJ011025
9235,grp1,srp,srp_Pseu.syri._CP000075
9236,grp1,srp,srp_Psyc.arct._CP000082
9237,grp1,srp,srp_Psyc.sp.._CP000713
9238,grp1,srp,srp_Pyro.cali._CP000561
9239,grp1,srp,srp_Pyro.hori._BA000001
9240,grp1,srp,srp_Rick.typh._AE017197
9241,grp1,srp,srp_Sacc.para._BN000251
9242,grp1,srp,srp_Salm.ente._AE017220
9243,grp1,srp,srp_Schm.medi._GSP-79327
9244,grp1,srp,srp_Shew.balt._CP000563
9245,grp1,srp,srp_Shew.spec._CP000503
9246,grp1,srp,srp_Shig.flex._AE005674
9247,grp1,srp,srp_Shig.flex._AE014073
9248,grp1,srp,srp_Shig.flex._AE016979
9249,grp1,srp,srp_Shig.flex._CP000266
9250,grp1,srp,srp_Sili.spec._CP000377
9251,grp1,srp,srp_Sino.meli._AL591782
9252,grp1,srp,srp_Stap.aure._BX571857
9253,grp1,srp,srp_Stap.aure._CP000703
9254,grp1,srp,srp_Stap.aure._E36052
9255,grp1,srp,srp_Stap.epid._AF269814
9256,grp1,srp,srp_Stre.agal._AL766845
9257,grp1,srp,srp_Stre.muta._AE014133
9258,grp1,srp,srp_Stre.pneu._AE007319
9259,grp1,srp,srp_Stre.pneu._CP000410
9260,grp1,srp,srp_Stre.pyog._AE009969
9261,grp1,srp,srp_Stre.pyog._AE014139
9262,grp1,srp,srp_Stre.pyog._AM295007
9263,grp1,srp,srp_Stre.pyog._CP000056
9264,grp1,srp,srp_Stre.pyog._CP000260
9265,grp1,srp,srp_Stre.pyog._CP000261
9266,grp1,srp,srp_Sulf.solf._Y08257
9267,grp1,srp,srp_Sulf.toko._BA000023
9268,grp1,srp,srp_Thal.pseu._EF067921
9269,grp1,srp,srp_Thal.pseu._GSP-296543
9270,grp1,srp,srp_Ther.acid._AL445063
9271,grp1,srp,srp_Ther.koda._AP006878
9272,grp1,srp,srp_Ther.mela._CP000716
9273,grp1,srp,srp_Toxo.gond._GSP-398031
9274,grp1,srp,srp_Tric.vagi._GSP-5722-2
9275,grp1,srp,srp_Trit.aest._BE424647
9276,grp1,srp,srp_Trit.aest._CD897082
9277,grp1,srp,srp_Trop.whip._AE014184
9278,grp1,srp,srp_Trop.whip._AE016852
9279,grp1,srp,srp_Tryp.bruc._AF047723
9280,grp1,srp,srp_Tryp.bruc._S56681
9281,grp1,srp,srp_Tryp.bruc._X57047
9282,grp1,srp,srp_Tryp.cong._SDB-5692
9283,grp1,srp,srp_Vibr.chol._CP000627
9284,grp1,srp,srp_Xant.camp._CP000050
9285,grp1,srp,srp_Xant.oryz._AE013598
9286,grp1,srp,srp_Yarr.lipo._X51658
9287,grp1,srp,srp_Yers.pest._AE017042
9288,grp1,srp,srp_Yers.pest._AE017129
9289,grp1,srp,srp_Yers.pest._AJ414155
9290,grp1,srp,srp_Yers.pest._CP000305
9291,grp1,srp,srp_Yers.pseu._BX936398
9292,grp1,tRNA,tRNA_tdbR00000003-Haloferax_volcanii-2246-Ala-GGC
9293,grp1,tRNA,tRNA_tdbR00000010-Escherichia_coli-562-Ala-VGC
9294,grp1,tRNA,tRNA_tdbR00000011-Neurospora_crassa-5141-Ala-UGC
9295,grp1,tRNA,tRNA_tdbR00000013-Pichia_jadinii-4903-Ala-IGC
9296,grp1,tRNA,tRNA_tdbR00000017-Homo_sapiens-9606-Ala-IGC
9297,grp1,tRNA,tRNA_tdbR00000020-Escherichia_coli-562-Cys-GCA
9298,grp1,tRNA,tRNA_tdbR00000021-Saccharomyces_cerevisiae-4932-Cys-GCA
9299,grp1,tRNA,tRNA_tdbR00000024-Mycoplasma_capricolum-2095-Asp-GUC
9300,grp1,tRNA,tRNA_tdbR00000026-Escherichia_coli-562-Asp-QUC
9301,grp1,tRNA,tRNA_tdbR00000030-Aedes_albopictus-7160-Asp-GUC
9302,grp1,tRNA,tRNA_tdbR00000032-Rattus_norvegicus-10116-Asp-GUC
9303,grp1,tRNA,tRNA_tdbR00000036-Euglena_gracilis-3039-Asp-GUC
9304,grp1,tRNA,tRNA_tdbR00000038-Rattus_norvegicus-10116-Asp-8UC
9305,grp1,tRNA,tRNA_tdbR00000042-Haloferax_volcanii-2246-Glu-MUC
9306,grp1,tRNA,tRNA_tdbR00000043-Haloferax_volcanii-2246-Glu-NUC
9307,grp1,tRNA,tRNA_tdbR00000053-Bos_taurus-9913-Glu-NUC
9308,grp1,tRNA,tRNA_tdbR00000059-Rattus_norvegicus-10116-Glu-3UC
9309,grp1,tRNA,tRNA_tdbR00000063-Haloferax_volcanii-2246-Phe-GAA
9310,grp1,tRNA,tRNA_tdbR00000067-Escherichia_coli-562-Phe-GAA
9311,grp1,tRNA,tRNA_tdbR00000072-Phaseolus_vulgaris-3885-Phe-GAA
9312,grp1,tRNA,tRNA_tdbR00000074-Tetrahymena_pyriformis-5908-Phe-GAA
9313,grp1,tRNA,tRNA_tdbR00000078-Ascaris_suum-6253-Phe-GAA
9314,grp1,tRNA,tRNA_tdbR00000089-Brassica_napus-3708-Phe-AA
9315,grp1,tRNA,tRNA_tdbR00000090-Lupinus_luteus-3873-Phe-AA
9316,grp1,tRNA,tRNA_tdbR00000092-Oryctolagus_cuniculus-9986-Phe-AA
9317,grp1,tRNA,tRNA_tdbR00000093-Bombyx_mori-7091-Phe-AA
9318,grp1,tRNA,tRNA_tdbR00000098-Xenopus_laevis-8355-Phe-AA
9319,grp1,tRNA,tRNA_tdbR00000108-Haloferax_volcanii-2246-Gly-GCC
9320,grp1,tRNA,tRNA_tdbR00000109-Haloferax_volcanii-2246-Gly-NCC
9321,grp1,tRNA,tRNA_tdbR00000111-Mycoplasma_capricolum-2095-Gly-UCC
9322,grp1,tRNA,tRNA_tdbR00000114-Staphylococcus_epidermidis-1282-Gly-UCC
9323,grp1,tRNA,tRNA_tdbR00000115-Staphylococcus_epidermidis-1282-Gly-UCC
9324,grp1,tRNA,tRNA_tdbR00000119-Escherichia_coli-562-Gly-NCC
9325,grp1,tRNA,tRNA_tdbR00000125-Bos_taurus-9913-Gly-UCC
9326,grp1,tRNA,tRNA_tdbR00000128-Halocynthia_roretzi-7729-Gly-GCU
9327,grp1,tRNA,tRNA_tdbR00000132-Lupinus_luteus-3873-Gly-GCC
9328,grp1,tRNA,tRNA_tdbR00000136-Homo_sapiens-9606-Gly-GCC
9329,grp1,tRNA,tRNA_tdbR00000139-Mycoplasma_capricolum-2095-His-GUK
9330,grp1,tRNA,tRNA_tdbR00000140-Escherichia_coli-562-His-QUG
9331,grp1,tRNA,tRNA_tdbR00000142-Saccharomyces_cerevisiae-4932-His-GUG
9332,grp1,tRNA,tRNA_tdbR00000143-Asterias_amurensis-7602-His-QUG
9333,grp1,tRNA,tRNA_tdbR00000151-Haloferax_volcanii-2246-Ile-GAU
9334,grp1,tRNA,tRNA_tdbR00000155-Mycoplasma_mycoides-2102-Ile-GAU
9335,grp1,tRNA,tRNA_tdbR00000159-Escherichia_coli-562-Ile-GAU
9336,grp1,tRNA,tRNA_tdbR00000164-Saccharomyces_cerevisiae-4932-Ile-GAU
9337,grp1,tRNA,tRNA_tdbR00000165-Solanum_tuberosum-4113-Ile-AU
9338,grp1,tRNA,tRNA_tdbR00000170-Saccharomyces_cerevisiae-4932-Ile-IAU
9339,grp1,tRNA,tRNA_tdbR00000172-Lupinus_luteus-3873-Ile-IAU
9340,grp1,tRNA,tRNA_tdbR00000175-Haloferax_volcanii-2246-Lys-NUU
9341,grp1,tRNA,tRNA_tdbR00000176-Haloferax_volcanii-2246-Lys-MUU
9342,grp1,tRNA,tRNA_tdbR00000177-Mycoplasma_capricolum-2095-Lys-CUU
9343,grp1,tRNA,tRNA_tdbR00000179-Bacillus_subtilis-1423-Lys-UU
9344,grp1,tRNA,tRNA_tdbR00000184-Asterias_amurensis-7602-Lys-CUU
9345,grp1,tRNA,tRNA_tdbR00000192-Saccharomyces_cerevisiae-4932-Lys-CUU
9346,grp1,tRNA,tRNA_tdbR00000194-Triticum_aestivum-4565-Lys-CUU
9347,grp1,tRNA,tRNA_tdbR00000196-Rattus_norvegicus-10116-Lys-CUN
9348,grp1,tRNA,tRNA_tdbR00000197-Rattus_norvegicus-10116-Lys-3UU
9349,grp1,tRNA,tRNA_tdbR00000199-Oryctolagus_cuniculus-9986-Lys-CUU
9350,grp1,tRNA,tRNA_tdbR00000206-Loligo_bleekeri-6617-Lys-UUU
9351,grp1,tRNA,tRNA_tdbR00000208-Mus_musculus-10090-Lys-CUN
9352,grp1,tRNA,tRNA_tdbR00000209-Enterobacteria_phage_T4-10665-Leu-NAA
9353,grp1,tRNA,tRNA_tdbR00000211-Haloferax_volcanii-2246-Leu-CAA
9354,grp1,tRNA,tRNA_tdbR00000216-Mycoplasma_capricolum-2095-Leu-BAA
9355,grp1,tRNA,tRNA_tdbR00000218-Mycoplasma_capricolum-2095-Leu-UAG
9356,grp1,tRNA,tRNA_tdbR00000221-Escherichia_coli-562-Leu-CAG
9357,grp1,tRNA,tRNA_tdbR00000222-Escherichia_coli-562-Leu-GAG
9358,grp1,tRNA,tRNA_tdbR00000225-Synechococcus_elongatus_PCC_6301-269084-Leu-CAA
9359,grp1,tRNA,tRNA_tdbR00000228-Glycine_max-3847-Leu-BAA
9360,grp1,tRNA,tRNA_tdbR00000230-Glycine_max-3847-Leu-UA7
9361,grp1,tRNA,tRNA_tdbR00000233-Phaseolus_vulgaris-3885-Leu-UA7
9362,grp1,tRNA,tRNA_tdbR00000234-Spinacia_oleracea-3562-Leu-UA7
9363,grp1,tRNA,tRNA_tdbR00000236-Neurospora_crassa-5141-Leu-UAG
9364,grp1,tRNA,tRNA_tdbR00000237-Saccharomyces_cerevisiae-4932-Leu-AA
9365,grp1,tRNA,tRNA_tdbR00000243-Rattus_norvegicus-10116-Leu-UAG
9366,grp1,tRNA,tRNA_tdbR00000244-Rattus_norvegicus-10116-Leu-UAG
9367,grp1,tRNA,tRNA_tdbR00000245-Rattus_norvegicus-10116-Leu-UAG
9368,grp1,tRNA,tRNA_tdbR00000252-Pichia_jadinii-4903-Leu-BAA
9369,grp1,tRNA,tRNA_tdbR00000254-Candida_cylindracea-44322-Leu-IAG
9370,grp1,tRNA,tRNA_tdbR00000270-Avian_myeloblastosis_virus-11866-Met-BAU
9371,grp1,tRNA,tRNA_tdbR00000273-Mycoplasma_capricolum-2095-Met-CAU
9372,grp1,tRNA,tRNA_tdbR00000277-Codium_fragile-3133-Met-CAU
9373,grp1,tRNA,tRNA_tdbR00000278-Scenedesmus_obliquus-3088-Met-CAU
9374,grp1,tRNA,tRNA_tdbR00000282-Ascaris_suum-6253-Met-AU
9375,grp1,tRNA,tRNA_tdbR00000285-Triticum_aestivum-4565-Met-BAU
9376,grp1,tRNA,tRNA_tdbR00000286-Lupinus_luteus-3873-Met-BAU
9377,grp1,tRNA,tRNA_tdbR00000291-Halobacterium_salinarum-2242-Asn-GUU
9378,grp1,tRNA,tRNA_tdbR00000294-Mycoplasma_capricolum-2095-Asn-GUU
9379,grp1,tRNA,tRNA_tdbR00000300-Saccharomyces_cerevisiae-4932-Asn-GUU
9380,grp1,tRNA,tRNA_tdbR00000301-Lupinus_luteus-3873-Asn-UU
9381,grp1,tRNA,tRNA_tdbR00000309-Enterobacteria_phage_T4-10665-Pro-NGG
9382,grp1,tRNA,tRNA_tdbR00000313-Haloferax_volcanii-2246-Pro-UGG
9383,grp1,tRNA,tRNA_tdbR00000316-Bacillus_subtilis-1423-Pro-5GG
9384,grp1,tRNA,tRNA_tdbR00000317-Salmonella_typhimurium-602-Pro-CGG
9385,grp1,tRNA,tRNA_tdbR00000328-Enterobacteria_phage_T5-10726-Gln-UUG
9386,grp1,tRNA,tRNA_tdbR00000333-Escherichia_coli-562-Gln-NUG
9387,grp1,tRNA,tRNA_tdbR00000336-Aedes_albopictus-7160-Gln-NUG
9388,grp1,tRNA,tRNA_tdbR00000337-Tetrahymena_thermophila-5911-Gln-CUA
9389,grp1,tRNA,tRNA_tdbR00000338-Tetrahymena_thermophila-5911-Gln-JUA
9390,grp1,tRNA,tRNA_tdbR00000342-Bos_taurus-9913-Gln-CUG
9391,grp1,tRNA,tRNA_tdbR00000343-Mus_musculus-10090-Gln-CUG
9392,grp1,tRNA,tRNA_tdbR00000346-Homo_sapiens-9606-Gln-NUG
9393,grp1,tRNA,tRNA_tdbR00000347-Enterobacteria_phage_T4-10665-Arg-NCU
9394,grp1,tRNA,tRNA_tdbR00000351-Haloferax_volcanii-2246-Arg-NCG
9395,grp1,tRNA,tRNA_tdbR00000352-Mycoplasma_capricolum-2095-Arg-ICG
9396,grp1,tRNA,tRNA_tdbR00000355-Escherichia_coli-562-Arg-ICG
9397,grp1,tRNA,tRNA_tdbR00000356-Escherichia_coli-562-Arg-ICG
9398,grp1,tRNA,tRNA_tdbR00000358-Escherichia_coli-562-Arg-CU
9399,grp1,tRNA,tRNA_tdbR00000360-Codium_fragile-3133-Arg-ICG
9400,grp1,tRNA,tRNA_tdbR00000363-Ascaris_suum-6253-Arg-PCU
9401,grp1,tRNA,tRNA_tdbR00000364-Ascaris_suum-6253-Arg-ACG
9402,grp1,tRNA,tRNA_tdbR00000365-Aedes_albopictus-7160-Arg-UCG
9403,grp1,tRNA,tRNA_tdbR00000368-Mesocricetus_auratus-10036-Arg-UCG
9404,grp1,tRNA,tRNA_tdbR00000371-Saccharomyces_cerevisiae-4932-Arg-1CU
9405,grp1,tRNA,tRNA_tdbR00000375-Bos_taurus-9913-Arg-CCU
9406,grp1,tRNA,tRNA_tdbR00000376-Bos_taurus-9913-Arg-3CP
9407,grp1,tRNA,tRNA_tdbR00000377-Mus_musculus-10090-Arg-ICG
9408,grp1,tRNA,tRNA_tdbR00000380-Halobacterium_salinarum-2242-Ser-MGA
9409,grp1,tRNA,tRNA_tdbR00000383-Haloferax_volcanii-2246-Ser-GGA
9410,grp1,tRNA,tRNA_tdbR00000386-Mycoplasma_mycoides-2102-Ser-UGA
9411,grp1,tRNA,tRNA_tdbR00000393-Escherichia_coli-562-Ser-GGA
9412,grp1,tRNA,tRNA_tdbR00000394-Escherichia_coli-562-Ser-VGA
9413,grp1,tRNA,tRNA_tdbR00000396-Saccharomyces_cerevisiae-4932-Ser-UGA
9414,grp1,tRNA,tRNA_tdbR00000397-Saccharomyces_cerevisiae-4932-Ser-UGA
9415,grp1,tRNA,tRNA_tdbR00000400-Loligo_bleekeri-6617-Ser-7CU
9416,grp1,tRNA,tRNA_tdbR00000403-Bos_taurus-9913-Ser-UGA
9417,grp1,tRNA,tRNA_tdbR00000406-Saccharomyces_cerevisiae-4932-Ser-NGA
9418,grp1,tRNA,tRNA_tdbR00000407-Saccharomyces_cerevisiae-4932-Ser-IGA
9419,grp1,tRNA,tRNA_tdbR00000408-Saccharomyces_cerevisiae-4932-Ser-IGA
9420,grp1,tRNA,tRNA_tdbR00000413-Candida_cylindracea-44322-Ser-GCU
9421,grp1,tRNA,tRNA_tdbR00000415-Nicotiana_rustica-4093-Ser-GA
9422,grp1,tRNA,tRNA_tdbR00000416-Nicotiana_rustica-4093-Ser-CGA
9423,grp1,tRNA,tRNA_tdbR00000424-Drosophila_melanogaster-7227-Ser-GCU
9424,grp1,tRNA,tRNA_tdbR00000430-Halobacterium_salinarum-2242-Thr-GGU
9425,grp1,tRNA,tRNA_tdbR00000431-Haloferax_volcanii-2246-Thr-CGU
9426,grp1,tRNA,tRNA_tdbR00000432-Haloferax_volcanii-2246-Thr-GGU
9427,grp1,tRNA,tRNA_tdbR00000439-Spinacia_oleracea-3562-Thr-GGU
9428,grp1,tRNA,tRNA_tdbR00000443-Saccharomyces_cerevisiae-4932-Thr-IGU
9429,grp1,tRNA,tRNA_tdbR00000445-Bos_taurus-9913-Thr-IGU
9430,grp1,tRNA,tRNA_tdbR00000446-Halobacterium_salinarum-2242-Val-CAC
9431,grp1,tRNA,tRNA_tdbR00000448-Halobacterium_salinarum-2242-Val-GAC
9432,grp1,tRNA,tRNA_tdbR00000451-Mycoplasma_capricolum-2095-Val-UAC
9433,grp1,tRNA,tRNA_tdbR00000453-Bacillus_subtilis-1423-Val-5AC
9434,grp1,tRNA,tRNA_tdbR00000455-Escherichia_coli-562-Val-GAC
9435,grp1,tRNA,tRNA_tdbR00000459-Neurospora_crassa-5141-Val-UAC
9436,grp1,tRNA,tRNA_tdbR00000461-Rattus_norvegicus-10116-Val-UAC
9437,grp1,tRNA,tRNA_tdbR00000463-Bos_taurus-9913-Val-UAC
9438,grp1,tRNA,tRNA_tdbR00000465-Saccharomyces_cerevisiae-4932-Val-CAC
9439,grp1,tRNA,tRNA_tdbR00000467-Pichia_jadinii-4903-Val-IAC
9440,grp1,tRNA,tRNA_tdbR00000471-Oryctolagus_cuniculus-9986-Val-IAC
9441,grp1,tRNA,tRNA_tdbR00000472-Drosophila_melanogaster-7227-Val-IAC
9442,grp1,tRNA,tRNA_tdbR00000475-Mus_musculus-10090-Val-IAC
9443,grp1,tRNA,tRNA_tdbR00000477-Avian_myeloblastosis_virus-11866-Trp-BCA
9444,grp1,tRNA,tRNA_tdbR00000478-Haloferax_volcanii-2246-Trp-BCA
9445,grp1,tRNA,tRNA_tdbR00000480-Mycoplasma_capricolum-2095-Trp-CA
9446,grp1,tRNA,tRNA_tdbR00000482-Spiroplasma_citri-2133-Trp-CCA
9447,grp1,tRNA,tRNA_tdbR00000485-Nicotiana_tabacum-4097-Trp-BCA
9448,grp1,tRNA,tRNA_tdbR00000486-Phaseolus_vulgaris-3885-Trp-BCA
9449,grp1,tRNA,tRNA_tdbR00000488-Tetrahymena_thermophila-5911-Trp-CA
9450,grp1,tRNA,tRNA_tdbR00000492-Rattus_norvegicus-10116-Trp-NCA
9451,grp1,tRNA,tRNA_tdbR00000497-Bos_taurus-9913-Trp-BCA
9452,grp1,tRNA,tRNA_tdbR00000498-Gallus_gallus-9031-Trp-BCA
9453,grp1,tRNA,tRNA_tdbR00000499-Halobacterium_salinarum-2242-Ini-CAU
9454,grp1,tRNA,tRNA_tdbR00000500-Haloferax_volcanii-2246-Ini-CAU
9455,grp1,tRNA,tRNA_tdbR00000504-Mycoplasma_capricolum-2095-Ini-CAU
9456,grp1,tRNA,tRNA_tdbR00000505-Mycoplasma_mycoides-2102-Ini-CAU
9457,grp1,tRNA,tRNA_tdbR00000506-Streptomyces_griseus-1911-Ini-CAU
9458,grp1,tRNA,tRNA_tdbR00000507-Bacillus_subtilis-1423-Ini-CAU
9459,grp1,tRNA,tRNA_tdbR00000510-Escherichia_coli-562-Ini-CAU
9460,grp1,tRNA,tRNA_tdbR00000512-Mycobacterium_smegmatis-1772-Ini-CAU
9461,grp1,tRNA,tRNA_tdbR00000514-Scenedesmus_obliquus-3088-Ini-CAU
9462,grp1,tRNA,tRNA_tdbR00000519-Phaseolus_vulgaris-3885-Ini-CAU
9463,grp1,tRNA,tRNA_tdbR00000522-Bos_taurus-9913-Ini-AU
9464,grp1,tRNA,tRNA_tdbR00000523-Tetrahymena_thermophila-5911-Ini-CAU
9465,grp1,tRNA,tRNA_tdbR00000529-Triticum_aestivum-4565-Ini-CAU
9466,grp1,tRNA,tRNA_tdbR00000532-Oryctolagus_cuniculus-9986-Ini-CAU
9467,grp1,tRNA,tRNA_tdbR00000533-Drosophila_melanogaster-7227-Ini-CAU
9468,grp1,tRNA,tRNA_tdbR00000534-Euphausia_superba-6819-Ini-CAU
9469,grp1,tRNA,tRNA_tdbR00000535-Xenopus_laevis-8355-Ini-CAU
9470,grp1,tRNA,tRNA_tdbR00000539-Ovis_aries-9940-Ini-CAU
9471,grp1,tRNA,tRNA_tdbR00000545-Escherichia_coli-562-Tyr-QUA
9472,grp1,tRNA,tRNA_tdbR00000546-Escherichia_coli-562-Tyr-QUA
9473,grp1,tRNA,tRNA_tdbR00000548-Scenedesmus_obliquus-3088-Tyr-GUA
9474,grp1,tRNA,tRNA_tdbR00000556-Schizosaccharomyces_pombe-4896-Tyr-GPA
9475,grp1,tRNA,tRNA_tdbR00000559-Triticum_aestivum-4565-Tyr-GPA
9476,grp1,tRNA,tRNA_tdbR00000560-Lupinus_luteus-3873-Tyr-GPA
9477,grp1,tRNA,tRNA_tdbR00000565-Bos_taurus-9913-Tyr-9PA
9478,grp1,tRNA,tRNA_tdbR00000572-Leishmania_tarentolae-5689-Lys-1UU
9479,grp1,tRNA,tRNA_tdbR00000575-Leishmania_tarentolae-5689-Thr-CGU
9480,grp1,tRNA,tRNA_tdbR00000578-Leishmania_tarentolae-5689-Glu-3UC
9481,grp1,tRNA,tRNA_tdbR00000581-Aeropyrum_pernix-56636-Lys-CUU
9482,grp1,tRNA,tRNA_tdbR00000584-Aeropyrum_pernix-56636-Pro-GGG
9483,grp1,tRNA,tRNA_tdbR00000587-Aeropyrum_pernix-56636-Met-CAU
9484,grp1,tRNA,tRNA_tdbR00000590-Ascaris_suum-6253-Glu-UC
9485,grp1,tRNA,tRNA_tdbR00000593-Ascaris_suum-6253-Trp-CA
9486,grp1,tRNA,tRNA_tdbR00000605-Lupinus_luteus-3873-Leu-CAG
9487,grp1,tRNA,tRNA_tdbR00000611-Sinorhizobium_meliloti-382-His-GUG
9488,grp1,tRNA,tRNA_tdbR00000613-Nanoarchaeum_equitans-160232-Glu-CUC
9489,grp1,tRNA,tRNA_tdbR00000616-Nanoarchaeum_equitans-160232-Lys-CUU
9490,grp1,tRNA,tRNA_tdbR00000617-Nanoarchaeum_equitans-160232-Gln-UUG
9491,grp1,tRNA,tRNA_tdbR00000618-Candida_albicans-5476-Leu-CAG
9492,grp1,telomerase,telomerase_AC121792.109554-109950
9493,grp1,telomerase,telomerase_AF147806.247-692
9494,grp1,telomerase,telomerase_AF221906.96-545
9495,grp1,telomerase,telomerase_AF221908.136-584
9496,grp1,telomerase,telomerase_AF221909.98-496
9497,grp1,telomerase,telomerase_AF221910.112-554
9498,grp1,telomerase,telomerase_AF221911.104-513
9499,grp1,telomerase,telomerase_AF221912.98-564
9500,grp1,telomerase,telomerase_AF221913.109-520
9501,grp1,telomerase,telomerase_AF221914.112-589
9502,grp1,telomerase,telomerase_AF221916.94-481
9503,grp1,telomerase,telomerase_AF221917.99-542
9504,grp1,telomerase,telomerase_AF221918.97-547
9505,grp1,telomerase,telomerase_AF221919.107-614
9506,grp1,telomerase,telomerase_AF221920.99-541
9507,grp1,telomerase,telomerase_AF221921.98-548
9508,grp1,telomerase,telomerase_AF221923.106-554
9509,grp1,telomerase,telomerase_AF221924.105-538
9510,grp1,telomerase,telomerase_AF221925.98-540
9511,grp1,telomerase,telomerase_AF221926.103-507
9512,grp1,telomerase,telomerase_AF221927.113-556
9513,grp1,telomerase,telomerase_AF221928.95-476
9514,grp1,telomerase,telomerase_AF221929.92-517
9515,grp1,telomerase,telomerase_AF221930.94-546
9516,grp1,telomerase,telomerase_AF221931.99-541
9517,grp1,telomerase,telomerase_AF221932.102-549
9518,grp1,telomerase,telomerase_AF221934.121-565
9519,grp1,telomerase,telomerase_AF221935.112-602
9520,grp1,telomerase,telomerase_AF221936.98-540
9521,grp1,telomerase,telomerase_AF221937.99-545
9522,grp1,telomerase,telomerase_AF221939.99-544
9523,grp1,telomerase,telomerase_AF221940.103-499
9524,grp1,telomerase,telomerase_AY058901.1-397
9525,grp1,telomerase,telomerase_AY312571.605-1069
9526,grp1,telomerase,telomerase_U85256.1-451
9527,grp1,telomerase,telomerase_AC121792.109554-109950
9528,grp1,telomerase,telomerase_AF147806.247-692
9529,grp1,telomerase,telomerase_AF221906.96-545
9530,grp1,telomerase,telomerase_AF221908.136-584
9531,grp1,telomerase,telomerase_AF221909.98-496
9532,grp1,telomerase,telomerase_AF221910.112-554
9533,grp1,telomerase,telomerase_AF221911.104-513
9534,grp1,telomerase,telomerase_AF221912.98-564
9535,grp1,telomerase,telomerase_AF221913.109-520
9536,grp1,telomerase,telomerase_AF221914.112-589
9537,grp1,telomerase,telomerase_AF221916.94-481
9538,grp1,telomerase,telomerase_AF221917.99-542
9539,grp1,telomerase,telomerase_AF221918.97-547
9540,grp1,telomerase,telomerase_AF221919.107-614
9541,grp1,telomerase,telomerase_AF221920.99-541
9542,grp1,telomerase,telomerase_AF221921.98-548
9543,grp1,telomerase,telomerase_AF221923.106-554
9544,grp1,telomerase,telomerase_AF221924.105-538
9545,grp1,telomerase,telomerase_AF221925.98-540
9546,grp1,telomerase,telomerase_AF221926.103-507
9547,grp1,telomerase,telomerase_AF221927.113-556
9548,grp1,telomerase,telomerase_AF221928.95-476
9549,grp1,telomerase,telomerase_AF221929.92-517
9550,grp1,telomerase,telomerase_AF221930.94-546
9551,grp1,telomerase,telomerase_AF221931.99-541
9552,grp1,telomerase,telomerase_AF221932.102-549
9553,grp1,telomerase,telomerase_AF221934.121-565
9554,grp1,telomerase,telomerase_AF221935.112-602
9555,grp1,telomerase,telomerase_AF221936.98-540
9556,grp1,telomerase,telomerase_AF221937.99-545
9557,grp1,telomerase,telomerase_AF221939.99-544
9558,grp1,telomerase,telomerase_AF221940.103-499
9559,grp1,telomerase,telomerase_AY058901.1-397
9560,grp1,telomerase,telomerase_AY312571.605-1069
9561,grp1,telomerase,telomerase_U85256.1-451
9562,grp1,telomerase,telomerase_AC121792.109554-109950
9563,grp1,telomerase,telomerase_AF147806.247-692
9564,grp1,telomerase,telomerase_AF221906.96-545
9565,grp1,telomerase,telomerase_AF221908.136-584
9566,grp1,telomerase,telomerase_AF221909.98-496
9567,grp1,telomerase,telomerase_AF221910.112-554
9568,grp1,telomerase,telomerase_AF221911.104-513
9569,grp1,telomerase,telomerase_AF221912.98-564
9570,grp1,telomerase,telomerase_AF221913.109-520
9571,grp1,telomerase,telomerase_AF221914.112-589
9572,grp1,telomerase,telomerase_AF221916.94-481
9573,grp1,telomerase,telomerase_AF221917.99-542
9574,grp1,telomerase,telomerase_AF221918.97-547
9575,grp1,telomerase,telomerase_AF221919.107-614
9576,grp1,telomerase,telomerase_AF221920.99-541
9577,grp1,telomerase,telomerase_AF221921.98-548
9578,grp1,telomerase,telomerase_AF221923.106-554
9579,grp1,telomerase,telomerase_AF221924.105-538
9580,grp1,telomerase,telomerase_AF221925.98-540
9581,grp1,telomerase,telomerase_AF221926.103-507
9582,grp1,telomerase,telomerase_AF221927.113-556
9583,grp1,telomerase,telomerase_AF221928.95-476
9584,grp1,telomerase,telomerase_AF221929.92-517
9585,grp1,telomerase,telomerase_AF221930.94-546
9586,grp1,telomerase,telomerase_AF221931.99-541
9587,grp1,telomerase,telomerase_AF221932.102-549
9588,grp1,telomerase,telomerase_AF221934.121-565
9589,grp1,telomerase,telomerase_AF221935.112-602
9590,grp1,telomerase,telomerase_AF221936.98-540
9591,grp1,telomerase,telomerase_AF221937.99-545
9592,grp1,telomerase,telomerase_AF221939.99-544
9593,grp1,telomerase,telomerase_AF221940.103-499
9594,grp1,telomerase,telomerase_AY058901.1-397
9595,grp1,telomerase,telomerase_AY312571.605-1069
9596,grp1,telomerase,telomerase_U85256.1-451
9597,grp1,telomerase,telomerase_AC121792.109554-109950
9598,grp1,telomerase,telomerase_AF147806.247-692
9599,grp1,telomerase,telomerase_AF221906.96-545
9600,grp1,telomerase,telomerase_AF221908.136-584
9601,grp1,telomerase,telomerase_AF221909.98-496
9602,grp1,telomerase,telomerase_AF221910.112-554
9603,grp1,telomerase,telomerase_AF221911.104-513
9604,grp1,telomerase,telomerase_AF221912.98-564
9605,grp1,telomerase,telomerase_AF221913.109-520
9606,grp1,telomerase,telomerase_AF221914.112-589
9607,grp1,telomerase,telomerase_AF221916.94-481
9608,grp1,telomerase,telomerase_AF221917.99-542
9609,grp1,telomerase,telomerase_AF221918.97-547
9610,grp1,telomerase,telomerase_AF221919.107-614
9611,grp1,telomerase,telomerase_AF221920.99-541
9612,grp1,telomerase,telomerase_AF221921.98-548
9613,grp1,telomerase,telomerase_AF221923.106-554
9614,grp1,telomerase,telomerase_AF221924.105-538
9615,grp1,telomerase,telomerase_AF221925.98-540
9616,grp1,telomerase,telomerase_AF221926.103-507
9617,grp1,telomerase,telomerase_AF221927.113-556
9618,grp1,telomerase,telomerase_AF221928.95-476
9619,grp1,telomerase,telomerase_AF221929.92-517
9620,grp1,telomerase,telomerase_AF221930.94-546
9621,grp1,telomerase,telomerase_AF221931.99-541
9622,grp1,telomerase,telomerase_AF221932.102-549
9623,grp1,telomerase,telomerase_AF221934.121-565
9624,grp1,telomerase,telomerase_AF221935.112-602
9625,grp1,telomerase,telomerase_AF221936.98-540
9626,grp1,telomerase,telomerase_AF221937.99-545
9627,grp1,telomerase,telomerase_AF221939.99-544
9628,grp1,telomerase,telomerase_AF221940.103-499
9629,grp1,telomerase,telomerase_AY058901.1-397
9630,grp1,telomerase,telomerase_AY312571.605-1069
9631,grp1,telomerase,telomerase_U85256.1-451
9632,grp1,telomerase,telomerase_AC121792.109554-109950
9633,grp1,telomerase,telomerase_AF147806.247-692
9634,grp1,telomerase,telomerase_AF221906.96-545
9635,grp1,telomerase,telomerase_AF221908.136-584
9636,grp1,telomerase,telomerase_AF221909.98-496
9637,grp1,telomerase,telomerase_AF221910.112-554
9638,grp1,telomerase,telomerase_AF221911.104-513
9639,grp1,telomerase,telomerase_AF221912.98-564
9640,grp1,telomerase,telomerase_AF221913.109-520
9641,grp1,telomerase,telomerase_AF221914.112-589
9642,grp1,telomerase,telomerase_AF221916.94-481
9643,grp1,telomerase,telomerase_AF221917.99-542
9644,grp1,telomerase,telomerase_AF221918.97-547
9645,grp1,telomerase,telomerase_AF221919.107-614
9646,grp1,telomerase,telomerase_AF221920.99-541
9647,grp1,telomerase,telomerase_AF221921.98-548
9648,grp1,telomerase,telomerase_AF221923.106-554
9649,grp1,telomerase,telomerase_AF221924.105-538
9650,grp1,telomerase,telomerase_AF221925.98-540
9651,grp1,telomerase,telomerase_AF221926.103-507
9652,grp1,telomerase,telomerase_AF221927.113-556
9653,grp1,telomerase,telomerase_AF221928.95-476
9654,grp1,telomerase,telomerase_AF221929.92-517
9655,grp1,telomerase,telomerase_AF221930.94-546
9656,grp1,telomerase,telomerase_AF221931.99-541
9657,grp1,telomerase,telomerase_AF221932.102-549
9658,grp1,telomerase,telomerase_AF221934.121-565
9659,grp1,telomerase,telomerase_AF221935.112-602
9660,grp1,telomerase,telomerase_AF221936.98-540
9661,grp1,telomerase,telomerase_AF221937.99-545
9662,grp1,telomerase,telomerase_AF221939.99-544
9663,grp1,telomerase,telomerase_AF221940.103-499
9664,grp1,telomerase,telomerase_AY058901.1-397
9665,grp1,telomerase,telomerase_AY312571.605-1069
9666,grp1,telomerase,telomerase_U85256.1-451
9667,grp1,telomerase,telomerase_AC121792.109554-109950
9668,grp1,telomerase,telomerase_AF147806.247-692
9669,grp1,telomerase,telomerase_AF221906.96-545
9670,grp1,telomerase,telomerase_AF221908.136-584
9671,grp1,telomerase,telomerase_AF221909.98-496
9672,grp1,telomerase,telomerase_AF221910.112-554
9673,grp1,telomerase,telomerase_AF221911.104-513
9674,grp1,telomerase,telomerase_AF221912.98-564
9675,grp1,telomerase,telomerase_AF221913.109-520
9676,grp1,telomerase,telomerase_AF221914.112-589
9677,grp1,telomerase,telomerase_AF221916.94-481
9678,grp1,telomerase,telomerase_AF221917.99-542
9679,grp1,telomerase,telomerase_AF221918.97-547
9680,grp1,telomerase,telomerase_AF221919.107-614
9681,grp1,telomerase,telomerase_AF221920.99-541
9682,grp1,telomerase,telomerase_AF221921.98-548
9683,grp1,telomerase,telomerase_AF221923.106-554
9684,grp1,telomerase,telomerase_AF221924.105-538
9685,grp1,telomerase,telomerase_AF221925.98-540
9686,grp1,telomerase,telomerase_AF221926.103-507
9687,grp1,telomerase,telomerase_AF221927.113-556
9688,grp1,telomerase,telomerase_AF221928.95-476
9689,grp1,telomerase,telomerase_AF221929.92-517
9690,grp1,telomerase,telomerase_AF221930.94-546
9691,grp1,telomerase,telomerase_AF221931.99-541
9692,grp1,tmRNA,tmRNA_Acin.spec._CR543861_1-360
9693,grp1,tmRNA,tmRNA_Acti.acti._TRW-272556_1-366
9694,grp1,tmRNA,tmRNA_Acti.naes._TRW-240017_1-371
9695,grp1,tmRNA,tmRNA_Acti.succ._TRW-339671_1-367
9696,grp1,tmRNA,tmRNA_Aero.hydr._AY442269_1-360
9697,grp1,tmRNA,tmRNA_Aero.hydr._CP000462_1-360
9698,grp1,tmRNA,tmRNA_Anab.vari._CP000117_1-390
9699,grp1,tmRNA,tmRNA_Aqui.aeol._TRW-63363_1-347
9700,grp1,tmRNA,tmRNA_Arth.spec._CP000454_1-369
9701,grp1,tmRNA,tmRNA_Azoa.spec._TRW-62928_1-378
9702,grp1,tmRNA,tmRNA_Baci.G._TRW-12333_1-312
9703,grp1,tmRNA,tmRNA_Baci.anth._AE016879_1-355
9704,grp1,tmRNA,tmRNA_Baci.halo._BA000004_1-361
9705,grp1,tmRNA,tmRNA_Baci.thur._AE017355_1-355
9706,grp1,tmRNA,tmRNA_Bact.frag._CR626927_1-398
9707,grp1,tmRNA,tmRNA_Bact.frag._TRW-817_1-398
9708,grp1,tmRNA,tmRNA_Bdel.bact._BX842656_1-346
9709,grp1,tmRNA,tmRNA_Bord.bron._TRW-257310_1-387
9710,grp1,tmRNA,tmRNA_Bord.para._TRW-257311_1-387
9711,grp1,tmRNA,tmRNA_Borr.burg._AE001118_1-359
9712,grp1,tmRNA,tmRNA_Buch.aphi._AE013218_1-376
9713,grp1,tmRNA,tmRNA_Buch.aphi._BD061520_1-369
9714,grp1,tmRNA,tmRNA_Burk.ceno._CP000378_1-370
9715,grp1,tmRNA,tmRNA_Burk.mall._CP000010_1-370
9716,grp1,tmRNA,tmRNA_Burk.spec._CP000151_1-370
9717,grp1,tmRNA,tmRNA_Burk.viet._TRW-269482_1-370
9718,grp1,tmRNA,tmRNA_Camp.coli._TRW-306254_1-359
9719,grp1,tmRNA,tmRNA_Camp.fetu._AY211269_1-361
9720,grp1,tmRNA,tmRNA_Camp.lari._TRW-306263_1-359
9721,grp1,tmRNA,tmRNA_Camp.upsa._TRW-306264_1-359
9722,grp1,tmRNA,tmRNA_Carn.malt._AF275938_1-366
9723,grp1,tmRNA,tmRNA_Chla.abor._CR848038_1-425
9724,grp1,tmRNA,tmRNA_Chla.cavi._AE015925_1-425
9725,grp1,tmRNA,tmRNA_Chla.muri._AE002296_1-418
9726,grp1,tmRNA,tmRNA_Chla.pneu._TRW-83558_1-426
9727,grp1,tmRNA,tmRNA_Chla.trac._TRW-272561_1-420
9728,grp1,tmRNA,tmRNA_Chla.trac._TRW-813-1_1-420
9729,grp1,tmRNA,tmRNA_Chlo.chlo._CP000108_1-401
9730,grp1,tmRNA,tmRNA_Clav.mich._TRW-31964_1-376
9731,grp1,tmRNA,tmRNA_Clos.acet._AE001437_1-359
9732,grp1,tmRNA,tmRNA_Clos.botu._TRW-36826_1-355
9733,grp1,tmRNA,tmRNA_Clos.diff._AM180355_1-350
9734,grp1,tmRNA,tmRNA_Clos.diff._TRW-367459_1-350
9735,grp1,tmRNA,tmRNA_Clos.ther._TRW-203119_1-387
9736,grp1,tmRNA,tmRNA_Copr.prot._TRW-351627_1-353
9737,grp1,tmRNA,tmRNA_Croc.wats._TRW-165597_1-386
9738,grp1,tmRNA,tmRNA_Cyan.mero._AY286123_1-236
9739,grp1,tmRNA,tmRNA_Desu.psyc._CR522870_1-366
9740,grp1,tmRNA,tmRNA_Dich.nodo._TRW-35819_1-352
9741,grp1,tmRNA,tmRNA_Emil.huxl._TRW-280463_1-291
9742,grp1,tmRNA,tmRNA_Ente.faec._BD193796_1-367
9743,grp1,tmRNA,tmRNA_Ente.faec._TRW-1352_1-367
9744,grp1,tmRNA,tmRNA_Erwi.caro._BX950851_1-363
9745,grp1,tmRNA,tmRNA_Esch.coli._AE005491_1-363
9746,grp1,tmRNA,tmRNA_Esch.coli._AP009048_1-363
9747,grp1,tmRNA,tmRNA_Esch.coli._BA000007_1-363
9748,grp1,tmRNA,tmRNA_Esch.coli._CP000247_1-363
9749,grp1,tmRNA,tmRNA_Esch.coli._D90888_1-363
9750,grp1,tmRNA,tmRNA_Esch.coli._U36840_1-363
9751,grp1,tmRNA,tmRNA_Exig.sibi._TRW-262543_1-359
9752,grp1,tmRNA,tmRNA_Fibr.succ._TRW-59374_1-361
9753,grp1,tmRNA,tmRNA_Fran.tula._AM233362_1-421
9754,grp1,tmRNA,tmRNA_Fran.tula._AM286280_1-421
9755,grp1,tmRNA,tmRNA_Fran.tula._CP000437_1-421
9756,grp1,tmRNA,tmRNA_Fuso.nucl._AE010567_1-341
9757,grp1,tmRNA,tmRNA_Fuso.nucl._TRW-209882_1-344
9758,grp1,tmRNA,tmRNA_Gemm.obsc._TRW-214688_1-412
9759,grp1,tmRNA,tmRNA_Geob.meta._CP000148_1-356
9760,grp1,tmRNA,tmRNA_Geob.stea._TRW-1422_1-352
9761,grp1,tmRNA,tmRNA_Guil.thet._AF041468_1-327
9762,grp1,tmRNA,tmRNA_Haem.ducr._AE017143_1-367
9763,grp1,tmRNA,tmRNA_Haem.infl._AY599475_1-366
9764,grp1,tmRNA,tmRNA_Haem.infl._L42023_1-366
9765,grp1,tmRNA,tmRNA_Haem.infl._TRW-262727_1-366
9766,grp1,tmRNA,tmRNA_Haem.infl._TRW-262728_1-366
9767,grp1,tmRNA,tmRNA_Haem.infl._U32808_1-366
9768,grp1,tmRNA,tmRNA_Heli.hepa._AE017125_1-369
9769,grp1,tmRNA,tmRNA_Heli.must._DQ250625_1-366
9770,grp1,tmRNA,tmRNA_Heli.pylo._AE000511_1-386
9771,grp1,tmRNA,tmRNA_Heli.pylo._AE001503_1-383
9772,grp1,tmRNA,tmRNA_Heli.pylo._TRW-85962_1-386
9773,grp1,tmRNA,tmRNA_Heli.pylo._TRW-85963_1-386
9774,grp1,tmRNA,tmRNA_Kleb.pneu._TRW-272620_1-363
9775,grp1,tmRNA,tmRNA_Lact.john._TRW-257314_1-367
9776,grp1,tmRNA,tmRNA_Lact.lact._AE006373_1-359
9777,grp1,tmRNA,tmRNA_Lact.lact._AF176556_1-359
9778,grp1,tmRNA,tmRNA_Lact.plan._AL935259_1-372
9779,grp1,tmRNA,tmRNA_Leif.xyli._AE016822_1-394
9780,grp1,tmRNA,tmRNA_Lept.inte._AE016823_1-350
9781,grp1,tmRNA,tmRNA_Lept.spec._TRW-261385_1-359
9782,grp1,tmRNA,tmRNA_Lept.spec._TRW-261386_1-359
9783,grp1,tmRNA,tmRNA_Leuc.mese._AF375574_1-307
9784,grp1,tmRNA,tmRNA_Leuc.mese._CP000414_1-358
9785,grp1,tmRNA,tmRNA_Leuc.mese._TRW-1245_1-358
9786,grp1,tmRNA,tmRNA_List.gray._AF440336_1-321
9787,grp1,tmRNA,tmRNA_List.mono._TRW-1639-1_1-370
9788,grp1,tmRNA,tmRNA_List.wels._AF440351_1-321
9789,grp1,tmRNA,tmRNA_Mann.haem._TRW-272629_1-367
9790,grp1,tmRNA,tmRNA_Mann.succ._AE016827_1-367
9791,grp1,tmRNA,tmRNA_Meso.flor._AE017263_1-408
9792,grp1,tmRNA,tmRNA_Meth.flag._CP000284_1-361
9793,grp1,tmRNA,tmRNA_Moor.ther._CP000232_1-358
9794,grp1,tmRNA,tmRNA_Mora.cata._AX067460_1-359
9795,grp1,tmRNA,tmRNA_Myco.Bxz1._AY129337_1-437
9796,grp1,tmRNA,tmRNA_Myco.afri._TRW-33894_1-368
9797,grp1,tmRNA,tmRNA_Myco.aviu._AE016958_1-368
9798,grp1,tmRNA,tmRNA_Myco.bovi._TRW-1765_1-368
9799,grp1,tmRNA,tmRNA_Myco.capr._D13067_1-411
9800,grp1,tmRNA,tmRNA_Myco.hyop._TRW-262719_1-433
9801,grp1,tmRNA,tmRNA_Myco.myco._BX842642_1-411
9802,grp1,tmRNA,tmRNA_Myco.pulm._AL445565_1-387
9803,grp1,tmRNA,tmRNA_Myco.smeg._CP000480_1-369
9804,grp1,tmRNA,tmRNA_Myco.tube._TRW-164513_1-368
9805,grp1,tmRNA,tmRNA_Myxo.xant._TRW-34_1-366
9806,grp1,tmRNA,tmRNA_Neis.gono._TRW-242231_1-363
9807,grp1,tmRNA,tmRNA_Neis.meni._TRW-272831_1-363
9808,grp1,tmRNA,tmRNA_Nitr.euro._BX321865_1-360
9809,grp1,tmRNA,tmRNA_Nitr.mult._CP000103_1-362
9810,grp1,tmRNA,tmRNA_Noca.farc._AP006618_1-368
9811,grp1,tmRNA,tmRNA_Nost.punc._TRW-63737_1-390
9812,grp1,tmRNA,tmRNA_Nost.spec._BA000019_1-390
9813,grp1,tmRNA,tmRNA_Odon.sine._TRW-2839_1-371
9814,grp1,tmRNA,tmRNA_Oeno.oeni._TRW-203123_1-350
9815,grp1,tmRNA,tmRNA_Onio.yell._AP006628_1-423
9816,grp1,tmRNA,tmRNA_Para.symb._BX908798_1-405
9817,grp1,tmRNA,tmRNA_Pedi.pent._CP000422_1-369
9818,grp1,tmRNA,tmRNA_Phot.lumi._BX571870_1-364
9819,grp1,tmRNA,tmRNA_Phot.prof._CR378665_1-368
9820,grp1,tmRNA,tmRNA_Pola.spec._CP000316_1-387
9821,grp1,tmRNA,tmRNA_Porp.ging._TRW-242619_1-407
9822,grp1,tmRNA,tmRNA_Porp.purp._TRW-2787_1-323
9823,grp1,tmRNA,tmRNA_Prop.acne._AE017283_1-371
9824,grp1,tmRNA,tmRNA_Prop.acne._TRW-1747-1_1-371
9825,grp1,tmRNA,tmRNA_Pseu.aeru._AE004091_1-353
9826,grp1,tmRNA,tmRNA_Pseu.aeru._CP000438_1-353
9827,grp1,tmRNA,tmRNA_Pseu.ento._CT573326_1-392
9828,grp1,tmRNA,tmRNA_Pseu.fluo._CP000076_1-394
9829,grp1,tmRNA,tmRNA_Pseu.fluo._TRW-216595_1-397
9830,grp1,tmRNA,tmRNA_Pseu.syri._AE016853_1-388
9831,grp1,tmRNA,tmRNA_Rals.sola._AL646052_1-360
9832,grp1,tmRNA,tmRNA_Rubr.gela._TRW-279263_1-372
9833,grp1,tmRNA,tmRNA_Rubr.xyla._CP000386_1-360
9834,grp1,tmRNA,tmRNA_Rumi.albu._TRW-246199_1-354
9835,grp1,tmRNA,tmRNA_Sali.rube._CP000159_1-369
9836,grp1,tmRNA,tmRNA_Salm.bong._TRW-218493_1-363
9837,grp1,tmRNA,tmRNA_Salm.ente._AE014613_1-363
9838,grp1,tmRNA,tmRNA_Salm.ente._AE017220_1-363
9839,grp1,tmRNA,tmRNA_Salm.ente._TRW-59204_1-363
9840,grp1,tmRNA,tmRNA_Salm.typh._AY316313_1-363
9841,grp1,tmRNA,tmRNA_Salm.typh._AY319520_1-363
9842,grp1,tmRNA,tmRNA_Serr.marc._TRW-273526_1-364
9843,grp1,tmRNA,tmRNA_Shew.onei._AX048560_1-355
9844,grp1,tmRNA,tmRNA_Shew.putr._TRW-319224_1-356
9845,grp1,tmRNA,tmRNA_Shew.spec._CP000444_1-355
9846,grp1,tmRNA,tmRNA_Shew.spec._CP000446_1-355
9847,grp1,tmRNA,tmRNA_Shew.spec._CP000469_1-355
9848,grp1,tmRNA,tmRNA_Shew.spec._TRW-323850_1-356
9849,grp1,tmRNA,tmRNA_Shig.dyse._CP000034_1-363
9850,grp1,tmRNA,tmRNA_Shig.flex._AE014073_1-363
9851,grp1,tmRNA,tmRNA_Shig.sonn._CP000038_1-363
9852,grp1,tmRNA,tmRNA_Soda.glos._AP008232_1-384
9853,grp1,tmRNA,tmRNA_Stap.aure._AC074317_1-359
9854,grp1,tmRNA,tmRNA_Stap.aure._BA000017_1-362
9855,grp1,tmRNA,tmRNA_Stap.aure._BX571857_1-362
9856,grp1,tmRNA,tmRNA_Stap.aure._TRW-1280_1-362
9857,grp1,tmRNA,tmRNA_Stap.epid._TRW-1282-2_1-362
9858,grp1,tmRNA,tmRNA_Sten.malt._TRW-40324_1-354
9859,grp1,tmRNA,tmRNA_Stre.agal._AE014233_1-350
9860,grp1,tmRNA,tmRNA_Stre.aure._AY616521_1-382
9861,grp1,tmRNA,tmRNA_Stre.aver._BA000030_1-389
9862,grp1,tmRNA,tmRNA_Stre.equi._TRW-1336_1-349
9863,grp1,tmRNA,tmRNA_Stre.pneu._AE008453_1-348
9864,grp1,tmRNA,tmRNA_Stre.scab._TRW-1883_1-402
9865,grp1,tmRNA,tmRNA_Stre.sobr._TRW-246202_1-349
9866,grp1,tmRNA,tmRNA_Sulf.azor._TRW-204536_1-351
9867,grp1,tmRNA,tmRNA_Syne.spec._D90916_1-396
9868,grp1,tmRNA,tmRNA_Synt.acid._CP000252_1-356
9869,grp1,tmRNA,tmRNA_Thal.pseu._EF067921_1-344
9870,grp1,tmRNA,tmRNA_Thal.weis._AF049491_1-348
9871,grp1,tmRNA,tmRNA_Ther.fusc._CP000088_1-372
9872,grp1,tmRNA,tmRNA_Ther.mari._TRW-243274-1_1-356
9873,grp1,tmRNA,tmRNA_Ther.teng._AE013063_1-351
9874,grp1,tmRNA,tmRNA_Trep.dent._AE017226_1-351
9875,grp1,tmRNA,tmRNA_Trep.pall._TRW-243276_1-354
9876,grp1,tmRNA,tmRNA_Tric.eryt._CP000393_1-398
9877,grp1,tmRNA,tmRNA_Trop.whip._BX251411_1-369
9878,grp1,tmRNA,tmRNA_Urea.parv._AE002154_1-413
9879,grp1,tmRNA,tmRNA_Xant.axon._AE011783_1-397
9880,grp1,tmRNA,tmRNA_Xyle.fast._AE003849_1-355
9881,grp1,tmRNA,tmRNA_Xyle.fast._AE004078_1-355
9882,grp1,tmRNA,tmRNA_Xyle.fast._TRW-155920_1-355
9883,grp1,tmRNA,tmRNA_Yers.ente._TRW-34054_1-381
9884,grp1,tmRNA,tmRNA_Yers.inte._TRW-349965_1-381
9885,grp1,tmRNA,tmRNA_Yers.pest._CP000305_1-364
9886,grp1,tmRNA,tmRNA_envi.sequ._TRW-204433_1-356
9887,grp1,tmRNA,tmRNA_envi.sequ._TRW-259292_1-355
9888,grp1,tmRNA,tmRNA_envi.sequ._TRW-32045-1_1-355
9889,grp1,tmRNA,tmRNA_envi.sequ._TRW-32045-2_1-345
9890,grp1,tmRNA,tmRNA_uncu.bact._TRW-32033-1_1-354
9891,grp1,tmRNA,tmRNA_uncu.bact._TRW-32045-4_1-369
9892,srp,16s,16s_A.fulgidus_domain2
9893,srp,16s,16s_A.fulgidus_domain3
9894,srp,16s,16s_A.fulgidus_domain4
9895,srp,16s,16s_A.pyrophilus_domain2
9896,srp,16s,16s_A.pyrophilus_domain4
9897,srp,16s,16s_B.burgdorferi_domain2
9898,srp,16s,16s_B.burgdorferi_domain3
9899,srp,16s,16s_B.burgdorferi_domain4
9900,srp,16s,16s_B.subtilis_domain2
9901,srp,16s,16s_B.subtilis_domain3
9902,srp,16s,16s_B.subtilis_domain4
9903,srp,16s,16s_C.elegans_domain1
9904,srp,16s,16s_C.elegans_domain2
9905,srp,16s,16s_C.elegans_domain3
9906,srp,16s,16s_C.elegans_domain4
9907,srp,16s,16s_C.psittaci_domain2
9908,srp,16s,16s_C.psittaci_domain3
9909,srp,16s,16s_C.psittaci_domain4
9910,srp,16s,16s_C.reinhardtii.chloro_domain1
9911,srp,16s,16s_C.reinhardtii.chloro_domain2
9912,srp,16s,16s_C.reinhardtii.chloro_domain3
9913,srp,16s,16s_C.reinhardtii.chloro_domain4
9914,srp,16s,16s_C.reinhardtii.mito_domain1
9915,srp,16s,16s_C.reinhardtii.mito_domain2
9916,srp,16s,16s_C.reinhardtii.mito_domain3
9917,srp,16s,16s_C.reinhardtii.mito_domain4
9918,srp,16s,16s_D.melanogaster_domain4
9919,srp,16s,16s_E.coli_domain2
9920,srp,16s,16s_E.coli_domain3
9921,srp,16s,16s_E.coli_domain4
9922,srp,16s,16s_F.ananassa_domain3
9923,srp,16s,16s_F.ananassa_domain4
9924,srp,16s,16s_G.intestinalis_domain1
9925,srp,16s,16s_G.intestinalis_domain2
9926,srp,16s,16s_G.intestinalis_domain3
9927,srp,16s,16s_G.intestinalis_domain4
9928,srp,16s,16s_H.sapiens.mito_domain1
9929,srp,16s,16s_H.sapiens.mito_domain2
9930,srp,16s,16s_H.sapiens.mito_domain3
9931,srp,16s,16s_H.sapiens.mito_domain4
9932,srp,16s,16s_H.sapiens_domain3
9933,srp,16s,16s_H.sapiens_domain4
9934,srp,16s,16s_H.volcanii_domain1
9935,srp,16s,16s_H.volcanii_domain2
9936,srp,16s,16s_H.volcanii_domain3
9937,srp,16s,16s_H.volcanii_domain4
9938,srp,16s,16s_M.polymorpha_domain2
9939,srp,16s,16s_M.polymorpha_domain3
9940,srp,16s,16s_M.polymorpha_domain4
9941,srp,16s,16s_P.occultum_domain2
9942,srp,16s,16s_P.occultum_domain3
9943,srp,16s,16s_P.occultum_domain4
9944,srp,16s,16s_P.staleyi_domain2
9945,srp,16s,16s_P.staleyi_domain3
9946,srp,16s,16s_P.staleyi_domain4
9947,srp,16s,16s_S.cerevisiae_domain3
9948,srp,16s,16s_S.cerevisiae_domain4
9949,srp,16s,16s_T.gondii_domain3
9950,srp,16s,16s_T.gondii_domain4
9951,srp,16s,16s_T.maritima_domain2
9952,srp,16s,16s_T.maritima_domain3
9953,srp,16s,16s_T.maritima_domain4
9954,srp,16s,16s_Z.mays_domain1
9955,srp,16s,16s_Z.mays_domain2
9956,srp,16s,16s_Z.mays_domain3
9957,srp,16s,16s_Z.mays_domain4
9958,srp,16s,16s_A.fulgidus_domain2
9959,srp,16s,16s_A.fulgidus_domain3
9960,srp,16s,16s_A.fulgidus_domain4
9961,srp,16s,16s_A.pyrophilus_domain2
9962,srp,16s,16s_A.pyrophilus_domain4
9963,srp,16s,16s_B.burgdorferi_domain2
9964,srp,16s,16s_B.burgdorferi_domain3
9965,srp,16s,16s_B.burgdorferi_domain4
9966,srp,16s,16s_B.subtilis_domain2
9967,srp,16s,16s_B.subtilis_domain3
9968,srp,16s,16s_B.subtilis_domain4
9969,srp,16s,16s_C.elegans_domain1
9970,srp,16s,16s_C.elegans_domain2
9971,srp,16s,16s_C.elegans_domain3
9972,srp,16s,16s_C.elegans_domain4
9973,srp,16s,16s_C.psittaci_domain2
9974,srp,16s,16s_C.psittaci_domain3
9975,srp,16s,16s_C.psittaci_domain4
9976,srp,16s,16s_C.reinhardtii.chloro_domain1
9977,srp,16s,16s_C.reinhardtii.chloro_domain2
9978,srp,16s,16s_C.reinhardtii.chloro_domain3
9979,srp,16s,16s_C.reinhardtii.chloro_domain4
9980,srp,16s,16s_C.reinhardtii.mito_domain1
9981,srp,16s,16s_C.reinhardtii.mito_domain2
9982,srp,16s,16s_C.reinhardtii.mito_domain3
9983,srp,16s,16s_C.reinhardtii.mito_domain4
9984,srp,16s,16s_D.melanogaster_domain4
9985,srp,16s,16s_E.coli_domain2
9986,srp,16s,16s_E.coli_domain3
9987,srp,16s,16s_E.coli_domain4
9988,srp,16s,16s_F.ananassa_domain3
9989,srp,16s,16s_F.ananassa_domain4
9990,srp,16s,16s_G.intestinalis_domain1
9991,srp,16s,16s_G.intestinalis_domain2
9992,srp,16s,16s_G.intestinalis_domain3
9993,srp,16s,16s_G.intestinalis_domain4
9994,srp,16s,16s_H.sapiens.mito_domain1
9995,srp,16s,16s_H.sapiens.mito_domain2
9996,srp,16s,16s_H.sapiens.mito_domain3
9997,srp,16s,16s_H.sapiens.mito_domain4
9998,srp,16s,16s_H.sapiens_domain3
9999,srp,16s,16s_H.sapiens_domain4
10000,srp,16s,16s_H.volcanii_domain1
10001,srp,16s,16s_H.volcanii_domain2
10002,srp,16s,16s_H.volcanii_domain3
10003,srp,16s,16s_H.volcanii_domain4
10004,srp,16s,16s_M.polymorpha_domain2
10005,srp,16s,16s_M.polymorpha_domain3
10006,srp,16s,16s_M.polymorpha_domain4
10007,srp,16s,16s_P.occultum_domain2
10008,srp,16s,16s_P.occultum_domain3
10009,srp,16s,16s_P.occultum_domain4
10010,srp,16s,16s_P.staleyi_domain2
10011,srp,16s,16s_P.staleyi_domain3
10012,srp,16s,16s_P.staleyi_domain4
10013,srp,16s,16s_S.cerevisiae_domain3
10014,srp,16s,16s_S.cerevisiae_domain4
10015,srp,16s,16s_T.gondii_domain3
10016,srp,16s,16s_T.gondii_domain4
10017,srp,16s,16s_T.maritima_domain2
10018,srp,16s,16s_T.maritima_domain3
10019,srp,16s,16s_T.maritima_domain4
10020,srp,16s,16s_Z.mays_domain1
10021,srp,16s,16s_Z.mays_domain2
10022,srp,16s,16s_Z.mays_domain3
10023,srp,16s,16s_Z.mays_domain4
10024,srp,16s,16s_A.fulgidus_domain2
10025,srp,16s,16s_A.fulgidus_domain3
10026,srp,16s,16s_A.fulgidus_domain4
10027,srp,16s,16s_A.pyrophilus_domain2
10028,srp,16s,16s_A.pyrophilus_domain4
10029,srp,16s,16s_B.burgdorferi_domain2
10030,srp,16s,16s_B.burgdorferi_domain3
10031,srp,16s,16s_B.burgdorferi_domain4
10032,srp,16s,16s_B.subtilis_domain2
10033,srp,16s,16s_B.subtilis_domain3
10034,srp,16s,16s_B.subtilis_domain4
10035,srp,16s,16s_C.elegans_domain1
10036,srp,16s,16s_C.elegans_domain2
10037,srp,16s,16s_C.elegans_domain3
10038,srp,16s,16s_C.elegans_domain4
10039,srp,16s,16s_C.psittaci_domain2
10040,srp,16s,16s_C.psittaci_domain3
10041,srp,16s,16s_C.psittaci_domain4
10042,srp,16s,16s_C.reinhardtii.chloro_domain1
10043,srp,16s,16s_C.reinhardtii.chloro_domain2
10044,srp,16s,16s_C.reinhardtii.chloro_domain3
10045,srp,16s,16s_C.reinhardtii.chloro_domain4
10046,srp,16s,16s_C.reinhardtii.mito_domain1
10047,srp,16s,16s_C.reinhardtii.mito_domain2
10048,srp,16s,16s_C.reinhardtii.mito_domain3
10049,srp,16s,16s_C.reinhardtii.mito_domain4
10050,srp,16s,16s_D.melanogaster_domain4
10051,srp,16s,16s_E.coli_domain2
10052,srp,16s,16s_E.coli_domain3
10053,srp,16s,16s_E.coli_domain4
10054,srp,16s,16s_F.ananassa_domain3
10055,srp,16s,16s_F.ananassa_domain4
10056,srp,16s,16s_G.intestinalis_domain1
10057,srp,16s,16s_G.intestinalis_domain2
10058,srp,16s,16s_G.intestinalis_domain3
10059,srp,16s,16s_G.intestinalis_domain4
10060,srp,16s,16s_H.sapiens.mito_domain1
10061,srp,16s,16s_H.sapiens.mito_domain2
10062,srp,16s,16s_H.sapiens.mito_domain3
10063,srp,16s,16s_H.sapiens.mito_domain4
10064,srp,16s,16s_H.sapiens_domain3
10065,srp,16s,16s_H.sapiens_domain4
10066,srp,16s,16s_H.volcanii_domain1
10067,srp,16s,16s_H.volcanii_domain2
10068,srp,16s,16s_H.volcanii_domain3
10069,srp,16s,16s_H.volcanii_domain4
10070,srp,16s,16s_M.polymorpha_domain2
10071,srp,16s,16s_M.polymorpha_domain3
10072,srp,16s,16s_M.polymorpha_domain4
10073,srp,16s,16s_P.occultum_domain2
10074,srp,16s,16s_P.occultum_domain3
10075,srp,16s,16s_P.occultum_domain4
10076,srp,16s,16s_P.staleyi_domain2
10077,srp,16s,16s_P.staleyi_domain3
10078,srp,16s,16s_P.staleyi_domain4
10079,srp,16s,16s_S.cerevisiae_domain3
10080,srp,16s,16s_S.cerevisiae_domain4
10081,srp,16s,16s_T.gondii_domain3
10082,srp,16s,16s_T.gondii_domain4
10083,srp,16s,16s_T.maritima_domain2
10084,srp,16s,16s_T.maritima_domain3
10085,srp,16s,16s_T.maritima_domain4
10086,srp,16s,16s_Z.mays_domain1
10087,srp,16s,16s_Z.mays_domain2
10088,srp,16s,16s_Z.mays_domain3
10089,srp,16s,16s_Z.mays_domain4
10090,srp,16s,16s_A.fulgidus_domain2
10091,srp,16s,16s_A.fulgidus_domain3
10092,srp,23s,23s_B.subtilis_domain3
10093,srp,23s,23s_B.subtilis_domain4
10094,srp,23s,23s_B.subtilis_domain6
10095,srp,23s,23s_E.coli_domain3
10096,srp,23s,23s_E.coli_domain4
10097,srp,23s,23s_E.coli_domain6
10098,srp,23s,23s_H.pylori_domain3
10099,srp,23s,23s_H.pylori_domain4
10100,srp,23s,23s_H.pylori_domain6
10101,srp,23s,23s_S.aureus_domain3
10102,srp,23s,23s_S.aureus_domain4
10103,srp,23s,23s_S.aureus_domain6
10104,srp,23s,23s_T.thermophilus_domain3
10105,srp,23s,23s_T.thermophilus_domain4
10106,srp,23s,23s_T.thermophilus_domain6
10107,srp,23s,23s_B.subtilis_domain3
10108,srp,23s,23s_B.subtilis_domain4
10109,srp,23s,23s_B.subtilis_domain6
10110,srp,23s,23s_E.coli_domain3
10111,srp,23s,23s_E.coli_domain4
10112,srp,23s,23s_E.coli_domain6
10113,srp,23s,23s_H.pylori_domain3
10114,srp,23s,23s_H.pylori_domain4
10115,srp,23s,23s_H.pylori_domain6
10116,srp,23s,23s_S.aureus_domain3
10117,srp,23s,23s_S.aureus_domain4
10118,srp,23s,23s_S.aureus_domain6
10119,srp,23s,23s_T.thermophilus_domain3
10120,srp,23s,23s_T.thermophilus_domain4
10121,srp,23s,23s_T.thermophilus_domain6
10122,srp,23s,23s_B.subtilis_domain3
10123,srp,23s,23s_B.subtilis_domain4
10124,srp,23s,23s_B.subtilis_domain6
10125,srp,23s,23s_E.coli_domain3
10126,srp,23s,23s_E.coli_domain4
10127,srp,23s,23s_E.coli_domain6
10128,srp,23s,23s_H.pylori_domain3
10129,srp,23s,23s_H.pylori_domain4
10130,srp,23s,23s_H.pylori_domain6
10131,srp,23s,23s_S.aureus_domain3
10132,srp,23s,23s_S.aureus_domain4
10133,srp,23s,23s_S.aureus_domain6
10134,srp,23s,23s_T.thermophilus_domain3
10135,srp,23s,23s_T.thermophilus_domain4
10136,srp,23s,23s_T.thermophilus_domain6
10137,srp,23s,23s_B.subtilis_domain3
10138,srp,23s,23s_B.subtilis_domain4
10139,srp,23s,23s_B.subtilis_domain6
10140,srp,23s,23s_E.coli_domain3
10141,srp,23s,23s_E.coli_domain4
10142,srp,23s,23s_E.coli_domain6
10143,srp,23s,23s_H.pylori_domain3
10144,srp,23s,23s_H.pylori_domain4
10145,srp,23s,23s_H.pylori_domain6
10146,srp,23s,23s_S.aureus_domain3
10147,srp,23s,23s_S.aureus_domain4
10148,srp,23s,23s_S.aureus_domain6
10149,srp,23s,23s_T.thermophilus_domain3
10150,srp,23s,23s_T.thermophilus_domain4
10151,srp,23s,23s_T.thermophilus_domain6
10152,srp,23s,23s_B.subtilis_domain3
10153,srp,23s,23s_B.subtilis_domain4
10154,srp,23s,23s_B.subtilis_domain6
10155,srp,23s,23s_E.coli_domain3
10156,srp,23s,23s_E.coli_domain4
10157,srp,23s,23s_E.coli_domain6
10158,srp,23s,23s_H.pylori_domain3
10159,srp,23s,23s_H.pylori_domain4
10160,srp,23s,23s_H.pylori_domain6
10161,srp,23s,23s_S.aureus_domain3
10162,srp,23s,23s_S.aureus_domain4
10163,srp,23s,23s_S.aureus_domain6
10164,srp,23s,23s_T.thermophilus_domain3
10165,srp,23s,23s_T.thermophilus_domain4
10166,srp,23s,23s_T.thermophilus_domain6
10167,srp,23s,23s_B.subtilis_domain3
10168,srp,23s,23s_B.subtilis_domain4
10169,srp,23s,23s_B.subtilis_domain6
10170,srp,23s,23s_E.coli_domain3
10171,srp,23s,23s_E.coli_domain4
10172,srp,23s,23s_E.coli_domain6
10173,srp,23s,23s_H.pylori_domain3
10174,srp,23s,23s_H.pylori_domain4
10175,srp,23s,23s_H.pylori_domain6
10176,srp,23s,23s_S.aureus_domain3
10177,srp,23s,23s_S.aureus_domain4
10178,srp,23s,23s_S.aureus_domain6
10179,srp,23s,23s_T.thermophilus_domain3
10180,srp,23s,23s_T.thermophilus_domain4
10181,srp,23s,23s_T.thermophilus_domain6
10182,srp,23s,23s_B.subtilis_domain3
10183,srp,23s,23s_B.subtilis_domain4
10184,srp,23s,23s_B.subtilis_domain6
10185,srp,23s,23s_E.coli_domain3
10186,srp,23s,23s_E.coli_domain4
10187,srp,23s,23s_E.coli_domain6
10188,srp,23s,23s_H.pylori_domain3
10189,srp,23s,23s_H.pylori_domain4
10190,srp,23s,23s_H.pylori_domain6
10191,srp,23s,23s_S.aureus_domain3
10192,srp,23s,23s_S.aureus_domain4
10193,srp,23s,23s_S.aureus_domain6
10194,srp,23s,23s_T.thermophilus_domain3
10195,srp,23s,23s_T.thermophilus_domain4
10196,srp,23s,23s_T.thermophilus_domain6
10197,srp,23s,23s_B.subtilis_domain3
10198,srp,23s,23s_B.subtilis_domain4
10199,srp,23s,23s_B.subtilis_domain6
10200,srp,23s,23s_E.coli_domain3
10201,srp,23s,23s_E.coli_domain4
10202,srp,23s,23s_E.coli_domain6
10203,srp,23s,23s_H.pylori_domain3
10204,srp,23s,23s_H.pylori_domain4
10205,srp,23s,23s_H.pylori_domain6
10206,srp,23s,23s_S.aureus_domain3
10207,srp,23s,23s_S.aureus_domain4
10208,srp,23s,23s_S.aureus_domain6
10209,srp,23s,23s_T.thermophilus_domain3
10210,srp,23s,23s_T.thermophilus_domain4
10211,srp,23s,23s_T.thermophilus_domain6
10212,srp,23s,23s_B.subtilis_domain3
10213,srp,23s,23s_B.subtilis_domain4
10214,srp,23s,23s_B.subtilis_domain6
10215,srp,23s,23s_E.coli_domain3
10216,srp,23s,23s_E.coli_domain4
10217,srp,23s,23s_E.coli_domain6
10218,srp,23s,23s_H.pylori_domain3
10219,srp,23s,23s_H.pylori_domain4
10220,srp,23s,23s_H.pylori_domain6
10221,srp,23s,23s_S.aureus_domain3
10222,srp,23s,23s_S.aureus_domain4
10223,srp,23s,23s_S.aureus_domain6
10224,srp,23s,23s_T.thermophilus_domain3
10225,srp,23s,23s_T.thermophilus_domain4
10226,srp,23s,23s_T.thermophilus_domain6
10227,srp,23s,23s_B.subtilis_domain3
10228,srp,23s,23s_B.subtilis_domain4
10229,srp,23s,23s_B.subtilis_domain6
10230,srp,23s,23s_E.coli_domain3
10231,srp,23s,23s_E.coli_domain4
10232,srp,23s,23s_E.coli_domain6
10233,srp,23s,23s_H.pylori_domain3
10234,srp,23s,23s_H.pylori_domain4
10235,srp,23s,23s_H.pylori_domain6
10236,srp,23s,23s_S.aureus_domain3
10237,srp,23s,23s_S.aureus_domain4
10238,srp,23s,23s_S.aureus_domain6
10239,srp,23s,23s_T.thermophilus_domain3
10240,srp,23s,23s_T.thermophilus_domain4
10241,srp,23s,23s_T.thermophilus_domain6
10242,srp,23s,23s_B.subtilis_domain3
10243,srp,23s,23s_B.subtilis_domain4
10244,srp,23s,23s_B.subtilis_domain6
10245,srp,23s,23s_E.coli_domain3
10246,srp,23s,23s_E.coli_domain4
10247,srp,23s,23s_E.coli_domain6
10248,srp,23s,23s_H.pylori_domain3
10249,srp,23s,23s_H.pylori_domain4
10250,srp,23s,23s_H.pylori_domain6
10251,srp,23s,23s_S.aureus_domain3
10252,srp,23s,23s_S.aureus_domain4
10253,srp,23s,23s_S.aureus_domain6
10254,srp,23s,23s_T.thermophilus_domain3
10255,srp,23s,23s_T.thermophilus_domain4
10256,srp,23s,23s_T.thermophilus_domain6
10257,srp,23s,23s_B.subtilis_domain3
10258,srp,23s,23s_B.subtilis_domain4
10259,srp,23s,23s_B.subtilis_domain6
10260,srp,23s,23s_E.coli_domain3
10261,srp,23s,23s_E.coli_domain4
10262,srp,23s,23s_E.coli_domain6
10263,srp,23s,23s_H.pylori_domain3
10264,srp,23s,23s_H.pylori_domain4
10265,srp,23s,23s_H.pylori_domain6
10266,srp,23s,23s_S.aureus_domain3
10267,srp,23s,23s_S.aureus_domain4
10268,srp,23s,23s_S.aureus_domain6
10269,srp,23s,23s_T.thermophilus_domain3
10270,srp,23s,23s_T.thermophilus_domain4
10271,srp,23s,23s_T.thermophilus_domain6
10272,srp,23s,23s_B.subtilis_domain3
10273,srp,23s,23s_B.subtilis_domain4
10274,srp,23s,23s_B.subtilis_domain6
10275,srp,23s,23s_E.coli_domain3
10276,srp,23s,23s_E.coli_domain4
10277,srp,23s,23s_E.coli_domain6
10278,srp,23s,23s_H.pylori_domain3
10279,srp,23s,23s_H.pylori_domain4
10280,srp,23s,23s_H.pylori_domain6
10281,srp,23s,23s_S.aureus_domain3
10282,srp,23s,23s_S.aureus_domain4
10283,srp,23s,23s_S.aureus_domain6
10284,srp,23s,23s_T.thermophilus_domain3
10285,srp,23s,23s_T.thermophilus_domain4
10286,srp,23s,23s_T.thermophilus_domain6
10287,srp,23s,23s_B.subtilis_domain3
10288,srp,23s,23s_B.subtilis_domain4
10289,srp,23s,23s_B.subtilis_domain6
10290,srp,23s,23s_E.coli_domain3
10291,srp,23s,23s_E.coli_domain4
10292,srp,5s,5s_Acanthamoeba-castellanii-2
10293,srp,5s,5s_Acholeplasma-laidlawii-2
10294,srp,5s,5s_Achromobacter-xylosoxidans-1
10295,srp,5s,5s_Acidiphilium-acidophilum-1
10296,srp,5s,5s_Acinetobacter-sp.-1
10297,srp,5s,5s_Acinetospora-crinita-1
10298,srp,5s,5s_Acremonium-chrysogenum-1
10299,srp,5s,5s_Agaricus-edulis-1
10300,srp,5s,5s_Agrobacterium-tumefaciens-6
10301,srp,5s,5s_Akkesiphycus-lubricum-1
10302,srp,5s,5s_Amycolatopsis-lactamdurans-1
10303,srp,5s,5s_Ancylobacter-aquaticus-1
10304,srp,5s,5s_Andrias-japonicus-1
10305,srp,5s,5s_Antheraea-pernyi-1
10306,srp,5s,5s_Aquifex-aeolicus-1
10307,srp,5s,5s_Archaeoglobus-fulgidus-1
10308,srp,5s,5s_Artemia-sp.-4
10309,srp,5s,5s_Arthrobacter-polychromogenes-1
10310,srp,5s,5s_Asellus-aquaticus-2
10311,srp,5s,5s_Asterina-pectinifera-1
10312,srp,5s,5s_Auricularia-auricula-judae-1
10313,srp,5s,5s_Azotobacter-vinelandii-1
10314,srp,5s,5s_Bacillus-anthracis-10
10315,srp,5s,5s_Bacillus-anthracis-6
10316,srp,5s,5s_Bacillus-clausii-1
10317,srp,5s,5s_Bacillus-firmus-1
10318,srp,5s,5s_Bacillus-halodurans-4
10319,srp,5s,5s_Bacillus-thuringiensis-1
10320,srp,5s,5s_Bacteroides-fragilis-3
10321,srp,5s,5s_Bacteroides-fragilis-4
10322,srp,5s,5s_Bacteroides-fragilis-6
10323,srp,5s,5s_Bartonella-henselae-1
10324,srp,5s,5s_Bifidobacterium-longum-1
10325,srp,5s,5s_Bifidobacterium-longum-3
10326,srp,5s,5s_Blakeslea-trispora-1
10327,srp,5s,5s_Blastocladiella-simplex-1
10328,srp,5s,5s_Blepharisma-japonicum-1
10329,srp,5s,5s_Bombyx-mori-1
10330,srp,5s,5s_Bombyx-mori-2
10331,srp,5s,5s_Brachionus-plicatilis-1
10332,srp,5s,5s_Brevibacillus-brevis-1
10333,srp,5s,5s_Brevibacterium-helvolum-1
10334,srp,5s,5s_C_paradoxE
10335,srp,5s,5s_Caenorhabditis-briggsae-1
10336,srp,5s,5s_Caenorhabditis-elegans-3
10337,srp,5s,5s_Campylobacter-jejuni-3
10338,srp,5s,5s_Cancer-pagurus-1
10339,srp,5s,5s_Candidatus-Tremblaya-princeps-1
10340,srp,5s,5s_Caulobacter-sp.-5
10341,srp,5s,5s_Caulobacter-sp.-6
10342,srp,5s,5s_Cellulomonas-biazotea-1
10343,srp,5s,5s_Chlamydophila-abortus-1
10344,srp,5s,5s_Clostridium-acetobutylicum-5
10345,srp,5s,5s_Coprinopsis-cinerea-1
10346,srp,5s,5s_Corynebacterium-glutamicum-1
10347,srp,5s,5s_Corynebacterium-glutamicum-2
10348,srp,5s,5s_Cryptococcus-humicola-1
10349,srp,5s,5s_Cryptomonas-paramecium-1
10350,srp,5s,5s_Cyclidiopsis-acus-1
10351,srp,5s,5s_Cystobacter-fuscus-1
10352,srp,5s,5s_Delftia-acidovorans-1
10353,srp,5s,5s_Dipsacomyces-acuminosporus-1
10354,srp,5s,5s_Dirofilaria-immitis-1
10355,srp,5s,5s_Drosophila-teissieri-1
10356,srp,5s,5s_Dugesia-japonica-1
10357,srp,5s,5s_Dugesia-japonica-2
10358,srp,5s,5s_E_glandulE
10359,srp,5s,5s_Eimeria-tenella-1
10360,srp,5s,5s_Eisenia-bicyclis-1
10361,srp,5s,5s_Emericella-nidulans-3
10362,srp,5s,5s_Emericella-nidulans-7
10363,srp,5s,5s_Emericella-nidulans-8
10364,srp,5s,5s_Empedobacter-brevis-1
10365,srp,5s,5s_Escherichia-coli-11
10366,srp,5s,5s_Escherichia-coli-14
10367,srp,5s,5s_Escherichia-coli-3
10368,srp,5s,5s_Escherichia-coli-6
10369,srp,5s,5s_Exidia-glandulosa-1
10370,srp,5s,5s_Filobasidiella-depauperata-1
10371,srp,5s,5s_Filobasidium-capsuligenum-1
10372,srp,5s,5s_Fusarium-asiaticum-7
10373,srp,5s,5s_Fusarium-lunulosporum-3
10374,srp,5s,5s_Fusarium-lunulosporum-5
10375,srp,5s,5s_Fusarium-pseudograminearum-1
10376,srp,5s,5s_Fusarium-pseudograminearum-6
10377,srp,5s,5s_Fusarium-sporotrichioides-1
10378,srp,5s,5s_Fusobacterium-nucleatum-2
10379,srp,5s,5s_Fusobacterium-nucleatum-4
10380,srp,5s,5s_Gallus-gallus-1
10381,srp,5s,5s_Gelidium-amansii-1
10382,srp,5s,5s_Gelidium-amansii-2
10383,srp,5s,5s_Geobacillus-stearothermophilus-2
10384,srp,5s,5s_Ginkgo-biloba-1
10385,srp,5s,5s_Grimontia-hollisae-1
10386,srp,5s,5s_Haloarcula-marismortui-2
10387,srp,5s,5s_Halococcus-morrhuae-2
10388,srp,5s,5s_Haloferax-volcanii-2
10389,srp,5s,5s_Halorubrum-distributum-4
10390,srp,5s,5s_Helicobacter-pylori-3
10391,srp,5s,5s_Hyphomicrobium-sp.-3
10392,srp,5s,5s_Hyphomicrobium-sp.-5
10393,srp,5s,5s_Hyphomonas-oligotropha-1
10394,srp,5s,5s_Idiomarina-loihiensis-1
10395,srp,5s,5s_Illex-illecebrosus-1
10396,srp,5s,5s_Juniperus-media-1
10397,srp,5s,5s_Kluyveromyces-delphensis-1
10398,srp,5s,5s_Kondoa-malvinella-1
10399,srp,5s,5s_Kutzneria-viridogrisea-1
10400,srp,5s,5s_Lentinula-edodes-2
10401,srp,5s,5s_Locusta-migratoria-1
10402,srp,5s,5s_Microbacterium-testaceum-1
10403,srp,5s,5s_Microtetraspora-glauca-1
10404,srp,5s,5s_Mycobacterium-tuberculosis-3
10405,srp,5s,5s_Mycoplasma-gallisepticum-1
10406,srp,5s,5s_Mycoplasma-genitalium-1
10407,srp,5s,5s_Mycoplasma-penetrans-1
10408,srp,5s,5s_Mycoplasma-pneumoniae-1
10409,srp,5s,5s_Myxococcus-coralloides-1
10410,srp,5s,5s_Neurospora-crassa-12
10411,srp,5s,5s_Neurospora-crassa-15
10412,srp,5s,5s_Neurospora-crassa-2
10413,srp,5s,5s_Nitrobacter-winogradskyi-1
10414,srp,5s,5s_Notophthalmus-viridescens-1
10415,srp,5s,5s_Oerskovia-turbata-1
10416,srp,5s,5s_Paenibacillus-popilliae-1
10417,srp,5s,5s_Paracentrotus-lividus-2
10418,srp,5s,5s_Parachlamydia-sp.-1
10419,srp,5s,5s_Paramecium-tetraurelia-1
10420,srp,5s,5s_Photobacterium-profundum-3
10421,srp,5s,5s_Pichia-jadinii-2
10422,srp,5s,5s_Pinus-contorta-1
10423,srp,5s,5s_Pirellula-sp.-1
10424,srp,5s,5s_Pirellula-sp.-2
10425,srp,5s,5s_Plasmodium-falciparum-1
10426,srp,5s,5s_Pneumocystis-carinii-1
10427,srp,5s,5s_Prasinocladus-sp.-1
10428,srp,5s,5s_Propionibacterium-acnes-1
10429,srp,5s,5s_Pseudomonas-aeruginosa-1
10430,srp,5s,5s_Pseudomonas-aeruginosa-2
10431,srp,5s,5s_Pseudomonas-fluorescens-2
10432,srp,5s,5s_Pseudomonas-fluorescens-4
10433,srp,5s,5s_Pseudomonas-stutzeri-2
10434,srp,5s,5s_Puccinia-poarum-1
10435,srp,5s,5s_Puccinia-suaveolens-1
10436,srp,5s,5s_Pyrococcus-horikoshii-1
10437,srp,5s,5s_Pyrococcus-woesei-1
10438,srp,5s,5s_Pythium-torulosum-1
10439,srp,5s,5s_Ralstonia-solanacearum-1
10440,srp,5s,5s_Ralstonia-solanacearum-2
10441,srp,5s,5s_Rhodobacter-sphaeroides-2
10442,srp,5s,5s_Rhodococcus-erythropolis-2
10443,srp,5s,5s_Rhodopseudomonas-palustris-2
10444,srp,5s,5s_Roseococcus-thiosulfatophilus-1
10445,srp,5s,5s_Roseococcus-thiosulfatophilus-2
10446,srp,5s,5s_Rumex-acetosa-1
10447,srp,5s,5s_Sabellastarte-japonica-1
10448,srp,5s,5s_Saccharothrix-mutabilis-1
10449,srp,5s,5s_Salmonella-typhi-1
10450,srp,5s,5s_Saprolegnia-ferax-1
10451,srp,5s,5s_Schizosaccharomyces-pombe-1
10452,srp,5s,5s_Shewanella-oneidensis-1
10453,srp,5s,5s_Spirobolus-sp-1
10454,srp,5s,5s_Sporolactobacillus-nakayamae-1
10455,srp,5s,5s_Staphylococcus-aureus-1
10456,srp,5s,5s_Streptococcus-mutans-2
10457,srp,5s,5s_Streptococcus-pyogenes-2
10458,srp,5s,5s_Streptococcus-salivarius-1
10459,srp,5s,5s_Streptomyces-avermitilis-4
10460,srp,5s,5s_Streptomyces-coelicolor-1
10461,srp,5s,5s_Streptomyces-lividans-1
10462,srp,5s,5s_Streptomyces-rimosus-2
10463,srp,5s,5s_Streptomyces-roseoverticillatus-1
10464,srp,5s,5s_Streptomyces-violaceus-1
10465,srp,5s,5s_T_cruziE
10466,srp,5s,5s_Taxus-baccata-1
10467,srp,5s,5s_Thermoactinomyces-vulgaris-1
10468,srp,5s,5s_Thermomyces-lanuginosus-1
10469,srp,5s,5s_Thermotoga-sp.-1
10470,srp,5s,5s_Thermus-sp.-2
10471,srp,5s,5s_Thermus-thermophilus-2
10472,srp,5s,5s_Thiomonas-cuprina-1
10473,srp,5s,5s_Thiothrix-nivea-1
10474,srp,5s,5s_Thraustochytrium-visurgense-2
10475,srp,5s,5s_Tremella-mesenterica-2
10476,srp,5s,5s_Trimorphomyces-papilionaceus-1
10477,srp,5s,5s_Ureaplasma-parvum-1
10478,srp,5s,5s_Urechis-unicinctus-1
10479,srp,5s,5s_Ustilago-maydis-1
10480,srp,5s,5s_Ustilentyloma-fluitans-1
10481,srp,5s,5s_Vibrio-cyclosites-1
10482,srp,5s,5s_Vibrio-fluvialis-1
10483,srp,5s,5s_Vibrio-harveyi-1
10484,srp,5s,5s_Vibrio-nereis-1
10485,srp,5s,5s_Vibrio-parahaemolyticus-3
10486,srp,5s,5s_Vibrio-vulnificus-4
10487,srp,5s,5s_Vitreoscilla-filiformis-1
10488,srp,5s,5s_Vitreoscilla-stercoraria-1
10489,srp,5s,5s_Xanthobacter-viscosus-1
10490,srp,5s,5s_Yersinia-pestis-1
10491,srp,5s,5s_uncultured-euryarchaeote-37F11-1
10492,srp,RNaseP,RNaseP_A.ambivalens
10493,srp,RNaseP,RNaseP_A.brierleyi
10494,srp,RNaseP,RNaseP_A.chroococcum
10495,srp,RNaseP,RNaseP_A.ferrooxidans
10496,srp,RNaseP,RNaseP_A.ferrooxidans-g
10497,srp,RNaseP,RNaseP_A.fulgidus
10498,srp,RNaseP,RNaseP_A.laidlawii
10499,srp,RNaseP,RNaseP_A.obstetricans
10500,srp,RNaseP,RNaseP_A.salinestris-184
10501,srp,RNaseP,RNaseP_Anabaena-ATCC29413
10502,srp,RNaseP,RNaseP_B.brevis
10503,srp,RNaseP,RNaseP_B.bronchiseptica
10504,srp,RNaseP,RNaseP_B.hermsii
10505,srp,RNaseP,RNaseP_B.megaterium
10506,srp,RNaseP,RNaseP_B.pertussis
10507,srp,RNaseP,RNaseP_B.stearothermophilus
10508,srp,RNaseP,RNaseP_B.subtilis
10509,srp,RNaseP,RNaseP_B.subtilis-g
10510,srp,RNaseP,RNaseP_Buchnera-APS
10511,srp,RNaseP,RNaseP_C.acetobutylicum
10512,srp,RNaseP,RNaseP_C.crescentus
10513,srp,RNaseP,RNaseP_C.jejuni
10514,srp,RNaseP,RNaseP_C.limicola
10515,srp,RNaseP,RNaseP_C.pneumoniae-AR39
10516,srp,RNaseP,RNaseP_C.pneumoniae-CWL029
10517,srp,RNaseP,RNaseP_C.sporogenes
10518,srp,RNaseP,RNaseP_C.tepidum-g
10519,srp,RNaseP,RNaseP_C.trachomatis-2
10520,srp,RNaseP,RNaseP_C.trachomatis-D
10521,srp,RNaseP,RNaseP_C.vinosum
10522,srp,RNaseP,RNaseP_CPA49
10523,srp,RNaseP,RNaseP_CPA54
10524,srp,RNaseP,RNaseP_CPB139
10525,srp,RNaseP,RNaseP_CPB74
10526,srp,RNaseP,RNaseP_CPB7776
10527,srp,RNaseP,RNaseP_CPB80
10528,srp,RNaseP,RNaseP_CPB86
10529,srp,RNaseP,RNaseP_D.desulfuricans
10530,srp,RNaseP,RNaseP_D.jeanneae
10531,srp,RNaseP,RNaseP_Dermocarpa-PCC7437
10532,srp,RNaseP,RNaseP_E.agglomerulans
10533,srp,RNaseP,RNaseP_E.coli
10534,srp,RNaseP,RNaseP_E.eschscholtzii-2
10535,srp,RNaseP,RNaseP_E.eschsholtzii
10536,srp,RNaseP,RNaseP_E.faecalis
10537,srp,RNaseP,RNaseP_E.faecalis-2
10538,srp,RNaseP,RNaseP_E1B
10539,srp,RNaseP,RNaseP_EM14b-9
10540,srp,RNaseP,RNaseP_ERH
10541,srp,RNaseP,RNaseP_ESH167F
10542,srp,RNaseP,RNaseP_ESH20b-1
10543,srp,RNaseP,RNaseP_ESH26-4
10544,srp,RNaseP,RNaseP_ESH7-9
10545,srp,RNaseP,RNaseP_Fischerella-UTEX1829
10546,srp,RNaseP,RNaseP_G.gorilla
10547,srp,RNaseP,RNaseP_H.aurantiacus
10548,srp,RNaseP,RNaseP_H.chlorum-partial
10549,srp,RNaseP,RNaseP_H.influenza
10550,srp,RNaseP,RNaseP_H.pylori-26695
10551,srp,RNaseP,RNaseP_H.pylori-48K
10552,srp,RNaseP,RNaseP_H.pylori-J99
10553,srp,RNaseP,RNaseP_H.pylori-RU1
10554,srp,RNaseP,RNaseP_H.trapanicum
10555,srp,RNaseP,RNaseP_I.calvum
10556,srp,RNaseP,RNaseP_K.pneumoniae
10557,srp,RNaseP,RNaseP_L.acidophilus
10558,srp,RNaseP,RNaseP_L.japonicus-IFO15385
10559,srp,RNaseP,RNaseP_LGA1
10560,srp,RNaseP,RNaseP_LGB27
10561,srp,RNaseP,RNaseP_LGB32
10562,srp,RNaseP,RNaseP_LGB41
10563,srp,RNaseP,RNaseP_LGW113
10564,srp,RNaseP,RNaseP_LGW18
10565,srp,RNaseP,RNaseP_LGW46
10566,srp,RNaseP,RNaseP_M.barkeri
10567,srp,RNaseP,RNaseP_M.bovis
10568,srp,RNaseP,RNaseP_M.capricolum
10569,srp,RNaseP,RNaseP_M.hyopneumoniae
10570,srp,RNaseP,RNaseP_M.leprae
10571,srp,RNaseP,RNaseP_M.luteus
10572,srp,RNaseP,RNaseP_M.phosphovorus-JCM9380
10573,srp,RNaseP,RNaseP_M.pneumoniae
10574,srp,RNaseP,RNaseP_M.sedula
10575,srp,RNaseP,RNaseP_M.thermoautotrophicum-DH
10576,srp,RNaseP,RNaseP_M.thermoautotrphicumMarb
10577,srp,RNaseP,RNaseP_M.tuberculosis
10578,srp,RNaseP,RNaseP_M.vannielli
10579,srp,RNaseP,RNaseP_N.europaea
10580,srp,RNaseP,RNaseP_N.flavus
10581,srp,RNaseP,RNaseP_N.fulvus-JCM3335
10582,srp,RNaseP,RNaseP_N.gonnorhoeae
10583,srp,RNaseP,RNaseP_N.meningitidis-Z2491
10584,srp,RNaseP,RNaseP_Nocardiodes-NSP41
10585,srp,RNaseP,RNaseP_Nostoc-PCC7413
10586,srp,RNaseP,RNaseP_Onchorhynchus-1
10587,srp,RNaseP,RNaseP_Onchorhynchus-2
10588,srp,RNaseP,RNaseP_Onchorhynchus-sp-1
10589,srp,RNaseP,RNaseP_Onchorhynchus-sp-2
10590,srp,RNaseP,RNaseP_P.alcalifaciens
10591,srp,RNaseP,RNaseP_P.azotoformans
10592,srp,RNaseP,RNaseP_P.douglassii
10593,srp,RNaseP,RNaseP_P.furiosus-2
10594,srp,RNaseP,RNaseP_P.gingivalis
10595,srp,RNaseP,RNaseP_P.marinus
10596,srp,RNaseP,RNaseP_P.mississippiensis
10597,srp,RNaseP,RNaseP_P.purpurea-chloroplast
10598,srp,RNaseP,RNaseP_P.putida
10599,srp,RNaseP,RNaseP_P.staleyi
10600,srp,RNaseP,RNaseP_P.strasburgensis
10601,srp,RNaseP,RNaseP_P.stutzeri
10602,srp,RNaseP,RNaseP_P.troglodytes
10603,srp,RNaseP,RNaseP_P.vulgaris
10604,srp,RNaseP,RNaseP_P131
10605,srp,RNaseP,RNaseP_Prochlorococcus-PAC1A
10606,srp,RNaseP,RNaseP_Prochlorococcus-PAC1B
10607,srp,RNaseP,RNaseP_Prochlorococcus-PCC9511
10608,srp,RNaseP,RNaseP_Prochlorococcus-TATL2
10609,srp,RNaseP,RNaseP_Prochlorococcus-TATL2-2
10610,srp,RNaseP,RNaseP_R.americana-mito
10611,srp,RNaseP,RNaseP_R.norvegicus
10612,srp,RNaseP,RNaseP_R.prowazekii
10613,srp,RNaseP,RNaseP_R.rubrum
10614,srp,RNaseP,RNaseP_S.acidocaldarius
10615,srp,RNaseP,RNaseP_S.bayanus
10616,srp,RNaseP,RNaseP_S.bikiniensis
10617,srp,RNaseP,RNaseP_S.caesia-K182
10618,srp,RNaseP,RNaseP_S.caesia-K200
10619,srp,RNaseP,RNaseP_S.caesia-K76T
10620,srp,RNaseP,RNaseP_S.caesia-SB01
10621,srp,RNaseP,RNaseP_S.carlsbergensis
10622,srp,RNaseP,RNaseP_S.castellii
10623,srp,RNaseP,RNaseP_S.diastaticus
10624,srp,RNaseP,RNaseP_S.epidermidis
10625,srp,RNaseP,RNaseP_S.glauca-K194
10626,srp,RNaseP,RNaseP_S.globosus
10627,srp,RNaseP,RNaseP_S.japonicus
10628,srp,RNaseP,RNaseP_S.kluyveri
10629,srp,RNaseP,RNaseP_S.lividans
10630,srp,RNaseP,RNaseP_S.mutans
10631,srp,RNaseP,RNaseP_S.pastorianus
10632,srp,RNaseP,RNaseP_S.polymorpha
10633,srp,RNaseP,RNaseP_S.pyogenes
10634,srp,RNaseP,RNaseP_S.servazzii
10635,srp,RNaseP,RNaseP_S.shibatae
10636,srp,RNaseP,RNaseP_S.typhi
10637,srp,RNaseP,RNaseP_S.typhimurium
10638,srp,RNaseP,RNaseP_S.unisporus
10639,srp,RNaseP,RNaseP_S.uvarum
10640,srp,RNaseP,RNaseP_S.viridis-K191
10641,srp,RNaseP,RNaseP_S.viridis-K73T
10642,srp,RNaseP,RNaseP_SL1-1
10643,srp,RNaseP,RNaseP_SLC
10644,srp,RNaseP,RNaseP_SM-A01
10645,srp,RNaseP,RNaseP_SM-A03
10646,srp,RNaseP,RNaseP_SM-A04
10647,srp,RNaseP,RNaseP_SM-A05
10648,srp,RNaseP,RNaseP_SM-A06
10649,srp,RNaseP,RNaseP_SM-A1012
10650,srp,RNaseP,RNaseP_SM-A1113
10651,srp,RNaseP,RNaseP_SM-A1214
10652,srp,RNaseP,RNaseP_SM-A1315
10653,srp,RNaseP,RNaseP_SM-A1519
10654,srp,RNaseP,RNaseP_SM-A2642
10655,srp,RNaseP,RNaseP_SM-A2946
10656,srp,RNaseP,RNaseP_SM-A3862
10657,srp,RNaseP,RNaseP_SM-A4065
10658,srp,RNaseP,RNaseP_SM-A4775
10659,srp,RNaseP,RNaseP_SM-A4876
10660,srp,RNaseP,RNaseP_SM-A4977
10661,srp,RNaseP,RNaseP_SM-A5179
10662,srp,RNaseP,RNaseP_SM-A5382
10663,srp,RNaseP,RNaseP_SM-A5584
10664,srp,RNaseP,RNaseP_SM-A5888
10665,srp,RNaseP,RNaseP_SM-A6090
10666,srp,RNaseP,RNaseP_SM1
10667,srp,RNaseP,RNaseP_SMB-A3
10668,srp,RNaseP,RNaseP_SMB-A5
10669,srp,RNaseP,RNaseP_SMB-B3
10670,srp,RNaseP,RNaseP_SMB-B4
10671,srp,RNaseP,RNaseP_Synechococcus-PCC7942
10672,srp,RNaseP,RNaseP_Synechocystis-PCC6308
10673,srp,RNaseP,RNaseP_Synechocystis-PCC6803
10674,srp,RNaseP,RNaseP_T.acidophilum
10675,srp,RNaseP,RNaseP_T.aquaticus
10676,srp,RNaseP,RNaseP_T.celerAL1-2
10677,srp,RNaseP,RNaseP_T.littoralis
10678,srp,RNaseP,RNaseP_T.maritima-g
10679,srp,RNaseP,RNaseP_T.neapolitana
10680,srp,RNaseP,RNaseP_T.pallidum
10681,srp,RNaseP,RNaseP_T.syrichta
10682,srp,RNaseP,RNaseP_T.thermophilus
10683,srp,RNaseP,RNaseP_UK2
10684,srp,RNaseP,RNaseP_UK5
10685,srp,RNaseP,RNaseP_V.cholera
10686,srp,RNaseP,RNaseP_V.spinosum
10687,srp,RNaseP,RNaseP_VSDW
10688,srp,RNaseP,RNaseP_WA1
10689,srp,RNaseP,RNaseP_Y.pestis
10690,srp,RNaseP,RNaseP_Z.bailii
10691,srp,RNaseP,RNaseP_purpleX
10692,srp,grp1,grp1_a.I1.b.Dermocarpa.sp.ATCC29371.C3.tMET
10693,srp,grp1,grp1_a.I1.b.Phormidium.sp.N182.C3.tLEU
10694,srp,grp1,grp1_a.I1.b.S.hofmanii.C3.tMET
10695,srp,grp1,grp1_a.I1.b.Synechococcus.sp2.C3.tLEU
10696,srp,grp1,grp1_a.I1.c.A.cherimola.C3.tLEU
10697,srp,grp1,grp1_a.I1.c.G.prostrata.C3.tLEU
10698,srp,grp1,grp1_a.I1.c.S.bicolor.C3.tLEU
10699,srp,grp1,grp1_a.I1.e.A.adeninivorans.C1.LSU.2449
10700,srp,grp1,grp1_a.I1.e.A.capsulatus.CBS213.53.C1.SSU.943
10701,srp,grp1,grp1_a.I1.e.A.capsulatus.FLs1.C1.SSU
10702,srp,grp1,grp1_a.I1.e.A.capsulatus.G184B.C1.SSU
10703,srp,grp1,grp1_a.I1.e.A.capsulatus.G186B.C1.SSU
10704,srp,grp1,grp1_a.I1.e.A.stipitatus.C1.SSU.1046
10705,srp,grp1,grp1_a.I1.e.B.ciliata.JCM6865.C1.SSU.1506
10706,srp,grp1,grp1_a.I1.e.B.ciliata.JCM6865.C1.SSU.943
10707,srp,grp1,grp1_a.I1.e.B.yamatoana.JCM2896.C1.SSU.1506
10708,srp,grp1,grp1_a.I1.e.B.yamatoana.JCM2896.C1.SSU.943
10709,srp,grp1,grp1_a.I1.e.C.ellipsoidea.211-1a.C1.SSU.1506
10710,srp,grp1,grp1_a.I1.e.C.ellipsoidea.IAMC-87.C1.SSU.1506
10711,srp,grp1,grp1_a.I1.e.C.grayi.UNK.SSU.1046
10712,srp,grp1,grp1_a.I1.e.C.grayi.UNK.SSU.1516
10713,srp,grp1,grp1_a.I1.e.C.merochlorophea.UNK.SSU.1046
10714,srp,grp1,grp1_a.I1.e.C.merochlorophea.UNK.SSU.1210
10715,srp,grp1,grp1_a.I1.e.C.merochlorophea.UNK.SSU.1389
10716,srp,grp1,grp1_a.I1.e.C.merochlorophea.UNK.SSU.1516
10717,srp,grp1,grp1_a.I1.e.C.saccatum.C1.SSU.1512
10718,srp,grp1,grp1_a.I1.e.C.saxonicum.C1.SSU.1506
10719,srp,grp1,grp1_a.I1.e.D.parva.C1.SSU.1512
10720,srp,grp1,grp1_a.I1.e.D.parva.C1.SSU.943
10721,srp,grp1,grp1_a.I1.e.D.salina.C1.SSU.943
10722,srp,grp1,grp1_a.I1.e.E.dermatitidis.C1.SSU.943
10723,srp,grp1,grp1_a.I1.e.G.planctonica.C1.SSU.943
10724,srp,grp1,grp1_a.I1.e.G.spirotaenia.C1.SSU.1506
10725,srp,grp1,grp1_a.I1.e.L.dispersa.UNK.SSU.1046
10726,srp,grp1,grp1_a.I1.e.L.dispersa.UNK.SSU.114
10727,srp,grp1,grp1_a.I1.e.L.dispersa.UNK.SSU.1210
10728,srp,grp1,grp1_a.I1.e.L.dispersa.UNK.SSU.1516
10729,srp,grp1,grp1_a.I1.e.L.dispersa.UNK.SSU.287
10730,srp,grp1,grp1_a.I1.e.L.dispersa.UNK.SSU.516
10731,srp,grp1,grp1_a.I1.e.L.dispersa.UNK.SSU.789
10732,srp,grp1,grp1_a.I1.e.M.caldariorum.C1.SSU.1506
10733,srp,grp1,grp1_a.I1.e.P.carinii.C1.SSU.1506
10734,srp,grp1,grp1_a.I1.e.P.carinii.Pc1.C1.LSU.1921
10735,srp,grp1,grp1_a.I1.e.P.carinii.Pc2.C1.LSU.1921
10736,srp,grp1,grp1_a.I1.e.P.carinii.Pc3.C1.LSU.1921
10737,srp,grp1,grp1_a.I1.e.P.clavariiformis.C1.SSU.943
10738,srp,grp1,grp1_a.I1.e.P.inouyei.C1.SSU.1506
10739,srp,grp1,grp1_a.I1.e.P.inouyei.C1.SSU.943
10740,srp,grp1,grp1_a.I1.e.P.macrosporus.C1.SSU.1506
10741,srp,grp1,grp1_a.I1.e.P.macrosporus.C1.SSU.943
10742,srp,grp1,grp1_a.I1.e.P.pachydermus.C1.SSU.943
10743,srp,grp1,grp1_a.I1.e.P.sarcinoidea.C1.SSU.943
10744,srp,grp1,grp1_a.I1.e.S.granulatum.C1.SSU.1506
10745,srp,grp1,grp1_a.I1.e.S.paniceum.UNK.SSU.1052
10746,srp,grp1,grp1_a.I1.e.S.paniceum.UNK.SSU.114
10747,srp,grp1,grp1_a.I1.e.S.paniceum.UNK.SSU.1210
10748,srp,grp1,grp1_a.I1.e.S.paniceum.UNK.SSU.1506
10749,srp,grp1,grp1_a.I1.e.S.paniceum.UNK.SSU.287
10750,srp,grp1,grp1_a.I1.e.S.sclerotiorum_1837.C1.LSU.798
10751,srp,grp1,grp1_a.I1.e.Staurastrum.sp.M752.C1.SSU.1506
10752,srp,grp1,grp1_a.I1.e.Staurastrum.sp.M753.C1.SSU.1506
10753,srp,grp1,grp1_a.I1.e.T.cosmopolitanis.C1.LSU.1925
10754,srp,grp1,grp1_a.I1.e.T.hyperangularis.C1.LSU.1925
10755,srp,grp1,grp1_a.I1.e.T.malaccensis.C1.LSU.1925
10756,srp,grp1,grp1_a.I1.e.T.pigmentosa.C1.LSU.1925
10757,srp,grp1,grp1_a.I1.e.U.maydis.C1.SSU.943
10758,srp,grp1,grp1_a.I1.m.M.grisea.B2.ND1
10759,srp,grp1,grp1_a.I1.m.S.luteus.A1.LSU.2504
10760,srp,grp1,grp1_a.I1.m.S.pombe.B1.OX1
10761,srp,grp1,grp1_b.I1.e.C.saccharophila.C1.SSU.156
10762,srp,grp1,grp1_b.I1.e.M.anisopliae.2.C1.LSU.1921
10763,srp,grp1,grp1_b.I1.e.M.anisopliae.3.C1.LSU.1921
10764,srp,grp1,grp1_b.I1.e.T.thermophila.C1.LSU.1925
10765,srp,grp1,grp1_s.I1.e.T.thermophila.C1.LSU.1925.schem
10766,srp,grp1,grp1_a.I1.b.Dermocarpa.sp.ATCC29371.C3.tMET
10767,srp,grp1,grp1_a.I1.b.Phormidium.sp.N182.C3.tLEU
10768,srp,grp1,grp1_a.I1.b.S.hofmanii.C3.tMET
10769,srp,grp1,grp1_a.I1.b.Synechococcus.sp2.C3.tLEU
10770,srp,grp1,grp1_a.I1.c.A.cherimola.C3.tLEU
10771,srp,grp1,grp1_a.I1.c.G.prostrata.C3.tLEU
10772,srp,grp1,grp1_a.I1.c.S.bicolor.C3.tLEU
10773,srp,grp1,grp1_a.I1.e.A.adeninivorans.C1.LSU.2449
10774,srp,grp1,grp1_a.I1.e.A.capsulatus.CBS213.53.C1.SSU.943
10775,srp,grp1,grp1_a.I1.e.A.capsulatus.FLs1.C1.SSU
10776,srp,grp1,grp1_a.I1.e.A.capsulatus.G184B.C1.SSU
10777,srp,grp1,grp1_a.I1.e.A.capsulatus.G186B.C1.SSU
10778,srp,grp1,grp1_a.I1.e.A.stipitatus.C1.SSU.1046
10779,srp,grp1,grp1_a.I1.e.B.ciliata.JCM6865.C1.SSU.1506
10780,srp,grp1,grp1_a.I1.e.B.ciliata.JCM6865.C1.SSU.943
10781,srp,grp1,grp1_a.I1.e.B.yamatoana.JCM2896.C1.SSU.1506
10782,srp,grp1,grp1_a.I1.e.B.yamatoana.JCM2896.C1.SSU.943
10783,srp,grp1,grp1_a.I1.e.C.ellipsoidea.211-1a.C1.SSU.1506
10784,srp,grp1,grp1_a.I1.e.C.ellipsoidea.IAMC-87.C1.SSU.1506
10785,srp,grp1,grp1_a.I1.e.C.grayi.UNK.SSU.1046
10786,srp,grp1,grp1_a.I1.e.C.grayi.UNK.SSU.1516
10787,srp,grp1,grp1_a.I1.e.C.merochlorophea.UNK.SSU.1046
10788,srp,grp1,grp1_a.I1.e.C.merochlorophea.UNK.SSU.1210
10789,srp,grp1,grp1_a.I1.e.C.merochlorophea.UNK.SSU.1389
10790,srp,grp1,grp1_a.I1.e.C.merochlorophea.UNK.SSU.1516
10791,srp,grp1,grp1_a.I1.e.C.saccatum.C1.SSU.1512
10792,srp,grp1,grp1_a.I1.e.C.saxonicum.C1.SSU.1506
10793,srp,grp1,grp1_a.I1.e.D.parva.C1.SSU.1512
10794,srp,grp1,grp1_a.I1.e.D.parva.C1.SSU.943
10795,srp,grp1,grp1_a.I1.e.D.salina.C1.SSU.943
10796,srp,grp1,grp1_a.I1.e.E.dermatitidis.C1.SSU.943
10797,srp,grp1,grp1_a.I1.e.G.planctonica.C1.SSU.943
10798,srp,grp1,grp1_a.I1.e.G.spirotaenia.C1.SSU.1506
10799,srp,grp1,grp1_a.I1.e.L.dispersa.UNK.SSU.1046
10800,srp,grp1,grp1_a.I1.e.L.dispersa.UNK.SSU.114
10801,srp,grp1,grp1_a.I1.e.L.dispersa.UNK.SSU.1210
10802,srp,grp1,grp1_a.I1.e.L.dispersa.UNK.SSU.1516
10803,srp,grp1,grp1_a.I1.e.L.dispersa.UNK.SSU.287
10804,srp,grp1,grp1_a.I1.e.L.dispersa.UNK.SSU.516
10805,srp,grp1,grp1_a.I1.e.L.dispersa.UNK.SSU.789
10806,srp,grp1,grp1_a.I1.e.M.caldariorum.C1.SSU.1506
10807,srp,grp1,grp1_a.I1.e.P.carinii.C1.SSU.1506
10808,srp,grp1,grp1_a.I1.e.P.carinii.Pc1.C1.LSU.1921
10809,srp,grp1,grp1_a.I1.e.P.carinii.Pc2.C1.LSU.1921
10810,srp,grp1,grp1_a.I1.e.P.carinii.Pc3.C1.LSU.1921
10811,srp,grp1,grp1_a.I1.e.P.clavariiformis.C1.SSU.943
10812,srp,grp1,grp1_a.I1.e.P.inouyei.C1.SSU.1506
10813,srp,grp1,grp1_a.I1.e.P.inouyei.C1.SSU.943
10814,srp,grp1,grp1_a.I1.e.P.macrosporus.C1.SSU.1506
10815,srp,grp1,grp1_a.I1.e.P.macrosporus.C1.SSU.943
10816,srp,grp1,grp1_a.I1.e.P.pachydermus.C1.SSU.943
10817,srp,grp1,grp1_a.I1.e.P.sarcinoidea.C1.SSU.943
10818,srp,grp1,grp1_a.I1.e.S.granulatum.C1.SSU.1506
10819,srp,grp1,grp1_a.I1.e.S.paniceum.UNK.SSU.1052
10820,srp,grp1,grp1_a.I1.e.S.paniceum.UNK.SSU.114
10821,srp,grp1,grp1_a.I1.e.S.paniceum.UNK.SSU.1210
10822,srp,grp1,grp1_a.I1.e.S.paniceum.UNK.SSU.1506
10823,srp,grp1,grp1_a.I1.e.S.paniceum.UNK.SSU.287
10824,srp,grp1,grp1_a.I1.e.S.sclerotiorum_1837.C1.LSU.798
10825,srp,grp1,grp1_a.I1.e.Staurastrum.sp.M752.C1.SSU.1506
10826,srp,grp1,grp1_a.I1.e.Staurastrum.sp.M753.C1.SSU.1506
10827,srp,grp1,grp1_a.I1.e.T.cosmopolitanis.C1.LSU.1925
10828,srp,grp1,grp1_a.I1.e.T.hyperangularis.C1.LSU.1925
10829,srp,grp1,grp1_a.I1.e.T.malaccensis.C1.LSU.1925
10830,srp,grp1,grp1_a.I1.e.T.pigmentosa.C1.LSU.1925
10831,srp,grp1,grp1_a.I1.e.U.maydis.C1.SSU.943
10832,srp,grp1,grp1_a.I1.m.M.grisea.B2.ND1
10833,srp,grp1,grp1_a.I1.m.S.luteus.A1.LSU.2504
10834,srp,grp1,grp1_a.I1.m.S.pombe.B1.OX1
10835,srp,grp1,grp1_b.I1.e.C.saccharophila.C1.SSU.156
10836,srp,grp1,grp1_b.I1.e.M.anisopliae.2.C1.LSU.1921
10837,srp,grp1,grp1_b.I1.e.M.anisopliae.3.C1.LSU.1921
10838,srp,grp1,grp1_b.I1.e.T.thermophila.C1.LSU.1925
10839,srp,grp1,grp1_s.I1.e.T.thermophila.C1.LSU.1925.schem
10840,srp,grp1,grp1_a.I1.b.Dermocarpa.sp.ATCC29371.C3.tMET
10841,srp,grp1,grp1_a.I1.b.Phormidium.sp.N182.C3.tLEU
10842,srp,grp1,grp1_a.I1.b.S.hofmanii.C3.tMET
10843,srp,grp1,grp1_a.I1.b.Synechococcus.sp2.C3.tLEU
10844,srp,grp1,grp1_a.I1.c.A.cherimola.C3.tLEU
10845,srp,grp1,grp1_a.I1.c.G.prostrata.C3.tLEU
10846,srp,grp1,grp1_a.I1.c.S.bicolor.C3.tLEU
10847,srp,grp1,grp1_a.I1.e.A.adeninivorans.C1.LSU.2449
10848,srp,grp1,grp1_a.I1.e.A.capsulatus.CBS213.53.C1.SSU.943
10849,srp,grp1,grp1_a.I1.e.A.capsulatus.FLs1.C1.SSU
10850,srp,grp1,grp1_a.I1.e.A.capsulatus.G184B.C1.SSU
10851,srp,grp1,grp1_a.I1.e.A.capsulatus.G186B.C1.SSU
10852,srp,grp1,grp1_a.I1.e.A.stipitatus.C1.SSU.1046
10853,srp,grp1,grp1_a.I1.e.B.ciliata.JCM6865.C1.SSU.1506
10854,srp,grp1,grp1_a.I1.e.B.ciliata.JCM6865.C1.SSU.943
10855,srp,grp1,grp1_a.I1.e.B.yamatoana.JCM2896.C1.SSU.1506
10856,srp,grp1,grp1_a.I1.e.B.yamatoana.JCM2896.C1.SSU.943
10857,srp,grp1,grp1_a.I1.e.C.ellipsoidea.211-1a.C1.SSU.1506
10858,srp,grp1,grp1_a.I1.e.C.ellipsoidea.IAMC-87.C1.SSU.1506
10859,srp,grp1,grp1_a.I1.e.C.grayi.UNK.SSU.1046
10860,srp,grp1,grp1_a.I1.e.C.grayi.UNK.SSU.1516
10861,srp,grp1,grp1_a.I1.e.C.merochlorophea.UNK.SSU.1046
10862,srp,grp1,grp1_a.I1.e.C.merochlorophea.UNK.SSU.1210
10863,srp,grp1,grp1_a.I1.e.C.merochlorophea.UNK.SSU.1389
10864,srp,grp1,grp1_a.I1.e.C.merochlorophea.UNK.SSU.1516
10865,srp,grp1,grp1_a.I1.e.C.saccatum.C1.SSU.1512
10866,srp,grp1,grp1_a.I1.e.C.saxonicum.C1.SSU.1506
10867,srp,grp1,grp1_a.I1.e.D.parva.C1.SSU.1512
10868,srp,grp1,grp1_a.I1.e.D.parva.C1.SSU.943
10869,srp,grp1,grp1_a.I1.e.D.salina.C1.SSU.943
10870,srp,grp1,grp1_a.I1.e.E.dermatitidis.C1.SSU.943
10871,srp,grp1,grp1_a.I1.e.G.planctonica.C1.SSU.943
10872,srp,grp1,grp1_a.I1.e.G.spirotaenia.C1.SSU.1506
10873,srp,grp1,grp1_a.I1.e.L.dispersa.UNK.SSU.1046
10874,srp,grp1,grp1_a.I1.e.L.dispersa.UNK.SSU.114
10875,srp,grp1,grp1_a.I1.e.L.dispersa.UNK.SSU.1210
10876,srp,grp1,grp1_a.I1.e.L.dispersa.UNK.SSU.1516
10877,srp,grp1,grp1_a.I1.e.L.dispersa.UNK.SSU.287
10878,srp,grp1,grp1_a.I1.e.L.dispersa.UNK.SSU.516
10879,srp,grp1,grp1_a.I1.e.L.dispersa.UNK.SSU.789
10880,srp,grp1,grp1_a.I1.e.M.caldariorum.C1.SSU.1506
10881,srp,grp1,grp1_a.I1.e.P.carinii.C1.SSU.1506
10882,srp,grp1,grp1_a.I1.e.P.carinii.Pc1.C1.LSU.1921
10883,srp,grp1,grp1_a.I1.e.P.carinii.Pc2.C1.LSU.1921
10884,srp,grp1,grp1_a.I1.e.P.carinii.Pc3.C1.LSU.1921
10885,srp,grp1,grp1_a.I1.e.P.clavariiformis.C1.SSU.943
10886,srp,grp1,grp1_a.I1.e.P.inouyei.C1.SSU.1506
10887,srp,grp1,grp1_a.I1.e.P.inouyei.C1.SSU.943
10888,srp,grp1,grp1_a.I1.e.P.macrosporus.C1.SSU.1506
10889,srp,grp1,grp1_a.I1.e.P.macrosporus.C1.SSU.943
10890,srp,grp1,grp1_a.I1.e.P.pachydermus.C1.SSU.943
10891,srp,grp1,grp1_a.I1.e.P.sarcinoidea.C1.SSU.943
10892,srp,srp,srp_Acin.baum._CP000521
10893,srp,srp,srp_Acin.spec._CR543861
10894,srp,srp,srp_Acti.succ._CP000746
10895,srp,srp,srp_Aede.aegy._DW714804
10896,srp,srp,srp_Aede.aegy._DW714815
10897,srp,srp,srp_Aede.aegy._GSP-7159
10898,srp,srp,srp_Aero.pern._BA000002
10899,srp,srp,srp_Agro.tume._AE007869
10900,srp,srp,srp_Agro.tume._AE007951
10901,srp,srp,srp_Agro.tume._AE008984
10902,srp,srp,srp_Ajel.caps._CV620298
10903,srp,srp,srp_Alca.bork._AM286690
10904,srp,srp,srp_Alka.meta._CP000724
10905,srp,srp,srp_Anab.vari._CP000117
10906,srp,srp,srp_Anae.sp.._CP000769
10907,srp,srp,srp_Anap.marg._CP000030
10908,srp,srp,srp_Anop.gamb._CD747410
10909,srp,srp,srp_Anop.gamb._SDB-377271
10910,srp,srp,srp_Anto.locu._GSP-278021
10911,srp,srp,srp_Aply.cali._GSP-6500
10912,srp,srp,srp_Aqui.aeol._AE000657
10913,srp,srp,srp_Aqui.aeol._AE000759
10914,srp,srp,srp_Arab.tha._X55111
10915,srp,srp,srp_Arab.thal._AC005275
10916,srp,srp,srp_Arab.thal._AC005311
10917,srp,srp,srp_Arab.thal._AC005662
10918,srp,srp,srp_Arab.thal._AF069442
10919,srp,srp,srp_Arab.thal._AL161495
10920,srp,srp,srp_Arab.thal._AL161496
10921,srp,srp,srp_Arab.thal._X69901
10922,srp,srp,srp_Arab.thal._X72228
10923,srp,srp,srp_Arab.thal._X72229
10924,srp,srp,srp_Arch.fulg._AE000782
10925,srp,srp,srp_Arch.fulg._X17237
10926,srp,srp,srp_Arth.aure._CP000474
10927,srp,srp,srp_Arth.sp.._CP000454
10928,srp,srp,srp_Asco.apis._GSP-392613
10929,srp,srp,srp_Ashb.goss._AE016819
10930,srp,srp,srp_Aspe.clav._GSP-344612
10931,srp,srp,srp_Aspe.flav._GSP-332952
10932,srp,srp,srp_Aspe.fumi._GSP-41122
10933,srp,srp,srp_Aspe.nidu._GSP-227321
10934,srp,srp,srp_Aspe.oryz._AP007169
10935,srp,srp,srp_Aspe.terr._GSP-341663
10936,srp,srp,srp_Azoa.spec._AM406670
10937,srp,srp,srp_Azoa.spec._CR555306
10938,srp,srp,srp_Babe.bige._GSP-5866
10939,srp,srp,srp_Baci.alca._D11422
10940,srp,srp,srp_Baci.amyl._CP000560
10941,srp,srp,srp_Baci.amyl._D11416
10942,srp,srp,srp_Baci.amyl._D13041
10943,srp,srp,srp_Baci.anth._AE016879
10944,srp,srp,srp_Baci.anth._AE017024
10945,srp,srp,srp_Baci.anth._AE017225
10946,srp,srp,srp_Baci.anth._AE017334
10947,srp,srp,srp_Baci.brev._D14472
10948,srp,srp,srp_Baci.cere._AE016877
10949,srp,srp,srp_Baci.cere._AE016998
10950,srp,srp,srp_Baci.cere._AE017194
10951,srp,srp,srp_Baci.cere._AE017264
10952,srp,srp,srp_Baci.cere._CP000001
10953,srp,srp,srp_Baci.cere._CP000764
10954,srp,srp,srp_Baci.cere._D11413
10955,srp,srp,srp_Baci.circ._D11419
10956,srp,srp,srp_Baci.clau._AP006627
10957,srp,srp,srp_Baci.halo._BA000004
10958,srp,srp,srp_Baci.lich._AE017333
10959,srp,srp,srp_Baci.lich._CP000002
10960,srp,srp,srp_Baci.mace._D11420
10961,srp,srp,srp_Baci.mega._D11414
10962,srp,srp,srp_Baci.poly._D11421
10963,srp,srp,srp_Baci.pumi._D11415
10964,srp,srp,srp_Baci.spha._D11418
10965,srp,srp,srp_Baci.subt._D11417
10966,srp,srp,srp_Baci.subt._D26185
10967,srp,srp,srp_Baci.subt._X06802
10968,srp,srp,srp_Baci.subt._X06803
10969,srp,srp,srp_Baci.subt._X12642
10970,srp,srp,srp_Baci.subt._X14796
10971,srp,srp,srp_Baci.subt._Z99104
10972,srp,srp,srp_Baci.thur._AE017355
10973,srp,srp,srp_Baci.thur._CP000485
10974,srp,srp,srp_Baci.thur._D11412
10975,srp,srp,srp_Bart.hens._BX897699
10976,srp,srp,srp_Bart.quin._BX897700
10977,srp,srp,srp_Batr.dend._GSP-403673
10978,srp,srp,srp_Bdel.bact._BX842656
10979,srp,srp,srp_Bifi.adol._AP009256
10980,srp,srp,srp_Bifi.long._AE014295
10981,srp,srp,srp_Bifi.long._AX492782
10982,srp,srp,srp_Bloc.flor._BX248583
10983,srp,srp,srp_Bloc.flor._BX248585
10984,srp,srp,srp_Bord.aviu._AM167904
10985,srp,srp,srp_Bord.para._BX640426
10986,srp,srp,srp_Bord.pert._BX640415
10987,srp,srp,srp_Borr.afze._CP000395
10988,srp,srp,srp_Borr.burg._AE000783
10989,srp,srp,srp_Borr.burg._AE001151
10990,srp,srp,srp_Borr.gari._CP000013
10991,srp,srp,srp_Bos.taur._GSP-6282
10992,srp,srp,srp_Brad.japo._BA000040
10993,srp,srp,srp_Brad.spec._CP000494
10994,srp,srp,srp_Brad.spec._CU234118
10995,srp,srp,srp_Bran.flor._GSP-7739
10996,srp,srp,srp_Bras.napu._EE400505
10997,srp,srp,srp_Bras.napu._EE409827
10998,srp,srp,srp_Bras.napu._EE410150
10999,srp,srp,srp_Bras.napu._EE411027
11000,srp,srp,srp_Bras.napu._EE411352
11001,srp,srp,srp_Bras.napu._EE411418
11002,srp,srp,srp_Bras.napu._EE412262
11003,srp,srp,srp_Bras.napu._EE416381
11004,srp,srp,srp_Bras.napu._EE416873
11005,srp,srp,srp_Bras.napu._EE537348
11006,srp,srp,srp_Bras.oler._GSP-109376
11007,srp,srp,srp_Brev.brev._D12926
11008,srp,srp,srp_Bruc.abor._AE017223
11009,srp,srp,srp_Bruc.meli._AE009624
11010,srp,srp,srp_Bruc.meli._AM040264
11011,srp,srp,srp_Bruc.ovis._CP000708
11012,srp,srp,srp_Bruc.suis._AE014291
11013,srp,srp,srp_Brug.mala._GSP-6279
11014,srp,srp,srp_Buch.aphi._AE013218
11015,srp,srp,srp_Buch.aphi._AE014017
11016,srp,srp,srp_Buch.aphi._AE014122
11017,srp,srp,srp_Buch.aphi._AE016826
11018,srp,srp,srp_Buch.aphi._BA000003
11019,srp,srp,srp_Burk.ceno._CP000380
11020,srp,srp,srp_Burk.ceno._CP000458
11021,srp,srp,srp_Burk.cepa._CP000440
11022,srp,srp,srp_Burk.mall._CP000010
11023,srp,srp,srp_Burk.mall._CP000526
11024,srp,srp,srp_Burk.mall._CP000546
11025,srp,srp,srp_Burk.mall._CP000548
11026,srp,srp,srp_Burk.pseu._CP000124
11027,srp,srp,srp_Burk.pseu._CP000570
11028,srp,srp,srp_Burk.pseu._CP000572
11029,srp,srp,srp_Burk.spec._CP000151
11030,srp,srp,srp_Caen.brig._AC084446
11031,srp,srp,srp_Caen.eleg._AY948606
11032,srp,srp,srp_Caen.eleg._AY948607
11033,srp,srp,srp_Caen.eleg._AY948608
11034,srp,srp,srp_Caen.eleg._U41993
11035,srp,srp,srp_Caen.eleg._Z30973
11036,srp,srp,srp_Caen.eleg._Z34533
11037,srp,srp,srp_Caen.rema._GSP-31234
11038,srp,srp,srp_Call.jacc._GSP-9483
11039,srp,srp,srp_Camp.curv._CP000767
11040,srp,srp,srp_Camp.jeju._AL111168
11041,srp,srp,srp_Camp.jeju._AL139074
11042,srp,srp,srp_Camp.jeju._CP000025
11043,srp,srp,srp_Camp.jeju._CP000538
11044,srp,srp,srp_Camp.jeju._CP000768
11045,srp,srp,srp_Cand.Bloc._CP000016
11046,srp,srp,srp_Cand.albi._GSP-237561
11047,srp,srp,srp_Cand.dubl._GSP-42374
11048,srp,srp,srp_Cand.glab._CR380957
11049,srp,srp,srp_Cand.trop._GSP-294747
11050,srp,srp,srp_Cani.spec._SDB-9616
11051,srp,srp,srp_Carb.hydr._CP000141
11052,srp,srp,srp_Caul.cres._AE005673
11053,srp,srp,srp_Caul.cres._AE005700
11054,srp,srp,srp_Caul.cres._U22036
11055,srp,srp,srp_Caul.cres._U49738
11056,srp,srp,srp_Chae.glob._GSP-306901
11057,srp,srp,srp_Chla.abor._CR848038
11058,srp,srp,srp_Chla.cavi._AE015925
11059,srp,srp,srp_Chla.cavi._AE016995
11060,srp,srp,srp_Chla.muri._AE002160
11061,srp,srp,srp_Chla.muri._AE002321
11062,srp,srp,srp_Chla.pneu._AE001363
11063,srp,srp,srp_Chla.pneu._AE001624
11064,srp,srp,srp_Chla.pneu._AE002161
11065,srp,srp,srp_Chla.pneu._AE002198
11066,srp,srp,srp_Chla.pneu._BA000008
11067,srp,srp,srp_Chla.rein._SDB-3055
11068,srp,srp,srp_Chla.rein._X71484
11069,srp,srp,srp_Chla.trac._AE001298
11070,srp,srp,srp_Chla.trac._CP000051
11071,srp,srp,srp_Chlo.tepi._AE006470
11072,srp,srp,srp_Chlo.vulg._AB001684
11073,srp,srp,srp_Chro.sale._CP000285
11074,srp,srp,srp_Chro.viol._AE016825
11075,srp,srp,srp_Chro.viol._AE016918
11076,srp,srp,srp_Cion.inte._BW088710
11077,srp,srp,srp_Cion.inte._BW223536
11078,srp,srp,srp_Cion.inte._BW230361
11079,srp,srp,srp_Cion.inte._GSP-7719
11080,srp,srp,srp_Cion.savi._BW520975
11081,srp,srp,srp_Cion.savi._BW551179
11082,srp,srp,srp_Citr.sine._CN181543
11083,srp,srp,srp_Citr.sine._CN181544
11084,srp,srp,srp_Clav.lusi._GSP-306902
11085,srp,srp,srp_Clos.acet._AE001437
11086,srp,srp,srp_Clos.acet._AE007525
11087,srp,srp,srp_Clos.beij._CP000721
11088,srp,srp,srp_Clos.botu._AM412317
11089,srp,srp,srp_Clos.botu._CP000726
11090,srp,srp,srp_Clos.botu._CP000727
11091,srp,srp,srp_Clos.botu._CP000728
11092,srp,srp,srp_Clos.diff._AM180355
11093,srp,srp,srp_Clos.kluy._CP000673
11094,srp,srp,srp_Clos.novy._CP000382
11095,srp,srp,srp_Clos.perf._BA000016
11096,srp,srp,srp_Clos.perf._CP000246
11097,srp,srp,srp_Clos.perf._CP000312
11098,srp,srp,srp_Clos.perf._D49784
11099,srp,srp,srp_Clos.teta._AE015927
11100,srp,srp,srp_Clos.teta._AE015936
11101,srp,srp,srp_Clos.ther._CP000568
11102,srp,srp,srp_Cocc.immi._GSP-396776
11103,srp,srp,srp_Cocc.posa._GSP-222929
11104,srp,srp,srp_Colw.psyc._CP000083
11105,srp,srp,srp_Cory.diph._BX248354
11106,srp,srp,srp_Cory.effi._BA000035
11107,srp,srp,srp_Cory.glut._AP009044
11108,srp,srp,srp_Cory.glut._BA000036
11109,srp,srp,srp_Cory.glut._BX927148
11110,srp,srp,srp_Cory.jeik._CR931997
11111,srp,srp,srp_Coxi.burn._AE016828
11112,srp,srp,srp_Coxi.burn._CP000733
11113,srp,srp,srp_Crit.fasc._AY781797
11114,srp,srp,srp_Crit.luci._AY781798
11115,srp,srp,srp_Cryp.homi._GSP-353151
11116,srp,srp,srp_Cryp.parv._AA532232
11117,srp,srp,srp_Cryp.parv._XM_626716
11118,srp,srp,srp_Cyan.cald._AF022186
11119,srp,srp,srp_Cyan.mero._AB002583
11120,srp,srp,srp_Cyan.mero._AY286123
11121,srp,srp,srp_Cypr.carp._CF662133
11122,srp,srp,srp_Dani.reri._BX649540
11123,srp,srp,srp_Dani.reri._CR854846
11124,srp,srp,srp_Dani.reri._EH487580
11125,srp,srp,srp_Dani.reri._EH513970
11126,srp,srp,srp_Dani.rrer._BX469912
11127,srp,srp,srp_Dani.rrer._BX470258
11128,srp,srp,srp_Dani.rrer._CR925739
11129,srp,srp,srp_Dani.rrer._CU179657
11130,srp,srp,srp_Dasy.nove._GSP-9361
11131,srp,srp,srp_Deba.hans._CR382138
11132,srp,srp,srp_Dech.arom._CP000089
11133,srp,srp,srp_Dein.geot._CP000359
11134,srp,srp,srp_Dein.radi._AE000513
11135,srp,srp,srp_Dein.radi._AE002056
11136,srp,srp,srp_Desu.psyc._CR522870
11137,srp,srp,srp_Desu.vulg._AE017285
11138,srp,srp,srp_Desu.vulg._AE017311
11139,srp,srp,srp_Desu.vulg._CP000527
11140,srp,srp,srp_Dich.nodo._CP000513
11141,srp,srp,srp_Dict.disc._AJ699381
11142,srp,srp,srp_Dict.disc._BJ360333
11143,srp,srp,srp_Dros.anan._CJ969290
11144,srp,srp,srp_Dros.anan._GSP-7217
11145,srp,srp,srp_Dros.erec._GSP-7220
11146,srp,srp,srp_Dros.mela._AC002512
11147,srp,srp,srp_Dros.mela._AC095014
11148,srp,srp,srp_Dros.mela._AE001572
11149,srp,srp,srp_Dros.mela._AE014297
11150,srp,srp,srp_Dros.mela._X00952
11151,srp,srp,srp_Dros.mela._X01056
11152,srp,srp,srp_Dros.moja._GSP-7230
11153,srp,srp,srp_Dros.simu._GSP-7240
11154,srp,srp,srp_Dros.viri._GSP-7244
11155,srp,srp,srp_Dros.will._GSP-7260
11156,srp,srp,srp_Dros.yaku._GSP-7245
11157,srp,srp,srp_Ehrl.cani._CP000107
11158,srp,srp,srp_Eime.tene._CD666347
11159,srp,srp,srp_Eime.tene._GSP-413949
11160,srp,srp,srp_Ence.cuni._AL590449
11161,srp,srp,srp_Enta.disp._GSP-370354
11162,srp,srp,srp_Enta.hist._AF487684
11163,srp,srp,srp_Enta.hist._BK005670
11164,srp,srp,srp_Enta.inva._GSP-370355
11165,srp,srp,srp_Enta.mosh._GSP-41668
11166,srp,srp,srp_Enta.terr._GSP-110771
11167,srp,srp,srp_Ente.faec._AE016830
11168,srp,srp,srp_Ente.faec._AE016953
11169,srp,srp,srp_Ente.faec._BD193435
11170,srp,srp,srp_Ento.sulc._AF095839
11171,srp,srp,srp_Erwi.caro._BX950851
11172,srp,srp,srp_Esch.coli._AE005174
11173,srp,srp,srp_Esch.coli._AE014075
11174,srp,srp,srp_Esch.coli._AE016756
11175,srp,srp,srp_Esch.coli._AP009048
11176,srp,srp,srp_Esch.coli._BA000007
11177,srp,srp,srp_Esch.coli._CP000243
11178,srp,srp,srp_Esch.coli._CP000247
11179,srp,srp,srp_Esch.coli._CP000468
11180,srp,srp,srp_Esch.coli._U00096
11181,srp,srp,srp_Esch.coli._U82664
11182,srp,srp,srp_Esch.coli._X01074
11183,srp,srp,srp_Ferr.acid._GSP-333146
11184,srp,srp,srp_Ferv.nodo._CP000771
11185,srp,srp,srp_Fran.alni._CT573213
11186,srp,srp,srp_Fran.spec._CP000249
11187,srp,srp,srp_Fran.tula._AJ749949
11188,srp,srp,srp_Fran.tula._AM233362
11189,srp,srp,srp_Fran.tula._AM286280
11190,srp,srp,srp_Fran.tula._CP000437
11191,srp,srp,srp_Fran.tula._CP000439
11192,srp,srp,srp_Fran.tula._CP000608
11193,srp,srp,srp_Fran.tula._CP000803
11194,srp,srp,srp_Fugu.rubr._U40756
11195,srp,srp,srp_Fuso.nucl._AE009951
11196,srp,srp,srp_Gald.sulp._GSP-130081
11197,srp,srp,srp_Gall.gall._AB073218
11198,srp,srp,srp_Geob.kaus._BA000043
11199,srp,srp,srp_Geob.meta._CP000148
11200,srp,srp,srp_Geob.sulf._AE017180
11201,srp,srp,srp_Geob.ther._CP000557
11202,srp,srp,srp_Geob.uran._CP000698
11203,srp,srp,srp_Giar.lamb._GSP-184922
11204,srp,srp,srp_Gibb.moni._GSP-334819
11205,srp,srp,srp_Gibb.zeae._GSP-229533
11206,srp,srp,srp_Gloe.viol._BA000045
11207,srp,srp,srp_Gluc.oxyd._CP000009
11208,srp,srp,srp_Grac.tenu._AY673996
11209,srp,srp,srp_Guil.thet._AF041468
11210,srp,srp,srp_Gynu.aura._SDB-109565
11211,srp,srp,srp_Haem.ducr._AE017143
11212,srp,srp,srp_Haem.ducr._AE017154
11213,srp,srp,srp_Haem.ducr._U32175
11214,srp,srp,srp_Haem.infl._BD426631
11215,srp,srp,srp_Haem.infl._CP000057
11216,srp,srp,srp_Haem.infl._CP000671
11217,srp,srp,srp_Haem.infl._CP000672
11218,srp,srp,srp_Haem.infl._L42023
11219,srp,srp,srp_Haem.infl._U32795
11220,srp,srp,srp_Haem.somn._CP000436
11221,srp,srp,srp_Hahe.chej._CP000155
11222,srp,srp,srp_Halo.halo._CP000544
11223,srp,srp,srp_Halo.halo._X01698
11224,srp,srp,srp_Halo.mari._AY596297
11225,srp,srp,srp_Halo.spec._AE004437
11226,srp,srp,srp_Halo.volc._AF395888
11227,srp,srp,srp_Heli.acin._AM260522
11228,srp,srp,srp_Heli.annu._AJ828095
11229,srp,srp,srp_Heli.exil._EE659686
11230,srp,srp,srp_Heli.hepa._AE017125
11231,srp,srp,srp_Heli.hepa._AE017149
11232,srp,srp,srp_Heli.pylo._AE000511
11233,srp,srp,srp_Heli.pylo._AE000524
11234,srp,srp,srp_Heli.pylo._AE001439
11235,srp,srp,srp_Heli.pylo._AE001441
11236,srp,srp,srp_Heli.pylo._BD010626
11237,srp,srp,srp_Heli.pylo._CP000241
11238,srp,srp,srp_Hist.caps._GSP-278162
11239,srp,srp,srp_Homo.sapi._AA559987
11240,srp,srp,srp_Homo.sapi._AB061847
11241,srp,srp,srp_Homo.sapi._AL139099
11242,srp,srp,srp_Homo.sapi._AL627171
11243,srp,srp,srp_Homo.sapi._BE083383
11244,srp,srp,srp_Homo.sapi._BF875598
11245,srp,srp,srp_Homo.sapi._BF908693
11246,srp,srp,srp_Homo.sapi._BF908765
11247,srp,srp,srp_Homo.sapi._BF908767
11248,srp,srp,srp_Homo.sapi._BF909425
11249,srp,srp,srp_Homo.sapi._BF909438
11250,srp,srp,srp_Homo.sapi._BF909560
11251,srp,srp,srp_Homo.sapi._BF909563
11252,srp,srp,srp_Homo.sapi._BU566619
11253,srp,srp,srp_Homo.sapi._BU566906
11254,srp,srp,srp_Homo.sapi._CK004881
11255,srp,srp,srp_Homo.sapi._M20910
11256,srp,srp,srp_Homo.sapi._NR_002715
11257,srp,srp,srp_Homo.sapi._X01037
11258,srp,srp,srp_Homo.sapi._X02067
11259,srp,srp,srp_Homo.sapi._X04249
11260,srp,srp,srp_Humu.japo._X65990
11261,srp,srp,srp_Humu.japo._X65991
11262,srp,srp,srp_Humu.lupu._AJ236703
11263,srp,srp,srp_Humu.lupu._AJ236705
11264,srp,srp,srp_Humu.lupu._AJ236706
11265,srp,srp,srp_Humu.lupu._X65983
11266,srp,srp,srp_Humu.lupu._X65984
11267,srp,srp,srp_Humu.lupu._X65985
11268,srp,srp,srp_Hype.buty._CP000493
11269,srp,srp,srp_Hypo.jeco._GSP-334564-2
11270,srp,srp,srp_Idio.loih._AE017340
11271,srp,srp,srp_Kine.radi._CP000750
11272,srp,srp,srp_Kleb.pneu._CP000647
11273,srp,srp,srp_Kluy.lact._CR382126
11274,srp,srp,srp_Kluy.walt._AADM01000319
11275,srp,srp,srp_Kluy.yarr._479647571
11276,srp,srp,srp_Lact.acid._CP000033
11277,srp,srp,srp_Lact.brev._CP000416
11278,srp,srp,srp_Lact.case._CP000423
11279,srp,srp,srp_Lact.delb._AF496545
11280,srp,srp,srp_Lact.delb._CP000412
11281,srp,srp,srp_Lact.delb._CR954253
11282,srp,srp,srp_Lact.gass._CP000413
11283,srp,srp,srp_Lact.john._AE017198
11284,srp,srp,srp_Lact.john._AE017201
11285,srp,srp,srp_Lact.john._AX926712
11286,srp,srp,srp_Lact.lact._AE006305
11287,srp,srp,srp_Lact.lact._AM406671
11288,srp,srp,srp_Lact.lact._CP000425
11289,srp,srp,srp_Lact.plan._AL935253
11290,srp,srp,srp_Lact.sali._CP000233
11291,srp,srp,srp_Legi.pneu._AE017354
11292,srp,srp,srp_Legi.pneu._CP000675
11293,srp,srp,srp_Legi.pneu._CR628336
11294,srp,srp,srp_Legi.pneu._CR628337
11295,srp,srp,srp_Legi.pneu._M31830
11296,srp,srp,srp_Leif.xyli._AE016822
11297,srp,srp,srp_Leis.aeth._AY722730
11298,srp,srp,srp_Leis.aeth._AY722731
11299,srp,srp,srp_Leis.aeth._AY722732
11300,srp,srp,srp_Leis.braz._AM494942
11301,srp,srp,srp_Leis.braz._AY722724
11302,srp,srp,srp_Leis.braz._AY722725
11303,srp,srp,srp_Leis.braz._AY722726
11304,srp,srp,srp_Leis.braz._AY781790
11305,srp,srp,srp_Leis.braz._AY781791
11306,srp,srp,srp_Leis.braz._SDB-87235
11307,srp,srp,srp_Leis.dono._AY722733
11308,srp,srp,srp_Leis.dono._AY722734
11309,srp,srp,srp_Leis.dono._AY722735
11310,srp,srp,srp_Leis.dono._AY781793
11311,srp,srp,srp_Leis.dono._AY781794
11312,srp,srp,srp_Leis.dono._AY781795
11313,srp,srp,srp_Leis.guya._AY722727
11314,srp,srp,srp_Leis.guya._AY722728
11315,srp,srp,srp_Leis.infa._AM502223
11316,srp,srp,srp_Leis.infa._AY781792
11317,srp,srp,srp_Leis.infa._SDB-5671
11318,srp,srp,srp_Leis.majo._AY722713
11319,srp,srp,srp_Leis.majo._AY722714
11320,srp,srp,srp_Leis.majo._AY722715
11321,srp,srp,srp_Leis.majo._SDB-347515
11322,srp,srp,srp_Leis.trop._AY722722
11323,srp,srp,srp_Leis.trop._AY722723
11324,srp,srp,srp_Leis.trop._AY781789
11325,srp,srp,srp_Lemu.catt._GSP-9447
11326,srp,srp,srp_Lept.coll._AF006750
11327,srp,srp,srp_List.inno._AL596173
11328,srp,srp,srp_List.mono._AE017262
11329,srp,srp,srp_List.mono._AE017331
11330,srp,srp,srp_List.mono._AL591984
11331,srp,srp,srp_List.mono._U15684
11332,srp,srp,srp_List.wels._AM263198
11333,srp,srp,srp_Lodd.elon._GSP-379508
11334,srp,srp,srp_Lott.giga._GSP-225164
11335,srp,srp,srp_Lotu.corn._AP006123
11336,srp,srp,srp_Lotu.corn._AP006364
11337,srp,srp,srp_Lotu.japo._BW598799
11338,srp,srp,srp_Loxo.afri._GSP-9785
11339,srp,srp,srp_Lyco.escu._X13958
11340,srp,srp,srp_Lyco.escu._Z29099
11341,srp,srp,srp_Lyco.escu._Z29100
11342,srp,srp,srp_Lyco.escu._Z29101
11343,srp,srp,srp_Lyco.escu._Z29103
11344,srp,srp,srp_Lyco.escu._Z29104
11345,srp,srp,srp_Lyco.escu._Z29105
11346,srp,srp,srp_Lyco.escu._Z29106
11347,srp,srp,srp_Lyco.escu._Z29107
11348,srp,srp,srp_Lyco.escu._Z29109
11349,srp,srp,srp_Lyco.escu._Z29110
11350,srp,srp,srp_Lyco.escu._Z29111
11351,srp,srp,srp_Lyco.escu._Z29112
11352,srp,srp,srp_Lyco.escu._Z29260
11353,srp,srp,srp_Lyco.escu._Z46744
11354,srp,srp,srp_Lyco.escu._Z46745
11355,srp,srp,srp_Lyco.escu._Z46746
11356,srp,srp,srp_Maca.mula._GSP-9544
11357,srp,srp,srp_Magn.magn._AP007255
11358,srp,srp,srp_Mann.succ._AE016827
11359,srp,srp,srp_Mari.aqua._CP000514
11360,srp,srp,srp_Mari.mari._CP000449
11361,srp,srp,srp_Medi.trun._AC136507
11362,srp,srp,srp_Medi.trun._AC136507-1
11363,srp,srp,srp_Medi.trun._AC136507-2
11364,srp,srp,srp_Medi.trun._AC146941
11365,srp,srp,srp_Medi.trun._AJ846712
11366,srp,srp,srp_Medi.trun._BE941271
11367,srp,srp,srp_Medi.trun._CT485797
11368,srp,srp,srp_Medi.trun._CX540689
11369,srp,srp,srp_Meso.flor._AE017263
11370,srp,srp,srp_Meso.loti._BA000012
11371,srp,srp,srp_Meso.viri._AF166114
11372,srp,srp,srp_Meth.acet._AE010299
11373,srp,srp,srp_Meth.acet._X17238
11374,srp,srp,srp_Meth.bark._CP000099
11375,srp,srp,srp_Meth.burt._CP000300
11376,srp,srp,srp_Meth.caps._AE017282
11377,srp,srp,srp_Meth.ferv._M32222
11378,srp,srp,srp_Meth.ferv._S49762
11379,srp,srp,srp_Meth.flag._CP000284
11380,srp,srp,srp_Meth.jann._L77117
11381,srp,srp,srp_Meth.kand._AE010387
11382,srp,srp,srp_Meth.mari._BX957223
11383,srp,srp,srp_Meth.mari._CP000609
11384,srp,srp,srp_Meth.mari._CP000745
11385,srp,srp,srp_Meth.maze._AE008384
11386,srp,srp,srp_Meth.ther._AE000666
11387,srp,srp,srp_Meth.ther._X15364
11388,srp,srp,srp_Meth.vann._CP000742
11389,srp,srp,srp_Meth.volt._M22560
11390,srp,srp,srp_Micr.lyso._M31831
11391,srp,srp,srp_Mono.brev._GSP-81824
11392,srp,srp,srp_Mono.dome._GSP-13616
11393,srp,srp,srp_Moor.ther._CP000232
11394,srp,srp,srp_Mus.musc._AC099934
11395,srp,srp,srp_Mus.musc._AC126244
11396,srp,srp,srp_Mus.musc._AC157822
11397,srp,srp,srp_Mus.musc._DQ285765
11398,srp,srp,srp_Myco.aviu._AE016958
11399,srp,srp,srp_Myco.aviu._AE017228
11400,srp,srp,srp_Myco.aviu._CP000479
11401,srp,srp,srp_Myco.bovi._BX248347
11402,srp,srp,srp_Myco.capr._CP000123
11403,srp,srp,srp_Myco.capr._D00560
11404,srp,srp,srp_Myco.capr._S67588
11405,srp,srp,srp_Myco.gall._AE015450
11406,srp,srp,srp_Myco.gall._AE016968
11407,srp,srp,srp_Myco.geni._BD439871
11408,srp,srp,srp_Myco.geni._L43967
11409,srp,srp,srp_Myco.geni._U39706
11410,srp,srp,srp_Myco.hyop._AE017243
11411,srp,srp,srp_Myco.hyop._AE017244
11412,srp,srp,srp_Myco.hyop._AE017332
11413,srp,srp,srp_Myco.lepr._AL023596
11414,srp,srp,srp_Myco.lepr._AL583925
11415,srp,srp,srp_Myco.mobi._AE017308
11416,srp,srp,srp_Myco.myco._BX293980
11417,srp,srp,srp_Myco.myco._BX842642
11418,srp,srp,srp_Myco.myco._X53678
11419,srp,srp,srp_Myco.pene._BA000026
11420,srp,srp,srp_Myco.pneu._AE000044
11421,srp,srp,srp_Myco.pneu._S76009
11422,srp,srp,srp_Myco.pneu._U00089
11423,srp,srp,srp_Myco.pulm._AL445565
11424,srp,srp,srp_Myco.pulm._U06833
11425,srp,srp,srp_Myco.smeg._CP000480
11426,srp,srp,srp_Myco.spec._CP000384
11427,srp,srp,srp_Myco.spec._CP000518
11428,srp,srp,srp_Myco.spec._CP000580
11429,srp,srp,srp_Myco.syno._AE017245
11430,srp,srp,srp_Myco.tube._AE000516
11431,srp,srp,srp_Myco.vanb._CP000511
11432,srp,srp,srp_Nect.haem._GSP-71109
11433,srp,srp,srp_Neis.gono._AE004969
11434,srp,srp,srp_Neis.gono._AF482014
11435,srp,srp,srp_Neis.gono._DD110233
11436,srp,srp,srp_Neis.meni._AE002098
11437,srp,srp,srp_Neis.meni._AL157959
11438,srp,srp,srp_Neis.meni._AL162755
11439,srp,srp,srp_Neis.meni._AM421808
11440,srp,srp,srp_Neis.meni._DD001104
11441,srp,srp,srp_Nema.vect._GSP-45351
11442,srp,srp,srp_Neos.fisc._GSP-331117
11443,srp,srp,srp_Neph.oliv._AF137379
11444,srp,srp,srp_Neur.cras._AL669999
11445,srp,srp,srp_Nitr.euro._AL954747
11446,srp,srp,srp_Nitr.euro._BX321857
11447,srp,srp,srp_Nitr.eutr._CP000450
11448,srp,srp,srp_Nitr.hamb._CP000319
11449,srp,srp,srp_Nitr.mult._CP000103
11450,srp,srp,srp_Nitr.wino._CP000115
11451,srp,srp,srp_Noca.farc._AP006618
11452,srp,srp,srp_Nost.spec._BA000019
11453,srp,srp,srp_Novo.arom._CP000248
11454,srp,srp,srp_Ocea.ihey._BA000028
11455,srp,srp,srp_Ochr.anth._CP000758
11456,srp,srp,srp_Odon.sine._Z67753
11457,srp,srp,srp_Onch.volv._AI249203
11458,srp,srp,srp_Onch.volv._BF727619
11459,srp,srp,srp_Onch.volv._GSP-6282
11460,srp,srp,srp_Orni.anat._GSP-9258
11461,srp,srp,srp_Oryc.cuni._AB021174
11462,srp,srp,srp_Oryz.sati._AC079888
11463,srp,srp,srp_Oryz.sati._AP003253
11464,srp,srp,srp_Oryz.sati._AP003333
11465,srp,srp,srp_Oryz.sati._AP008207
11466,srp,srp,srp_Oxyt.trif._GSP-99928
11467,srp,srp,srp_Pan.trog._GSP-37010
11468,srp,srp,srp_Para.bras._CN238860
11469,srp,srp,srp_Para.bras._CN239248
11470,srp,srp,srp_Para.bras._CN240152
11471,srp,srp,srp_Para.bras._CN240538
11472,srp,srp,srp_Para.bras._CN241137
11473,srp,srp,srp_Para.bras._CN241909
11474,srp,srp,srp_Para.bras._EH652573
11475,srp,srp,srp_Para.bras._EH655308
11476,srp,srp,srp_Para.bras._GSP-121759
11477,srp,srp,srp_Para.deni._CP000489
11478,srp,srp,srp_Para.symb._BX908798
11479,srp,srp,srp_Past.mult._AE006092
11480,srp,srp,srp_Pedi.pent._CP000422
11481,srp,srp,srp_Perk.mari._GSP-31276
11482,srp,srp,srp_Pers.amer._X65992
11483,srp,srp,srp_Phae.nodo._GSP-321614
11484,srp,srp,srp_Phak.meib._GSP-169999
11485,srp,srp,srp_Phak.pach._GSP-170000-1
11486,srp,srp,srp_Phak.pach._GSP-170000-2
11487,srp,srp,srp_Phot.lumi._BX571872
11488,srp,srp,srp_Phot.prof._CR378666
11489,srp,srp,srp_Phyt.infe._CV911012
11490,srp,srp,srp_Phyt.infe._CV919934
11491,srp,srp,srp_Phyt.ramo._GSP-164328
11492,srp,srp,srp_Phyt.soja._GSP-67593
11493,srp,srp,srp_Pich.guil._GSP-294746
11494,srp,srp,srp_Pich.stip._CP000502
11495,srp,srp,srp_Picr.torr._AE017261
11496,srp,srp,srp_Plas.berg._DC223490
11497,srp,srp,srp_Plas.berg._DC223613
11498,srp,srp,srp_Plas.berg._GSP-5823
11499,srp,srp,srp_Plas.chab._GSP-31271
11500,srp,srp,srp_Plas.falc._AE014819
11501,srp,srp,srp_Plas.falc._EF690554
11502,srp,srp,srp_Plas.gall._GSP-5849
11503,srp,srp,srp_Plas.know._GSP-5851
11504,srp,srp,srp_Plas.reic._GSP-5854
11505,srp,srp,srp_Plas.viva._GSP-31273
11506,srp,srp,srp_Plas.yoel._GSP-352914
11507,srp,srp,srp_Podo.anse._GSP-5145
11508,srp,srp,srp_Popu.bals._GSP-73824
11509,srp,srp,srp_Popu.trem._BU866844
11510,srp,srp,srp_Popu.trem._DN489028
11511,srp,srp,srp_Popu.trem._DN498769
11512,srp,srp,srp_Porp.purp._U38804
11513,srp,srp,srp_Porp.yezo._AP006715
11514,srp,srp,srp_Pris.paci._GSP-54126
11515,srp,srp,srp_Proc.mari._AE017126
11516,srp,srp,srp_Proc.mari._AE017165
11517,srp,srp,srp_Proc.mari._AJ237851
11518,srp,srp,srp_Proc.mari._BX572093
11519,srp,srp,srp_Proc.mari._BX572096
11520,srp,srp,srp_Proc.mari._CP000111
11521,srp,srp,srp_Proc.mari._CP000551
11522,srp,srp,srp_Proc.mari._CP000552
11523,srp,srp,srp_Proc.mari._CP000554
11524,srp,srp,srp_Proc.mari._CP000576
11525,srp,srp,srp_Proc.spec._AJ011025
11526,srp,srp,srp_Prop.acne._AE017283
11527,srp,srp,srp_Prun.arme._CB819242
11528,srp,srp,srp_Prun.arme._CV045835
11529,srp,srp,srp_Pseu.aeru._AE004091
11530,srp,srp,srp_Pseu.aeru._AE004581
11531,srp,srp,srp_Pseu.aeru._CP000438
11532,srp,srp,srp_Pseu.aeru._CP000744
11533,srp,srp,srp_Pseu.aeru._M31829
11534,srp,srp,srp_Pseu.aeru._X12644
11535,srp,srp,srp_Pseu.aeru._X14404
11536,srp,srp,srp_Pseu.ento._CT573326
11537,srp,srp,srp_Pseu.fluo._CP000076
11538,srp,srp,srp_Pseu.fluo._CP000094
11539,srp,srp,srp_Pseu.halo._CR954246
11540,srp,srp,srp_Pseu.mend._CP000680
11541,srp,srp,srp_Pseu.puti._AE015451
11542,srp,srp,srp_Pseu.puti._AE016790
11543,srp,srp,srp_Pseu.puti._CP000712
11544,srp,srp,srp_Pseu.stut._CP000304
11545,srp,srp,srp_Pseu.syri._AE016853
11546,srp,srp,srp_Pseu.syri._CP000058
11547,srp,srp,srp_Pseu.syri._CP000075
11548,srp,srp,srp_Psyc.arct._CP000082
11549,srp,srp,srp_Psyc.cryo._CP000323
11550,srp,srp,srp_Psyc.ingr._CP000510
11551,srp,srp,srp_Psyc.sp.._CP000713
11552,srp,srp,srp_Pyro.abys._AJ248283
11553,srp,srp,srp_Pyro.aero._AE009852
11554,srp,srp,srp_Pyro.arse._CP000660
11555,srp,srp,srp_Pyro.cali._CP000561
11556,srp,srp,srp_Pyro.furi._AE010126
11557,srp,srp,srp_Pyro.hori._BA000001
11558,srp,srp,srp_Pyro.isla._CP000504
11559,srp,srp,srp_Pyro.occu._M21085
11560,srp,srp,srp_Rals.eutr._AM260479
11561,srp,srp,srp_Rals.eutr._CP000090
11562,srp,srp,srp_Rals.meta._CP000352
11563,srp,srp,srp_Rals.sola._AL646052
11564,srp,srp,srp_Rals.sola._AL646063
11565,srp,srp,srp_Ratt.norv._AA923995
11566,srp,srp,srp_Ratt.norv._AC091616
11567,srp,srp,srp_Rhiz.etli._CP000133
11568,srp,srp,srp_Rhiz.legu._AM236080
11569,srp,srp,srp_Rhod.balt._BX294144
11570,srp,srp,srp_Rhod.palu._BX572594
11571,srp,srp,srp_Rhod.palu._CP000250
11572,srp,srp,srp_Rhod.palu._CP000283
11573,srp,srp,srp_Rhod.palu._CP000301
11574,srp,srp,srp_Rhod.palu._CP000463
11575,srp,srp,srp_Rhod.rubr._CP000230
11576,srp,srp,srp_Rhod.spec._CP000431
11577,srp,srp,srp_Rhod.spha._CP000143
11578,srp,srp,srp_Rhod.spha._CP000577
11579,srp,srp,srp_Rhod.spha._CP000661
11580,srp,srp,srp_Rick.cono._AE008680
11581,srp,srp,srp_Rick.feli._CP000053
11582,srp,srp,srp_Rick.prow._AJ235273
11583,srp,srp,srp_Rick.typh._AE017197
11584,srp,srp,srp_Sacc.cere._U18916
11585,srp,srp,srp_Sacc.cere._U18917
11586,srp,srp,srp_Sacc.degr._CP000282
11587,srp,srp,srp_Sacc.eryt._AM420293
11588,srp,srp,srp_Sacc.kluy._AJ550805
11589,srp,srp,srp_Sacc.kluy._SKAA0027M04.b1
11590,srp,srp,srp_Sacc.para._BN000251
11591,srp,srp,srp_Sali.trop._CP000667
11592,srp,srp,srp_Salm.ente._AE014613
11593,srp,srp,srp_Salm.ente._AE016842
11594,srp,srp,srp_Salm.ente._AE017220
11595,srp,srp,srp_Salm.ente._AL627266
11596,srp,srp,srp_Salm.ente._CP000026
11597,srp,srp,srp_Salm.typh._AE008717
11598,srp,srp,srp_Schi.japo._GSP-402676
11599,srp,srp,srp_Schi.mans._GSP-6183
11600,srp,srp,srp_Schi.pomb._AU010514
11601,srp,srp,srp_Schi.pomb._M20264
11602,srp,srp,srp_Schi.pomb._M20836
11603,srp,srp,srp_Schi.pomb._X15220
11604,srp,srp,srp_Schi.pomb._Z99259
11605,srp,srp,srp_Schm.medi._GSP-79327
11606,srp,srp,srp_Scle.scle._GSP-325569
11607,srp,srp,srp_Sene.crue._SDB-189209
11608,srp,srp,srp_Shew.balt._CP000563
11609,srp,srp,srp_Shew.balt._CP000753
11610,srp,srp,srp_Shew.deni._CP000302
11611,srp,srp,srp_Shew.loih._CP000606
11612,srp,srp,srp_Shew.onei._AE014299
11613,srp,srp,srp_Shew.onei._AE015625
11614,srp,srp,srp_Shew.putr._CP000681
11615,srp,srp,srp_Shew.spec._CP000444
11616,srp,srp,srp_Shew.spec._CP000446
11617,srp,srp,srp_Shew.spec._CP000469
11618,srp,srp,srp_Shew.spec._CP000503
11619,srp,srp,srp_Shig.flex._AE005674
11620,srp,srp,srp_Shig.flex._AE014073
11621,srp,srp,srp_Shig.flex._AE016979
11622,srp,srp,srp_Shig.flex._CP000266
11623,srp,srp,srp_Sili.pome._CP000031
11624,srp,srp,srp_Sili.spec._CP000377
11625,srp,srp,srp_Sino.medi._CP000738
11626,srp,srp,srp_Sino.meli._AL591782
11627,srp,srp,srp_Soda.glos._AP008232
11628,srp,srp,srp_Sola.tube._DR037645
11629,srp,srp,srp_Sola.tube._DR037646
11630,srp,srp,srp_Sorg.bico._BE594178
11631,srp,srp,srp_Sphi.alas._CP000356
11632,srp,srp,srp_Sphi.witt._CP000699
11633,srp,srp,srp_Spra.loph._GSP-51541
11634,srp,srp,srp_Stap.aure._AC025951
11635,srp,srp,srp_Stap.aure._AF368293
11636,srp,srp,srp_Stap.aure._AP009351
11637,srp,srp,srp_Stap.aure._BA000017
11638,srp,srp,srp_Stap.aure._BA000018
11639,srp,srp,srp_Stap.aure._BA000033
11640,srp,srp,srp_Stap.aure._BX571856
11641,srp,srp,srp_Stap.aure._BX571857
11642,srp,srp,srp_Stap.aure._CP000046
11643,srp,srp,srp_Stap.aure._CP000253
11644,srp,srp,srp_Stap.aure._CP000255
11645,srp,srp,srp_Stap.aure._CP000703
11646,srp,srp,srp_Stap.aure._CP000736
11647,srp,srp,srp_Stap.aure._E36052
11648,srp,srp,srp_Stap.epid._AE015929
11649,srp,srp,srp_Stap.epid._AE016751
11650,srp,srp,srp_Stap.epid._AF269814
11651,srp,srp,srp_Stap.epid._AF269831
11652,srp,srp,srp_Stap.epid._AX145149
11653,srp,srp,srp_Stap.epid._CP000029
11654,srp,srp,srp_Stap.haem._AP006716
11655,srp,srp,srp_Stap.sapr._AP008934
11656,srp,srp,srp_Stre.agal._AE014209
11657,srp,srp,srp_Stre.agal._AL766845
11658,srp,srp,srp_Stre.agal._CP000114
11659,srp,srp,srp_Stre.aver._BA000030
11660,srp,srp,srp_Stre.coel._AL939118
11661,srp,srp,srp_Stre.dysg._AJ489606
11662,srp,srp,srp_Stre.livi._AY081854
11663,srp,srp,srp_Stre.muta._AE014133
11664,srp,srp,srp_Stre.muta._AE014879
11665,srp,srp,srp_Stre.muta._AF132127
11666,srp,srp,srp_Stre.pneu._AE005672
11667,srp,srp,srp_Stre.pneu._AE007319
11668,srp,srp,srp_Stre.pneu._AE008386
11669,srp,srp,srp_Stre.pneu._CP000410
11670,srp,srp,srp_Stre.pyog._AE004092
11671,srp,srp,srp_Stre.pyog._AE006489
11672,srp,srp,srp_Stre.pyog._AE009969
11673,srp,srp,srp_Stre.pyog._AE014139
11674,srp,srp,srp_Stre.pyog._AM295007
11675,srp,srp,srp_Stre.pyog._BA000034
11676,srp,srp,srp_Stre.pyog._CP000003
11677,srp,srp,srp_Stre.pyog._CP000017
11678,srp,srp,srp_Stre.pyog._CP000056
11679,srp,srp,srp_Stre.pyog._CP000259
11680,srp,srp,srp_Stre.pyog._CP000260
11681,srp,srp,srp_Stre.pyog._CP000261
11682,srp,srp,srp_Stre.pyog._CP000262
11683,srp,srp,srp_Stre.sang._CP000387
11684,srp,srp,srp_Stre.suis._CP000407
11685,srp,srp,srp_Stre.suis._CP000408
11686,srp,srp,srp_Stre.ther._CP000024
11687,srp,srp,srp_Stro.purp._GSP-7668
11688,srp,srp,srp_Sulf.acid._CP000077
11689,srp,srp,srp_Sulf.solf._X17239
11690,srp,srp,srp_Sulf.solf._Y08257
11691,srp,srp,srp_Sulf.toko._BA000023
11692,srp,srp,srp_Sus.scro._BP459377
11693,srp,srp,srp_Symb.ther._AP006840
11694,srp,srp,srp_Syne.elon._AP008231
11695,srp,srp,srp_Syne.spec._BA000022
11696,srp,srp,srp_Syne.spec._BX569693
11697,srp,srp,srp_Syne.spec._CP000097
11698,srp,srp,srp_Synt.fuma._CP000478
11699,srp,srp,srp_Synt.wolf._CP000448
11700,srp,srp,srp_Taen.gutt._CK235759
11701,srp,srp,srp_Tetr.nigr._GSP-99883
11702,srp,srp,srp_Tetr.rost._SDB-5909
11703,srp,srp,srp_Tetr.ther._X56981
11704,srp,srp,srp_Thal.pseu._EF067921
11705,srp,srp,srp_Thal.pseu._GSP-296543
11706,srp,srp,srp_Thei.annu._NW_001091934
11707,srp,srp,srp_Thei.parv._GSP-333668
11708,srp,srp,srp_Ther.acid._AL445063
11709,srp,srp,srp_Ther.cele._X17240
11710,srp,srp,srp_Ther.elon._BA000039
11711,srp,srp,srp_Ther.fusc._CP000088
11712,srp,srp,srp_Ther.koda._AP006878
11713,srp,srp,srp_Ther.mari._AE000512
11714,srp,srp,srp_Ther.mela._CP000716
11715,srp,srp,srp_Ther.petr._CP000702
11716,srp,srp,srp_Ther.teng._AE012978
11717,srp,srp,srp_Ther.ther._AE017221
11718,srp,srp,srp_Ther.ther._AE017306
11719,srp,srp,srp_Ther.ther._AP008226
11720,srp,srp,srp_Ther.ther._X12643
11721,srp,srp,srp_Ther.volc._BA000011
11722,srp,srp,srp_Thio.deni._CP000116
11723,srp,srp,srp_Toxo.gond._CO743022
11724,srp,srp,srp_Toxo.gond._GSP-398031
11725,srp,srp,srp_Trep.dent._AE017226
11726,srp,srp,srp_Trep.dent._AE017246
11727,srp,srp,srp_Trep.pall._AE000520
11728,srp,srp,srp_Trep.pall._AE001187
11729,srp,srp,srp_Tric.eryt._CP000393
11730,srp,srp,srp_Tric.rees._GSP-334564-1
11731,srp,srp,srp_Tric.spir._GSP-6334
11732,srp,srp,srp_Tric.vagi._GSP-5722-1
11733,srp,srp,srp_Tric.vagi._GSP-5722-2
11734,srp,srp,srp_Trit.aest._BE424647
11735,srp,srp,srp_Trit.aest._BQ167677
11736,srp,srp,srp_Trit.aest._CA626434
11737,srp,srp,srp_Trit.aest._CA694528
11738,srp,srp,srp_Trit.aest._CA718249
11739,srp,srp,srp_Trit.aest._CD897082
11740,srp,srp,srp_Trit.aest._CJ572413
11741,srp,srp,srp_Trit.aest._CJ679223
11742,srp,srp,srp_Trit.aest._X13915
11743,srp,srp,srp_Trop.whip._AE014184
11744,srp,srp,srp_Trop.whip._AE016852
11745,srp,srp,srp_Trop.whip._BX251412
11746,srp,srp,srp_Tryp.bruc._AC159431
11747,srp,srp,srp_Tryp.bruc._AF047723
11748,srp,srp,srp_Tryp.bruc._M80262
11749,srp,srp,srp_Tryp.bruc._S56681
11750,srp,srp,srp_Tryp.bruc._X57047
11751,srp,srp,srp_Tryp.cong._SDB-5692
11752,srp,srp,srp_Tryp.viva._SDB-5699
11753,srp,srp,srp_Unci.rees._GSP-336963
11754,srp,srp,srp_Urea.parv._AE002112
11755,srp,srp,srp_Vibr.chol._AE003852
11756,srp,srp,srp_Vibr.chol._AE004188
11757,srp,srp,srp_Vibr.chol._CP000627
11758,srp,srp,srp_Vibr.fisc._CP000020
11759,srp,srp,srp_Vibr.harv._CP000789
11760,srp,srp,srp_Vibr.para._BA000031
11761,srp,srp,srp_Vibr.vuln._AE016795
11762,srp,srp,srp_Vibr.vuln._AE016807
11763,srp,srp,srp_Vibr.vuln._BA000037
11764,srp,srp,srp_Volv.cart._GSP-51971-1
11765,srp,srp,srp_Volv.cart._GSP-51971-2
11766,srp,srp,srp_Wigg.glos._BA000021
11767,srp,srp,srp_Wolb.endo._AB080664
11768,srp,srp,srp_Wolb.endo._AE017196
11769,srp,srp,srp_Wolb.endo._AE017259
11770,srp,srp,srp_Wolb.endo._AE017321
11771,srp,srp,srp_Woli.succ._BX571662
11772,srp,srp,srp_Xant.axon._AE011739
11773,srp,srp,srp_Xant.camp._AE012197
11774,srp,srp,srp_Xant.camp._AM039952
11775,srp,srp,srp_Xant.camp._CP000050
11776,srp,srp,srp_Xant.camp._DQ256493
11777,srp,srp,srp_Xant.oryz._AE013598
11778,srp,srp,srp_Xant.oryz._AP008229
11779,srp,srp,srp_Xeno.laev._X01055
11780,srp,srp,srp_Xyle.fast._AE003849
11781,srp,srp,srp_Xyle.fast._AE003940
11782,srp,srp,srp_Xyle.fast._AE009442
11783,srp,srp,srp_Xyle.fast._AE012554
11784,srp,srp,srp_Yarr.lipo._CR382127
11785,srp,srp,srp_Yarr.lipo._CR382130
11786,srp,srp,srp_Yarr.lipo._M20837
11787,srp,srp,srp_Yarr.lipo._X51658
11788,srp,srp,srp_Yers.ente._AM286415
11789,srp,srp,srp_Yers.pest._AE009952
11790,srp,srp,srp_Yers.pest._AE017042
11791,srp,srp,srp_Yers.pest._AE017129
11792,srp,srp,srp_Yers.pest._AJ414155
11793,srp,srp,srp_Yers.pest._AL590842
11794,srp,srp,srp_Yers.pest._CP000305
11795,srp,srp,srp_Yers.pest._CP000308
11796,srp,srp,srp_Yers.pest._CP000668
11797,srp,srp,srp_Yers.pseu._BX936398
11798,srp,srp,srp_Yers.pseu._CP000720
11799,srp,srp,srp_Zea.mays._AY108846
11800,srp,srp,srp_Zea.mays._CB179518
11801,srp,srp,srp_Zea.mays._CF602412
11802,srp,srp,srp_Zea.mays._CF919998
11803,srp,srp,srp_Zea.mays._CF974802
11804,srp,srp,srp_Zea.mays._CK327537
11805,srp,srp,srp_Zea.mays._CK700970
11806,srp,srp,srp_Zea.mays._X14661
11807,srp,srp,srp_Zygo.roux._BN000170
11808,srp,srp,srp_Zymo.mobi._AE008692
11809,srp,srp,srp_Zymo.mobi._AF203881
11810,srp,tRNA,tRNA_tdbR00000003-Haloferax_volcanii-2246-Ala-GGC
11811,srp,tRNA,tRNA_tdbR00000010-Escherichia_coli-562-Ala-VGC
11812,srp,tRNA,tRNA_tdbR00000011-Neurospora_crassa-5141-Ala-UGC
11813,srp,tRNA,tRNA_tdbR00000013-Pichia_jadinii-4903-Ala-IGC
11814,srp,tRNA,tRNA_tdbR00000017-Homo_sapiens-9606-Ala-IGC
11815,srp,tRNA,tRNA_tdbR00000020-Escherichia_coli-562-Cys-GCA
11816,srp,tRNA,tRNA_tdbR00000021-Saccharomyces_cerevisiae-4932-Cys-GCA
11817,srp,tRNA,tRNA_tdbR00000024-Mycoplasma_capricolum-2095-Asp-GUC
11818,srp,tRNA,tRNA_tdbR00000026-Escherichia_coli-562-Asp-QUC
11819,srp,tRNA,tRNA_tdbR00000030-Aedes_albopictus-7160-Asp-GUC
11820,srp,tRNA,tRNA_tdbR00000032-Rattus_norvegicus-10116-Asp-GUC
11821,srp,tRNA,tRNA_tdbR00000036-Euglena_gracilis-3039-Asp-GUC
11822,srp,tRNA,tRNA_tdbR00000038-Rattus_norvegicus-10116-Asp-8UC
11823,srp,tRNA,tRNA_tdbR00000042-Haloferax_volcanii-2246-Glu-MUC
11824,srp,tRNA,tRNA_tdbR00000043-Haloferax_volcanii-2246-Glu-NUC
11825,srp,tRNA,tRNA_tdbR00000053-Bos_taurus-9913-Glu-NUC
11826,srp,tRNA,tRNA_tdbR00000059-Rattus_norvegicus-10116-Glu-3UC
11827,srp,tRNA,tRNA_tdbR00000063-Haloferax_volcanii-2246-Phe-GAA
11828,srp,tRNA,tRNA_tdbR00000067-Escherichia_coli-562-Phe-GAA
11829,srp,tRNA,tRNA_tdbR00000072-Phaseolus_vulgaris-3885-Phe-GAA
11830,srp,tRNA,tRNA_tdbR00000074-Tetrahymena_pyriformis-5908-Phe-GAA
11831,srp,tRNA,tRNA_tdbR00000078-Ascaris_suum-6253-Phe-GAA
11832,srp,tRNA,tRNA_tdbR00000089-Brassica_napus-3708-Phe-AA
11833,srp,tRNA,tRNA_tdbR00000090-Lupinus_luteus-3873-Phe-AA
11834,srp,tRNA,tRNA_tdbR00000092-Oryctolagus_cuniculus-9986-Phe-AA
11835,srp,tRNA,tRNA_tdbR00000093-Bombyx_mori-7091-Phe-AA
11836,srp,tRNA,tRNA_tdbR00000098-Xenopus_laevis-8355-Phe-AA
11837,srp,tRNA,tRNA_tdbR00000108-Haloferax_volcanii-2246-Gly-GCC
11838,srp,tRNA,tRNA_tdbR00000109-Haloferax_volcanii-2246-Gly-NCC
11839,srp,tRNA,tRNA_tdbR00000111-Mycoplasma_capricolum-2095-Gly-UCC
11840,srp,tRNA,tRNA_tdbR00000114-Staphylococcus_epidermidis-1282-Gly-UCC
11841,srp,tRNA,tRNA_tdbR00000115-Staphylococcus_epidermidis-1282-Gly-UCC
11842,srp,tRNA,tRNA_tdbR00000119-Escherichia_coli-562-Gly-NCC
11843,srp,tRNA,tRNA_tdbR00000125-Bos_taurus-9913-Gly-UCC
11844,srp,tRNA,tRNA_tdbR00000128-Halocynthia_roretzi-7729-Gly-GCU
11845,srp,tRNA,tRNA_tdbR00000132-Lupinus_luteus-3873-Gly-GCC
11846,srp,tRNA,tRNA_tdbR00000136-Homo_sapiens-9606-Gly-GCC
11847,srp,tRNA,tRNA_tdbR00000139-Mycoplasma_capricolum-2095-His-GUK
11848,srp,tRNA,tRNA_tdbR00000140-Escherichia_coli-562-His-QUG
11849,srp,tRNA,tRNA_tdbR00000142-Saccharomyces_cerevisiae-4932-His-GUG
11850,srp,tRNA,tRNA_tdbR00000143-Asterias_amurensis-7602-His-QUG
11851,srp,tRNA,tRNA_tdbR00000151-Haloferax_volcanii-2246-Ile-GAU
11852,srp,tRNA,tRNA_tdbR00000155-Mycoplasma_mycoides-2102-Ile-GAU
11853,srp,tRNA,tRNA_tdbR00000159-Escherichia_coli-562-Ile-GAU
11854,srp,tRNA,tRNA_tdbR00000164-Saccharomyces_cerevisiae-4932-Ile-GAU
11855,srp,tRNA,tRNA_tdbR00000165-Solanum_tuberosum-4113-Ile-AU
11856,srp,tRNA,tRNA_tdbR00000170-Saccharomyces_cerevisiae-4932-Ile-IAU
11857,srp,tRNA,tRNA_tdbR00000172-Lupinus_luteus-3873-Ile-IAU
11858,srp,tRNA,tRNA_tdbR00000175-Haloferax_volcanii-2246-Lys-NUU
11859,srp,tRNA,tRNA_tdbR00000176-Haloferax_volcanii-2246-Lys-MUU
11860,srp,tRNA,tRNA_tdbR00000177-Mycoplasma_capricolum-2095-Lys-CUU
11861,srp,tRNA,tRNA_tdbR00000179-Bacillus_subtilis-1423-Lys-UU
11862,srp,tRNA,tRNA_tdbR00000184-Asterias_amurensis-7602-Lys-CUU
11863,srp,tRNA,tRNA_tdbR00000192-Saccharomyces_cerevisiae-4932-Lys-CUU
11864,srp,tRNA,tRNA_tdbR00000194-Triticum_aestivum-4565-Lys-CUU
11865,srp,tRNA,tRNA_tdbR00000196-Rattus_norvegicus-10116-Lys-CUN
11866,srp,tRNA,tRNA_tdbR00000197-Rattus_norvegicus-10116-Lys-3UU
11867,srp,tRNA,tRNA_tdbR00000199-Oryctolagus_cuniculus-9986-Lys-CUU
11868,srp,tRNA,tRNA_tdbR00000206-Loligo_bleekeri-6617-Lys-UUU
11869,srp,tRNA,tRNA_tdbR00000208-Mus_musculus-10090-Lys-CUN
11870,srp,tRNA,tRNA_tdbR00000209-Enterobacteria_phage_T4-10665-Leu-NAA
11871,srp,tRNA,tRNA_tdbR00000211-Haloferax_volcanii-2246-Leu-CAA
11872,srp,tRNA,tRNA_tdbR00000216-Mycoplasma_capricolum-2095-Leu-BAA
11873,srp,tRNA,tRNA_tdbR00000218-Mycoplasma_capricolum-2095-Leu-UAG
11874,srp,tRNA,tRNA_tdbR00000221-Escherichia_coli-562-Leu-CAG
11875,srp,tRNA,tRNA_tdbR00000222-Escherichia_coli-562-Leu-GAG
11876,srp,tRNA,tRNA_tdbR00000225-Synechococcus_elongatus_PCC_6301-269084-Leu-CAA
11877,srp,tRNA,tRNA_tdbR00000228-Glycine_max-3847-Leu-BAA
11878,srp,tRNA,tRNA_tdbR00000230-Glycine_max-3847-Leu-UA7
11879,srp,tRNA,tRNA_tdbR00000233-Phaseolus_vulgaris-3885-Leu-UA7
11880,srp,tRNA,tRNA_tdbR00000234-Spinacia_oleracea-3562-Leu-UA7
11881,srp,tRNA,tRNA_tdbR00000236-Neurospora_crassa-5141-Leu-UAG
11882,srp,tRNA,tRNA_tdbR00000237-Saccharomyces_cerevisiae-4932-Leu-AA
11883,srp,tRNA,tRNA_tdbR00000243-Rattus_norvegicus-10116-Leu-UAG
11884,srp,tRNA,tRNA_tdbR00000244-Rattus_norvegicus-10116-Leu-UAG
11885,srp,tRNA,tRNA_tdbR00000245-Rattus_norvegicus-10116-Leu-UAG
11886,srp,tRNA,tRNA_tdbR00000252-Pichia_jadinii-4903-Leu-BAA
11887,srp,tRNA,tRNA_tdbR00000254-Candida_cylindracea-44322-Leu-IAG
11888,srp,tRNA,tRNA_tdbR00000270-Avian_myeloblastosis_virus-11866-Met-BAU
11889,srp,tRNA,tRNA_tdbR00000273-Mycoplasma_capricolum-2095-Met-CAU
11890,srp,tRNA,tRNA_tdbR00000277-Codium_fragile-3133-Met-CAU
11891,srp,tRNA,tRNA_tdbR00000278-Scenedesmus_obliquus-3088-Met-CAU
11892,srp,tRNA,tRNA_tdbR00000282-Ascaris_suum-6253-Met-AU
11893,srp,tRNA,tRNA_tdbR00000285-Triticum_aestivum-4565-Met-BAU
11894,srp,tRNA,tRNA_tdbR00000286-Lupinus_luteus-3873-Met-BAU
11895,srp,tRNA,tRNA_tdbR00000291-Halobacterium_salinarum-2242-Asn-GUU
11896,srp,tRNA,tRNA_tdbR00000294-Mycoplasma_capricolum-2095-Asn-GUU
11897,srp,tRNA,tRNA_tdbR00000300-Saccharomyces_cerevisiae-4932-Asn-GUU
11898,srp,tRNA,tRNA_tdbR00000301-Lupinus_luteus-3873-Asn-UU
11899,srp,tRNA,tRNA_tdbR00000309-Enterobacteria_phage_T4-10665-Pro-NGG
11900,srp,tRNA,tRNA_tdbR00000313-Haloferax_volcanii-2246-Pro-UGG
11901,srp,tRNA,tRNA_tdbR00000316-Bacillus_subtilis-1423-Pro-5GG
11902,srp,tRNA,tRNA_tdbR00000317-Salmonella_typhimurium-602-Pro-CGG
11903,srp,tRNA,tRNA_tdbR00000328-Enterobacteria_phage_T5-10726-Gln-UUG
11904,srp,tRNA,tRNA_tdbR00000333-Escherichia_coli-562-Gln-NUG
11905,srp,tRNA,tRNA_tdbR00000336-Aedes_albopictus-7160-Gln-NUG
11906,srp,tRNA,tRNA_tdbR00000337-Tetrahymena_thermophila-5911-Gln-CUA
11907,srp,tRNA,tRNA_tdbR00000338-Tetrahymena_thermophila-5911-Gln-JUA
11908,srp,tRNA,tRNA_tdbR00000342-Bos_taurus-9913-Gln-CUG
11909,srp,tRNA,tRNA_tdbR00000343-Mus_musculus-10090-Gln-CUG
11910,srp,tRNA,tRNA_tdbR00000346-Homo_sapiens-9606-Gln-NUG
11911,srp,tRNA,tRNA_tdbR00000347-Enterobacteria_phage_T4-10665-Arg-NCU
11912,srp,tRNA,tRNA_tdbR00000351-Haloferax_volcanii-2246-Arg-NCG
11913,srp,tRNA,tRNA_tdbR00000352-Mycoplasma_capricolum-2095-Arg-ICG
11914,srp,tRNA,tRNA_tdbR00000355-Escherichia_coli-562-Arg-ICG
11915,srp,tRNA,tRNA_tdbR00000356-Escherichia_coli-562-Arg-ICG
11916,srp,tRNA,tRNA_tdbR00000358-Escherichia_coli-562-Arg-CU
11917,srp,tRNA,tRNA_tdbR00000360-Codium_fragile-3133-Arg-ICG
11918,srp,tRNA,tRNA_tdbR00000363-Ascaris_suum-6253-Arg-PCU
11919,srp,tRNA,tRNA_tdbR00000364-Ascaris_suum-6253-Arg-ACG
11920,srp,tRNA,tRNA_tdbR00000365-Aedes_albopictus-7160-Arg-UCG
11921,srp,tRNA,tRNA_tdbR00000368-Mesocricetus_auratus-10036-Arg-UCG
11922,srp,tRNA,tRNA_tdbR00000371-Saccharomyces_cerevisiae-4932-Arg-1CU
11923,srp,tRNA,tRNA_tdbR00000375-Bos_taurus-9913-Arg-CCU
11924,srp,tRNA,tRNA_tdbR00000376-Bos_taurus-9913-Arg-3CP
11925,srp,tRNA,tRNA_tdbR00000377-Mus_musculus-10090-Arg-ICG
11926,srp,tRNA,tRNA_tdbR00000380-Halobacterium_salinarum-2242-Ser-MGA
11927,srp,tRNA,tRNA_tdbR00000383-Haloferax_volcanii-2246-Ser-GGA
11928,srp,tRNA,tRNA_tdbR00000386-Mycoplasma_mycoides-2102-Ser-UGA
11929,srp,tRNA,tRNA_tdbR00000393-Escherichia_coli-562-Ser-GGA
11930,srp,tRNA,tRNA_tdbR00000394-Escherichia_coli-562-Ser-VGA
11931,srp,tRNA,tRNA_tdbR00000396-Saccharomyces_cerevisiae-4932-Ser-UGA
11932,srp,tRNA,tRNA_tdbR00000397-Saccharomyces_cerevisiae-4932-Ser-UGA
11933,srp,tRNA,tRNA_tdbR00000400-Loligo_bleekeri-6617-Ser-7CU
11934,srp,tRNA,tRNA_tdbR00000403-Bos_taurus-9913-Ser-UGA
11935,srp,tRNA,tRNA_tdbR00000406-Saccharomyces_cerevisiae-4932-Ser-NGA
11936,srp,tRNA,tRNA_tdbR00000407-Saccharomyces_cerevisiae-4932-Ser-IGA
11937,srp,tRNA,tRNA_tdbR00000408-Saccharomyces_cerevisiae-4932-Ser-IGA
11938,srp,tRNA,tRNA_tdbR00000413-Candida_cylindracea-44322-Ser-GCU
11939,srp,tRNA,tRNA_tdbR00000415-Nicotiana_rustica-4093-Ser-GA
11940,srp,tRNA,tRNA_tdbR00000416-Nicotiana_rustica-4093-Ser-CGA
11941,srp,tRNA,tRNA_tdbR00000424-Drosophila_melanogaster-7227-Ser-GCU
11942,srp,tRNA,tRNA_tdbR00000430-Halobacterium_salinarum-2242-Thr-GGU
11943,srp,tRNA,tRNA_tdbR00000431-Haloferax_volcanii-2246-Thr-CGU
11944,srp,tRNA,tRNA_tdbR00000432-Haloferax_volcanii-2246-Thr-GGU
11945,srp,tRNA,tRNA_tdbR00000439-Spinacia_oleracea-3562-Thr-GGU
11946,srp,tRNA,tRNA_tdbR00000443-Saccharomyces_cerevisiae-4932-Thr-IGU
11947,srp,tRNA,tRNA_tdbR00000445-Bos_taurus-9913-Thr-IGU
11948,srp,tRNA,tRNA_tdbR00000446-Halobacterium_salinarum-2242-Val-CAC
11949,srp,tRNA,tRNA_tdbR00000448-Halobacterium_salinarum-2242-Val-GAC
11950,srp,tRNA,tRNA_tdbR00000451-Mycoplasma_capricolum-2095-Val-UAC
11951,srp,tRNA,tRNA_tdbR00000453-Bacillus_subtilis-1423-Val-5AC
11952,srp,tRNA,tRNA_tdbR00000455-Escherichia_coli-562-Val-GAC
11953,srp,tRNA,tRNA_tdbR00000459-Neurospora_crassa-5141-Val-UAC
11954,srp,tRNA,tRNA_tdbR00000461-Rattus_norvegicus-10116-Val-UAC
11955,srp,tRNA,tRNA_tdbR00000463-Bos_taurus-9913-Val-UAC
11956,srp,tRNA,tRNA_tdbR00000465-Saccharomyces_cerevisiae-4932-Val-CAC
11957,srp,tRNA,tRNA_tdbR00000467-Pichia_jadinii-4903-Val-IAC
11958,srp,tRNA,tRNA_tdbR00000471-Oryctolagus_cuniculus-9986-Val-IAC
11959,srp,tRNA,tRNA_tdbR00000472-Drosophila_melanogaster-7227-Val-IAC
11960,srp,tRNA,tRNA_tdbR00000475-Mus_musculus-10090-Val-IAC
11961,srp,tRNA,tRNA_tdbR00000477-Avian_myeloblastosis_virus-11866-Trp-BCA
11962,srp,tRNA,tRNA_tdbR00000478-Haloferax_volcanii-2246-Trp-BCA
11963,srp,tRNA,tRNA_tdbR00000480-Mycoplasma_capricolum-2095-Trp-CA
11964,srp,tRNA,tRNA_tdbR00000482-Spiroplasma_citri-2133-Trp-CCA
11965,srp,tRNA,tRNA_tdbR00000485-Nicotiana_tabacum-4097-Trp-BCA
11966,srp,tRNA,tRNA_tdbR00000486-Phaseolus_vulgaris-3885-Trp-BCA
11967,srp,tRNA,tRNA_tdbR00000488-Tetrahymena_thermophila-5911-Trp-CA
11968,srp,tRNA,tRNA_tdbR00000492-Rattus_norvegicus-10116-Trp-NCA
11969,srp,tRNA,tRNA_tdbR00000497-Bos_taurus-9913-Trp-BCA
11970,srp,tRNA,tRNA_tdbR00000498-Gallus_gallus-9031-Trp-BCA
11971,srp,tRNA,tRNA_tdbR00000499-Halobacterium_salinarum-2242-Ini-CAU
11972,srp,tRNA,tRNA_tdbR00000500-Haloferax_volcanii-2246-Ini-CAU
11973,srp,tRNA,tRNA_tdbR00000504-Mycoplasma_capricolum-2095-Ini-CAU
11974,srp,tRNA,tRNA_tdbR00000505-Mycoplasma_mycoides-2102-Ini-CAU
11975,srp,tRNA,tRNA_tdbR00000506-Streptomyces_griseus-1911-Ini-CAU
11976,srp,tRNA,tRNA_tdbR00000507-Bacillus_subtilis-1423-Ini-CAU
11977,srp,tRNA,tRNA_tdbR00000510-Escherichia_coli-562-Ini-CAU
11978,srp,tRNA,tRNA_tdbR00000512-Mycobacterium_smegmatis-1772-Ini-CAU
11979,srp,tRNA,tRNA_tdbR00000514-Scenedesmus_obliquus-3088-Ini-CAU
11980,srp,tRNA,tRNA_tdbR00000519-Phaseolus_vulgaris-3885-Ini-CAU
11981,srp,tRNA,tRNA_tdbR00000522-Bos_taurus-9913-Ini-AU
11982,srp,tRNA,tRNA_tdbR00000523-Tetrahymena_thermophila-5911-Ini-CAU
11983,srp,tRNA,tRNA_tdbR00000529-Triticum_aestivum-4565-Ini-CAU
11984,srp,tRNA,tRNA_tdbR00000532-Oryctolagus_cuniculus-9986-Ini-CAU
11985,srp,tRNA,tRNA_tdbR00000533-Drosophila_melanogaster-7227-Ini-CAU
11986,srp,tRNA,tRNA_tdbR00000534-Euphausia_superba-6819-Ini-CAU
11987,srp,tRNA,tRNA_tdbR00000535-Xenopus_laevis-8355-Ini-CAU
11988,srp,tRNA,tRNA_tdbR00000539-Ovis_aries-9940-Ini-CAU
11989,srp,tRNA,tRNA_tdbR00000545-Escherichia_coli-562-Tyr-QUA
11990,srp,tRNA,tRNA_tdbR00000546-Escherichia_coli-562-Tyr-QUA
11991,srp,tRNA,tRNA_tdbR00000548-Scenedesmus_obliquus-3088-Tyr-GUA
11992,srp,tRNA,tRNA_tdbR00000556-Schizosaccharomyces_pombe-4896-Tyr-GPA
11993,srp,tRNA,tRNA_tdbR00000559-Triticum_aestivum-4565-Tyr-GPA
11994,srp,tRNA,tRNA_tdbR00000560-Lupinus_luteus-3873-Tyr-GPA
11995,srp,tRNA,tRNA_tdbR00000565-Bos_taurus-9913-Tyr-9PA
11996,srp,tRNA,tRNA_tdbR00000572-Leishmania_tarentolae-5689-Lys-1UU
11997,srp,tRNA,tRNA_tdbR00000575-Leishmania_tarentolae-5689-Thr-CGU
11998,srp,tRNA,tRNA_tdbR00000578-Leishmania_tarentolae-5689-Glu-3UC
11999,srp,tRNA,tRNA_tdbR00000581-Aeropyrum_pernix-56636-Lys-CUU
12000,srp,tRNA,tRNA_tdbR00000584-Aeropyrum_pernix-56636-Pro-GGG
12001,srp,tRNA,tRNA_tdbR00000587-Aeropyrum_pernix-56636-Met-CAU
12002,srp,tRNA,tRNA_tdbR00000590-Ascaris_suum-6253-Glu-UC
12003,srp,tRNA,tRNA_tdbR00000593-Ascaris_suum-6253-Trp-CA
12004,srp,tRNA,tRNA_tdbR00000605-Lupinus_luteus-3873-Leu-CAG
12005,srp,tRNA,tRNA_tdbR00000611-Sinorhizobium_meliloti-382-His-GUG
12006,srp,tRNA,tRNA_tdbR00000613-Nanoarchaeum_equitans-160232-Glu-CUC
12007,srp,tRNA,tRNA_tdbR00000616-Nanoarchaeum_equitans-160232-Lys-CUU
12008,srp,tRNA,tRNA_tdbR00000617-Nanoarchaeum_equitans-160232-Gln-UUG
12009,srp,tRNA,tRNA_tdbR00000618-Candida_albicans-5476-Leu-CAG
12010,srp,telomerase,telomerase_AC121792.109554-109950
12011,srp,telomerase,telomerase_AF147806.247-692
12012,srp,telomerase,telomerase_AF221906.96-545
12013,srp,telomerase,telomerase_AF221908.136-584
12014,srp,telomerase,telomerase_AF221909.98-496
12015,srp,telomerase,telomerase_AF221910.112-554
12016,srp,telomerase,telomerase_AF221911.104-513
12017,srp,telomerase,telomerase_AF221912.98-564
12018,srp,telomerase,telomerase_AF221913.109-520
12019,srp,telomerase,telomerase_AF221914.112-589
12020,srp,telomerase,telomerase_AF221916.94-481
12021,srp,telomerase,telomerase_AF221917.99-542
12022,srp,telomerase,telomerase_AF221918.97-547
12023,srp,telomerase,telomerase_AF221919.107-614
12024,srp,telomerase,telomerase_AF221920.99-541
12025,srp,telomerase,telomerase_AF221921.98-548
12026,srp,telomerase,telomerase_AF221923.106-554
12027,srp,telomerase,telomerase_AF221924.105-538
12028,srp,telomerase,telomerase_AF221925.98-540
12029,srp,telomerase,telomerase_AF221926.103-507
12030,srp,telomerase,telomerase_AF221927.113-556
12031,srp,telomerase,telomerase_AF221928.95-476
12032,srp,telomerase,telomerase_AF221929.92-517
12033,srp,telomerase,telomerase_AF221930.94-546
12034,srp,telomerase,telomerase_AF221931.99-541
12035,srp,telomerase,telomerase_AF221932.102-549
12036,srp,telomerase,telomerase_AF221934.121-565
12037,srp,telomerase,telomerase_AF221935.112-602
12038,srp,telomerase,telomerase_AF221936.98-540
12039,srp,telomerase,telomerase_AF221937.99-545
12040,srp,telomerase,telomerase_AF221939.99-544
12041,srp,telomerase,telomerase_AF221940.103-499
12042,srp,telomerase,telomerase_AY058901.1-397
12043,srp,telomerase,telomerase_AY312571.605-1069
12044,srp,telomerase,telomerase_U85256.1-451
12045,srp,telomerase,telomerase_AC121792.109554-109950
12046,srp,telomerase,telomerase_AF147806.247-692
12047,srp,telomerase,telomerase_AF221906.96-545
12048,srp,telomerase,telomerase_AF221908.136-584
12049,srp,telomerase,telomerase_AF221909.98-496
12050,srp,telomerase,telomerase_AF221910.112-554
12051,srp,telomerase,telomerase_AF221911.104-513
12052,srp,telomerase,telomerase_AF221912.98-564
12053,srp,telomerase,telomerase_AF221913.109-520
12054,srp,telomerase,telomerase_AF221914.112-589
12055,srp,telomerase,telomerase_AF221916.94-481
12056,srp,telomerase,telomerase_AF221917.99-542
12057,srp,telomerase,telomerase_AF221918.97-547
12058,srp,telomerase,telomerase_AF221919.107-614
12059,srp,telomerase,telomerase_AF221920.99-541
12060,srp,telomerase,telomerase_AF221921.98-548
12061,srp,telomerase,telomerase_AF221923.106-554
12062,srp,telomerase,telomerase_AF221924.105-538
12063,srp,telomerase,telomerase_AF221925.98-540
12064,srp,telomerase,telomerase_AF221926.103-507
12065,srp,telomerase,telomerase_AF221927.113-556
12066,srp,telomerase,telomerase_AF221928.95-476
12067,srp,telomerase,telomerase_AF221929.92-517
12068,srp,telomerase,telomerase_AF221930.94-546
12069,srp,telomerase,telomerase_AF221931.99-541
12070,srp,telomerase,telomerase_AF221932.102-549
12071,srp,telomerase,telomerase_AF221934.121-565
12072,srp,telomerase,telomerase_AF221935.112-602
12073,srp,telomerase,telomerase_AF221936.98-540
12074,srp,telomerase,telomerase_AF221937.99-545
12075,srp,telomerase,telomerase_AF221939.99-544
12076,srp,telomerase,telomerase_AF221940.103-499
12077,srp,telomerase,telomerase_AY058901.1-397
12078,srp,telomerase,telomerase_AY312571.605-1069
12079,srp,telomerase,telomerase_U85256.1-451
12080,srp,telomerase,telomerase_AC121792.109554-109950
12081,srp,telomerase,telomerase_AF147806.247-692
12082,srp,telomerase,telomerase_AF221906.96-545
12083,srp,telomerase,telomerase_AF221908.136-584
12084,srp,telomerase,telomerase_AF221909.98-496
12085,srp,telomerase,telomerase_AF221910.112-554
12086,srp,telomerase,telomerase_AF221911.104-513
12087,srp,telomerase,telomerase_AF221912.98-564
12088,srp,telomerase,telomerase_AF221913.109-520
12089,srp,telomerase,telomerase_AF221914.112-589
12090,srp,telomerase,telomerase_AF221916.94-481
12091,srp,telomerase,telomerase_AF221917.99-542
12092,srp,telomerase,telomerase_AF221918.97-547
12093,srp,telomerase,telomerase_AF221919.107-614
12094,srp,telomerase,telomerase_AF221920.99-541
12095,srp,telomerase,telomerase_AF221921.98-548
12096,srp,telomerase,telomerase_AF221923.106-554
12097,srp,telomerase,telomerase_AF221924.105-538
12098,srp,telomerase,telomerase_AF221925.98-540
12099,srp,telomerase,telomerase_AF221926.103-507
12100,srp,telomerase,telomerase_AF221927.113-556
12101,srp,telomerase,telomerase_AF221928.95-476
12102,srp,telomerase,telomerase_AF221929.92-517
12103,srp,telomerase,telomerase_AF221930.94-546
12104,srp,telomerase,telomerase_AF221931.99-541
12105,srp,telomerase,telomerase_AF221932.102-549
12106,srp,telomerase,telomerase_AF221934.121-565
12107,srp,telomerase,telomerase_AF221935.112-602
12108,srp,telomerase,telomerase_AF221936.98-540
12109,srp,telomerase,telomerase_AF221937.99-545
12110,srp,telomerase,telomerase_AF221939.99-544
12111,srp,telomerase,telomerase_AF221940.103-499
12112,srp,telomerase,telomerase_AY058901.1-397
12113,srp,telomerase,telomerase_AY312571.605-1069
12114,srp,telomerase,telomerase_U85256.1-451
12115,srp,telomerase,telomerase_AC121792.109554-109950
12116,srp,telomerase,telomerase_AF147806.247-692
12117,srp,telomerase,telomerase_AF221906.96-545
12118,srp,telomerase,telomerase_AF221908.136-584
12119,srp,telomerase,telomerase_AF221909.98-496
12120,srp,telomerase,telomerase_AF221910.112-554
12121,srp,telomerase,telomerase_AF221911.104-513
12122,srp,telomerase,telomerase_AF221912.98-564
12123,srp,telomerase,telomerase_AF221913.109-520
12124,srp,telomerase,telomerase_AF221914.112-589
12125,srp,telomerase,telomerase_AF221916.94-481
12126,srp,telomerase,telomerase_AF221917.99-542
12127,srp,telomerase,telomerase_AF221918.97-547
12128,srp,telomerase,telomerase_AF221919.107-614
12129,srp,telomerase,telomerase_AF221920.99-541
12130,srp,telomerase,telomerase_AF221921.98-548
12131,srp,telomerase,telomerase_AF221923.106-554
12132,srp,telomerase,telomerase_AF221924.105-538
12133,srp,telomerase,telomerase_AF221925.98-540
12134,srp,telomerase,telomerase_AF221926.103-507
12135,srp,telomerase,telomerase_AF221927.113-556
12136,srp,telomerase,telomerase_AF221928.95-476
12137,srp,telomerase,telomerase_AF221929.92-517
12138,srp,telomerase,telomerase_AF221930.94-546
12139,srp,telomerase,telomerase_AF221931.99-541
12140,srp,telomerase,telomerase_AF221932.102-549
12141,srp,telomerase,telomerase_AF221934.121-565
12142,srp,telomerase,telomerase_AF221935.112-602
12143,srp,telomerase,telomerase_AF221936.98-540
12144,srp,telomerase,telomerase_AF221937.99-545
12145,srp,telomerase,telomerase_AF221939.99-544
12146,srp,telomerase,telomerase_AF221940.103-499
12147,srp,telomerase,telomerase_AY058901.1-397
12148,srp,telomerase,telomerase_AY312571.605-1069
12149,srp,telomerase,telomerase_U85256.1-451
12150,srp,telomerase,telomerase_AC121792.109554-109950
12151,srp,telomerase,telomerase_AF147806.247-692
12152,srp,telomerase,telomerase_AF221906.96-545
12153,srp,telomerase,telomerase_AF221908.136-584
12154,srp,telomerase,telomerase_AF221909.98-496
12155,srp,telomerase,telomerase_AF221910.112-554
12156,srp,telomerase,telomerase_AF221911.104-513
12157,srp,telomerase,telomerase_AF221912.98-564
12158,srp,telomerase,telomerase_AF221913.109-520
12159,srp,telomerase,telomerase_AF221914.112-589
12160,srp,telomerase,telomerase_AF221916.94-481
12161,srp,telomerase,telomerase_AF221917.99-542
12162,srp,telomerase,telomerase_AF221918.97-547
12163,srp,telomerase,telomerase_AF221919.107-614
12164,srp,telomerase,telomerase_AF221920.99-541
12165,srp,telomerase,telomerase_AF221921.98-548
12166,srp,telomerase,telomerase_AF221923.106-554
12167,srp,telomerase,telomerase_AF221924.105-538
12168,srp,telomerase,telomerase_AF221925.98-540
12169,srp,telomerase,telomerase_AF221926.103-507
12170,srp,telomerase,telomerase_AF221927.113-556
12171,srp,telomerase,telomerase_AF221928.95-476
12172,srp,telomerase,telomerase_AF221929.92-517
12173,srp,telomerase,telomerase_AF221930.94-546
12174,srp,telomerase,telomerase_AF221931.99-541
12175,srp,telomerase,telomerase_AF221932.102-549
12176,srp,telomerase,telomerase_AF221934.121-565
12177,srp,telomerase,telomerase_AF221935.112-602
12178,srp,telomerase,telomerase_AF221936.98-540
12179,srp,telomerase,telomerase_AF221937.99-545
12180,srp,telomerase,telomerase_AF221939.99-544
12181,srp,telomerase,telomerase_AF221940.103-499
12182,srp,telomerase,telomerase_AY058901.1-397
12183,srp,telomerase,telomerase_AY312571.605-1069
12184,srp,telomerase,telomerase_U85256.1-451
12185,srp,telomerase,telomerase_AC121792.109554-109950
12186,srp,telomerase,telomerase_AF147806.247-692
12187,srp,telomerase,telomerase_AF221906.96-545
12188,srp,telomerase,telomerase_AF221908.136-584
12189,srp,telomerase,telomerase_AF221909.98-496
12190,srp,telomerase,telomerase_AF221910.112-554
12191,srp,telomerase,telomerase_AF221911.104-513
12192,srp,telomerase,telomerase_AF221912.98-564
12193,srp,telomerase,telomerase_AF221913.109-520
12194,srp,telomerase,telomerase_AF221914.112-589
12195,srp,telomerase,telomerase_AF221916.94-481
12196,srp,telomerase,telomerase_AF221917.99-542
12197,srp,telomerase,telomerase_AF221918.97-547
12198,srp,telomerase,telomerase_AF221919.107-614
12199,srp,telomerase,telomerase_AF221920.99-541
12200,srp,telomerase,telomerase_AF221921.98-548
12201,srp,telomerase,telomerase_AF221923.106-554
12202,srp,telomerase,telomerase_AF221924.105-538
12203,srp,telomerase,telomerase_AF221925.98-540
12204,srp,telomerase,telomerase_AF221926.103-507
12205,srp,telomerase,telomerase_AF221927.113-556
12206,srp,telomerase,telomerase_AF221928.95-476
12207,srp,telomerase,telomerase_AF221929.92-517
12208,srp,telomerase,telomerase_AF221930.94-546
12209,srp,telomerase,telomerase_AF221931.99-541
12210,srp,tmRNA,tmRNA_Acin.spec._CR543861_1-360
12211,srp,tmRNA,tmRNA_Acti.acti._TRW-272556_1-366
12212,srp,tmRNA,tmRNA_Acti.naes._TRW-240017_1-371
12213,srp,tmRNA,tmRNA_Acti.succ._TRW-339671_1-367
12214,srp,tmRNA,tmRNA_Aero.hydr._AY442269_1-360
12215,srp,tmRNA,tmRNA_Aero.hydr._CP000462_1-360
12216,srp,tmRNA,tmRNA_Anab.vari._CP000117_1-390
12217,srp,tmRNA,tmRNA_Aqui.aeol._TRW-63363_1-347
12218,srp,tmRNA,tmRNA_Arth.spec._CP000454_1-369
12219,srp,tmRNA,tmRNA_Azoa.spec._TRW-62928_1-378
12220,srp,tmRNA,tmRNA_Baci.G._TRW-12333_1-312
12221,srp,tmRNA,tmRNA_Baci.anth._AE016879_1-355
12222,srp,tmRNA,tmRNA_Baci.halo._BA000004_1-361
12223,srp,tmRNA,tmRNA_Baci.thur._AE017355_1-355
12224,srp,tmRNA,tmRNA_Bact.frag._CR626927_1-398
12225,srp,tmRNA,tmRNA_Bact.frag._TRW-817_1-398
12226,srp,tmRNA,tmRNA_Bdel.bact._BX842656_1-346
12227,srp,tmRNA,tmRNA_Bord.bron._TRW-257310_1-387
12228,srp,tmRNA,tmRNA_Bord.para._TRW-257311_1-387
12229,srp,tmRNA,tmRNA_Borr.burg._AE001118_1-359
12230,srp,tmRNA,tmRNA_Buch.aphi._AE013218_1-376
12231,srp,tmRNA,tmRNA_Buch.aphi._BD061520_1-369
12232,srp,tmRNA,tmRNA_Burk.ceno._CP000378_1-370
12233,srp,tmRNA,tmRNA_Burk.mall._CP000010_1-370
12234,srp,tmRNA,tmRNA_Burk.spec._CP000151_1-370
12235,srp,tmRNA,tmRNA_Burk.viet._TRW-269482_1-370
12236,srp,tmRNA,tmRNA_Camp.coli._TRW-306254_1-359
12237,srp,tmRNA,tmRNA_Camp.fetu._AY211269_1-361
12238,srp,tmRNA,tmRNA_Camp.lari._TRW-306263_1-359
12239,srp,tmRNA,tmRNA_Camp.upsa._TRW-306264_1-359
12240,srp,tmRNA,tmRNA_Carn.malt._AF275938_1-366
12241,srp,tmRNA,tmRNA_Chla.abor._CR848038_1-425
12242,srp,tmRNA,tmRNA_Chla.cavi._AE015925_1-425
12243,srp,tmRNA,tmRNA_Chla.muri._AE002296_1-418
12244,srp,tmRNA,tmRNA_Chla.pneu._TRW-83558_1-426
12245,srp,tmRNA,tmRNA_Chla.trac._TRW-272561_1-420
12246,srp,tmRNA,tmRNA_Chla.trac._TRW-813-1_1-420
12247,srp,tmRNA,tmRNA_Chlo.chlo._CP000108_1-401
12248,srp,tmRNA,tmRNA_Clav.mich._TRW-31964_1-376
12249,srp,tmRNA,tmRNA_Clos.acet._AE001437_1-359
12250,srp,tmRNA,tmRNA_Clos.botu._TRW-36826_1-355
12251,srp,tmRNA,tmRNA_Clos.diff._AM180355_1-350
12252,srp,tmRNA,tmRNA_Clos.diff._TRW-367459_1-350
12253,srp,tmRNA,tmRNA_Clos.ther._TRW-203119_1-387
12254,srp,tmRNA,tmRNA_Copr.prot._TRW-351627_1-353
12255,srp,tmRNA,tmRNA_Croc.wats._TRW-165597_1-386
12256,srp,tmRNA,tmRNA_Cyan.mero._AY286123_1-236
12257,srp,tmRNA,tmRNA_Desu.psyc._CR522870_1-366
12258,srp,tmRNA,tmRNA_Dich.nodo._TRW-35819_1-352
12259,srp,tmRNA,tmRNA_Emil.huxl._TRW-280463_1-291
12260,srp,tmRNA,tmRNA_Ente.faec._BD193796_1-367
12261,srp,tmRNA,tmRNA_Ente.faec._TRW-1352_1-367
12262,srp,tmRNA,tmRNA_Erwi.caro._BX950851_1-363
12263,srp,tmRNA,tmRNA_Esch.coli._AE005491_1-363
12264,srp,tmRNA,tmRNA_Esch.coli._AP009048_1-363
12265,srp,tmRNA,tmRNA_Esch.coli._BA000007_1-363
12266,srp,tmRNA,tmRNA_Esch.coli._CP000247_1-363
12267,srp,tmRNA,tmRNA_Esch.coli._D90888_1-363
12268,srp,tmRNA,tmRNA_Esch.coli._U36840_1-363
12269,srp,tmRNA,tmRNA_Exig.sibi._TRW-262543_1-359
12270,srp,tmRNA,tmRNA_Fibr.succ._TRW-59374_1-361
12271,srp,tmRNA,tmRNA_Fran.tula._AM233362_1-421
12272,srp,tmRNA,tmRNA_Fran.tula._AM286280_1-421
12273,srp,tmRNA,tmRNA_Fran.tula._CP000437_1-421
12274,srp,tmRNA,tmRNA_Fuso.nucl._AE010567_1-341
12275,srp,tmRNA,tmRNA_Fuso.nucl._TRW-209882_1-344
12276,srp,tmRNA,tmRNA_Gemm.obsc._TRW-214688_1-412
12277,srp,tmRNA,tmRNA_Geob.meta._CP000148_1-356
12278,srp,tmRNA,tmRNA_Geob.stea._TRW-1422_1-352
12279,srp,tmRNA,tmRNA_Guil.thet._AF041468_1-327
12280,srp,tmRNA,tmRNA_Haem.ducr._AE017143_1-367
12281,srp,tmRNA,tmRNA_Haem.infl._AY599475_1-366
12282,srp,tmRNA,tmRNA_Haem.infl._L42023_1-366
12283,srp,tmRNA,tmRNA_Haem.infl._TRW-262727_1-366
12284,srp,tmRNA,tmRNA_Haem.infl._TRW-262728_1-366
12285,srp,tmRNA,tmRNA_Haem.infl._U32808_1-366
12286,srp,tmRNA,tmRNA_Heli.hepa._AE017125_1-369
12287,srp,tmRNA,tmRNA_Heli.must._DQ250625_1-366
12288,srp,tmRNA,tmRNA_Heli.pylo._AE000511_1-386
12289,srp,tmRNA,tmRNA_Heli.pylo._AE001503_1-383
12290,srp,tmRNA,tmRNA_Heli.pylo._TRW-85962_1-386
12291,srp,tmRNA,tmRNA_Heli.pylo._TRW-85963_1-386
12292,srp,tmRNA,tmRNA_Kleb.pneu._TRW-272620_1-363
12293,srp,tmRNA,tmRNA_Lact.john._TRW-257314_1-367
12294,srp,tmRNA,tmRNA_Lact.lact._AE006373_1-359
12295,srp,tmRNA,tmRNA_Lact.lact._AF176556_1-359
12296,srp,tmRNA,tmRNA_Lact.plan._AL935259_1-372
12297,srp,tmRNA,tmRNA_Leif.xyli._AE016822_1-394
12298,srp,tmRNA,tmRNA_Lept.inte._AE016823_1-350
12299,srp,tmRNA,tmRNA_Lept.spec._TRW-261385_1-359
12300,srp,tmRNA,tmRNA_Lept.spec._TRW-261386_1-359
12301,srp,tmRNA,tmRNA_Leuc.mese._AF375574_1-307
12302,srp,tmRNA,tmRNA_Leuc.mese._CP000414_1-358
12303,srp,tmRNA,tmRNA_Leuc.mese._TRW-1245_1-358
12304,srp,tmRNA,tmRNA_List.gray._AF440336_1-321
12305,srp,tmRNA,tmRNA_List.mono._TRW-1639-1_1-370
12306,srp,tmRNA,tmRNA_List.wels._AF440351_1-321
12307,srp,tmRNA,tmRNA_Mann.haem._TRW-272629_1-367
12308,srp,tmRNA,tmRNA_Mann.succ._AE016827_1-367
12309,srp,tmRNA,tmRNA_Meso.flor._AE017263_1-408
12310,srp,tmRNA,tmRNA_Meth.flag._CP000284_1-361
12311,srp,tmRNA,tmRNA_Moor.ther._CP000232_1-358
12312,srp,tmRNA,tmRNA_Mora.cata._AX067460_1-359
12313,srp,tmRNA,tmRNA_Myco.Bxz1._AY129337_1-437
12314,srp,tmRNA,tmRNA_Myco.afri._TRW-33894_1-368
12315,srp,tmRNA,tmRNA_Myco.aviu._AE016958_1-368
12316,srp,tmRNA,tmRNA_Myco.bovi._TRW-1765_1-368
12317,srp,tmRNA,tmRNA_Myco.capr._D13067_1-411
12318,srp,tmRNA,tmRNA_Myco.hyop._TRW-262719_1-433
12319,srp,tmRNA,tmRNA_Myco.myco._BX842642_1-411
12320,srp,tmRNA,tmRNA_Myco.pulm._AL445565_1-387
12321,srp,tmRNA,tmRNA_Myco.smeg._CP000480_1-369
12322,srp,tmRNA,tmRNA_Myco.tube._TRW-164513_1-368
12323,srp,tmRNA,tmRNA_Myxo.xant._TRW-34_1-366
12324,srp,tmRNA,tmRNA_Neis.gono._TRW-242231_1-363
12325,srp,tmRNA,tmRNA_Neis.meni._TRW-272831_1-363
12326,srp,tmRNA,tmRNA_Nitr.euro._BX321865_1-360
12327,srp,tmRNA,tmRNA_Nitr.mult._CP000103_1-362
12328,srp,tmRNA,tmRNA_Noca.farc._AP006618_1-368
12329,srp,tmRNA,tmRNA_Nost.punc._TRW-63737_1-390
12330,srp,tmRNA,tmRNA_Nost.spec._BA000019_1-390
12331,srp,tmRNA,tmRNA_Odon.sine._TRW-2839_1-371
12332,srp,tmRNA,tmRNA_Oeno.oeni._TRW-203123_1-350
12333,srp,tmRNA,tmRNA_Onio.yell._AP006628_1-423
12334,srp,tmRNA,tmRNA_Para.symb._BX908798_1-405
12335,srp,tmRNA,tmRNA_Pedi.pent._CP000422_1-369
12336,srp,tmRNA,tmRNA_Phot.lumi._BX571870_1-364
12337,srp,tmRNA,tmRNA_Phot.prof._CR378665_1-368
12338,srp,tmRNA,tmRNA_Pola.spec._CP000316_1-387
12339,srp,tmRNA,tmRNA_Porp.ging._TRW-242619_1-407
12340,srp,tmRNA,tmRNA_Porp.purp._TRW-2787_1-323
12341,srp,tmRNA,tmRNA_Prop.acne._AE017283_1-371
12342,srp,tmRNA,tmRNA_Prop.acne._TRW-1747-1_1-371
12343,srp,tmRNA,tmRNA_Pseu.aeru._AE004091_1-353
12344,srp,tmRNA,tmRNA_Pseu.aeru._CP000438_1-353
12345,srp,tmRNA,tmRNA_Pseu.ento._CT573326_1-392
12346,srp,tmRNA,tmRNA_Pseu.fluo._CP000076_1-394
12347,srp,tmRNA,tmRNA_Pseu.fluo._TRW-216595_1-397
12348,srp,tmRNA,tmRNA_Pseu.syri._AE016853_1-388
12349,srp,tmRNA,tmRNA_Rals.sola._AL646052_1-360
12350,srp,tmRNA,tmRNA_Rubr.gela._TRW-279263_1-372
12351,srp,tmRNA,tmRNA_Rubr.xyla._CP000386_1-360
12352,srp,tmRNA,tmRNA_Rumi.albu._TRW-246199_1-354
12353,srp,tmRNA,tmRNA_Sali.rube._CP000159_1-369
12354,srp,tmRNA,tmRNA_Salm.bong._TRW-218493_1-363
12355,srp,tmRNA,tmRNA_Salm.ente._AE014613_1-363
12356,srp,tmRNA,tmRNA_Salm.ente._AE017220_1-363
12357,srp,tmRNA,tmRNA_Salm.ente._TRW-59204_1-363
12358,srp,tmRNA,tmRNA_Salm.typh._AY316313_1-363
12359,srp,tmRNA,tmRNA_Salm.typh._AY319520_1-363
12360,srp,tmRNA,tmRNA_Serr.marc._TRW-273526_1-364
12361,srp,tmRNA,tmRNA_Shew.onei._AX048560_1-355
12362,srp,tmRNA,tmRNA_Shew.putr._TRW-319224_1-356
12363,srp,tmRNA,tmRNA_Shew.spec._CP000444_1-355
12364,srp,tmRNA,tmRNA_Shew.spec._CP000446_1-355
12365,srp,tmRNA,tmRNA_Shew.spec._CP000469_1-355
12366,srp,tmRNA,tmRNA_Shew.spec._TRW-323850_1-356
12367,srp,tmRNA,tmRNA_Shig.dyse._CP000034_1-363
12368,srp,tmRNA,tmRNA_Shig.flex._AE014073_1-363
12369,srp,tmRNA,tmRNA_Shig.sonn._CP000038_1-363
12370,srp,tmRNA,tmRNA_Soda.glos._AP008232_1-384
12371,srp,tmRNA,tmRNA_Stap.aure._AC074317_1-359
12372,srp,tmRNA,tmRNA_Stap.aure._BA000017_1-362
12373,srp,tmRNA,tmRNA_Stap.aure._BX571857_1-362
12374,srp,tmRNA,tmRNA_Stap.aure._TRW-1280_1-362
12375,srp,tmRNA,tmRNA_Stap.epid._TRW-1282-2_1-362
12376,srp,tmRNA,tmRNA_Sten.malt._TRW-40324_1-354
12377,srp,tmRNA,tmRNA_Stre.agal._AE014233_1-350
12378,srp,tmRNA,tmRNA_Stre.aure._AY616521_1-382
12379,srp,tmRNA,tmRNA_Stre.aver._BA000030_1-389
12380,srp,tmRNA,tmRNA_Stre.equi._TRW-1336_1-349
12381,srp,tmRNA,tmRNA_Stre.pneu._AE008453_1-348
12382,srp,tmRNA,tmRNA_Stre.scab._TRW-1883_1-402
12383,srp,tmRNA,tmRNA_Stre.sobr._TRW-246202_1-349
12384,srp,tmRNA,tmRNA_Sulf.azor._TRW-204536_1-351
12385,srp,tmRNA,tmRNA_Syne.spec._D90916_1-396
12386,srp,tmRNA,tmRNA_Synt.acid._CP000252_1-356
12387,srp,tmRNA,tmRNA_Thal.pseu._EF067921_1-344
12388,srp,tmRNA,tmRNA_Thal.weis._AF049491_1-348
12389,srp,tmRNA,tmRNA_Ther.fusc._CP000088_1-372
12390,srp,tmRNA,tmRNA_Ther.mari._TRW-243274-1_1-356
12391,srp,tmRNA,tmRNA_Ther.teng._AE013063_1-351
12392,srp,tmRNA,tmRNA_Trep.dent._AE017226_1-351
12393,srp,tmRNA,tmRNA_Trep.pall._TRW-243276_1-354
12394,srp,tmRNA,tmRNA_Tric.eryt._CP000393_1-398
12395,srp,tmRNA,tmRNA_Trop.whip._BX251411_1-369
12396,srp,tmRNA,tmRNA_Urea.parv._AE002154_1-413
12397,srp,tmRNA,tmRNA_Xant.axon._AE011783_1-397
12398,srp,tmRNA,tmRNA_Xyle.fast._AE003849_1-355
12399,srp,tmRNA,tmRNA_Xyle.fast._AE004078_1-355
12400,srp,tmRNA,tmRNA_Xyle.fast._TRW-155920_1-355
12401,srp,tmRNA,tmRNA_Yers.ente._TRW-34054_1-381
12402,srp,tmRNA,tmRNA_Yers.inte._TRW-349965_1-381
12403,srp,tmRNA,tmRNA_Yers.pest._CP000305_1-364
12404,srp,tmRNA,tmRNA_envi.sequ._TRW-204433_1-356
12405,srp,tmRNA,tmRNA_envi.sequ._TRW-259292_1-355
12406,srp,tmRNA,tmRNA_envi.sequ._TRW-32045-1_1-355
12407,srp,tmRNA,tmRNA_envi.sequ._TRW-32045-2_1-345
12408,srp,tmRNA,tmRNA_uncu.bact._TRW-32033-1_1-354
12409,srp,tmRNA,tmRNA_uncu.bact._TRW-32045-4_1-369
12410,tRNA,16s,16s_A.fulgidus_domain2
12411,tRNA,16s,16s_A.fulgidus_domain3
12412,tRNA,16s,16s_A.fulgidus_domain4
12413,tRNA,16s,16s_A.pyrophilus_domain2
12414,tRNA,16s,16s_A.pyrophilus_domain4
12415,tRNA,16s,16s_B.burgdorferi_domain2
12416,tRNA,16s,16s_B.burgdorferi_domain3
12417,tRNA,16s,16s_B.burgdorferi_domain4
12418,tRNA,16s,16s_B.subtilis_domain2
12419,tRNA,16s,16s_B.subtilis_domain3
12420,tRNA,16s,16s_B.subtilis_domain4
12421,tRNA,16s,16s_C.elegans_domain1
12422,tRNA,16s,16s_C.elegans_domain2
12423,tRNA,16s,16s_C.elegans_domain3
12424,tRNA,16s,16s_C.elegans_domain4
12425,tRNA,16s,16s_C.psittaci_domain2
12426,tRNA,16s,16s_C.psittaci_domain3
12427,tRNA,16s,16s_C.psittaci_domain4
12428,tRNA,16s,16s_C.reinhardtii.chloro_domain1
12429,tRNA,16s,16s_C.reinhardtii.chloro_domain2
12430,tRNA,16s,16s_C.reinhardtii.chloro_domain3
12431,tRNA,16s,16s_C.reinhardtii.chloro_domain4
12432,tRNA,16s,16s_C.reinhardtii.mito_domain1
12433,tRNA,16s,16s_C.reinhardtii.mito_domain2
12434,tRNA,16s,16s_C.reinhardtii.mito_domain3
12435,tRNA,16s,16s_C.reinhardtii.mito_domain4
12436,tRNA,16s,16s_D.melanogaster_domain4
12437,tRNA,16s,16s_E.coli_domain2
12438,tRNA,16s,16s_E.coli_domain3
12439,tRNA,16s,16s_E.coli_domain4
12440,tRNA,16s,16s_F.ananassa_domain3
12441,tRNA,16s,16s_F.ananassa_domain4
12442,tRNA,16s,16s_G.intestinalis_domain1
12443,tRNA,16s,16s_G.intestinalis_domain2
12444,tRNA,16s,16s_G.intestinalis_domain3
12445,tRNA,16s,16s_G.intestinalis_domain4
12446,tRNA,16s,16s_H.sapiens.mito_domain1
12447,tRNA,16s,16s_H.sapiens.mito_domain2
12448,tRNA,16s,16s_H.sapiens.mito_domain3
12449,tRNA,16s,16s_H.sapiens.mito_domain4
12450,tRNA,16s,16s_H.sapiens_domain3
12451,tRNA,16s,16s_H.sapiens_domain4
12452,tRNA,16s,16s_H.volcanii_domain1
12453,tRNA,16s,16s_H.volcanii_domain2
12454,tRNA,16s,16s_H.volcanii_domain3
12455,tRNA,16s,16s_H.volcanii_domain4
12456,tRNA,16s,16s_M.polymorpha_domain2
12457,tRNA,16s,16s_M.polymorpha_domain3
12458,tRNA,16s,16s_M.polymorpha_domain4
12459,tRNA,16s,16s_P.occultum_domain2
12460,tRNA,16s,16s_P.occultum_domain3
12461,tRNA,16s,16s_P.occultum_domain4
12462,tRNA,16s,16s_P.staleyi_domain2
12463,tRNA,16s,16s_P.staleyi_domain3
12464,tRNA,16s,16s_P.staleyi_domain4
12465,tRNA,16s,16s_S.cerevisiae_domain3
12466,tRNA,16s,16s_S.cerevisiae_domain4
12467,tRNA,16s,16s_T.gondii_domain3
12468,tRNA,16s,16s_T.gondii_domain4
12469,tRNA,16s,16s_T.maritima_domain2
12470,tRNA,16s,16s_T.maritima_domain3
12471,tRNA,16s,16s_T.maritima_domain4
12472,tRNA,16s,16s_Z.mays_domain1
12473,tRNA,16s,16s_Z.mays_domain2
12474,tRNA,16s,16s_Z.mays_domain3
12475,tRNA,16s,16s_Z.mays_domain4
12476,tRNA,16s,16s_A.fulgidus_domain2
12477,tRNA,16s,16s_A.fulgidus_domain3
12478,tRNA,16s,16s_A.fulgidus_domain4
12479,tRNA,16s,16s_A.pyrophilus_domain2
12480,tRNA,16s,16s_A.pyrophilus_domain4
12481,tRNA,16s,16s_B.burgdorferi_domain2
12482,tRNA,16s,16s_B.burgdorferi_domain3
12483,tRNA,16s,16s_B.burgdorferi_domain4
12484,tRNA,16s,16s_B.subtilis_domain2
12485,tRNA,16s,16s_B.subtilis_domain3
12486,tRNA,16s,16s_B.subtilis_domain4
12487,tRNA,16s,16s_C.elegans_domain1
12488,tRNA,16s,16s_C.elegans_domain2
12489,tRNA,16s,16s_C.elegans_domain3
12490,tRNA,16s,16s_C.elegans_domain4
12491,tRNA,16s,16s_C.psittaci_domain2
12492,tRNA,16s,16s_C.psittaci_domain3
12493,tRNA,16s,16s_C.psittaci_domain4
12494,tRNA,16s,16s_C.reinhardtii.chloro_domain1
12495,tRNA,16s,16s_C.reinhardtii.chloro_domain2
12496,tRNA,16s,16s_C.reinhardtii.chloro_domain3
12497,tRNA,16s,16s_C.reinhardtii.chloro_domain4
12498,tRNA,16s,16s_C.reinhardtii.mito_domain1
12499,tRNA,16s,16s_C.reinhardtii.mito_domain2
12500,tRNA,16s,16s_C.reinhardtii.mito_domain3
12501,tRNA,16s,16s_C.reinhardtii.mito_domain4
12502,tRNA,16s,16s_D.melanogaster_domain4
12503,tRNA,16s,16s_E.coli_domain2
12504,tRNA,16s,16s_E.coli_domain3
12505,tRNA,16s,16s_E.coli_domain4
12506,tRNA,16s,16s_F.ananassa_domain3
12507,tRNA,16s,16s_F.ananassa_domain4
12508,tRNA,16s,16s_G.intestinalis_domain1
12509,tRNA,16s,16s_G.intestinalis_domain2
12510,tRNA,16s,16s_G.intestinalis_domain3
12511,tRNA,16s,16s_G.intestinalis_domain4
12512,tRNA,16s,16s_H.sapiens.mito_domain1
12513,tRNA,16s,16s_H.sapiens.mito_domain2
12514,tRNA,16s,16s_H.sapiens.mito_domain3
12515,tRNA,16s,16s_H.sapiens.mito_domain4
12516,tRNA,16s,16s_H.sapiens_domain3
12517,tRNA,16s,16s_H.sapiens_domain4
12518,tRNA,16s,16s_H.volcanii_domain1
12519,tRNA,16s,16s_H.volcanii_domain2
12520,tRNA,16s,16s_H.volcanii_domain3
12521,tRNA,16s,16s_H.volcanii_domain4
12522,tRNA,16s,16s_M.polymorpha_domain2
12523,tRNA,16s,16s_M.polymorpha_domain3
12524,tRNA,16s,16s_M.polymorpha_domain4
12525,tRNA,16s,16s_P.occultum_domain2
12526,tRNA,16s,16s_P.occultum_domain3
12527,tRNA,16s,16s_P.occultum_domain4
12528,tRNA,16s,16s_P.staleyi_domain2
12529,tRNA,16s,16s_P.staleyi_domain3
12530,tRNA,16s,16s_P.staleyi_domain4
12531,tRNA,16s,16s_S.cerevisiae_domain3
12532,tRNA,16s,16s_S.cerevisiae_domain4
12533,tRNA,16s,16s_T.gondii_domain3
12534,tRNA,16s,16s_T.gondii_domain4
12535,tRNA,16s,16s_T.maritima_domain2
12536,tRNA,16s,16s_T.maritima_domain3
12537,tRNA,16s,16s_T.maritima_domain4
12538,tRNA,16s,16s_Z.mays_domain1
12539,tRNA,16s,16s_Z.mays_domain2
12540,tRNA,16s,16s_Z.mays_domain3
12541,tRNA,16s,16s_Z.mays_domain4
12542,tRNA,16s,16s_A.fulgidus_domain2
12543,tRNA,16s,16s_A.fulgidus_domain3
12544,tRNA,16s,16s_A.fulgidus_domain4
12545,tRNA,16s,16s_A.pyrophilus_domain2
12546,tRNA,16s,16s_A.pyrophilus_domain4
12547,tRNA,16s,16s_B.burgdorferi_domain2
12548,tRNA,16s,16s_B.burgdorferi_domain3
12549,tRNA,16s,16s_B.burgdorferi_domain4
12550,tRNA,16s,16s_B.subtilis_domain2
12551,tRNA,16s,16s_B.subtilis_domain3
12552,tRNA,16s,16s_B.subtilis_domain4
12553,tRNA,16s,16s_C.elegans_domain1
12554,tRNA,16s,16s_C.elegans_domain2
12555,tRNA,16s,16s_C.elegans_domain3
12556,tRNA,16s,16s_C.elegans_domain4
12557,tRNA,16s,16s_C.psittaci_domain2
12558,tRNA,16s,16s_C.psittaci_domain3
12559,tRNA,16s,16s_C.psittaci_domain4
12560,tRNA,16s,16s_C.reinhardtii.chloro_domain1
12561,tRNA,16s,16s_C.reinhardtii.chloro_domain2
12562,tRNA,16s,16s_C.reinhardtii.chloro_domain3
12563,tRNA,16s,16s_C.reinhardtii.chloro_domain4
12564,tRNA,16s,16s_C.reinhardtii.mito_domain1
12565,tRNA,16s,16s_C.reinhardtii.mito_domain2
12566,tRNA,16s,16s_C.reinhardtii.mito_domain3
12567,tRNA,16s,16s_C.reinhardtii.mito_domain4
12568,tRNA,16s,16s_D.melanogaster_domain4
12569,tRNA,16s,16s_E.coli_domain2
12570,tRNA,16s,16s_E.coli_domain3
12571,tRNA,16s,16s_E.coli_domain4
12572,tRNA,16s,16s_F.ananassa_domain3
12573,tRNA,16s,16s_F.ananassa_domain4
12574,tRNA,16s,16s_G.intestinalis_domain1
12575,tRNA,16s,16s_G.intestinalis_domain2
12576,tRNA,16s,16s_G.intestinalis_domain3
12577,tRNA,16s,16s_G.intestinalis_domain4
12578,tRNA,16s,16s_H.sapiens.mito_domain1
12579,tRNA,16s,16s_H.sapiens.mito_domain2
12580,tRNA,16s,16s_H.sapiens.mito_domain3
12581,tRNA,16s,16s_H.sapiens.mito_domain4
12582,tRNA,16s,16s_H.sapiens_domain3
12583,tRNA,16s,16s_H.sapiens_domain4
12584,tRNA,16s,16s_H.volcanii_domain1
12585,tRNA,16s,16s_H.volcanii_domain2
12586,tRNA,16s,16s_H.volcanii_domain3
12587,tRNA,16s,16s_H.volcanii_domain4
12588,tRNA,16s,16s_M.polymorpha_domain2
12589,tRNA,16s,16s_M.polymorpha_domain3
12590,tRNA,16s,16s_M.polymorpha_domain4
12591,tRNA,16s,16s_P.occultum_domain2
12592,tRNA,16s,16s_P.occultum_domain3
12593,tRNA,16s,16s_P.occultum_domain4
12594,tRNA,16s,16s_P.staleyi_domain2
12595,tRNA,16s,16s_P.staleyi_domain3
12596,tRNA,16s,16s_P.staleyi_domain4
12597,tRNA,16s,16s_S.cerevisiae_domain3
12598,tRNA,16s,16s_S.cerevisiae_domain4
12599,tRNA,16s,16s_T.gondii_domain3
12600,tRNA,16s,16s_T.gondii_domain4
12601,tRNA,16s,16s_T.maritima_domain2
12602,tRNA,16s,16s_T.maritima_domain3
12603,tRNA,16s,16s_T.maritima_domain4
12604,tRNA,16s,16s_Z.mays_domain1
12605,tRNA,16s,16s_Z.mays_domain2
12606,tRNA,16s,16s_Z.mays_domain3
12607,tRNA,16s,16s_Z.mays_domain4
12608,tRNA,16s,16s_A.fulgidus_domain2
12609,tRNA,16s,16s_A.fulgidus_domain3
12610,tRNA,23s,23s_B.subtilis_domain3
12611,tRNA,23s,23s_B.subtilis_domain4
12612,tRNA,23s,23s_B.subtilis_domain6
12613,tRNA,23s,23s_E.coli_domain3
12614,tRNA,23s,23s_E.coli_domain4
12615,tRNA,23s,23s_E.coli_domain6
12616,tRNA,23s,23s_H.pylori_domain3
12617,tRNA,23s,23s_H.pylori_domain4
12618,tRNA,23s,23s_H.pylori_domain6
12619,tRNA,23s,23s_S.aureus_domain3
12620,tRNA,23s,23s_S.aureus_domain4
12621,tRNA,23s,23s_S.aureus_domain6
12622,tRNA,23s,23s_T.thermophilus_domain3
12623,tRNA,23s,23s_T.thermophilus_domain4
12624,tRNA,23s,23s_T.thermophilus_domain6
12625,tRNA,23s,23s_B.subtilis_domain3
12626,tRNA,23s,23s_B.subtilis_domain4
12627,tRNA,23s,23s_B.subtilis_domain6
12628,tRNA,23s,23s_E.coli_domain3
12629,tRNA,23s,23s_E.coli_domain4
12630,tRNA,23s,23s_E.coli_domain6
12631,tRNA,23s,23s_H.pylori_domain3
12632,tRNA,23s,23s_H.pylori_domain4
12633,tRNA,23s,23s_H.pylori_domain6
12634,tRNA,23s,23s_S.aureus_domain3
12635,tRNA,23s,23s_S.aureus_domain4
12636,tRNA,23s,23s_S.aureus_domain6
12637,tRNA,23s,23s_T.thermophilus_domain3
12638,tRNA,23s,23s_T.thermophilus_domain4
12639,tRNA,23s,23s_T.thermophilus_domain6
12640,tRNA,23s,23s_B.subtilis_domain3
12641,tRNA,23s,23s_B.subtilis_domain4
12642,tRNA,23s,23s_B.subtilis_domain6
12643,tRNA,23s,23s_E.coli_domain3
12644,tRNA,23s,23s_E.coli_domain4
12645,tRNA,23s,23s_E.coli_domain6
12646,tRNA,23s,23s_H.pylori_domain3
12647,tRNA,23s,23s_H.pylori_domain4
12648,tRNA,23s,23s_H.pylori_domain6
12649,tRNA,23s,23s_S.aureus_domain3
12650,tRNA,23s,23s_S.aureus_domain4
12651,tRNA,23s,23s_S.aureus_domain6
12652,tRNA,23s,23s_T.thermophilus_domain3
12653,tRNA,23s,23s_T.thermophilus_domain4
12654,tRNA,23s,23s_T.thermophilus_domain6
12655,tRNA,23s,23s_B.subtilis_domain3
12656,tRNA,23s,23s_B.subtilis_domain4
12657,tRNA,23s,23s_B.subtilis_domain6
12658,tRNA,23s,23s_E.coli_domain3
12659,tRNA,23s,23s_E.coli_domain4
12660,tRNA,23s,23s_E.coli_domain6
12661,tRNA,23s,23s_H.pylori_domain3
12662,tRNA,23s,23s_H.pylori_domain4
12663,tRNA,23s,23s_H.pylori_domain6
12664,tRNA,23s,23s_S.aureus_domain3
12665,tRNA,23s,23s_S.aureus_domain4
12666,tRNA,23s,23s_S.aureus_domain6
12667,tRNA,23s,23s_T.thermophilus_domain3
12668,tRNA,23s,23s_T.thermophilus_domain4
12669,tRNA,23s,23s_T.thermophilus_domain6
12670,tRNA,23s,23s_B.subtilis_domain3
12671,tRNA,23s,23s_B.subtilis_domain4
12672,tRNA,23s,23s_B.subtilis_domain6
12673,tRNA,23s,23s_E.coli_domain3
12674,tRNA,23s,23s_E.coli_domain4
12675,tRNA,23s,23s_E.coli_domain6
12676,tRNA,23s,23s_H.pylori_domain3
12677,tRNA,23s,23s_H.pylori_domain4
12678,tRNA,23s,23s_H.pylori_domain6
12679,tRNA,23s,23s_S.aureus_domain3
12680,tRNA,23s,23s_S.aureus_domain4
12681,tRNA,23s,23s_S.aureus_domain6
12682,tRNA,23s,23s_T.thermophilus_domain3
12683,tRNA,23s,23s_T.thermophilus_domain4
12684,tRNA,23s,23s_T.thermophilus_domain6
12685,tRNA,23s,23s_B.subtilis_domain3
12686,tRNA,23s,23s_B.subtilis_domain4
12687,tRNA,23s,23s_B.subtilis_domain6
12688,tRNA,23s,23s_E.coli_domain3
12689,tRNA,23s,23s_E.coli_domain4
12690,tRNA,23s,23s_E.coli_domain6
12691,tRNA,23s,23s_H.pylori_domain3
12692,tRNA,23s,23s_H.pylori_domain4
12693,tRNA,23s,23s_H.pylori_domain6
12694,tRNA,23s,23s_S.aureus_domain3
12695,tRNA,23s,23s_S.aureus_domain4
12696,tRNA,23s,23s_S.aureus_domain6
12697,tRNA,23s,23s_T.thermophilus_domain3
12698,tRNA,23s,23s_T.thermophilus_domain4
12699,tRNA,23s,23s_T.thermophilus_domain6
12700,tRNA,23s,23s_B.subtilis_domain3
12701,tRNA,23s,23s_B.subtilis_domain4
12702,tRNA,23s,23s_B.subtilis_domain6
12703,tRNA,23s,23s_E.coli_domain3
12704,tRNA,23s,23s_E.coli_domain4
12705,tRNA,23s,23s_E.coli_domain6
12706,tRNA,23s,23s_H.pylori_domain3
12707,tRNA,23s,23s_H.pylori_domain4
12708,tRNA,23s,23s_H.pylori_domain6
12709,tRNA,23s,23s_S.aureus_domain3
12710,tRNA,23s,23s_S.aureus_domain4
12711,tRNA,23s,23s_S.aureus_domain6
12712,tRNA,23s,23s_T.thermophilus_domain3
12713,tRNA,23s,23s_T.thermophilus_domain4
12714,tRNA,23s,23s_T.thermophilus_domain6
12715,tRNA,23s,23s_B.subtilis_domain3
12716,tRNA,23s,23s_B.subtilis_domain4
12717,tRNA,23s,23s_B.subtilis_domain6
12718,tRNA,23s,23s_E.coli_domain3
12719,tRNA,23s,23s_E.coli_domain4
12720,tRNA,23s,23s_E.coli_domain6
12721,tRNA,23s,23s_H.pylori_domain3
12722,tRNA,23s,23s_H.pylori_domain4
12723,tRNA,23s,23s_H.pylori_domain6
12724,tRNA,23s,23s_S.aureus_domain3
12725,tRNA,23s,23s_S.aureus_domain4
12726,tRNA,23s,23s_S.aureus_domain6
12727,tRNA,23s,23s_T.thermophilus_domain3
12728,tRNA,23s,23s_T.thermophilus_domain4
12729,tRNA,23s,23s_T.thermophilus_domain6
12730,tRNA,23s,23s_B.subtilis_domain3
12731,tRNA,23s,23s_B.subtilis_domain4
12732,tRNA,23s,23s_B.subtilis_domain6
12733,tRNA,23s,23s_E.coli_domain3
12734,tRNA,23s,23s_E.coli_domain4
12735,tRNA,23s,23s_E.coli_domain6
12736,tRNA,23s,23s_H.pylori_domain3
12737,tRNA,23s,23s_H.pylori_domain4
12738,tRNA,23s,23s_H.pylori_domain6
12739,tRNA,23s,23s_S.aureus_domain3
12740,tRNA,23s,23s_S.aureus_domain4
12741,tRNA,23s,23s_S.aureus_domain6
12742,tRNA,23s,23s_T.thermophilus_domain3
12743,tRNA,23s,23s_T.thermophilus_domain4
12744,tRNA,23s,23s_T.thermophilus_domain6
12745,tRNA,23s,23s_B.subtilis_domain3
12746,tRNA,23s,23s_B.subtilis_domain4
12747,tRNA,23s,23s_B.subtilis_domain6
12748,tRNA,23s,23s_E.coli_domain3
12749,tRNA,23s,23s_E.coli_domain4
12750,tRNA,23s,23s_E.coli_domain6
12751,tRNA,23s,23s_H.pylori_domain3
12752,tRNA,23s,23s_H.pylori_domain4
12753,tRNA,23s,23s_H.pylori_domain6
12754,tRNA,23s,23s_S.aureus_domain3
12755,tRNA,23s,23s_S.aureus_domain4
12756,tRNA,23s,23s_S.aureus_domain6
12757,tRNA,23s,23s_T.thermophilus_domain3
12758,tRNA,23s,23s_T.thermophilus_domain4
12759,tRNA,23s,23s_T.thermophilus_domain6
12760,tRNA,23s,23s_B.subtilis_domain3
12761,tRNA,23s,23s_B.subtilis_domain4
12762,tRNA,23s,23s_B.subtilis_domain6
12763,tRNA,23s,23s_E.coli_domain3
12764,tRNA,23s,23s_E.coli_domain4
12765,tRNA,23s,23s_E.coli_domain6
12766,tRNA,23s,23s_H.pylori_domain3
12767,tRNA,23s,23s_H.pylori_domain4
12768,tRNA,23s,23s_H.pylori_domain6
12769,tRNA,23s,23s_S.aureus_domain3
12770,tRNA,23s,23s_S.aureus_domain4
12771,tRNA,23s,23s_S.aureus_domain6
12772,tRNA,23s,23s_T.thermophilus_domain3
12773,tRNA,23s,23s_T.thermophilus_domain4
12774,tRNA,23s,23s_T.thermophilus_domain6
12775,tRNA,23s,23s_B.subtilis_domain3
12776,tRNA,23s,23s_B.subtilis_domain4
12777,tRNA,23s,23s_B.subtilis_domain6
12778,tRNA,23s,23s_E.coli_domain3
12779,tRNA,23s,23s_E.coli_domain4
12780,tRNA,23s,23s_E.coli_domain6
12781,tRNA,23s,23s_H.pylori_domain3
12782,tRNA,23s,23s_H.pylori_domain4
12783,tRNA,23s,23s_H.pylori_domain6
12784,tRNA,23s,23s_S.aureus_domain3
12785,tRNA,23s,23s_S.aureus_domain4
12786,tRNA,23s,23s_S.aureus_domain6
12787,tRNA,23s,23s_T.thermophilus_domain3
12788,tRNA,23s,23s_T.thermophilus_domain4
12789,tRNA,23s,23s_T.thermophilus_domain6
12790,tRNA,23s,23s_B.subtilis_domain3
12791,tRNA,23s,23s_B.subtilis_domain4
12792,tRNA,23s,23s_B.subtilis_domain6
12793,tRNA,23s,23s_E.coli_domain3
12794,tRNA,23s,23s_E.coli_domain4
12795,tRNA,23s,23s_E.coli_domain6
12796,tRNA,23s,23s_H.pylori_domain3
12797,tRNA,23s,23s_H.pylori_domain4
12798,tRNA,23s,23s_H.pylori_domain6
12799,tRNA,23s,23s_S.aureus_domain3
12800,tRNA,23s,23s_S.aureus_domain4
12801,tRNA,23s,23s_S.aureus_domain6
12802,tRNA,23s,23s_T.thermophilus_domain3
12803,tRNA,23s,23s_T.thermophilus_domain4
12804,tRNA,23s,23s_T.thermophilus_domain6
12805,tRNA,23s,23s_B.subtilis_domain3
12806,tRNA,23s,23s_B.subtilis_domain4
12807,tRNA,23s,23s_B.subtilis_domain6
12808,tRNA,23s,23s_E.coli_domain3
12809,tRNA,23s,23s_E.coli_domain4
12810,tRNA,5s,5s_Acanthamoeba-castellanii-2
12811,tRNA,5s,5s_Acholeplasma-laidlawii-2
12812,tRNA,5s,5s_Achromobacter-xylosoxidans-1
12813,tRNA,5s,5s_Acidiphilium-acidophilum-1
12814,tRNA,5s,5s_Acinetobacter-sp.-1
12815,tRNA,5s,5s_Acinetospora-crinita-1
12816,tRNA,5s,5s_Acremonium-chrysogenum-1
12817,tRNA,5s,5s_Agaricus-edulis-1
12818,tRNA,5s,5s_Agrobacterium-tumefaciens-6
12819,tRNA,5s,5s_Akkesiphycus-lubricum-1
12820,tRNA,5s,5s_Amycolatopsis-lactamdurans-1
12821,tRNA,5s,5s_Ancylobacter-aquaticus-1
12822,tRNA,5s,5s_Andrias-japonicus-1
12823,tRNA,5s,5s_Antheraea-pernyi-1
12824,tRNA,5s,5s_Aquifex-aeolicus-1
12825,tRNA,5s,5s_Archaeoglobus-fulgidus-1
12826,tRNA,5s,5s_Artemia-sp.-4
12827,tRNA,5s,5s_Arthrobacter-polychromogenes-1
12828,tRNA,5s,5s_Asellus-aquaticus-2
12829,tRNA,5s,5s_Asterina-pectinifera-1
12830,tRNA,5s,5s_Auricularia-auricula-judae-1
12831,tRNA,5s,5s_Azotobacter-vinelandii-1
12832,tRNA,5s,5s_Bacillus-anthracis-10
12833,tRNA,5s,5s_Bacillus-anthracis-6
12834,tRNA,5s,5s_Bacillus-clausii-1
12835,tRNA,5s,5s_Bacillus-firmus-1
12836,tRNA,5s,5s_Bacillus-halodurans-4
12837,tRNA,5s,5s_Bacillus-thuringiensis-1
12838,tRNA,5s,5s_Bacteroides-fragilis-3
12839,tRNA,5s,5s_Bacteroides-fragilis-4
12840,tRNA,5s,5s_Bacteroides-fragilis-6
12841,tRNA,5s,5s_Bartonella-henselae-1
12842,tRNA,5s,5s_Bifidobacterium-longum-1
12843,tRNA,5s,5s_Bifidobacterium-longum-3
12844,tRNA,5s,5s_Blakeslea-trispora-1
12845,tRNA,5s,5s_Blastocladiella-simplex-1
12846,tRNA,5s,5s_Blepharisma-japonicum-1
12847,tRNA,5s,5s_Bombyx-mori-1
12848,tRNA,5s,5s_Bombyx-mori-2
12849,tRNA,5s,5s_Brachionus-plicatilis-1
12850,tRNA,5s,5s_Brevibacillus-brevis-1
12851,tRNA,5s,5s_Brevibacterium-helvolum-1
12852,tRNA,5s,5s_C_paradoxE
12853,tRNA,5s,5s_Caenorhabditis-briggsae-1
12854,tRNA,5s,5s_Caenorhabditis-elegans-3
12855,tRNA,5s,5s_Campylobacter-jejuni-3
12856,tRNA,5s,5s_Cancer-pagurus-1
12857,tRNA,5s,5s_Candidatus-Tremblaya-princeps-1
12858,tRNA,5s,5s_Caulobacter-sp.-5
12859,tRNA,5s,5s_Caulobacter-sp.-6
12860,tRNA,5s,5s_Cellulomonas-biazotea-1
12861,tRNA,5s,5s_Chlamydophila-abortus-1
12862,tRNA,5s,5s_Clostridium-acetobutylicum-5
12863,tRNA,5s,5s_Coprinopsis-cinerea-1
12864,tRNA,5s,5s_Corynebacterium-glutamicum-1
12865,tRNA,5s,5s_Corynebacterium-glutamicum-2
12866,tRNA,5s,5s_Cryptococcus-humicola-1
12867,tRNA,5s,5s_Cryptomonas-paramecium-1
12868,tRNA,5s,5s_Cyclidiopsis-acus-1
12869,tRNA,5s,5s_Cystobacter-fuscus-1
12870,tRNA,5s,5s_Delftia-acidovorans-1
12871,tRNA,5s,5s_Dipsacomyces-acuminosporus-1
12872,tRNA,5s,5s_Dirofilaria-immitis-1
12873,tRNA,5s,5s_Drosophila-teissieri-1
12874,tRNA,5s,5s_Dugesia-japonica-1
12875,tRNA,5s,5s_Dugesia-japonica-2
12876,tRNA,5s,5s_E_glandulE
12877,tRNA,5s,5s_Eimeria-tenella-1
12878,tRNA,5s,5s_Eisenia-bicyclis-1
12879,tRNA,5s,5s_Emericella-nidulans-3
12880,tRNA,5s,5s_Emericella-nidulans-7
12881,tRNA,5s,5s_Emericella-nidulans-8
12882,tRNA,5s,5s_Empedobacter-brevis-1
12883,tRNA,5s,5s_Escherichia-coli-11
12884,tRNA,5s,5s_Escherichia-coli-14
12885,tRNA,5s,5s_Escherichia-coli-3
12886,tRNA,5s,5s_Escherichia-coli-6
12887,tRNA,5s,5s_Exidia-glandulosa-1
12888,tRNA,5s,5s_Filobasidiella-depauperata-1
12889,tRNA,5s,5s_Filobasidium-capsuligenum-1
12890,tRNA,5s,5s_Fusarium-asiaticum-7
12891,tRNA,5s,5s_Fusarium-lunulosporum-3
12892,tRNA,5s,5s_Fusarium-lunulosporum-5
12893,tRNA,5s,5s_Fusarium-pseudograminearum-1
12894,tRNA,5s,5s_Fusarium-pseudograminearum-6
12895,tRNA,5s,5s_Fusarium-sporotrichioides-1
12896,tRNA,5s,5s_Fusobacterium-nucleatum-2
12897,tRNA,5s,5s_Fusobacterium-nucleatum-4
12898,tRNA,5s,5s_Gallus-gallus-1
12899,tRNA,5s,5s_Gelidium-amansii-1
12900,tRNA,5s,5s_Gelidium-amansii-2
12901,tRNA,5s,5s_Geobacillus-stearothermophilus-2
12902,tRNA,5s,5s_Ginkgo-biloba-1
12903,tRNA,5s,5s_Grimontia-hollisae-1
12904,tRNA,5s,5s_Haloarcula-marismortui-2
12905,tRNA,5s,5s_Halococcus-morrhuae-2
12906,tRNA,5s,5s_Haloferax-volcanii-2
12907,tRNA,5s,5s_Halorubrum-distributum-4
12908,tRNA,5s,5s_Helicobacter-pylori-3
12909,tRNA,5s,5s_Hyphomicrobium-sp.-3
12910,tRNA,5s,5s_Hyphomicrobium-sp.-5
12911,tRNA,5s,5s_Hyphomonas-oligotropha-1
12912,tRNA,5s,5s_Idiomarina-loihiensis-1
12913,tRNA,5s,5s_Illex-illecebrosus-1
12914,tRNA,5s,5s_Juniperus-media-1
12915,tRNA,5s,5s_Kluyveromyces-delphensis-1
12916,tRNA,5s,5s_Kondoa-malvinella-1
12917,tRNA,5s,5s_Kutzneria-viridogrisea-1
12918,tRNA,5s,5s_Lentinula-edodes-2
12919,tRNA,5s,5s_Locusta-migratoria-1
12920,tRNA,5s,5s_Microbacterium-testaceum-1
12921,tRNA,5s,5s_Microtetraspora-glauca-1
12922,tRNA,5s,5s_Mycobacterium-tuberculosis-3
12923,tRNA,5s,5s_Mycoplasma-gallisepticum-1
12924,tRNA,5s,5s_Mycoplasma-genitalium-1
12925,tRNA,5s,5s_Mycoplasma-penetrans-1
12926,tRNA,5s,5s_Mycoplasma-pneumoniae-1
12927,tRNA,5s,5s_Myxococcus-coralloides-1
12928,tRNA,5s,5s_Neurospora-crassa-12
12929,tRNA,5s,5s_Neurospora-crassa-15
12930,tRNA,5s,5s_Neurospora-crassa-2
12931,tRNA,5s,5s_Nitrobacter-winogradskyi-1
12932,tRNA,5s,5s_Notophthalmus-viridescens-1
12933,tRNA,5s,5s_Oerskovia-turbata-1
12934,tRNA,5s,5s_Paenibacillus-popilliae-1
12935,tRNA,5s,5s_Paracentrotus-lividus-2
12936,tRNA,5s,5s_Parachlamydia-sp.-1
12937,tRNA,5s,5s_Paramecium-tetraurelia-1
12938,tRNA,5s,5s_Photobacterium-profundum-3
12939,tRNA,5s,5s_Pichia-jadinii-2
12940,tRNA,5s,5s_Pinus-contorta-1
12941,tRNA,5s,5s_Pirellula-sp.-1
12942,tRNA,5s,5s_Pirellula-sp.-2
12943,tRNA,5s,5s_Plasmodium-falciparum-1
12944,tRNA,5s,5s_Pneumocystis-carinii-1
12945,tRNA,5s,5s_Prasinocladus-sp.-1
12946,tRNA,5s,5s_Propionibacterium-acnes-1
12947,tRNA,5s,5s_Pseudomonas-aeruginosa-1
12948,tRNA,5s,5s_Pseudomonas-aeruginosa-2
12949,tRNA,5s,5s_Pseudomonas-fluorescens-2
12950,tRNA,5s,5s_Pseudomonas-fluorescens-4
12951,tRNA,5s,5s_Pseudomonas-stutzeri-2
12952,tRNA,5s,5s_Puccinia-poarum-1
12953,tRNA,5s,5s_Puccinia-suaveolens-1
12954,tRNA,5s,5s_Pyrococcus-horikoshii-1
12955,tRNA,5s,5s_Pyrococcus-woesei-1
12956,tRNA,5s,5s_Pythium-torulosum-1
12957,tRNA,5s,5s_Ralstonia-solanacearum-1
12958,tRNA,5s,5s_Ralstonia-solanacearum-2
12959,tRNA,5s,5s_Rhodobacter-sphaeroides-2
12960,tRNA,5s,5s_Rhodococcus-erythropolis-2
12961,tRNA,5s,5s_Rhodopseudomonas-palustris-2
12962,tRNA,5s,5s_Roseococcus-thiosulfatophilus-1
12963,tRNA,5s,5s_Roseococcus-thiosulfatophilus-2
12964,tRNA,5s,5s_Rumex-acetosa-1
12965,tRNA,5s,5s_Sabellastarte-japonica-1
12966,tRNA,5s,5s_Saccharothrix-mutabilis-1
12967,tRNA,5s,5s_Salmonella-typhi-1
12968,tRNA,5s,5s_Saprolegnia-ferax-1
12969,tRNA,5s,5s_Schizosaccharomyces-pombe-1
12970,tRNA,5s,5s_Shewanella-oneidensis-1
12971,tRNA,5s,5s_Spirobolus-sp-1
12972,tRNA,5s,5s_Sporolactobacillus-nakayamae-1
12973,tRNA,5s,5s_Staphylococcus-aureus-1
12974,tRNA,5s,5s_Streptococcus-mutans-2
12975,tRNA,5s,5s_Streptococcus-pyogenes-2
12976,tRNA,5s,5s_Streptococcus-salivarius-1
12977,tRNA,5s,5s_Streptomyces-avermitilis-4
12978,tRNA,5s,5s_Streptomyces-coelicolor-1
12979,tRNA,5s,5s_Streptomyces-lividans-1
12980,tRNA,5s,5s_Streptomyces-rimosus-2
12981,tRNA,5s,5s_Streptomyces-roseoverticillatus-1
12982,tRNA,5s,5s_Streptomyces-violaceus-1
12983,tRNA,5s,5s_T_cruziE
12984,tRNA,5s,5s_Taxus-baccata-1
12985,tRNA,5s,5s_Thermoactinomyces-vulgaris-1
12986,tRNA,5s,5s_Thermomyces-lanuginosus-1
12987,tRNA,5s,5s_Thermotoga-sp.-1
12988,tRNA,5s,5s_Thermus-sp.-2
12989,tRNA,5s,5s_Thermus-thermophilus-2
12990,tRNA,5s,5s_Thiomonas-cuprina-1
12991,tRNA,5s,5s_Thiothrix-nivea-1
12992,tRNA,5s,5s_Thraustochytrium-visurgense-2
12993,tRNA,5s,5s_Tremella-mesenterica-2
12994,tRNA,5s,5s_Trimorphomyces-papilionaceus-1
12995,tRNA,5s,5s_Ureaplasma-parvum-1
12996,tRNA,5s,5s_Urechis-unicinctus-1
12997,tRNA,5s,5s_Ustilago-maydis-1
12998,tRNA,5s,5s_Ustilentyloma-fluitans-1
12999,tRNA,5s,5s_Vibrio-cyclosites-1
13000,tRNA,5s,5s_Vibrio-fluvialis-1
13001,tRNA,5s,5s_Vibrio-harveyi-1
13002,tRNA,5s,5s_Vibrio-nereis-1
13003,tRNA,5s,5s_Vibrio-parahaemolyticus-3
13004,tRNA,5s,5s_Vibrio-vulnificus-4
13005,tRNA,5s,5s_Vitreoscilla-filiformis-1
13006,tRNA,5s,5s_Vitreoscilla-stercoraria-1
13007,tRNA,5s,5s_Xanthobacter-viscosus-1
13008,tRNA,5s,5s_Yersinia-pestis-1
13009,tRNA,5s,5s_uncultured-euryarchaeote-37F11-1
13010,tRNA,RNaseP,RNaseP_A.ambivalens
13011,tRNA,RNaseP,RNaseP_A.brierleyi
13012,tRNA,RNaseP,RNaseP_A.chroococcum
13013,tRNA,RNaseP,RNaseP_A.ferrooxidans
13014,tRNA,RNaseP,RNaseP_A.ferrooxidans-g
13015,tRNA,RNaseP,RNaseP_A.fulgidus
13016,tRNA,RNaseP,RNaseP_A.laidlawii
13017,tRNA,RNaseP,RNaseP_A.obstetricans
13018,tRNA,RNaseP,RNaseP_A.salinestris-184
13019,tRNA,RNaseP,RNaseP_Anabaena-ATCC29413
13020,tRNA,RNaseP,RNaseP_B.brevis
13021,tRNA,RNaseP,RNaseP_B.bronchiseptica
13022,tRNA,RNaseP,RNaseP_B.hermsii
13023,tRNA,RNaseP,RNaseP_B.megaterium
13024,tRNA,RNaseP,RNaseP_B.pertussis
13025,tRNA,RNaseP,RNaseP_B.stearothermophilus
13026,tRNA,RNaseP,RNaseP_B.subtilis
13027,tRNA,RNaseP,RNaseP_B.subtilis-g
13028,tRNA,RNaseP,RNaseP_Buchnera-APS
13029,tRNA,RNaseP,RNaseP_C.acetobutylicum
13030,tRNA,RNaseP,RNaseP_C.crescentus
13031,tRNA,RNaseP,RNaseP_C.jejuni
13032,tRNA,RNaseP,RNaseP_C.limicola
13033,tRNA,RNaseP,RNaseP_C.pneumoniae-AR39
13034,tRNA,RNaseP,RNaseP_C.pneumoniae-CWL029
13035,tRNA,RNaseP,RNaseP_C.sporogenes
13036,tRNA,RNaseP,RNaseP_C.tepidum-g
13037,tRNA,RNaseP,RNaseP_C.trachomatis-2
13038,tRNA,RNaseP,RNaseP_C.trachomatis-D
13039,tRNA,RNaseP,RNaseP_C.vinosum
13040,tRNA,RNaseP,RNaseP_CPA49
13041,tRNA,RNaseP,RNaseP_CPA54
13042,tRNA,RNaseP,RNaseP_CPB139
13043,tRNA,RNaseP,RNaseP_CPB74
13044,tRNA,RNaseP,RNaseP_CPB7776
13045,tRNA,RNaseP,RNaseP_CPB80
13046,tRNA,RNaseP,RNaseP_CPB86
13047,tRNA,RNaseP,RNaseP_D.desulfuricans
13048,tRNA,RNaseP,RNaseP_D.jeanneae
13049,tRNA,RNaseP,RNaseP_Dermocarpa-PCC7437
13050,tRNA,RNaseP,RNaseP_E.agglomerulans
13051,tRNA,RNaseP,RNaseP_E.coli
13052,tRNA,RNaseP,RNaseP_E.eschscholtzii-2
13053,tRNA,RNaseP,RNaseP_E.eschsholtzii
13054,tRNA,RNaseP,RNaseP_E.faecalis
13055,tRNA,RNaseP,RNaseP_E.faecalis-2
13056,tRNA,RNaseP,RNaseP_E1B
13057,tRNA,RNaseP,RNaseP_EM14b-9
13058,tRNA,RNaseP,RNaseP_ERH
13059,tRNA,RNaseP,RNaseP_ESH167F
13060,tRNA,RNaseP,RNaseP_ESH20b-1
13061,tRNA,RNaseP,RNaseP_ESH26-4
13062,tRNA,RNaseP,RNaseP_ESH7-9
13063,tRNA,RNaseP,RNaseP_Fischerella-UTEX1829
13064,tRNA,RNaseP,RNaseP_G.gorilla
13065,tRNA,RNaseP,RNaseP_H.aurantiacus
13066,tRNA,RNaseP,RNaseP_H.chlorum-partial
13067,tRNA,RNaseP,RNaseP_H.influenza
13068,tRNA,RNaseP,RNaseP_H.pylori-26695
13069,tRNA,RNaseP,RNaseP_H.pylori-48K
13070,tRNA,RNaseP,RNaseP_H.pylori-J99
13071,tRNA,RNaseP,RNaseP_H.pylori-RU1
13072,tRNA,RNaseP,RNaseP_H.trapanicum
13073,tRNA,RNaseP,RNaseP_I.calvum
13074,tRNA,RNaseP,RNaseP_K.pneumoniae
13075,tRNA,RNaseP,RNaseP_L.acidophilus
13076,tRNA,RNaseP,RNaseP_L.japonicus-IFO15385
13077,tRNA,RNaseP,RNaseP_LGA1
13078,tRNA,RNaseP,RNaseP_LGB27
13079,tRNA,RNaseP,RNaseP_LGB32
13080,tRNA,RNaseP,RNaseP_LGB41
13081,tRNA,RNaseP,RNaseP_LGW113
13082,tRNA,RNaseP,RNaseP_LGW18
13083,tRNA,RNaseP,RNaseP_LGW46
13084,tRNA,RNaseP,RNaseP_M.barkeri
13085,tRNA,RNaseP,RNaseP_M.bovis
13086,tRNA,RNaseP,RNaseP_M.capricolum
13087,tRNA,RNaseP,RNaseP_M.hyopneumoniae
13088,tRNA,RNaseP,RNaseP_M.leprae
13089,tRNA,RNaseP,RNaseP_M.luteus
13090,tRNA,RNaseP,RNaseP_M.phosphovorus-JCM9380
13091,tRNA,RNaseP,RNaseP_M.pneumoniae
13092,tRNA,RNaseP,RNaseP_M.sedula
13093,tRNA,RNaseP,RNaseP_M.thermoautotrophicum-DH
13094,tRNA,RNaseP,RNaseP_M.thermoautotrphicumMarb
13095,tRNA,RNaseP,RNaseP_M.tuberculosis
13096,tRNA,RNaseP,RNaseP_M.vannielli
13097,tRNA,RNaseP,RNaseP_N.europaea
13098,tRNA,RNaseP,RNaseP_N.flavus
13099,tRNA,RNaseP,RNaseP_N.fulvus-JCM3335
13100,tRNA,RNaseP,RNaseP_N.gonnorhoeae
13101,tRNA,RNaseP,RNaseP_N.meningitidis-Z2491
13102,tRNA,RNaseP,RNaseP_Nocardiodes-NSP41
13103,tRNA,RNaseP,RNaseP_Nostoc-PCC7413
13104,tRNA,RNaseP,RNaseP_Onchorhynchus-1
13105,tRNA,RNaseP,RNaseP_Onchorhynchus-2
13106,tRNA,RNaseP,RNaseP_Onchorhynchus-sp-1
13107,tRNA,RNaseP,RNaseP_Onchorhynchus-sp-2
13108,tRNA,RNaseP,RNaseP_P.alcalifaciens
13109,tRNA,RNaseP,RNaseP_P.azotoformans
13110,tRNA,RNaseP,RNaseP_P.douglassii
13111,tRNA,RNaseP,RNaseP_P.furiosus-2
13112,tRNA,RNaseP,RNaseP_P.gingivalis
13113,tRNA,RNaseP,RNaseP_P.marinus
13114,tRNA,RNaseP,RNaseP_P.mississippiensis
13115,tRNA,RNaseP,RNaseP_P.purpurea-chloroplast
13116,tRNA,RNaseP,RNaseP_P.putida
13117,tRNA,RNaseP,RNaseP_P.staleyi
13118,tRNA,RNaseP,RNaseP_P.strasburgensis
13119,tRNA,RNaseP,RNaseP_P.stutzeri
13120,tRNA,RNaseP,RNaseP_P.troglodytes
13121,tRNA,RNaseP,RNaseP_P.vulgaris
13122,tRNA,RNaseP,RNaseP_P131
13123,tRNA,RNaseP,RNaseP_Prochlorococcus-PAC1A
13124,tRNA,RNaseP,RNaseP_Prochlorococcus-PAC1B
13125,tRNA,RNaseP,RNaseP_Prochlorococcus-PCC9511
13126,tRNA,RNaseP,RNaseP_Prochlorococcus-TATL2
13127,tRNA,RNaseP,RNaseP_Prochlorococcus-TATL2-2
13128,tRNA,RNaseP,RNaseP_R.americana-mito
13129,tRNA,RNaseP,RNaseP_R.norvegicus
13130,tRNA,RNaseP,RNaseP_R.prowazekii
13131,tRNA,RNaseP,RNaseP_R.rubrum
13132,tRNA,RNaseP,RNaseP_S.acidocaldarius
13133,tRNA,RNaseP,RNaseP_S.bayanus
13134,tRNA,RNaseP,RNaseP_S.bikiniensis
13135,tRNA,RNaseP,RNaseP_S.caesia-K182
13136,tRNA,RNaseP,RNaseP_S.caesia-K200
13137,tRNA,RNaseP,RNaseP_S.caesia-K76T
13138,tRNA,RNaseP,RNaseP_S.caesia-SB01
13139,tRNA,RNaseP,RNaseP_S.carlsbergensis
13140,tRNA,RNaseP,RNaseP_S.castellii
13141,tRNA,RNaseP,RNaseP_S.diastaticus
13142,tRNA,RNaseP,RNaseP_S.epidermidis
13143,tRNA,RNaseP,RNaseP_S.glauca-K194
13144,tRNA,RNaseP,RNaseP_S.globosus
13145,tRNA,RNaseP,RNaseP_S.japonicus
13146,tRNA,RNaseP,RNaseP_S.kluyveri
13147,tRNA,RNaseP,RNaseP_S.lividans
13148,tRNA,RNaseP,RNaseP_S.mutans
13149,tRNA,RNaseP,RNaseP_S.pastorianus
13150,tRNA,RNaseP,RNaseP_S.polymorpha
13151,tRNA,RNaseP,RNaseP_S.pyogenes
13152,tRNA,RNaseP,RNaseP_S.servazzii
13153,tRNA,RNaseP,RNaseP_S.shibatae
13154,tRNA,RNaseP,RNaseP_S.typhi
13155,tRNA,RNaseP,RNaseP_S.typhimurium
13156,tRNA,RNaseP,RNaseP_S.unisporus
13157,tRNA,RNaseP,RNaseP_S.uvarum
13158,tRNA,RNaseP,RNaseP_S.viridis-K191
13159,tRNA,RNaseP,RNaseP_S.viridis-K73T
13160,tRNA,RNaseP,RNaseP_SL1-1
13161,tRNA,RNaseP,RNaseP_SLC
13162,tRNA,RNaseP,RNaseP_SM-A01
13163,tRNA,RNaseP,RNaseP_SM-A03
13164,tRNA,RNaseP,RNaseP_SM-A04
13165,tRNA,RNaseP,RNaseP_SM-A05
13166,tRNA,RNaseP,RNaseP_SM-A06
13167,tRNA,RNaseP,RNaseP_SM-A1012
13168,tRNA,RNaseP,RNaseP_SM-A1113
13169,tRNA,RNaseP,RNaseP_SM-A1214
13170,tRNA,RNaseP,RNaseP_SM-A1315
13171,tRNA,RNaseP,RNaseP_SM-A1519
13172,tRNA,RNaseP,RNaseP_SM-A2642
13173,tRNA,RNaseP,RNaseP_SM-A2946
13174,tRNA,RNaseP,RNaseP_SM-A3862
13175,tRNA,RNaseP,RNaseP_SM-A4065
13176,tRNA,RNaseP,RNaseP_SM-A4775
13177,tRNA,RNaseP,RNaseP_SM-A4876
13178,tRNA,RNaseP,RNaseP_SM-A4977
13179,tRNA,RNaseP,RNaseP_SM-A5179
13180,tRNA,RNaseP,RNaseP_SM-A5382
13181,tRNA,RNaseP,RNaseP_SM-A5584
13182,tRNA,RNaseP,RNaseP_SM-A5888
13183,tRNA,RNaseP,RNaseP_SM-A6090
13184,tRNA,RNaseP,RNaseP_SM1
13185,tRNA,RNaseP,RNaseP_SMB-A3
13186,tRNA,RNaseP,RNaseP_SMB-A5
13187,tRNA,RNaseP,RNaseP_SMB-B3
13188,tRNA,RNaseP,RNaseP_SMB-B4
13189,tRNA,RNaseP,RNaseP_Synechococcus-PCC7942
13190,tRNA,RNaseP,RNaseP_Synechocystis-PCC6308
13191,tRNA,RNaseP,RNaseP_Synechocystis-PCC6803
13192,tRNA,RNaseP,RNaseP_T.acidophilum
13193,tRNA,RNaseP,RNaseP_T.aquaticus
13194,tRNA,RNaseP,RNaseP_T.celerAL1-2
13195,tRNA,RNaseP,RNaseP_T.littoralis
13196,tRNA,RNaseP,RNaseP_T.maritima-g
13197,tRNA,RNaseP,RNaseP_T.neapolitana
13198,tRNA,RNaseP,RNaseP_T.pallidum
13199,tRNA,RNaseP,RNaseP_T.syrichta
13200,tRNA,RNaseP,RNaseP_T.thermophilus
13201,tRNA,RNaseP,RNaseP_UK2
13202,tRNA,RNaseP,RNaseP_UK5
13203,tRNA,RNaseP,RNaseP_V.cholera
13204,tRNA,RNaseP,RNaseP_V.spinosum
13205,tRNA,RNaseP,RNaseP_VSDW
13206,tRNA,RNaseP,RNaseP_WA1
13207,tRNA,RNaseP,RNaseP_Y.pestis
13208,tRNA,RNaseP,RNaseP_Z.bailii
13209,tRNA,RNaseP,RNaseP_purpleX
13210,tRNA,grp1,grp1_a.I1.b.Dermocarpa.sp.ATCC29371.C3.tMET
13211,tRNA,grp1,grp1_a.I1.b.Phormidium.sp.N182.C3.tLEU
13212,tRNA,grp1,grp1_a.I1.b.S.hofmanii.C3.tMET
13213,tRNA,grp1,grp1_a.I1.b.Synechococcus.sp2.C3.tLEU
13214,tRNA,grp1,grp1_a.I1.c.A.cherimola.C3.tLEU
13215,tRNA,grp1,grp1_a.I1.c.G.prostrata.C3.tLEU
13216,tRNA,grp1,grp1_a.I1.c.S.bicolor.C3.tLEU
13217,tRNA,grp1,grp1_a.I1.e.A.adeninivorans.C1.LSU.2449
13218,tRNA,grp1,grp1_a.I1.e.A.capsulatus.CBS213.53.C1.SSU.943
13219,tRNA,grp1,grp1_a.I1.e.A.capsulatus.FLs1.C1.SSU
13220,tRNA,grp1,grp1_a.I1.e.A.capsulatus.G184B.C1.SSU
13221,tRNA,grp1,grp1_a.I1.e.A.capsulatus.G186B.C1.SSU
13222,tRNA,grp1,grp1_a.I1.e.A.stipitatus.C1.SSU.1046
13223,tRNA,grp1,grp1_a.I1.e.B.ciliata.JCM6865.C1.SSU.1506
13224,tRNA,grp1,grp1_a.I1.e.B.ciliata.JCM6865.C1.SSU.943
13225,tRNA,grp1,grp1_a.I1.e.B.yamatoana.JCM2896.C1.SSU.1506
13226,tRNA,grp1,grp1_a.I1.e.B.yamatoana.JCM2896.C1.SSU.943
13227,tRNA,grp1,grp1_a.I1.e.C.ellipsoidea.211-1a.C1.SSU.1506
13228,tRNA,grp1,grp1_a.I1.e.C.ellipsoidea.IAMC-87.C1.SSU.1506
13229,tRNA,grp1,grp1_a.I1.e.C.grayi.UNK.SSU.1046
13230,tRNA,grp1,grp1_a.I1.e.C.grayi.UNK.SSU.1516
13231,tRNA,grp1,grp1_a.I1.e.C.merochlorophea.UNK.SSU.1046
13232,tRNA,grp1,grp1_a.I1.e.C.merochlorophea.UNK.SSU.1210
13233,tRNA,grp1,grp1_a.I1.e.C.merochlorophea.UNK.SSU.1389
13234,tRNA,grp1,grp1_a.I1.e.C.merochlorophea.UNK.SSU.1516
13235,tRNA,grp1,grp1_a.I1.e.C.saccatum.C1.SSU.1512
13236,tRNA,grp1,grp1_a.I1.e.C.saxonicum.C1.SSU.1506
13237,tRNA,grp1,grp1_a.I1.e.D.parva.C1.SSU.1512
13238,tRNA,grp1,grp1_a.I1.e.D.parva.C1.SSU.943
13239,tRNA,grp1,grp1_a.I1.e.D.salina.C1.SSU.943
13240,tRNA,grp1,grp1_a.I1.e.E.dermatitidis.C1.SSU.943
13241,tRNA,grp1,grp1_a.I1.e.G.planctonica.C1.SSU.943
13242,tRNA,grp1,grp1_a.I1.e.G.spirotaenia.C1.SSU.1506
13243,tRNA,grp1,grp1_a.I1.e.L.dispersa.UNK.SSU.1046
13244,tRNA,grp1,grp1_a.I1.e.L.dispersa.UNK.SSU.114
13245,tRNA,grp1,grp1_a.I1.e.L.dispersa.UNK.SSU.1210
13246,tRNA,grp1,grp1_a.I1.e.L.dispersa.UNK.SSU.1516
13247,tRNA,grp1,grp1_a.I1.e.L.dispersa.UNK.SSU.287
13248,tRNA,grp1,grp1_a.I1.e.L.dispersa.UNK.SSU.516
13249,tRNA,grp1,grp1_a.I1.e.L.dispersa.UNK.SSU.789
13250,tRNA,grp1,grp1_a.I1.e.M.caldariorum.C1.SSU.1506
13251,tRNA,grp1,grp1_a.I1.e.P.carinii.C1.SSU.1506
13252,tRNA,grp1,grp1_a.I1.e.P.carinii.Pc1.C1.LSU.1921
13253,tRNA,grp1,grp1_a.I1.e.P.carinii.Pc2.C1.LSU.1921
13254,tRNA,grp1,grp1_a.I1.e.P.carinii.Pc3.C1.LSU.1921
13255,tRNA,grp1,grp1_a.I1.e.P.clavariiformis.C1.SSU.943
13256,tRNA,grp1,grp1_a.I1.e.P.inouyei.C1.SSU.1506
13257,tRNA,grp1,grp1_a.I1.e.P.inouyei.C1.SSU.943
13258,tRNA,grp1,grp1_a.I1.e.P.macrosporus.C1.SSU.1506
13259,tRNA,grp1,grp1_a.I1.e.P.macrosporus.C1.SSU.943
13260,tRNA,grp1,grp1_a.I1.e.P.pachydermus.C1.SSU.943
13261,tRNA,grp1,grp1_a.I1.e.P.sarcinoidea.C1.SSU.943
13262,tRNA,grp1,grp1_a.I1.e.S.granulatum.C1.SSU.1506
13263,tRNA,grp1,grp1_a.I1.e.S.paniceum.UNK.SSU.1052
13264,tRNA,grp1,grp1_a.I1.e.S.paniceum.UNK.SSU.114
13265,tRNA,grp1,grp1_a.I1.e.S.paniceum.UNK.SSU.1210
13266,tRNA,grp1,grp1_a.I1.e.S.paniceum.UNK.SSU.1506
13267,tRNA,grp1,grp1_a.I1.e.S.paniceum.UNK.SSU.287
13268,tRNA,grp1,grp1_a.I1.e.S.sclerotiorum_1837.C1.LSU.798
13269,tRNA,grp1,grp1_a.I1.e.Staurastrum.sp.M752.C1.SSU.1506
13270,tRNA,grp1,grp1_a.I1.e.Staurastrum.sp.M753.C1.SSU.1506
13271,tRNA,grp1,grp1_a.I1.e.T.cosmopolitanis.C1.LSU.1925
13272,tRNA,grp1,grp1_a.I1.e.T.hyperangularis.C1.LSU.1925
13273,tRNA,grp1,grp1_a.I1.e.T.malaccensis.C1.LSU.1925
13274,tRNA,grp1,grp1_a.I1.e.T.pigmentosa.C1.LSU.1925
13275,tRNA,grp1,grp1_a.I1.e.U.maydis.C1.SSU.943
13276,tRNA,grp1,grp1_a.I1.m.M.grisea.B2.ND1
13277,tRNA,grp1,grp1_a.I1.m.S.luteus.A1.LSU.2504
13278,tRNA,grp1,grp1_a.I1.m.S.pombe.B1.OX1
13279,tRNA,grp1,grp1_b.I1.e.C.saccharophila.C1.SSU.156
13280,tRNA,grp1,grp1_b.I1.e.M.anisopliae.2.C1.LSU.1921
13281,tRNA,grp1,grp1_b.I1.e.M.anisopliae.3.C1.LSU.1921
13282,tRNA,grp1,grp1_b.I1.e.T.thermophila.C1.LSU.1925
13283,tRNA,grp1,grp1_s.I1.e.T.thermophila.C1.LSU.1925.schem
13284,tRNA,grp1,grp1_a.I1.b.Dermocarpa.sp.ATCC29371.C3.tMET
13285,tRNA,grp1,grp1_a.I1.b.Phormidium.sp.N182.C3.tLEU
13286,tRNA,grp1,grp1_a.I1.b.S.hofmanii.C3.tMET
13287,tRNA,grp1,grp1_a.I1.b.Synechococcus.sp2.C3.tLEU
13288,tRNA,grp1,grp1_a.I1.c.A.cherimola.C3.tLEU
13289,tRNA,grp1,grp1_a.I1.c.G.prostrata.C3.tLEU
13290,tRNA,grp1,grp1_a.I1.c.S.bicolor.C3.tLEU
13291,tRNA,grp1,grp1_a.I1.e.A.adeninivorans.C1.LSU.2449
13292,tRNA,grp1,grp1_a.I1.e.A.capsulatus.CBS213.53.C1.SSU.943
13293,tRNA,grp1,grp1_a.I1.e.A.capsulatus.FLs1.C1.SSU
13294,tRNA,grp1,grp1_a.I1.e.A.capsulatus.G184B.C1.SSU
13295,tRNA,grp1,grp1_a.I1.e.A.capsulatus.G186B.C1.SSU
13296,tRNA,grp1,grp1_a.I1.e.A.stipitatus.C1.SSU.1046
13297,tRNA,grp1,grp1_a.I1.e.B.ciliata.JCM6865.C1.SSU.1506
13298,tRNA,grp1,grp1_a.I1.e.B.ciliata.JCM6865.C1.SSU.943
13299,tRNA,grp1,grp1_a.I1.e.B.yamatoana.JCM2896.C1.SSU.1506
13300,tRNA,grp1,grp1_a.I1.e.B.yamatoana.JCM2896.C1.SSU.943
13301,tRNA,grp1,grp1_a.I1.e.C.ellipsoidea.211-1a.C1.SSU.1506
13302,tRNA,grp1,grp1_a.I1.e.C.ellipsoidea.IAMC-87.C1.SSU.1506
13303,tRNA,grp1,grp1_a.I1.e.C.grayi.UNK.SSU.1046
13304,tRNA,grp1,grp1_a.I1.e.C.grayi.UNK.SSU.1516
13305,tRNA,grp1,grp1_a.I1.e.C.merochlorophea.UNK.SSU.1046
13306,tRNA,grp1,grp1_a.I1.e.C.merochlorophea.UNK.SSU.1210
13307,tRNA,grp1,grp1_a.I1.e.C.merochlorophea.UNK.SSU.1389
13308,tRNA,grp1,grp1_a.I1.e.C.merochlorophea.UNK.SSU.1516
13309,tRNA,grp1,grp1_a.I1.e.C.saccatum.C1.SSU.1512
13310,tRNA,grp1,grp1_a.I1.e.C.saxonicum.C1.SSU.1506
13311,tRNA,grp1,grp1_a.I1.e.D.parva.C1.SSU.1512
13312,tRNA,grp1,grp1_a.I1.e.D.parva.C1.SSU.943
13313,tRNA,grp1,grp1_a.I1.e.D.salina.C1.SSU.943
13314,tRNA,grp1,grp1_a.I1.e.E.dermatitidis.C1.SSU.943
13315,tRNA,grp1,grp1_a.I1.e.G.planctonica.C1.SSU.943
13316,tRNA,grp1,grp1_a.I1.e.G.spirotaenia.C1.SSU.1506
13317,tRNA,grp1,grp1_a.I1.e.L.dispersa.UNK.SSU.1046
13318,tRNA,grp1,grp1_a.I1.e.L.dispersa.UNK.SSU.114
13319,tRNA,grp1,grp1_a.I1.e.L.dispersa.UNK.SSU.1210
13320,tRNA,grp1,grp1_a.I1.e.L.dispersa.UNK.SSU.1516
13321,tRNA,grp1,grp1_a.I1.e.L.dispersa.UNK.SSU.287
13322,tRNA,grp1,grp1_a.I1.e.L.dispersa.UNK.SSU.516
13323,tRNA,grp1,grp1_a.I1.e.L.dispersa.UNK.SSU.789
13324,tRNA,grp1,grp1_a.I1.e.M.caldariorum.C1.SSU.1506
13325,tRNA,grp1,grp1_a.I1.e.P.carinii.C1.SSU.1506
13326,tRNA,grp1,grp1_a.I1.e.P.carinii.Pc1.C1.LSU.1921
13327,tRNA,grp1,grp1_a.I1.e.P.carinii.Pc2.C1.LSU.1921
13328,tRNA,grp1,grp1_a.I1.e.P.carinii.Pc3.C1.LSU.1921
13329,tRNA,grp1,grp1_a.I1.e.P.clavariiformis.C1.SSU.943
13330,tRNA,grp1,grp1_a.I1.e.P.inouyei.C1.SSU.1506
13331,tRNA,grp1,grp1_a.I1.e.P.inouyei.C1.SSU.943
13332,tRNA,grp1,grp1_a.I1.e.P.macrosporus.C1.SSU.1506
13333,tRNA,grp1,grp1_a.I1.e.P.macrosporus.C1.SSU.943
13334,tRNA,grp1,grp1_a.I1.e.P.pachydermus.C1.SSU.943
13335,tRNA,grp1,grp1_a.I1.e.P.sarcinoidea.C1.SSU.943
13336,tRNA,grp1,grp1_a.I1.e.S.granulatum.C1.SSU.1506
13337,tRNA,grp1,grp1_a.I1.e.S.paniceum.UNK.SSU.1052
13338,tRNA,grp1,grp1_a.I1.e.S.paniceum.UNK.SSU.114
13339,tRNA,grp1,grp1_a.I1.e.S.paniceum.UNK.SSU.1210
13340,tRNA,grp1,grp1_a.I1.e.S.paniceum.UNK.SSU.1506
13341,tRNA,grp1,grp1_a.I1.e.S.paniceum.UNK.SSU.287
13342,tRNA,grp1,grp1_a.I1.e.S.sclerotiorum_1837.C1.LSU.798
13343,tRNA,grp1,grp1_a.I1.e.Staurastrum.sp.M752.C1.SSU.1506
13344,tRNA,grp1,grp1_a.I1.e.Staurastrum.sp.M753.C1.SSU.1506
13345,tRNA,grp1,grp1_a.I1.e.T.cosmopolitanis.C1.LSU.1925
13346,tRNA,grp1,grp1_a.I1.e.T.hyperangularis.C1.LSU.1925
13347,tRNA,grp1,grp1_a.I1.e.T.malaccensis.C1.LSU.1925
13348,tRNA,grp1,grp1_a.I1.e.T.pigmentosa.C1.LSU.1925
13349,tRNA,grp1,grp1_a.I1.e.U.maydis.C1.SSU.943
13350,tRNA,grp1,grp1_a.I1.m.M.grisea.B2.ND1
13351,tRNA,grp1,grp1_a.I1.m.S.luteus.A1.LSU.2504
13352,tRNA,grp1,grp1_a.I1.m.S.pombe.B1.OX1
13353,tRNA,grp1,grp1_b.I1.e.C.saccharophila.C1.SSU.156
13354,tRNA,grp1,grp1_b.I1.e.M.anisopliae.2.C1.LSU.1921
13355,tRNA,grp1,grp1_b.I1.e.M.anisopliae.3.C1.LSU.1921
13356,tRNA,grp1,grp1_b.I1.e.T.thermophila.C1.LSU.1925
13357,tRNA,grp1,grp1_s.I1.e.T.thermophila.C1.LSU.1925.schem
13358,tRNA,grp1,grp1_a.I1.b.Dermocarpa.sp.ATCC29371.C3.tMET
13359,tRNA,grp1,grp1_a.I1.b.Phormidium.sp.N182.C3.tLEU
13360,tRNA,grp1,grp1_a.I1.b.S.hofmanii.C3.tMET
13361,tRNA,grp1,grp1_a.I1.b.Synechococcus.sp2.C3.tLEU
13362,tRNA,grp1,grp1_a.I1.c.A.cherimola.C3.tLEU
13363,tRNA,grp1,grp1_a.I1.c.G.prostrata.C3.tLEU
13364,tRNA,grp1,grp1_a.I1.c.S.bicolor.C3.tLEU
13365,tRNA,grp1,grp1_a.I1.e.A.adeninivorans.C1.LSU.2449
13366,tRNA,grp1,grp1_a.I1.e.A.capsulatus.CBS213.53.C1.SSU.943
13367,tRNA,grp1,grp1_a.I1.e.A.capsulatus.FLs1.C1.SSU
13368,tRNA,grp1,grp1_a.I1.e.A.capsulatus.G184B.C1.SSU
13369,tRNA,grp1,grp1_a.I1.e.A.capsulatus.G186B.C1.SSU
13370,tRNA,grp1,grp1_a.I1.e.A.stipitatus.C1.SSU.1046
13371,tRNA,grp1,grp1_a.I1.e.B.ciliata.JCM6865.C1.SSU.1506
13372,tRNA,grp1,grp1_a.I1.e.B.ciliata.JCM6865.C1.SSU.943
13373,tRNA,grp1,grp1_a.I1.e.B.yamatoana.JCM2896.C1.SSU.1506
13374,tRNA,grp1,grp1_a.I1.e.B.yamatoana.JCM2896.C1.SSU.943
13375,tRNA,grp1,grp1_a.I1.e.C.ellipsoidea.211-1a.C1.SSU.1506
13376,tRNA,grp1,grp1_a.I1.e.C.ellipsoidea.IAMC-87.C1.SSU.1506
13377,tRNA,grp1,grp1_a.I1.e.C.grayi.UNK.SSU.1046
13378,tRNA,grp1,grp1_a.I1.e.C.grayi.UNK.SSU.1516
13379,tRNA,grp1,grp1_a.I1.e.C.merochlorophea.UNK.SSU.1046
13380,tRNA,grp1,grp1_a.I1.e.C.merochlorophea.UNK.SSU.1210
13381,tRNA,grp1,grp1_a.I1.e.C.merochlorophea.UNK.SSU.1389
13382,tRNA,grp1,grp1_a.I1.e.C.merochlorophea.UNK.SSU.1516
13383,tRNA,grp1,grp1_a.I1.e.C.saccatum.C1.SSU.1512
13384,tRNA,grp1,grp1_a.I1.e.C.saxonicum.C1.SSU.1506
13385,tRNA,grp1,grp1_a.I1.e.D.parva.C1.SSU.1512
13386,tRNA,grp1,grp1_a.I1.e.D.parva.C1.SSU.943
13387,tRNA,grp1,grp1_a.I1.e.D.salina.C1.SSU.943
13388,tRNA,grp1,grp1_a.I1.e.E.dermatitidis.C1.SSU.943
13389,tRNA,grp1,grp1_a.I1.e.G.planctonica.C1.SSU.943
13390,tRNA,grp1,grp1_a.I1.e.G.spirotaenia.C1.SSU.1506
13391,tRNA,grp1,grp1_a.I1.e.L.dispersa.UNK.SSU.1046
13392,tRNA,grp1,grp1_a.I1.e.L.dispersa.UNK.SSU.114
13393,tRNA,grp1,grp1_a.I1.e.L.dispersa.UNK.SSU.1210
13394,tRNA,grp1,grp1_a.I1.e.L.dispersa.UNK.SSU.1516
13395,tRNA,grp1,grp1_a.I1.e.L.dispersa.UNK.SSU.287
13396,tRNA,grp1,grp1_a.I1.e.L.dispersa.UNK.SSU.516
13397,tRNA,grp1,grp1_a.I1.e.L.dispersa.UNK.SSU.789
13398,tRNA,grp1,grp1_a.I1.e.M.caldariorum.C1.SSU.1506
13399,tRNA,grp1,grp1_a.I1.e.P.carinii.C1.SSU.1506
13400,tRNA,grp1,grp1_a.I1.e.P.carinii.Pc1.C1.LSU.1921
13401,tRNA,grp1,grp1_a.I1.e.P.carinii.Pc2.C1.LSU.1921
13402,tRNA,grp1,grp1_a.I1.e.P.carinii.Pc3.C1.LSU.1921
13403,tRNA,grp1,grp1_a.I1.e.P.clavariiformis.C1.SSU.943
13404,tRNA,grp1,grp1_a.I1.e.P.inouyei.C1.SSU.1506
13405,tRNA,grp1,grp1_a.I1.e.P.inouyei.C1.SSU.943
13406,tRNA,grp1,grp1_a.I1.e.P.macrosporus.C1.SSU.1506
13407,tRNA,grp1,grp1_a.I1.e.P.macrosporus.C1.SSU.943
13408,tRNA,grp1,grp1_a.I1.e.P.pachydermus.C1.SSU.943
13409,tRNA,grp1,grp1_a.I1.e.P.sarcinoidea.C1.SSU.943
13410,tRNA,srp,srp_Acin.spec._CR543861
13411,tRNA,srp,srp_Aede.aegy._DW714815
13412,tRNA,srp,srp_Aero.pern._BA000002
13413,tRNA,srp,srp_Alka.meta._CP000724
13414,tRNA,srp,srp_Anae.sp.._CP000769
13415,tRNA,srp,srp_Anto.locu._GSP-278021
13416,tRNA,srp,srp_Arab.thal._AC005275
13417,tRNA,srp,srp_Arab.thal._X72228
13418,tRNA,srp,srp_Ashb.goss._AE016819
13419,tRNA,srp,srp_Aspe.flav._GSP-332952
13420,tRNA,srp,srp_Aspe.fumi._GSP-41122
13421,tRNA,srp,srp_Aspe.terr._GSP-341663
13422,tRNA,srp,srp_Baci.alca._D11422
13423,tRNA,srp,srp_Baci.cere._CP000001
13424,tRNA,srp,srp_Baci.poly._D11421
13425,tRNA,srp,srp_Baci.subt._X06802
13426,tRNA,srp,srp_Baci.subt._X12642
13427,tRNA,srp,srp_Baci.thur._CP000485
13428,tRNA,srp,srp_Bdel.bact._BX842656
13429,tRNA,srp,srp_Bloc.flor._BX248585
13430,tRNA,srp,srp_Borr.burg._AE000783
13431,tRNA,srp,srp_Bos.taur._GSP-6282
13432,tRNA,srp,srp_Brad.japo._BA000040
13433,tRNA,srp,srp_Bras.napu._EE412262
13434,tRNA,srp,srp_Bruc.meli._AM040264
13435,tRNA,srp,srp_Bruc.ovis._CP000708
13436,tRNA,srp,srp_Burk.mall._CP000546
13437,tRNA,srp,srp_Burk.pseu._CP000124
13438,tRNA,srp,srp_Burk.pseu._CP000572
13439,tRNA,srp,srp_Caen.eleg._AY948607
13440,tRNA,srp,srp_Camp.jeju._CP000025
13441,tRNA,srp,srp_Cand.Bloc._CP000016
13442,tRNA,srp,srp_Carb.hydr._CP000141
13443,tRNA,srp,srp_Caul.cres._AE005700
13444,tRNA,srp,srp_Chla.cavi._AE016995
13445,tRNA,srp,srp_Chla.muri._AE002160
13446,tRNA,srp,srp_Chla.pneu._AE001363
13447,tRNA,srp,srp_Chla.rein._SDB-3055
13448,tRNA,srp,srp_Chla.trac._AE001298
13449,tRNA,srp,srp_Chlo.vulg._AB001684
13450,tRNA,srp,srp_Cion.savi._BW551179
13451,tRNA,srp,srp_Citr.sine._CN181543
13452,tRNA,srp,srp_Clos.acet._AE001437
13453,tRNA,srp,srp_Clos.beij._CP000721
13454,tRNA,srp,srp_Clos.botu._AM412317
13455,tRNA,srp,srp_Clos.diff._AM180355
13456,tRNA,srp,srp_Clos.kluy._CP000673
13457,tRNA,srp,srp_Clos.perf._CP000246
13458,tRNA,srp,srp_Cocc.posa._GSP-222929
13459,tRNA,srp,srp_Cory.diph._BX248354
13460,tRNA,srp,srp_Cory.jeik._CR931997
13461,tRNA,srp,srp_Cryp.homi._GSP-353151
13462,tRNA,srp,srp_Cryp.parv._XM_626716
13463,tRNA,srp,srp_Cypr.carp._CF662133
13464,tRNA,srp,srp_Dani.rrer._BX469912
13465,tRNA,srp,srp_Desu.vulg._CP000527
13466,tRNA,srp,srp_Dros.mela._AE014297
13467,tRNA,srp,srp_Dros.mela._X00952
13468,tRNA,srp,srp_Dros.moja._GSP-7230
13469,tRNA,srp,srp_Ence.cuni._AL590449
13470,tRNA,srp,srp_Ente.faec._AE016953
13471,tRNA,srp,srp_Ento.sulc._AF095839
13472,tRNA,srp,srp_Esch.coli._AE016756
13473,tRNA,srp,srp_Esch.coli._CP000243
13474,tRNA,srp,srp_Esch.coli._CP000468
13475,tRNA,srp,srp_Esch.coli._U00096
13476,tRNA,srp,srp_Esch.coli._U82664
13477,tRNA,srp,srp_Esch.coli._X01074
13478,tRNA,srp,srp_Fran.tula._AJ749949
13479,tRNA,srp,srp_Fran.tula._AM286280
13480,tRNA,srp,srp_Fran.tula._CP000437
13481,tRNA,srp,srp_Fran.tula._CP000439
13482,tRNA,srp,srp_Gald.sulp._GSP-130081
13483,tRNA,srp,srp_Gibb.zeae._GSP-229533
13484,tRNA,srp,srp_Haem.infl._CP000672
13485,tRNA,srp,srp_Hahe.chej._CP000155
13486,tRNA,srp,srp_Halo.mari._AY596297
13487,tRNA,srp,srp_Halo.volc._AF395888
13488,tRNA,srp,srp_Heli.annu._AJ828095
13489,tRNA,srp,srp_Heli.pylo._AE001439
13490,tRNA,srp,srp_Heli.pylo._CP000241
13491,tRNA,srp,srp_Homo.sapi._AB061847
13492,tRNA,srp,srp_Homo.sapi._BE083383
13493,tRNA,srp,srp_Homo.sapi._BF875598
13494,tRNA,srp,srp_Homo.sapi._BF909438
13495,tRNA,srp,srp_Homo.sapi._BF909560
13496,tRNA,srp,srp_Homo.sapi._BF909563
13497,tRNA,srp,srp_Homo.sapi._NR_002715
13498,tRNA,srp,srp_Humu.lupu._AJ236703
13499,tRNA,srp,srp_Humu.lupu._X65983
13500,tRNA,srp,srp_Hype.buty._CP000493
13501,tRNA,srp,srp_Kine.radi._CP000750
13502,tRNA,srp,srp_Kleb.pneu._CP000647
13503,tRNA,srp,srp_Kluy.lact._CR382126
13504,tRNA,srp,srp_Lact.case._CP000423
13505,tRNA,srp,srp_Lact.delb._CR954253
13506,tRNA,srp,srp_Lact.john._AE017198
13507,tRNA,srp,srp_Legi.pneu._CR628337
13508,tRNA,srp,srp_Leis.braz._AY722724
13509,tRNA,srp,srp_Leis.dono._AY722734
13510,tRNA,srp,srp_Leis.guya._AY722728
13511,tRNA,srp,srp_Leis.infa._AM502223
13512,tRNA,srp,srp_Leis.infa._SDB-5671
13513,tRNA,srp,srp_Leis.majo._AY722715
13514,tRNA,srp,srp_Leis.majo._SDB-347515
13515,tRNA,srp,srp_List.inno._AL596173
13516,tRNA,srp,srp_List.mono._U15684
13517,tRNA,srp,srp_List.wels._AM263198
13518,tRNA,srp,srp_Lyco.escu._Z29099
13519,tRNA,srp,srp_Mann.succ._AE016827
13520,tRNA,srp,srp_Mari.aqua._CP000514
13521,tRNA,srp,srp_Medi.trun._AC136507
13522,tRNA,srp,srp_Medi.trun._BE941271
13523,tRNA,srp,srp_Medi.trun._CX540689
13524,tRNA,srp,srp_Meth.acet._AE010299
13525,tRNA,srp,srp_Meth.burt._CP000300
13526,tRNA,srp,srp_Meth.ferv._M32222
13527,tRNA,srp,srp_Meth.jann._L77117
13528,tRNA,srp,srp_Meth.mari._CP000745
13529,tRNA,srp,srp_Meth.maze._AE008384
13530,tRNA,srp,srp_Mono.brev._GSP-81824
13531,tRNA,srp,srp_Myco.bovi._BX248347
13532,tRNA,srp,srp_Myco.geni._L43967
13533,tRNA,srp,srp_Myco.hyop._AE017244
13534,tRNA,srp,srp_Myco.lepr._AL023596
13535,tRNA,srp,srp_Myco.myco._BX842642
13536,tRNA,srp,srp_Myco.spec._CP000580
13537,tRNA,srp,srp_Myco.syno._AE017245
13538,tRNA,srp,srp_Nitr.euro._AL954747
13539,tRNA,srp,srp_Nitr.euro._BX321857
13540,tRNA,srp,srp_Nitr.eutr._CP000450
13541,tRNA,srp,srp_Onch.volv._AI249203
13542,tRNA,srp,srp_Orni.anat._GSP-9258
13543,tRNA,srp,srp_Para.bras._CN241137
13544,tRNA,srp,srp_Phyt.ramo._GSP-164328
13545,tRNA,srp,srp_Picr.torr._AE017261
13546,tRNA,srp,srp_Plas.gall._GSP-5849
13547,tRNA,srp,srp_Popu.bals._GSP-73824
13548,tRNA,srp,srp_Proc.mari._AE017165
13549,tRNA,srp,srp_Proc.mari._BX572093
13550,tRNA,srp,srp_Proc.mari._CP000551
13551,tRNA,srp,srp_Proc.mari._CP000576
13552,tRNA,srp,srp_Proc.spec._AJ011025
13553,tRNA,srp,srp_Pseu.syri._CP000075
13554,tRNA,srp,srp_Psyc.arct._CP000082
13555,tRNA,srp,srp_Psyc.sp.._CP000713
13556,tRNA,srp,srp_Pyro.cali._CP000561
13557,tRNA,srp,srp_Pyro.hori._BA000001
13558,tRNA,srp,srp_Rick.typh._AE017197
13559,tRNA,srp,srp_Sacc.para._BN000251
13560,tRNA,srp,srp_Salm.ente._AE017220
13561,tRNA,srp,srp_Schm.medi._GSP-79327
13562,tRNA,srp,srp_Shew.balt._CP000563
13563,tRNA,srp,srp_Shew.spec._CP000503
13564,tRNA,srp,srp_Shig.flex._AE005674
13565,tRNA,srp,srp_Shig.flex._AE014073
13566,tRNA,srp,srp_Shig.flex._AE016979
13567,tRNA,srp,srp_Shig.flex._CP000266
13568,tRNA,srp,srp_Sili.spec._CP000377
13569,tRNA,srp,srp_Sino.meli._AL591782
13570,tRNA,srp,srp_Stap.aure._BX571857
13571,tRNA,srp,srp_Stap.aure._CP000703
13572,tRNA,srp,srp_Stap.aure._E36052
13573,tRNA,srp,srp_Stap.epid._AF269814
13574,tRNA,srp,srp_Stre.agal._AL766845
13575,tRNA,srp,srp_Stre.muta._AE014133
13576,tRNA,srp,srp_Stre.pneu._AE007319
13577,tRNA,srp,srp_Stre.pneu._CP000410
13578,tRNA,srp,srp_Stre.pyog._AE009969
13579,tRNA,srp,srp_Stre.pyog._AE014139
13580,tRNA,srp,srp_Stre.pyog._AM295007
13581,tRNA,srp,srp_Stre.pyog._CP000056
13582,tRNA,srp,srp_Stre.pyog._CP000260
13583,tRNA,srp,srp_Stre.pyog._CP000261
13584,tRNA,srp,srp_Sulf.solf._Y08257
13585,tRNA,srp,srp_Sulf.toko._BA000023
13586,tRNA,srp,srp_Thal.pseu._EF067921
13587,tRNA,srp,srp_Thal.pseu._GSP-296543
13588,tRNA,srp,srp_Ther.acid._AL445063
13589,tRNA,srp,srp_Ther.koda._AP006878
13590,tRNA,srp,srp_Ther.mela._CP000716
13591,tRNA,srp,srp_Toxo.gond._GSP-398031
13592,tRNA,srp,srp_Tric.vagi._GSP-5722-2
13593,tRNA,srp,srp_Trit.aest._BE424647
13594,tRNA,srp,srp_Trit.aest._CD897082
13595,tRNA,srp,srp_Trop.whip._AE014184
13596,tRNA,srp,srp_Trop.whip._AE016852
13597,tRNA,srp,srp_Tryp.bruc._AF047723
13598,tRNA,srp,srp_Tryp.bruc._S56681
13599,tRNA,srp,srp_Tryp.bruc._X57047
13600,tRNA,srp,srp_Tryp.cong._SDB-5692
13601,tRNA,srp,srp_Vibr.chol._CP000627
13602,tRNA,srp,srp_Xant.camp._CP000050
13603,tRNA,srp,srp_Xant.oryz._AE013598
13604,tRNA,srp,srp_Yarr.lipo._X51658
13605,tRNA,srp,srp_Yers.pest._AE017042
13606,tRNA,srp,srp_Yers.pest._AE017129
13607,tRNA,srp,srp_Yers.pest._AJ414155
13608,tRNA,srp,srp_Yers.pest._CP000305
13609,tRNA,srp,srp_Yers.pseu._BX936398
13610,tRNA,tRNA,tRNA_tdbR00000001-Halobacterium_salinarum-2242-Ala-CGC
13611,tRNA,tRNA,tRNA_tdbR00000002-Haloferax_volcanii-2246-Ala-CGC
13612,tRNA,tRNA,tRNA_tdbR00000003-Haloferax_volcanii-2246-Ala-GGC
13613,tRNA,tRNA,tRNA_tdbR00000004-Haloferax_volcanii-2246-Ala-UGC
13614,tRNA,tRNA,tRNA_tdbR00000005-Mycoplasma_capricolum-2095-Ala-UGC
13615,tRNA,tRNA,tRNA_tdbR00000006-Mycoplasma_mycoides-2102-Ala-UGC
13616,tRNA,tRNA,tRNA_tdbR00000007-Bacillus_subtilis-1423-Ala-5GC
13617,tRNA,tRNA,tRNA_tdbR00000008-Escherichia_coli-562-Ala-GGC
13618,tRNA,tRNA,tRNA_tdbR00000009-Escherichia_coli-562-Ala-VGC
13619,tRNA,tRNA,tRNA_tdbR00000010-Escherichia_coli-562-Ala-VGC
13620,tRNA,tRNA,tRNA_tdbR00000011-Neurospora_crassa-5141-Ala-UGC
13621,tRNA,tRNA,tRNA_tdbR00000012-Saccharomyces_cerevisiae-4932-Ala-IGC
13622,tRNA,tRNA,tRNA_tdbR00000013-Pichia_jadinii-4903-Ala-IGC
13623,tRNA,tRNA,tRNA_tdbR00000014-Bombyx_mori-7091-Ala-IGC
13624,tRNA,tRNA,tRNA_tdbR00000015-Bombyx_mori-7091-Ala-IGC
13625,tRNA,tRNA,tRNA_tdbR00000016-Homo_sapiens-9606-Ala-IGC
13626,tRNA,tRNA,tRNA_tdbR00000017-Homo_sapiens-9606-Ala-IGC
13627,tRNA,tRNA,tRNA_tdbR00000019-Mycoplasma_capricolum-2095-Cys-GCA
13628,tRNA,tRNA,tRNA_tdbR00000020-Escherichia_coli-562-Cys-GCA
13629,tRNA,tRNA,tRNA_tdbR00000021-Saccharomyces_cerevisiae-4932-Cys-GCA
13630,tRNA,tRNA,tRNA_tdbR00000022-Enterobacteria_phage_T5-10726-Asp-GUC
13631,tRNA,tRNA,tRNA_tdbR00000023-Haloferax_volcanii-2246-Asp-GUC
13632,tRNA,tRNA,tRNA_tdbR00000024-Mycoplasma_capricolum-2095-Asp-GUC
13633,tRNA,tRNA,tRNA_tdbR00000025-Thermus_thermophilus-274-Asp-GUC
13634,tRNA,tRNA,tRNA_tdbR00000026-Escherichia_coli-562-Asp-QUC
13635,tRNA,tRNA,tRNA_tdbR00000027-Hordeum_vulgare-4513-Asp-GUC
13636,tRNA,tRNA,tRNA_tdbR00000028-Hordeum_vulgare-4513-Asp-QUC
13637,tRNA,tRNA,tRNA_tdbR00000029-Asterias_amurensis-7602-Asp-QUC
13638,tRNA,tRNA,tRNA_tdbR00000030-Aedes_albopictus-7160-Asp-GUC
13639,tRNA,tRNA,tRNA_tdbR00000031-Rattus_norvegicus-10116-Asp-QUC
13640,tRNA,tRNA,tRNA_tdbR00000032-Rattus_norvegicus-10116-Asp-GUC
13641,tRNA,tRNA,tRNA_tdbR00000033-Didelphis_virginiana-9267-Asp-QUC
13642,tRNA,tRNA,tRNA_tdbR00000034-Mesocricetus_auratus-10036-Asp-GUC
13643,tRNA,tRNA,tRNA_tdbR00000035-Saccharomyces_cerevisiae-4932-Asp-GUC
13644,tRNA,tRNA,tRNA_tdbR00000036-Euglena_gracilis-3039-Asp-GUC
13645,tRNA,tRNA,tRNA_tdbR00000037-Rattus_norvegicus-10116-Asp-GUC
13646,tRNA,tRNA,tRNA_tdbR00000038-Rattus_norvegicus-10116-Asp-8UC
13647,tRNA,tRNA,tRNA_tdbR00000039-Oryctolagus_cuniculus-9986-Asp-8UC
13648,tRNA,tRNA,tRNA_tdbR00000041-Xenopus_laevis-8355-Asp-8UC
13649,tRNA,tRNA,tRNA_tdbR00000042-Haloferax_volcanii-2246-Glu-MUC
13650,tRNA,tRNA,tRNA_tdbR00000043-Haloferax_volcanii-2246-Glu-NUC
13651,tRNA,tRNA,tRNA_tdbR00000044-Mycoplasma_capricolum-2095-Glu-UC
13652,tRNA,tRNA,tRNA_tdbR00000045-Escherichia_coli-562-Glu-SUC
13653,tRNA,tRNA,tRNA_tdbR00000046-Escherichia_coli-562-Glu-SUC
13654,tRNA,tRNA,tRNA_tdbR00000047-Escherichia_coli-562-Glu-SUC
13655,tRNA,tRNA,tRNA_tdbR00000048-Synechocystis_sp.-1143-Glu-NUC
13656,tRNA,tRNA,tRNA_tdbR00000049-Chlamydomonas_reinhardtii-3055-Glu-NUC
13657,tRNA,tRNA,tRNA_tdbR00000050-Hordeum_vulgare-4513-Glu-SPC
13658,tRNA,tRNA,tRNA_tdbR00000051-Triticum_aestivum-4565-Glu-SPC
13659,tRNA,tRNA,tRNA_tdbR00000052-Aedes_albopictus-7160-Glu-NUC
13660,tRNA,tRNA,tRNA_tdbR00000053-Bos_taurus-9913-Glu-NUC
13661,tRNA,tRNA,tRNA_tdbR00000054-Saccharomyces_cerevisiae-4932-Glu-3UC
13662,tRNA,tRNA,tRNA_tdbR00000055-Schizosaccharomyces_pombe-4896-Glu-3UC
13663,tRNA,tRNA,tRNA_tdbR00000056-Hordeum_vulgare-4513-Glu-UPC
13664,tRNA,tRNA,tRNA_tdbR00000057-Hordeum_vulgare-4513-Glu-CPC
13665,tRNA,tRNA,tRNA_tdbR00000058-Lupinus_luteus-3873-Glu-CUC
13666,tRNA,tRNA,tRNA_tdbR00000059-Rattus_norvegicus-10116-Glu-3UC
13667,tRNA,tRNA,tRNA_tdbR00000060-Drosophila_melanogaster-7227-Glu-2UC
13668,tRNA,tRNA,tRNA_tdbR00000061-Mus_musculus-10090-Glu-CUC
13669,tRNA,tRNA,tRNA_tdbR00000062-Homo_sapiens-9606-Glu-CUC
13670,tRNA,tRNA,tRNA_tdbR00000063-Haloferax_volcanii-2246-Phe-GAA
13671,tRNA,tRNA,tRNA_tdbR00000064-Mycoplasma_capricolum-2095-Phe-GAA
13672,tRNA,tRNA,tRNA_tdbR00000065-Bacillus_subtilis-1423-Phe-AA
13673,tRNA,tRNA,tRNA_tdbR00000066-Thermus_thermophilus-274-Phe-GAA
13674,tRNA,tRNA,tRNA_tdbR00000067-Escherichia_coli-562-Phe-GAA
13675,tRNA,tRNA,tRNA_tdbR00000068-Rhodospirillum_rubrum-1085-Phe-GAA
13676,tRNA,tRNA,tRNA_tdbR00000069-Synechococcus_sp._PCC_7002-32049-Phe-GAA
13677,tRNA,tRNA,tRNA_tdbR00000070-Geobacillus_stearothermophilus-1422-Phe-AA
13678,tRNA,tRNA,tRNA_tdbR00000072-Phaseolus_vulgaris-3885-Phe-GAA
13679,tRNA,tRNA,tRNA_tdbR00000073-Spinacia_oleracea-3562-Phe-GAA
13680,tRNA,tRNA,tRNA_tdbR00000074-Tetrahymena_pyriformis-5908-Phe-GAA
13681,tRNA,tRNA,tRNA_tdbR00000078-Ascaris_suum-6253-Phe-GAA
13682,tRNA,tRNA,tRNA_tdbR00000079-Rattus_norvegicus-10116-Phe-GAA
13683,tRNA,tRNA,tRNA_tdbR00000080-Bos_taurus-9913-Phe-GAA
13684,tRNA,tRNA,tRNA_tdbR00000082-Neurospora_crassa-5141-Phe-AA
13685,tRNA,tRNA,tRNA_tdbR00000083-Saccharomyces_cerevisiae-4932-Phe-AA
13686,tRNA,tRNA,tRNA_tdbR00000084-Saccharomyces_cerevisiae-4932-Phe-AA
13687,tRNA,tRNA,tRNA_tdbR00000085-Schizosaccharomyces_pombe-4896-Phe-AA
13688,tRNA,tRNA,tRNA_tdbR00000086-Euglena_gracilis-3039-Phe-AA
13689,tRNA,tRNA,tRNA_tdbR00000087-Hordeum_vulgare-4513-Phe-AA
13690,tRNA,tRNA,tRNA_tdbR00000088-Triticum_aestivum-4565-Phe-AA
13691,tRNA,tRNA,tRNA_tdbR00000089-Brassica_napus-3708-Phe-AA
13692,tRNA,tRNA,tRNA_tdbR00000090-Lupinus_luteus-3873-Phe-AA
13693,tRNA,tRNA,tRNA_tdbR00000091-Pisum_sativum-3888-Phe-AA
13694,tRNA,tRNA,tRNA_tdbR00000092-Oryctolagus_cuniculus-9986-Phe-AA
13695,tRNA,tRNA,tRNA_tdbR00000093-Bombyx_mori-7091-Phe-AA
13696,tRNA,tRNA,tRNA_tdbR00000094-Bombyx_mori-7091-Phe-AA
13697,tRNA,tRNA,tRNA_tdbR00000095-Drosophila_melanogaster-7227-Phe-AA
13698,tRNA,tRNA,tRNA_tdbR00000096-Bos_taurus-9913-Phe-AA
13699,tRNA,tRNA,tRNA_tdbR00000097-Bos_taurus-9913-Phe-AA
13700,tRNA,tRNA,tRNA_tdbR00000098-Xenopus_laevis-8355-Phe-AA
13701,tRNA,tRNA,tRNA_tdbR00000099-Mus_musculus-10090-Phe-AA
13702,tRNA,tRNA,tRNA_tdbR00000100-Mus_musculus-10090-Phe-AA
13703,tRNA,tRNA,tRNA_tdbR00000101-Mus_musculus-10090-Phe-AA
13704,tRNA,tRNA,tRNA_tdbR00000102-Bos_taurus-9913-Phe-AA
13705,tRNA,tRNA,tRNA_tdbR00000103-Homo_sapiens-9606-Phe-AA
13706,tRNA,tRNA,tRNA_tdbR00000104-Enterobacteria_phage_T4-10665-Gly-NCC
13707,tRNA,tRNA,tRNA_tdbR00000105-Halobacterium_salinarum-2242-Gly-GCC
13708,tRNA,tRNA,tRNA_tdbR00000106-Haloferax_volcanii-2246-Gly-CCC
13709,tRNA,tRNA,tRNA_tdbR00000107-Haloferax_volcanii-2246-Gly-GCC
13710,tRNA,tRNA,tRNA_tdbR00000108-Haloferax_volcanii-2246-Gly-GCC
13711,tRNA,tRNA,tRNA_tdbR00000109-Haloferax_volcanii-2246-Gly-NCC
13712,tRNA,tRNA,tRNA_tdbR00000110-Methanobacterium_thermaggregans-83982-Gly-GCC
13713,tRNA,tRNA,tRNA_tdbR00000111-Mycoplasma_capricolum-2095-Gly-UCC
13714,tRNA,tRNA,tRNA_tdbR00000112-Mycoplasma_mycoides-2102-Gly-UCC
13715,tRNA,tRNA,tRNA_tdbR00000113-Streptomyces_coelicolor_A32-100226-Gly-CCC
13716,tRNA,tRNA,tRNA_tdbR00000114-Staphylococcus_epidermidis-1282-Gly-UCC
13717,tRNA,tRNA,tRNA_tdbR00000115-Staphylococcus_epidermidis-1282-Gly-UCC
13718,tRNA,tRNA,tRNA_tdbR00000116-Bacillus_subtilis-1423-Gly-CC
13719,tRNA,tRNA,tRNA_tdbR00000117-Escherichia_coli-562-Gly-CCC
13720,tRNA,tRNA,tRNA_tdbR00000118-Escherichia_coli-562-Gly-GCC
13721,tRNA,tRNA,tRNA_tdbR00000119-Escherichia_coli-562-Gly-NCC
13722,tRNA,tRNA,tRNA_tdbR00000120-Salmonella_typhimurium-602-Gly-CCC
13723,tRNA,tRNA,tRNA_tdbR00000121-Salmonella_typhimurium-602-Gly-NCC
13724,tRNA,tRNA,tRNA_tdbR00000122-Codium_fragile-3133-Gly-UCC
13725,tRNA,tRNA,tRNA_tdbR00000123-Saccharomyces_cerevisiae-4932-Gly-NCC
13726,tRNA,tRNA,tRNA_tdbR00000124-Aedes_albopictus-7160-Gly-UCC
13727,tRNA,tRNA,tRNA_tdbR00000125-Bos_taurus-9913-Gly-UCC
13728,tRNA,tRNA,tRNA_tdbR00000126-Halocynthia_roretzi-7729-Gly-NCU
13729,tRNA,tRNA,tRNA_tdbR00000127-Halocynthia_roretzi-7729-Gly-UCU
13730,tRNA,tRNA,tRNA_tdbR00000128-Halocynthia_roretzi-7729-Gly-GCU
13731,tRNA,tRNA,tRNA_tdbR00000129-Saccharomyces_cerevisiae-4932-Gly-GCC
13732,tRNA,tRNA,tRNA_tdbR00000131-Triticum_aestivum-4565-Gly-GCC
13733,tRNA,tRNA,tRNA_tdbR00000132-Lupinus_luteus-3873-Gly-GCC
13734,tRNA,tRNA,tRNA_tdbR00000133-Bombyx_mori-7091-Gly-GCC
13735,tRNA,tRNA,tRNA_tdbR00000134-Bombyx_mori-7091-Gly-CC
13736,tRNA,tRNA,tRNA_tdbR00000135-Homo_sapiens-9606-Gly-CCC
13737,tRNA,tRNA,tRNA_tdbR00000136-Homo_sapiens-9606-Gly-GCC
13738,tRNA,tRNA,tRNA_tdbR00000138-Haloferax_volcanii-2246-His-GUG
13739,tRNA,tRNA,tRNA_tdbR00000139-Mycoplasma_capricolum-2095-His-GUK
13740,tRNA,tRNA,tRNA_tdbR00000140-Escherichia_coli-562-His-QUG
13741,tRNA,tRNA,tRNA_tdbR00000141-Salmonella_typhimurium-602-His-QUG
13742,tRNA,tRNA,tRNA_tdbR00000142-Saccharomyces_cerevisiae-4932-His-GUG
13743,tRNA,tRNA,tRNA_tdbR00000143-Asterias_amurensis-7602-His-QUG
13744,tRNA,tRNA,tRNA_tdbR00000144-Saccharomyces_cerevisiae-4932-His-GUG
13745,tRNA,tRNA,tRNA_tdbR00000145-Saccharomyces_cerevisiae-4932-His-GUG
13746,tRNA,tRNA,tRNA_tdbR00000146-Lupinus_luteus-3873-His-GUG
13747,tRNA,tRNA,tRNA_tdbR00000147-Drosophila_melanogaster-7227-His-GUG
13748,tRNA,tRNA,tRNA_tdbR00000148-Ovis_aries-9940-His-QUG
13749,tRNA,tRNA,tRNA_tdbR00000149-Homo_sapiens-9606-His-GUG
13750,tRNA,tRNA,tRNA_tdbR00000151-Haloferax_volcanii-2246-Ile-GAU
13751,tRNA,tRNA,tRNA_tdbR00000152-Haloferax_volcanii-2246-Ile-NAU
13752,tRNA,tRNA,tRNA_tdbR00000153-Mycoplasma_capricolum-2095-Ile-AU
13753,tRNA,tRNA,tRNA_tdbR00000154-Mycoplasma_capricolum-2095-Ile-GAU
13754,tRNA,tRNA,tRNA_tdbR00000155-Mycoplasma_mycoides-2102-Ile-GAU
13755,tRNA,tRNA,tRNA_tdbR00000156-Bacillus_subtilis-1423-Ile-AU
13756,tRNA,tRNA,tRNA_tdbR00000157-Thermus_thermophilus-274-Ile-GAU
13757,tRNA,tRNA,tRNA_tdbR00000158-Escherichia_coli-562-Ile-GAU
13758,tRNA,tRNA,tRNA_tdbR00000159-Escherichia_coli-562-Ile-GAU
13759,tRNA,tRNA,tRNA_tdbR00000160-Escherichia_coli-562-Ile-AU
13760,tRNA,tRNA,tRNA_tdbR00000161-Zea_mays-4577-Ile-GAU
13761,tRNA,tRNA,tRNA_tdbR00000162-Spinacia_oleracea-3562-Ile-GAU
13762,tRNA,tRNA,tRNA_tdbR00000164-Saccharomyces_cerevisiae-4932-Ile-GAU
13763,tRNA,tRNA,tRNA_tdbR00000165-Solanum_tuberosum-4113-Ile-AU
13764,tRNA,tRNA,tRNA_tdbR00000167-Aedes_albopictus-7160-Ile-GAU
13765,tRNA,tRNA,tRNA_tdbR00000168-Bos_taurus-9913-Ile-GAU
13766,tRNA,tRNA,tRNA_tdbR00000169-Homo_sapiens-9606-Ile-GAU
13767,tRNA,tRNA,tRNA_tdbR00000170-Saccharomyces_cerevisiae-4932-Ile-IAU
13768,tRNA,tRNA,tRNA_tdbR00000171-Pichia_jadinii-4903-Ile-IAU
13769,tRNA,tRNA,tRNA_tdbR00000172-Lupinus_luteus-3873-Ile-IAU
13770,tRNA,tRNA,tRNA_tdbR00000173-Bombyx_mori-7091-Ile-IAU
13771,tRNA,tRNA,tRNA_tdbR00000174-Mus_musculus-10090-Ile-IAU
13772,tRNA,tRNA,tRNA_tdbR00000175-Haloferax_volcanii-2246-Lys-NUU
13773,tRNA,tRNA,tRNA_tdbR00000176-Haloferax_volcanii-2246-Lys-MUU
13774,tRNA,tRNA,tRNA_tdbR00000177-Mycoplasma_capricolum-2095-Lys-CUU
13775,tRNA,tRNA,tRNA_tdbR00000178-Mycoplasma_capricolum-2095-Lys-UU
13776,tRNA,tRNA,tRNA_tdbR00000179-Bacillus_subtilis-1423-Lys-UU
13777,tRNA,tRNA,tRNA_tdbR00000180-Bacillus_subtilis-1423-Lys-UU
13778,tRNA,tRNA,tRNA_tdbR00000181-Escherichia_coli-562-Lys-SUU
13779,tRNA,tRNA,tRNA_tdbR00000182-Codium_fragile-3133-Lys-NUU
13780,tRNA,tRNA,tRNA_tdbR00000184-Asterias_amurensis-7602-Lys-CUU
13781,tRNA,tRNA,tRNA_tdbR00000187-Loligo_bleekeri-6617-Lys-CUU
13782,tRNA,tRNA,tRNA_tdbR00000189-Rattus_norvegicus-10116-Lys-NUU
13783,tRNA,tRNA,tRNA_tdbR00000190-Bos_taurus-9913-Lys-NUU
13784,tRNA,tRNA,tRNA_tdbR00000191-Mesocricetus_auratus-10036-Lys-NUU
13785,tRNA,tRNA,tRNA_tdbR00000192-Saccharomyces_cerevisiae-4932-Lys-CUU
13786,tRNA,tRNA,tRNA_tdbR00000193-Saccharomyces_cerevisiae-4932-Lys-UU
13787,tRNA,tRNA,tRNA_tdbR00000194-Triticum_aestivum-4565-Lys-CUU
13788,tRNA,tRNA,tRNA_tdbR00000195-Rattus_norvegicus-10116-Lys-CUN
13789,tRNA,tRNA,tRNA_tdbR00000196-Rattus_norvegicus-10116-Lys-CUN
13790,tRNA,tRNA,tRNA_tdbR00000197-Rattus_norvegicus-10116-Lys-3UU
13791,tRNA,tRNA,tRNA_tdbR00000198-Oryctolagus_cuniculus-9986-Lys-CUU
13792,tRNA,tRNA,tRNA_tdbR00000199-Oryctolagus_cuniculus-9986-Lys-CUU
13793,tRNA,tRNA,tRNA_tdbR00000200-Oryctolagus_cuniculus-9986-Lys-3UU
13794,tRNA,tRNA,tRNA_tdbR00000201-Drosophila_melanogaster-7227-Lys-CUU
13795,tRNA,tRNA,tRNA_tdbR00000202-Drosophila_melanogaster-7227-Lys-UU
13796,tRNA,tRNA,tRNA_tdbR00000203-Loligo_bleekeri-6617-Lys-NUU
13797,tRNA,tRNA,tRNA_tdbR00000204-Loligo_bleekeri-6617-Lys-CUU
13798,tRNA,tRNA,tRNA_tdbR00000205-Loligo_bleekeri-6617-Lys-NUU
13799,tRNA,tRNA,tRNA_tdbR00000206-Loligo_bleekeri-6617-Lys-UUU
13800,tRNA,tRNA,tRNA_tdbR00000207-Mus_musculus-10090-Lys-CUU
13801,tRNA,tRNA,tRNA_tdbR00000208-Mus_musculus-10090-Lys-CUN
13802,tRNA,tRNA,tRNA_tdbR00000209-Enterobacteria_phage_T4-10665-Leu-NAA
13803,tRNA,tRNA,tRNA_tdbR00000210-Enterobacteria_phage_T5-10726-Leu-UAG
13804,tRNA,tRNA,tRNA_tdbR00000211-Haloferax_volcanii-2246-Leu-CAA
13805,tRNA,tRNA,tRNA_tdbR00000212-Haloferax_volcanii-2246-Leu-CAG
13806,tRNA,tRNA,tRNA_tdbR00000213-Haloferax_volcanii-2246-Leu-GAG
13807,tRNA,tRNA,tRNA_tdbR00000214-Haloferax_volcanii-2246-Leu-UAA
13808,tRNA,tRNA,tRNA_tdbR00000215-Haloferax_volcanii-2246-Leu-5AG
13809,tRNA,tRNA,tRNA_tdbR00000216-Mycoplasma_capricolum-2095-Leu-BAA
13810,tRNA,tRNA,tRNA_tdbR00000217-Mycoplasma_capricolum-2095-Leu-AA
13811,tRNA,tRNA,tRNA_tdbR00000218-Mycoplasma_capricolum-2095-Leu-UAG
13812,tRNA,tRNA,tRNA_tdbR00000219-Bacillus_subtilis-1423-Leu-CAG
13813,tRNA,tRNA,tRNA_tdbR00000220-Escherichia_coli-562-Leu-HAA
13814,tRNA,tRNA,tRNA_tdbR00000221-Escherichia_coli-562-Leu-CAG
13815,tRNA,tRNA,tRNA_tdbR00000222-Escherichia_coli-562-Leu-GAG
13816,tRNA,tRNA,tRNA_tdbR00000223-Salmonella_typhimurium-602-Leu-CAG
13817,tRNA,tRNA,tRNA_tdbR00000224-Rhodospirillum_rubrum-1085-Leu-CAA
13818,tRNA,tRNA,tRNA_tdbR00000225-Synechococcus_elongatus_PCC_6301-269084-Leu-CAA
13819,tRNA,tRNA,tRNA_tdbR00000226-Synechococcus_elongatus_PCC_6301-269084-Leu-CAG
13820,tRNA,tRNA,tRNA_tdbR00000227-Geobacillus_stearothermophilus-1422-Leu-BAA
13821,tRNA,tRNA,tRNA_tdbR00000228-Glycine_max-3847-Leu-BAA
13822,tRNA,tRNA,tRNA_tdbR00000229-Glycine_max-3847-Leu-JAA
13823,tRNA,tRNA,tRNA_tdbR00000230-Glycine_max-3847-Leu-UA7
13824,tRNA,tRNA,tRNA_tdbR00000231-Phaseolus_vulgaris-3885-Leu-BAA
13825,tRNA,tRNA,tRNA_tdbR00000232-Phaseolus_vulgaris-3885-Leu-NAA
13826,tRNA,tRNA,tRNA_tdbR00000233-Phaseolus_vulgaris-3885-Leu-UA7
13827,tRNA,tRNA,tRNA_tdbR00000234-Spinacia_oleracea-3562-Leu-UA7
13828,tRNA,tRNA,tRNA_tdbR00000235-Neurospora_crassa-5141-Leu-NAA
13829,tRNA,tRNA,tRNA_tdbR00000236-Neurospora_crassa-5141-Leu-UAG
13830,tRNA,tRNA,tRNA_tdbR00000237-Saccharomyces_cerevisiae-4932-Leu-AA
13831,tRNA,tRNA,tRNA_tdbR00000243-Rattus_norvegicus-10116-Leu-UAG
13832,tRNA,tRNA,tRNA_tdbR00000244-Rattus_norvegicus-10116-Leu-UAG
13833,tRNA,tRNA,tRNA_tdbR00000245-Rattus_norvegicus-10116-Leu-UAG
13834,tRNA,tRNA,tRNA_tdbR00000246-Bos_taurus-9913-Leu-NAA
13835,tRNA,tRNA,tRNA_tdbR00000247-Bos_taurus-9913-Leu-UAG
13836,tRNA,tRNA,tRNA_tdbR00000249-Saccharomyces_cerevisiae-4932-Leu-CAA
13837,tRNA,tRNA,tRNA_tdbR00000250-Saccharomyces_cerevisiae-4932-Leu-UAG
13838,tRNA,tRNA,tRNA_tdbR00000251-Saccharomyces_cerevisiae-4932-Leu-UAA
13839,tRNA,tRNA,tRNA_tdbR00000252-Pichia_jadinii-4903-Leu-BAA
13840,tRNA,tRNA,tRNA_tdbR00000253-Candida_cylindracea-44322-Leu-BAA
13841,tRNA,tRNA,tRNA_tdbR00000254-Candida_cylindracea-44322-Leu-IAG
13842,tRNA,tRNA,tRNA_tdbR00000255-Candida_cylindracea-44322-Leu-IAG
13843,tRNA,tRNA,tRNA_tdbR00000261-Cucumis_sativus-3659-Leu-NAA
13844,tRNA,tRNA,tRNA_tdbR00000262-Rattus_norvegicus-10116-Leu-AA
13845,tRNA,tRNA,tRNA_tdbR00000263-Rattus_norvegicus-10116-Leu-AA
13846,tRNA,tRNA,tRNA_tdbR00000264-Caenorhabditis_elegans-6239-Leu-IAG
13847,tRNA,tRNA,tRNA_tdbR00000265-Bos_taurus-9913-Leu-IAG
13848,tRNA,tRNA,tRNA_tdbR00000266-Bos_taurus-9913-Leu-AA
13849,tRNA,tRNA,tRNA_tdbR00000267-Bos_taurus-9913-Leu-IAG
13850,tRNA,tRNA,tRNA_tdbR00000270-Avian_myeloblastosis_virus-11866-Met-BAU
13851,tRNA,tRNA,tRNA_tdbR00000271-Haloferax_volcanii-2246-Met-BAU
13852,tRNA,tRNA,tRNA_tdbR00000272-Thermoplasma_acidophilum-2303-Met-CAU
13853,tRNA,tRNA,tRNA_tdbR00000273-Mycoplasma_capricolum-2095-Met-CAU
13854,tRNA,tRNA,tRNA_tdbR00000274-Bacillus_subtilis-1423-Met-CAU
13855,tRNA,tRNA,tRNA_tdbR00000275-Thermus_thermophilus-274-Met-CAU
13856,tRNA,tRNA,tRNA_tdbR00000276-Escherichia_coli-562-Met-MAU
13857,tRNA,tRNA,tRNA_tdbR00000277-Codium_fragile-3133-Met-CAU
13858,tRNA,tRNA,tRNA_tdbR00000278-Scenedesmus_obliquus-3088-Met-CAU
13859,tRNA,tRNA,tRNA_tdbR00000279-Spinacia_oleracea-3562-Met-CAU
13860,tRNA,tRNA,tRNA_tdbR00000280-Saccharomyces_cerevisiae-4932-Met-CAU
13861,tRNA,tRNA,tRNA_tdbR00000281-Phaseolus_vulgaris-3885-Met-CAU
13862,tRNA,tRNA,tRNA_tdbR00000282-Ascaris_suum-6253-Met-AU
13863,tRNA,tRNA,tRNA_tdbR00000283-Gallus_gallus-9031-Met-AU
13864,tRNA,tRNA,tRNA_tdbR00000284-Saccharomyces_cerevisiae-4932-Met-CAU
13865,tRNA,tRNA,tRNA_tdbR00000285-Triticum_aestivum-4565-Met-BAU
13866,tRNA,tRNA,tRNA_tdbR00000286-Lupinus_luteus-3873-Met-BAU
13867,tRNA,tRNA,tRNA_tdbR00000287-Oryctolagus_cuniculus-9986-Met-BAU
13868,tRNA,tRNA,tRNA_tdbR00000288-Mus_musculus-10090-Met-BAU
13869,tRNA,tRNA,tRNA_tdbR00000289-Homo_sapiens-9606-Met-BAU
13870,tRNA,tRNA,tRNA_tdbR00000290-Enterobacteria_phage_T5-10726-Asn-GUU
13871,tRNA,tRNA,tRNA_tdbR00000291-Halobacterium_salinarum-2242-Asn-GUU
13872,tRNA,tRNA,tRNA_tdbR00000292-Haloferax_volcanii-2246-Asn-GUU
13873,tRNA,tRNA,tRNA_tdbR00000293-Methanobacterium_thermaggregans-83982-Asn-UU
13874,tRNA,tRNA,tRNA_tdbR00000294-Mycoplasma_capricolum-2095-Asn-GUU
13875,tRNA,tRNA,tRNA_tdbR00000295-Escherichia_coli-562-Asn-QUU
13876,tRNA,tRNA,tRNA_tdbR00000296-Azospirillum_lipoferum-193-Asn-QUU
13877,tRNA,tRNA,tRNA_tdbR00000297-Azospirillum_lipoferum-193-Asn-QUU
13878,tRNA,tRNA,tRNA_tdbR00000298-Asterias_amurensis-7602-Asn-GUU
13879,tRNA,tRNA,tRNA_tdbR00000299-Asterias_amurensis-7602-Asn-GPU
13880,tRNA,tRNA,tRNA_tdbR00000300-Saccharomyces_cerevisiae-4932-Asn-GUU
13881,tRNA,tRNA,tRNA_tdbR00000301-Lupinus_luteus-3873-Asn-UU
13882,tRNA,tRNA,tRNA_tdbR00000307-Moloney_murine_leukemia_virus-11801-Pro-IGG
13883,tRNA,tRNA,tRNA_tdbR00000308-Moloney_murine_leukemia_virus-11801-Pro-NGG
13884,tRNA,tRNA,tRNA_tdbR00000309-Enterobacteria_phage_T4-10665-Pro-NGG
13885,tRNA,tRNA,tRNA_tdbR00000310-Enterobacteria_phage_T5-10726-Pro-UGG
13886,tRNA,tRNA,tRNA_tdbR00000311-Haloferax_volcanii-2246-Pro-MGG
13887,tRNA,tRNA,tRNA_tdbR00000312-Haloferax_volcanii-2246-Pro-GGG
13888,tRNA,tRNA,tRNA_tdbR00000313-Haloferax_volcanii-2246-Pro-UGG
13889,tRNA,tRNA,tRNA_tdbR00000314-Mycoplasma_capricolum-2095-Pro-UGG
13890,tRNA,tRNA,tRNA_tdbR00000315-Mycoplasma_mycoides-2102-Pro-UGG
13891,tRNA,tRNA,tRNA_tdbR00000316-Bacillus_subtilis-1423-Pro-5GG
13892,tRNA,tRNA,tRNA_tdbR00000317-Salmonella_typhimurium-602-Pro-CGG
13893,tRNA,tRNA,tRNA_tdbR00000318-Salmonella_typhimurium-602-Pro-GGG
13894,tRNA,tRNA,tRNA_tdbR00000319-Salmonella_typhimurium-602-Pro-VGG
13895,tRNA,tRNA,tRNA_tdbR00000320-Spinacia_oleracea-3562-Pro-NGG
13896,tRNA,tRNA,tRNA_tdbR00000321-Saccharomyces_cerevisiae-4932-Pro-UGG
13897,tRNA,tRNA,tRNA_tdbR00000322-Phaseolus_vulgaris-3885-Pro-UGG
13898,tRNA,tRNA,tRNA_tdbR00000323-Saccharomyces_cerevisiae-4932-Pro-NGG
13899,tRNA,tRNA,tRNA_tdbR00000324-Saccharomyces_cerevisiae-4932-Pro-NGG
13900,tRNA,tRNA,tRNA_tdbR00000325-Pichia_jadinii-4903-Pro-GG
13901,tRNA,tRNA,tRNA_tdbR00000326-Lupinus_luteus-3873-Pro-IGG
13902,tRNA,tRNA,tRNA_tdbR00000327-Enterobacteria_phage_T4-10665-Gln-NUG
13903,tRNA,tRNA,tRNA_tdbR00000328-Enterobacteria_phage_T5-10726-Gln-UUG
13904,tRNA,tRNA,tRNA_tdbR00000330-Haloferax_volcanii-2246-Gln-MUG
13905,tRNA,tRNA,tRNA_tdbR00000331-Mycoplasma_capricolum-2095-Gln-UG
13906,tRNA,tRNA,tRNA_tdbR00000332-Escherichia_coli-562-Gln-CUG
13907,tRNA,tRNA,tRNA_tdbR00000333-Escherichia_coli-562-Gln-NUG
13908,tRNA,tRNA,tRNA_tdbR00000334-Hordeum_vulgare-4513-Gln-UG
13909,tRNA,tRNA,tRNA_tdbR00000335-Nicotiana_rustica-4093-Gln-NUG
13910,tRNA,tRNA,tRNA_tdbR00000336-Aedes_albopictus-7160-Gln-NUG
13911,tRNA,tRNA,tRNA_tdbR00000337-Tetrahymena_thermophila-5911-Gln-CUA
13912,tRNA,tRNA,tRNA_tdbR00000338-Tetrahymena_thermophila-5911-Gln-JUA
13913,tRNA,tRNA,tRNA_tdbR00000339-Tetrahymena_thermophila-5911-Gln-JUG
13914,tRNA,tRNA,tRNA_tdbR00000340-Nicotiana_rustica-4093-Gln-JUG
13915,tRNA,tRNA,tRNA_tdbR00000341-Rattus_norvegicus-10116-Gln-CUG
13916,tRNA,tRNA,tRNA_tdbR00000342-Bos_taurus-9913-Gln-CUG
13917,tRNA,tRNA,tRNA_tdbR00000343-Mus_musculus-10090-Gln-CUG
13918,tRNA,tRNA,tRNA_tdbR00000344-Mus_musculus-10090-Gln-JUG
13919,tRNA,tRNA,tRNA_tdbR00000345-Homo_sapiens-9606-Gln-NUG
13920,tRNA,tRNA,tRNA_tdbR00000346-Homo_sapiens-9606-Gln-NUG
13921,tRNA,tRNA,tRNA_tdbR00000347-Enterobacteria_phage_T4-10665-Arg-NCU
13922,tRNA,tRNA,tRNA_tdbR00000348-Halobacterium_salinarum-2242-Arg-GCG
13923,tRNA,tRNA,tRNA_tdbR00000349-Haloferax_volcanii-2246-Arg-CCG
13924,tRNA,tRNA,tRNA_tdbR00000350-Haloferax_volcanii-2246-Arg-GCG
13925,tRNA,tRNA,tRNA_tdbR00000351-Haloferax_volcanii-2246-Arg-NCG
13926,tRNA,tRNA,tRNA_tdbR00000352-Mycoplasma_capricolum-2095-Arg-ICG
13927,tRNA,tRNA,tRNA_tdbR00000353-Mycoplasma_capricolum-2095-Arg-CU
13928,tRNA,tRNA,tRNA_tdbR00000354-Bacillus_subtilis-1423-Arg-ICG
13929,tRNA,tRNA,tRNA_tdbR00000355-Escherichia_coli-562-Arg-ICG
13930,tRNA,tRNA,tRNA_tdbR00000356-Escherichia_coli-562-Arg-ICG
13931,tRNA,tRNA,tRNA_tdbR00000357-Escherichia_coli-562-Arg-CU
13932,tRNA,tRNA,tRNA_tdbR00000358-Escherichia_coli-562-Arg-CU
13933,tRNA,tRNA,tRNA_tdbR00000359-Escherichia_coli-562-Arg-CCG
13934,tRNA,tRNA,tRNA_tdbR00000360-Codium_fragile-3133-Arg-ICG
13935,tRNA,tRNA,tRNA_tdbR00000361-Saccharomyces_cerevisiae-4932-Arg-ACG
13936,tRNA,tRNA,tRNA_tdbR00000362-Saccharomyces_cerevisiae-4932-Arg-NCU
13937,tRNA,tRNA,tRNA_tdbR00000363-Ascaris_suum-6253-Arg-PCU
13938,tRNA,tRNA,tRNA_tdbR00000364-Ascaris_suum-6253-Arg-ACG
13939,tRNA,tRNA,tRNA_tdbR00000365-Aedes_albopictus-7160-Arg-UCG
13940,tRNA,tRNA,tRNA_tdbR00000366-Rattus_norvegicus-10116-Arg-UCG
13941,tRNA,tRNA,tRNA_tdbR00000367-Bos_taurus-9913-Arg-UCG
13942,tRNA,tRNA,tRNA_tdbR00000368-Mesocricetus_auratus-10036-Arg-UCG
13943,tRNA,tRNA,tRNA_tdbR00000369-Saccharomyces_cerevisiae-4932-Arg-ICG
13944,tRNA,tRNA,tRNA_tdbR00000370-Saccharomyces_cerevisiae-4932-Arg-1CU
13945,tRNA,tRNA,tRNA_tdbR00000371-Saccharomyces_cerevisiae-4932-Arg-1CU
13946,tRNA,tRNA,tRNA_tdbR00000372-Triticum_aestivum-4565-Arg-CCG
13947,tRNA,tRNA,tRNA_tdbR00000373-Triticum_aestivum-4565-Arg-ICG
13948,tRNA,tRNA,tRNA_tdbR00000374-Bos_taurus-9913-Arg-CCG
13949,tRNA,tRNA,tRNA_tdbR00000375-Bos_taurus-9913-Arg-CCU
13950,tRNA,tRNA,tRNA_tdbR00000376-Bos_taurus-9913-Arg-3CP
13951,tRNA,tRNA,tRNA_tdbR00000377-Mus_musculus-10090-Arg-ICG
13952,tRNA,tRNA,tRNA_tdbR00000378-Mus_musculus-10090-Arg-ICG
13953,tRNA,tRNA,tRNA_tdbR00000379-Enterobacteria_phage_T4-10665-Ser-NGA
13954,tRNA,tRNA,tRNA_tdbR00000380-Halobacterium_salinarum-2242-Ser-MGA
13955,tRNA,tRNA,tRNA_tdbR00000381-Haloferax_volcanii-2246-Ser-GCU
13956,tRNA,tRNA,tRNA_tdbR00000382-Haloferax_volcanii-2246-Ser-MGA
13957,tRNA,tRNA,tRNA_tdbR00000383-Haloferax_volcanii-2246-Ser-GGA
13958,tRNA,tRNA,tRNA_tdbR00000384-Mycoplasma_capricolum-2095-Ser-GCU
13959,tRNA,tRNA,tRNA_tdbR00000385-Mycoplasma_capricolum-2095-Ser-UGA
13960,tRNA,tRNA,tRNA_tdbR00000386-Mycoplasma_mycoides-2102-Ser-UGA
13961,tRNA,tRNA,tRNA_tdbR00000387-Bacillus_subtilis-1423-Ser-5GA
13962,tRNA,tRNA,tRNA_tdbR00000389-Bacillus_subtilis-1423-Ser-GGA
13963,tRNA,tRNA,tRNA_tdbR00000390-Escherichia_coli-562-Ser-CGA
13964,tRNA,tRNA,tRNA_tdbR00000391-Escherichia_coli-562-Ser-GCU
13965,tRNA,tRNA,tRNA_tdbR00000392-Escherichia_coli-562-Ser-GGA
13966,tRNA,tRNA,tRNA_tdbR00000393-Escherichia_coli-562-Ser-GGA
13967,tRNA,tRNA,tRNA_tdbR00000394-Escherichia_coli-562-Ser-VGA
13968,tRNA,tRNA,tRNA_tdbR00000395-Saccharomyces_cerevisiae-4932-Ser-GCU
13969,tRNA,tRNA,tRNA_tdbR00000396-Saccharomyces_cerevisiae-4932-Ser-UGA
13970,tRNA,tRNA,tRNA_tdbR00000397-Saccharomyces_cerevisiae-4932-Ser-UGA
13971,tRNA,tRNA,tRNA_tdbR00000398-Ascaris_suum-6253-Ser-UCU
13972,tRNA,tRNA,tRNA_tdbR00000399-Aedes_albopictus-7160-Ser-GCU
13973,tRNA,tRNA,tRNA_tdbR00000400-Loligo_bleekeri-6617-Ser-7CU
13974,tRNA,tRNA,tRNA_tdbR00000403-Bos_taurus-9913-Ser-UGA
13975,tRNA,tRNA,tRNA_tdbR00000406-Saccharomyces_cerevisiae-4932-Ser-NGA
13976,tRNA,tRNA,tRNA_tdbR00000407-Saccharomyces_cerevisiae-4932-Ser-IGA
13977,tRNA,tRNA,tRNA_tdbR00000408-Saccharomyces_cerevisiae-4932-Ser-IGA
13978,tRNA,tRNA,tRNA_tdbR00000409-Candida_cylindracea-44322-Ser-CAG
13979,tRNA,tRNA,tRNA_tdbR00000410-Candida_cylindracea-44322-Ser-GA
13980,tRNA,tRNA,tRNA_tdbR00000411-Candida_cylindracea-44322-Ser-IGA
13981,tRNA,tRNA,tRNA_tdbR00000412-Candida_cylindracea-44322-Ser-CGA
13982,tRNA,tRNA,tRNA_tdbR00000413-Candida_cylindracea-44322-Ser-GCU
13983,tRNA,tRNA,tRNA_tdbR00000414-Lupinus_luteus-3873-Ser-CGA
13984,tRNA,tRNA,tRNA_tdbR00000415-Nicotiana_rustica-4093-Ser-GA
13985,tRNA,tRNA,tRNA_tdbR00000416-Nicotiana_rustica-4093-Ser-CGA
13986,tRNA,tRNA,tRNA_tdbR00000417-Nicotiana_rustica-4093-Ser-GCU
13987,tRNA,tRNA,tRNA_tdbR00000418-Nicotiana_rustica-4093-Ser-IGA
13988,tRNA,tRNA,tRNA_tdbR00000419-Nicotiana_rustica-4093-Ser-IGA
13989,tRNA,tRNA,tRNA_tdbR00000420-Spinacia_oleracea-3562-Ser-IGA
13990,tRNA,tRNA,tRNA_tdbR00000421-Rattus_norvegicus-10116-Ser-IGA
13991,tRNA,tRNA,tRNA_tdbR00000422-Rattus_norvegicus-10116-Ser-GCU
13992,tRNA,tRNA,tRNA_tdbR00000423-Rattus_norvegicus-10116-Ser-IGA
13993,tRNA,tRNA,tRNA_tdbR00000424-Drosophila_melanogaster-7227-Ser-GCU
13994,tRNA,tRNA,tRNA_tdbR00000425-Drosophila_melanogaster-7227-Ser-IGA
13995,tRNA,tRNA,tRNA_tdbR00000426-Drosophila_melanogaster-7227-Ser-CGA
13996,tRNA,tRNA,tRNA_tdbR00000427-Gallus_gallus-9031-Ser-UGA
13997,tRNA,tRNA,tRNA_tdbR00000428-Homo_sapiens-9606-Ser-UGA
13998,tRNA,tRNA,tRNA_tdbR00000429-Enterobacteria_phage_T4-10665-Thr-NGU
13999,tRNA,tRNA,tRNA_tdbR00000430-Halobacterium_salinarum-2242-Thr-GGU
14000,tRNA,tRNA,tRNA_tdbR00000431-Haloferax_volcanii-2246-Thr-CGU
14001,tRNA,tRNA,tRNA_tdbR00000432-Haloferax_volcanii-2246-Thr-GGU
14002,tRNA,tRNA,tRNA_tdbR00000433-Mycoplasma_capricolum-2095-Thr-AGU
14003,tRNA,tRNA,tRNA_tdbR00000434-Mycoplasma_capricolum-2095-Thr-UGU
14004,tRNA,tRNA,tRNA_tdbR00000435-Mycoplasma_mycoides-2102-Thr-UGU
14005,tRNA,tRNA,tRNA_tdbR00000436-Bacillus_subtilis-1423-Thr-5GU
14006,tRNA,tRNA,tRNA_tdbR00000437-Escherichia_coli-562-Thr-GGU
14007,tRNA,tRNA,tRNA_tdbR00000438-Escherichia_coli-562-Thr-GGU
14008,tRNA,tRNA,tRNA_tdbR00000439-Spinacia_oleracea-3562-Thr-GGU
14009,tRNA,tRNA,tRNA_tdbR00000440-Neurospora_crassa-5141-Thr-UGU
14010,tRNA,tRNA,tRNA_tdbR00000443-Saccharomyces_cerevisiae-4932-Thr-IGU
14011,tRNA,tRNA,tRNA_tdbR00000444-Saccharomyces_cerevisiae-4932-Thr-IGU
14012,tRNA,tRNA,tRNA_tdbR00000445-Bos_taurus-9913-Thr-IGU
14013,tRNA,tRNA,tRNA_tdbR00000446-Halobacterium_salinarum-2242-Val-CAC
14014,tRNA,tRNA,tRNA_tdbR00000447-Halobacterium_salinarum-2242-Val-CAC
14015,tRNA,tRNA,tRNA_tdbR00000448-Halobacterium_salinarum-2242-Val-GAC
14016,tRNA,tRNA,tRNA_tdbR00000449-Haloferax_volcanii-2246-Val-CAC
14017,tRNA,tRNA,tRNA_tdbR00000450-Haloferax_volcanii-2246-Val-GAC
14018,tRNA,tRNA,tRNA_tdbR00000451-Mycoplasma_capricolum-2095-Val-UAC
14019,tRNA,tRNA,tRNA_tdbR00000452-Mycoplasma_mycoides-2102-Val-UAC
14020,tRNA,tRNA,tRNA_tdbR00000453-Bacillus_subtilis-1423-Val-5AC
14021,tRNA,tRNA,tRNA_tdbR00000454-Escherichia_coli-562-Val-GAC
14022,tRNA,tRNA,tRNA_tdbR00000455-Escherichia_coli-562-Val-GAC
14023,tRNA,tRNA,tRNA_tdbR00000456-Escherichia_coli-562-Val-VAC
14024,tRNA,tRNA,tRNA_tdbR00000457-Geobacillus_stearothermophilus-1422-Val-GAC
14025,tRNA,tRNA,tRNA_tdbR00000459-Neurospora_crassa-5141-Val-UAC
14026,tRNA,tRNA,tRNA_tdbR00000460-Aedes_albopictus-7160-Val-UAC
14027,tRNA,tRNA,tRNA_tdbR00000461-Rattus_norvegicus-10116-Val-UAC
14028,tRNA,tRNA,tRNA_tdbR00000462-Rattus_norvegicus-10116-Val-UAC
14029,tRNA,tRNA,tRNA_tdbR00000463-Bos_taurus-9913-Val-UAC
14030,tRNA,tRNA,tRNA_tdbR00000464-Saccharomyces_cerevisiae-4932-Val-IAC
14031,tRNA,tRNA,tRNA_tdbR00000465-Saccharomyces_cerevisiae-4932-Val-CAC
14032,tRNA,tRNA,tRNA_tdbR00000466-Saccharomyces_cerevisiae-4932-Val-AC
14033,tRNA,tRNA,tRNA_tdbR00000467-Pichia_jadinii-4903-Val-IAC
14034,tRNA,tRNA,tRNA_tdbR00000468-Lupinus_luteus-3873-Val-IAC
14035,tRNA,tRNA,tRNA_tdbR00000469-Rattus_norvegicus-10116-Val-IAC
14036,tRNA,tRNA,tRNA_tdbR00000471-Oryctolagus_cuniculus-9986-Val-IAC
14037,tRNA,tRNA,tRNA_tdbR00000472-Drosophila_melanogaster-7227-Val-IAC
14038,tRNA,tRNA,tRNA_tdbR00000473-Drosophila_melanogaster-7227-Val-CAC
14039,tRNA,tRNA,tRNA_tdbR00000474-Drosophila_melanogaster-7227-Val-NAC
14040,tRNA,tRNA,tRNA_tdbR00000475-Mus_musculus-10090-Val-IAC
14041,tRNA,tRNA,tRNA_tdbR00000477-Avian_myeloblastosis_virus-11866-Trp-BCA
14042,tRNA,tRNA,tRNA_tdbR00000478-Haloferax_volcanii-2246-Trp-BCA
14043,tRNA,tRNA,tRNA_tdbR00000479-Mycoplasma_capricolum-2095-Trp-BCA
14044,tRNA,tRNA,tRNA_tdbR00000480-Mycoplasma_capricolum-2095-Trp-CA
14045,tRNA,tRNA,tRNA_tdbR00000481-Spiroplasma_citri-2133-Trp-NCA
14046,tRNA,tRNA,tRNA_tdbR00000482-Spiroplasma_citri-2133-Trp-CCA
14047,tRNA,tRNA,tRNA_tdbR00000483-Bacillus_subtilis-1423-Trp-CCA
14048,tRNA,tRNA,tRNA_tdbR00000484-Escherichia_coli-562-Trp-CCA
14049,tRNA,tRNA,tRNA_tdbR00000485-Nicotiana_tabacum-4097-Trp-BCA
14050,tRNA,tRNA,tRNA_tdbR00000486-Phaseolus_vulgaris-3885-Trp-BCA
14051,tRNA,tRNA,tRNA_tdbR00000488-Tetrahymena_thermophila-5911-Trp-CA
14052,tRNA,tRNA,tRNA_tdbR00000489-Neurospora_crassa-5141-Trp-NCA
14053,tRNA,tRNA,tRNA_tdbR00000490-Saccharomyces_cerevisiae-4932-Trp-CA
14054,tRNA,tRNA,tRNA_tdbR00000492-Rattus_norvegicus-10116-Trp-NCA
14055,tRNA,tRNA,tRNA_tdbR00000493-Bos_taurus-9913-Trp-NCA
14056,tRNA,tRNA,tRNA_tdbR00000494-Saccharomyces_cerevisiae-4932-Trp-BCA
14057,tRNA,tRNA,tRNA_tdbR00000495-Triticum_aestivum-4565-Trp-BCA
14058,tRNA,tRNA,tRNA_tdbR00000496-Nicotiana_tabacum-4097-Trp-BCA
14059,tRNA,tRNA,tRNA_tdbR00000497-Bos_taurus-9913-Trp-BCA
14060,tRNA,tRNA,tRNA_tdbR00000498-Gallus_gallus-9031-Trp-BCA
14061,tRNA,tRNA,tRNA_tdbR00000499-Halobacterium_salinarum-2242-Ini-CAU
14062,tRNA,tRNA,tRNA_tdbR00000500-Haloferax_volcanii-2246-Ini-CAU
14063,tRNA,tRNA,tRNA_tdbR00000503-Thermoplasma_acidophilum-2303-Ini-CAU
14064,tRNA,tRNA,tRNA_tdbR00000504-Mycoplasma_capricolum-2095-Ini-CAU
14065,tRNA,tRNA,tRNA_tdbR00000505-Mycoplasma_mycoides-2102-Ini-CAU
14066,tRNA,tRNA,tRNA_tdbR00000506-Streptomyces_griseus-1911-Ini-CAU
14067,tRNA,tRNA,tRNA_tdbR00000507-Bacillus_subtilis-1423-Ini-CAU
14068,tRNA,tRNA,tRNA_tdbR00000508-Thermus_thermophilus-274-Ini-CAU
14069,tRNA,tRNA,tRNA_tdbR00000509-Thermus_thermophilus-274-Ini-CAU
14070,tRNA,tRNA,tRNA_tdbR00000510-Escherichia_coli-562-Ini-CAU
14071,tRNA,tRNA,tRNA_tdbR00000511-Escherichia_coli-562-Ini-CAU
14072,tRNA,tRNA,tRNA_tdbR00000512-Mycobacterium_smegmatis-1772-Ini-CAU
14073,tRNA,tRNA,tRNA_tdbR00000513-Synechococcus_elongatus_PCC_6301-269084-Ini-CAU
14074,tRNA,tRNA,tRNA_tdbR00000514-Scenedesmus_obliquus-3088-Ini-CAU
14075,tRNA,tRNA,tRNA_tdbR00000515-Phaseolus_vulgaris-3885-Ini-CAU
14076,tRNA,tRNA,tRNA_tdbR00000516-Spinacia_oleracea-3562-Ini-CAU
14077,tRNA,tRNA,tRNA_tdbR00000517-Neurospora_crassa-5141-Ini-CAU
14078,tRNA,tRNA,tRNA_tdbR00000518-Saccharomyces_cerevisiae-4932-Ini-CAU
14079,tRNA,tRNA,tRNA_tdbR00000519-Phaseolus_vulgaris-3885-Ini-CAU
14080,tRNA,tRNA,tRNA_tdbR00000520-Aedes_albopictus-7160-Ini-CAU
14081,tRNA,tRNA,tRNA_tdbR00000521-Bos_taurus-9913-Ini-CAU
14082,tRNA,tRNA,tRNA_tdbR00000522-Bos_taurus-9913-Ini-AU
14083,tRNA,tRNA,tRNA_tdbR00000523-Tetrahymena_thermophila-5911-Ini-CAU
14084,tRNA,tRNA,tRNA_tdbR00000524-Scenedesmus_obliquus-3088-Ini-CAU
14085,tRNA,tRNA,tRNA_tdbR00000526-Saccharomyces_cerevisiae-4932-Ini-CAU
14086,tRNA,tRNA,tRNA_tdbR00000527-Schizosaccharomyces_pombe-4896-Ini-CAU
14087,tRNA,tRNA,tRNA_tdbR00000528-Pichia_jadinii-4903-Ini-CAU
14088,tRNA,tRNA,tRNA_tdbR00000529-Triticum_aestivum-4565-Ini-CAU
14089,tRNA,tRNA,tRNA_tdbR00000531-Phaseolus_vulgaris-3885-Ini-CAU
14090,tRNA,tRNA,tRNA_tdbR00000532-Oryctolagus_cuniculus-9986-Ini-CAU
14091,tRNA,tRNA,tRNA_tdbR00000533-Drosophila_melanogaster-7227-Ini-CAU
14092,tRNA,tRNA,tRNA_tdbR00000534-Euphausia_superba-6819-Ini-CAU
14093,tRNA,tRNA,tRNA_tdbR00000535-Xenopus_laevis-8355-Ini-CAU
14094,tRNA,tRNA,tRNA_tdbR00000536-Salmo_salar-8030-Ini-CAU
14095,tRNA,tRNA,tRNA_tdbR00000537-Mus_musculus-10090-Ini-CAU
14096,tRNA,tRNA,tRNA_tdbR00000538-Asterina_amurensis-69830-Ini-CAU
14097,tRNA,tRNA,tRNA_tdbR00000539-Ovis_aries-9940-Ini-CAU
14098,tRNA,tRNA,tRNA_tdbR00000540-Homo_sapiens-9606-Ini-CAU
14099,tRNA,tRNA,tRNA_tdbR00000541-Haloferax_volcanii-2246-Tyr-GUA
14100,tRNA,tRNA,tRNA_tdbR00000542-Mycoplasma_capricolum-2095-Tyr-GUA
14101,tRNA,tRNA,tRNA_tdbR00000543-Bacillus_subtilis-1423-Tyr-QUA
14102,tRNA,tRNA,tRNA_tdbR00000544-Bacillus_subtilis-1423-Tyr-QUA
14103,tRNA,tRNA,tRNA_tdbR00000545-Escherichia_coli-562-Tyr-QUA
14104,tRNA,tRNA,tRNA_tdbR00000546-Escherichia_coli-562-Tyr-QUA
14105,tRNA,tRNA,tRNA_tdbR00000547-Geobacillus_stearothermophilus-1422-Tyr-QUA
14106,tRNA,tRNA,tRNA_tdbR00000548-Scenedesmus_obliquus-3088-Tyr-GUA
14107,tRNA,tRNA,tRNA_tdbR00000549-Tetrahymena_pyriformis-5908-Tyr-QUA
14108,tRNA,tRNA,tRNA_tdbR00000550-Neurospora_crassa-5141-Tyr-GUA
14109,tRNA,tRNA,tRNA_tdbR00000551-Saccharomyces_cerevisiae-4932-Tyr-GUA
14110,tRNA,tRNA,tRNA_tdbR00000553-Asterias_amurensis-7602-Tyr-GUA
14111,tRNA,tRNA,tRNA_tdbR00000555-Saccharomyces_cerevisiae-4932-Tyr-GPA
14112,tRNA,tRNA,tRNA_tdbR00000556-Schizosaccharomyces_pombe-4896-Tyr-GPA
14113,tRNA,tRNA,tRNA_tdbR00000557-Pichia_jadinii-4903-Tyr-GPA
14114,tRNA,tRNA,tRNA_tdbR00000558-Triticum_aestivum-4565-Tyr-QPA
14115,tRNA,tRNA,tRNA_tdbR00000559-Triticum_aestivum-4565-Tyr-GPA
14116,tRNA,tRNA,tRNA_tdbR00000560-Lupinus_luteus-3873-Tyr-GPA
14117,tRNA,tRNA,tRNA_tdbR00000561-Nicotiana_rustica-4093-Tyr-GPA
14118,tRNA,tRNA,tRNA_tdbR00000562-Nicotiana_rustica-4093-Tyr-GPA
14119,tRNA,tRNA,tRNA_tdbR00000563-Lupinus_albus-3870-Tyr-GPA
14120,tRNA,tRNA,tRNA_tdbR00000564-Drosophila_melanogaster-7227-Tyr-QPA
14121,tRNA,tRNA,tRNA_tdbR00000565-Bos_taurus-9913-Tyr-9PA
14122,tRNA,tRNA,tRNA_tdbR00000566-Homo_sapiens-9606-Tyr-9PA
14123,tRNA,tRNA,tRNA_tdbR00000567-Homo_sapiens-9606-Tyr-9PA
14124,tRNA,tRNA,tRNA_tdbR00000572-Leishmania_tarentolae-5689-Lys-1UU
14125,tRNA,tRNA,tRNA_tdbR00000573-Leishmania_tarentolae-5689-Gln-3UG
14126,tRNA,tRNA,tRNA_tdbR00000574-Leishmania_tarentolae-5689-Trp-CCA
14127,tRNA,tRNA,tRNA_tdbR00000575-Leishmania_tarentolae-5689-Thr-CGU
14128,tRNA,tRNA,tRNA_tdbR00000576-Leishmania_tarentolae-5689-Asp-GUC
14129,tRNA,tRNA,tRNA_tdbR00000577-Leishmania_tarentolae-5689-Glu-CUC
14130,tRNA,tRNA,tRNA_tdbR00000578-Leishmania_tarentolae-5689-Glu-3UC
14131,tRNA,tRNA,tRNA_tdbR00000579-Aeropyrum_pernix-56636-Pro-CGG
14132,tRNA,tRNA,tRNA_tdbR00000580-Aeropyrum_pernix-56636-Lys-UUU
14133,tRNA,tRNA,tRNA_tdbR00000581-Aeropyrum_pernix-56636-Lys-CUU
14134,tRNA,tRNA,tRNA_tdbR00000582-Aeropyrum_pernix-56636-Tyr-GUA
14135,tRNA,tRNA,tRNA_tdbR00000583-Aeropyrum_pernix-56636-Cys-GCA
14136,tRNA,tRNA,tRNA_tdbR00000584-Aeropyrum_pernix-56636-Pro-GGG
14137,tRNA,tRNA,tRNA_tdbR00000585-Aeropyrum_pernix-56636-Thr-CGU
14138,tRNA,tRNA,tRNA_tdbR00000586-Aeropyrum_pernix-56636-Met-CAU
14139,tRNA,tRNA,tRNA_tdbR00000587-Aeropyrum_pernix-56636-Met-CAU
14140,tRNA,tRNA,tRNA_tdbR00000588-Aeropyrum_pernix-56636-Asp-GUC
14141,tRNA,tRNA,tRNA_tdbR00000589-Aeropyrum_pernix-56636-Arg-UCU
14142,tRNA,tRNA,tRNA_tdbR00000590-Ascaris_suum-6253-Glu-UC
14143,tRNA,tRNA,tRNA_tdbR00000591-Ascaris_suum-6253-Lys-UU
14144,tRNA,tRNA,tRNA_tdbR00000592-Ascaris_suum-6253-Gln-UG
14145,tRNA,tRNA,tRNA_tdbR00000593-Ascaris_suum-6253-Trp-CA
14146,tRNA,tRNA,tRNA_tdbR00000594-Ascaris_suum-6253-Leu-AA
14147,tRNA,tRNA,tRNA_tdbR00000595-Escherichia_coli-562-Leu-BAA
14148,tRNA,tRNA,tRNA_tdbR00000605-Lupinus_luteus-3873-Leu-CAG
14149,tRNA,tRNA,tRNA_tdbR00000606-Lupinus_luteus-3873-Leu-IAG
14150,tRNA,tRNA,tRNA_tdbR00000607-Lupinus_luteus-3873-Leu-IAG
14151,tRNA,tRNA,tRNA_tdbR00000608-Lupinus_luteus-3873-Leu-UAA
14152,tRNA,tRNA,tRNA_tdbR00000609-Chlamydomonas_reinhardtii-3055-Leu-UA7
14153,tRNA,tRNA,tRNA_tdbR00000610-Caulobacter_crescentus_CB15-190650-His-GUG
14154,tRNA,tRNA,tRNA_tdbR00000611-Sinorhizobium_meliloti-382-His-GUG
14155,tRNA,tRNA,tRNA_tdbR00000612-Sinorhizobium_meliloti-382-Trp-CCA
14156,tRNA,tRNA,tRNA_tdbR00000613-Nanoarchaeum_equitans-160232-Glu-CUC
14157,tRNA,tRNA,tRNA_tdbR00000614-Nanoarchaeum_equitans-160232-Ini-CAU
14158,tRNA,tRNA,tRNA_tdbR00000615-Nanoarchaeum_equitans-160232-Trp-CCA
14159,tRNA,tRNA,tRNA_tdbR00000616-Nanoarchaeum_equitans-160232-Lys-CUU
14160,tRNA,tRNA,tRNA_tdbR00000617-Nanoarchaeum_equitans-160232-Gln-UUG
14161,tRNA,tRNA,tRNA_tdbR00000618-Candida_albicans-5476-Leu-CAG
14162,tRNA,tRNA,tRNA_tdbR00000619-Toxoplasma_gondii-5811-Met-CAU
14163,tRNA,tRNA,tRNA_tdbR00000620-Toxoplasma_gondii-5811-Ini-CAU
14164,tRNA,tRNA,tRNA_tdbR00000621-Nicotiana_rustica-4093-Cys-GCA
14165,tRNA,tRNA,tRNA_tdbR00000622-Nicotiana_rustica-4093-Cys-GCA
14166,tRNA,tRNA,tRNA_tdbR00000623-Escherichia_coli-562-Pro-CGG
14167,tRNA,telomerase,telomerase_AC121792.109554-109950
14168,tRNA,telomerase,telomerase_AF147806.247-692
14169,tRNA,telomerase,telomerase_AF221906.96-545
14170,tRNA,telomerase,telomerase_AF221908.136-584
14171,tRNA,telomerase,telomerase_AF221909.98-496
14172,tRNA,telomerase,telomerase_AF221910.112-554
14173,tRNA,telomerase,telomerase_AF221911.104-513
14174,tRNA,telomerase,telomerase_AF221912.98-564
14175,tRNA,telomerase,telomerase_AF221913.109-520
14176,tRNA,telomerase,telomerase_AF221914.112-589
14177,tRNA,telomerase,telomerase_AF221916.94-481
14178,tRNA,telomerase,telomerase_AF221917.99-542
14179,tRNA,telomerase,telomerase_AF221918.97-547
14180,tRNA,telomerase,telomerase_AF221919.107-614
14181,tRNA,telomerase,telomerase_AF221920.99-541
14182,tRNA,telomerase,telomerase_AF221921.98-548
14183,tRNA,telomerase,telomerase_AF221923.106-554
14184,tRNA,telomerase,telomerase_AF221924.105-538
14185,tRNA,telomerase,telomerase_AF221925.98-540
14186,tRNA,telomerase,telomerase_AF221926.103-507
14187,tRNA,telomerase,telomerase_AF221927.113-556
14188,tRNA,telomerase,telomerase_AF221928.95-476
14189,tRNA,telomerase,telomerase_AF221929.92-517
14190,tRNA,telomerase,telomerase_AF221930.94-546
14191,tRNA,telomerase,telomerase_AF221931.99-541
14192,tRNA,telomerase,telomerase_AF221932.102-549
14193,tRNA,telomerase,telomerase_AF221934.121-565
14194,tRNA,telomerase,telomerase_AF221935.112-602
14195,tRNA,telomerase,telomerase_AF221936.98-540
14196,tRNA,telomerase,telomerase_AF221937.99-545
14197,tRNA,telomerase,telomerase_AF221939.99-544
14198,tRNA,telomerase,telomerase_AF221940.103-499
14199,tRNA,telomerase,telomerase_AY058901.1-397
14200,tRNA,telomerase,telomerase_AY312571.605-1069
14201,tRNA,telomerase,telomerase_U85256.1-451
14202,tRNA,telomerase,telomerase_AC121792.109554-109950
14203,tRNA,telomerase,telomerase_AF147806.247-692
14204,tRNA,telomerase,telomerase_AF221906.96-545
14205,tRNA,telomerase,telomerase_AF221908.136-584
14206,tRNA,telomerase,telomerase_AF221909.98-496
14207,tRNA,telomerase,telomerase_AF221910.112-554
14208,tRNA,telomerase,telomerase_AF221911.104-513
14209,tRNA,telomerase,telomerase_AF221912.98-564
14210,tRNA,telomerase,telomerase_AF221913.109-520
14211,tRNA,telomerase,telomerase_AF221914.112-589
14212,tRNA,telomerase,telomerase_AF221916.94-481
14213,tRNA,telomerase,telomerase_AF221917.99-542
14214,tRNA,telomerase,telomerase_AF221918.97-547
14215,tRNA,telomerase,telomerase_AF221919.107-614
14216,tRNA,telomerase,telomerase_AF221920.99-541
14217,tRNA,telomerase,telomerase_AF221921.98-548
14218,tRNA,telomerase,telomerase_AF221923.106-554
14219,tRNA,telomerase,telomerase_AF221924.105-538
14220,tRNA,telomerase,telomerase_AF221925.98-540
14221,tRNA,telomerase,telomerase_AF221926.103-507
14222,tRNA,telomerase,telomerase_AF221927.113-556
14223,tRNA,telomerase,telomerase_AF221928.95-476
14224,tRNA,telomerase,telomerase_AF221929.92-517
14225,tRNA,telomerase,telomerase_AF221930.94-546
14226,tRNA,telomerase,telomerase_AF221931.99-541
14227,tRNA,telomerase,telomerase_AF221932.102-549
14228,tRNA,telomerase,telomerase_AF221934.121-565
14229,tRNA,telomerase,telomerase_AF221935.112-602
14230,tRNA,telomerase,telomerase_AF221936.98-540
14231,tRNA,telomerase,telomerase_AF221937.99-545
14232,tRNA,telomerase,telomerase_AF221939.99-544
14233,tRNA,telomerase,telomerase_AF221940.103-499
14234,tRNA,telomerase,telomerase_AY058901.1-397
14235,tRNA,telomerase,telomerase_AY312571.605-1069
14236,tRNA,telomerase,telomerase_U85256.1-451
14237,tRNA,telomerase,telomerase_AC121792.109554-109950
14238,tRNA,telomerase,telomerase_AF147806.247-692
14239,tRNA,telomerase,telomerase_AF221906.96-545
14240,tRNA,telomerase,telomerase_AF221908.136-584
14241,tRNA,telomerase,telomerase_AF221909.98-496
14242,tRNA,telomerase,telomerase_AF221910.112-554
14243,tRNA,telomerase,telomerase_AF221911.104-513
14244,tRNA,telomerase,telomerase_AF221912.98-564
14245,tRNA,telomerase,telomerase_AF221913.109-520
14246,tRNA,telomerase,telomerase_AF221914.112-589
14247,tRNA,telomerase,telomerase_AF221916.94-481
14248,tRNA,telomerase,telomerase_AF221917.99-542
14249,tRNA,telomerase,telomerase_AF221918.97-547
14250,tRNA,telomerase,telomerase_AF221919.107-614
14251,tRNA,telomerase,telomerase_AF221920.99-541
14252,tRNA,telomerase,telomerase_AF221921.98-548
14253,tRNA,telomerase,telomerase_AF221923.106-554
14254,tRNA,telomerase,telomerase_AF221924.105-538
14255,tRNA,telomerase,telomerase_AF221925.98-540
14256,tRNA,telomerase,telomerase_AF221926.103-507
14257,tRNA,telomerase,telomerase_AF221927.113-556
14258,tRNA,telomerase,telomerase_AF221928.95-476
14259,tRNA,telomerase,telomerase_AF221929.92-517
14260,tRNA,telomerase,telomerase_AF221930.94-546
14261,tRNA,telomerase,telomerase_AF221931.99-541
14262,tRNA,telomerase,telomerase_AF221932.102-549
14263,tRNA,telomerase,telomerase_AF221934.121-565
14264,tRNA,telomerase,telomerase_AF221935.112-602
14265,tRNA,telomerase,telomerase_AF221936.98-540
14266,tRNA,telomerase,telomerase_AF221937.99-545
14267,tRNA,telomerase,telomerase_AF221939.99-544
14268,tRNA,telomerase,telomerase_AF221940.103-499
14269,tRNA,telomerase,telomerase_AY058901.1-397
14270,tRNA,telomerase,telomerase_AY312571.605-1069
14271,tRNA,telomerase,telomerase_U85256.1-451
14272,tRNA,telomerase,telomerase_AC121792.109554-109950
14273,tRNA,telomerase,telomerase_AF147806.247-692
14274,tRNA,telomerase,telomerase_AF221906.96-545
14275,tRNA,telomerase,telomerase_AF221908.136-584
14276,tRNA,telomerase,telomerase_AF221909.98-496
14277,tRNA,telomerase,telomerase_AF221910.112-554
14278,tRNA,telomerase,telomerase_AF221911.104-513
14279,tRNA,telomerase,telomerase_AF221912.98-564
14280,tRNA,telomerase,telomerase_AF221913.109-520
14281,tRNA,telomerase,telomerase_AF221914.112-589
14282,tRNA,telomerase,telomerase_AF221916.94-481
14283,tRNA,telomerase,telomerase_AF221917.99-542
14284,tRNA,telomerase,telomerase_AF221918.97-547
14285,tRNA,telomerase,telomerase_AF221919.107-614
14286,tRNA,telomerase,telomerase_AF221920.99-541
14287,tRNA,telomerase,telomerase_AF221921.98-548
14288,tRNA,telomerase,telomerase_AF221923.106-554
14289,tRNA,telomerase,telomerase_AF221924.105-538
14290,tRNA,telomerase,telomerase_AF221925.98-540
14291,tRNA,telomerase,telomerase_AF221926.103-507
14292,tRNA,telomerase,telomerase_AF221927.113-556
14293,tRNA,telomerase,telomerase_AF221928.95-476
14294,tRNA,telomerase,telomerase_AF221929.92-517
14295,tRNA,telomerase,telomerase_AF221930.94-546
14296,tRNA,telomerase,telomerase_AF221931.99-541
14297,tRNA,telomerase,telomerase_AF221932.102-549
14298,tRNA,telomerase,telomerase_AF221934.121-565
14299,tRNA,telomerase,telomerase_AF221935.112-602
14300,tRNA,telomerase,telomerase_AF221936.98-540
14301,tRNA,telomerase,telomerase_AF221937.99-545
14302,tRNA,telomerase,telomerase_AF221939.99-544
14303,tRNA,telomerase,telomerase_AF221940.103-499
14304,tRNA,telomerase,telomerase_AY058901.1-397
14305,tRNA,telomerase,telomerase_AY312571.605-1069
14306,tRNA,telomerase,telomerase_U85256.1-451
14307,tRNA,telomerase,telomerase_AC121792.109554-109950
14308,tRNA,telomerase,telomerase_AF147806.247-692
14309,tRNA,telomerase,telomerase_AF221906.96-545
14310,tRNA,telomerase,telomerase_AF221908.136-584
14311,tRNA,telomerase,telomerase_AF221909.98-496
14312,tRNA,telomerase,telomerase_AF221910.112-554
14313,tRNA,telomerase,telomerase_AF221911.104-513
14314,tRNA,telomerase,telomerase_AF221912.98-564
14315,tRNA,telomerase,telomerase_AF221913.109-520
14316,tRNA,telomerase,telomerase_AF221914.112-589
14317,tRNA,telomerase,telomerase_AF221916.94-481
14318,tRNA,telomerase,telomerase_AF221917.99-542
14319,tRNA,telomerase,telomerase_AF221918.97-547
14320,tRNA,telomerase,telomerase_AF221919.107-614
14321,tRNA,telomerase,telomerase_AF221920.99-541
14322,tRNA,telomerase,telomerase_AF221921.98-548
14323,tRNA,telomerase,telomerase_AF221923.106-554
14324,tRNA,telomerase,telomerase_AF221924.105-538
14325,tRNA,telomerase,telomerase_AF221925.98-540
14326,tRNA,telomerase,telomerase_AF221926.103-507
14327,tRNA,telomerase,telomerase_AF221927.113-556
14328,tRNA,telomerase,telomerase_AF221928.95-476
14329,tRNA,telomerase,telomerase_AF221929.92-517
14330,tRNA,telomerase,telomerase_AF221930.94-546
14331,tRNA,telomerase,telomerase_AF221931.99-541
14332,tRNA,telomerase,telomerase_AF221932.102-549
14333,tRNA,telomerase,telomerase_AF221934.121-565
14334,tRNA,telomerase,telomerase_AF221935.112-602
14335,tRNA,telomerase,telomerase_AF221936.98-540
14336,tRNA,telomerase,telomerase_AF221937.99-545
14337,tRNA,telomerase,telomerase_AF221939.99-544
14338,tRNA,telomerase,telomerase_AF221940.103-499
14339,tRNA,telomerase,telomerase_AY058901.1-397
14340,tRNA,telomerase,telomerase_AY312571.605-1069
14341,tRNA,telomerase,telomerase_U85256.1-451
14342,tRNA,telomerase,telomerase_AC121792.109554-109950
14343,tRNA,telomerase,telomerase_AF147806.247-692
14344,tRNA,telomerase,telomerase_AF221906.96-545
14345,tRNA,telomerase,telomerase_AF221908.136-584
14346,tRNA,telomerase,telomerase_AF221909.98-496
14347,tRNA,telomerase,telomerase_AF221910.112-554
14348,tRNA,telomerase,telomerase_AF221911.104-513
14349,tRNA,telomerase,telomerase_AF221912.98-564
14350,tRNA,telomerase,telomerase_AF221913.109-520
14351,tRNA,telomerase,telomerase_AF221914.112-589
14352,tRNA,telomerase,telomerase_AF221916.94-481
14353,tRNA,telomerase,telomerase_AF221917.99-542
14354,tRNA,telomerase,telomerase_AF221918.97-547
14355,tRNA,telomerase,telomerase_AF221919.107-614
14356,tRNA,telomerase,telomerase_AF221920.99-541
14357,tRNA,telomerase,telomerase_AF221921.98-548
14358,tRNA,telomerase,telomerase_AF221923.106-554
14359,tRNA,telomerase,telomerase_AF221924.105-538
14360,tRNA,telomerase,telomerase_AF221925.98-540
14361,tRNA,telomerase,telomerase_AF221926.103-507
14362,tRNA,telomerase,telomerase_AF221927.113-556
14363,tRNA,telomerase,telomerase_AF221928.95-476
14364,tRNA,telomerase,telomerase_AF221929.92-517
14365,tRNA,telomerase,telomerase_AF221930.94-546
14366,tRNA,telomerase,telomerase_AF221931.99-541
14367,tRNA,tmRNA,tmRNA_Acin.spec._CR543861_1-360
14368,tRNA,tmRNA,tmRNA_Acti.acti._TRW-272556_1-366
14369,tRNA,tmRNA,tmRNA_Acti.naes._TRW-240017_1-371
14370,tRNA,tmRNA,tmRNA_Acti.succ._TRW-339671_1-367
14371,tRNA,tmRNA,tmRNA_Aero.hydr._AY442269_1-360
14372,tRNA,tmRNA,tmRNA_Aero.hydr._CP000462_1-360
14373,tRNA,tmRNA,tmRNA_Anab.vari._CP000117_1-390
14374,tRNA,tmRNA,tmRNA_Aqui.aeol._TRW-63363_1-347
14375,tRNA,tmRNA,tmRNA_Arth.spec._CP000454_1-369
14376,tRNA,tmRNA,tmRNA_Azoa.spec._TRW-62928_1-378
14377,tRNA,tmRNA,tmRNA_Baci.G._TRW-12333_1-312
14378,tRNA,tmRNA,tmRNA_Baci.anth._AE016879_1-355
14379,tRNA,tmRNA,tmRNA_Baci.halo._BA000004_1-361
14380,tRNA,tmRNA,tmRNA_Baci.thur._AE017355_1-355
14381,tRNA,tmRNA,tmRNA_Bact.frag._CR626927_1-398
14382,tRNA,tmRNA,tmRNA_Bact.frag._TRW-817_1-398
14383,tRNA,tmRNA,tmRNA_Bdel.bact._BX842656_1-346
14384,tRNA,tmRNA,tmRNA_Bord.bron._TRW-257310_1-387
14385,tRNA,tmRNA,tmRNA_Bord.para._TRW-257311_1-387
14386,tRNA,tmRNA,tmRNA_Borr.burg._AE001118_1-359
14387,tRNA,tmRNA,tmRNA_Buch.aphi._AE013218_1-376
14388,tRNA,tmRNA,tmRNA_Buch.aphi._BD061520_1-369
14389,tRNA,tmRNA,tmRNA_Burk.ceno._CP000378_1-370
14390,tRNA,tmRNA,tmRNA_Burk.mall._CP000010_1-370
14391,tRNA,tmRNA,tmRNA_Burk.spec._CP000151_1-370
14392,tRNA,tmRNA,tmRNA_Burk.viet._TRW-269482_1-370
14393,tRNA,tmRNA,tmRNA_Camp.coli._TRW-306254_1-359
14394,tRNA,tmRNA,tmRNA_Camp.fetu._AY211269_1-361
14395,tRNA,tmRNA,tmRNA_Camp.lari._TRW-306263_1-359
14396,tRNA,tmRNA,tmRNA_Camp.upsa._TRW-306264_1-359
14397,tRNA,tmRNA,tmRNA_Carn.malt._AF275938_1-366
14398,tRNA,tmRNA,tmRNA_Chla.abor._CR848038_1-425
14399,tRNA,tmRNA,tmRNA_Chla.cavi._AE015925_1-425
14400,tRNA,tmRNA,tmRNA_Chla.muri._AE002296_1-418
14401,tRNA,tmRNA,tmRNA_Chla.pneu._TRW-83558_1-426
14402,tRNA,tmRNA,tmRNA_Chla.trac._TRW-272561_1-420
14403,tRNA,tmRNA,tmRNA_Chla.trac._TRW-813-1_1-420
14404,tRNA,tmRNA,tmRNA_Chlo.chlo._CP000108_1-401
14405,tRNA,tmRNA,tmRNA_Clav.mich._TRW-31964_1-376
14406,tRNA,tmRNA,tmRNA_Clos.acet._AE001437_1-359
14407,tRNA,tmRNA,tmRNA_Clos.botu._TRW-36826_1-355
14408,tRNA,tmRNA,tmRNA_Clos.diff._AM180355_1-350
14409,tRNA,tmRNA,tmRNA_Clos.diff._TRW-367459_1-350
14410,tRNA,tmRNA,tmRNA_Clos.ther._TRW-203119_1-387
14411,tRNA,tmRNA,tmRNA_Copr.prot._TRW-351627_1-353
14412,tRNA,tmRNA,tmRNA_Croc.wats._TRW-165597_1-386
14413,tRNA,tmRNA,tmRNA_Cyan.mero._AY286123_1-236
14414,tRNA,tmRNA,tmRNA_Desu.psyc._CR522870_1-366
14415,tRNA,tmRNA,tmRNA_Dich.nodo._TRW-35819_1-352
14416,tRNA,tmRNA,tmRNA_Emil.huxl._TRW-280463_1-291
14417,tRNA,tmRNA,tmRNA_Ente.faec._BD193796_1-367
14418,tRNA,tmRNA,tmRNA_Ente.faec._TRW-1352_1-367
14419,tRNA,tmRNA,tmRNA_Erwi.caro._BX950851_1-363
14420,tRNA,tmRNA,tmRNA_Esch.coli._AE005491_1-363
14421,tRNA,tmRNA,tmRNA_Esch.coli._AP009048_1-363
14422,tRNA,tmRNA,tmRNA_Esch.coli._BA000007_1-363
14423,tRNA,tmRNA,tmRNA_Esch.coli._CP000247_1-363
14424,tRNA,tmRNA,tmRNA_Esch.coli._D90888_1-363
14425,tRNA,tmRNA,tmRNA_Esch.coli._U36840_1-363
14426,tRNA,tmRNA,tmRNA_Exig.sibi._TRW-262543_1-359
14427,tRNA,tmRNA,tmRNA_Fibr.succ._TRW-59374_1-361
14428,tRNA,tmRNA,tmRNA_Fran.tula._AM233362_1-421
14429,tRNA,tmRNA,tmRNA_Fran.tula._AM286280_1-421
14430,tRNA,tmRNA,tmRNA_Fran.tula._CP000437_1-421
14431,tRNA,tmRNA,tmRNA_Fuso.nucl._AE010567_1-341
14432,tRNA,tmRNA,tmRNA_Fuso.nucl._TRW-209882_1-344
14433,tRNA,tmRNA,tmRNA_Gemm.obsc._TRW-214688_1-412
14434,tRNA,tmRNA,tmRNA_Geob.meta._CP000148_1-356
14435,tRNA,tmRNA,tmRNA_Geob.stea._TRW-1422_1-352
14436,tRNA,tmRNA,tmRNA_Guil.thet._AF041468_1-327
14437,tRNA,tmRNA,tmRNA_Haem.ducr._AE017143_1-367
14438,tRNA,tmRNA,tmRNA_Haem.infl._AY599475_1-366
14439,tRNA,tmRNA,tmRNA_Haem.infl._L42023_1-366
14440,tRNA,tmRNA,tmRNA_Haem.infl._TRW-262727_1-366
14441,tRNA,tmRNA,tmRNA_Haem.infl._TRW-262728_1-366
14442,tRNA,tmRNA,tmRNA_Haem.infl._U32808_1-366
14443,tRNA,tmRNA,tmRNA_Heli.hepa._AE017125_1-369
14444,tRNA,tmRNA,tmRNA_Heli.must._DQ250625_1-366
14445,tRNA,tmRNA,tmRNA_Heli.pylo._AE000511_1-386
14446,tRNA,tmRNA,tmRNA_Heli.pylo._AE001503_1-383
14447,tRNA,tmRNA,tmRNA_Heli.pylo._TRW-85962_1-386
14448,tRNA,tmRNA,tmRNA_Heli.pylo._TRW-85963_1-386
14449,tRNA,tmRNA,tmRNA_Kleb.pneu._TRW-272620_1-363
14450,tRNA,tmRNA,tmRNA_Lact.john._TRW-257314_1-367
14451,tRNA,tmRNA,tmRNA_Lact.lact._AE006373_1-359
14452,tRNA,tmRNA,tmRNA_Lact.lact._AF176556_1-359
14453,tRNA,tmRNA,tmRNA_Lact.plan._AL935259_1-372
14454,tRNA,tmRNA,tmRNA_Leif.xyli._AE016822_1-394
14455,tRNA,tmRNA,tmRNA_Lept.inte._AE016823_1-350
14456,tRNA,tmRNA,tmRNA_Lept.spec._TRW-261385_1-359
14457,tRNA,tmRNA,tmRNA_Lept.spec._TRW-261386_1-359
14458,tRNA,tmRNA,tmRNA_Leuc.mese._AF375574_1-307
14459,tRNA,tmRNA,tmRNA_Leuc.mese._CP000414_1-358
14460,tRNA,tmRNA,tmRNA_Leuc.mese._TRW-1245_1-358
14461,tRNA,tmRNA,tmRNA_List.gray._AF440336_1-321
14462,tRNA,tmRNA,tmRNA_List.mono._TRW-1639-1_1-370
14463,tRNA,tmRNA,tmRNA_List.wels._AF440351_1-321
14464,tRNA,tmRNA,tmRNA_Mann.haem._TRW-272629_1-367
14465,tRNA,tmRNA,tmRNA_Mann.succ._AE016827_1-367
14466,tRNA,tmRNA,tmRNA_Meso.flor._AE017263_1-408
14467,tRNA,tmRNA,tmRNA_Meth.flag._CP000284_1-361
14468,tRNA,tmRNA,tmRNA_Moor.ther._CP000232_1-358
14469,tRNA,tmRNA,tmRNA_Mora.cata._AX067460_1-359
14470,tRNA,tmRNA,tmRNA_Myco.Bxz1._AY129337_1-437
14471,tRNA,tmRNA,tmRNA_Myco.afri._TRW-33894_1-368
14472,tRNA,tmRNA,tmRNA_Myco.aviu._AE016958_1-368
14473,tRNA,tmRNA,tmRNA_Myco.bovi._TRW-1765_1-368
14474,tRNA,tmRNA,tmRNA_Myco.capr._D13067_1-411
14475,tRNA,tmRNA,tmRNA_Myco.hyop._TRW-262719_1-433
14476,tRNA,tmRNA,tmRNA_Myco.myco._BX842642_1-411
14477,tRNA,tmRNA,tmRNA_Myco.pulm._AL445565_1-387
14478,tRNA,tmRNA,tmRNA_Myco.smeg._CP000480_1-369
14479,tRNA,tmRNA,tmRNA_Myco.tube._TRW-164513_1-368
14480,tRNA,tmRNA,tmRNA_Myxo.xant._TRW-34_1-366
14481,tRNA,tmRNA,tmRNA_Neis.gono._TRW-242231_1-363
14482,tRNA,tmRNA,tmRNA_Neis.meni._TRW-272831_1-363
14483,tRNA,tmRNA,tmRNA_Nitr.euro._BX321865_1-360
14484,tRNA,tmRNA,tmRNA_Nitr.mult._CP000103_1-362
14485,tRNA,tmRNA,tmRNA_Noca.farc._AP006618_1-368
14486,tRNA,tmRNA,tmRNA_Nost.punc._TRW-63737_1-390
14487,tRNA,tmRNA,tmRNA_Nost.spec._BA000019_1-390
14488,tRNA,tmRNA,tmRNA_Odon.sine._TRW-2839_1-371
14489,tRNA,tmRNA,tmRNA_Oeno.oeni._TRW-203123_1-350
14490,tRNA,tmRNA,tmRNA_Onio.yell._AP006628_1-423
14491,tRNA,tmRNA,tmRNA_Para.symb._BX908798_1-405
14492,tRNA,tmRNA,tmRNA_Pedi.pent._CP000422_1-369
14493,tRNA,tmRNA,tmRNA_Phot.lumi._BX571870_1-364
14494,tRNA,tmRNA,tmRNA_Phot.prof._CR378665_1-368
14495,tRNA,tmRNA,tmRNA_Pola.spec._CP000316_1-387
14496,tRNA,tmRNA,tmRNA_Porp.ging._TRW-242619_1-407
14497,tRNA,tmRNA,tmRNA_Porp.purp._TRW-2787_1-323
14498,tRNA,tmRNA,tmRNA_Prop.acne._AE017283_1-371
14499,tRNA,tmRNA,tmRNA_Prop.acne._TRW-1747-1_1-371
14500,tRNA,tmRNA,tmRNA_Pseu.aeru._AE004091_1-353
14501,tRNA,tmRNA,tmRNA_Pseu.aeru._CP000438_1-353
14502,tRNA,tmRNA,tmRNA_Pseu.ento._CT573326_1-392
14503,tRNA,tmRNA,tmRNA_Pseu.fluo._CP000076_1-394
14504,tRNA,tmRNA,tmRNA_Pseu.fluo._TRW-216595_1-397
14505,tRNA,tmRNA,tmRNA_Pseu.syri._AE016853_1-388
14506,tRNA,tmRNA,tmRNA_Rals.sola._AL646052_1-360
14507,tRNA,tmRNA,tmRNA_Rubr.gela._TRW-279263_1-372
14508,tRNA,tmRNA,tmRNA_Rubr.xyla._CP000386_1-360
14509,tRNA,tmRNA,tmRNA_Rumi.albu._TRW-246199_1-354
14510,tRNA,tmRNA,tmRNA_Sali.rube._CP000159_1-369
14511,tRNA,tmRNA,tmRNA_Salm.bong._TRW-218493_1-363
14512,tRNA,tmRNA,tmRNA_Salm.ente._AE014613_1-363
14513,tRNA,tmRNA,tmRNA_Salm.ente._AE017220_1-363
14514,tRNA,tmRNA,tmRNA_Salm.ente._TRW-59204_1-363
14515,tRNA,tmRNA,tmRNA_Salm.typh._AY316313_1-363
14516,tRNA,tmRNA,tmRNA_Salm.typh._AY319520_1-363
14517,tRNA,tmRNA,tmRNA_Serr.marc._TRW-273526_1-364
14518,tRNA,tmRNA,tmRNA_Shew.onei._AX048560_1-355
14519,tRNA,tmRNA,tmRNA_Shew.putr._TRW-319224_1-356
14520,tRNA,tmRNA,tmRNA_Shew.spec._CP000444_1-355
14521,tRNA,tmRNA,tmRNA_Shew.spec._CP000446_1-355
14522,tRNA,tmRNA,tmRNA_Shew.spec._CP000469_1-355
14523,tRNA,tmRNA,tmRNA_Shew.spec._TRW-323850_1-356
14524,tRNA,tmRNA,tmRNA_Shig.dyse._CP000034_1-363
14525,tRNA,tmRNA,tmRNA_Shig.flex._AE014073_1-363
14526,tRNA,tmRNA,tmRNA_Shig.sonn._CP000038_1-363
14527,tRNA,tmRNA,tmRNA_Soda.glos._AP008232_1-384
14528,tRNA,tmRNA,tmRNA_Stap.aure._AC074317_1-359
14529,tRNA,tmRNA,tmRNA_Stap.aure._BA000017_1-362
14530,tRNA,tmRNA,tmRNA_Stap.aure._BX571857_1-362
14531,tRNA,tmRNA,tmRNA_Stap.aure._TRW-1280_1-362
14532,tRNA,tmRNA,tmRNA_Stap.epid._TRW-1282-2_1-362
14533,tRNA,tmRNA,tmRNA_Sten.malt._TRW-40324_1-354
14534,tRNA,tmRNA,tmRNA_Stre.agal._AE014233_1-350
14535,tRNA,tmRNA,tmRNA_Stre.aure._AY616521_1-382
14536,tRNA,tmRNA,tmRNA_Stre.aver._BA000030_1-389
14537,tRNA,tmRNA,tmRNA_Stre.equi._TRW-1336_1-349
14538,tRNA,tmRNA,tmRNA_Stre.pneu._AE008453_1-348
14539,tRNA,tmRNA,tmRNA_Stre.scab._TRW-1883_1-402
14540,tRNA,tmRNA,tmRNA_Stre.sobr._TRW-246202_1-349
14541,tRNA,tmRNA,tmRNA_Sulf.azor._TRW-204536_1-351
14542,tRNA,tmRNA,tmRNA_Syne.spec._D90916_1-396
14543,tRNA,tmRNA,tmRNA_Synt.acid._CP000252_1-356
14544,tRNA,tmRNA,tmRNA_Thal.pseu._EF067921_1-344
14545,tRNA,tmRNA,tmRNA_Thal.weis._AF049491_1-348
14546,tRNA,tmRNA,tmRNA_Ther.fusc._CP000088_1-372
14547,tRNA,tmRNA,tmRNA_Ther.mari._TRW-243274-1_1-356
14548,tRNA,tmRNA,tmRNA_Ther.teng._AE013063_1-351
14549,tRNA,tmRNA,tmRNA_Trep.dent._AE017226_1-351
14550,tRNA,tmRNA,tmRNA_Trep.pall._TRW-243276_1-354
14551,tRNA,tmRNA,tmRNA_Tric.eryt._CP000393_1-398
14552,tRNA,tmRNA,tmRNA_Trop.whip._BX251411_1-369
14553,tRNA,tmRNA,tmRNA_Urea.parv._AE002154_1-413
14554,tRNA,tmRNA,tmRNA_Xant.axon._AE011783_1-397
14555,tRNA,tmRNA,tmRNA_Xyle.fast._AE003849_1-355
14556,tRNA,tmRNA,tmRNA_Xyle.fast._AE004078_1-355
14557,tRNA,tmRNA,tmRNA_Xyle.fast._TRW-155920_1-355
14558,tRNA,tmRNA,tmRNA_Yers.ente._TRW-34054_1-381
14559,tRNA,tmRNA,tmRNA_Yers.inte._TRW-349965_1-381
14560,tRNA,tmRNA,tmRNA_Yers.pest._CP000305_1-364
14561,tRNA,tmRNA,tmRNA_envi.sequ._TRW-204433_1-356
14562,tRNA,tmRNA,tmRNA_envi.sequ._TRW-259292_1-355
14563,tRNA,tmRNA,tmRNA_envi.sequ._TRW-32045-1_1-355
14564,tRNA,tmRNA,tmRNA_envi.sequ._TRW-32045-2_1-345
14565,tRNA,tmRNA,tmRNA_uncu.bact._TRW-32033-1_1-354
14566,tRNA,tmRNA,tmRNA_uncu.bact._TRW-32045-4_1-369
14567,telomerase,16s,16s_A.fulgidus_domain2
14568,telomerase,16s,16s_A.fulgidus_domain3
14569,telomerase,16s,16s_A.fulgidus_domain4
14570,telomerase,16s,16s_A.pyrophilus_domain2
14571,telomerase,16s,16s_A.pyrophilus_domain4
14572,telomerase,16s,16s_B.burgdorferi_domain2
14573,telomerase,16s,16s_B.burgdorferi_domain3
14574,telomerase,16s,16s_B.burgdorferi_domain4
14575,telomerase,16s,16s_B.subtilis_domain2
14576,telomerase,16s,16s_B.subtilis_domain3
14577,telomerase,16s,16s_B.subtilis_domain4
14578,telomerase,16s,16s_C.elegans_domain1
14579,telomerase,16s,16s_C.elegans_domain2
14580,telomerase,16s,16s_C.elegans_domain3
14581,telomerase,16s,16s_C.elegans_domain4
14582,telomerase,16s,16s_C.psittaci_domain2
14583,telomerase,16s,16s_C.psittaci_domain3
14584,telomerase,16s,16s_C.psittaci_domain4
14585,telomerase,16s,16s_C.reinhardtii.chloro_domain1
14586,telomerase,16s,16s_C.reinhardtii.chloro_domain2
14587,telomerase,16s,16s_C.reinhardtii.chloro_domain3
14588,telomerase,16s,16s_C.reinhardtii.chloro_domain4
14589,telomerase,16s,16s_C.reinhardtii.mito_domain1
14590,telomerase,16s,16s_C.reinhardtii.mito_domain2
14591,telomerase,16s,16s_C.reinhardtii.mito_domain3
14592,telomerase,16s,16s_C.reinhardtii.mito_domain4
14593,telomerase,16s,16s_D.melanogaster_domain4
14594,telomerase,16s,16s_E.coli_domain2
14595,telomerase,16s,16s_E.coli_domain3
14596,telomerase,16s,16s_E.coli_domain4
14597,telomerase,16s,16s_F.ananassa_domain3
14598,telomerase,16s,16s_F.ananassa_domain4
14599,telomerase,16s,16s_G.intestinalis_domain1
14600,telomerase,16s,16s_G.intestinalis_domain2
14601,telomerase,16s,16s_G.intestinalis_domain3
14602,telomerase,16s,16s_G.intestinalis_domain4
14603,telomerase,16s,16s_H.sapiens.mito_domain1
14604,telomerase,16s,16s_H.sapiens.mito_domain2
14605,telomerase,16s,16s_H.sapiens.mito_domain3
14606,telomerase,16s,16s_H.sapiens.mito_domain4
14607,telomerase,16s,16s_H.sapiens_domain3
14608,telomerase,16s,16s_H.sapiens_domain4
14609,telomerase,16s,16s_H.volcanii_domain1
14610,telomerase,16s,16s_H.volcanii_domain2
14611,telomerase,16s,16s_H.volcanii_domain3
14612,telomerase,16s,16s_H.volcanii_domain4
14613,telomerase,16s,16s_M.polymorpha_domain2
14614,telomerase,16s,16s_M.polymorpha_domain3
14615,telomerase,16s,16s_M.polymorpha_domain4
14616,telomerase,16s,16s_P.occultum_domain2
14617,telomerase,16s,16s_P.occultum_domain3
14618,telomerase,16s,16s_P.occultum_domain4
14619,telomerase,16s,16s_P.staleyi_domain2
14620,telomerase,16s,16s_P.staleyi_domain3
14621,telomerase,16s,16s_P.staleyi_domain4
14622,telomerase,16s,16s_S.cerevisiae_domain3
14623,telomerase,16s,16s_S.cerevisiae_domain4
14624,telomerase,16s,16s_T.gondii_domain3
14625,telomerase,16s,16s_T.gondii_domain4
14626,telomerase,16s,16s_T.maritima_domain2
14627,telomerase,16s,16s_T.maritima_domain3
14628,telomerase,16s,16s_T.maritima_domain4
14629,telomerase,16s,16s_Z.mays_domain1
14630,telomerase,16s,16s_Z.mays_domain2
14631,telomerase,16s,16s_Z.mays_domain3
14632,telomerase,16s,16s_Z.mays_domain4
14633,telomerase,16s,16s_A.fulgidus_domain2
14634,telomerase,16s,16s_A.fulgidus_domain3
14635,telomerase,16s,16s_A.fulgidus_domain4
14636,telomerase,16s,16s_A.pyrophilus_domain2
14637,telomerase,16s,16s_A.pyrophilus_domain4
14638,telomerase,16s,16s_B.burgdorferi_domain2
14639,telomerase,16s,16s_B.burgdorferi_domain3
14640,telomerase,16s,16s_B.burgdorferi_domain4
14641,telomerase,16s,16s_B.subtilis_domain2
14642,telomerase,16s,16s_B.subtilis_domain3
14643,telomerase,16s,16s_B.subtilis_domain4
14644,telomerase,16s,16s_C.elegans_domain1
14645,telomerase,16s,16s_C.elegans_domain2
14646,telomerase,16s,16s_C.elegans_domain3
14647,telomerase,16s,16s_C.elegans_domain4
14648,telomerase,16s,16s_C.psittaci_domain2
14649,telomerase,16s,16s_C.psittaci_domain3
14650,telomerase,16s,16s_C.psittaci_domain4
14651,telomerase,16s,16s_C.reinhardtii.chloro_domain1
14652,telomerase,16s,16s_C.reinhardtii.chloro_domain2
14653,telomerase,16s,16s_C.reinhardtii.chloro_domain3
14654,telomerase,16s,16s_C.reinhardtii.chloro_domain4
14655,telomerase,16s,16s_C.reinhardtii.mito_domain1
14656,telomerase,16s,16s_C.reinhardtii.mito_domain2
14657,telomerase,16s,16s_C.reinhardtii.mito_domain3
14658,telomerase,16s,16s_C.reinhardtii.mito_domain4
14659,telomerase,16s,16s_D.melanogaster_domain4
14660,telomerase,16s,16s_E.coli_domain2
14661,telomerase,16s,16s_E.coli_domain3
14662,telomerase,16s,16s_E.coli_domain4
14663,telomerase,16s,16s_F.ananassa_domain3
14664,telomerase,16s,16s_F.ananassa_domain4
14665,telomerase,16s,16s_G.intestinalis_domain1
14666,telomerase,16s,16s_G.intestinalis_domain2
14667,telomerase,16s,16s_G.intestinalis_domain3
14668,telomerase,16s,16s_G.intestinalis_domain4
14669,telomerase,16s,16s_H.sapiens.mito_domain1
14670,telomerase,16s,16s_H.sapiens.mito_domain2
14671,telomerase,16s,16s_H.sapiens.mito_domain3
14672,telomerase,16s,16s_H.sapiens.mito_domain4
14673,telomerase,16s,16s_H.sapiens_domain3
14674,telomerase,16s,16s_H.sapiens_domain4
14675,telomerase,16s,16s_H.volcanii_domain1
14676,telomerase,16s,16s_H.volcanii_domain2
14677,telomerase,16s,16s_H.volcanii_domain3
14678,telomerase,16s,16s_H.volcanii_domain4
14679,telomerase,16s,16s_M.polymorpha_domain2
14680,telomerase,16s,16s_M.polymorpha_domain3
14681,telomerase,16s,16s_M.polymorpha_domain4
14682,telomerase,16s,16s_P.occultum_domain2
14683,telomerase,16s,16s_P.occultum_domain3
14684,telomerase,16s,16s_P.occultum_domain4
14685,telomerase,16s,16s_P.staleyi_domain2
14686,telomerase,16s,16s_P.staleyi_domain3
14687,telomerase,16s,16s_P.staleyi_domain4
14688,telomerase,16s,16s_S.cerevisiae_domain3
14689,telomerase,16s,16s_S.cerevisiae_domain4
14690,telomerase,16s,16s_T.gondii_domain3
14691,telomerase,16s,16s_T.gondii_domain4
14692,telomerase,16s,16s_T.maritima_domain2
14693,telomerase,16s,16s_T.maritima_domain3
14694,telomerase,16s,16s_T.maritima_domain4
14695,telomerase,16s,16s_Z.mays_domain1
14696,telomerase,16s,16s_Z.mays_domain2
14697,telomerase,16s,16s_Z.mays_domain3
14698,telomerase,16s,16s_Z.mays_domain4
14699,telomerase,16s,16s_A.fulgidus_domain2
14700,telomerase,16s,16s_A.fulgidus_domain3
14701,telomerase,16s,16s_A.fulgidus_domain4
14702,telomerase,16s,16s_A.pyrophilus_domain2
14703,telomerase,16s,16s_A.pyrophilus_domain4
14704,telomerase,16s,16s_B.burgdorferi_domain2
14705,telomerase,16s,16s_B.burgdorferi_domain3
14706,telomerase,16s,16s_B.burgdorferi_domain4
14707,telomerase,16s,16s_B.subtilis_domain2
14708,telomerase,16s,16s_B.subtilis_domain3
14709,telomerase,16s,16s_B.subtilis_domain4
14710,telomerase,16s,16s_C.elegans_domain1
14711,telomerase,16s,16s_C.elegans_domain2
14712,telomerase,16s,16s_C.elegans_domain3
14713,telomerase,16s,16s_C.elegans_domain4
14714,telomerase,16s,16s_C.psittaci_domain2
14715,telomerase,16s,16s_C.psittaci_domain3
14716,telomerase,16s,16s_C.psittaci_domain4
14717,telomerase,16s,16s_C.reinhardtii.chloro_domain1
14718,telomerase,16s,16s_C.reinhardtii.chloro_domain2
14719,telomerase,16s,16s_C.reinhardtii.chloro_domain3
14720,telomerase,16s,16s_C.reinhardtii.chloro_domain4
14721,telomerase,16s,16s_C.reinhardtii.mito_domain1
14722,telomerase,16s,16s_C.reinhardtii.mito_domain2
14723,telomerase,16s,16s_C.reinhardtii.mito_domain3
14724,telomerase,16s,16s_C.reinhardtii.mito_domain4
14725,telomerase,16s,16s_D.melanogaster_domain4
14726,telomerase,16s,16s_E.coli_domain2
14727,telomerase,16s,16s_E.coli_domain3
14728,telomerase,16s,16s_E.coli_domain4
14729,telomerase,16s,16s_F.ananassa_domain3
14730,telomerase,16s,16s_F.ananassa_domain4
14731,telomerase,16s,16s_G.intestinalis_domain1
14732,telomerase,16s,16s_G.intestinalis_domain2
14733,telomerase,16s,16s_G.intestinalis_domain3
14734,telomerase,16s,16s_G.intestinalis_domain4
14735,telomerase,16s,16s_H.sapiens.mito_domain1
14736,telomerase,16s,16s_H.sapiens.mito_domain2
14737,telomerase,16s,16s_H.sapiens.mito_domain3
14738,telomerase,16s,16s_H.sapiens.mito_domain4
14739,telomerase,16s,16s_H.sapiens_domain3
14740,telomerase,16s,16s_H.sapiens_domain4
14741,telomerase,16s,16s_H.volcanii_domain1
14742,telomerase,16s,16s_H.volcanii_domain2
14743,telomerase,16s,16s_H.volcanii_domain3
14744,telomerase,16s,16s_H.volcanii_domain4
14745,telomerase,16s,16s_M.polymorpha_domain2
14746,telomerase,16s,16s_M.polymorpha_domain3
14747,telomerase,16s,16s_M.polymorpha_domain4
14748,telomerase,16s,16s_P.occultum_domain2
14749,telomerase,16s,16s_P.occultum_domain3
14750,telomerase,16s,16s_P.occultum_domain4
14751,telomerase,16s,16s_P.staleyi_domain2
14752,telomerase,16s,16s_P.staleyi_domain3
14753,telomerase,16s,16s_P.staleyi_domain4
14754,telomerase,16s,16s_S.cerevisiae_domain3
14755,telomerase,16s,16s_S.cerevisiae_domain4
14756,telomerase,16s,16s_T.gondii_domain3
14757,telomerase,16s,16s_T.gondii_domain4
14758,telomerase,16s,16s_T.maritima_domain2
14759,telomerase,16s,16s_T.maritima_domain3
14760,telomerase,16s,16s_T.maritima_domain4
14761,telomerase,16s,16s_Z.mays_domain1
14762,telomerase,16s,16s_Z.mays_domain2
14763,telomerase,16s,16s_Z.mays_domain3
14764,telomerase,16s,16s_Z.mays_domain4
14765,telomerase,16s,16s_A.fulgidus_domain2
14766,telomerase,16s,16s_A.fulgidus_domain3
14767,telomerase,23s,23s_B.subtilis_domain3
14768,telomerase,23s,23s_B.subtilis_domain4
14769,telomerase,23s,23s_B.subtilis_domain6
14770,telomerase,23s,23s_E.coli_domain3
14771,telomerase,23s,23s_E.coli_domain4
14772,telomerase,23s,23s_E.coli_domain6
14773,telomerase,23s,23s_H.pylori_domain3
14774,telomerase,23s,23s_H.pylori_domain4
14775,telomerase,23s,23s_H.pylori_domain6
14776,telomerase,23s,23s_S.aureus_domain3
14777,telomerase,23s,23s_S.aureus_domain4
14778,telomerase,23s,23s_S.aureus_domain6
14779,telomerase,23s,23s_T.thermophilus_domain3
14780,telomerase,23s,23s_T.thermophilus_domain4
14781,telomerase,23s,23s_T.thermophilus_domain6
14782,telomerase,23s,23s_B.subtilis_domain3
14783,telomerase,23s,23s_B.subtilis_domain4
14784,telomerase,23s,23s_B.subtilis_domain6
14785,telomerase,23s,23s_E.coli_domain3
14786,telomerase,23s,23s_E.coli_domain4
14787,telomerase,23s,23s_E.coli_domain6
14788,telomerase,23s,23s_H.pylori_domain3
14789,telomerase,23s,23s_H.pylori_domain4
14790,telomerase,23s,23s_H.pylori_domain6
14791,telomerase,23s,23s_S.aureus_domain3
14792,telomerase,23s,23s_S.aureus_domain4
14793,telomerase,23s,23s_S.aureus_domain6
14794,telomerase,23s,23s_T.thermophilus_domain3
14795,telomerase,23s,23s_T.thermophilus_domain4
14796,telomerase,23s,23s_T.thermophilus_domain6
14797,telomerase,23s,23s_B.subtilis_domain3
14798,telomerase,23s,23s_B.subtilis_domain4
14799,telomerase,23s,23s_B.subtilis_domain6
14800,telomerase,23s,23s_E.coli_domain3
14801,telomerase,23s,23s_E.coli_domain4
14802,telomerase,23s,23s_E.coli_domain6
14803,telomerase,23s,23s_H.pylori_domain3
14804,telomerase,23s,23s_H.pylori_domain4
14805,telomerase,23s,23s_H.pylori_domain6
14806,telomerase,23s,23s_S.aureus_domain3
14807,telomerase,23s,23s_S.aureus_domain4
14808,telomerase,23s,23s_S.aureus_domain6
14809,telomerase,23s,23s_T.thermophilus_domain3
14810,telomerase,23s,23s_T.thermophilus_domain4
14811,telomerase,23s,23s_T.thermophilus_domain6
14812,telomerase,23s,23s_B.subtilis_domain3
14813,telomerase,23s,23s_B.subtilis_domain4
14814,telomerase,23s,23s_B.subtilis_domain6
14815,telomerase,23s,23s_E.coli_domain3
14816,telomerase,23s,23s_E.coli_domain4
14817,telomerase,23s,23s_E.coli_domain6
14818,telomerase,23s,23s_H.pylori_domain3
14819,telomerase,23s,23s_H.pylori_domain4
14820,telomerase,23s,23s_H.pylori_domain6
14821,telomerase,23s,23s_S.aureus_domain3
14822,telomerase,23s,23s_S.aureus_domain4
14823,telomerase,23s,23s_S.aureus_domain6
14824,telomerase,23s,23s_T.thermophilus_domain3
14825,telomerase,23s,23s_T.thermophilus_domain4
14826,telomerase,23s,23s_T.thermophilus_domain6
14827,telomerase,23s,23s_B.subtilis_domain3
14828,telomerase,23s,23s_B.subtilis_domain4
14829,telomerase,23s,23s_B.subtilis_domain6
14830,telomerase,23s,23s_E.coli_domain3
14831,telomerase,23s,23s_E.coli_domain4
14832,telomerase,23s,23s_E.coli_domain6
14833,telomerase,23s,23s_H.pylori_domain3
14834,telomerase,23s,23s_H.pylori_domain4
14835,telomerase,23s,23s_H.pylori_domain6
14836,telomerase,23s,23s_S.aureus_domain3
14837,telomerase,23s,23s_S.aureus_domain4
14838,telomerase,23s,23s_S.aureus_domain6
14839,telomerase,23s,23s_T.thermophilus_domain3
14840,telomerase,23s,23s_T.thermophilus_domain4
14841,telomerase,23s,23s_T.thermophilus_domain6
14842,telomerase,23s,23s_B.subtilis_domain3
14843,telomerase,23s,23s_B.subtilis_domain4
14844,telomerase,23s,23s_B.subtilis_domain6
14845,telomerase,23s,23s_E.coli_domain3
14846,telomerase,23s,23s_E.coli_domain4
14847,telomerase,23s,23s_E.coli_domain6
14848,telomerase,23s,23s_H.pylori_domain3
14849,telomerase,23s,23s_H.pylori_domain4
14850,telomerase,23s,23s_H.pylori_domain6
14851,telomerase,23s,23s_S.aureus_domain3
14852,telomerase,23s,23s_S.aureus_domain4
14853,telomerase,23s,23s_S.aureus_domain6
14854,telomerase,23s,23s_T.thermophilus_domain3
14855,telomerase,23s,23s_T.thermophilus_domain4
14856,telomerase,23s,23s_T.thermophilus_domain6
14857,telomerase,23s,23s_B.subtilis_domain3
14858,telomerase,23s,23s_B.subtilis_domain4
14859,telomerase,23s,23s_B.subtilis_domain6
14860,telomerase,23s,23s_E.coli_domain3
14861,telomerase,23s,23s_E.coli_domain4
14862,telomerase,23s,23s_E.coli_domain6
14863,telomerase,23s,23s_H.pylori_domain3
14864,telomerase,23s,23s_H.pylori_domain4
14865,telomerase,23s,23s_H.pylori_domain6
14866,telomerase,23s,23s_S.aureus_domain3
14867,telomerase,23s,23s_S.aureus_domain4
14868,telomerase,23s,23s_S.aureus_domain6
14869,telomerase,23s,23s_T.thermophilus_domain3
14870,telomerase,23s,23s_T.thermophilus_domain4
14871,telomerase,23s,23s_T.thermophilus_domain6
14872,telomerase,23s,23s_B.subtilis_domain3
14873,telomerase,23s,23s_B.subtilis_domain4
14874,telomerase,23s,23s_B.subtilis_domain6
14875,telomerase,23s,23s_E.coli_domain3
14876,telomerase,23s,23s_E.coli_domain4
14877,telomerase,23s,23s_E.coli_domain6
14878,telomerase,23s,23s_H.pylori_domain3
14879,telomerase,23s,23s_H.pylori_domain4
14880,telomerase,23s,23s_H.pylori_domain6
14881,telomerase,23s,23s_S.aureus_domain3
14882,telomerase,23s,23s_S.aureus_domain4
14883,telomerase,23s,23s_S.aureus_domain6
14884,telomerase,23s,23s_T.thermophilus_domain3
14885,telomerase,23s,23s_T.thermophilus_domain4
14886,telomerase,23s,23s_T.thermophilus_domain6
14887,telomerase,23s,23s_B.subtilis_domain3
14888,telomerase,23s,23s_B.subtilis_domain4
14889,telomerase,23s,23s_B.subtilis_domain6
14890,telomerase,23s,23s_E.coli_domain3
14891,telomerase,23s,23s_E.coli_domain4
14892,telomerase,23s,23s_E.coli_domain6
14893,telomerase,23s,23s_H.pylori_domain3
14894,telomerase,23s,23s_H.pylori_domain4
14895,telomerase,23s,23s_H.pylori_domain6
14896,telomerase,23s,23s_S.aureus_domain3
14897,telomerase,23s,23s_S.aureus_domain4
14898,telomerase,23s,23s_S.aureus_domain6
14899,telomerase,23s,23s_T.thermophilus_domain3
14900,telomerase,23s,23s_T.thermophilus_domain4
14901,telomerase,23s,23s_T.thermophilus_domain6
14902,telomerase,23s,23s_B.subtilis_domain3
14903,telomerase,23s,23s_B.subtilis_domain4
14904,telomerase,23s,23s_B.subtilis_domain6
14905,telomerase,23s,23s_E.coli_domain3
14906,telomerase,23s,23s_E.coli_domain4
14907,telomerase,23s,23s_E.coli_domain6
14908,telomerase,23s,23s_H.pylori_domain3
14909,telomerase,23s,23s_H.pylori_domain4
14910,telomerase,23s,23s_H.pylori_domain6
14911,telomerase,23s,23s_S.aureus_domain3
14912,telomerase,23s,23s_S.aureus_domain4
14913,telomerase,23s,23s_S.aureus_domain6
14914,telomerase,23s,23s_T.thermophilus_domain3
14915,telomerase,23s,23s_T.thermophilus_domain4
14916,telomerase,23s,23s_T.thermophilus_domain6
14917,telomerase,23s,23s_B.subtilis_domain3
14918,telomerase,23s,23s_B.subtilis_domain4
14919,telomerase,23s,23s_B.subtilis_domain6
14920,telomerase,23s,23s_E.coli_domain3
14921,telomerase,23s,23s_E.coli_domain4
14922,telomerase,23s,23s_E.coli_domain6
14923,telomerase,23s,23s_H.pylori_domain3
14924,telomerase,23s,23s_H.pylori_domain4
14925,telomerase,23s,23s_H.pylori_domain6
14926,telomerase,23s,23s_S.aureus_domain3
14927,telomerase,23s,23s_S.aureus_domain4
14928,telomerase,23s,23s_S.aureus_domain6
14929,telomerase,23s,23s_T.thermophilus_domain3
14930,telomerase,23s,23s_T.thermophilus_domain4
14931,telomerase,23s,23s_T.thermophilus_domain6
14932,telomerase,23s,23s_B.subtilis_domain3
14933,telomerase,23s,23s_B.subtilis_domain4
14934,telomerase,23s,23s_B.subtilis_domain6
14935,telomerase,23s,23s_E.coli_domain3
14936,telomerase,23s,23s_E.coli_domain4
14937,telomerase,23s,23s_E.coli_domain6
14938,telomerase,23s,23s_H.pylori_domain3
14939,telomerase,23s,23s_H.pylori_domain4
14940,telomerase,23s,23s_H.pylori_domain6
14941,telomerase,23s,23s_S.aureus_domain3
14942,telomerase,23s,23s_S.aureus_domain4
14943,telomerase,23s,23s_S.aureus_domain6
14944,telomerase,23s,23s_T.thermophilus_domain3
14945,telomerase,23s,23s_T.thermophilus_domain4
14946,telomerase,23s,23s_T.thermophilus_domain6
14947,telomerase,23s,23s_B.subtilis_domain3
14948,telomerase,23s,23s_B.subtilis_domain4
14949,telomerase,23s,23s_B.subtilis_domain6
14950,telomerase,23s,23s_E.coli_domain3
14951,telomerase,23s,23s_E.coli_domain4
14952,telomerase,23s,23s_E.coli_domain6
14953,telomerase,23s,23s_H.pylori_domain3
14954,telomerase,23s,23s_H.pylori_domain4
14955,telomerase,23s,23s_H.pylori_domain6
14956,telomerase,23s,23s_S.aureus_domain3
14957,telomerase,23s,23s_S.aureus_domain4
14958,telomerase,23s,23s_S.aureus_domain6
14959,telomerase,23s,23s_T.thermophilus_domain3
14960,telomerase,23s,23s_T.thermophilus_domain4
14961,telomerase,23s,23s_T.thermophilus_domain6
14962,telomerase,23s,23s_B.subtilis_domain3
14963,telomerase,23s,23s_B.subtilis_domain4
14964,telomerase,23s,23s_B.subtilis_domain6
14965,telomerase,23s,23s_E.coli_domain3
14966,telomerase,23s,23s_E.coli_domain4
14967,telomerase,5s,5s_Acanthamoeba-castellanii-2
14968,telomerase,5s,5s_Acholeplasma-laidlawii-2
14969,telomerase,5s,5s_Achromobacter-xylosoxidans-1
14970,telomerase,5s,5s_Acidiphilium-acidophilum-1
14971,telomerase,5s,5s_Acinetobacter-sp.-1
14972,telomerase,5s,5s_Acinetospora-crinita-1
14973,telomerase,5s,5s_Acremonium-chrysogenum-1
14974,telomerase,5s,5s_Agaricus-edulis-1
14975,telomerase,5s,5s_Agrobacterium-tumefaciens-6
14976,telomerase,5s,5s_Akkesiphycus-lubricum-1
14977,telomerase,5s,5s_Amycolatopsis-lactamdurans-1
14978,telomerase,5s,5s_Ancylobacter-aquaticus-1
14979,telomerase,5s,5s_Andrias-japonicus-1
14980,telomerase,5s,5s_Antheraea-pernyi-1
14981,telomerase,5s,5s_Aquifex-aeolicus-1
14982,telomerase,5s,5s_Archaeoglobus-fulgidus-1
14983,telomerase,5s,5s_Artemia-sp.-4
14984,telomerase,5s,5s_Arthrobacter-polychromogenes-1
14985,telomerase,5s,5s_Asellus-aquaticus-2
14986,telomerase,5s,5s_Asterina-pectinifera-1
14987,telomerase,5s,5s_Auricularia-auricula-judae-1
14988,telomerase,5s,5s_Azotobacter-vinelandii-1
14989,telomerase,5s,5s_Bacillus-anthracis-10
14990,telomerase,5s,5s_Bacillus-anthracis-6
14991,telomerase,5s,5s_Bacillus-clausii-1
14992,telomerase,5s,5s_Bacillus-firmus-1
14993,telomerase,5s,5s_Bacillus-halodurans-4
14994,telomerase,5s,5s_Bacillus-thuringiensis-1
14995,telomerase,5s,5s_Bacteroides-fragilis-3
14996,telomerase,5s,5s_Bacteroides-fragilis-4
14997,telomerase,5s,5s_Bacteroides-fragilis-6
14998,telomerase,5s,5s_Bartonella-henselae-1
14999,telomerase,5s,5s_Bifidobacterium-longum-1
15000,telomerase,5s,5s_Bifidobacterium-longum-3
15001,telomerase,5s,5s_Blakeslea-trispora-1
15002,telomerase,5s,5s_Blastocladiella-simplex-1
15003,telomerase,5s,5s_Blepharisma-japonicum-1
15004,telomerase,5s,5s_Bombyx-mori-1
15005,telomerase,5s,5s_Bombyx-mori-2
15006,telomerase,5s,5s_Brachionus-plicatilis-1
15007,telomerase,5s,5s_Brevibacillus-brevis-1
15008,telomerase,5s,5s_Brevibacterium-helvolum-1
15009,telomerase,5s,5s_C_paradoxE
15010,telomerase,5s,5s_Caenorhabditis-briggsae-1
15011,telomerase,5s,5s_Caenorhabditis-elegans-3
15012,telomerase,5s,5s_Campylobacter-jejuni-3
15013,telomerase,5s,5s_Cancer-pagurus-1
15014,telomerase,5s,5s_Candidatus-Tremblaya-princeps-1
15015,telomerase,5s,5s_Caulobacter-sp.-5
15016,telomerase,5s,5s_Caulobacter-sp.-6
15017,telomerase,5s,5s_Cellulomonas-biazotea-1
15018,telomerase,5s,5s_Chlamydophila-abortus-1
15019,telomerase,5s,5s_Clostridium-acetobutylicum-5
15020,telomerase,5s,5s_Coprinopsis-cinerea-1
15021,telomerase,5s,5s_Corynebacterium-glutamicum-1
15022,telomerase,5s,5s_Corynebacterium-glutamicum-2
15023,telomerase,5s,5s_Cryptococcus-humicola-1
15024,telomerase,5s,5s_Cryptomonas-paramecium-1
15025,telomerase,5s,5s_Cyclidiopsis-acus-1
15026,telomerase,5s,5s_Cystobacter-fuscus-1
15027,telomerase,5s,5s_Delftia-acidovorans-1
15028,telomerase,5s,5s_Dipsacomyces-acuminosporus-1
15029,telomerase,5s,5s_Dirofilaria-immitis-1
15030,telomerase,5s,5s_Drosophila-teissieri-1
15031,telomerase,5s,5s_Dugesia-japonica-1
15032,telomerase,5s,5s_Dugesia-japonica-2
15033,telomerase,5s,5s_E_glandulE
15034,telomerase,5s,5s_Eimeria-tenella-1
15035,telomerase,5s,5s_Eisenia-bicyclis-1
15036,telomerase,5s,5s_Emericella-nidulans-3
15037,telomerase,5s,5s_Emericella-nidulans-7
15038,telomerase,5s,5s_Emericella-nidulans-8
15039,telomerase,5s,5s_Empedobacter-brevis-1
15040,telomerase,5s,5s_Escherichia-coli-11
15041,telomerase,5s,5s_Escherichia-coli-14
15042,telomerase,5s,5s_Escherichia-coli-3
15043,telomerase,5s,5s_Escherichia-coli-6
15044,telomerase,5s,5s_Exidia-glandulosa-1
15045,telomerase,5s,5s_Filobasidiella-depauperata-1
15046,telomerase,5s,5s_Filobasidium-capsuligenum-1
15047,telomerase,5s,5s_Fusarium-asiaticum-7
15048,telomerase,5s,5s_Fusarium-lunulosporum-3
15049,telomerase,5s,5s_Fusarium-lunulosporum-5
15050,telomerase,5s,5s_Fusarium-pseudograminearum-1
15051,telomerase,5s,5s_Fusarium-pseudograminearum-6
15052,telomerase,5s,5s_Fusarium-sporotrichioides-1
15053,telomerase,5s,5s_Fusobacterium-nucleatum-2
15054,telomerase,5s,5s_Fusobacterium-nucleatum-4
15055,telomerase,5s,5s_Gallus-gallus-1
15056,telomerase,5s,5s_Gelidium-amansii-1
15057,telomerase,5s,5s_Gelidium-amansii-2
15058,telomerase,5s,5s_Geobacillus-stearothermophilus-2
15059,telomerase,5s,5s_Ginkgo-biloba-1
15060,telomerase,5s,5s_Grimontia-hollisae-1
15061,telomerase,5s,5s_Haloarcula-marismortui-2
15062,telomerase,5s,5s_Halococcus-morrhuae-2
15063,telomerase,5s,5s_Haloferax-volcanii-2
15064,telomerase,5s,5s_Halorubrum-distributum-4
15065,telomerase,5s,5s_Helicobacter-pylori-3
15066,telomerase,5s,5s_Hyphomicrobium-sp.-3
15067,telomerase,5s,5s_Hyphomicrobium-sp.-5
15068,telomerase,5s,5s_Hyphomonas-oligotropha-1
15069,telomerase,5s,5s_Idiomarina-loihiensis-1
15070,telomerase,5s,5s_Illex-illecebrosus-1
15071,telomerase,5s,5s_Juniperus-media-1
15072,telomerase,5s,5s_Kluyveromyces-delphensis-1
15073,telomerase,5s,5s_Kondoa-malvinella-1
15074,telomerase,5s,5s_Kutzneria-viridogrisea-1
15075,telomerase,5s,5s_Lentinula-edodes-2
15076,telomerase,5s,5s_Locusta-migratoria-1
15077,telomerase,5s,5s_Microbacterium-testaceum-1
15078,telomerase,5s,5s_Microtetraspora-glauca-1
15079,telomerase,5s,5s_Mycobacterium-tuberculosis-3
15080,telomerase,5s,5s_Mycoplasma-gallisepticum-1
15081,telomerase,5s,5s_Mycoplasma-genitalium-1
15082,telomerase,5s,5s_Mycoplasma-penetrans-1
15083,telomerase,5s,5s_Mycoplasma-pneumoniae-1
15084,telomerase,5s,5s_Myxococcus-coralloides-1
15085,telomerase,5s,5s_Neurospora-crassa-12
15086,telomerase,5s,5s_Neurospora-crassa-15
15087,telomerase,5s,5s_Neurospora-crassa-2
15088,telomerase,5s,5s_Nitrobacter-winogradskyi-1
15089,telomerase,5s,5s_Notophthalmus-viridescens-1
15090,telomerase,5s,5s_Oerskovia-turbata-1
15091,telomerase,5s,5s_Paenibacillus-popilliae-1
15092,telomerase,5s,5s_Paracentrotus-lividus-2
15093,telomerase,5s,5s_Parachlamydia-sp.-1
15094,telomerase,5s,5s_Paramecium-tetraurelia-1
15095,telomerase,5s,5s_Photobacterium-profundum-3
15096,telomerase,5s,5s_Pichia-jadinii-2
15097,telomerase,5s,5s_Pinus-contorta-1
15098,telomerase,5s,5s_Pirellula-sp.-1
15099,telomerase,5s,5s_Pirellula-sp.-2
15100,telomerase,5s,5s_Plasmodium-falciparum-1
15101,telomerase,5s,5s_Pneumocystis-carinii-1
15102,telomerase,5s,5s_Prasinocladus-sp.-1
15103,telomerase,5s,5s_Propionibacterium-acnes-1
15104,telomerase,5s,5s_Pseudomonas-aeruginosa-1
15105,telomerase,5s,5s_Pseudomonas-aeruginosa-2
15106,telomerase,5s,5s_Pseudomonas-fluorescens-2
15107,telomerase,5s,5s_Pseudomonas-fluorescens-4
15108,telomerase,5s,5s_Pseudomonas-stutzeri-2
15109,telomerase,5s,5s_Puccinia-poarum-1
15110,telomerase,5s,5s_Puccinia-suaveolens-1
15111,telomerase,5s,5s_Pyrococcus-horikoshii-1
15112,telomerase,5s,5s_Pyrococcus-woesei-1
15113,telomerase,5s,5s_Pythium-torulosum-1
15114,telomerase,5s,5s_Ralstonia-solanacearum-1
15115,telomerase,5s,5s_Ralstonia-solanacearum-2
15116,telomerase,5s,5s_Rhodobacter-sphaeroides-2
15117,telomerase,5s,5s_Rhodococcus-erythropolis-2
15118,telomerase,5s,5s_Rhodopseudomonas-palustris-2
15119,telomerase,5s,5s_Roseococcus-thiosulfatophilus-1
15120,telomerase,5s,5s_Roseococcus-thiosulfatophilus-2
15121,telomerase,5s,5s_Rumex-acetosa-1
15122,telomerase,5s,5s_Sabellastarte-japonica-1
15123,telomerase,5s,5s_Saccharothrix-mutabilis-1
15124,telomerase,5s,5s_Salmonella-typhi-1
15125,telomerase,5s,5s_Saprolegnia-ferax-1
15126,telomerase,5s,5s_Schizosaccharomyces-pombe-1
15127,telomerase,5s,5s_Shewanella-oneidensis-1
15128,telomerase,5s,5s_Spirobolus-sp-1
15129,telomerase,5s,5s_Sporolactobacillus-nakayamae-1
15130,telomerase,5s,5s_Staphylococcus-aureus-1
15131,telomerase,5s,5s_Streptococcus-mutans-2
15132,telomerase,5s,5s_Streptococcus-pyogenes-2
15133,telomerase,5s,5s_Streptococcus-salivarius-1
15134,telomerase,5s,5s_Streptomyces-avermitilis-4
15135,telomerase,5s,5s_Streptomyces-coelicolor-1
15136,telomerase,5s,5s_Streptomyces-lividans-1
15137,telomerase,5s,5s_Streptomyces-rimosus-2
15138,telomerase,5s,5s_Streptomyces-roseoverticillatus-1
15139,telomerase,5s,5s_Streptomyces-violaceus-1
15140,telomerase,5s,5s_T_cruziE
15141,telomerase,5s,5s_Taxus-baccata-1
15142,telomerase,5s,5s_Thermoactinomyces-vulgaris-1
15143,telomerase,5s,5s_Thermomyces-lanuginosus-1
15144,telomerase,5s,5s_Thermotoga-sp.-1
15145,telomerase,5s,5s_Thermus-sp.-2
15146,telomerase,5s,5s_Thermus-thermophilus-2
15147,telomerase,5s,5s_Thiomonas-cuprina-1
15148,telomerase,5s,5s_Thiothrix-nivea-1
15149,telomerase,5s,5s_Thraustochytrium-visurgense-2
15150,telomerase,5s,5s_Tremella-mesenterica-2
15151,telomerase,5s,5s_Trimorphomyces-papilionaceus-1
15152,telomerase,5s,5s_Ureaplasma-parvum-1
15153,telomerase,5s,5s_Urechis-unicinctus-1
15154,telomerase,5s,5s_Ustilago-maydis-1
15155,telomerase,5s,5s_Ustilentyloma-fluitans-1
15156,telomerase,5s,5s_Vibrio-cyclosites-1
15157,telomerase,5s,5s_Vibrio-fluvialis-1
15158,telomerase,5s,5s_Vibrio-harveyi-1
15159,telomerase,5s,5s_Vibrio-nereis-1
15160,telomerase,5s,5s_Vibrio-parahaemolyticus-3
15161,telomerase,5s,5s_Vibrio-vulnificus-4
15162,telomerase,5s,5s_Vitreoscilla-filiformis-1
15163,telomerase,5s,5s_Vitreoscilla-stercoraria-1
15164,telomerase,5s,5s_Xanthobacter-viscosus-1
15165,telomerase,5s,5s_Yersinia-pestis-1
15166,telomerase,5s,5s_uncultured-euryarchaeote-37F11-1
15167,telomerase,RNaseP,RNaseP_A.ambivalens
15168,telomerase,RNaseP,RNaseP_A.brierleyi
15169,telomerase,RNaseP,RNaseP_A.chroococcum
15170,telomerase,RNaseP,RNaseP_A.ferrooxidans
15171,telomerase,RNaseP,RNaseP_A.ferrooxidans-g
15172,telomerase,RNaseP,RNaseP_A.fulgidus
15173,telomerase,RNaseP,RNaseP_A.laidlawii
15174,telomerase,RNaseP,RNaseP_A.obstetricans
15175,telomerase,RNaseP,RNaseP_A.salinestris-184
15176,telomerase,RNaseP,RNaseP_Anabaena-ATCC29413
15177,telomerase,RNaseP,RNaseP_B.brevis
15178,telomerase,RNaseP,RNaseP_B.bronchiseptica
15179,telomerase,RNaseP,RNaseP_B.hermsii
15180,telomerase,RNaseP,RNaseP_B.megaterium
15181,telomerase,RNaseP,RNaseP_B.pertussis
15182,telomerase,RNaseP,RNaseP_B.stearothermophilus
15183,telomerase,RNaseP,RNaseP_B.subtilis
15184,telomerase,RNaseP,RNaseP_B.subtilis-g
15185,telomerase,RNaseP,RNaseP_Buchnera-APS
15186,telomerase,RNaseP,RNaseP_C.acetobutylicum
15187,telomerase,RNaseP,RNaseP_C.crescentus
15188,telomerase,RNaseP,RNaseP_C.jejuni
15189,telomerase,RNaseP,RNaseP_C.limicola
15190,telomerase,RNaseP,RNaseP_C.pneumoniae-AR39
15191,telomerase,RNaseP,RNaseP_C.pneumoniae-CWL029
15192,telomerase,RNaseP,RNaseP_C.sporogenes
15193,telomerase,RNaseP,RNaseP_C.tepidum-g
15194,telomerase,RNaseP,RNaseP_C.trachomatis-2
15195,telomerase,RNaseP,RNaseP_C.trachomatis-D
15196,telomerase,RNaseP,RNaseP_C.vinosum
15197,telomerase,RNaseP,RNaseP_CPA49
15198,telomerase,RNaseP,RNaseP_CPA54
15199,telomerase,RNaseP,RNaseP_CPB139
15200,telomerase,RNaseP,RNaseP_CPB74
15201,telomerase,RNaseP,RNaseP_CPB7776
15202,telomerase,RNaseP,RNaseP_CPB80
15203,telomerase,RNaseP,RNaseP_CPB86
15204,telomerase,RNaseP,RNaseP_D.desulfuricans
15205,telomerase,RNaseP,RNaseP_D.jeanneae
15206,telomerase,RNaseP,RNaseP_Dermocarpa-PCC7437
15207,telomerase,RNaseP,RNaseP_E.agglomerulans
15208,telomerase,RNaseP,RNaseP_E.coli
15209,telomerase,RNaseP,RNaseP_E.eschscholtzii-2
15210,telomerase,RNaseP,RNaseP_E.eschsholtzii
15211,telomerase,RNaseP,RNaseP_E.faecalis
15212,telomerase,RNaseP,RNaseP_E.faecalis-2
15213,telomerase,RNaseP,RNaseP_E1B
15214,telomerase,RNaseP,RNaseP_EM14b-9
15215,telomerase,RNaseP,RNaseP_ERH
15216,telomerase,RNaseP,RNaseP_ESH167F
15217,telomerase,RNaseP,RNaseP_ESH20b-1
15218,telomerase,RNaseP,RNaseP_ESH26-4
15219,telomerase,RNaseP,RNaseP_ESH7-9
15220,telomerase,RNaseP,RNaseP_Fischerella-UTEX1829
15221,telomerase,RNaseP,RNaseP_G.gorilla
15222,telomerase,RNaseP,RNaseP_H.aurantiacus
15223,telomerase,RNaseP,RNaseP_H.chlorum-partial
15224,telomerase,RNaseP,RNaseP_H.influenza
15225,telomerase,RNaseP,RNaseP_H.pylori-26695
15226,telomerase,RNaseP,RNaseP_H.pylori-48K
15227,telomerase,RNaseP,RNaseP_H.pylori-J99
15228,telomerase,RNaseP,RNaseP_H.pylori-RU1
15229,telomerase,RNaseP,RNaseP_H.trapanicum
15230,telomerase,RNaseP,RNaseP_I.calvum
15231,telomerase,RNaseP,RNaseP_K.pneumoniae
15232,telomerase,RNaseP,RNaseP_L.acidophilus
15233,telomerase,RNaseP,RNaseP_L.japonicus-IFO15385
15234,telomerase,RNaseP,RNaseP_LGA1
15235,telomerase,RNaseP,RNaseP_LGB27
15236,telomerase,RNaseP,RNaseP_LGB32
15237,telomerase,RNaseP,RNaseP_LGB41
15238,telomerase,RNaseP,RNaseP_LGW113
15239,telomerase,RNaseP,RNaseP_LGW18
15240,telomerase,RNaseP,RNaseP_LGW46
15241,telomerase,RNaseP,RNaseP_M.barkeri
15242,telomerase,RNaseP,RNaseP_M.bovis
15243,telomerase,RNaseP,RNaseP_M.capricolum
15244,telomerase,RNaseP,RNaseP_M.hyopneumoniae
15245,telomerase,RNaseP,RNaseP_M.leprae
15246,telomerase,RNaseP,RNaseP_M.luteus
15247,telomerase,RNaseP,RNaseP_M.phosphovorus-JCM9380
15248,telomerase,RNaseP,RNaseP_M.pneumoniae
15249,telomerase,RNaseP,RNaseP_M.sedula
15250,telomerase,RNaseP,RNaseP_M.thermoautotrophicum-DH
15251,telomerase,RNaseP,RNaseP_M.thermoautotrphicumMarb
15252,telomerase,RNaseP,RNaseP_M.tuberculosis
15253,telomerase,RNaseP,RNaseP_M.vannielli
15254,telomerase,RNaseP,RNaseP_N.europaea
15255,telomerase,RNaseP,RNaseP_N.flavus
15256,telomerase,RNaseP,RNaseP_N.fulvus-JCM3335
15257,telomerase,RNaseP,RNaseP_N.gonnorhoeae
15258,telomerase,RNaseP,RNaseP_N.meningitidis-Z2491
15259,telomerase,RNaseP,RNaseP_Nocardiodes-NSP41
15260,telomerase,RNaseP,RNaseP_Nostoc-PCC7413
15261,telomerase,RNaseP,RNaseP_Onchorhynchus-1
15262,telomerase,RNaseP,RNaseP_Onchorhynchus-2
15263,telomerase,RNaseP,RNaseP_Onchorhynchus-sp-1
15264,telomerase,RNaseP,RNaseP_Onchorhynchus-sp-2
15265,telomerase,RNaseP,RNaseP_P.alcalifaciens
15266,telomerase,RNaseP,RNaseP_P.azotoformans
15267,telomerase,RNaseP,RNaseP_P.douglassii
15268,telomerase,RNaseP,RNaseP_P.furiosus-2
15269,telomerase,RNaseP,RNaseP_P.gingivalis
15270,telomerase,RNaseP,RNaseP_P.marinus
15271,telomerase,RNaseP,RNaseP_P.mississippiensis
15272,telomerase,RNaseP,RNaseP_P.purpurea-chloroplast
15273,telomerase,RNaseP,RNaseP_P.putida
15274,telomerase,RNaseP,RNaseP_P.staleyi
15275,telomerase,RNaseP,RNaseP_P.strasburgensis
15276,telomerase,RNaseP,RNaseP_P.stutzeri
15277,telomerase,RNaseP,RNaseP_P.troglodytes
15278,telomerase,RNaseP,RNaseP_P.vulgaris
15279,telomerase,RNaseP,RNaseP_P131
15280,telomerase,RNaseP,RNaseP_Prochlorococcus-PAC1A
15281,telomerase,RNaseP,RNaseP_Prochlorococcus-PAC1B
15282,telomerase,RNaseP,RNaseP_Prochlorococcus-PCC9511
15283,telomerase,RNaseP,RNaseP_Prochlorococcus-TATL2
15284,telomerase,RNaseP,RNaseP_Prochlorococcus-TATL2-2
15285,telomerase,RNaseP,RNaseP_R.americana-mito
15286,telomerase,RNaseP,RNaseP_R.norvegicus
15287,telomerase,RNaseP,RNaseP_R.prowazekii
15288,telomerase,RNaseP,RNaseP_R.rubrum
15289,telomerase,RNaseP,RNaseP_S.acidocaldarius
15290,telomerase,RNaseP,RNaseP_S.bayanus
15291,telomerase,RNaseP,RNaseP_S.bikiniensis
15292,telomerase,RNaseP,RNaseP_S.caesia-K182
15293,telomerase,RNaseP,RNaseP_S.caesia-K200
15294,telomerase,RNaseP,RNaseP_S.caesia-K76T
15295,telomerase,RNaseP,RNaseP_S.caesia-SB01
15296,telomerase,RNaseP,RNaseP_S.carlsbergensis
15297,telomerase,RNaseP,RNaseP_S.castellii
15298,telomerase,RNaseP,RNaseP_S.diastaticus
15299,telomerase,RNaseP,RNaseP_S.epidermidis
15300,telomerase,RNaseP,RNaseP_S.glauca-K194
15301,telomerase,RNaseP,RNaseP_S.globosus
15302,telomerase,RNaseP,RNaseP_S.japonicus
15303,telomerase,RNaseP,RNaseP_S.kluyveri
15304,telomerase,RNaseP,RNaseP_S.lividans
15305,telomerase,RNaseP,RNaseP_S.mutans
15306,telomerase,RNaseP,RNaseP_S.pastorianus
15307,telomerase,RNaseP,RNaseP_S.polymorpha
15308,telomerase,RNaseP,RNaseP_S.pyogenes
15309,telomerase,RNaseP,RNaseP_S.servazzii
15310,telomerase,RNaseP,RNaseP_S.shibatae
15311,telomerase,RNaseP,RNaseP_S.typhi
15312,telomerase,RNaseP,RNaseP_S.typhimurium
15313,telomerase,RNaseP,RNaseP_S.unisporus
15314,telomerase,RNaseP,RNaseP_S.uvarum
15315,telomerase,RNaseP,RNaseP_S.viridis-K191
15316,telomerase,RNaseP,RNaseP_S.viridis-K73T
15317,telomerase,RNaseP,RNaseP_SL1-1
15318,telomerase,RNaseP,RNaseP_SLC
15319,telomerase,RNaseP,RNaseP_SM-A01
15320,telomerase,RNaseP,RNaseP_SM-A03
15321,telomerase,RNaseP,RNaseP_SM-A04
15322,telomerase,RNaseP,RNaseP_SM-A05
15323,telomerase,RNaseP,RNaseP_SM-A06
15324,telomerase,RNaseP,RNaseP_SM-A1012
15325,telomerase,RNaseP,RNaseP_SM-A1113
15326,telomerase,RNaseP,RNaseP_SM-A1214
15327,telomerase,RNaseP,RNaseP_SM-A1315
15328,telomerase,RNaseP,RNaseP_SM-A1519
15329,telomerase,RNaseP,RNaseP_SM-A2642
15330,telomerase,RNaseP,RNaseP_SM-A2946
15331,telomerase,RNaseP,RNaseP_SM-A3862
15332,telomerase,RNaseP,RNaseP_SM-A4065
15333,telomerase,RNaseP,RNaseP_SM-A4775
15334,telomerase,RNaseP,RNaseP_SM-A4876
15335,telomerase,RNaseP,RNaseP_SM-A4977
15336,telomerase,RNaseP,RNaseP_SM-A5179
15337,telomerase,RNaseP,RNaseP_SM-A5382
15338,telomerase,RNaseP,RNaseP_SM-A5584
15339,telomerase,RNaseP,RNaseP_SM-A5888
15340,telomerase,RNaseP,RNaseP_SM-A6090
15341,telomerase,RNaseP,RNaseP_SM1
15342,telomerase,RNaseP,RNaseP_SMB-A3
15343,telomerase,RNaseP,RNaseP_SMB-A5
15344,telomerase,RNaseP,RNaseP_SMB-B3
15345,telomerase,RNaseP,RNaseP_SMB-B4
15346,telomerase,RNaseP,RNaseP_Synechococcus-PCC7942
15347,telomerase,RNaseP,RNaseP_Synechocystis-PCC6308
15348,telomerase,RNaseP,RNaseP_Synechocystis-PCC6803
15349,telomerase,RNaseP,RNaseP_T.acidophilum
15350,telomerase,RNaseP,RNaseP_T.aquaticus
15351,telomerase,RNaseP,RNaseP_T.celerAL1-2
15352,telomerase,RNaseP,RNaseP_T.littoralis
15353,telomerase,RNaseP,RNaseP_T.maritima-g
15354,telomerase,RNaseP,RNaseP_T.neapolitana
15355,telomerase,RNaseP,RNaseP_T.pallidum
15356,telomerase,RNaseP,RNaseP_T.syrichta
15357,telomerase,RNaseP,RNaseP_T.thermophilus
15358,telomerase,RNaseP,RNaseP_UK2
15359,telomerase,RNaseP,RNaseP_UK5
15360,telomerase,RNaseP,RNaseP_V.cholera
15361,telomerase,RNaseP,RNaseP_V.spinosum
15362,telomerase,RNaseP,RNaseP_VSDW
15363,telomerase,RNaseP,RNaseP_WA1
15364,telomerase,RNaseP,RNaseP_Y.pestis
15365,telomerase,RNaseP,RNaseP_Z.bailii
15366,telomerase,RNaseP,RNaseP_purpleX
15367,telomerase,grp1,grp1_a.I1.b.Dermocarpa.sp.ATCC29371.C3.tMET
15368,telomerase,grp1,grp1_a.I1.b.Phormidium.sp.N182.C3.tLEU
15369,telomerase,grp1,grp1_a.I1.b.S.hofmanii.C3.tMET
15370,telomerase,grp1,grp1_a.I1.b.Synechococcus.sp2.C3.tLEU
15371,telomerase,grp1,grp1_a.I1.c.A.cherimola.C3.tLEU
15372,telomerase,grp1,grp1_a.I1.c.G.prostrata.C3.tLEU
15373,telomerase,grp1,grp1_a.I1.c.S.bicolor.C3.tLEU
15374,telomerase,grp1,grp1_a.I1.e.A.adeninivorans.C1.LSU.2449
15375,telomerase,grp1,grp1_a.I1.e.A.capsulatus.CBS213.53.C1.SSU.943
15376,telomerase,grp1,grp1_a.I1.e.A.capsulatus.FLs1.C1.SSU
15377,telomerase,grp1,grp1_a.I1.e.A.capsulatus.G184B.C1.SSU
15378,telomerase,grp1,grp1_a.I1.e.A.capsulatus.G186B.C1.SSU
15379,telomerase,grp1,grp1_a.I1.e.A.stipitatus.C1.SSU.1046
15380,telomerase,grp1,grp1_a.I1.e.B.ciliata.JCM6865.C1.SSU.1506
15381,telomerase,grp1,grp1_a.I1.e.B.ciliata.JCM6865.C1.SSU.943
15382,telomerase,grp1,grp1_a.I1.e.B.yamatoana.JCM2896.C1.SSU.1506
15383,telomerase,grp1,grp1_a.I1.e.B.yamatoana.JCM2896.C1.SSU.943
15384,telomerase,grp1,grp1_a.I1.e.C.ellipsoidea.211-1a.C1.SSU.1506
15385,telomerase,grp1,grp1_a.I1.e.C.ellipsoidea.IAMC-87.C1.SSU.1506
15386,telomerase,grp1,grp1_a.I1.e.C.grayi.UNK.SSU.1046
15387,telomerase,grp1,grp1_a.I1.e.C.grayi.UNK.SSU.1516
15388,telomerase,grp1,grp1_a.I1.e.C.merochlorophea.UNK.SSU.1046
15389,telomerase,grp1,grp1_a.I1.e.C.merochlorophea.UNK.SSU.1210
15390,telomerase,grp1,grp1_a.I1.e.C.merochlorophea.UNK.SSU.1389
15391,telomerase,grp1,grp1_a.I1.e.C.merochlorophea.UNK.SSU.1516
15392,telomerase,grp1,grp1_a.I1.e.C.saccatum.C1.SSU.1512
15393,telomerase,grp1,grp1_a.I1.e.C.saxonicum.C1.SSU.1506
15394,telomerase,grp1,grp1_a.I1.e.D.parva.C1.SSU.1512
15395,telomerase,grp1,grp1_a.I1.e.D.parva.C1.SSU.943
15396,telomerase,grp1,grp1_a.I1.e.D.salina.C1.SSU.943
15397,telomerase,grp1,grp1_a.I1.e.E.dermatitidis.C1.SSU.943
15398,telomerase,grp1,grp1_a.I1.e.G.planctonica.C1.SSU.943
15399,telomerase,grp1,grp1_a.I1.e.G.spirotaenia.C1.SSU.1506
15400,telomerase,grp1,grp1_a.I1.e.L.dispersa.UNK.SSU.1046
15401,telomerase,grp1,grp1_a.I1.e.L.dispersa.UNK.SSU.114
15402,telomerase,grp1,grp1_a.I1.e.L.dispersa.UNK.SSU.1210
15403,telomerase,grp1,grp1_a.I1.e.L.dispersa.UNK.SSU.1516
15404,telomerase,grp1,grp1_a.I1.e.L.dispersa.UNK.SSU.287
15405,telomerase,grp1,grp1_a.I1.e.L.dispersa.UNK.SSU.516
15406,telomerase,grp1,grp1_a.I1.e.L.dispersa.UNK.SSU.789
15407,telomerase,grp1,grp1_a.I1.e.M.caldariorum.C1.SSU.1506
15408,telomerase,grp1,grp1_a.I1.e.P.carinii.C1.SSU.1506
15409,telomerase,grp1,grp1_a.I1.e.P.carinii.Pc1.C1.LSU.1921
15410,telomerase,grp1,grp1_a.I1.e.P.carinii.Pc2.C1.LSU.1921
15411,telomerase,grp1,grp1_a.I1.e.P.carinii.Pc3.C1.LSU.1921
15412,telomerase,grp1,grp1_a.I1.e.P.clavariiformis.C1.SSU.943
15413,telomerase,grp1,grp1_a.I1.e.P.inouyei.C1.SSU.1506
15414,telomerase,grp1,grp1_a.I1.e.P.inouyei.C1.SSU.943
15415,telomerase,grp1,grp1_a.I1.e.P.macrosporus.C1.SSU.1506
15416,telomerase,grp1,grp1_a.I1.e.P.macrosporus.C1.SSU.943
15417,telomerase,grp1,grp1_a.I1.e.P.pachydermus.C1.SSU.943
15418,telomerase,grp1,grp1_a.I1.e.P.sarcinoidea.C1.SSU.943
15419,telomerase,grp1,grp1_a.I1.e.S.granulatum.C1.SSU.1506
15420,telomerase,grp1,grp1_a.I1.e.S.paniceum.UNK.SSU.1052
15421,telomerase,grp1,grp1_a.I1.e.S.paniceum.UNK.SSU.114
15422,telomerase,grp1,grp1_a.I1.e.S.paniceum.UNK.SSU.1210
15423,telomerase,grp1,grp1_a.I1.e.S.paniceum.UNK.SSU.1506
15424,telomerase,grp1,grp1_a.I1.e.S.paniceum.UNK.SSU.287
15425,telomerase,grp1,grp1_a.I1.e.S.sclerotiorum_1837.C1.LSU.798
15426,telomerase,grp1,grp1_a.I1.e.Staurastrum.sp.M752.C1.SSU.1506
15427,telomerase,grp1,grp1_a.I1.e.Staurastrum.sp.M753.C1.SSU.1506
15428,telomerase,grp1,grp1_a.I1.e.T.cosmopolitanis.C1.LSU.1925
15429,telomerase,grp1,grp1_a.I1.e.T.hyperangularis.C1.LSU.1925
15430,telomerase,grp1,grp1_a.I1.e.T.malaccensis.C1.LSU.1925
15431,telomerase,grp1,grp1_a.I1.e.T.pigmentosa.C1.LSU.1925
15432,telomerase,grp1,grp1_a.I1.e.U.maydis.C1.SSU.943
15433,telomerase,grp1,grp1_a.I1.m.M.grisea.B2.ND1
15434,telomerase,grp1,grp1_a.I1.m.S.luteus.A1.LSU.2504
15435,telomerase,grp1,grp1_a.I1.m.S.pombe.B1.OX1
15436,telomerase,grp1,grp1_b.I1.e.C.saccharophila.C1.SSU.156
15437,telomerase,grp1,grp1_b.I1.e.M.anisopliae.2.C1.LSU.1921
15438,telomerase,grp1,grp1_b.I1.e.M.anisopliae.3.C1.LSU.1921
15439,telomerase,grp1,grp1_b.I1.e.T.thermophila.C1.LSU.1925
15440,telomerase,grp1,grp1_s.I1.e.T.thermophila.C1.LSU.1925.schem
15441,telomerase,grp1,grp1_a.I1.b.Dermocarpa.sp.ATCC29371.C3.tMET
15442,telomerase,grp1,grp1_a.I1.b.Phormidium.sp.N182.C3.tLEU
15443,telomerase,grp1,grp1_a.I1.b.S.hofmanii.C3.tMET
15444,telomerase,grp1,grp1_a.I1.b.Synechococcus.sp2.C3.tLEU
15445,telomerase,grp1,grp1_a.I1.c.A.cherimola.C3.tLEU
15446,telomerase,grp1,grp1_a.I1.c.G.prostrata.C3.tLEU
15447,telomerase,grp1,grp1_a.I1.c.S.bicolor.C3.tLEU
15448,telomerase,grp1,grp1_a.I1.e.A.adeninivorans.C1.LSU.2449
15449,telomerase,grp1,grp1_a.I1.e.A.capsulatus.CBS213.53.C1.SSU.943
15450,telomerase,grp1,grp1_a.I1.e.A.capsulatus.FLs1.C1.SSU
15451,telomerase,grp1,grp1_a.I1.e.A.capsulatus.G184B.C1.SSU
15452,telomerase,grp1,grp1_a.I1.e.A.capsulatus.G186B.C1.SSU
15453,telomerase,grp1,grp1_a.I1.e.A.stipitatus.C1.SSU.1046
15454,telomerase,grp1,grp1_a.I1.e.B.ciliata.JCM6865.C1.SSU.1506
15455,telomerase,grp1,grp1_a.I1.e.B.ciliata.JCM6865.C1.SSU.943
15456,telomerase,grp1,grp1_a.I1.e.B.yamatoana.JCM2896.C1.SSU.1506
15457,telomerase,grp1,grp1_a.I1.e.B.yamatoana.JCM2896.C1.SSU.943
15458,telomerase,grp1,grp1_a.I1.e.C.ellipsoidea.211-1a.C1.SSU.1506
15459,telomerase,grp1,grp1_a.I1.e.C.ellipsoidea.IAMC-87.C1.SSU.1506
15460,telomerase,grp1,grp1_a.I1.e.C.grayi.UNK.SSU.1046
15461,telomerase,grp1,grp1_a.I1.e.C.grayi.UNK.SSU.1516
15462,telomerase,grp1,grp1_a.I1.e.C.merochlorophea.UNK.SSU.1046
15463,telomerase,grp1,grp1_a.I1.e.C.merochlorophea.UNK.SSU.1210
15464,telomerase,grp1,grp1_a.I1.e.C.merochlorophea.UNK.SSU.1389
15465,telomerase,grp1,grp1_a.I1.e.C.merochlorophea.UNK.SSU.1516
15466,telomerase,grp1,grp1_a.I1.e.C.saccatum.C1.SSU.1512
15467,telomerase,grp1,grp1_a.I1.e.C.saxonicum.C1.SSU.1506
15468,telomerase,grp1,grp1_a.I1.e.D.parva.C1.SSU.1512
15469,telomerase,grp1,grp1_a.I1.e.D.parva.C1.SSU.943
15470,telomerase,grp1,grp1_a.I1.e.D.salina.C1.SSU.943
15471,telomerase,grp1,grp1_a.I1.e.E.dermatitidis.C1.SSU.943
15472,telomerase,grp1,grp1_a.I1.e.G.planctonica.C1.SSU.943
15473,telomerase,grp1,grp1_a.I1.e.G.spirotaenia.C1.SSU.1506
15474,telomerase,grp1,grp1_a.I1.e.L.dispersa.UNK.SSU.1046
15475,telomerase,grp1,grp1_a.I1.e.L.dispersa.UNK.SSU.114
15476,telomerase,grp1,grp1_a.I1.e.L.dispersa.UNK.SSU.1210
15477,telomerase,grp1,grp1_a.I1.e.L.dispersa.UNK.SSU.1516
15478,telomerase,grp1,grp1_a.I1.e.L.dispersa.UNK.SSU.287
15479,telomerase,grp1,grp1_a.I1.e.L.dispersa.UNK.SSU.516
15480,telomerase,grp1,grp1_a.I1.e.L.dispersa.UNK.SSU.789
15481,telomerase,grp1,grp1_a.I1.e.M.caldariorum.C1.SSU.1506
15482,telomerase,grp1,grp1_a.I1.e.P.carinii.C1.SSU.1506
15483,telomerase,grp1,grp1_a.I1.e.P.carinii.Pc1.C1.LSU.1921
15484,telomerase,grp1,grp1_a.I1.e.P.carinii.Pc2.C1.LSU.1921
15485,telomerase,grp1,grp1_a.I1.e.P.carinii.Pc3.C1.LSU.1921
15486,telomerase,grp1,grp1_a.I1.e.P.clavariiformis.C1.SSU.943
15487,telomerase,grp1,grp1_a.I1.e.P.inouyei.C1.SSU.1506
15488,telomerase,grp1,grp1_a.I1.e.P.inouyei.C1.SSU.943
15489,telomerase,grp1,grp1_a.I1.e.P.macrosporus.C1.SSU.1506
15490,telomerase,grp1,grp1_a.I1.e.P.macrosporus.C1.SSU.943
15491,telomerase,grp1,grp1_a.I1.e.P.pachydermus.C1.SSU.943
15492,telomerase,grp1,grp1_a.I1.e.P.sarcinoidea.C1.SSU.943
15493,telomerase,grp1,grp1_a.I1.e.S.granulatum.C1.SSU.1506
15494,telomerase,grp1,grp1_a.I1.e.S.paniceum.UNK.SSU.1052
15495,telomerase,grp1,grp1_a.I1.e.S.paniceum.UNK.SSU.114
15496,telomerase,grp1,grp1_a.I1.e.S.paniceum.UNK.SSU.1210
15497,telomerase,grp1,grp1_a.I1.e.S.paniceum.UNK.SSU.1506
15498,telomerase,grp1,grp1_a.I1.e.S.paniceum.UNK.SSU.287
15499,telomerase,grp1,grp1_a.I1.e.S.sclerotiorum_1837.C1.LSU.798
15500,telomerase,grp1,grp1_a.I1.e.Staurastrum.sp.M752.C1.SSU.1506
15501,telomerase,grp1,grp1_a.I1.e.Staurastrum.sp.M753.C1.SSU.1506
15502,telomerase,grp1,grp1_a.I1.e.T.cosmopolitanis.C1.LSU.1925
15503,telomerase,grp1,grp1_a.I1.e.T.hyperangularis.C1.LSU.1925
15504,telomerase,grp1,grp1_a.I1.e.T.malaccensis.C1.LSU.1925
15505,telomerase,grp1,grp1_a.I1.e.T.pigmentosa.C1.LSU.1925
15506,telomerase,grp1,grp1_a.I1.e.U.maydis.C1.SSU.943
15507,telomerase,grp1,grp1_a.I1.m.M.grisea.B2.ND1
15508,telomerase,grp1,grp1_a.I1.m.S.luteus.A1.LSU.2504
15509,telomerase,grp1,grp1_a.I1.m.S.pombe.B1.OX1
15510,telomerase,grp1,grp1_b.I1.e.C.saccharophila.C1.SSU.156
15511,telomerase,grp1,grp1_b.I1.e.M.anisopliae.2.C1.LSU.1921
15512,telomerase,grp1,grp1_b.I1.e.M.anisopliae.3.C1.LSU.1921
15513,telomerase,grp1,grp1_b.I1.e.T.thermophila.C1.LSU.1925
15514,telomerase,grp1,grp1_s.I1.e.T.thermophila.C1.LSU.1925.schem
15515,telomerase,grp1,grp1_a.I1.b.Dermocarpa.sp.ATCC29371.C3.tMET
15516,telomerase,grp1,grp1_a.I1.b.Phormidium.sp.N182.C3.tLEU
15517,telomerase,grp1,grp1_a.I1.b.S.hofmanii.C3.tMET
15518,telomerase,grp1,grp1_a.I1.b.Synechococcus.sp2.C3.tLEU
15519,telomerase,grp1,grp1_a.I1.c.A.cherimola.C3.tLEU
15520,telomerase,grp1,grp1_a.I1.c.G.prostrata.C3.tLEU
15521,telomerase,grp1,grp1_a.I1.c.S.bicolor.C3.tLEU
15522,telomerase,grp1,grp1_a.I1.e.A.adeninivorans.C1.LSU.2449
15523,telomerase,grp1,grp1_a.I1.e.A.capsulatus.CBS213.53.C1.SSU.943
15524,telomerase,grp1,grp1_a.I1.e.A.capsulatus.FLs1.C1.SSU
15525,telomerase,grp1,grp1_a.I1.e.A.capsulatus.G184B.C1.SSU
15526,telomerase,grp1,grp1_a.I1.e.A.capsulatus.G186B.C1.SSU
15527,telomerase,grp1,grp1_a.I1.e.A.stipitatus.C1.SSU.1046
15528,telomerase,grp1,grp1_a.I1.e.B.ciliata.JCM6865.C1.SSU.1506
15529,telomerase,grp1,grp1_a.I1.e.B.ciliata.JCM6865.C1.SSU.943
15530,telomerase,grp1,grp1_a.I1.e.B.yamatoana.JCM2896.C1.SSU.1506
15531,telomerase,grp1,grp1_a.I1.e.B.yamatoana.JCM2896.C1.SSU.943
15532,telomerase,grp1,grp1_a.I1.e.C.ellipsoidea.211-1a.C1.SSU.1506
15533,telomerase,grp1,grp1_a.I1.e.C.ellipsoidea.IAMC-87.C1.SSU.1506
15534,telomerase,grp1,grp1_a.I1.e.C.grayi.UNK.SSU.1046
15535,telomerase,grp1,grp1_a.I1.e.C.grayi.UNK.SSU.1516
15536,telomerase,grp1,grp1_a.I1.e.C.merochlorophea.UNK.SSU.1046
15537,telomerase,grp1,grp1_a.I1.e.C.merochlorophea.UNK.SSU.1210
15538,telomerase,grp1,grp1_a.I1.e.C.merochlorophea.UNK.SSU.1389
15539,telomerase,grp1,grp1_a.I1.e.C.merochlorophea.UNK.SSU.1516
15540,telomerase,grp1,grp1_a.I1.e.C.saccatum.C1.SSU.1512
15541,telomerase,grp1,grp1_a.I1.e.C.saxonicum.C1.SSU.1506
15542,telomerase,grp1,grp1_a.I1.e.D.parva.C1.SSU.1512
15543,telomerase,grp1,grp1_a.I1.e.D.parva.C1.SSU.943
15544,telomerase,grp1,grp1_a.I1.e.D.salina.C1.SSU.943
15545,telomerase,grp1,grp1_a.I1.e.E.dermatitidis.C1.SSU.943
15546,telomerase,grp1,grp1_a.I1.e.G.planctonica.C1.SSU.943
15547,telomerase,grp1,grp1_a.I1.e.G.spirotaenia.C1.SSU.1506
15548,telomerase,grp1,grp1_a.I1.e.L.dispersa.UNK.SSU.1046
15549,telomerase,grp1,grp1_a.I1.e.L.dispersa.UNK.SSU.114
15550,telomerase,grp1,grp1_a.I1.e.L.dispersa.UNK.SSU.1210
15551,telomerase,grp1,grp1_a.I1.e.L.dispersa.UNK.SSU.1516
15552,telomerase,grp1,grp1_a.I1.e.L.dispersa.UNK.SSU.287
15553,telomerase,grp1,grp1_a.I1.e.L.dispersa.UNK.SSU.516
15554,telomerase,grp1,grp1_a.I1.e.L.dispersa.UNK.SSU.789
15555,telomerase,grp1,grp1_a.I1.e.M.caldariorum.C1.SSU.1506
15556,telomerase,grp1,grp1_a.I1.e.P.carinii.C1.SSU.1506
15557,telomerase,grp1,grp1_a.I1.e.P.carinii.Pc1.C1.LSU.1921
15558,telomerase,grp1,grp1_a.I1.e.P.carinii.Pc2.C1.LSU.1921
15559,telomerase,grp1,grp1_a.I1.e.P.carinii.Pc3.C1.LSU.1921
15560,telomerase,grp1,grp1_a.I1.e.P.clavariiformis.C1.SSU.943
15561,telomerase,grp1,grp1_a.I1.e.P.inouyei.C1.SSU.1506
15562,telomerase,grp1,grp1_a.I1.e.P.inouyei.C1.SSU.943
15563,telomerase,grp1,grp1_a.I1.e.P.macrosporus.C1.SSU.1506
15564,telomerase,grp1,grp1_a.I1.e.P.macrosporus.C1.SSU.943
15565,telomerase,grp1,grp1_a.I1.e.P.pachydermus.C1.SSU.943
15566,telomerase,grp1,grp1_a.I1.e.P.sarcinoidea.C1.SSU.943
15567,telomerase,srp,srp_Acin.spec._CR543861
15568,telomerase,srp,srp_Aede.aegy._DW714815
15569,telomerase,srp,srp_Aero.pern._BA000002
15570,telomerase,srp,srp_Alka.meta._CP000724
15571,telomerase,srp,srp_Anae.sp.._CP000769
15572,telomerase,srp,srp_Anto.locu._GSP-278021
15573,telomerase,srp,srp_Arab.thal._AC005275
15574,telomerase,srp,srp_Arab.thal._X72228
15575,telomerase,srp,srp_Ashb.goss._AE016819
15576,telomerase,srp,srp_Aspe.flav._GSP-332952
15577,telomerase,srp,srp_Aspe.fumi._GSP-41122
15578,telomerase,srp,srp_Aspe.terr._GSP-341663
15579,telomerase,srp,srp_Baci.alca._D11422
15580,telomerase,srp,srp_Baci.cere._CP000001
15581,telomerase,srp,srp_Baci.poly._D11421
15582,telomerase,srp,srp_Baci.subt._X06802
15583,telomerase,srp,srp_Baci.subt._X12642
15584,telomerase,srp,srp_Baci.thur._CP000485
15585,telomerase,srp,srp_Bdel.bact._BX842656
15586,telomerase,srp,srp_Bloc.flor._BX248585
15587,telomerase,srp,srp_Borr.burg._AE000783
15588,telomerase,srp,srp_Bos.taur._GSP-6282
15589,telomerase,srp,srp_Brad.japo._BA000040
15590,telomerase,srp,srp_Bras.napu._EE412262
15591,telomerase,srp,srp_Bruc.meli._AM040264
15592,telomerase,srp,srp_Bruc.ovis._CP000708
15593,telomerase,srp,srp_Burk.mall._CP000546
15594,telomerase,srp,srp_Burk.pseu._CP000124
15595,telomerase,srp,srp_Burk.pseu._CP000572
15596,telomerase,srp,srp_Caen.eleg._AY948607
15597,telomerase,srp,srp_Camp.jeju._CP000025
15598,telomerase,srp,srp_Cand.Bloc._CP000016
15599,telomerase,srp,srp_Carb.hydr._CP000141
15600,telomerase,srp,srp_Caul.cres._AE005700
15601,telomerase,srp,srp_Chla.cavi._AE016995
15602,telomerase,srp,srp_Chla.muri._AE002160
15603,telomerase,srp,srp_Chla.pneu._AE001363
15604,telomerase,srp,srp_Chla.rein._SDB-3055
15605,telomerase,srp,srp_Chla.trac._AE001298
15606,telomerase,srp,srp_Chlo.vulg._AB001684
15607,telomerase,srp,srp_Cion.savi._BW551179
15608,telomerase,srp,srp_Citr.sine._CN181543
15609,telomerase,srp,srp_Clos.acet._AE001437
15610,telomerase,srp,srp_Clos.beij._CP000721
15611,telomerase,srp,srp_Clos.botu._AM412317
15612,telomerase,srp,srp_Clos.diff._AM180355
15613,telomerase,srp,srp_Clos.kluy._CP000673
15614,telomerase,srp,srp_Clos.perf._CP000246
15615,telomerase,srp,srp_Cocc.posa._GSP-222929
15616,telomerase,srp,srp_Cory.diph._BX248354
15617,telomerase,srp,srp_Cory.jeik._CR931997
15618,telomerase,srp,srp_Cryp.homi._GSP-353151
15619,telomerase,srp,srp_Cryp.parv._XM_626716
15620,telomerase,srp,srp_Cypr.carp._CF662133
15621,telomerase,srp,srp_Dani.rrer._BX469912
15622,telomerase,srp,srp_Desu.vulg._CP000527
15623,telomerase,srp,srp_Dros.mela._AE014297
15624,telomerase,srp,srp_Dros.mela._X00952
15625,telomerase,srp,srp_Dros.moja._GSP-7230
15626,telomerase,srp,srp_Ence.cuni._AL590449
15627,telomerase,srp,srp_Ente.faec._AE016953
15628,telomerase,srp,srp_Ento.sulc._AF095839
15629,telomerase,srp,srp_Esch.coli._AE016756
15630,telomerase,srp,srp_Esch.coli._CP000243
15631,telomerase,srp,srp_Esch.coli._CP000468
15632,telomerase,srp,srp_Esch.coli._U00096
15633,telomerase,srp,srp_Esch.coli._U82664
15634,telomerase,srp,srp_Esch.coli._X01074
15635,telomerase,srp,srp_Fran.tula._AJ749949
15636,telomerase,srp,srp_Fran.tula._AM286280
15637,telomerase,srp,srp_Fran.tula._CP000437
15638,telomerase,srp,srp_Fran.tula._CP000439
15639,telomerase,srp,srp_Gald.sulp._GSP-130081
15640,telomerase,srp,srp_Gibb.zeae._GSP-229533
15641,telomerase,srp,srp_Haem.infl._CP000672
15642,telomerase,srp,srp_Hahe.chej._CP000155
15643,telomerase,srp,srp_Halo.mari._AY596297
15644,telomerase,srp,srp_Halo.volc._AF395888
15645,telomerase,srp,srp_Heli.annu._AJ828095
15646,telomerase,srp,srp_Heli.pylo._AE001439
15647,telomerase,srp,srp_Heli.pylo._CP000241
15648,telomerase,srp,srp_Homo.sapi._AB061847
15649,telomerase,srp,srp_Homo.sapi._BE083383
15650,telomerase,srp,srp_Homo.sapi._BF875598
15651,telomerase,srp,srp_Homo.sapi._BF909438
15652,telomerase,srp,srp_Homo.sapi._BF909560
15653,telomerase,srp,srp_Homo.sapi._BF909563
15654,telomerase,srp,srp_Homo.sapi._NR_002715
15655,telomerase,srp,srp_Humu.lupu._AJ236703
15656,telomerase,srp,srp_Humu.lupu._X65983
15657,telomerase,srp,srp_Hype.buty._CP000493
15658,telomerase,srp,srp_Kine.radi._CP000750
15659,telomerase,srp,srp_Kleb.pneu._CP000647
15660,telomerase,srp,srp_Kluy.lact._CR382126
15661,telomerase,srp,srp_Lact.case._CP000423
15662,telomerase,srp,srp_Lact.delb._CR954253
15663,telomerase,srp,srp_Lact.john._AE017198
15664,telomerase,srp,srp_Legi.pneu._CR628337
15665,telomerase,srp,srp_Leis.braz._AY722724
15666,telomerase,srp,srp_Leis.dono._AY722734
15667,telomerase,srp,srp_Leis.guya._AY722728
15668,telomerase,srp,srp_Leis.infa._AM502223
15669,telomerase,srp,srp_Leis.infa._SDB-5671
15670,telomerase,srp,srp_Leis.majo._AY722715
15671,telomerase,srp,srp_Leis.majo._SDB-347515
15672,telomerase,srp,srp_List.inno._AL596173
15673,telomerase,srp,srp_List.mono._U15684
15674,telomerase,srp,srp_List.wels._AM263198
15675,telomerase,srp,srp_Lyco.escu._Z29099
15676,telomerase,srp,srp_Mann.succ._AE016827
15677,telomerase,srp,srp_Mari.aqua._CP000514
15678,telomerase,srp,srp_Medi.trun._AC136507
15679,telomerase,srp,srp_Medi.trun._BE941271
15680,telomerase,srp,srp_Medi.trun._CX540689
15681,telomerase,srp,srp_Meth.acet._AE010299
15682,telomerase,srp,srp_Meth.burt._CP000300
15683,telomerase,srp,srp_Meth.ferv._M32222
15684,telomerase,srp,srp_Meth.jann._L77117
15685,telomerase,srp,srp_Meth.mari._CP000745
15686,telomerase,srp,srp_Meth.maze._AE008384
15687,telomerase,srp,srp_Mono.brev._GSP-81824
15688,telomerase,srp,srp_Myco.bovi._BX248347
15689,telomerase,srp,srp_Myco.geni._L43967
15690,telomerase,srp,srp_Myco.hyop._AE017244
15691,telomerase,srp,srp_Myco.lepr._AL023596
15692,telomerase,srp,srp_Myco.myco._BX842642
15693,telomerase,srp,srp_Myco.spec._CP000580
15694,telomerase,srp,srp_Myco.syno._AE017245
15695,telomerase,srp,srp_Nitr.euro._AL954747
15696,telomerase,srp,srp_Nitr.euro._BX321857
15697,telomerase,srp,srp_Nitr.eutr._CP000450
15698,telomerase,srp,srp_Onch.volv._AI249203
15699,telomerase,srp,srp_Orni.anat._GSP-9258
15700,telomerase,srp,srp_Para.bras._CN241137
15701,telomerase,srp,srp_Phyt.ramo._GSP-164328
15702,telomerase,srp,srp_Picr.torr._AE017261
15703,telomerase,srp,srp_Plas.gall._GSP-5849
15704,telomerase,srp,srp_Popu.bals._GSP-73824
15705,telomerase,srp,srp_Proc.mari._AE017165
15706,telomerase,srp,srp_Proc.mari._BX572093
15707,telomerase,srp,srp_Proc.mari._CP000551
15708,telomerase,srp,srp_Proc.mari._CP000576
15709,telomerase,srp,srp_Proc.spec._AJ011025
15710,telomerase,srp,srp_Pseu.syri._CP000075
15711,telomerase,srp,srp_Psyc.arct._CP000082
15712,telomerase,srp,srp_Psyc.sp.._CP000713
15713,telomerase,srp,srp_Pyro.cali._CP000561
15714,telomerase,srp,srp_Pyro.hori._BA000001
15715,telomerase,srp,srp_Rick.typh._AE017197
15716,telomerase,srp,srp_Sacc.para._BN000251
15717,telomerase,srp,srp_Salm.ente._AE017220
15718,telomerase,srp,srp_Schm.medi._GSP-79327
15719,telomerase,srp,srp_Shew.balt._CP000563
15720,telomerase,srp,srp_Shew.spec._CP000503
15721,telomerase,srp,srp_Shig.flex._AE005674
15722,telomerase,srp,srp_Shig.flex._AE014073
15723,telomerase,srp,srp_Shig.flex._AE016979
15724,telomerase,srp,srp_Shig.flex._CP000266
15725,telomerase,srp,srp_Sili.spec._CP000377
15726,telomerase,srp,srp_Sino.meli._AL591782
15727,telomerase,srp,srp_Stap.aure._BX571857
15728,telomerase,srp,srp_Stap.aure._CP000703
15729,telomerase,srp,srp_Stap.aure._E36052
15730,telomerase,srp,srp_Stap.epid._AF269814
15731,telomerase,srp,srp_Stre.agal._AL766845
15732,telomerase,srp,srp_Stre.muta._AE014133
15733,telomerase,srp,srp_Stre.pneu._AE007319
15734,telomerase,srp,srp_Stre.pneu._CP000410
15735,telomerase,srp,srp_Stre.pyog._AE009969
15736,telomerase,srp,srp_Stre.pyog._AE014139
15737,telomerase,srp,srp_Stre.pyog._AM295007
15738,telomerase,srp,srp_Stre.pyog._CP000056
15739,telomerase,srp,srp_Stre.pyog._CP000260
15740,telomerase,srp,srp_Stre.pyog._CP000261
15741,telomerase,srp,srp_Sulf.solf._Y08257
15742,telomerase,srp,srp_Sulf.toko._BA000023
15743,telomerase,srp,srp_Thal.pseu._EF067921
15744,telomerase,srp,srp_Thal.pseu._GSP-296543
15745,telomerase,srp,srp_Ther.acid._AL445063
15746,telomerase,srp,srp_Ther.koda._AP006878
15747,telomerase,srp,srp_Ther.mela._CP000716
15748,telomerase,srp,srp_Toxo.gond._GSP-398031
15749,telomerase,srp,srp_Tric.vagi._GSP-5722-2
15750,telomerase,srp,srp_Trit.aest._BE424647
15751,telomerase,srp,srp_Trit.aest._CD897082
15752,telomerase,srp,srp_Trop.whip._AE014184
15753,telomerase,srp,srp_Trop.whip._AE016852
15754,telomerase,srp,srp_Tryp.bruc._AF047723
15755,telomerase,srp,srp_Tryp.bruc._S56681
15756,telomerase,srp,srp_Tryp.bruc._X57047
15757,telomerase,srp,srp_Tryp.cong._SDB-5692
15758,telomerase,srp,srp_Vibr.chol._CP000627
15759,telomerase,srp,srp_Xant.camp._CP000050
15760,telomerase,srp,srp_Xant.oryz._AE013598
15761,telomerase,srp,srp_Yarr.lipo._X51658
15762,telomerase,srp,srp_Yers.pest._AE017042
15763,telomerase,srp,srp_Yers.pest._AE017129
15764,telomerase,srp,srp_Yers.pest._AJ414155
15765,telomerase,srp,srp_Yers.pest._CP000305
15766,telomerase,srp,srp_Yers.pseu._BX936398
15767,telomerase,tRNA,tRNA_tdbR00000003-Haloferax_volcanii-2246-Ala-GGC
15768,telomerase,tRNA,tRNA_tdbR00000010-Escherichia_coli-562-Ala-VGC
15769,telomerase,tRNA,tRNA_tdbR00000011-Neurospora_crassa-5141-Ala-UGC
15770,telomerase,tRNA,tRNA_tdbR00000013-Pichia_jadinii-4903-Ala-IGC
15771,telomerase,tRNA,tRNA_tdbR00000017-Homo_sapiens-9606-Ala-IGC
15772,telomerase,tRNA,tRNA_tdbR00000020-Escherichia_coli-562-Cys-GCA
15773,telomerase,tRNA,tRNA_tdbR00000021-Saccharomyces_cerevisiae-4932-Cys-GCA
15774,telomerase,tRNA,tRNA_tdbR00000024-Mycoplasma_capricolum-2095-Asp-GUC
15775,telomerase,tRNA,tRNA_tdbR00000026-Escherichia_coli-562-Asp-QUC
15776,telomerase,tRNA,tRNA_tdbR00000030-Aedes_albopictus-7160-Asp-GUC
15777,telomerase,tRNA,tRNA_tdbR00000032-Rattus_norvegicus-10116-Asp-GUC
15778,telomerase,tRNA,tRNA_tdbR00000036-Euglena_gracilis-3039-Asp-GUC
15779,telomerase,tRNA,tRNA_tdbR00000038-Rattus_norvegicus-10116-Asp-8UC
15780,telomerase,tRNA,tRNA_tdbR00000042-Haloferax_volcanii-2246-Glu-MUC
15781,telomerase,tRNA,tRNA_tdbR00000043-Haloferax_volcanii-2246-Glu-NUC
15782,telomerase,tRNA,tRNA_tdbR00000053-Bos_taurus-9913-Glu-NUC
15783,telomerase,tRNA,tRNA_tdbR00000059-Rattus_norvegicus-10116-Glu-3UC
15784,telomerase,tRNA,tRNA_tdbR00000063-Haloferax_volcanii-2246-Phe-GAA
15785,telomerase,tRNA,tRNA_tdbR00000067-Escherichia_coli-562-Phe-GAA
15786,telomerase,tRNA,tRNA_tdbR00000072-Phaseolus_vulgaris-3885-Phe-GAA
15787,telomerase,tRNA,tRNA_tdbR00000074-Tetrahymena_pyriformis-5908-Phe-GAA
15788,telomerase,tRNA,tRNA_tdbR00000078-Ascaris_suum-6253-Phe-GAA
15789,telomerase,tRNA,tRNA_tdbR00000089-Brassica_napus-3708-Phe-AA
15790,telomerase,tRNA,tRNA_tdbR00000090-Lupinus_luteus-3873-Phe-AA
15791,telomerase,tRNA,tRNA_tdbR00000092-Oryctolagus_cuniculus-9986-Phe-AA
15792,telomerase,tRNA,tRNA_tdbR00000093-Bombyx_mori-7091-Phe-AA
15793,telomerase,tRNA,tRNA_tdbR00000098-Xenopus_laevis-8355-Phe-AA
15794,telomerase,tRNA,tRNA_tdbR00000108-Haloferax_volcanii-2246-Gly-GCC
15795,telomerase,tRNA,tRNA_tdbR00000109-Haloferax_volcanii-2246-Gly-NCC
15796,telomerase,tRNA,tRNA_tdbR00000111-Mycoplasma_capricolum-2095-Gly-UCC
15797,telomerase,tRNA,tRNA_tdbR00000114-Staphylococcus_epidermidis-1282-Gly-UCC
15798,telomerase,tRNA,tRNA_tdbR00000115-Staphylococcus_epidermidis-1282-Gly-UCC
15799,telomerase,tRNA,tRNA_tdbR00000119-Escherichia_coli-562-Gly-NCC
15800,telomerase,tRNA,tRNA_tdbR00000125-Bos_taurus-9913-Gly-UCC
15801,telomerase,tRNA,tRNA_tdbR00000128-Halocynthia_roretzi-7729-Gly-GCU
15802,telomerase,tRNA,tRNA_tdbR00000132-Lupinus_luteus-3873-Gly-GCC
15803,telomerase,tRNA,tRNA_tdbR00000136-Homo_sapiens-9606-Gly-GCC
15804,telomerase,tRNA,tRNA_tdbR00000139-Mycoplasma_capricolum-2095-His-GUK
15805,telomerase,tRNA,tRNA_tdbR00000140-Escherichia_coli-562-His-QUG
15806,telomerase,tRNA,tRNA_tdbR00000142-Saccharomyces_cerevisiae-4932-His-GUG
15807,telomerase,tRNA,tRNA_tdbR00000143-Asterias_amurensis-7602-His-QUG
15808,telomerase,tRNA,tRNA_tdbR00000151-Haloferax_volcanii-2246-Ile-GAU
15809,telomerase,tRNA,tRNA_tdbR00000155-Mycoplasma_mycoides-2102-Ile-GAU
15810,telomerase,tRNA,tRNA_tdbR00000159-Escherichia_coli-562-Ile-GAU
15811,telomerase,tRNA,tRNA_tdbR00000164-Saccharomyces_cerevisiae-4932-Ile-GAU
15812,telomerase,tRNA,tRNA_tdbR00000165-Solanum_tuberosum-4113-Ile-AU
15813,telomerase,tRNA,tRNA_tdbR00000170-Saccharomyces_cerevisiae-4932-Ile-IAU
15814,telomerase,tRNA,tRNA_tdbR00000172-Lupinus_luteus-3873-Ile-IAU
15815,telomerase,tRNA,tRNA_tdbR00000175-Haloferax_volcanii-2246-Lys-NUU
15816,telomerase,tRNA,tRNA_tdbR00000176-Haloferax_volcanii-2246-Lys-MUU
15817,telomerase,tRNA,tRNA_tdbR00000177-Mycoplasma_capricolum-2095-Lys-CUU
15818,telomerase,tRNA,tRNA_tdbR00000179-Bacillus_subtilis-1423-Lys-UU
15819,telomerase,tRNA,tRNA_tdbR00000184-Asterias_amurensis-7602-Lys-CUU
15820,telomerase,tRNA,tRNA_tdbR00000192-Saccharomyces_cerevisiae-4932-Lys-CUU
15821,telomerase,tRNA,tRNA_tdbR00000194-Triticum_aestivum-4565-Lys-CUU
15822,telomerase,tRNA,tRNA_tdbR00000196-Rattus_norvegicus-10116-Lys-CUN
15823,telomerase,tRNA,tRNA_tdbR00000197-Rattus_norvegicus-10116-Lys-3UU
15824,telomerase,tRNA,tRNA_tdbR00000199-Oryctolagus_cuniculus-9986-Lys-CUU
15825,telomerase,tRNA,tRNA_tdbR00000206-Loligo_bleekeri-6617-Lys-UUU
15826,telomerase,tRNA,tRNA_tdbR00000208-Mus_musculus-10090-Lys-CUN
15827,telomerase,tRNA,tRNA_tdbR00000209-Enterobacteria_phage_T4-10665-Leu-NAA
15828,telomerase,tRNA,tRNA_tdbR00000211-Haloferax_volcanii-2246-Leu-CAA
15829,telomerase,tRNA,tRNA_tdbR00000216-Mycoplasma_capricolum-2095-Leu-BAA
15830,telomerase,tRNA,tRNA_tdbR00000218-Mycoplasma_capricolum-2095-Leu-UAG
15831,telomerase,tRNA,tRNA_tdbR00000221-Escherichia_coli-562-Leu-CAG
15832,telomerase,tRNA,tRNA_tdbR00000222-Escherichia_coli-562-Leu-GAG
15833,telomerase,tRNA,tRNA_tdbR00000225-Synechococcus_elongatus_PCC_6301-269084-Leu-CAA
15834,telomerase,tRNA,tRNA_tdbR00000228-Glycine_max-3847-Leu-BAA
15835,telomerase,tRNA,tRNA_tdbR00000230-Glycine_max-3847-Leu-UA7
15836,telomerase,tRNA,tRNA_tdbR00000233-Phaseolus_vulgaris-3885-Leu-UA7
15837,telomerase,tRNA,tRNA_tdbR00000234-Spinacia_oleracea-3562-Leu-UA7
15838,telomerase,tRNA,tRNA_tdbR00000236-Neurospora_crassa-5141-Leu-UAG
15839,telomerase,tRNA,tRNA_tdbR00000237-Saccharomyces_cerevisiae-4932-Leu-AA
15840,telomerase,tRNA,tRNA_tdbR00000243-Rattus_norvegicus-10116-Leu-UAG
15841,telomerase,tRNA,tRNA_tdbR00000244-Rattus_norvegicus-10116-Leu-UAG
15842,telomerase,tRNA,tRNA_tdbR00000245-Rattus_norvegicus-10116-Leu-UAG
15843,telomerase,tRNA,tRNA_tdbR00000252-Pichia_jadinii-4903-Leu-BAA
15844,telomerase,tRNA,tRNA_tdbR00000254-Candida_cylindracea-44322-Leu-IAG
15845,telomerase,tRNA,tRNA_tdbR00000270-Avian_myeloblastosis_virus-11866-Met-BAU
15846,telomerase,tRNA,tRNA_tdbR00000273-Mycoplasma_capricolum-2095-Met-CAU
15847,telomerase,tRNA,tRNA_tdbR00000277-Codium_fragile-3133-Met-CAU
15848,telomerase,tRNA,tRNA_tdbR00000278-Scenedesmus_obliquus-3088-Met-CAU
15849,telomerase,tRNA,tRNA_tdbR00000282-Ascaris_suum-6253-Met-AU
15850,telomerase,tRNA,tRNA_tdbR00000285-Triticum_aestivum-4565-Met-BAU
15851,telomerase,tRNA,tRNA_tdbR00000286-Lupinus_luteus-3873-Met-BAU
15852,telomerase,tRNA,tRNA_tdbR00000291-Halobacterium_salinarum-2242-Asn-GUU
15853,telomerase,tRNA,tRNA_tdbR00000294-Mycoplasma_capricolum-2095-Asn-GUU
15854,telomerase,tRNA,tRNA_tdbR00000300-Saccharomyces_cerevisiae-4932-Asn-GUU
15855,telomerase,tRNA,tRNA_tdbR00000301-Lupinus_luteus-3873-Asn-UU
15856,telomerase,tRNA,tRNA_tdbR00000309-Enterobacteria_phage_T4-10665-Pro-NGG
15857,telomerase,tRNA,tRNA_tdbR00000313-Haloferax_volcanii-2246-Pro-UGG
15858,telomerase,tRNA,tRNA_tdbR00000316-Bacillus_subtilis-1423-Pro-5GG
15859,telomerase,tRNA,tRNA_tdbR00000317-Salmonella_typhimurium-602-Pro-CGG
15860,telomerase,tRNA,tRNA_tdbR00000328-Enterobacteria_phage_T5-10726-Gln-UUG
15861,telomerase,tRNA,tRNA_tdbR00000333-Escherichia_coli-562-Gln-NUG
15862,telomerase,tRNA,tRNA_tdbR00000336-Aedes_albopictus-7160-Gln-NUG
15863,telomerase,tRNA,tRNA_tdbR00000337-Tetrahymena_thermophila-5911-Gln-CUA
15864,telomerase,tRNA,tRNA_tdbR00000338-Tetrahymena_thermophila-5911-Gln-JUA
15865,telomerase,tRNA,tRNA_tdbR00000342-Bos_taurus-9913-Gln-CUG
15866,telomerase,tRNA,tRNA_tdbR00000343-Mus_musculus-10090-Gln-CUG
15867,telomerase,tRNA,tRNA_tdbR00000346-Homo_sapiens-9606-Gln-NUG
15868,telomerase,tRNA,tRNA_tdbR00000347-Enterobacteria_phage_T4-10665-Arg-NCU
15869,telomerase,tRNA,tRNA_tdbR00000351-Haloferax_volcanii-2246-Arg-NCG
15870,telomerase,tRNA,tRNA_tdbR00000352-Mycoplasma_capricolum-2095-Arg-ICG
15871,telomerase,tRNA,tRNA_tdbR00000355-Escherichia_coli-562-Arg-ICG
15872,telomerase,tRNA,tRNA_tdbR00000356-Escherichia_coli-562-Arg-ICG
15873,telomerase,tRNA,tRNA_tdbR00000358-Escherichia_coli-562-Arg-CU
15874,telomerase,tRNA,tRNA_tdbR00000360-Codium_fragile-3133-Arg-ICG
15875,telomerase,tRNA,tRNA_tdbR00000363-Ascaris_suum-6253-Arg-PCU
15876,telomerase,tRNA,tRNA_tdbR00000364-Ascaris_suum-6253-Arg-ACG
15877,telomerase,tRNA,tRNA_tdbR00000365-Aedes_albopictus-7160-Arg-UCG
15878,telomerase,tRNA,tRNA_tdbR00000368-Mesocricetus_auratus-10036-Arg-UCG
15879,telomerase,tRNA,tRNA_tdbR00000371-Saccharomyces_cerevisiae-4932-Arg-1CU
15880,telomerase,tRNA,tRNA_tdbR00000375-Bos_taurus-9913-Arg-CCU
15881,telomerase,tRNA,tRNA_tdbR00000376-Bos_taurus-9913-Arg-3CP
15882,telomerase,tRNA,tRNA_tdbR00000377-Mus_musculus-10090-Arg-ICG
15883,telomerase,tRNA,tRNA_tdbR00000380-Halobacterium_salinarum-2242-Ser-MGA
15884,telomerase,tRNA,tRNA_tdbR00000383-Haloferax_volcanii-2246-Ser-GGA
15885,telomerase,tRNA,tRNA_tdbR00000386-Mycoplasma_mycoides-2102-Ser-UGA
15886,telomerase,tRNA,tRNA_tdbR00000393-Escherichia_coli-562-Ser-GGA
15887,telomerase,tRNA,tRNA_tdbR00000394-Escherichia_coli-562-Ser-VGA
15888,telomerase,tRNA,tRNA_tdbR00000396-Saccharomyces_cerevisiae-4932-Ser-UGA
15889,telomerase,tRNA,tRNA_tdbR00000397-Saccharomyces_cerevisiae-4932-Ser-UGA
15890,telomerase,tRNA,tRNA_tdbR00000400-Loligo_bleekeri-6617-Ser-7CU
15891,telomerase,tRNA,tRNA_tdbR00000403-Bos_taurus-9913-Ser-UGA
15892,telomerase,tRNA,tRNA_tdbR00000406-Saccharomyces_cerevisiae-4932-Ser-NGA
15893,telomerase,tRNA,tRNA_tdbR00000407-Saccharomyces_cerevisiae-4932-Ser-IGA
15894,telomerase,tRNA,tRNA_tdbR00000408-Saccharomyces_cerevisiae-4932-Ser-IGA
15895,telomerase,tRNA,tRNA_tdbR00000413-Candida_cylindracea-44322-Ser-GCU
15896,telomerase,tRNA,tRNA_tdbR00000415-Nicotiana_rustica-4093-Ser-GA
15897,telomerase,tRNA,tRNA_tdbR00000416-Nicotiana_rustica-4093-Ser-CGA
15898,telomerase,tRNA,tRNA_tdbR00000424-Drosophila_melanogaster-7227-Ser-GCU
15899,telomerase,tRNA,tRNA_tdbR00000430-Halobacterium_salinarum-2242-Thr-GGU
15900,telomerase,tRNA,tRNA_tdbR00000431-Haloferax_volcanii-2246-Thr-CGU
15901,telomerase,tRNA,tRNA_tdbR00000432-Haloferax_volcanii-2246-Thr-GGU
15902,telomerase,tRNA,tRNA_tdbR00000439-Spinacia_oleracea-3562-Thr-GGU
15903,telomerase,tRNA,tRNA_tdbR00000443-Saccharomyces_cerevisiae-4932-Thr-IGU
15904,telomerase,tRNA,tRNA_tdbR00000445-Bos_taurus-9913-Thr-IGU
15905,telomerase,tRNA,tRNA_tdbR00000446-Halobacterium_salinarum-2242-Val-CAC
15906,telomerase,tRNA,tRNA_tdbR00000448-Halobacterium_salinarum-2242-Val-GAC
15907,telomerase,tRNA,tRNA_tdbR00000451-Mycoplasma_capricolum-2095-Val-UAC
15908,telomerase,tRNA,tRNA_tdbR00000453-Bacillus_subtilis-1423-Val-5AC
15909,telomerase,tRNA,tRNA_tdbR00000455-Escherichia_coli-562-Val-GAC
15910,telomerase,tRNA,tRNA_tdbR00000459-Neurospora_crassa-5141-Val-UAC
15911,telomerase,tRNA,tRNA_tdbR00000461-Rattus_norvegicus-10116-Val-UAC
15912,telomerase,tRNA,tRNA_tdbR00000463-Bos_taurus-9913-Val-UAC
15913,telomerase,tRNA,tRNA_tdbR00000465-Saccharomyces_cerevisiae-4932-Val-CAC
15914,telomerase,tRNA,tRNA_tdbR00000467-Pichia_jadinii-4903-Val-IAC
15915,telomerase,tRNA,tRNA_tdbR00000471-Oryctolagus_cuniculus-9986-Val-IAC
15916,telomerase,tRNA,tRNA_tdbR00000472-Drosophila_melanogaster-7227-Val-IAC
15917,telomerase,tRNA,tRNA_tdbR00000475-Mus_musculus-10090-Val-IAC
15918,telomerase,tRNA,tRNA_tdbR00000477-Avian_myeloblastosis_virus-11866-Trp-BCA
15919,telomerase,tRNA,tRNA_tdbR00000478-Haloferax_volcanii-2246-Trp-BCA
15920,telomerase,tRNA,tRNA_tdbR00000480-Mycoplasma_capricolum-2095-Trp-CA
15921,telomerase,tRNA,tRNA_tdbR00000482-Spiroplasma_citri-2133-Trp-CCA
15922,telomerase,tRNA,tRNA_tdbR00000485-Nicotiana_tabacum-4097-Trp-BCA
15923,telomerase,tRNA,tRNA_tdbR00000486-Phaseolus_vulgaris-3885-Trp-BCA
15924,telomerase,tRNA,tRNA_tdbR00000488-Tetrahymena_thermophila-5911-Trp-CA
15925,telomerase,tRNA,tRNA_tdbR00000492-Rattus_norvegicus-10116-Trp-NCA
15926,telomerase,tRNA,tRNA_tdbR00000497-Bos_taurus-9913-Trp-BCA
15927,telomerase,tRNA,tRNA_tdbR00000498-Gallus_gallus-9031-Trp-BCA
15928,telomerase,tRNA,tRNA_tdbR00000499-Halobacterium_salinarum-2242-Ini-CAU
15929,telomerase,tRNA,tRNA_tdbR00000500-Haloferax_volcanii-2246-Ini-CAU
15930,telomerase,tRNA,tRNA_tdbR00000504-Mycoplasma_capricolum-2095-Ini-CAU
15931,telomerase,tRNA,tRNA_tdbR00000505-Mycoplasma_mycoides-2102-Ini-CAU
15932,telomerase,tRNA,tRNA_tdbR00000506-Streptomyces_griseus-1911-Ini-CAU
15933,telomerase,tRNA,tRNA_tdbR00000507-Bacillus_subtilis-1423-Ini-CAU
15934,telomerase,tRNA,tRNA_tdbR00000510-Escherichia_coli-562-Ini-CAU
15935,telomerase,tRNA,tRNA_tdbR00000512-Mycobacterium_smegmatis-1772-Ini-CAU
15936,telomerase,tRNA,tRNA_tdbR00000514-Scenedesmus_obliquus-3088-Ini-CAU
15937,telomerase,tRNA,tRNA_tdbR00000519-Phaseolus_vulgaris-3885-Ini-CAU
15938,telomerase,tRNA,tRNA_tdbR00000522-Bos_taurus-9913-Ini-AU
15939,telomerase,tRNA,tRNA_tdbR00000523-Tetrahymena_thermophila-5911-Ini-CAU
15940,telomerase,tRNA,tRNA_tdbR00000529-Triticum_aestivum-4565-Ini-CAU
15941,telomerase,tRNA,tRNA_tdbR00000532-Oryctolagus_cuniculus-9986-Ini-CAU
15942,telomerase,tRNA,tRNA_tdbR00000533-Drosophila_melanogaster-7227-Ini-CAU
15943,telomerase,tRNA,tRNA_tdbR00000534-Euphausia_superba-6819-Ini-CAU
15944,telomerase,tRNA,tRNA_tdbR00000535-Xenopus_laevis-8355-Ini-CAU
15945,telomerase,tRNA,tRNA_tdbR00000539-Ovis_aries-9940-Ini-CAU
15946,telomerase,tRNA,tRNA_tdbR00000545-Escherichia_coli-562-Tyr-QUA
15947,telomerase,tRNA,tRNA_tdbR00000546-Escherichia_coli-562-Tyr-QUA
15948,telomerase,tRNA,tRNA_tdbR00000548-Scenedesmus_obliquus-3088-Tyr-GUA
15949,telomerase,tRNA,tRNA_tdbR00000556-Schizosaccharomyces_pombe-4896-Tyr-GPA
15950,telomerase,tRNA,tRNA_tdbR00000559-Triticum_aestivum-4565-Tyr-GPA
15951,telomerase,tRNA,tRNA_tdbR00000560-Lupinus_luteus-3873-Tyr-GPA
15952,telomerase,tRNA,tRNA_tdbR00000565-Bos_taurus-9913-Tyr-9PA
15953,telomerase,tRNA,tRNA_tdbR00000572-Leishmania_tarentolae-5689-Lys-1UU
15954,telomerase,tRNA,tRNA_tdbR00000575-Leishmania_tarentolae-5689-Thr-CGU
15955,telomerase,tRNA,tRNA_tdbR00000578-Leishmania_tarentolae-5689-Glu-3UC
15956,telomerase,tRNA,tRNA_tdbR00000581-Aeropyrum_pernix-56636-Lys-CUU
15957,telomerase,tRNA,tRNA_tdbR00000584-Aeropyrum_pernix-56636-Pro-GGG
15958,telomerase,tRNA,tRNA_tdbR00000587-Aeropyrum_pernix-56636-Met-CAU
15959,telomerase,tRNA,tRNA_tdbR00000590-Ascaris_suum-6253-Glu-UC
15960,telomerase,tRNA,tRNA_tdbR00000593-Ascaris_suum-6253-Trp-CA
15961,telomerase,tRNA,tRNA_tdbR00000605-Lupinus_luteus-3873-Leu-CAG
15962,telomerase,tRNA,tRNA_tdbR00000611-Sinorhizobium_meliloti-382-His-GUG
15963,telomerase,tRNA,tRNA_tdbR00000613-Nanoarchaeum_equitans-160232-Glu-CUC
15964,telomerase,tRNA,tRNA_tdbR00000616-Nanoarchaeum_equitans-160232-Lys-CUU
15965,telomerase,tRNA,tRNA_tdbR00000617-Nanoarchaeum_equitans-160232-Gln-UUG
15966,telomerase,tRNA,tRNA_tdbR00000618-Candida_albicans-5476-Leu-CAG
15967,telomerase,telomerase,telomerase_AC121792.109554-109950
15968,telomerase,telomerase,telomerase_AF147806.247-692
15969,telomerase,telomerase,telomerase_AF221906.96-545
15970,telomerase,telomerase,telomerase_AF221908.136-584
15971,telomerase,telomerase,telomerase_AF221909.98-496
15972,telomerase,telomerase,telomerase_AF221910.112-554
15973,telomerase,telomerase,telomerase_AF221911.104-513
15974,telomerase,telomerase,telomerase_AF221912.98-564
15975,telomerase,telomerase,telomerase_AF221913.109-520
15976,telomerase,telomerase,telomerase_AF221914.112-589
15977,telomerase,telomerase,telomerase_AF221916.94-481
15978,telomerase,telomerase,telomerase_AF221917.99-542
15979,telomerase,telomerase,telomerase_AF221918.97-547
15980,telomerase,telomerase,telomerase_AF221919.107-614
15981,telomerase,telomerase,telomerase_AF221920.99-541
15982,telomerase,telomerase,telomerase_AF221921.98-548
15983,telomerase,telomerase,telomerase_AF221923.106-554
15984,telomerase,telomerase,telomerase_AF221924.105-538
15985,telomerase,telomerase,telomerase_AF221925.98-540
15986,telomerase,telomerase,telomerase_AF221926.103-507
15987,telomerase,telomerase,telomerase_AF221927.113-556
15988,telomerase,telomerase,telomerase_AF221928.95-476
15989,telomerase,telomerase,telomerase_AF221929.92-517
15990,telomerase,telomerase,telomerase_AF221930.94-546
15991,telomerase,telomerase,telomerase_AF221931.99-541
15992,telomerase,telomerase,telomerase_AF221932.102-549
15993,telomerase,telomerase,telomerase_AF221934.121-565
15994,telomerase,telomerase,telomerase_AF221935.112-602
15995,telomerase,telomerase,telomerase_AF221936.98-540
15996,telomerase,telomerase,telomerase_AF221937.99-545
15997,telomerase,telomerase,telomerase_AF221939.99-544
15998,telomerase,telomerase,telomerase_AF221940.103-499
15999,telomerase,telomerase,telomerase_AY058901.1-397
16000,telomerase,telomerase,telomerase_AY312571.605-1069
16001,telomerase,telomerase,telomerase_U85256.1-451
16002,telomerase,tmRNA,tmRNA_Acin.spec._CR543861_1-360
16003,telomerase,tmRNA,tmRNA_Acti.acti._TRW-272556_1-366
16004,telomerase,tmRNA,tmRNA_Acti.naes._TRW-240017_1-371
16005,telomerase,tmRNA,tmRNA_Acti.succ._TRW-339671_1-367
16006,telomerase,tmRNA,tmRNA_Aero.hydr._AY442269_1-360
16007,telomerase,tmRNA,tmRNA_Aero.hydr._CP000462_1-360
16008,telomerase,tmRNA,tmRNA_Anab.vari._CP000117_1-390
16009,telomerase,tmRNA,tmRNA_Aqui.aeol._TRW-63363_1-347
16010,telomerase,tmRNA,tmRNA_Arth.spec._CP000454_1-369
16011,telomerase,tmRNA,tmRNA_Azoa.spec._TRW-62928_1-378
16012,telomerase,tmRNA,tmRNA_Baci.G._TRW-12333_1-312
16013,telomerase,tmRNA,tmRNA_Baci.anth._AE016879_1-355
16014,telomerase,tmRNA,tmRNA_Baci.halo._BA000004_1-361
16015,telomerase,tmRNA,tmRNA_Baci.thur._AE017355_1-355
16016,telomerase,tmRNA,tmRNA_Bact.frag._CR626927_1-398
16017,telomerase,tmRNA,tmRNA_Bact.frag._TRW-817_1-398
16018,telomerase,tmRNA,tmRNA_Bdel.bact._BX842656_1-346
16019,telomerase,tmRNA,tmRNA_Bord.bron._TRW-257310_1-387
16020,telomerase,tmRNA,tmRNA_Bord.para._TRW-257311_1-387
16021,telomerase,tmRNA,tmRNA_Borr.burg._AE001118_1-359
16022,telomerase,tmRNA,tmRNA_Buch.aphi._AE013218_1-376
16023,telomerase,tmRNA,tmRNA_Buch.aphi._BD061520_1-369
16024,telomerase,tmRNA,tmRNA_Burk.ceno._CP000378_1-370
16025,telomerase,tmRNA,tmRNA_Burk.mall._CP000010_1-370
16026,telomerase,tmRNA,tmRNA_Burk.spec._CP000151_1-370
16027,telomerase,tmRNA,tmRNA_Burk.viet._TRW-269482_1-370
16028,telomerase,tmRNA,tmRNA_Camp.coli._TRW-306254_1-359
16029,telomerase,tmRNA,tmRNA_Camp.fetu._AY211269_1-361
16030,telomerase,tmRNA,tmRNA_Camp.lari._TRW-306263_1-359
16031,telomerase,tmRNA,tmRNA_Camp.upsa._TRW-306264_1-359
16032,telomerase,tmRNA,tmRNA_Carn.malt._AF275938_1-366
16033,telomerase,tmRNA,tmRNA_Chla.abor._CR848038_1-425
16034,telomerase,tmRNA,tmRNA_Chla.cavi._AE015925_1-425
16035,telomerase,tmRNA,tmRNA_Chla.muri._AE002296_1-418
16036,telomerase,tmRNA,tmRNA_Chla.pneu._TRW-83558_1-426
16037,telomerase,tmRNA,tmRNA_Chla.trac._TRW-272561_1-420
16038,telomerase,tmRNA,tmRNA_Chla.trac._TRW-813-1_1-420
16039,telomerase,tmRNA,tmRNA_Chlo.chlo._CP000108_1-401
16040,telomerase,tmRNA,tmRNA_Clav.mich._TRW-31964_1-376
16041,telomerase,tmRNA,tmRNA_Clos.acet._AE001437_1-359
16042,telomerase,tmRNA,tmRNA_Clos.botu._TRW-36826_1-355
16043,telomerase,tmRNA,tmRNA_Clos.diff._AM180355_1-350
16044,telomerase,tmRNA,tmRNA_Clos.diff._TRW-367459_1-350
16045,telomerase,tmRNA,tmRNA_Clos.ther._TRW-203119_1-387
16046,telomerase,tmRNA,tmRNA_Copr.prot._TRW-351627_1-353
16047,telomerase,tmRNA,tmRNA_Croc.wats._TRW-165597_1-386
16048,telomerase,tmRNA,tmRNA_Cyan.mero._AY286123_1-236
16049,telomerase,tmRNA,tmRNA_Desu.psyc._CR522870_1-366
16050,telomerase,tmRNA,tmRNA_Dich.nodo._TRW-35819_1-352
16051,telomerase,tmRNA,tmRNA_Emil.huxl._TRW-280463_1-291
16052,telomerase,tmRNA,tmRNA_Ente.faec._BD193796_1-367
16053,telomerase,tmRNA,tmRNA_Ente.faec._TRW-1352_1-367
16054,telomerase,tmRNA,tmRNA_Erwi.caro._BX950851_1-363
16055,telomerase,tmRNA,tmRNA_Esch.coli._AE005491_1-363
16056,telomerase,tmRNA,tmRNA_Esch.coli._AP009048_1-363
16057,telomerase,tmRNA,tmRNA_Esch.coli._BA000007_1-363
16058,telomerase,tmRNA,tmRNA_Esch.coli._CP000247_1-363
16059,telomerase,tmRNA,tmRNA_Esch.coli._D90888_1-363
16060,telomerase,tmRNA,tmRNA_Esch.coli._U36840_1-363
16061,telomerase,tmRNA,tmRNA_Exig.sibi._TRW-262543_1-359
16062,telomerase,tmRNA,tmRNA_Fibr.succ._TRW-59374_1-361
16063,telomerase,tmRNA,tmRNA_Fran.tula._AM233362_1-421
16064,telomerase,tmRNA,tmRNA_Fran.tula._AM286280_1-421
16065,telomerase,tmRNA,tmRNA_Fran.tula._CP000437_1-421
16066,telomerase,tmRNA,tmRNA_Fuso.nucl._AE010567_1-341
16067,telomerase,tmRNA,tmRNA_Fuso.nucl._TRW-209882_1-344
16068,telomerase,tmRNA,tmRNA_Gemm.obsc._TRW-214688_1-412
16069,telomerase,tmRNA,tmRNA_Geob.meta._CP000148_1-356
16070,telomerase,tmRNA,tmRNA_Geob.stea._TRW-1422_1-352
16071,telomerase,tmRNA,tmRNA_Guil.thet._AF041468_1-327
16072,telomerase,tmRNA,tmRNA_Haem.ducr._AE017143_1-367
16073,telomerase,tmRNA,tmRNA_Haem.infl._AY599475_1-366
16074,telomerase,tmRNA,tmRNA_Haem.infl._L42023_1-366
16075,telomerase,tmRNA,tmRNA_Haem.infl._TRW-262727_1-366
16076,telomerase,tmRNA,tmRNA_Haem.infl._TRW-262728_1-366
16077,telomerase,tmRNA,tmRNA_Haem.infl._U32808_1-366
16078,telomerase,tmRNA,tmRNA_Heli.hepa._AE017125_1-369
16079,telomerase,tmRNA,tmRNA_Heli.must._DQ250625_1-366
16080,telomerase,tmRNA,tmRNA_Heli.pylo._AE000511_1-386
16081,telomerase,tmRNA,tmRNA_Heli.pylo._AE001503_1-383
16082,telomerase,tmRNA,tmRNA_Heli.pylo._TRW-85962_1-386
16083,telomerase,tmRNA,tmRNA_Heli.pylo._TRW-85963_1-386
16084,telomerase,tmRNA,tmRNA_Kleb.pneu._TRW-272620_1-363
16085,telomerase,tmRNA,tmRNA_Lact.john._TRW-257314_1-367
16086,telomerase,tmRNA,tmRNA_Lact.lact._AE006373_1-359
16087,telomerase,tmRNA,tmRNA_Lact.lact._AF176556_1-359
16088,telomerase,tmRNA,tmRNA_Lact.plan._AL935259_1-372
16089,telomerase,tmRNA,tmRNA_Leif.xyli._AE016822_1-394
16090,telomerase,tmRNA,tmRNA_Lept.inte._AE016823_1-350
16091,telomerase,tmRNA,tmRNA_Lept.spec._TRW-261385_1-359
16092,telomerase,tmRNA,tmRNA_Lept.spec._TRW-261386_1-359
16093,telomerase,tmRNA,tmRNA_Leuc.mese._AF375574_1-307
16094,telomerase,tmRNA,tmRNA_Leuc.mese._CP000414_1-358
16095,telomerase,tmRNA,tmRNA_Leuc.mese._TRW-1245_1-358
16096,telomerase,tmRNA,tmRNA_List.gray._AF440336_1-321
16097,telomerase,tmRNA,tmRNA_List.mono._TRW-1639-1_1-370
16098,telomerase,tmRNA,tmRNA_List.wels._AF440351_1-321
16099,telomerase,tmRNA,tmRNA_Mann.haem._TRW-272629_1-367
16100,telomerase,tmRNA,tmRNA_Mann.succ._AE016827_1-367
16101,telomerase,tmRNA,tmRNA_Meso.flor._AE017263_1-408
16102,telomerase,tmRNA,tmRNA_Meth.flag._CP000284_1-361
16103,telomerase,tmRNA,tmRNA_Moor.ther._CP000232_1-358
16104,telomerase,tmRNA,tmRNA_Mora.cata._AX067460_1-359
16105,telomerase,tmRNA,tmRNA_Myco.Bxz1._AY129337_1-437
16106,telomerase,tmRNA,tmRNA_Myco.afri._TRW-33894_1-368
16107,telomerase,tmRNA,tmRNA_Myco.aviu._AE016958_1-368
16108,telomerase,tmRNA,tmRNA_Myco.bovi._TRW-1765_1-368
16109,telomerase,tmRNA,tmRNA_Myco.capr._D13067_1-411
16110,telomerase,tmRNA,tmRNA_Myco.hyop._TRW-262719_1-433
16111,telomerase,tmRNA,tmRNA_Myco.myco._BX842642_1-411
16112,telomerase,tmRNA,tmRNA_Myco.pulm._AL445565_1-387
16113,telomerase,tmRNA,tmRNA_Myco.smeg._CP000480_1-369
16114,telomerase,tmRNA,tmRNA_Myco.tube._TRW-164513_1-368
16115,telomerase,tmRNA,tmRNA_Myxo.xant._TRW-34_1-366
16116,telomerase,tmRNA,tmRNA_Neis.gono._TRW-242231_1-363
16117,telomerase,tmRNA,tmRNA_Neis.meni._TRW-272831_1-363
16118,telomerase,tmRNA,tmRNA_Nitr.euro._BX321865_1-360
16119,telomerase,tmRNA,tmRNA_Nitr.mult._CP000103_1-362
16120,telomerase,tmRNA,tmRNA_Noca.farc._AP006618_1-368
16121,telomerase,tmRNA,tmRNA_Nost.punc._TRW-63737_1-390
16122,telomerase,tmRNA,tmRNA_Nost.spec._BA000019_1-390
16123,telomerase,tmRNA,tmRNA_Odon.sine._TRW-2839_1-371
16124,telomerase,tmRNA,tmRNA_Oeno.oeni._TRW-203123_1-350
16125,telomerase,tmRNA,tmRNA_Onio.yell._AP006628_1-423
16126,telomerase,tmRNA,tmRNA_Para.symb._BX908798_1-405
16127,telomerase,tmRNA,tmRNA_Pedi.pent._CP000422_1-369
16128,telomerase,tmRNA,tmRNA_Phot.lumi._BX571870_1-364
16129,telomerase,tmRNA,tmRNA_Phot.prof._CR378665_1-368
16130,telomerase,tmRNA,tmRNA_Pola.spec._CP000316_1-387
16131,telomerase,tmRNA,tmRNA_Porp.ging._TRW-242619_1-407
16132,telomerase,tmRNA,tmRNA_Porp.purp._TRW-2787_1-323
16133,telomerase,tmRNA,tmRNA_Prop.acne._AE017283_1-371
16134,telomerase,tmRNA,tmRNA_Prop.acne._TRW-1747-1_1-371
16135,telomerase,tmRNA,tmRNA_Pseu.aeru._AE004091_1-353
16136,telomerase,tmRNA,tmRNA_Pseu.aeru._CP000438_1-353
16137,telomerase,tmRNA,tmRNA_Pseu.ento._CT573326_1-392
16138,telomerase,tmRNA,tmRNA_Pseu.fluo._CP000076_1-394
16139,telomerase,tmRNA,tmRNA_Pseu.fluo._TRW-216595_1-397
16140,telomerase,tmRNA,tmRNA_Pseu.syri._AE016853_1-388
16141,telomerase,tmRNA,tmRNA_Rals.sola._AL646052_1-360
16142,telomerase,tmRNA,tmRNA_Rubr.gela._TRW-279263_1-372
16143,telomerase,tmRNA,tmRNA_Rubr.xyla._CP000386_1-360
16144,telomerase,tmRNA,tmRNA_Rumi.albu._TRW-246199_1-354
16145,telomerase,tmRNA,tmRNA_Sali.rube._CP000159_1-369
16146,telomerase,tmRNA,tmRNA_Salm.bong._TRW-218493_1-363
16147,telomerase,tmRNA,tmRNA_Salm.ente._AE014613_1-363
16148,telomerase,tmRNA,tmRNA_Salm.ente._AE017220_1-363
16149,telomerase,tmRNA,tmRNA_Salm.ente._TRW-59204_1-363
16150,telomerase,tmRNA,tmRNA_Salm.typh._AY316313_1-363
16151,telomerase,tmRNA,tmRNA_Salm.typh._AY319520_1-363
16152,telomerase,tmRNA,tmRNA_Serr.marc._TRW-273526_1-364
16153,telomerase,tmRNA,tmRNA_Shew.onei._AX048560_1-355
16154,telomerase,tmRNA,tmRNA_Shew.putr._TRW-319224_1-356
16155,telomerase,tmRNA,tmRNA_Shew.spec._CP000444_1-355
16156,telomerase,tmRNA,tmRNA_Shew.spec._CP000446_1-355
16157,telomerase,tmRNA,tmRNA_Shew.spec._CP000469_1-355
16158,telomerase,tmRNA,tmRNA_Shew.spec._TRW-323850_1-356
16159,telomerase,tmRNA,tmRNA_Shig.dyse._CP000034_1-363
16160,telomerase,tmRNA,tmRNA_Shig.flex._AE014073_1-363
16161,telomerase,tmRNA,tmRNA_Shig.sonn._CP000038_1-363
16162,telomerase,tmRNA,tmRNA_Soda.glos._AP008232_1-384
16163,telomerase,tmRNA,tmRNA_Stap.aure._AC074317_1-359
16164,telomerase,tmRNA,tmRNA_Stap.aure._BA000017_1-362
16165,telomerase,tmRNA,tmRNA_Stap.aure._BX571857_1-362
16166,telomerase,tmRNA,tmRNA_Stap.aure._TRW-1280_1-362
16167,telomerase,tmRNA,tmRNA_Stap.epid._TRW-1282-2_1-362
16168,telomerase,tmRNA,tmRNA_Sten.malt._TRW-40324_1-354
16169,telomerase,tmRNA,tmRNA_Stre.agal._AE014233_1-350
16170,telomerase,tmRNA,tmRNA_Stre.aure._AY616521_1-382
16171,telomerase,tmRNA,tmRNA_Stre.aver._BA000030_1-389
16172,telomerase,tmRNA,tmRNA_Stre.equi._TRW-1336_1-349
16173,telomerase,tmRNA,tmRNA_Stre.pneu._AE008453_1-348
16174,telomerase,tmRNA,tmRNA_Stre.scab._TRW-1883_1-402
16175,telomerase,tmRNA,tmRNA_Stre.sobr._TRW-246202_1-349
16176,telomerase,tmRNA,tmRNA_Sulf.azor._TRW-204536_1-351
16177,telomerase,tmRNA,tmRNA_Syne.spec._D90916_1-396
16178,telomerase,tmRNA,tmRNA_Synt.acid._CP000252_1-356
16179,telomerase,tmRNA,tmRNA_Thal.pseu._EF067921_1-344
16180,telomerase,tmRNA,tmRNA_Thal.weis._AF049491_1-348
16181,telomerase,tmRNA,tmRNA_Ther.fusc._CP000088_1-372
16182,telomerase,tmRNA,tmRNA_Ther.mari._TRW-243274-1_1-356
16183,telomerase,tmRNA,tmRNA_Ther.teng._AE013063_1-351
16184,telomerase,tmRNA,tmRNA_Trep.dent._AE017226_1-351
16185,telomerase,tmRNA,tmRNA_Trep.pall._TRW-243276_1-354
16186,telomerase,tmRNA,tmRNA_Tric.eryt._CP000393_1-398
16187,telomerase,tmRNA,tmRNA_Trop.whip._BX251411_1-369
16188,telomerase,tmRNA,tmRNA_Urea.parv._AE002154_1-413
16189,telomerase,tmRNA,tmRNA_Xant.axon._AE011783_1-397
16190,telomerase,tmRNA,tmRNA_Xyle.fast._AE003849_1-355
16191,telomerase,tmRNA,tmRNA_Xyle.fast._AE004078_1-355
16192,telomerase,tmRNA,tmRNA_Xyle.fast._TRW-155920_1-355
16193,telomerase,tmRNA,tmRNA_Yers.ente._TRW-34054_1-381
16194,telomerase,tmRNA,tmRNA_Yers.inte._TRW-349965_1-381
16195,telomerase,tmRNA,tmRNA_Yers.pest._CP000305_1-364
16196,telomerase,tmRNA,tmRNA_envi.sequ._TRW-204433_1-356
16197,telomerase,tmRNA,tmRNA_envi.sequ._TRW-259292_1-355
16198,telomerase,tmRNA,tmRNA_envi.sequ._TRW-32045-1_1-355
16199,telomerase,tmRNA,tmRNA_envi.sequ._TRW-32045-2_1-345
16200,telomerase,tmRNA,tmRNA_uncu.bact._TRW-32033-1_1-354
16201,telomerase,tmRNA,tmRNA_uncu.bact._TRW-32045-4_1-369
16202,tmRNA,16s,16s_A.fulgidus_domain2
16203,tmRNA,16s,16s_A.fulgidus_domain3
16204,tmRNA,16s,16s_A.fulgidus_domain4
16205,tmRNA,16s,16s_A.pyrophilus_domain2
16206,tmRNA,16s,16s_A.pyrophilus_domain4
16207,tmRNA,16s,16s_B.burgdorferi_domain2
16208,tmRNA,16s,16s_B.burgdorferi_domain3
16209,tmRNA,16s,16s_B.burgdorferi_domain4
16210,tmRNA,16s,16s_B.subtilis_domain2
16211,tmRNA,16s,16s_B.subtilis_domain3
16212,tmRNA,16s,16s_B.subtilis_domain4
16213,tmRNA,16s,16s_C.elegans_domain1
16214,tmRNA,16s,16s_C.elegans_domain2
16215,tmRNA,16s,16s_C.elegans_domain3
16216,tmRNA,16s,16s_C.elegans_domain4
16217,tmRNA,16s,16s_C.psittaci_domain2
16218,tmRNA,16s,16s_C.psittaci_domain3
16219,tmRNA,16s,16s_C.psittaci_domain4
16220,tmRNA,16s,16s_C.reinhardtii.chloro_domain1
16221,tmRNA,16s,16s_C.reinhardtii.chloro_domain2
16222,tmRNA,16s,16s_C.reinhardtii.chloro_domain3
16223,tmRNA,16s,16s_C.reinhardtii.chloro_domain4
16224,tmRNA,16s,16s_C.reinhardtii.mito_domain1
16225,tmRNA,16s,16s_C.reinhardtii.mito_domain2
16226,tmRNA,16s,16s_C.reinhardtii.mito_domain3
16227,tmRNA,16s,16s_C.reinhardtii.mito_domain4
16228,tmRNA,16s,16s_D.melanogaster_domain4
16229,tmRNA,16s,16s_E.coli_domain2
16230,tmRNA,16s,16s_E.coli_domain3
16231,tmRNA,16s,16s_E.coli_domain4
16232,tmRNA,16s,16s_F.ananassa_domain3
16233,tmRNA,16s,16s_F.ananassa_domain4
16234,tmRNA,16s,16s_G.intestinalis_domain1
16235,tmRNA,16s,16s_G.intestinalis_domain2
16236,tmRNA,16s,16s_G.intestinalis_domain3
16237,tmRNA,16s,16s_G.intestinalis_domain4
16238,tmRNA,16s,16s_H.sapiens.mito_domain1
16239,tmRNA,16s,16s_H.sapiens.mito_domain2
16240,tmRNA,16s,16s_H.sapiens.mito_domain3
16241,tmRNA,16s,16s_H.sapiens.mito_domain4
16242,tmRNA,16s,16s_H.sapiens_domain3
16243,tmRNA,16s,16s_H.sapiens_domain4
16244,tmRNA,16s,16s_H.volcanii_domain1
16245,tmRNA,16s,16s_H.volcanii_domain2
16246,tmRNA,16s,16s_H.volcanii_domain3
16247,tmRNA,16s,16s_H.volcanii_domain4
16248,tmRNA,16s,16s_M.polymorpha_domain2
16249,tmRNA,16s,16s_M.polymorpha_domain3
16250,tmRNA,16s,16s_M.polymorpha_domain4
16251,tmRNA,16s,16s_P.occultum_domain2
16252,tmRNA,16s,16s_P.occultum_domain3
16253,tmRNA,16s,16s_P.occultum_domain4
16254,tmRNA,16s,16s_P.staleyi_domain2
16255,tmRNA,16s,16s_P.staleyi_domain3
16256,tmRNA,16s,16s_P.staleyi_domain4
16257,tmRNA,16s,16s_S.cerevisiae_domain3
16258,tmRNA,16s,16s_S.cerevisiae_domain4
16259,tmRNA,16s,16s_T.gondii_domain3
16260,tmRNA,16s,16s_T.gondii_domain4
16261,tmRNA,16s,16s_T.maritima_domain2
16262,tmRNA,16s,16s_T.maritima_domain3
16263,tmRNA,16s,16s_T.maritima_domain4
16264,tmRNA,16s,16s_Z.mays_domain1
16265,tmRNA,16s,16s_Z.mays_domain2
16266,tmRNA,16s,16s_Z.mays_domain3
16267,tmRNA,16s,16s_Z.mays_domain4
16268,tmRNA,16s,16s_A.fulgidus_domain2
16269,tmRNA,16s,16s_A.fulgidus_domain3
16270,tmRNA,16s,16s_A.fulgidus_domain4
16271,tmRNA,16s,16s_A.pyrophilus_domain2
16272,tmRNA,16s,16s_A.pyrophilus_domain4
16273,tmRNA,16s,16s_B.burgdorferi_domain2
16274,tmRNA,16s,16s_B.burgdorferi_domain3
16275,tmRNA,16s,16s_B.burgdorferi_domain4
16276,tmRNA,16s,16s_B.subtilis_domain2
16277,tmRNA,16s,16s_B.subtilis_domain3
16278,tmRNA,16s,16s_B.subtilis_domain4
16279,tmRNA,16s,16s_C.elegans_domain1
16280,tmRNA,16s,16s_C.elegans_domain2
16281,tmRNA,16s,16s_C.elegans_domain3
16282,tmRNA,16s,16s_C.elegans_domain4
16283,tmRNA,16s,16s_C.psittaci_domain2
16284,tmRNA,16s,16s_C.psittaci_domain3
16285,tmRNA,16s,16s_C.psittaci_domain4
16286,tmRNA,16s,16s_C.reinhardtii.chloro_domain1
16287,tmRNA,16s,16s_C.reinhardtii.chloro_domain2
16288,tmRNA,16s,16s_C.reinhardtii.chloro_domain3
16289,tmRNA,16s,16s_C.reinhardtii.chloro_domain4
16290,tmRNA,16s,16s_C.reinhardtii.mito_domain1
16291,tmRNA,16s,16s_C.reinhardtii.mito_domain2
16292,tmRNA,16s,16s_C.reinhardtii.mito_domain3
16293,tmRNA,16s,16s_C.reinhardtii.mito_domain4
16294,tmRNA,16s,16s_D.melanogaster_domain4
16295,tmRNA,16s,16s_E.coli_domain2
16296,tmRNA,16s,16s_E.coli_domain3
16297,tmRNA,16s,16s_E.coli_domain4
16298,tmRNA,16s,16s_F.ananassa_domain3
16299,tmRNA,16s,16s_F.ananassa_domain4
16300,tmRNA,16s,16s_G.intestinalis_domain1
16301,tmRNA,16s,16s_G.intestinalis_domain2
16302,tmRNA,16s,16s_G.intestinalis_domain3
16303,tmRNA,16s,16s_G.intestinalis_domain4
16304,tmRNA,16s,16s_H.sapiens.mito_domain1
16305,tmRNA,16s,16s_H.sapiens.mito_domain2
16306,tmRNA,16s,16s_H.sapiens.mito_domain3
16307,tmRNA,16s,16s_H.sapiens.mito_domain4
16308,tmRNA,16s,16s_H.sapiens_domain3
16309,tmRNA,16s,16s_H.sapiens_domain4
16310,tmRNA,16s,16s_H.volcanii_domain1
16311,tmRNA,16s,16s_H.volcanii_domain2
16312,tmRNA,16s,16s_H.volcanii_domain3
16313,tmRNA,16s,16s_H.volcanii_domain4
16314,tmRNA,16s,16s_M.polymorpha_domain2
16315,tmRNA,16s,16s_M.polymorpha_domain3
16316,tmRNA,16s,16s_M.polymorpha_domain4
16317,tmRNA,16s,16s_P.occultum_domain2
16318,tmRNA,16s,16s_P.occultum_domain3
16319,tmRNA,16s,16s_P.occultum_domain4
16320,tmRNA,16s,16s_P.staleyi_domain2
16321,tmRNA,16s,16s_P.staleyi_domain3
16322,tmRNA,16s,16s_P.staleyi_domain4
16323,tmRNA,16s,16s_S.cerevisiae_domain3
16324,tmRNA,16s,16s_S.cerevisiae_domain4
16325,tmRNA,16s,16s_T.gondii_domain3
16326,tmRNA,16s,16s_T.gondii_domain4
16327,tmRNA,16s,16s_T.maritima_domain2
16328,tmRNA,16s,16s_T.maritima_domain3
16329,tmRNA,16s,16s_T.maritima_domain4
16330,tmRNA,16s,16s_Z.mays_domain1
16331,tmRNA,16s,16s_Z.mays_domain2
16332,tmRNA,16s,16s_Z.mays_domain3
16333,tmRNA,16s,16s_Z.mays_domain4
16334,tmRNA,16s,16s_A.fulgidus_domain2
16335,tmRNA,16s,16s_A.fulgidus_domain3
16336,tmRNA,16s,16s_A.fulgidus_domain4
16337,tmRNA,16s,16s_A.pyrophilus_domain2
16338,tmRNA,16s,16s_A.pyrophilus_domain4
16339,tmRNA,16s,16s_B.burgdorferi_domain2
16340,tmRNA,16s,16s_B.burgdorferi_domain3
16341,tmRNA,16s,16s_B.burgdorferi_domain4
16342,tmRNA,16s,16s_B.subtilis_domain2
16343,tmRNA,16s,16s_B.subtilis_domain3
16344,tmRNA,16s,16s_B.subtilis_domain4
16345,tmRNA,16s,16s_C.elegans_domain1
16346,tmRNA,16s,16s_C.elegans_domain2
16347,tmRNA,16s,16s_C.elegans_domain3
16348,tmRNA,16s,16s_C.elegans_domain4
16349,tmRNA,16s,16s_C.psittaci_domain2
16350,tmRNA,16s,16s_C.psittaci_domain3
16351,tmRNA,16s,16s_C.psittaci_domain4
16352,tmRNA,16s,16s_C.reinhardtii.chloro_domain1
16353,tmRNA,16s,16s_C.reinhardtii.chloro_domain2
16354,tmRNA,16s,16s_C.reinhardtii.chloro_domain3
16355,tmRNA,16s,16s_C.reinhardtii.chloro_domain4
16356,tmRNA,16s,16s_C.reinhardtii.mito_domain1
16357,tmRNA,16s,16s_C.reinhardtii.mito_domain2
16358,tmRNA,16s,16s_C.reinhardtii.mito_domain3
16359,tmRNA,16s,16s_C.reinhardtii.mito_domain4
16360,tmRNA,16s,16s_D.melanogaster_domain4
16361,tmRNA,16s,16s_E.coli_domain2
16362,tmRNA,16s,16s_E.coli_domain3
16363,tmRNA,16s,16s_E.coli_domain4
16364,tmRNA,16s,16s_F.ananassa_domain3
16365,tmRNA,16s,16s_F.ananassa_domain4
16366,tmRNA,16s,16s_G.intestinalis_domain1
16367,tmRNA,16s,16s_G.intestinalis_domain2
16368,tmRNA,16s,16s_G.intestinalis_domain3
16369,tmRNA,16s,16s_G.intestinalis_domain4
16370,tmRNA,16s,16s_H.sapiens.mito_domain1
16371,tmRNA,16s,16s_H.sapiens.mito_domain2
16372,tmRNA,16s,16s_H.sapiens.mito_domain3
16373,tmRNA,16s,16s_H.sapiens.mito_domain4
16374,tmRNA,16s,16s_H.sapiens_domain3
16375,tmRNA,16s,16s_H.sapiens_domain4
16376,tmRNA,16s,16s_H.volcanii_domain1
16377,tmRNA,16s,16s_H.volcanii_domain2
16378,tmRNA,16s,16s_H.volcanii_domain3
16379,tmRNA,16s,16s_H.volcanii_domain4
16380,tmRNA,16s,16s_M.polymorpha_domain2
16381,tmRNA,16s,16s_M.polymorpha_domain3
16382,tmRNA,16s,16s_M.polymorpha_domain4
16383,tmRNA,16s,16s_P.occultum_domain2
16384,tmRNA,16s,16s_P.occultum_domain3
16385,tmRNA,16s,16s_P.occultum_domain4
16386,tmRNA,16s,16s_P.staleyi_domain2
16387,tmRNA,16s,16s_P.staleyi_domain3
16388,tmRNA,16s,16s_P.staleyi_domain4
16389,tmRNA,16s,16s_S.cerevisiae_domain3
16390,tmRNA,16s,16s_S.cerevisiae_domain4
16391,tmRNA,16s,16s_T.gondii_domain3
16392,tmRNA,16s,16s_T.gondii_domain4
16393,tmRNA,16s,16s_T.maritima_domain2
16394,tmRNA,16s,16s_T.maritima_domain3
16395,tmRNA,16s,16s_T.maritima_domain4
16396,tmRNA,16s,16s_Z.mays_domain1
16397,tmRNA,16s,16s_Z.mays_domain2
16398,tmRNA,16s,16s_Z.mays_domain3
16399,tmRNA,16s,16s_Z.mays_domain4
16400,tmRNA,16s,16s_A.fulgidus_domain2
16401,tmRNA,16s,16s_A.fulgidus_domain3
16402,tmRNA,23s,23s_B.subtilis_domain3
16403,tmRNA,23s,23s_B.subtilis_domain4
16404,tmRNA,23s,23s_B.subtilis_domain6
16405,tmRNA,23s,23s_E.coli_domain3
16406,tmRNA,23s,23s_E.coli_domain4
16407,tmRNA,23s,23s_E.coli_domain6
16408,tmRNA,23s,23s_H.pylori_domain3
16409,tmRNA,23s,23s_H.pylori_domain4
16410,tmRNA,23s,23s_H.pylori_domain6
16411,tmRNA,23s,23s_S.aureus_domain3
16412,tmRNA,23s,23s_S.aureus_domain4
16413,tmRNA,23s,23s_S.aureus_domain6
16414,tmRNA,23s,23s_T.thermophilus_domain3
16415,tmRNA,23s,23s_T.thermophilus_domain4
16416,tmRNA,23s,23s_T.thermophilus_domain6
16417,tmRNA,23s,23s_B.subtilis_domain3
16418,tmRNA,23s,23s_B.subtilis_domain4
16419,tmRNA,23s,23s_B.subtilis_domain6
16420,tmRNA,23s,23s_E.coli_domain3
16421,tmRNA,23s,23s_E.coli_domain4
16422,tmRNA,23s,23s_E.coli_domain6
16423,tmRNA,23s,23s_H.pylori_domain3
16424,tmRNA,23s,23s_H.pylori_domain4
16425,tmRNA,23s,23s_H.pylori_domain6
16426,tmRNA,23s,23s_S.aureus_domain3
16427,tmRNA,23s,23s_S.aureus_domain4
16428,tmRNA,23s,23s_S.aureus_domain6
16429,tmRNA,23s,23s_T.thermophilus_domain3
16430,tmRNA,23s,23s_T.thermophilus_domain4
16431,tmRNA,23s,23s_T.thermophilus_domain6
16432,tmRNA,23s,23s_B.subtilis_domain3
16433,tmRNA,23s,23s_B.subtilis_domain4
16434,tmRNA,23s,23s_B.subtilis_domain6
16435,tmRNA,23s,23s_E.coli_domain3
16436,tmRNA,23s,23s_E.coli_domain4
16437,tmRNA,23s,23s_E.coli_domain6
16438,tmRNA,23s,23s_H.pylori_domain3
16439,tmRNA,23s,23s_H.pylori_domain4
16440,tmRNA,23s,23s_H.pylori_domain6
16441,tmRNA,23s,23s_S.aureus_domain3
16442,tmRNA,23s,23s_S.aureus_domain4
16443,tmRNA,23s,23s_S.aureus_domain6
16444,tmRNA,23s,23s_T.thermophilus_domain3
16445,tmRNA,23s,23s_T.thermophilus_domain4
16446,tmRNA,23s,23s_T.thermophilus_domain6
16447,tmRNA,23s,23s_B.subtilis_domain3
16448,tmRNA,23s,23s_B.subtilis_domain4
16449,tmRNA,23s,23s_B.subtilis_domain6
16450,tmRNA,23s,23s_E.coli_domain3
16451,tmRNA,23s,23s_E.coli_domain4
16452,tmRNA,23s,23s_E.coli_domain6
16453,tmRNA,23s,23s_H.pylori_domain3
16454,tmRNA,23s,23s_H.pylori_domain4
16455,tmRNA,23s,23s_H.pylori_domain6
16456,tmRNA,23s,23s_S.aureus_domain3
16457,tmRNA,23s,23s_S.aureus_domain4
16458,tmRNA,23s,23s_S.aureus_domain6
16459,tmRNA,23s,23s_T.thermophilus_domain3
16460,tmRNA,23s,23s_T.thermophilus_domain4
16461,tmRNA,23s,23s_T.thermophilus_domain6
16462,tmRNA,23s,23s_B.subtilis_domain3
16463,tmRNA,23s,23s_B.subtilis_domain4
16464,tmRNA,23s,23s_B.subtilis_domain6
16465,tmRNA,23s,23s_E.coli_domain3
16466,tmRNA,23s,23s_E.coli_domain4
16467,tmRNA,23s,23s_E.coli_domain6
16468,tmRNA,23s,23s_H.pylori_domain3
16469,tmRNA,23s,23s_H.pylori_domain4
16470,tmRNA,23s,23s_H.pylori_domain6
16471,tmRNA,23s,23s_S.aureus_domain3
16472,tmRNA,23s,23s_S.aureus_domain4
16473,tmRNA,23s,23s_S.aureus_domain6
16474,tmRNA,23s,23s_T.thermophilus_domain3
16475,tmRNA,23s,23s_T.thermophilus_domain4
16476,tmRNA,23s,23s_T.thermophilus_domain6
16477,tmRNA,23s,23s_B.subtilis_domain3
16478,tmRNA,23s,23s_B.subtilis_domain4
16479,tmRNA,23s,23s_B.subtilis_domain6
16480,tmRNA,23s,23s_E.coli_domain3
16481,tmRNA,23s,23s_E.coli_domain4
16482,tmRNA,23s,23s_E.coli_domain6
16483,tmRNA,23s,23s_H.pylori_domain3
16484,tmRNA,23s,23s_H.pylori_domain4
16485,tmRNA,23s,23s_H.pylori_domain6
16486,tmRNA,23s,23s_S.aureus_domain3
16487,tmRNA,23s,23s_S.aureus_domain4
16488,tmRNA,23s,23s_S.aureus_domain6
16489,tmRNA,23s,23s_T.thermophilus_domain3
16490,tmRNA,23s,23s_T.thermophilus_domain4
16491,tmRNA,23s,23s_T.thermophilus_domain6
16492,tmRNA,23s,23s_B.subtilis_domain3
16493,tmRNA,23s,23s_B.subtilis_domain4
16494,tmRNA,23s,23s_B.subtilis_domain6
16495,tmRNA,23s,23s_E.coli_domain3
16496,tmRNA,23s,23s_E.coli_domain4
16497,tmRNA,23s,23s_E.coli_domain6
16498,tmRNA,23s,23s_H.pylori_domain3
16499,tmRNA,23s,23s_H.pylori_domain4
16500,tmRNA,23s,23s_H.pylori_domain6
16501,tmRNA,23s,23s_S.aureus_domain3
16502,tmRNA,23s,23s_S.aureus_domain4
16503,tmRNA,23s,23s_S.aureus_domain6
16504,tmRNA,23s,23s_T.thermophilus_domain3
16505,tmRNA,23s,23s_T.thermophilus_domain4
16506,tmRNA,23s,23s_T.thermophilus_domain6
16507,tmRNA,23s,23s_B.subtilis_domain3
16508,tmRNA,23s,23s_B.subtilis_domain4
16509,tmRNA,23s,23s_B.subtilis_domain6
16510,tmRNA,23s,23s_E.coli_domain3
16511,tmRNA,23s,23s_E.coli_domain4
16512,tmRNA,23s,23s_E.coli_domain6
16513,tmRNA,23s,23s_H.pylori_domain3
16514,tmRNA,23s,23s_H.pylori_domain4
16515,tmRNA,23s,23s_H.pylori_domain6
16516,tmRNA,23s,23s_S.aureus_domain3
16517,tmRNA,23s,23s_S.aureus_domain4
16518,tmRNA,23s,23s_S.aureus_domain6
16519,tmRNA,23s,23s_T.thermophilus_domain3
16520,tmRNA,23s,23s_T.thermophilus_domain4
16521,tmRNA,23s,23s_T.thermophilus_domain6
16522,tmRNA,23s,23s_B.subtilis_domain3
16523,tmRNA,23s,23s_B.subtilis_domain4
16524,tmRNA,23s,23s_B.subtilis_domain6
16525,tmRNA,23s,23s_E.coli_domain3
16526,tmRNA,23s,23s_E.coli_domain4
16527,tmRNA,23s,23s_E.coli_domain6
16528,tmRNA,23s,23s_H.pylori_domain3
16529,tmRNA,23s,23s_H.pylori_domain4
16530,tmRNA,23s,23s_H.pylori_domain6
16531,tmRNA,23s,23s_S.aureus_domain3
16532,tmRNA,23s,23s_S.aureus_domain4
16533,tmRNA,23s,23s_S.aureus_domain6
16534,tmRNA,23s,23s_T.thermophilus_domain3
16535,tmRNA,23s,23s_T.thermophilus_domain4
16536,tmRNA,23s,23s_T.thermophilus_domain6
16537,tmRNA,23s,23s_B.subtilis_domain3
16538,tmRNA,23s,23s_B.subtilis_domain4
16539,tmRNA,23s,23s_B.subtilis_domain6
16540,tmRNA,23s,23s_E.coli_domain3
16541,tmRNA,23s,23s_E.coli_domain4
16542,tmRNA,23s,23s_E.coli_domain6
16543,tmRNA,23s,23s_H.pylori_domain3
16544,tmRNA,23s,23s_H.pylori_domain4
16545,tmRNA,23s,23s_H.pylori_domain6
16546,tmRNA,23s,23s_S.aureus_domain3
16547,tmRNA,23s,23s_S.aureus_domain4
16548,tmRNA,23s,23s_S.aureus_domain6
16549,tmRNA,23s,23s_T.thermophilus_domain3
16550,tmRNA,23s,23s_T.thermophilus_domain4
16551,tmRNA,23s,23s_T.thermophilus_domain6
16552,tmRNA,23s,23s_B.subtilis_domain3
16553,tmRNA,23s,23s_B.subtilis_domain4
16554,tmRNA,23s,23s_B.subtilis_domain6
16555,tmRNA,23s,23s_E.coli_domain3
16556,tmRNA,23s,23s_E.coli_domain4
16557,tmRNA,23s,23s_E.coli_domain6
16558,tmRNA,23s,23s_H.pylori_domain3
16559,tmRNA,23s,23s_H.pylori_domain4
16560,tmRNA,23s,23s_H.pylori_domain6
16561,tmRNA,23s,23s_S.aureus_domain3
16562,tmRNA,23s,23s_S.aureus_domain4
16563,tmRNA,23s,23s_S.aureus_domain6
16564,tmRNA,23s,23s_T.thermophilus_domain3
16565,tmRNA,23s,23s_T.thermophilus_domain4
16566,tmRNA,23s,23s_T.thermophilus_domain6
16567,tmRNA,23s,23s_B.subtilis_domain3
16568,tmRNA,23s,23s_B.subtilis_domain4
16569,tmRNA,23s,23s_B.subtilis_domain6
16570,tmRNA,23s,23s_E.coli_domain3
16571,tmRNA,23s,23s_E.coli_domain4
16572,tmRNA,23s,23s_E.coli_domain6
16573,tmRNA,23s,23s_H.pylori_domain3
16574,tmRNA,23s,23s_H.pylori_domain4
16575,tmRNA,23s,23s_H.pylori_domain6
16576,tmRNA,23s,23s_S.aureus_domain3
16577,tmRNA,23s,23s_S.aureus_domain4
16578,tmRNA,23s,23s_S.aureus_domain6
16579,tmRNA,23s,23s_T.thermophilus_domain3
16580,tmRNA,23s,23s_T.thermophilus_domain4
16581,tmRNA,23s,23s_T.thermophilus_domain6
16582,tmRNA,23s,23s_B.subtilis_domain3
16583,tmRNA,23s,23s_B.subtilis_domain4
16584,tmRNA,23s,23s_B.subtilis_domain6
16585,tmRNA,23s,23s_E.coli_domain3
16586,tmRNA,23s,23s_E.coli_domain4
16587,tmRNA,23s,23s_E.coli_domain6
16588,tmRNA,23s,23s_H.pylori_domain3
16589,tmRNA,23s,23s_H.pylori_domain4
16590,tmRNA,23s,23s_H.pylori_domain6
16591,tmRNA,23s,23s_S.aureus_domain3
16592,tmRNA,23s,23s_S.aureus_domain4
16593,tmRNA,23s,23s_S.aureus_domain6
16594,tmRNA,23s,23s_T.thermophilus_domain3
16595,tmRNA,23s,23s_T.thermophilus_domain4
16596,tmRNA,23s,23s_T.thermophilus_domain6
16597,tmRNA,23s,23s_B.subtilis_domain3
16598,tmRNA,23s,23s_B.subtilis_domain4
16599,tmRNA,23s,23s_B.subtilis_domain6
16600,tmRNA,23s,23s_E.coli_domain3
16601,tmRNA,23s,23s_E.coli_domain4
16602,tmRNA,5s,5s_Acanthamoeba-castellanii-2
16603,tmRNA,5s,5s_Acholeplasma-laidlawii-2
16604,tmRNA,5s,5s_Achromobacter-xylosoxidans-1
16605,tmRNA,5s,5s_Acidiphilium-acidophilum-1
16606,tmRNA,5s,5s_Acinetobacter-sp.-1
16607,tmRNA,5s,5s_Acinetospora-crinita-1
16608,tmRNA,5s,5s_Acremonium-chrysogenum-1
16609,tmRNA,5s,5s_Agaricus-edulis-1
16610,tmRNA,5s,5s_Agrobacterium-tumefaciens-6
16611,tmRNA,5s,5s_Akkesiphycus-lubricum-1
16612,tmRNA,5s,5s_Amycolatopsis-lactamdurans-1
16613,tmRNA,5s,5s_Ancylobacter-aquaticus-1
16614,tmRNA,5s,5s_Andrias-japonicus-1
16615,tmRNA,5s,5s_Antheraea-pernyi-1
16616,tmRNA,5s,5s_Aquifex-aeolicus-1
16617,tmRNA,5s,5s_Archaeoglobus-fulgidus-1
16618,tmRNA,5s,5s_Artemia-sp.-4
16619,tmRNA,5s,5s_Arthrobacter-polychromogenes-1
16620,tmRNA,5s,5s_Asellus-aquaticus-2
16621,tmRNA,5s,5s_Asterina-pectinifera-1
16622,tmRNA,5s,5s_Auricularia-auricula-judae-1
16623,tmRNA,5s,5s_Azotobacter-vinelandii-1
16624,tmRNA,5s,5s_Bacillus-anthracis-10
16625,tmRNA,5s,5s_Bacillus-anthracis-6
16626,tmRNA,5s,5s_Bacillus-clausii-1
16627,tmRNA,5s,5s_Bacillus-firmus-1
16628,tmRNA,5s,5s_Bacillus-halodurans-4
16629,tmRNA,5s,5s_Bacillus-thuringiensis-1
16630,tmRNA,5s,5s_Bacteroides-fragilis-3
16631,tmRNA,5s,5s_Bacteroides-fragilis-4
16632,tmRNA,5s,5s_Bacteroides-fragilis-6
16633,tmRNA,5s,5s_Bartonella-henselae-1
16634,tmRNA,5s,5s_Bifidobacterium-longum-1
16635,tmRNA,5s,5s_Bifidobacterium-longum-3
16636,tmRNA,5s,5s_Blakeslea-trispora-1
16637,tmRNA,5s,5s_Blastocladiella-simplex-1
16638,tmRNA,5s,5s_Blepharisma-japonicum-1
16639,tmRNA,5s,5s_Bombyx-mori-1
16640,tmRNA,5s,5s_Bombyx-mori-2
16641,tmRNA,5s,5s_Brachionus-plicatilis-1
16642,tmRNA,5s,5s_Brevibacillus-brevis-1
16643,tmRNA,5s,5s_Brevibacterium-helvolum-1
16644,tmRNA,5s,5s_C_paradoxE
16645,tmRNA,5s,5s_Caenorhabditis-briggsae-1
16646,tmRNA,5s,5s_Caenorhabditis-elegans-3
16647,tmRNA,5s,5s_Campylobacter-jejuni-3
16648,tmRNA,5s,5s_Cancer-pagurus-1
16649,tmRNA,5s,5s_Candidatus-Tremblaya-princeps-1
16650,tmRNA,5s,5s_Caulobacter-sp.-5
16651,tmRNA,5s,5s_Caulobacter-sp.-6
16652,tmRNA,5s,5s_Cellulomonas-biazotea-1
16653,tmRNA,5s,5s_Chlamydophila-abortus-1
16654,tmRNA,5s,5s_Clostridium-acetobutylicum-5
16655,tmRNA,5s,5s_Coprinopsis-cinerea-1
16656,tmRNA,5s,5s_Corynebacterium-glutamicum-1
16657,tmRNA,5s,5s_Corynebacterium-glutamicum-2
16658,tmRNA,5s,5s_Cryptococcus-humicola-1
16659,tmRNA,5s,5s_Cryptomonas-paramecium-1
16660,tmRNA,5s,5s_Cyclidiopsis-acus-1
16661,tmRNA,5s,5s_Cystobacter-fuscus-1
16662,tmRNA,5s,5s_Delftia-acidovorans-1
16663,tmRNA,5s,5s_Dipsacomyces-acuminosporus-1
16664,tmRNA,5s,5s_Dirofilaria-immitis-1
16665,tmRNA,5s,5s_Drosophila-teissieri-1
16666,tmRNA,5s,5s_Dugesia-japonica-1
16667,tmRNA,5s,5s_Dugesia-japonica-2
16668,tmRNA,5s,5s_E_glandulE
16669,tmRNA,5s,5s_Eimeria-tenella-1
16670,tmRNA,5s,5s_Eisenia-bicyclis-1
16671,tmRNA,5s,5s_Emericella-nidulans-3
16672,tmRNA,5s,5s_Emericella-nidulans-7
16673,tmRNA,5s,5s_Emericella-nidulans-8
16674,tmRNA,5s,5s_Empedobacter-brevis-1
16675,tmRNA,5s,5s_Escherichia-coli-11
16676,tmRNA,5s,5s_Escherichia-coli-14
16677,tmRNA,5s,5s_Escherichia-coli-3
16678,tmRNA,5s,5s_Escherichia-coli-6
16679,tmRNA,5s,5s_Exidia-glandulosa-1
16680,tmRNA,5s,5s_Filobasidiella-depauperata-1
16681,tmRNA,5s,5s_Filobasidium-capsuligenum-1
16682,tmRNA,5s,5s_Fusarium-asiaticum-7
16683,tmRNA,5s,5s_Fusarium-lunulosporum-3
16684,tmRNA,5s,5s_Fusarium-lunulosporum-5
16685,tmRNA,5s,5s_Fusarium-pseudograminearum-1
16686,tmRNA,5s,5s_Fusarium-pseudograminearum-6
16687,tmRNA,5s,5s_Fusarium-sporotrichioides-1
16688,tmRNA,5s,5s_Fusobacterium-nucleatum-2
16689,tmRNA,5s,5s_Fusobacterium-nucleatum-4
16690,tmRNA,5s,5s_Gallus-gallus-1
16691,tmRNA,5s,5s_Gelidium-amansii-1
16692,tmRNA,5s,5s_Gelidium-amansii-2
16693,tmRNA,5s,5s_Geobacillus-stearothermophilus-2
16694,tmRNA,5s,5s_Ginkgo-biloba-1
16695,tmRNA,5s,5s_Grimontia-hollisae-1
16696,tmRNA,5s,5s_Haloarcula-marismortui-2
16697,tmRNA,5s,5s_Halococcus-morrhuae-2
16698,tmRNA,5s,5s_Haloferax-volcanii-2
16699,tmRNA,5s,5s_Halorubrum-distributum-4
16700,tmRNA,5s,5s_Helicobacter-pylori-3
16701,tmRNA,5s,5s_Hyphomicrobium-sp.-3
16702,tmRNA,5s,5s_Hyphomicrobium-sp.-5
16703,tmRNA,5s,5s_Hyphomonas-oligotropha-1
16704,tmRNA,5s,5s_Idiomarina-loihiensis-1
16705,tmRNA,5s,5s_Illex-illecebrosus-1
16706,tmRNA,5s,5s_Juniperus-media-1
16707,tmRNA,5s,5s_Kluyveromyces-delphensis-1
16708,tmRNA,5s,5s_Kondoa-malvinella-1
16709,tmRNA,5s,5s_Kutzneria-viridogrisea-1
16710,tmRNA,5s,5s_Lentinula-edodes-2
16711,tmRNA,5s,5s_Locusta-migratoria-1
16712,tmRNA,5s,5s_Microbacterium-testaceum-1
16713,tmRNA,5s,5s_Microtetraspora-glauca-1
16714,tmRNA,5s,5s_Mycobacterium-tuberculosis-3
16715,tmRNA,5s,5s_Mycoplasma-gallisepticum-1
16716,tmRNA,5s,5s_Mycoplasma-genitalium-1
16717,tmRNA,5s,5s_Mycoplasma-penetrans-1
16718,tmRNA,5s,5s_Mycoplasma-pneumoniae-1
16719,tmRNA,5s,5s_Myxococcus-coralloides-1
16720,tmRNA,5s,5s_Neurospora-crassa-12
16721,tmRNA,5s,5s_Neurospora-crassa-15
16722,tmRNA,5s,5s_Neurospora-crassa-2
16723,tmRNA,5s,5s_Nitrobacter-winogradskyi-1
16724,tmRNA,5s,5s_Notophthalmus-viridescens-1
16725,tmRNA,5s,5s_Oerskovia-turbata-1
16726,tmRNA,5s,5s_Paenibacillus-popilliae-1
16727,tmRNA,5s,5s_Paracentrotus-lividus-2
16728,tmRNA,5s,5s_Parachlamydia-sp.-1
16729,tmRNA,5s,5s_Paramecium-tetraurelia-1
16730,tmRNA,5s,5s_Photobacterium-profundum-3
16731,tmRNA,5s,5s_Pichia-jadinii-2
16732,tmRNA,5s,5s_Pinus-contorta-1
16733,tmRNA,5s,5s_Pirellula-sp.-1
16734,tmRNA,5s,5s_Pirellula-sp.-2
16735,tmRNA,5s,5s_Plasmodium-falciparum-1
16736,tmRNA,5s,5s_Pneumocystis-carinii-1
16737,tmRNA,5s,5s_Prasinocladus-sp.-1
16738,tmRNA,5s,5s_Propionibacterium-acnes-1
16739,tmRNA,5s,5s_Pseudomonas-aeruginosa-1
16740,tmRNA,5s,5s_Pseudomonas-aeruginosa-2
16741,tmRNA,5s,5s_Pseudomonas-fluorescens-2
16742,tmRNA,5s,5s_Pseudomonas-fluorescens-4
16743,tmRNA,5s,5s_Pseudomonas-stutzeri-2
16744,tmRNA,5s,5s_Puccinia-poarum-1
16745,tmRNA,5s,5s_Puccinia-suaveolens-1
16746,tmRNA,5s,5s_Pyrococcus-horikoshii-1
16747,tmRNA,5s,5s_Pyrococcus-woesei-1
16748,tmRNA,5s,5s_Pythium-torulosum-1
16749,tmRNA,5s,5s_Ralstonia-solanacearum-1
16750,tmRNA,5s,5s_Ralstonia-solanacearum-2
16751,tmRNA,5s,5s_Rhodobacter-sphaeroides-2
16752,tmRNA,5s,5s_Rhodococcus-erythropolis-2
16753,tmRNA,5s,5s_Rhodopseudomonas-palustris-2
16754,tmRNA,5s,5s_Roseococcus-thiosulfatophilus-1
16755,tmRNA,5s,5s_Roseococcus-thiosulfatophilus-2
16756,tmRNA,5s,5s_Rumex-acetosa-1
16757,tmRNA,5s,5s_Sabellastarte-japonica-1
16758,tmRNA,5s,5s_Saccharothrix-mutabilis-1
16759,tmRNA,5s,5s_Salmonella-typhi-1
16760,tmRNA,5s,5s_Saprolegnia-ferax-1
16761,tmRNA,5s,5s_Schizosaccharomyces-pombe-1
16762,tmRNA,5s,5s_Shewanella-oneidensis-1
16763,tmRNA,5s,5s_Spirobolus-sp-1
16764,tmRNA,5s,5s_Sporolactobacillus-nakayamae-1
16765,tmRNA,5s,5s_Staphylococcus-aureus-1
16766,tmRNA,5s,5s_Streptococcus-mutans-2
16767,tmRNA,5s,5s_Streptococcus-pyogenes-2
16768,tmRNA,5s,5s_Streptococcus-salivarius-1
16769,tmRNA,5s,5s_Streptomyces-avermitilis-4
16770,tmRNA,5s,5s_Streptomyces-coelicolor-1
16771,tmRNA,5s,5s_Streptomyces-lividans-1
16772,tmRNA,5s,5s_Streptomyces-rimosus-2
16773,tmRNA,5s,5s_Streptomyces-roseoverticillatus-1
16774,tmRNA,5s,5s_Streptomyces-violaceus-1
16775,tmRNA,5s,5s_T_cruziE
16776,tmRNA,5s,5s_Taxus-baccata-1
16777,tmRNA,5s,5s_Thermoactinomyces-vulgaris-1
16778,tmRNA,5s,5s_Thermomyces-lanuginosus-1
16779,tmRNA,5s,5s_Thermotoga-sp.-1
16780,tmRNA,5s,5s_Thermus-sp.-2
16781,tmRNA,5s,5s_Thermus-thermophilus-2
16782,tmRNA,5s,5s_Thiomonas-cuprina-1
16783,tmRNA,5s,5s_Thiothrix-nivea-1
16784,tmRNA,5s,5s_Thraustochytrium-visurgense-2
16785,tmRNA,5s,5s_Tremella-mesenterica-2
16786,tmRNA,5s,5s_Trimorphomyces-papilionaceus-1
16787,tmRNA,5s,5s_Ureaplasma-parvum-1
16788,tmRNA,5s,5s_Urechis-unicinctus-1
16789,tmRNA,5s,5s_Ustilago-maydis-1
16790,tmRNA,5s,5s_Ustilentyloma-fluitans-1
16791,tmRNA,5s,5s_Vibrio-cyclosites-1
16792,tmRNA,5s,5s_Vibrio-fluvialis-1
16793,tmRNA,5s,5s_Vibrio-harveyi-1
16794,tmRNA,5s,5s_Vibrio-nereis-1
16795,tmRNA,5s,5s_Vibrio-parahaemolyticus-3
16796,tmRNA,5s,5s_Vibrio-vulnificus-4
16797,tmRNA,5s,5s_Vitreoscilla-filiformis-1
16798,tmRNA,5s,5s_Vitreoscilla-stercoraria-1
16799,tmRNA,5s,5s_Xanthobacter-viscosus-1
16800,tmRNA,5s,5s_Yersinia-pestis-1
16801,tmRNA,5s,5s_uncultured-euryarchaeote-37F11-1
16802,tmRNA,RNaseP,RNaseP_A.ambivalens
16803,tmRNA,RNaseP,RNaseP_A.brierleyi
16804,tmRNA,RNaseP,RNaseP_A.chroococcum
16805,tmRNA,RNaseP,RNaseP_A.ferrooxidans
16806,tmRNA,RNaseP,RNaseP_A.ferrooxidans-g
16807,tmRNA,RNaseP,RNaseP_A.fulgidus
16808,tmRNA,RNaseP,RNaseP_A.laidlawii
16809,tmRNA,RNaseP,RNaseP_A.obstetricans
16810,tmRNA,RNaseP,RNaseP_A.salinestris-184
16811,tmRNA,RNaseP,RNaseP_Anabaena-ATCC29413
16812,tmRNA,RNaseP,RNaseP_B.brevis
16813,tmRNA,RNaseP,RNaseP_B.bronchiseptica
16814,tmRNA,RNaseP,RNaseP_B.hermsii
16815,tmRNA,RNaseP,RNaseP_B.megaterium
16816,tmRNA,RNaseP,RNaseP_B.pertussis
16817,tmRNA,RNaseP,RNaseP_B.stearothermophilus
16818,tmRNA,RNaseP,RNaseP_B.subtilis
16819,tmRNA,RNaseP,RNaseP_B.subtilis-g
16820,tmRNA,RNaseP,RNaseP_Buchnera-APS
16821,tmRNA,RNaseP,RNaseP_C.acetobutylicum
16822,tmRNA,RNaseP,RNaseP_C.crescentus
16823,tmRNA,RNaseP,RNaseP_C.jejuni
16824,tmRNA,RNaseP,RNaseP_C.limicola
16825,tmRNA,RNaseP,RNaseP_C.pneumoniae-AR39
16826,tmRNA,RNaseP,RNaseP_C.pneumoniae-CWL029
16827,tmRNA,RNaseP,RNaseP_C.sporogenes
16828,tmRNA,RNaseP,RNaseP_C.tepidum-g
16829,tmRNA,RNaseP,RNaseP_C.trachomatis-2
16830,tmRNA,RNaseP,RNaseP_C.trachomatis-D
16831,tmRNA,RNaseP,RNaseP_C.vinosum
16832,tmRNA,RNaseP,RNaseP_CPA49
16833,tmRNA,RNaseP,RNaseP_CPA54
16834,tmRNA,RNaseP,RNaseP_CPB139
16835,tmRNA,RNaseP,RNaseP_CPB74
16836,tmRNA,RNaseP,RNaseP_CPB7776
16837,tmRNA,RNaseP,RNaseP_CPB80
16838,tmRNA,RNaseP,RNaseP_CPB86
16839,tmRNA,RNaseP,RNaseP_D.desulfuricans
16840,tmRNA,RNaseP,RNaseP_D.jeanneae
16841,tmRNA,RNaseP,RNaseP_Dermocarpa-PCC7437
16842,tmRNA,RNaseP,RNaseP_E.agglomerulans
16843,tmRNA,RNaseP,RNaseP_E.coli
16844,tmRNA,RNaseP,RNaseP_E.eschscholtzii-2
16845,tmRNA,RNaseP,RNaseP_E.eschsholtzii
16846,tmRNA,RNaseP,RNaseP_E.faecalis
16847,tmRNA,RNaseP,RNaseP_E.faecalis-2
16848,tmRNA,RNaseP,RNaseP_E1B
16849,tmRNA,RNaseP,RNaseP_EM14b-9
16850,tmRNA,RNaseP,RNaseP_ERH
16851,tmRNA,RNaseP,RNaseP_ESH167F
16852,tmRNA,RNaseP,RNaseP_ESH20b-1
16853,tmRNA,RNaseP,RNaseP_ESH26-4
16854,tmRNA,RNaseP,RNaseP_ESH7-9
16855,tmRNA,RNaseP,RNaseP_Fischerella-UTEX1829
16856,tmRNA,RNaseP,RNaseP_G.gorilla
16857,tmRNA,RNaseP,RNaseP_H.aurantiacus
16858,tmRNA,RNaseP,RNaseP_H.chlorum-partial
16859,tmRNA,RNaseP,RNaseP_H.influenza
16860,tmRNA,RNaseP,RNaseP_H.pylori-26695
16861,tmRNA,RNaseP,RNaseP_H.pylori-48K
16862,tmRNA,RNaseP,RNaseP_H.pylori-J99
16863,tmRNA,RNaseP,RNaseP_H.pylori-RU1
16864,tmRNA,RNaseP,RNaseP_H.trapanicum
16865,tmRNA,RNaseP,RNaseP_I.calvum
16866,tmRNA,RNaseP,RNaseP_K.pneumoniae
16867,tmRNA,RNaseP,RNaseP_L.acidophilus
16868,tmRNA,RNaseP,RNaseP_L.japonicus-IFO15385
16869,tmRNA,RNaseP,RNaseP_LGA1
16870,tmRNA,RNaseP,RNaseP_LGB27
16871,tmRNA,RNaseP,RNaseP_LGB32
16872,tmRNA,RNaseP,RNaseP_LGB41
16873,tmRNA,RNaseP,RNaseP_LGW113
16874,tmRNA,RNaseP,RNaseP_LGW18
16875,tmRNA,RNaseP,RNaseP_LGW46
16876,tmRNA,RNaseP,RNaseP_M.barkeri
16877,tmRNA,RNaseP,RNaseP_M.bovis
16878,tmRNA,RNaseP,RNaseP_M.capricolum
16879,tmRNA,RNaseP,RNaseP_M.hyopneumoniae
16880,tmRNA,RNaseP,RNaseP_M.leprae
16881,tmRNA,RNaseP,RNaseP_M.luteus
16882,tmRNA,RNaseP,RNaseP_M.phosphovorus-JCM9380
16883,tmRNA,RNaseP,RNaseP_M.pneumoniae
16884,tmRNA,RNaseP,RNaseP_M.sedula
16885,tmRNA,RNaseP,RNaseP_M.thermoautotrophicum-DH
16886,tmRNA,RNaseP,RNaseP_M.thermoautotrphicumMarb
16887,tmRNA,RNaseP,RNaseP_M.tuberculosis
16888,tmRNA,RNaseP,RNaseP_M.vannielli
16889,tmRNA,RNaseP,RNaseP_N.europaea
16890,tmRNA,RNaseP,RNaseP_N.flavus
16891,tmRNA,RNaseP,RNaseP_N.fulvus-JCM3335
16892,tmRNA,RNaseP,RNaseP_N.gonnorhoeae
16893,tmRNA,RNaseP,RNaseP_N.meningitidis-Z2491
16894,tmRNA,RNaseP,RNaseP_Nocardiodes-NSP41
16895,tmRNA,RNaseP,RNaseP_Nostoc-PCC7413
16896,tmRNA,RNaseP,RNaseP_Onchorhynchus-1
16897,tmRNA,RNaseP,RNaseP_Onchorhynchus-2
16898,tmRNA,RNaseP,RNaseP_Onchorhynchus-sp-1
16899,tmRNA,RNaseP,RNaseP_Onchorhynchus-sp-2
16900,tmRNA,RNaseP,RNaseP_P.alcalifaciens
16901,tmRNA,RNaseP,RNaseP_P.azotoformans
16902,tmRNA,RNaseP,RNaseP_P.douglassii
16903,tmRNA,RNaseP,RNaseP_P.furiosus-2
16904,tmRNA,RNaseP,RNaseP_P.gingivalis
16905,tmRNA,RNaseP,RNaseP_P.marinus
16906,tmRNA,RNaseP,RNaseP_P.mississippiensis
16907,tmRNA,RNaseP,RNaseP_P.purpurea-chloroplast
16908,tmRNA,RNaseP,RNaseP_P.putida
16909,tmRNA,RNaseP,RNaseP_P.staleyi
16910,tmRNA,RNaseP,RNaseP_P.strasburgensis
16911,tmRNA,RNaseP,RNaseP_P.stutzeri
16912,tmRNA,RNaseP,RNaseP_P.troglodytes
16913,tmRNA,RNaseP,RNaseP_P.vulgaris
16914,tmRNA,RNaseP,RNaseP_P131
16915,tmRNA,RNaseP,RNaseP_Prochlorococcus-PAC1A
16916,tmRNA,RNaseP,RNaseP_Prochlorococcus-PAC1B
16917,tmRNA,RNaseP,RNaseP_Prochlorococcus-PCC9511
16918,tmRNA,RNaseP,RNaseP_Prochlorococcus-TATL2
16919,tmRNA,RNaseP,RNaseP_Prochlorococcus-TATL2-2
16920,tmRNA,RNaseP,RNaseP_R.americana-mito
16921,tmRNA,RNaseP,RNaseP_R.norvegicus
16922,tmRNA,RNaseP,RNaseP_R.prowazekii
16923,tmRNA,RNaseP,RNaseP_R.rubrum
16924,tmRNA,RNaseP,RNaseP_S.acidocaldarius
16925,tmRNA,RNaseP,RNaseP_S.bayanus
16926,tmRNA,RNaseP,RNaseP_S.bikiniensis
16927,tmRNA,RNaseP,RNaseP_S.caesia-K182
16928,tmRNA,RNaseP,RNaseP_S.caesia-K200
16929,tmRNA,RNaseP,RNaseP_S.caesia-K76T
16930,tmRNA,RNaseP,RNaseP_S.caesia-SB01
16931,tmRNA,RNaseP,RNaseP_S.carlsbergensis
16932,tmRNA,RNaseP,RNaseP_S.castellii
16933,tmRNA,RNaseP,RNaseP_S.diastaticus
16934,tmRNA,RNaseP,RNaseP_S.epidermidis
16935,tmRNA,RNaseP,RNaseP_S.glauca-K194
16936,tmRNA,RNaseP,RNaseP_S.globosus
16937,tmRNA,RNaseP,RNaseP_S.japonicus
16938,tmRNA,RNaseP,RNaseP_S.kluyveri
16939,tmRNA,RNaseP,RNaseP_S.lividans
16940,tmRNA,RNaseP,RNaseP_S.mutans
16941,tmRNA,RNaseP,RNaseP_S.pastorianus
16942,tmRNA,RNaseP,RNaseP_S.polymorpha
16943,tmRNA,RNaseP,RNaseP_S.pyogenes
16944,tmRNA,RNaseP,RNaseP_S.servazzii
16945,tmRNA,RNaseP,RNaseP_S.shibatae
16946,tmRNA,RNaseP,RNaseP_S.typhi
16947,tmRNA,RNaseP,RNaseP_S.typhimurium
16948,tmRNA,RNaseP,RNaseP_S.unisporus
16949,tmRNA,RNaseP,RNaseP_S.uvarum
16950,tmRNA,RNaseP,RNaseP_S.viridis-K191
16951,tmRNA,RNaseP,RNaseP_S.viridis-K73T
16952,tmRNA,RNaseP,RNaseP_SL1-1
16953,tmRNA,RNaseP,RNaseP_SLC
16954,tmRNA,RNaseP,RNaseP_SM-A01
16955,tmRNA,RNaseP,RNaseP_SM-A03
16956,tmRNA,RNaseP,RNaseP_SM-A04
16957,tmRNA,RNaseP,RNaseP_SM-A05
16958,tmRNA,RNaseP,RNaseP_SM-A06
16959,tmRNA,RNaseP,RNaseP_SM-A1012
16960,tmRNA,RNaseP,RNaseP_SM-A1113
16961,tmRNA,RNaseP,RNaseP_SM-A1214
16962,tmRNA,RNaseP,RNaseP_SM-A1315
16963,tmRNA,RNaseP,RNaseP_SM-A1519
16964,tmRNA,RNaseP,RNaseP_SM-A2642
16965,tmRNA,RNaseP,RNaseP_SM-A2946
16966,tmRNA,RNaseP,RNaseP_SM-A3862
16967,tmRNA,RNaseP,RNaseP_SM-A4065
16968,tmRNA,RNaseP,RNaseP_SM-A4775
16969,tmRNA,RNaseP,RNaseP_SM-A4876
16970,tmRNA,RNaseP,RNaseP_SM-A4977
16971,tmRNA,RNaseP,RNaseP_SM-A5179
16972,tmRNA,RNaseP,RNaseP_SM-A5382
16973,tmRNA,RNaseP,RNaseP_SM-A5584
16974,tmRNA,RNaseP,RNaseP_SM-A5888
16975,tmRNA,RNaseP,RNaseP_SM-A6090
16976,tmRNA,RNaseP,RNaseP_SM1
16977,tmRNA,RNaseP,RNaseP_SMB-A3
16978,tmRNA,RNaseP,RNaseP_SMB-A5
16979,tmRNA,RNaseP,RNaseP_SMB-B3
16980,tmRNA,RNaseP,RNaseP_SMB-B4
16981,tmRNA,RNaseP,RNaseP_Synechococcus-PCC7942
16982,tmRNA,RNaseP,RNaseP_Synechocystis-PCC6308
16983,tmRNA,RNaseP,RNaseP_Synechocystis-PCC6803
16984,tmRNA,RNaseP,RNaseP_T.acidophilum
16985,tmRNA,RNaseP,RNaseP_T.aquaticus
16986,tmRNA,RNaseP,RNaseP_T.celerAL1-2
16987,tmRNA,RNaseP,RNaseP_T.littoralis
16988,tmRNA,RNaseP,RNaseP_T.maritima-g
16989,tmRNA,RNaseP,RNaseP_T.neapolitana
16990,tmRNA,RNaseP,RNaseP_T.pallidum
16991,tmRNA,RNaseP,RNaseP_T.syrichta
16992,tmRNA,RNaseP,RNaseP_T.thermophilus
16993,tmRNA,RNaseP,RNaseP_UK2
16994,tmRNA,RNaseP,RNaseP_UK5
16995,tmRNA,RNaseP,RNaseP_V.cholera
16996,tmRNA,RNaseP,RNaseP_V.spinosum
16997,tmRNA,RNaseP,RNaseP_VSDW
16998,tmRNA,RNaseP,RNaseP_WA1
16999,tmRNA,RNaseP,RNaseP_Y.pestis
17000,tmRNA,RNaseP,RNaseP_Z.bailii
17001,tmRNA,RNaseP,RNaseP_purpleX
17002,tmRNA,grp1,grp1_a.I1.b.Dermocarpa.sp.ATCC29371.C3.tMET
17003,tmRNA,grp1,grp1_a.I1.b.Phormidium.sp.N182.C3.tLEU
17004,tmRNA,grp1,grp1_a.I1.b.S.hofmanii.C3.tMET
17005,tmRNA,grp1,grp1_a.I1.b.Synechococcus.sp2.C3.tLEU
17006,tmRNA,grp1,grp1_a.I1.c.A.cherimola.C3.tLEU
17007,tmRNA,grp1,grp1_a.I1.c.G.prostrata.C3.tLEU
17008,tmRNA,grp1,grp1_a.I1.c.S.bicolor.C3.tLEU
17009,tmRNA,grp1,grp1_a.I1.e.A.adeninivorans.C1.LSU.2449
17010,tmRNA,grp1,grp1_a.I1.e.A.capsulatus.CBS213.53.C1.SSU.943
17011,tmRNA,grp1,grp1_a.I1.e.A.capsulatus.FLs1.C1.SSU
17012,tmRNA,grp1,grp1_a.I1.e.A.capsulatus.G184B.C1.SSU
17013,tmRNA,grp1,grp1_a.I1.e.A.capsulatus.G186B.C1.SSU
17014,tmRNA,grp1,grp1_a.I1.e.A.stipitatus.C1.SSU.1046
17015,tmRNA,grp1,grp1_a.I1.e.B.ciliata.JCM6865.C1.SSU.1506
17016,tmRNA,grp1,grp1_a.I1.e.B.ciliata.JCM6865.C1.SSU.943
17017,tmRNA,grp1,grp1_a.I1.e.B.yamatoana.JCM2896.C1.SSU.1506
17018,tmRNA,grp1,grp1_a.I1.e.B.yamatoana.JCM2896.C1.SSU.943
17019,tmRNA,grp1,grp1_a.I1.e.C.ellipsoidea.211-1a.C1.SSU.1506
17020,tmRNA,grp1,grp1_a.I1.e.C.ellipsoidea.IAMC-87.C1.SSU.1506
17021,tmRNA,grp1,grp1_a.I1.e.C.grayi.UNK.SSU.1046
17022,tmRNA,grp1,grp1_a.I1.e.C.grayi.UNK.SSU.1516
17023,tmRNA,grp1,grp1_a.I1.e.C.merochlorophea.UNK.SSU.1046
17024,tmRNA,grp1,grp1_a.I1.e.C.merochlorophea.UNK.SSU.1210
17025,tmRNA,grp1,grp1_a.I1.e.C.merochlorophea.UNK.SSU.1389
17026,tmRNA,grp1,grp1_a.I1.e.C.merochlorophea.UNK.SSU.1516
17027,tmRNA,grp1,grp1_a.I1.e.C.saccatum.C1.SSU.1512
17028,tmRNA,grp1,grp1_a.I1.e.C.saxonicum.C1.SSU.1506
17029,tmRNA,grp1,grp1_a.I1.e.D.parva.C1.SSU.1512
17030,tmRNA,grp1,grp1_a.I1.e.D.parva.C1.SSU.943
17031,tmRNA,grp1,grp1_a.I1.e.D.salina.C1.SSU.943
17032,tmRNA,grp1,grp1_a.I1.e.E.dermatitidis.C1.SSU.943
17033,tmRNA,grp1,grp1_a.I1.e.G.planctonica.C1.SSU.943
17034,tmRNA,grp1,grp1_a.I1.e.G.spirotaenia.C1.SSU.1506
17035,tmRNA,grp1,grp1_a.I1.e.L.dispersa.UNK.SSU.1046
17036,tmRNA,grp1,grp1_a.I1.e.L.dispersa.UNK.SSU.114
17037,tmRNA,grp1,grp1_a.I1.e.L.dispersa.UNK.SSU.1210
17038,tmRNA,grp1,grp1_a.I1.e.L.dispersa.UNK.SSU.1516
17039,tmRNA,grp1,grp1_a.I1.e.L.dispersa.UNK.SSU.287
17040,tmRNA,grp1,grp1_a.I1.e.L.dispersa.UNK.SSU.516
17041,tmRNA,grp1,grp1_a.I1.e.L.dispersa.UNK.SSU.789
17042,tmRNA,grp1,grp1_a.I1.e.M.caldariorum.C1.SSU.1506
17043,tmRNA,grp1,grp1_a.I1.e.P.carinii.C1.SSU.1506
17044,tmRNA,grp1,grp1_a.I1.e.P.carinii.Pc1.C1.LSU.1921
17045,tmRNA,grp1,grp1_a.I1.e.P.carinii.Pc2.C1.LSU.1921
17046,tmRNA,grp1,grp1_a.I1.e.P.carinii.Pc3.C1.LSU.1921
17047,tmRNA,grp1,grp1_a.I1.e.P.clavariiformis.C1.SSU.943
17048,tmRNA,grp1,grp1_a.I1.e.P.inouyei.C1.SSU.1506
17049,tmRNA,grp1,grp1_a.I1.e.P.inouyei.C1.SSU.943
17050,tmRNA,grp1,grp1_a.I1.e.P.macrosporus.C1.SSU.1506
17051,tmRNA,grp1,grp1_a.I1.e.P.macrosporus.C1.SSU.943
17052,tmRNA,grp1,grp1_a.I1.e.P.pachydermus.C1.SSU.943
17053,tmRNA,grp1,grp1_a.I1.e.P.sarcinoidea.C1.SSU.943
17054,tmRNA,grp1,grp1_a.I1.e.S.granulatum.C1.SSU.1506
17055,tmRNA,grp1,grp1_a.I1.e.S.paniceum.UNK.SSU.1052
17056,tmRNA,grp1,grp1_a.I1.e.S.paniceum.UNK.SSU.114
17057,tmRNA,grp1,grp1_a.I1.e.S.paniceum.UNK.SSU.1210
17058,tmRNA,grp1,grp1_a.I1.e.S.paniceum.UNK.SSU.1506
17059,tmRNA,grp1,grp1_a.I1.e.S.paniceum.UNK.SSU.287
17060,tmRNA,grp1,grp1_a.I1.e.S.sclerotiorum_1837.C1.LSU.798
17061,tmRNA,grp1,grp1_a.I1.e.Staurastrum.sp.M752.C1.SSU.1506
17062,tmRNA,grp1,grp1_a.I1.e.Staurastrum.sp.M753.C1.SSU.1506
17063,tmRNA,grp1,grp1_a.I1.e.T.cosmopolitanis.C1.LSU.1925
17064,tmRNA,grp1,grp1_a.I1.e.T.hyperangularis.C1.LSU.1925
17065,tmRNA,grp1,grp1_a.I1.e.T.malaccensis.C1.LSU.1925
17066,tmRNA,grp1,grp1_a.I1.e.T.pigmentosa.C1.LSU.1925
17067,tmRNA,grp1,grp1_a.I1.e.U.maydis.C1.SSU.943
17068,tmRNA,grp1,grp1_a.I1.m.M.grisea.B2.ND1
17069,tmRNA,grp1,grp1_a.I1.m.S.luteus.A1.LSU.2504
17070,tmRNA,grp1,grp1_a.I1.m.S.pombe.B1.OX1
17071,tmRNA,grp1,grp1_b.I1.e.C.saccharophila.C1.SSU.156
17072,tmRNA,grp1,grp1_b.I1.e.M.anisopliae.2.C1.LSU.1921
17073,tmRNA,grp1,grp1_b.I1.e.M.anisopliae.3.C1.LSU.1921
17074,tmRNA,grp1,grp1_b.I1.e.T.thermophila.C1.LSU.1925
17075,tmRNA,grp1,grp1_s.I1.e.T.thermophila.C1.LSU.1925.schem
17076,tmRNA,grp1,grp1_a.I1.b.Dermocarpa.sp.ATCC29371.C3.tMET
17077,tmRNA,grp1,grp1_a.I1.b.Phormidium.sp.N182.C3.tLEU
17078,tmRNA,grp1,grp1_a.I1.b.S.hofmanii.C3.tMET
17079,tmRNA,grp1,grp1_a.I1.b.Synechococcus.sp2.C3.tLEU
17080,tmRNA,grp1,grp1_a.I1.c.A.cherimola.C3.tLEU
17081,tmRNA,grp1,grp1_a.I1.c.G.prostrata.C3.tLEU
17082,tmRNA,grp1,grp1_a.I1.c.S.bicolor.C3.tLEU
17083,tmRNA,grp1,grp1_a.I1.e.A.adeninivorans.C1.LSU.2449
17084,tmRNA,grp1,grp1_a.I1.e.A.capsulatus.CBS213.53.C1.SSU.943
17085,tmRNA,grp1,grp1_a.I1.e.A.capsulatus.FLs1.C1.SSU
17086,tmRNA,grp1,grp1_a.I1.e.A.capsulatus.G184B.C1.SSU
17087,tmRNA,grp1,grp1_a.I1.e.A.capsulatus.G186B.C1.SSU
17088,tmRNA,grp1,grp1_a.I1.e.A.stipitatus.C1.SSU.1046
17089,tmRNA,grp1,grp1_a.I1.e.B.ciliata.JCM6865.C1.SSU.1506
17090,tmRNA,grp1,grp1_a.I1.e.B.ciliata.JCM6865.C1.SSU.943
17091,tmRNA,grp1,grp1_a.I1.e.B.yamatoana.JCM2896.C1.SSU.1506
17092,tmRNA,grp1,grp1_a.I1.e.B.yamatoana.JCM2896.C1.SSU.943
17093,tmRNA,grp1,grp1_a.I1.e.C.ellipsoidea.211-1a.C1.SSU.1506
17094,tmRNA,grp1,grp1_a.I1.e.C.ellipsoidea.IAMC-87.C1.SSU.1506
17095,tmRNA,grp1,grp1_a.I1.e.C.grayi.UNK.SSU.1046
17096,tmRNA,grp1,grp1_a.I1.e.C.grayi.UNK.SSU.1516
17097,tmRNA,grp1,grp1_a.I1.e.C.merochlorophea.UNK.SSU.1046
17098,tmRNA,grp1,grp1_a.I1.e.C.merochlorophea.UNK.SSU.1210
17099,tmRNA,grp1,grp1_a.I1.e.C.merochlorophea.UNK.SSU.1389
17100,tmRNA,grp1,grp1_a.I1.e.C.merochlorophea.UNK.SSU.1516
17101,tmRNA,grp1,grp1_a.I1.e.C.saccatum.C1.SSU.1512
17102,tmRNA,grp1,grp1_a.I1.e.C.saxonicum.C1.SSU.1506
17103,tmRNA,grp1,grp1_a.I1.e.D.parva.C1.SSU.1512
17104,tmRNA,grp1,grp1_a.I1.e.D.parva.C1.SSU.943
17105,tmRNA,grp1,grp1_a.I1.e.D.salina.C1.SSU.943
17106,tmRNA,grp1,grp1_a.I1.e.E.dermatitidis.C1.SSU.943
17107,tmRNA,grp1,grp1_a.I1.e.G.planctonica.C1.SSU.943
17108,tmRNA,grp1,grp1_a.I1.e.G.spirotaenia.C1.SSU.1506
17109,tmRNA,grp1,grp1_a.I1.e.L.dispersa.UNK.SSU.1046
17110,tmRNA,grp1,grp1_a.I1.e.L.dispersa.UNK.SSU.114
17111,tmRNA,grp1,grp1_a.I1.e.L.dispersa.UNK.SSU.1210
17112,tmRNA,grp1,grp1_a.I1.e.L.dispersa.UNK.SSU.1516
17113,tmRNA,grp1,grp1_a.I1.e.L.dispersa.UNK.SSU.287
17114,tmRNA,grp1,grp1_a.I1.e.L.dispersa.UNK.SSU.516
17115,tmRNA,grp1,grp1_a.I1.e.L.dispersa.UNK.SSU.789
17116,tmRNA,grp1,grp1_a.I1.e.M.caldariorum.C1.SSU.1506
17117,tmRNA,grp1,grp1_a.I1.e.P.carinii.C1.SSU.1506
17118,tmRNA,grp1,grp1_a.I1.e.P.carinii.Pc1.C1.LSU.1921
17119,tmRNA,grp1,grp1_a.I1.e.P.carinii.Pc2.C1.LSU.1921
17120,tmRNA,grp1,grp1_a.I1.e.P.carinii.Pc3.C1.LSU.1921
17121,tmRNA,grp1,grp1_a.I1.e.P.clavariiformis.C1.SSU.943
17122,tmRNA,grp1,grp1_a.I1.e.P.inouyei.C1.SSU.1506
17123,tmRNA,grp1,grp1_a.I1.e.P.inouyei.C1.SSU.943
17124,tmRNA,grp1,grp1_a.I1.e.P.macrosporus.C1.SSU.1506
17125,tmRNA,grp1,grp1_a.I1.e.P.macrosporus.C1.SSU.943
17126,tmRNA,grp1,grp1_a.I1.e.P.pachydermus.C1.SSU.943
17127,tmRNA,grp1,grp1_a.I1.e.P.sarcinoidea.C1.SSU.943
17128,tmRNA,grp1,grp1_a.I1.e.S.granulatum.C1.SSU.1506
17129,tmRNA,grp1,grp1_a.I1.e.S.paniceum.UNK.SSU.1052
17130,tmRNA,grp1,grp1_a.I1.e.S.paniceum.UNK.SSU.114
17131,tmRNA,grp1,grp1_a.I1.e.S.paniceum.UNK.SSU.1210
17132,tmRNA,grp1,grp1_a.I1.e.S.paniceum.UNK.SSU.1506
17133,tmRNA,grp1,grp1_a.I1.e.S.paniceum.UNK.SSU.287
17134,tmRNA,grp1,grp1_a.I1.e.S.sclerotiorum_1837.C1.LSU.798
17135,tmRNA,grp1,grp1_a.I1.e.Staurastrum.sp.M752.C1.SSU.1506
17136,tmRNA,grp1,grp1_a.I1.e.Staurastrum.sp.M753.C1.SSU.1506
17137,tmRNA,grp1,grp1_a.I1.e.T.cosmopolitanis.C1.LSU.1925
17138,tmRNA,grp1,grp1_a.I1.e.T.hyperangularis.C1.LSU.1925
17139,tmRNA,grp1,grp1_a.I1.e.T.malaccensis.C1.LSU.1925
17140,tmRNA,grp1,grp1_a.I1.e.T.pigmentosa.C1.LSU.1925
17141,tmRNA,grp1,grp1_a.I1.e.U.maydis.C1.SSU.943
17142,tmRNA,grp1,grp1_a.I1.m.M.grisea.B2.ND1
17143,tmRNA,grp1,grp1_a.I1.m.S.luteus.A1.LSU.2504
17144,tmRNA,grp1,grp1_a.I1.m.S.pombe.B1.OX1
17145,tmRNA,grp1,grp1_b.I1.e.C.saccharophila.C1.SSU.156
17146,tmRNA,grp1,grp1_b.I1.e.M.anisopliae.2.C1.LSU.1921
17147,tmRNA,grp1,grp1_b.I1.e.M.anisopliae.3.C1.LSU.1921
17148,tmRNA,grp1,grp1_b.I1.e.T.thermophila.C1.LSU.1925
17149,tmRNA,grp1,grp1_s.I1.e.T.thermophila.C1.LSU.1925.schem
17150,tmRNA,grp1,grp1_a.I1.b.Dermocarpa.sp.ATCC29371.C3.tMET
17151,tmRNA,grp1,grp1_a.I1.b.Phormidium.sp.N182.C3.tLEU
17152,tmRNA,grp1,grp1_a.I1.b.S.hofmanii.C3.tMET
17153,tmRNA,grp1,grp1_a.I1.b.Synechococcus.sp2.C3.tLEU
17154,tmRNA,grp1,grp1_a.I1.c.A.cherimola.C3.tLEU
17155,tmRNA,grp1,grp1_a.I1.c.G.prostrata.C3.tLEU
17156,tmRNA,grp1,grp1_a.I1.c.S.bicolor.C3.tLEU
17157,tmRNA,grp1,grp1_a.I1.e.A.adeninivorans.C1.LSU.2449
17158,tmRNA,grp1,grp1_a.I1.e.A.capsulatus.CBS213.53.C1.SSU.943
17159,tmRNA,grp1,grp1_a.I1.e.A.capsulatus.FLs1.C1.SSU
17160,tmRNA,grp1,grp1_a.I1.e.A.capsulatus.G184B.C1.SSU
17161,tmRNA,grp1,grp1_a.I1.e.A.capsulatus.G186B.C1.SSU
17162,tmRNA,grp1,grp1_a.I1.e.A.stipitatus.C1.SSU.1046
17163,tmRNA,grp1,grp1_a.I1.e.B.ciliata.JCM6865.C1.SSU.1506
17164,tmRNA,grp1,grp1_a.I1.e.B.ciliata.JCM6865.C1.SSU.943
17165,tmRNA,grp1,grp1_a.I1.e.B.yamatoana.JCM2896.C1.SSU.1506
17166,tmRNA,grp1,grp1_a.I1.e.B.yamatoana.JCM2896.C1.SSU.943
17167,tmRNA,grp1,grp1_a.I1.e.C.ellipsoidea.211-1a.C1.SSU.1506
17168,tmRNA,grp1,grp1_a.I1.e.C.ellipsoidea.IAMC-87.C1.SSU.1506
17169,tmRNA,grp1,grp1_a.I1.e.C.grayi.UNK.SSU.1046
17170,tmRNA,grp1,grp1_a.I1.e.C.grayi.UNK.SSU.1516
17171,tmRNA,grp1,grp1_a.I1.e.C.merochlorophea.UNK.SSU.1046
17172,tmRNA,grp1,grp1_a.I1.e.C.merochlorophea.UNK.SSU.1210
17173,tmRNA,grp1,grp1_a.I1.e.C.merochlorophea.UNK.SSU.1389
17174,tmRNA,grp1,grp1_a.I1.e.C.merochlorophea.UNK.SSU.1516
17175,tmRNA,grp1,grp1_a.I1.e.C.saccatum.C1.SSU.1512
17176,tmRNA,grp1,grp1_a.I1.e.C.saxonicum.C1.SSU.1506
17177,tmRNA,grp1,grp1_a.I1.e.D.parva.C1.SSU.1512
17178,tmRNA,grp1,grp1_a.I1.e.D.parva.C1.SSU.943
17179,tmRNA,grp1,grp1_a.I1.e.D.salina.C1.SSU.943
17180,tmRNA,grp1,grp1_a.I1.e.E.dermatitidis.C1.SSU.943
17181,tmRNA,grp1,grp1_a.I1.e.G.planctonica.C1.SSU.943
17182,tmRNA,grp1,grp1_a.I1.e.G.spirotaenia.C1.SSU.1506
17183,tmRNA,grp1,grp1_a.I1.e.L.dispersa.UNK.SSU.1046
17184,tmRNA,grp1,grp1_a.I1.e.L.dispersa.UNK.SSU.114
17185,tmRNA,grp1,grp1_a.I1.e.L.dispersa.UNK.SSU.1210
17186,tmRNA,grp1,grp1_a.I1.e.L.dispersa.UNK.SSU.1516
17187,tmRNA,grp1,grp1_a.I1.e.L.dispersa.UNK.SSU.287
17188,tmRNA,grp1,grp1_a.I1.e.L.dispersa.UNK.SSU.516
17189,tmRNA,grp1,grp1_a.I1.e.L.dispersa.UNK.SSU.789
17190,tmRNA,grp1,grp1_a.I1.e.M.caldariorum.C1.SSU.1506
17191,tmRNA,grp1,grp1_a.I1.e.P.carinii.C1.SSU.1506
17192,tmRNA,grp1,grp1_a.I1.e.P.carinii.Pc1.C1.LSU.1921
17193,tmRNA,grp1,grp1_a.I1.e.P.carinii.Pc2.C1.LSU.1921
17194,tmRNA,grp1,grp1_a.I1.e.P.carinii.Pc3.C1.LSU.1921
17195,tmRNA,grp1,grp1_a.I1.e.P.clavariiformis.C1.SSU.943
17196,tmRNA,grp1,grp1_a.I1.e.P.inouyei.C1.SSU.1506
17197,tmRNA,grp1,grp1_a.I1.e.P.inouyei.C1.SSU.943
17198,tmRNA,grp1,grp1_a.I1.e.P.macrosporus.C1.SSU.1506
17199,tmRNA,grp1,grp1_a.I1.e.P.macrosporus.C1.SSU.943
17200,tmRNA,grp1,grp1_a.I1.e.P.pachydermus.C1.SSU.943
17201,tmRNA,grp1,grp1_a.I1.e.P.sarcinoidea.C1.SSU.943
17202,tmRNA,srp,srp_Acin.spec._CR543861
17203,tmRNA,srp,srp_Aede.aegy._DW714815
17204,tmRNA,srp,srp_Aero.pern._BA000002
17205,tmRNA,srp,srp_Alka.meta._CP000724
17206,tmRNA,srp,srp_Anae.sp.._CP000769
17207,tmRNA,srp,srp_Anto.locu._GSP-278021
17208,tmRNA,srp,srp_Arab.thal._AC005275
17209,tmRNA,srp,srp_Arab.thal._X72228
17210,tmRNA,srp,srp_Ashb.goss._AE016819
17211,tmRNA,srp,srp_Aspe.flav._GSP-332952
17212,tmRNA,srp,srp_Aspe.fumi._GSP-41122
17213,tmRNA,srp,srp_Aspe.terr._GSP-341663
17214,tmRNA,srp,srp_Baci.alca._D11422
17215,tmRNA,srp,srp_Baci.cere._CP000001
17216,tmRNA,srp,srp_Baci.poly._D11421
17217,tmRNA,srp,srp_Baci.subt._X06802
17218,tmRNA,srp,srp_Baci.subt._X12642
17219,tmRNA,srp,srp_Baci.thur._CP000485
17220,tmRNA,srp,srp_Bdel.bact._BX842656
17221,tmRNA,srp,srp_Bloc.flor._BX248585
17222,tmRNA,srp,srp_Borr.burg._AE000783
17223,tmRNA,srp,srp_Bos.taur._GSP-6282
17224,tmRNA,srp,srp_Brad.japo._BA000040
17225,tmRNA,srp,srp_Bras.napu._EE412262
17226,tmRNA,srp,srp_Bruc.meli._AM040264
17227,tmRNA,srp,srp_Bruc.ovis._CP000708
17228,tmRNA,srp,srp_Burk.mall._CP000546
17229,tmRNA,srp,srp_Burk.pseu._CP000124
17230,tmRNA,srp,srp_Burk.pseu._CP000572
17231,tmRNA,srp,srp_Caen.eleg._AY948607
17232,tmRNA,srp,srp_Camp.jeju._CP000025
17233,tmRNA,srp,srp_Cand.Bloc._CP000016
17234,tmRNA,srp,srp_Carb.hydr._CP000141
17235,tmRNA,srp,srp_Caul.cres._AE005700
17236,tmRNA,srp,srp_Chla.cavi._AE016995
17237,tmRNA,srp,srp_Chla.muri._AE002160
17238,tmRNA,srp,srp_Chla.pneu._AE001363
17239,tmRNA,srp,srp_Chla.rein._SDB-3055
17240,tmRNA,srp,srp_Chla.trac._AE001298
17241,tmRNA,srp,srp_Chlo.vulg._AB001684
17242,tmRNA,srp,srp_Cion.savi._BW551179
17243,tmRNA,srp,srp_Citr.sine._CN181543
17244,tmRNA,srp,srp_Clos.acet._AE001437
17245,tmRNA,srp,srp_Clos.beij._CP000721
17246,tmRNA,srp,srp_Clos.botu._AM412317
17247,tmRNA,srp,srp_Clos.diff._AM180355
17248,tmRNA,srp,srp_Clos.kluy._CP000673
17249,tmRNA,srp,srp_Clos.perf._CP000246
17250,tmRNA,srp,srp_Cocc.posa._GSP-222929
17251,tmRNA,srp,srp_Cory.diph._BX248354
17252,tmRNA,srp,srp_Cory.jeik._CR931997
17253,tmRNA,srp,srp_Cryp.homi._GSP-353151
17254,tmRNA,srp,srp_Cryp.parv._XM_626716
17255,tmRNA,srp,srp_Cypr.carp._CF662133
17256,tmRNA,srp,srp_Dani.rrer._BX469912
17257,tmRNA,srp,srp_Desu.vulg._CP000527
17258,tmRNA,srp,srp_Dros.mela._AE014297
17259,tmRNA,srp,srp_Dros.mela._X00952
17260,tmRNA,srp,srp_Dros.moja._GSP-7230
17261,tmRNA,srp,srp_Ence.cuni._AL590449
17262,tmRNA,srp,srp_Ente.faec._AE016953
17263,tmRNA,srp,srp_Ento.sulc._AF095839
17264,tmRNA,srp,srp_Esch.coli._AE016756
17265,tmRNA,srp,srp_Esch.coli._CP000243
17266,tmRNA,srp,srp_Esch.coli._CP000468
17267,tmRNA,srp,srp_Esch.coli._U00096
17268,tmRNA,srp,srp_Esch.coli._U82664
17269,tmRNA,srp,srp_Esch.coli._X01074
17270,tmRNA,srp,srp_Fran.tula._AJ749949
17271,tmRNA,srp,srp_Fran.tula._AM286280
17272,tmRNA,srp,srp_Fran.tula._CP000437
17273,tmRNA,srp,srp_Fran.tula._CP000439
17274,tmRNA,srp,srp_Gald.sulp._GSP-130081
17275,tmRNA,srp,srp_Gibb.zeae._GSP-229533
17276,tmRNA,srp,srp_Haem.infl._CP000672
17277,tmRNA,srp,srp_Hahe.chej._CP000155
17278,tmRNA,srp,srp_Halo.mari._AY596297
17279,tmRNA,srp,srp_Halo.volc._AF395888
17280,tmRNA,srp,srp_Heli.annu._AJ828095
17281,tmRNA,srp,srp_Heli.pylo._AE001439
17282,tmRNA,srp,srp_Heli.pylo._CP000241
17283,tmRNA,srp,srp_Homo.sapi._AB061847
17284,tmRNA,srp,srp_Homo.sapi._BE083383
17285,tmRNA,srp,srp_Homo.sapi._BF875598
17286,tmRNA,srp,srp_Homo.sapi._BF909438
17287,tmRNA,srp,srp_Homo.sapi._BF909560
17288,tmRNA,srp,srp_Homo.sapi._BF909563
17289,tmRNA,srp,srp_Homo.sapi._NR_002715
17290,tmRNA,srp,srp_Humu.lupu._AJ236703
17291,tmRNA,srp,srp_Humu.lupu._X65983
17292,tmRNA,srp,srp_Hype.buty._CP000493
17293,tmRNA,srp,srp_Kine.radi._CP000750
17294,tmRNA,srp,srp_Kleb.pneu._CP000647
17295,tmRNA,srp,srp_Kluy.lact._CR382126
17296,tmRNA,srp,srp_Lact.case._CP000423
17297,tmRNA,srp,srp_Lact.delb._CR954253
17298,tmRNA,srp,srp_Lact.john._AE017198
17299,tmRNA,srp,srp_Legi.pneu._CR628337
17300,tmRNA,srp,srp_Leis.braz._AY722724
17301,tmRNA,srp,srp_Leis.dono._AY722734
17302,tmRNA,srp,srp_Leis.guya._AY722728
17303,tmRNA,srp,srp_Leis.infa._AM502223
17304,tmRNA,srp,srp_Leis.infa._SDB-5671
17305,tmRNA,srp,srp_Leis.majo._AY722715
17306,tmRNA,srp,srp_Leis.majo._SDB-347515
17307,tmRNA,srp,srp_List.inno._AL596173
17308,tmRNA,srp,srp_List.mono._U15684
17309,tmRNA,srp,srp_List.wels._AM263198
17310,tmRNA,srp,srp_Lyco.escu._Z29099
17311,tmRNA,srp,srp_Mann.succ._AE016827
17312,tmRNA,srp,srp_Mari.aqua._CP000514
17313,tmRNA,srp,srp_Medi.trun._AC136507
17314,tmRNA,srp,srp_Medi.trun._BE941271
17315,tmRNA,srp,srp_Medi.trun._CX540689
17316,tmRNA,srp,srp_Meth.acet._AE010299
17317,tmRNA,srp,srp_Meth.burt._CP000300
17318,tmRNA,srp,srp_Meth.ferv._M32222
17319,tmRNA,srp,srp_Meth.jann._L77117
17320,tmRNA,srp,srp_Meth.mari._CP000745
17321,tmRNA,srp,srp_Meth.maze._AE008384
17322,tmRNA,srp,srp_Mono.brev._GSP-81824
17323,tmRNA,srp,srp_Myco.bovi._BX248347
17324,tmRNA,srp,srp_Myco.geni._L43967
17325,tmRNA,srp,srp_Myco.hyop._AE017244
17326,tmRNA,srp,srp_Myco.lepr._AL023596
17327,tmRNA,srp,srp_Myco.myco._BX842642
17328,tmRNA,srp,srp_Myco.spec._CP000580
17329,tmRNA,srp,srp_Myco.syno._AE017245
17330,tmRNA,srp,srp_Nitr.euro._AL954747
17331,tmRNA,srp,srp_Nitr.euro._BX321857
17332,tmRNA,srp,srp_Nitr.eutr._CP000450
17333,tmRNA,srp,srp_Onch.volv._AI249203
17334,tmRNA,srp,srp_Orni.anat._GSP-9258
17335,tmRNA,srp,srp_Para.bras._CN241137
17336,tmRNA,srp,srp_Phyt.ramo._GSP-164328
17337,tmRNA,srp,srp_Picr.torr._AE017261
17338,tmRNA,srp,srp_Plas.gall._GSP-5849
17339,tmRNA,srp,srp_Popu.bals._GSP-73824
17340,tmRNA,srp,srp_Proc.mari._AE017165
17341,tmRNA,srp,srp_Proc.mari._BX572093
17342,tmRNA,srp,srp_Proc.mari._CP000551
17343,tmRNA,srp,srp_Proc.mari._CP000576
17344,tmRNA,srp,srp_Proc.spec._AJ011025
17345,tmRNA,srp,srp_Pseu.syri._CP000075
17346,tmRNA,srp,srp_Psyc.arct._CP000082
17347,tmRNA,srp,srp_Psyc.sp.._CP000713
17348,tmRNA,srp,srp_Pyro.cali._CP000561
17349,tmRNA,srp,srp_Pyro.hori._BA000001
17350,tmRNA,srp,srp_Rick.typh._AE017197
17351,tmRNA,srp,srp_Sacc.para._BN000251
17352,tmRNA,srp,srp_Salm.ente._AE017220
17353,tmRNA,srp,srp_Schm.medi._GSP-79327
17354,tmRNA,srp,srp_Shew.balt._CP000563
17355,tmRNA,srp,srp_Shew.spec._CP000503
17356,tmRNA,srp,srp_Shig.flex._AE005674
17357,tmRNA,srp,srp_Shig.flex._AE014073
17358,tmRNA,srp,srp_Shig.flex._AE016979
17359,tmRNA,srp,srp_Shig.flex._CP000266
17360,tmRNA,srp,srp_Sili.spec._CP000377
17361,tmRNA,srp,srp_Sino.meli._AL591782
17362,tmRNA,srp,srp_Stap.aure._BX571857
17363,tmRNA,srp,srp_Stap.aure._CP000703
17364,tmRNA,srp,srp_Stap.aure._E36052
17365,tmRNA,srp,srp_Stap.epid._AF269814
17366,tmRNA,srp,srp_Stre.agal._AL766845
17367,tmRNA,srp,srp_Stre.muta._AE014133
17368,tmRNA,srp,srp_Stre.pneu._AE007319
17369,tmRNA,srp,srp_Stre.pneu._CP000410
17370,tmRNA,srp,srp_Stre.pyog._AE009969
17371,tmRNA,srp,srp_Stre.pyog._AE014139
17372,tmRNA,srp,srp_Stre.pyog._AM295007
17373,tmRNA,srp,srp_Stre.pyog._CP000056
17374,tmRNA,srp,srp_Stre.pyog._CP000260
17375,tmRNA,srp,srp_Stre.pyog._CP000261
17376,tmRNA,srp,srp_Sulf.solf._Y08257
17377,tmRNA,srp,srp_Sulf.toko._BA000023
17378,tmRNA,srp,srp_Thal.pseu._EF067921
17379,tmRNA,srp,srp_Thal.pseu._GSP-296543
17380,tmRNA,srp,srp_Ther.acid._AL445063
17381,tmRNA,srp,srp_Ther.koda._AP006878
17382,tmRNA,srp,srp_Ther.mela._CP000716
17383,tmRNA,srp,srp_Toxo.gond._GSP-398031
17384,tmRNA,srp,srp_Tric.vagi._GSP-5722-2
17385,tmRNA,srp,srp_Trit.aest._BE424647
17386,tmRNA,srp,srp_Trit.aest._CD897082
17387,tmRNA,srp,srp_Trop.whip._AE014184
17388,tmRNA,srp,srp_Trop.whip._AE016852
17389,tmRNA,srp,srp_Tryp.bruc._AF047723
17390,tmRNA,srp,srp_Tryp.bruc._S56681
17391,tmRNA,srp,srp_Tryp.bruc._X57047
17392,tmRNA,srp,srp_Tryp.cong._SDB-5692
17393,tmRNA,srp,srp_Vibr.chol._CP000627
17394,tmRNA,srp,srp_Xant.camp._CP000050
17395,tmRNA,srp,srp_Xant.oryz._AE013598
17396,tmRNA,srp,srp_Yarr.lipo._X51658
17397,tmRNA,srp,srp_Yers.pest._AE017042
17398,tmRNA,srp,srp_Yers.pest._AE017129
17399,tmRNA,srp,srp_Yers.pest._AJ414155
17400,tmRNA,srp,srp_Yers.pest._CP000305
17401,tmRNA,srp,srp_Yers.pseu._BX936398
17402,tmRNA,tRNA,tRNA_tdbR00000003-Haloferax_volcanii-2246-Ala-GGC
17403,tmRNA,tRNA,tRNA_tdbR00000010-Escherichia_coli-562-Ala-VGC
17404,tmRNA,tRNA,tRNA_tdbR00000011-Neurospora_crassa-5141-Ala-UGC
17405,tmRNA,tRNA,tRNA_tdbR00000013-Pichia_jadinii-4903-Ala-IGC
17406,tmRNA,tRNA,tRNA_tdbR00000017-Homo_sapiens-9606-Ala-IGC
17407,tmRNA,tRNA,tRNA_tdbR00000020-Escherichia_coli-562-Cys-GCA
17408,tmRNA,tRNA,tRNA_tdbR00000021-Saccharomyces_cerevisiae-4932-Cys-GCA
17409,tmRNA,tRNA,tRNA_tdbR00000024-Mycoplasma_capricolum-2095-Asp-GUC
17410,tmRNA,tRNA,tRNA_tdbR00000026-Escherichia_coli-562-Asp-QUC
17411,tmRNA,tRNA,tRNA_tdbR00000030-Aedes_albopictus-7160-Asp-GUC
17412,tmRNA,tRNA,tRNA_tdbR00000032-Rattus_norvegicus-10116-Asp-GUC
17413,tmRNA,tRNA,tRNA_tdbR00000036-Euglena_gracilis-3039-Asp-GUC
17414,tmRNA,tRNA,tRNA_tdbR00000038-Rattus_norvegicus-10116-Asp-8UC
17415,tmRNA,tRNA,tRNA_tdbR00000042-Haloferax_volcanii-2246-Glu-MUC
17416,tmRNA,tRNA,tRNA_tdbR00000043-Haloferax_volcanii-2246-Glu-NUC
17417,tmRNA,tRNA,tRNA_tdbR00000053-Bos_taurus-9913-Glu-NUC
17418,tmRNA,tRNA,tRNA_tdbR00000059-Rattus_norvegicus-10116-Glu-3UC
17419,tmRNA,tRNA,tRNA_tdbR00000063-Haloferax_volcanii-2246-Phe-GAA
17420,tmRNA,tRNA,tRNA_tdbR00000067-Escherichia_coli-562-Phe-GAA
17421,tmRNA,tRNA,tRNA_tdbR00000072-Phaseolus_vulgaris-3885-Phe-GAA
17422,tmRNA,tRNA,tRNA_tdbR00000074-Tetrahymena_pyriformis-5908-Phe-GAA
17423,tmRNA,tRNA,tRNA_tdbR00000078-Ascaris_suum-6253-Phe-GAA
17424,tmRNA,tRNA,tRNA_tdbR00000089-Brassica_napus-3708-Phe-AA
17425,tmRNA,tRNA,tRNA_tdbR00000090-Lupinus_luteus-3873-Phe-AA
17426,tmRNA,tRNA,tRNA_tdbR00000092-Oryctolagus_cuniculus-9986-Phe-AA
17427,tmRNA,tRNA,tRNA_tdbR00000093-Bombyx_mori-7091-Phe-AA
17428,tmRNA,tRNA,tRNA_tdbR00000098-Xenopus_laevis-8355-Phe-AA
17429,tmRNA,tRNA,tRNA_tdbR00000108-Haloferax_volcanii-2246-Gly-GCC
17430,tmRNA,tRNA,tRNA_tdbR00000109-Haloferax_volcanii-2246-Gly-NCC
17431,tmRNA,tRNA,tRNA_tdbR00000111-Mycoplasma_capricolum-2095-Gly-UCC
17432,tmRNA,tRNA,tRNA_tdbR00000114-Staphylococcus_epidermidis-1282-Gly-UCC
17433,tmRNA,tRNA,tRNA_tdbR00000115-Staphylococcus_epidermidis-1282-Gly-UCC
17434,tmRNA,tRNA,tRNA_tdbR00000119-Escherichia_coli-562-Gly-NCC
17435,tmRNA,tRNA,tRNA_tdbR00000125-Bos_taurus-9913-Gly-UCC
17436,tmRNA,tRNA,tRNA_tdbR00000128-Halocynthia_roretzi-7729-Gly-GCU
17437,tmRNA,tRNA,tRNA_tdbR00000132-Lupinus_luteus-3873-Gly-GCC
17438,tmRNA,tRNA,tRNA_tdbR00000136-Homo_sapiens-9606-Gly-GCC
17439,tmRNA,tRNA,tRNA_tdbR00000139-Mycoplasma_capricolum-2095-His-GUK
17440,tmRNA,tRNA,tRNA_tdbR00000140-Escherichia_coli-562-His-QUG
17441,tmRNA,tRNA,tRNA_tdbR00000142-Saccharomyces_cerevisiae-4932-His-GUG
17442,tmRNA,tRNA,tRNA_tdbR00000143-Asterias_amurensis-7602-His-QUG
17443,tmRNA,tRNA,tRNA_tdbR00000151-Haloferax_volcanii-2246-Ile-GAU
17444,tmRNA,tRNA,tRNA_tdbR00000155-Mycoplasma_mycoides-2102-Ile-GAU
17445,tmRNA,tRNA,tRNA_tdbR00000159-Escherichia_coli-562-Ile-GAU
17446,tmRNA,tRNA,tRNA_tdbR00000164-Saccharomyces_cerevisiae-4932-Ile-GAU
17447,tmRNA,tRNA,tRNA_tdbR00000165-Solanum_tuberosum-4113-Ile-AU
17448,tmRNA,tRNA,tRNA_tdbR00000170-Saccharomyces_cerevisiae-4932-Ile-IAU
17449,tmRNA,tRNA,tRNA_tdbR00000172-Lupinus_luteus-3873-Ile-IAU
17450,tmRNA,tRNA,tRNA_tdbR00000175-Haloferax_volcanii-2246-Lys-NUU
17451,tmRNA,tRNA,tRNA_tdbR00000176-Haloferax_volcanii-2246-Lys-MUU
17452,tmRNA,tRNA,tRNA_tdbR00000177-Mycoplasma_capricolum-2095-Lys-CUU
17453,tmRNA,tRNA,tRNA_tdbR00000179-Bacillus_subtilis-1423-Lys-UU
17454,tmRNA,tRNA,tRNA_tdbR00000184-Asterias_amurensis-7602-Lys-CUU
17455,tmRNA,tRNA,tRNA_tdbR00000192-Saccharomyces_cerevisiae-4932-Lys-CUU
17456,tmRNA,tRNA,tRNA_tdbR00000194-Triticum_aestivum-4565-Lys-CUU
17457,tmRNA,tRNA,tRNA_tdbR00000196-Rattus_norvegicus-10116-Lys-CUN
17458,tmRNA,tRNA,tRNA_tdbR00000197-Rattus_norvegicus-10116-Lys-3UU
17459,tmRNA,tRNA,tRNA_tdbR00000199-Oryctolagus_cuniculus-9986-Lys-CUU
17460,tmRNA,tRNA,tRNA_tdbR00000206-Loligo_bleekeri-6617-Lys-UUU
17461,tmRNA,tRNA,tRNA_tdbR00000208-Mus_musculus-10090-Lys-CUN
17462,tmRNA,tRNA,tRNA_tdbR00000209-Enterobacteria_phage_T4-10665-Leu-NAA
17463,tmRNA,tRNA,tRNA_tdbR00000211-Haloferax_volcanii-2246-Leu-CAA
17464,tmRNA,tRNA,tRNA_tdbR00000216-Mycoplasma_capricolum-2095-Leu-BAA
17465,tmRNA,tRNA,tRNA_tdbR00000218-Mycoplasma_capricolum-2095-Leu-UAG
17466,tmRNA,tRNA,tRNA_tdbR00000221-Escherichia_coli-562-Leu-CAG
17467,tmRNA,tRNA,tRNA_tdbR00000222-Escherichia_coli-562-Leu-GAG
17468,tmRNA,tRNA,tRNA_tdbR00000225-Synechococcus_elongatus_PCC_6301-269084-Leu-CAA
17469,tmRNA,tRNA,tRNA_tdbR00000228-Glycine_max-3847-Leu-BAA
17470,tmRNA,tRNA,tRNA_tdbR00000230-Glycine_max-3847-Leu-UA7
17471,tmRNA,tRNA,tRNA_tdbR00000233-Phaseolus_vulgaris-3885-Leu-UA7
17472,tmRNA,tRNA,tRNA_tdbR00000234-Spinacia_oleracea-3562-Leu-UA7
17473,tmRNA,tRNA,tRNA_tdbR00000236-Neurospora_crassa-5141-Leu-UAG
17474,tmRNA,tRNA,tRNA_tdbR00000237-Saccharomyces_cerevisiae-4932-Leu-AA
17475,tmRNA,tRNA,tRNA_tdbR00000243-Rattus_norvegicus-10116-Leu-UAG
17476,tmRNA,tRNA,tRNA_tdbR00000244-Rattus_norvegicus-10116-Leu-UAG
17477,tmRNA,tRNA,tRNA_tdbR00000245-Rattus_norvegicus-10116-Leu-UAG
17478,tmRNA,tRNA,tRNA_tdbR00000252-Pichia_jadinii-4903-Leu-BAA
17479,tmRNA,tRNA,tRNA_tdbR00000254-Candida_cylindracea-44322-Leu-IAG
17480,tmRNA,tRNA,tRNA_tdbR00000270-Avian_myeloblastosis_virus-11866-Met-BAU
17481,tmRNA,tRNA,tRNA_tdbR00000273-Mycoplasma_capricolum-2095-Met-CAU
17482,tmRNA,tRNA,tRNA_tdbR00000277-Codium_fragile-3133-Met-CAU
17483,tmRNA,tRNA,tRNA_tdbR00000278-Scenedesmus_obliquus-3088-Met-CAU
17484,tmRNA,tRNA,tRNA_tdbR00000282-Ascaris_suum-6253-Met-AU
17485,tmRNA,tRNA,tRNA_tdbR00000285-Triticum_aestivum-4565-Met-BAU
17486,tmRNA,tRNA,tRNA_tdbR00000286-Lupinus_luteus-3873-Met-BAU
17487,tmRNA,tRNA,tRNA_tdbR00000291-Halobacterium_salinarum-2242-Asn-GUU
17488,tmRNA,tRNA,tRNA_tdbR00000294-Mycoplasma_capricolum-2095-Asn-GUU
17489,tmRNA,tRNA,tRNA_tdbR00000300-Saccharomyces_cerevisiae-4932-Asn-GUU
17490,tmRNA,tRNA,tRNA_tdbR00000301-Lupinus_luteus-3873-Asn-UU
17491,tmRNA,tRNA,tRNA_tdbR00000309-Enterobacteria_phage_T4-10665-Pro-NGG
17492,tmRNA,tRNA,tRNA_tdbR00000313-Haloferax_volcanii-2246-Pro-UGG
17493,tmRNA,tRNA,tRNA_tdbR00000316-Bacillus_subtilis-1423-Pro-5GG
17494,tmRNA,tRNA,tRNA_tdbR00000317-Salmonella_typhimurium-602-Pro-CGG
17495,tmRNA,tRNA,tRNA_tdbR00000328-Enterobacteria_phage_T5-10726-Gln-UUG
17496,tmRNA,tRNA,tRNA_tdbR00000333-Escherichia_coli-562-Gln-NUG
17497,tmRNA,tRNA,tRNA_tdbR00000336-Aedes_albopictus-7160-Gln-NUG
17498,tmRNA,tRNA,tRNA_tdbR00000337-Tetrahymena_thermophila-5911-Gln-CUA
17499,tmRNA,tRNA,tRNA_tdbR00000338-Tetrahymena_thermophila-5911-Gln-JUA
17500,tmRNA,tRNA,tRNA_tdbR00000342-Bos_taurus-9913-Gln-CUG
17501,tmRNA,tRNA,tRNA_tdbR00000343-Mus_musculus-10090-Gln-CUG
17502,tmRNA,tRNA,tRNA_tdbR00000346-Homo_sapiens-9606-Gln-NUG
17503,tmRNA,tRNA,tRNA_tdbR00000347-Enterobacteria_phage_T4-10665-Arg-NCU
17504,tmRNA,tRNA,tRNA_tdbR00000351-Haloferax_volcanii-2246-Arg-NCG
17505,tmRNA,tRNA,tRNA_tdbR00000352-Mycoplasma_capricolum-2095-Arg-ICG
17506,tmRNA,tRNA,tRNA_tdbR00000355-Escherichia_coli-562-Arg-ICG
17507,tmRNA,tRNA,tRNA_tdbR00000356-Escherichia_coli-562-Arg-ICG
17508,tmRNA,tRNA,tRNA_tdbR00000358-Escherichia_coli-562-Arg-CU
17509,tmRNA,tRNA,tRNA_tdbR00000360-Codium_fragile-3133-Arg-ICG
17510,tmRNA,tRNA,tRNA_tdbR00000363-Ascaris_suum-6253-Arg-PCU
17511,tmRNA,tRNA,tRNA_tdbR00000364-Ascaris_suum-6253-Arg-ACG
17512,tmRNA,tRNA,tRNA_tdbR00000365-Aedes_albopictus-7160-Arg-UCG
17513,tmRNA,tRNA,tRNA_tdbR00000368-Mesocricetus_auratus-10036-Arg-UCG
17514,tmRNA,tRNA,tRNA_tdbR00000371-Saccharomyces_cerevisiae-4932-Arg-1CU
17515,tmRNA,tRNA,tRNA_tdbR00000375-Bos_taurus-9913-Arg-CCU
17516,tmRNA,tRNA,tRNA_tdbR00000376-Bos_taurus-9913-Arg-3CP
17517,tmRNA,tRNA,tRNA_tdbR00000377-Mus_musculus-10090-Arg-ICG
17518,tmRNA,tRNA,tRNA_tdbR00000380-Halobacterium_salinarum-2242-Ser-MGA
17519,tmRNA,tRNA,tRNA_tdbR00000383-Haloferax_volcanii-2246-Ser-GGA
17520,tmRNA,tRNA,tRNA_tdbR00000386-Mycoplasma_mycoides-2102-Ser-UGA
17521,tmRNA,tRNA,tRNA_tdbR00000393-Escherichia_coli-562-Ser-GGA
17522,tmRNA,tRNA,tRNA_tdbR00000394-Escherichia_coli-562-Ser-VGA
17523,tmRNA,tRNA,tRNA_tdbR00000396-Saccharomyces_cerevisiae-4932-Ser-UGA
17524,tmRNA,tRNA,tRNA_tdbR00000397-Saccharomyces_cerevisiae-4932-Ser-UGA
17525,tmRNA,tRNA,tRNA_tdbR00000400-Loligo_bleekeri-6617-Ser-7CU
17526,tmRNA,tRNA,tRNA_tdbR00000403-Bos_taurus-9913-Ser-UGA
17527,tmRNA,tRNA,tRNA_tdbR00000406-Saccharomyces_cerevisiae-4932-Ser-NGA
17528,tmRNA,tRNA,tRNA_tdbR00000407-Saccharomyces_cerevisiae-4932-Ser-IGA
17529,tmRNA,tRNA,tRNA_tdbR00000408-Saccharomyces_cerevisiae-4932-Ser-IGA
17530,tmRNA,tRNA,tRNA_tdbR00000413-Candida_cylindracea-44322-Ser-GCU
17531,tmRNA,tRNA,tRNA_tdbR00000415-Nicotiana_rustica-4093-Ser-GA
17532,tmRNA,tRNA,tRNA_tdbR00000416-Nicotiana_rustica-4093-Ser-CGA
17533,tmRNA,tRNA,tRNA_tdbR00000424-Drosophila_melanogaster-7227-Ser-GCU
17534,tmRNA,tRNA,tRNA_tdbR00000430-Halobacterium_salinarum-2242-Thr-GGU
17535,tmRNA,tRNA,tRNA_tdbR00000431-Haloferax_volcanii-2246-Thr-CGU
17536,tmRNA,tRNA,tRNA_tdbR00000432-Haloferax_volcanii-2246-Thr-GGU
17537,tmRNA,tRNA,tRNA_tdbR00000439-Spinacia_oleracea-3562-Thr-GGU
17538,tmRNA,tRNA,tRNA_tdbR00000443-Saccharomyces_cerevisiae-4932-Thr-IGU
17539,tmRNA,tRNA,tRNA_tdbR00000445-Bos_taurus-9913-Thr-IGU
17540,tmRNA,tRNA,tRNA_tdbR00000446-Halobacterium_salinarum-2242-Val-CAC
17541,tmRNA,tRNA,tRNA_tdbR00000448-Halobacterium_salinarum-2242-Val-GAC
17542,tmRNA,tRNA,tRNA_tdbR00000451-Mycoplasma_capricolum-2095-Val-UAC
17543,tmRNA,tRNA,tRNA_tdbR00000453-Bacillus_subtilis-1423-Val-5AC
17544,tmRNA,tRNA,tRNA_tdbR00000455-Escherichia_coli-562-Val-GAC
17545,tmRNA,tRNA,tRNA_tdbR00000459-Neurospora_crassa-5141-Val-UAC
17546,tmRNA,tRNA,tRNA_tdbR00000461-Rattus_norvegicus-10116-Val-UAC
17547,tmRNA,tRNA,tRNA_tdbR00000463-Bos_taurus-9913-Val-UAC
17548,tmRNA,tRNA,tRNA_tdbR00000465-Saccharomyces_cerevisiae-4932-Val-CAC
17549,tmRNA,tRNA,tRNA_tdbR00000467-Pichia_jadinii-4903-Val-IAC
17550,tmRNA,tRNA,tRNA_tdbR00000471-Oryctolagus_cuniculus-9986-Val-IAC
17551,tmRNA,tRNA,tRNA_tdbR00000472-Drosophila_melanogaster-7227-Val-IAC
17552,tmRNA,tRNA,tRNA_tdbR00000475-Mus_musculus-10090-Val-IAC
17553,tmRNA,tRNA,tRNA_tdbR00000477-Avian_myeloblastosis_virus-11866-Trp-BCA
17554,tmRNA,tRNA,tRNA_tdbR00000478-Haloferax_volcanii-2246-Trp-BCA
17555,tmRNA,tRNA,tRNA_tdbR00000480-Mycoplasma_capricolum-2095-Trp-CA
17556,tmRNA,tRNA,tRNA_tdbR00000482-Spiroplasma_citri-2133-Trp-CCA
17557,tmRNA,tRNA,tRNA_tdbR00000485-Nicotiana_tabacum-4097-Trp-BCA
17558,tmRNA,tRNA,tRNA_tdbR00000486-Phaseolus_vulgaris-3885-Trp-BCA
17559,tmRNA,tRNA,tRNA_tdbR00000488-Tetrahymena_thermophila-5911-Trp-CA
17560,tmRNA,tRNA,tRNA_tdbR00000492-Rattus_norvegicus-10116-Trp-NCA
17561,tmRNA,tRNA,tRNA_tdbR00000497-Bos_taurus-9913-Trp-BCA
17562,tmRNA,tRNA,tRNA_tdbR00000498-Gallus_gallus-9031-Trp-BCA
17563,tmRNA,tRNA,tRNA_tdbR00000499-Halobacterium_salinarum-2242-Ini-CAU
17564,tmRNA,tRNA,tRNA_tdbR00000500-Haloferax_volcanii-2246-Ini-CAU
17565,tmRNA,tRNA,tRNA_tdbR00000504-Mycoplasma_capricolum-2095-Ini-CAU
17566,tmRNA,tRNA,tRNA_tdbR00000505-Mycoplasma_mycoides-2102-Ini-CAU
17567,tmRNA,tRNA,tRNA_tdbR00000506-Streptomyces_griseus-1911-Ini-CAU
17568,tmRNA,tRNA,tRNA_tdbR00000507-Bacillus_subtilis-1423-Ini-CAU
17569,tmRNA,tRNA,tRNA_tdbR00000510-Escherichia_coli-562-Ini-CAU
17570,tmRNA,tRNA,tRNA_tdbR00000512-Mycobacterium_smegmatis-1772-Ini-CAU
17571,tmRNA,tRNA,tRNA_tdbR00000514-Scenedesmus_obliquus-3088-Ini-CAU
17572,tmRNA,tRNA,tRNA_tdbR00000519-Phaseolus_vulgaris-3885-Ini-CAU
17573,tmRNA,tRNA,tRNA_tdbR00000522-Bos_taurus-9913-Ini-AU
17574,tmRNA,tRNA,tRNA_tdbR00000523-Tetrahymena_thermophila-5911-Ini-CAU
17575,tmRNA,tRNA,tRNA_tdbR00000529-Triticum_aestivum-4565-Ini-CAU
17576,tmRNA,tRNA,tRNA_tdbR00000532-Oryctolagus_cuniculus-9986-Ini-CAU
17577,tmRNA,tRNA,tRNA_tdbR00000533-Drosophila_melanogaster-7227-Ini-CAU
17578,tmRNA,tRNA,tRNA_tdbR00000534-Euphausia_superba-6819-Ini-CAU
17579,tmRNA,tRNA,tRNA_tdbR00000535-Xenopus_laevis-8355-Ini-CAU
17580,tmRNA,tRNA,tRNA_tdbR00000539-Ovis_aries-9940-Ini-CAU
17581,tmRNA,tRNA,tRNA_tdbR00000545-Escherichia_coli-562-Tyr-QUA
17582,tmRNA,tRNA,tRNA_tdbR00000546-Escherichia_coli-562-Tyr-QUA
17583,tmRNA,tRNA,tRNA_tdbR00000548-Scenedesmus_obliquus-3088-Tyr-GUA
17584,tmRNA,tRNA,tRNA_tdbR00000556-Schizosaccharomyces_pombe-4896-Tyr-GPA
17585,tmRNA,tRNA,tRNA_tdbR00000559-Triticum_aestivum-4565-Tyr-GPA
17586,tmRNA,tRNA,tRNA_tdbR00000560-Lupinus_luteus-3873-Tyr-GPA
17587,tmRNA,tRNA,tRNA_tdbR00000565-Bos_taurus-9913-Tyr-9PA
17588,tmRNA,tRNA,tRNA_tdbR00000572-Leishmania_tarentolae-5689-Lys-1UU
17589,tmRNA,tRNA,tRNA_tdbR00000575-Leishmania_tarentolae-5689-Thr-CGU
17590,tmRNA,tRNA,tRNA_tdbR00000578-Leishmania_tarentolae-5689-Glu-3UC
17591,tmRNA,tRNA,tRNA_tdbR00000581-Aeropyrum_pernix-56636-Lys-CUU
17592,tmRNA,tRNA,tRNA_tdbR00000584-Aeropyrum_pernix-56636-Pro-GGG
17593,tmRNA,tRNA,tRNA_tdbR00000587-Aeropyrum_pernix-56636-Met-CAU
17594,tmRNA,tRNA,tRNA_tdbR00000590-Ascaris_suum-6253-Glu-UC
17595,tmRNA,tRNA,tRNA_tdbR00000593-Ascaris_suum-6253-Trp-CA
17596,tmRNA,tRNA,tRNA_tdbR00000605-Lupinus_luteus-3873-Leu-CAG
17597,tmRNA,tRNA,tRNA_tdbR00000611-Sinorhizobium_meliloti-382-His-GUG
17598,tmRNA,tRNA,tRNA_tdbR00000613-Nanoarchaeum_equitans-160232-Glu-CUC
17599,tmRNA,tRNA,tRNA_tdbR00000616-Nanoarchaeum_equitans-160232-Lys-CUU
17600,tmRNA,tRNA,tRNA_tdbR00000617-Nanoarchaeum_equitans-160232-Gln-UUG
17601,tmRNA,tRNA,tRNA_tdbR00000618-Candida_albicans-5476-Leu-CAG
17602,tmRNA,telomerase,telomerase_AC121792.109554-109950
17603,tmRNA,telomerase,telomerase_AF147806.247-692
17604,tmRNA,telomerase,telomerase_AF221906.96-545
17605,tmRNA,telomerase,telomerase_AF221908.136-584
17606,tmRNA,telomerase,telomerase_AF221909.98-496
17607,tmRNA,telomerase,telomerase_AF221910.112-554
17608,tmRNA,telomerase,telomerase_AF221911.104-513
17609,tmRNA,telomerase,telomerase_AF221912.98-564
17610,tmRNA,telomerase,telomerase_AF221913.109-520
17611,tmRNA,telomerase,telomerase_AF221914.112-589
17612,tmRNA,telomerase,telomerase_AF221916.94-481
17613,tmRNA,telomerase,telomerase_AF221917.99-542
17614,tmRNA,telomerase,telomerase_AF221918.97-547
17615,tmRNA,telomerase,telomerase_AF221919.107-614
17616,tmRNA,telomerase,telomerase_AF221920.99-541
17617,tmRNA,telomerase,telomerase_AF221921.98-548
17618,tmRNA,telomerase,telomerase_AF221923.106-554
17619,tmRNA,telomerase,telomerase_AF221924.105-538
17620,tmRNA,telomerase,telomerase_AF221925.98-540
17621,tmRNA,telomerase,telomerase_AF221926.103-507
17622,tmRNA,telomerase,telomerase_AF221927.113-556
17623,tmRNA,telomerase,telomerase_AF221928.95-476
17624,tmRNA,telomerase,telomerase_AF221929.92-517
17625,tmRNA,telomerase,telomerase_AF221930.94-546
17626,tmRNA,telomerase,telomerase_AF221931.99-541
17627,tmRNA,telomerase,telomerase_AF221932.102-549
17628,tmRNA,telomerase,telomerase_AF221934.121-565
17629,tmRNA,telomerase,telomerase_AF221935.112-602
17630,tmRNA,telomerase,telomerase_AF221936.98-540
17631,tmRNA,telomerase,telomerase_AF221937.99-545
17632,tmRNA,telomerase,telomerase_AF221939.99-544
17633,tmRNA,telomerase,telomerase_AF221940.103-499
17634,tmRNA,telomerase,telomerase_AY058901.1-397
17635,tmRNA,telomerase,telomerase_AY312571.605-1069
17636,tmRNA,telomerase,telomerase_U85256.1-451
17637,tmRNA,telomerase,telomerase_AC121792.109554-109950
17638,tmRNA,telomerase,telomerase_AF147806.247-692
17639,tmRNA,telomerase,telomerase_AF221906.96-545
17640,tmRNA,telomerase,telomerase_AF221908.136-584
17641,tmRNA,telomerase,telomerase_AF221909.98-496
17642,tmRNA,telomerase,telomerase_AF221910.112-554
17643,tmRNA,telomerase,telomerase_AF221911.104-513
17644,tmRNA,telomerase,telomerase_AF221912.98-564
17645,tmRNA,telomerase,telomerase_AF221913.109-520
17646,tmRNA,telomerase,telomerase_AF221914.112-589
17647,tmRNA,telomerase,telomerase_AF221916.94-481
17648,tmRNA,telomerase,telomerase_AF221917.99-542
17649,tmRNA,telomerase,telomerase_AF221918.97-547
17650,tmRNA,telomerase,telomerase_AF221919.107-614
17651,tmRNA,telomerase,telomerase_AF221920.99-541
17652,tmRNA,telomerase,telomerase_AF221921.98-548
17653,tmRNA,telomerase,telomerase_AF221923.106-554
17654,tmRNA,telomerase,telomerase_AF221924.105-538
17655,tmRNA,telomerase,telomerase_AF221925.98-540
17656,tmRNA,telomerase,telomerase_AF221926.103-507
17657,tmRNA,telomerase,telomerase_AF221927.113-556
17658,tmRNA,telomerase,telomerase_AF221928.95-476
17659,tmRNA,telomerase,telomerase_AF221929.92-517
17660,tmRNA,telomerase,telomerase_AF221930.94-546
17661,tmRNA,telomerase,telomerase_AF221931.99-541
17662,tmRNA,telomerase,telomerase_AF221932.102-549
17663,tmRNA,telomerase,telomerase_AF221934.121-565
17664,tmRNA,telomerase,telomerase_AF221935.112-602
17665,tmRNA,telomerase,telomerase_AF221936.98-540
17666,tmRNA,telomerase,telomerase_AF221937.99-545
17667,tmRNA,telomerase,telomerase_AF221939.99-544
17668,tmRNA,telomerase,telomerase_AF221940.103-499
17669,tmRNA,telomerase,telomerase_AY058901.1-397
17670,tmRNA,telomerase,telomerase_AY312571.605-1069
17671,tmRNA,telomerase,telomerase_U85256.1-451
17672,tmRNA,telomerase,telomerase_AC121792.109554-109950
17673,tmRNA,telomerase,telomerase_AF147806.247-692
17674,tmRNA,telomerase,telomerase_AF221906.96-545
17675,tmRNA,telomerase,telomerase_AF221908.136-584
17676,tmRNA,telomerase,telomerase_AF221909.98-496
17677,tmRNA,telomerase,telomerase_AF221910.112-554
17678,tmRNA,telomerase,telomerase_AF221911.104-513
17679,tmRNA,telomerase,telomerase_AF221912.98-564
17680,tmRNA,telomerase,telomerase_AF221913.109-520
17681,tmRNA,telomerase,telomerase_AF221914.112-589
17682,tmRNA,telomerase,telomerase_AF221916.94-481
17683,tmRNA,telomerase,telomerase_AF221917.99-542
17684,tmRNA,telomerase,telomerase_AF221918.97-547
17685,tmRNA,telomerase,telomerase_AF221919.107-614
17686,tmRNA,telomerase,telomerase_AF221920.99-541
17687,tmRNA,telomerase,telomerase_AF221921.98-548
17688,tmRNA,telomerase,telomerase_AF221923.106-554
17689,tmRNA,telomerase,telomerase_AF221924.105-538
17690,tmRNA,telomerase,telomerase_AF221925.98-540
17691,tmRNA,telomerase,telomerase_AF221926.103-507
17692,tmRNA,telomerase,telomerase_AF221927.113-556
17693,tmRNA,telomerase,telomerase_AF221928.95-476
17694,tmRNA,telomerase,telomerase_AF221929.92-517
17695,tmRNA,telomerase,telomerase_AF221930.94-546
17696,tmRNA,telomerase,telomerase_AF221931.99-541
17697,tmRNA,telomerase,telomerase_AF221932.102-549
17698,tmRNA,telomerase,telomerase_AF221934.121-565
17699,tmRNA,telomerase,telomerase_AF221935.112-602
17700,tmRNA,telomerase,telomerase_AF221936.98-540
17701,tmRNA,telomerase,telomerase_AF221937.99-545
17702,tmRNA,telomerase,telomerase_AF221939.99-544
17703,tmRNA,telomerase,telomerase_AF221940.103-499
17704,tmRNA,telomerase,telomerase_AY058901.1-397
17705,tmRNA,telomerase,telomerase_AY312571.605-1069
17706,tmRNA,telomerase,telomerase_U85256.1-451
17707,tmRNA,telomerase,telomerase_AC121792.109554-109950
17708,tmRNA,telomerase,telomerase_AF147806.247-692
17709,tmRNA,telomerase,telomerase_AF221906.96-545
17710,tmRNA,telomerase,telomerase_AF221908.136-584
17711,tmRNA,telomerase,telomerase_AF221909.98-496
17712,tmRNA,telomerase,telomerase_AF221910.112-554
17713,tmRNA,telomerase,telomerase_AF221911.104-513
17714,tmRNA,telomerase,telomerase_AF221912.98-564
17715,tmRNA,telomerase,telomerase_AF221913.109-520
17716,tmRNA,telomerase,telomerase_AF221914.112-589
17717,tmRNA,telomerase,telomerase_AF221916.94-481
17718,tmRNA,telomerase,telomerase_AF221917.99-542
17719,tmRNA,telomerase,telomerase_AF221918.97-547
17720,tmRNA,telomerase,telomerase_AF221919.107-614
17721,tmRNA,telomerase,telomerase_AF221920.99-541
17722,tmRNA,telomerase,telomerase_AF221921.98-548
17723,tmRNA,telomerase,telomerase_AF221923.106-554
17724,tmRNA,telomerase,telomerase_AF221924.105-538
17725,tmRNA,telomerase,telomerase_AF221925.98-540
17726,tmRNA,telomerase,telomerase_AF221926.103-507
17727,tmRNA,telomerase,telomerase_AF221927.113-556
17728,tmRNA,telomerase,telomerase_AF221928.95-476
17729,tmRNA,telomerase,telomerase_AF221929.92-517
17730,tmRNA,telomerase,telomerase_AF221930.94-546
17731,tmRNA,telomerase,telomerase_AF221931.99-541
17732,tmRNA,telomerase,telomerase_AF221932.102-549
17733,tmRNA,telomerase,telomerase_AF221934.121-565
17734,tmRNA,telomerase,telomerase_AF221935.112-602
17735,tmRNA,telomerase,telomerase_AF221936.98-540
17736,tmRNA,telomerase,telomerase_AF221937.99-545
17737,tmRNA,telomerase,telomerase_AF221939.99-544
17738,tmRNA,telomerase,telomerase_AF221940.103-499
17739,tmRNA,telomerase,telomerase_AY058901.1-397
17740,tmRNA,telomerase,telomerase_AY312571.605-1069
17741,tmRNA,telomerase,telomerase_U85256.1-451
17742,tmRNA,telomerase,telomerase_AC121792.109554-109950
17743,tmRNA,telomerase,telomerase_AF147806.247-692
17744,tmRNA,telomerase,telomerase_AF221906.96-545
17745,tmRNA,telomerase,telomerase_AF221908.136-584
17746,tmRNA,telomerase,telomerase_AF221909.98-496
17747,tmRNA,telomerase,telomerase_AF221910.112-554
17748,tmRNA,telomerase,telomerase_AF221911.104-513
17749,tmRNA,telomerase,telomerase_AF221912.98-564
17750,tmRNA,telomerase,telomerase_AF221913.109-520
17751,tmRNA,telomerase,telomerase_AF221914.112-589
17752,tmRNA,telomerase,telomerase_AF221916.94-481
17753,tmRNA,telomerase,telomerase_AF221917.99-542
17754,tmRNA,telomerase,telomerase_AF221918.97-547
17755,tmRNA,telomerase,telomerase_AF221919.107-614
17756,tmRNA,telomerase,telomerase_AF221920.99-541
17757,tmRNA,telomerase,telomerase_AF221921.98-548
17758,tmRNA,telomerase,telomerase_AF221923.106-554
17759,tmRNA,telomerase,telomerase_AF221924.105-538
17760,tmRNA,telomerase,telomerase_AF221925.98-540
17761,tmRNA,telomerase,telomerase_AF221926.103-507
17762,tmRNA,telomerase,telomerase_AF221927.113-556
17763,tmRNA,telomerase,telomerase_AF221928.95-476
17764,tmRNA,telomerase,telomerase_AF221929.92-517
17765,tmRNA,telomerase,telomerase_AF221930.94-546
17766,tmRNA,telomerase,telomerase_AF221931.99-541
17767,tmRNA,telomerase,telomerase_AF221932.102-549
17768,tmRNA,telomerase,telomerase_AF221934.121-565
17769,tmRNA,telomerase,telomerase_AF221935.112-602
17770,tmRNA,telomerase,telomerase_AF221936.98-540
17771,tmRNA,telomerase,telomerase_AF221937.99-545
17772,tmRNA,telomerase,telomerase_AF221939.99-544
17773,tmRNA,telomerase,telomerase_AF221940.103-499
17774,tmRNA,telomerase,telomerase_AY058901.1-397
17775,tmRNA,telomerase,telomerase_AY312571.605-1069
17776,tmRNA,telomerase,telomerase_U85256.1-451
17777,tmRNA,telomerase,telomerase_AC121792.109554-109950
17778,tmRNA,telomerase,telomerase_AF147806.247-692
17779,tmRNA,telomerase,telomerase_AF221906.96-545
17780,tmRNA,telomerase,telomerase_AF221908.136-584
17781,tmRNA,telomerase,telomerase_AF221909.98-496
17782,tmRNA,telomerase,telomerase_AF221910.112-554
17783,tmRNA,telomerase,telomerase_AF221911.104-513
17784,tmRNA,telomerase,telomerase_AF221912.98-564
17785,tmRNA,telomerase,telomerase_AF221913.109-520
17786,tmRNA,telomerase,telomerase_AF221914.112-589
17787,tmRNA,telomerase,telomerase_AF221916.94-481
17788,tmRNA,telomerase,telomerase_AF221917.99-542
17789,tmRNA,telomerase,telomerase_AF221918.97-547
17790,tmRNA,telomerase,telomerase_AF221919.107-614
17791,tmRNA,telomerase,telomerase_AF221920.99-541
17792,tmRNA,telomerase,telomerase_AF221921.98-548
17793,tmRNA,telomerase,telomerase_AF221923.106-554
17794,tmRNA,telomerase,telomerase_AF221924.105-538
17795,tmRNA,telomerase,telomerase_AF221925.98-540
17796,tmRNA,telomerase,telomerase_AF221926.103-507
17797,tmRNA,telomerase,telomerase_AF221927.113-556
17798,tmRNA,telomerase,telomerase_AF221928.95-476
17799,tmRNA,telomerase,telomerase_AF221929.92-517
17800,tmRNA,telomerase,telomerase_AF221930.94-546
17801,tmRNA,telomerase,telomerase_AF221931.99-541
17802,tmRNA,tmRNA,tmRNA_Acid.caps._TRW-240015_1-352
17803,tmRNA,tmRNA,tmRNA_Acid.ferr._TRW-133824_1-364
17804,tmRNA,tmRNA,tmRNA_Acid.ferr._TRW-243159_1-364
17805,tmRNA,tmRNA,tmRNA_Acid.ferr._TRW-920_1-341
17806,tmRNA,tmRNA,tmRNA_Acin.spec._CR543861_1-360
17807,tmRNA,tmRNA,tmRNA_Acti.acti._TRW-272556_1-366
17808,tmRNA,tmRNA,tmRNA_Acti.naes._TRW-240017_1-371
17809,tmRNA,tmRNA,tmRNA_Acti.pleu._TRW-228399_1-366
17810,tmRNA,tmRNA,tmRNA_Acti.pleu._TRW-44294_1-366
17811,tmRNA,tmRNA,tmRNA_Acti.succ._TRW-339671_1-367
17812,tmRNA,tmRNA,tmRNA_Aero.hydr._AY442269_1-360
17813,tmRNA,tmRNA,tmRNA_Aero.hydr._CP000462_1-360
17814,tmRNA,tmRNA,tmRNA_Alka.meta._TRW-293826_1-355
17815,tmRNA,tmRNA,tmRNA_Anab.vari._CP000117_1-390
17816,tmRNA,tmRNA,tmRNA_Aqui.aeol._AE000749_1-344
17817,tmRNA,tmRNA,tmRNA_Aqui.aeol._TRW-63363_1-347
17818,tmRNA,tmRNA,tmRNA_Arth.spec._CP000454_1-369
17819,tmRNA,tmRNA,tmRNA_Aste.yell._CP000061_1-426
17820,tmRNA,tmRNA,tmRNA_Aste.yell._TRW-322098_1-426
17821,tmRNA,tmRNA,tmRNA_Azoa.spec._TRW-62928_1-378
17822,tmRNA,tmRNA,tmRNA_Azot.vine._TRW-354_1-352
17823,tmRNA,tmRNA,tmRNA_Baci.G._TRW-12333_1-312
17824,tmRNA,tmRNA,tmRNA_Baci.anth._AE016879_1-355
17825,tmRNA,tmRNA,tmRNA_Baci.cere._AE017194_1-355
17826,tmRNA,tmRNA,tmRNA_Baci.cere._TRW-226900_1-355
17827,tmRNA,tmRNA,tmRNA_Baci.cere._TRW-288681_1-355
17828,tmRNA,tmRNA,tmRNA_Baci.clau._AP006627_1-355
17829,tmRNA,tmRNA,tmRNA_Baci.halo._BA000004_1-361
17830,tmRNA,tmRNA,tmRNA_Baci.lich._CP000002_1-356
17831,tmRNA,tmRNA,tmRNA_Baci.subt._TRW-1423_1-363
17832,tmRNA,tmRNA,tmRNA_Baci.subt._Z99121_1-360
17833,tmRNA,tmRNA,tmRNA_Baci.thur._AE017355_1-355
17834,tmRNA,tmRNA,tmRNA_Bact.frag._CR626927_1-398
17835,tmRNA,tmRNA,tmRNA_Bact.frag._TRW-817_1-398
17836,tmRNA,tmRNA,tmRNA_Bact.mari._TRW-97084_1-385
17837,tmRNA,tmRNA,tmRNA_Bact.thet._AE015928_1-397
17838,tmRNA,tmRNA,tmRNA_Bdel.bact._BX842656_1-346
17839,tmRNA,tmRNA,tmRNA_Bifi.long._TRW-205913_1-397
17840,tmRNA,tmRNA,tmRNA_Bifi.long._TRW-206672_1-397
17841,tmRNA,tmRNA,tmRNA_Bloc.flor._BX248583_1-393
17842,tmRNA,tmRNA,tmRNA_Bloc.penn._CP000016_1-392
17843,tmRNA,tmRNA,tmRNA_Bord.aviu._AM167904_1-406
17844,tmRNA,tmRNA,tmRNA_Bord.bron._TRW-257310_1-387
17845,tmRNA,tmRNA,tmRNA_Bord.para._TRW-257311_1-387
17846,tmRNA,tmRNA,tmRNA_Bord.pert._TRW-257313_1-387
17847,tmRNA,tmRNA,tmRNA_Borr.burg._AE001118_1-359
17848,tmRNA,tmRNA,tmRNA_Borr.burg._TRW-224326_1-362
17849,tmRNA,tmRNA,tmRNA_Borr.gari._CP000013_1-363
17850,tmRNA,tmRNA,tmRNA_Brev.line._TRW-321955_1-377
17851,tmRNA,tmRNA,tmRNA_Buch.aphi._AE013218_1-376
17852,tmRNA,tmRNA,tmRNA_Buch.aphi._AE016826_1-367
17853,tmRNA,tmRNA,tmRNA_Buch.aphi._BD061520_1-369
17854,tmRNA,tmRNA,tmRNA_Burk.ceno._CP000378_1-370
17855,tmRNA,tmRNA,tmRNA_Burk.ceno._TRW-216591_1-370
17856,tmRNA,tmRNA,tmRNA_Burk.fung._TRW-266265_1-370
17857,tmRNA,tmRNA,tmRNA_Burk.mall._CP000010_1-370
17858,tmRNA,tmRNA,tmRNA_Burk.pseu._TRW-28450_1-370
17859,tmRNA,tmRNA,tmRNA_Burk.spec._CP000151_1-370
17860,tmRNA,tmRNA,tmRNA_Burk.thai._CP000086_1-370
17861,tmRNA,tmRNA,tmRNA_Burk.viet._TRW-269482_1-370
17862,tmRNA,tmRNA,tmRNA_Burk.xeno._CP000270_1-370
17863,tmRNA,tmRNA,tmRNA_Cald.sacc._TRW-351627_1-368
17864,tmRNA,tmRNA,tmRNA_Camp.coli._AL111168_1-359
17865,tmRNA,tmRNA,tmRNA_Camp.coli._TRW-306254_1-359
17866,tmRNA,tmRNA,tmRNA_Camp.fetu._AY211269_1-361
17867,tmRNA,tmRNA,tmRNA_Camp.jeju._AL139078_1-356
17868,tmRNA,tmRNA,tmRNA_Camp.jeju._AX048472_1-359
17869,tmRNA,tmRNA,tmRNA_Camp.jeju._CP000025_1-359
17870,tmRNA,tmRNA,tmRNA_Camp.lari._TRW-306263_1-359
17871,tmRNA,tmRNA,tmRNA_Camp.upsa._TRW-306264_1-359
17872,tmRNA,tmRNA,tmRNA_Carb.hydr._CP000141_1-359
17873,tmRNA,tmRNA,tmRNA_Carn.malt._AF275938_1-366
17874,tmRNA,tmRNA,tmRNA_Chla.abor._CR848038_1-425
17875,tmRNA,tmRNA,tmRNA_Chla.cavi._AE015925_1-425
17876,tmRNA,tmRNA,tmRNA_Chla.muri._AE002296_1-418
17877,tmRNA,tmRNA,tmRNA_Chla.muri._TRW-83560_1-421
17878,tmRNA,tmRNA,tmRNA_Chla.pneu._AE002224_1-423
17879,tmRNA,tmRNA,tmRNA_Chla.pneu._TRW-83558_1-426
17880,tmRNA,tmRNA,tmRNA_Chla.trac._AE001276_1-417
17881,tmRNA,tmRNA,tmRNA_Chla.trac._TRW-272561_1-420
17882,tmRNA,tmRNA,tmRNA_Chla.trac._TRW-813-1_1-420
17883,tmRNA,tmRNA,tmRNA_Chla.trac._TRW-813-2_1-420
17884,tmRNA,tmRNA,tmRNA_Chlo.aura._AY040836_1-361
17885,tmRNA,tmRNA,tmRNA_Chlo.chlo._CP000108_1-401
17886,tmRNA,tmRNA,tmRNA_Chlo.tepi._TRW-194439_1-404
17887,tmRNA,tmRNA,tmRNA_Chro.sale._CP000285_1-380
17888,tmRNA,tmRNA,tmRNA_Chro.viol._AE016825_1-365
17889,tmRNA,tmRNA,tmRNA_Citr.rode._TRW-67825_1-365
17890,tmRNA,tmRNA,tmRNA_Clav.mich._TRW-31964_1-376
17891,tmRNA,tmRNA,tmRNA_Clos.acet._AE001437_1-359
17892,tmRNA,tmRNA,tmRNA_Clos.acet._AE007587_1-356
17893,tmRNA,tmRNA,tmRNA_Clos.botu._TRW-36826_1-355
17894,tmRNA,tmRNA,tmRNA_Clos.diff._AM180355_1-350
17895,tmRNA,tmRNA,tmRNA_Clos.diff._TRW-367459_1-350
17896,tmRNA,tmRNA,tmRNA_Clos.perf._AP003190_1-358
17897,tmRNA,tmRNA,tmRNA_Clos.perf._CP000246_1-361
17898,tmRNA,tmRNA,tmRNA_Clos.perf._CP000312_1-361
17899,tmRNA,tmRNA,tmRNA_Clos.perf._TRW-195102_1-361
17900,tmRNA,tmRNA,tmRNA_Clos.teta._AE015927_1-355
17901,tmRNA,tmRNA,tmRNA_Clos.ther._TRW-203119_1-387
17902,tmRNA,tmRNA,tmRNA_Colw.psyc._CP000083_1-350
17903,tmRNA,tmRNA,tmRNA_Copr.prot._TRW-351627_1-353
17904,tmRNA,tmRNA,tmRNA_Cory.diph._BX248356_1-385
17905,tmRNA,tmRNA,tmRNA_Cory.effi._BA000035_1-376
17906,tmRNA,tmRNA,tmRNA_Cory.glut._BX927150_1-377
17907,tmRNA,tmRNA,tmRNA_Coxi.burn._AE016828_1-360
17908,tmRNA,tmRNA,tmRNA_Croc.wats._TRW-165597_1-386
17909,tmRNA,tmRNA,tmRNA_Cyan.cald._AF022186_1-254
17910,tmRNA,tmRNA,tmRNA_Cyan.mero._AY286123_1-236
17911,tmRNA,tmRNA,tmRNA_Cyan.mero._TRW-45157_1-236
17912,tmRNA,tmRNA,tmRNA_Cyan.para._TRW-2762_1-294
17913,tmRNA,tmRNA,tmRNA_Cyan.para._U30821_1-291
17914,tmRNA,tmRNA,tmRNA_Cyto.hutc._CP000383_1-404
17915,tmRNA,tmRNA,tmRNA_Deha.ethe._CP000027_1-352
17916,tmRNA,tmRNA,tmRNA_Dein.geot._CP000359_1-348
17917,tmRNA,tmRNA,tmRNA_Dein.radi._AE001939_1-346
17918,tmRNA,tmRNA,tmRNA_Dein.radi._TRW-243230_1-349
17919,tmRNA,tmRNA,tmRNA_Desu.acet._TRW-281689_1-353
17920,tmRNA,tmRNA,tmRNA_Desu.desu._CP000112_1-360
17921,tmRNA,tmRNA,tmRNA_Desu.psyc._CR522870_1-366
17922,tmRNA,tmRNA,tmRNA_Desu.vulg._AE017285_1-352
17923,tmRNA,tmRNA,tmRNA_Dich.nodo._TRW-35819_1-352
17924,tmRNA,tmRNA,tmRNA_Dict.ther._TRW-14_1-350
17925,tmRNA,tmRNA,tmRNA_Emil.huxl._AY741371_1-291
17926,tmRNA,tmRNA,tmRNA_Emil.huxl._TRW-280463_1-291
17927,tmRNA,tmRNA,tmRNA_Ente.faec._BD193796_1-367
17928,tmRNA,tmRNA,tmRNA_Ente.faec._TRW-1352_1-367
17929,tmRNA,tmRNA,tmRNA_Ente.saka._TRW-28141_1-364
17930,tmRNA,tmRNA,tmRNA_Erwi.amyl._TRW-552_1-381
17931,tmRNA,tmRNA,tmRNA_Erwi.caro._BX950851_1-363
17932,tmRNA,tmRNA,tmRNA_Erwi.chry._TRW-198628_1-381
17933,tmRNA,tmRNA,tmRNA_Esch.coli._AE005491_1-363
17934,tmRNA,tmRNA,tmRNA_Esch.coli._AP009048_1-363
17935,tmRNA,tmRNA,tmRNA_Esch.coli._BA000007_1-363
17936,tmRNA,tmRNA,tmRNA_Esch.coli._CP000243_1-363
17937,tmRNA,tmRNA,tmRNA_Esch.coli._CP000247_1-363
17938,tmRNA,tmRNA,tmRNA_Esch.coli._CP000468_1-363
17939,tmRNA,tmRNA,tmRNA_Esch.coli._D12501_1-363
17940,tmRNA,tmRNA,tmRNA_Esch.coli._D90888_1-363
17941,tmRNA,tmRNA,tmRNA_Esch.coli._TRW-331111_1-363
17942,tmRNA,tmRNA,tmRNA_Esch.coli._U00096_1-363
17943,tmRNA,tmRNA,tmRNA_Esch.coli._U36840_1-363
17944,tmRNA,tmRNA,tmRNA_Exig.sibi._TRW-262543_1-359
17945,tmRNA,tmRNA,tmRNA_Fibr.succ._TRW-59374_1-361
17946,tmRNA,tmRNA,tmRNA_Fran.spec._CP000249_1-374
17947,tmRNA,tmRNA,tmRNA_Fran.spec._TRW-298653_1-375
17948,tmRNA,tmRNA,tmRNA_Fran.tula._AJ749949_1-421
17949,tmRNA,tmRNA,tmRNA_Fran.tula._AM233362_1-421
17950,tmRNA,tmRNA,tmRNA_Fran.tula._AM286280_1-421
17951,tmRNA,tmRNA,tmRNA_Fran.tula._CP000437_1-421
17952,tmRNA,tmRNA,tmRNA_Fuso.nucl._AE009951_1-344
17953,tmRNA,tmRNA,tmRNA_Fuso.nucl._AE010567_1-341
17954,tmRNA,tmRNA,tmRNA_Fuso.nucl._TRW-209882_1-344
17955,tmRNA,tmRNA,tmRNA_Fuso.nucl._TRW-393480_1-344
17956,tmRNA,tmRNA,tmRNA_Gemm.obsc._TRW-214688_1-412
17957,tmRNA,tmRNA,tmRNA_Geob.kaus._BA000043_1-352
17958,tmRNA,tmRNA,tmRNA_Geob.meta._CP000148_1-356
17959,tmRNA,tmRNA,tmRNA_Geob.stea._TRW-1422_1-352
17960,tmRNA,tmRNA,tmRNA_Geob.sulf._AE017180_1-356
17961,tmRNA,tmRNA,tmRNA_Grac.tenu._AY673996_1-396
17962,tmRNA,tmRNA,tmRNA_Guil.thet._AF041468_1-327
17963,tmRNA,tmRNA,tmRNA_Guil.thet._TRW-55529_1-330
17964,tmRNA,tmRNA,tmRNA_Haem.ducr._AE017143_1-367
17965,tmRNA,tmRNA,tmRNA_Haem.infl._AY599475_1-366
17966,tmRNA,tmRNA,tmRNA_Haem.infl._CP000057_1-366
17967,tmRNA,tmRNA,tmRNA_Haem.infl._L42023_1-366
17968,tmRNA,tmRNA,tmRNA_Haem.infl._TRW-262727_1-366
17969,tmRNA,tmRNA,tmRNA_Haem.infl._TRW-262728_1-366
17970,tmRNA,tmRNA,tmRNA_Haem.infl._U32808_1-366
17971,tmRNA,tmRNA,tmRNA_Haem.somn._CP000436_1-367
17972,tmRNA,tmRNA,tmRNA_Heli.hepa._AE017125_1-369
17973,tmRNA,tmRNA,tmRNA_Heli.must._DQ250625_1-366
17974,tmRNA,tmRNA,tmRNA_Heli.pylo._AE000511_1-386
17975,tmRNA,tmRNA,tmRNA_Heli.pylo._AE000590_1-383
17976,tmRNA,tmRNA,tmRNA_Heli.pylo._AE001503_1-383
17977,tmRNA,tmRNA,tmRNA_Heli.pylo._TRW-85962_1-386
17978,tmRNA,tmRNA,tmRNA_Heli.pylo._TRW-85963_1-386
17979,tmRNA,tmRNA,tmRNA_Idio.loih._AE017340_1-359
17980,tmRNA,tmRNA,tmRNA_Jako.libe._TRW-143017_1-102
17981,tmRNA,tmRNA,tmRNA_Kine.radi._TRW-266940_1-366
17982,tmRNA,tmRNA,tmRNA_Kleb.pneu._TRW-272620_1-363
17983,tmRNA,tmRNA,tmRNA_Lact.acid._CP000033_1-369
17984,tmRNA,tmRNA,tmRNA_Lact.brev._CP000416_1-372
17985,tmRNA,tmRNA,tmRNA_Lact.case._CP000423_1-364
17986,tmRNA,tmRNA,tmRNA_Lact.delb._AF440335_1-316
17987,tmRNA,tmRNA,tmRNA_Lact.delb._TRW-321956_1-362
17988,tmRNA,tmRNA,tmRNA_Lact.gass._CP000413_1-366
17989,tmRNA,tmRNA,tmRNA_Lact.gass._TRW-1596_1-366
17990,tmRNA,tmRNA,tmRNA_Lact.john._TRW-257314_1-367
17991,tmRNA,tmRNA,tmRNA_Lact.lact._AE006373_1-359
17992,tmRNA,tmRNA,tmRNA_Lact.lact._AF176556_1-359
17993,tmRNA,tmRNA,tmRNA_Lact.plan._AL935259_1-372
17994,tmRNA,tmRNA,tmRNA_Lact.sake._AF400065_1-370
17995,tmRNA,tmRNA,tmRNA_Lact.sake._TRW-314315_1-370
17996,tmRNA,tmRNA,tmRNA_Laws.intr._AM180252_1-376
17997,tmRNA,tmRNA,tmRNA_Legi.pneu._CR628337_1-406
17998,tmRNA,tmRNA,tmRNA_Leif.xyli._AE016822_1-394
17999,tmRNA,tmRNA,tmRNA_Lept.inte._AE016823_1-350
18000,tmRNA,tmRNA,tmRNA_Lept.spec._TRW-261385_1-359
18001,tmRNA,tmRNA,tmRNA_Lept.spec._TRW-261386_1-359
18002,tmRNA,tmRNA,tmRNA_Leuc.mese._AF375574_1-307
18003,tmRNA,tmRNA,tmRNA_Leuc.mese._CP000414_1-358
18004,tmRNA,tmRNA,tmRNA_Leuc.mese._TRW-1245_1-358
18005,tmRNA,tmRNA,tmRNA_List.gray._AF440336_1-321
18006,tmRNA,tmRNA,tmRNA_List.inno._TRW-1642-1_1-370
18007,tmRNA,tmRNA,tmRNA_List.inno._TRW-1642-2_1-370
18008,tmRNA,tmRNA,tmRNA_List.ivan._AF440342_1-321
18009,tmRNA,tmRNA,tmRNA_List.mono._AL591983_1-370
18010,tmRNA,tmRNA,tmRNA_List.mono._TRW-1639-1_1-370
18011,tmRNA,tmRNA,tmRNA_List.mono._TRW-169963_1-370
18012,tmRNA,tmRNA,tmRNA_List.seel._AF440350_1-321
18013,tmRNA,tmRNA,tmRNA_List.wels._AF440351_1-321
18014,tmRNA,tmRNA,tmRNA_Magn.spec._CP000471_1-366
18015,tmRNA,tmRNA,tmRNA_Mann.haem._TRW-272629_1-367
18016,tmRNA,tmRNA,tmRNA_Mann.succ._AE016827_1-367
18017,tmRNA,tmRNA,tmRNA_Mari.aqua._TRW-351348_1-366
18018,tmRNA,tmRNA,tmRNA_Meso.flor._AE017263_1-408
18019,tmRNA,tmRNA,tmRNA_Meso.viri._AF166114_1-359
18020,tmRNA,tmRNA,tmRNA_Meth.caps._AE017282_1-356
18021,tmRNA,tmRNA,tmRNA_Meth.flag._CP000284_1-361
18022,tmRNA,tmRNA,tmRNA_Moor.ther._CP000232_1-358
18023,tmRNA,tmRNA,tmRNA_Mora.cata._AX067460_1-359
18024,tmRNA,tmRNA,tmRNA_Myco.Bxz1._AY129337_1-437
18025,tmRNA,tmRNA,tmRNA_Myco.afri._TRW-33894_1-368
18026,tmRNA,tmRNA,tmRNA_Myco.arth._TRW-243272_1-394
18027,tmRNA,tmRNA,tmRNA_Myco.aviu._AE016958_1-368
18028,tmRNA,tmRNA,tmRNA_Myco.aviu._TRW-243243_1-368
18029,tmRNA,tmRNA,tmRNA_Myco.bovi._TRW-1765_1-368
18030,tmRNA,tmRNA,tmRNA_Myco.capr._D13067_1-411
18031,tmRNA,tmRNA,tmRNA_Myco.capr._S67602_1-408
18032,tmRNA,tmRNA,tmRNA_Myco.gall._AE015450_1-408
18033,tmRNA,tmRNA,tmRNA_Myco.geni._TRW-243273_1-388
18034,tmRNA,tmRNA,tmRNA_Myco.geni._U39713_1-385
18035,tmRNA,tmRNA,tmRNA_Myco.hyop._TRW-262719_1-433
18036,tmRNA,tmRNA,tmRNA_Myco.hyop._TRW-295358_1-424
18037,tmRNA,tmRNA,tmRNA_Myco.lepr._AL583919_1-366
18038,tmRNA,tmRNA,tmRNA_Myco.lepr._TRW-272631_1-369
18039,tmRNA,tmRNA,tmRNA_Myco.mari._TRW-1781-1_1-368
18040,tmRNA,tmRNA,tmRNA_Myco.micr._TRW-1806-1_1-368
18041,tmRNA,tmRNA,tmRNA_Myco.mobi._TRW-267748_1-376
18042,tmRNA,tmRNA,tmRNA_Myco.myco._BX842642_1-411
18043,tmRNA,tmRNA,tmRNA_Myco.pene._BA000026_1-405
18044,tmRNA,tmRNA,tmRNA_Myco.pneu._AE000035_1-384
18045,tmRNA,tmRNA,tmRNA_Myco.pulm._AL445565_1-387
18046,tmRNA,tmRNA,tmRNA_Myco.smeg._CP000480_1-369
18047,tmRNA,tmRNA,tmRNA_Myco.tube._TRW-164513_1-368
18048,tmRNA,tmRNA,tmRNA_Myco.tube._TRW-1773_1-368
18049,tmRNA,tmRNA,tmRNA_Myxo.xant._TRW-34_1-366
18050,tmRNA,tmRNA,tmRNA_Neis.gono._TRW-242231_1-363
18051,tmRNA,tmRNA,tmRNA_Neis.lact._TRW-486_1-362
18052,tmRNA,tmRNA,tmRNA_Neis.meni._AE002452_1-360
18053,tmRNA,tmRNA,tmRNA_Neis.meni._AL162755_1-360
18054,tmRNA,tmRNA,tmRNA_Neis.meni._TRW-122586_1-363
18055,tmRNA,tmRNA,tmRNA_Neis.meni._TRW-122587_1-363
18056,tmRNA,tmRNA,tmRNA_Neis.meni._TRW-272831_1-363
18057,tmRNA,tmRNA,tmRNA_Neph.oliv._AF137379-1_1-327
18058,tmRNA,tmRNA,tmRNA_Neph.oliv._AF137379-2_1-327
18059,tmRNA,tmRNA,tmRNA_Nitr.euro._BX321865_1-360
18060,tmRNA,tmRNA,tmRNA_Nitr.mult._CP000103_1-362
18061,tmRNA,tmRNA,tmRNA_Nitr.ocea._CP000127_1-361
18062,tmRNA,tmRNA,tmRNA_Noca.farc._AP006618_1-368
18063,tmRNA,tmRNA,tmRNA_Nost.punc._TRW-63737_1-390
18064,tmRNA,tmRNA,tmRNA_Nost.spec._BA000019_1-390
18065,tmRNA,tmRNA,tmRNA_Ocea.ihey._BA000028_1-364
18066,tmRNA,tmRNA,tmRNA_Odon.sine._TRW-2839_1-371
18067,tmRNA,tmRNA,tmRNA_Odon.sine._Z67753_1-368
18068,tmRNA,tmRNA,tmRNA_Oeno.oeni._TRW-203123_1-350
18069,tmRNA,tmRNA,tmRNA_Onio.yell._AP006628_1-423
18070,tmRNA,tmRNA,tmRNA_Paen.larv._TRW-1464_1-367
18071,tmRNA,tmRNA,tmRNA_Pant.stew._TRW-66269_1-363
18072,tmRNA,tmRNA,tmRNA_Para.symb._BX908798_1-405
18073,tmRNA,tmRNA,tmRNA_Past.mult._AE006115_1-367
18074,tmRNA,tmRNA,tmRNA_Pedi.pent._CP000422_1-369
18075,tmRNA,tmRNA,tmRNA_Pelo.carb._CP000142_1-358
18076,tmRNA,tmRNA,tmRNA_Phot.asym._TRW-291112_1-364
18077,tmRNA,tmRNA,tmRNA_Phot.lumi._BX571870_1-364
18078,tmRNA,tmRNA,tmRNA_Phot.prof._CR378665_1-368
18079,tmRNA,tmRNA,tmRNA_Pola.spec._CP000316_1-387
18080,tmRNA,tmRNA,tmRNA_Porp.ging._TRW-242619_1-407
18081,tmRNA,tmRNA,tmRNA_Porp.purp._TRW-2787_1-323
18082,tmRNA,tmRNA,tmRNA_Prev.inte._TRW-246198_1-400
18083,tmRNA,tmRNA,tmRNA_Prev.rumi._TRW-264731_1-401
18084,tmRNA,tmRNA,tmRNA_Prop.acne._AE017283_1-371
18085,tmRNA,tmRNA,tmRNA_Prop.acne._TRW-1747-1_1-371
18086,tmRNA,tmRNA,tmRNA_Prop.acne._TRW-1747-2_1-353
18087,tmRNA,tmRNA,tmRNA_Prop.acne._TRW-1747-3_1-353
18088,tmRNA,tmRNA,tmRNA_Prot.mira._TRW-584_1-367
18089,tmRNA,tmRNA,tmRNA_Pseu.aeru._AE004091_1-353
18090,tmRNA,tmRNA,tmRNA_Pseu.aeru._CP000438_1-353
18091,tmRNA,tmRNA,tmRNA_Pseu.atla._CP000388_1-357
18092,tmRNA,tmRNA,tmRNA_Pseu.ento._CT573326_1-392
18093,tmRNA,tmRNA,tmRNA_Pseu.fluo._CP000076_1-394
18094,tmRNA,tmRNA,tmRNA_Pseu.fluo._CP000094_1-390
18095,tmRNA,tmRNA,tmRNA_Pseu.fluo._TRW-216595_1-397
18096,tmRNA,tmRNA,tmRNA_Pseu.halo._CR954246_1-357
18097,tmRNA,tmRNA,tmRNA_Pseu.puti._AE015451_1-399
18098,tmRNA,tmRNA,tmRNA_Pseu.syri._AE016853_1-388
18099,tmRNA,tmRNA,tmRNA_Pseu.syri._CP000058_1-388
18100,tmRNA,tmRNA,tmRNA_Pseu.syri._CP000075_1-392
18101,tmRNA,tmRNA,tmRNA_Psyc.arct._CP000082_1-359
18102,tmRNA,tmRNA,tmRNA_Psyc.cryo._CP000323_1-359
18103,tmRNA,tmRNA,tmRNA_Rals.eutr._CP000090_1-360
18104,tmRNA,tmRNA,tmRNA_Rals.meta._CP000352_1-360
18105,tmRNA,tmRNA,tmRNA_Rals.sola._AL646052_1-360
18106,tmRNA,tmRNA,tmRNA_Rals.sola._AL646061_1-357
18107,tmRNA,tmRNA,tmRNA_Rhod.balt._BX294141_1-380
18108,tmRNA,tmRNA,tmRNA_Rubr.gela._TRW-279263_1-372
18109,tmRNA,tmRNA,tmRNA_Rubr.xyla._CP000386_1-360
18110,tmRNA,tmRNA,tmRNA_Rubr.xyla._TRW-266117_1-360
18111,tmRNA,tmRNA,tmRNA_Rumi.albu._TRW-246199_1-354
18112,tmRNA,tmRNA,tmRNA_Sacc.degr._CP000282_1-389
18113,tmRNA,tmRNA,tmRNA_Sali.rube._CP000159_1-369
18114,tmRNA,tmRNA,tmRNA_Salm.bong._TRW-218493_1-363
18115,tmRNA,tmRNA,tmRNA_Salm.ente._AE014613_1-363
18116,tmRNA,tmRNA,tmRNA_Salm.ente._AE017220_1-363
18117,tmRNA,tmRNA,tmRNA_Salm.ente._AL627276_1-363
18118,tmRNA,tmRNA,tmRNA_Salm.ente._CP000026_1-363
18119,tmRNA,tmRNA,tmRNA_Salm.ente._TRW-149539_1-363
18120,tmRNA,tmRNA,tmRNA_Salm.ente._TRW-295319_1-363
18121,tmRNA,tmRNA,tmRNA_Salm.ente._TRW-321314_1-363
18122,tmRNA,tmRNA,tmRNA_Salm.ente._TRW-59204_1-363
18123,tmRNA,tmRNA,tmRNA_Salm.typh._AY316313_1-363
18124,tmRNA,tmRNA,tmRNA_Salm.typh._AY319520_1-363
18125,tmRNA,tmRNA,tmRNA_Serr.marc._TRW-273526_1-364
18126,tmRNA,tmRNA,tmRNA_Shew.amaz._CP000507_1-356
18127,tmRNA,tmRNA,tmRNA_Shew.balt._TRW-325240_1-356
18128,tmRNA,tmRNA,tmRNA_Shew.deni._CP000302_1-355
18129,tmRNA,tmRNA,tmRNA_Shew.frig._CP000447_1-356
18130,tmRNA,tmRNA,tmRNA_Shew.onei._AX048560_1-355
18131,tmRNA,tmRNA,tmRNA_Shew.putr._TRW-319224_1-356
18132,tmRNA,tmRNA,tmRNA_Shew.spec._CP000444_1-355
18133,tmRNA,tmRNA,tmRNA_Shew.spec._CP000446_1-355
18134,tmRNA,tmRNA,tmRNA_Shew.spec._CP000469_1-355
18135,tmRNA,tmRNA,tmRNA_Shew.spec._TRW-323850_1-356
18136,tmRNA,tmRNA,tmRNA_Shig.boyd._CP000036_1-363
18137,tmRNA,tmRNA,tmRNA_Shig.dyse._CP000034_1-363
18138,tmRNA,tmRNA,tmRNA_Shig.dyse._TRW-358708_1-363
18139,tmRNA,tmRNA,tmRNA_Shig.flex._AE005674_1-363
18140,tmRNA,tmRNA,tmRNA_Shig.flex._AE014073_1-363
18141,tmRNA,tmRNA,tmRNA_Shig.flex._CP000266_1-363
18142,tmRNA,tmRNA,tmRNA_Shig.sonn._CP000038_1-363
18143,tmRNA,tmRNA,tmRNA_Soda.glos._AP008232_1-384
18144,tmRNA,tmRNA,tmRNA_Soli.usit._CP000473_1-352
18145,tmRNA,tmRNA,tmRNA_Spir.citr._AM285321_1-424
18146,tmRNA,tmRNA,tmRNA_Spir.kunk._TRW-273035_1-424
18147,tmRNA,tmRNA,tmRNA_Stap.aure._AC074317_1-359
18148,tmRNA,tmRNA,tmRNA_Stap.aure._BA000017_1-362
18149,tmRNA,tmRNA,tmRNA_Stap.aure._BA000018_1-362
18150,tmRNA,tmRNA,tmRNA_Stap.aure._BA000033_1-362
18151,tmRNA,tmRNA,tmRNA_Stap.aure._BX571856_1-362
18152,tmRNA,tmRNA,tmRNA_Stap.aure._BX571857_1-362
18153,tmRNA,tmRNA,tmRNA_Stap.aure._TRW-1280_1-362
18154,tmRNA,tmRNA,tmRNA_Stap.epid._AF375586_1-311
18155,tmRNA,tmRNA,tmRNA_Stap.epid._TRW-1282-1_1-361
18156,tmRNA,tmRNA,tmRNA_Stap.epid._TRW-1282-2_1-362
18157,tmRNA,tmRNA,tmRNA_Stap.epid._TRW-176280_1-361
18158,tmRNA,tmRNA,tmRNA_Sten.malt._TRW-40324_1-354
18159,tmRNA,tmRNA,tmRNA_Stre.agal._AE014233_1-350
18160,tmRNA,tmRNA,tmRNA_Stre.agal._TRW-1311_1-350
18161,tmRNA,tmRNA,tmRNA_Stre.aure._AY616521_1-382
18162,tmRNA,tmRNA,tmRNA_Stre.aver._BA000030_1-389
18163,tmRNA,tmRNA,tmRNA_Stre.coll._AY485228_1-386
18164,tmRNA,tmRNA,tmRNA_Stre.equi._TRW-1336_1-349
18165,tmRNA,tmRNA,tmRNA_Stre.equi._TRW-40041_1-349
18166,tmRNA,tmRNA,tmRNA_Stre.gord._TRW-29390_1-349
18167,tmRNA,tmRNA,tmRNA_Stre.miti._TRW-246201_1-348
18168,tmRNA,tmRNA,tmRNA_Stre.muta._TRW-210007_1-349
18169,tmRNA,tmRNA,tmRNA_Stre.pneu._AE008453_1-348
18170,tmRNA,tmRNA,tmRNA_Stre.pneu._TRW-1313_1-348
18171,tmRNA,tmRNA,tmRNA_Stre.pneu._TRW-216600_1-348
18172,tmRNA,tmRNA,tmRNA_Stre.pyog._AE006568_1-345
18173,tmRNA,tmRNA,tmRNA_Stre.pyog._AE010048_1-348
18174,tmRNA,tmRNA,tmRNA_Stre.pyog._TRW-1314-1_1-348
18175,tmRNA,tmRNA,tmRNA_Stre.pyog._TRW-1314-2_1-350
18176,tmRNA,tmRNA,tmRNA_Stre.scab._TRW-1883_1-402
18177,tmRNA,tmRNA,tmRNA_Stre.sobr._TRW-246202_1-349
18178,tmRNA,tmRNA,tmRNA_Stre.suis._TRW-218494_1-354
18179,tmRNA,tmRNA,tmRNA_Stre.suis._TRW-286604_1-348
18180,tmRNA,tmRNA,tmRNA_Stre.ther._CP000024_1-350
18181,tmRNA,tmRNA,tmRNA_Stre.ther._CP000419_1-350
18182,tmRNA,tmRNA,tmRNA_Stre.uber._TRW-218495_1-350
18183,tmRNA,tmRNA,tmRNA_Sulf.azor._TRW-204536_1-351
18184,tmRNA,tmRNA,tmRNA_Syne.elon._TRW-32046_1-394
18185,tmRNA,tmRNA,tmRNA_Syne.spec._AB003477_1-394
18186,tmRNA,tmRNA,tmRNA_Syne.spec._D90916_1-396
18187,tmRNA,tmRNA,tmRNA_Syne.spec._TRW-1131_1-399
18188,tmRNA,tmRNA,tmRNA_Syne.spec._TRW-32049_1-396
18189,tmRNA,tmRNA,tmRNA_Synt.acid._CP000252_1-356
18190,tmRNA,tmRNA,tmRNA_Tann.fors._TRW-203275_1-400
18191,tmRNA,tmRNA,tmRNA_Thal.pseu._EF067921_1-344
18192,tmRNA,tmRNA,tmRNA_Thal.pseu._TRW-296543_1-344
18193,tmRNA,tmRNA,tmRNA_Thal.weis._AF049491_1-348
18194,tmRNA,tmRNA,tmRNA_Ther.comm._TRW-289377_1-355
18195,tmRNA,tmRNA,tmRNA_Ther.elon._BA000039_1-386
18196,tmRNA,tmRNA,tmRNA_Ther.fusc._CP000088_1-372
18197,tmRNA,tmRNA,tmRNA_Ther.mari._TRW-243274-1_1-356
18198,tmRNA,tmRNA,tmRNA_Ther.neap._TRW-309803_1-357
18199,tmRNA,tmRNA,tmRNA_Ther.rose._TRW-309801_1-353
18200,tmRNA,tmRNA,tmRNA_Ther.teng._AE013063_1-351
18201,tmRNA,tmRNA,tmRNA_Ther.ther._TRW-300852_1-349
18202,tmRNA,tmRNA,tmRNA_Ther.ther._Y15063_1-349
18203,tmRNA,tmRNA,tmRNA_Ther.yell._TRW-289376_1-350
18204,tmRNA,tmRNA,tmRNA_Thio.crun._CP000109_1-358
18205,tmRNA,tmRNA,tmRNA_Thio.deni._CP000116_1-367
18206,tmRNA,tmRNA,tmRNA_Trem.prin._AF481102_1-264
18207,tmRNA,tmRNA,tmRNA_Trep.dent._AE017226_1-351
18208,tmRNA,tmRNA,tmRNA_Trep.pall._TRW-243276_1-354
18209,tmRNA,tmRNA,tmRNA_Tric.eryt._CP000393_1-398
18210,tmRNA,tmRNA,tmRNA_Trop.whip._BX251411_1-369
18211,tmRNA,tmRNA,tmRNA_Urea.parv._AE002154_1-413
18212,tmRNA,tmRNA,tmRNA_Verr.spin._TRW-240016_1-356
18213,tmRNA,tmRNA,tmRNA_Vibr.chol._AE004170_1-367
18214,tmRNA,tmRNA,tmRNA_Vibr.chol._U39068_1-367
18215,tmRNA,tmRNA,tmRNA_Vibr.fisc._CP000020_1-367
18216,tmRNA,tmRNA,tmRNA_Vibr.para._BA000031_1-368
18217,tmRNA,tmRNA,tmRNA_Vibr.spec._TRW-345075_1-368
18218,tmRNA,tmRNA,tmRNA_Vibr.vuln._AE016795_1-367
18219,tmRNA,tmRNA,tmRNA_Wigg.glos._BA000021_1-365
18220,tmRNA,tmRNA,tmRNA_Woli.succ._BX571661_1-369
18221,tmRNA,tmRNA,tmRNA_Xant.axon._AE011783_1-397
18222,tmRNA,tmRNA,tmRNA_Xant.camp._AE012247_1-397
18223,tmRNA,tmRNA,tmRNA_Xant.camp._AM039952_1-397
18224,tmRNA,tmRNA,tmRNA_Xant.oryz._AE013598_1-397
18225,tmRNA,tmRNA,tmRNA_Xyle.fast._AE003849_1-355
18226,tmRNA,tmRNA,tmRNA_Xyle.fast._AE004078_1-355
18227,tmRNA,tmRNA,tmRNA_Xyle.fast._AE009442_1-355
18228,tmRNA,tmRNA,tmRNA_Xyle.fast._TRW-155919_1-355
18229,tmRNA,tmRNA,tmRNA_Xyle.fast._TRW-155920_1-355
18230,tmRNA,tmRNA,tmRNA_Yers.berc._TRW-349968_1-381
18231,tmRNA,tmRNA,tmRNA_Yers.ente._TRW-34054_1-381
18232,tmRNA,tmRNA,tmRNA_Yers.fred._TRW-349966_1-363
18233,tmRNA,tmRNA,tmRNA_Yers.inte._TRW-349965_1-381
18234,tmRNA,tmRNA,tmRNA_Yers.moll._TRW-349967_1-381
18235,tmRNA,tmRNA,tmRNA_Yers.pest._AE009952_1-364
18236,tmRNA,tmRNA,tmRNA_Yers.pest._AE017042_1-364
18237,tmRNA,tmRNA,tmRNA_Yers.pest._AL590842_1-364
18238,tmRNA,tmRNA,tmRNA_Yers.pest._CP000305_1-364
18239,tmRNA,tmRNA,tmRNA_Yers.pest._CP000308_1-364
18240,tmRNA,tmRNA,tmRNA_Yers.pseu._AR948532_1-364
18241,tmRNA,tmRNA,tmRNA_envi.sequ._TRW-2-1_1-365
18242,tmRNA,tmRNA,tmRNA_envi.sequ._TRW-2-2_1-356
18243,tmRNA,tmRNA,tmRNA_envi.sequ._TRW-204433_1-356
18244,tmRNA,tmRNA,tmRNA_envi.sequ._TRW-259291_1-355
18245,tmRNA,tmRNA,tmRNA_envi.sequ._TRW-259292_1-355
18246,tmRNA,tmRNA,tmRNA_envi.sequ._TRW-300695-2_1-345
18247,tmRNA,tmRNA,tmRNA_envi.sequ._TRW-32045-1_1-355
18248,tmRNA,tmRNA,tmRNA_envi.sequ._TRW-32045-2_1-345
18249,tmRNA,tmRNA,tmRNA_envi.sequ._TRW-32045-3_1-350
18250,tmRNA,tmRNA,tmRNA_envi.sequ._TRW-351057-3_1-355
18251,tmRNA,tmRNA,tmRNA_envi.sequ._TRW-356-1_1-289
18252,tmRNA,tmRNA,tmRNA_envi.sequ._TRW-363179_1-348
18253,tmRNA,tmRNA,tmRNA_uncu.bact._TRW-135621-1_1-397
18254,tmRNA,tmRNA,tmRNA_uncu.bact._TRW-32033-1_1-354
18255,tmRNA,tmRNA,tmRNA_uncu.bact._TRW-32045-4_1-369
18256,tmRNA,tmRNA,tmRNA_uncu.bact._TRW-383630-1_1-364
18257,tmRNA,tmRNA,tmRNA_uncu.bact._TRW-45456_1-408
18258,tmRNA,tmRNA,tmRNA_uncu.bact._TRW-72274-1_1-359
18259,tmRNA,tmRNA,tmRNA_uncu.bact._TRW-72274-2_1-359
18260,tmRNA,tmRNA,tmRNA_uncu.bact._TRW-80840-1_1-378
18261,tmRNA,tmRNA,tmRNA_uncu.bact._TRW-80840-2_1-379
18262,tmRNA,tmRNA,tmRNA_uncu.bact._TRW-80840-3_1-379
18263,tmRNA,tmRNA,tmRNA_uncu.mari._TRW-363180_1-347
