,fold,partition,id
0,16s,test,16s_A.fulgidus_domain2
1,16s,test,16s_A.fulgidus_domain3
2,16s,test,16s_A.fulgidus_domain4
3,16s,test,16s_A.pyrophilus_domain2
4,16s,test,16s_A.pyrophilus_domain4
5,16s,test,16s_B.burgdorferi_domain2
6,16s,test,16s_B.burgdorferi_domain3
7,16s,test,16s_B.burgdorferi_domain4
8,16s,test,16s_B.subtilis_domain2
9,16s,test,16s_B.subtilis_domain3
10,16s,test,16s_B.subtilis_domain4
11,16s,test,16s_C.elegans_domain1
12,16s,test,16s_C.elegans_domain2
13,16s,test,16s_C.elegans_domain3
14,16s,test,16s_C.elegans_domain4
15,16s,test,16s_C.psittaci_domain2
16,16s,test,16s_C.psittaci_domain3
17,16s,test,16s_C.psittaci_domain4
18,16s,test,16s_C.reinhardtii.chloro_domain1
19,16s,test,16s_C.reinhardtii.chloro_domain2
20,16s,test,16s_C.reinhardtii.chloro_domain3
21,16s,test,16s_C.reinhardtii.chloro_domain4
22,16s,test,16s_C.reinhardtii.mito_domain1
23,16s,test,16s_C.reinhardtii.mito_domain2
24,16s,test,16s_C.reinhardtii.mito_domain3
25,16s,test,16s_C.reinhardtii.mito_domain4
26,16s,test,16s_D.melanogaster_domain4
27,16s,test,16s_E.coli_domain2
28,16s,test,16s_E.coli_domain3
29,16s,test,16s_E.coli_domain4
30,16s,test,16s_F.ananassa_domain3
31,16s,test,16s_F.ananassa_domain4
32,16s,test,16s_G.intestinalis_domain1
33,16s,test,16s_G.intestinalis_domain2
34,16s,test,16s_G.intestinalis_domain3
35,16s,test,16s_G.intestinalis_domain4
36,16s,test,16s_H.sapiens.mito_domain1
37,16s,test,16s_H.sapiens.mito_domain2
38,16s,test,16s_H.sapiens.mito_domain3
39,16s,test,16s_H.sapiens.mito_domain4
40,16s,test,16s_H.sapiens_domain3
41,16s,test,16s_H.sapiens_domain4
42,16s,test,16s_H.volcanii_domain1
43,16s,test,16s_H.volcanii_domain2
44,16s,test,16s_H.volcanii_domain3
45,16s,test,16s_H.volcanii_domain4
46,16s,test,16s_M.polymorpha_domain2
47,16s,test,16s_M.polymorpha_domain3
48,16s,test,16s_M.polymorpha_domain4
49,16s,test,16s_P.occultum_domain2
50,16s,test,16s_P.occultum_domain3
51,16s,test,16s_P.occultum_domain4
52,16s,test,16s_P.staleyi_domain2
53,16s,test,16s_P.staleyi_domain3
54,16s,test,16s_P.staleyi_domain4
55,16s,test,16s_S.cerevisiae_domain3
56,16s,test,16s_S.cerevisiae_domain4
57,16s,test,16s_T.gondii_domain3
58,16s,test,16s_T.gondii_domain4
59,16s,test,16s_T.maritima_domain2
60,16s,test,16s_T.maritima_domain3
61,16s,test,16s_T.maritima_domain4
62,16s,test,16s_Z.mays_domain1
63,16s,test,16s_Z.mays_domain2
64,16s,test,16s_Z.mays_domain3
65,16s,test,16s_Z.mays_domain4
66,16s,train,23s_B.subtilis_domain3
67,16s,train,23s_B.subtilis_domain4
68,16s,train,23s_B.subtilis_domain6
69,16s,train,23s_E.coli_domain3
70,16s,train,23s_E.coli_domain4
71,16s,train,23s_E.coli_domain6
72,16s,train,23s_H.pylori_domain3
73,16s,train,23s_H.pylori_domain4
74,16s,train,23s_H.pylori_domain6
75,16s,train,23s_S.aureus_domain3
76,16s,train,23s_S.aureus_domain4
77,16s,train,23s_S.aureus_domain6
78,16s,train,23s_T.thermophilus_domain3
79,16s,train,23s_T.thermophilus_domain4
80,16s,train,23s_T.thermophilus_domain6
81,16s,train,23s_B.subtilis_domain3
82,16s,train,23s_B.subtilis_domain4
83,16s,train,23s_B.subtilis_domain6
84,16s,train,23s_E.coli_domain3
85,16s,train,23s_E.coli_domain4
86,16s,train,23s_E.coli_domain6
87,16s,train,23s_H.pylori_domain3
88,16s,train,23s_H.pylori_domain4
89,16s,train,23s_H.pylori_domain6
90,16s,train,23s_S.aureus_domain3
91,16s,train,23s_S.aureus_domain4
92,16s,train,23s_S.aureus_domain6
93,16s,train,23s_T.thermophilus_domain3
94,16s,train,23s_T.thermophilus_domain4
95,16s,train,23s_T.thermophilus_domain6
96,16s,train,23s_B.subtilis_domain3
97,16s,train,23s_B.subtilis_domain4
98,16s,train,23s_B.subtilis_domain6
99,16s,train,23s_E.coli_domain3
100,16s,train,23s_E.coli_domain4
101,16s,train,23s_E.coli_domain6
102,16s,train,23s_H.pylori_domain3
103,16s,train,23s_H.pylori_domain4
104,16s,train,23s_H.pylori_domain6
105,16s,train,23s_S.aureus_domain3
106,16s,train,23s_S.aureus_domain4
107,16s,train,23s_S.aureus_domain6
108,16s,train,23s_T.thermophilus_domain3
109,16s,train,23s_T.thermophilus_domain4
110,16s,train,23s_T.thermophilus_domain6
111,16s,train,23s_B.subtilis_domain3
112,16s,train,23s_B.subtilis_domain4
113,16s,train,23s_B.subtilis_domain6
114,16s,train,23s_E.coli_domain3
115,16s,train,23s_E.coli_domain4
116,16s,train,23s_E.coli_domain6
117,16s,train,23s_H.pylori_domain3
118,16s,train,23s_H.pylori_domain4
119,16s,train,23s_H.pylori_domain6
120,16s,train,23s_S.aureus_domain3
121,16s,train,23s_S.aureus_domain4
122,16s,train,23s_S.aureus_domain6
123,16s,train,23s_T.thermophilus_domain3
124,16s,train,23s_T.thermophilus_domain4
125,16s,train,23s_T.thermophilus_domain6
126,16s,train,23s_B.subtilis_domain3
127,16s,train,23s_B.subtilis_domain4
128,16s,train,23s_B.subtilis_domain6
129,16s,train,23s_E.coli_domain3
130,16s,train,23s_E.coli_domain4
131,16s,train,23s_E.coli_domain6
132,16s,train,23s_H.pylori_domain3
133,16s,train,23s_H.pylori_domain4
134,16s,train,23s_H.pylori_domain6
135,16s,train,23s_S.aureus_domain3
136,16s,train,23s_S.aureus_domain4
137,16s,train,23s_S.aureus_domain6
138,16s,train,23s_T.thermophilus_domain3
139,16s,train,23s_T.thermophilus_domain4
140,16s,train,23s_T.thermophilus_domain6
141,16s,train,23s_B.subtilis_domain3
142,16s,train,23s_B.subtilis_domain4
143,16s,train,23s_B.subtilis_domain6
144,16s,train,23s_E.coli_domain3
145,16s,train,23s_E.coli_domain4
146,16s,train,23s_E.coli_domain6
147,16s,train,23s_H.pylori_domain3
148,16s,train,23s_H.pylori_domain4
149,16s,train,23s_H.pylori_domain6
150,16s,train,23s_S.aureus_domain3
151,16s,train,23s_S.aureus_domain4
152,16s,train,23s_S.aureus_domain6
153,16s,train,23s_T.thermophilus_domain3
154,16s,train,23s_T.thermophilus_domain4
155,16s,train,23s_T.thermophilus_domain6
156,16s,train,23s_B.subtilis_domain3
157,16s,train,23s_B.subtilis_domain4
158,16s,train,23s_B.subtilis_domain6
159,16s,train,23s_E.coli_domain3
160,16s,train,23s_E.coli_domain4
161,16s,train,23s_E.coli_domain6
162,16s,train,23s_H.pylori_domain3
163,16s,train,23s_H.pylori_domain4
164,16s,train,23s_H.pylori_domain6
165,16s,train,23s_S.aureus_domain3
166,16s,train,5s_Agrobacterium-tumefaciens-7
167,16s,train,5s_Alcaligenes-faecalis-2
168,16s,train,5s_Antheraea-pernyi-1
169,16s,train,5s_Arthrobacter-polychromogenes-1
170,16s,train,5s_Asellus-aquaticus-2
171,16s,train,5s_Aspergillus-versicolor-1
172,16s,train,5s_Bacillus-anthracis-3
173,16s,train,5s_Bacillus-cereus-1
174,16s,train,5s_Bacillus-cereus-10
175,16s,train,5s_Bacillus-licheniformis-1
176,16s,train,5s_Bacillus-methanolicus-7
177,16s,train,5s_Bacillus-methanolicus-9
178,16s,train,5s_Basidiobolus-magnus-1
179,16s,train,5s_Blastocladiella-simplex-1
180,16s,train,5s_Bullera-alba-1
181,16s,train,5s_Burkholderia-mallei-1
182,16s,train,5s_Candidatus-Tremblaya-princeps-1
183,16s,train,5s_Cerastoderma-glaucum-1
184,16s,train,5s_Coleosporium-tussilaginis-1
185,16s,train,5s_Comamonas-terrigena-1
186,16s,train,5s_Corynebacterium-variabile-1
187,16s,train,5s_Corynebacterium-xerosis-2
188,16s,train,5s_Cryptococcus-bacillisporus-1
189,16s,train,5s_Daphnia-magna-1
190,16s,train,5s_Deinococcus-radiophilus-1
191,16s,train,5s_Desulfurococcus-mobilis-1
192,16s,train,5s_Dichelobacter-nodosus-1
193,16s,train,5s_Dipsacomyces-acuminosporus-1
194,16s,train,5s_Erysipelothrix-rhusiopathiae-1
195,16s,train,5s_Esch_coli5B
196,16s,train,5s_Euplotes-vannus-1
197,16s,train,5s_Fluoribacter-bozemanae-1
198,16s,train,5s_Frankia-sp.-3
199,16s,train,5s_Fusarium-culmorum-4
200,16s,train,5s_Genistelloides-hibernus-1
201,16s,train,5s_Geobacillus-kaustophilus-7
202,16s,train,5s_Halobacterium-sp.-1
203,16s,train,5s_Hyphomicrobium-sp.-6
204,16s,train,5s_Legionella-pneumophila-1
205,16s,train,5s_Leuconostoc-mesenteroides-1
206,16s,train,5s_Linderina-macrospora-1
207,16s,train,5s_Listeria-ivanovii-1
208,16s,train,5s_Locusta-migratoria-1
209,16s,train,5s_Medicago-sativa-1
210,16s,train,5s_Meloidogyne-chitwoodi-1
211,16s,train,5s_Methanococcus-voltae-2
212,16s,train,5s_Methanothermobacter-thermautotrophicus-3
213,16s,train,5s_Microtetraspora-glauca-1
214,16s,train,5s_Mycoplasma-mobile-1
215,16s,train,5s_Mycoplasma-mycoides-1
216,16s,train,5s_Mycoplasma-mycoides-3
217,16s,train,5s_Mycoplasma-penetrans-1
218,16s,train,5s_Myxococcus-coralloides-1
219,16s,train,5s_Neurospora-crassa-10
220,16s,train,5s_Neurospora-crassa-13
221,16s,train,5s_Nitella-flexilis-1
222,16s,train,5s_Paracentrotus-lividus-1
223,16s,train,5s_Paracoccus-denitrificans-1
224,16s,train,5s_Phaffia-rhodozyma-1
225,16s,train,5s_Pichia-angusta-1
226,16s,train,5s_Pichia-jadinii-2
227,16s,train,5s_Pichia-membranifaciens-1
228,16s,train,5s_Pinus-contorta-1
229,16s,train,5s_Planobispora-longispora-1
230,16s,train,5s_Pseudomonas-fluorescens-1
231,16s,train,5s_Pseudomonas-fluorescens-3
232,16s,train,5s_Pseudomonas-fluorescens-4
233,16s,train,5s_Ralstonia-solanacearum-1
234,16s,train,5s_Rana-catesbeiana-1
235,16s,train,5s_Rana-pipiens-1
236,16s,train,5s_Renibacterium-salmoninarum-1
237,16s,train,5s_Renobacter-vaculatum-1
238,16s,train,5s_Rhizoctonia-globularis-1
239,16s,train,5s_Rickettsia-conorii-1
240,16s,train,5s_Rickettsia-moozeri-1
241,16s,train,5s_Salmonella-enterica-3
242,16s,train,5s_Salmonella-enterica-4
243,16s,train,5s_Salmonella-enterica-7
244,16s,train,5s_Saprospira-grandis-1
245,16s,train,5s_Shewanella-colwelliana-1
246,16s,train,5s_Spiroplasma-melliferum-1
247,16s,train,5s_Starkeya-novella-1
248,16s,train,5s_Stella-humosa-1
249,16s,train,5s_Streptococcus-mutans-3
250,16s,train,5s_Streptococcus-pneumoniae-2
251,16s,train,5s_Streptomyces-avermitilis-1
252,16s,train,5s_Thermoactinomyces-vulgaris-1
253,16s,train,5s_Thermoplasma-acidophilum-1
254,16s,train,5s_Thermus-aquaticus-1
255,16s,train,5s_Thermus-thermophilus-1
256,16s,train,5s_Thiovulum-sp.-1
257,16s,train,5s_Tinca-tinca-1
258,16s,train,5s_Vibrio-cholerae-3
259,16s,train,5s_Vibrio-fischeri-1
260,16s,train,5s_Vibrio-mediterranei-1
261,16s,train,5s_Vicia-faba-1
262,16s,train,5s_Vitreoscilla-beggiatoides-1
263,16s,train,5s_Wolbachia-endosymbiont-of-D.-melanogaster-1
264,16s,train,5s_Xanthomonas-campestris-1
265,16s,train,5s_Xenopus-laevis-7
266,16s,train,RNaseP_A.brierleyi
267,16s,train,RNaseP_A.erythreum
268,16s,train,RNaseP_A.ferrooxidans
269,16s,train,RNaseP_A.fulgidus
270,16s,train,RNaseP_A.obstetricans
271,16s,train,RNaseP_A.paspali
272,16s,train,RNaseP_A.telluris
273,16s,train,RNaseP_B.brevis
274,16s,train,RNaseP_BH145
275,16s,train,RNaseP_Buchnera-APS
276,16s,train,RNaseP_C.crescentus
277,16s,train,RNaseP_C.jejuni
278,16s,train,RNaseP_C.limicola
279,16s,train,RNaseP_C.psittaci-R54
280,16s,train,RNaseP_CPA49
281,16s,train,RNaseP_CPA58
282,16s,train,RNaseP_CPA63
283,16s,train,RNaseP_CPB139
284,16s,train,RNaseP_CPB147
285,16s,train,RNaseP_CPB75
286,16s,train,RNaseP_CPB80
287,16s,train,RNaseP_Calothrix-PCC7601
288,16s,train,RNaseP_D.radiodurans-g
289,16s,train,RNaseP_E.coli-JM109
290,16s,train,RNaseP_E.faecalis
291,16s,train,RNaseP_EF
292,16s,train,RNaseP_EM14b-11
293,16s,train,RNaseP_EM14b-9
294,16s,train,RNaseP_ERE
295,16s,train,RNaseP_ESH167F
296,16s,train,RNaseP_ESH210B
297,16s,train,RNaseP_ESH30-3
298,16s,train,RNaseP_ESH46a-1
299,16s,train,RNaseP_F.antarctica
300,16s,train,RNaseP_F.yabuuchiae
301,16s,train,RNaseP_G.sulfurreducens
302,16s,train,RNaseP_H.mobilis
303,16s,train,RNaseP_K.thermotolerans
304,16s,train,RNaseP_L.japonicus-IFO12422
305,16s,train,RNaseP_L.weilii
306,16s,train,RNaseP_LGB21
307,16s,train,RNaseP_LGB32
308,16s,train,RNaseP_M.genitalium
309,16s,train,RNaseP_M.thermoautotrophicumDH-g
310,16s,train,RNaseP_M.thermolithotrophicus
311,16s,train,RNaseP_M.tuberculosis-g
312,16s,train,RNaseP_Mxa1
313,16s,train,RNaseP_N.gonnorhoeae
314,16s,train,RNaseP_N.luteus
315,16s,train,RNaseP_N.simplex
316,16s,train,RNaseP_Nostoc-PCC7413
317,16s,train,RNaseP_Onchorhynchus-2
318,16s,train,RNaseP_P.aerogenes
319,16s,train,RNaseP_P.azotoformans
320,16s,train,RNaseP_P.fluorescens
321,16s,train,RNaseP_P.hollandica
322,16s,train,RNaseP_P.innocua
323,16s,train,RNaseP_P.maris
324,16s,train,RNaseP_P.shigelloides
325,16s,train,RNaseP_P.staleyi
326,16s,train,RNaseP_P.strasburgensis
327,16s,train,RNaseP_P.vulgaris
328,16s,train,RNaseP_P126
329,16s,train,RNaseP_PS27
330,16s,train,RNaseP_PS4
331,16s,train,RNaseP_PS6
332,16s,train,RNaseP_Prochlorococcus-TATL2-2
333,16s,train,RNaseP_Pseudoanabaena-PCC6903
334,16s,train,RNaseP_R.americana-mito
335,16s,train,RNaseP_S.caesia-K76T
336,16s,train,RNaseP_S.caesia-SB01
337,16s,train,RNaseP_S.caesia-SB22
338,16s,train,RNaseP_S.japonicus
339,16s,train,RNaseP_S.polymorpha
340,16s,train,RNaseP_S.putrefaciens
341,16s,train,RNaseP_SM-A02
342,16s,train,RNaseP_SM-A04
343,16s,train,RNaseP_SM-A05
344,16s,train,RNaseP_SM-A0911
345,16s,train,RNaseP_SM-A1113
346,16s,train,RNaseP_SM-A1519
347,16s,train,RNaseP_SM-A1621
348,16s,train,RNaseP_SM-A2135
349,16s,train,RNaseP_SM-A3355
350,16s,train,RNaseP_SM-A3862
351,16s,train,RNaseP_SM-A6296
352,16s,train,RNaseP_SM2
353,16s,train,RNaseP_SMB-A3
354,16s,train,RNaseP_SMB-B4
355,16s,train,RNaseP_Saccharomonospora-K180
356,16s,train,RNaseP_Synechococcus-PCC7003
357,16s,train,RNaseP_Synechocystis-PCC6803
358,16s,train,RNaseP_T.commune
359,16s,train,RNaseP_T.delbrueckii
360,16s,train,RNaseP_T.pallidum
361,16s,train,RNaseP_U.urealyticum
362,16s,train,RNaseP_UK5
363,16s,train,RNaseP_WB3
364,16s,train,RNaseP_X.fastidiosa
365,16s,train,RNaseP_Y.pestis
366,16s,train,grp1_a.I1.b.Dermocarpa.sp.ATCC29371.C3.tMET
367,16s,train,grp1_a.I1.b.Phormidium.sp.N182.C3.tLEU
368,16s,train,grp1_a.I1.b.S.hofmanii.C3.tMET
369,16s,train,grp1_a.I1.b.Synechococcus.sp2.C3.tLEU
370,16s,train,grp1_a.I1.c.A.cherimola.C3.tLEU
371,16s,train,grp1_a.I1.c.G.prostrata.C3.tLEU
372,16s,train,grp1_a.I1.c.S.bicolor.C3.tLEU
373,16s,train,grp1_a.I1.e.A.adeninivorans.C1.LSU.2449
374,16s,train,grp1_a.I1.e.A.capsulatus.CBS213.53.C1.SSU.943
375,16s,train,grp1_a.I1.e.A.capsulatus.FLs1.C1.SSU
376,16s,train,grp1_a.I1.e.A.capsulatus.G184B.C1.SSU
377,16s,train,grp1_a.I1.e.A.capsulatus.G186B.C1.SSU
378,16s,train,grp1_a.I1.e.A.stipitatus.C1.SSU.1046
379,16s,train,grp1_a.I1.e.B.ciliata.JCM6865.C1.SSU.1506
380,16s,train,grp1_a.I1.e.B.ciliata.JCM6865.C1.SSU.943
381,16s,train,grp1_a.I1.e.B.yamatoana.JCM2896.C1.SSU.1506
382,16s,train,grp1_a.I1.e.B.yamatoana.JCM2896.C1.SSU.943
383,16s,train,grp1_a.I1.e.C.ellipsoidea.211-1a.C1.SSU.1506
384,16s,train,grp1_a.I1.e.C.ellipsoidea.IAMC-87.C1.SSU.1506
385,16s,train,grp1_a.I1.e.C.grayi.UNK.SSU.1046
386,16s,train,grp1_a.I1.e.C.grayi.UNK.SSU.1516
387,16s,train,grp1_a.I1.e.C.merochlorophea.UNK.SSU.1046
388,16s,train,grp1_a.I1.e.C.merochlorophea.UNK.SSU.1210
389,16s,train,grp1_a.I1.e.C.merochlorophea.UNK.SSU.1389
390,16s,train,grp1_a.I1.e.C.merochlorophea.UNK.SSU.1516
391,16s,train,grp1_a.I1.e.C.saccatum.C1.SSU.1512
392,16s,train,grp1_a.I1.e.C.saxonicum.C1.SSU.1506
393,16s,train,grp1_a.I1.e.D.parva.C1.SSU.1512
394,16s,train,grp1_a.I1.e.D.parva.C1.SSU.943
395,16s,train,grp1_a.I1.e.D.salina.C1.SSU.943
396,16s,train,grp1_a.I1.e.E.dermatitidis.C1.SSU.943
397,16s,train,grp1_a.I1.e.G.planctonica.C1.SSU.943
398,16s,train,grp1_a.I1.e.G.spirotaenia.C1.SSU.1506
399,16s,train,grp1_a.I1.e.L.dispersa.UNK.SSU.1046
400,16s,train,grp1_a.I1.e.L.dispersa.UNK.SSU.114
401,16s,train,grp1_a.I1.e.L.dispersa.UNK.SSU.1210
402,16s,train,grp1_a.I1.e.L.dispersa.UNK.SSU.1516
403,16s,train,grp1_a.I1.e.L.dispersa.UNK.SSU.287
404,16s,train,grp1_a.I1.e.L.dispersa.UNK.SSU.516
405,16s,train,grp1_a.I1.e.L.dispersa.UNK.SSU.789
406,16s,train,grp1_a.I1.e.M.caldariorum.C1.SSU.1506
407,16s,train,grp1_a.I1.e.P.carinii.C1.SSU.1506
408,16s,train,grp1_a.I1.e.P.carinii.Pc1.C1.LSU.1921
409,16s,train,grp1_a.I1.e.P.carinii.Pc2.C1.LSU.1921
410,16s,train,grp1_a.I1.e.P.carinii.Pc3.C1.LSU.1921
411,16s,train,grp1_a.I1.e.P.clavariiformis.C1.SSU.943
412,16s,train,grp1_a.I1.e.P.inouyei.C1.SSU.1506
413,16s,train,grp1_a.I1.e.P.inouyei.C1.SSU.943
414,16s,train,grp1_a.I1.e.P.macrosporus.C1.SSU.1506
415,16s,train,grp1_a.I1.e.P.macrosporus.C1.SSU.943
416,16s,train,grp1_a.I1.e.P.pachydermus.C1.SSU.943
417,16s,train,grp1_a.I1.e.P.sarcinoidea.C1.SSU.943
418,16s,train,grp1_a.I1.e.S.granulatum.C1.SSU.1506
419,16s,train,grp1_a.I1.e.S.paniceum.UNK.SSU.1052
420,16s,train,grp1_a.I1.e.S.paniceum.UNK.SSU.114
421,16s,train,grp1_a.I1.e.S.paniceum.UNK.SSU.1210
422,16s,train,grp1_a.I1.e.S.paniceum.UNK.SSU.1506
423,16s,train,grp1_a.I1.e.S.paniceum.UNK.SSU.287
424,16s,train,grp1_a.I1.e.S.sclerotiorum_1837.C1.LSU.798
425,16s,train,grp1_a.I1.e.Staurastrum.sp.M752.C1.SSU.1506
426,16s,train,grp1_a.I1.e.Staurastrum.sp.M753.C1.SSU.1506
427,16s,train,grp1_a.I1.e.T.cosmopolitanis.C1.LSU.1925
428,16s,train,grp1_a.I1.e.T.hyperangularis.C1.LSU.1925
429,16s,train,grp1_a.I1.e.T.malaccensis.C1.LSU.1925
430,16s,train,grp1_a.I1.e.T.pigmentosa.C1.LSU.1925
431,16s,train,grp1_a.I1.e.U.maydis.C1.SSU.943
432,16s,train,grp1_a.I1.m.M.grisea.B2.ND1
433,16s,train,grp1_a.I1.m.S.luteus.A1.LSU.2504
434,16s,train,grp1_a.I1.m.S.pombe.B1.OX1
435,16s,train,grp1_b.I1.e.C.saccharophila.C1.SSU.156
436,16s,train,grp1_b.I1.e.M.anisopliae.2.C1.LSU.1921
437,16s,train,grp1_b.I1.e.M.anisopliae.3.C1.LSU.1921
438,16s,train,grp1_b.I1.e.T.thermophila.C1.LSU.1925
439,16s,train,grp1_s.I1.e.T.thermophila.C1.LSU.1925.schem
440,16s,train,grp1_a.I1.b.Dermocarpa.sp.ATCC29371.C3.tMET
441,16s,train,grp1_a.I1.b.Phormidium.sp.N182.C3.tLEU
442,16s,train,grp1_a.I1.b.S.hofmanii.C3.tMET
443,16s,train,grp1_a.I1.b.Synechococcus.sp2.C3.tLEU
444,16s,train,grp1_a.I1.c.A.cherimola.C3.tLEU
445,16s,train,grp1_a.I1.c.G.prostrata.C3.tLEU
446,16s,train,grp1_a.I1.c.S.bicolor.C3.tLEU
447,16s,train,grp1_a.I1.e.A.adeninivorans.C1.LSU.2449
448,16s,train,grp1_a.I1.e.A.capsulatus.CBS213.53.C1.SSU.943
449,16s,train,grp1_a.I1.e.A.capsulatus.FLs1.C1.SSU
450,16s,train,grp1_a.I1.e.A.capsulatus.G184B.C1.SSU
451,16s,train,grp1_a.I1.e.A.capsulatus.G186B.C1.SSU
452,16s,train,grp1_a.I1.e.A.stipitatus.C1.SSU.1046
453,16s,train,grp1_a.I1.e.B.ciliata.JCM6865.C1.SSU.1506
454,16s,train,grp1_a.I1.e.B.ciliata.JCM6865.C1.SSU.943
455,16s,train,grp1_a.I1.e.B.yamatoana.JCM2896.C1.SSU.1506
456,16s,train,grp1_a.I1.e.B.yamatoana.JCM2896.C1.SSU.943
457,16s,train,grp1_a.I1.e.C.ellipsoidea.211-1a.C1.SSU.1506
458,16s,train,grp1_a.I1.e.C.ellipsoidea.IAMC-87.C1.SSU.1506
459,16s,train,grp1_a.I1.e.C.grayi.UNK.SSU.1046
460,16s,train,grp1_a.I1.e.C.grayi.UNK.SSU.1516
461,16s,train,grp1_a.I1.e.C.merochlorophea.UNK.SSU.1046
462,16s,train,grp1_a.I1.e.C.merochlorophea.UNK.SSU.1210
463,16s,train,grp1_a.I1.e.C.merochlorophea.UNK.SSU.1389
464,16s,train,grp1_a.I1.e.C.merochlorophea.UNK.SSU.1516
465,16s,train,grp1_a.I1.e.C.saccatum.C1.SSU.1512
466,16s,train,srp_Aede.aegy._DW714804
467,16s,train,srp_Ajel.caps._CV620298
468,16s,train,srp_Arab.thal._AC005275
469,16s,train,srp_Baci.mega._D11414
470,16s,train,srp_Baci.poly._D11421
471,16s,train,srp_Baci.subt._D11417
472,16s,train,srp_Baci.thur._CP000485
473,16s,train,srp_Baci.thur._D11412
474,16s,train,srp_Bord.pert._BX640415
475,16s,train,srp_Brug.mala._GSP-6279
476,16s,train,srp_Buch.aphi._AE016826
477,16s,train,srp_Burk.pseu._CP000570
478,16s,train,srp_Burk.pseu._CP000572
479,16s,train,srp_Cani.spec._SDB-9616
480,16s,train,srp_Carb.hydr._CP000141
481,16s,train,srp_Chla.trac._AE001298
482,16s,train,srp_Cion.inte._BW088710
483,16s,train,srp_Clav.lusi._GSP-306902
484,16s,train,srp_Clos.botu._AM412317
485,16s,train,srp_Clos.kluy._CP000673
486,16s,train,srp_Cory.jeik._CR931997
487,16s,train,srp_Cyan.mero._AB002583
488,16s,train,srp_Dani.reri._EH513970
489,16s,train,srp_Dech.arom._CP000089
490,16s,train,srp_Desu.vulg._AE017285
491,16s,train,srp_Desu.vulg._CP000527
492,16s,train,srp_Dros.mela._AE001572
493,16s,train,srp_Dros.mela._AE014297
494,16s,train,srp_Dros.mela._X01056
495,16s,train,srp_Enta.mosh._GSP-41668
496,16s,train,srp_Ento.sulc._AF095839
497,16s,train,srp_Esch.coli._CP000247
498,16s,train,srp_Esch.coli._X01074
499,16s,train,srp_Fran.alni._CT573213
500,16s,train,srp_Fran.tula._AJ749949
501,16s,train,srp_Fran.tula._AM286280
502,16s,train,srp_Geob.kaus._BA000043
503,16s,train,srp_Halo.halo._CP000544
504,16s,train,srp_Heli.annu._AJ828095
505,16s,train,srp_Heli.hepa._AE017125
506,16s,train,srp_Kluy.walt._AADM01000319
507,16s,train,srp_Lact.acid._CP000033
508,16s,train,srp_Lact.john._AX926712
509,16s,train,srp_Legi.pneu._M31830
510,16s,train,srp_Leis.dono._AY781793
511,16s,train,srp_Leis.majo._AY722715
512,16s,train,srp_Lodd.elon._GSP-379508
513,16s,train,srp_Lott.giga._GSP-225164
514,16s,train,srp_Lyco.escu._Z29104
515,16s,train,srp_Medi.trun._BE941271
516,16s,train,srp_Medi.trun._CT485797
517,16s,train,srp_Meth.burt._CP000300
518,16s,train,srp_Meth.caps._AE017282
519,16s,train,srp_Meth.ferv._S49762
520,16s,train,srp_Meth.maze._AE008384
521,16s,train,srp_Mus.musc._AC126244
522,16s,train,srp_Myco.gall._AE015450
523,16s,train,srp_Myco.pneu._AE000044
524,16s,train,srp_Nect.haem._GSP-71109
525,16s,train,srp_Nost.spec._BA000019
526,16s,train,srp_Onch.volv._AI249203
527,16s,train,srp_Para.bras._CN241909
528,16s,train,srp_Pers.amer._X65992
529,16s,train,srp_Pich.stip._CP000502
530,16s,train,srp_Plas.chab._GSP-31271
531,16s,train,srp_Plas.falc._EF690554
532,16s,train,srp_Plas.yoel._GSP-352914
533,16s,train,srp_Porp.purp._U38804
534,16s,train,srp_Pris.paci._GSP-54126
535,16s,train,srp_Proc.mari._CP000552
536,16s,train,srp_Proc.mari._CP000576
537,16s,train,srp_Pseu.aeru._AE004091
538,16s,train,srp_Pseu.halo._CR954246
539,16s,train,srp_Pseu.syri._CP000075
540,16s,train,srp_Psyc.sp.._CP000713
541,16s,train,srp_Pyro.furi._AE010126
542,16s,train,srp_Rals.meta._CP000352
543,16s,train,srp_Ratt.norv._AA923995
544,16s,train,srp_Salm.ente._CP000026
545,16s,train,srp_Schi.pomb._X15220
546,16s,train,srp_Schm.medi._GSP-79327
547,16s,train,srp_Shew.spec._CP000444
548,16s,train,srp_Shew.spec._CP000469
549,16s,train,srp_Spra.loph._GSP-51541
550,16s,train,srp_Stap.aure._BX571856
551,16s,train,srp_Stap.aure._BX571857
552,16s,train,srp_Stap.haem._AP006716
553,16s,train,srp_Stap.sapr._AP008934
554,16s,train,srp_Stre.dysg._AJ489606
555,16s,train,srp_Stre.pneu._AE008386
556,16s,train,srp_Ther.mari._AE000512
557,16s,train,srp_Tric.eryt._CP000393
558,16s,train,srp_Trit.aest._BE424647
559,16s,train,srp_Trit.aest._X13915
560,16s,train,srp_Volv.cart._GSP-51971-1
561,16s,train,srp_Volv.cart._GSP-51971-2
562,16s,train,srp_Wolb.endo._AE017321
563,16s,train,srp_Xyle.fast._AE009442
564,16s,train,srp_Yers.pest._AL590842
565,16s,train,srp_Zea.mays._AY108846
566,16s,train,tRNA_tdbR00000003-Haloferax_volcanii-2246-Ala-GGC
567,16s,train,tRNA_tdbR00000004-Haloferax_volcanii-2246-Ala-UGC
568,16s,train,tRNA_tdbR00000007-Bacillus_subtilis-1423-Ala-5GC
569,16s,train,tRNA_tdbR00000010-Escherichia_coli-562-Ala-VGC
570,16s,train,tRNA_tdbR00000022-Enterobacteria_phage_T5-10726-Asp-GUC
571,16s,train,tRNA_tdbR00000030-Aedes_albopictus-7160-Asp-GUC
572,16s,train,tRNA_tdbR00000032-Rattus_norvegicus-10116-Asp-GUC
573,16s,train,tRNA_tdbR00000035-Saccharomyces_cerevisiae-4932-Asp-GUC
574,16s,train,tRNA_tdbR00000036-Euglena_gracilis-3039-Asp-GUC
575,16s,train,tRNA_tdbR00000041-Xenopus_laevis-8355-Asp-8UC
576,16s,train,tRNA_tdbR00000044-Mycoplasma_capricolum-2095-Glu-UC
577,16s,train,tRNA_tdbR00000049-Chlamydomonas_reinhardtii-3055-Glu-NUC
578,16s,train,tRNA_tdbR00000053-Bos_taurus-9913-Glu-NUC
579,16s,train,tRNA_tdbR00000058-Lupinus_luteus-3873-Glu-CUC
580,16s,train,tRNA_tdbR00000059-Rattus_norvegicus-10116-Glu-3UC
581,16s,train,tRNA_tdbR00000060-Drosophila_melanogaster-7227-Glu-2UC
582,16s,train,tRNA_tdbR00000064-Mycoplasma_capricolum-2095-Phe-GAA
583,16s,train,tRNA_tdbR00000065-Bacillus_subtilis-1423-Phe-AA
584,16s,train,tRNA_tdbR00000072-Phaseolus_vulgaris-3885-Phe-GAA
585,16s,train,tRNA_tdbR00000073-Spinacia_oleracea-3562-Phe-GAA
586,16s,train,tRNA_tdbR00000078-Ascaris_suum-6253-Phe-GAA
587,16s,train,tRNA_tdbR00000080-Bos_taurus-9913-Phe-GAA
588,16s,train,tRNA_tdbR00000083-Saccharomyces_cerevisiae-4932-Phe-AA
589,16s,train,tRNA_tdbR00000084-Saccharomyces_cerevisiae-4932-Phe-AA
590,16s,train,tRNA_tdbR00000089-Brassica_napus-3708-Phe-AA
591,16s,train,tRNA_tdbR00000099-Mus_musculus-10090-Phe-AA
592,16s,train,tRNA_tdbR00000101-Mus_musculus-10090-Phe-AA
593,16s,train,tRNA_tdbR00000103-Homo_sapiens-9606-Phe-AA
594,16s,train,tRNA_tdbR00000104-Enterobacteria_phage_T4-10665-Gly-NCC
595,16s,train,tRNA_tdbR00000105-Halobacterium_salinarum-2242-Gly-GCC
596,16s,train,tRNA_tdbR00000117-Escherichia_coli-562-Gly-CCC
597,16s,train,tRNA_tdbR00000121-Salmonella_typhimurium-602-Gly-NCC
598,16s,train,tRNA_tdbR00000123-Saccharomyces_cerevisiae-4932-Gly-NCC
599,16s,train,tRNA_tdbR00000132-Lupinus_luteus-3873-Gly-GCC
600,16s,train,tRNA_tdbR00000144-Saccharomyces_cerevisiae-4932-His-GUG
601,16s,train,tRNA_tdbR00000145-Saccharomyces_cerevisiae-4932-His-GUG
602,16s,train,tRNA_tdbR00000152-Haloferax_volcanii-2246-Ile-NAU
603,16s,train,tRNA_tdbR00000158-Escherichia_coli-562-Ile-GAU
604,16s,train,tRNA_tdbR00000159-Escherichia_coli-562-Ile-GAU
605,16s,train,tRNA_tdbR00000181-Escherichia_coli-562-Lys-SUU
606,16s,train,tRNA_tdbR00000189-Rattus_norvegicus-10116-Lys-NUU
607,16s,train,tRNA_tdbR00000200-Oryctolagus_cuniculus-9986-Lys-3UU
608,16s,train,tRNA_tdbR00000205-Loligo_bleekeri-6617-Lys-NUU
609,16s,train,tRNA_tdbR00000215-Haloferax_volcanii-2246-Leu-5AG
610,16s,train,tRNA_tdbR00000226-Synechococcus_elongatus_PCC_6301-269084-Leu-CAG
611,16s,train,tRNA_tdbR00000233-Phaseolus_vulgaris-3885-Leu-UA7
612,16s,train,tRNA_tdbR00000249-Saccharomyces_cerevisiae-4932-Leu-CAA
613,16s,train,tRNA_tdbR00000250-Saccharomyces_cerevisiae-4932-Leu-UAG
614,16s,train,tRNA_tdbR00000251-Saccharomyces_cerevisiae-4932-Leu-UAA
615,16s,train,tRNA_tdbR00000271-Haloferax_volcanii-2246-Met-BAU
616,16s,train,tRNA_tdbR00000275-Thermus_thermophilus-274-Met-CAU
617,16s,train,tRNA_tdbR00000277-Codium_fragile-3133-Met-CAU
618,16s,train,tRNA_tdbR00000284-Saccharomyces_cerevisiae-4932-Met-CAU
619,16s,train,tRNA_tdbR00000294-Mycoplasma_capricolum-2095-Asn-GUU
620,16s,train,tRNA_tdbR00000295-Escherichia_coli-562-Asn-QUU
621,16s,train,tRNA_tdbR00000296-Azospirillum_lipoferum-193-Asn-QUU
622,16s,train,tRNA_tdbR00000298-Asterias_amurensis-7602-Asn-GUU
623,16s,train,tRNA_tdbR00000301-Lupinus_luteus-3873-Asn-UU
624,16s,train,tRNA_tdbR00000314-Mycoplasma_capricolum-2095-Pro-UGG
625,16s,train,tRNA_tdbR00000316-Bacillus_subtilis-1423-Pro-5GG
626,16s,train,tRNA_tdbR00000320-Spinacia_oleracea-3562-Pro-NGG
627,16s,train,tRNA_tdbR00000335-Nicotiana_rustica-4093-Gln-NUG
628,16s,train,tRNA_tdbR00000336-Aedes_albopictus-7160-Gln-NUG
629,16s,train,tRNA_tdbR00000341-Rattus_norvegicus-10116-Gln-CUG
630,16s,train,tRNA_tdbR00000355-Escherichia_coli-562-Arg-ICG
631,16s,train,tRNA_tdbR00000356-Escherichia_coli-562-Arg-ICG
632,16s,train,tRNA_tdbR00000362-Saccharomyces_cerevisiae-4932-Arg-NCU
633,16s,train,tRNA_tdbR00000376-Bos_taurus-9913-Arg-3CP
634,16s,train,tRNA_tdbR00000384-Mycoplasma_capricolum-2095-Ser-GCU
635,16s,train,tRNA_tdbR00000387-Bacillus_subtilis-1423-Ser-5GA
636,16s,train,tRNA_tdbR00000390-Escherichia_coli-562-Ser-CGA
637,16s,train,tRNA_tdbR00000396-Saccharomyces_cerevisiae-4932-Ser-UGA
638,16s,train,tRNA_tdbR00000399-Aedes_albopictus-7160-Ser-GCU
639,16s,train,tRNA_tdbR00000400-Loligo_bleekeri-6617-Ser-7CU
640,16s,train,tRNA_tdbR00000406-Saccharomyces_cerevisiae-4932-Ser-NGA
641,16s,train,tRNA_tdbR00000407-Saccharomyces_cerevisiae-4932-Ser-IGA
642,16s,train,tRNA_tdbR00000422-Rattus_norvegicus-10116-Ser-GCU
643,16s,train,tRNA_tdbR00000427-Gallus_gallus-9031-Ser-UGA
644,16s,train,tRNA_tdbR00000430-Halobacterium_salinarum-2242-Thr-GGU
645,16s,train,tRNA_tdbR00000435-Mycoplasma_mycoides-2102-Thr-UGU
646,16s,train,tRNA_tdbR00000460-Aedes_albopictus-7160-Val-UAC
647,16s,train,tRNA_tdbR00000463-Bos_taurus-9913-Val-UAC
648,16s,train,tRNA_tdbR00000480-Mycoplasma_capricolum-2095-Trp-CA
649,16s,train,tRNA_tdbR00000485-Nicotiana_tabacum-4097-Trp-BCA
650,16s,train,tRNA_tdbR00000486-Phaseolus_vulgaris-3885-Trp-BCA
651,16s,train,tRNA_tdbR00000507-Bacillus_subtilis-1423-Ini-CAU
652,16s,train,tRNA_tdbR00000510-Escherichia_coli-562-Ini-CAU
653,16s,train,tRNA_tdbR00000516-Spinacia_oleracea-3562-Ini-CAU
654,16s,train,tRNA_tdbR00000522-Bos_taurus-9913-Ini-AU
655,16s,train,tRNA_tdbR00000529-Triticum_aestivum-4565-Ini-CAU
656,16s,train,tRNA_tdbR00000534-Euphausia_superba-6819-Ini-CAU
657,16s,train,tRNA_tdbR00000536-Salmo_salar-8030-Ini-CAU
658,16s,train,tRNA_tdbR00000553-Asterias_amurensis-7602-Tyr-GUA
659,16s,train,tRNA_tdbR00000556-Schizosaccharomyces_pombe-4896-Tyr-GPA
660,16s,train,tRNA_tdbR00000559-Triticum_aestivum-4565-Tyr-GPA
661,16s,train,tRNA_tdbR00000563-Lupinus_albus-3870-Tyr-GPA
662,16s,train,tRNA_tdbR00000576-Leishmania_tarentolae-5689-Asp-GUC
663,16s,train,tRNA_tdbR00000594-Ascaris_suum-6253-Leu-AA
664,16s,train,tRNA_tdbR00000610-Caulobacter_crescentus_CB15-190650-His-GUG
665,16s,train,tRNA_tdbR00000619-Toxoplasma_gondii-5811-Met-CAU
666,16s,train,telomerase_AC121792.109554-109950
667,16s,train,telomerase_AF147806.247-692
668,16s,train,telomerase_AF221906.96-545
669,16s,train,telomerase_AF221908.136-584
670,16s,train,telomerase_AF221909.98-496
671,16s,train,telomerase_AF221910.112-554
672,16s,train,telomerase_AF221911.104-513
673,16s,train,telomerase_AF221912.98-564
674,16s,train,telomerase_AF221913.109-520
675,16s,train,telomerase_AF221914.112-589
676,16s,train,telomerase_AF221916.94-481
677,16s,train,telomerase_AF221917.99-542
678,16s,train,telomerase_AF221918.97-547
679,16s,train,telomerase_AF221919.107-614
680,16s,train,telomerase_AF221920.99-541
681,16s,train,telomerase_AF221921.98-548
682,16s,train,telomerase_AF221923.106-554
683,16s,train,telomerase_AF221924.105-538
684,16s,train,telomerase_AF221925.98-540
685,16s,train,telomerase_AF221926.103-507
686,16s,train,telomerase_AF221927.113-556
687,16s,train,telomerase_AF221928.95-476
688,16s,train,telomerase_AF221929.92-517
689,16s,train,telomerase_AF221930.94-546
690,16s,train,telomerase_AF221931.99-541
691,16s,train,telomerase_AF221932.102-549
692,16s,train,telomerase_AF221934.121-565
693,16s,train,telomerase_AF221935.112-602
694,16s,train,telomerase_AF221936.98-540
695,16s,train,telomerase_AF221937.99-545
696,16s,train,telomerase_AF221939.99-544
697,16s,train,telomerase_AF221940.103-499
698,16s,train,telomerase_AY058901.1-397
699,16s,train,telomerase_AY312571.605-1069
700,16s,train,telomerase_U85256.1-451
701,16s,train,telomerase_AC121792.109554-109950
702,16s,train,telomerase_AF147806.247-692
703,16s,train,telomerase_AF221906.96-545
704,16s,train,telomerase_AF221908.136-584
705,16s,train,telomerase_AF221909.98-496
706,16s,train,telomerase_AF221910.112-554
707,16s,train,telomerase_AF221911.104-513
708,16s,train,telomerase_AF221912.98-564
709,16s,train,telomerase_AF221913.109-520
710,16s,train,telomerase_AF221914.112-589
711,16s,train,telomerase_AF221916.94-481
712,16s,train,telomerase_AF221917.99-542
713,16s,train,telomerase_AF221918.97-547
714,16s,train,telomerase_AF221919.107-614
715,16s,train,telomerase_AF221920.99-541
716,16s,train,telomerase_AF221921.98-548
717,16s,train,telomerase_AF221923.106-554
718,16s,train,telomerase_AF221924.105-538
719,16s,train,telomerase_AF221925.98-540
720,16s,train,telomerase_AF221926.103-507
721,16s,train,telomerase_AF221927.113-556
722,16s,train,telomerase_AF221928.95-476
723,16s,train,telomerase_AF221929.92-517
724,16s,train,telomerase_AF221930.94-546
725,16s,train,telomerase_AF221931.99-541
726,16s,train,telomerase_AF221932.102-549
727,16s,train,telomerase_AF221934.121-565
728,16s,train,telomerase_AF221935.112-602
729,16s,train,telomerase_AF221936.98-540
730,16s,train,telomerase_AF221937.99-545
731,16s,train,telomerase_AF221939.99-544
732,16s,train,telomerase_AF221940.103-499
733,16s,train,telomerase_AY058901.1-397
734,16s,train,telomerase_AY312571.605-1069
735,16s,train,telomerase_U85256.1-451
736,16s,train,telomerase_AC121792.109554-109950
737,16s,train,telomerase_AF147806.247-692
738,16s,train,telomerase_AF221906.96-545
739,16s,train,telomerase_AF221908.136-584
740,16s,train,telomerase_AF221909.98-496
741,16s,train,telomerase_AF221910.112-554
742,16s,train,telomerase_AF221911.104-513
743,16s,train,telomerase_AF221912.98-564
744,16s,train,telomerase_AF221913.109-520
745,16s,train,telomerase_AF221914.112-589
746,16s,train,telomerase_AF221916.94-481
747,16s,train,telomerase_AF221917.99-542
748,16s,train,telomerase_AF221918.97-547
749,16s,train,telomerase_AF221919.107-614
750,16s,train,telomerase_AF221920.99-541
751,16s,train,telomerase_AF221921.98-548
752,16s,train,telomerase_AF221923.106-554
753,16s,train,telomerase_AF221924.105-538
754,16s,train,telomerase_AF221925.98-540
755,16s,train,telomerase_AF221926.103-507
756,16s,train,telomerase_AF221927.113-556
757,16s,train,telomerase_AF221928.95-476
758,16s,train,telomerase_AF221929.92-517
759,16s,train,telomerase_AF221930.94-546
760,16s,train,telomerase_AF221931.99-541
761,16s,train,telomerase_AF221932.102-549
762,16s,train,telomerase_AF221934.121-565
763,16s,train,telomerase_AF221935.112-602
764,16s,train,telomerase_AF221936.98-540
765,16s,train,telomerase_AF221937.99-545
766,16s,train,tmRNA_Acti.acti._TRW-272556_1-366
767,16s,train,tmRNA_Acti.naes._TRW-240017_1-371
768,16s,train,tmRNA_Anab.vari._CP000117_1-390
769,16s,train,tmRNA_Aqui.aeol._TRW-63363_1-347
770,16s,train,tmRNA_Azoa.spec._TRW-62928_1-378
771,16s,train,tmRNA_Baci.G._TRW-12333_1-312
772,16s,train,tmRNA_Baci.anth._AE016879_1-355
773,16s,train,tmRNA_Baci.clau._AP006627_1-355
774,16s,train,tmRNA_Bact.frag._CR626927_1-398
775,16s,train,tmRNA_Bord.aviu._AM167904_1-406
776,16s,train,tmRNA_Bord.bron._TRW-257310_1-387
777,16s,train,tmRNA_Borr.gari._CP000013_1-363
778,16s,train,tmRNA_Burk.pseu._TRW-28450_1-370
779,16s,train,tmRNA_Camp.coli._AL111168_1-359
780,16s,train,tmRNA_Camp.coli._TRW-306254_1-359
781,16s,train,tmRNA_Camp.jeju._AL139078_1-356
782,16s,train,tmRNA_Chla.pneu._AE002224_1-423
783,16s,train,tmRNA_Chla.pneu._TRW-83558_1-426
784,16s,train,tmRNA_Chla.trac._TRW-813-1_1-420
785,16s,train,tmRNA_Chla.trac._TRW-813-2_1-420
786,16s,train,tmRNA_Chlo.tepi._TRW-194439_1-404
787,16s,train,tmRNA_Clos.acet._AE001437_1-359
788,16s,train,tmRNA_Copr.prot._TRW-351627_1-353
789,16s,train,tmRNA_Cyan.mero._TRW-45157_1-236
790,16s,train,tmRNA_Cyan.para._TRW-2762_1-294
791,16s,train,tmRNA_Desu.vulg._AE017285_1-352
792,16s,train,tmRNA_Ente.faec._TRW-1352_1-367
793,16s,train,tmRNA_Esch.coli._CP000468_1-363
794,16s,train,tmRNA_Esch.coli._D90888_1-363
795,16s,train,tmRNA_Fibr.succ._TRW-59374_1-361
796,16s,train,tmRNA_Fran.tula._AJ749949_1-421
797,16s,train,tmRNA_Fran.tula._AM286280_1-421
798,16s,train,tmRNA_Gemm.obsc._TRW-214688_1-412
799,16s,train,tmRNA_Haem.somn._CP000436_1-367
800,16s,train,tmRNA_Heli.pylo._AE001503_1-383
801,16s,train,tmRNA_Heli.pylo._TRW-85962_1-386
802,16s,train,tmRNA_Kleb.pneu._TRW-272620_1-363
803,16s,train,tmRNA_Lact.acid._CP000033_1-369
804,16s,train,tmRNA_Lact.delb._AF440335_1-316
805,16s,train,tmRNA_Lact.delb._TRW-321956_1-362
806,16s,train,tmRNA_Lact.gass._TRW-1596_1-366
807,16s,train,tmRNA_Lact.john._TRW-257314_1-367
808,16s,train,tmRNA_Lact.lact._AF176556_1-359
809,16s,train,tmRNA_Lact.sake._AF400065_1-370
810,16s,train,tmRNA_Lact.sake._TRW-314315_1-370
811,16s,train,tmRNA_Leuc.mese._TRW-1245_1-358
812,16s,train,tmRNA_List.ivan._AF440342_1-321
813,16s,train,tmRNA_List.mono._TRW-1639-1_1-370
814,16s,train,tmRNA_List.wels._AF440351_1-321
815,16s,train,tmRNA_Magn.spec._CP000471_1-366
816,16s,train,tmRNA_Myco.arth._TRW-243272_1-394
817,16s,train,tmRNA_Myco.bovi._TRW-1765_1-368
818,16s,train,tmRNA_Myco.capr._S67602_1-408
819,16s,train,tmRNA_Myco.lepr._TRW-272631_1-369
820,16s,train,tmRNA_Myco.pneu._AE000035_1-384
821,16s,train,tmRNA_Myco.tube._TRW-164513_1-368
822,16s,train,tmRNA_Myco.tube._TRW-1773_1-368
823,16s,train,tmRNA_Myxo.xant._TRW-34_1-366
824,16s,train,tmRNA_Neis.lact._TRW-486_1-362
825,16s,train,tmRNA_Nost.punc._TRW-63737_1-390
826,16s,train,tmRNA_Ocea.ihey._BA000028_1-364
827,16s,train,tmRNA_Odon.sine._Z67753_1-368
828,16s,train,tmRNA_Paen.larv._TRW-1464_1-367
829,16s,train,tmRNA_Pant.stew._TRW-66269_1-363
830,16s,train,tmRNA_Past.mult._AE006115_1-367
831,16s,train,tmRNA_Phot.asym._TRW-291112_1-364
832,16s,train,tmRNA_Psyc.arct._CP000082_1-359
833,16s,train,tmRNA_Psyc.cryo._CP000323_1-359
834,16s,train,tmRNA_Rubr.gela._TRW-279263_1-372
835,16s,train,tmRNA_Rubr.xyla._TRW-266117_1-360
836,16s,train,tmRNA_Salm.ente._TRW-59204_1-363
837,16s,train,tmRNA_Shew.balt._TRW-325240_1-356
838,16s,train,tmRNA_Shew.onei._AX048560_1-355
839,16s,train,tmRNA_Shew.spec._CP000444_1-355
840,16s,train,tmRNA_Shig.dyse._CP000034_1-363
841,16s,train,tmRNA_Shig.flex._AE005674_1-363
842,16s,train,tmRNA_Soda.glos._AP008232_1-384
843,16s,train,tmRNA_Spir.citr._AM285321_1-424
844,16s,train,tmRNA_Stap.aure._AC074317_1-359
845,16s,train,tmRNA_Stap.aure._BA000018_1-362
846,16s,train,tmRNA_Stap.aure._BX571856_1-362
847,16s,train,tmRNA_Stap.epid._TRW-1282-1_1-361
848,16s,train,tmRNA_Stre.agal._TRW-1311_1-350
849,16s,train,tmRNA_Stre.pneu._TRW-216600_1-348
850,16s,train,tmRNA_Stre.sobr._TRW-246202_1-349
851,16s,train,tmRNA_Stre.ther._CP000024_1-350
852,16s,train,tmRNA_Synt.acid._CP000252_1-356
853,16s,train,tmRNA_Ther.neap._TRW-309803_1-357
854,16s,train,tmRNA_Ther.teng._AE013063_1-351
855,16s,train,tmRNA_Thio.crun._CP000109_1-358
856,16s,train,tmRNA_Trep.pall._TRW-243276_1-354
857,16s,train,tmRNA_Trop.whip._BX251411_1-369
858,16s,train,tmRNA_Xant.axon._AE011783_1-397
859,16s,train,tmRNA_Yers.berc._TRW-349968_1-381
860,16s,train,tmRNA_envi.sequ._TRW-32045-2_1-345
861,16s,train,tmRNA_uncu.bact._TRW-32045-4_1-369
862,16s,train,tmRNA_uncu.bact._TRW-72274-1_1-359
863,16s,train,tmRNA_uncu.bact._TRW-72274-2_1-359
864,16s,train,tmRNA_uncu.bact._TRW-80840-1_1-378
865,16s,train,tmRNA_uncu.bact._TRW-80840-2_1-379
866,23s,train,16s_A.fulgidus_domain2
867,23s,train,16s_A.fulgidus_domain3
868,23s,train,16s_A.fulgidus_domain4
869,23s,train,16s_A.pyrophilus_domain2
870,23s,train,16s_A.pyrophilus_domain4
871,23s,train,16s_B.burgdorferi_domain2
872,23s,train,16s_B.burgdorferi_domain3
873,23s,train,16s_B.burgdorferi_domain4
874,23s,train,16s_B.subtilis_domain2
875,23s,train,16s_B.subtilis_domain3
876,23s,train,16s_B.subtilis_domain4
877,23s,train,16s_C.elegans_domain1
878,23s,train,16s_C.elegans_domain2
879,23s,train,16s_C.elegans_domain3
880,23s,train,16s_C.elegans_domain4
881,23s,train,16s_C.psittaci_domain2
882,23s,train,16s_C.psittaci_domain3
883,23s,train,16s_C.psittaci_domain4
884,23s,train,16s_C.reinhardtii.chloro_domain1
885,23s,train,16s_C.reinhardtii.chloro_domain2
886,23s,train,16s_C.reinhardtii.chloro_domain3
887,23s,train,16s_C.reinhardtii.chloro_domain4
888,23s,train,16s_C.reinhardtii.mito_domain1
889,23s,train,16s_C.reinhardtii.mito_domain2
890,23s,train,16s_C.reinhardtii.mito_domain3
891,23s,train,16s_C.reinhardtii.mito_domain4
892,23s,train,16s_D.melanogaster_domain4
893,23s,train,16s_E.coli_domain2
894,23s,train,16s_E.coli_domain3
895,23s,train,16s_E.coli_domain4
896,23s,train,16s_F.ananassa_domain3
897,23s,train,16s_F.ananassa_domain4
898,23s,train,16s_G.intestinalis_domain1
899,23s,train,16s_G.intestinalis_domain2
900,23s,train,16s_G.intestinalis_domain3
901,23s,train,16s_G.intestinalis_domain4
902,23s,train,16s_H.sapiens.mito_domain1
903,23s,train,16s_H.sapiens.mito_domain2
904,23s,train,16s_H.sapiens.mito_domain3
905,23s,train,16s_H.sapiens.mito_domain4
906,23s,train,16s_H.sapiens_domain3
907,23s,train,16s_H.sapiens_domain4
908,23s,train,16s_H.volcanii_domain1
909,23s,train,16s_H.volcanii_domain2
910,23s,train,16s_H.volcanii_domain3
911,23s,train,16s_H.volcanii_domain4
912,23s,train,16s_M.polymorpha_domain2
913,23s,train,16s_M.polymorpha_domain3
914,23s,train,16s_M.polymorpha_domain4
915,23s,train,16s_P.occultum_domain2
916,23s,train,16s_P.occultum_domain3
917,23s,train,16s_P.occultum_domain4
918,23s,train,16s_P.staleyi_domain2
919,23s,train,16s_P.staleyi_domain3
920,23s,train,16s_P.staleyi_domain4
921,23s,train,16s_S.cerevisiae_domain3
922,23s,train,16s_S.cerevisiae_domain4
923,23s,train,16s_T.gondii_domain3
924,23s,train,16s_T.gondii_domain4
925,23s,train,16s_T.maritima_domain2
926,23s,train,16s_T.maritima_domain3
927,23s,train,16s_T.maritima_domain4
928,23s,train,16s_Z.mays_domain1
929,23s,train,16s_Z.mays_domain2
930,23s,train,16s_Z.mays_domain3
931,23s,train,16s_Z.mays_domain4
932,23s,train,16s_A.fulgidus_domain2
933,23s,train,16s_A.fulgidus_domain3
934,23s,train,16s_A.fulgidus_domain4
935,23s,train,16s_A.pyrophilus_domain2
936,23s,train,16s_A.pyrophilus_domain4
937,23s,train,16s_B.burgdorferi_domain2
938,23s,train,16s_B.burgdorferi_domain3
939,23s,train,16s_B.burgdorferi_domain4
940,23s,train,16s_B.subtilis_domain2
941,23s,train,16s_B.subtilis_domain3
942,23s,train,16s_B.subtilis_domain4
943,23s,train,16s_C.elegans_domain1
944,23s,train,16s_C.elegans_domain2
945,23s,train,16s_C.elegans_domain3
946,23s,train,16s_C.elegans_domain4
947,23s,train,16s_C.psittaci_domain2
948,23s,train,16s_C.psittaci_domain3
949,23s,train,16s_C.psittaci_domain4
950,23s,train,16s_C.reinhardtii.chloro_domain1
951,23s,train,16s_C.reinhardtii.chloro_domain2
952,23s,train,16s_C.reinhardtii.chloro_domain3
953,23s,train,16s_C.reinhardtii.chloro_domain4
954,23s,train,16s_C.reinhardtii.mito_domain1
955,23s,train,16s_C.reinhardtii.mito_domain2
956,23s,train,16s_C.reinhardtii.mito_domain3
957,23s,train,16s_C.reinhardtii.mito_domain4
958,23s,train,16s_D.melanogaster_domain4
959,23s,train,16s_E.coli_domain2
960,23s,train,16s_E.coli_domain3
961,23s,train,16s_E.coli_domain4
962,23s,train,16s_F.ananassa_domain3
963,23s,train,16s_F.ananassa_domain4
964,23s,train,16s_G.intestinalis_domain1
965,23s,train,16s_G.intestinalis_domain2
966,23s,test,23s_B.subtilis_domain3
967,23s,test,23s_B.subtilis_domain4
968,23s,test,23s_B.subtilis_domain6
969,23s,test,23s_E.coli_domain3
970,23s,test,23s_E.coli_domain4
971,23s,test,23s_E.coli_domain6
972,23s,test,23s_H.pylori_domain3
973,23s,test,23s_H.pylori_domain4
974,23s,test,23s_H.pylori_domain6
975,23s,test,23s_S.aureus_domain3
976,23s,test,23s_S.aureus_domain4
977,23s,test,23s_S.aureus_domain6
978,23s,test,23s_T.thermophilus_domain3
979,23s,test,23s_T.thermophilus_domain4
980,23s,test,23s_T.thermophilus_domain6
981,23s,train,5s_Agrobacterium-tumefaciens-7
982,23s,train,5s_Alcaligenes-faecalis-2
983,23s,train,5s_Antheraea-pernyi-1
984,23s,train,5s_Arthrobacter-polychromogenes-1
985,23s,train,5s_Asellus-aquaticus-2
986,23s,train,5s_Aspergillus-versicolor-1
987,23s,train,5s_Bacillus-anthracis-3
988,23s,train,5s_Bacillus-cereus-1
989,23s,train,5s_Bacillus-cereus-10
990,23s,train,5s_Bacillus-licheniformis-1
991,23s,train,5s_Bacillus-methanolicus-7
992,23s,train,5s_Bacillus-methanolicus-9
993,23s,train,5s_Basidiobolus-magnus-1
994,23s,train,5s_Blastocladiella-simplex-1
995,23s,train,5s_Bullera-alba-1
996,23s,train,5s_Burkholderia-mallei-1
997,23s,train,5s_Candidatus-Tremblaya-princeps-1
998,23s,train,5s_Cerastoderma-glaucum-1
999,23s,train,5s_Coleosporium-tussilaginis-1
1000,23s,train,5s_Comamonas-terrigena-1
1001,23s,train,5s_Corynebacterium-variabile-1
1002,23s,train,5s_Corynebacterium-xerosis-2
1003,23s,train,5s_Cryptococcus-bacillisporus-1
1004,23s,train,5s_Daphnia-magna-1
1005,23s,train,5s_Deinococcus-radiophilus-1
1006,23s,train,5s_Desulfurococcus-mobilis-1
1007,23s,train,5s_Dichelobacter-nodosus-1
1008,23s,train,5s_Dipsacomyces-acuminosporus-1
1009,23s,train,5s_Erysipelothrix-rhusiopathiae-1
1010,23s,train,5s_Esch_coli5B
1011,23s,train,5s_Euplotes-vannus-1
1012,23s,train,5s_Fluoribacter-bozemanae-1
1013,23s,train,5s_Frankia-sp.-3
1014,23s,train,5s_Fusarium-culmorum-4
1015,23s,train,5s_Genistelloides-hibernus-1
1016,23s,train,5s_Geobacillus-kaustophilus-7
1017,23s,train,5s_Halobacterium-sp.-1
1018,23s,train,5s_Hyphomicrobium-sp.-6
1019,23s,train,5s_Legionella-pneumophila-1
1020,23s,train,5s_Leuconostoc-mesenteroides-1
1021,23s,train,5s_Linderina-macrospora-1
1022,23s,train,5s_Listeria-ivanovii-1
1023,23s,train,5s_Locusta-migratoria-1
1024,23s,train,5s_Medicago-sativa-1
1025,23s,train,5s_Meloidogyne-chitwoodi-1
1026,23s,train,5s_Methanococcus-voltae-2
1027,23s,train,5s_Methanothermobacter-thermautotrophicus-3
1028,23s,train,5s_Microtetraspora-glauca-1
1029,23s,train,5s_Mycoplasma-mobile-1
1030,23s,train,5s_Mycoplasma-mycoides-1
1031,23s,train,5s_Mycoplasma-mycoides-3
1032,23s,train,5s_Mycoplasma-penetrans-1
1033,23s,train,5s_Myxococcus-coralloides-1
1034,23s,train,5s_Neurospora-crassa-10
1035,23s,train,5s_Neurospora-crassa-13
1036,23s,train,5s_Nitella-flexilis-1
1037,23s,train,5s_Paracentrotus-lividus-1
1038,23s,train,5s_Paracoccus-denitrificans-1
1039,23s,train,5s_Phaffia-rhodozyma-1
1040,23s,train,5s_Pichia-angusta-1
1041,23s,train,5s_Pichia-jadinii-2
1042,23s,train,5s_Pichia-membranifaciens-1
1043,23s,train,5s_Pinus-contorta-1
1044,23s,train,5s_Planobispora-longispora-1
1045,23s,train,5s_Pseudomonas-fluorescens-1
1046,23s,train,5s_Pseudomonas-fluorescens-3
1047,23s,train,5s_Pseudomonas-fluorescens-4
1048,23s,train,5s_Ralstonia-solanacearum-1
1049,23s,train,5s_Rana-catesbeiana-1
1050,23s,train,5s_Rana-pipiens-1
1051,23s,train,5s_Renibacterium-salmoninarum-1
1052,23s,train,5s_Renobacter-vaculatum-1
1053,23s,train,5s_Rhizoctonia-globularis-1
1054,23s,train,5s_Rickettsia-conorii-1
1055,23s,train,5s_Rickettsia-moozeri-1
1056,23s,train,5s_Salmonella-enterica-3
1057,23s,train,5s_Salmonella-enterica-4
1058,23s,train,5s_Salmonella-enterica-7
1059,23s,train,5s_Saprospira-grandis-1
1060,23s,train,5s_Shewanella-colwelliana-1
1061,23s,train,5s_Spiroplasma-melliferum-1
1062,23s,train,5s_Starkeya-novella-1
1063,23s,train,5s_Stella-humosa-1
1064,23s,train,5s_Streptococcus-mutans-3
1065,23s,train,5s_Streptococcus-pneumoniae-2
1066,23s,train,5s_Streptomyces-avermitilis-1
1067,23s,train,5s_Thermoactinomyces-vulgaris-1
1068,23s,train,5s_Thermoplasma-acidophilum-1
1069,23s,train,5s_Thermus-aquaticus-1
1070,23s,train,5s_Thermus-thermophilus-1
1071,23s,train,5s_Thiovulum-sp.-1
1072,23s,train,5s_Tinca-tinca-1
1073,23s,train,5s_Vibrio-cholerae-3
1074,23s,train,5s_Vibrio-fischeri-1
1075,23s,train,5s_Vibrio-mediterranei-1
1076,23s,train,5s_Vicia-faba-1
1077,23s,train,5s_Vitreoscilla-beggiatoides-1
1078,23s,train,5s_Wolbachia-endosymbiont-of-D.-melanogaster-1
1079,23s,train,5s_Xanthomonas-campestris-1
1080,23s,train,5s_Xenopus-laevis-7
1081,23s,train,RNaseP_A.brierleyi
1082,23s,train,RNaseP_A.erythreum
1083,23s,train,RNaseP_A.ferrooxidans
1084,23s,train,RNaseP_A.fulgidus
1085,23s,train,RNaseP_A.obstetricans
1086,23s,train,RNaseP_A.paspali
1087,23s,train,RNaseP_A.telluris
1088,23s,train,RNaseP_B.brevis
1089,23s,train,RNaseP_BH145
1090,23s,train,RNaseP_Buchnera-APS
1091,23s,train,RNaseP_C.crescentus
1092,23s,train,RNaseP_C.jejuni
1093,23s,train,RNaseP_C.limicola
1094,23s,train,RNaseP_C.psittaci-R54
1095,23s,train,RNaseP_CPA49
1096,23s,train,RNaseP_CPA58
1097,23s,train,RNaseP_CPA63
1098,23s,train,RNaseP_CPB139
1099,23s,train,RNaseP_CPB147
1100,23s,train,RNaseP_CPB75
1101,23s,train,RNaseP_CPB80
1102,23s,train,RNaseP_Calothrix-PCC7601
1103,23s,train,RNaseP_D.radiodurans-g
1104,23s,train,RNaseP_E.coli-JM109
1105,23s,train,RNaseP_E.faecalis
1106,23s,train,RNaseP_EF
1107,23s,train,RNaseP_EM14b-11
1108,23s,train,RNaseP_EM14b-9
1109,23s,train,RNaseP_ERE
1110,23s,train,RNaseP_ESH167F
1111,23s,train,RNaseP_ESH210B
1112,23s,train,RNaseP_ESH30-3
1113,23s,train,RNaseP_ESH46a-1
1114,23s,train,RNaseP_F.antarctica
1115,23s,train,RNaseP_F.yabuuchiae
1116,23s,train,RNaseP_G.sulfurreducens
1117,23s,train,RNaseP_H.mobilis
1118,23s,train,RNaseP_K.thermotolerans
1119,23s,train,RNaseP_L.japonicus-IFO12422
1120,23s,train,RNaseP_L.weilii
1121,23s,train,RNaseP_LGB21
1122,23s,train,RNaseP_LGB32
1123,23s,train,RNaseP_M.genitalium
1124,23s,train,RNaseP_M.thermoautotrophicumDH-g
1125,23s,train,RNaseP_M.thermolithotrophicus
1126,23s,train,RNaseP_M.tuberculosis-g
1127,23s,train,RNaseP_Mxa1
1128,23s,train,RNaseP_N.gonnorhoeae
1129,23s,train,RNaseP_N.luteus
1130,23s,train,RNaseP_N.simplex
1131,23s,train,RNaseP_Nostoc-PCC7413
1132,23s,train,RNaseP_Onchorhynchus-2
1133,23s,train,RNaseP_P.aerogenes
1134,23s,train,RNaseP_P.azotoformans
1135,23s,train,RNaseP_P.fluorescens
1136,23s,train,RNaseP_P.hollandica
1137,23s,train,RNaseP_P.innocua
1138,23s,train,RNaseP_P.maris
1139,23s,train,RNaseP_P.shigelloides
1140,23s,train,RNaseP_P.staleyi
1141,23s,train,RNaseP_P.strasburgensis
1142,23s,train,RNaseP_P.vulgaris
1143,23s,train,RNaseP_P126
1144,23s,train,RNaseP_PS27
1145,23s,train,RNaseP_PS4
1146,23s,train,RNaseP_PS6
1147,23s,train,RNaseP_Prochlorococcus-TATL2-2
1148,23s,train,RNaseP_Pseudoanabaena-PCC6903
1149,23s,train,RNaseP_R.americana-mito
1150,23s,train,RNaseP_S.caesia-K76T
1151,23s,train,RNaseP_S.caesia-SB01
1152,23s,train,RNaseP_S.caesia-SB22
1153,23s,train,RNaseP_S.japonicus
1154,23s,train,RNaseP_S.polymorpha
1155,23s,train,RNaseP_S.putrefaciens
1156,23s,train,RNaseP_SM-A02
1157,23s,train,RNaseP_SM-A04
1158,23s,train,RNaseP_SM-A05
1159,23s,train,RNaseP_SM-A0911
1160,23s,train,RNaseP_SM-A1113
1161,23s,train,RNaseP_SM-A1519
1162,23s,train,RNaseP_SM-A1621
1163,23s,train,RNaseP_SM-A2135
1164,23s,train,RNaseP_SM-A3355
1165,23s,train,RNaseP_SM-A3862
1166,23s,train,RNaseP_SM-A6296
1167,23s,train,RNaseP_SM2
1168,23s,train,RNaseP_SMB-A3
1169,23s,train,RNaseP_SMB-B4
1170,23s,train,RNaseP_Saccharomonospora-K180
1171,23s,train,RNaseP_Synechococcus-PCC7003
1172,23s,train,RNaseP_Synechocystis-PCC6803
1173,23s,train,RNaseP_T.commune
1174,23s,train,RNaseP_T.delbrueckii
1175,23s,train,RNaseP_T.pallidum
1176,23s,train,RNaseP_U.urealyticum
1177,23s,train,RNaseP_UK5
1178,23s,train,RNaseP_WB3
1179,23s,train,RNaseP_X.fastidiosa
1180,23s,train,RNaseP_Y.pestis
1181,23s,train,grp1_a.I1.b.Dermocarpa.sp.ATCC29371.C3.tMET
1182,23s,train,grp1_a.I1.b.Phormidium.sp.N182.C3.tLEU
1183,23s,train,grp1_a.I1.b.S.hofmanii.C3.tMET
1184,23s,train,grp1_a.I1.b.Synechococcus.sp2.C3.tLEU
1185,23s,train,grp1_a.I1.c.A.cherimola.C3.tLEU
1186,23s,train,grp1_a.I1.c.G.prostrata.C3.tLEU
1187,23s,train,grp1_a.I1.c.S.bicolor.C3.tLEU
1188,23s,train,grp1_a.I1.e.A.adeninivorans.C1.LSU.2449
1189,23s,train,grp1_a.I1.e.A.capsulatus.CBS213.53.C1.SSU.943
1190,23s,train,grp1_a.I1.e.A.capsulatus.FLs1.C1.SSU
1191,23s,train,grp1_a.I1.e.A.capsulatus.G184B.C1.SSU
1192,23s,train,grp1_a.I1.e.A.capsulatus.G186B.C1.SSU
1193,23s,train,grp1_a.I1.e.A.stipitatus.C1.SSU.1046
1194,23s,train,grp1_a.I1.e.B.ciliata.JCM6865.C1.SSU.1506
1195,23s,train,grp1_a.I1.e.B.ciliata.JCM6865.C1.SSU.943
1196,23s,train,grp1_a.I1.e.B.yamatoana.JCM2896.C1.SSU.1506
1197,23s,train,grp1_a.I1.e.B.yamatoana.JCM2896.C1.SSU.943
1198,23s,train,grp1_a.I1.e.C.ellipsoidea.211-1a.C1.SSU.1506
1199,23s,train,grp1_a.I1.e.C.ellipsoidea.IAMC-87.C1.SSU.1506
1200,23s,train,grp1_a.I1.e.C.grayi.UNK.SSU.1046
1201,23s,train,grp1_a.I1.e.C.grayi.UNK.SSU.1516
1202,23s,train,grp1_a.I1.e.C.merochlorophea.UNK.SSU.1046
1203,23s,train,grp1_a.I1.e.C.merochlorophea.UNK.SSU.1210
1204,23s,train,grp1_a.I1.e.C.merochlorophea.UNK.SSU.1389
1205,23s,train,grp1_a.I1.e.C.merochlorophea.UNK.SSU.1516
1206,23s,train,grp1_a.I1.e.C.saccatum.C1.SSU.1512
1207,23s,train,grp1_a.I1.e.C.saxonicum.C1.SSU.1506
1208,23s,train,grp1_a.I1.e.D.parva.C1.SSU.1512
1209,23s,train,grp1_a.I1.e.D.parva.C1.SSU.943
1210,23s,train,grp1_a.I1.e.D.salina.C1.SSU.943
1211,23s,train,grp1_a.I1.e.E.dermatitidis.C1.SSU.943
1212,23s,train,grp1_a.I1.e.G.planctonica.C1.SSU.943
1213,23s,train,grp1_a.I1.e.G.spirotaenia.C1.SSU.1506
1214,23s,train,grp1_a.I1.e.L.dispersa.UNK.SSU.1046
1215,23s,train,grp1_a.I1.e.L.dispersa.UNK.SSU.114
1216,23s,train,grp1_a.I1.e.L.dispersa.UNK.SSU.1210
1217,23s,train,grp1_a.I1.e.L.dispersa.UNK.SSU.1516
1218,23s,train,grp1_a.I1.e.L.dispersa.UNK.SSU.287
1219,23s,train,grp1_a.I1.e.L.dispersa.UNK.SSU.516
1220,23s,train,grp1_a.I1.e.L.dispersa.UNK.SSU.789
1221,23s,train,grp1_a.I1.e.M.caldariorum.C1.SSU.1506
1222,23s,train,grp1_a.I1.e.P.carinii.C1.SSU.1506
1223,23s,train,grp1_a.I1.e.P.carinii.Pc1.C1.LSU.1921
1224,23s,train,grp1_a.I1.e.P.carinii.Pc2.C1.LSU.1921
1225,23s,train,grp1_a.I1.e.P.carinii.Pc3.C1.LSU.1921
1226,23s,train,grp1_a.I1.e.P.clavariiformis.C1.SSU.943
1227,23s,train,grp1_a.I1.e.P.inouyei.C1.SSU.1506
1228,23s,train,grp1_a.I1.e.P.inouyei.C1.SSU.943
1229,23s,train,grp1_a.I1.e.P.macrosporus.C1.SSU.1506
1230,23s,train,grp1_a.I1.e.P.macrosporus.C1.SSU.943
1231,23s,train,grp1_a.I1.e.P.pachydermus.C1.SSU.943
1232,23s,train,grp1_a.I1.e.P.sarcinoidea.C1.SSU.943
1233,23s,train,grp1_a.I1.e.S.granulatum.C1.SSU.1506
1234,23s,train,grp1_a.I1.e.S.paniceum.UNK.SSU.1052
1235,23s,train,grp1_a.I1.e.S.paniceum.UNK.SSU.114
1236,23s,train,grp1_a.I1.e.S.paniceum.UNK.SSU.1210
1237,23s,train,grp1_a.I1.e.S.paniceum.UNK.SSU.1506
1238,23s,train,grp1_a.I1.e.S.paniceum.UNK.SSU.287
1239,23s,train,grp1_a.I1.e.S.sclerotiorum_1837.C1.LSU.798
1240,23s,train,grp1_a.I1.e.Staurastrum.sp.M752.C1.SSU.1506
1241,23s,train,grp1_a.I1.e.Staurastrum.sp.M753.C1.SSU.1506
1242,23s,train,grp1_a.I1.e.T.cosmopolitanis.C1.LSU.1925
1243,23s,train,grp1_a.I1.e.T.hyperangularis.C1.LSU.1925
1244,23s,train,grp1_a.I1.e.T.malaccensis.C1.LSU.1925
1245,23s,train,grp1_a.I1.e.T.pigmentosa.C1.LSU.1925
1246,23s,train,grp1_a.I1.e.U.maydis.C1.SSU.943
1247,23s,train,grp1_a.I1.m.M.grisea.B2.ND1
1248,23s,train,grp1_a.I1.m.S.luteus.A1.LSU.2504
1249,23s,train,grp1_a.I1.m.S.pombe.B1.OX1
1250,23s,train,grp1_b.I1.e.C.saccharophila.C1.SSU.156
1251,23s,train,grp1_b.I1.e.M.anisopliae.2.C1.LSU.1921
1252,23s,train,grp1_b.I1.e.M.anisopliae.3.C1.LSU.1921
1253,23s,train,grp1_b.I1.e.T.thermophila.C1.LSU.1925
1254,23s,train,grp1_s.I1.e.T.thermophila.C1.LSU.1925.schem
1255,23s,train,grp1_a.I1.b.Dermocarpa.sp.ATCC29371.C3.tMET
1256,23s,train,grp1_a.I1.b.Phormidium.sp.N182.C3.tLEU
1257,23s,train,grp1_a.I1.b.S.hofmanii.C3.tMET
1258,23s,train,grp1_a.I1.b.Synechococcus.sp2.C3.tLEU
1259,23s,train,grp1_a.I1.c.A.cherimola.C3.tLEU
1260,23s,train,grp1_a.I1.c.G.prostrata.C3.tLEU
1261,23s,train,grp1_a.I1.c.S.bicolor.C3.tLEU
1262,23s,train,grp1_a.I1.e.A.adeninivorans.C1.LSU.2449
1263,23s,train,grp1_a.I1.e.A.capsulatus.CBS213.53.C1.SSU.943
1264,23s,train,grp1_a.I1.e.A.capsulatus.FLs1.C1.SSU
1265,23s,train,grp1_a.I1.e.A.capsulatus.G184B.C1.SSU
1266,23s,train,grp1_a.I1.e.A.capsulatus.G186B.C1.SSU
1267,23s,train,grp1_a.I1.e.A.stipitatus.C1.SSU.1046
1268,23s,train,grp1_a.I1.e.B.ciliata.JCM6865.C1.SSU.1506
1269,23s,train,grp1_a.I1.e.B.ciliata.JCM6865.C1.SSU.943
1270,23s,train,grp1_a.I1.e.B.yamatoana.JCM2896.C1.SSU.1506
1271,23s,train,grp1_a.I1.e.B.yamatoana.JCM2896.C1.SSU.943
1272,23s,train,grp1_a.I1.e.C.ellipsoidea.211-1a.C1.SSU.1506
1273,23s,train,grp1_a.I1.e.C.ellipsoidea.IAMC-87.C1.SSU.1506
1274,23s,train,grp1_a.I1.e.C.grayi.UNK.SSU.1046
1275,23s,train,grp1_a.I1.e.C.grayi.UNK.SSU.1516
1276,23s,train,grp1_a.I1.e.C.merochlorophea.UNK.SSU.1046
1277,23s,train,grp1_a.I1.e.C.merochlorophea.UNK.SSU.1210
1278,23s,train,grp1_a.I1.e.C.merochlorophea.UNK.SSU.1389
1279,23s,train,grp1_a.I1.e.C.merochlorophea.UNK.SSU.1516
1280,23s,train,grp1_a.I1.e.C.saccatum.C1.SSU.1512
1281,23s,train,srp_Aede.aegy._DW714804
1282,23s,train,srp_Ajel.caps._CV620298
1283,23s,train,srp_Arab.thal._AC005275
1284,23s,train,srp_Baci.mega._D11414
1285,23s,train,srp_Baci.poly._D11421
1286,23s,train,srp_Baci.subt._D11417
1287,23s,train,srp_Baci.thur._CP000485
1288,23s,train,srp_Baci.thur._D11412
1289,23s,train,srp_Bord.pert._BX640415
1290,23s,train,srp_Brug.mala._GSP-6279
1291,23s,train,srp_Buch.aphi._AE016826
1292,23s,train,srp_Burk.pseu._CP000570
1293,23s,train,srp_Burk.pseu._CP000572
1294,23s,train,srp_Cani.spec._SDB-9616
1295,23s,train,srp_Carb.hydr._CP000141
1296,23s,train,srp_Chla.trac._AE001298
1297,23s,train,srp_Cion.inte._BW088710
1298,23s,train,srp_Clav.lusi._GSP-306902
1299,23s,train,srp_Clos.botu._AM412317
1300,23s,train,srp_Clos.kluy._CP000673
1301,23s,train,srp_Cory.jeik._CR931997
1302,23s,train,srp_Cyan.mero._AB002583
1303,23s,train,srp_Dani.reri._EH513970
1304,23s,train,srp_Dech.arom._CP000089
1305,23s,train,srp_Desu.vulg._AE017285
1306,23s,train,srp_Desu.vulg._CP000527
1307,23s,train,srp_Dros.mela._AE001572
1308,23s,train,srp_Dros.mela._AE014297
1309,23s,train,srp_Dros.mela._X01056
1310,23s,train,srp_Enta.mosh._GSP-41668
1311,23s,train,srp_Ento.sulc._AF095839
1312,23s,train,srp_Esch.coli._CP000247
1313,23s,train,srp_Esch.coli._X01074
1314,23s,train,srp_Fran.alni._CT573213
1315,23s,train,srp_Fran.tula._AJ749949
1316,23s,train,srp_Fran.tula._AM286280
1317,23s,train,srp_Geob.kaus._BA000043
1318,23s,train,srp_Halo.halo._CP000544
1319,23s,train,srp_Heli.annu._AJ828095
1320,23s,train,srp_Heli.hepa._AE017125
1321,23s,train,srp_Kluy.walt._AADM01000319
1322,23s,train,srp_Lact.acid._CP000033
1323,23s,train,srp_Lact.john._AX926712
1324,23s,train,srp_Legi.pneu._M31830
1325,23s,train,srp_Leis.dono._AY781793
1326,23s,train,srp_Leis.majo._AY722715
1327,23s,train,srp_Lodd.elon._GSP-379508
1328,23s,train,srp_Lott.giga._GSP-225164
1329,23s,train,srp_Lyco.escu._Z29104
1330,23s,train,srp_Medi.trun._BE941271
1331,23s,train,srp_Medi.trun._CT485797
1332,23s,train,srp_Meth.burt._CP000300
1333,23s,train,srp_Meth.caps._AE017282
1334,23s,train,srp_Meth.ferv._S49762
1335,23s,train,srp_Meth.maze._AE008384
1336,23s,train,srp_Mus.musc._AC126244
1337,23s,train,srp_Myco.gall._AE015450
1338,23s,train,srp_Myco.pneu._AE000044
1339,23s,train,srp_Nect.haem._GSP-71109
1340,23s,train,srp_Nost.spec._BA000019
1341,23s,train,srp_Onch.volv._AI249203
1342,23s,train,srp_Para.bras._CN241909
1343,23s,train,srp_Pers.amer._X65992
1344,23s,train,srp_Pich.stip._CP000502
1345,23s,train,srp_Plas.chab._GSP-31271
1346,23s,train,srp_Plas.falc._EF690554
1347,23s,train,srp_Plas.yoel._GSP-352914
1348,23s,train,srp_Porp.purp._U38804
1349,23s,train,srp_Pris.paci._GSP-54126
1350,23s,train,srp_Proc.mari._CP000552
1351,23s,train,srp_Proc.mari._CP000576
1352,23s,train,srp_Pseu.aeru._AE004091
1353,23s,train,srp_Pseu.halo._CR954246
1354,23s,train,srp_Pseu.syri._CP000075
1355,23s,train,srp_Psyc.sp.._CP000713
1356,23s,train,srp_Pyro.furi._AE010126
1357,23s,train,srp_Rals.meta._CP000352
1358,23s,train,srp_Ratt.norv._AA923995
1359,23s,train,srp_Salm.ente._CP000026
1360,23s,train,srp_Schi.pomb._X15220
1361,23s,train,srp_Schm.medi._GSP-79327
1362,23s,train,srp_Shew.spec._CP000444
1363,23s,train,srp_Shew.spec._CP000469
1364,23s,train,srp_Spra.loph._GSP-51541
1365,23s,train,srp_Stap.aure._BX571856
1366,23s,train,srp_Stap.aure._BX571857
1367,23s,train,srp_Stap.haem._AP006716
1368,23s,train,srp_Stap.sapr._AP008934
1369,23s,train,srp_Stre.dysg._AJ489606
1370,23s,train,srp_Stre.pneu._AE008386
1371,23s,train,srp_Ther.mari._AE000512
1372,23s,train,srp_Tric.eryt._CP000393
1373,23s,train,srp_Trit.aest._BE424647
1374,23s,train,srp_Trit.aest._X13915
1375,23s,train,srp_Volv.cart._GSP-51971-1
1376,23s,train,srp_Volv.cart._GSP-51971-2
1377,23s,train,srp_Wolb.endo._AE017321
1378,23s,train,srp_Xyle.fast._AE009442
1379,23s,train,srp_Yers.pest._AL590842
1380,23s,train,srp_Zea.mays._AY108846
1381,23s,train,tRNA_tdbR00000003-Haloferax_volcanii-2246-Ala-GGC
1382,23s,train,tRNA_tdbR00000004-Haloferax_volcanii-2246-Ala-UGC
1383,23s,train,tRNA_tdbR00000007-Bacillus_subtilis-1423-Ala-5GC
1384,23s,train,tRNA_tdbR00000010-Escherichia_coli-562-Ala-VGC
1385,23s,train,tRNA_tdbR00000022-Enterobacteria_phage_T5-10726-Asp-GUC
1386,23s,train,tRNA_tdbR00000030-Aedes_albopictus-7160-Asp-GUC
1387,23s,train,tRNA_tdbR00000032-Rattus_norvegicus-10116-Asp-GUC
1388,23s,train,tRNA_tdbR00000035-Saccharomyces_cerevisiae-4932-Asp-GUC
1389,23s,train,tRNA_tdbR00000036-Euglena_gracilis-3039-Asp-GUC
1390,23s,train,tRNA_tdbR00000041-Xenopus_laevis-8355-Asp-8UC
1391,23s,train,tRNA_tdbR00000044-Mycoplasma_capricolum-2095-Glu-UC
1392,23s,train,tRNA_tdbR00000049-Chlamydomonas_reinhardtii-3055-Glu-NUC
1393,23s,train,tRNA_tdbR00000053-Bos_taurus-9913-Glu-NUC
1394,23s,train,tRNA_tdbR00000058-Lupinus_luteus-3873-Glu-CUC
1395,23s,train,tRNA_tdbR00000059-Rattus_norvegicus-10116-Glu-3UC
1396,23s,train,tRNA_tdbR00000060-Drosophila_melanogaster-7227-Glu-2UC
1397,23s,train,tRNA_tdbR00000064-Mycoplasma_capricolum-2095-Phe-GAA
1398,23s,train,tRNA_tdbR00000065-Bacillus_subtilis-1423-Phe-AA
1399,23s,train,tRNA_tdbR00000072-Phaseolus_vulgaris-3885-Phe-GAA
1400,23s,train,tRNA_tdbR00000073-Spinacia_oleracea-3562-Phe-GAA
1401,23s,train,tRNA_tdbR00000078-Ascaris_suum-6253-Phe-GAA
1402,23s,train,tRNA_tdbR00000080-Bos_taurus-9913-Phe-GAA
1403,23s,train,tRNA_tdbR00000083-Saccharomyces_cerevisiae-4932-Phe-AA
1404,23s,train,tRNA_tdbR00000084-Saccharomyces_cerevisiae-4932-Phe-AA
1405,23s,train,tRNA_tdbR00000089-Brassica_napus-3708-Phe-AA
1406,23s,train,tRNA_tdbR00000099-Mus_musculus-10090-Phe-AA
1407,23s,train,tRNA_tdbR00000101-Mus_musculus-10090-Phe-AA
1408,23s,train,tRNA_tdbR00000103-Homo_sapiens-9606-Phe-AA
1409,23s,train,tRNA_tdbR00000104-Enterobacteria_phage_T4-10665-Gly-NCC
1410,23s,train,tRNA_tdbR00000105-Halobacterium_salinarum-2242-Gly-GCC
1411,23s,train,tRNA_tdbR00000117-Escherichia_coli-562-Gly-CCC
1412,23s,train,tRNA_tdbR00000121-Salmonella_typhimurium-602-Gly-NCC
1413,23s,train,tRNA_tdbR00000123-Saccharomyces_cerevisiae-4932-Gly-NCC
1414,23s,train,tRNA_tdbR00000132-Lupinus_luteus-3873-Gly-GCC
1415,23s,train,tRNA_tdbR00000144-Saccharomyces_cerevisiae-4932-His-GUG
1416,23s,train,tRNA_tdbR00000145-Saccharomyces_cerevisiae-4932-His-GUG
1417,23s,train,tRNA_tdbR00000152-Haloferax_volcanii-2246-Ile-NAU
1418,23s,train,tRNA_tdbR00000158-Escherichia_coli-562-Ile-GAU
1419,23s,train,tRNA_tdbR00000159-Escherichia_coli-562-Ile-GAU
1420,23s,train,tRNA_tdbR00000181-Escherichia_coli-562-Lys-SUU
1421,23s,train,tRNA_tdbR00000189-Rattus_norvegicus-10116-Lys-NUU
1422,23s,train,tRNA_tdbR00000200-Oryctolagus_cuniculus-9986-Lys-3UU
1423,23s,train,tRNA_tdbR00000205-Loligo_bleekeri-6617-Lys-NUU
1424,23s,train,tRNA_tdbR00000215-Haloferax_volcanii-2246-Leu-5AG
1425,23s,train,tRNA_tdbR00000226-Synechococcus_elongatus_PCC_6301-269084-Leu-CAG
1426,23s,train,tRNA_tdbR00000233-Phaseolus_vulgaris-3885-Leu-UA7
1427,23s,train,tRNA_tdbR00000249-Saccharomyces_cerevisiae-4932-Leu-CAA
1428,23s,train,tRNA_tdbR00000250-Saccharomyces_cerevisiae-4932-Leu-UAG
1429,23s,train,tRNA_tdbR00000251-Saccharomyces_cerevisiae-4932-Leu-UAA
1430,23s,train,tRNA_tdbR00000271-Haloferax_volcanii-2246-Met-BAU
1431,23s,train,tRNA_tdbR00000275-Thermus_thermophilus-274-Met-CAU
1432,23s,train,tRNA_tdbR00000277-Codium_fragile-3133-Met-CAU
1433,23s,train,tRNA_tdbR00000284-Saccharomyces_cerevisiae-4932-Met-CAU
1434,23s,train,tRNA_tdbR00000294-Mycoplasma_capricolum-2095-Asn-GUU
1435,23s,train,tRNA_tdbR00000295-Escherichia_coli-562-Asn-QUU
1436,23s,train,tRNA_tdbR00000296-Azospirillum_lipoferum-193-Asn-QUU
1437,23s,train,tRNA_tdbR00000298-Asterias_amurensis-7602-Asn-GUU
1438,23s,train,tRNA_tdbR00000301-Lupinus_luteus-3873-Asn-UU
1439,23s,train,tRNA_tdbR00000314-Mycoplasma_capricolum-2095-Pro-UGG
1440,23s,train,tRNA_tdbR00000316-Bacillus_subtilis-1423-Pro-5GG
1441,23s,train,tRNA_tdbR00000320-Spinacia_oleracea-3562-Pro-NGG
1442,23s,train,tRNA_tdbR00000335-Nicotiana_rustica-4093-Gln-NUG
1443,23s,train,tRNA_tdbR00000336-Aedes_albopictus-7160-Gln-NUG
1444,23s,train,tRNA_tdbR00000341-Rattus_norvegicus-10116-Gln-CUG
1445,23s,train,tRNA_tdbR00000355-Escherichia_coli-562-Arg-ICG
1446,23s,train,tRNA_tdbR00000356-Escherichia_coli-562-Arg-ICG
1447,23s,train,tRNA_tdbR00000362-Saccharomyces_cerevisiae-4932-Arg-NCU
1448,23s,train,tRNA_tdbR00000376-Bos_taurus-9913-Arg-3CP
1449,23s,train,tRNA_tdbR00000384-Mycoplasma_capricolum-2095-Ser-GCU
1450,23s,train,tRNA_tdbR00000387-Bacillus_subtilis-1423-Ser-5GA
1451,23s,train,tRNA_tdbR00000390-Escherichia_coli-562-Ser-CGA
1452,23s,train,tRNA_tdbR00000396-Saccharomyces_cerevisiae-4932-Ser-UGA
1453,23s,train,tRNA_tdbR00000399-Aedes_albopictus-7160-Ser-GCU
1454,23s,train,tRNA_tdbR00000400-Loligo_bleekeri-6617-Ser-7CU
1455,23s,train,tRNA_tdbR00000406-Saccharomyces_cerevisiae-4932-Ser-NGA
1456,23s,train,tRNA_tdbR00000407-Saccharomyces_cerevisiae-4932-Ser-IGA
1457,23s,train,tRNA_tdbR00000422-Rattus_norvegicus-10116-Ser-GCU
1458,23s,train,tRNA_tdbR00000427-Gallus_gallus-9031-Ser-UGA
1459,23s,train,tRNA_tdbR00000430-Halobacterium_salinarum-2242-Thr-GGU
1460,23s,train,tRNA_tdbR00000435-Mycoplasma_mycoides-2102-Thr-UGU
1461,23s,train,tRNA_tdbR00000460-Aedes_albopictus-7160-Val-UAC
1462,23s,train,tRNA_tdbR00000463-Bos_taurus-9913-Val-UAC
1463,23s,train,tRNA_tdbR00000480-Mycoplasma_capricolum-2095-Trp-CA
1464,23s,train,tRNA_tdbR00000485-Nicotiana_tabacum-4097-Trp-BCA
1465,23s,train,tRNA_tdbR00000486-Phaseolus_vulgaris-3885-Trp-BCA
1466,23s,train,tRNA_tdbR00000507-Bacillus_subtilis-1423-Ini-CAU
1467,23s,train,tRNA_tdbR00000510-Escherichia_coli-562-Ini-CAU
1468,23s,train,tRNA_tdbR00000516-Spinacia_oleracea-3562-Ini-CAU
1469,23s,train,tRNA_tdbR00000522-Bos_taurus-9913-Ini-AU
1470,23s,train,tRNA_tdbR00000529-Triticum_aestivum-4565-Ini-CAU
1471,23s,train,tRNA_tdbR00000534-Euphausia_superba-6819-Ini-CAU
1472,23s,train,tRNA_tdbR00000536-Salmo_salar-8030-Ini-CAU
1473,23s,train,tRNA_tdbR00000553-Asterias_amurensis-7602-Tyr-GUA
1474,23s,train,tRNA_tdbR00000556-Schizosaccharomyces_pombe-4896-Tyr-GPA
1475,23s,train,tRNA_tdbR00000559-Triticum_aestivum-4565-Tyr-GPA
1476,23s,train,tRNA_tdbR00000563-Lupinus_albus-3870-Tyr-GPA
1477,23s,train,tRNA_tdbR00000576-Leishmania_tarentolae-5689-Asp-GUC
1478,23s,train,tRNA_tdbR00000594-Ascaris_suum-6253-Leu-AA
1479,23s,train,tRNA_tdbR00000610-Caulobacter_crescentus_CB15-190650-His-GUG
1480,23s,train,tRNA_tdbR00000619-Toxoplasma_gondii-5811-Met-CAU
1481,23s,train,telomerase_AC121792.109554-109950
1482,23s,train,telomerase_AF147806.247-692
1483,23s,train,telomerase_AF221906.96-545
1484,23s,train,telomerase_AF221908.136-584
1485,23s,train,telomerase_AF221909.98-496
1486,23s,train,telomerase_AF221910.112-554
1487,23s,train,telomerase_AF221911.104-513
1488,23s,train,telomerase_AF221912.98-564
1489,23s,train,telomerase_AF221913.109-520
1490,23s,train,telomerase_AF221914.112-589
1491,23s,train,telomerase_AF221916.94-481
1492,23s,train,telomerase_AF221917.99-542
1493,23s,train,telomerase_AF221918.97-547
1494,23s,train,telomerase_AF221919.107-614
1495,23s,train,telomerase_AF221920.99-541
1496,23s,train,telomerase_AF221921.98-548
1497,23s,train,telomerase_AF221923.106-554
1498,23s,train,telomerase_AF221924.105-538
1499,23s,train,telomerase_AF221925.98-540
1500,23s,train,telomerase_AF221926.103-507
1501,23s,train,telomerase_AF221927.113-556
1502,23s,train,telomerase_AF221928.95-476
1503,23s,train,telomerase_AF221929.92-517
1504,23s,train,telomerase_AF221930.94-546
1505,23s,train,telomerase_AF221931.99-541
1506,23s,train,telomerase_AF221932.102-549
1507,23s,train,telomerase_AF221934.121-565
1508,23s,train,telomerase_AF221935.112-602
1509,23s,train,telomerase_AF221936.98-540
1510,23s,train,telomerase_AF221937.99-545
1511,23s,train,telomerase_AF221939.99-544
1512,23s,train,telomerase_AF221940.103-499
1513,23s,train,telomerase_AY058901.1-397
1514,23s,train,telomerase_AY312571.605-1069
1515,23s,train,telomerase_U85256.1-451
1516,23s,train,telomerase_AC121792.109554-109950
1517,23s,train,telomerase_AF147806.247-692
1518,23s,train,telomerase_AF221906.96-545
1519,23s,train,telomerase_AF221908.136-584
1520,23s,train,telomerase_AF221909.98-496
1521,23s,train,telomerase_AF221910.112-554
1522,23s,train,telomerase_AF221911.104-513
1523,23s,train,telomerase_AF221912.98-564
1524,23s,train,telomerase_AF221913.109-520
1525,23s,train,telomerase_AF221914.112-589
1526,23s,train,telomerase_AF221916.94-481
1527,23s,train,telomerase_AF221917.99-542
1528,23s,train,telomerase_AF221918.97-547
1529,23s,train,telomerase_AF221919.107-614
1530,23s,train,telomerase_AF221920.99-541
1531,23s,train,telomerase_AF221921.98-548
1532,23s,train,telomerase_AF221923.106-554
1533,23s,train,telomerase_AF221924.105-538
1534,23s,train,telomerase_AF221925.98-540
1535,23s,train,telomerase_AF221926.103-507
1536,23s,train,telomerase_AF221927.113-556
1537,23s,train,telomerase_AF221928.95-476
1538,23s,train,telomerase_AF221929.92-517
1539,23s,train,telomerase_AF221930.94-546
1540,23s,train,telomerase_AF221931.99-541
1541,23s,train,telomerase_AF221932.102-549
1542,23s,train,telomerase_AF221934.121-565
1543,23s,train,telomerase_AF221935.112-602
1544,23s,train,telomerase_AF221936.98-540
1545,23s,train,telomerase_AF221937.99-545
1546,23s,train,telomerase_AF221939.99-544
1547,23s,train,telomerase_AF221940.103-499
1548,23s,train,telomerase_AY058901.1-397
1549,23s,train,telomerase_AY312571.605-1069
1550,23s,train,telomerase_U85256.1-451
1551,23s,train,telomerase_AC121792.109554-109950
1552,23s,train,telomerase_AF147806.247-692
1553,23s,train,telomerase_AF221906.96-545
1554,23s,train,telomerase_AF221908.136-584
1555,23s,train,telomerase_AF221909.98-496
1556,23s,train,telomerase_AF221910.112-554
1557,23s,train,telomerase_AF221911.104-513
1558,23s,train,telomerase_AF221912.98-564
1559,23s,train,telomerase_AF221913.109-520
1560,23s,train,telomerase_AF221914.112-589
1561,23s,train,telomerase_AF221916.94-481
1562,23s,train,telomerase_AF221917.99-542
1563,23s,train,telomerase_AF221918.97-547
1564,23s,train,telomerase_AF221919.107-614
1565,23s,train,telomerase_AF221920.99-541
1566,23s,train,telomerase_AF221921.98-548
1567,23s,train,telomerase_AF221923.106-554
1568,23s,train,telomerase_AF221924.105-538
1569,23s,train,telomerase_AF221925.98-540
1570,23s,train,telomerase_AF221926.103-507
1571,23s,train,telomerase_AF221927.113-556
1572,23s,train,telomerase_AF221928.95-476
1573,23s,train,telomerase_AF221929.92-517
1574,23s,train,telomerase_AF221930.94-546
1575,23s,train,telomerase_AF221931.99-541
1576,23s,train,telomerase_AF221932.102-549
1577,23s,train,telomerase_AF221934.121-565
1578,23s,train,telomerase_AF221935.112-602
1579,23s,train,telomerase_AF221936.98-540
1580,23s,train,telomerase_AF221937.99-545
1581,23s,train,tmRNA_Acti.acti._TRW-272556_1-366
1582,23s,train,tmRNA_Acti.naes._TRW-240017_1-371
1583,23s,train,tmRNA_Anab.vari._CP000117_1-390
1584,23s,train,tmRNA_Aqui.aeol._TRW-63363_1-347
1585,23s,train,tmRNA_Azoa.spec._TRW-62928_1-378
1586,23s,train,tmRNA_Baci.G._TRW-12333_1-312
1587,23s,train,tmRNA_Baci.anth._AE016879_1-355
1588,23s,train,tmRNA_Baci.clau._AP006627_1-355
1589,23s,train,tmRNA_Bact.frag._CR626927_1-398
1590,23s,train,tmRNA_Bord.aviu._AM167904_1-406
1591,23s,train,tmRNA_Bord.bron._TRW-257310_1-387
1592,23s,train,tmRNA_Borr.gari._CP000013_1-363
1593,23s,train,tmRNA_Burk.pseu._TRW-28450_1-370
1594,23s,train,tmRNA_Camp.coli._AL111168_1-359
1595,23s,train,tmRNA_Camp.coli._TRW-306254_1-359
1596,23s,train,tmRNA_Camp.jeju._AL139078_1-356
1597,23s,train,tmRNA_Chla.pneu._AE002224_1-423
1598,23s,train,tmRNA_Chla.pneu._TRW-83558_1-426
1599,23s,train,tmRNA_Chla.trac._TRW-813-1_1-420
1600,23s,train,tmRNA_Chla.trac._TRW-813-2_1-420
1601,23s,train,tmRNA_Chlo.tepi._TRW-194439_1-404
1602,23s,train,tmRNA_Clos.acet._AE001437_1-359
1603,23s,train,tmRNA_Copr.prot._TRW-351627_1-353
1604,23s,train,tmRNA_Cyan.mero._TRW-45157_1-236
1605,23s,train,tmRNA_Cyan.para._TRW-2762_1-294
1606,23s,train,tmRNA_Desu.vulg._AE017285_1-352
1607,23s,train,tmRNA_Ente.faec._TRW-1352_1-367
1608,23s,train,tmRNA_Esch.coli._CP000468_1-363
1609,23s,train,tmRNA_Esch.coli._D90888_1-363
1610,23s,train,tmRNA_Fibr.succ._TRW-59374_1-361
1611,23s,train,tmRNA_Fran.tula._AJ749949_1-421
1612,23s,train,tmRNA_Fran.tula._AM286280_1-421
1613,23s,train,tmRNA_Gemm.obsc._TRW-214688_1-412
1614,23s,train,tmRNA_Haem.somn._CP000436_1-367
1615,23s,train,tmRNA_Heli.pylo._AE001503_1-383
1616,23s,train,tmRNA_Heli.pylo._TRW-85962_1-386
1617,23s,train,tmRNA_Kleb.pneu._TRW-272620_1-363
1618,23s,train,tmRNA_Lact.acid._CP000033_1-369
1619,23s,train,tmRNA_Lact.delb._AF440335_1-316
1620,23s,train,tmRNA_Lact.delb._TRW-321956_1-362
1621,23s,train,tmRNA_Lact.gass._TRW-1596_1-366
1622,23s,train,tmRNA_Lact.john._TRW-257314_1-367
1623,23s,train,tmRNA_Lact.lact._AF176556_1-359
1624,23s,train,tmRNA_Lact.sake._AF400065_1-370
1625,23s,train,tmRNA_Lact.sake._TRW-314315_1-370
1626,23s,train,tmRNA_Leuc.mese._TRW-1245_1-358
1627,23s,train,tmRNA_List.ivan._AF440342_1-321
1628,23s,train,tmRNA_List.mono._TRW-1639-1_1-370
1629,23s,train,tmRNA_List.wels._AF440351_1-321
1630,23s,train,tmRNA_Magn.spec._CP000471_1-366
1631,23s,train,tmRNA_Myco.arth._TRW-243272_1-394
1632,23s,train,tmRNA_Myco.bovi._TRW-1765_1-368
1633,23s,train,tmRNA_Myco.capr._S67602_1-408
1634,23s,train,tmRNA_Myco.lepr._TRW-272631_1-369
1635,23s,train,tmRNA_Myco.pneu._AE000035_1-384
1636,23s,train,tmRNA_Myco.tube._TRW-164513_1-368
1637,23s,train,tmRNA_Myco.tube._TRW-1773_1-368
1638,23s,train,tmRNA_Myxo.xant._TRW-34_1-366
1639,23s,train,tmRNA_Neis.lact._TRW-486_1-362
1640,23s,train,tmRNA_Nost.punc._TRW-63737_1-390
1641,23s,train,tmRNA_Ocea.ihey._BA000028_1-364
1642,23s,train,tmRNA_Odon.sine._Z67753_1-368
1643,23s,train,tmRNA_Paen.larv._TRW-1464_1-367
1644,23s,train,tmRNA_Pant.stew._TRW-66269_1-363
1645,23s,train,tmRNA_Past.mult._AE006115_1-367
1646,23s,train,tmRNA_Phot.asym._TRW-291112_1-364
1647,23s,train,tmRNA_Psyc.arct._CP000082_1-359
1648,23s,train,tmRNA_Psyc.cryo._CP000323_1-359
1649,23s,train,tmRNA_Rubr.gela._TRW-279263_1-372
1650,23s,train,tmRNA_Rubr.xyla._TRW-266117_1-360
1651,23s,train,tmRNA_Salm.ente._TRW-59204_1-363
1652,23s,train,tmRNA_Shew.balt._TRW-325240_1-356
1653,23s,train,tmRNA_Shew.onei._AX048560_1-355
1654,23s,train,tmRNA_Shew.spec._CP000444_1-355
1655,23s,train,tmRNA_Shig.dyse._CP000034_1-363
1656,23s,train,tmRNA_Shig.flex._AE005674_1-363
1657,23s,train,tmRNA_Soda.glos._AP008232_1-384
1658,23s,train,tmRNA_Spir.citr._AM285321_1-424
1659,23s,train,tmRNA_Stap.aure._AC074317_1-359
1660,23s,train,tmRNA_Stap.aure._BA000018_1-362
1661,23s,train,tmRNA_Stap.aure._BX571856_1-362
1662,23s,train,tmRNA_Stap.epid._TRW-1282-1_1-361
1663,23s,train,tmRNA_Stre.agal._TRW-1311_1-350
1664,23s,train,tmRNA_Stre.pneu._TRW-216600_1-348
1665,23s,train,tmRNA_Stre.sobr._TRW-246202_1-349
1666,23s,train,tmRNA_Stre.ther._CP000024_1-350
1667,23s,train,tmRNA_Synt.acid._CP000252_1-356
1668,23s,train,tmRNA_Ther.neap._TRW-309803_1-357
1669,23s,train,tmRNA_Ther.teng._AE013063_1-351
1670,23s,train,tmRNA_Thio.crun._CP000109_1-358
1671,23s,train,tmRNA_Trep.pall._TRW-243276_1-354
1672,23s,train,tmRNA_Trop.whip._BX251411_1-369
1673,23s,train,tmRNA_Xant.axon._AE011783_1-397
1674,23s,train,tmRNA_Yers.berc._TRW-349968_1-381
1675,23s,train,tmRNA_envi.sequ._TRW-32045-2_1-345
1676,23s,train,tmRNA_uncu.bact._TRW-32045-4_1-369
1677,23s,train,tmRNA_uncu.bact._TRW-72274-1_1-359
1678,23s,train,tmRNA_uncu.bact._TRW-72274-2_1-359
1679,23s,train,tmRNA_uncu.bact._TRW-80840-1_1-378
1680,23s,train,tmRNA_uncu.bact._TRW-80840-2_1-379
1681,5s,train,16s_A.fulgidus_domain2
1682,5s,train,16s_A.fulgidus_domain3
1683,5s,train,16s_A.fulgidus_domain4
1684,5s,train,16s_A.pyrophilus_domain2
1685,5s,train,16s_A.pyrophilus_domain4
1686,5s,train,16s_B.burgdorferi_domain2
1687,5s,train,16s_B.burgdorferi_domain3
1688,5s,train,16s_B.burgdorferi_domain4
1689,5s,train,16s_B.subtilis_domain2
1690,5s,train,16s_B.subtilis_domain3
1691,5s,train,16s_B.subtilis_domain4
1692,5s,train,16s_C.elegans_domain1
1693,5s,train,16s_C.elegans_domain2
1694,5s,train,16s_C.elegans_domain3
1695,5s,train,16s_C.elegans_domain4
1696,5s,train,16s_C.psittaci_domain2
1697,5s,train,16s_C.psittaci_domain3
1698,5s,train,16s_C.psittaci_domain4
1699,5s,train,16s_C.reinhardtii.chloro_domain1
1700,5s,train,16s_C.reinhardtii.chloro_domain2
1701,5s,train,16s_C.reinhardtii.chloro_domain3
1702,5s,train,16s_C.reinhardtii.chloro_domain4
1703,5s,train,16s_C.reinhardtii.mito_domain1
1704,5s,train,16s_C.reinhardtii.mito_domain2
1705,5s,train,16s_C.reinhardtii.mito_domain3
1706,5s,train,16s_C.reinhardtii.mito_domain4
1707,5s,train,16s_D.melanogaster_domain4
1708,5s,train,16s_E.coli_domain2
1709,5s,train,16s_E.coli_domain3
1710,5s,train,16s_E.coli_domain4
1711,5s,train,16s_F.ananassa_domain3
1712,5s,train,16s_F.ananassa_domain4
1713,5s,train,16s_G.intestinalis_domain1
1714,5s,train,16s_G.intestinalis_domain2
1715,5s,train,16s_G.intestinalis_domain3
1716,5s,train,16s_G.intestinalis_domain4
1717,5s,train,16s_H.sapiens.mito_domain1
1718,5s,train,16s_H.sapiens.mito_domain2
1719,5s,train,16s_H.sapiens.mito_domain3
1720,5s,train,16s_H.sapiens.mito_domain4
1721,5s,train,16s_H.sapiens_domain3
1722,5s,train,16s_H.sapiens_domain4
1723,5s,train,16s_H.volcanii_domain1
1724,5s,train,16s_H.volcanii_domain2
1725,5s,train,16s_H.volcanii_domain3
1726,5s,train,16s_H.volcanii_domain4
1727,5s,train,16s_M.polymorpha_domain2
1728,5s,train,16s_M.polymorpha_domain3
1729,5s,train,16s_M.polymorpha_domain4
1730,5s,train,16s_P.occultum_domain2
1731,5s,train,16s_P.occultum_domain3
1732,5s,train,16s_P.occultum_domain4
1733,5s,train,16s_P.staleyi_domain2
1734,5s,train,16s_P.staleyi_domain3
1735,5s,train,16s_P.staleyi_domain4
1736,5s,train,16s_S.cerevisiae_domain3
1737,5s,train,16s_S.cerevisiae_domain4
1738,5s,train,16s_T.gondii_domain3
1739,5s,train,16s_T.gondii_domain4
1740,5s,train,16s_T.maritima_domain2
1741,5s,train,16s_T.maritima_domain3
1742,5s,train,16s_T.maritima_domain4
1743,5s,train,16s_Z.mays_domain1
1744,5s,train,16s_Z.mays_domain2
1745,5s,train,16s_Z.mays_domain3
1746,5s,train,16s_Z.mays_domain4
1747,5s,train,16s_A.fulgidus_domain2
1748,5s,train,16s_A.fulgidus_domain3
1749,5s,train,16s_A.fulgidus_domain4
1750,5s,train,16s_A.pyrophilus_domain2
1751,5s,train,16s_A.pyrophilus_domain4
1752,5s,train,16s_B.burgdorferi_domain2
1753,5s,train,16s_B.burgdorferi_domain3
1754,5s,train,16s_B.burgdorferi_domain4
1755,5s,train,16s_B.subtilis_domain2
1756,5s,train,16s_B.subtilis_domain3
1757,5s,train,16s_B.subtilis_domain4
1758,5s,train,16s_C.elegans_domain1
1759,5s,train,16s_C.elegans_domain2
1760,5s,train,16s_C.elegans_domain3
1761,5s,train,16s_C.elegans_domain4
1762,5s,train,16s_C.psittaci_domain2
1763,5s,train,16s_C.psittaci_domain3
1764,5s,train,16s_C.psittaci_domain4
1765,5s,train,16s_C.reinhardtii.chloro_domain1
1766,5s,train,16s_C.reinhardtii.chloro_domain2
1767,5s,train,16s_C.reinhardtii.chloro_domain3
1768,5s,train,16s_C.reinhardtii.chloro_domain4
1769,5s,train,16s_C.reinhardtii.mito_domain1
1770,5s,train,16s_C.reinhardtii.mito_domain2
1771,5s,train,16s_C.reinhardtii.mito_domain3
1772,5s,train,16s_C.reinhardtii.mito_domain4
1773,5s,train,16s_D.melanogaster_domain4
1774,5s,train,16s_E.coli_domain2
1775,5s,train,16s_E.coli_domain3
1776,5s,train,16s_E.coli_domain4
1777,5s,train,16s_F.ananassa_domain3
1778,5s,train,16s_F.ananassa_domain4
1779,5s,train,16s_G.intestinalis_domain1
1780,5s,train,16s_G.intestinalis_domain2
1781,5s,train,23s_B.subtilis_domain3
1782,5s,train,23s_B.subtilis_domain4
1783,5s,train,23s_B.subtilis_domain6
1784,5s,train,23s_E.coli_domain3
1785,5s,train,23s_E.coli_domain4
1786,5s,train,23s_E.coli_domain6
1787,5s,train,23s_H.pylori_domain3
1788,5s,train,23s_H.pylori_domain4
1789,5s,train,23s_H.pylori_domain6
1790,5s,train,23s_S.aureus_domain3
1791,5s,train,23s_S.aureus_domain4
1792,5s,train,23s_S.aureus_domain6
1793,5s,train,23s_T.thermophilus_domain3
1794,5s,train,23s_T.thermophilus_domain4
1795,5s,train,23s_T.thermophilus_domain6
1796,5s,train,23s_B.subtilis_domain3
1797,5s,train,23s_B.subtilis_domain4
1798,5s,train,23s_B.subtilis_domain6
1799,5s,train,23s_E.coli_domain3
1800,5s,train,23s_E.coli_domain4
1801,5s,train,23s_E.coli_domain6
1802,5s,train,23s_H.pylori_domain3
1803,5s,train,23s_H.pylori_domain4
1804,5s,train,23s_H.pylori_domain6
1805,5s,train,23s_S.aureus_domain3
1806,5s,train,23s_S.aureus_domain4
1807,5s,train,23s_S.aureus_domain6
1808,5s,train,23s_T.thermophilus_domain3
1809,5s,train,23s_T.thermophilus_domain4
1810,5s,train,23s_T.thermophilus_domain6
1811,5s,train,23s_B.subtilis_domain3
1812,5s,train,23s_B.subtilis_domain4
1813,5s,train,23s_B.subtilis_domain6
1814,5s,train,23s_E.coli_domain3
1815,5s,train,23s_E.coli_domain4
1816,5s,train,23s_E.coli_domain6
1817,5s,train,23s_H.pylori_domain3
1818,5s,train,23s_H.pylori_domain4
1819,5s,train,23s_H.pylori_domain6
1820,5s,train,23s_S.aureus_domain3
1821,5s,train,23s_S.aureus_domain4
1822,5s,train,23s_S.aureus_domain6
1823,5s,train,23s_T.thermophilus_domain3
1824,5s,train,23s_T.thermophilus_domain4
1825,5s,train,23s_T.thermophilus_domain6
1826,5s,train,23s_B.subtilis_domain3
1827,5s,train,23s_B.subtilis_domain4
1828,5s,train,23s_B.subtilis_domain6
1829,5s,train,23s_E.coli_domain3
1830,5s,train,23s_E.coli_domain4
1831,5s,train,23s_E.coli_domain6
1832,5s,train,23s_H.pylori_domain3
1833,5s,train,23s_H.pylori_domain4
1834,5s,train,23s_H.pylori_domain6
1835,5s,train,23s_S.aureus_domain3
1836,5s,train,23s_S.aureus_domain4
1837,5s,train,23s_S.aureus_domain6
1838,5s,train,23s_T.thermophilus_domain3
1839,5s,train,23s_T.thermophilus_domain4
1840,5s,train,23s_T.thermophilus_domain6
1841,5s,train,23s_B.subtilis_domain3
1842,5s,train,23s_B.subtilis_domain4
1843,5s,train,23s_B.subtilis_domain6
1844,5s,train,23s_E.coli_domain3
1845,5s,train,23s_E.coli_domain4
1846,5s,train,23s_E.coli_domain6
1847,5s,train,23s_H.pylori_domain3
1848,5s,train,23s_H.pylori_domain4
1849,5s,train,23s_H.pylori_domain6
1850,5s,train,23s_S.aureus_domain3
1851,5s,train,23s_S.aureus_domain4
1852,5s,train,23s_S.aureus_domain6
1853,5s,train,23s_T.thermophilus_domain3
1854,5s,train,23s_T.thermophilus_domain4
1855,5s,train,23s_T.thermophilus_domain6
1856,5s,train,23s_B.subtilis_domain3
1857,5s,train,23s_B.subtilis_domain4
1858,5s,train,23s_B.subtilis_domain6
1859,5s,train,23s_E.coli_domain3
1860,5s,train,23s_E.coli_domain4
1861,5s,train,23s_E.coli_domain6
1862,5s,train,23s_H.pylori_domain3
1863,5s,train,23s_H.pylori_domain4
1864,5s,train,23s_H.pylori_domain6
1865,5s,train,23s_S.aureus_domain3
1866,5s,train,23s_S.aureus_domain4
1867,5s,train,23s_S.aureus_domain6
1868,5s,train,23s_T.thermophilus_domain3
1869,5s,train,23s_T.thermophilus_domain4
1870,5s,train,23s_T.thermophilus_domain6
1871,5s,train,23s_B.subtilis_domain3
1872,5s,train,23s_B.subtilis_domain4
1873,5s,train,23s_B.subtilis_domain6
1874,5s,train,23s_E.coli_domain3
1875,5s,train,23s_E.coli_domain4
1876,5s,train,23s_E.coli_domain6
1877,5s,train,23s_H.pylori_domain3
1878,5s,train,23s_H.pylori_domain4
1879,5s,train,23s_H.pylori_domain6
1880,5s,train,23s_S.aureus_domain3
1881,5s,test,5s_Acanthamoeba-castellanii-1
1882,5s,test,5s_Acanthamoeba-castellanii-2
1883,5s,test,5s_Acetobacter-aceti-2
1884,5s,test,5s_Acetobacter-sp.-1
1885,5s,test,5s_Acheta-domesticus-1
1886,5s,test,5s_Acholeplasma-laidlawii-1
1887,5s,test,5s_Acholeplasma-laidlawii-2
1888,5s,test,5s_Acholeplasma-laidlawii-3
1889,5s,test,5s_Achromobacter-cycloclastes-1
1890,5s,test,5s_Achromobacter-denitrificans-1
1891,5s,test,5s_Achromobacter-xylosoxidans-1
1892,5s,test,5s_Acidiphilium-acidophilum-1
1893,5s,test,5s_Acidiphilium-cryptum-1
1894,5s,test,5s_Acidithiobacillus-ferrooxidans-1
1895,5s,test,5s_Acidithiobacillus-ferrooxidans-2
1896,5s,test,5s_Acidithiobacillus-ferrooxidans-3
1897,5s,test,5s_Acidithiobacillus-thiooxidans-1
1898,5s,test,5s_Acidovorax-delafieldii-1
1899,5s,test,5s_Acidovorax-facilis-1
1900,5s,test,5s_Acidovorax-temperans-1
1901,5s,test,5s_Acinetobacter-sp.-1
1902,5s,test,5s_Acinetospora-crinita-1
1903,5s,test,5s_Acremonium-chrysogenum-1
1904,5s,test,5s_Acremonium-persicinum-1
1905,5s,test,5s_Acremonium-persicinum-2
1906,5s,test,5s_Acremonium-persicinum-3
1907,5s,test,5s_Actinia-equina-1
1908,5s,test,5s_Actinokineospora-riparia-1
1909,5s,test,5s_Actinomadura-madurae-1
1910,5s,test,5s_Acyrthosiphon-magnoliae-1
1911,5s,test,5s_Aeromonas-hydrophila-1
1912,5s,test,5s_Aeromonas-media-1
1913,5s,test,5s_Aeromonas-salmonicida-1
1914,5s,test,5s_Agaricostilbum-pulcherrimum-1
1915,5s,test,5s_Agaricostilbum-pulcherrimum-2
1916,5s,test,5s_Agaricus-edulis-1
1917,5s,test,5s_Agrobacterium-tumefaciens-1
1918,5s,test,5s_Agrobacterium-tumefaciens-2
1919,5s,test,5s_Agrobacterium-tumefaciens-3
1920,5s,test,5s_Agrobacterium-tumefaciens-4
1921,5s,test,5s_Agrobacterium-tumefaciens-6
1922,5s,test,5s_Agrobacterium-tumefaciens-7
1923,5s,test,5s_Agrobacterium-tumefaciens-8
1924,5s,test,5s_Agrobacterium-vitis-1
1925,5s,test,5s_Akkesiphycus-lubricum-1
1926,5s,test,5s_Alcaligenes-faecalis-1
1927,5s,test,5s_Alcaligenes-faecalis-2
1928,5s,test,5s_Alcaligenes-faecalis-3
1929,5s,test,5s_Alcaligenes-sp.-1
1930,5s,test,5s_Ambystoma-salmoides-1
1931,5s,test,5s_Amoebidium-parasiticum-1
1932,5s,test,5s_Amphibacillus-xylanus-1
1933,5s,test,5s_Amycolatopsis-lactamdurans-1
1934,5s,test,5s_Amycolatopsis-mediterranei-1
1935,5s,test,5s_Amycolatopsis-methanolica-1
1936,5s,test,5s_Amycolatopsis-orientalis-1
1937,5s,test,5s_Anaerorhabdus-furcosa-1
1938,5s,test,5s_Anaplasma-marginale-1
1939,5s,test,5s_Anaplasma-phagocytophilum-1
1940,5s,test,5s_Ancylobacter-aquaticus-1
1941,5s,test,5s_Andrias-davidianus-1
1942,5s,test,5s_Andrias-japonicus-1
1943,5s,test,5s_Andrias-japonicus-2
1944,5s,test,5s_Antheraea-pernyi-1
1945,5s,test,5s_Anthoceros-punctatus-1
1946,5s,test,5s_Anthopleura-japonica-1
1947,5s,test,5s_Aplysia-kurodai-1
1948,5s,test,5s_Aquaspirillum-serpens-1
1949,5s,test,5s_Aquifex-aeolicus-1
1950,5s,test,5s_Arabidopsis-thaliana-1
1951,5s,test,5s_Araneus-diadematus-1
1952,5s,test,5s_Archaeoglobus-fulgidus-1
1953,5s,test,5s_Arion-rufus-1
1954,5s,test,5s_Artemia-salina-1
1955,5s,test,5s_Artemia-sp.-1
1956,5s,test,5s_Artemia-sp.-2
1957,5s,test,5s_Artemia-sp.-3
1958,5s,test,5s_Artemia-sp.-4
1959,5s,test,5s_Arthrobacter-globiformis-1
1960,5s,test,5s_Arthrobacter-globiformis-2
1961,5s,test,5s_Arthrobacter-luteus-1
1962,5s,test,5s_Arthrobacter-oxydans-1
1963,5s,test,5s_Arthrobacter-polychromogenes-1
1964,5s,test,5s_Ascaris-lumbricoides-1
1965,5s,test,5s_Ascaris-suum-1
1966,5s,test,5s_Ascobolus-immersus-1
1967,5s,test,5s_Ascobolus-immersus-2
1968,5s,test,5s_Ascobolus-immersus-3
1969,5s,test,5s_Ascobolus-immersus-4
1970,5s,test,5s_Asellus-aquaticus-1
1971,5s,test,5s_Asellus-aquaticus-2
1972,5s,test,5s_Aspergillus-flavus-1
1973,5s,test,5s_Aspergillus-niger-1
1974,5s,test,5s_Aspergillus-unguis-1
1975,5s,test,5s_Aspergillus-versicolor-1
1976,5s,test,5s_Asterias-vulgaris-1
1977,5s,test,5s_Asterina-pectinifera-1
1978,5s,test,5s_Atractiella-solani-1
1979,5s,test,5s_Aurelia_aurita-1
1980,5s,test,5s_Auricularia-auricula-judae-1
1981,5s,test,5s_Azoarcus-sp.-1
1982,5s,test,5s_Azospirillum-lipoferum-1
1983,5s,test,5s_Azotobacter-vinelandii-1
1984,5s,test,5s_Bacillus-amyloliquefaciens-1
1985,5s,test,5s_Bacillus-anthracis-1
1986,5s,test,5s_Bacillus-anthracis-10
1987,5s,test,5s_Bacillus-anthracis-2
1988,5s,test,5s_Bacillus-anthracis-3
1989,5s,test,5s_Bacillus-anthracis-4
1990,5s,test,5s_Bacillus-anthracis-5
1991,5s,test,5s_Bacillus-anthracis-6
1992,5s,test,5s_Bacillus-anthracis-7
1993,5s,test,5s_Bacillus-anthracis-8
1994,5s,test,5s_Bacillus-anthracis-9
1995,5s,test,5s_Bacillus-cereus-1
1996,5s,test,5s_Bacillus-cereus-10
1997,5s,test,5s_Bacillus-cereus-11
1998,5s,test,5s_Bacillus-cereus-2
1999,5s,test,5s_Bacillus-cereus-4
2000,5s,test,5s_Bacillus-cereus-5
2001,5s,test,5s_Bacillus-cereus-6
2002,5s,test,5s_Bacillus-cereus-7
2003,5s,test,5s_Bacillus-cereus-8
2004,5s,test,5s_Bacillus-cereus-9
2005,5s,test,5s_Bacillus-clausii-1
2006,5s,test,5s_Bacillus-clausii-2
2007,5s,test,5s_Bacillus-clausii-3
2008,5s,test,5s_Bacillus-firmus-1
2009,5s,test,5s_Bacillus-halodurans-1
2010,5s,test,5s_Bacillus-halodurans-2
2011,5s,test,5s_Bacillus-halodurans-3
2012,5s,test,5s_Bacillus-halodurans-4
2013,5s,test,5s_Bacillus-halodurans-5
2014,5s,test,5s_Bacillus-halodurans-6
2015,5s,test,5s_Bacillus-licheniformis-1
2016,5s,test,5s_Bacillus-licheniformis-2
2017,5s,test,5s_Bacillus-licheniformis-5
2018,5s,test,5s_Bacillus-licheniformis-6
2019,5s,test,5s_Bacillus-megaterium-1
2020,5s,test,5s_Bacillus-megaterium-2
2021,5s,test,5s_Bacillus-methanolicus-7
2022,5s,test,5s_Bacillus-methanolicus-8
2023,5s,test,5s_Bacillus-methanolicus-9
2024,5s,test,5s_Bacillus-sp.-1
2025,5s,test,5s_Bacillus-sp.-2
2026,5s,test,5s_Bacillus-subtilis-1
2027,5s,test,5s_Bacillus-subtilis-2
2028,5s,test,5s_Bacillus-subtilis-4
2029,5s,test,5s_Bacillus-subtilis-5
2030,5s,test,5s_Bacillus-subtilis-6
2031,5s,test,5s_Bacillus-thuringiensis-1
2032,5s,test,5s_Bacillus-thuringiensis-2
2033,5s,test,5s_Bacillus-thuringiensis-3
2034,5s,test,5s_Bacillus-thuringiensis-4
2035,5s,test,5s_Bacillus-thuringiensis-5
2036,5s,test,5s_Bacillus-thuringiensis-6
2037,5s,test,5s_Bacteroides-capillosus-1
2038,5s,test,5s_Bacteroides-fragilis-1
2039,5s,test,5s_Bacteroides-fragilis-2
2040,5s,test,5s_Bacteroides-fragilis-3
2041,5s,test,5s_Bacteroides-fragilis-4
2042,5s,test,5s_Bacteroides-fragilis-5
2043,5s,test,5s_Bacteroides-fragilis-6
2044,5s,test,5s_Bacteroides-thetaiotaomicron-1
2045,5s,test,5s_Bacteroides-veroralis-1
2046,5s,test,5s_Bartonella-bacilliformis-1
2047,5s,test,5s_Bartonella-henselae-1
2048,5s,test,5s_Bartonella-henselae-2
2049,5s,test,5s_Bartonella-quintana-1
2050,5s,test,5s_Bartonella-quintana-2
2051,5s,test,5s_Basidiobolus-magnus-1
2052,5s,test,5s_Batrachospermum-ectocarpum-1
2053,5s,test,5s_Beggiatoa-alba-1
2054,5s,test,5s_Beta-vulgaris-1
2055,5s,test,5s_Bifidobacterium-longum-1
2056,5s,test,5s_Bifidobacterium-longum-2
2057,5s,test,5s_Bifidobacterium-longum-3
2058,5s,test,5s_Bjerkandera-adusta-1
2059,5s,test,5s_Blakeslea-trispora-1
2060,5s,test,5s_Blastocladiella-simplex-1
2061,5s,test,5s_Blastopirellula-marina-1
2062,5s,test,5s_Blepharisma-japonicum-1
2063,5s,test,5s_Bombyx-mori-1
2064,5s,test,5s_Bombyx-mori-2
2065,5s,test,5s_Bombyx-mori-3
2066,5s,test,5s_Bombyx-mori-4
2067,5s,test,5s_Bordetella-bronchiseptica-1
2068,5s,test,5s_Bordetella-parapertussis-1
2069,5s,test,5s_Bordetella-pertussis-1
2070,5s,test,5s_Borrelia-burgdorferi-1
2071,5s,test,5s_Bos-taurus-1
2072,5s,test,5s_Brachionus-plicatilis-1
2073,5s,test,5s_Bradyrhizobium-japonicum-1
2074,5s,test,5s_Branchiostoma-belcheri-1
2075,5s,test,5s_Brassica-napus-1
2076,5s,test,5s_Bresslaua-vorax-1
2077,5s,test,5s_Brevibacillus-brevis-1
2078,5s,test,5s_Brevibacterium-casei-1
2079,5s,test,5s_Brevibacterium-helvolum-1
2080,5s,test,5s_Brevibacterium-linens-1
2081,5s,test,5s_Brevibacterium-linens-2
2082,5s,test,5s_Brucella-abortus-1
2083,5s,test,5s_Brucella-melitensis-1
2084,5s,test,5s_Brucella-melitensis-2
2085,5s,test,5s_Brucella-melitensis-3
2086,5s,test,5s_Brucella-suis-1
2087,5s,test,5s_Brucella-suis-2
2088,5s,test,5s_Brugia-malayi-1
2089,5s,test,5s_Buchnera-aphidicola-1
2090,5s,test,5s_Buchnera-aphidicola-2
2091,5s,test,5s_Buchnera-aphidicola-3
2092,5s,test,5s_Bufo-americanus-1
2093,5s,test,5s_Bugula-neritina-1
2094,5s,test,5s_Bullera-alba-1
2095,5s,test,5s_Burkholderia-caryophylli-1
2096,5s,test,5s_Burkholderia-cepacia-1
2097,5s,test,5s_Burkholderia-cepacia-2
2098,5s,test,5s_Burkholderia-cepacia-3
2099,5s,test,5s_Burkholderia-mallei-1
2100,5s,test,5s_Burkholderia-pseudomallei-1
2101,5s,test,5s_Bursaphelenchus-mucronatus-1
2102,5s,test,5s_Bursaphelenchus-xylophilus-1
2103,5s,test,5s_C_paradoxE
2104,5s,test,5s_Caenorhabditis-briggsae-1
2105,5s,test,5s_Caenorhabditis-elegans-1
2106,5s,test,5s_Caenorhabditis-elegans-3
2107,5s,test,5s_Calanus-finmarchicus-1
2108,5s,test,5s_Calliphora-vicina-1
2109,5s,test,5s_Calyptogena-magnifica-1
2110,5s,test,5s_Campylobacter-jejuni-3
2111,5s,test,5s_Cancer-pagurus-1
2112,5s,test,5s_Candida-albicans-1
2113,5s,test,5s_Candida-antarctica-1
2114,5s,test,5s_Candida-azyma-1
2115,5s,test,5s_Candida-cylindracea-1
2116,5s,test,5s_Candida-diversa-1
2117,5s,test,5s_Candida-glabrata-1
2118,5s,test,5s_Candida-magnoliae-1
2119,5s,test,5s_Candida-melibiosica-1
2120,5s,test,5s_Candida-parapsilosis-1
2121,5s,test,5s_Candida-rugopelliculosa-1
2122,5s,test,5s_Candida-rugosa-1
2123,5s,test,5s_Candida-zeylanoides-1
2124,5s,test,5s_Candidatus-Fritschea-bemisiae-1
2125,5s,test,5s_Candidatus-Pelagibacter-ubique-1
2126,5s,test,5s_Candidatus-Phytoplasma-asteris-1
2127,5s,test,5s_Candidatus-Portiera-aleyrodidarum-1
2128,5s,test,5s_Candidatus-Tremblaya-princeps-1
2129,5s,test,5s_Candidatus-Tremblaya-princeps-2
2130,5s,test,5s_Candidatus-Tremblaya-princeps-3
2131,5s,test,5s_Candidatus-Tremblaya-princeps-5
2132,5s,test,5s_Candidatus-Tremblaya-princeps-6
2133,5s,test,5s_Capniomyces-stellatus-1
2134,5s,test,5s_Carpopeltis-crispata-1
2135,5s,test,5s_Caulobacter-crescentus-1
2136,5s,test,5s_Caulobacter-crescentus-2
2137,5s,test,5s_Caulobacter-sp.-1
2138,5s,test,5s_Caulobacter-sp.-2
2139,5s,test,5s_Caulobacter-sp.-3
2140,5s,test,5s_Caulobacter-sp.-4
2141,5s,test,5s_Caulobacter-sp.-5
2142,5s,test,5s_Caulobacter-sp.-6
2143,5s,test,5s_Caulobacter-sp.-7
2144,5s,test,5s_Caulobacter-spinosum-1
2145,5s,test,5s_Cellulomonas-biazotea-1
2146,5s,test,5s_Cellulosimicrobium-cellulans-1
2147,5s,test,5s_Cerastoderma-edule-1
2148,5s,test,5s_Cerastoderma-glaucum-1
2149,5s,test,5s_Ceratobasidium-cornigerum-1
2150,5s,test,5s_Chaetomorpha-moniligera-1
2151,5s,test,5s_Chlamydia-muridarum-1
2152,5s,test,5s_Chlamydia-muridarum-2
2153,5s,test,5s_Chlamydia-trachomatis-1
2154,5s,test,5s_Chlamydomonas-reinhardtii-1
2155,5s,test,5s_Chlamydomonas-reinhardtii-2
2156,5s,test,5s_Chlamydomonas-sp.-1
2157,5s,test,5s_Chlamydophila-abortus-1
2158,5s,test,5s_Chlamydophila-caviae-1
2159,5s,test,5s_Chlamydophila-pneumoniae-1
2160,5s,test,5s_Chlamydophila-pneumoniae-2
2161,5s,test,5s_Chlamydophila-pneumoniae-3
2162,5s,test,5s_Chlorella-pyrenoidosa-1
2163,5s,test,5s_Chlorella-sp.-1
2164,5s,test,5s_Chlorobium-limicola-1
2165,5s,test,5s_Chlorobium-limicola-2
2166,5s,test,5s_Chlorobium-phaeobacteroides-1
2167,5s,test,5s_Chlorobium-tepidum-1
2168,5s,test,5s_Chordaria-flagelliformis-1
2169,5s,test,5s_Christiansenia-pallida-1
2170,5s,test,5s_Chrysaora-quinquecirrha-1
2171,5s,test,5s_Clavibacter-michiganensis-1
2172,5s,test,5s_Clavispora-opuntiae-1
2173,5s,test,5s_Clavispora-opuntiae-3
2174,5s,test,5s_Clostridium-acetobutylicum-1
2175,5s,test,5s_Clostridium-acetobutylicum-2
2176,5s,test,5s_Clostridium-acetobutylicum-3
2177,5s,test,5s_Clostridium-acetobutylicum-4
2178,5s,test,5s_Clostridium-acetobutylicum-5
2179,5s,test,5s_Clostridium-butyricum-1
2180,5s,test,5s_Clostridium-butyricum-2
2181,5s,test,5s_Clostridium-carnis-1
2182,5s,test,5s_Clostridium-innocuum-1
2183,5s,test,5s_Clostridium-pasteurianum-1
2184,5s,test,5s_Clostridium-tyrobutyricum-4
2185,5s,test,5s_Coemansia-mojavensis-1
2186,5s,test,5s_Colacogloea-peniophorae-1
2187,5s,test,5s_Coleochaete-scutata-1
2188,5s,test,5s_Coleosporium-tussilaginis-1
2189,5s,test,5s_Colwellia-hadaliensis-1
2190,5s,test,5s_Colwellia-psychrerythraea-1
2191,5s,test,5s_Colwellia-psychrerythraea-2
2192,5s,test,5s_Colwellia-psychrerythraea-3
2193,5s,test,5s_Comamonas-terrigena-1
2194,5s,test,5s_Comamonas-terrigena-2
2195,5s,test,5s_Comamonas-testosteroni-1
2196,5s,test,5s_Coprinopsis-cinerea-1
2197,5s,test,5s_Coprinopsis-radiata-1
2198,5s,test,5s_Corynebacterium-diphtheriae-1
2199,5s,test,5s_Corynebacterium-diphtheriae-2
2200,5s,test,5s_Corynebacterium-efficiens-1
2201,5s,test,5s_Corynebacterium-glutamicum-1
2202,5s,test,5s_Corynebacterium-glutamicum-2
2203,5s,test,5s_Corynebacterium-jeikeium-1
2204,5s,test,5s_Corynebacterium-jeikeium-2
2205,5s,test,5s_Corynebacterium-variabile-1
2206,5s,test,5s_Corynebacterium-xerosis-1
2207,5s,test,5s_Corynebacterium-xerosis-2
2208,5s,test,5s_Coxiella-burnetii-1
2209,5s,test,5s_Coxiella-burnetii-2
2210,5s,test,5s_Crithidia-fasciculata-1
2211,5s,test,5s_Crossiella-cryophila-1
2212,5s,test,5s_Crypthecodinium-cohnii-1
2213,5s,test,5s_Cryptobranchus-alleganiensis-1
2214,5s,test,5s_Cryptococcus-albidus-1
2215,5s,test,5s_Cryptococcus-bacillisporus-1
2216,5s,test,5s_Cryptococcus-humicola-1
2217,5s,test,5s_Cryptococcus-laurentii-1
2218,5s,test,5s_Cryptococcus-neoformans-1
2219,5s,test,5s_Cryptococcus-neoformans-2
2220,5s,test,5s_Cryptomonas-paramecium-1
2221,5s,test,5s_Cryptosporidium-parvum-1
2222,5s,test,5s_Cryptosporidium-parvum-2
2223,5s,test,5s_Cunninghamella-elegans-1
2224,5s,test,5s_Cupriavidus-necator-1
2225,5s,test,5s_Curtobacterium-citreum-1
2226,5s,test,5s_Cyanidium-caldarium-1
2227,5s,test,5s_Cyanophora-paradoxa-1
2228,5s,test,5s_Cycas-revoluta-1
2229,5s,test,5s_Cyclidiopsis-acus-1
2230,5s,test,5s_Cystobacter-fuscus-1
2231,5s,test,5s_Dactylosporangium-aurantiacum-1
2232,5s,test,5s_Daphnia-magna-1
2233,5s,test,5s_Dehalococcoides-ethenogenes-1
2234,5s,test,5s_Deinococcus-radiodurans-1
2235,5s,test,5s_Deinococcus-radiodurans-2
2236,5s,test,5s_Deinococcus-radiodurans-3
2237,5s,test,5s_Deinococcus-radiophilus-1
2238,5s,test,5s_Delftia-acidovorans-1
2239,5s,test,5s_Desulfovibrio-vulgaris-1
2240,5s,test,5s_Desulfovibrio-vulgaris-2
2241,5s,test,5s_Desulfurococcus-mobilis-1
2242,5s,test,5s_Diatoma-tenue-1
2243,5s,test,5s_Dichelobacter-nodosus-1
2244,5s,test,5s_Dictyostelium-discoideum-1
2245,5s,test,5s_Dicyema-misakiense-1
2246,5s,test,5s_Diplonema-papillatum-1
2247,5s,test,5s_Diplonema-papillatum-2
2248,5s,test,5s_Dipsacomyces-acuminosporus-1
2249,5s,test,5s_Dirofilaria-immitis-1
2250,5s,test,5s_Distigma-proteus-1
2251,5s,test,5s_Drosophila-erecta-1
2252,5s,test,5s_Drosophila-mauritiana-1
2253,5s,test,5s_Drosophila-melanogaster-1
2254,5s,test,5s_Drosophila-melanogaster-2
2255,5s,test,5s_Drosophila-sechellia-1
2256,5s,test,5s_Drosophila-simulans-1
2257,5s,test,5s_Drosophila-takahashii-1
2258,5s,test,5s_Drosophila-teissieri-1
2259,5s,test,5s_Drosophila-yakuba-1
2260,5s,test,5s_Dryopteris-acuminata-1
2261,5s,test,5s_Dugesia-japonica-1
2262,5s,test,5s_Dugesia-japonica-2
2263,5s,test,5s_E_glandulE
2264,5s,test,5s_Ectothiorhodospira-mobilis-1
2265,5s,test,5s_Ectothiorhodospira-shaposhnikovii-1
2266,5s,test,5s_Efibulobasidium-albescens-1
2267,5s,test,5s_Ehrlichia-chaffeensis-1
2268,5s,test,5s_Ehrlichia-ruminantium-1
2269,5s,test,5s_Eimeria-tenella-1
2270,5s,test,5s_Eisenia-bicyclis-1
2271,5s,test,5s_Emericella-heterothallica-1
2272,5s,test,5s_Emericella-nidulans-1
2273,5s,test,5s_Emericella-nidulans-2
2274,5s,test,5s_Emericella-nidulans-3
2275,5s,test,5s_Emericella-nidulans-4
2276,5s,test,5s_Emericella-nidulans-5
2277,5s,test,5s_Emericella-nidulans-6
2278,5s,test,5s_Emericella-nidulans-7
2279,5s,test,5s_Emericella-nidulans-8
2280,5s,test,5s_Empedobacter-brevis-1
2281,5s,test,5s_Emplectonema-gracile-2
2282,5s,test,5s_Enchytraeus-albidus-1
2283,5s,test,5s_Endophyllum-sempervivi-1
2284,5s,test,5s_Enterococcus-faecalis-1
2285,5s,test,5s_Enterococcus-faecalis-2
2286,5s,test,5s_Entosiphon-sulcatum-1
2287,5s,test,5s_Ephedra-kokanica-1
2288,5s,test,5s_Equisetum-arvense-1
2289,5s,test,5s_Erwinia-carotovora-1
2290,5s,test,5s_Erwinia-carotovora-2
2291,5s,test,5s_Erysipelothrix-rhusiopathiae-1
2292,5s,test,5s_Erysipelothrix-rhusiopathiae-2
2293,5s,test,5s_Erysipelothrix-rhusiopathiae-3
2294,5s,test,5s_Erysipelothrix-tonsillarum-1
2295,5s,test,5s_Erythrobacter-longus-1
2296,5s,test,5s_Erythromicrobium-ezovicum-1
2297,5s,test,5s_Erythromicrobium-hydrolyticum-1
2298,5s,test,5s_Erythromicrobium-ramosum-1
2299,5s,test,5s_Esch_coli2B
2300,5s,test,5s_Esch_coli5B
2301,5s,test,5s_Escherichia-coli-1
2302,5s,test,5s_Escherichia-coli-10
2303,5s,test,5s_Escherichia-coli-11
2304,5s,test,5s_Escherichia-coli-13
2305,5s,test,5s_Escherichia-coli-14
2306,5s,test,5s_Escherichia-coli-15
2307,5s,test,5s_Escherichia-coli-2
2308,5s,test,5s_Escherichia-coli-3
2309,5s,test,5s_Escherichia-coli-4
2310,5s,test,5s_Escherichia-coli-5
2311,5s,test,5s_Escherichia-coli-6
2312,5s,test,5s_Escherichia-coli-8
2313,5s,test,5s_Euglena-gracilis-1
2314,5s,test,5s_Euglena-gracilis-2
2315,5s,test,5s_Euplotes-aediculatus-1
2316,5s,test,5s_Euplotes-eurystomus-1
2317,5s,test,5s_Euplotes-octocarinatus-1
2318,5s,test,5s_Euplotes-vannus-1
2319,5s,test,5s_Euplotes-woodruffi-1
2320,5s,test,5s_Eurypelma-californica-1
2321,5s,test,5s_Exidia-glandulosa-1
2322,5s,test,5s_Exobasidium-vaccinii-1
2323,5s,test,5s_F_florifoWE
2324,5s,test,5s_Farysia-thuemenii-1
2325,5s,test,5s_Fellomyces-penicillatus-1
2326,5s,test,5s_Filobasidiella-depauperata-1
2327,5s,test,5s_Filobasidiella-neoformans-1
2328,5s,test,5s_Filobasidium-capsuligenum-1
2329,5s,test,5s_Filobasidium-floriforme-1
2330,5s,test,5s_Filobasidium-floriforme-2
2331,5s,test,5s_Finegoldia-magna-1
2332,5s,test,5s_Finegoldia-magna-2
2333,5s,test,5s_Flavobacterium-hydatis-1
2334,5s,test,5s_Flavobacterium-johnsoniae-1
2335,5s,test,5s_Flectobacillus-major-1
2336,5s,test,5s_Flexibacter-sp.-1
2337,5s,test,5s_Fluoribacter-bozemanae-1
2338,5s,test,5s_Frankia-sp.-1
2339,5s,test,5s_Frankia-sp.-2
2340,5s,test,5s_Frankia-sp.-3
2341,5s,test,5s_Fusarium-asiaticum-1
2342,5s,test,5s_Fusarium-asiaticum-2
2343,5s,test,5s_Fusarium-asiaticum-3
2344,5s,test,5s_Fusarium-asiaticum-4
2345,5s,test,5s_Fusarium-asiaticum-5
2346,5s,test,5s_Fusarium-asiaticum-6
2347,5s,test,5s_Fusarium-asiaticum-7
2348,5s,test,5s_Fusarium-asiaticum-8
2349,5s,test,5s_Fusarium-cerealis-1
2350,5s,test,5s_Fusarium-cerealis-2
2351,5s,test,5s_Fusarium-cerealis-3
2352,5s,test,5s_Fusarium-cerealis-4
2353,5s,test,5s_Fusarium-cerealis-5
2354,5s,test,5s_Fusarium-cerealis-6
2355,5s,test,5s_Fusarium-cerealis-7
2356,5s,test,5s_Fusarium-cerealis-8
2357,5s,test,5s_Fusarium-cerealis-9
2358,5s,test,5s_Fusarium-culmorum-1
2359,5s,test,5s_Fusarium-culmorum-2
2360,5s,test,5s_Fusarium-culmorum-3
2361,5s,test,5s_Fusarium-culmorum-4
2362,5s,test,5s_Fusarium-culmorum-5
2363,5s,test,5s_Fusarium-culmorum-6
2364,5s,test,5s_Fusarium-culmorum-7
2365,5s,test,5s_Fusarium-culmorum-8
2366,5s,test,5s_Fusarium-lunulosporum-1
2367,5s,test,5s_Fusarium-lunulosporum-10
2368,5s,test,5s_Fusarium-lunulosporum-2
2369,5s,test,5s_Fusarium-lunulosporum-3
2370,5s,test,5s_Fusarium-lunulosporum-4
2371,5s,test,5s_Fusarium-lunulosporum-5
2372,5s,test,5s_Fusarium-lunulosporum-6
2373,5s,test,5s_Fusarium-lunulosporum-7
2374,5s,test,5s_Fusarium-lunulosporum-8
2375,5s,test,5s_Fusarium-lunulosporum-9
2376,5s,test,5s_Fusarium-pseudograminearum-1
2377,5s,test,5s_Fusarium-pseudograminearum-2
2378,5s,test,5s_Fusarium-pseudograminearum-3
2379,5s,test,5s_Fusarium-pseudograminearum-4
2380,5s,test,5s_Fusarium-pseudograminearum-5
2381,5s,test,5s_Fusarium-pseudograminearum-6
2382,5s,test,5s_Fusarium-pseudograminearum-7
2383,5s,test,5s_Fusarium-pseudograminearum-8
2384,5s,test,5s_Fusarium-sporotrichioides-1
2385,5s,test,5s_Fusarium-sporotrichioides-2
2386,5s,test,5s_Fusarium-sporotrichioides-3
2387,5s,test,5s_Fusarium-sporotrichioides-4
2388,5s,test,5s_Fusarium-sporotrichioides-5
2389,5s,test,5s_Fusobacterium-mortiferum-1
2390,5s,test,5s_Fusobacterium-mortiferum-2
2391,5s,test,5s_Fusobacterium-nucleatum-1
2392,5s,test,5s_Fusobacterium-nucleatum-2
2393,5s,test,5s_Fusobacterium-nucleatum-3
2394,5s,test,5s_Fusobacterium-nucleatum-4
2395,5s,test,5s_Fusobacterium-nucleatum-5
2396,5s,test,5s_Fusobacterium-varium-1
2397,5s,test,5s_Gallus-gallus-1
2398,5s,test,5s_Gallus-gallus-2
2399,5s,test,5s_Ganoderma-applanatum-1
2400,5s,test,5s_Gastrotheca-riobambae-1
2401,5s,test,5s_Gelidium-amansii-1
2402,5s,test,5s_Gelidium-amansii-2
2403,5s,test,5s_Gemm_obscuB
2404,5s,test,5s_Genistelloides-hibernus-1
2405,5s,test,5s_Geobacillus-kaustophilus-1
2406,5s,test,5s_Geobacillus-kaustophilus-2
2407,5s,test,5s_Geobacillus-kaustophilus-3
2408,5s,test,5s_Geobacillus-kaustophilus-4
2409,5s,test,5s_Geobacillus-kaustophilus-6
2410,5s,test,5s_Geobacillus-kaustophilus-7
2411,5s,test,5s_Geobacillus-stearothermophilus-1
2412,5s,test,5s_Geobacillus-stearothermophilus-2
2413,5s,test,5s_Geobacillus-stearothermophilus-3
2414,5s,test,5s_Geobacillus-stearothermophilus-4
2415,5s,test,5s_Geodermatophilus-obscurus-1
2416,5s,test,5s_Ginkgo-biloba-1
2417,5s,test,5s_Gloiopeltis-complanata-1
2418,5s,test,5s_Gluconacetobacter-xylinus-1
2419,5s,test,5s_Gluconobacter-oxydans-3
2420,5s,test,5s_Gnetum-gnemon-1
2421,5s,test,5s_Gossypium-hirsutum-1
2422,5s,test,5s_Gracilaria-compressa-1
2423,5s,test,5s_Gracilaria-compressa-2
2424,5s,test,5s_Graphiola-phoenicis-1
2425,5s,test,5s_Grimontia-hollisae-1
2426,5s,test,5s_Gymnosporangium-clavariaeforme-1
2427,5s,test,5s_Gymnosporangium-sabinae-1
2428,5s,test,5s_Haemonchus-contortus-1
2429,5s,test,5s_Haemophilus-aegyptius-1
2430,5s,test,5s_Haemophilus-influenzae-1
2431,5s,test,5s_Haemophilus-influenzae-4
2432,5s,test,5s_Haemophilus-influenzae-6
2433,5s,test,5s_Halichondria-japonica-1
2434,5s,test,5s_Halichondria-panicea-1
2435,5s,test,5s_Haliclona-oculata-1
2436,5s,test,5s_Haloarcula-marismortui-1
2437,5s,test,5s_Haloarcula-marismortui-2
2438,5s,test,5s_Haloarcula-marismortui-3
2439,5s,test,5s_Halobacterium-salinarum-1
2440,5s,test,5s_Halobacterium-salinarum-2
2441,5s,test,5s_Halobacterium-salinarum-3
2442,5s,test,5s_Halobacterium-sp.-1
2443,5s,test,5s_Halobacterium-sp.-2
2444,5s,test,5s_Halococcus-morrhuae-1
2445,5s,test,5s_Halococcus-morrhuae-2
2446,5s,test,5s_Halocynthia-roretzi-1
2447,5s,test,5s_Haloferax-mediterranei-1
2448,5s,test,5s_Haloferax-mediterranei-2
2449,5s,test,5s_Haloferax-volcanii-1
2450,5s,test,5s_Haloferax-volcanii-2
2451,5s,test,5s_Haloferax-volcanii-3
2452,5s,test,5s_Halorhodospira-halophila-1
2453,5s,test,5s_Halorubrum-distributum-1
2454,5s,test,5s_Halorubrum-distributum-3
2455,5s,test,5s_Halorubrum-distributum-4
2456,5s,test,5s_Halorubrum-distributum-5
2457,5s,test,5s_Halorubrum-distributum-6
2458,5s,test,5s_Halorubrum-distributum-7
2459,5s,test,5s_Halorubrum-saccharovorum-1
2460,5s,test,5s_Halorubrum-terrestre-1
2461,5s,test,5s_Halorubrum-terrestre-2
2462,5s,test,5s_Halothiobacillus-neapolitanus-1
2463,5s,test,5s_Harpalus-rufipes-1
2464,5s,test,5s_Helianthus-annuus-1
2465,5s,test,5s_Helicobacter-hepaticus-1
2466,5s,test,5s_Helicobacter-pylori-2
2467,5s,test,5s_Helicobacter-pylori-3
2468,5s,test,5s_Helicobasidium-purpureum-1
2469,5s,test,5s_Helix-pomatia-1
2470,5s,test,5s_Hemicentrotus-sp.-1
2471,5s,test,5s_Herbidospora-cretacea-1
2472,5s,test,5s_Herpetosiphon-aurantiacus-1
2473,5s,test,5s_Homarus-gammarus-1
2474,5s,test,5s_Homo-sapiens-1
2475,5s,test,5s_Hydrurus-foetidus-1
2476,5s,test,5s_Hymeniacidon-sanguinea-1
2477,5s,test,5s_Hyphodontia-paradoxa-1
2478,5s,test,5s_Hyphomicrobium-sp.-1
2479,5s,test,5s_Hyphomicrobium-sp.-2
2480,5s,test,5s_Hyphomicrobium-sp.-3
2481,5s,test,5s_Hyphomicrobium-sp.-4
2482,5s,test,5s_Hyphomicrobium-sp.-5
2483,5s,test,5s_Hyphomicrobium-sp.-6
2484,5s,test,5s_Hyphomicrobium-sp.-7
2485,5s,test,5s_Hyphomicrobium-vulgare-1
2486,5s,test,5s_Hyphomicrobium-vulgare-2
2487,5s,test,5s_Hyphomonas-oligotropha-1
2488,5s,test,5s_Hyphomonas-polymorpha-1
2489,5s,test,5s_Idiomarina-loihiensis-1
2490,5s,test,5s_Idiomarina-loihiensis-2
2491,5s,test,5s_Iguana-iguana-1
2492,5s,test,5s_Illex-illecebrosus-1
2493,5s,test,5s_Isosphaera-pallida-1
2494,5s,test,5s_Itersonilia-perplexans-1
2495,5s,test,5s_Juniperus-media-1
2496,5s,test,5s_Kibdelosporangium-aridum-1
2497,5s,test,5s_Klebsormidium-flaccidum-1
2498,5s,test,5s_Kluyveromyces-delphensis-1
2499,5s,test,5s_Kondoa-malvinella-1
2500,5s,test,5s_Kutzneria-albida-1
2501,5s,test,5s_Kutzneria-viridogrisea-1
2502,5s,test,5s_Laccaria-bicolor-1
2503,5s,test,5s_Lactobacillus-acidophilus-1
2504,5s,test,5s_Lactobacillus-brevis-1
2505,5s,test,5s_Lactobacillus-delbrueckii-1
2506,5s,test,5s_Lactobacillus-delbrueckii-2
2507,5s,test,5s_Lactobacillus-johnsonii-1
2508,5s,test,5s_Lactobacillus-plantarum-1
2509,5s,test,5s_Lactobacillus-plantarum-2
2510,5s,test,5s_Lactobacillus-plantarum-3
2511,5s,test,5s_Lactococcus-lactis-1
2512,5s,test,5s_Lactococcus-lactis-2
2513,5s,test,5s_Lactococcus-lactis-3
2514,5s,test,5s_Lactococcus-lactis-4
2515,5s,test,5s_Lactococcus-lactis-5
2516,5s,test,5s_Lactuca-sativa-1
2517,5s,test,5s_Legionella-dumoffii-1
2518,5s,test,5s_Legionella-longbeachae-1
2519,5s,test,5s_Legionella-pneumophila-1
2520,5s,test,5s_Legionella-pneumophila-2
2521,5s,test,5s_Legionella-pneumophila-3
2522,5s,test,5s_Leifsonia-aquatica-1
2523,5s,test,5s_Leifsonia-xyli-1
2524,5s,test,5s_Lemna-minor-1
2525,5s,test,5s_Lentinula-edodes-1
2526,5s,test,5s_Lentinula-edodes-2
2527,5s,test,5s_Leptospira-biflexa-1
2528,5s,test,5s_Leptospira-interrogans-1
2529,5s,test,5s_Leptospira-interrogans-2
2530,5s,test,5s_Leptothrix-discophora-1
2531,5s,test,5s_Lethenteron-japonicum-1
2532,5s,test,5s_Lethenteron-japonicum-2
2533,5s,test,5s_Lethenteron-reissneri-1
2534,5s,test,5s_Leuconostoc-mesenteroides-1
2535,5s,test,5s_Ligia-oceanica-1
2536,5s,test,5s_Limulus-polyphemus-1
2537,5s,test,5s_Linderina-macrospora-1
2538,5s,test,5s_Lineus-geniculatus-1
2539,5s,test,5s_Lingula-anatina-1
2540,5s,test,5s_Lingula-anatina-2
2541,5s,test,5s_Listeria-innocua-2
2542,5s,test,5s_Listeria-ivanovii-1
2543,5s,test,5s_Listeria-monocytogenes-2
2544,5s,test,5s_Listeria-monocytogenes-3
2545,5s,test,5s_Listonella-anguillarum-1
2546,5s,test,5s_Listonella-pelagia-1
2547,5s,test,5s_Locusta-migratoria-1
2548,5s,test,5s_Loofah-witches-broom-phytoplasma-1
2549,5s,test,5s_Lophocolea-heterophylla-1
2550,5s,test,5s_Lupinus-angustifolius-1
2551,5s,test,5s_Lupinus-luteus-1
2552,5s,test,5s_Lycoperdon-pyriforme-1
2553,5s,test,5s_Lycopersicon-esculentum-1
2554,5s,test,5s_Lycopodium-clavatum-1
2555,5s,test,5s_Lytechinus-variegatus-1
2556,5s,test,5s_Magnolia-kobus-1
2557,5s,test,5s_Magnolia-stellata-1
2558,5s,test,5s_Mannheimia-succiniciproducens-1
2559,5s,test,5s_Mannheimia-succiniciproducens-2
2560,5s,test,5s_Mannheimia-succiniciproducens-3
2561,5s,test,5s_Marchantia-polymorpha-1
2562,5s,test,5s_Medicago-sativa-1
2563,5s,test,5s_Meloidogyne-arenaria-1
2564,5s,test,5s_Meloidogyne-arenaria-2
2565,5s,test,5s_Meloidogyne-arenaria-3
2566,5s,test,5s_Meloidogyne-arenaria-4
2567,5s,test,5s_Meloidogyne-artiellia-1
2568,5s,test,5s_Meloidogyne-chitwoodi-1
2569,5s,test,5s_Menoidium-pellucidum-1
2570,5s,test,5s_Mesorhizobium-loti-1
2571,5s,test,5s_Metasequoia-glyptostroboides-1
2572,5s,test,5s_Methanobacterium-formicicum-1
2573,5s,test,5s_Methanobrevibacter-ruminantium-1
2574,5s,test,5s_Methanocaldococcus-jannaschii-1
2575,5s,test,5s_Methanocaldococcus-jannaschii-2
2576,5s,test,5s_Methanococcus-maripaludis-1
2577,5s,test,5s_Methanococcus-vannielii-1
2578,5s,test,5s_Methanococcus-vannielii-2
2579,5s,test,5s_Methanococcus-voltae-1
2580,5s,test,5s_Methanococcus-voltae-2
2581,5s,test,5s_Methanolobus-tindarius-1
2582,5s,test,5s_Methanolobus-tindarius-2
2583,5s,test,5s_Methanopyrus-kandleri-1
2584,5s,test,5s_Methanosarcina-acetivorans-1
2585,5s,test,5s_Methanosarcina-acetivorans-2
2586,5s,test,5s_Methanosarcina-barkeri-1
2587,5s,test,5s_Methanosarcina-mazei-1
2588,5s,test,5s_Methanosarcina-mazei-2
2589,5s,test,5s_Methanosarcina-vacuolata-1
2590,5s,test,5s_Methanospirillum-hungatei-1
2591,5s,test,5s_Methanothermobacter-thermautotrophicus-1
2592,5s,test,5s_Methanothermobacter-thermautotrophicus-2
2593,5s,test,5s_Methanothermobacter-thermautotrophicus-3
2594,5s,test,5s_Methanothermobacter-thermautotrophicus-4
2595,5s,test,5s_Methanothermobacter-thermautotrophicus-5
2596,5s,test,5s_Methanothermobacter-thermautotrophicus-6
2597,5s,test,5s_Methanothermobacter-thermautotrophicus-7
2598,5s,test,5s_Methanothermococcus-thermolithotrophicus-1
2599,5s,test,5s_Methanothermus-fervidus-1
2600,5s,test,5s_Methylobacterium-extorquens-1
2601,5s,test,5s_Methylobacterium-organophilum-1
2602,5s,test,5s_Methylobacterium-sp.-1
2603,5s,test,5s_Methylococcus-capsulatus-1
2604,5s,test,5s_Methylococcus-capsulatus-3
2605,5s,test,5s_Methylomicrobium-album-1
2606,5s,test,5s_Methylomicrobium-clara-1
2607,5s,test,5s_Methylophilus-methylotrophus-1
2608,5s,test,5s_Microbacterium-testaceum-1
2609,5s,test,5s_Microbotryum-violaceum-1
2610,5s,test,5s_Micrococcus-luteus-1
2611,5s,test,5s_Micrococcus-luteus-2
2612,5s,test,5s_Micrococcus-luteus-4
2613,5s,test,5s_Microstroma-juglandis-1
2614,5s,test,5s_Microtetraspora-glauca-1
2615,5s,test,5s_Misgurnus-fossilis-1
2616,5s,test,5s_Misgurnus-fossilis-14
2617,5s,test,5s_Moniliella-acetoabutans-1
2618,5s,test,5s_Moritella-marina-1
2619,5s,test,5s_Mortierella-formosensis-1
2620,5s,test,5s_Mus-musculus-1
2621,5s,test,5s_Mycobacterium-avium-1
2622,5s,test,5s_Mycobacterium-bovis-1
2623,5s,test,5s_Mycobacterium-bovis-2
2624,5s,test,5s_Mycobacterium-bovis-3
2625,5s,test,5s_Mycobacterium-flavescens-1
2626,5s,test,5s_Mycobacterium-leprae-1
2627,5s,test,5s_Mycobacterium-leprae-2
2628,5s,test,5s_Mycobacterium-phlei-1
2629,5s,test,5s_Mycobacterium-phlei-2
2630,5s,test,5s_Mycobacterium-smegmatis-1
2631,5s,test,5s_Mycobacterium-smegmatis-2
2632,5s,test,5s_Mycobacterium-smegmatis-3
2633,5s,test,5s_Mycobacterium-tuberculosis-1
2634,5s,test,5s_Mycobacterium-tuberculosis-2
2635,5s,test,5s_Mycobacterium-tuberculosis-3
2636,5s,test,5s_Mycobacterium-tuberculosis-4
2637,5s,test,5s_Mycoplasma-capricolum-1
2638,5s,test,5s_Mycoplasma-flocculare-1
2639,5s,test,5s_Mycoplasma-gallisepticum-1
2640,5s,test,5s_Mycoplasma-gallisepticum-2
2641,5s,test,5s_Mycoplasma-gallisepticum-3
2642,5s,test,5s_Mycoplasma-gallisepticum-4
2643,5s,test,5s_Mycoplasma-genitalium-1
2644,5s,test,5s_Mycoplasma-haemofelis-1
2645,5s,test,5s_Mycoplasma-hyopneumoniae-1
2646,5s,test,5s_Mycoplasma-hyopneumoniae-2
2647,5s,test,5s_Mycoplasma-mobile-1
2648,5s,test,5s_Mycoplasma-mycoides-1
2649,5s,test,5s_Mycoplasma-mycoides-2
2650,5s,test,5s_Mycoplasma-mycoides-3
2651,5s,test,5s_Mycoplasma-penetrans-1
2652,5s,test,5s_Mycoplasma-pneumoniae-1
2653,5s,test,5s_Mycoplasma-pulmonis-1
2654,5s,test,5s_Mycoplasma-sp.-1
2655,5s,test,5s_Mycoplasma-sp.-2
2656,5s,test,5s_Mytilus-edulis-1
2657,5s,test,5s_Mytilus-edulis-2
2658,5s,test,5s_Mytilus-galloprovincialis-2
2659,5s,test,5s_Mytilus-galloprovincialis-3
2660,5s,test,5s_Myxococcus-coralloides-1
2661,5s,test,5s_Nadsonia-fulvescens-1
2662,5s,test,5s_Nannocystis-exedens-1
2663,5s,test,5s_Nanoarchaeum-equitans-1
2664,5s,test,5s_Natrialba-magadii-1
2665,5s,test,5s_Natrinema-sp.-1
2666,5s,test,5s_Natronococcus-occultus-1
2667,5s,test,5s_Natronomonas-pharaonis-1
2668,5s,test,5s_Natronomonas-pharaonis-2
2669,5s,test,5s_Neisseria-gonorrhoeae-1
2670,5s,test,5s_Neisseria-meningitidis-1
2671,5s,test,5s_Nemopsis-dofleini-1
2672,5s,test,5s_Nephila-clavipes-1
2673,5s,test,5s_Neurospora-africana-1
2674,5s,test,5s_Neurospora-africana-2
2675,5s,test,5s_Neurospora-crassa-1
2676,5s,test,5s_Neurospora-crassa-10
2677,5s,test,5s_Neurospora-crassa-11
2678,5s,test,5s_Neurospora-crassa-12
2679,5s,test,5s_Neurospora-crassa-13
2680,5s,test,5s_Neurospora-crassa-14
2681,5s,test,5s_Neurospora-crassa-15
2682,5s,test,5s_Neurospora-crassa-2
2683,5s,test,5s_Neurospora-crassa-6
2684,5s,test,5s_Neurospora-crassa-9
2685,5s,test,5s_Neurospora-intermedia-1
2686,5s,test,5s_Neurospora-intermedia-2
2687,5s,test,5s_Neurospora-intermedia-3
2688,5s,test,5s_Nicotiana-tabacum-1
2689,5s,test,5s_Nitella-flexilis-1
2690,5s,test,5s_Nitrobacter-winogradskyi-1
2691,5s,test,5s_Nocardia-asteroides-1
2692,5s,test,5s_Nocardia-farcinica-1
2693,5s,test,5s_Nocardioides-albus-1
2694,5s,test,5s_Nocardiopsis-dassonvillei-1
2695,5s,test,5s_Notophthalmus-viridescens-1
2696,5s,test,5s_Oceanobacillus-iheyensis-1
2697,5s,test,5s_Oceanobacillus-iheyensis-2
2698,5s,test,5s_Oceanobacillus-iheyensis-3
2699,5s,test,5s_Oceanobacillus-iheyensis-4
2700,5s,test,5s_Octopus-vulgaris-1
2701,5s,test,5s_Oenococcus-oeni-1
2702,5s,test,5s_Oerskovia-turbata-1
2703,5s,test,5s_Onchocerca-cervicalis-1
2704,5s,test,5s_Onchocerca-volvulus-1
2705,5s,test,5s_Oryctolagus-cuniculus-1
2706,5s,test,5s_Oryza-sativa-1
2707,5s,test,5s_Oryza-sativa-2
2708,5s,test,5s_P_cynthiaE
2709,5s,test,5s_Paenibacillus-popilliae-1
2710,5s,test,5s_Palmaria-palmata-1
2711,5s,test,5s_Paracentrotus-lividus-1
2712,5s,test,5s_Paracentrotus-lividus-2
2713,5s,test,5s_Parachlamydia-sp.-1
2714,5s,test,5s_Paracoccus-denitrificans-1
2715,5s,test,5s_Paracoccus-denitrificans-2
2716,5s,test,5s_Paracoccus-sp.-1
2717,5s,test,5s_Paracoccus-versutus-1
2718,5s,test,5s_Paramecium-tetraurelia-1
2719,5s,test,5s_Pasteurella-multocida-1
2720,5s,test,5s_Pasteurella-multocida-2
2721,5s,test,5s_Pedinomonas-minor-1
2722,5s,test,5s_Pedobacter-heparinus-1
2723,5s,test,5s_Penicillium-chrysogenum-1
2724,5s,test,5s_Penicillium-griseofulvum-1
2725,5s,test,5s_Perinereis-brevicirris-1
2726,5s,test,5s_Perkinsus-andrewsi-1
2727,5s,test,5s_Perkinsus-andrewsi-2
2728,5s,test,5s_Perkinsus-olseni-1
2729,5s,test,5s_Phacus-curvicauda-1
2730,5s,test,5s_Phaffia-rhodozyma-1
2731,5s,test,5s_Phascolopsis-gouldii-1
2732,5s,test,5s_Phaseolus-vulgaris-1
2733,5s,test,5s_Phaseolus-vulgaris-2
2734,5s,test,5s_Phleogena-faginea-1
2735,5s,test,5s_Phlyctochytrium-irregulare-1
2736,5s,test,5s_Photobacterium-angustum-1
2737,5s,test,5s_Photobacterium-damselae-1
2738,5s,test,5s_Photobacterium-damselae-2
2739,5s,test,5s_Photobacterium-leiognathi-1
2740,5s,test,5s_Photobacterium-profundum-1
2741,5s,test,5s_Photobacterium-profundum-2
2742,5s,test,5s_Photobacterium-profundum-3
2743,5s,test,5s_Photobacterium-sp.-1
2744,5s,test,5s_Photorhabdus-luminescens-1
2745,5s,test,5s_Photorhabdus-luminescens-2
2746,5s,test,5s_Photorhabdus-luminescens-3
2747,5s,test,5s_Phycomyces-blakesleeanus-1
2748,5s,test,5s_Physarum-polycephalum-1
2749,5s,test,5s_Pichia-angusta-1
2750,5s,test,5s_Pichia-jadinii-1
2751,5s,test,5s_Pichia-jadinii-2
2752,5s,test,5s_Pichia-membranifaciens-1
2753,5s,test,5s_Pimelobacter-simplex-1
2754,5s,test,5s_Pinus-contorta-1
2755,5s,test,5s_Pinus-silvestris-1
2756,5s,test,5s_Pirellula-sp.-1
2757,5s,test,5s_Pirellula-sp.-2
2758,5s,test,5s_Plagiomnium-trichomanes-1
2759,5s,test,5s_Planctomyces-brasiliensis-1
2760,5s,test,5s_Planctomyces-limnophilus-1
2761,5s,test,5s_Planobispora-longispora-1
2762,5s,test,5s_Planocera-reticulata-1
2763,5s,test,5s_Planococcus-citreus-1
2764,5s,test,5s_Planococcus-kocurii-1
2765,5s,test,5s_Plasmodium-falciparum-1
2766,5s,test,5s_Platymonas-subcordiformis-1
2767,5s,test,5s_Plesiomonas-shigelloides-1
2768,5s,test,5s_Pleurodeles-waltl-1
2769,5s,test,5s_Pleurodeles-waltl-3
2770,5s,test,5s_Pleurotus-ostreatus-1
2771,5s,test,5s_Pneumocystis-carinii-1
2772,5s,test,5s_Pneumocystis-carinii-2
2773,5s,test,5s_Polyangium-cellulosum-1
2774,5s,test,5s_Porphyra-tenera-1
2775,5s,test,5s_Porphyra-umbilicalis-1
2776,5s,test,5s_Porphyra-yezoensis-1
2777,5s,test,5s_Porphyromonas-gingivalis-1
2778,5s,test,5s_Porphyromonas-gingivalis-2
2779,5s,test,5s_Prasinocladus-sp.-1
2780,5s,test,5s_Prauserella-rugosa-1
2781,5s,test,5s_Proasellus-coxalis-1
2782,5s,test,5s_Propionibacterium-acnes-1
2783,5s,test,5s_Prosthecochloris-aestuarii-1
2784,5s,test,5s_Prosthecomicrobium-enhydrum-1
2785,5s,test,5s_Proteus-vulgaris-1
2786,5s,test,5s_Protomyces-inundatus-1
2787,5s,test,5s_Pseudocentrotus-depressus-1
2788,5s,test,5s_Pseudomonas-aeruginosa-1
2789,5s,test,5s_Pseudomonas-aeruginosa-2
2790,5s,test,5s_Pseudomonas-aeruginosa-3
2791,5s,test,5s_Pseudomonas-denitrificans-1
2792,5s,test,5s_Pseudomonas-fluorescens-1
2793,5s,test,5s_Pseudomonas-fluorescens-2
2794,5s,test,5s_Pseudomonas-fluorescens-3
2795,5s,test,5s_Pseudomonas-fluorescens-4
2796,5s,test,5s_Pseudomonas-putida-1
2797,5s,test,5s_Pseudomonas-putida-2
2798,5s,test,5s_Pseudomonas-stutzeri-1
2799,5s,test,5s_Pseudomonas-stutzeri-2
2800,5s,test,5s_Pseudomonas-syringae-1
2801,5s,test,5s_Pseudomonas-syringae-2
2802,5s,test,5s_Pseudomonas-syringae-3
2803,5s,test,5s_Pseudomonas-syringae-4
2804,5s,test,5s_Pseudonocardia-compacta-1
2805,5s,test,5s_Pseudonocardia-halophobica-1
2806,5s,test,5s_Pseudonocardia-hydrocarbonoxydans-1
2807,5s,test,5s_Pseudonocardia-thermophila-1
2808,5s,test,5s_Psilotum-nudum-1
2809,5s,test,5s_Pteridium-aquilinum-1
2810,5s,test,5s_Puccinia-poarum-1
2811,5s,test,5s_Puccinia-suaveolens-1
2812,5s,test,5s_Pyrenophora-graminea-1
2813,5s,test,5s_Pyrococcus-abyssi-1
2814,5s,test,5s_Pyrococcus-furiosus-1
2815,5s,test,5s_Pyrococcus-furiosus-2
2816,5s,test,5s_Pyrococcus-horikoshii-1
2817,5s,test,5s_Pyrococcus-horikoshii-2
2818,5s,test,5s_Pyrococcus-woesei-1
2819,5s,test,5s_Pythium-hydnosporum-1
2820,5s,test,5s_Pythium-pachycaule-1
2821,5s,test,5s_Pythium-torulosum-1
2822,5s,test,5s_Ralstonia-pickettii-1
2823,5s,test,5s_Ralstonia-solanacearum-1
2824,5s,test,5s_Ralstonia-solanacearum-2
2825,5s,test,5s_Rana-catesbeiana-1
2826,5s,test,5s_Rana-pipiens-1
2827,5s,test,5s_Rattus-norvegicus-1
2828,5s,test,5s_Renibacterium-salmoninarum-1
2829,5s,test,5s_Renobacter-vaculatum-1
2830,5s,test,5s_Rhabditis-tokai-1
2831,5s,test,5s_Rhabdomonas-costata-1
2832,5s,test,5s_Rhcoc_fas1B
2833,5s,test,5s_Rhizoctonia-globularis-1
2834,5s,test,5s_Rhodobacter-capsulatus-1
2835,5s,test,5s_Rhodobacter-capsulatus-2
2836,5s,test,5s_Rhodobacter-capsulatus-3
2837,5s,test,5s_Rhodobacter-sphaeroides-1
2838,5s,test,5s_Rhodobacter-sphaeroides-2
2839,5s,test,5s_Rhodobacter-sphaeroides-3
2840,5s,test,5s_Rhodococcus-erythropolis-1
2841,5s,test,5s_Rhodococcus-erythropolis-2
2842,5s,test,5s_Rhodococcus-fascians-1
2843,5s,test,5s_Rhodococcus-fascians-2
2844,5s,test,5s_Rhodococcus-rhodochrous-1
2845,5s,test,5s_Rhodopirellula-baltica-1
2846,5s,test,5s_Rhodopseudomonas-palustris-2
2847,5s,test,5s_Rhodopseudomonas-palustris-3
2848,5s,test,5s_Rhodospirillum-rubrum-1
2849,5s,test,5s_Rhodosporidium-toruloides-1
2850,5s,test,5s_Rickettsia-conorii-1
2851,5s,test,5s_Rickettsia-felis-1
2852,5s,test,5s_Rickettsia-moozeri-1
2853,5s,test,5s_Rickettsia-prowazekii-1
2854,5s,test,5s_Roseococcus-thiosulfatophilus-1
2855,5s,test,5s_Roseococcus-thiosulfatophilus-2
2856,5s,test,5s_Rubrivivax-gelatinosus-1
2857,5s,test,5s_Rumex-acetosa-1
2858,5s,test,5s_Russula-cyanoxantha-1
2859,5s,test,5s_S_kowalev2E
2860,5s,test,5s_Sabellastarte-japonica-1
2861,5s,test,5s_Saccharomonospora-azurea-1
2862,5s,test,5s_Saccharomonospora-cyanea-1
2863,5s,test,5s_Saccharomonospora-glauca-1
2864,5s,test,5s_Saccharomonospora-sp.-1
2865,5s,test,5s_Saccharomyces-cerevisiae-1
2866,5s,test,5s_Saccharomyces-cerevisiae-3
2867,5s,test,5s_Saccharomyces-cerevisiae-4
2868,5s,test,5s_Saccharomyces-cerevisiae-5
2869,5s,test,5s_Saccharomyces-cerevisiae-6
2870,5s,test,5s_Saccharomyces-cerevisiae-7
2871,5s,test,5s_Saccharomyces-pastorianus-1
2872,5s,test,5s_Saccharopolyspora-erythraea-1
2873,5s,test,5s_Saccharopolyspora-gregorii-1
2874,5s,test,5s_Saccharopolyspora-hirsuta-1
2875,5s,test,5s_Saccharopolyspora-hordei-1
2876,5s,test,5s_Saccharopolyspora-rectivirgula-1
2877,5s,test,5s_Saccharothrix-australiensis-1
2878,5s,test,5s_Saccharothrix-mutabilis-1
2879,5s,test,5s_Saccoglossus-kowalevskii-1
2880,5s,test,5s_Salmonella-enterica-1
2881,5s,test,5s_Salmonella-enterica-3
2882,5s,test,5s_Salmonella-enterica-4
2883,5s,test,5s_Salmonella-enterica-5
2884,5s,test,5s_Salmonella-enterica-6
2885,5s,test,5s_Salmonella-enterica-7
2886,5s,test,5s_Salmonella-enterica-8
2887,5s,test,5s_Salmonella-typhi-1
2888,5s,test,5s_Salmonella-typhimurium-1
2889,5s,test,5s_Salmonella-typhimurium-2
2890,5s,test,5s_Salmonella-typhimurium-3
2891,5s,test,5s_Salmonella-typhimurium-4
2892,5s,test,5s_Samia-cynthia-1
2893,5s,test,5s_Samia-cynthia-ricini-1
2894,5s,test,5s_Samia-cynthia-ricini-x-Bombyx-mori-1
2895,5s,test,5s_Sandaracinobacter-sibiricus-1
2896,5s,test,5s_Saprolegnia-ferax-1
2897,5s,test,5s_Saprospira-grandis-1
2898,5s,test,5s_Sargassum-fulvellum-1
2899,5s,test,5s_Scenedesmus-obliquus-1
2900,5s,test,5s_Schizochytrium-aggregatum-1
2901,5s,test,5s_Schizophyllum-commune-1
2902,5s,test,5s_Schizosaccharomyces-pombe-1
2903,5s,test,5s_Schizosaccharomyces-pombe-2
2904,5s,test,5s_Schizosaccharomyces-pombe-3
2905,5s,test,5s_Schizosaccharomyces-pombe-4
2906,5s,test,5s_Scyliorhinus-canicula-1
2907,5s,test,5s_Scytosiphon-lomentaria-1
2908,5s,test,5s_Secale-cereale-2
2909,5s,test,5s_Seliberia-stellata-1
2910,5s,test,5s_Sepia-officinalis-1
2911,5s,test,5s_Septobasidium-carestianum-1
2912,5s,test,5s_Shewanella-colwelliana-1
2913,5s,test,5s_Shewanella-hanedai-1
2914,5s,test,5s_Shewanella-oneidensis-1
2915,5s,test,5s_Shewanella-oneidensis-2
2916,5s,test,5s_Shewanella-putrefaciens-1
2917,5s,test,5s_Shigella-flexneri-1
2918,5s,test,5s_Shigella-flexneri-2
2919,5s,test,5s_Shigella-flexneri-3
2920,5s,test,5s_Silicibacter-pomeroyi-1
2921,5s,test,5s_Sinorhizobium-meliloti-1
2922,5s,test,5s_Smittium-culisetae-1
2923,5s,test,5s_Solemya-velum-1
2924,5s,test,5s_Sphacelotheca-polygoni-persicariae-1
2925,5s,test,5s_Sphingomonas-ursincola-1
2926,5s,test,5s_Spinacia-oleracea-1
2927,5s,test,5s_Spirobolus-sp-1
2928,5s,test,5s_Spirochaeta-aurantia-1
2929,5s,test,5s_Spirocodon-saltatrix-1
2930,5s,test,5s_Spirogyra-grevilleana-1
2931,5s,test,5s_Spirogyra-sp.-1
2932,5s,test,5s_Spiroplasma-melliferum-1
2933,5s,test,5s_Spirosoma-sp.-1
2934,5s,test,5s_Sporidiobolus-salmonicolor-1
2935,5s,test,5s_Sporolactobacillus-inulinus-1
2936,5s,test,5s_Sporolactobacillus-nakayamae-1
2937,5s,test,5s_Sporosarcina-pasteurii-1
2938,5s,test,5s_Sporosarcina-ureae-1
2939,5s,test,5s_Staphylococcus-aureus-1
2940,5s,test,5s_Staphylococcus-aureus-2
2941,5s,test,5s_Staphylococcus-aureus-3
2942,5s,test,5s_Staphylococcus-epidermidis-1
2943,5s,test,5s_Staphylococcus-epidermidis-2
2944,5s,test,5s_Staphylococcus-epidermidis-3
2945,5s,test,5s_Staphylococcus-haemolyticus-1
2946,5s,test,5s_Staphylococcus-haemolyticus-2
2947,5s,test,5s_Starkeya-novella-1
2948,5s,test,5s_Stella-humosa-1
2949,5s,test,5s_Sterkiella-nova-1
2950,5s,test,5s_Stilbum-vulgare-1
2951,5s,test,5s_Streptococcus-agalactiae-1
2952,5s,test,5s_Streptococcus-agalactiae-2
2953,5s,test,5s_Streptococcus-mutans-1
2954,5s,test,5s_Streptococcus-mutans-2
2955,5s,test,5s_Streptococcus-mutans-3
2956,5s,test,5s_Streptococcus-pneumoniae-1
2957,5s,test,5s_Streptococcus-pneumoniae-2
2958,5s,test,5s_Streptococcus-pyogenes-1
2959,5s,test,5s_Streptococcus-pyogenes-2
2960,5s,test,5s_Streptococcus-pyogenes-3
2961,5s,test,5s_Streptococcus-pyogenes-4
2962,5s,test,5s_Streptococcus-salivarius-1
2963,5s,test,5s_Streptococcus-thermophilus-1
2964,5s,test,5s_Streptococcus-thermophilus-2
2965,5s,test,5s_Streptomyces-ambofaciens-1
2966,5s,test,5s_Streptomyces-avermitilis-1
2967,5s,test,5s_Streptomyces-avermitilis-2
2968,5s,test,5s_Streptomyces-avermitilis-3
2969,5s,test,5s_Streptomyces-avermitilis-4
2970,5s,test,5s_Streptomyces-avermitilis-5
2971,5s,test,5s_Streptomyces-brasiliensis-1
2972,5s,test,5s_Streptomyces-cinereus-1
2973,5s,test,5s_Streptomyces-coelicolor-1
2974,5s,test,5s_Streptomyces-coelicolor-2
2975,5s,test,5s_Streptomyces-coelicolor-3
2976,5s,test,5s_Streptomyces-coelicolor-4
2977,5s,test,5s_Streptomyces-coelicolor-5
2978,5s,test,5s_Streptomyces-coelicolor-6
2979,5s,test,5s_Streptomyces-diastaticus-1
2980,5s,test,5s_Streptomyces-griseus-1
2981,5s,test,5s_Streptomyces-griseus-2
2982,5s,test,5s_Streptomyces-griseus-3
2983,5s,test,5s_Streptomyces-lividans-1
2984,5s,test,5s_Streptomyces-nodosus-1
2985,5s,test,5s_Streptomyces-nodosus-2
2986,5s,test,5s_Streptomyces-nodosus-3
2987,5s,test,5s_Streptomyces-nodosus-4
2988,5s,test,5s_Streptomyces-purpureus-1
2989,5s,test,5s_Streptomyces-rimosus-2
2990,5s,test,5s_Streptomyces-roseoverticillatus-1
2991,5s,test,5s_Streptomyces-sclerotialus-1
2992,5s,test,5s_Streptomyces-sp.-1
2993,5s,test,5s_Streptomyces-sp.-2
2994,5s,test,5s_Streptomyces-sp.-3
2995,5s,test,5s_Streptomyces-sp.-4
2996,5s,test,5s_Streptomyces-violaceus-1
2997,5s,test,5s_Streptosporangium-roseum-1
2998,5s,test,5s_Sulfolobus-tokodaii-1
2999,5s,test,5s_Sulfurococcus-mirabilis-1
3000,5s,test,5s_Symbiobacterium-thermophilum-1
3001,5s,test,5s_Symbiobacterium-thermophilum-2
3002,5s,test,5s_Symbiobacterium-thermophilum-3
3003,5s,test,5s_Symbiobacterium-thermophilum-4
3004,5s,test,5s_T_cruziE
3005,5s,test,5s_Taphrina-deformans-1
3006,5s,test,5s_Taxus-baccata-1
3007,5s,test,5s_Tenebrio-molitor-1
3008,5s,test,5s_Terrapene-carolina-1
3009,5s,test,5s_Tetrahymena-pyriformis-1
3010,5s,test,5s_Tetrahymena-thermophila-1
3011,5s,test,5s_Tetrahymena-thermophila-3
3012,5s,test,5s_Thermoactinomyces-vulgaris-1
3013,5s,test,5s_Thermococcus-celer-1
3014,5s,test,5s_Thermococcus-celer-2
3015,5s,test,5s_Thermococcus-kodakarensis-1
3016,5s,test,5s_Thermococcus-kodakarensis-2
3017,5s,test,5s_Thermomicrobium-roseum-1
3018,5s,test,5s_Thermomonospora-chromogena-1
3019,5s,test,5s_Thermomyces-lanuginosus-1
3020,5s,test,5s_Thermoplasma-acidophilum-1
3021,5s,test,5s_Thermoplasma-volcanium-1
3022,5s,test,5s_Thermotoga-maritima-1
3023,5s,test,5s_Thermotoga-neapolitana-1
3024,5s,test,5s_Thermotoga-neapolitana-2
3025,5s,test,5s_Thermotoga-petrophila-1
3026,5s,test,5s_Thermotoga-sp.-1
3027,5s,test,5s_Thermotoga-sp.-2
3028,5s,test,5s_Thermotoga-sp.-3
3029,5s,test,5s_Thermus-aquaticus-1
3030,5s,test,5s_Thermus-sp.-1
3031,5s,test,5s_Thermus-sp.-2
3032,5s,test,5s_Thermus-thermophilus-1
3033,5s,test,5s_Thermus-thermophilus-2
3034,5s,test,5s_Thermus-thermophilus-3
3035,5s,test,5s_Thiobacillus-sp.-1
3036,5s,test,5s_Thiobacillus-sp.-2
3037,5s,test,5s_Thiobacillus-thioparus-1
3038,5s,test,5s_Thiomicrospira-pelophila-1
3039,5s,test,5s_Thiomicrospira-sp.-1
3040,5s,test,5s_Thiomonas-cuprina-1
3041,5s,test,5s_Thiomonas-intermedia-1
3042,5s,test,5s_Thiomonas-perometabolis-1
3043,5s,test,5s_Thiothrix-nivea-1
3044,5s,test,5s_Thiothrix-sp.-1
3045,5s,test,5s_Thiovulum-sp.-1
3046,5s,test,5s_Thraustochytrium-visurgense-1
3047,5s,test,5s_Thraustochytrium-visurgense-2
3048,5s,test,5s_Tilletia-controversa-1
3049,5s,test,5s_Tilletiaria-anomala-1
3050,5s,test,5s_Tinca-tinca-1
3051,5s,test,5s_Tinca-tinca-2
3052,5s,test,5s_Toxoplasma-gondii-1
3053,5s,test,5s_Toxoplasma-gondii-2
3054,5s,test,5s_Tremella-encephala-1
3055,5s,test,5s_Tremella-mesenterica-1
3056,5s,test,5s_Tremella-mesenterica-2
3057,5s,test,5s_Treponema-denticola-1
3058,5s,test,5s_Tricharina-hiemalis-1
3059,5s,test,5s_Tricholoma-matsutake-1
3060,5s,test,5s_Trichoplax-adhaerens-1
3061,5s,test,5s_Trichosporonoides-oedocephalis-1
3062,5s,test,5s_Trichostrongylus-colubriformis-1
3063,5s,test,5s_Trimorphomyces-papilionaceus-1
3064,5s,test,5s_Triticum-aestivum-1
3065,5s,test,5s_Tropheryma-whipplei-1
3066,5s,test,5s_Tuberoidobacter-mutans-1
3067,5s,test,5s_Tulasnella-violea-1
3068,5s,test,5s_Ulva-pertusa-1
3069,5s,test,5s_Ureaplasma-parvum-1
3070,5s,test,5s_Ureaplasma-parvum-2
3071,5s,test,5s_Ureaplasma-parvum-3
3072,5s,test,5s_Ureaplasma-urealyticum-1
3073,5s,test,5s_Ureaplasma-urealyticum-2
3074,5s,test,5s_Ureaplasma-urealyticum-3
3075,5s,test,5s_Urechis-unicinctus-1
3076,5s,test,5s_Urocystis-primulicola-1
3077,5s,test,5s_Ustilago-hordei-1
3078,5s,test,5s_Ustilago-longissima-1
3079,5s,test,5s_Ustilago-maydis-1
3080,5s,test,5s_Ustilago-scabiosae-1
3081,5s,test,5s_Ustilentyloma-fluitans-1
3082,5s,test,5s_Uthatobasidium-fusisporum-1
3083,5s,test,5s_Verrucomicrobium-spinosum-1
3084,5s,test,5s_Vibrio-adaptatus-1
3085,5s,test,5s_Vibrio-aestuarianus-1
3086,5s,test,5s_Vibrio-alginolyticus-1
3087,5s,test,5s_Vibrio-cholerae-1
3088,5s,test,5s_Vibrio-cholerae-2
3089,5s,test,5s_Vibrio-cholerae-3
3090,5s,test,5s_Vibrio-cholerae-4
3091,5s,test,5s_Vibrio-cincinnatiensis-1
3092,5s,test,5s_Vibrio-cyclosites-1
3093,5s,test,5s_Vibrio-diazotrophicus-1
3094,5s,test,5s_Vibrio-fischeri-1
3095,5s,test,5s_Vibrio-fischeri-2
3096,5s,test,5s_Vibrio-fischeri-3
3097,5s,test,5s_Vibrio-fluvialis-1
3098,5s,test,5s_Vibrio-gazogenes-1
3099,5s,test,5s_Vibrio-harveyi-1
3100,5s,test,5s_Vibrio-harveyi-2
3101,5s,test,5s_Vibrio-logei-1
3102,5s,test,5s_Vibrio-mediterranei-1
3103,5s,test,5s_Vibrio-metschnikovii-1
3104,5s,test,5s_Vibrio-mimicus-1
3105,5s,test,5s_Vibrio-natriegens-1
3106,5s,test,5s_Vibrio-nereis-1
3107,5s,test,5s_Vibrio-ordalii-1
3108,5s,test,5s_Vibrio-parahaemolyticus-1
3109,5s,test,5s_Vibrio-parahaemolyticus-2
3110,5s,test,5s_Vibrio-parahaemolyticus-3
3111,5s,test,5s_Vibrio-parahaemolyticus-4
3112,5s,test,5s_Vibrio-parahaemolyticus-5
3113,5s,test,5s_Vibrio-parahaemolyticus-6
3114,5s,test,5s_Vibrio-proteolyticus-1
3115,5s,test,5s_Vibrio-sp.-1
3116,5s,test,5s_Vibrio-tubiashii-1
3117,5s,test,5s_Vibrio-vulnificus-1
3118,5s,test,5s_Vibrio-vulnificus-2
3119,5s,test,5s_Vibrio-vulnificus-3
3120,5s,test,5s_Vibrio-vulnificus-4
3121,5s,test,5s_Vibrio-vulnificus-5
3122,5s,test,5s_Vicia-faba-1
3123,5s,test,5s_Vitreoscilla-beggiatoides-1
3124,5s,test,5s_Vitreoscilla-filiformis-1
3125,5s,test,5s_Vitreoscilla-stercoraria-1
3126,5s,test,5s_Weissella-viridescens-1
3127,5s,test,5s_Weissella-viridescens-2
3128,5s,test,5s_Wigglesworthia-glossinidia-1
3129,5s,test,5s_Wolbachia-endosymbiont-of-B.-malayi-1
3130,5s,test,5s_Wolbachia-endosymbiont-of-D.-melanogaster-1
3131,5s,test,5s_Wolbachia-pipientis-1
3132,5s,test,5s_Wolinella-succinogenes-1
3133,5s,test,5s_Wuchereria-bancrofti-1
3134,5s,test,5s_Xanthobacter-viscosus-1
3135,5s,test,5s_Xanthomonas-axonopodis-1
3136,5s,test,5s_Xanthomonas-campestris-1
3137,5s,test,5s_Xanthomonas-oryzae-1
3138,5s,test,5s_Xenopus-borealis-1
3139,5s,test,5s_Xenopus-borealis-2
3140,5s,test,5s_Xenopus-borealis-3
3141,5s,test,5s_Xenopus-borealis-4
3142,5s,test,5s_Xenopus-laevis-1
3143,5s,test,5s_Xenopus-laevis-2
3144,5s,test,5s_Xenopus-laevis-3
3145,5s,test,5s_Xenopus-laevis-4
3146,5s,test,5s_Xenopus-laevis-5
3147,5s,test,5s_Xenopus-laevis-6
3148,5s,test,5s_Xenopus-laevis-7
3149,5s,test,5s_Xenopus-laevis-8
3150,5s,test,5s_Xenopus-laevis-9
3151,5s,test,5s_Xenopus-tropicalis-1
3152,5s,test,5s_Xenopus-tropicalis-2
3153,5s,test,5s_Xylella-fastidiosa-1
3154,5s,test,5s_Xylella-fastidiosa-2
3155,5s,test,5s_Yersinia-pestis-1
3156,5s,test,5s_Yersinia-pestis-5
3157,5s,test,5s_Yersinia-pseudotuberculosis-1
3158,5s,test,5s_Yersinia-pseudotuberculosis-3
3159,5s,test,5s_Yersinia-pseudotuberculosis-5
3160,5s,test,5s_Zea-mays-1
3161,5s,test,5s_Zygoascus-hellenicus-1
3162,5s,test,5s_Zymomonas-mobilis-1
3163,5s,test,5s_uncultured-euryarchaeote-37F11-1
3164,5s,train,RNaseP_A.brierleyi
3165,5s,train,RNaseP_A.erythreum
3166,5s,train,RNaseP_A.ferrooxidans
3167,5s,train,RNaseP_A.fulgidus
3168,5s,train,RNaseP_A.obstetricans
3169,5s,train,RNaseP_A.paspali
3170,5s,train,RNaseP_A.telluris
3171,5s,train,RNaseP_B.brevis
3172,5s,train,RNaseP_BH145
3173,5s,train,RNaseP_Buchnera-APS
3174,5s,train,RNaseP_C.crescentus
3175,5s,train,RNaseP_C.jejuni
3176,5s,train,RNaseP_C.limicola
3177,5s,train,RNaseP_C.psittaci-R54
3178,5s,train,RNaseP_CPA49
3179,5s,train,RNaseP_CPA58
3180,5s,train,RNaseP_CPA63
3181,5s,train,RNaseP_CPB139
3182,5s,train,RNaseP_CPB147
3183,5s,train,RNaseP_CPB75
3184,5s,train,RNaseP_CPB80
3185,5s,train,RNaseP_Calothrix-PCC7601
3186,5s,train,RNaseP_D.radiodurans-g
3187,5s,train,RNaseP_E.coli-JM109
3188,5s,train,RNaseP_E.faecalis
3189,5s,train,RNaseP_EF
3190,5s,train,RNaseP_EM14b-11
3191,5s,train,RNaseP_EM14b-9
3192,5s,train,RNaseP_ERE
3193,5s,train,RNaseP_ESH167F
3194,5s,train,RNaseP_ESH210B
3195,5s,train,RNaseP_ESH30-3
3196,5s,train,RNaseP_ESH46a-1
3197,5s,train,RNaseP_F.antarctica
3198,5s,train,RNaseP_F.yabuuchiae
3199,5s,train,RNaseP_G.sulfurreducens
3200,5s,train,RNaseP_H.mobilis
3201,5s,train,RNaseP_K.thermotolerans
3202,5s,train,RNaseP_L.japonicus-IFO12422
3203,5s,train,RNaseP_L.weilii
3204,5s,train,RNaseP_LGB21
3205,5s,train,RNaseP_LGB32
3206,5s,train,RNaseP_M.genitalium
3207,5s,train,RNaseP_M.thermoautotrophicumDH-g
3208,5s,train,RNaseP_M.thermolithotrophicus
3209,5s,train,RNaseP_M.tuberculosis-g
3210,5s,train,RNaseP_Mxa1
3211,5s,train,RNaseP_N.gonnorhoeae
3212,5s,train,RNaseP_N.luteus
3213,5s,train,RNaseP_N.simplex
3214,5s,train,RNaseP_Nostoc-PCC7413
3215,5s,train,RNaseP_Onchorhynchus-2
3216,5s,train,RNaseP_P.aerogenes
3217,5s,train,RNaseP_P.azotoformans
3218,5s,train,RNaseP_P.fluorescens
3219,5s,train,RNaseP_P.hollandica
3220,5s,train,RNaseP_P.innocua
3221,5s,train,RNaseP_P.maris
3222,5s,train,RNaseP_P.shigelloides
3223,5s,train,RNaseP_P.staleyi
3224,5s,train,RNaseP_P.strasburgensis
3225,5s,train,RNaseP_P.vulgaris
3226,5s,train,RNaseP_P126
3227,5s,train,RNaseP_PS27
3228,5s,train,RNaseP_PS4
3229,5s,train,RNaseP_PS6
3230,5s,train,RNaseP_Prochlorococcus-TATL2-2
3231,5s,train,RNaseP_Pseudoanabaena-PCC6903
3232,5s,train,RNaseP_R.americana-mito
3233,5s,train,RNaseP_S.caesia-K76T
3234,5s,train,RNaseP_S.caesia-SB01
3235,5s,train,RNaseP_S.caesia-SB22
3236,5s,train,RNaseP_S.japonicus
3237,5s,train,RNaseP_S.polymorpha
3238,5s,train,RNaseP_S.putrefaciens
3239,5s,train,RNaseP_SM-A02
3240,5s,train,RNaseP_SM-A04
3241,5s,train,RNaseP_SM-A05
3242,5s,train,RNaseP_SM-A0911
3243,5s,train,RNaseP_SM-A1113
3244,5s,train,RNaseP_SM-A1519
3245,5s,train,RNaseP_SM-A1621
3246,5s,train,RNaseP_SM-A2135
3247,5s,train,RNaseP_SM-A3355
3248,5s,train,RNaseP_SM-A3862
3249,5s,train,RNaseP_SM-A6296
3250,5s,train,RNaseP_SM2
3251,5s,train,RNaseP_SMB-A3
3252,5s,train,RNaseP_SMB-B4
3253,5s,train,RNaseP_Saccharomonospora-K180
3254,5s,train,RNaseP_Synechococcus-PCC7003
3255,5s,train,RNaseP_Synechocystis-PCC6803
3256,5s,train,RNaseP_T.commune
3257,5s,train,RNaseP_T.delbrueckii
3258,5s,train,RNaseP_T.pallidum
3259,5s,train,RNaseP_U.urealyticum
3260,5s,train,RNaseP_UK5
3261,5s,train,RNaseP_WB3
3262,5s,train,RNaseP_X.fastidiosa
3263,5s,train,RNaseP_Y.pestis
3264,5s,train,grp1_a.I1.b.Dermocarpa.sp.ATCC29371.C3.tMET
3265,5s,train,grp1_a.I1.b.Phormidium.sp.N182.C3.tLEU
3266,5s,train,grp1_a.I1.b.S.hofmanii.C3.tMET
3267,5s,train,grp1_a.I1.b.Synechococcus.sp2.C3.tLEU
3268,5s,train,grp1_a.I1.c.A.cherimola.C3.tLEU
3269,5s,train,grp1_a.I1.c.G.prostrata.C3.tLEU
3270,5s,train,grp1_a.I1.c.S.bicolor.C3.tLEU
3271,5s,train,grp1_a.I1.e.A.adeninivorans.C1.LSU.2449
3272,5s,train,grp1_a.I1.e.A.capsulatus.CBS213.53.C1.SSU.943
3273,5s,train,grp1_a.I1.e.A.capsulatus.FLs1.C1.SSU
3274,5s,train,grp1_a.I1.e.A.capsulatus.G184B.C1.SSU
3275,5s,train,grp1_a.I1.e.A.capsulatus.G186B.C1.SSU
3276,5s,train,grp1_a.I1.e.A.stipitatus.C1.SSU.1046
3277,5s,train,grp1_a.I1.e.B.ciliata.JCM6865.C1.SSU.1506
3278,5s,train,grp1_a.I1.e.B.ciliata.JCM6865.C1.SSU.943
3279,5s,train,grp1_a.I1.e.B.yamatoana.JCM2896.C1.SSU.1506
3280,5s,train,grp1_a.I1.e.B.yamatoana.JCM2896.C1.SSU.943
3281,5s,train,grp1_a.I1.e.C.ellipsoidea.211-1a.C1.SSU.1506
3282,5s,train,grp1_a.I1.e.C.ellipsoidea.IAMC-87.C1.SSU.1506
3283,5s,train,grp1_a.I1.e.C.grayi.UNK.SSU.1046
3284,5s,train,grp1_a.I1.e.C.grayi.UNK.SSU.1516
3285,5s,train,grp1_a.I1.e.C.merochlorophea.UNK.SSU.1046
3286,5s,train,grp1_a.I1.e.C.merochlorophea.UNK.SSU.1210
3287,5s,train,grp1_a.I1.e.C.merochlorophea.UNK.SSU.1389
3288,5s,train,grp1_a.I1.e.C.merochlorophea.UNK.SSU.1516
3289,5s,train,grp1_a.I1.e.C.saccatum.C1.SSU.1512
3290,5s,train,grp1_a.I1.e.C.saxonicum.C1.SSU.1506
3291,5s,train,grp1_a.I1.e.D.parva.C1.SSU.1512
3292,5s,train,grp1_a.I1.e.D.parva.C1.SSU.943
3293,5s,train,grp1_a.I1.e.D.salina.C1.SSU.943
3294,5s,train,grp1_a.I1.e.E.dermatitidis.C1.SSU.943
3295,5s,train,grp1_a.I1.e.G.planctonica.C1.SSU.943
3296,5s,train,grp1_a.I1.e.G.spirotaenia.C1.SSU.1506
3297,5s,train,grp1_a.I1.e.L.dispersa.UNK.SSU.1046
3298,5s,train,grp1_a.I1.e.L.dispersa.UNK.SSU.114
3299,5s,train,grp1_a.I1.e.L.dispersa.UNK.SSU.1210
3300,5s,train,grp1_a.I1.e.L.dispersa.UNK.SSU.1516
3301,5s,train,grp1_a.I1.e.L.dispersa.UNK.SSU.287
3302,5s,train,grp1_a.I1.e.L.dispersa.UNK.SSU.516
3303,5s,train,grp1_a.I1.e.L.dispersa.UNK.SSU.789
3304,5s,train,grp1_a.I1.e.M.caldariorum.C1.SSU.1506
3305,5s,train,grp1_a.I1.e.P.carinii.C1.SSU.1506
3306,5s,train,grp1_a.I1.e.P.carinii.Pc1.C1.LSU.1921
3307,5s,train,grp1_a.I1.e.P.carinii.Pc2.C1.LSU.1921
3308,5s,train,grp1_a.I1.e.P.carinii.Pc3.C1.LSU.1921
3309,5s,train,grp1_a.I1.e.P.clavariiformis.C1.SSU.943
3310,5s,train,grp1_a.I1.e.P.inouyei.C1.SSU.1506
3311,5s,train,grp1_a.I1.e.P.inouyei.C1.SSU.943
3312,5s,train,grp1_a.I1.e.P.macrosporus.C1.SSU.1506
3313,5s,train,grp1_a.I1.e.P.macrosporus.C1.SSU.943
3314,5s,train,grp1_a.I1.e.P.pachydermus.C1.SSU.943
3315,5s,train,grp1_a.I1.e.P.sarcinoidea.C1.SSU.943
3316,5s,train,grp1_a.I1.e.S.granulatum.C1.SSU.1506
3317,5s,train,grp1_a.I1.e.S.paniceum.UNK.SSU.1052
3318,5s,train,grp1_a.I1.e.S.paniceum.UNK.SSU.114
3319,5s,train,grp1_a.I1.e.S.paniceum.UNK.SSU.1210
3320,5s,train,grp1_a.I1.e.S.paniceum.UNK.SSU.1506
3321,5s,train,grp1_a.I1.e.S.paniceum.UNK.SSU.287
3322,5s,train,grp1_a.I1.e.S.sclerotiorum_1837.C1.LSU.798
3323,5s,train,grp1_a.I1.e.Staurastrum.sp.M752.C1.SSU.1506
3324,5s,train,grp1_a.I1.e.Staurastrum.sp.M753.C1.SSU.1506
3325,5s,train,grp1_a.I1.e.T.cosmopolitanis.C1.LSU.1925
3326,5s,train,grp1_a.I1.e.T.hyperangularis.C1.LSU.1925
3327,5s,train,grp1_a.I1.e.T.malaccensis.C1.LSU.1925
3328,5s,train,grp1_a.I1.e.T.pigmentosa.C1.LSU.1925
3329,5s,train,grp1_a.I1.e.U.maydis.C1.SSU.943
3330,5s,train,grp1_a.I1.m.M.grisea.B2.ND1
3331,5s,train,grp1_a.I1.m.S.luteus.A1.LSU.2504
3332,5s,train,grp1_a.I1.m.S.pombe.B1.OX1
3333,5s,train,grp1_b.I1.e.C.saccharophila.C1.SSU.156
3334,5s,train,grp1_b.I1.e.M.anisopliae.2.C1.LSU.1921
3335,5s,train,grp1_b.I1.e.M.anisopliae.3.C1.LSU.1921
3336,5s,train,grp1_b.I1.e.T.thermophila.C1.LSU.1925
3337,5s,train,grp1_s.I1.e.T.thermophila.C1.LSU.1925.schem
3338,5s,train,grp1_a.I1.b.Dermocarpa.sp.ATCC29371.C3.tMET
3339,5s,train,grp1_a.I1.b.Phormidium.sp.N182.C3.tLEU
3340,5s,train,grp1_a.I1.b.S.hofmanii.C3.tMET
3341,5s,train,grp1_a.I1.b.Synechococcus.sp2.C3.tLEU
3342,5s,train,grp1_a.I1.c.A.cherimola.C3.tLEU
3343,5s,train,grp1_a.I1.c.G.prostrata.C3.tLEU
3344,5s,train,grp1_a.I1.c.S.bicolor.C3.tLEU
3345,5s,train,grp1_a.I1.e.A.adeninivorans.C1.LSU.2449
3346,5s,train,grp1_a.I1.e.A.capsulatus.CBS213.53.C1.SSU.943
3347,5s,train,grp1_a.I1.e.A.capsulatus.FLs1.C1.SSU
3348,5s,train,grp1_a.I1.e.A.capsulatus.G184B.C1.SSU
3349,5s,train,grp1_a.I1.e.A.capsulatus.G186B.C1.SSU
3350,5s,train,grp1_a.I1.e.A.stipitatus.C1.SSU.1046
3351,5s,train,grp1_a.I1.e.B.ciliata.JCM6865.C1.SSU.1506
3352,5s,train,grp1_a.I1.e.B.ciliata.JCM6865.C1.SSU.943
3353,5s,train,grp1_a.I1.e.B.yamatoana.JCM2896.C1.SSU.1506
3354,5s,train,grp1_a.I1.e.B.yamatoana.JCM2896.C1.SSU.943
3355,5s,train,grp1_a.I1.e.C.ellipsoidea.211-1a.C1.SSU.1506
3356,5s,train,grp1_a.I1.e.C.ellipsoidea.IAMC-87.C1.SSU.1506
3357,5s,train,grp1_a.I1.e.C.grayi.UNK.SSU.1046
3358,5s,train,grp1_a.I1.e.C.grayi.UNK.SSU.1516
3359,5s,train,grp1_a.I1.e.C.merochlorophea.UNK.SSU.1046
3360,5s,train,grp1_a.I1.e.C.merochlorophea.UNK.SSU.1210
3361,5s,train,grp1_a.I1.e.C.merochlorophea.UNK.SSU.1389
3362,5s,train,grp1_a.I1.e.C.merochlorophea.UNK.SSU.1516
3363,5s,train,grp1_a.I1.e.C.saccatum.C1.SSU.1512
3364,5s,train,srp_Aede.aegy._DW714804
3365,5s,train,srp_Ajel.caps._CV620298
3366,5s,train,srp_Arab.thal._AC005275
3367,5s,train,srp_Baci.mega._D11414
3368,5s,train,srp_Baci.poly._D11421
3369,5s,train,srp_Baci.subt._D11417
3370,5s,train,srp_Baci.thur._CP000485
3371,5s,train,srp_Baci.thur._D11412
3372,5s,train,srp_Bord.pert._BX640415
3373,5s,train,srp_Brug.mala._GSP-6279
3374,5s,train,srp_Buch.aphi._AE016826
3375,5s,train,srp_Burk.pseu._CP000570
3376,5s,train,srp_Burk.pseu._CP000572
3377,5s,train,srp_Cani.spec._SDB-9616
3378,5s,train,srp_Carb.hydr._CP000141
3379,5s,train,srp_Chla.trac._AE001298
3380,5s,train,srp_Cion.inte._BW088710
3381,5s,train,srp_Clav.lusi._GSP-306902
3382,5s,train,srp_Clos.botu._AM412317
3383,5s,train,srp_Clos.kluy._CP000673
3384,5s,train,srp_Cory.jeik._CR931997
3385,5s,train,srp_Cyan.mero._AB002583
3386,5s,train,srp_Dani.reri._EH513970
3387,5s,train,srp_Dech.arom._CP000089
3388,5s,train,srp_Desu.vulg._AE017285
3389,5s,train,srp_Desu.vulg._CP000527
3390,5s,train,srp_Dros.mela._AE001572
3391,5s,train,srp_Dros.mela._AE014297
3392,5s,train,srp_Dros.mela._X01056
3393,5s,train,srp_Enta.mosh._GSP-41668
3394,5s,train,srp_Ento.sulc._AF095839
3395,5s,train,srp_Esch.coli._CP000247
3396,5s,train,srp_Esch.coli._X01074
3397,5s,train,srp_Fran.alni._CT573213
3398,5s,train,srp_Fran.tula._AJ749949
3399,5s,train,srp_Fran.tula._AM286280
3400,5s,train,srp_Geob.kaus._BA000043
3401,5s,train,srp_Halo.halo._CP000544
3402,5s,train,srp_Heli.annu._AJ828095
3403,5s,train,srp_Heli.hepa._AE017125
3404,5s,train,srp_Kluy.walt._AADM01000319
3405,5s,train,srp_Lact.acid._CP000033
3406,5s,train,srp_Lact.john._AX926712
3407,5s,train,srp_Legi.pneu._M31830
3408,5s,train,srp_Leis.dono._AY781793
3409,5s,train,srp_Leis.majo._AY722715
3410,5s,train,srp_Lodd.elon._GSP-379508
3411,5s,train,srp_Lott.giga._GSP-225164
3412,5s,train,srp_Lyco.escu._Z29104
3413,5s,train,srp_Medi.trun._BE941271
3414,5s,train,srp_Medi.trun._CT485797
3415,5s,train,srp_Meth.burt._CP000300
3416,5s,train,srp_Meth.caps._AE017282
3417,5s,train,srp_Meth.ferv._S49762
3418,5s,train,srp_Meth.maze._AE008384
3419,5s,train,srp_Mus.musc._AC126244
3420,5s,train,srp_Myco.gall._AE015450
3421,5s,train,srp_Myco.pneu._AE000044
3422,5s,train,srp_Nect.haem._GSP-71109
3423,5s,train,srp_Nost.spec._BA000019
3424,5s,train,srp_Onch.volv._AI249203
3425,5s,train,srp_Para.bras._CN241909
3426,5s,train,srp_Pers.amer._X65992
3427,5s,train,srp_Pich.stip._CP000502
3428,5s,train,srp_Plas.chab._GSP-31271
3429,5s,train,srp_Plas.falc._EF690554
3430,5s,train,srp_Plas.yoel._GSP-352914
3431,5s,train,srp_Porp.purp._U38804
3432,5s,train,srp_Pris.paci._GSP-54126
3433,5s,train,srp_Proc.mari._CP000552
3434,5s,train,srp_Proc.mari._CP000576
3435,5s,train,srp_Pseu.aeru._AE004091
3436,5s,train,srp_Pseu.halo._CR954246
3437,5s,train,srp_Pseu.syri._CP000075
3438,5s,train,srp_Psyc.sp.._CP000713
3439,5s,train,srp_Pyro.furi._AE010126
3440,5s,train,srp_Rals.meta._CP000352
3441,5s,train,srp_Ratt.norv._AA923995
3442,5s,train,srp_Salm.ente._CP000026
3443,5s,train,srp_Schi.pomb._X15220
3444,5s,train,srp_Schm.medi._GSP-79327
3445,5s,train,srp_Shew.spec._CP000444
3446,5s,train,srp_Shew.spec._CP000469
3447,5s,train,srp_Spra.loph._GSP-51541
3448,5s,train,srp_Stap.aure._BX571856
3449,5s,train,srp_Stap.aure._BX571857
3450,5s,train,srp_Stap.haem._AP006716
3451,5s,train,srp_Stap.sapr._AP008934
3452,5s,train,srp_Stre.dysg._AJ489606
3453,5s,train,srp_Stre.pneu._AE008386
3454,5s,train,srp_Ther.mari._AE000512
3455,5s,train,srp_Tric.eryt._CP000393
3456,5s,train,srp_Trit.aest._BE424647
3457,5s,train,srp_Trit.aest._X13915
3458,5s,train,srp_Volv.cart._GSP-51971-1
3459,5s,train,srp_Volv.cart._GSP-51971-2
3460,5s,train,srp_Wolb.endo._AE017321
3461,5s,train,srp_Xyle.fast._AE009442
3462,5s,train,srp_Yers.pest._AL590842
3463,5s,train,srp_Zea.mays._AY108846
3464,5s,train,tRNA_tdbR00000003-Haloferax_volcanii-2246-Ala-GGC
3465,5s,train,tRNA_tdbR00000004-Haloferax_volcanii-2246-Ala-UGC
3466,5s,train,tRNA_tdbR00000007-Bacillus_subtilis-1423-Ala-5GC
3467,5s,train,tRNA_tdbR00000010-Escherichia_coli-562-Ala-VGC
3468,5s,train,tRNA_tdbR00000022-Enterobacteria_phage_T5-10726-Asp-GUC
3469,5s,train,tRNA_tdbR00000030-Aedes_albopictus-7160-Asp-GUC
3470,5s,train,tRNA_tdbR00000032-Rattus_norvegicus-10116-Asp-GUC
3471,5s,train,tRNA_tdbR00000035-Saccharomyces_cerevisiae-4932-Asp-GUC
3472,5s,train,tRNA_tdbR00000036-Euglena_gracilis-3039-Asp-GUC
3473,5s,train,tRNA_tdbR00000041-Xenopus_laevis-8355-Asp-8UC
3474,5s,train,tRNA_tdbR00000044-Mycoplasma_capricolum-2095-Glu-UC
3475,5s,train,tRNA_tdbR00000049-Chlamydomonas_reinhardtii-3055-Glu-NUC
3476,5s,train,tRNA_tdbR00000053-Bos_taurus-9913-Glu-NUC
3477,5s,train,tRNA_tdbR00000058-Lupinus_luteus-3873-Glu-CUC
3478,5s,train,tRNA_tdbR00000059-Rattus_norvegicus-10116-Glu-3UC
3479,5s,train,tRNA_tdbR00000060-Drosophila_melanogaster-7227-Glu-2UC
3480,5s,train,tRNA_tdbR00000064-Mycoplasma_capricolum-2095-Phe-GAA
3481,5s,train,tRNA_tdbR00000065-Bacillus_subtilis-1423-Phe-AA
3482,5s,train,tRNA_tdbR00000072-Phaseolus_vulgaris-3885-Phe-GAA
3483,5s,train,tRNA_tdbR00000073-Spinacia_oleracea-3562-Phe-GAA
3484,5s,train,tRNA_tdbR00000078-Ascaris_suum-6253-Phe-GAA
3485,5s,train,tRNA_tdbR00000080-Bos_taurus-9913-Phe-GAA
3486,5s,train,tRNA_tdbR00000083-Saccharomyces_cerevisiae-4932-Phe-AA
3487,5s,train,tRNA_tdbR00000084-Saccharomyces_cerevisiae-4932-Phe-AA
3488,5s,train,tRNA_tdbR00000089-Brassica_napus-3708-Phe-AA
3489,5s,train,tRNA_tdbR00000099-Mus_musculus-10090-Phe-AA
3490,5s,train,tRNA_tdbR00000101-Mus_musculus-10090-Phe-AA
3491,5s,train,tRNA_tdbR00000103-Homo_sapiens-9606-Phe-AA
3492,5s,train,tRNA_tdbR00000104-Enterobacteria_phage_T4-10665-Gly-NCC
3493,5s,train,tRNA_tdbR00000105-Halobacterium_salinarum-2242-Gly-GCC
3494,5s,train,tRNA_tdbR00000117-Escherichia_coli-562-Gly-CCC
3495,5s,train,tRNA_tdbR00000121-Salmonella_typhimurium-602-Gly-NCC
3496,5s,train,tRNA_tdbR00000123-Saccharomyces_cerevisiae-4932-Gly-NCC
3497,5s,train,tRNA_tdbR00000132-Lupinus_luteus-3873-Gly-GCC
3498,5s,train,tRNA_tdbR00000144-Saccharomyces_cerevisiae-4932-His-GUG
3499,5s,train,tRNA_tdbR00000145-Saccharomyces_cerevisiae-4932-His-GUG
3500,5s,train,tRNA_tdbR00000152-Haloferax_volcanii-2246-Ile-NAU
3501,5s,train,tRNA_tdbR00000158-Escherichia_coli-562-Ile-GAU
3502,5s,train,tRNA_tdbR00000159-Escherichia_coli-562-Ile-GAU
3503,5s,train,tRNA_tdbR00000181-Escherichia_coli-562-Lys-SUU
3504,5s,train,tRNA_tdbR00000189-Rattus_norvegicus-10116-Lys-NUU
3505,5s,train,tRNA_tdbR00000200-Oryctolagus_cuniculus-9986-Lys-3UU
3506,5s,train,tRNA_tdbR00000205-Loligo_bleekeri-6617-Lys-NUU
3507,5s,train,tRNA_tdbR00000215-Haloferax_volcanii-2246-Leu-5AG
3508,5s,train,tRNA_tdbR00000226-Synechococcus_elongatus_PCC_6301-269084-Leu-CAG
3509,5s,train,tRNA_tdbR00000233-Phaseolus_vulgaris-3885-Leu-UA7
3510,5s,train,tRNA_tdbR00000249-Saccharomyces_cerevisiae-4932-Leu-CAA
3511,5s,train,tRNA_tdbR00000250-Saccharomyces_cerevisiae-4932-Leu-UAG
3512,5s,train,tRNA_tdbR00000251-Saccharomyces_cerevisiae-4932-Leu-UAA
3513,5s,train,tRNA_tdbR00000271-Haloferax_volcanii-2246-Met-BAU
3514,5s,train,tRNA_tdbR00000275-Thermus_thermophilus-274-Met-CAU
3515,5s,train,tRNA_tdbR00000277-Codium_fragile-3133-Met-CAU
3516,5s,train,tRNA_tdbR00000284-Saccharomyces_cerevisiae-4932-Met-CAU
3517,5s,train,tRNA_tdbR00000294-Mycoplasma_capricolum-2095-Asn-GUU
3518,5s,train,tRNA_tdbR00000295-Escherichia_coli-562-Asn-QUU
3519,5s,train,tRNA_tdbR00000296-Azospirillum_lipoferum-193-Asn-QUU
3520,5s,train,tRNA_tdbR00000298-Asterias_amurensis-7602-Asn-GUU
3521,5s,train,tRNA_tdbR00000301-Lupinus_luteus-3873-Asn-UU
3522,5s,train,tRNA_tdbR00000314-Mycoplasma_capricolum-2095-Pro-UGG
3523,5s,train,tRNA_tdbR00000316-Bacillus_subtilis-1423-Pro-5GG
3524,5s,train,tRNA_tdbR00000320-Spinacia_oleracea-3562-Pro-NGG
3525,5s,train,tRNA_tdbR00000335-Nicotiana_rustica-4093-Gln-NUG
3526,5s,train,tRNA_tdbR00000336-Aedes_albopictus-7160-Gln-NUG
3527,5s,train,tRNA_tdbR00000341-Rattus_norvegicus-10116-Gln-CUG
3528,5s,train,tRNA_tdbR00000355-Escherichia_coli-562-Arg-ICG
3529,5s,train,tRNA_tdbR00000356-Escherichia_coli-562-Arg-ICG
3530,5s,train,tRNA_tdbR00000362-Saccharomyces_cerevisiae-4932-Arg-NCU
3531,5s,train,tRNA_tdbR00000376-Bos_taurus-9913-Arg-3CP
3532,5s,train,tRNA_tdbR00000384-Mycoplasma_capricolum-2095-Ser-GCU
3533,5s,train,tRNA_tdbR00000387-Bacillus_subtilis-1423-Ser-5GA
3534,5s,train,tRNA_tdbR00000390-Escherichia_coli-562-Ser-CGA
3535,5s,train,tRNA_tdbR00000396-Saccharomyces_cerevisiae-4932-Ser-UGA
3536,5s,train,tRNA_tdbR00000399-Aedes_albopictus-7160-Ser-GCU
3537,5s,train,tRNA_tdbR00000400-Loligo_bleekeri-6617-Ser-7CU
3538,5s,train,tRNA_tdbR00000406-Saccharomyces_cerevisiae-4932-Ser-NGA
3539,5s,train,tRNA_tdbR00000407-Saccharomyces_cerevisiae-4932-Ser-IGA
3540,5s,train,tRNA_tdbR00000422-Rattus_norvegicus-10116-Ser-GCU
3541,5s,train,tRNA_tdbR00000427-Gallus_gallus-9031-Ser-UGA
3542,5s,train,tRNA_tdbR00000430-Halobacterium_salinarum-2242-Thr-GGU
3543,5s,train,tRNA_tdbR00000435-Mycoplasma_mycoides-2102-Thr-UGU
3544,5s,train,tRNA_tdbR00000460-Aedes_albopictus-7160-Val-UAC
3545,5s,train,tRNA_tdbR00000463-Bos_taurus-9913-Val-UAC
3546,5s,train,tRNA_tdbR00000480-Mycoplasma_capricolum-2095-Trp-CA
3547,5s,train,tRNA_tdbR00000485-Nicotiana_tabacum-4097-Trp-BCA
3548,5s,train,tRNA_tdbR00000486-Phaseolus_vulgaris-3885-Trp-BCA
3549,5s,train,tRNA_tdbR00000507-Bacillus_subtilis-1423-Ini-CAU
3550,5s,train,tRNA_tdbR00000510-Escherichia_coli-562-Ini-CAU
3551,5s,train,tRNA_tdbR00000516-Spinacia_oleracea-3562-Ini-CAU
3552,5s,train,tRNA_tdbR00000522-Bos_taurus-9913-Ini-AU
3553,5s,train,tRNA_tdbR00000529-Triticum_aestivum-4565-Ini-CAU
3554,5s,train,tRNA_tdbR00000534-Euphausia_superba-6819-Ini-CAU
3555,5s,train,tRNA_tdbR00000536-Salmo_salar-8030-Ini-CAU
3556,5s,train,tRNA_tdbR00000553-Asterias_amurensis-7602-Tyr-GUA
3557,5s,train,tRNA_tdbR00000556-Schizosaccharomyces_pombe-4896-Tyr-GPA
3558,5s,train,tRNA_tdbR00000559-Triticum_aestivum-4565-Tyr-GPA
3559,5s,train,tRNA_tdbR00000563-Lupinus_albus-3870-Tyr-GPA
3560,5s,train,tRNA_tdbR00000576-Leishmania_tarentolae-5689-Asp-GUC
3561,5s,train,tRNA_tdbR00000594-Ascaris_suum-6253-Leu-AA
3562,5s,train,tRNA_tdbR00000610-Caulobacter_crescentus_CB15-190650-His-GUG
3563,5s,train,tRNA_tdbR00000619-Toxoplasma_gondii-5811-Met-CAU
3564,5s,train,telomerase_AC121792.109554-109950
3565,5s,train,telomerase_AF147806.247-692
3566,5s,train,telomerase_AF221906.96-545
3567,5s,train,telomerase_AF221908.136-584
3568,5s,train,telomerase_AF221909.98-496
3569,5s,train,telomerase_AF221910.112-554
3570,5s,train,telomerase_AF221911.104-513
3571,5s,train,telomerase_AF221912.98-564
3572,5s,train,telomerase_AF221913.109-520
3573,5s,train,telomerase_AF221914.112-589
3574,5s,train,telomerase_AF221916.94-481
3575,5s,train,telomerase_AF221917.99-542
3576,5s,train,telomerase_AF221918.97-547
3577,5s,train,telomerase_AF221919.107-614
3578,5s,train,telomerase_AF221920.99-541
3579,5s,train,telomerase_AF221921.98-548
3580,5s,train,telomerase_AF221923.106-554
3581,5s,train,telomerase_AF221924.105-538
3582,5s,train,telomerase_AF221925.98-540
3583,5s,train,telomerase_AF221926.103-507
3584,5s,train,telomerase_AF221927.113-556
3585,5s,train,telomerase_AF221928.95-476
3586,5s,train,telomerase_AF221929.92-517
3587,5s,train,telomerase_AF221930.94-546
3588,5s,train,telomerase_AF221931.99-541
3589,5s,train,telomerase_AF221932.102-549
3590,5s,train,telomerase_AF221934.121-565
3591,5s,train,telomerase_AF221935.112-602
3592,5s,train,telomerase_AF221936.98-540
3593,5s,train,telomerase_AF221937.99-545
3594,5s,train,telomerase_AF221939.99-544
3595,5s,train,telomerase_AF221940.103-499
3596,5s,train,telomerase_AY058901.1-397
3597,5s,train,telomerase_AY312571.605-1069
3598,5s,train,telomerase_U85256.1-451
3599,5s,train,telomerase_AC121792.109554-109950
3600,5s,train,telomerase_AF147806.247-692
3601,5s,train,telomerase_AF221906.96-545
3602,5s,train,telomerase_AF221908.136-584
3603,5s,train,telomerase_AF221909.98-496
3604,5s,train,telomerase_AF221910.112-554
3605,5s,train,telomerase_AF221911.104-513
3606,5s,train,telomerase_AF221912.98-564
3607,5s,train,telomerase_AF221913.109-520
3608,5s,train,telomerase_AF221914.112-589
3609,5s,train,telomerase_AF221916.94-481
3610,5s,train,telomerase_AF221917.99-542
3611,5s,train,telomerase_AF221918.97-547
3612,5s,train,telomerase_AF221919.107-614
3613,5s,train,telomerase_AF221920.99-541
3614,5s,train,telomerase_AF221921.98-548
3615,5s,train,telomerase_AF221923.106-554
3616,5s,train,telomerase_AF221924.105-538
3617,5s,train,telomerase_AF221925.98-540
3618,5s,train,telomerase_AF221926.103-507
3619,5s,train,telomerase_AF221927.113-556
3620,5s,train,telomerase_AF221928.95-476
3621,5s,train,telomerase_AF221929.92-517
3622,5s,train,telomerase_AF221930.94-546
3623,5s,train,telomerase_AF221931.99-541
3624,5s,train,telomerase_AF221932.102-549
3625,5s,train,telomerase_AF221934.121-565
3626,5s,train,telomerase_AF221935.112-602
3627,5s,train,telomerase_AF221936.98-540
3628,5s,train,telomerase_AF221937.99-545
3629,5s,train,telomerase_AF221939.99-544
3630,5s,train,telomerase_AF221940.103-499
3631,5s,train,telomerase_AY058901.1-397
3632,5s,train,telomerase_AY312571.605-1069
3633,5s,train,telomerase_U85256.1-451
3634,5s,train,telomerase_AC121792.109554-109950
3635,5s,train,telomerase_AF147806.247-692
3636,5s,train,telomerase_AF221906.96-545
3637,5s,train,telomerase_AF221908.136-584
3638,5s,train,telomerase_AF221909.98-496
3639,5s,train,telomerase_AF221910.112-554
3640,5s,train,telomerase_AF221911.104-513
3641,5s,train,telomerase_AF221912.98-564
3642,5s,train,telomerase_AF221913.109-520
3643,5s,train,telomerase_AF221914.112-589
3644,5s,train,telomerase_AF221916.94-481
3645,5s,train,telomerase_AF221917.99-542
3646,5s,train,telomerase_AF221918.97-547
3647,5s,train,telomerase_AF221919.107-614
3648,5s,train,telomerase_AF221920.99-541
3649,5s,train,telomerase_AF221921.98-548
3650,5s,train,telomerase_AF221923.106-554
3651,5s,train,telomerase_AF221924.105-538
3652,5s,train,telomerase_AF221925.98-540
3653,5s,train,telomerase_AF221926.103-507
3654,5s,train,telomerase_AF221927.113-556
3655,5s,train,telomerase_AF221928.95-476
3656,5s,train,telomerase_AF221929.92-517
3657,5s,train,telomerase_AF221930.94-546
3658,5s,train,telomerase_AF221931.99-541
3659,5s,train,telomerase_AF221932.102-549
3660,5s,train,telomerase_AF221934.121-565
3661,5s,train,telomerase_AF221935.112-602
3662,5s,train,telomerase_AF221936.98-540
3663,5s,train,telomerase_AF221937.99-545
3664,5s,train,tmRNA_Acti.acti._TRW-272556_1-366
3665,5s,train,tmRNA_Acti.naes._TRW-240017_1-371
3666,5s,train,tmRNA_Anab.vari._CP000117_1-390
3667,5s,train,tmRNA_Aqui.aeol._TRW-63363_1-347
3668,5s,train,tmRNA_Azoa.spec._TRW-62928_1-378
3669,5s,train,tmRNA_Baci.G._TRW-12333_1-312
3670,5s,train,tmRNA_Baci.anth._AE016879_1-355
3671,5s,train,tmRNA_Baci.clau._AP006627_1-355
3672,5s,train,tmRNA_Bact.frag._CR626927_1-398
3673,5s,train,tmRNA_Bord.aviu._AM167904_1-406
3674,5s,train,tmRNA_Bord.bron._TRW-257310_1-387
3675,5s,train,tmRNA_Borr.gari._CP000013_1-363
3676,5s,train,tmRNA_Burk.pseu._TRW-28450_1-370
3677,5s,train,tmRNA_Camp.coli._AL111168_1-359
3678,5s,train,tmRNA_Camp.coli._TRW-306254_1-359
3679,5s,train,tmRNA_Camp.jeju._AL139078_1-356
3680,5s,train,tmRNA_Chla.pneu._AE002224_1-423
3681,5s,train,tmRNA_Chla.pneu._TRW-83558_1-426
3682,5s,train,tmRNA_Chla.trac._TRW-813-1_1-420
3683,5s,train,tmRNA_Chla.trac._TRW-813-2_1-420
3684,5s,train,tmRNA_Chlo.tepi._TRW-194439_1-404
3685,5s,train,tmRNA_Clos.acet._AE001437_1-359
3686,5s,train,tmRNA_Copr.prot._TRW-351627_1-353
3687,5s,train,tmRNA_Cyan.mero._TRW-45157_1-236
3688,5s,train,tmRNA_Cyan.para._TRW-2762_1-294
3689,5s,train,tmRNA_Desu.vulg._AE017285_1-352
3690,5s,train,tmRNA_Ente.faec._TRW-1352_1-367
3691,5s,train,tmRNA_Esch.coli._CP000468_1-363
3692,5s,train,tmRNA_Esch.coli._D90888_1-363
3693,5s,train,tmRNA_Fibr.succ._TRW-59374_1-361
3694,5s,train,tmRNA_Fran.tula._AJ749949_1-421
3695,5s,train,tmRNA_Fran.tula._AM286280_1-421
3696,5s,train,tmRNA_Gemm.obsc._TRW-214688_1-412
3697,5s,train,tmRNA_Haem.somn._CP000436_1-367
3698,5s,train,tmRNA_Heli.pylo._AE001503_1-383
3699,5s,train,tmRNA_Heli.pylo._TRW-85962_1-386
3700,5s,train,tmRNA_Kleb.pneu._TRW-272620_1-363
3701,5s,train,tmRNA_Lact.acid._CP000033_1-369
3702,5s,train,tmRNA_Lact.delb._AF440335_1-316
3703,5s,train,tmRNA_Lact.delb._TRW-321956_1-362
3704,5s,train,tmRNA_Lact.gass._TRW-1596_1-366
3705,5s,train,tmRNA_Lact.john._TRW-257314_1-367
3706,5s,train,tmRNA_Lact.lact._AF176556_1-359
3707,5s,train,tmRNA_Lact.sake._AF400065_1-370
3708,5s,train,tmRNA_Lact.sake._TRW-314315_1-370
3709,5s,train,tmRNA_Leuc.mese._TRW-1245_1-358
3710,5s,train,tmRNA_List.ivan._AF440342_1-321
3711,5s,train,tmRNA_List.mono._TRW-1639-1_1-370
3712,5s,train,tmRNA_List.wels._AF440351_1-321
3713,5s,train,tmRNA_Magn.spec._CP000471_1-366
3714,5s,train,tmRNA_Myco.arth._TRW-243272_1-394
3715,5s,train,tmRNA_Myco.bovi._TRW-1765_1-368
3716,5s,train,tmRNA_Myco.capr._S67602_1-408
3717,5s,train,tmRNA_Myco.lepr._TRW-272631_1-369
3718,5s,train,tmRNA_Myco.pneu._AE000035_1-384
3719,5s,train,tmRNA_Myco.tube._TRW-164513_1-368
3720,5s,train,tmRNA_Myco.tube._TRW-1773_1-368
3721,5s,train,tmRNA_Myxo.xant._TRW-34_1-366
3722,5s,train,tmRNA_Neis.lact._TRW-486_1-362
3723,5s,train,tmRNA_Nost.punc._TRW-63737_1-390
3724,5s,train,tmRNA_Ocea.ihey._BA000028_1-364
3725,5s,train,tmRNA_Odon.sine._Z67753_1-368
3726,5s,train,tmRNA_Paen.larv._TRW-1464_1-367
3727,5s,train,tmRNA_Pant.stew._TRW-66269_1-363
3728,5s,train,tmRNA_Past.mult._AE006115_1-367
3729,5s,train,tmRNA_Phot.asym._TRW-291112_1-364
3730,5s,train,tmRNA_Psyc.arct._CP000082_1-359
3731,5s,train,tmRNA_Psyc.cryo._CP000323_1-359
3732,5s,train,tmRNA_Rubr.gela._TRW-279263_1-372
3733,5s,train,tmRNA_Rubr.xyla._TRW-266117_1-360
3734,5s,train,tmRNA_Salm.ente._TRW-59204_1-363
3735,5s,train,tmRNA_Shew.balt._TRW-325240_1-356
3736,5s,train,tmRNA_Shew.onei._AX048560_1-355
3737,5s,train,tmRNA_Shew.spec._CP000444_1-355
3738,5s,train,tmRNA_Shig.dyse._CP000034_1-363
3739,5s,train,tmRNA_Shig.flex._AE005674_1-363
3740,5s,train,tmRNA_Soda.glos._AP008232_1-384
3741,5s,train,tmRNA_Spir.citr._AM285321_1-424
3742,5s,train,tmRNA_Stap.aure._AC074317_1-359
3743,5s,train,tmRNA_Stap.aure._BA000018_1-362
3744,5s,train,tmRNA_Stap.aure._BX571856_1-362
3745,5s,train,tmRNA_Stap.epid._TRW-1282-1_1-361
3746,5s,train,tmRNA_Stre.agal._TRW-1311_1-350
3747,5s,train,tmRNA_Stre.pneu._TRW-216600_1-348
3748,5s,train,tmRNA_Stre.sobr._TRW-246202_1-349
3749,5s,train,tmRNA_Stre.ther._CP000024_1-350
3750,5s,train,tmRNA_Synt.acid._CP000252_1-356
3751,5s,train,tmRNA_Ther.neap._TRW-309803_1-357
3752,5s,train,tmRNA_Ther.teng._AE013063_1-351
3753,5s,train,tmRNA_Thio.crun._CP000109_1-358
3754,5s,train,tmRNA_Trep.pall._TRW-243276_1-354
3755,5s,train,tmRNA_Trop.whip._BX251411_1-369
3756,5s,train,tmRNA_Xant.axon._AE011783_1-397
3757,5s,train,tmRNA_Yers.berc._TRW-349968_1-381
3758,5s,train,tmRNA_envi.sequ._TRW-32045-2_1-345
3759,5s,train,tmRNA_uncu.bact._TRW-32045-4_1-369
3760,5s,train,tmRNA_uncu.bact._TRW-72274-1_1-359
3761,5s,train,tmRNA_uncu.bact._TRW-72274-2_1-359
3762,5s,train,tmRNA_uncu.bact._TRW-80840-1_1-378
3763,5s,train,tmRNA_uncu.bact._TRW-80840-2_1-379
3764,RNaseP,train,16s_A.fulgidus_domain2
3765,RNaseP,train,16s_A.fulgidus_domain3
3766,RNaseP,train,16s_A.fulgidus_domain4
3767,RNaseP,train,16s_A.pyrophilus_domain2
3768,RNaseP,train,16s_A.pyrophilus_domain4
3769,RNaseP,train,16s_B.burgdorferi_domain2
3770,RNaseP,train,16s_B.burgdorferi_domain3
3771,RNaseP,train,16s_B.burgdorferi_domain4
3772,RNaseP,train,16s_B.subtilis_domain2
3773,RNaseP,train,16s_B.subtilis_domain3
3774,RNaseP,train,16s_B.subtilis_domain4
3775,RNaseP,train,16s_C.elegans_domain1
3776,RNaseP,train,16s_C.elegans_domain2
3777,RNaseP,train,16s_C.elegans_domain3
3778,RNaseP,train,16s_C.elegans_domain4
3779,RNaseP,train,16s_C.psittaci_domain2
3780,RNaseP,train,16s_C.psittaci_domain3
3781,RNaseP,train,16s_C.psittaci_domain4
3782,RNaseP,train,16s_C.reinhardtii.chloro_domain1
3783,RNaseP,train,16s_C.reinhardtii.chloro_domain2
3784,RNaseP,train,16s_C.reinhardtii.chloro_domain3
3785,RNaseP,train,16s_C.reinhardtii.chloro_domain4
3786,RNaseP,train,16s_C.reinhardtii.mito_domain1
3787,RNaseP,train,16s_C.reinhardtii.mito_domain2
3788,RNaseP,train,16s_C.reinhardtii.mito_domain3
3789,RNaseP,train,16s_C.reinhardtii.mito_domain4
3790,RNaseP,train,16s_D.melanogaster_domain4
3791,RNaseP,train,16s_E.coli_domain2
3792,RNaseP,train,16s_E.coli_domain3
3793,RNaseP,train,16s_E.coli_domain4
3794,RNaseP,train,16s_F.ananassa_domain3
3795,RNaseP,train,16s_F.ananassa_domain4
3796,RNaseP,train,16s_G.intestinalis_domain1
3797,RNaseP,train,16s_G.intestinalis_domain2
3798,RNaseP,train,16s_G.intestinalis_domain3
3799,RNaseP,train,16s_G.intestinalis_domain4
3800,RNaseP,train,16s_H.sapiens.mito_domain1
3801,RNaseP,train,16s_H.sapiens.mito_domain2
3802,RNaseP,train,16s_H.sapiens.mito_domain3
3803,RNaseP,train,16s_H.sapiens.mito_domain4
3804,RNaseP,train,16s_H.sapiens_domain3
3805,RNaseP,train,16s_H.sapiens_domain4
3806,RNaseP,train,16s_H.volcanii_domain1
3807,RNaseP,train,16s_H.volcanii_domain2
3808,RNaseP,train,16s_H.volcanii_domain3
3809,RNaseP,train,16s_H.volcanii_domain4
3810,RNaseP,train,16s_M.polymorpha_domain2
3811,RNaseP,train,16s_M.polymorpha_domain3
3812,RNaseP,train,16s_M.polymorpha_domain4
3813,RNaseP,train,16s_P.occultum_domain2
3814,RNaseP,train,16s_P.occultum_domain3
3815,RNaseP,train,16s_P.occultum_domain4
3816,RNaseP,train,16s_P.staleyi_domain2
3817,RNaseP,train,16s_P.staleyi_domain3
3818,RNaseP,train,16s_P.staleyi_domain4
3819,RNaseP,train,16s_S.cerevisiae_domain3
3820,RNaseP,train,16s_S.cerevisiae_domain4
3821,RNaseP,train,16s_T.gondii_domain3
3822,RNaseP,train,16s_T.gondii_domain4
3823,RNaseP,train,16s_T.maritima_domain2
3824,RNaseP,train,16s_T.maritima_domain3
3825,RNaseP,train,16s_T.maritima_domain4
3826,RNaseP,train,16s_Z.mays_domain1
3827,RNaseP,train,16s_Z.mays_domain2
3828,RNaseP,train,16s_Z.mays_domain3
3829,RNaseP,train,16s_Z.mays_domain4
3830,RNaseP,train,16s_A.fulgidus_domain2
3831,RNaseP,train,16s_A.fulgidus_domain3
3832,RNaseP,train,16s_A.fulgidus_domain4
3833,RNaseP,train,16s_A.pyrophilus_domain2
3834,RNaseP,train,16s_A.pyrophilus_domain4
3835,RNaseP,train,16s_B.burgdorferi_domain2
3836,RNaseP,train,16s_B.burgdorferi_domain3
3837,RNaseP,train,16s_B.burgdorferi_domain4
3838,RNaseP,train,16s_B.subtilis_domain2
3839,RNaseP,train,16s_B.subtilis_domain3
3840,RNaseP,train,16s_B.subtilis_domain4
3841,RNaseP,train,16s_C.elegans_domain1
3842,RNaseP,train,16s_C.elegans_domain2
3843,RNaseP,train,16s_C.elegans_domain3
3844,RNaseP,train,16s_C.elegans_domain4
3845,RNaseP,train,16s_C.psittaci_domain2
3846,RNaseP,train,16s_C.psittaci_domain3
3847,RNaseP,train,16s_C.psittaci_domain4
3848,RNaseP,train,16s_C.reinhardtii.chloro_domain1
3849,RNaseP,train,16s_C.reinhardtii.chloro_domain2
3850,RNaseP,train,16s_C.reinhardtii.chloro_domain3
3851,RNaseP,train,16s_C.reinhardtii.chloro_domain4
3852,RNaseP,train,16s_C.reinhardtii.mito_domain1
3853,RNaseP,train,16s_C.reinhardtii.mito_domain2
3854,RNaseP,train,16s_C.reinhardtii.mito_domain3
3855,RNaseP,train,16s_C.reinhardtii.mito_domain4
3856,RNaseP,train,16s_D.melanogaster_domain4
3857,RNaseP,train,16s_E.coli_domain2
3858,RNaseP,train,16s_E.coli_domain3
3859,RNaseP,train,16s_E.coli_domain4
3860,RNaseP,train,16s_F.ananassa_domain3
3861,RNaseP,train,16s_F.ananassa_domain4
3862,RNaseP,train,16s_G.intestinalis_domain1
3863,RNaseP,train,16s_G.intestinalis_domain2
3864,RNaseP,train,23s_B.subtilis_domain3
3865,RNaseP,train,23s_B.subtilis_domain4
3866,RNaseP,train,23s_B.subtilis_domain6
3867,RNaseP,train,23s_E.coli_domain3
3868,RNaseP,train,23s_E.coli_domain4
3869,RNaseP,train,23s_E.coli_domain6
3870,RNaseP,train,23s_H.pylori_domain3
3871,RNaseP,train,23s_H.pylori_domain4
3872,RNaseP,train,23s_H.pylori_domain6
3873,RNaseP,train,23s_S.aureus_domain3
3874,RNaseP,train,23s_S.aureus_domain4
3875,RNaseP,train,23s_S.aureus_domain6
3876,RNaseP,train,23s_T.thermophilus_domain3
3877,RNaseP,train,23s_T.thermophilus_domain4
3878,RNaseP,train,23s_T.thermophilus_domain6
3879,RNaseP,train,23s_B.subtilis_domain3
3880,RNaseP,train,23s_B.subtilis_domain4
3881,RNaseP,train,23s_B.subtilis_domain6
3882,RNaseP,train,23s_E.coli_domain3
3883,RNaseP,train,23s_E.coli_domain4
3884,RNaseP,train,23s_E.coli_domain6
3885,RNaseP,train,23s_H.pylori_domain3
3886,RNaseP,train,23s_H.pylori_domain4
3887,RNaseP,train,23s_H.pylori_domain6
3888,RNaseP,train,23s_S.aureus_domain3
3889,RNaseP,train,23s_S.aureus_domain4
3890,RNaseP,train,23s_S.aureus_domain6
3891,RNaseP,train,23s_T.thermophilus_domain3
3892,RNaseP,train,23s_T.thermophilus_domain4
3893,RNaseP,train,23s_T.thermophilus_domain6
3894,RNaseP,train,23s_B.subtilis_domain3
3895,RNaseP,train,23s_B.subtilis_domain4
3896,RNaseP,train,23s_B.subtilis_domain6
3897,RNaseP,train,23s_E.coli_domain3
3898,RNaseP,train,23s_E.coli_domain4
3899,RNaseP,train,23s_E.coli_domain6
3900,RNaseP,train,23s_H.pylori_domain3
3901,RNaseP,train,23s_H.pylori_domain4
3902,RNaseP,train,23s_H.pylori_domain6
3903,RNaseP,train,23s_S.aureus_domain3
3904,RNaseP,train,23s_S.aureus_domain4
3905,RNaseP,train,23s_S.aureus_domain6
3906,RNaseP,train,23s_T.thermophilus_domain3
3907,RNaseP,train,23s_T.thermophilus_domain4
3908,RNaseP,train,23s_T.thermophilus_domain6
3909,RNaseP,train,23s_B.subtilis_domain3
3910,RNaseP,train,23s_B.subtilis_domain4
3911,RNaseP,train,23s_B.subtilis_domain6
3912,RNaseP,train,23s_E.coli_domain3
3913,RNaseP,train,23s_E.coli_domain4
3914,RNaseP,train,23s_E.coli_domain6
3915,RNaseP,train,23s_H.pylori_domain3
3916,RNaseP,train,23s_H.pylori_domain4
3917,RNaseP,train,23s_H.pylori_domain6
3918,RNaseP,train,23s_S.aureus_domain3
3919,RNaseP,train,23s_S.aureus_domain4
3920,RNaseP,train,23s_S.aureus_domain6
3921,RNaseP,train,23s_T.thermophilus_domain3
3922,RNaseP,train,23s_T.thermophilus_domain4
3923,RNaseP,train,23s_T.thermophilus_domain6
3924,RNaseP,train,23s_B.subtilis_domain3
3925,RNaseP,train,23s_B.subtilis_domain4
3926,RNaseP,train,23s_B.subtilis_domain6
3927,RNaseP,train,23s_E.coli_domain3
3928,RNaseP,train,23s_E.coli_domain4
3929,RNaseP,train,23s_E.coli_domain6
3930,RNaseP,train,23s_H.pylori_domain3
3931,RNaseP,train,23s_H.pylori_domain4
3932,RNaseP,train,23s_H.pylori_domain6
3933,RNaseP,train,23s_S.aureus_domain3
3934,RNaseP,train,23s_S.aureus_domain4
3935,RNaseP,train,23s_S.aureus_domain6
3936,RNaseP,train,23s_T.thermophilus_domain3
3937,RNaseP,train,23s_T.thermophilus_domain4
3938,RNaseP,train,23s_T.thermophilus_domain6
3939,RNaseP,train,23s_B.subtilis_domain3
3940,RNaseP,train,23s_B.subtilis_domain4
3941,RNaseP,train,23s_B.subtilis_domain6
3942,RNaseP,train,23s_E.coli_domain3
3943,RNaseP,train,23s_E.coli_domain4
3944,RNaseP,train,23s_E.coli_domain6
3945,RNaseP,train,23s_H.pylori_domain3
3946,RNaseP,train,23s_H.pylori_domain4
3947,RNaseP,train,23s_H.pylori_domain6
3948,RNaseP,train,23s_S.aureus_domain3
3949,RNaseP,train,23s_S.aureus_domain4
3950,RNaseP,train,23s_S.aureus_domain6
3951,RNaseP,train,23s_T.thermophilus_domain3
3952,RNaseP,train,23s_T.thermophilus_domain4
3953,RNaseP,train,23s_T.thermophilus_domain6
3954,RNaseP,train,23s_B.subtilis_domain3
3955,RNaseP,train,23s_B.subtilis_domain4
3956,RNaseP,train,23s_B.subtilis_domain6
3957,RNaseP,train,23s_E.coli_domain3
3958,RNaseP,train,23s_E.coli_domain4
3959,RNaseP,train,23s_E.coli_domain6
3960,RNaseP,train,23s_H.pylori_domain3
3961,RNaseP,train,23s_H.pylori_domain4
3962,RNaseP,train,23s_H.pylori_domain6
3963,RNaseP,train,23s_S.aureus_domain3
3964,RNaseP,train,5s_Agrobacterium-tumefaciens-7
3965,RNaseP,train,5s_Alcaligenes-faecalis-2
3966,RNaseP,train,5s_Antheraea-pernyi-1
3967,RNaseP,train,5s_Arthrobacter-polychromogenes-1
3968,RNaseP,train,5s_Asellus-aquaticus-2
3969,RNaseP,train,5s_Aspergillus-versicolor-1
3970,RNaseP,train,5s_Bacillus-anthracis-3
3971,RNaseP,train,5s_Bacillus-cereus-1
3972,RNaseP,train,5s_Bacillus-cereus-10
3973,RNaseP,train,5s_Bacillus-licheniformis-1
3974,RNaseP,train,5s_Bacillus-methanolicus-7
3975,RNaseP,train,5s_Bacillus-methanolicus-9
3976,RNaseP,train,5s_Basidiobolus-magnus-1
3977,RNaseP,train,5s_Blastocladiella-simplex-1
3978,RNaseP,train,5s_Bullera-alba-1
3979,RNaseP,train,5s_Burkholderia-mallei-1
3980,RNaseP,train,5s_Candidatus-Tremblaya-princeps-1
3981,RNaseP,train,5s_Cerastoderma-glaucum-1
3982,RNaseP,train,5s_Coleosporium-tussilaginis-1
3983,RNaseP,train,5s_Comamonas-terrigena-1
3984,RNaseP,train,5s_Corynebacterium-variabile-1
3985,RNaseP,train,5s_Corynebacterium-xerosis-2
3986,RNaseP,train,5s_Cryptococcus-bacillisporus-1
3987,RNaseP,train,5s_Daphnia-magna-1
3988,RNaseP,train,5s_Deinococcus-radiophilus-1
3989,RNaseP,train,5s_Desulfurococcus-mobilis-1
3990,RNaseP,train,5s_Dichelobacter-nodosus-1
3991,RNaseP,train,5s_Dipsacomyces-acuminosporus-1
3992,RNaseP,train,5s_Erysipelothrix-rhusiopathiae-1
3993,RNaseP,train,5s_Esch_coli5B
3994,RNaseP,train,5s_Euplotes-vannus-1
3995,RNaseP,train,5s_Fluoribacter-bozemanae-1
3996,RNaseP,train,5s_Frankia-sp.-3
3997,RNaseP,train,5s_Fusarium-culmorum-4
3998,RNaseP,train,5s_Genistelloides-hibernus-1
3999,RNaseP,train,5s_Geobacillus-kaustophilus-7
4000,RNaseP,train,5s_Halobacterium-sp.-1
4001,RNaseP,train,5s_Hyphomicrobium-sp.-6
4002,RNaseP,train,5s_Legionella-pneumophila-1
4003,RNaseP,train,5s_Leuconostoc-mesenteroides-1
4004,RNaseP,train,5s_Linderina-macrospora-1
4005,RNaseP,train,5s_Listeria-ivanovii-1
4006,RNaseP,train,5s_Locusta-migratoria-1
4007,RNaseP,train,5s_Medicago-sativa-1
4008,RNaseP,train,5s_Meloidogyne-chitwoodi-1
4009,RNaseP,train,5s_Methanococcus-voltae-2
4010,RNaseP,train,5s_Methanothermobacter-thermautotrophicus-3
4011,RNaseP,train,5s_Microtetraspora-glauca-1
4012,RNaseP,train,5s_Mycoplasma-mobile-1
4013,RNaseP,train,5s_Mycoplasma-mycoides-1
4014,RNaseP,train,5s_Mycoplasma-mycoides-3
4015,RNaseP,train,5s_Mycoplasma-penetrans-1
4016,RNaseP,train,5s_Myxococcus-coralloides-1
4017,RNaseP,train,5s_Neurospora-crassa-10
4018,RNaseP,train,5s_Neurospora-crassa-13
4019,RNaseP,train,5s_Nitella-flexilis-1
4020,RNaseP,train,5s_Paracentrotus-lividus-1
4021,RNaseP,train,5s_Paracoccus-denitrificans-1
4022,RNaseP,train,5s_Phaffia-rhodozyma-1
4023,RNaseP,train,5s_Pichia-angusta-1
4024,RNaseP,train,5s_Pichia-jadinii-2
4025,RNaseP,train,5s_Pichia-membranifaciens-1
4026,RNaseP,train,5s_Pinus-contorta-1
4027,RNaseP,train,5s_Planobispora-longispora-1
4028,RNaseP,train,5s_Pseudomonas-fluorescens-1
4029,RNaseP,train,5s_Pseudomonas-fluorescens-3
4030,RNaseP,train,5s_Pseudomonas-fluorescens-4
4031,RNaseP,train,5s_Ralstonia-solanacearum-1
4032,RNaseP,train,5s_Rana-catesbeiana-1
4033,RNaseP,train,5s_Rana-pipiens-1
4034,RNaseP,train,5s_Renibacterium-salmoninarum-1
4035,RNaseP,train,5s_Renobacter-vaculatum-1
4036,RNaseP,train,5s_Rhizoctonia-globularis-1
4037,RNaseP,train,5s_Rickettsia-conorii-1
4038,RNaseP,train,5s_Rickettsia-moozeri-1
4039,RNaseP,train,5s_Salmonella-enterica-3
4040,RNaseP,train,5s_Salmonella-enterica-4
4041,RNaseP,train,5s_Salmonella-enterica-7
4042,RNaseP,train,5s_Saprospira-grandis-1
4043,RNaseP,train,5s_Shewanella-colwelliana-1
4044,RNaseP,train,5s_Spiroplasma-melliferum-1
4045,RNaseP,train,5s_Starkeya-novella-1
4046,RNaseP,train,5s_Stella-humosa-1
4047,RNaseP,train,5s_Streptococcus-mutans-3
4048,RNaseP,train,5s_Streptococcus-pneumoniae-2
4049,RNaseP,train,5s_Streptomyces-avermitilis-1
4050,RNaseP,train,5s_Thermoactinomyces-vulgaris-1
4051,RNaseP,train,5s_Thermoplasma-acidophilum-1
4052,RNaseP,train,5s_Thermus-aquaticus-1
4053,RNaseP,train,5s_Thermus-thermophilus-1
4054,RNaseP,train,5s_Thiovulum-sp.-1
4055,RNaseP,train,5s_Tinca-tinca-1
4056,RNaseP,train,5s_Vibrio-cholerae-3
4057,RNaseP,train,5s_Vibrio-fischeri-1
4058,RNaseP,train,5s_Vibrio-mediterranei-1
4059,RNaseP,train,5s_Vicia-faba-1
4060,RNaseP,train,5s_Vitreoscilla-beggiatoides-1
4061,RNaseP,train,5s_Wolbachia-endosymbiont-of-D.-melanogaster-1
4062,RNaseP,train,5s_Xanthomonas-campestris-1
4063,RNaseP,train,5s_Xenopus-laevis-7
4064,RNaseP,test,RNaseP_A.ambivalens
4065,RNaseP,test,RNaseP_A.brierleyi
4066,RNaseP,test,RNaseP_A.chroococcum
4067,RNaseP,test,RNaseP_A.erythreum
4068,RNaseP,test,RNaseP_A.eutrophus
4069,RNaseP,test,RNaseP_A.fastidiosum
4070,RNaseP,test,RNaseP_A.ferrooxidans
4071,RNaseP,test,RNaseP_A.ferrooxidans-g
4072,RNaseP,test,RNaseP_A.fulgidus
4073,RNaseP,test,RNaseP_A.laidlawii
4074,RNaseP,test,RNaseP_A.macrocytogenes123
4075,RNaseP,test,RNaseP_A.nidulans
4076,RNaseP,test,RNaseP_A.obstetricans
4077,RNaseP,test,RNaseP_A.paspali
4078,RNaseP,test,RNaseP_A.pernix
4079,RNaseP,test,RNaseP_A.salinestris-184
4080,RNaseP,test,RNaseP_A.telluris
4081,RNaseP,test,RNaseP_A.truei
4082,RNaseP,test,RNaseP_A.tumefaciens
4083,RNaseP,test,RNaseP_A.vinlandii-CA
4084,RNaseP,test,RNaseP_Anabaena-ATCC29413
4085,RNaseP,test,RNaseP_Anabaena-PCC7120
4086,RNaseP,test,RNaseP_B.anthracis
4087,RNaseP,test,RNaseP_B.brevis
4088,RNaseP,test,RNaseP_B.bronchiseptica
4089,RNaseP,test,RNaseP_B.bufo
4090,RNaseP,test,RNaseP_B.burgdorferi
4091,RNaseP,test,RNaseP_B.burgdorferi-g
4092,RNaseP,test,RNaseP_B.calamita
4093,RNaseP,test,RNaseP_B.halodurans
4094,RNaseP,test,RNaseP_B.hermsii
4095,RNaseP,test,RNaseP_B.megaterium
4096,RNaseP,test,RNaseP_B.pertussis
4097,RNaseP,test,RNaseP_B.stearothermophilus
4098,RNaseP,test,RNaseP_B.subtilis
4099,RNaseP,test,RNaseP_B.subtilis-g
4100,RNaseP,test,RNaseP_B.thetaiotaomicron
4101,RNaseP,test,RNaseP_BH145
4102,RNaseP,test,RNaseP_Buchnera-APS
4103,RNaseP,test,RNaseP_C.acetobutylicum
4104,RNaseP,test,RNaseP_C.aurantiacus
4105,RNaseP,test,RNaseP_C.crescentus
4106,RNaseP,test,RNaseP_C.difficile
4107,RNaseP,test,RNaseP_C.diphtheriae
4108,RNaseP,test,RNaseP_C.hydrogenoformans
4109,RNaseP,test,RNaseP_C.innocuum
4110,RNaseP,test,RNaseP_C.jejuni
4111,RNaseP,test,RNaseP_C.limicola
4112,RNaseP,test,RNaseP_C.muridarum-g
4113,RNaseP,test,RNaseP_C.opuntiae
4114,RNaseP,test,RNaseP_C.paradoxa-cyanelle
4115,RNaseP,test,RNaseP_C.pecorum-IPA
4116,RNaseP,test,RNaseP_C.pneumoniae
4117,RNaseP,test,RNaseP_C.pneumoniae-AR39
4118,RNaseP,test,RNaseP_C.pneumoniae-CWL029
4119,RNaseP,test,RNaseP_C.psittaci
4120,RNaseP,test,RNaseP_C.psittaci-2
4121,RNaseP,test,RNaseP_C.psittaci-R54
4122,RNaseP,test,RNaseP_C.sporogenes
4123,RNaseP,test,RNaseP_C.tepidum
4124,RNaseP,test,RNaseP_C.tepidum-g
4125,RNaseP,test,RNaseP_C.testosteroni
4126,RNaseP,test,RNaseP_C.trachomatis
4127,RNaseP,test,RNaseP_C.trachomatis-2
4128,RNaseP,test,RNaseP_C.trachomatis-D
4129,RNaseP,test,RNaseP_C.vinosum
4130,RNaseP,test,RNaseP_CPA49
4131,RNaseP,test,RNaseP_CPA54
4132,RNaseP,test,RNaseP_CPA56
4133,RNaseP,test,RNaseP_CPA58
4134,RNaseP,test,RNaseP_CPA59
4135,RNaseP,test,RNaseP_CPA61
4136,RNaseP,test,RNaseP_CPA62
4137,RNaseP,test,RNaseP_CPA63
4138,RNaseP,test,RNaseP_CPB139
4139,RNaseP,test,RNaseP_CPB141
4140,RNaseP,test,RNaseP_CPB144
4141,RNaseP,test,RNaseP_CPB147
4142,RNaseP,test,RNaseP_CPB149
4143,RNaseP,test,RNaseP_CPB69
4144,RNaseP,test,RNaseP_CPB70
4145,RNaseP,test,RNaseP_CPB72
4146,RNaseP,test,RNaseP_CPB73
4147,RNaseP,test,RNaseP_CPB74
4148,RNaseP,test,RNaseP_CPB75
4149,RNaseP,test,RNaseP_CPB7776
4150,RNaseP,test,RNaseP_CPB80
4151,RNaseP,test,RNaseP_CPB86
4152,RNaseP,test,RNaseP_Calothrix-PCC7601
4153,RNaseP,test,RNaseP_D.desulfuricans
4154,RNaseP,test,RNaseP_D.jeanneae
4155,RNaseP,test,RNaseP_D.radiodurans
4156,RNaseP,test,RNaseP_D.radiodurans-g
4157,RNaseP,test,RNaseP_D.vulgaris
4158,RNaseP,test,RNaseP_DU1
4159,RNaseP,test,RNaseP_Dermocarpa-PCC7437
4160,RNaseP,test,RNaseP_E.agglomerulans
4161,RNaseP,test,RNaseP_E.asper
4162,RNaseP,test,RNaseP_E.coli
4163,RNaseP,test,RNaseP_E.coli-JM109
4164,RNaseP,test,RNaseP_E.coli-g
4165,RNaseP,test,RNaseP_E.eschscholtzii-1
4166,RNaseP,test,RNaseP_E.eschscholtzii-2
4167,RNaseP,test,RNaseP_E.eschsholtzii
4168,RNaseP,test,RNaseP_E.faecalis
4169,RNaseP,test,RNaseP_E.faecalis-2
4170,RNaseP,test,RNaseP_E.thermomarinus
4171,RNaseP,test,RNaseP_E1B
4172,RNaseP,test,RNaseP_EF
4173,RNaseP,test,RNaseP_EM14b-11
4174,RNaseP,test,RNaseP_EM14b-9
4175,RNaseP,test,RNaseP_ERE
4176,RNaseP,test,RNaseP_ERH
4177,RNaseP,test,RNaseP_ESH167E
4178,RNaseP,test,RNaseP_ESH167F
4179,RNaseP,test,RNaseP_ESH17b-7
4180,RNaseP,test,RNaseP_ESH183A
4181,RNaseP,test,RNaseP_ESH183D
4182,RNaseP,test,RNaseP_ESH20b-1
4183,RNaseP,test,RNaseP_ESH20b-4
4184,RNaseP,test,RNaseP_ESH210B
4185,RNaseP,test,RNaseP_ESH212C
4186,RNaseP,test,RNaseP_ESH21b-4
4187,RNaseP,test,RNaseP_ESH26-4
4188,RNaseP,test,RNaseP_ESH30-3
4189,RNaseP,test,RNaseP_ESH46a-1
4190,RNaseP,test,RNaseP_ESH7-16
4191,RNaseP,test,RNaseP_ESH7-4
4192,RNaseP,test,RNaseP_ESH7-9
4193,RNaseP,test,RNaseP_F.antarctica
4194,RNaseP,test,RNaseP_F.mortiferum
4195,RNaseP,test,RNaseP_F.yabuuchiae
4196,RNaseP,test,RNaseP_Fischerella-UTEX1829
4197,RNaseP,test,RNaseP_G.gorilla
4198,RNaseP,test,RNaseP_G.sulfurreducens
4199,RNaseP,test,RNaseP_H.aurantiacus
4200,RNaseP,test,RNaseP_H.chlorum
4201,RNaseP,test,RNaseP_H.chlorum-partial
4202,RNaseP,test,RNaseP_H.cutirubrum
4203,RNaseP,test,RNaseP_H.influenza
4204,RNaseP,test,RNaseP_H.mobilis
4205,RNaseP,test,RNaseP_H.morrhuae
4206,RNaseP,test,RNaseP_H.pylori-26695
4207,RNaseP,test,RNaseP_H.pylori-48K
4208,RNaseP,test,RNaseP_H.pylori-J99
4209,RNaseP,test,RNaseP_H.pylori-RU1
4210,RNaseP,test,RNaseP_H.sapiens
4211,RNaseP,test,RNaseP_H.trapanicum
4212,RNaseP,test,RNaseP_H.volcanii
4213,RNaseP,test,RNaseP_Halobacterium-NRC1
4214,RNaseP,test,RNaseP_I.calvum
4215,RNaseP,test,RNaseP_K.pneumoniae
4216,RNaseP,test,RNaseP_K.polysporus
4217,RNaseP,test,RNaseP_K.thermotolerans
4218,RNaseP,test,RNaseP_L.acidophilus
4219,RNaseP,test,RNaseP_L.borgpetersenii
4220,RNaseP,test,RNaseP_L.ferrooxidans-CF
4221,RNaseP,test,RNaseP_L.ferrooxidans-MK
4222,RNaseP,test,RNaseP_L.japonicus-IFO12422
4223,RNaseP,test,RNaseP_L.japonicus-IFO15385
4224,RNaseP,test,RNaseP_L.muta-1
4225,RNaseP,test,RNaseP_L.muta-2
4226,RNaseP,test,RNaseP_L.weilii
4227,RNaseP,test,RNaseP_LGA1
4228,RNaseP,test,RNaseP_LGA10
4229,RNaseP,test,RNaseP_LGA2
4230,RNaseP,test,RNaseP_LGA6
4231,RNaseP,test,RNaseP_LGA8
4232,RNaseP,test,RNaseP_LGB21
4233,RNaseP,test,RNaseP_LGB23
4234,RNaseP,test,RNaseP_LGB27
4235,RNaseP,test,RNaseP_LGB32
4236,RNaseP,test,RNaseP_LGB41
4237,RNaseP,test,RNaseP_LGB5
4238,RNaseP,test,RNaseP_LGW113
4239,RNaseP,test,RNaseP_LGW116
4240,RNaseP,test,RNaseP_LGW17
4241,RNaseP,test,RNaseP_LGW18
4242,RNaseP,test,RNaseP_LGW23
4243,RNaseP,test,RNaseP_LGW46
4244,RNaseP,test,RNaseP_M.avium
4245,RNaseP,test,RNaseP_M.barkeri
4246,RNaseP,test,RNaseP_M.bovis
4247,RNaseP,test,RNaseP_M.capricolum
4248,RNaseP,test,RNaseP_M.fermentans
4249,RNaseP,test,RNaseP_M.fervidus
4250,RNaseP,test,RNaseP_M.flocculare
4251,RNaseP,test,RNaseP_M.formicicum
4252,RNaseP,test,RNaseP_M.genitalium
4253,RNaseP,test,RNaseP_M.hyopneumoniae
4254,RNaseP,test,RNaseP_M.jannaschii
4255,RNaseP,test,RNaseP_M.leprae
4256,RNaseP,test,RNaseP_M.luteus
4257,RNaseP,test,RNaseP_M.maripaludus
4258,RNaseP,test,RNaseP_M.phosphovorus-JCM9379
4259,RNaseP,test,RNaseP_M.phosphovorus-JCM9380
4260,RNaseP,test,RNaseP_M.pneumoniae
4261,RNaseP,test,RNaseP_M.sedula
4262,RNaseP,test,RNaseP_M.thermoautotrophicum-DH
4263,RNaseP,test,RNaseP_M.thermoautotrophicumDH-2
4264,RNaseP,test,RNaseP_M.thermoautotrophicumDH-g
4265,RNaseP,test,RNaseP_M.thermoautotrphicumMarb
4266,RNaseP,test,RNaseP_M.thermolithotrophicus
4267,RNaseP,test,RNaseP_M.tuberculosis
4268,RNaseP,test,RNaseP_M.tuberculosis-g
4269,RNaseP,test,RNaseP_M.vannielli
4270,RNaseP,test,RNaseP_M.xanthus
4271,RNaseP,test,RNaseP_Mxa1
4272,RNaseP,test,RNaseP_N.albus
4273,RNaseP,test,RNaseP_N.europaea
4274,RNaseP,test,RNaseP_N.flavus
4275,RNaseP,test,RNaseP_N.fulvus-JCM3335
4276,RNaseP,test,RNaseP_N.fulvus-KCTC9580
4277,RNaseP,test,RNaseP_N.gonnorhoeae
4278,RNaseP,test,RNaseP_N.gregoryi
4279,RNaseP,test,RNaseP_N.jensenii
4280,RNaseP,test,RNaseP_N.luteus
4281,RNaseP,test,RNaseP_N.meningitidis-Z2491
4282,RNaseP,test,RNaseP_N.meningtidis-MC58
4283,RNaseP,test,RNaseP_N.olivacea-chloroplast
4284,RNaseP,test,RNaseP_N.plantarum
4285,RNaseP,test,RNaseP_N.pyridinolyticus
4286,RNaseP,test,RNaseP_N.simplex
4287,RNaseP,test,RNaseP_Nocardiodes-ATCC39419
4288,RNaseP,test,RNaseP_Nocardiodes-NSP41
4289,RNaseP,test,RNaseP_Nostoc-PCC6705
4290,RNaseP,test,RNaseP_Nostoc-PCC7107
4291,RNaseP,test,RNaseP_Nostoc-PCC7413
4292,RNaseP,test,RNaseP_Onchorhynchus-1
4293,RNaseP,test,RNaseP_Onchorhynchus-2
4294,RNaseP,test,RNaseP_Onchorhynchus-sp-1
4295,RNaseP,test,RNaseP_Onchorhynchus-sp-2
4296,RNaseP,test,RNaseP_Oscillatoria-PCC7515
4297,RNaseP,test,RNaseP_P.abyssi
4298,RNaseP,test,RNaseP_P.acanthamoebae
4299,RNaseP,test,RNaseP_P.aerogenes
4300,RNaseP,test,RNaseP_P.aeruginosa
4301,RNaseP,test,RNaseP_P.alcalifaciens
4302,RNaseP,test,RNaseP_P.azotoformans
4303,RNaseP,test,RNaseP_P.canadensis
4304,RNaseP,test,RNaseP_P.cultripes
4305,RNaseP,test,RNaseP_P.douglassii
4306,RNaseP,test,RNaseP_P.fluorescens
4307,RNaseP,test,RNaseP_P.furiosus
4308,RNaseP,test,RNaseP_P.furiosus-2
4309,RNaseP,test,RNaseP_P.gingivalis
4310,RNaseP,test,RNaseP_P.guilliermondii
4311,RNaseP,test,RNaseP_P.hollandica
4312,RNaseP,test,RNaseP_P.horikoshi
4313,RNaseP,test,RNaseP_P.innocua
4314,RNaseP,test,RNaseP_P.marinus
4315,RNaseP,test,RNaseP_P.marinus-2
4316,RNaseP,test,RNaseP_P.maris
4317,RNaseP,test,RNaseP_P.mississippiensis
4318,RNaseP,test,RNaseP_P.purpurea-chloroplast
4319,RNaseP,test,RNaseP_P.putida
4320,RNaseP,test,RNaseP_P.pygmaeus
4321,RNaseP,test,RNaseP_P.shigelloides
4322,RNaseP,test,RNaseP_P.staleyi
4323,RNaseP,test,RNaseP_P.strasburgensis
4324,RNaseP,test,RNaseP_P.stutzeri
4325,RNaseP,test,RNaseP_P.troglodytes
4326,RNaseP,test,RNaseP_P.vulgaris
4327,RNaseP,test,RNaseP_P126
4328,RNaseP,test,RNaseP_P131
4329,RNaseP,test,RNaseP_PF101
4330,RNaseP,test,RNaseP_PS1
4331,RNaseP,test,RNaseP_PS2
4332,RNaseP,test,RNaseP_PS22
4333,RNaseP,test,RNaseP_PS24
4334,RNaseP,test,RNaseP_PS26
4335,RNaseP,test,RNaseP_PS27
4336,RNaseP,test,RNaseP_PS31
4337,RNaseP,test,RNaseP_PS33
4338,RNaseP,test,RNaseP_PS4
4339,RNaseP,test,RNaseP_PS6
4340,RNaseP,test,RNaseP_PS8
4341,RNaseP,test,RNaseP_Prochlorococcus-NATL1
4342,RNaseP,test,RNaseP_Prochlorococcus-NATL2
4343,RNaseP,test,RNaseP_Prochlorococcus-PAC1A
4344,RNaseP,test,RNaseP_Prochlorococcus-PAC1B
4345,RNaseP,test,RNaseP_Prochlorococcus-PCC9511
4346,RNaseP,test,RNaseP_Prochlorococcus-TAK9803-2
4347,RNaseP,test,RNaseP_Prochlorococcus-TATL2
4348,RNaseP,test,RNaseP_Prochlorococcus-TATL2-2
4349,RNaseP,test,RNaseP_Pseudoanabaena-PCC6903
4350,RNaseP,test,RNaseP_R.americana-mito
4351,RNaseP,test,RNaseP_R.capsulatus
4352,RNaseP,test,RNaseP_R.norvegicus
4353,RNaseP,test,RNaseP_R.palustris
4354,RNaseP,test,RNaseP_R.prowazekii
4355,RNaseP,test,RNaseP_R.rubrum
4356,RNaseP,test,RNaseP_Rr327
4357,RNaseP,test,RNaseP_Rr368
4358,RNaseP,test,RNaseP_S.acidocaldarius
4359,RNaseP,test,RNaseP_S.aureus
4360,RNaseP,test,RNaseP_S.aureus-2
4361,RNaseP,test,RNaseP_S.azurea-K161T
4362,RNaseP,test,RNaseP_S.bayanus
4363,RNaseP,test,RNaseP_S.bikiniensis
4364,RNaseP,test,RNaseP_S.bovis
4365,RNaseP,test,RNaseP_S.caesia-K163
4366,RNaseP,test,RNaseP_S.caesia-K182
4367,RNaseP,test,RNaseP_S.caesia-K200
4368,RNaseP,test,RNaseP_S.caesia-K76T
4369,RNaseP,test,RNaseP_S.caesia-SB01
4370,RNaseP,test,RNaseP_S.caesia-SB22
4371,RNaseP,test,RNaseP_S.carlsbergensis
4372,RNaseP,test,RNaseP_S.castellii
4373,RNaseP,test,RNaseP_S.cerevisiae
4374,RNaseP,test,RNaseP_S.cyanea-K168T
4375,RNaseP,test,RNaseP_S.dairensis
4376,RNaseP,test,RNaseP_S.diastaticus
4377,RNaseP,test,RNaseP_S.epidermidis
4378,RNaseP,test,RNaseP_S.equi
4379,RNaseP,test,RNaseP_S.equi-g
4380,RNaseP,test,RNaseP_S.faciem
4381,RNaseP,test,RNaseP_S.fibuligera
4382,RNaseP,test,RNaseP_S.glauca-K194
4383,RNaseP,test,RNaseP_S.glauca-K195
4384,RNaseP,test,RNaseP_S.glauca-K202
4385,RNaseP,test,RNaseP_S.glauca-L169T
4386,RNaseP,test,RNaseP_S.globosus
4387,RNaseP,test,RNaseP_S.gordonii
4388,RNaseP,test,RNaseP_S.japonicus
4389,RNaseP,test,RNaseP_S.kluyveri
4390,RNaseP,test,RNaseP_S.liquefaciens
4391,RNaseP,test,RNaseP_S.lividans
4392,RNaseP,test,RNaseP_S.malidevorans
4393,RNaseP,test,RNaseP_S.marcescens
4394,RNaseP,test,RNaseP_S.mutans
4395,RNaseP,test,RNaseP_S.negevensis
4396,RNaseP,test,RNaseP_S.octosporus
4397,RNaseP,test,RNaseP_S.pastorianus
4398,RNaseP,test,RNaseP_S.pneumoniae
4399,RNaseP,test,RNaseP_S.polymorpha
4400,RNaseP,test,RNaseP_S.pombe
4401,RNaseP,test,RNaseP_S.putrefaciens
4402,RNaseP,test,RNaseP_S.pyogenes
4403,RNaseP,test,RNaseP_S.servazzii
4404,RNaseP,test,RNaseP_S.shibatae
4405,RNaseP,test,RNaseP_S.solfataricus
4406,RNaseP,test,RNaseP_S.solfataricus-P2
4407,RNaseP,test,RNaseP_S.typhi
4408,RNaseP,test,RNaseP_S.typhimurium
4409,RNaseP,test,RNaseP_S.unisporus
4410,RNaseP,test,RNaseP_S.uvarum
4411,RNaseP,test,RNaseP_S.versatilis
4412,RNaseP,test,RNaseP_S.viridis-K185
4413,RNaseP,test,RNaseP_S.viridis-K191
4414,RNaseP,test,RNaseP_S.viridis-K197
4415,RNaseP,test,RNaseP_S.viridis-K73T
4416,RNaseP,test,RNaseP_SL1-1
4417,RNaseP,test,RNaseP_SL2D
4418,RNaseP,test,RNaseP_SLC
4419,RNaseP,test,RNaseP_SM-A01
4420,RNaseP,test,RNaseP_SM-A02
4421,RNaseP,test,RNaseP_SM-A03
4422,RNaseP,test,RNaseP_SM-A04
4423,RNaseP,test,RNaseP_SM-A05
4424,RNaseP,test,RNaseP_SM-A06
4425,RNaseP,test,RNaseP_SM-A07
4426,RNaseP,test,RNaseP_SM-A0911
4427,RNaseP,test,RNaseP_SM-A1012
4428,RNaseP,test,RNaseP_SM-A1113
4429,RNaseP,test,RNaseP_SM-A1214
4430,RNaseP,test,RNaseP_SM-A1315
4431,RNaseP,test,RNaseP_SM-A1417
4432,RNaseP,test,RNaseP_SM-A1519
4433,RNaseP,test,RNaseP_SM-A1621
4434,RNaseP,test,RNaseP_SM-A1726
4435,RNaseP,test,RNaseP_SM-A1831
4436,RNaseP,test,RNaseP_SM-A1932
4437,RNaseP,test,RNaseP_SM-A2033
4438,RNaseP,test,RNaseP_SM-A2135
4439,RNaseP,test,RNaseP_SM-A2237
4440,RNaseP,test,RNaseP_SM-A2539
4441,RNaseP,test,RNaseP_SM-A2642
4442,RNaseP,test,RNaseP_SM-A2743
4443,RNaseP,test,RNaseP_SM-A2946
4444,RNaseP,test,RNaseP_SM-A3048
4445,RNaseP,test,RNaseP_SM-A3153
4446,RNaseP,test,RNaseP_SM-A3254
4447,RNaseP,test,RNaseP_SM-A3355
4448,RNaseP,test,RNaseP_SM-A3761
4449,RNaseP,test,RNaseP_SM-A3862
4450,RNaseP,test,RNaseP_SM-A4065
4451,RNaseP,test,RNaseP_SM-A4674
4452,RNaseP,test,RNaseP_SM-A4775
4453,RNaseP,test,RNaseP_SM-A4876
4454,RNaseP,test,RNaseP_SM-A4977
4455,RNaseP,test,RNaseP_SM-A5179
4456,RNaseP,test,RNaseP_SM-A5382
4457,RNaseP,test,RNaseP_SM-A5584
4458,RNaseP,test,RNaseP_SM-A5888
4459,RNaseP,test,RNaseP_SM-A6090
4460,RNaseP,test,RNaseP_SM-A6296
4461,RNaseP,test,RNaseP_SM1
4462,RNaseP,test,RNaseP_SM2
4463,RNaseP,test,RNaseP_SMB-A3
4464,RNaseP,test,RNaseP_SMB-A5
4465,RNaseP,test,RNaseP_SMB-B1
4466,RNaseP,test,RNaseP_SMB-B2
4467,RNaseP,test,RNaseP_SMB-B3
4468,RNaseP,test,RNaseP_SMB-B4
4469,RNaseP,test,RNaseP_Saccharomonospora-K180
4470,RNaseP,test,RNaseP_Synechococcus-MINOS1
4471,RNaseP,test,RNaseP_Synechococcus-PCC6717
4472,RNaseP,test,RNaseP_Synechococcus-PCC7001
4473,RNaseP,test,RNaseP_Synechococcus-PCC7003
4474,RNaseP,test,RNaseP_Synechococcus-PCC7942
4475,RNaseP,test,RNaseP_Synechocystis-PCC6308
4476,RNaseP,test,RNaseP_Synechocystis-PCC6803
4477,RNaseP,test,RNaseP_T.acidophilum
4478,RNaseP,test,RNaseP_T.album
4479,RNaseP,test,RNaseP_T.aquaticus
4480,RNaseP,test,RNaseP_T.celerAL1
4481,RNaseP,test,RNaseP_T.celerAL1-2
4482,RNaseP,test,RNaseP_T.commune
4483,RNaseP,test,RNaseP_T.delbrueckii
4484,RNaseP,test,RNaseP_T.littoralis
4485,RNaseP,test,RNaseP_T.luteus
4486,RNaseP,test,RNaseP_T.maritima
4487,RNaseP,test,RNaseP_T.maritima-g
4488,RNaseP,test,RNaseP_T.neapolitana
4489,RNaseP,test,RNaseP_T.pallidum
4490,RNaseP,test,RNaseP_T.roseum
4491,RNaseP,test,RNaseP_T.syrichta
4492,RNaseP,test,RNaseP_T.thermophilus
4493,RNaseP,test,RNaseP_T.thioparus
4494,RNaseP,test,RNaseP_T.tumescens
4495,RNaseP,test,RNaseP_T.volcanum
4496,RNaseP,test,RNaseP_TP1
4497,RNaseP,test,RNaseP_U.stanburiana
4498,RNaseP,test,RNaseP_U.stansburiana
4499,RNaseP,test,RNaseP_U.urealyticum
4500,RNaseP,test,RNaseP_UK2
4501,RNaseP,test,RNaseP_UK5
4502,RNaseP,test,RNaseP_V.cholera
4503,RNaseP,test,RNaseP_V.spinosum
4504,RNaseP,test,RNaseP_VSDW
4505,RNaseP,test,RNaseP_W.fluorescens
4506,RNaseP,test,RNaseP_WA1
4507,RNaseP,test,RNaseP_WB3
4508,RNaseP,test,RNaseP_WC1
4509,RNaseP,test,RNaseP_Wolbachia-sp
4510,RNaseP,test,RNaseP_X.fastidiosa
4511,RNaseP,test,RNaseP_Y.pestis
4512,RNaseP,test,RNaseP_Z.bailii
4513,RNaseP,test,RNaseP_Z.florentinus
4514,RNaseP,test,RNaseP_Z.rouxii
4515,RNaseP,test,RNaseP_purpleX
4516,RNaseP,test,RNaseP_vHge2
4517,RNaseP,test,RNaseP_vHge3-5
4518,RNaseP,train,grp1_a.I1.b.Dermocarpa.sp.ATCC29371.C3.tMET
4519,RNaseP,train,grp1_a.I1.b.Phormidium.sp.N182.C3.tLEU
4520,RNaseP,train,grp1_a.I1.b.S.hofmanii.C3.tMET
4521,RNaseP,train,grp1_a.I1.b.Synechococcus.sp2.C3.tLEU
4522,RNaseP,train,grp1_a.I1.c.A.cherimola.C3.tLEU
4523,RNaseP,train,grp1_a.I1.c.G.prostrata.C3.tLEU
4524,RNaseP,train,grp1_a.I1.c.S.bicolor.C3.tLEU
4525,RNaseP,train,grp1_a.I1.e.A.adeninivorans.C1.LSU.2449
4526,RNaseP,train,grp1_a.I1.e.A.capsulatus.CBS213.53.C1.SSU.943
4527,RNaseP,train,grp1_a.I1.e.A.capsulatus.FLs1.C1.SSU
4528,RNaseP,train,grp1_a.I1.e.A.capsulatus.G184B.C1.SSU
4529,RNaseP,train,grp1_a.I1.e.A.capsulatus.G186B.C1.SSU
4530,RNaseP,train,grp1_a.I1.e.A.stipitatus.C1.SSU.1046
4531,RNaseP,train,grp1_a.I1.e.B.ciliata.JCM6865.C1.SSU.1506
4532,RNaseP,train,grp1_a.I1.e.B.ciliata.JCM6865.C1.SSU.943
4533,RNaseP,train,grp1_a.I1.e.B.yamatoana.JCM2896.C1.SSU.1506
4534,RNaseP,train,grp1_a.I1.e.B.yamatoana.JCM2896.C1.SSU.943
4535,RNaseP,train,grp1_a.I1.e.C.ellipsoidea.211-1a.C1.SSU.1506
4536,RNaseP,train,grp1_a.I1.e.C.ellipsoidea.IAMC-87.C1.SSU.1506
4537,RNaseP,train,grp1_a.I1.e.C.grayi.UNK.SSU.1046
4538,RNaseP,train,grp1_a.I1.e.C.grayi.UNK.SSU.1516
4539,RNaseP,train,grp1_a.I1.e.C.merochlorophea.UNK.SSU.1046
4540,RNaseP,train,grp1_a.I1.e.C.merochlorophea.UNK.SSU.1210
4541,RNaseP,train,grp1_a.I1.e.C.merochlorophea.UNK.SSU.1389
4542,RNaseP,train,grp1_a.I1.e.C.merochlorophea.UNK.SSU.1516
4543,RNaseP,train,grp1_a.I1.e.C.saccatum.C1.SSU.1512
4544,RNaseP,train,grp1_a.I1.e.C.saxonicum.C1.SSU.1506
4545,RNaseP,train,grp1_a.I1.e.D.parva.C1.SSU.1512
4546,RNaseP,train,grp1_a.I1.e.D.parva.C1.SSU.943
4547,RNaseP,train,grp1_a.I1.e.D.salina.C1.SSU.943
4548,RNaseP,train,grp1_a.I1.e.E.dermatitidis.C1.SSU.943
4549,RNaseP,train,grp1_a.I1.e.G.planctonica.C1.SSU.943
4550,RNaseP,train,grp1_a.I1.e.G.spirotaenia.C1.SSU.1506
4551,RNaseP,train,grp1_a.I1.e.L.dispersa.UNK.SSU.1046
4552,RNaseP,train,grp1_a.I1.e.L.dispersa.UNK.SSU.114
4553,RNaseP,train,grp1_a.I1.e.L.dispersa.UNK.SSU.1210
4554,RNaseP,train,grp1_a.I1.e.L.dispersa.UNK.SSU.1516
4555,RNaseP,train,grp1_a.I1.e.L.dispersa.UNK.SSU.287
4556,RNaseP,train,grp1_a.I1.e.L.dispersa.UNK.SSU.516
4557,RNaseP,train,grp1_a.I1.e.L.dispersa.UNK.SSU.789
4558,RNaseP,train,grp1_a.I1.e.M.caldariorum.C1.SSU.1506
4559,RNaseP,train,grp1_a.I1.e.P.carinii.C1.SSU.1506
4560,RNaseP,train,grp1_a.I1.e.P.carinii.Pc1.C1.LSU.1921
4561,RNaseP,train,grp1_a.I1.e.P.carinii.Pc2.C1.LSU.1921
4562,RNaseP,train,grp1_a.I1.e.P.carinii.Pc3.C1.LSU.1921
4563,RNaseP,train,grp1_a.I1.e.P.clavariiformis.C1.SSU.943
4564,RNaseP,train,grp1_a.I1.e.P.inouyei.C1.SSU.1506
4565,RNaseP,train,grp1_a.I1.e.P.inouyei.C1.SSU.943
4566,RNaseP,train,grp1_a.I1.e.P.macrosporus.C1.SSU.1506
4567,RNaseP,train,grp1_a.I1.e.P.macrosporus.C1.SSU.943
4568,RNaseP,train,grp1_a.I1.e.P.pachydermus.C1.SSU.943
4569,RNaseP,train,grp1_a.I1.e.P.sarcinoidea.C1.SSU.943
4570,RNaseP,train,grp1_a.I1.e.S.granulatum.C1.SSU.1506
4571,RNaseP,train,grp1_a.I1.e.S.paniceum.UNK.SSU.1052
4572,RNaseP,train,grp1_a.I1.e.S.paniceum.UNK.SSU.114
4573,RNaseP,train,grp1_a.I1.e.S.paniceum.UNK.SSU.1210
4574,RNaseP,train,grp1_a.I1.e.S.paniceum.UNK.SSU.1506
4575,RNaseP,train,grp1_a.I1.e.S.paniceum.UNK.SSU.287
4576,RNaseP,train,grp1_a.I1.e.S.sclerotiorum_1837.C1.LSU.798
4577,RNaseP,train,grp1_a.I1.e.Staurastrum.sp.M752.C1.SSU.1506
4578,RNaseP,train,grp1_a.I1.e.Staurastrum.sp.M753.C1.SSU.1506
4579,RNaseP,train,grp1_a.I1.e.T.cosmopolitanis.C1.LSU.1925
4580,RNaseP,train,grp1_a.I1.e.T.hyperangularis.C1.LSU.1925
4581,RNaseP,train,grp1_a.I1.e.T.malaccensis.C1.LSU.1925
4582,RNaseP,train,grp1_a.I1.e.T.pigmentosa.C1.LSU.1925
4583,RNaseP,train,grp1_a.I1.e.U.maydis.C1.SSU.943
4584,RNaseP,train,grp1_a.I1.m.M.grisea.B2.ND1
4585,RNaseP,train,grp1_a.I1.m.S.luteus.A1.LSU.2504
4586,RNaseP,train,grp1_a.I1.m.S.pombe.B1.OX1
4587,RNaseP,train,grp1_b.I1.e.C.saccharophila.C1.SSU.156
4588,RNaseP,train,grp1_b.I1.e.M.anisopliae.2.C1.LSU.1921
4589,RNaseP,train,grp1_b.I1.e.M.anisopliae.3.C1.LSU.1921
4590,RNaseP,train,grp1_b.I1.e.T.thermophila.C1.LSU.1925
4591,RNaseP,train,grp1_s.I1.e.T.thermophila.C1.LSU.1925.schem
4592,RNaseP,train,grp1_a.I1.b.Dermocarpa.sp.ATCC29371.C3.tMET
4593,RNaseP,train,grp1_a.I1.b.Phormidium.sp.N182.C3.tLEU
4594,RNaseP,train,grp1_a.I1.b.S.hofmanii.C3.tMET
4595,RNaseP,train,grp1_a.I1.b.Synechococcus.sp2.C3.tLEU
4596,RNaseP,train,grp1_a.I1.c.A.cherimola.C3.tLEU
4597,RNaseP,train,grp1_a.I1.c.G.prostrata.C3.tLEU
4598,RNaseP,train,grp1_a.I1.c.S.bicolor.C3.tLEU
4599,RNaseP,train,grp1_a.I1.e.A.adeninivorans.C1.LSU.2449
4600,RNaseP,train,grp1_a.I1.e.A.capsulatus.CBS213.53.C1.SSU.943
4601,RNaseP,train,grp1_a.I1.e.A.capsulatus.FLs1.C1.SSU
4602,RNaseP,train,grp1_a.I1.e.A.capsulatus.G184B.C1.SSU
4603,RNaseP,train,grp1_a.I1.e.A.capsulatus.G186B.C1.SSU
4604,RNaseP,train,grp1_a.I1.e.A.stipitatus.C1.SSU.1046
4605,RNaseP,train,grp1_a.I1.e.B.ciliata.JCM6865.C1.SSU.1506
4606,RNaseP,train,grp1_a.I1.e.B.ciliata.JCM6865.C1.SSU.943
4607,RNaseP,train,grp1_a.I1.e.B.yamatoana.JCM2896.C1.SSU.1506
4608,RNaseP,train,grp1_a.I1.e.B.yamatoana.JCM2896.C1.SSU.943
4609,RNaseP,train,grp1_a.I1.e.C.ellipsoidea.211-1a.C1.SSU.1506
4610,RNaseP,train,grp1_a.I1.e.C.ellipsoidea.IAMC-87.C1.SSU.1506
4611,RNaseP,train,grp1_a.I1.e.C.grayi.UNK.SSU.1046
4612,RNaseP,train,grp1_a.I1.e.C.grayi.UNK.SSU.1516
4613,RNaseP,train,grp1_a.I1.e.C.merochlorophea.UNK.SSU.1046
4614,RNaseP,train,grp1_a.I1.e.C.merochlorophea.UNK.SSU.1210
4615,RNaseP,train,grp1_a.I1.e.C.merochlorophea.UNK.SSU.1389
4616,RNaseP,train,grp1_a.I1.e.C.merochlorophea.UNK.SSU.1516
4617,RNaseP,train,grp1_a.I1.e.C.saccatum.C1.SSU.1512
4618,RNaseP,train,srp_Aede.aegy._DW714804
4619,RNaseP,train,srp_Ajel.caps._CV620298
4620,RNaseP,train,srp_Arab.thal._AC005275
4621,RNaseP,train,srp_Baci.mega._D11414
4622,RNaseP,train,srp_Baci.poly._D11421
4623,RNaseP,train,srp_Baci.subt._D11417
4624,RNaseP,train,srp_Baci.thur._CP000485
4625,RNaseP,train,srp_Baci.thur._D11412
4626,RNaseP,train,srp_Bord.pert._BX640415
4627,RNaseP,train,srp_Brug.mala._GSP-6279
4628,RNaseP,train,srp_Buch.aphi._AE016826
4629,RNaseP,train,srp_Burk.pseu._CP000570
4630,RNaseP,train,srp_Burk.pseu._CP000572
4631,RNaseP,train,srp_Cani.spec._SDB-9616
4632,RNaseP,train,srp_Carb.hydr._CP000141
4633,RNaseP,train,srp_Chla.trac._AE001298
4634,RNaseP,train,srp_Cion.inte._BW088710
4635,RNaseP,train,srp_Clav.lusi._GSP-306902
4636,RNaseP,train,srp_Clos.botu._AM412317
4637,RNaseP,train,srp_Clos.kluy._CP000673
4638,RNaseP,train,srp_Cory.jeik._CR931997
4639,RNaseP,train,srp_Cyan.mero._AB002583
4640,RNaseP,train,srp_Dani.reri._EH513970
4641,RNaseP,train,srp_Dech.arom._CP000089
4642,RNaseP,train,srp_Desu.vulg._AE017285
4643,RNaseP,train,srp_Desu.vulg._CP000527
4644,RNaseP,train,srp_Dros.mela._AE001572
4645,RNaseP,train,srp_Dros.mela._AE014297
4646,RNaseP,train,srp_Dros.mela._X01056
4647,RNaseP,train,srp_Enta.mosh._GSP-41668
4648,RNaseP,train,srp_Ento.sulc._AF095839
4649,RNaseP,train,srp_Esch.coli._CP000247
4650,RNaseP,train,srp_Esch.coli._X01074
4651,RNaseP,train,srp_Fran.alni._CT573213
4652,RNaseP,train,srp_Fran.tula._AJ749949
4653,RNaseP,train,srp_Fran.tula._AM286280
4654,RNaseP,train,srp_Geob.kaus._BA000043
4655,RNaseP,train,srp_Halo.halo._CP000544
4656,RNaseP,train,srp_Heli.annu._AJ828095
4657,RNaseP,train,srp_Heli.hepa._AE017125
4658,RNaseP,train,srp_Kluy.walt._AADM01000319
4659,RNaseP,train,srp_Lact.acid._CP000033
4660,RNaseP,train,srp_Lact.john._AX926712
4661,RNaseP,train,srp_Legi.pneu._M31830
4662,RNaseP,train,srp_Leis.dono._AY781793
4663,RNaseP,train,srp_Leis.majo._AY722715
4664,RNaseP,train,srp_Lodd.elon._GSP-379508
4665,RNaseP,train,srp_Lott.giga._GSP-225164
4666,RNaseP,train,srp_Lyco.escu._Z29104
4667,RNaseP,train,srp_Medi.trun._BE941271
4668,RNaseP,train,srp_Medi.trun._CT485797
4669,RNaseP,train,srp_Meth.burt._CP000300
4670,RNaseP,train,srp_Meth.caps._AE017282
4671,RNaseP,train,srp_Meth.ferv._S49762
4672,RNaseP,train,srp_Meth.maze._AE008384
4673,RNaseP,train,srp_Mus.musc._AC126244
4674,RNaseP,train,srp_Myco.gall._AE015450
4675,RNaseP,train,srp_Myco.pneu._AE000044
4676,RNaseP,train,srp_Nect.haem._GSP-71109
4677,RNaseP,train,srp_Nost.spec._BA000019
4678,RNaseP,train,srp_Onch.volv._AI249203
4679,RNaseP,train,srp_Para.bras._CN241909
4680,RNaseP,train,srp_Pers.amer._X65992
4681,RNaseP,train,srp_Pich.stip._CP000502
4682,RNaseP,train,srp_Plas.chab._GSP-31271
4683,RNaseP,train,srp_Plas.falc._EF690554
4684,RNaseP,train,srp_Plas.yoel._GSP-352914
4685,RNaseP,train,srp_Porp.purp._U38804
4686,RNaseP,train,srp_Pris.paci._GSP-54126
4687,RNaseP,train,srp_Proc.mari._CP000552
4688,RNaseP,train,srp_Proc.mari._CP000576
4689,RNaseP,train,srp_Pseu.aeru._AE004091
4690,RNaseP,train,srp_Pseu.halo._CR954246
4691,RNaseP,train,srp_Pseu.syri._CP000075
4692,RNaseP,train,srp_Psyc.sp.._CP000713
4693,RNaseP,train,srp_Pyro.furi._AE010126
4694,RNaseP,train,srp_Rals.meta._CP000352
4695,RNaseP,train,srp_Ratt.norv._AA923995
4696,RNaseP,train,srp_Salm.ente._CP000026
4697,RNaseP,train,srp_Schi.pomb._X15220
4698,RNaseP,train,srp_Schm.medi._GSP-79327
4699,RNaseP,train,srp_Shew.spec._CP000444
4700,RNaseP,train,srp_Shew.spec._CP000469
4701,RNaseP,train,srp_Spra.loph._GSP-51541
4702,RNaseP,train,srp_Stap.aure._BX571856
4703,RNaseP,train,srp_Stap.aure._BX571857
4704,RNaseP,train,srp_Stap.haem._AP006716
4705,RNaseP,train,srp_Stap.sapr._AP008934
4706,RNaseP,train,srp_Stre.dysg._AJ489606
4707,RNaseP,train,srp_Stre.pneu._AE008386
4708,RNaseP,train,srp_Ther.mari._AE000512
4709,RNaseP,train,srp_Tric.eryt._CP000393
4710,RNaseP,train,srp_Trit.aest._BE424647
4711,RNaseP,train,srp_Trit.aest._X13915
4712,RNaseP,train,srp_Volv.cart._GSP-51971-1
4713,RNaseP,train,srp_Volv.cart._GSP-51971-2
4714,RNaseP,train,srp_Wolb.endo._AE017321
4715,RNaseP,train,srp_Xyle.fast._AE009442
4716,RNaseP,train,srp_Yers.pest._AL590842
4717,RNaseP,train,srp_Zea.mays._AY108846
4718,RNaseP,train,tRNA_tdbR00000003-Haloferax_volcanii-2246-Ala-GGC
4719,RNaseP,train,tRNA_tdbR00000004-Haloferax_volcanii-2246-Ala-UGC
4720,RNaseP,train,tRNA_tdbR00000007-Bacillus_subtilis-1423-Ala-5GC
4721,RNaseP,train,tRNA_tdbR00000010-Escherichia_coli-562-Ala-VGC
4722,RNaseP,train,tRNA_tdbR00000022-Enterobacteria_phage_T5-10726-Asp-GUC
4723,RNaseP,train,tRNA_tdbR00000030-Aedes_albopictus-7160-Asp-GUC
4724,RNaseP,train,tRNA_tdbR00000032-Rattus_norvegicus-10116-Asp-GUC
4725,RNaseP,train,tRNA_tdbR00000035-Saccharomyces_cerevisiae-4932-Asp-GUC
4726,RNaseP,train,tRNA_tdbR00000036-Euglena_gracilis-3039-Asp-GUC
4727,RNaseP,train,tRNA_tdbR00000041-Xenopus_laevis-8355-Asp-8UC
4728,RNaseP,train,tRNA_tdbR00000044-Mycoplasma_capricolum-2095-Glu-UC
4729,RNaseP,train,tRNA_tdbR00000049-Chlamydomonas_reinhardtii-3055-Glu-NUC
4730,RNaseP,train,tRNA_tdbR00000053-Bos_taurus-9913-Glu-NUC
4731,RNaseP,train,tRNA_tdbR00000058-Lupinus_luteus-3873-Glu-CUC
4732,RNaseP,train,tRNA_tdbR00000059-Rattus_norvegicus-10116-Glu-3UC
4733,RNaseP,train,tRNA_tdbR00000060-Drosophila_melanogaster-7227-Glu-2UC
4734,RNaseP,train,tRNA_tdbR00000064-Mycoplasma_capricolum-2095-Phe-GAA
4735,RNaseP,train,tRNA_tdbR00000065-Bacillus_subtilis-1423-Phe-AA
4736,RNaseP,train,tRNA_tdbR00000072-Phaseolus_vulgaris-3885-Phe-GAA
4737,RNaseP,train,tRNA_tdbR00000073-Spinacia_oleracea-3562-Phe-GAA
4738,RNaseP,train,tRNA_tdbR00000078-Ascaris_suum-6253-Phe-GAA
4739,RNaseP,train,tRNA_tdbR00000080-Bos_taurus-9913-Phe-GAA
4740,RNaseP,train,tRNA_tdbR00000083-Saccharomyces_cerevisiae-4932-Phe-AA
4741,RNaseP,train,tRNA_tdbR00000084-Saccharomyces_cerevisiae-4932-Phe-AA
4742,RNaseP,train,tRNA_tdbR00000089-Brassica_napus-3708-Phe-AA
4743,RNaseP,train,tRNA_tdbR00000099-Mus_musculus-10090-Phe-AA
4744,RNaseP,train,tRNA_tdbR00000101-Mus_musculus-10090-Phe-AA
4745,RNaseP,train,tRNA_tdbR00000103-Homo_sapiens-9606-Phe-AA
4746,RNaseP,train,tRNA_tdbR00000104-Enterobacteria_phage_T4-10665-Gly-NCC
4747,RNaseP,train,tRNA_tdbR00000105-Halobacterium_salinarum-2242-Gly-GCC
4748,RNaseP,train,tRNA_tdbR00000117-Escherichia_coli-562-Gly-CCC
4749,RNaseP,train,tRNA_tdbR00000121-Salmonella_typhimurium-602-Gly-NCC
4750,RNaseP,train,tRNA_tdbR00000123-Saccharomyces_cerevisiae-4932-Gly-NCC
4751,RNaseP,train,tRNA_tdbR00000132-Lupinus_luteus-3873-Gly-GCC
4752,RNaseP,train,tRNA_tdbR00000144-Saccharomyces_cerevisiae-4932-His-GUG
4753,RNaseP,train,tRNA_tdbR00000145-Saccharomyces_cerevisiae-4932-His-GUG
4754,RNaseP,train,tRNA_tdbR00000152-Haloferax_volcanii-2246-Ile-NAU
4755,RNaseP,train,tRNA_tdbR00000158-Escherichia_coli-562-Ile-GAU
4756,RNaseP,train,tRNA_tdbR00000159-Escherichia_coli-562-Ile-GAU
4757,RNaseP,train,tRNA_tdbR00000181-Escherichia_coli-562-Lys-SUU
4758,RNaseP,train,tRNA_tdbR00000189-Rattus_norvegicus-10116-Lys-NUU
4759,RNaseP,train,tRNA_tdbR00000200-Oryctolagus_cuniculus-9986-Lys-3UU
4760,RNaseP,train,tRNA_tdbR00000205-Loligo_bleekeri-6617-Lys-NUU
4761,RNaseP,train,tRNA_tdbR00000215-Haloferax_volcanii-2246-Leu-5AG
4762,RNaseP,train,tRNA_tdbR00000226-Synechococcus_elongatus_PCC_6301-269084-Leu-CAG
4763,RNaseP,train,tRNA_tdbR00000233-Phaseolus_vulgaris-3885-Leu-UA7
4764,RNaseP,train,tRNA_tdbR00000249-Saccharomyces_cerevisiae-4932-Leu-CAA
4765,RNaseP,train,tRNA_tdbR00000250-Saccharomyces_cerevisiae-4932-Leu-UAG
4766,RNaseP,train,tRNA_tdbR00000251-Saccharomyces_cerevisiae-4932-Leu-UAA
4767,RNaseP,train,tRNA_tdbR00000271-Haloferax_volcanii-2246-Met-BAU
4768,RNaseP,train,tRNA_tdbR00000275-Thermus_thermophilus-274-Met-CAU
4769,RNaseP,train,tRNA_tdbR00000277-Codium_fragile-3133-Met-CAU
4770,RNaseP,train,tRNA_tdbR00000284-Saccharomyces_cerevisiae-4932-Met-CAU
4771,RNaseP,train,tRNA_tdbR00000294-Mycoplasma_capricolum-2095-Asn-GUU
4772,RNaseP,train,tRNA_tdbR00000295-Escherichia_coli-562-Asn-QUU
4773,RNaseP,train,tRNA_tdbR00000296-Azospirillum_lipoferum-193-Asn-QUU
4774,RNaseP,train,tRNA_tdbR00000298-Asterias_amurensis-7602-Asn-GUU
4775,RNaseP,train,tRNA_tdbR00000301-Lupinus_luteus-3873-Asn-UU
4776,RNaseP,train,tRNA_tdbR00000314-Mycoplasma_capricolum-2095-Pro-UGG
4777,RNaseP,train,tRNA_tdbR00000316-Bacillus_subtilis-1423-Pro-5GG
4778,RNaseP,train,tRNA_tdbR00000320-Spinacia_oleracea-3562-Pro-NGG
4779,RNaseP,train,tRNA_tdbR00000335-Nicotiana_rustica-4093-Gln-NUG
4780,RNaseP,train,tRNA_tdbR00000336-Aedes_albopictus-7160-Gln-NUG
4781,RNaseP,train,tRNA_tdbR00000341-Rattus_norvegicus-10116-Gln-CUG
4782,RNaseP,train,tRNA_tdbR00000355-Escherichia_coli-562-Arg-ICG
4783,RNaseP,train,tRNA_tdbR00000356-Escherichia_coli-562-Arg-ICG
4784,RNaseP,train,tRNA_tdbR00000362-Saccharomyces_cerevisiae-4932-Arg-NCU
4785,RNaseP,train,tRNA_tdbR00000376-Bos_taurus-9913-Arg-3CP
4786,RNaseP,train,tRNA_tdbR00000384-Mycoplasma_capricolum-2095-Ser-GCU
4787,RNaseP,train,tRNA_tdbR00000387-Bacillus_subtilis-1423-Ser-5GA
4788,RNaseP,train,tRNA_tdbR00000390-Escherichia_coli-562-Ser-CGA
4789,RNaseP,train,tRNA_tdbR00000396-Saccharomyces_cerevisiae-4932-Ser-UGA
4790,RNaseP,train,tRNA_tdbR00000399-Aedes_albopictus-7160-Ser-GCU
4791,RNaseP,train,tRNA_tdbR00000400-Loligo_bleekeri-6617-Ser-7CU
4792,RNaseP,train,tRNA_tdbR00000406-Saccharomyces_cerevisiae-4932-Ser-NGA
4793,RNaseP,train,tRNA_tdbR00000407-Saccharomyces_cerevisiae-4932-Ser-IGA
4794,RNaseP,train,tRNA_tdbR00000422-Rattus_norvegicus-10116-Ser-GCU
4795,RNaseP,train,tRNA_tdbR00000427-Gallus_gallus-9031-Ser-UGA
4796,RNaseP,train,tRNA_tdbR00000430-Halobacterium_salinarum-2242-Thr-GGU
4797,RNaseP,train,tRNA_tdbR00000435-Mycoplasma_mycoides-2102-Thr-UGU
4798,RNaseP,train,tRNA_tdbR00000460-Aedes_albopictus-7160-Val-UAC
4799,RNaseP,train,tRNA_tdbR00000463-Bos_taurus-9913-Val-UAC
4800,RNaseP,train,tRNA_tdbR00000480-Mycoplasma_capricolum-2095-Trp-CA
4801,RNaseP,train,tRNA_tdbR00000485-Nicotiana_tabacum-4097-Trp-BCA
4802,RNaseP,train,tRNA_tdbR00000486-Phaseolus_vulgaris-3885-Trp-BCA
4803,RNaseP,train,tRNA_tdbR00000507-Bacillus_subtilis-1423-Ini-CAU
4804,RNaseP,train,tRNA_tdbR00000510-Escherichia_coli-562-Ini-CAU
4805,RNaseP,train,tRNA_tdbR00000516-Spinacia_oleracea-3562-Ini-CAU
4806,RNaseP,train,tRNA_tdbR00000522-Bos_taurus-9913-Ini-AU
4807,RNaseP,train,tRNA_tdbR00000529-Triticum_aestivum-4565-Ini-CAU
4808,RNaseP,train,tRNA_tdbR00000534-Euphausia_superba-6819-Ini-CAU
4809,RNaseP,train,tRNA_tdbR00000536-Salmo_salar-8030-Ini-CAU
4810,RNaseP,train,tRNA_tdbR00000553-Asterias_amurensis-7602-Tyr-GUA
4811,RNaseP,train,tRNA_tdbR00000556-Schizosaccharomyces_pombe-4896-Tyr-GPA
4812,RNaseP,train,tRNA_tdbR00000559-Triticum_aestivum-4565-Tyr-GPA
4813,RNaseP,train,tRNA_tdbR00000563-Lupinus_albus-3870-Tyr-GPA
4814,RNaseP,train,tRNA_tdbR00000576-Leishmania_tarentolae-5689-Asp-GUC
4815,RNaseP,train,tRNA_tdbR00000594-Ascaris_suum-6253-Leu-AA
4816,RNaseP,train,tRNA_tdbR00000610-Caulobacter_crescentus_CB15-190650-His-GUG
4817,RNaseP,train,tRNA_tdbR00000619-Toxoplasma_gondii-5811-Met-CAU
4818,RNaseP,train,telomerase_AC121792.109554-109950
4819,RNaseP,train,telomerase_AF147806.247-692
4820,RNaseP,train,telomerase_AF221906.96-545
4821,RNaseP,train,telomerase_AF221908.136-584
4822,RNaseP,train,telomerase_AF221909.98-496
4823,RNaseP,train,telomerase_AF221910.112-554
4824,RNaseP,train,telomerase_AF221911.104-513
4825,RNaseP,train,telomerase_AF221912.98-564
4826,RNaseP,train,telomerase_AF221913.109-520
4827,RNaseP,train,telomerase_AF221914.112-589
4828,RNaseP,train,telomerase_AF221916.94-481
4829,RNaseP,train,telomerase_AF221917.99-542
4830,RNaseP,train,telomerase_AF221918.97-547
4831,RNaseP,train,telomerase_AF221919.107-614
4832,RNaseP,train,telomerase_AF221920.99-541
4833,RNaseP,train,telomerase_AF221921.98-548
4834,RNaseP,train,telomerase_AF221923.106-554
4835,RNaseP,train,telomerase_AF221924.105-538
4836,RNaseP,train,telomerase_AF221925.98-540
4837,RNaseP,train,telomerase_AF221926.103-507
4838,RNaseP,train,telomerase_AF221927.113-556
4839,RNaseP,train,telomerase_AF221928.95-476
4840,RNaseP,train,telomerase_AF221929.92-517
4841,RNaseP,train,telomerase_AF221930.94-546
4842,RNaseP,train,telomerase_AF221931.99-541
4843,RNaseP,train,telomerase_AF221932.102-549
4844,RNaseP,train,telomerase_AF221934.121-565
4845,RNaseP,train,telomerase_AF221935.112-602
4846,RNaseP,train,telomerase_AF221936.98-540
4847,RNaseP,train,telomerase_AF221937.99-545
4848,RNaseP,train,telomerase_AF221939.99-544
4849,RNaseP,train,telomerase_AF221940.103-499
4850,RNaseP,train,telomerase_AY058901.1-397
4851,RNaseP,train,telomerase_AY312571.605-1069
4852,RNaseP,train,telomerase_U85256.1-451
4853,RNaseP,train,telomerase_AC121792.109554-109950
4854,RNaseP,train,telomerase_AF147806.247-692
4855,RNaseP,train,telomerase_AF221906.96-545
4856,RNaseP,train,telomerase_AF221908.136-584
4857,RNaseP,train,telomerase_AF221909.98-496
4858,RNaseP,train,telomerase_AF221910.112-554
4859,RNaseP,train,telomerase_AF221911.104-513
4860,RNaseP,train,telomerase_AF221912.98-564
4861,RNaseP,train,telomerase_AF221913.109-520
4862,RNaseP,train,telomerase_AF221914.112-589
4863,RNaseP,train,telomerase_AF221916.94-481
4864,RNaseP,train,telomerase_AF221917.99-542
4865,RNaseP,train,telomerase_AF221918.97-547
4866,RNaseP,train,telomerase_AF221919.107-614
4867,RNaseP,train,telomerase_AF221920.99-541
4868,RNaseP,train,telomerase_AF221921.98-548
4869,RNaseP,train,telomerase_AF221923.106-554
4870,RNaseP,train,telomerase_AF221924.105-538
4871,RNaseP,train,telomerase_AF221925.98-540
4872,RNaseP,train,telomerase_AF221926.103-507
4873,RNaseP,train,telomerase_AF221927.113-556
4874,RNaseP,train,telomerase_AF221928.95-476
4875,RNaseP,train,telomerase_AF221929.92-517
4876,RNaseP,train,telomerase_AF221930.94-546
4877,RNaseP,train,telomerase_AF221931.99-541
4878,RNaseP,train,telomerase_AF221932.102-549
4879,RNaseP,train,telomerase_AF221934.121-565
4880,RNaseP,train,telomerase_AF221935.112-602
4881,RNaseP,train,telomerase_AF221936.98-540
4882,RNaseP,train,telomerase_AF221937.99-545
4883,RNaseP,train,telomerase_AF221939.99-544
4884,RNaseP,train,telomerase_AF221940.103-499
4885,RNaseP,train,telomerase_AY058901.1-397
4886,RNaseP,train,telomerase_AY312571.605-1069
4887,RNaseP,train,telomerase_U85256.1-451
4888,RNaseP,train,telomerase_AC121792.109554-109950
4889,RNaseP,train,telomerase_AF147806.247-692
4890,RNaseP,train,telomerase_AF221906.96-545
4891,RNaseP,train,telomerase_AF221908.136-584
4892,RNaseP,train,telomerase_AF221909.98-496
4893,RNaseP,train,telomerase_AF221910.112-554
4894,RNaseP,train,telomerase_AF221911.104-513
4895,RNaseP,train,telomerase_AF221912.98-564
4896,RNaseP,train,telomerase_AF221913.109-520
4897,RNaseP,train,telomerase_AF221914.112-589
4898,RNaseP,train,telomerase_AF221916.94-481
4899,RNaseP,train,telomerase_AF221917.99-542
4900,RNaseP,train,telomerase_AF221918.97-547
4901,RNaseP,train,telomerase_AF221919.107-614
4902,RNaseP,train,telomerase_AF221920.99-541
4903,RNaseP,train,telomerase_AF221921.98-548
4904,RNaseP,train,telomerase_AF221923.106-554
4905,RNaseP,train,telomerase_AF221924.105-538
4906,RNaseP,train,telomerase_AF221925.98-540
4907,RNaseP,train,telomerase_AF221926.103-507
4908,RNaseP,train,telomerase_AF221927.113-556
4909,RNaseP,train,telomerase_AF221928.95-476
4910,RNaseP,train,telomerase_AF221929.92-517
4911,RNaseP,train,telomerase_AF221930.94-546
4912,RNaseP,train,telomerase_AF221931.99-541
4913,RNaseP,train,telomerase_AF221932.102-549
4914,RNaseP,train,telomerase_AF221934.121-565
4915,RNaseP,train,telomerase_AF221935.112-602
4916,RNaseP,train,telomerase_AF221936.98-540
4917,RNaseP,train,telomerase_AF221937.99-545
4918,RNaseP,train,tmRNA_Acti.acti._TRW-272556_1-366
4919,RNaseP,train,tmRNA_Acti.naes._TRW-240017_1-371
4920,RNaseP,train,tmRNA_Anab.vari._CP000117_1-390
4921,RNaseP,train,tmRNA_Aqui.aeol._TRW-63363_1-347
4922,RNaseP,train,tmRNA_Azoa.spec._TRW-62928_1-378
4923,RNaseP,train,tmRNA_Baci.G._TRW-12333_1-312
4924,RNaseP,train,tmRNA_Baci.anth._AE016879_1-355
4925,RNaseP,train,tmRNA_Baci.clau._AP006627_1-355
4926,RNaseP,train,tmRNA_Bact.frag._CR626927_1-398
4927,RNaseP,train,tmRNA_Bord.aviu._AM167904_1-406
4928,RNaseP,train,tmRNA_Bord.bron._TRW-257310_1-387
4929,RNaseP,train,tmRNA_Borr.gari._CP000013_1-363
4930,RNaseP,train,tmRNA_Burk.pseu._TRW-28450_1-370
4931,RNaseP,train,tmRNA_Camp.coli._AL111168_1-359
4932,RNaseP,train,tmRNA_Camp.coli._TRW-306254_1-359
4933,RNaseP,train,tmRNA_Camp.jeju._AL139078_1-356
4934,RNaseP,train,tmRNA_Chla.pneu._AE002224_1-423
4935,RNaseP,train,tmRNA_Chla.pneu._TRW-83558_1-426
4936,RNaseP,train,tmRNA_Chla.trac._TRW-813-1_1-420
4937,RNaseP,train,tmRNA_Chla.trac._TRW-813-2_1-420
4938,RNaseP,train,tmRNA_Chlo.tepi._TRW-194439_1-404
4939,RNaseP,train,tmRNA_Clos.acet._AE001437_1-359
4940,RNaseP,train,tmRNA_Copr.prot._TRW-351627_1-353
4941,RNaseP,train,tmRNA_Cyan.mero._TRW-45157_1-236
4942,RNaseP,train,tmRNA_Cyan.para._TRW-2762_1-294
4943,RNaseP,train,tmRNA_Desu.vulg._AE017285_1-352
4944,RNaseP,train,tmRNA_Ente.faec._TRW-1352_1-367
4945,RNaseP,train,tmRNA_Esch.coli._CP000468_1-363
4946,RNaseP,train,tmRNA_Esch.coli._D90888_1-363
4947,RNaseP,train,tmRNA_Fibr.succ._TRW-59374_1-361
4948,RNaseP,train,tmRNA_Fran.tula._AJ749949_1-421
4949,RNaseP,train,tmRNA_Fran.tula._AM286280_1-421
4950,RNaseP,train,tmRNA_Gemm.obsc._TRW-214688_1-412
4951,RNaseP,train,tmRNA_Haem.somn._CP000436_1-367
4952,RNaseP,train,tmRNA_Heli.pylo._AE001503_1-383
4953,RNaseP,train,tmRNA_Heli.pylo._TRW-85962_1-386
4954,RNaseP,train,tmRNA_Kleb.pneu._TRW-272620_1-363
4955,RNaseP,train,tmRNA_Lact.acid._CP000033_1-369
4956,RNaseP,train,tmRNA_Lact.delb._AF440335_1-316
4957,RNaseP,train,tmRNA_Lact.delb._TRW-321956_1-362
4958,RNaseP,train,tmRNA_Lact.gass._TRW-1596_1-366
4959,RNaseP,train,tmRNA_Lact.john._TRW-257314_1-367
4960,RNaseP,train,tmRNA_Lact.lact._AF176556_1-359
4961,RNaseP,train,tmRNA_Lact.sake._AF400065_1-370
4962,RNaseP,train,tmRNA_Lact.sake._TRW-314315_1-370
4963,RNaseP,train,tmRNA_Leuc.mese._TRW-1245_1-358
4964,RNaseP,train,tmRNA_List.ivan._AF440342_1-321
4965,RNaseP,train,tmRNA_List.mono._TRW-1639-1_1-370
4966,RNaseP,train,tmRNA_List.wels._AF440351_1-321
4967,RNaseP,train,tmRNA_Magn.spec._CP000471_1-366
4968,RNaseP,train,tmRNA_Myco.arth._TRW-243272_1-394
4969,RNaseP,train,tmRNA_Myco.bovi._TRW-1765_1-368
4970,RNaseP,train,tmRNA_Myco.capr._S67602_1-408
4971,RNaseP,train,tmRNA_Myco.lepr._TRW-272631_1-369
4972,RNaseP,train,tmRNA_Myco.pneu._AE000035_1-384
4973,RNaseP,train,tmRNA_Myco.tube._TRW-164513_1-368
4974,RNaseP,train,tmRNA_Myco.tube._TRW-1773_1-368
4975,RNaseP,train,tmRNA_Myxo.xant._TRW-34_1-366
4976,RNaseP,train,tmRNA_Neis.lact._TRW-486_1-362
4977,RNaseP,train,tmRNA_Nost.punc._TRW-63737_1-390
4978,RNaseP,train,tmRNA_Ocea.ihey._BA000028_1-364
4979,RNaseP,train,tmRNA_Odon.sine._Z67753_1-368
4980,RNaseP,train,tmRNA_Paen.larv._TRW-1464_1-367
4981,RNaseP,train,tmRNA_Pant.stew._TRW-66269_1-363
4982,RNaseP,train,tmRNA_Past.mult._AE006115_1-367
4983,RNaseP,train,tmRNA_Phot.asym._TRW-291112_1-364
4984,RNaseP,train,tmRNA_Psyc.arct._CP000082_1-359
4985,RNaseP,train,tmRNA_Psyc.cryo._CP000323_1-359
4986,RNaseP,train,tmRNA_Rubr.gela._TRW-279263_1-372
4987,RNaseP,train,tmRNA_Rubr.xyla._TRW-266117_1-360
4988,RNaseP,train,tmRNA_Salm.ente._TRW-59204_1-363
4989,RNaseP,train,tmRNA_Shew.balt._TRW-325240_1-356
4990,RNaseP,train,tmRNA_Shew.onei._AX048560_1-355
4991,RNaseP,train,tmRNA_Shew.spec._CP000444_1-355
4992,RNaseP,train,tmRNA_Shig.dyse._CP000034_1-363
4993,RNaseP,train,tmRNA_Shig.flex._AE005674_1-363
4994,RNaseP,train,tmRNA_Soda.glos._AP008232_1-384
4995,RNaseP,train,tmRNA_Spir.citr._AM285321_1-424
4996,RNaseP,train,tmRNA_Stap.aure._AC074317_1-359
4997,RNaseP,train,tmRNA_Stap.aure._BA000018_1-362
4998,RNaseP,train,tmRNA_Stap.aure._BX571856_1-362
4999,RNaseP,train,tmRNA_Stap.epid._TRW-1282-1_1-361
5000,RNaseP,train,tmRNA_Stre.agal._TRW-1311_1-350
5001,RNaseP,train,tmRNA_Stre.pneu._TRW-216600_1-348
5002,RNaseP,train,tmRNA_Stre.sobr._TRW-246202_1-349
5003,RNaseP,train,tmRNA_Stre.ther._CP000024_1-350
5004,RNaseP,train,tmRNA_Synt.acid._CP000252_1-356
5005,RNaseP,train,tmRNA_Ther.neap._TRW-309803_1-357
5006,RNaseP,train,tmRNA_Ther.teng._AE013063_1-351
5007,RNaseP,train,tmRNA_Thio.crun._CP000109_1-358
5008,RNaseP,train,tmRNA_Trep.pall._TRW-243276_1-354
5009,RNaseP,train,tmRNA_Trop.whip._BX251411_1-369
5010,RNaseP,train,tmRNA_Xant.axon._AE011783_1-397
5011,RNaseP,train,tmRNA_Yers.berc._TRW-349968_1-381
5012,RNaseP,train,tmRNA_envi.sequ._TRW-32045-2_1-345
5013,RNaseP,train,tmRNA_uncu.bact._TRW-32045-4_1-369
5014,RNaseP,train,tmRNA_uncu.bact._TRW-72274-1_1-359
5015,RNaseP,train,tmRNA_uncu.bact._TRW-72274-2_1-359
5016,RNaseP,train,tmRNA_uncu.bact._TRW-80840-1_1-378
5017,RNaseP,train,tmRNA_uncu.bact._TRW-80840-2_1-379
5018,grp1,train,16s_A.fulgidus_domain2
5019,grp1,train,16s_A.fulgidus_domain3
5020,grp1,train,16s_A.fulgidus_domain4
5021,grp1,train,16s_A.pyrophilus_domain2
5022,grp1,train,16s_A.pyrophilus_domain4
5023,grp1,train,16s_B.burgdorferi_domain2
5024,grp1,train,16s_B.burgdorferi_domain3
5025,grp1,train,16s_B.burgdorferi_domain4
5026,grp1,train,16s_B.subtilis_domain2
5027,grp1,train,16s_B.subtilis_domain3
5028,grp1,train,16s_B.subtilis_domain4
5029,grp1,train,16s_C.elegans_domain1
5030,grp1,train,16s_C.elegans_domain2
5031,grp1,train,16s_C.elegans_domain3
5032,grp1,train,16s_C.elegans_domain4
5033,grp1,train,16s_C.psittaci_domain2
5034,grp1,train,16s_C.psittaci_domain3
5035,grp1,train,16s_C.psittaci_domain4
5036,grp1,train,16s_C.reinhardtii.chloro_domain1
5037,grp1,train,16s_C.reinhardtii.chloro_domain2
5038,grp1,train,16s_C.reinhardtii.chloro_domain3
5039,grp1,train,16s_C.reinhardtii.chloro_domain4
5040,grp1,train,16s_C.reinhardtii.mito_domain1
5041,grp1,train,16s_C.reinhardtii.mito_domain2
5042,grp1,train,16s_C.reinhardtii.mito_domain3
5043,grp1,train,16s_C.reinhardtii.mito_domain4
5044,grp1,train,16s_D.melanogaster_domain4
5045,grp1,train,16s_E.coli_domain2
5046,grp1,train,16s_E.coli_domain3
5047,grp1,train,16s_E.coli_domain4
5048,grp1,train,16s_F.ananassa_domain3
5049,grp1,train,16s_F.ananassa_domain4
5050,grp1,train,16s_G.intestinalis_domain1
5051,grp1,train,16s_G.intestinalis_domain2
5052,grp1,train,16s_G.intestinalis_domain3
5053,grp1,train,16s_G.intestinalis_domain4
5054,grp1,train,16s_H.sapiens.mito_domain1
5055,grp1,train,16s_H.sapiens.mito_domain2
5056,grp1,train,16s_H.sapiens.mito_domain3
5057,grp1,train,16s_H.sapiens.mito_domain4
5058,grp1,train,16s_H.sapiens_domain3
5059,grp1,train,16s_H.sapiens_domain4
5060,grp1,train,16s_H.volcanii_domain1
5061,grp1,train,16s_H.volcanii_domain2
5062,grp1,train,16s_H.volcanii_domain3
5063,grp1,train,16s_H.volcanii_domain4
5064,grp1,train,16s_M.polymorpha_domain2
5065,grp1,train,16s_M.polymorpha_domain3
5066,grp1,train,16s_M.polymorpha_domain4
5067,grp1,train,16s_P.occultum_domain2
5068,grp1,train,16s_P.occultum_domain3
5069,grp1,train,16s_P.occultum_domain4
5070,grp1,train,16s_P.staleyi_domain2
5071,grp1,train,16s_P.staleyi_domain3
5072,grp1,train,16s_P.staleyi_domain4
5073,grp1,train,16s_S.cerevisiae_domain3
5074,grp1,train,16s_S.cerevisiae_domain4
5075,grp1,train,16s_T.gondii_domain3
5076,grp1,train,16s_T.gondii_domain4
5077,grp1,train,16s_T.maritima_domain2
5078,grp1,train,16s_T.maritima_domain3
5079,grp1,train,16s_T.maritima_domain4
5080,grp1,train,16s_Z.mays_domain1
5081,grp1,train,16s_Z.mays_domain2
5082,grp1,train,16s_Z.mays_domain3
5083,grp1,train,16s_Z.mays_domain4
5084,grp1,train,16s_A.fulgidus_domain2
5085,grp1,train,16s_A.fulgidus_domain3
5086,grp1,train,16s_A.fulgidus_domain4
5087,grp1,train,16s_A.pyrophilus_domain2
5088,grp1,train,16s_A.pyrophilus_domain4
5089,grp1,train,16s_B.burgdorferi_domain2
5090,grp1,train,16s_B.burgdorferi_domain3
5091,grp1,train,16s_B.burgdorferi_domain4
5092,grp1,train,16s_B.subtilis_domain2
5093,grp1,train,16s_B.subtilis_domain3
5094,grp1,train,16s_B.subtilis_domain4
5095,grp1,train,16s_C.elegans_domain1
5096,grp1,train,16s_C.elegans_domain2
5097,grp1,train,16s_C.elegans_domain3
5098,grp1,train,16s_C.elegans_domain4
5099,grp1,train,16s_C.psittaci_domain2
5100,grp1,train,16s_C.psittaci_domain3
5101,grp1,train,16s_C.psittaci_domain4
5102,grp1,train,16s_C.reinhardtii.chloro_domain1
5103,grp1,train,16s_C.reinhardtii.chloro_domain2
5104,grp1,train,16s_C.reinhardtii.chloro_domain3
5105,grp1,train,16s_C.reinhardtii.chloro_domain4
5106,grp1,train,16s_C.reinhardtii.mito_domain1
5107,grp1,train,16s_C.reinhardtii.mito_domain2
5108,grp1,train,16s_C.reinhardtii.mito_domain3
5109,grp1,train,16s_C.reinhardtii.mito_domain4
5110,grp1,train,16s_D.melanogaster_domain4
5111,grp1,train,16s_E.coli_domain2
5112,grp1,train,16s_E.coli_domain3
5113,grp1,train,16s_E.coli_domain4
5114,grp1,train,16s_F.ananassa_domain3
5115,grp1,train,16s_F.ananassa_domain4
5116,grp1,train,16s_G.intestinalis_domain1
5117,grp1,train,16s_G.intestinalis_domain2
5118,grp1,train,23s_B.subtilis_domain3
5119,grp1,train,23s_B.subtilis_domain4
5120,grp1,train,23s_B.subtilis_domain6
5121,grp1,train,23s_E.coli_domain3
5122,grp1,train,23s_E.coli_domain4
5123,grp1,train,23s_E.coli_domain6
5124,grp1,train,23s_H.pylori_domain3
5125,grp1,train,23s_H.pylori_domain4
5126,grp1,train,23s_H.pylori_domain6
5127,grp1,train,23s_S.aureus_domain3
5128,grp1,train,23s_S.aureus_domain4
5129,grp1,train,23s_S.aureus_domain6
5130,grp1,train,23s_T.thermophilus_domain3
5131,grp1,train,23s_T.thermophilus_domain4
5132,grp1,train,23s_T.thermophilus_domain6
5133,grp1,train,23s_B.subtilis_domain3
5134,grp1,train,23s_B.subtilis_domain4
5135,grp1,train,23s_B.subtilis_domain6
5136,grp1,train,23s_E.coli_domain3
5137,grp1,train,23s_E.coli_domain4
5138,grp1,train,23s_E.coli_domain6
5139,grp1,train,23s_H.pylori_domain3
5140,grp1,train,23s_H.pylori_domain4
5141,grp1,train,23s_H.pylori_domain6
5142,grp1,train,23s_S.aureus_domain3
5143,grp1,train,23s_S.aureus_domain4
5144,grp1,train,23s_S.aureus_domain6
5145,grp1,train,23s_T.thermophilus_domain3
5146,grp1,train,23s_T.thermophilus_domain4
5147,grp1,train,23s_T.thermophilus_domain6
5148,grp1,train,23s_B.subtilis_domain3
5149,grp1,train,23s_B.subtilis_domain4
5150,grp1,train,23s_B.subtilis_domain6
5151,grp1,train,23s_E.coli_domain3
5152,grp1,train,23s_E.coli_domain4
5153,grp1,train,23s_E.coli_domain6
5154,grp1,train,23s_H.pylori_domain3
5155,grp1,train,23s_H.pylori_domain4
5156,grp1,train,23s_H.pylori_domain6
5157,grp1,train,23s_S.aureus_domain3
5158,grp1,train,23s_S.aureus_domain4
5159,grp1,train,23s_S.aureus_domain6
5160,grp1,train,23s_T.thermophilus_domain3
5161,grp1,train,23s_T.thermophilus_domain4
5162,grp1,train,23s_T.thermophilus_domain6
5163,grp1,train,23s_B.subtilis_domain3
5164,grp1,train,23s_B.subtilis_domain4
5165,grp1,train,23s_B.subtilis_domain6
5166,grp1,train,23s_E.coli_domain3
5167,grp1,train,23s_E.coli_domain4
5168,grp1,train,23s_E.coli_domain6
5169,grp1,train,23s_H.pylori_domain3
5170,grp1,train,23s_H.pylori_domain4
5171,grp1,train,23s_H.pylori_domain6
5172,grp1,train,23s_S.aureus_domain3
5173,grp1,train,23s_S.aureus_domain4
5174,grp1,train,23s_S.aureus_domain6
5175,grp1,train,23s_T.thermophilus_domain3
5176,grp1,train,23s_T.thermophilus_domain4
5177,grp1,train,23s_T.thermophilus_domain6
5178,grp1,train,23s_B.subtilis_domain3
5179,grp1,train,23s_B.subtilis_domain4
5180,grp1,train,23s_B.subtilis_domain6
5181,grp1,train,23s_E.coli_domain3
5182,grp1,train,23s_E.coli_domain4
5183,grp1,train,23s_E.coli_domain6
5184,grp1,train,23s_H.pylori_domain3
5185,grp1,train,23s_H.pylori_domain4
5186,grp1,train,23s_H.pylori_domain6
5187,grp1,train,23s_S.aureus_domain3
5188,grp1,train,23s_S.aureus_domain4
5189,grp1,train,23s_S.aureus_domain6
5190,grp1,train,23s_T.thermophilus_domain3
5191,grp1,train,23s_T.thermophilus_domain4
5192,grp1,train,23s_T.thermophilus_domain6
5193,grp1,train,23s_B.subtilis_domain3
5194,grp1,train,23s_B.subtilis_domain4
5195,grp1,train,23s_B.subtilis_domain6
5196,grp1,train,23s_E.coli_domain3
5197,grp1,train,23s_E.coli_domain4
5198,grp1,train,23s_E.coli_domain6
5199,grp1,train,23s_H.pylori_domain3
5200,grp1,train,23s_H.pylori_domain4
5201,grp1,train,23s_H.pylori_domain6
5202,grp1,train,23s_S.aureus_domain3
5203,grp1,train,23s_S.aureus_domain4
5204,grp1,train,23s_S.aureus_domain6
5205,grp1,train,23s_T.thermophilus_domain3
5206,grp1,train,23s_T.thermophilus_domain4
5207,grp1,train,23s_T.thermophilus_domain6
5208,grp1,train,23s_B.subtilis_domain3
5209,grp1,train,23s_B.subtilis_domain4
5210,grp1,train,23s_B.subtilis_domain6
5211,grp1,train,23s_E.coli_domain3
5212,grp1,train,23s_E.coli_domain4
5213,grp1,train,23s_E.coli_domain6
5214,grp1,train,23s_H.pylori_domain3
5215,grp1,train,23s_H.pylori_domain4
5216,grp1,train,23s_H.pylori_domain6
5217,grp1,train,23s_S.aureus_domain3
5218,grp1,train,5s_Agrobacterium-tumefaciens-7
5219,grp1,train,5s_Alcaligenes-faecalis-2
5220,grp1,train,5s_Antheraea-pernyi-1
5221,grp1,train,5s_Arthrobacter-polychromogenes-1
5222,grp1,train,5s_Asellus-aquaticus-2
5223,grp1,train,5s_Aspergillus-versicolor-1
5224,grp1,train,5s_Bacillus-anthracis-3
5225,grp1,train,5s_Bacillus-cereus-1
5226,grp1,train,5s_Bacillus-cereus-10
5227,grp1,train,5s_Bacillus-licheniformis-1
5228,grp1,train,5s_Bacillus-methanolicus-7
5229,grp1,train,5s_Bacillus-methanolicus-9
5230,grp1,train,5s_Basidiobolus-magnus-1
5231,grp1,train,5s_Blastocladiella-simplex-1
5232,grp1,train,5s_Bullera-alba-1
5233,grp1,train,5s_Burkholderia-mallei-1
5234,grp1,train,5s_Candidatus-Tremblaya-princeps-1
5235,grp1,train,5s_Cerastoderma-glaucum-1
5236,grp1,train,5s_Coleosporium-tussilaginis-1
5237,grp1,train,5s_Comamonas-terrigena-1
5238,grp1,train,5s_Corynebacterium-variabile-1
5239,grp1,train,5s_Corynebacterium-xerosis-2
5240,grp1,train,5s_Cryptococcus-bacillisporus-1
5241,grp1,train,5s_Daphnia-magna-1
5242,grp1,train,5s_Deinococcus-radiophilus-1
5243,grp1,train,5s_Desulfurococcus-mobilis-1
5244,grp1,train,5s_Dichelobacter-nodosus-1
5245,grp1,train,5s_Dipsacomyces-acuminosporus-1
5246,grp1,train,5s_Erysipelothrix-rhusiopathiae-1
5247,grp1,train,5s_Esch_coli5B
5248,grp1,train,5s_Euplotes-vannus-1
5249,grp1,train,5s_Fluoribacter-bozemanae-1
5250,grp1,train,5s_Frankia-sp.-3
5251,grp1,train,5s_Fusarium-culmorum-4
5252,grp1,train,5s_Genistelloides-hibernus-1
5253,grp1,train,5s_Geobacillus-kaustophilus-7
5254,grp1,train,5s_Halobacterium-sp.-1
5255,grp1,train,5s_Hyphomicrobium-sp.-6
5256,grp1,train,5s_Legionella-pneumophila-1
5257,grp1,train,5s_Leuconostoc-mesenteroides-1
5258,grp1,train,5s_Linderina-macrospora-1
5259,grp1,train,5s_Listeria-ivanovii-1
5260,grp1,train,5s_Locusta-migratoria-1
5261,grp1,train,5s_Medicago-sativa-1
5262,grp1,train,5s_Meloidogyne-chitwoodi-1
5263,grp1,train,5s_Methanococcus-voltae-2
5264,grp1,train,5s_Methanothermobacter-thermautotrophicus-3
5265,grp1,train,5s_Microtetraspora-glauca-1
5266,grp1,train,5s_Mycoplasma-mobile-1
5267,grp1,train,5s_Mycoplasma-mycoides-1
5268,grp1,train,5s_Mycoplasma-mycoides-3
5269,grp1,train,5s_Mycoplasma-penetrans-1
5270,grp1,train,5s_Myxococcus-coralloides-1
5271,grp1,train,5s_Neurospora-crassa-10
5272,grp1,train,5s_Neurospora-crassa-13
5273,grp1,train,5s_Nitella-flexilis-1
5274,grp1,train,5s_Paracentrotus-lividus-1
5275,grp1,train,5s_Paracoccus-denitrificans-1
5276,grp1,train,5s_Phaffia-rhodozyma-1
5277,grp1,train,5s_Pichia-angusta-1
5278,grp1,train,5s_Pichia-jadinii-2
5279,grp1,train,5s_Pichia-membranifaciens-1
5280,grp1,train,5s_Pinus-contorta-1
5281,grp1,train,5s_Planobispora-longispora-1
5282,grp1,train,5s_Pseudomonas-fluorescens-1
5283,grp1,train,5s_Pseudomonas-fluorescens-3
5284,grp1,train,5s_Pseudomonas-fluorescens-4
5285,grp1,train,5s_Ralstonia-solanacearum-1
5286,grp1,train,5s_Rana-catesbeiana-1
5287,grp1,train,5s_Rana-pipiens-1
5288,grp1,train,5s_Renibacterium-salmoninarum-1
5289,grp1,train,5s_Renobacter-vaculatum-1
5290,grp1,train,5s_Rhizoctonia-globularis-1
5291,grp1,train,5s_Rickettsia-conorii-1
5292,grp1,train,5s_Rickettsia-moozeri-1
5293,grp1,train,5s_Salmonella-enterica-3
5294,grp1,train,5s_Salmonella-enterica-4
5295,grp1,train,5s_Salmonella-enterica-7
5296,grp1,train,5s_Saprospira-grandis-1
5297,grp1,train,5s_Shewanella-colwelliana-1
5298,grp1,train,5s_Spiroplasma-melliferum-1
5299,grp1,train,5s_Starkeya-novella-1
5300,grp1,train,5s_Stella-humosa-1
5301,grp1,train,5s_Streptococcus-mutans-3
5302,grp1,train,5s_Streptococcus-pneumoniae-2
5303,grp1,train,5s_Streptomyces-avermitilis-1
5304,grp1,train,5s_Thermoactinomyces-vulgaris-1
5305,grp1,train,5s_Thermoplasma-acidophilum-1
5306,grp1,train,5s_Thermus-aquaticus-1
5307,grp1,train,5s_Thermus-thermophilus-1
5308,grp1,train,5s_Thiovulum-sp.-1
5309,grp1,train,5s_Tinca-tinca-1
5310,grp1,train,5s_Vibrio-cholerae-3
5311,grp1,train,5s_Vibrio-fischeri-1
5312,grp1,train,5s_Vibrio-mediterranei-1
5313,grp1,train,5s_Vicia-faba-1
5314,grp1,train,5s_Vitreoscilla-beggiatoides-1
5315,grp1,train,5s_Wolbachia-endosymbiont-of-D.-melanogaster-1
5316,grp1,train,5s_Xanthomonas-campestris-1
5317,grp1,train,5s_Xenopus-laevis-7
5318,grp1,train,RNaseP_A.brierleyi
5319,grp1,train,RNaseP_A.erythreum
5320,grp1,train,RNaseP_A.ferrooxidans
5321,grp1,train,RNaseP_A.fulgidus
5322,grp1,train,RNaseP_A.obstetricans
5323,grp1,train,RNaseP_A.paspali
5324,grp1,train,RNaseP_A.telluris
5325,grp1,train,RNaseP_B.brevis
5326,grp1,train,RNaseP_BH145
5327,grp1,train,RNaseP_Buchnera-APS
5328,grp1,train,RNaseP_C.crescentus
5329,grp1,train,RNaseP_C.jejuni
5330,grp1,train,RNaseP_C.limicola
5331,grp1,train,RNaseP_C.psittaci-R54
5332,grp1,train,RNaseP_CPA49
5333,grp1,train,RNaseP_CPA58
5334,grp1,train,RNaseP_CPA63
5335,grp1,train,RNaseP_CPB139
5336,grp1,train,RNaseP_CPB147
5337,grp1,train,RNaseP_CPB75
5338,grp1,train,RNaseP_CPB80
5339,grp1,train,RNaseP_Calothrix-PCC7601
5340,grp1,train,RNaseP_D.radiodurans-g
5341,grp1,train,RNaseP_E.coli-JM109
5342,grp1,train,RNaseP_E.faecalis
5343,grp1,train,RNaseP_EF
5344,grp1,train,RNaseP_EM14b-11
5345,grp1,train,RNaseP_EM14b-9
5346,grp1,train,RNaseP_ERE
5347,grp1,train,RNaseP_ESH167F
5348,grp1,train,RNaseP_ESH210B
5349,grp1,train,RNaseP_ESH30-3
5350,grp1,train,RNaseP_ESH46a-1
5351,grp1,train,RNaseP_F.antarctica
5352,grp1,train,RNaseP_F.yabuuchiae
5353,grp1,train,RNaseP_G.sulfurreducens
5354,grp1,train,RNaseP_H.mobilis
5355,grp1,train,RNaseP_K.thermotolerans
5356,grp1,train,RNaseP_L.japonicus-IFO12422
5357,grp1,train,RNaseP_L.weilii
5358,grp1,train,RNaseP_LGB21
5359,grp1,train,RNaseP_LGB32
5360,grp1,train,RNaseP_M.genitalium
5361,grp1,train,RNaseP_M.thermoautotrophicumDH-g
5362,grp1,train,RNaseP_M.thermolithotrophicus
5363,grp1,train,RNaseP_M.tuberculosis-g
5364,grp1,train,RNaseP_Mxa1
5365,grp1,train,RNaseP_N.gonnorhoeae
5366,grp1,train,RNaseP_N.luteus
5367,grp1,train,RNaseP_N.simplex
5368,grp1,train,RNaseP_Nostoc-PCC7413
5369,grp1,train,RNaseP_Onchorhynchus-2
5370,grp1,train,RNaseP_P.aerogenes
5371,grp1,train,RNaseP_P.azotoformans
5372,grp1,train,RNaseP_P.fluorescens
5373,grp1,train,RNaseP_P.hollandica
5374,grp1,train,RNaseP_P.innocua
5375,grp1,train,RNaseP_P.maris
5376,grp1,train,RNaseP_P.shigelloides
5377,grp1,train,RNaseP_P.staleyi
5378,grp1,train,RNaseP_P.strasburgensis
5379,grp1,train,RNaseP_P.vulgaris
5380,grp1,train,RNaseP_P126
5381,grp1,train,RNaseP_PS27
5382,grp1,train,RNaseP_PS4
5383,grp1,train,RNaseP_PS6
5384,grp1,train,RNaseP_Prochlorococcus-TATL2-2
5385,grp1,train,RNaseP_Pseudoanabaena-PCC6903
5386,grp1,train,RNaseP_R.americana-mito
5387,grp1,train,RNaseP_S.caesia-K76T
5388,grp1,train,RNaseP_S.caesia-SB01
5389,grp1,train,RNaseP_S.caesia-SB22
5390,grp1,train,RNaseP_S.japonicus
5391,grp1,train,RNaseP_S.polymorpha
5392,grp1,train,RNaseP_S.putrefaciens
5393,grp1,train,RNaseP_SM-A02
5394,grp1,train,RNaseP_SM-A04
5395,grp1,train,RNaseP_SM-A05
5396,grp1,train,RNaseP_SM-A0911
5397,grp1,train,RNaseP_SM-A1113
5398,grp1,train,RNaseP_SM-A1519
5399,grp1,train,RNaseP_SM-A1621
5400,grp1,train,RNaseP_SM-A2135
5401,grp1,train,RNaseP_SM-A3355
5402,grp1,train,RNaseP_SM-A3862
5403,grp1,train,RNaseP_SM-A6296
5404,grp1,train,RNaseP_SM2
5405,grp1,train,RNaseP_SMB-A3
5406,grp1,train,RNaseP_SMB-B4
5407,grp1,train,RNaseP_Saccharomonospora-K180
5408,grp1,train,RNaseP_Synechococcus-PCC7003
5409,grp1,train,RNaseP_Synechocystis-PCC6803
5410,grp1,train,RNaseP_T.commune
5411,grp1,train,RNaseP_T.delbrueckii
5412,grp1,train,RNaseP_T.pallidum
5413,grp1,train,RNaseP_U.urealyticum
5414,grp1,train,RNaseP_UK5
5415,grp1,train,RNaseP_WB3
5416,grp1,train,RNaseP_X.fastidiosa
5417,grp1,train,RNaseP_Y.pestis
5418,grp1,test,grp1_a.I1.b.Dermocarpa.sp.ATCC29371.C3.tMET
5419,grp1,test,grp1_a.I1.b.Phormidium.sp.N182.C3.tLEU
5420,grp1,test,grp1_a.I1.b.S.hofmanii.C3.tMET
5421,grp1,test,grp1_a.I1.b.Synechococcus.sp2.C3.tLEU
5422,grp1,test,grp1_a.I1.c.A.cherimola.C3.tLEU
5423,grp1,test,grp1_a.I1.c.G.prostrata.C3.tLEU
5424,grp1,test,grp1_a.I1.c.S.bicolor.C3.tLEU
5425,grp1,test,grp1_a.I1.e.A.adeninivorans.C1.LSU.2449
5426,grp1,test,grp1_a.I1.e.A.capsulatus.CBS213.53.C1.SSU.943
5427,grp1,test,grp1_a.I1.e.A.capsulatus.FLs1.C1.SSU
5428,grp1,test,grp1_a.I1.e.A.capsulatus.G184B.C1.SSU
5429,grp1,test,grp1_a.I1.e.A.capsulatus.G186B.C1.SSU
5430,grp1,test,grp1_a.I1.e.A.stipitatus.C1.SSU.1046
5431,grp1,test,grp1_a.I1.e.B.ciliata.JCM6865.C1.SSU.1506
5432,grp1,test,grp1_a.I1.e.B.ciliata.JCM6865.C1.SSU.943
5433,grp1,test,grp1_a.I1.e.B.yamatoana.JCM2896.C1.SSU.1506
5434,grp1,test,grp1_a.I1.e.B.yamatoana.JCM2896.C1.SSU.943
5435,grp1,test,grp1_a.I1.e.C.ellipsoidea.211-1a.C1.SSU.1506
5436,grp1,test,grp1_a.I1.e.C.ellipsoidea.IAMC-87.C1.SSU.1506
5437,grp1,test,grp1_a.I1.e.C.grayi.UNK.SSU.1046
5438,grp1,test,grp1_a.I1.e.C.grayi.UNK.SSU.1516
5439,grp1,test,grp1_a.I1.e.C.merochlorophea.UNK.SSU.1046
5440,grp1,test,grp1_a.I1.e.C.merochlorophea.UNK.SSU.1210
5441,grp1,test,grp1_a.I1.e.C.merochlorophea.UNK.SSU.1389
5442,grp1,test,grp1_a.I1.e.C.merochlorophea.UNK.SSU.1516
5443,grp1,test,grp1_a.I1.e.C.saccatum.C1.SSU.1512
5444,grp1,test,grp1_a.I1.e.C.saxonicum.C1.SSU.1506
5445,grp1,test,grp1_a.I1.e.D.parva.C1.SSU.1512
5446,grp1,test,grp1_a.I1.e.D.parva.C1.SSU.943
5447,grp1,test,grp1_a.I1.e.D.salina.C1.SSU.943
5448,grp1,test,grp1_a.I1.e.E.dermatitidis.C1.SSU.943
5449,grp1,test,grp1_a.I1.e.G.planctonica.C1.SSU.943
5450,grp1,test,grp1_a.I1.e.G.spirotaenia.C1.SSU.1506
5451,grp1,test,grp1_a.I1.e.L.dispersa.UNK.SSU.1046
5452,grp1,test,grp1_a.I1.e.L.dispersa.UNK.SSU.114
5453,grp1,test,grp1_a.I1.e.L.dispersa.UNK.SSU.1210
5454,grp1,test,grp1_a.I1.e.L.dispersa.UNK.SSU.1516
5455,grp1,test,grp1_a.I1.e.L.dispersa.UNK.SSU.287
5456,grp1,test,grp1_a.I1.e.L.dispersa.UNK.SSU.516
5457,grp1,test,grp1_a.I1.e.L.dispersa.UNK.SSU.789
5458,grp1,test,grp1_a.I1.e.M.caldariorum.C1.SSU.1506
5459,grp1,test,grp1_a.I1.e.P.carinii.C1.SSU.1506
5460,grp1,test,grp1_a.I1.e.P.carinii.Pc1.C1.LSU.1921
5461,grp1,test,grp1_a.I1.e.P.carinii.Pc2.C1.LSU.1921
5462,grp1,test,grp1_a.I1.e.P.carinii.Pc3.C1.LSU.1921
5463,grp1,test,grp1_a.I1.e.P.clavariiformis.C1.SSU.943
5464,grp1,test,grp1_a.I1.e.P.inouyei.C1.SSU.1506
5465,grp1,test,grp1_a.I1.e.P.inouyei.C1.SSU.943
5466,grp1,test,grp1_a.I1.e.P.macrosporus.C1.SSU.1506
5467,grp1,test,grp1_a.I1.e.P.macrosporus.C1.SSU.943
5468,grp1,test,grp1_a.I1.e.P.pachydermus.C1.SSU.943
5469,grp1,test,grp1_a.I1.e.P.sarcinoidea.C1.SSU.943
5470,grp1,test,grp1_a.I1.e.S.granulatum.C1.SSU.1506
5471,grp1,test,grp1_a.I1.e.S.paniceum.UNK.SSU.1052
5472,grp1,test,grp1_a.I1.e.S.paniceum.UNK.SSU.114
5473,grp1,test,grp1_a.I1.e.S.paniceum.UNK.SSU.1210
5474,grp1,test,grp1_a.I1.e.S.paniceum.UNK.SSU.1506
5475,grp1,test,grp1_a.I1.e.S.paniceum.UNK.SSU.287
5476,grp1,test,grp1_a.I1.e.S.sclerotiorum_1837.C1.LSU.798
5477,grp1,test,grp1_a.I1.e.Staurastrum.sp.M752.C1.SSU.1506
5478,grp1,test,grp1_a.I1.e.Staurastrum.sp.M753.C1.SSU.1506
5479,grp1,test,grp1_a.I1.e.T.cosmopolitanis.C1.LSU.1925
5480,grp1,test,grp1_a.I1.e.T.hyperangularis.C1.LSU.1925
5481,grp1,test,grp1_a.I1.e.T.malaccensis.C1.LSU.1925
5482,grp1,test,grp1_a.I1.e.T.pigmentosa.C1.LSU.1925
5483,grp1,test,grp1_a.I1.e.U.maydis.C1.SSU.943
5484,grp1,test,grp1_a.I1.m.M.grisea.B2.ND1
5485,grp1,test,grp1_a.I1.m.S.luteus.A1.LSU.2504
5486,grp1,test,grp1_a.I1.m.S.pombe.B1.OX1
5487,grp1,test,grp1_b.I1.e.C.saccharophila.C1.SSU.156
5488,grp1,test,grp1_b.I1.e.M.anisopliae.2.C1.LSU.1921
5489,grp1,test,grp1_b.I1.e.M.anisopliae.3.C1.LSU.1921
5490,grp1,test,grp1_b.I1.e.T.thermophila.C1.LSU.1925
5491,grp1,test,grp1_s.I1.e.T.thermophila.C1.LSU.1925.schem
5492,grp1,train,srp_Aede.aegy._DW714804
5493,grp1,train,srp_Ajel.caps._CV620298
5494,grp1,train,srp_Arab.thal._AC005275
5495,grp1,train,srp_Baci.mega._D11414
5496,grp1,train,srp_Baci.poly._D11421
5497,grp1,train,srp_Baci.subt._D11417
5498,grp1,train,srp_Baci.thur._CP000485
5499,grp1,train,srp_Baci.thur._D11412
5500,grp1,train,srp_Bord.pert._BX640415
5501,grp1,train,srp_Brug.mala._GSP-6279
5502,grp1,train,srp_Buch.aphi._AE016826
5503,grp1,train,srp_Burk.pseu._CP000570
5504,grp1,train,srp_Burk.pseu._CP000572
5505,grp1,train,srp_Cani.spec._SDB-9616
5506,grp1,train,srp_Carb.hydr._CP000141
5507,grp1,train,srp_Chla.trac._AE001298
5508,grp1,train,srp_Cion.inte._BW088710
5509,grp1,train,srp_Clav.lusi._GSP-306902
5510,grp1,train,srp_Clos.botu._AM412317
5511,grp1,train,srp_Clos.kluy._CP000673
5512,grp1,train,srp_Cory.jeik._CR931997
5513,grp1,train,srp_Cyan.mero._AB002583
5514,grp1,train,srp_Dani.reri._EH513970
5515,grp1,train,srp_Dech.arom._CP000089
5516,grp1,train,srp_Desu.vulg._AE017285
5517,grp1,train,srp_Desu.vulg._CP000527
5518,grp1,train,srp_Dros.mela._AE001572
5519,grp1,train,srp_Dros.mela._AE014297
5520,grp1,train,srp_Dros.mela._X01056
5521,grp1,train,srp_Enta.mosh._GSP-41668
5522,grp1,train,srp_Ento.sulc._AF095839
5523,grp1,train,srp_Esch.coli._CP000247
5524,grp1,train,srp_Esch.coli._X01074
5525,grp1,train,srp_Fran.alni._CT573213
5526,grp1,train,srp_Fran.tula._AJ749949
5527,grp1,train,srp_Fran.tula._AM286280
5528,grp1,train,srp_Geob.kaus._BA000043
5529,grp1,train,srp_Halo.halo._CP000544
5530,grp1,train,srp_Heli.annu._AJ828095
5531,grp1,train,srp_Heli.hepa._AE017125
5532,grp1,train,srp_Kluy.walt._AADM01000319
5533,grp1,train,srp_Lact.acid._CP000033
5534,grp1,train,srp_Lact.john._AX926712
5535,grp1,train,srp_Legi.pneu._M31830
5536,grp1,train,srp_Leis.dono._AY781793
5537,grp1,train,srp_Leis.majo._AY722715
5538,grp1,train,srp_Lodd.elon._GSP-379508
5539,grp1,train,srp_Lott.giga._GSP-225164
5540,grp1,train,srp_Lyco.escu._Z29104
5541,grp1,train,srp_Medi.trun._BE941271
5542,grp1,train,srp_Medi.trun._CT485797
5543,grp1,train,srp_Meth.burt._CP000300
5544,grp1,train,srp_Meth.caps._AE017282
5545,grp1,train,srp_Meth.ferv._S49762
5546,grp1,train,srp_Meth.maze._AE008384
5547,grp1,train,srp_Mus.musc._AC126244
5548,grp1,train,srp_Myco.gall._AE015450
5549,grp1,train,srp_Myco.pneu._AE000044
5550,grp1,train,srp_Nect.haem._GSP-71109
5551,grp1,train,srp_Nost.spec._BA000019
5552,grp1,train,srp_Onch.volv._AI249203
5553,grp1,train,srp_Para.bras._CN241909
5554,grp1,train,srp_Pers.amer._X65992
5555,grp1,train,srp_Pich.stip._CP000502
5556,grp1,train,srp_Plas.chab._GSP-31271
5557,grp1,train,srp_Plas.falc._EF690554
5558,grp1,train,srp_Plas.yoel._GSP-352914
5559,grp1,train,srp_Porp.purp._U38804
5560,grp1,train,srp_Pris.paci._GSP-54126
5561,grp1,train,srp_Proc.mari._CP000552
5562,grp1,train,srp_Proc.mari._CP000576
5563,grp1,train,srp_Pseu.aeru._AE004091
5564,grp1,train,srp_Pseu.halo._CR954246
5565,grp1,train,srp_Pseu.syri._CP000075
5566,grp1,train,srp_Psyc.sp.._CP000713
5567,grp1,train,srp_Pyro.furi._AE010126
5568,grp1,train,srp_Rals.meta._CP000352
5569,grp1,train,srp_Ratt.norv._AA923995
5570,grp1,train,srp_Salm.ente._CP000026
5571,grp1,train,srp_Schi.pomb._X15220
5572,grp1,train,srp_Schm.medi._GSP-79327
5573,grp1,train,srp_Shew.spec._CP000444
5574,grp1,train,srp_Shew.spec._CP000469
5575,grp1,train,srp_Spra.loph._GSP-51541
5576,grp1,train,srp_Stap.aure._BX571856
5577,grp1,train,srp_Stap.aure._BX571857
5578,grp1,train,srp_Stap.haem._AP006716
5579,grp1,train,srp_Stap.sapr._AP008934
5580,grp1,train,srp_Stre.dysg._AJ489606
5581,grp1,train,srp_Stre.pneu._AE008386
5582,grp1,train,srp_Ther.mari._AE000512
5583,grp1,train,srp_Tric.eryt._CP000393
5584,grp1,train,srp_Trit.aest._BE424647
5585,grp1,train,srp_Trit.aest._X13915
5586,grp1,train,srp_Volv.cart._GSP-51971-1
5587,grp1,train,srp_Volv.cart._GSP-51971-2
5588,grp1,train,srp_Wolb.endo._AE017321
5589,grp1,train,srp_Xyle.fast._AE009442
5590,grp1,train,srp_Yers.pest._AL590842
5591,grp1,train,srp_Zea.mays._AY108846
5592,grp1,train,tRNA_tdbR00000003-Haloferax_volcanii-2246-Ala-GGC
5593,grp1,train,tRNA_tdbR00000004-Haloferax_volcanii-2246-Ala-UGC
5594,grp1,train,tRNA_tdbR00000007-Bacillus_subtilis-1423-Ala-5GC
5595,grp1,train,tRNA_tdbR00000010-Escherichia_coli-562-Ala-VGC
5596,grp1,train,tRNA_tdbR00000022-Enterobacteria_phage_T5-10726-Asp-GUC
5597,grp1,train,tRNA_tdbR00000030-Aedes_albopictus-7160-Asp-GUC
5598,grp1,train,tRNA_tdbR00000032-Rattus_norvegicus-10116-Asp-GUC
5599,grp1,train,tRNA_tdbR00000035-Saccharomyces_cerevisiae-4932-Asp-GUC
5600,grp1,train,tRNA_tdbR00000036-Euglena_gracilis-3039-Asp-GUC
5601,grp1,train,tRNA_tdbR00000041-Xenopus_laevis-8355-Asp-8UC
5602,grp1,train,tRNA_tdbR00000044-Mycoplasma_capricolum-2095-Glu-UC
5603,grp1,train,tRNA_tdbR00000049-Chlamydomonas_reinhardtii-3055-Glu-NUC
5604,grp1,train,tRNA_tdbR00000053-Bos_taurus-9913-Glu-NUC
5605,grp1,train,tRNA_tdbR00000058-Lupinus_luteus-3873-Glu-CUC
5606,grp1,train,tRNA_tdbR00000059-Rattus_norvegicus-10116-Glu-3UC
5607,grp1,train,tRNA_tdbR00000060-Drosophila_melanogaster-7227-Glu-2UC
5608,grp1,train,tRNA_tdbR00000064-Mycoplasma_capricolum-2095-Phe-GAA
5609,grp1,train,tRNA_tdbR00000065-Bacillus_subtilis-1423-Phe-AA
5610,grp1,train,tRNA_tdbR00000072-Phaseolus_vulgaris-3885-Phe-GAA
5611,grp1,train,tRNA_tdbR00000073-Spinacia_oleracea-3562-Phe-GAA
5612,grp1,train,tRNA_tdbR00000078-Ascaris_suum-6253-Phe-GAA
5613,grp1,train,tRNA_tdbR00000080-Bos_taurus-9913-Phe-GAA
5614,grp1,train,tRNA_tdbR00000083-Saccharomyces_cerevisiae-4932-Phe-AA
5615,grp1,train,tRNA_tdbR00000084-Saccharomyces_cerevisiae-4932-Phe-AA
5616,grp1,train,tRNA_tdbR00000089-Brassica_napus-3708-Phe-AA
5617,grp1,train,tRNA_tdbR00000099-Mus_musculus-10090-Phe-AA
5618,grp1,train,tRNA_tdbR00000101-Mus_musculus-10090-Phe-AA
5619,grp1,train,tRNA_tdbR00000103-Homo_sapiens-9606-Phe-AA
5620,grp1,train,tRNA_tdbR00000104-Enterobacteria_phage_T4-10665-Gly-NCC
5621,grp1,train,tRNA_tdbR00000105-Halobacterium_salinarum-2242-Gly-GCC
5622,grp1,train,tRNA_tdbR00000117-Escherichia_coli-562-Gly-CCC
5623,grp1,train,tRNA_tdbR00000121-Salmonella_typhimurium-602-Gly-NCC
5624,grp1,train,tRNA_tdbR00000123-Saccharomyces_cerevisiae-4932-Gly-NCC
5625,grp1,train,tRNA_tdbR00000132-Lupinus_luteus-3873-Gly-GCC
5626,grp1,train,tRNA_tdbR00000144-Saccharomyces_cerevisiae-4932-His-GUG
5627,grp1,train,tRNA_tdbR00000145-Saccharomyces_cerevisiae-4932-His-GUG
5628,grp1,train,tRNA_tdbR00000152-Haloferax_volcanii-2246-Ile-NAU
5629,grp1,train,tRNA_tdbR00000158-Escherichia_coli-562-Ile-GAU
5630,grp1,train,tRNA_tdbR00000159-Escherichia_coli-562-Ile-GAU
5631,grp1,train,tRNA_tdbR00000181-Escherichia_coli-562-Lys-SUU
5632,grp1,train,tRNA_tdbR00000189-Rattus_norvegicus-10116-Lys-NUU
5633,grp1,train,tRNA_tdbR00000200-Oryctolagus_cuniculus-9986-Lys-3UU
5634,grp1,train,tRNA_tdbR00000205-Loligo_bleekeri-6617-Lys-NUU
5635,grp1,train,tRNA_tdbR00000215-Haloferax_volcanii-2246-Leu-5AG
5636,grp1,train,tRNA_tdbR00000226-Synechococcus_elongatus_PCC_6301-269084-Leu-CAG
5637,grp1,train,tRNA_tdbR00000233-Phaseolus_vulgaris-3885-Leu-UA7
5638,grp1,train,tRNA_tdbR00000249-Saccharomyces_cerevisiae-4932-Leu-CAA
5639,grp1,train,tRNA_tdbR00000250-Saccharomyces_cerevisiae-4932-Leu-UAG
5640,grp1,train,tRNA_tdbR00000251-Saccharomyces_cerevisiae-4932-Leu-UAA
5641,grp1,train,tRNA_tdbR00000271-Haloferax_volcanii-2246-Met-BAU
5642,grp1,train,tRNA_tdbR00000275-Thermus_thermophilus-274-Met-CAU
5643,grp1,train,tRNA_tdbR00000277-Codium_fragile-3133-Met-CAU
5644,grp1,train,tRNA_tdbR00000284-Saccharomyces_cerevisiae-4932-Met-CAU
5645,grp1,train,tRNA_tdbR00000294-Mycoplasma_capricolum-2095-Asn-GUU
5646,grp1,train,tRNA_tdbR00000295-Escherichia_coli-562-Asn-QUU
5647,grp1,train,tRNA_tdbR00000296-Azospirillum_lipoferum-193-Asn-QUU
5648,grp1,train,tRNA_tdbR00000298-Asterias_amurensis-7602-Asn-GUU
5649,grp1,train,tRNA_tdbR00000301-Lupinus_luteus-3873-Asn-UU
5650,grp1,train,tRNA_tdbR00000314-Mycoplasma_capricolum-2095-Pro-UGG
5651,grp1,train,tRNA_tdbR00000316-Bacillus_subtilis-1423-Pro-5GG
5652,grp1,train,tRNA_tdbR00000320-Spinacia_oleracea-3562-Pro-NGG
5653,grp1,train,tRNA_tdbR00000335-Nicotiana_rustica-4093-Gln-NUG
5654,grp1,train,tRNA_tdbR00000336-Aedes_albopictus-7160-Gln-NUG
5655,grp1,train,tRNA_tdbR00000341-Rattus_norvegicus-10116-Gln-CUG
5656,grp1,train,tRNA_tdbR00000355-Escherichia_coli-562-Arg-ICG
5657,grp1,train,tRNA_tdbR00000356-Escherichia_coli-562-Arg-ICG
5658,grp1,train,tRNA_tdbR00000362-Saccharomyces_cerevisiae-4932-Arg-NCU
5659,grp1,train,tRNA_tdbR00000376-Bos_taurus-9913-Arg-3CP
5660,grp1,train,tRNA_tdbR00000384-Mycoplasma_capricolum-2095-Ser-GCU
5661,grp1,train,tRNA_tdbR00000387-Bacillus_subtilis-1423-Ser-5GA
5662,grp1,train,tRNA_tdbR00000390-Escherichia_coli-562-Ser-CGA
5663,grp1,train,tRNA_tdbR00000396-Saccharomyces_cerevisiae-4932-Ser-UGA
5664,grp1,train,tRNA_tdbR00000399-Aedes_albopictus-7160-Ser-GCU
5665,grp1,train,tRNA_tdbR00000400-Loligo_bleekeri-6617-Ser-7CU
5666,grp1,train,tRNA_tdbR00000406-Saccharomyces_cerevisiae-4932-Ser-NGA
5667,grp1,train,tRNA_tdbR00000407-Saccharomyces_cerevisiae-4932-Ser-IGA
5668,grp1,train,tRNA_tdbR00000422-Rattus_norvegicus-10116-Ser-GCU
5669,grp1,train,tRNA_tdbR00000427-Gallus_gallus-9031-Ser-UGA
5670,grp1,train,tRNA_tdbR00000430-Halobacterium_salinarum-2242-Thr-GGU
5671,grp1,train,tRNA_tdbR00000435-Mycoplasma_mycoides-2102-Thr-UGU
5672,grp1,train,tRNA_tdbR00000460-Aedes_albopictus-7160-Val-UAC
5673,grp1,train,tRNA_tdbR00000463-Bos_taurus-9913-Val-UAC
5674,grp1,train,tRNA_tdbR00000480-Mycoplasma_capricolum-2095-Trp-CA
5675,grp1,train,tRNA_tdbR00000485-Nicotiana_tabacum-4097-Trp-BCA
5676,grp1,train,tRNA_tdbR00000486-Phaseolus_vulgaris-3885-Trp-BCA
5677,grp1,train,tRNA_tdbR00000507-Bacillus_subtilis-1423-Ini-CAU
5678,grp1,train,tRNA_tdbR00000510-Escherichia_coli-562-Ini-CAU
5679,grp1,train,tRNA_tdbR00000516-Spinacia_oleracea-3562-Ini-CAU
5680,grp1,train,tRNA_tdbR00000522-Bos_taurus-9913-Ini-AU
5681,grp1,train,tRNA_tdbR00000529-Triticum_aestivum-4565-Ini-CAU
5682,grp1,train,tRNA_tdbR00000534-Euphausia_superba-6819-Ini-CAU
5683,grp1,train,tRNA_tdbR00000536-Salmo_salar-8030-Ini-CAU
5684,grp1,train,tRNA_tdbR00000553-Asterias_amurensis-7602-Tyr-GUA
5685,grp1,train,tRNA_tdbR00000556-Schizosaccharomyces_pombe-4896-Tyr-GPA
5686,grp1,train,tRNA_tdbR00000559-Triticum_aestivum-4565-Tyr-GPA
5687,grp1,train,tRNA_tdbR00000563-Lupinus_albus-3870-Tyr-GPA
5688,grp1,train,tRNA_tdbR00000576-Leishmania_tarentolae-5689-Asp-GUC
5689,grp1,train,tRNA_tdbR00000594-Ascaris_suum-6253-Leu-AA
5690,grp1,train,tRNA_tdbR00000610-Caulobacter_crescentus_CB15-190650-His-GUG
5691,grp1,train,tRNA_tdbR00000619-Toxoplasma_gondii-5811-Met-CAU
5692,grp1,train,telomerase_AC121792.109554-109950
5693,grp1,train,telomerase_AF147806.247-692
5694,grp1,train,telomerase_AF221906.96-545
5695,grp1,train,telomerase_AF221908.136-584
5696,grp1,train,telomerase_AF221909.98-496
5697,grp1,train,telomerase_AF221910.112-554
5698,grp1,train,telomerase_AF221911.104-513
5699,grp1,train,telomerase_AF221912.98-564
5700,grp1,train,telomerase_AF221913.109-520
5701,grp1,train,telomerase_AF221914.112-589
5702,grp1,train,telomerase_AF221916.94-481
5703,grp1,train,telomerase_AF221917.99-542
5704,grp1,train,telomerase_AF221918.97-547
5705,grp1,train,telomerase_AF221919.107-614
5706,grp1,train,telomerase_AF221920.99-541
5707,grp1,train,telomerase_AF221921.98-548
5708,grp1,train,telomerase_AF221923.106-554
5709,grp1,train,telomerase_AF221924.105-538
5710,grp1,train,telomerase_AF221925.98-540
5711,grp1,train,telomerase_AF221926.103-507
5712,grp1,train,telomerase_AF221927.113-556
5713,grp1,train,telomerase_AF221928.95-476
5714,grp1,train,telomerase_AF221929.92-517
5715,grp1,train,telomerase_AF221930.94-546
5716,grp1,train,telomerase_AF221931.99-541
5717,grp1,train,telomerase_AF221932.102-549
5718,grp1,train,telomerase_AF221934.121-565
5719,grp1,train,telomerase_AF221935.112-602
5720,grp1,train,telomerase_AF221936.98-540
5721,grp1,train,telomerase_AF221937.99-545
5722,grp1,train,telomerase_AF221939.99-544
5723,grp1,train,telomerase_AF221940.103-499
5724,grp1,train,telomerase_AY058901.1-397
5725,grp1,train,telomerase_AY312571.605-1069
5726,grp1,train,telomerase_U85256.1-451
5727,grp1,train,telomerase_AC121792.109554-109950
5728,grp1,train,telomerase_AF147806.247-692
5729,grp1,train,telomerase_AF221906.96-545
5730,grp1,train,telomerase_AF221908.136-584
5731,grp1,train,telomerase_AF221909.98-496
5732,grp1,train,telomerase_AF221910.112-554
5733,grp1,train,telomerase_AF221911.104-513
5734,grp1,train,telomerase_AF221912.98-564
5735,grp1,train,telomerase_AF221913.109-520
5736,grp1,train,telomerase_AF221914.112-589
5737,grp1,train,telomerase_AF221916.94-481
5738,grp1,train,telomerase_AF221917.99-542
5739,grp1,train,telomerase_AF221918.97-547
5740,grp1,train,telomerase_AF221919.107-614
5741,grp1,train,telomerase_AF221920.99-541
5742,grp1,train,telomerase_AF221921.98-548
5743,grp1,train,telomerase_AF221923.106-554
5744,grp1,train,telomerase_AF221924.105-538
5745,grp1,train,telomerase_AF221925.98-540
5746,grp1,train,telomerase_AF221926.103-507
5747,grp1,train,telomerase_AF221927.113-556
5748,grp1,train,telomerase_AF221928.95-476
5749,grp1,train,telomerase_AF221929.92-517
5750,grp1,train,telomerase_AF221930.94-546
5751,grp1,train,telomerase_AF221931.99-541
5752,grp1,train,telomerase_AF221932.102-549
5753,grp1,train,telomerase_AF221934.121-565
5754,grp1,train,telomerase_AF221935.112-602
5755,grp1,train,telomerase_AF221936.98-540
5756,grp1,train,telomerase_AF221937.99-545
5757,grp1,train,telomerase_AF221939.99-544
5758,grp1,train,telomerase_AF221940.103-499
5759,grp1,train,telomerase_AY058901.1-397
5760,grp1,train,telomerase_AY312571.605-1069
5761,grp1,train,telomerase_U85256.1-451
5762,grp1,train,telomerase_AC121792.109554-109950
5763,grp1,train,telomerase_AF147806.247-692
5764,grp1,train,telomerase_AF221906.96-545
5765,grp1,train,telomerase_AF221908.136-584
5766,grp1,train,telomerase_AF221909.98-496
5767,grp1,train,telomerase_AF221910.112-554
5768,grp1,train,telomerase_AF221911.104-513
5769,grp1,train,telomerase_AF221912.98-564
5770,grp1,train,telomerase_AF221913.109-520
5771,grp1,train,telomerase_AF221914.112-589
5772,grp1,train,telomerase_AF221916.94-481
5773,grp1,train,telomerase_AF221917.99-542
5774,grp1,train,telomerase_AF221918.97-547
5775,grp1,train,telomerase_AF221919.107-614
5776,grp1,train,telomerase_AF221920.99-541
5777,grp1,train,telomerase_AF221921.98-548
5778,grp1,train,telomerase_AF221923.106-554
5779,grp1,train,telomerase_AF221924.105-538
5780,grp1,train,telomerase_AF221925.98-540
5781,grp1,train,telomerase_AF221926.103-507
5782,grp1,train,telomerase_AF221927.113-556
5783,grp1,train,telomerase_AF221928.95-476
5784,grp1,train,telomerase_AF221929.92-517
5785,grp1,train,telomerase_AF221930.94-546
5786,grp1,train,telomerase_AF221931.99-541
5787,grp1,train,telomerase_AF221932.102-549
5788,grp1,train,telomerase_AF221934.121-565
5789,grp1,train,telomerase_AF221935.112-602
5790,grp1,train,telomerase_AF221936.98-540
5791,grp1,train,telomerase_AF221937.99-545
5792,grp1,train,tmRNA_Acti.acti._TRW-272556_1-366
5793,grp1,train,tmRNA_Acti.naes._TRW-240017_1-371
5794,grp1,train,tmRNA_Anab.vari._CP000117_1-390
5795,grp1,train,tmRNA_Aqui.aeol._TRW-63363_1-347
5796,grp1,train,tmRNA_Azoa.spec._TRW-62928_1-378
5797,grp1,train,tmRNA_Baci.G._TRW-12333_1-312
5798,grp1,train,tmRNA_Baci.anth._AE016879_1-355
5799,grp1,train,tmRNA_Baci.clau._AP006627_1-355
5800,grp1,train,tmRNA_Bact.frag._CR626927_1-398
5801,grp1,train,tmRNA_Bord.aviu._AM167904_1-406
5802,grp1,train,tmRNA_Bord.bron._TRW-257310_1-387
5803,grp1,train,tmRNA_Borr.gari._CP000013_1-363
5804,grp1,train,tmRNA_Burk.pseu._TRW-28450_1-370
5805,grp1,train,tmRNA_Camp.coli._AL111168_1-359
5806,grp1,train,tmRNA_Camp.coli._TRW-306254_1-359
5807,grp1,train,tmRNA_Camp.jeju._AL139078_1-356
5808,grp1,train,tmRNA_Chla.pneu._AE002224_1-423
5809,grp1,train,tmRNA_Chla.pneu._TRW-83558_1-426
5810,grp1,train,tmRNA_Chla.trac._TRW-813-1_1-420
5811,grp1,train,tmRNA_Chla.trac._TRW-813-2_1-420
5812,grp1,train,tmRNA_Chlo.tepi._TRW-194439_1-404
5813,grp1,train,tmRNA_Clos.acet._AE001437_1-359
5814,grp1,train,tmRNA_Copr.prot._TRW-351627_1-353
5815,grp1,train,tmRNA_Cyan.mero._TRW-45157_1-236
5816,grp1,train,tmRNA_Cyan.para._TRW-2762_1-294
5817,grp1,train,tmRNA_Desu.vulg._AE017285_1-352
5818,grp1,train,tmRNA_Ente.faec._TRW-1352_1-367
5819,grp1,train,tmRNA_Esch.coli._CP000468_1-363
5820,grp1,train,tmRNA_Esch.coli._D90888_1-363
5821,grp1,train,tmRNA_Fibr.succ._TRW-59374_1-361
5822,grp1,train,tmRNA_Fran.tula._AJ749949_1-421
5823,grp1,train,tmRNA_Fran.tula._AM286280_1-421
5824,grp1,train,tmRNA_Gemm.obsc._TRW-214688_1-412
5825,grp1,train,tmRNA_Haem.somn._CP000436_1-367
5826,grp1,train,tmRNA_Heli.pylo._AE001503_1-383
5827,grp1,train,tmRNA_Heli.pylo._TRW-85962_1-386
5828,grp1,train,tmRNA_Kleb.pneu._TRW-272620_1-363
5829,grp1,train,tmRNA_Lact.acid._CP000033_1-369
5830,grp1,train,tmRNA_Lact.delb._AF440335_1-316
5831,grp1,train,tmRNA_Lact.delb._TRW-321956_1-362
5832,grp1,train,tmRNA_Lact.gass._TRW-1596_1-366
5833,grp1,train,tmRNA_Lact.john._TRW-257314_1-367
5834,grp1,train,tmRNA_Lact.lact._AF176556_1-359
5835,grp1,train,tmRNA_Lact.sake._AF400065_1-370
5836,grp1,train,tmRNA_Lact.sake._TRW-314315_1-370
5837,grp1,train,tmRNA_Leuc.mese._TRW-1245_1-358
5838,grp1,train,tmRNA_List.ivan._AF440342_1-321
5839,grp1,train,tmRNA_List.mono._TRW-1639-1_1-370
5840,grp1,train,tmRNA_List.wels._AF440351_1-321
5841,grp1,train,tmRNA_Magn.spec._CP000471_1-366
5842,grp1,train,tmRNA_Myco.arth._TRW-243272_1-394
5843,grp1,train,tmRNA_Myco.bovi._TRW-1765_1-368
5844,grp1,train,tmRNA_Myco.capr._S67602_1-408
5845,grp1,train,tmRNA_Myco.lepr._TRW-272631_1-369
5846,grp1,train,tmRNA_Myco.pneu._AE000035_1-384
5847,grp1,train,tmRNA_Myco.tube._TRW-164513_1-368
5848,grp1,train,tmRNA_Myco.tube._TRW-1773_1-368
5849,grp1,train,tmRNA_Myxo.xant._TRW-34_1-366
5850,grp1,train,tmRNA_Neis.lact._TRW-486_1-362
5851,grp1,train,tmRNA_Nost.punc._TRW-63737_1-390
5852,grp1,train,tmRNA_Ocea.ihey._BA000028_1-364
5853,grp1,train,tmRNA_Odon.sine._Z67753_1-368
5854,grp1,train,tmRNA_Paen.larv._TRW-1464_1-367
5855,grp1,train,tmRNA_Pant.stew._TRW-66269_1-363
5856,grp1,train,tmRNA_Past.mult._AE006115_1-367
5857,grp1,train,tmRNA_Phot.asym._TRW-291112_1-364
5858,grp1,train,tmRNA_Psyc.arct._CP000082_1-359
5859,grp1,train,tmRNA_Psyc.cryo._CP000323_1-359
5860,grp1,train,tmRNA_Rubr.gela._TRW-279263_1-372
5861,grp1,train,tmRNA_Rubr.xyla._TRW-266117_1-360
5862,grp1,train,tmRNA_Salm.ente._TRW-59204_1-363
5863,grp1,train,tmRNA_Shew.balt._TRW-325240_1-356
5864,grp1,train,tmRNA_Shew.onei._AX048560_1-355
5865,grp1,train,tmRNA_Shew.spec._CP000444_1-355
5866,grp1,train,tmRNA_Shig.dyse._CP000034_1-363
5867,grp1,train,tmRNA_Shig.flex._AE005674_1-363
5868,grp1,train,tmRNA_Soda.glos._AP008232_1-384
5869,grp1,train,tmRNA_Spir.citr._AM285321_1-424
5870,grp1,train,tmRNA_Stap.aure._AC074317_1-359
5871,grp1,train,tmRNA_Stap.aure._BA000018_1-362
5872,grp1,train,tmRNA_Stap.aure._BX571856_1-362
5873,grp1,train,tmRNA_Stap.epid._TRW-1282-1_1-361
5874,grp1,train,tmRNA_Stre.agal._TRW-1311_1-350
5875,grp1,train,tmRNA_Stre.pneu._TRW-216600_1-348
5876,grp1,train,tmRNA_Stre.sobr._TRW-246202_1-349
5877,grp1,train,tmRNA_Stre.ther._CP000024_1-350
5878,grp1,train,tmRNA_Synt.acid._CP000252_1-356
5879,grp1,train,tmRNA_Ther.neap._TRW-309803_1-357
5880,grp1,train,tmRNA_Ther.teng._AE013063_1-351
5881,grp1,train,tmRNA_Thio.crun._CP000109_1-358
5882,grp1,train,tmRNA_Trep.pall._TRW-243276_1-354
5883,grp1,train,tmRNA_Trop.whip._BX251411_1-369
5884,grp1,train,tmRNA_Xant.axon._AE011783_1-397
5885,grp1,train,tmRNA_Yers.berc._TRW-349968_1-381
5886,grp1,train,tmRNA_envi.sequ._TRW-32045-2_1-345
5887,grp1,train,tmRNA_uncu.bact._TRW-32045-4_1-369
5888,grp1,train,tmRNA_uncu.bact._TRW-72274-1_1-359
5889,grp1,train,tmRNA_uncu.bact._TRW-72274-2_1-359
5890,grp1,train,tmRNA_uncu.bact._TRW-80840-1_1-378
5891,grp1,train,tmRNA_uncu.bact._TRW-80840-2_1-379
5892,srp,train,16s_A.fulgidus_domain2
5893,srp,train,16s_A.fulgidus_domain3
5894,srp,train,16s_A.fulgidus_domain4
5895,srp,train,16s_A.pyrophilus_domain2
5896,srp,train,16s_A.pyrophilus_domain4
5897,srp,train,16s_B.burgdorferi_domain2
5898,srp,train,16s_B.burgdorferi_domain3
5899,srp,train,16s_B.burgdorferi_domain4
5900,srp,train,16s_B.subtilis_domain2
5901,srp,train,16s_B.subtilis_domain3
5902,srp,train,16s_B.subtilis_domain4
5903,srp,train,16s_C.elegans_domain1
5904,srp,train,16s_C.elegans_domain2
5905,srp,train,16s_C.elegans_domain3
5906,srp,train,16s_C.elegans_domain4
5907,srp,train,16s_C.psittaci_domain2
5908,srp,train,16s_C.psittaci_domain3
5909,srp,train,16s_C.psittaci_domain4
5910,srp,train,16s_C.reinhardtii.chloro_domain1
5911,srp,train,16s_C.reinhardtii.chloro_domain2
5912,srp,train,16s_C.reinhardtii.chloro_domain3
5913,srp,train,16s_C.reinhardtii.chloro_domain4
5914,srp,train,16s_C.reinhardtii.mito_domain1
5915,srp,train,16s_C.reinhardtii.mito_domain2
5916,srp,train,16s_C.reinhardtii.mito_domain3
5917,srp,train,16s_C.reinhardtii.mito_domain4
5918,srp,train,16s_D.melanogaster_domain4
5919,srp,train,16s_E.coli_domain2
5920,srp,train,16s_E.coli_domain3
5921,srp,train,16s_E.coli_domain4
5922,srp,train,16s_F.ananassa_domain3
5923,srp,train,16s_F.ananassa_domain4
5924,srp,train,16s_G.intestinalis_domain1
5925,srp,train,16s_G.intestinalis_domain2
5926,srp,train,16s_G.intestinalis_domain3
5927,srp,train,16s_G.intestinalis_domain4
5928,srp,train,16s_H.sapiens.mito_domain1
5929,srp,train,16s_H.sapiens.mito_domain2
5930,srp,train,16s_H.sapiens.mito_domain3
5931,srp,train,16s_H.sapiens.mito_domain4
5932,srp,train,16s_H.sapiens_domain3
5933,srp,train,16s_H.sapiens_domain4
5934,srp,train,16s_H.volcanii_domain1
5935,srp,train,16s_H.volcanii_domain2
5936,srp,train,16s_H.volcanii_domain3
5937,srp,train,16s_H.volcanii_domain4
5938,srp,train,16s_M.polymorpha_domain2
5939,srp,train,16s_M.polymorpha_domain3
5940,srp,train,16s_M.polymorpha_domain4
5941,srp,train,16s_P.occultum_domain2
5942,srp,train,16s_P.occultum_domain3
5943,srp,train,16s_P.occultum_domain4
5944,srp,train,16s_P.staleyi_domain2
5945,srp,train,16s_P.staleyi_domain3
5946,srp,train,16s_P.staleyi_domain4
5947,srp,train,16s_S.cerevisiae_domain3
5948,srp,train,16s_S.cerevisiae_domain4
5949,srp,train,16s_T.gondii_domain3
5950,srp,train,16s_T.gondii_domain4
5951,srp,train,16s_T.maritima_domain2
5952,srp,train,16s_T.maritima_domain3
5953,srp,train,16s_T.maritima_domain4
5954,srp,train,16s_Z.mays_domain1
5955,srp,train,16s_Z.mays_domain2
5956,srp,train,16s_Z.mays_domain3
5957,srp,train,16s_Z.mays_domain4
5958,srp,train,16s_A.fulgidus_domain2
5959,srp,train,16s_A.fulgidus_domain3
5960,srp,train,16s_A.fulgidus_domain4
5961,srp,train,16s_A.pyrophilus_domain2
5962,srp,train,16s_A.pyrophilus_domain4
5963,srp,train,16s_B.burgdorferi_domain2
5964,srp,train,16s_B.burgdorferi_domain3
5965,srp,train,16s_B.burgdorferi_domain4
5966,srp,train,16s_B.subtilis_domain2
5967,srp,train,16s_B.subtilis_domain3
5968,srp,train,16s_B.subtilis_domain4
5969,srp,train,16s_C.elegans_domain1
5970,srp,train,16s_C.elegans_domain2
5971,srp,train,16s_C.elegans_domain3
5972,srp,train,16s_C.elegans_domain4
5973,srp,train,16s_C.psittaci_domain2
5974,srp,train,16s_C.psittaci_domain3
5975,srp,train,16s_C.psittaci_domain4
5976,srp,train,16s_C.reinhardtii.chloro_domain1
5977,srp,train,16s_C.reinhardtii.chloro_domain2
5978,srp,train,16s_C.reinhardtii.chloro_domain3
5979,srp,train,16s_C.reinhardtii.chloro_domain4
5980,srp,train,16s_C.reinhardtii.mito_domain1
5981,srp,train,16s_C.reinhardtii.mito_domain2
5982,srp,train,16s_C.reinhardtii.mito_domain3
5983,srp,train,16s_C.reinhardtii.mito_domain4
5984,srp,train,16s_D.melanogaster_domain4
5985,srp,train,16s_E.coli_domain2
5986,srp,train,16s_E.coli_domain3
5987,srp,train,16s_E.coli_domain4
5988,srp,train,16s_F.ananassa_domain3
5989,srp,train,16s_F.ananassa_domain4
5990,srp,train,16s_G.intestinalis_domain1
5991,srp,train,16s_G.intestinalis_domain2
5992,srp,train,23s_B.subtilis_domain3
5993,srp,train,23s_B.subtilis_domain4
5994,srp,train,23s_B.subtilis_domain6
5995,srp,train,23s_E.coli_domain3
5996,srp,train,23s_E.coli_domain4
5997,srp,train,23s_E.coli_domain6
5998,srp,train,23s_H.pylori_domain3
5999,srp,train,23s_H.pylori_domain4
6000,srp,train,23s_H.pylori_domain6
6001,srp,train,23s_S.aureus_domain3
6002,srp,train,23s_S.aureus_domain4
6003,srp,train,23s_S.aureus_domain6
6004,srp,train,23s_T.thermophilus_domain3
6005,srp,train,23s_T.thermophilus_domain4
6006,srp,train,23s_T.thermophilus_domain6
6007,srp,train,23s_B.subtilis_domain3
6008,srp,train,23s_B.subtilis_domain4
6009,srp,train,23s_B.subtilis_domain6
6010,srp,train,23s_E.coli_domain3
6011,srp,train,23s_E.coli_domain4
6012,srp,train,23s_E.coli_domain6
6013,srp,train,23s_H.pylori_domain3
6014,srp,train,23s_H.pylori_domain4
6015,srp,train,23s_H.pylori_domain6
6016,srp,train,23s_S.aureus_domain3
6017,srp,train,23s_S.aureus_domain4
6018,srp,train,23s_S.aureus_domain6
6019,srp,train,23s_T.thermophilus_domain3
6020,srp,train,23s_T.thermophilus_domain4
6021,srp,train,23s_T.thermophilus_domain6
6022,srp,train,23s_B.subtilis_domain3
6023,srp,train,23s_B.subtilis_domain4
6024,srp,train,23s_B.subtilis_domain6
6025,srp,train,23s_E.coli_domain3
6026,srp,train,23s_E.coli_domain4
6027,srp,train,23s_E.coli_domain6
6028,srp,train,23s_H.pylori_domain3
6029,srp,train,23s_H.pylori_domain4
6030,srp,train,23s_H.pylori_domain6
6031,srp,train,23s_S.aureus_domain3
6032,srp,train,23s_S.aureus_domain4
6033,srp,train,23s_S.aureus_domain6
6034,srp,train,23s_T.thermophilus_domain3
6035,srp,train,23s_T.thermophilus_domain4
6036,srp,train,23s_T.thermophilus_domain6
6037,srp,train,23s_B.subtilis_domain3
6038,srp,train,23s_B.subtilis_domain4
6039,srp,train,23s_B.subtilis_domain6
6040,srp,train,23s_E.coli_domain3
6041,srp,train,23s_E.coli_domain4
6042,srp,train,23s_E.coli_domain6
6043,srp,train,23s_H.pylori_domain3
6044,srp,train,23s_H.pylori_domain4
6045,srp,train,23s_H.pylori_domain6
6046,srp,train,23s_S.aureus_domain3
6047,srp,train,23s_S.aureus_domain4
6048,srp,train,23s_S.aureus_domain6
6049,srp,train,23s_T.thermophilus_domain3
6050,srp,train,23s_T.thermophilus_domain4
6051,srp,train,23s_T.thermophilus_domain6
6052,srp,train,23s_B.subtilis_domain3
6053,srp,train,23s_B.subtilis_domain4
6054,srp,train,23s_B.subtilis_domain6
6055,srp,train,23s_E.coli_domain3
6056,srp,train,23s_E.coli_domain4
6057,srp,train,23s_E.coli_domain6
6058,srp,train,23s_H.pylori_domain3
6059,srp,train,23s_H.pylori_domain4
6060,srp,train,23s_H.pylori_domain6
6061,srp,train,23s_S.aureus_domain3
6062,srp,train,23s_S.aureus_domain4
6063,srp,train,23s_S.aureus_domain6
6064,srp,train,23s_T.thermophilus_domain3
6065,srp,train,23s_T.thermophilus_domain4
6066,srp,train,23s_T.thermophilus_domain6
6067,srp,train,23s_B.subtilis_domain3
6068,srp,train,23s_B.subtilis_domain4
6069,srp,train,23s_B.subtilis_domain6
6070,srp,train,23s_E.coli_domain3
6071,srp,train,23s_E.coli_domain4
6072,srp,train,23s_E.coli_domain6
6073,srp,train,23s_H.pylori_domain3
6074,srp,train,23s_H.pylori_domain4
6075,srp,train,23s_H.pylori_domain6
6076,srp,train,23s_S.aureus_domain3
6077,srp,train,23s_S.aureus_domain4
6078,srp,train,23s_S.aureus_domain6
6079,srp,train,23s_T.thermophilus_domain3
6080,srp,train,23s_T.thermophilus_domain4
6081,srp,train,23s_T.thermophilus_domain6
6082,srp,train,23s_B.subtilis_domain3
6083,srp,train,23s_B.subtilis_domain4
6084,srp,train,23s_B.subtilis_domain6
6085,srp,train,23s_E.coli_domain3
6086,srp,train,23s_E.coli_domain4
6087,srp,train,23s_E.coli_domain6
6088,srp,train,23s_H.pylori_domain3
6089,srp,train,23s_H.pylori_domain4
6090,srp,train,23s_H.pylori_domain6
6091,srp,train,23s_S.aureus_domain3
6092,srp,train,5s_Agrobacterium-tumefaciens-7
6093,srp,train,5s_Alcaligenes-faecalis-2
6094,srp,train,5s_Antheraea-pernyi-1
6095,srp,train,5s_Arthrobacter-polychromogenes-1
6096,srp,train,5s_Asellus-aquaticus-2
6097,srp,train,5s_Aspergillus-versicolor-1
6098,srp,train,5s_Bacillus-anthracis-3
6099,srp,train,5s_Bacillus-cereus-1
6100,srp,train,5s_Bacillus-cereus-10
6101,srp,train,5s_Bacillus-licheniformis-1
6102,srp,train,5s_Bacillus-methanolicus-7
6103,srp,train,5s_Bacillus-methanolicus-9
6104,srp,train,5s_Basidiobolus-magnus-1
6105,srp,train,5s_Blastocladiella-simplex-1
6106,srp,train,5s_Bullera-alba-1
6107,srp,train,5s_Burkholderia-mallei-1
6108,srp,train,5s_Candidatus-Tremblaya-princeps-1
6109,srp,train,5s_Cerastoderma-glaucum-1
6110,srp,train,5s_Coleosporium-tussilaginis-1
6111,srp,train,5s_Comamonas-terrigena-1
6112,srp,train,5s_Corynebacterium-variabile-1
6113,srp,train,5s_Corynebacterium-xerosis-2
6114,srp,train,5s_Cryptococcus-bacillisporus-1
6115,srp,train,5s_Daphnia-magna-1
6116,srp,train,5s_Deinococcus-radiophilus-1
6117,srp,train,5s_Desulfurococcus-mobilis-1
6118,srp,train,5s_Dichelobacter-nodosus-1
6119,srp,train,5s_Dipsacomyces-acuminosporus-1
6120,srp,train,5s_Erysipelothrix-rhusiopathiae-1
6121,srp,train,5s_Esch_coli5B
6122,srp,train,5s_Euplotes-vannus-1
6123,srp,train,5s_Fluoribacter-bozemanae-1
6124,srp,train,5s_Frankia-sp.-3
6125,srp,train,5s_Fusarium-culmorum-4
6126,srp,train,5s_Genistelloides-hibernus-1
6127,srp,train,5s_Geobacillus-kaustophilus-7
6128,srp,train,5s_Halobacterium-sp.-1
6129,srp,train,5s_Hyphomicrobium-sp.-6
6130,srp,train,5s_Legionella-pneumophila-1
6131,srp,train,5s_Leuconostoc-mesenteroides-1
6132,srp,train,5s_Linderina-macrospora-1
6133,srp,train,5s_Listeria-ivanovii-1
6134,srp,train,5s_Locusta-migratoria-1
6135,srp,train,5s_Medicago-sativa-1
6136,srp,train,5s_Meloidogyne-chitwoodi-1
6137,srp,train,5s_Methanococcus-voltae-2
6138,srp,train,5s_Methanothermobacter-thermautotrophicus-3
6139,srp,train,5s_Microtetraspora-glauca-1
6140,srp,train,5s_Mycoplasma-mobile-1
6141,srp,train,5s_Mycoplasma-mycoides-1
6142,srp,train,5s_Mycoplasma-mycoides-3
6143,srp,train,5s_Mycoplasma-penetrans-1
6144,srp,train,5s_Myxococcus-coralloides-1
6145,srp,train,5s_Neurospora-crassa-10
6146,srp,train,5s_Neurospora-crassa-13
6147,srp,train,5s_Nitella-flexilis-1
6148,srp,train,5s_Paracentrotus-lividus-1
6149,srp,train,5s_Paracoccus-denitrificans-1
6150,srp,train,5s_Phaffia-rhodozyma-1
6151,srp,train,5s_Pichia-angusta-1
6152,srp,train,5s_Pichia-jadinii-2
6153,srp,train,5s_Pichia-membranifaciens-1
6154,srp,train,5s_Pinus-contorta-1
6155,srp,train,5s_Planobispora-longispora-1
6156,srp,train,5s_Pseudomonas-fluorescens-1
6157,srp,train,5s_Pseudomonas-fluorescens-3
6158,srp,train,5s_Pseudomonas-fluorescens-4
6159,srp,train,5s_Ralstonia-solanacearum-1
6160,srp,train,5s_Rana-catesbeiana-1
6161,srp,train,5s_Rana-pipiens-1
6162,srp,train,5s_Renibacterium-salmoninarum-1
6163,srp,train,5s_Renobacter-vaculatum-1
6164,srp,train,5s_Rhizoctonia-globularis-1
6165,srp,train,5s_Rickettsia-conorii-1
6166,srp,train,5s_Rickettsia-moozeri-1
6167,srp,train,5s_Salmonella-enterica-3
6168,srp,train,5s_Salmonella-enterica-4
6169,srp,train,5s_Salmonella-enterica-7
6170,srp,train,5s_Saprospira-grandis-1
6171,srp,train,5s_Shewanella-colwelliana-1
6172,srp,train,5s_Spiroplasma-melliferum-1
6173,srp,train,5s_Starkeya-novella-1
6174,srp,train,5s_Stella-humosa-1
6175,srp,train,5s_Streptococcus-mutans-3
6176,srp,train,5s_Streptococcus-pneumoniae-2
6177,srp,train,5s_Streptomyces-avermitilis-1
6178,srp,train,5s_Thermoactinomyces-vulgaris-1
6179,srp,train,5s_Thermoplasma-acidophilum-1
6180,srp,train,5s_Thermus-aquaticus-1
6181,srp,train,5s_Thermus-thermophilus-1
6182,srp,train,5s_Thiovulum-sp.-1
6183,srp,train,5s_Tinca-tinca-1
6184,srp,train,5s_Vibrio-cholerae-3
6185,srp,train,5s_Vibrio-fischeri-1
6186,srp,train,5s_Vibrio-mediterranei-1
6187,srp,train,5s_Vicia-faba-1
6188,srp,train,5s_Vitreoscilla-beggiatoides-1
6189,srp,train,5s_Wolbachia-endosymbiont-of-D.-melanogaster-1
6190,srp,train,5s_Xanthomonas-campestris-1
6191,srp,train,5s_Xenopus-laevis-7
6192,srp,train,RNaseP_A.brierleyi
6193,srp,train,RNaseP_A.erythreum
6194,srp,train,RNaseP_A.ferrooxidans
6195,srp,train,RNaseP_A.fulgidus
6196,srp,train,RNaseP_A.obstetricans
6197,srp,train,RNaseP_A.paspali
6198,srp,train,RNaseP_A.telluris
6199,srp,train,RNaseP_B.brevis
6200,srp,train,RNaseP_BH145
6201,srp,train,RNaseP_Buchnera-APS
6202,srp,train,RNaseP_C.crescentus
6203,srp,train,RNaseP_C.jejuni
6204,srp,train,RNaseP_C.limicola
6205,srp,train,RNaseP_C.psittaci-R54
6206,srp,train,RNaseP_CPA49
6207,srp,train,RNaseP_CPA58
6208,srp,train,RNaseP_CPA63
6209,srp,train,RNaseP_CPB139
6210,srp,train,RNaseP_CPB147
6211,srp,train,RNaseP_CPB75
6212,srp,train,RNaseP_CPB80
6213,srp,train,RNaseP_Calothrix-PCC7601
6214,srp,train,RNaseP_D.radiodurans-g
6215,srp,train,RNaseP_E.coli-JM109
6216,srp,train,RNaseP_E.faecalis
6217,srp,train,RNaseP_EF
6218,srp,train,RNaseP_EM14b-11
6219,srp,train,RNaseP_EM14b-9
6220,srp,train,RNaseP_ERE
6221,srp,train,RNaseP_ESH167F
6222,srp,train,RNaseP_ESH210B
6223,srp,train,RNaseP_ESH30-3
6224,srp,train,RNaseP_ESH46a-1
6225,srp,train,RNaseP_F.antarctica
6226,srp,train,RNaseP_F.yabuuchiae
6227,srp,train,RNaseP_G.sulfurreducens
6228,srp,train,RNaseP_H.mobilis
6229,srp,train,RNaseP_K.thermotolerans
6230,srp,train,RNaseP_L.japonicus-IFO12422
6231,srp,train,RNaseP_L.weilii
6232,srp,train,RNaseP_LGB21
6233,srp,train,RNaseP_LGB32
6234,srp,train,RNaseP_M.genitalium
6235,srp,train,RNaseP_M.thermoautotrophicumDH-g
6236,srp,train,RNaseP_M.thermolithotrophicus
6237,srp,train,RNaseP_M.tuberculosis-g
6238,srp,train,RNaseP_Mxa1
6239,srp,train,RNaseP_N.gonnorhoeae
6240,srp,train,RNaseP_N.luteus
6241,srp,train,RNaseP_N.simplex
6242,srp,train,RNaseP_Nostoc-PCC7413
6243,srp,train,RNaseP_Onchorhynchus-2
6244,srp,train,RNaseP_P.aerogenes
6245,srp,train,RNaseP_P.azotoformans
6246,srp,train,RNaseP_P.fluorescens
6247,srp,train,RNaseP_P.hollandica
6248,srp,train,RNaseP_P.innocua
6249,srp,train,RNaseP_P.maris
6250,srp,train,RNaseP_P.shigelloides
6251,srp,train,RNaseP_P.staleyi
6252,srp,train,RNaseP_P.strasburgensis
6253,srp,train,RNaseP_P.vulgaris
6254,srp,train,RNaseP_P126
6255,srp,train,RNaseP_PS27
6256,srp,train,RNaseP_PS4
6257,srp,train,RNaseP_PS6
6258,srp,train,RNaseP_Prochlorococcus-TATL2-2
6259,srp,train,RNaseP_Pseudoanabaena-PCC6903
6260,srp,train,RNaseP_R.americana-mito
6261,srp,train,RNaseP_S.caesia-K76T
6262,srp,train,RNaseP_S.caesia-SB01
6263,srp,train,RNaseP_S.caesia-SB22
6264,srp,train,RNaseP_S.japonicus
6265,srp,train,RNaseP_S.polymorpha
6266,srp,train,RNaseP_S.putrefaciens
6267,srp,train,RNaseP_SM-A02
6268,srp,train,RNaseP_SM-A04
6269,srp,train,RNaseP_SM-A05
6270,srp,train,RNaseP_SM-A0911
6271,srp,train,RNaseP_SM-A1113
6272,srp,train,RNaseP_SM-A1519
6273,srp,train,RNaseP_SM-A1621
6274,srp,train,RNaseP_SM-A2135
6275,srp,train,RNaseP_SM-A3355
6276,srp,train,RNaseP_SM-A3862
6277,srp,train,RNaseP_SM-A6296
6278,srp,train,RNaseP_SM2
6279,srp,train,RNaseP_SMB-A3
6280,srp,train,RNaseP_SMB-B4
6281,srp,train,RNaseP_Saccharomonospora-K180
6282,srp,train,RNaseP_Synechococcus-PCC7003
6283,srp,train,RNaseP_Synechocystis-PCC6803
6284,srp,train,RNaseP_T.commune
6285,srp,train,RNaseP_T.delbrueckii
6286,srp,train,RNaseP_T.pallidum
6287,srp,train,RNaseP_U.urealyticum
6288,srp,train,RNaseP_UK5
6289,srp,train,RNaseP_WB3
6290,srp,train,RNaseP_X.fastidiosa
6291,srp,train,RNaseP_Y.pestis
6292,srp,train,grp1_a.I1.b.Dermocarpa.sp.ATCC29371.C3.tMET
6293,srp,train,grp1_a.I1.b.Phormidium.sp.N182.C3.tLEU
6294,srp,train,grp1_a.I1.b.S.hofmanii.C3.tMET
6295,srp,train,grp1_a.I1.b.Synechococcus.sp2.C3.tLEU
6296,srp,train,grp1_a.I1.c.A.cherimola.C3.tLEU
6297,srp,train,grp1_a.I1.c.G.prostrata.C3.tLEU
6298,srp,train,grp1_a.I1.c.S.bicolor.C3.tLEU
6299,srp,train,grp1_a.I1.e.A.adeninivorans.C1.LSU.2449
6300,srp,train,grp1_a.I1.e.A.capsulatus.CBS213.53.C1.SSU.943
6301,srp,train,grp1_a.I1.e.A.capsulatus.FLs1.C1.SSU
6302,srp,train,grp1_a.I1.e.A.capsulatus.G184B.C1.SSU
6303,srp,train,grp1_a.I1.e.A.capsulatus.G186B.C1.SSU
6304,srp,train,grp1_a.I1.e.A.stipitatus.C1.SSU.1046
6305,srp,train,grp1_a.I1.e.B.ciliata.JCM6865.C1.SSU.1506
6306,srp,train,grp1_a.I1.e.B.ciliata.JCM6865.C1.SSU.943
6307,srp,train,grp1_a.I1.e.B.yamatoana.JCM2896.C1.SSU.1506
6308,srp,train,grp1_a.I1.e.B.yamatoana.JCM2896.C1.SSU.943
6309,srp,train,grp1_a.I1.e.C.ellipsoidea.211-1a.C1.SSU.1506
6310,srp,train,grp1_a.I1.e.C.ellipsoidea.IAMC-87.C1.SSU.1506
6311,srp,train,grp1_a.I1.e.C.grayi.UNK.SSU.1046
6312,srp,train,grp1_a.I1.e.C.grayi.UNK.SSU.1516
6313,srp,train,grp1_a.I1.e.C.merochlorophea.UNK.SSU.1046
6314,srp,train,grp1_a.I1.e.C.merochlorophea.UNK.SSU.1210
6315,srp,train,grp1_a.I1.e.C.merochlorophea.UNK.SSU.1389
6316,srp,train,grp1_a.I1.e.C.merochlorophea.UNK.SSU.1516
6317,srp,train,grp1_a.I1.e.C.saccatum.C1.SSU.1512
6318,srp,train,grp1_a.I1.e.C.saxonicum.C1.SSU.1506
6319,srp,train,grp1_a.I1.e.D.parva.C1.SSU.1512
6320,srp,train,grp1_a.I1.e.D.parva.C1.SSU.943
6321,srp,train,grp1_a.I1.e.D.salina.C1.SSU.943
6322,srp,train,grp1_a.I1.e.E.dermatitidis.C1.SSU.943
6323,srp,train,grp1_a.I1.e.G.planctonica.C1.SSU.943
6324,srp,train,grp1_a.I1.e.G.spirotaenia.C1.SSU.1506
6325,srp,train,grp1_a.I1.e.L.dispersa.UNK.SSU.1046
6326,srp,train,grp1_a.I1.e.L.dispersa.UNK.SSU.114
6327,srp,train,grp1_a.I1.e.L.dispersa.UNK.SSU.1210
6328,srp,train,grp1_a.I1.e.L.dispersa.UNK.SSU.1516
6329,srp,train,grp1_a.I1.e.L.dispersa.UNK.SSU.287
6330,srp,train,grp1_a.I1.e.L.dispersa.UNK.SSU.516
6331,srp,train,grp1_a.I1.e.L.dispersa.UNK.SSU.789
6332,srp,train,grp1_a.I1.e.M.caldariorum.C1.SSU.1506
6333,srp,train,grp1_a.I1.e.P.carinii.C1.SSU.1506
6334,srp,train,grp1_a.I1.e.P.carinii.Pc1.C1.LSU.1921
6335,srp,train,grp1_a.I1.e.P.carinii.Pc2.C1.LSU.1921
6336,srp,train,grp1_a.I1.e.P.carinii.Pc3.C1.LSU.1921
6337,srp,train,grp1_a.I1.e.P.clavariiformis.C1.SSU.943
6338,srp,train,grp1_a.I1.e.P.inouyei.C1.SSU.1506
6339,srp,train,grp1_a.I1.e.P.inouyei.C1.SSU.943
6340,srp,train,grp1_a.I1.e.P.macrosporus.C1.SSU.1506
6341,srp,train,grp1_a.I1.e.P.macrosporus.C1.SSU.943
6342,srp,train,grp1_a.I1.e.P.pachydermus.C1.SSU.943
6343,srp,train,grp1_a.I1.e.P.sarcinoidea.C1.SSU.943
6344,srp,train,grp1_a.I1.e.S.granulatum.C1.SSU.1506
6345,srp,train,grp1_a.I1.e.S.paniceum.UNK.SSU.1052
6346,srp,train,grp1_a.I1.e.S.paniceum.UNK.SSU.114
6347,srp,train,grp1_a.I1.e.S.paniceum.UNK.SSU.1210
6348,srp,train,grp1_a.I1.e.S.paniceum.UNK.SSU.1506
6349,srp,train,grp1_a.I1.e.S.paniceum.UNK.SSU.287
6350,srp,train,grp1_a.I1.e.S.sclerotiorum_1837.C1.LSU.798
6351,srp,train,grp1_a.I1.e.Staurastrum.sp.M752.C1.SSU.1506
6352,srp,train,grp1_a.I1.e.Staurastrum.sp.M753.C1.SSU.1506
6353,srp,train,grp1_a.I1.e.T.cosmopolitanis.C1.LSU.1925
6354,srp,train,grp1_a.I1.e.T.hyperangularis.C1.LSU.1925
6355,srp,train,grp1_a.I1.e.T.malaccensis.C1.LSU.1925
6356,srp,train,grp1_a.I1.e.T.pigmentosa.C1.LSU.1925
6357,srp,train,grp1_a.I1.e.U.maydis.C1.SSU.943
6358,srp,train,grp1_a.I1.m.M.grisea.B2.ND1
6359,srp,train,grp1_a.I1.m.S.luteus.A1.LSU.2504
6360,srp,train,grp1_a.I1.m.S.pombe.B1.OX1
6361,srp,train,grp1_b.I1.e.C.saccharophila.C1.SSU.156
6362,srp,train,grp1_b.I1.e.M.anisopliae.2.C1.LSU.1921
6363,srp,train,grp1_b.I1.e.M.anisopliae.3.C1.LSU.1921
6364,srp,train,grp1_b.I1.e.T.thermophila.C1.LSU.1925
6365,srp,train,grp1_s.I1.e.T.thermophila.C1.LSU.1925.schem
6366,srp,train,grp1_a.I1.b.Dermocarpa.sp.ATCC29371.C3.tMET
6367,srp,train,grp1_a.I1.b.Phormidium.sp.N182.C3.tLEU
6368,srp,train,grp1_a.I1.b.S.hofmanii.C3.tMET
6369,srp,train,grp1_a.I1.b.Synechococcus.sp2.C3.tLEU
6370,srp,train,grp1_a.I1.c.A.cherimola.C3.tLEU
6371,srp,train,grp1_a.I1.c.G.prostrata.C3.tLEU
6372,srp,train,grp1_a.I1.c.S.bicolor.C3.tLEU
6373,srp,train,grp1_a.I1.e.A.adeninivorans.C1.LSU.2449
6374,srp,train,grp1_a.I1.e.A.capsulatus.CBS213.53.C1.SSU.943
6375,srp,train,grp1_a.I1.e.A.capsulatus.FLs1.C1.SSU
6376,srp,train,grp1_a.I1.e.A.capsulatus.G184B.C1.SSU
6377,srp,train,grp1_a.I1.e.A.capsulatus.G186B.C1.SSU
6378,srp,train,grp1_a.I1.e.A.stipitatus.C1.SSU.1046
6379,srp,train,grp1_a.I1.e.B.ciliata.JCM6865.C1.SSU.1506
6380,srp,train,grp1_a.I1.e.B.ciliata.JCM6865.C1.SSU.943
6381,srp,train,grp1_a.I1.e.B.yamatoana.JCM2896.C1.SSU.1506
6382,srp,train,grp1_a.I1.e.B.yamatoana.JCM2896.C1.SSU.943
6383,srp,train,grp1_a.I1.e.C.ellipsoidea.211-1a.C1.SSU.1506
6384,srp,train,grp1_a.I1.e.C.ellipsoidea.IAMC-87.C1.SSU.1506
6385,srp,train,grp1_a.I1.e.C.grayi.UNK.SSU.1046
6386,srp,train,grp1_a.I1.e.C.grayi.UNK.SSU.1516
6387,srp,train,grp1_a.I1.e.C.merochlorophea.UNK.SSU.1046
6388,srp,train,grp1_a.I1.e.C.merochlorophea.UNK.SSU.1210
6389,srp,train,grp1_a.I1.e.C.merochlorophea.UNK.SSU.1389
6390,srp,train,grp1_a.I1.e.C.merochlorophea.UNK.SSU.1516
6391,srp,train,grp1_a.I1.e.C.saccatum.C1.SSU.1512
6392,srp,test,srp_Acin.baum._CP000521
6393,srp,test,srp_Acin.spec._CR543861
6394,srp,test,srp_Acti.succ._CP000746
6395,srp,test,srp_Aede.aegy._DW714804
6396,srp,test,srp_Aede.aegy._DW714815
6397,srp,test,srp_Aede.aegy._GSP-7159
6398,srp,test,srp_Aero.pern._BA000002
6399,srp,test,srp_Agro.tume._AE007869
6400,srp,test,srp_Agro.tume._AE007951
6401,srp,test,srp_Agro.tume._AE008984
6402,srp,test,srp_Ajel.caps._CV620298
6403,srp,test,srp_Alca.bork._AM286690
6404,srp,test,srp_Alka.meta._CP000724
6405,srp,test,srp_Anab.vari._CP000117
6406,srp,test,srp_Anae.sp.._CP000769
6407,srp,test,srp_Anap.marg._CP000030
6408,srp,test,srp_Anop.gamb._CD747410
6409,srp,test,srp_Anop.gamb._SDB-377271
6410,srp,test,srp_Anto.locu._GSP-278021
6411,srp,test,srp_Aply.cali._GSP-6500
6412,srp,test,srp_Aqui.aeol._AE000657
6413,srp,test,srp_Aqui.aeol._AE000759
6414,srp,test,srp_Arab.tha._X55111
6415,srp,test,srp_Arab.thal._AC005275
6416,srp,test,srp_Arab.thal._AC005311
6417,srp,test,srp_Arab.thal._AC005662
6418,srp,test,srp_Arab.thal._AF069442
6419,srp,test,srp_Arab.thal._AL161495
6420,srp,test,srp_Arab.thal._AL161496
6421,srp,test,srp_Arab.thal._X69901
6422,srp,test,srp_Arab.thal._X72228
6423,srp,test,srp_Arab.thal._X72229
6424,srp,test,srp_Arch.fulg._AE000782
6425,srp,test,srp_Arch.fulg._X17237
6426,srp,test,srp_Arth.aure._CP000474
6427,srp,test,srp_Arth.sp.._CP000454
6428,srp,test,srp_Asco.apis._GSP-392613
6429,srp,test,srp_Ashb.goss._AE016819
6430,srp,test,srp_Aspe.clav._GSP-344612
6431,srp,test,srp_Aspe.flav._GSP-332952
6432,srp,test,srp_Aspe.fumi._GSP-41122
6433,srp,test,srp_Aspe.nidu._GSP-227321
6434,srp,test,srp_Aspe.oryz._AP007169
6435,srp,test,srp_Aspe.terr._GSP-341663
6436,srp,test,srp_Azoa.spec._AM406670
6437,srp,test,srp_Azoa.spec._CR555306
6438,srp,test,srp_Babe.bige._GSP-5866
6439,srp,test,srp_Baci.alca._D11422
6440,srp,test,srp_Baci.amyl._CP000560
6441,srp,test,srp_Baci.amyl._D11416
6442,srp,test,srp_Baci.amyl._D13041
6443,srp,test,srp_Baci.anth._AE016879
6444,srp,test,srp_Baci.anth._AE017024
6445,srp,test,srp_Baci.anth._AE017225
6446,srp,test,srp_Baci.anth._AE017334
6447,srp,test,srp_Baci.brev._D14472
6448,srp,test,srp_Baci.cere._AE016877
6449,srp,test,srp_Baci.cere._AE016998
6450,srp,test,srp_Baci.cere._AE017194
6451,srp,test,srp_Baci.cere._AE017264
6452,srp,test,srp_Baci.cere._CP000001
6453,srp,test,srp_Baci.cere._CP000764
6454,srp,test,srp_Baci.cere._D11413
6455,srp,test,srp_Baci.circ._D11419
6456,srp,test,srp_Baci.clau._AP006627
6457,srp,test,srp_Baci.halo._BA000004
6458,srp,test,srp_Baci.lich._AE017333
6459,srp,test,srp_Baci.lich._CP000002
6460,srp,test,srp_Baci.mace._D11420
6461,srp,test,srp_Baci.mega._D11414
6462,srp,test,srp_Baci.poly._D11421
6463,srp,test,srp_Baci.pumi._D11415
6464,srp,test,srp_Baci.spha._D11418
6465,srp,test,srp_Baci.subt._D11417
6466,srp,test,srp_Baci.subt._D26185
6467,srp,test,srp_Baci.subt._X06802
6468,srp,test,srp_Baci.subt._X06803
6469,srp,test,srp_Baci.subt._X12642
6470,srp,test,srp_Baci.subt._X14796
6471,srp,test,srp_Baci.subt._Z99104
6472,srp,test,srp_Baci.thur._AE017355
6473,srp,test,srp_Baci.thur._CP000485
6474,srp,test,srp_Baci.thur._D11412
6475,srp,test,srp_Bart.hens._BX897699
6476,srp,test,srp_Bart.quin._BX897700
6477,srp,test,srp_Batr.dend._GSP-403673
6478,srp,test,srp_Bdel.bact._BX842656
6479,srp,test,srp_Bifi.adol._AP009256
6480,srp,test,srp_Bifi.long._AE014295
6481,srp,test,srp_Bifi.long._AX492782
6482,srp,test,srp_Bloc.flor._BX248583
6483,srp,test,srp_Bloc.flor._BX248585
6484,srp,test,srp_Bord.aviu._AM167904
6485,srp,test,srp_Bord.para._BX640426
6486,srp,test,srp_Bord.pert._BX640415
6487,srp,test,srp_Borr.afze._CP000395
6488,srp,test,srp_Borr.burg._AE000783
6489,srp,test,srp_Borr.burg._AE001151
6490,srp,test,srp_Borr.gari._CP000013
6491,srp,test,srp_Bos.taur._GSP-6282
6492,srp,test,srp_Brad.japo._BA000040
6493,srp,test,srp_Brad.spec._CP000494
6494,srp,test,srp_Brad.spec._CU234118
6495,srp,test,srp_Bran.flor._GSP-7739
6496,srp,test,srp_Bras.napu._EE400505
6497,srp,test,srp_Bras.napu._EE409827
6498,srp,test,srp_Bras.napu._EE410150
6499,srp,test,srp_Bras.napu._EE411027
6500,srp,test,srp_Bras.napu._EE411352
6501,srp,test,srp_Bras.napu._EE411418
6502,srp,test,srp_Bras.napu._EE412262
6503,srp,test,srp_Bras.napu._EE416381
6504,srp,test,srp_Bras.napu._EE416873
6505,srp,test,srp_Bras.napu._EE537348
6506,srp,test,srp_Bras.oler._GSP-109376
6507,srp,test,srp_Brev.brev._D12926
6508,srp,test,srp_Bruc.abor._AE017223
6509,srp,test,srp_Bruc.meli._AE009624
6510,srp,test,srp_Bruc.meli._AM040264
6511,srp,test,srp_Bruc.ovis._CP000708
6512,srp,test,srp_Bruc.suis._AE014291
6513,srp,test,srp_Brug.mala._GSP-6279
6514,srp,test,srp_Buch.aphi._AE013218
6515,srp,test,srp_Buch.aphi._AE014017
6516,srp,test,srp_Buch.aphi._AE014122
6517,srp,test,srp_Buch.aphi._AE016826
6518,srp,test,srp_Buch.aphi._BA000003
6519,srp,test,srp_Burk.ceno._CP000380
6520,srp,test,srp_Burk.ceno._CP000458
6521,srp,test,srp_Burk.cepa._CP000440
6522,srp,test,srp_Burk.mall._CP000010
6523,srp,test,srp_Burk.mall._CP000526
6524,srp,test,srp_Burk.mall._CP000546
6525,srp,test,srp_Burk.mall._CP000548
6526,srp,test,srp_Burk.pseu._CP000124
6527,srp,test,srp_Burk.pseu._CP000570
6528,srp,test,srp_Burk.pseu._CP000572
6529,srp,test,srp_Burk.spec._CP000151
6530,srp,test,srp_Caen.brig._AC084446
6531,srp,test,srp_Caen.eleg._AY948606
6532,srp,test,srp_Caen.eleg._AY948607
6533,srp,test,srp_Caen.eleg._AY948608
6534,srp,test,srp_Caen.eleg._U41993
6535,srp,test,srp_Caen.eleg._Z30973
6536,srp,test,srp_Caen.eleg._Z34533
6537,srp,test,srp_Caen.rema._GSP-31234
6538,srp,test,srp_Call.jacc._GSP-9483
6539,srp,test,srp_Camp.curv._CP000767
6540,srp,test,srp_Camp.jeju._AL111168
6541,srp,test,srp_Camp.jeju._AL139074
6542,srp,test,srp_Camp.jeju._CP000025
6543,srp,test,srp_Camp.jeju._CP000538
6544,srp,test,srp_Camp.jeju._CP000768
6545,srp,test,srp_Cand.Bloc._CP000016
6546,srp,test,srp_Cand.albi._GSP-237561
6547,srp,test,srp_Cand.dubl._GSP-42374
6548,srp,test,srp_Cand.glab._CR380957
6549,srp,test,srp_Cand.trop._GSP-294747
6550,srp,test,srp_Cani.spec._SDB-9616
6551,srp,test,srp_Carb.hydr._CP000141
6552,srp,test,srp_Caul.cres._AE005673
6553,srp,test,srp_Caul.cres._AE005700
6554,srp,test,srp_Caul.cres._U22036
6555,srp,test,srp_Caul.cres._U49738
6556,srp,test,srp_Chae.glob._GSP-306901
6557,srp,test,srp_Chla.abor._CR848038
6558,srp,test,srp_Chla.cavi._AE015925
6559,srp,test,srp_Chla.cavi._AE016995
6560,srp,test,srp_Chla.muri._AE002160
6561,srp,test,srp_Chla.muri._AE002321
6562,srp,test,srp_Chla.pneu._AE001363
6563,srp,test,srp_Chla.pneu._AE001624
6564,srp,test,srp_Chla.pneu._AE002161
6565,srp,test,srp_Chla.pneu._AE002198
6566,srp,test,srp_Chla.pneu._BA000008
6567,srp,test,srp_Chla.rein._SDB-3055
6568,srp,test,srp_Chla.rein._X71484
6569,srp,test,srp_Chla.trac._AE001298
6570,srp,test,srp_Chla.trac._CP000051
6571,srp,test,srp_Chlo.tepi._AE006470
6572,srp,test,srp_Chlo.vulg._AB001684
6573,srp,test,srp_Chro.sale._CP000285
6574,srp,test,srp_Chro.viol._AE016825
6575,srp,test,srp_Chro.viol._AE016918
6576,srp,test,srp_Cion.inte._BW088710
6577,srp,test,srp_Cion.inte._BW223536
6578,srp,test,srp_Cion.inte._BW230361
6579,srp,test,srp_Cion.inte._GSP-7719
6580,srp,test,srp_Cion.savi._BW520975
6581,srp,test,srp_Cion.savi._BW551179
6582,srp,test,srp_Citr.sine._CN181543
6583,srp,test,srp_Citr.sine._CN181544
6584,srp,test,srp_Clav.lusi._GSP-306902
6585,srp,test,srp_Clos.acet._AE001437
6586,srp,test,srp_Clos.acet._AE007525
6587,srp,test,srp_Clos.beij._CP000721
6588,srp,test,srp_Clos.botu._AM412317
6589,srp,test,srp_Clos.botu._CP000726
6590,srp,test,srp_Clos.botu._CP000727
6591,srp,test,srp_Clos.botu._CP000728
6592,srp,test,srp_Clos.diff._AM180355
6593,srp,test,srp_Clos.kluy._CP000673
6594,srp,test,srp_Clos.novy._CP000382
6595,srp,test,srp_Clos.perf._BA000016
6596,srp,test,srp_Clos.perf._CP000246
6597,srp,test,srp_Clos.perf._CP000312
6598,srp,test,srp_Clos.perf._D49784
6599,srp,test,srp_Clos.teta._AE015927
6600,srp,test,srp_Clos.teta._AE015936
6601,srp,test,srp_Clos.ther._CP000568
6602,srp,test,srp_Cocc.immi._GSP-396776
6603,srp,test,srp_Cocc.posa._GSP-222929
6604,srp,test,srp_Colw.psyc._CP000083
6605,srp,test,srp_Cory.diph._BX248354
6606,srp,test,srp_Cory.effi._BA000035
6607,srp,test,srp_Cory.glut._AP009044
6608,srp,test,srp_Cory.glut._BA000036
6609,srp,test,srp_Cory.glut._BX927148
6610,srp,test,srp_Cory.jeik._CR931997
6611,srp,test,srp_Coxi.burn._AE016828
6612,srp,test,srp_Coxi.burn._CP000733
6613,srp,test,srp_Crit.fasc._AY781797
6614,srp,test,srp_Crit.luci._AY781798
6615,srp,test,srp_Cryp.homi._GSP-353151
6616,srp,test,srp_Cryp.parv._AA532232
6617,srp,test,srp_Cryp.parv._XM_626716
6618,srp,test,srp_Cyan.cald._AF022186
6619,srp,test,srp_Cyan.mero._AB002583
6620,srp,test,srp_Cyan.mero._AY286123
6621,srp,test,srp_Cypr.carp._CF662133
6622,srp,test,srp_Dani.reri._BX649540
6623,srp,test,srp_Dani.reri._CR854846
6624,srp,test,srp_Dani.reri._EH487580
6625,srp,test,srp_Dani.reri._EH513970
6626,srp,test,srp_Dani.rrer._BX469912
6627,srp,test,srp_Dani.rrer._BX470258
6628,srp,test,srp_Dani.rrer._CR925739
6629,srp,test,srp_Dani.rrer._CU179657
6630,srp,test,srp_Dasy.nove._GSP-9361
6631,srp,test,srp_Deba.hans._CR382138
6632,srp,test,srp_Dech.arom._CP000089
6633,srp,test,srp_Dein.geot._CP000359
6634,srp,test,srp_Dein.radi._AE000513
6635,srp,test,srp_Dein.radi._AE002056
6636,srp,test,srp_Desu.psyc._CR522870
6637,srp,test,srp_Desu.vulg._AE017285
6638,srp,test,srp_Desu.vulg._AE017311
6639,srp,test,srp_Desu.vulg._CP000527
6640,srp,test,srp_Dich.nodo._CP000513
6641,srp,test,srp_Dict.disc._AJ699381
6642,srp,test,srp_Dict.disc._BJ360333
6643,srp,test,srp_Dros.anan._CJ969290
6644,srp,test,srp_Dros.anan._GSP-7217
6645,srp,test,srp_Dros.erec._GSP-7220
6646,srp,test,srp_Dros.mela._AC002512
6647,srp,test,srp_Dros.mela._AC095014
6648,srp,test,srp_Dros.mela._AE001572
6649,srp,test,srp_Dros.mela._AE014297
6650,srp,test,srp_Dros.mela._X00952
6651,srp,test,srp_Dros.mela._X01056
6652,srp,test,srp_Dros.moja._GSP-7230
6653,srp,test,srp_Dros.simu._GSP-7240
6654,srp,test,srp_Dros.viri._GSP-7244
6655,srp,test,srp_Dros.will._GSP-7260
6656,srp,test,srp_Dros.yaku._GSP-7245
6657,srp,test,srp_Ehrl.cani._CP000107
6658,srp,test,srp_Eime.tene._CD666347
6659,srp,test,srp_Eime.tene._GSP-413949
6660,srp,test,srp_Ence.cuni._AL590449
6661,srp,test,srp_Enta.disp._GSP-370354
6662,srp,test,srp_Enta.hist._AF487684
6663,srp,test,srp_Enta.hist._BK005670
6664,srp,test,srp_Enta.inva._GSP-370355
6665,srp,test,srp_Enta.mosh._GSP-41668
6666,srp,test,srp_Enta.terr._GSP-110771
6667,srp,test,srp_Ente.faec._AE016830
6668,srp,test,srp_Ente.faec._AE016953
6669,srp,test,srp_Ente.faec._BD193435
6670,srp,test,srp_Ento.sulc._AF095839
6671,srp,test,srp_Erwi.caro._BX950851
6672,srp,test,srp_Esch.coli._AE005174
6673,srp,test,srp_Esch.coli._AE014075
6674,srp,test,srp_Esch.coli._AE016756
6675,srp,test,srp_Esch.coli._AP009048
6676,srp,test,srp_Esch.coli._BA000007
6677,srp,test,srp_Esch.coli._CP000243
6678,srp,test,srp_Esch.coli._CP000247
6679,srp,test,srp_Esch.coli._CP000468
6680,srp,test,srp_Esch.coli._U00096
6681,srp,test,srp_Esch.coli._U82664
6682,srp,test,srp_Esch.coli._X01074
6683,srp,test,srp_Ferr.acid._GSP-333146
6684,srp,test,srp_Ferv.nodo._CP000771
6685,srp,test,srp_Fran.alni._CT573213
6686,srp,test,srp_Fran.spec._CP000249
6687,srp,test,srp_Fran.tula._AJ749949
6688,srp,test,srp_Fran.tula._AM233362
6689,srp,test,srp_Fran.tula._AM286280
6690,srp,test,srp_Fran.tula._CP000437
6691,srp,test,srp_Fran.tula._CP000439
6692,srp,test,srp_Fran.tula._CP000608
6693,srp,test,srp_Fran.tula._CP000803
6694,srp,test,srp_Fugu.rubr._U40756
6695,srp,test,srp_Fuso.nucl._AE009951
6696,srp,test,srp_Gald.sulp._GSP-130081
6697,srp,test,srp_Gall.gall._AB073218
6698,srp,test,srp_Geob.kaus._BA000043
6699,srp,test,srp_Geob.meta._CP000148
6700,srp,test,srp_Geob.sulf._AE017180
6701,srp,test,srp_Geob.ther._CP000557
6702,srp,test,srp_Geob.uran._CP000698
6703,srp,test,srp_Giar.lamb._GSP-184922
6704,srp,test,srp_Gibb.moni._GSP-334819
6705,srp,test,srp_Gibb.zeae._GSP-229533
6706,srp,test,srp_Gloe.viol._BA000045
6707,srp,test,srp_Gluc.oxyd._CP000009
6708,srp,test,srp_Grac.tenu._AY673996
6709,srp,test,srp_Guil.thet._AF041468
6710,srp,test,srp_Gynu.aura._SDB-109565
6711,srp,test,srp_Haem.ducr._AE017143
6712,srp,test,srp_Haem.ducr._AE017154
6713,srp,test,srp_Haem.ducr._U32175
6714,srp,test,srp_Haem.infl._BD426631
6715,srp,test,srp_Haem.infl._CP000057
6716,srp,test,srp_Haem.infl._CP000671
6717,srp,test,srp_Haem.infl._CP000672
6718,srp,test,srp_Haem.infl._L42023
6719,srp,test,srp_Haem.infl._U32795
6720,srp,test,srp_Haem.somn._CP000436
6721,srp,test,srp_Hahe.chej._CP000155
6722,srp,test,srp_Halo.halo._CP000544
6723,srp,test,srp_Halo.halo._X01698
6724,srp,test,srp_Halo.mari._AY596297
6725,srp,test,srp_Halo.spec._AE004437
6726,srp,test,srp_Halo.volc._AF395888
6727,srp,test,srp_Heli.acin._AM260522
6728,srp,test,srp_Heli.annu._AJ828095
6729,srp,test,srp_Heli.exil._EE659686
6730,srp,test,srp_Heli.hepa._AE017125
6731,srp,test,srp_Heli.hepa._AE017149
6732,srp,test,srp_Heli.pylo._AE000511
6733,srp,test,srp_Heli.pylo._AE000524
6734,srp,test,srp_Heli.pylo._AE001439
6735,srp,test,srp_Heli.pylo._AE001441
6736,srp,test,srp_Heli.pylo._BD010626
6737,srp,test,srp_Heli.pylo._CP000241
6738,srp,test,srp_Hist.caps._GSP-278162
6739,srp,test,srp_Homo.sapi._AA559987
6740,srp,test,srp_Homo.sapi._AB061847
6741,srp,test,srp_Homo.sapi._AL139099
6742,srp,test,srp_Homo.sapi._AL627171
6743,srp,test,srp_Homo.sapi._BE083383
6744,srp,test,srp_Homo.sapi._BF875598
6745,srp,test,srp_Homo.sapi._BF908693
6746,srp,test,srp_Homo.sapi._BF908765
6747,srp,test,srp_Homo.sapi._BF908767
6748,srp,test,srp_Homo.sapi._BF909425
6749,srp,test,srp_Homo.sapi._BF909438
6750,srp,test,srp_Homo.sapi._BF909560
6751,srp,test,srp_Homo.sapi._BF909563
6752,srp,test,srp_Homo.sapi._BU566619
6753,srp,test,srp_Homo.sapi._BU566906
6754,srp,test,srp_Homo.sapi._CK004881
6755,srp,test,srp_Homo.sapi._M20910
6756,srp,test,srp_Homo.sapi._NR_002715
6757,srp,test,srp_Homo.sapi._X01037
6758,srp,test,srp_Homo.sapi._X02067
6759,srp,test,srp_Homo.sapi._X04249
6760,srp,test,srp_Humu.japo._X65990
6761,srp,test,srp_Humu.japo._X65991
6762,srp,test,srp_Humu.lupu._AJ236703
6763,srp,test,srp_Humu.lupu._AJ236705
6764,srp,test,srp_Humu.lupu._AJ236706
6765,srp,test,srp_Humu.lupu._X65983
6766,srp,test,srp_Humu.lupu._X65984
6767,srp,test,srp_Humu.lupu._X65985
6768,srp,test,srp_Hype.buty._CP000493
6769,srp,test,srp_Hypo.jeco._GSP-334564-2
6770,srp,test,srp_Idio.loih._AE017340
6771,srp,test,srp_Kine.radi._CP000750
6772,srp,test,srp_Kleb.pneu._CP000647
6773,srp,test,srp_Kluy.lact._CR382126
6774,srp,test,srp_Kluy.walt._AADM01000319
6775,srp,test,srp_Kluy.yarr._479647571
6776,srp,test,srp_Lact.acid._CP000033
6777,srp,test,srp_Lact.brev._CP000416
6778,srp,test,srp_Lact.case._CP000423
6779,srp,test,srp_Lact.delb._AF496545
6780,srp,test,srp_Lact.delb._CP000412
6781,srp,test,srp_Lact.delb._CR954253
6782,srp,test,srp_Lact.gass._CP000413
6783,srp,test,srp_Lact.john._AE017198
6784,srp,test,srp_Lact.john._AE017201
6785,srp,test,srp_Lact.john._AX926712
6786,srp,test,srp_Lact.lact._AE006305
6787,srp,test,srp_Lact.lact._AM406671
6788,srp,test,srp_Lact.lact._CP000425
6789,srp,test,srp_Lact.plan._AL935253
6790,srp,test,srp_Lact.sali._CP000233
6791,srp,test,srp_Legi.pneu._AE017354
6792,srp,test,srp_Legi.pneu._CP000675
6793,srp,test,srp_Legi.pneu._CR628336
6794,srp,test,srp_Legi.pneu._CR628337
6795,srp,test,srp_Legi.pneu._M31830
6796,srp,test,srp_Leif.xyli._AE016822
6797,srp,test,srp_Leis.aeth._AY722730
6798,srp,test,srp_Leis.aeth._AY722731
6799,srp,test,srp_Leis.aeth._AY722732
6800,srp,test,srp_Leis.braz._AM494942
6801,srp,test,srp_Leis.braz._AY722724
6802,srp,test,srp_Leis.braz._AY722725
6803,srp,test,srp_Leis.braz._AY722726
6804,srp,test,srp_Leis.braz._AY781790
6805,srp,test,srp_Leis.braz._AY781791
6806,srp,test,srp_Leis.braz._SDB-87235
6807,srp,test,srp_Leis.dono._AY722733
6808,srp,test,srp_Leis.dono._AY722734
6809,srp,test,srp_Leis.dono._AY722735
6810,srp,test,srp_Leis.dono._AY781793
6811,srp,test,srp_Leis.dono._AY781794
6812,srp,test,srp_Leis.dono._AY781795
6813,srp,test,srp_Leis.guya._AY722727
6814,srp,test,srp_Leis.guya._AY722728
6815,srp,test,srp_Leis.infa._AM502223
6816,srp,test,srp_Leis.infa._AY781792
6817,srp,test,srp_Leis.infa._SDB-5671
6818,srp,test,srp_Leis.majo._AY722713
6819,srp,test,srp_Leis.majo._AY722714
6820,srp,test,srp_Leis.majo._AY722715
6821,srp,test,srp_Leis.majo._SDB-347515
6822,srp,test,srp_Leis.trop._AY722722
6823,srp,test,srp_Leis.trop._AY722723
6824,srp,test,srp_Leis.trop._AY781789
6825,srp,test,srp_Lemu.catt._GSP-9447
6826,srp,test,srp_Lept.coll._AF006750
6827,srp,test,srp_List.inno._AL596173
6828,srp,test,srp_List.mono._AE017262
6829,srp,test,srp_List.mono._AE017331
6830,srp,test,srp_List.mono._AL591984
6831,srp,test,srp_List.mono._U15684
6832,srp,test,srp_List.wels._AM263198
6833,srp,test,srp_Lodd.elon._GSP-379508
6834,srp,test,srp_Lott.giga._GSP-225164
6835,srp,test,srp_Lotu.corn._AP006123
6836,srp,test,srp_Lotu.corn._AP006364
6837,srp,test,srp_Lotu.japo._BW598799
6838,srp,test,srp_Loxo.afri._GSP-9785
6839,srp,test,srp_Lyco.escu._X13958
6840,srp,test,srp_Lyco.escu._Z29099
6841,srp,test,srp_Lyco.escu._Z29100
6842,srp,test,srp_Lyco.escu._Z29101
6843,srp,test,srp_Lyco.escu._Z29103
6844,srp,test,srp_Lyco.escu._Z29104
6845,srp,test,srp_Lyco.escu._Z29105
6846,srp,test,srp_Lyco.escu._Z29106
6847,srp,test,srp_Lyco.escu._Z29107
6848,srp,test,srp_Lyco.escu._Z29109
6849,srp,test,srp_Lyco.escu._Z29110
6850,srp,test,srp_Lyco.escu._Z29111
6851,srp,test,srp_Lyco.escu._Z29112
6852,srp,test,srp_Lyco.escu._Z29260
6853,srp,test,srp_Lyco.escu._Z46744
6854,srp,test,srp_Lyco.escu._Z46745
6855,srp,test,srp_Lyco.escu._Z46746
6856,srp,test,srp_Maca.mula._GSP-9544
6857,srp,test,srp_Magn.magn._AP007255
6858,srp,test,srp_Mann.succ._AE016827
6859,srp,test,srp_Mari.aqua._CP000514
6860,srp,test,srp_Mari.mari._CP000449
6861,srp,test,srp_Medi.trun._AC136507
6862,srp,test,srp_Medi.trun._AC136507-1
6863,srp,test,srp_Medi.trun._AC136507-2
6864,srp,test,srp_Medi.trun._AC146941
6865,srp,test,srp_Medi.trun._AJ846712
6866,srp,test,srp_Medi.trun._BE941271
6867,srp,test,srp_Medi.trun._CT485797
6868,srp,test,srp_Medi.trun._CX540689
6869,srp,test,srp_Meso.flor._AE017263
6870,srp,test,srp_Meso.loti._BA000012
6871,srp,test,srp_Meso.viri._AF166114
6872,srp,test,srp_Meth.acet._AE010299
6873,srp,test,srp_Meth.acet._X17238
6874,srp,test,srp_Meth.bark._CP000099
6875,srp,test,srp_Meth.burt._CP000300
6876,srp,test,srp_Meth.caps._AE017282
6877,srp,test,srp_Meth.ferv._M32222
6878,srp,test,srp_Meth.ferv._S49762
6879,srp,test,srp_Meth.flag._CP000284
6880,srp,test,srp_Meth.jann._L77117
6881,srp,test,srp_Meth.kand._AE010387
6882,srp,test,srp_Meth.mari._BX957223
6883,srp,test,srp_Meth.mari._CP000609
6884,srp,test,srp_Meth.mari._CP000745
6885,srp,test,srp_Meth.maze._AE008384
6886,srp,test,srp_Meth.ther._AE000666
6887,srp,test,srp_Meth.ther._X15364
6888,srp,test,srp_Meth.vann._CP000742
6889,srp,test,srp_Meth.volt._M22560
6890,srp,test,srp_Micr.lyso._M31831
6891,srp,test,srp_Mono.brev._GSP-81824
6892,srp,test,srp_Mono.dome._GSP-13616
6893,srp,test,srp_Moor.ther._CP000232
6894,srp,test,srp_Mus.musc._AC099934
6895,srp,test,srp_Mus.musc._AC126244
6896,srp,test,srp_Mus.musc._AC157822
6897,srp,test,srp_Mus.musc._DQ285765
6898,srp,test,srp_Myco.aviu._AE016958
6899,srp,test,srp_Myco.aviu._AE017228
6900,srp,test,srp_Myco.aviu._CP000479
6901,srp,test,srp_Myco.bovi._BX248347
6902,srp,test,srp_Myco.capr._CP000123
6903,srp,test,srp_Myco.capr._D00560
6904,srp,test,srp_Myco.capr._S67588
6905,srp,test,srp_Myco.gall._AE015450
6906,srp,test,srp_Myco.gall._AE016968
6907,srp,test,srp_Myco.geni._BD439871
6908,srp,test,srp_Myco.geni._L43967
6909,srp,test,srp_Myco.geni._U39706
6910,srp,test,srp_Myco.hyop._AE017243
6911,srp,test,srp_Myco.hyop._AE017244
6912,srp,test,srp_Myco.hyop._AE017332
6913,srp,test,srp_Myco.lepr._AL023596
6914,srp,test,srp_Myco.lepr._AL583925
6915,srp,test,srp_Myco.mobi._AE017308
6916,srp,test,srp_Myco.myco._BX293980
6917,srp,test,srp_Myco.myco._BX842642
6918,srp,test,srp_Myco.myco._X53678
6919,srp,test,srp_Myco.pene._BA000026
6920,srp,test,srp_Myco.pneu._AE000044
6921,srp,test,srp_Myco.pneu._S76009
6922,srp,test,srp_Myco.pneu._U00089
6923,srp,test,srp_Myco.pulm._AL445565
6924,srp,test,srp_Myco.pulm._U06833
6925,srp,test,srp_Myco.smeg._CP000480
6926,srp,test,srp_Myco.spec._CP000384
6927,srp,test,srp_Myco.spec._CP000518
6928,srp,test,srp_Myco.spec._CP000580
6929,srp,test,srp_Myco.syno._AE017245
6930,srp,test,srp_Myco.tube._AE000516
6931,srp,test,srp_Myco.vanb._CP000511
6932,srp,test,srp_Nect.haem._GSP-71109
6933,srp,test,srp_Neis.gono._AE004969
6934,srp,test,srp_Neis.gono._AF482014
6935,srp,test,srp_Neis.gono._DD110233
6936,srp,test,srp_Neis.meni._AE002098
6937,srp,test,srp_Neis.meni._AL157959
6938,srp,test,srp_Neis.meni._AL162755
6939,srp,test,srp_Neis.meni._AM421808
6940,srp,test,srp_Neis.meni._DD001104
6941,srp,test,srp_Nema.vect._GSP-45351
6942,srp,test,srp_Neos.fisc._GSP-331117
6943,srp,test,srp_Neph.oliv._AF137379
6944,srp,test,srp_Neur.cras._AL669999
6945,srp,test,srp_Nitr.euro._AL954747
6946,srp,test,srp_Nitr.euro._BX321857
6947,srp,test,srp_Nitr.eutr._CP000450
6948,srp,test,srp_Nitr.hamb._CP000319
6949,srp,test,srp_Nitr.mult._CP000103
6950,srp,test,srp_Nitr.wino._CP000115
6951,srp,test,srp_Noca.farc._AP006618
6952,srp,test,srp_Nost.spec._BA000019
6953,srp,test,srp_Novo.arom._CP000248
6954,srp,test,srp_Ocea.ihey._BA000028
6955,srp,test,srp_Ochr.anth._CP000758
6956,srp,test,srp_Odon.sine._Z67753
6957,srp,test,srp_Onch.volv._AI249203
6958,srp,test,srp_Onch.volv._BF727619
6959,srp,test,srp_Onch.volv._GSP-6282
6960,srp,test,srp_Orni.anat._GSP-9258
6961,srp,test,srp_Oryc.cuni._AB021174
6962,srp,test,srp_Oryz.sati._AC079888
6963,srp,test,srp_Oryz.sati._AP003253
6964,srp,test,srp_Oryz.sati._AP003333
6965,srp,test,srp_Oryz.sati._AP008207
6966,srp,test,srp_Oxyt.trif._GSP-99928
6967,srp,test,srp_Pan.trog._GSP-37010
6968,srp,test,srp_Para.bras._CN238860
6969,srp,test,srp_Para.bras._CN239248
6970,srp,test,srp_Para.bras._CN240152
6971,srp,test,srp_Para.bras._CN240538
6972,srp,test,srp_Para.bras._CN241137
6973,srp,test,srp_Para.bras._CN241909
6974,srp,test,srp_Para.bras._EH652573
6975,srp,test,srp_Para.bras._EH655308
6976,srp,test,srp_Para.bras._GSP-121759
6977,srp,test,srp_Para.deni._CP000489
6978,srp,test,srp_Para.symb._BX908798
6979,srp,test,srp_Past.mult._AE006092
6980,srp,test,srp_Pedi.pent._CP000422
6981,srp,test,srp_Perk.mari._GSP-31276
6982,srp,test,srp_Pers.amer._X65992
6983,srp,test,srp_Phae.nodo._GSP-321614
6984,srp,test,srp_Phak.meib._GSP-169999
6985,srp,test,srp_Phak.pach._GSP-170000-1
6986,srp,test,srp_Phak.pach._GSP-170000-2
6987,srp,test,srp_Phot.lumi._BX571872
6988,srp,test,srp_Phot.prof._CR378666
6989,srp,test,srp_Phyt.infe._CV911012
6990,srp,test,srp_Phyt.infe._CV919934
6991,srp,test,srp_Phyt.ramo._GSP-164328
6992,srp,test,srp_Phyt.soja._GSP-67593
6993,srp,test,srp_Pich.guil._GSP-294746
6994,srp,test,srp_Pich.stip._CP000502
6995,srp,test,srp_Picr.torr._AE017261
6996,srp,test,srp_Plas.berg._DC223490
6997,srp,test,srp_Plas.berg._DC223613
6998,srp,test,srp_Plas.berg._GSP-5823
6999,srp,test,srp_Plas.chab._GSP-31271
7000,srp,test,srp_Plas.falc._AE014819
7001,srp,test,srp_Plas.falc._EF690554
7002,srp,test,srp_Plas.gall._GSP-5849
7003,srp,test,srp_Plas.know._GSP-5851
7004,srp,test,srp_Plas.reic._GSP-5854
7005,srp,test,srp_Plas.viva._GSP-31273
7006,srp,test,srp_Plas.yoel._GSP-352914
7007,srp,test,srp_Podo.anse._GSP-5145
7008,srp,test,srp_Popu.bals._GSP-73824
7009,srp,test,srp_Popu.trem._BU866844
7010,srp,test,srp_Popu.trem._DN489028
7011,srp,test,srp_Popu.trem._DN498769
7012,srp,test,srp_Porp.purp._U38804
7013,srp,test,srp_Porp.yezo._AP006715
7014,srp,test,srp_Pris.paci._GSP-54126
7015,srp,test,srp_Proc.mari._AE017126
7016,srp,test,srp_Proc.mari._AE017165
7017,srp,test,srp_Proc.mari._AJ237851
7018,srp,test,srp_Proc.mari._BX572093
7019,srp,test,srp_Proc.mari._BX572096
7020,srp,test,srp_Proc.mari._CP000111
7021,srp,test,srp_Proc.mari._CP000551
7022,srp,test,srp_Proc.mari._CP000552
7023,srp,test,srp_Proc.mari._CP000554
7024,srp,test,srp_Proc.mari._CP000576
7025,srp,test,srp_Proc.spec._AJ011025
7026,srp,test,srp_Prop.acne._AE017283
7027,srp,test,srp_Prun.arme._CB819242
7028,srp,test,srp_Prun.arme._CV045835
7029,srp,test,srp_Pseu.aeru._AE004091
7030,srp,test,srp_Pseu.aeru._AE004581
7031,srp,test,srp_Pseu.aeru._CP000438
7032,srp,test,srp_Pseu.aeru._CP000744
7033,srp,test,srp_Pseu.aeru._M31829
7034,srp,test,srp_Pseu.aeru._X12644
7035,srp,test,srp_Pseu.aeru._X14404
7036,srp,test,srp_Pseu.ento._CT573326
7037,srp,test,srp_Pseu.fluo._CP000076
7038,srp,test,srp_Pseu.fluo._CP000094
7039,srp,test,srp_Pseu.halo._CR954246
7040,srp,test,srp_Pseu.mend._CP000680
7041,srp,test,srp_Pseu.puti._AE015451
7042,srp,test,srp_Pseu.puti._AE016790
7043,srp,test,srp_Pseu.puti._CP000712
7044,srp,test,srp_Pseu.stut._CP000304
7045,srp,test,srp_Pseu.syri._AE016853
7046,srp,test,srp_Pseu.syri._CP000058
7047,srp,test,srp_Pseu.syri._CP000075
7048,srp,test,srp_Psyc.arct._CP000082
7049,srp,test,srp_Psyc.cryo._CP000323
7050,srp,test,srp_Psyc.ingr._CP000510
7051,srp,test,srp_Psyc.sp.._CP000713
7052,srp,test,srp_Pyro.abys._AJ248283
7053,srp,test,srp_Pyro.aero._AE009852
7054,srp,test,srp_Pyro.arse._CP000660
7055,srp,test,srp_Pyro.cali._CP000561
7056,srp,test,srp_Pyro.furi._AE010126
7057,srp,test,srp_Pyro.hori._BA000001
7058,srp,test,srp_Pyro.isla._CP000504
7059,srp,test,srp_Pyro.occu._M21085
7060,srp,test,srp_Rals.eutr._AM260479
7061,srp,test,srp_Rals.eutr._CP000090
7062,srp,test,srp_Rals.meta._CP000352
7063,srp,test,srp_Rals.sola._AL646052
7064,srp,test,srp_Rals.sola._AL646063
7065,srp,test,srp_Ratt.norv._AA923995
7066,srp,test,srp_Ratt.norv._AC091616
7067,srp,test,srp_Rhiz.etli._CP000133
7068,srp,test,srp_Rhiz.legu._AM236080
7069,srp,test,srp_Rhod.balt._BX294144
7070,srp,test,srp_Rhod.palu._BX572594
7071,srp,test,srp_Rhod.palu._CP000250
7072,srp,test,srp_Rhod.palu._CP000283
7073,srp,test,srp_Rhod.palu._CP000301
7074,srp,test,srp_Rhod.palu._CP000463
7075,srp,test,srp_Rhod.rubr._CP000230
7076,srp,test,srp_Rhod.spec._CP000431
7077,srp,test,srp_Rhod.spha._CP000143
7078,srp,test,srp_Rhod.spha._CP000577
7079,srp,test,srp_Rhod.spha._CP000661
7080,srp,test,srp_Rick.cono._AE008680
7081,srp,test,srp_Rick.feli._CP000053
7082,srp,test,srp_Rick.prow._AJ235273
7083,srp,test,srp_Rick.typh._AE017197
7084,srp,test,srp_Sacc.cere._U18916
7085,srp,test,srp_Sacc.cere._U18917
7086,srp,test,srp_Sacc.degr._CP000282
7087,srp,test,srp_Sacc.eryt._AM420293
7088,srp,test,srp_Sacc.kluy._AJ550805
7089,srp,test,srp_Sacc.kluy._SKAA0027M04.b1
7090,srp,test,srp_Sacc.para._BN000251
7091,srp,test,srp_Sali.trop._CP000667
7092,srp,test,srp_Salm.ente._AE014613
7093,srp,test,srp_Salm.ente._AE016842
7094,srp,test,srp_Salm.ente._AE017220
7095,srp,test,srp_Salm.ente._AL627266
7096,srp,test,srp_Salm.ente._CP000026
7097,srp,test,srp_Salm.typh._AE008717
7098,srp,test,srp_Schi.japo._GSP-402676
7099,srp,test,srp_Schi.mans._GSP-6183
7100,srp,test,srp_Schi.pomb._AU010514
7101,srp,test,srp_Schi.pomb._M20264
7102,srp,test,srp_Schi.pomb._M20836
7103,srp,test,srp_Schi.pomb._X15220
7104,srp,test,srp_Schi.pomb._Z99259
7105,srp,test,srp_Schm.medi._GSP-79327
7106,srp,test,srp_Scle.scle._GSP-325569
7107,srp,test,srp_Sene.crue._SDB-189209
7108,srp,test,srp_Shew.balt._CP000563
7109,srp,test,srp_Shew.balt._CP000753
7110,srp,test,srp_Shew.deni._CP000302
7111,srp,test,srp_Shew.loih._CP000606
7112,srp,test,srp_Shew.onei._AE014299
7113,srp,test,srp_Shew.onei._AE015625
7114,srp,test,srp_Shew.putr._CP000681
7115,srp,test,srp_Shew.spec._CP000444
7116,srp,test,srp_Shew.spec._CP000446
7117,srp,test,srp_Shew.spec._CP000469
7118,srp,test,srp_Shew.spec._CP000503
7119,srp,test,srp_Shig.flex._AE005674
7120,srp,test,srp_Shig.flex._AE014073
7121,srp,test,srp_Shig.flex._AE016979
7122,srp,test,srp_Shig.flex._CP000266
7123,srp,test,srp_Sili.pome._CP000031
7124,srp,test,srp_Sili.spec._CP000377
7125,srp,test,srp_Sino.medi._CP000738
7126,srp,test,srp_Sino.meli._AL591782
7127,srp,test,srp_Soda.glos._AP008232
7128,srp,test,srp_Sola.tube._DR037645
7129,srp,test,srp_Sola.tube._DR037646
7130,srp,test,srp_Sorg.bico._BE594178
7131,srp,test,srp_Sphi.alas._CP000356
7132,srp,test,srp_Sphi.witt._CP000699
7133,srp,test,srp_Spra.loph._GSP-51541
7134,srp,test,srp_Stap.aure._AC025951
7135,srp,test,srp_Stap.aure._AF368293
7136,srp,test,srp_Stap.aure._AP009351
7137,srp,test,srp_Stap.aure._BA000017
7138,srp,test,srp_Stap.aure._BA000018
7139,srp,test,srp_Stap.aure._BA000033
7140,srp,test,srp_Stap.aure._BX571856
7141,srp,test,srp_Stap.aure._BX571857
7142,srp,test,srp_Stap.aure._CP000046
7143,srp,test,srp_Stap.aure._CP000253
7144,srp,test,srp_Stap.aure._CP000255
7145,srp,test,srp_Stap.aure._CP000703
7146,srp,test,srp_Stap.aure._CP000736
7147,srp,test,srp_Stap.aure._E36052
7148,srp,test,srp_Stap.epid._AE015929
7149,srp,test,srp_Stap.epid._AE016751
7150,srp,test,srp_Stap.epid._AF269814
7151,srp,test,srp_Stap.epid._AF269831
7152,srp,test,srp_Stap.epid._AX145149
7153,srp,test,srp_Stap.epid._CP000029
7154,srp,test,srp_Stap.haem._AP006716
7155,srp,test,srp_Stap.sapr._AP008934
7156,srp,test,srp_Stre.agal._AE014209
7157,srp,test,srp_Stre.agal._AL766845
7158,srp,test,srp_Stre.agal._CP000114
7159,srp,test,srp_Stre.aver._BA000030
7160,srp,test,srp_Stre.coel._AL939118
7161,srp,test,srp_Stre.dysg._AJ489606
7162,srp,test,srp_Stre.livi._AY081854
7163,srp,test,srp_Stre.muta._AE014133
7164,srp,test,srp_Stre.muta._AE014879
7165,srp,test,srp_Stre.muta._AF132127
7166,srp,test,srp_Stre.pneu._AE005672
7167,srp,test,srp_Stre.pneu._AE007319
7168,srp,test,srp_Stre.pneu._AE008386
7169,srp,test,srp_Stre.pneu._CP000410
7170,srp,test,srp_Stre.pyog._AE004092
7171,srp,test,srp_Stre.pyog._AE006489
7172,srp,test,srp_Stre.pyog._AE009969
7173,srp,test,srp_Stre.pyog._AE014139
7174,srp,test,srp_Stre.pyog._AM295007
7175,srp,test,srp_Stre.pyog._BA000034
7176,srp,test,srp_Stre.pyog._CP000003
7177,srp,test,srp_Stre.pyog._CP000017
7178,srp,test,srp_Stre.pyog._CP000056
7179,srp,test,srp_Stre.pyog._CP000259
7180,srp,test,srp_Stre.pyog._CP000260
7181,srp,test,srp_Stre.pyog._CP000261
7182,srp,test,srp_Stre.pyog._CP000262
7183,srp,test,srp_Stre.sang._CP000387
7184,srp,test,srp_Stre.suis._CP000407
7185,srp,test,srp_Stre.suis._CP000408
7186,srp,test,srp_Stre.ther._CP000024
7187,srp,test,srp_Stro.purp._GSP-7668
7188,srp,test,srp_Sulf.acid._CP000077
7189,srp,test,srp_Sulf.solf._X17239
7190,srp,test,srp_Sulf.solf._Y08257
7191,srp,test,srp_Sulf.toko._BA000023
7192,srp,test,srp_Sus.scro._BP459377
7193,srp,test,srp_Symb.ther._AP006840
7194,srp,test,srp_Syne.elon._AP008231
7195,srp,test,srp_Syne.spec._BA000022
7196,srp,test,srp_Syne.spec._BX569693
7197,srp,test,srp_Syne.spec._CP000097
7198,srp,test,srp_Synt.fuma._CP000478
7199,srp,test,srp_Synt.wolf._CP000448
7200,srp,test,srp_Taen.gutt._CK235759
7201,srp,test,srp_Tetr.nigr._GSP-99883
7202,srp,test,srp_Tetr.rost._SDB-5909
7203,srp,test,srp_Tetr.ther._X56981
7204,srp,test,srp_Thal.pseu._EF067921
7205,srp,test,srp_Thal.pseu._GSP-296543
7206,srp,test,srp_Thei.annu._NW_001091934
7207,srp,test,srp_Thei.parv._GSP-333668
7208,srp,test,srp_Ther.acid._AL445063
7209,srp,test,srp_Ther.cele._X17240
7210,srp,test,srp_Ther.elon._BA000039
7211,srp,test,srp_Ther.fusc._CP000088
7212,srp,test,srp_Ther.koda._AP006878
7213,srp,test,srp_Ther.mari._AE000512
7214,srp,test,srp_Ther.mela._CP000716
7215,srp,test,srp_Ther.petr._CP000702
7216,srp,test,srp_Ther.teng._AE012978
7217,srp,test,srp_Ther.ther._AE017221
7218,srp,test,srp_Ther.ther._AE017306
7219,srp,test,srp_Ther.ther._AP008226
7220,srp,test,srp_Ther.ther._X12643
7221,srp,test,srp_Ther.volc._BA000011
7222,srp,test,srp_Thio.deni._CP000116
7223,srp,test,srp_Toxo.gond._CO743022
7224,srp,test,srp_Toxo.gond._GSP-398031
7225,srp,test,srp_Trep.dent._AE017226
7226,srp,test,srp_Trep.dent._AE017246
7227,srp,test,srp_Trep.pall._AE000520
7228,srp,test,srp_Trep.pall._AE001187
7229,srp,test,srp_Tric.eryt._CP000393
7230,srp,test,srp_Tric.rees._GSP-334564-1
7231,srp,test,srp_Tric.spir._GSP-6334
7232,srp,test,srp_Tric.vagi._GSP-5722-1
7233,srp,test,srp_Tric.vagi._GSP-5722-2
7234,srp,test,srp_Trit.aest._BE424647
7235,srp,test,srp_Trit.aest._BQ167677
7236,srp,test,srp_Trit.aest._CA626434
7237,srp,test,srp_Trit.aest._CA694528
7238,srp,test,srp_Trit.aest._CA718249
7239,srp,test,srp_Trit.aest._CD897082
7240,srp,test,srp_Trit.aest._CJ572413
7241,srp,test,srp_Trit.aest._CJ679223
7242,srp,test,srp_Trit.aest._X13915
7243,srp,test,srp_Trop.whip._AE014184
7244,srp,test,srp_Trop.whip._AE016852
7245,srp,test,srp_Trop.whip._BX251412
7246,srp,test,srp_Tryp.bruc._AC159431
7247,srp,test,srp_Tryp.bruc._AF047723
7248,srp,test,srp_Tryp.bruc._M80262
7249,srp,test,srp_Tryp.bruc._S56681
7250,srp,test,srp_Tryp.bruc._X57047
7251,srp,test,srp_Tryp.cong._SDB-5692
7252,srp,test,srp_Tryp.viva._SDB-5699
7253,srp,test,srp_Unci.rees._GSP-336963
7254,srp,test,srp_Urea.parv._AE002112
7255,srp,test,srp_Vibr.chol._AE003852
7256,srp,test,srp_Vibr.chol._AE004188
7257,srp,test,srp_Vibr.chol._CP000627
7258,srp,test,srp_Vibr.fisc._CP000020
7259,srp,test,srp_Vibr.harv._CP000789
7260,srp,test,srp_Vibr.para._BA000031
7261,srp,test,srp_Vibr.vuln._AE016795
7262,srp,test,srp_Vibr.vuln._AE016807
7263,srp,test,srp_Vibr.vuln._BA000037
7264,srp,test,srp_Volv.cart._GSP-51971-1
7265,srp,test,srp_Volv.cart._GSP-51971-2
7266,srp,test,srp_Wigg.glos._BA000021
7267,srp,test,srp_Wolb.endo._AB080664
7268,srp,test,srp_Wolb.endo._AE017196
7269,srp,test,srp_Wolb.endo._AE017259
7270,srp,test,srp_Wolb.endo._AE017321
7271,srp,test,srp_Woli.succ._BX571662
7272,srp,test,srp_Xant.axon._AE011739
7273,srp,test,srp_Xant.camp._AE012197
7274,srp,test,srp_Xant.camp._AM039952
7275,srp,test,srp_Xant.camp._CP000050
7276,srp,test,srp_Xant.camp._DQ256493
7277,srp,test,srp_Xant.oryz._AE013598
7278,srp,test,srp_Xant.oryz._AP008229
7279,srp,test,srp_Xeno.laev._X01055
7280,srp,test,srp_Xyle.fast._AE003849
7281,srp,test,srp_Xyle.fast._AE003940
7282,srp,test,srp_Xyle.fast._AE009442
7283,srp,test,srp_Xyle.fast._AE012554
7284,srp,test,srp_Yarr.lipo._CR382127
7285,srp,test,srp_Yarr.lipo._CR382130
7286,srp,test,srp_Yarr.lipo._M20837
7287,srp,test,srp_Yarr.lipo._X51658
7288,srp,test,srp_Yers.ente._AM286415
7289,srp,test,srp_Yers.pest._AE009952
7290,srp,test,srp_Yers.pest._AE017042
7291,srp,test,srp_Yers.pest._AE017129
7292,srp,test,srp_Yers.pest._AJ414155
7293,srp,test,srp_Yers.pest._AL590842
7294,srp,test,srp_Yers.pest._CP000305
7295,srp,test,srp_Yers.pest._CP000308
7296,srp,test,srp_Yers.pest._CP000668
7297,srp,test,srp_Yers.pseu._BX936398
7298,srp,test,srp_Yers.pseu._CP000720
7299,srp,test,srp_Zea.mays._AY108846
7300,srp,test,srp_Zea.mays._CB179518
7301,srp,test,srp_Zea.mays._CF602412
7302,srp,test,srp_Zea.mays._CF919998
7303,srp,test,srp_Zea.mays._CF974802
7304,srp,test,srp_Zea.mays._CK327537
7305,srp,test,srp_Zea.mays._CK700970
7306,srp,test,srp_Zea.mays._X14661
7307,srp,test,srp_Zygo.roux._BN000170
7308,srp,test,srp_Zymo.mobi._AE008692
7309,srp,test,srp_Zymo.mobi._AF203881
7310,srp,train,tRNA_tdbR00000003-Haloferax_volcanii-2246-Ala-GGC
7311,srp,train,tRNA_tdbR00000004-Haloferax_volcanii-2246-Ala-UGC
7312,srp,train,tRNA_tdbR00000007-Bacillus_subtilis-1423-Ala-5GC
7313,srp,train,tRNA_tdbR00000010-Escherichia_coli-562-Ala-VGC
7314,srp,train,tRNA_tdbR00000022-Enterobacteria_phage_T5-10726-Asp-GUC
7315,srp,train,tRNA_tdbR00000030-Aedes_albopictus-7160-Asp-GUC
7316,srp,train,tRNA_tdbR00000032-Rattus_norvegicus-10116-Asp-GUC
7317,srp,train,tRNA_tdbR00000035-Saccharomyces_cerevisiae-4932-Asp-GUC
7318,srp,train,tRNA_tdbR00000036-Euglena_gracilis-3039-Asp-GUC
7319,srp,train,tRNA_tdbR00000041-Xenopus_laevis-8355-Asp-8UC
7320,srp,train,tRNA_tdbR00000044-Mycoplasma_capricolum-2095-Glu-UC
7321,srp,train,tRNA_tdbR00000049-Chlamydomonas_reinhardtii-3055-Glu-NUC
7322,srp,train,tRNA_tdbR00000053-Bos_taurus-9913-Glu-NUC
7323,srp,train,tRNA_tdbR00000058-Lupinus_luteus-3873-Glu-CUC
7324,srp,train,tRNA_tdbR00000059-Rattus_norvegicus-10116-Glu-3UC
7325,srp,train,tRNA_tdbR00000060-Drosophila_melanogaster-7227-Glu-2UC
7326,srp,train,tRNA_tdbR00000064-Mycoplasma_capricolum-2095-Phe-GAA
7327,srp,train,tRNA_tdbR00000065-Bacillus_subtilis-1423-Phe-AA
7328,srp,train,tRNA_tdbR00000072-Phaseolus_vulgaris-3885-Phe-GAA
7329,srp,train,tRNA_tdbR00000073-Spinacia_oleracea-3562-Phe-GAA
7330,srp,train,tRNA_tdbR00000078-Ascaris_suum-6253-Phe-GAA
7331,srp,train,tRNA_tdbR00000080-Bos_taurus-9913-Phe-GAA
7332,srp,train,tRNA_tdbR00000083-Saccharomyces_cerevisiae-4932-Phe-AA
7333,srp,train,tRNA_tdbR00000084-Saccharomyces_cerevisiae-4932-Phe-AA
7334,srp,train,tRNA_tdbR00000089-Brassica_napus-3708-Phe-AA
7335,srp,train,tRNA_tdbR00000099-Mus_musculus-10090-Phe-AA
7336,srp,train,tRNA_tdbR00000101-Mus_musculus-10090-Phe-AA
7337,srp,train,tRNA_tdbR00000103-Homo_sapiens-9606-Phe-AA
7338,srp,train,tRNA_tdbR00000104-Enterobacteria_phage_T4-10665-Gly-NCC
7339,srp,train,tRNA_tdbR00000105-Halobacterium_salinarum-2242-Gly-GCC
7340,srp,train,tRNA_tdbR00000117-Escherichia_coli-562-Gly-CCC
7341,srp,train,tRNA_tdbR00000121-Salmonella_typhimurium-602-Gly-NCC
7342,srp,train,tRNA_tdbR00000123-Saccharomyces_cerevisiae-4932-Gly-NCC
7343,srp,train,tRNA_tdbR00000132-Lupinus_luteus-3873-Gly-GCC
7344,srp,train,tRNA_tdbR00000144-Saccharomyces_cerevisiae-4932-His-GUG
7345,srp,train,tRNA_tdbR00000145-Saccharomyces_cerevisiae-4932-His-GUG
7346,srp,train,tRNA_tdbR00000152-Haloferax_volcanii-2246-Ile-NAU
7347,srp,train,tRNA_tdbR00000158-Escherichia_coli-562-Ile-GAU
7348,srp,train,tRNA_tdbR00000159-Escherichia_coli-562-Ile-GAU
7349,srp,train,tRNA_tdbR00000181-Escherichia_coli-562-Lys-SUU
7350,srp,train,tRNA_tdbR00000189-Rattus_norvegicus-10116-Lys-NUU
7351,srp,train,tRNA_tdbR00000200-Oryctolagus_cuniculus-9986-Lys-3UU
7352,srp,train,tRNA_tdbR00000205-Loligo_bleekeri-6617-Lys-NUU
7353,srp,train,tRNA_tdbR00000215-Haloferax_volcanii-2246-Leu-5AG
7354,srp,train,tRNA_tdbR00000226-Synechococcus_elongatus_PCC_6301-269084-Leu-CAG
7355,srp,train,tRNA_tdbR00000233-Phaseolus_vulgaris-3885-Leu-UA7
7356,srp,train,tRNA_tdbR00000249-Saccharomyces_cerevisiae-4932-Leu-CAA
7357,srp,train,tRNA_tdbR00000250-Saccharomyces_cerevisiae-4932-Leu-UAG
7358,srp,train,tRNA_tdbR00000251-Saccharomyces_cerevisiae-4932-Leu-UAA
7359,srp,train,tRNA_tdbR00000271-Haloferax_volcanii-2246-Met-BAU
7360,srp,train,tRNA_tdbR00000275-Thermus_thermophilus-274-Met-CAU
7361,srp,train,tRNA_tdbR00000277-Codium_fragile-3133-Met-CAU
7362,srp,train,tRNA_tdbR00000284-Saccharomyces_cerevisiae-4932-Met-CAU
7363,srp,train,tRNA_tdbR00000294-Mycoplasma_capricolum-2095-Asn-GUU
7364,srp,train,tRNA_tdbR00000295-Escherichia_coli-562-Asn-QUU
7365,srp,train,tRNA_tdbR00000296-Azospirillum_lipoferum-193-Asn-QUU
7366,srp,train,tRNA_tdbR00000298-Asterias_amurensis-7602-Asn-GUU
7367,srp,train,tRNA_tdbR00000301-Lupinus_luteus-3873-Asn-UU
7368,srp,train,tRNA_tdbR00000314-Mycoplasma_capricolum-2095-Pro-UGG
7369,srp,train,tRNA_tdbR00000316-Bacillus_subtilis-1423-Pro-5GG
7370,srp,train,tRNA_tdbR00000320-Spinacia_oleracea-3562-Pro-NGG
7371,srp,train,tRNA_tdbR00000335-Nicotiana_rustica-4093-Gln-NUG
7372,srp,train,tRNA_tdbR00000336-Aedes_albopictus-7160-Gln-NUG
7373,srp,train,tRNA_tdbR00000341-Rattus_norvegicus-10116-Gln-CUG
7374,srp,train,tRNA_tdbR00000355-Escherichia_coli-562-Arg-ICG
7375,srp,train,tRNA_tdbR00000356-Escherichia_coli-562-Arg-ICG
7376,srp,train,tRNA_tdbR00000362-Saccharomyces_cerevisiae-4932-Arg-NCU
7377,srp,train,tRNA_tdbR00000376-Bos_taurus-9913-Arg-3CP
7378,srp,train,tRNA_tdbR00000384-Mycoplasma_capricolum-2095-Ser-GCU
7379,srp,train,tRNA_tdbR00000387-Bacillus_subtilis-1423-Ser-5GA
7380,srp,train,tRNA_tdbR00000390-Escherichia_coli-562-Ser-CGA
7381,srp,train,tRNA_tdbR00000396-Saccharomyces_cerevisiae-4932-Ser-UGA
7382,srp,train,tRNA_tdbR00000399-Aedes_albopictus-7160-Ser-GCU
7383,srp,train,tRNA_tdbR00000400-Loligo_bleekeri-6617-Ser-7CU
7384,srp,train,tRNA_tdbR00000406-Saccharomyces_cerevisiae-4932-Ser-NGA
7385,srp,train,tRNA_tdbR00000407-Saccharomyces_cerevisiae-4932-Ser-IGA
7386,srp,train,tRNA_tdbR00000422-Rattus_norvegicus-10116-Ser-GCU
7387,srp,train,tRNA_tdbR00000427-Gallus_gallus-9031-Ser-UGA
7388,srp,train,tRNA_tdbR00000430-Halobacterium_salinarum-2242-Thr-GGU
7389,srp,train,tRNA_tdbR00000435-Mycoplasma_mycoides-2102-Thr-UGU
7390,srp,train,tRNA_tdbR00000460-Aedes_albopictus-7160-Val-UAC
7391,srp,train,tRNA_tdbR00000463-Bos_taurus-9913-Val-UAC
7392,srp,train,tRNA_tdbR00000480-Mycoplasma_capricolum-2095-Trp-CA
7393,srp,train,tRNA_tdbR00000485-Nicotiana_tabacum-4097-Trp-BCA
7394,srp,train,tRNA_tdbR00000486-Phaseolus_vulgaris-3885-Trp-BCA
7395,srp,train,tRNA_tdbR00000507-Bacillus_subtilis-1423-Ini-CAU
7396,srp,train,tRNA_tdbR00000510-Escherichia_coli-562-Ini-CAU
7397,srp,train,tRNA_tdbR00000516-Spinacia_oleracea-3562-Ini-CAU
7398,srp,train,tRNA_tdbR00000522-Bos_taurus-9913-Ini-AU
7399,srp,train,tRNA_tdbR00000529-Triticum_aestivum-4565-Ini-CAU
7400,srp,train,tRNA_tdbR00000534-Euphausia_superba-6819-Ini-CAU
7401,srp,train,tRNA_tdbR00000536-Salmo_salar-8030-Ini-CAU
7402,srp,train,tRNA_tdbR00000553-Asterias_amurensis-7602-Tyr-GUA
7403,srp,train,tRNA_tdbR00000556-Schizosaccharomyces_pombe-4896-Tyr-GPA
7404,srp,train,tRNA_tdbR00000559-Triticum_aestivum-4565-Tyr-GPA
7405,srp,train,tRNA_tdbR00000563-Lupinus_albus-3870-Tyr-GPA
7406,srp,train,tRNA_tdbR00000576-Leishmania_tarentolae-5689-Asp-GUC
7407,srp,train,tRNA_tdbR00000594-Ascaris_suum-6253-Leu-AA
7408,srp,train,tRNA_tdbR00000610-Caulobacter_crescentus_CB15-190650-His-GUG
7409,srp,train,tRNA_tdbR00000619-Toxoplasma_gondii-5811-Met-CAU
7410,srp,train,telomerase_AC121792.109554-109950
7411,srp,train,telomerase_AF147806.247-692
7412,srp,train,telomerase_AF221906.96-545
7413,srp,train,telomerase_AF221908.136-584
7414,srp,train,telomerase_AF221909.98-496
7415,srp,train,telomerase_AF221910.112-554
7416,srp,train,telomerase_AF221911.104-513
7417,srp,train,telomerase_AF221912.98-564
7418,srp,train,telomerase_AF221913.109-520
7419,srp,train,telomerase_AF221914.112-589
7420,srp,train,telomerase_AF221916.94-481
7421,srp,train,telomerase_AF221917.99-542
7422,srp,train,telomerase_AF221918.97-547
7423,srp,train,telomerase_AF221919.107-614
7424,srp,train,telomerase_AF221920.99-541
7425,srp,train,telomerase_AF221921.98-548
7426,srp,train,telomerase_AF221923.106-554
7427,srp,train,telomerase_AF221924.105-538
7428,srp,train,telomerase_AF221925.98-540
7429,srp,train,telomerase_AF221926.103-507
7430,srp,train,telomerase_AF221927.113-556
7431,srp,train,telomerase_AF221928.95-476
7432,srp,train,telomerase_AF221929.92-517
7433,srp,train,telomerase_AF221930.94-546
7434,srp,train,telomerase_AF221931.99-541
7435,srp,train,telomerase_AF221932.102-549
7436,srp,train,telomerase_AF221934.121-565
7437,srp,train,telomerase_AF221935.112-602
7438,srp,train,telomerase_AF221936.98-540
7439,srp,train,telomerase_AF221937.99-545
7440,srp,train,telomerase_AF221939.99-544
7441,srp,train,telomerase_AF221940.103-499
7442,srp,train,telomerase_AY058901.1-397
7443,srp,train,telomerase_AY312571.605-1069
7444,srp,train,telomerase_U85256.1-451
7445,srp,train,telomerase_AC121792.109554-109950
7446,srp,train,telomerase_AF147806.247-692
7447,srp,train,telomerase_AF221906.96-545
7448,srp,train,telomerase_AF221908.136-584
7449,srp,train,telomerase_AF221909.98-496
7450,srp,train,telomerase_AF221910.112-554
7451,srp,train,telomerase_AF221911.104-513
7452,srp,train,telomerase_AF221912.98-564
7453,srp,train,telomerase_AF221913.109-520
7454,srp,train,telomerase_AF221914.112-589
7455,srp,train,telomerase_AF221916.94-481
7456,srp,train,telomerase_AF221917.99-542
7457,srp,train,telomerase_AF221918.97-547
7458,srp,train,telomerase_AF221919.107-614
7459,srp,train,telomerase_AF221920.99-541
7460,srp,train,telomerase_AF221921.98-548
7461,srp,train,telomerase_AF221923.106-554
7462,srp,train,telomerase_AF221924.105-538
7463,srp,train,telomerase_AF221925.98-540
7464,srp,train,telomerase_AF221926.103-507
7465,srp,train,telomerase_AF221927.113-556
7466,srp,train,telomerase_AF221928.95-476
7467,srp,train,telomerase_AF221929.92-517
7468,srp,train,telomerase_AF221930.94-546
7469,srp,train,telomerase_AF221931.99-541
7470,srp,train,telomerase_AF221932.102-549
7471,srp,train,telomerase_AF221934.121-565
7472,srp,train,telomerase_AF221935.112-602
7473,srp,train,telomerase_AF221936.98-540
7474,srp,train,telomerase_AF221937.99-545
7475,srp,train,telomerase_AF221939.99-544
7476,srp,train,telomerase_AF221940.103-499
7477,srp,train,telomerase_AY058901.1-397
7478,srp,train,telomerase_AY312571.605-1069
7479,srp,train,telomerase_U85256.1-451
7480,srp,train,telomerase_AC121792.109554-109950
7481,srp,train,telomerase_AF147806.247-692
7482,srp,train,telomerase_AF221906.96-545
7483,srp,train,telomerase_AF221908.136-584
7484,srp,train,telomerase_AF221909.98-496
7485,srp,train,telomerase_AF221910.112-554
7486,srp,train,telomerase_AF221911.104-513
7487,srp,train,telomerase_AF221912.98-564
7488,srp,train,telomerase_AF221913.109-520
7489,srp,train,telomerase_AF221914.112-589
7490,srp,train,telomerase_AF221916.94-481
7491,srp,train,telomerase_AF221917.99-542
7492,srp,train,telomerase_AF221918.97-547
7493,srp,train,telomerase_AF221919.107-614
7494,srp,train,telomerase_AF221920.99-541
7495,srp,train,telomerase_AF221921.98-548
7496,srp,train,telomerase_AF221923.106-554
7497,srp,train,telomerase_AF221924.105-538
7498,srp,train,telomerase_AF221925.98-540
7499,srp,train,telomerase_AF221926.103-507
7500,srp,train,telomerase_AF221927.113-556
7501,srp,train,telomerase_AF221928.95-476
7502,srp,train,telomerase_AF221929.92-517
7503,srp,train,telomerase_AF221930.94-546
7504,srp,train,telomerase_AF221931.99-541
7505,srp,train,telomerase_AF221932.102-549
7506,srp,train,telomerase_AF221934.121-565
7507,srp,train,telomerase_AF221935.112-602
7508,srp,train,telomerase_AF221936.98-540
7509,srp,train,telomerase_AF221937.99-545
7510,srp,train,tmRNA_Acti.acti._TRW-272556_1-366
7511,srp,train,tmRNA_Acti.naes._TRW-240017_1-371
7512,srp,train,tmRNA_Anab.vari._CP000117_1-390
7513,srp,train,tmRNA_Aqui.aeol._TRW-63363_1-347
7514,srp,train,tmRNA_Azoa.spec._TRW-62928_1-378
7515,srp,train,tmRNA_Baci.G._TRW-12333_1-312
7516,srp,train,tmRNA_Baci.anth._AE016879_1-355
7517,srp,train,tmRNA_Baci.clau._AP006627_1-355
7518,srp,train,tmRNA_Bact.frag._CR626927_1-398
7519,srp,train,tmRNA_Bord.aviu._AM167904_1-406
7520,srp,train,tmRNA_Bord.bron._TRW-257310_1-387
7521,srp,train,tmRNA_Borr.gari._CP000013_1-363
7522,srp,train,tmRNA_Burk.pseu._TRW-28450_1-370
7523,srp,train,tmRNA_Camp.coli._AL111168_1-359
7524,srp,train,tmRNA_Camp.coli._TRW-306254_1-359
7525,srp,train,tmRNA_Camp.jeju._AL139078_1-356
7526,srp,train,tmRNA_Chla.pneu._AE002224_1-423
7527,srp,train,tmRNA_Chla.pneu._TRW-83558_1-426
7528,srp,train,tmRNA_Chla.trac._TRW-813-1_1-420
7529,srp,train,tmRNA_Chla.trac._TRW-813-2_1-420
7530,srp,train,tmRNA_Chlo.tepi._TRW-194439_1-404
7531,srp,train,tmRNA_Clos.acet._AE001437_1-359
7532,srp,train,tmRNA_Copr.prot._TRW-351627_1-353
7533,srp,train,tmRNA_Cyan.mero._TRW-45157_1-236
7534,srp,train,tmRNA_Cyan.para._TRW-2762_1-294
7535,srp,train,tmRNA_Desu.vulg._AE017285_1-352
7536,srp,train,tmRNA_Ente.faec._TRW-1352_1-367
7537,srp,train,tmRNA_Esch.coli._CP000468_1-363
7538,srp,train,tmRNA_Esch.coli._D90888_1-363
7539,srp,train,tmRNA_Fibr.succ._TRW-59374_1-361
7540,srp,train,tmRNA_Fran.tula._AJ749949_1-421
7541,srp,train,tmRNA_Fran.tula._AM286280_1-421
7542,srp,train,tmRNA_Gemm.obsc._TRW-214688_1-412
7543,srp,train,tmRNA_Haem.somn._CP000436_1-367
7544,srp,train,tmRNA_Heli.pylo._AE001503_1-383
7545,srp,train,tmRNA_Heli.pylo._TRW-85962_1-386
7546,srp,train,tmRNA_Kleb.pneu._TRW-272620_1-363
7547,srp,train,tmRNA_Lact.acid._CP000033_1-369
7548,srp,train,tmRNA_Lact.delb._AF440335_1-316
7549,srp,train,tmRNA_Lact.delb._TRW-321956_1-362
7550,srp,train,tmRNA_Lact.gass._TRW-1596_1-366
7551,srp,train,tmRNA_Lact.john._TRW-257314_1-367
7552,srp,train,tmRNA_Lact.lact._AF176556_1-359
7553,srp,train,tmRNA_Lact.sake._AF400065_1-370
7554,srp,train,tmRNA_Lact.sake._TRW-314315_1-370
7555,srp,train,tmRNA_Leuc.mese._TRW-1245_1-358
7556,srp,train,tmRNA_List.ivan._AF440342_1-321
7557,srp,train,tmRNA_List.mono._TRW-1639-1_1-370
7558,srp,train,tmRNA_List.wels._AF440351_1-321
7559,srp,train,tmRNA_Magn.spec._CP000471_1-366
7560,srp,train,tmRNA_Myco.arth._TRW-243272_1-394
7561,srp,train,tmRNA_Myco.bovi._TRW-1765_1-368
7562,srp,train,tmRNA_Myco.capr._S67602_1-408
7563,srp,train,tmRNA_Myco.lepr._TRW-272631_1-369
7564,srp,train,tmRNA_Myco.pneu._AE000035_1-384
7565,srp,train,tmRNA_Myco.tube._TRW-164513_1-368
7566,srp,train,tmRNA_Myco.tube._TRW-1773_1-368
7567,srp,train,tmRNA_Myxo.xant._TRW-34_1-366
7568,srp,train,tmRNA_Neis.lact._TRW-486_1-362
7569,srp,train,tmRNA_Nost.punc._TRW-63737_1-390
7570,srp,train,tmRNA_Ocea.ihey._BA000028_1-364
7571,srp,train,tmRNA_Odon.sine._Z67753_1-368
7572,srp,train,tmRNA_Paen.larv._TRW-1464_1-367
7573,srp,train,tmRNA_Pant.stew._TRW-66269_1-363
7574,srp,train,tmRNA_Past.mult._AE006115_1-367
7575,srp,train,tmRNA_Phot.asym._TRW-291112_1-364
7576,srp,train,tmRNA_Psyc.arct._CP000082_1-359
7577,srp,train,tmRNA_Psyc.cryo._CP000323_1-359
7578,srp,train,tmRNA_Rubr.gela._TRW-279263_1-372
7579,srp,train,tmRNA_Rubr.xyla._TRW-266117_1-360
7580,srp,train,tmRNA_Salm.ente._TRW-59204_1-363
7581,srp,train,tmRNA_Shew.balt._TRW-325240_1-356
7582,srp,train,tmRNA_Shew.onei._AX048560_1-355
7583,srp,train,tmRNA_Shew.spec._CP000444_1-355
7584,srp,train,tmRNA_Shig.dyse._CP000034_1-363
7585,srp,train,tmRNA_Shig.flex._AE005674_1-363
7586,srp,train,tmRNA_Soda.glos._AP008232_1-384
7587,srp,train,tmRNA_Spir.citr._AM285321_1-424
7588,srp,train,tmRNA_Stap.aure._AC074317_1-359
7589,srp,train,tmRNA_Stap.aure._BA000018_1-362
7590,srp,train,tmRNA_Stap.aure._BX571856_1-362
7591,srp,train,tmRNA_Stap.epid._TRW-1282-1_1-361
7592,srp,train,tmRNA_Stre.agal._TRW-1311_1-350
7593,srp,train,tmRNA_Stre.pneu._TRW-216600_1-348
7594,srp,train,tmRNA_Stre.sobr._TRW-246202_1-349
7595,srp,train,tmRNA_Stre.ther._CP000024_1-350
7596,srp,train,tmRNA_Synt.acid._CP000252_1-356
7597,srp,train,tmRNA_Ther.neap._TRW-309803_1-357
7598,srp,train,tmRNA_Ther.teng._AE013063_1-351
7599,srp,train,tmRNA_Thio.crun._CP000109_1-358
7600,srp,train,tmRNA_Trep.pall._TRW-243276_1-354
7601,srp,train,tmRNA_Trop.whip._BX251411_1-369
7602,srp,train,tmRNA_Xant.axon._AE011783_1-397
7603,srp,train,tmRNA_Yers.berc._TRW-349968_1-381
7604,srp,train,tmRNA_envi.sequ._TRW-32045-2_1-345
7605,srp,train,tmRNA_uncu.bact._TRW-32045-4_1-369
7606,srp,train,tmRNA_uncu.bact._TRW-72274-1_1-359
7607,srp,train,tmRNA_uncu.bact._TRW-72274-2_1-359
7608,srp,train,tmRNA_uncu.bact._TRW-80840-1_1-378
7609,srp,train,tmRNA_uncu.bact._TRW-80840-2_1-379
7610,tRNA,train,16s_A.fulgidus_domain2
7611,tRNA,train,16s_A.fulgidus_domain3
7612,tRNA,train,16s_A.fulgidus_domain4
7613,tRNA,train,16s_A.pyrophilus_domain2
7614,tRNA,train,16s_A.pyrophilus_domain4
7615,tRNA,train,16s_B.burgdorferi_domain2
7616,tRNA,train,16s_B.burgdorferi_domain3
7617,tRNA,train,16s_B.burgdorferi_domain4
7618,tRNA,train,16s_B.subtilis_domain2
7619,tRNA,train,16s_B.subtilis_domain3
7620,tRNA,train,16s_B.subtilis_domain4
7621,tRNA,train,16s_C.elegans_domain1
7622,tRNA,train,16s_C.elegans_domain2
7623,tRNA,train,16s_C.elegans_domain3
7624,tRNA,train,16s_C.elegans_domain4
7625,tRNA,train,16s_C.psittaci_domain2
7626,tRNA,train,16s_C.psittaci_domain3
7627,tRNA,train,16s_C.psittaci_domain4
7628,tRNA,train,16s_C.reinhardtii.chloro_domain1
7629,tRNA,train,16s_C.reinhardtii.chloro_domain2
7630,tRNA,train,16s_C.reinhardtii.chloro_domain3
7631,tRNA,train,16s_C.reinhardtii.chloro_domain4
7632,tRNA,train,16s_C.reinhardtii.mito_domain1
7633,tRNA,train,16s_C.reinhardtii.mito_domain2
7634,tRNA,train,16s_C.reinhardtii.mito_domain3
7635,tRNA,train,16s_C.reinhardtii.mito_domain4
7636,tRNA,train,16s_D.melanogaster_domain4
7637,tRNA,train,16s_E.coli_domain2
7638,tRNA,train,16s_E.coli_domain3
7639,tRNA,train,16s_E.coli_domain4
7640,tRNA,train,16s_F.ananassa_domain3
7641,tRNA,train,16s_F.ananassa_domain4
7642,tRNA,train,16s_G.intestinalis_domain1
7643,tRNA,train,16s_G.intestinalis_domain2
7644,tRNA,train,16s_G.intestinalis_domain3
7645,tRNA,train,16s_G.intestinalis_domain4
7646,tRNA,train,16s_H.sapiens.mito_domain1
7647,tRNA,train,16s_H.sapiens.mito_domain2
7648,tRNA,train,16s_H.sapiens.mito_domain3
7649,tRNA,train,16s_H.sapiens.mito_domain4
7650,tRNA,train,16s_H.sapiens_domain3
7651,tRNA,train,16s_H.sapiens_domain4
7652,tRNA,train,16s_H.volcanii_domain1
7653,tRNA,train,16s_H.volcanii_domain2
7654,tRNA,train,16s_H.volcanii_domain3
7655,tRNA,train,16s_H.volcanii_domain4
7656,tRNA,train,16s_M.polymorpha_domain2
7657,tRNA,train,16s_M.polymorpha_domain3
7658,tRNA,train,16s_M.polymorpha_domain4
7659,tRNA,train,16s_P.occultum_domain2
7660,tRNA,train,16s_P.occultum_domain3
7661,tRNA,train,16s_P.occultum_domain4
7662,tRNA,train,16s_P.staleyi_domain2
7663,tRNA,train,16s_P.staleyi_domain3
7664,tRNA,train,16s_P.staleyi_domain4
7665,tRNA,train,16s_S.cerevisiae_domain3
7666,tRNA,train,16s_S.cerevisiae_domain4
7667,tRNA,train,16s_T.gondii_domain3
7668,tRNA,train,16s_T.gondii_domain4
7669,tRNA,train,16s_T.maritima_domain2
7670,tRNA,train,16s_T.maritima_domain3
7671,tRNA,train,16s_T.maritima_domain4
7672,tRNA,train,16s_Z.mays_domain1
7673,tRNA,train,16s_Z.mays_domain2
7674,tRNA,train,16s_Z.mays_domain3
7675,tRNA,train,16s_Z.mays_domain4
7676,tRNA,train,16s_A.fulgidus_domain2
7677,tRNA,train,16s_A.fulgidus_domain3
7678,tRNA,train,16s_A.fulgidus_domain4
7679,tRNA,train,16s_A.pyrophilus_domain2
7680,tRNA,train,16s_A.pyrophilus_domain4
7681,tRNA,train,16s_B.burgdorferi_domain2
7682,tRNA,train,16s_B.burgdorferi_domain3
7683,tRNA,train,16s_B.burgdorferi_domain4
7684,tRNA,train,16s_B.subtilis_domain2
7685,tRNA,train,16s_B.subtilis_domain3
7686,tRNA,train,16s_B.subtilis_domain4
7687,tRNA,train,16s_C.elegans_domain1
7688,tRNA,train,16s_C.elegans_domain2
7689,tRNA,train,16s_C.elegans_domain3
7690,tRNA,train,16s_C.elegans_domain4
7691,tRNA,train,16s_C.psittaci_domain2
7692,tRNA,train,16s_C.psittaci_domain3
7693,tRNA,train,16s_C.psittaci_domain4
7694,tRNA,train,16s_C.reinhardtii.chloro_domain1
7695,tRNA,train,16s_C.reinhardtii.chloro_domain2
7696,tRNA,train,16s_C.reinhardtii.chloro_domain3
7697,tRNA,train,16s_C.reinhardtii.chloro_domain4
7698,tRNA,train,16s_C.reinhardtii.mito_domain1
7699,tRNA,train,16s_C.reinhardtii.mito_domain2
7700,tRNA,train,16s_C.reinhardtii.mito_domain3
7701,tRNA,train,16s_C.reinhardtii.mito_domain4
7702,tRNA,train,16s_D.melanogaster_domain4
7703,tRNA,train,16s_E.coli_domain2
7704,tRNA,train,16s_E.coli_domain3
7705,tRNA,train,16s_E.coli_domain4
7706,tRNA,train,16s_F.ananassa_domain3
7707,tRNA,train,16s_F.ananassa_domain4
7708,tRNA,train,16s_G.intestinalis_domain1
7709,tRNA,train,16s_G.intestinalis_domain2
7710,tRNA,train,23s_B.subtilis_domain3
7711,tRNA,train,23s_B.subtilis_domain4
7712,tRNA,train,23s_B.subtilis_domain6
7713,tRNA,train,23s_E.coli_domain3
7714,tRNA,train,23s_E.coli_domain4
7715,tRNA,train,23s_E.coli_domain6
7716,tRNA,train,23s_H.pylori_domain3
7717,tRNA,train,23s_H.pylori_domain4
7718,tRNA,train,23s_H.pylori_domain6
7719,tRNA,train,23s_S.aureus_domain3
7720,tRNA,train,23s_S.aureus_domain4
7721,tRNA,train,23s_S.aureus_domain6
7722,tRNA,train,23s_T.thermophilus_domain3
7723,tRNA,train,23s_T.thermophilus_domain4
7724,tRNA,train,23s_T.thermophilus_domain6
7725,tRNA,train,23s_B.subtilis_domain3
7726,tRNA,train,23s_B.subtilis_domain4
7727,tRNA,train,23s_B.subtilis_domain6
7728,tRNA,train,23s_E.coli_domain3
7729,tRNA,train,23s_E.coli_domain4
7730,tRNA,train,23s_E.coli_domain6
7731,tRNA,train,23s_H.pylori_domain3
7732,tRNA,train,23s_H.pylori_domain4
7733,tRNA,train,23s_H.pylori_domain6
7734,tRNA,train,23s_S.aureus_domain3
7735,tRNA,train,23s_S.aureus_domain4
7736,tRNA,train,23s_S.aureus_domain6
7737,tRNA,train,23s_T.thermophilus_domain3
7738,tRNA,train,23s_T.thermophilus_domain4
7739,tRNA,train,23s_T.thermophilus_domain6
7740,tRNA,train,23s_B.subtilis_domain3
7741,tRNA,train,23s_B.subtilis_domain4
7742,tRNA,train,23s_B.subtilis_domain6
7743,tRNA,train,23s_E.coli_domain3
7744,tRNA,train,23s_E.coli_domain4
7745,tRNA,train,23s_E.coli_domain6
7746,tRNA,train,23s_H.pylori_domain3
7747,tRNA,train,23s_H.pylori_domain4
7748,tRNA,train,23s_H.pylori_domain6
7749,tRNA,train,23s_S.aureus_domain3
7750,tRNA,train,23s_S.aureus_domain4
7751,tRNA,train,23s_S.aureus_domain6
7752,tRNA,train,23s_T.thermophilus_domain3
7753,tRNA,train,23s_T.thermophilus_domain4
7754,tRNA,train,23s_T.thermophilus_domain6
7755,tRNA,train,23s_B.subtilis_domain3
7756,tRNA,train,23s_B.subtilis_domain4
7757,tRNA,train,23s_B.subtilis_domain6
7758,tRNA,train,23s_E.coli_domain3
7759,tRNA,train,23s_E.coli_domain4
7760,tRNA,train,23s_E.coli_domain6
7761,tRNA,train,23s_H.pylori_domain3
7762,tRNA,train,23s_H.pylori_domain4
7763,tRNA,train,23s_H.pylori_domain6
7764,tRNA,train,23s_S.aureus_domain3
7765,tRNA,train,23s_S.aureus_domain4
7766,tRNA,train,23s_S.aureus_domain6
7767,tRNA,train,23s_T.thermophilus_domain3
7768,tRNA,train,23s_T.thermophilus_domain4
7769,tRNA,train,23s_T.thermophilus_domain6
7770,tRNA,train,23s_B.subtilis_domain3
7771,tRNA,train,23s_B.subtilis_domain4
7772,tRNA,train,23s_B.subtilis_domain6
7773,tRNA,train,23s_E.coli_domain3
7774,tRNA,train,23s_E.coli_domain4
7775,tRNA,train,23s_E.coli_domain6
7776,tRNA,train,23s_H.pylori_domain3
7777,tRNA,train,23s_H.pylori_domain4
7778,tRNA,train,23s_H.pylori_domain6
7779,tRNA,train,23s_S.aureus_domain3
7780,tRNA,train,23s_S.aureus_domain4
7781,tRNA,train,23s_S.aureus_domain6
7782,tRNA,train,23s_T.thermophilus_domain3
7783,tRNA,train,23s_T.thermophilus_domain4
7784,tRNA,train,23s_T.thermophilus_domain6
7785,tRNA,train,23s_B.subtilis_domain3
7786,tRNA,train,23s_B.subtilis_domain4
7787,tRNA,train,23s_B.subtilis_domain6
7788,tRNA,train,23s_E.coli_domain3
7789,tRNA,train,23s_E.coli_domain4
7790,tRNA,train,23s_E.coli_domain6
7791,tRNA,train,23s_H.pylori_domain3
7792,tRNA,train,23s_H.pylori_domain4
7793,tRNA,train,23s_H.pylori_domain6
7794,tRNA,train,23s_S.aureus_domain3
7795,tRNA,train,23s_S.aureus_domain4
7796,tRNA,train,23s_S.aureus_domain6
7797,tRNA,train,23s_T.thermophilus_domain3
7798,tRNA,train,23s_T.thermophilus_domain4
7799,tRNA,train,23s_T.thermophilus_domain6
7800,tRNA,train,23s_B.subtilis_domain3
7801,tRNA,train,23s_B.subtilis_domain4
7802,tRNA,train,23s_B.subtilis_domain6
7803,tRNA,train,23s_E.coli_domain3
7804,tRNA,train,23s_E.coli_domain4
7805,tRNA,train,23s_E.coli_domain6
7806,tRNA,train,23s_H.pylori_domain3
7807,tRNA,train,23s_H.pylori_domain4
7808,tRNA,train,23s_H.pylori_domain6
7809,tRNA,train,23s_S.aureus_domain3
7810,tRNA,train,5s_Agrobacterium-tumefaciens-7
7811,tRNA,train,5s_Alcaligenes-faecalis-2
7812,tRNA,train,5s_Antheraea-pernyi-1
7813,tRNA,train,5s_Arthrobacter-polychromogenes-1
7814,tRNA,train,5s_Asellus-aquaticus-2
7815,tRNA,train,5s_Aspergillus-versicolor-1
7816,tRNA,train,5s_Bacillus-anthracis-3
7817,tRNA,train,5s_Bacillus-cereus-1
7818,tRNA,train,5s_Bacillus-cereus-10
7819,tRNA,train,5s_Bacillus-licheniformis-1
7820,tRNA,train,5s_Bacillus-methanolicus-7
7821,tRNA,train,5s_Bacillus-methanolicus-9
7822,tRNA,train,5s_Basidiobolus-magnus-1
7823,tRNA,train,5s_Blastocladiella-simplex-1
7824,tRNA,train,5s_Bullera-alba-1
7825,tRNA,train,5s_Burkholderia-mallei-1
7826,tRNA,train,5s_Candidatus-Tremblaya-princeps-1
7827,tRNA,train,5s_Cerastoderma-glaucum-1
7828,tRNA,train,5s_Coleosporium-tussilaginis-1
7829,tRNA,train,5s_Comamonas-terrigena-1
7830,tRNA,train,5s_Corynebacterium-variabile-1
7831,tRNA,train,5s_Corynebacterium-xerosis-2
7832,tRNA,train,5s_Cryptococcus-bacillisporus-1
7833,tRNA,train,5s_Daphnia-magna-1
7834,tRNA,train,5s_Deinococcus-radiophilus-1
7835,tRNA,train,5s_Desulfurococcus-mobilis-1
7836,tRNA,train,5s_Dichelobacter-nodosus-1
7837,tRNA,train,5s_Dipsacomyces-acuminosporus-1
7838,tRNA,train,5s_Erysipelothrix-rhusiopathiae-1
7839,tRNA,train,5s_Esch_coli5B
7840,tRNA,train,5s_Euplotes-vannus-1
7841,tRNA,train,5s_Fluoribacter-bozemanae-1
7842,tRNA,train,5s_Frankia-sp.-3
7843,tRNA,train,5s_Fusarium-culmorum-4
7844,tRNA,train,5s_Genistelloides-hibernus-1
7845,tRNA,train,5s_Geobacillus-kaustophilus-7
7846,tRNA,train,5s_Halobacterium-sp.-1
7847,tRNA,train,5s_Hyphomicrobium-sp.-6
7848,tRNA,train,5s_Legionella-pneumophila-1
7849,tRNA,train,5s_Leuconostoc-mesenteroides-1
7850,tRNA,train,5s_Linderina-macrospora-1
7851,tRNA,train,5s_Listeria-ivanovii-1
7852,tRNA,train,5s_Locusta-migratoria-1
7853,tRNA,train,5s_Medicago-sativa-1
7854,tRNA,train,5s_Meloidogyne-chitwoodi-1
7855,tRNA,train,5s_Methanococcus-voltae-2
7856,tRNA,train,5s_Methanothermobacter-thermautotrophicus-3
7857,tRNA,train,5s_Microtetraspora-glauca-1
7858,tRNA,train,5s_Mycoplasma-mobile-1
7859,tRNA,train,5s_Mycoplasma-mycoides-1
7860,tRNA,train,5s_Mycoplasma-mycoides-3
7861,tRNA,train,5s_Mycoplasma-penetrans-1
7862,tRNA,train,5s_Myxococcus-coralloides-1
7863,tRNA,train,5s_Neurospora-crassa-10
7864,tRNA,train,5s_Neurospora-crassa-13
7865,tRNA,train,5s_Nitella-flexilis-1
7866,tRNA,train,5s_Paracentrotus-lividus-1
7867,tRNA,train,5s_Paracoccus-denitrificans-1
7868,tRNA,train,5s_Phaffia-rhodozyma-1
7869,tRNA,train,5s_Pichia-angusta-1
7870,tRNA,train,5s_Pichia-jadinii-2
7871,tRNA,train,5s_Pichia-membranifaciens-1
7872,tRNA,train,5s_Pinus-contorta-1
7873,tRNA,train,5s_Planobispora-longispora-1
7874,tRNA,train,5s_Pseudomonas-fluorescens-1
7875,tRNA,train,5s_Pseudomonas-fluorescens-3
7876,tRNA,train,5s_Pseudomonas-fluorescens-4
7877,tRNA,train,5s_Ralstonia-solanacearum-1
7878,tRNA,train,5s_Rana-catesbeiana-1
7879,tRNA,train,5s_Rana-pipiens-1
7880,tRNA,train,5s_Renibacterium-salmoninarum-1
7881,tRNA,train,5s_Renobacter-vaculatum-1
7882,tRNA,train,5s_Rhizoctonia-globularis-1
7883,tRNA,train,5s_Rickettsia-conorii-1
7884,tRNA,train,5s_Rickettsia-moozeri-1
7885,tRNA,train,5s_Salmonella-enterica-3
7886,tRNA,train,5s_Salmonella-enterica-4
7887,tRNA,train,5s_Salmonella-enterica-7
7888,tRNA,train,5s_Saprospira-grandis-1
7889,tRNA,train,5s_Shewanella-colwelliana-1
7890,tRNA,train,5s_Spiroplasma-melliferum-1
7891,tRNA,train,5s_Starkeya-novella-1
7892,tRNA,train,5s_Stella-humosa-1
7893,tRNA,train,5s_Streptococcus-mutans-3
7894,tRNA,train,5s_Streptococcus-pneumoniae-2
7895,tRNA,train,5s_Streptomyces-avermitilis-1
7896,tRNA,train,5s_Thermoactinomyces-vulgaris-1
7897,tRNA,train,5s_Thermoplasma-acidophilum-1
7898,tRNA,train,5s_Thermus-aquaticus-1
7899,tRNA,train,5s_Thermus-thermophilus-1
7900,tRNA,train,5s_Thiovulum-sp.-1
7901,tRNA,train,5s_Tinca-tinca-1
7902,tRNA,train,5s_Vibrio-cholerae-3
7903,tRNA,train,5s_Vibrio-fischeri-1
7904,tRNA,train,5s_Vibrio-mediterranei-1
7905,tRNA,train,5s_Vicia-faba-1
7906,tRNA,train,5s_Vitreoscilla-beggiatoides-1
7907,tRNA,train,5s_Wolbachia-endosymbiont-of-D.-melanogaster-1
7908,tRNA,train,5s_Xanthomonas-campestris-1
7909,tRNA,train,5s_Xenopus-laevis-7
7910,tRNA,train,RNaseP_A.brierleyi
7911,tRNA,train,RNaseP_A.erythreum
7912,tRNA,train,RNaseP_A.ferrooxidans
7913,tRNA,train,RNaseP_A.fulgidus
7914,tRNA,train,RNaseP_A.obstetricans
7915,tRNA,train,RNaseP_A.paspali
7916,tRNA,train,RNaseP_A.telluris
7917,tRNA,train,RNaseP_B.brevis
7918,tRNA,train,RNaseP_BH145
7919,tRNA,train,RNaseP_Buchnera-APS
7920,tRNA,train,RNaseP_C.crescentus
7921,tRNA,train,RNaseP_C.jejuni
7922,tRNA,train,RNaseP_C.limicola
7923,tRNA,train,RNaseP_C.psittaci-R54
7924,tRNA,train,RNaseP_CPA49
7925,tRNA,train,RNaseP_CPA58
7926,tRNA,train,RNaseP_CPA63
7927,tRNA,train,RNaseP_CPB139
7928,tRNA,train,RNaseP_CPB147
7929,tRNA,train,RNaseP_CPB75
7930,tRNA,train,RNaseP_CPB80
7931,tRNA,train,RNaseP_Calothrix-PCC7601
7932,tRNA,train,RNaseP_D.radiodurans-g
7933,tRNA,train,RNaseP_E.coli-JM109
7934,tRNA,train,RNaseP_E.faecalis
7935,tRNA,train,RNaseP_EF
7936,tRNA,train,RNaseP_EM14b-11
7937,tRNA,train,RNaseP_EM14b-9
7938,tRNA,train,RNaseP_ERE
7939,tRNA,train,RNaseP_ESH167F
7940,tRNA,train,RNaseP_ESH210B
7941,tRNA,train,RNaseP_ESH30-3
7942,tRNA,train,RNaseP_ESH46a-1
7943,tRNA,train,RNaseP_F.antarctica
7944,tRNA,train,RNaseP_F.yabuuchiae
7945,tRNA,train,RNaseP_G.sulfurreducens
7946,tRNA,train,RNaseP_H.mobilis
7947,tRNA,train,RNaseP_K.thermotolerans
7948,tRNA,train,RNaseP_L.japonicus-IFO12422
7949,tRNA,train,RNaseP_L.weilii
7950,tRNA,train,RNaseP_LGB21
7951,tRNA,train,RNaseP_LGB32
7952,tRNA,train,RNaseP_M.genitalium
7953,tRNA,train,RNaseP_M.thermoautotrophicumDH-g
7954,tRNA,train,RNaseP_M.thermolithotrophicus
7955,tRNA,train,RNaseP_M.tuberculosis-g
7956,tRNA,train,RNaseP_Mxa1
7957,tRNA,train,RNaseP_N.gonnorhoeae
7958,tRNA,train,RNaseP_N.luteus
7959,tRNA,train,RNaseP_N.simplex
7960,tRNA,train,RNaseP_Nostoc-PCC7413
7961,tRNA,train,RNaseP_Onchorhynchus-2
7962,tRNA,train,RNaseP_P.aerogenes
7963,tRNA,train,RNaseP_P.azotoformans
7964,tRNA,train,RNaseP_P.fluorescens
7965,tRNA,train,RNaseP_P.hollandica
7966,tRNA,train,RNaseP_P.innocua
7967,tRNA,train,RNaseP_P.maris
7968,tRNA,train,RNaseP_P.shigelloides
7969,tRNA,train,RNaseP_P.staleyi
7970,tRNA,train,RNaseP_P.strasburgensis
7971,tRNA,train,RNaseP_P.vulgaris
7972,tRNA,train,RNaseP_P126
7973,tRNA,train,RNaseP_PS27
7974,tRNA,train,RNaseP_PS4
7975,tRNA,train,RNaseP_PS6
7976,tRNA,train,RNaseP_Prochlorococcus-TATL2-2
7977,tRNA,train,RNaseP_Pseudoanabaena-PCC6903
7978,tRNA,train,RNaseP_R.americana-mito
7979,tRNA,train,RNaseP_S.caesia-K76T
7980,tRNA,train,RNaseP_S.caesia-SB01
7981,tRNA,train,RNaseP_S.caesia-SB22
7982,tRNA,train,RNaseP_S.japonicus
7983,tRNA,train,RNaseP_S.polymorpha
7984,tRNA,train,RNaseP_S.putrefaciens
7985,tRNA,train,RNaseP_SM-A02
7986,tRNA,train,RNaseP_SM-A04
7987,tRNA,train,RNaseP_SM-A05
7988,tRNA,train,RNaseP_SM-A0911
7989,tRNA,train,RNaseP_SM-A1113
7990,tRNA,train,RNaseP_SM-A1519
7991,tRNA,train,RNaseP_SM-A1621
7992,tRNA,train,RNaseP_SM-A2135
7993,tRNA,train,RNaseP_SM-A3355
7994,tRNA,train,RNaseP_SM-A3862
7995,tRNA,train,RNaseP_SM-A6296
7996,tRNA,train,RNaseP_SM2
7997,tRNA,train,RNaseP_SMB-A3
7998,tRNA,train,RNaseP_SMB-B4
7999,tRNA,train,RNaseP_Saccharomonospora-K180
8000,tRNA,train,RNaseP_Synechococcus-PCC7003
8001,tRNA,train,RNaseP_Synechocystis-PCC6803
8002,tRNA,train,RNaseP_T.commune
8003,tRNA,train,RNaseP_T.delbrueckii
8004,tRNA,train,RNaseP_T.pallidum
8005,tRNA,train,RNaseP_U.urealyticum
8006,tRNA,train,RNaseP_UK5
8007,tRNA,train,RNaseP_WB3
8008,tRNA,train,RNaseP_X.fastidiosa
8009,tRNA,train,RNaseP_Y.pestis
8010,tRNA,train,grp1_a.I1.b.Dermocarpa.sp.ATCC29371.C3.tMET
8011,tRNA,train,grp1_a.I1.b.Phormidium.sp.N182.C3.tLEU
8012,tRNA,train,grp1_a.I1.b.S.hofmanii.C3.tMET
8013,tRNA,train,grp1_a.I1.b.Synechococcus.sp2.C3.tLEU
8014,tRNA,train,grp1_a.I1.c.A.cherimola.C3.tLEU
8015,tRNA,train,grp1_a.I1.c.G.prostrata.C3.tLEU
8016,tRNA,train,grp1_a.I1.c.S.bicolor.C3.tLEU
8017,tRNA,train,grp1_a.I1.e.A.adeninivorans.C1.LSU.2449
8018,tRNA,train,grp1_a.I1.e.A.capsulatus.CBS213.53.C1.SSU.943
8019,tRNA,train,grp1_a.I1.e.A.capsulatus.FLs1.C1.SSU
8020,tRNA,train,grp1_a.I1.e.A.capsulatus.G184B.C1.SSU
8021,tRNA,train,grp1_a.I1.e.A.capsulatus.G186B.C1.SSU
8022,tRNA,train,grp1_a.I1.e.A.stipitatus.C1.SSU.1046
8023,tRNA,train,grp1_a.I1.e.B.ciliata.JCM6865.C1.SSU.1506
8024,tRNA,train,grp1_a.I1.e.B.ciliata.JCM6865.C1.SSU.943
8025,tRNA,train,grp1_a.I1.e.B.yamatoana.JCM2896.C1.SSU.1506
8026,tRNA,train,grp1_a.I1.e.B.yamatoana.JCM2896.C1.SSU.943
8027,tRNA,train,grp1_a.I1.e.C.ellipsoidea.211-1a.C1.SSU.1506
8028,tRNA,train,grp1_a.I1.e.C.ellipsoidea.IAMC-87.C1.SSU.1506
8029,tRNA,train,grp1_a.I1.e.C.grayi.UNK.SSU.1046
8030,tRNA,train,grp1_a.I1.e.C.grayi.UNK.SSU.1516
8031,tRNA,train,grp1_a.I1.e.C.merochlorophea.UNK.SSU.1046
8032,tRNA,train,grp1_a.I1.e.C.merochlorophea.UNK.SSU.1210
8033,tRNA,train,grp1_a.I1.e.C.merochlorophea.UNK.SSU.1389
8034,tRNA,train,grp1_a.I1.e.C.merochlorophea.UNK.SSU.1516
8035,tRNA,train,grp1_a.I1.e.C.saccatum.C1.SSU.1512
8036,tRNA,train,grp1_a.I1.e.C.saxonicum.C1.SSU.1506
8037,tRNA,train,grp1_a.I1.e.D.parva.C1.SSU.1512
8038,tRNA,train,grp1_a.I1.e.D.parva.C1.SSU.943
8039,tRNA,train,grp1_a.I1.e.D.salina.C1.SSU.943
8040,tRNA,train,grp1_a.I1.e.E.dermatitidis.C1.SSU.943
8041,tRNA,train,grp1_a.I1.e.G.planctonica.C1.SSU.943
8042,tRNA,train,grp1_a.I1.e.G.spirotaenia.C1.SSU.1506
8043,tRNA,train,grp1_a.I1.e.L.dispersa.UNK.SSU.1046
8044,tRNA,train,grp1_a.I1.e.L.dispersa.UNK.SSU.114
8045,tRNA,train,grp1_a.I1.e.L.dispersa.UNK.SSU.1210
8046,tRNA,train,grp1_a.I1.e.L.dispersa.UNK.SSU.1516
8047,tRNA,train,grp1_a.I1.e.L.dispersa.UNK.SSU.287
8048,tRNA,train,grp1_a.I1.e.L.dispersa.UNK.SSU.516
8049,tRNA,train,grp1_a.I1.e.L.dispersa.UNK.SSU.789
8050,tRNA,train,grp1_a.I1.e.M.caldariorum.C1.SSU.1506
8051,tRNA,train,grp1_a.I1.e.P.carinii.C1.SSU.1506
8052,tRNA,train,grp1_a.I1.e.P.carinii.Pc1.C1.LSU.1921
8053,tRNA,train,grp1_a.I1.e.P.carinii.Pc2.C1.LSU.1921
8054,tRNA,train,grp1_a.I1.e.P.carinii.Pc3.C1.LSU.1921
8055,tRNA,train,grp1_a.I1.e.P.clavariiformis.C1.SSU.943
8056,tRNA,train,grp1_a.I1.e.P.inouyei.C1.SSU.1506
8057,tRNA,train,grp1_a.I1.e.P.inouyei.C1.SSU.943
8058,tRNA,train,grp1_a.I1.e.P.macrosporus.C1.SSU.1506
8059,tRNA,train,grp1_a.I1.e.P.macrosporus.C1.SSU.943
8060,tRNA,train,grp1_a.I1.e.P.pachydermus.C1.SSU.943
8061,tRNA,train,grp1_a.I1.e.P.sarcinoidea.C1.SSU.943
8062,tRNA,train,grp1_a.I1.e.S.granulatum.C1.SSU.1506
8063,tRNA,train,grp1_a.I1.e.S.paniceum.UNK.SSU.1052
8064,tRNA,train,grp1_a.I1.e.S.paniceum.UNK.SSU.114
8065,tRNA,train,grp1_a.I1.e.S.paniceum.UNK.SSU.1210
8066,tRNA,train,grp1_a.I1.e.S.paniceum.UNK.SSU.1506
8067,tRNA,train,grp1_a.I1.e.S.paniceum.UNK.SSU.287
8068,tRNA,train,grp1_a.I1.e.S.sclerotiorum_1837.C1.LSU.798
8069,tRNA,train,grp1_a.I1.e.Staurastrum.sp.M752.C1.SSU.1506
8070,tRNA,train,grp1_a.I1.e.Staurastrum.sp.M753.C1.SSU.1506
8071,tRNA,train,grp1_a.I1.e.T.cosmopolitanis.C1.LSU.1925
8072,tRNA,train,grp1_a.I1.e.T.hyperangularis.C1.LSU.1925
8073,tRNA,train,grp1_a.I1.e.T.malaccensis.C1.LSU.1925
8074,tRNA,train,grp1_a.I1.e.T.pigmentosa.C1.LSU.1925
8075,tRNA,train,grp1_a.I1.e.U.maydis.C1.SSU.943
8076,tRNA,train,grp1_a.I1.m.M.grisea.B2.ND1
8077,tRNA,train,grp1_a.I1.m.S.luteus.A1.LSU.2504
8078,tRNA,train,grp1_a.I1.m.S.pombe.B1.OX1
8079,tRNA,train,grp1_b.I1.e.C.saccharophila.C1.SSU.156
8080,tRNA,train,grp1_b.I1.e.M.anisopliae.2.C1.LSU.1921
8081,tRNA,train,grp1_b.I1.e.M.anisopliae.3.C1.LSU.1921
8082,tRNA,train,grp1_b.I1.e.T.thermophila.C1.LSU.1925
8083,tRNA,train,grp1_s.I1.e.T.thermophila.C1.LSU.1925.schem
8084,tRNA,train,grp1_a.I1.b.Dermocarpa.sp.ATCC29371.C3.tMET
8085,tRNA,train,grp1_a.I1.b.Phormidium.sp.N182.C3.tLEU
8086,tRNA,train,grp1_a.I1.b.S.hofmanii.C3.tMET
8087,tRNA,train,grp1_a.I1.b.Synechococcus.sp2.C3.tLEU
8088,tRNA,train,grp1_a.I1.c.A.cherimola.C3.tLEU
8089,tRNA,train,grp1_a.I1.c.G.prostrata.C3.tLEU
8090,tRNA,train,grp1_a.I1.c.S.bicolor.C3.tLEU
8091,tRNA,train,grp1_a.I1.e.A.adeninivorans.C1.LSU.2449
8092,tRNA,train,grp1_a.I1.e.A.capsulatus.CBS213.53.C1.SSU.943
8093,tRNA,train,grp1_a.I1.e.A.capsulatus.FLs1.C1.SSU
8094,tRNA,train,grp1_a.I1.e.A.capsulatus.G184B.C1.SSU
8095,tRNA,train,grp1_a.I1.e.A.capsulatus.G186B.C1.SSU
8096,tRNA,train,grp1_a.I1.e.A.stipitatus.C1.SSU.1046
8097,tRNA,train,grp1_a.I1.e.B.ciliata.JCM6865.C1.SSU.1506
8098,tRNA,train,grp1_a.I1.e.B.ciliata.JCM6865.C1.SSU.943
8099,tRNA,train,grp1_a.I1.e.B.yamatoana.JCM2896.C1.SSU.1506
8100,tRNA,train,grp1_a.I1.e.B.yamatoana.JCM2896.C1.SSU.943
8101,tRNA,train,grp1_a.I1.e.C.ellipsoidea.211-1a.C1.SSU.1506
8102,tRNA,train,grp1_a.I1.e.C.ellipsoidea.IAMC-87.C1.SSU.1506
8103,tRNA,train,grp1_a.I1.e.C.grayi.UNK.SSU.1046
8104,tRNA,train,grp1_a.I1.e.C.grayi.UNK.SSU.1516
8105,tRNA,train,grp1_a.I1.e.C.merochlorophea.UNK.SSU.1046
8106,tRNA,train,grp1_a.I1.e.C.merochlorophea.UNK.SSU.1210
8107,tRNA,train,grp1_a.I1.e.C.merochlorophea.UNK.SSU.1389
8108,tRNA,train,grp1_a.I1.e.C.merochlorophea.UNK.SSU.1516
8109,tRNA,train,grp1_a.I1.e.C.saccatum.C1.SSU.1512
8110,tRNA,train,srp_Aede.aegy._DW714804
8111,tRNA,train,srp_Ajel.caps._CV620298
8112,tRNA,train,srp_Arab.thal._AC005275
8113,tRNA,train,srp_Baci.mega._D11414
8114,tRNA,train,srp_Baci.poly._D11421
8115,tRNA,train,srp_Baci.subt._D11417
8116,tRNA,train,srp_Baci.thur._CP000485
8117,tRNA,train,srp_Baci.thur._D11412
8118,tRNA,train,srp_Bord.pert._BX640415
8119,tRNA,train,srp_Brug.mala._GSP-6279
8120,tRNA,train,srp_Buch.aphi._AE016826
8121,tRNA,train,srp_Burk.pseu._CP000570
8122,tRNA,train,srp_Burk.pseu._CP000572
8123,tRNA,train,srp_Cani.spec._SDB-9616
8124,tRNA,train,srp_Carb.hydr._CP000141
8125,tRNA,train,srp_Chla.trac._AE001298
8126,tRNA,train,srp_Cion.inte._BW088710
8127,tRNA,train,srp_Clav.lusi._GSP-306902
8128,tRNA,train,srp_Clos.botu._AM412317
8129,tRNA,train,srp_Clos.kluy._CP000673
8130,tRNA,train,srp_Cory.jeik._CR931997
8131,tRNA,train,srp_Cyan.mero._AB002583
8132,tRNA,train,srp_Dani.reri._EH513970
8133,tRNA,train,srp_Dech.arom._CP000089
8134,tRNA,train,srp_Desu.vulg._AE017285
8135,tRNA,train,srp_Desu.vulg._CP000527
8136,tRNA,train,srp_Dros.mela._AE001572
8137,tRNA,train,srp_Dros.mela._AE014297
8138,tRNA,train,srp_Dros.mela._X01056
8139,tRNA,train,srp_Enta.mosh._GSP-41668
8140,tRNA,train,srp_Ento.sulc._AF095839
8141,tRNA,train,srp_Esch.coli._CP000247
8142,tRNA,train,srp_Esch.coli._X01074
8143,tRNA,train,srp_Fran.alni._CT573213
8144,tRNA,train,srp_Fran.tula._AJ749949
8145,tRNA,train,srp_Fran.tula._AM286280
8146,tRNA,train,srp_Geob.kaus._BA000043
8147,tRNA,train,srp_Halo.halo._CP000544
8148,tRNA,train,srp_Heli.annu._AJ828095
8149,tRNA,train,srp_Heli.hepa._AE017125
8150,tRNA,train,srp_Kluy.walt._AADM01000319
8151,tRNA,train,srp_Lact.acid._CP000033
8152,tRNA,train,srp_Lact.john._AX926712
8153,tRNA,train,srp_Legi.pneu._M31830
8154,tRNA,train,srp_Leis.dono._AY781793
8155,tRNA,train,srp_Leis.majo._AY722715
8156,tRNA,train,srp_Lodd.elon._GSP-379508
8157,tRNA,train,srp_Lott.giga._GSP-225164
8158,tRNA,train,srp_Lyco.escu._Z29104
8159,tRNA,train,srp_Medi.trun._BE941271
8160,tRNA,train,srp_Medi.trun._CT485797
8161,tRNA,train,srp_Meth.burt._CP000300
8162,tRNA,train,srp_Meth.caps._AE017282
8163,tRNA,train,srp_Meth.ferv._S49762
8164,tRNA,train,srp_Meth.maze._AE008384
8165,tRNA,train,srp_Mus.musc._AC126244
8166,tRNA,train,srp_Myco.gall._AE015450
8167,tRNA,train,srp_Myco.pneu._AE000044
8168,tRNA,train,srp_Nect.haem._GSP-71109
8169,tRNA,train,srp_Nost.spec._BA000019
8170,tRNA,train,srp_Onch.volv._AI249203
8171,tRNA,train,srp_Para.bras._CN241909
8172,tRNA,train,srp_Pers.amer._X65992
8173,tRNA,train,srp_Pich.stip._CP000502
8174,tRNA,train,srp_Plas.chab._GSP-31271
8175,tRNA,train,srp_Plas.falc._EF690554
8176,tRNA,train,srp_Plas.yoel._GSP-352914
8177,tRNA,train,srp_Porp.purp._U38804
8178,tRNA,train,srp_Pris.paci._GSP-54126
8179,tRNA,train,srp_Proc.mari._CP000552
8180,tRNA,train,srp_Proc.mari._CP000576
8181,tRNA,train,srp_Pseu.aeru._AE004091
8182,tRNA,train,srp_Pseu.halo._CR954246
8183,tRNA,train,srp_Pseu.syri._CP000075
8184,tRNA,train,srp_Psyc.sp.._CP000713
8185,tRNA,train,srp_Pyro.furi._AE010126
8186,tRNA,train,srp_Rals.meta._CP000352
8187,tRNA,train,srp_Ratt.norv._AA923995
8188,tRNA,train,srp_Salm.ente._CP000026
8189,tRNA,train,srp_Schi.pomb._X15220
8190,tRNA,train,srp_Schm.medi._GSP-79327
8191,tRNA,train,srp_Shew.spec._CP000444
8192,tRNA,train,srp_Shew.spec._CP000469
8193,tRNA,train,srp_Spra.loph._GSP-51541
8194,tRNA,train,srp_Stap.aure._BX571856
8195,tRNA,train,srp_Stap.aure._BX571857
8196,tRNA,train,srp_Stap.haem._AP006716
8197,tRNA,train,srp_Stap.sapr._AP008934
8198,tRNA,train,srp_Stre.dysg._AJ489606
8199,tRNA,train,srp_Stre.pneu._AE008386
8200,tRNA,train,srp_Ther.mari._AE000512
8201,tRNA,train,srp_Tric.eryt._CP000393
8202,tRNA,train,srp_Trit.aest._BE424647
8203,tRNA,train,srp_Trit.aest._X13915
8204,tRNA,train,srp_Volv.cart._GSP-51971-1
8205,tRNA,train,srp_Volv.cart._GSP-51971-2
8206,tRNA,train,srp_Wolb.endo._AE017321
8207,tRNA,train,srp_Xyle.fast._AE009442
8208,tRNA,train,srp_Yers.pest._AL590842
8209,tRNA,train,srp_Zea.mays._AY108846
8210,tRNA,test,tRNA_tdbR00000001-Halobacterium_salinarum-2242-Ala-CGC
8211,tRNA,test,tRNA_tdbR00000002-Haloferax_volcanii-2246-Ala-CGC
8212,tRNA,test,tRNA_tdbR00000003-Haloferax_volcanii-2246-Ala-GGC
8213,tRNA,test,tRNA_tdbR00000004-Haloferax_volcanii-2246-Ala-UGC
8214,tRNA,test,tRNA_tdbR00000005-Mycoplasma_capricolum-2095-Ala-UGC
8215,tRNA,test,tRNA_tdbR00000006-Mycoplasma_mycoides-2102-Ala-UGC
8216,tRNA,test,tRNA_tdbR00000007-Bacillus_subtilis-1423-Ala-5GC
8217,tRNA,test,tRNA_tdbR00000008-Escherichia_coli-562-Ala-GGC
8218,tRNA,test,tRNA_tdbR00000009-Escherichia_coli-562-Ala-VGC
8219,tRNA,test,tRNA_tdbR00000010-Escherichia_coli-562-Ala-VGC
8220,tRNA,test,tRNA_tdbR00000011-Neurospora_crassa-5141-Ala-UGC
8221,tRNA,test,tRNA_tdbR00000012-Saccharomyces_cerevisiae-4932-Ala-IGC
8222,tRNA,test,tRNA_tdbR00000013-Pichia_jadinii-4903-Ala-IGC
8223,tRNA,test,tRNA_tdbR00000014-Bombyx_mori-7091-Ala-IGC
8224,tRNA,test,tRNA_tdbR00000015-Bombyx_mori-7091-Ala-IGC
8225,tRNA,test,tRNA_tdbR00000016-Homo_sapiens-9606-Ala-IGC
8226,tRNA,test,tRNA_tdbR00000017-Homo_sapiens-9606-Ala-IGC
8227,tRNA,test,tRNA_tdbR00000019-Mycoplasma_capricolum-2095-Cys-GCA
8228,tRNA,test,tRNA_tdbR00000020-Escherichia_coli-562-Cys-GCA
8229,tRNA,test,tRNA_tdbR00000021-Saccharomyces_cerevisiae-4932-Cys-GCA
8230,tRNA,test,tRNA_tdbR00000022-Enterobacteria_phage_T5-10726-Asp-GUC
8231,tRNA,test,tRNA_tdbR00000023-Haloferax_volcanii-2246-Asp-GUC
8232,tRNA,test,tRNA_tdbR00000024-Mycoplasma_capricolum-2095-Asp-GUC
8233,tRNA,test,tRNA_tdbR00000025-Thermus_thermophilus-274-Asp-GUC
8234,tRNA,test,tRNA_tdbR00000026-Escherichia_coli-562-Asp-QUC
8235,tRNA,test,tRNA_tdbR00000027-Hordeum_vulgare-4513-Asp-GUC
8236,tRNA,test,tRNA_tdbR00000028-Hordeum_vulgare-4513-Asp-QUC
8237,tRNA,test,tRNA_tdbR00000029-Asterias_amurensis-7602-Asp-QUC
8238,tRNA,test,tRNA_tdbR00000030-Aedes_albopictus-7160-Asp-GUC
8239,tRNA,test,tRNA_tdbR00000031-Rattus_norvegicus-10116-Asp-QUC
8240,tRNA,test,tRNA_tdbR00000032-Rattus_norvegicus-10116-Asp-GUC
8241,tRNA,test,tRNA_tdbR00000033-Didelphis_virginiana-9267-Asp-QUC
8242,tRNA,test,tRNA_tdbR00000034-Mesocricetus_auratus-10036-Asp-GUC
8243,tRNA,test,tRNA_tdbR00000035-Saccharomyces_cerevisiae-4932-Asp-GUC
8244,tRNA,test,tRNA_tdbR00000036-Euglena_gracilis-3039-Asp-GUC
8245,tRNA,test,tRNA_tdbR00000037-Rattus_norvegicus-10116-Asp-GUC
8246,tRNA,test,tRNA_tdbR00000038-Rattus_norvegicus-10116-Asp-8UC
8247,tRNA,test,tRNA_tdbR00000039-Oryctolagus_cuniculus-9986-Asp-8UC
8248,tRNA,test,tRNA_tdbR00000041-Xenopus_laevis-8355-Asp-8UC
8249,tRNA,test,tRNA_tdbR00000042-Haloferax_volcanii-2246-Glu-MUC
8250,tRNA,test,tRNA_tdbR00000043-Haloferax_volcanii-2246-Glu-NUC
8251,tRNA,test,tRNA_tdbR00000044-Mycoplasma_capricolum-2095-Glu-UC
8252,tRNA,test,tRNA_tdbR00000045-Escherichia_coli-562-Glu-SUC
8253,tRNA,test,tRNA_tdbR00000046-Escherichia_coli-562-Glu-SUC
8254,tRNA,test,tRNA_tdbR00000047-Escherichia_coli-562-Glu-SUC
8255,tRNA,test,tRNA_tdbR00000048-Synechocystis_sp.-1143-Glu-NUC
8256,tRNA,test,tRNA_tdbR00000049-Chlamydomonas_reinhardtii-3055-Glu-NUC
8257,tRNA,test,tRNA_tdbR00000050-Hordeum_vulgare-4513-Glu-SPC
8258,tRNA,test,tRNA_tdbR00000051-Triticum_aestivum-4565-Glu-SPC
8259,tRNA,test,tRNA_tdbR00000052-Aedes_albopictus-7160-Glu-NUC
8260,tRNA,test,tRNA_tdbR00000053-Bos_taurus-9913-Glu-NUC
8261,tRNA,test,tRNA_tdbR00000054-Saccharomyces_cerevisiae-4932-Glu-3UC
8262,tRNA,test,tRNA_tdbR00000055-Schizosaccharomyces_pombe-4896-Glu-3UC
8263,tRNA,test,tRNA_tdbR00000056-Hordeum_vulgare-4513-Glu-UPC
8264,tRNA,test,tRNA_tdbR00000057-Hordeum_vulgare-4513-Glu-CPC
8265,tRNA,test,tRNA_tdbR00000058-Lupinus_luteus-3873-Glu-CUC
8266,tRNA,test,tRNA_tdbR00000059-Rattus_norvegicus-10116-Glu-3UC
8267,tRNA,test,tRNA_tdbR00000060-Drosophila_melanogaster-7227-Glu-2UC
8268,tRNA,test,tRNA_tdbR00000061-Mus_musculus-10090-Glu-CUC
8269,tRNA,test,tRNA_tdbR00000062-Homo_sapiens-9606-Glu-CUC
8270,tRNA,test,tRNA_tdbR00000063-Haloferax_volcanii-2246-Phe-GAA
8271,tRNA,test,tRNA_tdbR00000064-Mycoplasma_capricolum-2095-Phe-GAA
8272,tRNA,test,tRNA_tdbR00000065-Bacillus_subtilis-1423-Phe-AA
8273,tRNA,test,tRNA_tdbR00000066-Thermus_thermophilus-274-Phe-GAA
8274,tRNA,test,tRNA_tdbR00000067-Escherichia_coli-562-Phe-GAA
8275,tRNA,test,tRNA_tdbR00000068-Rhodospirillum_rubrum-1085-Phe-GAA
8276,tRNA,test,tRNA_tdbR00000069-Synechococcus_sp._PCC_7002-32049-Phe-GAA
8277,tRNA,test,tRNA_tdbR00000070-Geobacillus_stearothermophilus-1422-Phe-AA
8278,tRNA,test,tRNA_tdbR00000072-Phaseolus_vulgaris-3885-Phe-GAA
8279,tRNA,test,tRNA_tdbR00000073-Spinacia_oleracea-3562-Phe-GAA
8280,tRNA,test,tRNA_tdbR00000074-Tetrahymena_pyriformis-5908-Phe-GAA
8281,tRNA,test,tRNA_tdbR00000078-Ascaris_suum-6253-Phe-GAA
8282,tRNA,test,tRNA_tdbR00000079-Rattus_norvegicus-10116-Phe-GAA
8283,tRNA,test,tRNA_tdbR00000080-Bos_taurus-9913-Phe-GAA
8284,tRNA,test,tRNA_tdbR00000082-Neurospora_crassa-5141-Phe-AA
8285,tRNA,test,tRNA_tdbR00000083-Saccharomyces_cerevisiae-4932-Phe-AA
8286,tRNA,test,tRNA_tdbR00000084-Saccharomyces_cerevisiae-4932-Phe-AA
8287,tRNA,test,tRNA_tdbR00000085-Schizosaccharomyces_pombe-4896-Phe-AA
8288,tRNA,test,tRNA_tdbR00000086-Euglena_gracilis-3039-Phe-AA
8289,tRNA,test,tRNA_tdbR00000087-Hordeum_vulgare-4513-Phe-AA
8290,tRNA,test,tRNA_tdbR00000088-Triticum_aestivum-4565-Phe-AA
8291,tRNA,test,tRNA_tdbR00000089-Brassica_napus-3708-Phe-AA
8292,tRNA,test,tRNA_tdbR00000090-Lupinus_luteus-3873-Phe-AA
8293,tRNA,test,tRNA_tdbR00000091-Pisum_sativum-3888-Phe-AA
8294,tRNA,test,tRNA_tdbR00000092-Oryctolagus_cuniculus-9986-Phe-AA
8295,tRNA,test,tRNA_tdbR00000093-Bombyx_mori-7091-Phe-AA
8296,tRNA,test,tRNA_tdbR00000094-Bombyx_mori-7091-Phe-AA
8297,tRNA,test,tRNA_tdbR00000095-Drosophila_melanogaster-7227-Phe-AA
8298,tRNA,test,tRNA_tdbR00000096-Bos_taurus-9913-Phe-AA
8299,tRNA,test,tRNA_tdbR00000097-Bos_taurus-9913-Phe-AA
8300,tRNA,test,tRNA_tdbR00000098-Xenopus_laevis-8355-Phe-AA
8301,tRNA,test,tRNA_tdbR00000099-Mus_musculus-10090-Phe-AA
8302,tRNA,test,tRNA_tdbR00000100-Mus_musculus-10090-Phe-AA
8303,tRNA,test,tRNA_tdbR00000101-Mus_musculus-10090-Phe-AA
8304,tRNA,test,tRNA_tdbR00000102-Bos_taurus-9913-Phe-AA
8305,tRNA,test,tRNA_tdbR00000103-Homo_sapiens-9606-Phe-AA
8306,tRNA,test,tRNA_tdbR00000104-Enterobacteria_phage_T4-10665-Gly-NCC
8307,tRNA,test,tRNA_tdbR00000105-Halobacterium_salinarum-2242-Gly-GCC
8308,tRNA,test,tRNA_tdbR00000106-Haloferax_volcanii-2246-Gly-CCC
8309,tRNA,test,tRNA_tdbR00000107-Haloferax_volcanii-2246-Gly-GCC
8310,tRNA,test,tRNA_tdbR00000108-Haloferax_volcanii-2246-Gly-GCC
8311,tRNA,test,tRNA_tdbR00000109-Haloferax_volcanii-2246-Gly-NCC
8312,tRNA,test,tRNA_tdbR00000110-Methanobacterium_thermaggregans-83982-Gly-GCC
8313,tRNA,test,tRNA_tdbR00000111-Mycoplasma_capricolum-2095-Gly-UCC
8314,tRNA,test,tRNA_tdbR00000112-Mycoplasma_mycoides-2102-Gly-UCC
8315,tRNA,test,tRNA_tdbR00000113-Streptomyces_coelicolor_A32-100226-Gly-CCC
8316,tRNA,test,tRNA_tdbR00000114-Staphylococcus_epidermidis-1282-Gly-UCC
8317,tRNA,test,tRNA_tdbR00000115-Staphylococcus_epidermidis-1282-Gly-UCC
8318,tRNA,test,tRNA_tdbR00000116-Bacillus_subtilis-1423-Gly-CC
8319,tRNA,test,tRNA_tdbR00000117-Escherichia_coli-562-Gly-CCC
8320,tRNA,test,tRNA_tdbR00000118-Escherichia_coli-562-Gly-GCC
8321,tRNA,test,tRNA_tdbR00000119-Escherichia_coli-562-Gly-NCC
8322,tRNA,test,tRNA_tdbR00000120-Salmonella_typhimurium-602-Gly-CCC
8323,tRNA,test,tRNA_tdbR00000121-Salmonella_typhimurium-602-Gly-NCC
8324,tRNA,test,tRNA_tdbR00000122-Codium_fragile-3133-Gly-UCC
8325,tRNA,test,tRNA_tdbR00000123-Saccharomyces_cerevisiae-4932-Gly-NCC
8326,tRNA,test,tRNA_tdbR00000124-Aedes_albopictus-7160-Gly-UCC
8327,tRNA,test,tRNA_tdbR00000125-Bos_taurus-9913-Gly-UCC
8328,tRNA,test,tRNA_tdbR00000126-Halocynthia_roretzi-7729-Gly-NCU
8329,tRNA,test,tRNA_tdbR00000127-Halocynthia_roretzi-7729-Gly-UCU
8330,tRNA,test,tRNA_tdbR00000128-Halocynthia_roretzi-7729-Gly-GCU
8331,tRNA,test,tRNA_tdbR00000129-Saccharomyces_cerevisiae-4932-Gly-GCC
8332,tRNA,test,tRNA_tdbR00000131-Triticum_aestivum-4565-Gly-GCC
8333,tRNA,test,tRNA_tdbR00000132-Lupinus_luteus-3873-Gly-GCC
8334,tRNA,test,tRNA_tdbR00000133-Bombyx_mori-7091-Gly-GCC
8335,tRNA,test,tRNA_tdbR00000134-Bombyx_mori-7091-Gly-CC
8336,tRNA,test,tRNA_tdbR00000135-Homo_sapiens-9606-Gly-CCC
8337,tRNA,test,tRNA_tdbR00000136-Homo_sapiens-9606-Gly-GCC
8338,tRNA,test,tRNA_tdbR00000138-Haloferax_volcanii-2246-His-GUG
8339,tRNA,test,tRNA_tdbR00000139-Mycoplasma_capricolum-2095-His-GUK
8340,tRNA,test,tRNA_tdbR00000140-Escherichia_coli-562-His-QUG
8341,tRNA,test,tRNA_tdbR00000141-Salmonella_typhimurium-602-His-QUG
8342,tRNA,test,tRNA_tdbR00000142-Saccharomyces_cerevisiae-4932-His-GUG
8343,tRNA,test,tRNA_tdbR00000143-Asterias_amurensis-7602-His-QUG
8344,tRNA,test,tRNA_tdbR00000144-Saccharomyces_cerevisiae-4932-His-GUG
8345,tRNA,test,tRNA_tdbR00000145-Saccharomyces_cerevisiae-4932-His-GUG
8346,tRNA,test,tRNA_tdbR00000146-Lupinus_luteus-3873-His-GUG
8347,tRNA,test,tRNA_tdbR00000147-Drosophila_melanogaster-7227-His-GUG
8348,tRNA,test,tRNA_tdbR00000148-Ovis_aries-9940-His-QUG
8349,tRNA,test,tRNA_tdbR00000149-Homo_sapiens-9606-His-GUG
8350,tRNA,test,tRNA_tdbR00000151-Haloferax_volcanii-2246-Ile-GAU
8351,tRNA,test,tRNA_tdbR00000152-Haloferax_volcanii-2246-Ile-NAU
8352,tRNA,test,tRNA_tdbR00000153-Mycoplasma_capricolum-2095-Ile-AU
8353,tRNA,test,tRNA_tdbR00000154-Mycoplasma_capricolum-2095-Ile-GAU
8354,tRNA,test,tRNA_tdbR00000155-Mycoplasma_mycoides-2102-Ile-GAU
8355,tRNA,test,tRNA_tdbR00000156-Bacillus_subtilis-1423-Ile-AU
8356,tRNA,test,tRNA_tdbR00000157-Thermus_thermophilus-274-Ile-GAU
8357,tRNA,test,tRNA_tdbR00000158-Escherichia_coli-562-Ile-GAU
8358,tRNA,test,tRNA_tdbR00000159-Escherichia_coli-562-Ile-GAU
8359,tRNA,test,tRNA_tdbR00000160-Escherichia_coli-562-Ile-AU
8360,tRNA,test,tRNA_tdbR00000161-Zea_mays-4577-Ile-GAU
8361,tRNA,test,tRNA_tdbR00000162-Spinacia_oleracea-3562-Ile-GAU
8362,tRNA,test,tRNA_tdbR00000164-Saccharomyces_cerevisiae-4932-Ile-GAU
8363,tRNA,test,tRNA_tdbR00000165-Solanum_tuberosum-4113-Ile-AU
8364,tRNA,test,tRNA_tdbR00000167-Aedes_albopictus-7160-Ile-GAU
8365,tRNA,test,tRNA_tdbR00000168-Bos_taurus-9913-Ile-GAU
8366,tRNA,test,tRNA_tdbR00000169-Homo_sapiens-9606-Ile-GAU
8367,tRNA,test,tRNA_tdbR00000170-Saccharomyces_cerevisiae-4932-Ile-IAU
8368,tRNA,test,tRNA_tdbR00000171-Pichia_jadinii-4903-Ile-IAU
8369,tRNA,test,tRNA_tdbR00000172-Lupinus_luteus-3873-Ile-IAU
8370,tRNA,test,tRNA_tdbR00000173-Bombyx_mori-7091-Ile-IAU
8371,tRNA,test,tRNA_tdbR00000174-Mus_musculus-10090-Ile-IAU
8372,tRNA,test,tRNA_tdbR00000175-Haloferax_volcanii-2246-Lys-NUU
8373,tRNA,test,tRNA_tdbR00000176-Haloferax_volcanii-2246-Lys-MUU
8374,tRNA,test,tRNA_tdbR00000177-Mycoplasma_capricolum-2095-Lys-CUU
8375,tRNA,test,tRNA_tdbR00000178-Mycoplasma_capricolum-2095-Lys-UU
8376,tRNA,test,tRNA_tdbR00000179-Bacillus_subtilis-1423-Lys-UU
8377,tRNA,test,tRNA_tdbR00000180-Bacillus_subtilis-1423-Lys-UU
8378,tRNA,test,tRNA_tdbR00000181-Escherichia_coli-562-Lys-SUU
8379,tRNA,test,tRNA_tdbR00000182-Codium_fragile-3133-Lys-NUU
8380,tRNA,test,tRNA_tdbR00000184-Asterias_amurensis-7602-Lys-CUU
8381,tRNA,test,tRNA_tdbR00000187-Loligo_bleekeri-6617-Lys-CUU
8382,tRNA,test,tRNA_tdbR00000189-Rattus_norvegicus-10116-Lys-NUU
8383,tRNA,test,tRNA_tdbR00000190-Bos_taurus-9913-Lys-NUU
8384,tRNA,test,tRNA_tdbR00000191-Mesocricetus_auratus-10036-Lys-NUU
8385,tRNA,test,tRNA_tdbR00000192-Saccharomyces_cerevisiae-4932-Lys-CUU
8386,tRNA,test,tRNA_tdbR00000193-Saccharomyces_cerevisiae-4932-Lys-UU
8387,tRNA,test,tRNA_tdbR00000194-Triticum_aestivum-4565-Lys-CUU
8388,tRNA,test,tRNA_tdbR00000195-Rattus_norvegicus-10116-Lys-CUN
8389,tRNA,test,tRNA_tdbR00000196-Rattus_norvegicus-10116-Lys-CUN
8390,tRNA,test,tRNA_tdbR00000197-Rattus_norvegicus-10116-Lys-3UU
8391,tRNA,test,tRNA_tdbR00000198-Oryctolagus_cuniculus-9986-Lys-CUU
8392,tRNA,test,tRNA_tdbR00000199-Oryctolagus_cuniculus-9986-Lys-CUU
8393,tRNA,test,tRNA_tdbR00000200-Oryctolagus_cuniculus-9986-Lys-3UU
8394,tRNA,test,tRNA_tdbR00000201-Drosophila_melanogaster-7227-Lys-CUU
8395,tRNA,test,tRNA_tdbR00000202-Drosophila_melanogaster-7227-Lys-UU
8396,tRNA,test,tRNA_tdbR00000203-Loligo_bleekeri-6617-Lys-NUU
8397,tRNA,test,tRNA_tdbR00000204-Loligo_bleekeri-6617-Lys-CUU
8398,tRNA,test,tRNA_tdbR00000205-Loligo_bleekeri-6617-Lys-NUU
8399,tRNA,test,tRNA_tdbR00000206-Loligo_bleekeri-6617-Lys-UUU
8400,tRNA,test,tRNA_tdbR00000207-Mus_musculus-10090-Lys-CUU
8401,tRNA,test,tRNA_tdbR00000208-Mus_musculus-10090-Lys-CUN
8402,tRNA,test,tRNA_tdbR00000209-Enterobacteria_phage_T4-10665-Leu-NAA
8403,tRNA,test,tRNA_tdbR00000210-Enterobacteria_phage_T5-10726-Leu-UAG
8404,tRNA,test,tRNA_tdbR00000211-Haloferax_volcanii-2246-Leu-CAA
8405,tRNA,test,tRNA_tdbR00000212-Haloferax_volcanii-2246-Leu-CAG
8406,tRNA,test,tRNA_tdbR00000213-Haloferax_volcanii-2246-Leu-GAG
8407,tRNA,test,tRNA_tdbR00000214-Haloferax_volcanii-2246-Leu-UAA
8408,tRNA,test,tRNA_tdbR00000215-Haloferax_volcanii-2246-Leu-5AG
8409,tRNA,test,tRNA_tdbR00000216-Mycoplasma_capricolum-2095-Leu-BAA
8410,tRNA,test,tRNA_tdbR00000217-Mycoplasma_capricolum-2095-Leu-AA
8411,tRNA,test,tRNA_tdbR00000218-Mycoplasma_capricolum-2095-Leu-UAG
8412,tRNA,test,tRNA_tdbR00000219-Bacillus_subtilis-1423-Leu-CAG
8413,tRNA,test,tRNA_tdbR00000220-Escherichia_coli-562-Leu-HAA
8414,tRNA,test,tRNA_tdbR00000221-Escherichia_coli-562-Leu-CAG
8415,tRNA,test,tRNA_tdbR00000222-Escherichia_coli-562-Leu-GAG
8416,tRNA,test,tRNA_tdbR00000223-Salmonella_typhimurium-602-Leu-CAG
8417,tRNA,test,tRNA_tdbR00000224-Rhodospirillum_rubrum-1085-Leu-CAA
8418,tRNA,test,tRNA_tdbR00000225-Synechococcus_elongatus_PCC_6301-269084-Leu-CAA
8419,tRNA,test,tRNA_tdbR00000226-Synechococcus_elongatus_PCC_6301-269084-Leu-CAG
8420,tRNA,test,tRNA_tdbR00000227-Geobacillus_stearothermophilus-1422-Leu-BAA
8421,tRNA,test,tRNA_tdbR00000228-Glycine_max-3847-Leu-BAA
8422,tRNA,test,tRNA_tdbR00000229-Glycine_max-3847-Leu-JAA
8423,tRNA,test,tRNA_tdbR00000230-Glycine_max-3847-Leu-UA7
8424,tRNA,test,tRNA_tdbR00000231-Phaseolus_vulgaris-3885-Leu-BAA
8425,tRNA,test,tRNA_tdbR00000232-Phaseolus_vulgaris-3885-Leu-NAA
8426,tRNA,test,tRNA_tdbR00000233-Phaseolus_vulgaris-3885-Leu-UA7
8427,tRNA,test,tRNA_tdbR00000234-Spinacia_oleracea-3562-Leu-UA7
8428,tRNA,test,tRNA_tdbR00000235-Neurospora_crassa-5141-Leu-NAA
8429,tRNA,test,tRNA_tdbR00000236-Neurospora_crassa-5141-Leu-UAG
8430,tRNA,test,tRNA_tdbR00000237-Saccharomyces_cerevisiae-4932-Leu-AA
8431,tRNA,test,tRNA_tdbR00000243-Rattus_norvegicus-10116-Leu-UAG
8432,tRNA,test,tRNA_tdbR00000244-Rattus_norvegicus-10116-Leu-UAG
8433,tRNA,test,tRNA_tdbR00000245-Rattus_norvegicus-10116-Leu-UAG
8434,tRNA,test,tRNA_tdbR00000246-Bos_taurus-9913-Leu-NAA
8435,tRNA,test,tRNA_tdbR00000247-Bos_taurus-9913-Leu-UAG
8436,tRNA,test,tRNA_tdbR00000249-Saccharomyces_cerevisiae-4932-Leu-CAA
8437,tRNA,test,tRNA_tdbR00000250-Saccharomyces_cerevisiae-4932-Leu-UAG
8438,tRNA,test,tRNA_tdbR00000251-Saccharomyces_cerevisiae-4932-Leu-UAA
8439,tRNA,test,tRNA_tdbR00000252-Pichia_jadinii-4903-Leu-BAA
8440,tRNA,test,tRNA_tdbR00000253-Candida_cylindracea-44322-Leu-BAA
8441,tRNA,test,tRNA_tdbR00000254-Candida_cylindracea-44322-Leu-IAG
8442,tRNA,test,tRNA_tdbR00000255-Candida_cylindracea-44322-Leu-IAG
8443,tRNA,test,tRNA_tdbR00000261-Cucumis_sativus-3659-Leu-NAA
8444,tRNA,test,tRNA_tdbR00000262-Rattus_norvegicus-10116-Leu-AA
8445,tRNA,test,tRNA_tdbR00000263-Rattus_norvegicus-10116-Leu-AA
8446,tRNA,test,tRNA_tdbR00000264-Caenorhabditis_elegans-6239-Leu-IAG
8447,tRNA,test,tRNA_tdbR00000265-Bos_taurus-9913-Leu-IAG
8448,tRNA,test,tRNA_tdbR00000266-Bos_taurus-9913-Leu-AA
8449,tRNA,test,tRNA_tdbR00000267-Bos_taurus-9913-Leu-IAG
8450,tRNA,test,tRNA_tdbR00000270-Avian_myeloblastosis_virus-11866-Met-BAU
8451,tRNA,test,tRNA_tdbR00000271-Haloferax_volcanii-2246-Met-BAU
8452,tRNA,test,tRNA_tdbR00000272-Thermoplasma_acidophilum-2303-Met-CAU
8453,tRNA,test,tRNA_tdbR00000273-Mycoplasma_capricolum-2095-Met-CAU
8454,tRNA,test,tRNA_tdbR00000274-Bacillus_subtilis-1423-Met-CAU
8455,tRNA,test,tRNA_tdbR00000275-Thermus_thermophilus-274-Met-CAU
8456,tRNA,test,tRNA_tdbR00000276-Escherichia_coli-562-Met-MAU
8457,tRNA,test,tRNA_tdbR00000277-Codium_fragile-3133-Met-CAU
8458,tRNA,test,tRNA_tdbR00000278-Scenedesmus_obliquus-3088-Met-CAU
8459,tRNA,test,tRNA_tdbR00000279-Spinacia_oleracea-3562-Met-CAU
8460,tRNA,test,tRNA_tdbR00000280-Saccharomyces_cerevisiae-4932-Met-CAU
8461,tRNA,test,tRNA_tdbR00000281-Phaseolus_vulgaris-3885-Met-CAU
8462,tRNA,test,tRNA_tdbR00000282-Ascaris_suum-6253-Met-AU
8463,tRNA,test,tRNA_tdbR00000283-Gallus_gallus-9031-Met-AU
8464,tRNA,test,tRNA_tdbR00000284-Saccharomyces_cerevisiae-4932-Met-CAU
8465,tRNA,test,tRNA_tdbR00000285-Triticum_aestivum-4565-Met-BAU
8466,tRNA,test,tRNA_tdbR00000286-Lupinus_luteus-3873-Met-BAU
8467,tRNA,test,tRNA_tdbR00000287-Oryctolagus_cuniculus-9986-Met-BAU
8468,tRNA,test,tRNA_tdbR00000288-Mus_musculus-10090-Met-BAU
8469,tRNA,test,tRNA_tdbR00000289-Homo_sapiens-9606-Met-BAU
8470,tRNA,test,tRNA_tdbR00000290-Enterobacteria_phage_T5-10726-Asn-GUU
8471,tRNA,test,tRNA_tdbR00000291-Halobacterium_salinarum-2242-Asn-GUU
8472,tRNA,test,tRNA_tdbR00000292-Haloferax_volcanii-2246-Asn-GUU
8473,tRNA,test,tRNA_tdbR00000293-Methanobacterium_thermaggregans-83982-Asn-UU
8474,tRNA,test,tRNA_tdbR00000294-Mycoplasma_capricolum-2095-Asn-GUU
8475,tRNA,test,tRNA_tdbR00000295-Escherichia_coli-562-Asn-QUU
8476,tRNA,test,tRNA_tdbR00000296-Azospirillum_lipoferum-193-Asn-QUU
8477,tRNA,test,tRNA_tdbR00000297-Azospirillum_lipoferum-193-Asn-QUU
8478,tRNA,test,tRNA_tdbR00000298-Asterias_amurensis-7602-Asn-GUU
8479,tRNA,test,tRNA_tdbR00000299-Asterias_amurensis-7602-Asn-GPU
8480,tRNA,test,tRNA_tdbR00000300-Saccharomyces_cerevisiae-4932-Asn-GUU
8481,tRNA,test,tRNA_tdbR00000301-Lupinus_luteus-3873-Asn-UU
8482,tRNA,test,tRNA_tdbR00000307-Moloney_murine_leukemia_virus-11801-Pro-IGG
8483,tRNA,test,tRNA_tdbR00000308-Moloney_murine_leukemia_virus-11801-Pro-NGG
8484,tRNA,test,tRNA_tdbR00000309-Enterobacteria_phage_T4-10665-Pro-NGG
8485,tRNA,test,tRNA_tdbR00000310-Enterobacteria_phage_T5-10726-Pro-UGG
8486,tRNA,test,tRNA_tdbR00000311-Haloferax_volcanii-2246-Pro-MGG
8487,tRNA,test,tRNA_tdbR00000312-Haloferax_volcanii-2246-Pro-GGG
8488,tRNA,test,tRNA_tdbR00000313-Haloferax_volcanii-2246-Pro-UGG
8489,tRNA,test,tRNA_tdbR00000314-Mycoplasma_capricolum-2095-Pro-UGG
8490,tRNA,test,tRNA_tdbR00000315-Mycoplasma_mycoides-2102-Pro-UGG
8491,tRNA,test,tRNA_tdbR00000316-Bacillus_subtilis-1423-Pro-5GG
8492,tRNA,test,tRNA_tdbR00000317-Salmonella_typhimurium-602-Pro-CGG
8493,tRNA,test,tRNA_tdbR00000318-Salmonella_typhimurium-602-Pro-GGG
8494,tRNA,test,tRNA_tdbR00000319-Salmonella_typhimurium-602-Pro-VGG
8495,tRNA,test,tRNA_tdbR00000320-Spinacia_oleracea-3562-Pro-NGG
8496,tRNA,test,tRNA_tdbR00000321-Saccharomyces_cerevisiae-4932-Pro-UGG
8497,tRNA,test,tRNA_tdbR00000322-Phaseolus_vulgaris-3885-Pro-UGG
8498,tRNA,test,tRNA_tdbR00000323-Saccharomyces_cerevisiae-4932-Pro-NGG
8499,tRNA,test,tRNA_tdbR00000324-Saccharomyces_cerevisiae-4932-Pro-NGG
8500,tRNA,test,tRNA_tdbR00000325-Pichia_jadinii-4903-Pro-GG
8501,tRNA,test,tRNA_tdbR00000326-Lupinus_luteus-3873-Pro-IGG
8502,tRNA,test,tRNA_tdbR00000327-Enterobacteria_phage_T4-10665-Gln-NUG
8503,tRNA,test,tRNA_tdbR00000328-Enterobacteria_phage_T5-10726-Gln-UUG
8504,tRNA,test,tRNA_tdbR00000330-Haloferax_volcanii-2246-Gln-MUG
8505,tRNA,test,tRNA_tdbR00000331-Mycoplasma_capricolum-2095-Gln-UG
8506,tRNA,test,tRNA_tdbR00000332-Escherichia_coli-562-Gln-CUG
8507,tRNA,test,tRNA_tdbR00000333-Escherichia_coli-562-Gln-NUG
8508,tRNA,test,tRNA_tdbR00000334-Hordeum_vulgare-4513-Gln-UG
8509,tRNA,test,tRNA_tdbR00000335-Nicotiana_rustica-4093-Gln-NUG
8510,tRNA,test,tRNA_tdbR00000336-Aedes_albopictus-7160-Gln-NUG
8511,tRNA,test,tRNA_tdbR00000337-Tetrahymena_thermophila-5911-Gln-CUA
8512,tRNA,test,tRNA_tdbR00000338-Tetrahymena_thermophila-5911-Gln-JUA
8513,tRNA,test,tRNA_tdbR00000339-Tetrahymena_thermophila-5911-Gln-JUG
8514,tRNA,test,tRNA_tdbR00000340-Nicotiana_rustica-4093-Gln-JUG
8515,tRNA,test,tRNA_tdbR00000341-Rattus_norvegicus-10116-Gln-CUG
8516,tRNA,test,tRNA_tdbR00000342-Bos_taurus-9913-Gln-CUG
8517,tRNA,test,tRNA_tdbR00000343-Mus_musculus-10090-Gln-CUG
8518,tRNA,test,tRNA_tdbR00000344-Mus_musculus-10090-Gln-JUG
8519,tRNA,test,tRNA_tdbR00000345-Homo_sapiens-9606-Gln-NUG
8520,tRNA,test,tRNA_tdbR00000346-Homo_sapiens-9606-Gln-NUG
8521,tRNA,test,tRNA_tdbR00000347-Enterobacteria_phage_T4-10665-Arg-NCU
8522,tRNA,test,tRNA_tdbR00000348-Halobacterium_salinarum-2242-Arg-GCG
8523,tRNA,test,tRNA_tdbR00000349-Haloferax_volcanii-2246-Arg-CCG
8524,tRNA,test,tRNA_tdbR00000350-Haloferax_volcanii-2246-Arg-GCG
8525,tRNA,test,tRNA_tdbR00000351-Haloferax_volcanii-2246-Arg-NCG
8526,tRNA,test,tRNA_tdbR00000352-Mycoplasma_capricolum-2095-Arg-ICG
8527,tRNA,test,tRNA_tdbR00000353-Mycoplasma_capricolum-2095-Arg-CU
8528,tRNA,test,tRNA_tdbR00000354-Bacillus_subtilis-1423-Arg-ICG
8529,tRNA,test,tRNA_tdbR00000355-Escherichia_coli-562-Arg-ICG
8530,tRNA,test,tRNA_tdbR00000356-Escherichia_coli-562-Arg-ICG
8531,tRNA,test,tRNA_tdbR00000357-Escherichia_coli-562-Arg-CU
8532,tRNA,test,tRNA_tdbR00000358-Escherichia_coli-562-Arg-CU
8533,tRNA,test,tRNA_tdbR00000359-Escherichia_coli-562-Arg-CCG
8534,tRNA,test,tRNA_tdbR00000360-Codium_fragile-3133-Arg-ICG
8535,tRNA,test,tRNA_tdbR00000361-Saccharomyces_cerevisiae-4932-Arg-ACG
8536,tRNA,test,tRNA_tdbR00000362-Saccharomyces_cerevisiae-4932-Arg-NCU
8537,tRNA,test,tRNA_tdbR00000363-Ascaris_suum-6253-Arg-PCU
8538,tRNA,test,tRNA_tdbR00000364-Ascaris_suum-6253-Arg-ACG
8539,tRNA,test,tRNA_tdbR00000365-Aedes_albopictus-7160-Arg-UCG
8540,tRNA,test,tRNA_tdbR00000366-Rattus_norvegicus-10116-Arg-UCG
8541,tRNA,test,tRNA_tdbR00000367-Bos_taurus-9913-Arg-UCG
8542,tRNA,test,tRNA_tdbR00000368-Mesocricetus_auratus-10036-Arg-UCG
8543,tRNA,test,tRNA_tdbR00000369-Saccharomyces_cerevisiae-4932-Arg-ICG
8544,tRNA,test,tRNA_tdbR00000370-Saccharomyces_cerevisiae-4932-Arg-1CU
8545,tRNA,test,tRNA_tdbR00000371-Saccharomyces_cerevisiae-4932-Arg-1CU
8546,tRNA,test,tRNA_tdbR00000372-Triticum_aestivum-4565-Arg-CCG
8547,tRNA,test,tRNA_tdbR00000373-Triticum_aestivum-4565-Arg-ICG
8548,tRNA,test,tRNA_tdbR00000374-Bos_taurus-9913-Arg-CCG
8549,tRNA,test,tRNA_tdbR00000375-Bos_taurus-9913-Arg-CCU
8550,tRNA,test,tRNA_tdbR00000376-Bos_taurus-9913-Arg-3CP
8551,tRNA,test,tRNA_tdbR00000377-Mus_musculus-10090-Arg-ICG
8552,tRNA,test,tRNA_tdbR00000378-Mus_musculus-10090-Arg-ICG
8553,tRNA,test,tRNA_tdbR00000379-Enterobacteria_phage_T4-10665-Ser-NGA
8554,tRNA,test,tRNA_tdbR00000380-Halobacterium_salinarum-2242-Ser-MGA
8555,tRNA,test,tRNA_tdbR00000381-Haloferax_volcanii-2246-Ser-GCU
8556,tRNA,test,tRNA_tdbR00000382-Haloferax_volcanii-2246-Ser-MGA
8557,tRNA,test,tRNA_tdbR00000383-Haloferax_volcanii-2246-Ser-GGA
8558,tRNA,test,tRNA_tdbR00000384-Mycoplasma_capricolum-2095-Ser-GCU
8559,tRNA,test,tRNA_tdbR00000385-Mycoplasma_capricolum-2095-Ser-UGA
8560,tRNA,test,tRNA_tdbR00000386-Mycoplasma_mycoides-2102-Ser-UGA
8561,tRNA,test,tRNA_tdbR00000387-Bacillus_subtilis-1423-Ser-5GA
8562,tRNA,test,tRNA_tdbR00000389-Bacillus_subtilis-1423-Ser-GGA
8563,tRNA,test,tRNA_tdbR00000390-Escherichia_coli-562-Ser-CGA
8564,tRNA,test,tRNA_tdbR00000391-Escherichia_coli-562-Ser-GCU
8565,tRNA,test,tRNA_tdbR00000392-Escherichia_coli-562-Ser-GGA
8566,tRNA,test,tRNA_tdbR00000393-Escherichia_coli-562-Ser-GGA
8567,tRNA,test,tRNA_tdbR00000394-Escherichia_coli-562-Ser-VGA
8568,tRNA,test,tRNA_tdbR00000395-Saccharomyces_cerevisiae-4932-Ser-GCU
8569,tRNA,test,tRNA_tdbR00000396-Saccharomyces_cerevisiae-4932-Ser-UGA
8570,tRNA,test,tRNA_tdbR00000397-Saccharomyces_cerevisiae-4932-Ser-UGA
8571,tRNA,test,tRNA_tdbR00000398-Ascaris_suum-6253-Ser-UCU
8572,tRNA,test,tRNA_tdbR00000399-Aedes_albopictus-7160-Ser-GCU
8573,tRNA,test,tRNA_tdbR00000400-Loligo_bleekeri-6617-Ser-7CU
8574,tRNA,test,tRNA_tdbR00000403-Bos_taurus-9913-Ser-UGA
8575,tRNA,test,tRNA_tdbR00000406-Saccharomyces_cerevisiae-4932-Ser-NGA
8576,tRNA,test,tRNA_tdbR00000407-Saccharomyces_cerevisiae-4932-Ser-IGA
8577,tRNA,test,tRNA_tdbR00000408-Saccharomyces_cerevisiae-4932-Ser-IGA
8578,tRNA,test,tRNA_tdbR00000409-Candida_cylindracea-44322-Ser-CAG
8579,tRNA,test,tRNA_tdbR00000410-Candida_cylindracea-44322-Ser-GA
8580,tRNA,test,tRNA_tdbR00000411-Candida_cylindracea-44322-Ser-IGA
8581,tRNA,test,tRNA_tdbR00000412-Candida_cylindracea-44322-Ser-CGA
8582,tRNA,test,tRNA_tdbR00000413-Candida_cylindracea-44322-Ser-GCU
8583,tRNA,test,tRNA_tdbR00000414-Lupinus_luteus-3873-Ser-CGA
8584,tRNA,test,tRNA_tdbR00000415-Nicotiana_rustica-4093-Ser-GA
8585,tRNA,test,tRNA_tdbR00000416-Nicotiana_rustica-4093-Ser-CGA
8586,tRNA,test,tRNA_tdbR00000417-Nicotiana_rustica-4093-Ser-GCU
8587,tRNA,test,tRNA_tdbR00000418-Nicotiana_rustica-4093-Ser-IGA
8588,tRNA,test,tRNA_tdbR00000419-Nicotiana_rustica-4093-Ser-IGA
8589,tRNA,test,tRNA_tdbR00000420-Spinacia_oleracea-3562-Ser-IGA
8590,tRNA,test,tRNA_tdbR00000421-Rattus_norvegicus-10116-Ser-IGA
8591,tRNA,test,tRNA_tdbR00000422-Rattus_norvegicus-10116-Ser-GCU
8592,tRNA,test,tRNA_tdbR00000423-Rattus_norvegicus-10116-Ser-IGA
8593,tRNA,test,tRNA_tdbR00000424-Drosophila_melanogaster-7227-Ser-GCU
8594,tRNA,test,tRNA_tdbR00000425-Drosophila_melanogaster-7227-Ser-IGA
8595,tRNA,test,tRNA_tdbR00000426-Drosophila_melanogaster-7227-Ser-CGA
8596,tRNA,test,tRNA_tdbR00000427-Gallus_gallus-9031-Ser-UGA
8597,tRNA,test,tRNA_tdbR00000428-Homo_sapiens-9606-Ser-UGA
8598,tRNA,test,tRNA_tdbR00000429-Enterobacteria_phage_T4-10665-Thr-NGU
8599,tRNA,test,tRNA_tdbR00000430-Halobacterium_salinarum-2242-Thr-GGU
8600,tRNA,test,tRNA_tdbR00000431-Haloferax_volcanii-2246-Thr-CGU
8601,tRNA,test,tRNA_tdbR00000432-Haloferax_volcanii-2246-Thr-GGU
8602,tRNA,test,tRNA_tdbR00000433-Mycoplasma_capricolum-2095-Thr-AGU
8603,tRNA,test,tRNA_tdbR00000434-Mycoplasma_capricolum-2095-Thr-UGU
8604,tRNA,test,tRNA_tdbR00000435-Mycoplasma_mycoides-2102-Thr-UGU
8605,tRNA,test,tRNA_tdbR00000436-Bacillus_subtilis-1423-Thr-5GU
8606,tRNA,test,tRNA_tdbR00000437-Escherichia_coli-562-Thr-GGU
8607,tRNA,test,tRNA_tdbR00000438-Escherichia_coli-562-Thr-GGU
8608,tRNA,test,tRNA_tdbR00000439-Spinacia_oleracea-3562-Thr-GGU
8609,tRNA,test,tRNA_tdbR00000440-Neurospora_crassa-5141-Thr-UGU
8610,tRNA,test,tRNA_tdbR00000443-Saccharomyces_cerevisiae-4932-Thr-IGU
8611,tRNA,test,tRNA_tdbR00000444-Saccharomyces_cerevisiae-4932-Thr-IGU
8612,tRNA,test,tRNA_tdbR00000445-Bos_taurus-9913-Thr-IGU
8613,tRNA,test,tRNA_tdbR00000446-Halobacterium_salinarum-2242-Val-CAC
8614,tRNA,test,tRNA_tdbR00000447-Halobacterium_salinarum-2242-Val-CAC
8615,tRNA,test,tRNA_tdbR00000448-Halobacterium_salinarum-2242-Val-GAC
8616,tRNA,test,tRNA_tdbR00000449-Haloferax_volcanii-2246-Val-CAC
8617,tRNA,test,tRNA_tdbR00000450-Haloferax_volcanii-2246-Val-GAC
8618,tRNA,test,tRNA_tdbR00000451-Mycoplasma_capricolum-2095-Val-UAC
8619,tRNA,test,tRNA_tdbR00000452-Mycoplasma_mycoides-2102-Val-UAC
8620,tRNA,test,tRNA_tdbR00000453-Bacillus_subtilis-1423-Val-5AC
8621,tRNA,test,tRNA_tdbR00000454-Escherichia_coli-562-Val-GAC
8622,tRNA,test,tRNA_tdbR00000455-Escherichia_coli-562-Val-GAC
8623,tRNA,test,tRNA_tdbR00000456-Escherichia_coli-562-Val-VAC
8624,tRNA,test,tRNA_tdbR00000457-Geobacillus_stearothermophilus-1422-Val-GAC
8625,tRNA,test,tRNA_tdbR00000459-Neurospora_crassa-5141-Val-UAC
8626,tRNA,test,tRNA_tdbR00000460-Aedes_albopictus-7160-Val-UAC
8627,tRNA,test,tRNA_tdbR00000461-Rattus_norvegicus-10116-Val-UAC
8628,tRNA,test,tRNA_tdbR00000462-Rattus_norvegicus-10116-Val-UAC
8629,tRNA,test,tRNA_tdbR00000463-Bos_taurus-9913-Val-UAC
8630,tRNA,test,tRNA_tdbR00000464-Saccharomyces_cerevisiae-4932-Val-IAC
8631,tRNA,test,tRNA_tdbR00000465-Saccharomyces_cerevisiae-4932-Val-CAC
8632,tRNA,test,tRNA_tdbR00000466-Saccharomyces_cerevisiae-4932-Val-AC
8633,tRNA,test,tRNA_tdbR00000467-Pichia_jadinii-4903-Val-IAC
8634,tRNA,test,tRNA_tdbR00000468-Lupinus_luteus-3873-Val-IAC
8635,tRNA,test,tRNA_tdbR00000469-Rattus_norvegicus-10116-Val-IAC
8636,tRNA,test,tRNA_tdbR00000471-Oryctolagus_cuniculus-9986-Val-IAC
8637,tRNA,test,tRNA_tdbR00000472-Drosophila_melanogaster-7227-Val-IAC
8638,tRNA,test,tRNA_tdbR00000473-Drosophila_melanogaster-7227-Val-CAC
8639,tRNA,test,tRNA_tdbR00000474-Drosophila_melanogaster-7227-Val-NAC
8640,tRNA,test,tRNA_tdbR00000475-Mus_musculus-10090-Val-IAC
8641,tRNA,test,tRNA_tdbR00000477-Avian_myeloblastosis_virus-11866-Trp-BCA
8642,tRNA,test,tRNA_tdbR00000478-Haloferax_volcanii-2246-Trp-BCA
8643,tRNA,test,tRNA_tdbR00000479-Mycoplasma_capricolum-2095-Trp-BCA
8644,tRNA,test,tRNA_tdbR00000480-Mycoplasma_capricolum-2095-Trp-CA
8645,tRNA,test,tRNA_tdbR00000481-Spiroplasma_citri-2133-Trp-NCA
8646,tRNA,test,tRNA_tdbR00000482-Spiroplasma_citri-2133-Trp-CCA
8647,tRNA,test,tRNA_tdbR00000483-Bacillus_subtilis-1423-Trp-CCA
8648,tRNA,test,tRNA_tdbR00000484-Escherichia_coli-562-Trp-CCA
8649,tRNA,test,tRNA_tdbR00000485-Nicotiana_tabacum-4097-Trp-BCA
8650,tRNA,test,tRNA_tdbR00000486-Phaseolus_vulgaris-3885-Trp-BCA
8651,tRNA,test,tRNA_tdbR00000488-Tetrahymena_thermophila-5911-Trp-CA
8652,tRNA,test,tRNA_tdbR00000489-Neurospora_crassa-5141-Trp-NCA
8653,tRNA,test,tRNA_tdbR00000490-Saccharomyces_cerevisiae-4932-Trp-CA
8654,tRNA,test,tRNA_tdbR00000492-Rattus_norvegicus-10116-Trp-NCA
8655,tRNA,test,tRNA_tdbR00000493-Bos_taurus-9913-Trp-NCA
8656,tRNA,test,tRNA_tdbR00000494-Saccharomyces_cerevisiae-4932-Trp-BCA
8657,tRNA,test,tRNA_tdbR00000495-Triticum_aestivum-4565-Trp-BCA
8658,tRNA,test,tRNA_tdbR00000496-Nicotiana_tabacum-4097-Trp-BCA
8659,tRNA,test,tRNA_tdbR00000497-Bos_taurus-9913-Trp-BCA
8660,tRNA,test,tRNA_tdbR00000498-Gallus_gallus-9031-Trp-BCA
8661,tRNA,test,tRNA_tdbR00000499-Halobacterium_salinarum-2242-Ini-CAU
8662,tRNA,test,tRNA_tdbR00000500-Haloferax_volcanii-2246-Ini-CAU
8663,tRNA,test,tRNA_tdbR00000503-Thermoplasma_acidophilum-2303-Ini-CAU
8664,tRNA,test,tRNA_tdbR00000504-Mycoplasma_capricolum-2095-Ini-CAU
8665,tRNA,test,tRNA_tdbR00000505-Mycoplasma_mycoides-2102-Ini-CAU
8666,tRNA,test,tRNA_tdbR00000506-Streptomyces_griseus-1911-Ini-CAU
8667,tRNA,test,tRNA_tdbR00000507-Bacillus_subtilis-1423-Ini-CAU
8668,tRNA,test,tRNA_tdbR00000508-Thermus_thermophilus-274-Ini-CAU
8669,tRNA,test,tRNA_tdbR00000509-Thermus_thermophilus-274-Ini-CAU
8670,tRNA,test,tRNA_tdbR00000510-Escherichia_coli-562-Ini-CAU
8671,tRNA,test,tRNA_tdbR00000511-Escherichia_coli-562-Ini-CAU
8672,tRNA,test,tRNA_tdbR00000512-Mycobacterium_smegmatis-1772-Ini-CAU
8673,tRNA,test,tRNA_tdbR00000513-Synechococcus_elongatus_PCC_6301-269084-Ini-CAU
8674,tRNA,test,tRNA_tdbR00000514-Scenedesmus_obliquus-3088-Ini-CAU
8675,tRNA,test,tRNA_tdbR00000515-Phaseolus_vulgaris-3885-Ini-CAU
8676,tRNA,test,tRNA_tdbR00000516-Spinacia_oleracea-3562-Ini-CAU
8677,tRNA,test,tRNA_tdbR00000517-Neurospora_crassa-5141-Ini-CAU
8678,tRNA,test,tRNA_tdbR00000518-Saccharomyces_cerevisiae-4932-Ini-CAU
8679,tRNA,test,tRNA_tdbR00000519-Phaseolus_vulgaris-3885-Ini-CAU
8680,tRNA,test,tRNA_tdbR00000520-Aedes_albopictus-7160-Ini-CAU
8681,tRNA,test,tRNA_tdbR00000521-Bos_taurus-9913-Ini-CAU
8682,tRNA,test,tRNA_tdbR00000522-Bos_taurus-9913-Ini-AU
8683,tRNA,test,tRNA_tdbR00000523-Tetrahymena_thermophila-5911-Ini-CAU
8684,tRNA,test,tRNA_tdbR00000524-Scenedesmus_obliquus-3088-Ini-CAU
8685,tRNA,test,tRNA_tdbR00000526-Saccharomyces_cerevisiae-4932-Ini-CAU
8686,tRNA,test,tRNA_tdbR00000527-Schizosaccharomyces_pombe-4896-Ini-CAU
8687,tRNA,test,tRNA_tdbR00000528-Pichia_jadinii-4903-Ini-CAU
8688,tRNA,test,tRNA_tdbR00000529-Triticum_aestivum-4565-Ini-CAU
8689,tRNA,test,tRNA_tdbR00000531-Phaseolus_vulgaris-3885-Ini-CAU
8690,tRNA,test,tRNA_tdbR00000532-Oryctolagus_cuniculus-9986-Ini-CAU
8691,tRNA,test,tRNA_tdbR00000533-Drosophila_melanogaster-7227-Ini-CAU
8692,tRNA,test,tRNA_tdbR00000534-Euphausia_superba-6819-Ini-CAU
8693,tRNA,test,tRNA_tdbR00000535-Xenopus_laevis-8355-Ini-CAU
8694,tRNA,test,tRNA_tdbR00000536-Salmo_salar-8030-Ini-CAU
8695,tRNA,test,tRNA_tdbR00000537-Mus_musculus-10090-Ini-CAU
8696,tRNA,test,tRNA_tdbR00000538-Asterina_amurensis-69830-Ini-CAU
8697,tRNA,test,tRNA_tdbR00000539-Ovis_aries-9940-Ini-CAU
8698,tRNA,test,tRNA_tdbR00000540-Homo_sapiens-9606-Ini-CAU
8699,tRNA,test,tRNA_tdbR00000541-Haloferax_volcanii-2246-Tyr-GUA
8700,tRNA,test,tRNA_tdbR00000542-Mycoplasma_capricolum-2095-Tyr-GUA
8701,tRNA,test,tRNA_tdbR00000543-Bacillus_subtilis-1423-Tyr-QUA
8702,tRNA,test,tRNA_tdbR00000544-Bacillus_subtilis-1423-Tyr-QUA
8703,tRNA,test,tRNA_tdbR00000545-Escherichia_coli-562-Tyr-QUA
8704,tRNA,test,tRNA_tdbR00000546-Escherichia_coli-562-Tyr-QUA
8705,tRNA,test,tRNA_tdbR00000547-Geobacillus_stearothermophilus-1422-Tyr-QUA
8706,tRNA,test,tRNA_tdbR00000548-Scenedesmus_obliquus-3088-Tyr-GUA
8707,tRNA,test,tRNA_tdbR00000549-Tetrahymena_pyriformis-5908-Tyr-QUA
8708,tRNA,test,tRNA_tdbR00000550-Neurospora_crassa-5141-Tyr-GUA
8709,tRNA,test,tRNA_tdbR00000551-Saccharomyces_cerevisiae-4932-Tyr-GUA
8710,tRNA,test,tRNA_tdbR00000553-Asterias_amurensis-7602-Tyr-GUA
8711,tRNA,test,tRNA_tdbR00000555-Saccharomyces_cerevisiae-4932-Tyr-GPA
8712,tRNA,test,tRNA_tdbR00000556-Schizosaccharomyces_pombe-4896-Tyr-GPA
8713,tRNA,test,tRNA_tdbR00000557-Pichia_jadinii-4903-Tyr-GPA
8714,tRNA,test,tRNA_tdbR00000558-Triticum_aestivum-4565-Tyr-QPA
8715,tRNA,test,tRNA_tdbR00000559-Triticum_aestivum-4565-Tyr-GPA
8716,tRNA,test,tRNA_tdbR00000560-Lupinus_luteus-3873-Tyr-GPA
8717,tRNA,test,tRNA_tdbR00000561-Nicotiana_rustica-4093-Tyr-GPA
8718,tRNA,test,tRNA_tdbR00000562-Nicotiana_rustica-4093-Tyr-GPA
8719,tRNA,test,tRNA_tdbR00000563-Lupinus_albus-3870-Tyr-GPA
8720,tRNA,test,tRNA_tdbR00000564-Drosophila_melanogaster-7227-Tyr-QPA
8721,tRNA,test,tRNA_tdbR00000565-Bos_taurus-9913-Tyr-9PA
8722,tRNA,test,tRNA_tdbR00000566-Homo_sapiens-9606-Tyr-9PA
8723,tRNA,test,tRNA_tdbR00000567-Homo_sapiens-9606-Tyr-9PA
8724,tRNA,test,tRNA_tdbR00000572-Leishmania_tarentolae-5689-Lys-1UU
8725,tRNA,test,tRNA_tdbR00000573-Leishmania_tarentolae-5689-Gln-3UG
8726,tRNA,test,tRNA_tdbR00000574-Leishmania_tarentolae-5689-Trp-CCA
8727,tRNA,test,tRNA_tdbR00000575-Leishmania_tarentolae-5689-Thr-CGU
8728,tRNA,test,tRNA_tdbR00000576-Leishmania_tarentolae-5689-Asp-GUC
8729,tRNA,test,tRNA_tdbR00000577-Leishmania_tarentolae-5689-Glu-CUC
8730,tRNA,test,tRNA_tdbR00000578-Leishmania_tarentolae-5689-Glu-3UC
8731,tRNA,test,tRNA_tdbR00000579-Aeropyrum_pernix-56636-Pro-CGG
8732,tRNA,test,tRNA_tdbR00000580-Aeropyrum_pernix-56636-Lys-UUU
8733,tRNA,test,tRNA_tdbR00000581-Aeropyrum_pernix-56636-Lys-CUU
8734,tRNA,test,tRNA_tdbR00000582-Aeropyrum_pernix-56636-Tyr-GUA
8735,tRNA,test,tRNA_tdbR00000583-Aeropyrum_pernix-56636-Cys-GCA
8736,tRNA,test,tRNA_tdbR00000584-Aeropyrum_pernix-56636-Pro-GGG
8737,tRNA,test,tRNA_tdbR00000585-Aeropyrum_pernix-56636-Thr-CGU
8738,tRNA,test,tRNA_tdbR00000586-Aeropyrum_pernix-56636-Met-CAU
8739,tRNA,test,tRNA_tdbR00000587-Aeropyrum_pernix-56636-Met-CAU
8740,tRNA,test,tRNA_tdbR00000588-Aeropyrum_pernix-56636-Asp-GUC
8741,tRNA,test,tRNA_tdbR00000589-Aeropyrum_pernix-56636-Arg-UCU
8742,tRNA,test,tRNA_tdbR00000590-Ascaris_suum-6253-Glu-UC
8743,tRNA,test,tRNA_tdbR00000591-Ascaris_suum-6253-Lys-UU
8744,tRNA,test,tRNA_tdbR00000592-Ascaris_suum-6253-Gln-UG
8745,tRNA,test,tRNA_tdbR00000593-Ascaris_suum-6253-Trp-CA
8746,tRNA,test,tRNA_tdbR00000594-Ascaris_suum-6253-Leu-AA
8747,tRNA,test,tRNA_tdbR00000595-Escherichia_coli-562-Leu-BAA
8748,tRNA,test,tRNA_tdbR00000605-Lupinus_luteus-3873-Leu-CAG
8749,tRNA,test,tRNA_tdbR00000606-Lupinus_luteus-3873-Leu-IAG
8750,tRNA,test,tRNA_tdbR00000607-Lupinus_luteus-3873-Leu-IAG
8751,tRNA,test,tRNA_tdbR00000608-Lupinus_luteus-3873-Leu-UAA
8752,tRNA,test,tRNA_tdbR00000609-Chlamydomonas_reinhardtii-3055-Leu-UA7
8753,tRNA,test,tRNA_tdbR00000610-Caulobacter_crescentus_CB15-190650-His-GUG
8754,tRNA,test,tRNA_tdbR00000611-Sinorhizobium_meliloti-382-His-GUG
8755,tRNA,test,tRNA_tdbR00000612-Sinorhizobium_meliloti-382-Trp-CCA
8756,tRNA,test,tRNA_tdbR00000613-Nanoarchaeum_equitans-160232-Glu-CUC
8757,tRNA,test,tRNA_tdbR00000614-Nanoarchaeum_equitans-160232-Ini-CAU
8758,tRNA,test,tRNA_tdbR00000615-Nanoarchaeum_equitans-160232-Trp-CCA
8759,tRNA,test,tRNA_tdbR00000616-Nanoarchaeum_equitans-160232-Lys-CUU
8760,tRNA,test,tRNA_tdbR00000617-Nanoarchaeum_equitans-160232-Gln-UUG
8761,tRNA,test,tRNA_tdbR00000618-Candida_albicans-5476-Leu-CAG
8762,tRNA,test,tRNA_tdbR00000619-Toxoplasma_gondii-5811-Met-CAU
8763,tRNA,test,tRNA_tdbR00000620-Toxoplasma_gondii-5811-Ini-CAU
8764,tRNA,test,tRNA_tdbR00000621-Nicotiana_rustica-4093-Cys-GCA
8765,tRNA,test,tRNA_tdbR00000622-Nicotiana_rustica-4093-Cys-GCA
8766,tRNA,test,tRNA_tdbR00000623-Escherichia_coli-562-Pro-CGG
8767,tRNA,train,telomerase_AC121792.109554-109950
8768,tRNA,train,telomerase_AF147806.247-692
8769,tRNA,train,telomerase_AF221906.96-545
8770,tRNA,train,telomerase_AF221908.136-584
8771,tRNA,train,telomerase_AF221909.98-496
8772,tRNA,train,telomerase_AF221910.112-554
8773,tRNA,train,telomerase_AF221911.104-513
8774,tRNA,train,telomerase_AF221912.98-564
8775,tRNA,train,telomerase_AF221913.109-520
8776,tRNA,train,telomerase_AF221914.112-589
8777,tRNA,train,telomerase_AF221916.94-481
8778,tRNA,train,telomerase_AF221917.99-542
8779,tRNA,train,telomerase_AF221918.97-547
8780,tRNA,train,telomerase_AF221919.107-614
8781,tRNA,train,telomerase_AF221920.99-541
8782,tRNA,train,telomerase_AF221921.98-548
8783,tRNA,train,telomerase_AF221923.106-554
8784,tRNA,train,telomerase_AF221924.105-538
8785,tRNA,train,telomerase_AF221925.98-540
8786,tRNA,train,telomerase_AF221926.103-507
8787,tRNA,train,telomerase_AF221927.113-556
8788,tRNA,train,telomerase_AF221928.95-476
8789,tRNA,train,telomerase_AF221929.92-517
8790,tRNA,train,telomerase_AF221930.94-546
8791,tRNA,train,telomerase_AF221931.99-541
8792,tRNA,train,telomerase_AF221932.102-549
8793,tRNA,train,telomerase_AF221934.121-565
8794,tRNA,train,telomerase_AF221935.112-602
8795,tRNA,train,telomerase_AF221936.98-540
8796,tRNA,train,telomerase_AF221937.99-545
8797,tRNA,train,telomerase_AF221939.99-544
8798,tRNA,train,telomerase_AF221940.103-499
8799,tRNA,train,telomerase_AY058901.1-397
8800,tRNA,train,telomerase_AY312571.605-1069
8801,tRNA,train,telomerase_U85256.1-451
8802,tRNA,train,telomerase_AC121792.109554-109950
8803,tRNA,train,telomerase_AF147806.247-692
8804,tRNA,train,telomerase_AF221906.96-545
8805,tRNA,train,telomerase_AF221908.136-584
8806,tRNA,train,telomerase_AF221909.98-496
8807,tRNA,train,telomerase_AF221910.112-554
8808,tRNA,train,telomerase_AF221911.104-513
8809,tRNA,train,telomerase_AF221912.98-564
8810,tRNA,train,telomerase_AF221913.109-520
8811,tRNA,train,telomerase_AF221914.112-589
8812,tRNA,train,telomerase_AF221916.94-481
8813,tRNA,train,telomerase_AF221917.99-542
8814,tRNA,train,telomerase_AF221918.97-547
8815,tRNA,train,telomerase_AF221919.107-614
8816,tRNA,train,telomerase_AF221920.99-541
8817,tRNA,train,telomerase_AF221921.98-548
8818,tRNA,train,telomerase_AF221923.106-554
8819,tRNA,train,telomerase_AF221924.105-538
8820,tRNA,train,telomerase_AF221925.98-540
8821,tRNA,train,telomerase_AF221926.103-507
8822,tRNA,train,telomerase_AF221927.113-556
8823,tRNA,train,telomerase_AF221928.95-476
8824,tRNA,train,telomerase_AF221929.92-517
8825,tRNA,train,telomerase_AF221930.94-546
8826,tRNA,train,telomerase_AF221931.99-541
8827,tRNA,train,telomerase_AF221932.102-549
8828,tRNA,train,telomerase_AF221934.121-565
8829,tRNA,train,telomerase_AF221935.112-602
8830,tRNA,train,telomerase_AF221936.98-540
8831,tRNA,train,telomerase_AF221937.99-545
8832,tRNA,train,telomerase_AF221939.99-544
8833,tRNA,train,telomerase_AF221940.103-499
8834,tRNA,train,telomerase_AY058901.1-397
8835,tRNA,train,telomerase_AY312571.605-1069
8836,tRNA,train,telomerase_U85256.1-451
8837,tRNA,train,telomerase_AC121792.109554-109950
8838,tRNA,train,telomerase_AF147806.247-692
8839,tRNA,train,telomerase_AF221906.96-545
8840,tRNA,train,telomerase_AF221908.136-584
8841,tRNA,train,telomerase_AF221909.98-496
8842,tRNA,train,telomerase_AF221910.112-554
8843,tRNA,train,telomerase_AF221911.104-513
8844,tRNA,train,telomerase_AF221912.98-564
8845,tRNA,train,telomerase_AF221913.109-520
8846,tRNA,train,telomerase_AF221914.112-589
8847,tRNA,train,telomerase_AF221916.94-481
8848,tRNA,train,telomerase_AF221917.99-542
8849,tRNA,train,telomerase_AF221918.97-547
8850,tRNA,train,telomerase_AF221919.107-614
8851,tRNA,train,telomerase_AF221920.99-541
8852,tRNA,train,telomerase_AF221921.98-548
8853,tRNA,train,telomerase_AF221923.106-554
8854,tRNA,train,telomerase_AF221924.105-538
8855,tRNA,train,telomerase_AF221925.98-540
8856,tRNA,train,telomerase_AF221926.103-507
8857,tRNA,train,telomerase_AF221927.113-556
8858,tRNA,train,telomerase_AF221928.95-476
8859,tRNA,train,telomerase_AF221929.92-517
8860,tRNA,train,telomerase_AF221930.94-546
8861,tRNA,train,telomerase_AF221931.99-541
8862,tRNA,train,telomerase_AF221932.102-549
8863,tRNA,train,telomerase_AF221934.121-565
8864,tRNA,train,telomerase_AF221935.112-602
8865,tRNA,train,telomerase_AF221936.98-540
8866,tRNA,train,telomerase_AF221937.99-545
8867,tRNA,train,tmRNA_Acti.acti._TRW-272556_1-366
8868,tRNA,train,tmRNA_Acti.naes._TRW-240017_1-371
8869,tRNA,train,tmRNA_Anab.vari._CP000117_1-390
8870,tRNA,train,tmRNA_Aqui.aeol._TRW-63363_1-347
8871,tRNA,train,tmRNA_Azoa.spec._TRW-62928_1-378
8872,tRNA,train,tmRNA_Baci.G._TRW-12333_1-312
8873,tRNA,train,tmRNA_Baci.anth._AE016879_1-355
8874,tRNA,train,tmRNA_Baci.clau._AP006627_1-355
8875,tRNA,train,tmRNA_Bact.frag._CR626927_1-398
8876,tRNA,train,tmRNA_Bord.aviu._AM167904_1-406
8877,tRNA,train,tmRNA_Bord.bron._TRW-257310_1-387
8878,tRNA,train,tmRNA_Borr.gari._CP000013_1-363
8879,tRNA,train,tmRNA_Burk.pseu._TRW-28450_1-370
8880,tRNA,train,tmRNA_Camp.coli._AL111168_1-359
8881,tRNA,train,tmRNA_Camp.coli._TRW-306254_1-359
8882,tRNA,train,tmRNA_Camp.jeju._AL139078_1-356
8883,tRNA,train,tmRNA_Chla.pneu._AE002224_1-423
8884,tRNA,train,tmRNA_Chla.pneu._TRW-83558_1-426
8885,tRNA,train,tmRNA_Chla.trac._TRW-813-1_1-420
8886,tRNA,train,tmRNA_Chla.trac._TRW-813-2_1-420
8887,tRNA,train,tmRNA_Chlo.tepi._TRW-194439_1-404
8888,tRNA,train,tmRNA_Clos.acet._AE001437_1-359
8889,tRNA,train,tmRNA_Copr.prot._TRW-351627_1-353
8890,tRNA,train,tmRNA_Cyan.mero._TRW-45157_1-236
8891,tRNA,train,tmRNA_Cyan.para._TRW-2762_1-294
8892,tRNA,train,tmRNA_Desu.vulg._AE017285_1-352
8893,tRNA,train,tmRNA_Ente.faec._TRW-1352_1-367
8894,tRNA,train,tmRNA_Esch.coli._CP000468_1-363
8895,tRNA,train,tmRNA_Esch.coli._D90888_1-363
8896,tRNA,train,tmRNA_Fibr.succ._TRW-59374_1-361
8897,tRNA,train,tmRNA_Fran.tula._AJ749949_1-421
8898,tRNA,train,tmRNA_Fran.tula._AM286280_1-421
8899,tRNA,train,tmRNA_Gemm.obsc._TRW-214688_1-412
8900,tRNA,train,tmRNA_Haem.somn._CP000436_1-367
8901,tRNA,train,tmRNA_Heli.pylo._AE001503_1-383
8902,tRNA,train,tmRNA_Heli.pylo._TRW-85962_1-386
8903,tRNA,train,tmRNA_Kleb.pneu._TRW-272620_1-363
8904,tRNA,train,tmRNA_Lact.acid._CP000033_1-369
8905,tRNA,train,tmRNA_Lact.delb._AF440335_1-316
8906,tRNA,train,tmRNA_Lact.delb._TRW-321956_1-362
8907,tRNA,train,tmRNA_Lact.gass._TRW-1596_1-366
8908,tRNA,train,tmRNA_Lact.john._TRW-257314_1-367
8909,tRNA,train,tmRNA_Lact.lact._AF176556_1-359
8910,tRNA,train,tmRNA_Lact.sake._AF400065_1-370
8911,tRNA,train,tmRNA_Lact.sake._TRW-314315_1-370
8912,tRNA,train,tmRNA_Leuc.mese._TRW-1245_1-358
8913,tRNA,train,tmRNA_List.ivan._AF440342_1-321
8914,tRNA,train,tmRNA_List.mono._TRW-1639-1_1-370
8915,tRNA,train,tmRNA_List.wels._AF440351_1-321
8916,tRNA,train,tmRNA_Magn.spec._CP000471_1-366
8917,tRNA,train,tmRNA_Myco.arth._TRW-243272_1-394
8918,tRNA,train,tmRNA_Myco.bovi._TRW-1765_1-368
8919,tRNA,train,tmRNA_Myco.capr._S67602_1-408
8920,tRNA,train,tmRNA_Myco.lepr._TRW-272631_1-369
8921,tRNA,train,tmRNA_Myco.pneu._AE000035_1-384
8922,tRNA,train,tmRNA_Myco.tube._TRW-164513_1-368
8923,tRNA,train,tmRNA_Myco.tube._TRW-1773_1-368
8924,tRNA,train,tmRNA_Myxo.xant._TRW-34_1-366
8925,tRNA,train,tmRNA_Neis.lact._TRW-486_1-362
8926,tRNA,train,tmRNA_Nost.punc._TRW-63737_1-390
8927,tRNA,train,tmRNA_Ocea.ihey._BA000028_1-364
8928,tRNA,train,tmRNA_Odon.sine._Z67753_1-368
8929,tRNA,train,tmRNA_Paen.larv._TRW-1464_1-367
8930,tRNA,train,tmRNA_Pant.stew._TRW-66269_1-363
8931,tRNA,train,tmRNA_Past.mult._AE006115_1-367
8932,tRNA,train,tmRNA_Phot.asym._TRW-291112_1-364
8933,tRNA,train,tmRNA_Psyc.arct._CP000082_1-359
8934,tRNA,train,tmRNA_Psyc.cryo._CP000323_1-359
8935,tRNA,train,tmRNA_Rubr.gela._TRW-279263_1-372
8936,tRNA,train,tmRNA_Rubr.xyla._TRW-266117_1-360
8937,tRNA,train,tmRNA_Salm.ente._TRW-59204_1-363
8938,tRNA,train,tmRNA_Shew.balt._TRW-325240_1-356
8939,tRNA,train,tmRNA_Shew.onei._AX048560_1-355
8940,tRNA,train,tmRNA_Shew.spec._CP000444_1-355
8941,tRNA,train,tmRNA_Shig.dyse._CP000034_1-363
8942,tRNA,train,tmRNA_Shig.flex._AE005674_1-363
8943,tRNA,train,tmRNA_Soda.glos._AP008232_1-384
8944,tRNA,train,tmRNA_Spir.citr._AM285321_1-424
8945,tRNA,train,tmRNA_Stap.aure._AC074317_1-359
8946,tRNA,train,tmRNA_Stap.aure._BA000018_1-362
8947,tRNA,train,tmRNA_Stap.aure._BX571856_1-362
8948,tRNA,train,tmRNA_Stap.epid._TRW-1282-1_1-361
8949,tRNA,train,tmRNA_Stre.agal._TRW-1311_1-350
8950,tRNA,train,tmRNA_Stre.pneu._TRW-216600_1-348
8951,tRNA,train,tmRNA_Stre.sobr._TRW-246202_1-349
8952,tRNA,train,tmRNA_Stre.ther._CP000024_1-350
8953,tRNA,train,tmRNA_Synt.acid._CP000252_1-356
8954,tRNA,train,tmRNA_Ther.neap._TRW-309803_1-357
8955,tRNA,train,tmRNA_Ther.teng._AE013063_1-351
8956,tRNA,train,tmRNA_Thio.crun._CP000109_1-358
8957,tRNA,train,tmRNA_Trep.pall._TRW-243276_1-354
8958,tRNA,train,tmRNA_Trop.whip._BX251411_1-369
8959,tRNA,train,tmRNA_Xant.axon._AE011783_1-397
8960,tRNA,train,tmRNA_Yers.berc._TRW-349968_1-381
8961,tRNA,train,tmRNA_envi.sequ._TRW-32045-2_1-345
8962,tRNA,train,tmRNA_uncu.bact._TRW-32045-4_1-369
8963,tRNA,train,tmRNA_uncu.bact._TRW-72274-1_1-359
8964,tRNA,train,tmRNA_uncu.bact._TRW-72274-2_1-359
8965,tRNA,train,tmRNA_uncu.bact._TRW-80840-1_1-378
8966,tRNA,train,tmRNA_uncu.bact._TRW-80840-2_1-379
8967,telomerase,train,16s_A.fulgidus_domain2
8968,telomerase,train,16s_A.fulgidus_domain3
8969,telomerase,train,16s_A.fulgidus_domain4
8970,telomerase,train,16s_A.pyrophilus_domain2
8971,telomerase,train,16s_A.pyrophilus_domain4
8972,telomerase,train,16s_B.burgdorferi_domain2
8973,telomerase,train,16s_B.burgdorferi_domain3
8974,telomerase,train,16s_B.burgdorferi_domain4
8975,telomerase,train,16s_B.subtilis_domain2
8976,telomerase,train,16s_B.subtilis_domain3
8977,telomerase,train,16s_B.subtilis_domain4
8978,telomerase,train,16s_C.elegans_domain1
8979,telomerase,train,16s_C.elegans_domain2
8980,telomerase,train,16s_C.elegans_domain3
8981,telomerase,train,16s_C.elegans_domain4
8982,telomerase,train,16s_C.psittaci_domain2
8983,telomerase,train,16s_C.psittaci_domain3
8984,telomerase,train,16s_C.psittaci_domain4
8985,telomerase,train,16s_C.reinhardtii.chloro_domain1
8986,telomerase,train,16s_C.reinhardtii.chloro_domain2
8987,telomerase,train,16s_C.reinhardtii.chloro_domain3
8988,telomerase,train,16s_C.reinhardtii.chloro_domain4
8989,telomerase,train,16s_C.reinhardtii.mito_domain1
8990,telomerase,train,16s_C.reinhardtii.mito_domain2
8991,telomerase,train,16s_C.reinhardtii.mito_domain3
8992,telomerase,train,16s_C.reinhardtii.mito_domain4
8993,telomerase,train,16s_D.melanogaster_domain4
8994,telomerase,train,16s_E.coli_domain2
8995,telomerase,train,16s_E.coli_domain3
8996,telomerase,train,16s_E.coli_domain4
8997,telomerase,train,16s_F.ananassa_domain3
8998,telomerase,train,16s_F.ananassa_domain4
8999,telomerase,train,16s_G.intestinalis_domain1
9000,telomerase,train,16s_G.intestinalis_domain2
9001,telomerase,train,16s_G.intestinalis_domain3
9002,telomerase,train,16s_G.intestinalis_domain4
9003,telomerase,train,16s_H.sapiens.mito_domain1
9004,telomerase,train,16s_H.sapiens.mito_domain2
9005,telomerase,train,16s_H.sapiens.mito_domain3
9006,telomerase,train,16s_H.sapiens.mito_domain4
9007,telomerase,train,16s_H.sapiens_domain3
9008,telomerase,train,16s_H.sapiens_domain4
9009,telomerase,train,16s_H.volcanii_domain1
9010,telomerase,train,16s_H.volcanii_domain2
9011,telomerase,train,16s_H.volcanii_domain3
9012,telomerase,train,16s_H.volcanii_domain4
9013,telomerase,train,16s_M.polymorpha_domain2
9014,telomerase,train,16s_M.polymorpha_domain3
9015,telomerase,train,16s_M.polymorpha_domain4
9016,telomerase,train,16s_P.occultum_domain2
9017,telomerase,train,16s_P.occultum_domain3
9018,telomerase,train,16s_P.occultum_domain4
9019,telomerase,train,16s_P.staleyi_domain2
9020,telomerase,train,16s_P.staleyi_domain3
9021,telomerase,train,16s_P.staleyi_domain4
9022,telomerase,train,16s_S.cerevisiae_domain3
9023,telomerase,train,16s_S.cerevisiae_domain4
9024,telomerase,train,16s_T.gondii_domain3
9025,telomerase,train,16s_T.gondii_domain4
9026,telomerase,train,16s_T.maritima_domain2
9027,telomerase,train,16s_T.maritima_domain3
9028,telomerase,train,16s_T.maritima_domain4
9029,telomerase,train,16s_Z.mays_domain1
9030,telomerase,train,16s_Z.mays_domain2
9031,telomerase,train,16s_Z.mays_domain3
9032,telomerase,train,16s_Z.mays_domain4
9033,telomerase,train,16s_A.fulgidus_domain2
9034,telomerase,train,16s_A.fulgidus_domain3
9035,telomerase,train,16s_A.fulgidus_domain4
9036,telomerase,train,16s_A.pyrophilus_domain2
9037,telomerase,train,16s_A.pyrophilus_domain4
9038,telomerase,train,16s_B.burgdorferi_domain2
9039,telomerase,train,16s_B.burgdorferi_domain3
9040,telomerase,train,16s_B.burgdorferi_domain4
9041,telomerase,train,16s_B.subtilis_domain2
9042,telomerase,train,16s_B.subtilis_domain3
9043,telomerase,train,16s_B.subtilis_domain4
9044,telomerase,train,16s_C.elegans_domain1
9045,telomerase,train,16s_C.elegans_domain2
9046,telomerase,train,16s_C.elegans_domain3
9047,telomerase,train,16s_C.elegans_domain4
9048,telomerase,train,16s_C.psittaci_domain2
9049,telomerase,train,16s_C.psittaci_domain3
9050,telomerase,train,16s_C.psittaci_domain4
9051,telomerase,train,16s_C.reinhardtii.chloro_domain1
9052,telomerase,train,16s_C.reinhardtii.chloro_domain2
9053,telomerase,train,16s_C.reinhardtii.chloro_domain3
9054,telomerase,train,16s_C.reinhardtii.chloro_domain4
9055,telomerase,train,16s_C.reinhardtii.mito_domain1
9056,telomerase,train,16s_C.reinhardtii.mito_domain2
9057,telomerase,train,16s_C.reinhardtii.mito_domain3
9058,telomerase,train,16s_C.reinhardtii.mito_domain4
9059,telomerase,train,16s_D.melanogaster_domain4
9060,telomerase,train,16s_E.coli_domain2
9061,telomerase,train,16s_E.coli_domain3
9062,telomerase,train,16s_E.coli_domain4
9063,telomerase,train,16s_F.ananassa_domain3
9064,telomerase,train,16s_F.ananassa_domain4
9065,telomerase,train,16s_G.intestinalis_domain1
9066,telomerase,train,16s_G.intestinalis_domain2
9067,telomerase,train,23s_B.subtilis_domain3
9068,telomerase,train,23s_B.subtilis_domain4
9069,telomerase,train,23s_B.subtilis_domain6
9070,telomerase,train,23s_E.coli_domain3
9071,telomerase,train,23s_E.coli_domain4
9072,telomerase,train,23s_E.coli_domain6
9073,telomerase,train,23s_H.pylori_domain3
9074,telomerase,train,23s_H.pylori_domain4
9075,telomerase,train,23s_H.pylori_domain6
9076,telomerase,train,23s_S.aureus_domain3
9077,telomerase,train,23s_S.aureus_domain4
9078,telomerase,train,23s_S.aureus_domain6
9079,telomerase,train,23s_T.thermophilus_domain3
9080,telomerase,train,23s_T.thermophilus_domain4
9081,telomerase,train,23s_T.thermophilus_domain6
9082,telomerase,train,23s_B.subtilis_domain3
9083,telomerase,train,23s_B.subtilis_domain4
9084,telomerase,train,23s_B.subtilis_domain6
9085,telomerase,train,23s_E.coli_domain3
9086,telomerase,train,23s_E.coli_domain4
9087,telomerase,train,23s_E.coli_domain6
9088,telomerase,train,23s_H.pylori_domain3
9089,telomerase,train,23s_H.pylori_domain4
9090,telomerase,train,23s_H.pylori_domain6
9091,telomerase,train,23s_S.aureus_domain3
9092,telomerase,train,23s_S.aureus_domain4
9093,telomerase,train,23s_S.aureus_domain6
9094,telomerase,train,23s_T.thermophilus_domain3
9095,telomerase,train,23s_T.thermophilus_domain4
9096,telomerase,train,23s_T.thermophilus_domain6
9097,telomerase,train,23s_B.subtilis_domain3
9098,telomerase,train,23s_B.subtilis_domain4
9099,telomerase,train,23s_B.subtilis_domain6
9100,telomerase,train,23s_E.coli_domain3
9101,telomerase,train,23s_E.coli_domain4
9102,telomerase,train,23s_E.coli_domain6
9103,telomerase,train,23s_H.pylori_domain3
9104,telomerase,train,23s_H.pylori_domain4
9105,telomerase,train,23s_H.pylori_domain6
9106,telomerase,train,23s_S.aureus_domain3
9107,telomerase,train,23s_S.aureus_domain4
9108,telomerase,train,23s_S.aureus_domain6
9109,telomerase,train,23s_T.thermophilus_domain3
9110,telomerase,train,23s_T.thermophilus_domain4
9111,telomerase,train,23s_T.thermophilus_domain6
9112,telomerase,train,23s_B.subtilis_domain3
9113,telomerase,train,23s_B.subtilis_domain4
9114,telomerase,train,23s_B.subtilis_domain6
9115,telomerase,train,23s_E.coli_domain3
9116,telomerase,train,23s_E.coli_domain4
9117,telomerase,train,23s_E.coli_domain6
9118,telomerase,train,23s_H.pylori_domain3
9119,telomerase,train,23s_H.pylori_domain4
9120,telomerase,train,23s_H.pylori_domain6
9121,telomerase,train,23s_S.aureus_domain3
9122,telomerase,train,23s_S.aureus_domain4
9123,telomerase,train,23s_S.aureus_domain6
9124,telomerase,train,23s_T.thermophilus_domain3
9125,telomerase,train,23s_T.thermophilus_domain4
9126,telomerase,train,23s_T.thermophilus_domain6
9127,telomerase,train,23s_B.subtilis_domain3
9128,telomerase,train,23s_B.subtilis_domain4
9129,telomerase,train,23s_B.subtilis_domain6
9130,telomerase,train,23s_E.coli_domain3
9131,telomerase,train,23s_E.coli_domain4
9132,telomerase,train,23s_E.coli_domain6
9133,telomerase,train,23s_H.pylori_domain3
9134,telomerase,train,23s_H.pylori_domain4
9135,telomerase,train,23s_H.pylori_domain6
9136,telomerase,train,23s_S.aureus_domain3
9137,telomerase,train,23s_S.aureus_domain4
9138,telomerase,train,23s_S.aureus_domain6
9139,telomerase,train,23s_T.thermophilus_domain3
9140,telomerase,train,23s_T.thermophilus_domain4
9141,telomerase,train,23s_T.thermophilus_domain6
9142,telomerase,train,23s_B.subtilis_domain3
9143,telomerase,train,23s_B.subtilis_domain4
9144,telomerase,train,23s_B.subtilis_domain6
9145,telomerase,train,23s_E.coli_domain3
9146,telomerase,train,23s_E.coli_domain4
9147,telomerase,train,23s_E.coli_domain6
9148,telomerase,train,23s_H.pylori_domain3
9149,telomerase,train,23s_H.pylori_domain4
9150,telomerase,train,23s_H.pylori_domain6
9151,telomerase,train,23s_S.aureus_domain3
9152,telomerase,train,23s_S.aureus_domain4
9153,telomerase,train,23s_S.aureus_domain6
9154,telomerase,train,23s_T.thermophilus_domain3
9155,telomerase,train,23s_T.thermophilus_domain4
9156,telomerase,train,23s_T.thermophilus_domain6
9157,telomerase,train,23s_B.subtilis_domain3
9158,telomerase,train,23s_B.subtilis_domain4
9159,telomerase,train,23s_B.subtilis_domain6
9160,telomerase,train,23s_E.coli_domain3
9161,telomerase,train,23s_E.coli_domain4
9162,telomerase,train,23s_E.coli_domain6
9163,telomerase,train,23s_H.pylori_domain3
9164,telomerase,train,23s_H.pylori_domain4
9165,telomerase,train,23s_H.pylori_domain6
9166,telomerase,train,23s_S.aureus_domain3
9167,telomerase,train,5s_Agrobacterium-tumefaciens-7
9168,telomerase,train,5s_Alcaligenes-faecalis-2
9169,telomerase,train,5s_Antheraea-pernyi-1
9170,telomerase,train,5s_Arthrobacter-polychromogenes-1
9171,telomerase,train,5s_Asellus-aquaticus-2
9172,telomerase,train,5s_Aspergillus-versicolor-1
9173,telomerase,train,5s_Bacillus-anthracis-3
9174,telomerase,train,5s_Bacillus-cereus-1
9175,telomerase,train,5s_Bacillus-cereus-10
9176,telomerase,train,5s_Bacillus-licheniformis-1
9177,telomerase,train,5s_Bacillus-methanolicus-7
9178,telomerase,train,5s_Bacillus-methanolicus-9
9179,telomerase,train,5s_Basidiobolus-magnus-1
9180,telomerase,train,5s_Blastocladiella-simplex-1
9181,telomerase,train,5s_Bullera-alba-1
9182,telomerase,train,5s_Burkholderia-mallei-1
9183,telomerase,train,5s_Candidatus-Tremblaya-princeps-1
9184,telomerase,train,5s_Cerastoderma-glaucum-1
9185,telomerase,train,5s_Coleosporium-tussilaginis-1
9186,telomerase,train,5s_Comamonas-terrigena-1
9187,telomerase,train,5s_Corynebacterium-variabile-1
9188,telomerase,train,5s_Corynebacterium-xerosis-2
9189,telomerase,train,5s_Cryptococcus-bacillisporus-1
9190,telomerase,train,5s_Daphnia-magna-1
9191,telomerase,train,5s_Deinococcus-radiophilus-1
9192,telomerase,train,5s_Desulfurococcus-mobilis-1
9193,telomerase,train,5s_Dichelobacter-nodosus-1
9194,telomerase,train,5s_Dipsacomyces-acuminosporus-1
9195,telomerase,train,5s_Erysipelothrix-rhusiopathiae-1
9196,telomerase,train,5s_Esch_coli5B
9197,telomerase,train,5s_Euplotes-vannus-1
9198,telomerase,train,5s_Fluoribacter-bozemanae-1
9199,telomerase,train,5s_Frankia-sp.-3
9200,telomerase,train,5s_Fusarium-culmorum-4
9201,telomerase,train,5s_Genistelloides-hibernus-1
9202,telomerase,train,5s_Geobacillus-kaustophilus-7
9203,telomerase,train,5s_Halobacterium-sp.-1
9204,telomerase,train,5s_Hyphomicrobium-sp.-6
9205,telomerase,train,5s_Legionella-pneumophila-1
9206,telomerase,train,5s_Leuconostoc-mesenteroides-1
9207,telomerase,train,5s_Linderina-macrospora-1
9208,telomerase,train,5s_Listeria-ivanovii-1
9209,telomerase,train,5s_Locusta-migratoria-1
9210,telomerase,train,5s_Medicago-sativa-1
9211,telomerase,train,5s_Meloidogyne-chitwoodi-1
9212,telomerase,train,5s_Methanococcus-voltae-2
9213,telomerase,train,5s_Methanothermobacter-thermautotrophicus-3
9214,telomerase,train,5s_Microtetraspora-glauca-1
9215,telomerase,train,5s_Mycoplasma-mobile-1
9216,telomerase,train,5s_Mycoplasma-mycoides-1
9217,telomerase,train,5s_Mycoplasma-mycoides-3
9218,telomerase,train,5s_Mycoplasma-penetrans-1
9219,telomerase,train,5s_Myxococcus-coralloides-1
9220,telomerase,train,5s_Neurospora-crassa-10
9221,telomerase,train,5s_Neurospora-crassa-13
9222,telomerase,train,5s_Nitella-flexilis-1
9223,telomerase,train,5s_Paracentrotus-lividus-1
9224,telomerase,train,5s_Paracoccus-denitrificans-1
9225,telomerase,train,5s_Phaffia-rhodozyma-1
9226,telomerase,train,5s_Pichia-angusta-1
9227,telomerase,train,5s_Pichia-jadinii-2
9228,telomerase,train,5s_Pichia-membranifaciens-1
9229,telomerase,train,5s_Pinus-contorta-1
9230,telomerase,train,5s_Planobispora-longispora-1
9231,telomerase,train,5s_Pseudomonas-fluorescens-1
9232,telomerase,train,5s_Pseudomonas-fluorescens-3
9233,telomerase,train,5s_Pseudomonas-fluorescens-4
9234,telomerase,train,5s_Ralstonia-solanacearum-1
9235,telomerase,train,5s_Rana-catesbeiana-1
9236,telomerase,train,5s_Rana-pipiens-1
9237,telomerase,train,5s_Renibacterium-salmoninarum-1
9238,telomerase,train,5s_Renobacter-vaculatum-1
9239,telomerase,train,5s_Rhizoctonia-globularis-1
9240,telomerase,train,5s_Rickettsia-conorii-1
9241,telomerase,train,5s_Rickettsia-moozeri-1
9242,telomerase,train,5s_Salmonella-enterica-3
9243,telomerase,train,5s_Salmonella-enterica-4
9244,telomerase,train,5s_Salmonella-enterica-7
9245,telomerase,train,5s_Saprospira-grandis-1
9246,telomerase,train,5s_Shewanella-colwelliana-1
9247,telomerase,train,5s_Spiroplasma-melliferum-1
9248,telomerase,train,5s_Starkeya-novella-1
9249,telomerase,train,5s_Stella-humosa-1
9250,telomerase,train,5s_Streptococcus-mutans-3
9251,telomerase,train,5s_Streptococcus-pneumoniae-2
9252,telomerase,train,5s_Streptomyces-avermitilis-1
9253,telomerase,train,5s_Thermoactinomyces-vulgaris-1
9254,telomerase,train,5s_Thermoplasma-acidophilum-1
9255,telomerase,train,5s_Thermus-aquaticus-1
9256,telomerase,train,5s_Thermus-thermophilus-1
9257,telomerase,train,5s_Thiovulum-sp.-1
9258,telomerase,train,5s_Tinca-tinca-1
9259,telomerase,train,5s_Vibrio-cholerae-3
9260,telomerase,train,5s_Vibrio-fischeri-1
9261,telomerase,train,5s_Vibrio-mediterranei-1
9262,telomerase,train,5s_Vicia-faba-1
9263,telomerase,train,5s_Vitreoscilla-beggiatoides-1
9264,telomerase,train,5s_Wolbachia-endosymbiont-of-D.-melanogaster-1
9265,telomerase,train,5s_Xanthomonas-campestris-1
9266,telomerase,train,5s_Xenopus-laevis-7
9267,telomerase,train,RNaseP_A.brierleyi
9268,telomerase,train,RNaseP_A.erythreum
9269,telomerase,train,RNaseP_A.ferrooxidans
9270,telomerase,train,RNaseP_A.fulgidus
9271,telomerase,train,RNaseP_A.obstetricans
9272,telomerase,train,RNaseP_A.paspali
9273,telomerase,train,RNaseP_A.telluris
9274,telomerase,train,RNaseP_B.brevis
9275,telomerase,train,RNaseP_BH145
9276,telomerase,train,RNaseP_Buchnera-APS
9277,telomerase,train,RNaseP_C.crescentus
9278,telomerase,train,RNaseP_C.jejuni
9279,telomerase,train,RNaseP_C.limicola
9280,telomerase,train,RNaseP_C.psittaci-R54
9281,telomerase,train,RNaseP_CPA49
9282,telomerase,train,RNaseP_CPA58
9283,telomerase,train,RNaseP_CPA63
9284,telomerase,train,RNaseP_CPB139
9285,telomerase,train,RNaseP_CPB147
9286,telomerase,train,RNaseP_CPB75
9287,telomerase,train,RNaseP_CPB80
9288,telomerase,train,RNaseP_Calothrix-PCC7601
9289,telomerase,train,RNaseP_D.radiodurans-g
9290,telomerase,train,RNaseP_E.coli-JM109
9291,telomerase,train,RNaseP_E.faecalis
9292,telomerase,train,RNaseP_EF
9293,telomerase,train,RNaseP_EM14b-11
9294,telomerase,train,RNaseP_EM14b-9
9295,telomerase,train,RNaseP_ERE
9296,telomerase,train,RNaseP_ESH167F
9297,telomerase,train,RNaseP_ESH210B
9298,telomerase,train,RNaseP_ESH30-3
9299,telomerase,train,RNaseP_ESH46a-1
9300,telomerase,train,RNaseP_F.antarctica
9301,telomerase,train,RNaseP_F.yabuuchiae
9302,telomerase,train,RNaseP_G.sulfurreducens
9303,telomerase,train,RNaseP_H.mobilis
9304,telomerase,train,RNaseP_K.thermotolerans
9305,telomerase,train,RNaseP_L.japonicus-IFO12422
9306,telomerase,train,RNaseP_L.weilii
9307,telomerase,train,RNaseP_LGB21
9308,telomerase,train,RNaseP_LGB32
9309,telomerase,train,RNaseP_M.genitalium
9310,telomerase,train,RNaseP_M.thermoautotrophicumDH-g
9311,telomerase,train,RNaseP_M.thermolithotrophicus
9312,telomerase,train,RNaseP_M.tuberculosis-g
9313,telomerase,train,RNaseP_Mxa1
9314,telomerase,train,RNaseP_N.gonnorhoeae
9315,telomerase,train,RNaseP_N.luteus
9316,telomerase,train,RNaseP_N.simplex
9317,telomerase,train,RNaseP_Nostoc-PCC7413
9318,telomerase,train,RNaseP_Onchorhynchus-2
9319,telomerase,train,RNaseP_P.aerogenes
9320,telomerase,train,RNaseP_P.azotoformans
9321,telomerase,train,RNaseP_P.fluorescens
9322,telomerase,train,RNaseP_P.hollandica
9323,telomerase,train,RNaseP_P.innocua
9324,telomerase,train,RNaseP_P.maris
9325,telomerase,train,RNaseP_P.shigelloides
9326,telomerase,train,RNaseP_P.staleyi
9327,telomerase,train,RNaseP_P.strasburgensis
9328,telomerase,train,RNaseP_P.vulgaris
9329,telomerase,train,RNaseP_P126
9330,telomerase,train,RNaseP_PS27
9331,telomerase,train,RNaseP_PS4
9332,telomerase,train,RNaseP_PS6
9333,telomerase,train,RNaseP_Prochlorococcus-TATL2-2
9334,telomerase,train,RNaseP_Pseudoanabaena-PCC6903
9335,telomerase,train,RNaseP_R.americana-mito
9336,telomerase,train,RNaseP_S.caesia-K76T
9337,telomerase,train,RNaseP_S.caesia-SB01
9338,telomerase,train,RNaseP_S.caesia-SB22
9339,telomerase,train,RNaseP_S.japonicus
9340,telomerase,train,RNaseP_S.polymorpha
9341,telomerase,train,RNaseP_S.putrefaciens
9342,telomerase,train,RNaseP_SM-A02
9343,telomerase,train,RNaseP_SM-A04
9344,telomerase,train,RNaseP_SM-A05
9345,telomerase,train,RNaseP_SM-A0911
9346,telomerase,train,RNaseP_SM-A1113
9347,telomerase,train,RNaseP_SM-A1519
9348,telomerase,train,RNaseP_SM-A1621
9349,telomerase,train,RNaseP_SM-A2135
9350,telomerase,train,RNaseP_SM-A3355
9351,telomerase,train,RNaseP_SM-A3862
9352,telomerase,train,RNaseP_SM-A6296
9353,telomerase,train,RNaseP_SM2
9354,telomerase,train,RNaseP_SMB-A3
9355,telomerase,train,RNaseP_SMB-B4
9356,telomerase,train,RNaseP_Saccharomonospora-K180
9357,telomerase,train,RNaseP_Synechococcus-PCC7003
9358,telomerase,train,RNaseP_Synechocystis-PCC6803
9359,telomerase,train,RNaseP_T.commune
9360,telomerase,train,RNaseP_T.delbrueckii
9361,telomerase,train,RNaseP_T.pallidum
9362,telomerase,train,RNaseP_U.urealyticum
9363,telomerase,train,RNaseP_UK5
9364,telomerase,train,RNaseP_WB3
9365,telomerase,train,RNaseP_X.fastidiosa
9366,telomerase,train,RNaseP_Y.pestis
9367,telomerase,train,grp1_a.I1.b.Dermocarpa.sp.ATCC29371.C3.tMET
9368,telomerase,train,grp1_a.I1.b.Phormidium.sp.N182.C3.tLEU
9369,telomerase,train,grp1_a.I1.b.S.hofmanii.C3.tMET
9370,telomerase,train,grp1_a.I1.b.Synechococcus.sp2.C3.tLEU
9371,telomerase,train,grp1_a.I1.c.A.cherimola.C3.tLEU
9372,telomerase,train,grp1_a.I1.c.G.prostrata.C3.tLEU
9373,telomerase,train,grp1_a.I1.c.S.bicolor.C3.tLEU
9374,telomerase,train,grp1_a.I1.e.A.adeninivorans.C1.LSU.2449
9375,telomerase,train,grp1_a.I1.e.A.capsulatus.CBS213.53.C1.SSU.943
9376,telomerase,train,grp1_a.I1.e.A.capsulatus.FLs1.C1.SSU
9377,telomerase,train,grp1_a.I1.e.A.capsulatus.G184B.C1.SSU
9378,telomerase,train,grp1_a.I1.e.A.capsulatus.G186B.C1.SSU
9379,telomerase,train,grp1_a.I1.e.A.stipitatus.C1.SSU.1046
9380,telomerase,train,grp1_a.I1.e.B.ciliata.JCM6865.C1.SSU.1506
9381,telomerase,train,grp1_a.I1.e.B.ciliata.JCM6865.C1.SSU.943
9382,telomerase,train,grp1_a.I1.e.B.yamatoana.JCM2896.C1.SSU.1506
9383,telomerase,train,grp1_a.I1.e.B.yamatoana.JCM2896.C1.SSU.943
9384,telomerase,train,grp1_a.I1.e.C.ellipsoidea.211-1a.C1.SSU.1506
9385,telomerase,train,grp1_a.I1.e.C.ellipsoidea.IAMC-87.C1.SSU.1506
9386,telomerase,train,grp1_a.I1.e.C.grayi.UNK.SSU.1046
9387,telomerase,train,grp1_a.I1.e.C.grayi.UNK.SSU.1516
9388,telomerase,train,grp1_a.I1.e.C.merochlorophea.UNK.SSU.1046
9389,telomerase,train,grp1_a.I1.e.C.merochlorophea.UNK.SSU.1210
9390,telomerase,train,grp1_a.I1.e.C.merochlorophea.UNK.SSU.1389
9391,telomerase,train,grp1_a.I1.e.C.merochlorophea.UNK.SSU.1516
9392,telomerase,train,grp1_a.I1.e.C.saccatum.C1.SSU.1512
9393,telomerase,train,grp1_a.I1.e.C.saxonicum.C1.SSU.1506
9394,telomerase,train,grp1_a.I1.e.D.parva.C1.SSU.1512
9395,telomerase,train,grp1_a.I1.e.D.parva.C1.SSU.943
9396,telomerase,train,grp1_a.I1.e.D.salina.C1.SSU.943
9397,telomerase,train,grp1_a.I1.e.E.dermatitidis.C1.SSU.943
9398,telomerase,train,grp1_a.I1.e.G.planctonica.C1.SSU.943
9399,telomerase,train,grp1_a.I1.e.G.spirotaenia.C1.SSU.1506
9400,telomerase,train,grp1_a.I1.e.L.dispersa.UNK.SSU.1046
9401,telomerase,train,grp1_a.I1.e.L.dispersa.UNK.SSU.114
9402,telomerase,train,grp1_a.I1.e.L.dispersa.UNK.SSU.1210
9403,telomerase,train,grp1_a.I1.e.L.dispersa.UNK.SSU.1516
9404,telomerase,train,grp1_a.I1.e.L.dispersa.UNK.SSU.287
9405,telomerase,train,grp1_a.I1.e.L.dispersa.UNK.SSU.516
9406,telomerase,train,grp1_a.I1.e.L.dispersa.UNK.SSU.789
9407,telomerase,train,grp1_a.I1.e.M.caldariorum.C1.SSU.1506
9408,telomerase,train,grp1_a.I1.e.P.carinii.C1.SSU.1506
9409,telomerase,train,grp1_a.I1.e.P.carinii.Pc1.C1.LSU.1921
9410,telomerase,train,grp1_a.I1.e.P.carinii.Pc2.C1.LSU.1921
9411,telomerase,train,grp1_a.I1.e.P.carinii.Pc3.C1.LSU.1921
9412,telomerase,train,grp1_a.I1.e.P.clavariiformis.C1.SSU.943
9413,telomerase,train,grp1_a.I1.e.P.inouyei.C1.SSU.1506
9414,telomerase,train,grp1_a.I1.e.P.inouyei.C1.SSU.943
9415,telomerase,train,grp1_a.I1.e.P.macrosporus.C1.SSU.1506
9416,telomerase,train,grp1_a.I1.e.P.macrosporus.C1.SSU.943
9417,telomerase,train,grp1_a.I1.e.P.pachydermus.C1.SSU.943
9418,telomerase,train,grp1_a.I1.e.P.sarcinoidea.C1.SSU.943
9419,telomerase,train,grp1_a.I1.e.S.granulatum.C1.SSU.1506
9420,telomerase,train,grp1_a.I1.e.S.paniceum.UNK.SSU.1052
9421,telomerase,train,grp1_a.I1.e.S.paniceum.UNK.SSU.114
9422,telomerase,train,grp1_a.I1.e.S.paniceum.UNK.SSU.1210
9423,telomerase,train,grp1_a.I1.e.S.paniceum.UNK.SSU.1506
9424,telomerase,train,grp1_a.I1.e.S.paniceum.UNK.SSU.287
9425,telomerase,train,grp1_a.I1.e.S.sclerotiorum_1837.C1.LSU.798
9426,telomerase,train,grp1_a.I1.e.Staurastrum.sp.M752.C1.SSU.1506
9427,telomerase,train,grp1_a.I1.e.Staurastrum.sp.M753.C1.SSU.1506
9428,telomerase,train,grp1_a.I1.e.T.cosmopolitanis.C1.LSU.1925
9429,telomerase,train,grp1_a.I1.e.T.hyperangularis.C1.LSU.1925
9430,telomerase,train,grp1_a.I1.e.T.malaccensis.C1.LSU.1925
9431,telomerase,train,grp1_a.I1.e.T.pigmentosa.C1.LSU.1925
9432,telomerase,train,grp1_a.I1.e.U.maydis.C1.SSU.943
9433,telomerase,train,grp1_a.I1.m.M.grisea.B2.ND1
9434,telomerase,train,grp1_a.I1.m.S.luteus.A1.LSU.2504
9435,telomerase,train,grp1_a.I1.m.S.pombe.B1.OX1
9436,telomerase,train,grp1_b.I1.e.C.saccharophila.C1.SSU.156
9437,telomerase,train,grp1_b.I1.e.M.anisopliae.2.C1.LSU.1921
9438,telomerase,train,grp1_b.I1.e.M.anisopliae.3.C1.LSU.1921
9439,telomerase,train,grp1_b.I1.e.T.thermophila.C1.LSU.1925
9440,telomerase,train,grp1_s.I1.e.T.thermophila.C1.LSU.1925.schem
9441,telomerase,train,grp1_a.I1.b.Dermocarpa.sp.ATCC29371.C3.tMET
9442,telomerase,train,grp1_a.I1.b.Phormidium.sp.N182.C3.tLEU
9443,telomerase,train,grp1_a.I1.b.S.hofmanii.C3.tMET
9444,telomerase,train,grp1_a.I1.b.Synechococcus.sp2.C3.tLEU
9445,telomerase,train,grp1_a.I1.c.A.cherimola.C3.tLEU
9446,telomerase,train,grp1_a.I1.c.G.prostrata.C3.tLEU
9447,telomerase,train,grp1_a.I1.c.S.bicolor.C3.tLEU
9448,telomerase,train,grp1_a.I1.e.A.adeninivorans.C1.LSU.2449
9449,telomerase,train,grp1_a.I1.e.A.capsulatus.CBS213.53.C1.SSU.943
9450,telomerase,train,grp1_a.I1.e.A.capsulatus.FLs1.C1.SSU
9451,telomerase,train,grp1_a.I1.e.A.capsulatus.G184B.C1.SSU
9452,telomerase,train,grp1_a.I1.e.A.capsulatus.G186B.C1.SSU
9453,telomerase,train,grp1_a.I1.e.A.stipitatus.C1.SSU.1046
9454,telomerase,train,grp1_a.I1.e.B.ciliata.JCM6865.C1.SSU.1506
9455,telomerase,train,grp1_a.I1.e.B.ciliata.JCM6865.C1.SSU.943
9456,telomerase,train,grp1_a.I1.e.B.yamatoana.JCM2896.C1.SSU.1506
9457,telomerase,train,grp1_a.I1.e.B.yamatoana.JCM2896.C1.SSU.943
9458,telomerase,train,grp1_a.I1.e.C.ellipsoidea.211-1a.C1.SSU.1506
9459,telomerase,train,grp1_a.I1.e.C.ellipsoidea.IAMC-87.C1.SSU.1506
9460,telomerase,train,grp1_a.I1.e.C.grayi.UNK.SSU.1046
9461,telomerase,train,grp1_a.I1.e.C.grayi.UNK.SSU.1516
9462,telomerase,train,grp1_a.I1.e.C.merochlorophea.UNK.SSU.1046
9463,telomerase,train,grp1_a.I1.e.C.merochlorophea.UNK.SSU.1210
9464,telomerase,train,grp1_a.I1.e.C.merochlorophea.UNK.SSU.1389
9465,telomerase,train,grp1_a.I1.e.C.merochlorophea.UNK.SSU.1516
9466,telomerase,train,grp1_a.I1.e.C.saccatum.C1.SSU.1512
9467,telomerase,train,srp_Aede.aegy._DW714804
9468,telomerase,train,srp_Ajel.caps._CV620298
9469,telomerase,train,srp_Arab.thal._AC005275
9470,telomerase,train,srp_Baci.mega._D11414
9471,telomerase,train,srp_Baci.poly._D11421
9472,telomerase,train,srp_Baci.subt._D11417
9473,telomerase,train,srp_Baci.thur._CP000485
9474,telomerase,train,srp_Baci.thur._D11412
9475,telomerase,train,srp_Bord.pert._BX640415
9476,telomerase,train,srp_Brug.mala._GSP-6279
9477,telomerase,train,srp_Buch.aphi._AE016826
9478,telomerase,train,srp_Burk.pseu._CP000570
9479,telomerase,train,srp_Burk.pseu._CP000572
9480,telomerase,train,srp_Cani.spec._SDB-9616
9481,telomerase,train,srp_Carb.hydr._CP000141
9482,telomerase,train,srp_Chla.trac._AE001298
9483,telomerase,train,srp_Cion.inte._BW088710
9484,telomerase,train,srp_Clav.lusi._GSP-306902
9485,telomerase,train,srp_Clos.botu._AM412317
9486,telomerase,train,srp_Clos.kluy._CP000673
9487,telomerase,train,srp_Cory.jeik._CR931997
9488,telomerase,train,srp_Cyan.mero._AB002583
9489,telomerase,train,srp_Dani.reri._EH513970
9490,telomerase,train,srp_Dech.arom._CP000089
9491,telomerase,train,srp_Desu.vulg._AE017285
9492,telomerase,train,srp_Desu.vulg._CP000527
9493,telomerase,train,srp_Dros.mela._AE001572
9494,telomerase,train,srp_Dros.mela._AE014297
9495,telomerase,train,srp_Dros.mela._X01056
9496,telomerase,train,srp_Enta.mosh._GSP-41668
9497,telomerase,train,srp_Ento.sulc._AF095839
9498,telomerase,train,srp_Esch.coli._CP000247
9499,telomerase,train,srp_Esch.coli._X01074
9500,telomerase,train,srp_Fran.alni._CT573213
9501,telomerase,train,srp_Fran.tula._AJ749949
9502,telomerase,train,srp_Fran.tula._AM286280
9503,telomerase,train,srp_Geob.kaus._BA000043
9504,telomerase,train,srp_Halo.halo._CP000544
9505,telomerase,train,srp_Heli.annu._AJ828095
9506,telomerase,train,srp_Heli.hepa._AE017125
9507,telomerase,train,srp_Kluy.walt._AADM01000319
9508,telomerase,train,srp_Lact.acid._CP000033
9509,telomerase,train,srp_Lact.john._AX926712
9510,telomerase,train,srp_Legi.pneu._M31830
9511,telomerase,train,srp_Leis.dono._AY781793
9512,telomerase,train,srp_Leis.majo._AY722715
9513,telomerase,train,srp_Lodd.elon._GSP-379508
9514,telomerase,train,srp_Lott.giga._GSP-225164
9515,telomerase,train,srp_Lyco.escu._Z29104
9516,telomerase,train,srp_Medi.trun._BE941271
9517,telomerase,train,srp_Medi.trun._CT485797
9518,telomerase,train,srp_Meth.burt._CP000300
9519,telomerase,train,srp_Meth.caps._AE017282
9520,telomerase,train,srp_Meth.ferv._S49762
9521,telomerase,train,srp_Meth.maze._AE008384
9522,telomerase,train,srp_Mus.musc._AC126244
9523,telomerase,train,srp_Myco.gall._AE015450
9524,telomerase,train,srp_Myco.pneu._AE000044
9525,telomerase,train,srp_Nect.haem._GSP-71109
9526,telomerase,train,srp_Nost.spec._BA000019
9527,telomerase,train,srp_Onch.volv._AI249203
9528,telomerase,train,srp_Para.bras._CN241909
9529,telomerase,train,srp_Pers.amer._X65992
9530,telomerase,train,srp_Pich.stip._CP000502
9531,telomerase,train,srp_Plas.chab._GSP-31271
9532,telomerase,train,srp_Plas.falc._EF690554
9533,telomerase,train,srp_Plas.yoel._GSP-352914
9534,telomerase,train,srp_Porp.purp._U38804
9535,telomerase,train,srp_Pris.paci._GSP-54126
9536,telomerase,train,srp_Proc.mari._CP000552
9537,telomerase,train,srp_Proc.mari._CP000576
9538,telomerase,train,srp_Pseu.aeru._AE004091
9539,telomerase,train,srp_Pseu.halo._CR954246
9540,telomerase,train,srp_Pseu.syri._CP000075
9541,telomerase,train,srp_Psyc.sp.._CP000713
9542,telomerase,train,srp_Pyro.furi._AE010126
9543,telomerase,train,srp_Rals.meta._CP000352
9544,telomerase,train,srp_Ratt.norv._AA923995
9545,telomerase,train,srp_Salm.ente._CP000026
9546,telomerase,train,srp_Schi.pomb._X15220
9547,telomerase,train,srp_Schm.medi._GSP-79327
9548,telomerase,train,srp_Shew.spec._CP000444
9549,telomerase,train,srp_Shew.spec._CP000469
9550,telomerase,train,srp_Spra.loph._GSP-51541
9551,telomerase,train,srp_Stap.aure._BX571856
9552,telomerase,train,srp_Stap.aure._BX571857
9553,telomerase,train,srp_Stap.haem._AP006716
9554,telomerase,train,srp_Stap.sapr._AP008934
9555,telomerase,train,srp_Stre.dysg._AJ489606
9556,telomerase,train,srp_Stre.pneu._AE008386
9557,telomerase,train,srp_Ther.mari._AE000512
9558,telomerase,train,srp_Tric.eryt._CP000393
9559,telomerase,train,srp_Trit.aest._BE424647
9560,telomerase,train,srp_Trit.aest._X13915
9561,telomerase,train,srp_Volv.cart._GSP-51971-1
9562,telomerase,train,srp_Volv.cart._GSP-51971-2
9563,telomerase,train,srp_Wolb.endo._AE017321
9564,telomerase,train,srp_Xyle.fast._AE009442
9565,telomerase,train,srp_Yers.pest._AL590842
9566,telomerase,train,srp_Zea.mays._AY108846
9567,telomerase,train,tRNA_tdbR00000003-Haloferax_volcanii-2246-Ala-GGC
9568,telomerase,train,tRNA_tdbR00000004-Haloferax_volcanii-2246-Ala-UGC
9569,telomerase,train,tRNA_tdbR00000007-Bacillus_subtilis-1423-Ala-5GC
9570,telomerase,train,tRNA_tdbR00000010-Escherichia_coli-562-Ala-VGC
9571,telomerase,train,tRNA_tdbR00000022-Enterobacteria_phage_T5-10726-Asp-GUC
9572,telomerase,train,tRNA_tdbR00000030-Aedes_albopictus-7160-Asp-GUC
9573,telomerase,train,tRNA_tdbR00000032-Rattus_norvegicus-10116-Asp-GUC
9574,telomerase,train,tRNA_tdbR00000035-Saccharomyces_cerevisiae-4932-Asp-GUC
9575,telomerase,train,tRNA_tdbR00000036-Euglena_gracilis-3039-Asp-GUC
9576,telomerase,train,tRNA_tdbR00000041-Xenopus_laevis-8355-Asp-8UC
9577,telomerase,train,tRNA_tdbR00000044-Mycoplasma_capricolum-2095-Glu-UC
9578,telomerase,train,tRNA_tdbR00000049-Chlamydomonas_reinhardtii-3055-Glu-NUC
9579,telomerase,train,tRNA_tdbR00000053-Bos_taurus-9913-Glu-NUC
9580,telomerase,train,tRNA_tdbR00000058-Lupinus_luteus-3873-Glu-CUC
9581,telomerase,train,tRNA_tdbR00000059-Rattus_norvegicus-10116-Glu-3UC
9582,telomerase,train,tRNA_tdbR00000060-Drosophila_melanogaster-7227-Glu-2UC
9583,telomerase,train,tRNA_tdbR00000064-Mycoplasma_capricolum-2095-Phe-GAA
9584,telomerase,train,tRNA_tdbR00000065-Bacillus_subtilis-1423-Phe-AA
9585,telomerase,train,tRNA_tdbR00000072-Phaseolus_vulgaris-3885-Phe-GAA
9586,telomerase,train,tRNA_tdbR00000073-Spinacia_oleracea-3562-Phe-GAA
9587,telomerase,train,tRNA_tdbR00000078-Ascaris_suum-6253-Phe-GAA
9588,telomerase,train,tRNA_tdbR00000080-Bos_taurus-9913-Phe-GAA
9589,telomerase,train,tRNA_tdbR00000083-Saccharomyces_cerevisiae-4932-Phe-AA
9590,telomerase,train,tRNA_tdbR00000084-Saccharomyces_cerevisiae-4932-Phe-AA
9591,telomerase,train,tRNA_tdbR00000089-Brassica_napus-3708-Phe-AA
9592,telomerase,train,tRNA_tdbR00000099-Mus_musculus-10090-Phe-AA
9593,telomerase,train,tRNA_tdbR00000101-Mus_musculus-10090-Phe-AA
9594,telomerase,train,tRNA_tdbR00000103-Homo_sapiens-9606-Phe-AA
9595,telomerase,train,tRNA_tdbR00000104-Enterobacteria_phage_T4-10665-Gly-NCC
9596,telomerase,train,tRNA_tdbR00000105-Halobacterium_salinarum-2242-Gly-GCC
9597,telomerase,train,tRNA_tdbR00000117-Escherichia_coli-562-Gly-CCC
9598,telomerase,train,tRNA_tdbR00000121-Salmonella_typhimurium-602-Gly-NCC
9599,telomerase,train,tRNA_tdbR00000123-Saccharomyces_cerevisiae-4932-Gly-NCC
9600,telomerase,train,tRNA_tdbR00000132-Lupinus_luteus-3873-Gly-GCC
9601,telomerase,train,tRNA_tdbR00000144-Saccharomyces_cerevisiae-4932-His-GUG
9602,telomerase,train,tRNA_tdbR00000145-Saccharomyces_cerevisiae-4932-His-GUG
9603,telomerase,train,tRNA_tdbR00000152-Haloferax_volcanii-2246-Ile-NAU
9604,telomerase,train,tRNA_tdbR00000158-Escherichia_coli-562-Ile-GAU
9605,telomerase,train,tRNA_tdbR00000159-Escherichia_coli-562-Ile-GAU
9606,telomerase,train,tRNA_tdbR00000181-Escherichia_coli-562-Lys-SUU
9607,telomerase,train,tRNA_tdbR00000189-Rattus_norvegicus-10116-Lys-NUU
9608,telomerase,train,tRNA_tdbR00000200-Oryctolagus_cuniculus-9986-Lys-3UU
9609,telomerase,train,tRNA_tdbR00000205-Loligo_bleekeri-6617-Lys-NUU
9610,telomerase,train,tRNA_tdbR00000215-Haloferax_volcanii-2246-Leu-5AG
9611,telomerase,train,tRNA_tdbR00000226-Synechococcus_elongatus_PCC_6301-269084-Leu-CAG
9612,telomerase,train,tRNA_tdbR00000233-Phaseolus_vulgaris-3885-Leu-UA7
9613,telomerase,train,tRNA_tdbR00000249-Saccharomyces_cerevisiae-4932-Leu-CAA
9614,telomerase,train,tRNA_tdbR00000250-Saccharomyces_cerevisiae-4932-Leu-UAG
9615,telomerase,train,tRNA_tdbR00000251-Saccharomyces_cerevisiae-4932-Leu-UAA
9616,telomerase,train,tRNA_tdbR00000271-Haloferax_volcanii-2246-Met-BAU
9617,telomerase,train,tRNA_tdbR00000275-Thermus_thermophilus-274-Met-CAU
9618,telomerase,train,tRNA_tdbR00000277-Codium_fragile-3133-Met-CAU
9619,telomerase,train,tRNA_tdbR00000284-Saccharomyces_cerevisiae-4932-Met-CAU
9620,telomerase,train,tRNA_tdbR00000294-Mycoplasma_capricolum-2095-Asn-GUU
9621,telomerase,train,tRNA_tdbR00000295-Escherichia_coli-562-Asn-QUU
9622,telomerase,train,tRNA_tdbR00000296-Azospirillum_lipoferum-193-Asn-QUU
9623,telomerase,train,tRNA_tdbR00000298-Asterias_amurensis-7602-Asn-GUU
9624,telomerase,train,tRNA_tdbR00000301-Lupinus_luteus-3873-Asn-UU
9625,telomerase,train,tRNA_tdbR00000314-Mycoplasma_capricolum-2095-Pro-UGG
9626,telomerase,train,tRNA_tdbR00000316-Bacillus_subtilis-1423-Pro-5GG
9627,telomerase,train,tRNA_tdbR00000320-Spinacia_oleracea-3562-Pro-NGG
9628,telomerase,train,tRNA_tdbR00000335-Nicotiana_rustica-4093-Gln-NUG
9629,telomerase,train,tRNA_tdbR00000336-Aedes_albopictus-7160-Gln-NUG
9630,telomerase,train,tRNA_tdbR00000341-Rattus_norvegicus-10116-Gln-CUG
9631,telomerase,train,tRNA_tdbR00000355-Escherichia_coli-562-Arg-ICG
9632,telomerase,train,tRNA_tdbR00000356-Escherichia_coli-562-Arg-ICG
9633,telomerase,train,tRNA_tdbR00000362-Saccharomyces_cerevisiae-4932-Arg-NCU
9634,telomerase,train,tRNA_tdbR00000376-Bos_taurus-9913-Arg-3CP
9635,telomerase,train,tRNA_tdbR00000384-Mycoplasma_capricolum-2095-Ser-GCU
9636,telomerase,train,tRNA_tdbR00000387-Bacillus_subtilis-1423-Ser-5GA
9637,telomerase,train,tRNA_tdbR00000390-Escherichia_coli-562-Ser-CGA
9638,telomerase,train,tRNA_tdbR00000396-Saccharomyces_cerevisiae-4932-Ser-UGA
9639,telomerase,train,tRNA_tdbR00000399-Aedes_albopictus-7160-Ser-GCU
9640,telomerase,train,tRNA_tdbR00000400-Loligo_bleekeri-6617-Ser-7CU
9641,telomerase,train,tRNA_tdbR00000406-Saccharomyces_cerevisiae-4932-Ser-NGA
9642,telomerase,train,tRNA_tdbR00000407-Saccharomyces_cerevisiae-4932-Ser-IGA
9643,telomerase,train,tRNA_tdbR00000422-Rattus_norvegicus-10116-Ser-GCU
9644,telomerase,train,tRNA_tdbR00000427-Gallus_gallus-9031-Ser-UGA
9645,telomerase,train,tRNA_tdbR00000430-Halobacterium_salinarum-2242-Thr-GGU
9646,telomerase,train,tRNA_tdbR00000435-Mycoplasma_mycoides-2102-Thr-UGU
9647,telomerase,train,tRNA_tdbR00000460-Aedes_albopictus-7160-Val-UAC
9648,telomerase,train,tRNA_tdbR00000463-Bos_taurus-9913-Val-UAC
9649,telomerase,train,tRNA_tdbR00000480-Mycoplasma_capricolum-2095-Trp-CA
9650,telomerase,train,tRNA_tdbR00000485-Nicotiana_tabacum-4097-Trp-BCA
9651,telomerase,train,tRNA_tdbR00000486-Phaseolus_vulgaris-3885-Trp-BCA
9652,telomerase,train,tRNA_tdbR00000507-Bacillus_subtilis-1423-Ini-CAU
9653,telomerase,train,tRNA_tdbR00000510-Escherichia_coli-562-Ini-CAU
9654,telomerase,train,tRNA_tdbR00000516-Spinacia_oleracea-3562-Ini-CAU
9655,telomerase,train,tRNA_tdbR00000522-Bos_taurus-9913-Ini-AU
9656,telomerase,train,tRNA_tdbR00000529-Triticum_aestivum-4565-Ini-CAU
9657,telomerase,train,tRNA_tdbR00000534-Euphausia_superba-6819-Ini-CAU
9658,telomerase,train,tRNA_tdbR00000536-Salmo_salar-8030-Ini-CAU
9659,telomerase,train,tRNA_tdbR00000553-Asterias_amurensis-7602-Tyr-GUA
9660,telomerase,train,tRNA_tdbR00000556-Schizosaccharomyces_pombe-4896-Tyr-GPA
9661,telomerase,train,tRNA_tdbR00000559-Triticum_aestivum-4565-Tyr-GPA
9662,telomerase,train,tRNA_tdbR00000563-Lupinus_albus-3870-Tyr-GPA
9663,telomerase,train,tRNA_tdbR00000576-Leishmania_tarentolae-5689-Asp-GUC
9664,telomerase,train,tRNA_tdbR00000594-Ascaris_suum-6253-Leu-AA
9665,telomerase,train,tRNA_tdbR00000610-Caulobacter_crescentus_CB15-190650-His-GUG
9666,telomerase,train,tRNA_tdbR00000619-Toxoplasma_gondii-5811-Met-CAU
9667,telomerase,test,telomerase_AC121792.109554-109950
9668,telomerase,test,telomerase_AF147806.247-692
9669,telomerase,test,telomerase_AF221906.96-545
9670,telomerase,test,telomerase_AF221908.136-584
9671,telomerase,test,telomerase_AF221909.98-496
9672,telomerase,test,telomerase_AF221910.112-554
9673,telomerase,test,telomerase_AF221911.104-513
9674,telomerase,test,telomerase_AF221912.98-564
9675,telomerase,test,telomerase_AF221913.109-520
9676,telomerase,test,telomerase_AF221914.112-589
9677,telomerase,test,telomerase_AF221916.94-481
9678,telomerase,test,telomerase_AF221917.99-542
9679,telomerase,test,telomerase_AF221918.97-547
9680,telomerase,test,telomerase_AF221919.107-614
9681,telomerase,test,telomerase_AF221920.99-541
9682,telomerase,test,telomerase_AF221921.98-548
9683,telomerase,test,telomerase_AF221923.106-554
9684,telomerase,test,telomerase_AF221924.105-538
9685,telomerase,test,telomerase_AF221925.98-540
9686,telomerase,test,telomerase_AF221926.103-507
9687,telomerase,test,telomerase_AF221927.113-556
9688,telomerase,test,telomerase_AF221928.95-476
9689,telomerase,test,telomerase_AF221929.92-517
9690,telomerase,test,telomerase_AF221930.94-546
9691,telomerase,test,telomerase_AF221931.99-541
9692,telomerase,test,telomerase_AF221932.102-549
9693,telomerase,test,telomerase_AF221934.121-565
9694,telomerase,test,telomerase_AF221935.112-602
9695,telomerase,test,telomerase_AF221936.98-540
9696,telomerase,test,telomerase_AF221937.99-545
9697,telomerase,test,telomerase_AF221939.99-544
9698,telomerase,test,telomerase_AF221940.103-499
9699,telomerase,test,telomerase_AY058901.1-397
9700,telomerase,test,telomerase_AY312571.605-1069
9701,telomerase,test,telomerase_U85256.1-451
9702,telomerase,train,tmRNA_Acti.acti._TRW-272556_1-366
9703,telomerase,train,tmRNA_Acti.naes._TRW-240017_1-371
9704,telomerase,train,tmRNA_Anab.vari._CP000117_1-390
9705,telomerase,train,tmRNA_Aqui.aeol._TRW-63363_1-347
9706,telomerase,train,tmRNA_Azoa.spec._TRW-62928_1-378
9707,telomerase,train,tmRNA_Baci.G._TRW-12333_1-312
9708,telomerase,train,tmRNA_Baci.anth._AE016879_1-355
9709,telomerase,train,tmRNA_Baci.clau._AP006627_1-355
9710,telomerase,train,tmRNA_Bact.frag._CR626927_1-398
9711,telomerase,train,tmRNA_Bord.aviu._AM167904_1-406
9712,telomerase,train,tmRNA_Bord.bron._TRW-257310_1-387
9713,telomerase,train,tmRNA_Borr.gari._CP000013_1-363
9714,telomerase,train,tmRNA_Burk.pseu._TRW-28450_1-370
9715,telomerase,train,tmRNA_Camp.coli._AL111168_1-359
9716,telomerase,train,tmRNA_Camp.coli._TRW-306254_1-359
9717,telomerase,train,tmRNA_Camp.jeju._AL139078_1-356
9718,telomerase,train,tmRNA_Chla.pneu._AE002224_1-423
9719,telomerase,train,tmRNA_Chla.pneu._TRW-83558_1-426
9720,telomerase,train,tmRNA_Chla.trac._TRW-813-1_1-420
9721,telomerase,train,tmRNA_Chla.trac._TRW-813-2_1-420
9722,telomerase,train,tmRNA_Chlo.tepi._TRW-194439_1-404
9723,telomerase,train,tmRNA_Clos.acet._AE001437_1-359
9724,telomerase,train,tmRNA_Copr.prot._TRW-351627_1-353
9725,telomerase,train,tmRNA_Cyan.mero._TRW-45157_1-236
9726,telomerase,train,tmRNA_Cyan.para._TRW-2762_1-294
9727,telomerase,train,tmRNA_Desu.vulg._AE017285_1-352
9728,telomerase,train,tmRNA_Ente.faec._TRW-1352_1-367
9729,telomerase,train,tmRNA_Esch.coli._CP000468_1-363
9730,telomerase,train,tmRNA_Esch.coli._D90888_1-363
9731,telomerase,train,tmRNA_Fibr.succ._TRW-59374_1-361
9732,telomerase,train,tmRNA_Fran.tula._AJ749949_1-421
9733,telomerase,train,tmRNA_Fran.tula._AM286280_1-421
9734,telomerase,train,tmRNA_Gemm.obsc._TRW-214688_1-412
9735,telomerase,train,tmRNA_Haem.somn._CP000436_1-367
9736,telomerase,train,tmRNA_Heli.pylo._AE001503_1-383
9737,telomerase,train,tmRNA_Heli.pylo._TRW-85962_1-386
9738,telomerase,train,tmRNA_Kleb.pneu._TRW-272620_1-363
9739,telomerase,train,tmRNA_Lact.acid._CP000033_1-369
9740,telomerase,train,tmRNA_Lact.delb._AF440335_1-316
9741,telomerase,train,tmRNA_Lact.delb._TRW-321956_1-362
9742,telomerase,train,tmRNA_Lact.gass._TRW-1596_1-366
9743,telomerase,train,tmRNA_Lact.john._TRW-257314_1-367
9744,telomerase,train,tmRNA_Lact.lact._AF176556_1-359
9745,telomerase,train,tmRNA_Lact.sake._AF400065_1-370
9746,telomerase,train,tmRNA_Lact.sake._TRW-314315_1-370
9747,telomerase,train,tmRNA_Leuc.mese._TRW-1245_1-358
9748,telomerase,train,tmRNA_List.ivan._AF440342_1-321
9749,telomerase,train,tmRNA_List.mono._TRW-1639-1_1-370
9750,telomerase,train,tmRNA_List.wels._AF440351_1-321
9751,telomerase,train,tmRNA_Magn.spec._CP000471_1-366
9752,telomerase,train,tmRNA_Myco.arth._TRW-243272_1-394
9753,telomerase,train,tmRNA_Myco.bovi._TRW-1765_1-368
9754,telomerase,train,tmRNA_Myco.capr._S67602_1-408
9755,telomerase,train,tmRNA_Myco.lepr._TRW-272631_1-369
9756,telomerase,train,tmRNA_Myco.pneu._AE000035_1-384
9757,telomerase,train,tmRNA_Myco.tube._TRW-164513_1-368
9758,telomerase,train,tmRNA_Myco.tube._TRW-1773_1-368
9759,telomerase,train,tmRNA_Myxo.xant._TRW-34_1-366
9760,telomerase,train,tmRNA_Neis.lact._TRW-486_1-362
9761,telomerase,train,tmRNA_Nost.punc._TRW-63737_1-390
9762,telomerase,train,tmRNA_Ocea.ihey._BA000028_1-364
9763,telomerase,train,tmRNA_Odon.sine._Z67753_1-368
9764,telomerase,train,tmRNA_Paen.larv._TRW-1464_1-367
9765,telomerase,train,tmRNA_Pant.stew._TRW-66269_1-363
9766,telomerase,train,tmRNA_Past.mult._AE006115_1-367
9767,telomerase,train,tmRNA_Phot.asym._TRW-291112_1-364
9768,telomerase,train,tmRNA_Psyc.arct._CP000082_1-359
9769,telomerase,train,tmRNA_Psyc.cryo._CP000323_1-359
9770,telomerase,train,tmRNA_Rubr.gela._TRW-279263_1-372
9771,telomerase,train,tmRNA_Rubr.xyla._TRW-266117_1-360
9772,telomerase,train,tmRNA_Salm.ente._TRW-59204_1-363
9773,telomerase,train,tmRNA_Shew.balt._TRW-325240_1-356
9774,telomerase,train,tmRNA_Shew.onei._AX048560_1-355
9775,telomerase,train,tmRNA_Shew.spec._CP000444_1-355
9776,telomerase,train,tmRNA_Shig.dyse._CP000034_1-363
9777,telomerase,train,tmRNA_Shig.flex._AE005674_1-363
9778,telomerase,train,tmRNA_Soda.glos._AP008232_1-384
9779,telomerase,train,tmRNA_Spir.citr._AM285321_1-424
9780,telomerase,train,tmRNA_Stap.aure._AC074317_1-359
9781,telomerase,train,tmRNA_Stap.aure._BA000018_1-362
9782,telomerase,train,tmRNA_Stap.aure._BX571856_1-362
9783,telomerase,train,tmRNA_Stap.epid._TRW-1282-1_1-361
9784,telomerase,train,tmRNA_Stre.agal._TRW-1311_1-350
9785,telomerase,train,tmRNA_Stre.pneu._TRW-216600_1-348
9786,telomerase,train,tmRNA_Stre.sobr._TRW-246202_1-349
9787,telomerase,train,tmRNA_Stre.ther._CP000024_1-350
9788,telomerase,train,tmRNA_Synt.acid._CP000252_1-356
9789,telomerase,train,tmRNA_Ther.neap._TRW-309803_1-357
9790,telomerase,train,tmRNA_Ther.teng._AE013063_1-351
9791,telomerase,train,tmRNA_Thio.crun._CP000109_1-358
9792,telomerase,train,tmRNA_Trep.pall._TRW-243276_1-354
9793,telomerase,train,tmRNA_Trop.whip._BX251411_1-369
9794,telomerase,train,tmRNA_Xant.axon._AE011783_1-397
9795,telomerase,train,tmRNA_Yers.berc._TRW-349968_1-381
9796,telomerase,train,tmRNA_envi.sequ._TRW-32045-2_1-345
9797,telomerase,train,tmRNA_uncu.bact._TRW-32045-4_1-369
9798,telomerase,train,tmRNA_uncu.bact._TRW-72274-1_1-359
9799,telomerase,train,tmRNA_uncu.bact._TRW-72274-2_1-359
9800,telomerase,train,tmRNA_uncu.bact._TRW-80840-1_1-378
9801,telomerase,train,tmRNA_uncu.bact._TRW-80840-2_1-379
9802,tmRNA,train,16s_A.fulgidus_domain2
9803,tmRNA,train,16s_A.fulgidus_domain3
9804,tmRNA,train,16s_A.fulgidus_domain4
9805,tmRNA,train,16s_A.pyrophilus_domain2
9806,tmRNA,train,16s_A.pyrophilus_domain4
9807,tmRNA,train,16s_B.burgdorferi_domain2
9808,tmRNA,train,16s_B.burgdorferi_domain3
9809,tmRNA,train,16s_B.burgdorferi_domain4
9810,tmRNA,train,16s_B.subtilis_domain2
9811,tmRNA,train,16s_B.subtilis_domain3
9812,tmRNA,train,16s_B.subtilis_domain4
9813,tmRNA,train,16s_C.elegans_domain1
9814,tmRNA,train,16s_C.elegans_domain2
9815,tmRNA,train,16s_C.elegans_domain3
9816,tmRNA,train,16s_C.elegans_domain4
9817,tmRNA,train,16s_C.psittaci_domain2
9818,tmRNA,train,16s_C.psittaci_domain3
9819,tmRNA,train,16s_C.psittaci_domain4
9820,tmRNA,train,16s_C.reinhardtii.chloro_domain1
9821,tmRNA,train,16s_C.reinhardtii.chloro_domain2
9822,tmRNA,train,16s_C.reinhardtii.chloro_domain3
9823,tmRNA,train,16s_C.reinhardtii.chloro_domain4
9824,tmRNA,train,16s_C.reinhardtii.mito_domain1
9825,tmRNA,train,16s_C.reinhardtii.mito_domain2
9826,tmRNA,train,16s_C.reinhardtii.mito_domain3
9827,tmRNA,train,16s_C.reinhardtii.mito_domain4
9828,tmRNA,train,16s_D.melanogaster_domain4
9829,tmRNA,train,16s_E.coli_domain2
9830,tmRNA,train,16s_E.coli_domain3
9831,tmRNA,train,16s_E.coli_domain4
9832,tmRNA,train,16s_F.ananassa_domain3
9833,tmRNA,train,16s_F.ananassa_domain4
9834,tmRNA,train,16s_G.intestinalis_domain1
9835,tmRNA,train,16s_G.intestinalis_domain2
9836,tmRNA,train,16s_G.intestinalis_domain3
9837,tmRNA,train,16s_G.intestinalis_domain4
9838,tmRNA,train,16s_H.sapiens.mito_domain1
9839,tmRNA,train,16s_H.sapiens.mito_domain2
9840,tmRNA,train,16s_H.sapiens.mito_domain3
9841,tmRNA,train,16s_H.sapiens.mito_domain4
9842,tmRNA,train,16s_H.sapiens_domain3
9843,tmRNA,train,16s_H.sapiens_domain4
9844,tmRNA,train,16s_H.volcanii_domain1
9845,tmRNA,train,16s_H.volcanii_domain2
9846,tmRNA,train,16s_H.volcanii_domain3
9847,tmRNA,train,16s_H.volcanii_domain4
9848,tmRNA,train,16s_M.polymorpha_domain2
9849,tmRNA,train,16s_M.polymorpha_domain3
9850,tmRNA,train,16s_M.polymorpha_domain4
9851,tmRNA,train,16s_P.occultum_domain2
9852,tmRNA,train,16s_P.occultum_domain3
9853,tmRNA,train,16s_P.occultum_domain4
9854,tmRNA,train,16s_P.staleyi_domain2
9855,tmRNA,train,16s_P.staleyi_domain3
9856,tmRNA,train,16s_P.staleyi_domain4
9857,tmRNA,train,16s_S.cerevisiae_domain3
9858,tmRNA,train,16s_S.cerevisiae_domain4
9859,tmRNA,train,16s_T.gondii_domain3
9860,tmRNA,train,16s_T.gondii_domain4
9861,tmRNA,train,16s_T.maritima_domain2
9862,tmRNA,train,16s_T.maritima_domain3
9863,tmRNA,train,16s_T.maritima_domain4
9864,tmRNA,train,16s_Z.mays_domain1
9865,tmRNA,train,16s_Z.mays_domain2
9866,tmRNA,train,16s_Z.mays_domain3
9867,tmRNA,train,16s_Z.mays_domain4
9868,tmRNA,train,16s_A.fulgidus_domain2
9869,tmRNA,train,16s_A.fulgidus_domain3
9870,tmRNA,train,16s_A.fulgidus_domain4
9871,tmRNA,train,16s_A.pyrophilus_domain2
9872,tmRNA,train,16s_A.pyrophilus_domain4
9873,tmRNA,train,16s_B.burgdorferi_domain2
9874,tmRNA,train,16s_B.burgdorferi_domain3
9875,tmRNA,train,16s_B.burgdorferi_domain4
9876,tmRNA,train,16s_B.subtilis_domain2
9877,tmRNA,train,16s_B.subtilis_domain3
9878,tmRNA,train,16s_B.subtilis_domain4
9879,tmRNA,train,16s_C.elegans_domain1
9880,tmRNA,train,16s_C.elegans_domain2
9881,tmRNA,train,16s_C.elegans_domain3
9882,tmRNA,train,16s_C.elegans_domain4
9883,tmRNA,train,16s_C.psittaci_domain2
9884,tmRNA,train,16s_C.psittaci_domain3
9885,tmRNA,train,16s_C.psittaci_domain4
9886,tmRNA,train,16s_C.reinhardtii.chloro_domain1
9887,tmRNA,train,16s_C.reinhardtii.chloro_domain2
9888,tmRNA,train,16s_C.reinhardtii.chloro_domain3
9889,tmRNA,train,16s_C.reinhardtii.chloro_domain4
9890,tmRNA,train,16s_C.reinhardtii.mito_domain1
9891,tmRNA,train,16s_C.reinhardtii.mito_domain2
9892,tmRNA,train,16s_C.reinhardtii.mito_domain3
9893,tmRNA,train,16s_C.reinhardtii.mito_domain4
9894,tmRNA,train,16s_D.melanogaster_domain4
9895,tmRNA,train,16s_E.coli_domain2
9896,tmRNA,train,16s_E.coli_domain3
9897,tmRNA,train,16s_E.coli_domain4
9898,tmRNA,train,16s_F.ananassa_domain3
9899,tmRNA,train,16s_F.ananassa_domain4
9900,tmRNA,train,16s_G.intestinalis_domain1
9901,tmRNA,train,16s_G.intestinalis_domain2
9902,tmRNA,train,23s_B.subtilis_domain3
9903,tmRNA,train,23s_B.subtilis_domain4
9904,tmRNA,train,23s_B.subtilis_domain6
9905,tmRNA,train,23s_E.coli_domain3
9906,tmRNA,train,23s_E.coli_domain4
9907,tmRNA,train,23s_E.coli_domain6
9908,tmRNA,train,23s_H.pylori_domain3
9909,tmRNA,train,23s_H.pylori_domain4
9910,tmRNA,train,23s_H.pylori_domain6
9911,tmRNA,train,23s_S.aureus_domain3
9912,tmRNA,train,23s_S.aureus_domain4
9913,tmRNA,train,23s_S.aureus_domain6
9914,tmRNA,train,23s_T.thermophilus_domain3
9915,tmRNA,train,23s_T.thermophilus_domain4
9916,tmRNA,train,23s_T.thermophilus_domain6
9917,tmRNA,train,23s_B.subtilis_domain3
9918,tmRNA,train,23s_B.subtilis_domain4
9919,tmRNA,train,23s_B.subtilis_domain6
9920,tmRNA,train,23s_E.coli_domain3
9921,tmRNA,train,23s_E.coli_domain4
9922,tmRNA,train,23s_E.coli_domain6
9923,tmRNA,train,23s_H.pylori_domain3
9924,tmRNA,train,23s_H.pylori_domain4
9925,tmRNA,train,23s_H.pylori_domain6
9926,tmRNA,train,23s_S.aureus_domain3
9927,tmRNA,train,23s_S.aureus_domain4
9928,tmRNA,train,23s_S.aureus_domain6
9929,tmRNA,train,23s_T.thermophilus_domain3
9930,tmRNA,train,23s_T.thermophilus_domain4
9931,tmRNA,train,23s_T.thermophilus_domain6
9932,tmRNA,train,23s_B.subtilis_domain3
9933,tmRNA,train,23s_B.subtilis_domain4
9934,tmRNA,train,23s_B.subtilis_domain6
9935,tmRNA,train,23s_E.coli_domain3
9936,tmRNA,train,23s_E.coli_domain4
9937,tmRNA,train,23s_E.coli_domain6
9938,tmRNA,train,23s_H.pylori_domain3
9939,tmRNA,train,23s_H.pylori_domain4
9940,tmRNA,train,23s_H.pylori_domain6
9941,tmRNA,train,23s_S.aureus_domain3
9942,tmRNA,train,23s_S.aureus_domain4
9943,tmRNA,train,23s_S.aureus_domain6
9944,tmRNA,train,23s_T.thermophilus_domain3
9945,tmRNA,train,23s_T.thermophilus_domain4
9946,tmRNA,train,23s_T.thermophilus_domain6
9947,tmRNA,train,23s_B.subtilis_domain3
9948,tmRNA,train,23s_B.subtilis_domain4
9949,tmRNA,train,23s_B.subtilis_domain6
9950,tmRNA,train,23s_E.coli_domain3
9951,tmRNA,train,23s_E.coli_domain4
9952,tmRNA,train,23s_E.coli_domain6
9953,tmRNA,train,23s_H.pylori_domain3
9954,tmRNA,train,23s_H.pylori_domain4
9955,tmRNA,train,23s_H.pylori_domain6
9956,tmRNA,train,23s_S.aureus_domain3
9957,tmRNA,train,23s_S.aureus_domain4
9958,tmRNA,train,23s_S.aureus_domain6
9959,tmRNA,train,23s_T.thermophilus_domain3
9960,tmRNA,train,23s_T.thermophilus_domain4
9961,tmRNA,train,23s_T.thermophilus_domain6
9962,tmRNA,train,23s_B.subtilis_domain3
9963,tmRNA,train,23s_B.subtilis_domain4
9964,tmRNA,train,23s_B.subtilis_domain6
9965,tmRNA,train,23s_E.coli_domain3
9966,tmRNA,train,23s_E.coli_domain4
9967,tmRNA,train,23s_E.coli_domain6
9968,tmRNA,train,23s_H.pylori_domain3
9969,tmRNA,train,23s_H.pylori_domain4
9970,tmRNA,train,23s_H.pylori_domain6
9971,tmRNA,train,23s_S.aureus_domain3
9972,tmRNA,train,23s_S.aureus_domain4
9973,tmRNA,train,23s_S.aureus_domain6
9974,tmRNA,train,23s_T.thermophilus_domain3
9975,tmRNA,train,23s_T.thermophilus_domain4
9976,tmRNA,train,23s_T.thermophilus_domain6
9977,tmRNA,train,23s_B.subtilis_domain3
9978,tmRNA,train,23s_B.subtilis_domain4
9979,tmRNA,train,23s_B.subtilis_domain6
9980,tmRNA,train,23s_E.coli_domain3
9981,tmRNA,train,23s_E.coli_domain4
9982,tmRNA,train,23s_E.coli_domain6
9983,tmRNA,train,23s_H.pylori_domain3
9984,tmRNA,train,23s_H.pylori_domain4
9985,tmRNA,train,23s_H.pylori_domain6
9986,tmRNA,train,23s_S.aureus_domain3
9987,tmRNA,train,23s_S.aureus_domain4
9988,tmRNA,train,23s_S.aureus_domain6
9989,tmRNA,train,23s_T.thermophilus_domain3
9990,tmRNA,train,23s_T.thermophilus_domain4
9991,tmRNA,train,23s_T.thermophilus_domain6
9992,tmRNA,train,23s_B.subtilis_domain3
9993,tmRNA,train,23s_B.subtilis_domain4
9994,tmRNA,train,23s_B.subtilis_domain6
9995,tmRNA,train,23s_E.coli_domain3
9996,tmRNA,train,23s_E.coli_domain4
9997,tmRNA,train,23s_E.coli_domain6
9998,tmRNA,train,23s_H.pylori_domain3
9999,tmRNA,train,23s_H.pylori_domain4
10000,tmRNA,train,23s_H.pylori_domain6
10001,tmRNA,train,23s_S.aureus_domain3
10002,tmRNA,train,5s_Agrobacterium-tumefaciens-7
10003,tmRNA,train,5s_Alcaligenes-faecalis-2
10004,tmRNA,train,5s_Antheraea-pernyi-1
10005,tmRNA,train,5s_Arthrobacter-polychromogenes-1
10006,tmRNA,train,5s_Asellus-aquaticus-2
10007,tmRNA,train,5s_Aspergillus-versicolor-1
10008,tmRNA,train,5s_Bacillus-anthracis-3
10009,tmRNA,train,5s_Bacillus-cereus-1
10010,tmRNA,train,5s_Bacillus-cereus-10
10011,tmRNA,train,5s_Bacillus-licheniformis-1
10012,tmRNA,train,5s_Bacillus-methanolicus-7
10013,tmRNA,train,5s_Bacillus-methanolicus-9
10014,tmRNA,train,5s_Basidiobolus-magnus-1
10015,tmRNA,train,5s_Blastocladiella-simplex-1
10016,tmRNA,train,5s_Bullera-alba-1
10017,tmRNA,train,5s_Burkholderia-mallei-1
10018,tmRNA,train,5s_Candidatus-Tremblaya-princeps-1
10019,tmRNA,train,5s_Cerastoderma-glaucum-1
10020,tmRNA,train,5s_Coleosporium-tussilaginis-1
10021,tmRNA,train,5s_Comamonas-terrigena-1
10022,tmRNA,train,5s_Corynebacterium-variabile-1
10023,tmRNA,train,5s_Corynebacterium-xerosis-2
10024,tmRNA,train,5s_Cryptococcus-bacillisporus-1
10025,tmRNA,train,5s_Daphnia-magna-1
10026,tmRNA,train,5s_Deinococcus-radiophilus-1
10027,tmRNA,train,5s_Desulfurococcus-mobilis-1
10028,tmRNA,train,5s_Dichelobacter-nodosus-1
10029,tmRNA,train,5s_Dipsacomyces-acuminosporus-1
10030,tmRNA,train,5s_Erysipelothrix-rhusiopathiae-1
10031,tmRNA,train,5s_Esch_coli5B
10032,tmRNA,train,5s_Euplotes-vannus-1
10033,tmRNA,train,5s_Fluoribacter-bozemanae-1
10034,tmRNA,train,5s_Frankia-sp.-3
10035,tmRNA,train,5s_Fusarium-culmorum-4
10036,tmRNA,train,5s_Genistelloides-hibernus-1
10037,tmRNA,train,5s_Geobacillus-kaustophilus-7
10038,tmRNA,train,5s_Halobacterium-sp.-1
10039,tmRNA,train,5s_Hyphomicrobium-sp.-6
10040,tmRNA,train,5s_Legionella-pneumophila-1
10041,tmRNA,train,5s_Leuconostoc-mesenteroides-1
10042,tmRNA,train,5s_Linderina-macrospora-1
10043,tmRNA,train,5s_Listeria-ivanovii-1
10044,tmRNA,train,5s_Locusta-migratoria-1
10045,tmRNA,train,5s_Medicago-sativa-1
10046,tmRNA,train,5s_Meloidogyne-chitwoodi-1
10047,tmRNA,train,5s_Methanococcus-voltae-2
10048,tmRNA,train,5s_Methanothermobacter-thermautotrophicus-3
10049,tmRNA,train,5s_Microtetraspora-glauca-1
10050,tmRNA,train,5s_Mycoplasma-mobile-1
10051,tmRNA,train,5s_Mycoplasma-mycoides-1
10052,tmRNA,train,5s_Mycoplasma-mycoides-3
10053,tmRNA,train,5s_Mycoplasma-penetrans-1
10054,tmRNA,train,5s_Myxococcus-coralloides-1
10055,tmRNA,train,5s_Neurospora-crassa-10
10056,tmRNA,train,5s_Neurospora-crassa-13
10057,tmRNA,train,5s_Nitella-flexilis-1
10058,tmRNA,train,5s_Paracentrotus-lividus-1
10059,tmRNA,train,5s_Paracoccus-denitrificans-1
10060,tmRNA,train,5s_Phaffia-rhodozyma-1
10061,tmRNA,train,5s_Pichia-angusta-1
10062,tmRNA,train,5s_Pichia-jadinii-2
10063,tmRNA,train,5s_Pichia-membranifaciens-1
10064,tmRNA,train,5s_Pinus-contorta-1
10065,tmRNA,train,5s_Planobispora-longispora-1
10066,tmRNA,train,5s_Pseudomonas-fluorescens-1
10067,tmRNA,train,5s_Pseudomonas-fluorescens-3
10068,tmRNA,train,5s_Pseudomonas-fluorescens-4
10069,tmRNA,train,5s_Ralstonia-solanacearum-1
10070,tmRNA,train,5s_Rana-catesbeiana-1
10071,tmRNA,train,5s_Rana-pipiens-1
10072,tmRNA,train,5s_Renibacterium-salmoninarum-1
10073,tmRNA,train,5s_Renobacter-vaculatum-1
10074,tmRNA,train,5s_Rhizoctonia-globularis-1
10075,tmRNA,train,5s_Rickettsia-conorii-1
10076,tmRNA,train,5s_Rickettsia-moozeri-1
10077,tmRNA,train,5s_Salmonella-enterica-3
10078,tmRNA,train,5s_Salmonella-enterica-4
10079,tmRNA,train,5s_Salmonella-enterica-7
10080,tmRNA,train,5s_Saprospira-grandis-1
10081,tmRNA,train,5s_Shewanella-colwelliana-1
10082,tmRNA,train,5s_Spiroplasma-melliferum-1
10083,tmRNA,train,5s_Starkeya-novella-1
10084,tmRNA,train,5s_Stella-humosa-1
10085,tmRNA,train,5s_Streptococcus-mutans-3
10086,tmRNA,train,5s_Streptococcus-pneumoniae-2
10087,tmRNA,train,5s_Streptomyces-avermitilis-1
10088,tmRNA,train,5s_Thermoactinomyces-vulgaris-1
10089,tmRNA,train,5s_Thermoplasma-acidophilum-1
10090,tmRNA,train,5s_Thermus-aquaticus-1
10091,tmRNA,train,5s_Thermus-thermophilus-1
10092,tmRNA,train,5s_Thiovulum-sp.-1
10093,tmRNA,train,5s_Tinca-tinca-1
10094,tmRNA,train,5s_Vibrio-cholerae-3
10095,tmRNA,train,5s_Vibrio-fischeri-1
10096,tmRNA,train,5s_Vibrio-mediterranei-1
10097,tmRNA,train,5s_Vicia-faba-1
10098,tmRNA,train,5s_Vitreoscilla-beggiatoides-1
10099,tmRNA,train,5s_Wolbachia-endosymbiont-of-D.-melanogaster-1
10100,tmRNA,train,5s_Xanthomonas-campestris-1
10101,tmRNA,train,5s_Xenopus-laevis-7
10102,tmRNA,train,RNaseP_A.brierleyi
10103,tmRNA,train,RNaseP_A.erythreum
10104,tmRNA,train,RNaseP_A.ferrooxidans
10105,tmRNA,train,RNaseP_A.fulgidus
10106,tmRNA,train,RNaseP_A.obstetricans
10107,tmRNA,train,RNaseP_A.paspali
10108,tmRNA,train,RNaseP_A.telluris
10109,tmRNA,train,RNaseP_B.brevis
10110,tmRNA,train,RNaseP_BH145
10111,tmRNA,train,RNaseP_Buchnera-APS
10112,tmRNA,train,RNaseP_C.crescentus
10113,tmRNA,train,RNaseP_C.jejuni
10114,tmRNA,train,RNaseP_C.limicola
10115,tmRNA,train,RNaseP_C.psittaci-R54
10116,tmRNA,train,RNaseP_CPA49
10117,tmRNA,train,RNaseP_CPA58
10118,tmRNA,train,RNaseP_CPA63
10119,tmRNA,train,RNaseP_CPB139
10120,tmRNA,train,RNaseP_CPB147
10121,tmRNA,train,RNaseP_CPB75
10122,tmRNA,train,RNaseP_CPB80
10123,tmRNA,train,RNaseP_Calothrix-PCC7601
10124,tmRNA,train,RNaseP_D.radiodurans-g
10125,tmRNA,train,RNaseP_E.coli-JM109
10126,tmRNA,train,RNaseP_E.faecalis
10127,tmRNA,train,RNaseP_EF
10128,tmRNA,train,RNaseP_EM14b-11
10129,tmRNA,train,RNaseP_EM14b-9
10130,tmRNA,train,RNaseP_ERE
10131,tmRNA,train,RNaseP_ESH167F
10132,tmRNA,train,RNaseP_ESH210B
10133,tmRNA,train,RNaseP_ESH30-3
10134,tmRNA,train,RNaseP_ESH46a-1
10135,tmRNA,train,RNaseP_F.antarctica
10136,tmRNA,train,RNaseP_F.yabuuchiae
10137,tmRNA,train,RNaseP_G.sulfurreducens
10138,tmRNA,train,RNaseP_H.mobilis
10139,tmRNA,train,RNaseP_K.thermotolerans
10140,tmRNA,train,RNaseP_L.japonicus-IFO12422
10141,tmRNA,train,RNaseP_L.weilii
10142,tmRNA,train,RNaseP_LGB21
10143,tmRNA,train,RNaseP_LGB32
10144,tmRNA,train,RNaseP_M.genitalium
10145,tmRNA,train,RNaseP_M.thermoautotrophicumDH-g
10146,tmRNA,train,RNaseP_M.thermolithotrophicus
10147,tmRNA,train,RNaseP_M.tuberculosis-g
10148,tmRNA,train,RNaseP_Mxa1
10149,tmRNA,train,RNaseP_N.gonnorhoeae
10150,tmRNA,train,RNaseP_N.luteus
10151,tmRNA,train,RNaseP_N.simplex
10152,tmRNA,train,RNaseP_Nostoc-PCC7413
10153,tmRNA,train,RNaseP_Onchorhynchus-2
10154,tmRNA,train,RNaseP_P.aerogenes
10155,tmRNA,train,RNaseP_P.azotoformans
10156,tmRNA,train,RNaseP_P.fluorescens
10157,tmRNA,train,RNaseP_P.hollandica
10158,tmRNA,train,RNaseP_P.innocua
10159,tmRNA,train,RNaseP_P.maris
10160,tmRNA,train,RNaseP_P.shigelloides
10161,tmRNA,train,RNaseP_P.staleyi
10162,tmRNA,train,RNaseP_P.strasburgensis
10163,tmRNA,train,RNaseP_P.vulgaris
10164,tmRNA,train,RNaseP_P126
10165,tmRNA,train,RNaseP_PS27
10166,tmRNA,train,RNaseP_PS4
10167,tmRNA,train,RNaseP_PS6
10168,tmRNA,train,RNaseP_Prochlorococcus-TATL2-2
10169,tmRNA,train,RNaseP_Pseudoanabaena-PCC6903
10170,tmRNA,train,RNaseP_R.americana-mito
10171,tmRNA,train,RNaseP_S.caesia-K76T
10172,tmRNA,train,RNaseP_S.caesia-SB01
10173,tmRNA,train,RNaseP_S.caesia-SB22
10174,tmRNA,train,RNaseP_S.japonicus
10175,tmRNA,train,RNaseP_S.polymorpha
10176,tmRNA,train,RNaseP_S.putrefaciens
10177,tmRNA,train,RNaseP_SM-A02
10178,tmRNA,train,RNaseP_SM-A04
10179,tmRNA,train,RNaseP_SM-A05
10180,tmRNA,train,RNaseP_SM-A0911
10181,tmRNA,train,RNaseP_SM-A1113
10182,tmRNA,train,RNaseP_SM-A1519
10183,tmRNA,train,RNaseP_SM-A1621
10184,tmRNA,train,RNaseP_SM-A2135
10185,tmRNA,train,RNaseP_SM-A3355
10186,tmRNA,train,RNaseP_SM-A3862
10187,tmRNA,train,RNaseP_SM-A6296
10188,tmRNA,train,RNaseP_SM2
10189,tmRNA,train,RNaseP_SMB-A3
10190,tmRNA,train,RNaseP_SMB-B4
10191,tmRNA,train,RNaseP_Saccharomonospora-K180
10192,tmRNA,train,RNaseP_Synechococcus-PCC7003
10193,tmRNA,train,RNaseP_Synechocystis-PCC6803
10194,tmRNA,train,RNaseP_T.commune
10195,tmRNA,train,RNaseP_T.delbrueckii
10196,tmRNA,train,RNaseP_T.pallidum
10197,tmRNA,train,RNaseP_U.urealyticum
10198,tmRNA,train,RNaseP_UK5
10199,tmRNA,train,RNaseP_WB3
10200,tmRNA,train,RNaseP_X.fastidiosa
10201,tmRNA,train,RNaseP_Y.pestis
10202,tmRNA,train,grp1_a.I1.b.Dermocarpa.sp.ATCC29371.C3.tMET
10203,tmRNA,train,grp1_a.I1.b.Phormidium.sp.N182.C3.tLEU
10204,tmRNA,train,grp1_a.I1.b.S.hofmanii.C3.tMET
10205,tmRNA,train,grp1_a.I1.b.Synechococcus.sp2.C3.tLEU
10206,tmRNA,train,grp1_a.I1.c.A.cherimola.C3.tLEU
10207,tmRNA,train,grp1_a.I1.c.G.prostrata.C3.tLEU
10208,tmRNA,train,grp1_a.I1.c.S.bicolor.C3.tLEU
10209,tmRNA,train,grp1_a.I1.e.A.adeninivorans.C1.LSU.2449
10210,tmRNA,train,grp1_a.I1.e.A.capsulatus.CBS213.53.C1.SSU.943
10211,tmRNA,train,grp1_a.I1.e.A.capsulatus.FLs1.C1.SSU
10212,tmRNA,train,grp1_a.I1.e.A.capsulatus.G184B.C1.SSU
10213,tmRNA,train,grp1_a.I1.e.A.capsulatus.G186B.C1.SSU
10214,tmRNA,train,grp1_a.I1.e.A.stipitatus.C1.SSU.1046
10215,tmRNA,train,grp1_a.I1.e.B.ciliata.JCM6865.C1.SSU.1506
10216,tmRNA,train,grp1_a.I1.e.B.ciliata.JCM6865.C1.SSU.943
10217,tmRNA,train,grp1_a.I1.e.B.yamatoana.JCM2896.C1.SSU.1506
10218,tmRNA,train,grp1_a.I1.e.B.yamatoana.JCM2896.C1.SSU.943
10219,tmRNA,train,grp1_a.I1.e.C.ellipsoidea.211-1a.C1.SSU.1506
10220,tmRNA,train,grp1_a.I1.e.C.ellipsoidea.IAMC-87.C1.SSU.1506
10221,tmRNA,train,grp1_a.I1.e.C.grayi.UNK.SSU.1046
10222,tmRNA,train,grp1_a.I1.e.C.grayi.UNK.SSU.1516
10223,tmRNA,train,grp1_a.I1.e.C.merochlorophea.UNK.SSU.1046
10224,tmRNA,train,grp1_a.I1.e.C.merochlorophea.UNK.SSU.1210
10225,tmRNA,train,grp1_a.I1.e.C.merochlorophea.UNK.SSU.1389
10226,tmRNA,train,grp1_a.I1.e.C.merochlorophea.UNK.SSU.1516
10227,tmRNA,train,grp1_a.I1.e.C.saccatum.C1.SSU.1512
10228,tmRNA,train,grp1_a.I1.e.C.saxonicum.C1.SSU.1506
10229,tmRNA,train,grp1_a.I1.e.D.parva.C1.SSU.1512
10230,tmRNA,train,grp1_a.I1.e.D.parva.C1.SSU.943
10231,tmRNA,train,grp1_a.I1.e.D.salina.C1.SSU.943
10232,tmRNA,train,grp1_a.I1.e.E.dermatitidis.C1.SSU.943
10233,tmRNA,train,grp1_a.I1.e.G.planctonica.C1.SSU.943
10234,tmRNA,train,grp1_a.I1.e.G.spirotaenia.C1.SSU.1506
10235,tmRNA,train,grp1_a.I1.e.L.dispersa.UNK.SSU.1046
10236,tmRNA,train,grp1_a.I1.e.L.dispersa.UNK.SSU.114
10237,tmRNA,train,grp1_a.I1.e.L.dispersa.UNK.SSU.1210
10238,tmRNA,train,grp1_a.I1.e.L.dispersa.UNK.SSU.1516
10239,tmRNA,train,grp1_a.I1.e.L.dispersa.UNK.SSU.287
10240,tmRNA,train,grp1_a.I1.e.L.dispersa.UNK.SSU.516
10241,tmRNA,train,grp1_a.I1.e.L.dispersa.UNK.SSU.789
10242,tmRNA,train,grp1_a.I1.e.M.caldariorum.C1.SSU.1506
10243,tmRNA,train,grp1_a.I1.e.P.carinii.C1.SSU.1506
10244,tmRNA,train,grp1_a.I1.e.P.carinii.Pc1.C1.LSU.1921
10245,tmRNA,train,grp1_a.I1.e.P.carinii.Pc2.C1.LSU.1921
10246,tmRNA,train,grp1_a.I1.e.P.carinii.Pc3.C1.LSU.1921
10247,tmRNA,train,grp1_a.I1.e.P.clavariiformis.C1.SSU.943
10248,tmRNA,train,grp1_a.I1.e.P.inouyei.C1.SSU.1506
10249,tmRNA,train,grp1_a.I1.e.P.inouyei.C1.SSU.943
10250,tmRNA,train,grp1_a.I1.e.P.macrosporus.C1.SSU.1506
10251,tmRNA,train,grp1_a.I1.e.P.macrosporus.C1.SSU.943
10252,tmRNA,train,grp1_a.I1.e.P.pachydermus.C1.SSU.943
10253,tmRNA,train,grp1_a.I1.e.P.sarcinoidea.C1.SSU.943
10254,tmRNA,train,grp1_a.I1.e.S.granulatum.C1.SSU.1506
10255,tmRNA,train,grp1_a.I1.e.S.paniceum.UNK.SSU.1052
10256,tmRNA,train,grp1_a.I1.e.S.paniceum.UNK.SSU.114
10257,tmRNA,train,grp1_a.I1.e.S.paniceum.UNK.SSU.1210
10258,tmRNA,train,grp1_a.I1.e.S.paniceum.UNK.SSU.1506
10259,tmRNA,train,grp1_a.I1.e.S.paniceum.UNK.SSU.287
10260,tmRNA,train,grp1_a.I1.e.S.sclerotiorum_1837.C1.LSU.798
10261,tmRNA,train,grp1_a.I1.e.Staurastrum.sp.M752.C1.SSU.1506
10262,tmRNA,train,grp1_a.I1.e.Staurastrum.sp.M753.C1.SSU.1506
10263,tmRNA,train,grp1_a.I1.e.T.cosmopolitanis.C1.LSU.1925
10264,tmRNA,train,grp1_a.I1.e.T.hyperangularis.C1.LSU.1925
10265,tmRNA,train,grp1_a.I1.e.T.malaccensis.C1.LSU.1925
10266,tmRNA,train,grp1_a.I1.e.T.pigmentosa.C1.LSU.1925
10267,tmRNA,train,grp1_a.I1.e.U.maydis.C1.SSU.943
10268,tmRNA,train,grp1_a.I1.m.M.grisea.B2.ND1
10269,tmRNA,train,grp1_a.I1.m.S.luteus.A1.LSU.2504
10270,tmRNA,train,grp1_a.I1.m.S.pombe.B1.OX1
10271,tmRNA,train,grp1_b.I1.e.C.saccharophila.C1.SSU.156
10272,tmRNA,train,grp1_b.I1.e.M.anisopliae.2.C1.LSU.1921
10273,tmRNA,train,grp1_b.I1.e.M.anisopliae.3.C1.LSU.1921
10274,tmRNA,train,grp1_b.I1.e.T.thermophila.C1.LSU.1925
10275,tmRNA,train,grp1_s.I1.e.T.thermophila.C1.LSU.1925.schem
10276,tmRNA,train,grp1_a.I1.b.Dermocarpa.sp.ATCC29371.C3.tMET
10277,tmRNA,train,grp1_a.I1.b.Phormidium.sp.N182.C3.tLEU
10278,tmRNA,train,grp1_a.I1.b.S.hofmanii.C3.tMET
10279,tmRNA,train,grp1_a.I1.b.Synechococcus.sp2.C3.tLEU
10280,tmRNA,train,grp1_a.I1.c.A.cherimola.C3.tLEU
10281,tmRNA,train,grp1_a.I1.c.G.prostrata.C3.tLEU
10282,tmRNA,train,grp1_a.I1.c.S.bicolor.C3.tLEU
10283,tmRNA,train,grp1_a.I1.e.A.adeninivorans.C1.LSU.2449
10284,tmRNA,train,grp1_a.I1.e.A.capsulatus.CBS213.53.C1.SSU.943
10285,tmRNA,train,grp1_a.I1.e.A.capsulatus.FLs1.C1.SSU
10286,tmRNA,train,grp1_a.I1.e.A.capsulatus.G184B.C1.SSU
10287,tmRNA,train,grp1_a.I1.e.A.capsulatus.G186B.C1.SSU
10288,tmRNA,train,grp1_a.I1.e.A.stipitatus.C1.SSU.1046
10289,tmRNA,train,grp1_a.I1.e.B.ciliata.JCM6865.C1.SSU.1506
10290,tmRNA,train,grp1_a.I1.e.B.ciliata.JCM6865.C1.SSU.943
10291,tmRNA,train,grp1_a.I1.e.B.yamatoana.JCM2896.C1.SSU.1506
10292,tmRNA,train,grp1_a.I1.e.B.yamatoana.JCM2896.C1.SSU.943
10293,tmRNA,train,grp1_a.I1.e.C.ellipsoidea.211-1a.C1.SSU.1506
10294,tmRNA,train,grp1_a.I1.e.C.ellipsoidea.IAMC-87.C1.SSU.1506
10295,tmRNA,train,grp1_a.I1.e.C.grayi.UNK.SSU.1046
10296,tmRNA,train,grp1_a.I1.e.C.grayi.UNK.SSU.1516
10297,tmRNA,train,grp1_a.I1.e.C.merochlorophea.UNK.SSU.1046
10298,tmRNA,train,grp1_a.I1.e.C.merochlorophea.UNK.SSU.1210
10299,tmRNA,train,grp1_a.I1.e.C.merochlorophea.UNK.SSU.1389
10300,tmRNA,train,grp1_a.I1.e.C.merochlorophea.UNK.SSU.1516
10301,tmRNA,train,grp1_a.I1.e.C.saccatum.C1.SSU.1512
10302,tmRNA,train,srp_Aede.aegy._DW714804
10303,tmRNA,train,srp_Ajel.caps._CV620298
10304,tmRNA,train,srp_Arab.thal._AC005275
10305,tmRNA,train,srp_Baci.mega._D11414
10306,tmRNA,train,srp_Baci.poly._D11421
10307,tmRNA,train,srp_Baci.subt._D11417
10308,tmRNA,train,srp_Baci.thur._CP000485
10309,tmRNA,train,srp_Baci.thur._D11412
10310,tmRNA,train,srp_Bord.pert._BX640415
10311,tmRNA,train,srp_Brug.mala._GSP-6279
10312,tmRNA,train,srp_Buch.aphi._AE016826
10313,tmRNA,train,srp_Burk.pseu._CP000570
10314,tmRNA,train,srp_Burk.pseu._CP000572
10315,tmRNA,train,srp_Cani.spec._SDB-9616
10316,tmRNA,train,srp_Carb.hydr._CP000141
10317,tmRNA,train,srp_Chla.trac._AE001298
10318,tmRNA,train,srp_Cion.inte._BW088710
10319,tmRNA,train,srp_Clav.lusi._GSP-306902
10320,tmRNA,train,srp_Clos.botu._AM412317
10321,tmRNA,train,srp_Clos.kluy._CP000673
10322,tmRNA,train,srp_Cory.jeik._CR931997
10323,tmRNA,train,srp_Cyan.mero._AB002583
10324,tmRNA,train,srp_Dani.reri._EH513970
10325,tmRNA,train,srp_Dech.arom._CP000089
10326,tmRNA,train,srp_Desu.vulg._AE017285
10327,tmRNA,train,srp_Desu.vulg._CP000527
10328,tmRNA,train,srp_Dros.mela._AE001572
10329,tmRNA,train,srp_Dros.mela._AE014297
10330,tmRNA,train,srp_Dros.mela._X01056
10331,tmRNA,train,srp_Enta.mosh._GSP-41668
10332,tmRNA,train,srp_Ento.sulc._AF095839
10333,tmRNA,train,srp_Esch.coli._CP000247
10334,tmRNA,train,srp_Esch.coli._X01074
10335,tmRNA,train,srp_Fran.alni._CT573213
10336,tmRNA,train,srp_Fran.tula._AJ749949
10337,tmRNA,train,srp_Fran.tula._AM286280
10338,tmRNA,train,srp_Geob.kaus._BA000043
10339,tmRNA,train,srp_Halo.halo._CP000544
10340,tmRNA,train,srp_Heli.annu._AJ828095
10341,tmRNA,train,srp_Heli.hepa._AE017125
10342,tmRNA,train,srp_Kluy.walt._AADM01000319
10343,tmRNA,train,srp_Lact.acid._CP000033
10344,tmRNA,train,srp_Lact.john._AX926712
10345,tmRNA,train,srp_Legi.pneu._M31830
10346,tmRNA,train,srp_Leis.dono._AY781793
10347,tmRNA,train,srp_Leis.majo._AY722715
10348,tmRNA,train,srp_Lodd.elon._GSP-379508
10349,tmRNA,train,srp_Lott.giga._GSP-225164
10350,tmRNA,train,srp_Lyco.escu._Z29104
10351,tmRNA,train,srp_Medi.trun._BE941271
10352,tmRNA,train,srp_Medi.trun._CT485797
10353,tmRNA,train,srp_Meth.burt._CP000300
10354,tmRNA,train,srp_Meth.caps._AE017282
10355,tmRNA,train,srp_Meth.ferv._S49762
10356,tmRNA,train,srp_Meth.maze._AE008384
10357,tmRNA,train,srp_Mus.musc._AC126244
10358,tmRNA,train,srp_Myco.gall._AE015450
10359,tmRNA,train,srp_Myco.pneu._AE000044
10360,tmRNA,train,srp_Nect.haem._GSP-71109
10361,tmRNA,train,srp_Nost.spec._BA000019
10362,tmRNA,train,srp_Onch.volv._AI249203
10363,tmRNA,train,srp_Para.bras._CN241909
10364,tmRNA,train,srp_Pers.amer._X65992
10365,tmRNA,train,srp_Pich.stip._CP000502
10366,tmRNA,train,srp_Plas.chab._GSP-31271
10367,tmRNA,train,srp_Plas.falc._EF690554
10368,tmRNA,train,srp_Plas.yoel._GSP-352914
10369,tmRNA,train,srp_Porp.purp._U38804
10370,tmRNA,train,srp_Pris.paci._GSP-54126
10371,tmRNA,train,srp_Proc.mari._CP000552
10372,tmRNA,train,srp_Proc.mari._CP000576
10373,tmRNA,train,srp_Pseu.aeru._AE004091
10374,tmRNA,train,srp_Pseu.halo._CR954246
10375,tmRNA,train,srp_Pseu.syri._CP000075
10376,tmRNA,train,srp_Psyc.sp.._CP000713
10377,tmRNA,train,srp_Pyro.furi._AE010126
10378,tmRNA,train,srp_Rals.meta._CP000352
10379,tmRNA,train,srp_Ratt.norv._AA923995
10380,tmRNA,train,srp_Salm.ente._CP000026
10381,tmRNA,train,srp_Schi.pomb._X15220
10382,tmRNA,train,srp_Schm.medi._GSP-79327
10383,tmRNA,train,srp_Shew.spec._CP000444
10384,tmRNA,train,srp_Shew.spec._CP000469
10385,tmRNA,train,srp_Spra.loph._GSP-51541
10386,tmRNA,train,srp_Stap.aure._BX571856
10387,tmRNA,train,srp_Stap.aure._BX571857
10388,tmRNA,train,srp_Stap.haem._AP006716
10389,tmRNA,train,srp_Stap.sapr._AP008934
10390,tmRNA,train,srp_Stre.dysg._AJ489606
10391,tmRNA,train,srp_Stre.pneu._AE008386
10392,tmRNA,train,srp_Ther.mari._AE000512
10393,tmRNA,train,srp_Tric.eryt._CP000393
10394,tmRNA,train,srp_Trit.aest._BE424647
10395,tmRNA,train,srp_Trit.aest._X13915
10396,tmRNA,train,srp_Volv.cart._GSP-51971-1
10397,tmRNA,train,srp_Volv.cart._GSP-51971-2
10398,tmRNA,train,srp_Wolb.endo._AE017321
10399,tmRNA,train,srp_Xyle.fast._AE009442
10400,tmRNA,train,srp_Yers.pest._AL590842
10401,tmRNA,train,srp_Zea.mays._AY108846
10402,tmRNA,train,tRNA_tdbR00000003-Haloferax_volcanii-2246-Ala-GGC
10403,tmRNA,train,tRNA_tdbR00000004-Haloferax_volcanii-2246-Ala-UGC
10404,tmRNA,train,tRNA_tdbR00000007-Bacillus_subtilis-1423-Ala-5GC
10405,tmRNA,train,tRNA_tdbR00000010-Escherichia_coli-562-Ala-VGC
10406,tmRNA,train,tRNA_tdbR00000022-Enterobacteria_phage_T5-10726-Asp-GUC
10407,tmRNA,train,tRNA_tdbR00000030-Aedes_albopictus-7160-Asp-GUC
10408,tmRNA,train,tRNA_tdbR00000032-Rattus_norvegicus-10116-Asp-GUC
10409,tmRNA,train,tRNA_tdbR00000035-Saccharomyces_cerevisiae-4932-Asp-GUC
10410,tmRNA,train,tRNA_tdbR00000036-Euglena_gracilis-3039-Asp-GUC
10411,tmRNA,train,tRNA_tdbR00000041-Xenopus_laevis-8355-Asp-8UC
10412,tmRNA,train,tRNA_tdbR00000044-Mycoplasma_capricolum-2095-Glu-UC
10413,tmRNA,train,tRNA_tdbR00000049-Chlamydomonas_reinhardtii-3055-Glu-NUC
10414,tmRNA,train,tRNA_tdbR00000053-Bos_taurus-9913-Glu-NUC
10415,tmRNA,train,tRNA_tdbR00000058-Lupinus_luteus-3873-Glu-CUC
10416,tmRNA,train,tRNA_tdbR00000059-Rattus_norvegicus-10116-Glu-3UC
10417,tmRNA,train,tRNA_tdbR00000060-Drosophila_melanogaster-7227-Glu-2UC
10418,tmRNA,train,tRNA_tdbR00000064-Mycoplasma_capricolum-2095-Phe-GAA
10419,tmRNA,train,tRNA_tdbR00000065-Bacillus_subtilis-1423-Phe-AA
10420,tmRNA,train,tRNA_tdbR00000072-Phaseolus_vulgaris-3885-Phe-GAA
10421,tmRNA,train,tRNA_tdbR00000073-Spinacia_oleracea-3562-Phe-GAA
10422,tmRNA,train,tRNA_tdbR00000078-Ascaris_suum-6253-Phe-GAA
10423,tmRNA,train,tRNA_tdbR00000080-Bos_taurus-9913-Phe-GAA
10424,tmRNA,train,tRNA_tdbR00000083-Saccharomyces_cerevisiae-4932-Phe-AA
10425,tmRNA,train,tRNA_tdbR00000084-Saccharomyces_cerevisiae-4932-Phe-AA
10426,tmRNA,train,tRNA_tdbR00000089-Brassica_napus-3708-Phe-AA
10427,tmRNA,train,tRNA_tdbR00000099-Mus_musculus-10090-Phe-AA
10428,tmRNA,train,tRNA_tdbR00000101-Mus_musculus-10090-Phe-AA
10429,tmRNA,train,tRNA_tdbR00000103-Homo_sapiens-9606-Phe-AA
10430,tmRNA,train,tRNA_tdbR00000104-Enterobacteria_phage_T4-10665-Gly-NCC
10431,tmRNA,train,tRNA_tdbR00000105-Halobacterium_salinarum-2242-Gly-GCC
10432,tmRNA,train,tRNA_tdbR00000117-Escherichia_coli-562-Gly-CCC
10433,tmRNA,train,tRNA_tdbR00000121-Salmonella_typhimurium-602-Gly-NCC
10434,tmRNA,train,tRNA_tdbR00000123-Saccharomyces_cerevisiae-4932-Gly-NCC
10435,tmRNA,train,tRNA_tdbR00000132-Lupinus_luteus-3873-Gly-GCC
10436,tmRNA,train,tRNA_tdbR00000144-Saccharomyces_cerevisiae-4932-His-GUG
10437,tmRNA,train,tRNA_tdbR00000145-Saccharomyces_cerevisiae-4932-His-GUG
10438,tmRNA,train,tRNA_tdbR00000152-Haloferax_volcanii-2246-Ile-NAU
10439,tmRNA,train,tRNA_tdbR00000158-Escherichia_coli-562-Ile-GAU
10440,tmRNA,train,tRNA_tdbR00000159-Escherichia_coli-562-Ile-GAU
10441,tmRNA,train,tRNA_tdbR00000181-Escherichia_coli-562-Lys-SUU
10442,tmRNA,train,tRNA_tdbR00000189-Rattus_norvegicus-10116-Lys-NUU
10443,tmRNA,train,tRNA_tdbR00000200-Oryctolagus_cuniculus-9986-Lys-3UU
10444,tmRNA,train,tRNA_tdbR00000205-Loligo_bleekeri-6617-Lys-NUU
10445,tmRNA,train,tRNA_tdbR00000215-Haloferax_volcanii-2246-Leu-5AG
10446,tmRNA,train,tRNA_tdbR00000226-Synechococcus_elongatus_PCC_6301-269084-Leu-CAG
10447,tmRNA,train,tRNA_tdbR00000233-Phaseolus_vulgaris-3885-Leu-UA7
10448,tmRNA,train,tRNA_tdbR00000249-Saccharomyces_cerevisiae-4932-Leu-CAA
10449,tmRNA,train,tRNA_tdbR00000250-Saccharomyces_cerevisiae-4932-Leu-UAG
10450,tmRNA,train,tRNA_tdbR00000251-Saccharomyces_cerevisiae-4932-Leu-UAA
10451,tmRNA,train,tRNA_tdbR00000271-Haloferax_volcanii-2246-Met-BAU
10452,tmRNA,train,tRNA_tdbR00000275-Thermus_thermophilus-274-Met-CAU
10453,tmRNA,train,tRNA_tdbR00000277-Codium_fragile-3133-Met-CAU
10454,tmRNA,train,tRNA_tdbR00000284-Saccharomyces_cerevisiae-4932-Met-CAU
10455,tmRNA,train,tRNA_tdbR00000294-Mycoplasma_capricolum-2095-Asn-GUU
10456,tmRNA,train,tRNA_tdbR00000295-Escherichia_coli-562-Asn-QUU
10457,tmRNA,train,tRNA_tdbR00000296-Azospirillum_lipoferum-193-Asn-QUU
10458,tmRNA,train,tRNA_tdbR00000298-Asterias_amurensis-7602-Asn-GUU
10459,tmRNA,train,tRNA_tdbR00000301-Lupinus_luteus-3873-Asn-UU
10460,tmRNA,train,tRNA_tdbR00000314-Mycoplasma_capricolum-2095-Pro-UGG
10461,tmRNA,train,tRNA_tdbR00000316-Bacillus_subtilis-1423-Pro-5GG
10462,tmRNA,train,tRNA_tdbR00000320-Spinacia_oleracea-3562-Pro-NGG
10463,tmRNA,train,tRNA_tdbR00000335-Nicotiana_rustica-4093-Gln-NUG
10464,tmRNA,train,tRNA_tdbR00000336-Aedes_albopictus-7160-Gln-NUG
10465,tmRNA,train,tRNA_tdbR00000341-Rattus_norvegicus-10116-Gln-CUG
10466,tmRNA,train,tRNA_tdbR00000355-Escherichia_coli-562-Arg-ICG
10467,tmRNA,train,tRNA_tdbR00000356-Escherichia_coli-562-Arg-ICG
10468,tmRNA,train,tRNA_tdbR00000362-Saccharomyces_cerevisiae-4932-Arg-NCU
10469,tmRNA,train,tRNA_tdbR00000376-Bos_taurus-9913-Arg-3CP
10470,tmRNA,train,tRNA_tdbR00000384-Mycoplasma_capricolum-2095-Ser-GCU
10471,tmRNA,train,tRNA_tdbR00000387-Bacillus_subtilis-1423-Ser-5GA
10472,tmRNA,train,tRNA_tdbR00000390-Escherichia_coli-562-Ser-CGA
10473,tmRNA,train,tRNA_tdbR00000396-Saccharomyces_cerevisiae-4932-Ser-UGA
10474,tmRNA,train,tRNA_tdbR00000399-Aedes_albopictus-7160-Ser-GCU
10475,tmRNA,train,tRNA_tdbR00000400-Loligo_bleekeri-6617-Ser-7CU
10476,tmRNA,train,tRNA_tdbR00000406-Saccharomyces_cerevisiae-4932-Ser-NGA
10477,tmRNA,train,tRNA_tdbR00000407-Saccharomyces_cerevisiae-4932-Ser-IGA
10478,tmRNA,train,tRNA_tdbR00000422-Rattus_norvegicus-10116-Ser-GCU
10479,tmRNA,train,tRNA_tdbR00000427-Gallus_gallus-9031-Ser-UGA
10480,tmRNA,train,tRNA_tdbR00000430-Halobacterium_salinarum-2242-Thr-GGU
10481,tmRNA,train,tRNA_tdbR00000435-Mycoplasma_mycoides-2102-Thr-UGU
10482,tmRNA,train,tRNA_tdbR00000460-Aedes_albopictus-7160-Val-UAC
10483,tmRNA,train,tRNA_tdbR00000463-Bos_taurus-9913-Val-UAC
10484,tmRNA,train,tRNA_tdbR00000480-Mycoplasma_capricolum-2095-Trp-CA
10485,tmRNA,train,tRNA_tdbR00000485-Nicotiana_tabacum-4097-Trp-BCA
10486,tmRNA,train,tRNA_tdbR00000486-Phaseolus_vulgaris-3885-Trp-BCA
10487,tmRNA,train,tRNA_tdbR00000507-Bacillus_subtilis-1423-Ini-CAU
10488,tmRNA,train,tRNA_tdbR00000510-Escherichia_coli-562-Ini-CAU
10489,tmRNA,train,tRNA_tdbR00000516-Spinacia_oleracea-3562-Ini-CAU
10490,tmRNA,train,tRNA_tdbR00000522-Bos_taurus-9913-Ini-AU
10491,tmRNA,train,tRNA_tdbR00000529-Triticum_aestivum-4565-Ini-CAU
10492,tmRNA,train,tRNA_tdbR00000534-Euphausia_superba-6819-Ini-CAU
10493,tmRNA,train,tRNA_tdbR00000536-Salmo_salar-8030-Ini-CAU
10494,tmRNA,train,tRNA_tdbR00000553-Asterias_amurensis-7602-Tyr-GUA
10495,tmRNA,train,tRNA_tdbR00000556-Schizosaccharomyces_pombe-4896-Tyr-GPA
10496,tmRNA,train,tRNA_tdbR00000559-Triticum_aestivum-4565-Tyr-GPA
10497,tmRNA,train,tRNA_tdbR00000563-Lupinus_albus-3870-Tyr-GPA
10498,tmRNA,train,tRNA_tdbR00000576-Leishmania_tarentolae-5689-Asp-GUC
10499,tmRNA,train,tRNA_tdbR00000594-Ascaris_suum-6253-Leu-AA
10500,tmRNA,train,tRNA_tdbR00000610-Caulobacter_crescentus_CB15-190650-His-GUG
10501,tmRNA,train,tRNA_tdbR00000619-Toxoplasma_gondii-5811-Met-CAU
10502,tmRNA,train,telomerase_AC121792.109554-109950
10503,tmRNA,train,telomerase_AF147806.247-692
10504,tmRNA,train,telomerase_AF221906.96-545
10505,tmRNA,train,telomerase_AF221908.136-584
10506,tmRNA,train,telomerase_AF221909.98-496
10507,tmRNA,train,telomerase_AF221910.112-554
10508,tmRNA,train,telomerase_AF221911.104-513
10509,tmRNA,train,telomerase_AF221912.98-564
10510,tmRNA,train,telomerase_AF221913.109-520
10511,tmRNA,train,telomerase_AF221914.112-589
10512,tmRNA,train,telomerase_AF221916.94-481
10513,tmRNA,train,telomerase_AF221917.99-542
10514,tmRNA,train,telomerase_AF221918.97-547
10515,tmRNA,train,telomerase_AF221919.107-614
10516,tmRNA,train,telomerase_AF221920.99-541
10517,tmRNA,train,telomerase_AF221921.98-548
10518,tmRNA,train,telomerase_AF221923.106-554
10519,tmRNA,train,telomerase_AF221924.105-538
10520,tmRNA,train,telomerase_AF221925.98-540
10521,tmRNA,train,telomerase_AF221926.103-507
10522,tmRNA,train,telomerase_AF221927.113-556
10523,tmRNA,train,telomerase_AF221928.95-476
10524,tmRNA,train,telomerase_AF221929.92-517
10525,tmRNA,train,telomerase_AF221930.94-546
10526,tmRNA,train,telomerase_AF221931.99-541
10527,tmRNA,train,telomerase_AF221932.102-549
10528,tmRNA,train,telomerase_AF221934.121-565
10529,tmRNA,train,telomerase_AF221935.112-602
10530,tmRNA,train,telomerase_AF221936.98-540
10531,tmRNA,train,telomerase_AF221937.99-545
10532,tmRNA,train,telomerase_AF221939.99-544
10533,tmRNA,train,telomerase_AF221940.103-499
10534,tmRNA,train,telomerase_AY058901.1-397
10535,tmRNA,train,telomerase_AY312571.605-1069
10536,tmRNA,train,telomerase_U85256.1-451
10537,tmRNA,train,telomerase_AC121792.109554-109950
10538,tmRNA,train,telomerase_AF147806.247-692
10539,tmRNA,train,telomerase_AF221906.96-545
10540,tmRNA,train,telomerase_AF221908.136-584
10541,tmRNA,train,telomerase_AF221909.98-496
10542,tmRNA,train,telomerase_AF221910.112-554
10543,tmRNA,train,telomerase_AF221911.104-513
10544,tmRNA,train,telomerase_AF221912.98-564
10545,tmRNA,train,telomerase_AF221913.109-520
10546,tmRNA,train,telomerase_AF221914.112-589
10547,tmRNA,train,telomerase_AF221916.94-481
10548,tmRNA,train,telomerase_AF221917.99-542
10549,tmRNA,train,telomerase_AF221918.97-547
10550,tmRNA,train,telomerase_AF221919.107-614
10551,tmRNA,train,telomerase_AF221920.99-541
10552,tmRNA,train,telomerase_AF221921.98-548
10553,tmRNA,train,telomerase_AF221923.106-554
10554,tmRNA,train,telomerase_AF221924.105-538
10555,tmRNA,train,telomerase_AF221925.98-540
10556,tmRNA,train,telomerase_AF221926.103-507
10557,tmRNA,train,telomerase_AF221927.113-556
10558,tmRNA,train,telomerase_AF221928.95-476
10559,tmRNA,train,telomerase_AF221929.92-517
10560,tmRNA,train,telomerase_AF221930.94-546
10561,tmRNA,train,telomerase_AF221931.99-541
10562,tmRNA,train,telomerase_AF221932.102-549
10563,tmRNA,train,telomerase_AF221934.121-565
10564,tmRNA,train,telomerase_AF221935.112-602
10565,tmRNA,train,telomerase_AF221936.98-540
10566,tmRNA,train,telomerase_AF221937.99-545
10567,tmRNA,train,telomerase_AF221939.99-544
10568,tmRNA,train,telomerase_AF221940.103-499
10569,tmRNA,train,telomerase_AY058901.1-397
10570,tmRNA,train,telomerase_AY312571.605-1069
10571,tmRNA,train,telomerase_U85256.1-451
10572,tmRNA,train,telomerase_AC121792.109554-109950
10573,tmRNA,train,telomerase_AF147806.247-692
10574,tmRNA,train,telomerase_AF221906.96-545
10575,tmRNA,train,telomerase_AF221908.136-584
10576,tmRNA,train,telomerase_AF221909.98-496
10577,tmRNA,train,telomerase_AF221910.112-554
10578,tmRNA,train,telomerase_AF221911.104-513
10579,tmRNA,train,telomerase_AF221912.98-564
10580,tmRNA,train,telomerase_AF221913.109-520
10581,tmRNA,train,telomerase_AF221914.112-589
10582,tmRNA,train,telomerase_AF221916.94-481
10583,tmRNA,train,telomerase_AF221917.99-542
10584,tmRNA,train,telomerase_AF221918.97-547
10585,tmRNA,train,telomerase_AF221919.107-614
10586,tmRNA,train,telomerase_AF221920.99-541
10587,tmRNA,train,telomerase_AF221921.98-548
10588,tmRNA,train,telomerase_AF221923.106-554
10589,tmRNA,train,telomerase_AF221924.105-538
10590,tmRNA,train,telomerase_AF221925.98-540
10591,tmRNA,train,telomerase_AF221926.103-507
10592,tmRNA,train,telomerase_AF221927.113-556
10593,tmRNA,train,telomerase_AF221928.95-476
10594,tmRNA,train,telomerase_AF221929.92-517
10595,tmRNA,train,telomerase_AF221930.94-546
10596,tmRNA,train,telomerase_AF221931.99-541
10597,tmRNA,train,telomerase_AF221932.102-549
10598,tmRNA,train,telomerase_AF221934.121-565
10599,tmRNA,train,telomerase_AF221935.112-602
10600,tmRNA,train,telomerase_AF221936.98-540
10601,tmRNA,train,telomerase_AF221937.99-545
10602,tmRNA,test,tmRNA_Acid.caps._TRW-240015_1-352
10603,tmRNA,test,tmRNA_Acid.ferr._TRW-133824_1-364
10604,tmRNA,test,tmRNA_Acid.ferr._TRW-243159_1-364
10605,tmRNA,test,tmRNA_Acid.ferr._TRW-920_1-341
10606,tmRNA,test,tmRNA_Acin.spec._CR543861_1-360
10607,tmRNA,test,tmRNA_Acti.acti._TRW-272556_1-366
10608,tmRNA,test,tmRNA_Acti.naes._TRW-240017_1-371
10609,tmRNA,test,tmRNA_Acti.pleu._TRW-228399_1-366
10610,tmRNA,test,tmRNA_Acti.pleu._TRW-44294_1-366
10611,tmRNA,test,tmRNA_Acti.succ._TRW-339671_1-367
10612,tmRNA,test,tmRNA_Aero.hydr._AY442269_1-360
10613,tmRNA,test,tmRNA_Aero.hydr._CP000462_1-360
10614,tmRNA,test,tmRNA_Alka.meta._TRW-293826_1-355
10615,tmRNA,test,tmRNA_Anab.vari._CP000117_1-390
10616,tmRNA,test,tmRNA_Aqui.aeol._AE000749_1-344
10617,tmRNA,test,tmRNA_Aqui.aeol._TRW-63363_1-347
10618,tmRNA,test,tmRNA_Arth.spec._CP000454_1-369
10619,tmRNA,test,tmRNA_Aste.yell._CP000061_1-426
10620,tmRNA,test,tmRNA_Aste.yell._TRW-322098_1-426
10621,tmRNA,test,tmRNA_Azoa.spec._TRW-62928_1-378
10622,tmRNA,test,tmRNA_Azot.vine._TRW-354_1-352
10623,tmRNA,test,tmRNA_Baci.G._TRW-12333_1-312
10624,tmRNA,test,tmRNA_Baci.anth._AE016879_1-355
10625,tmRNA,test,tmRNA_Baci.cere._AE017194_1-355
10626,tmRNA,test,tmRNA_Baci.cere._TRW-226900_1-355
10627,tmRNA,test,tmRNA_Baci.cere._TRW-288681_1-355
10628,tmRNA,test,tmRNA_Baci.clau._AP006627_1-355
10629,tmRNA,test,tmRNA_Baci.halo._BA000004_1-361
10630,tmRNA,test,tmRNA_Baci.lich._CP000002_1-356
10631,tmRNA,test,tmRNA_Baci.subt._TRW-1423_1-363
10632,tmRNA,test,tmRNA_Baci.subt._Z99121_1-360
10633,tmRNA,test,tmRNA_Baci.thur._AE017355_1-355
10634,tmRNA,test,tmRNA_Bact.frag._CR626927_1-398
10635,tmRNA,test,tmRNA_Bact.frag._TRW-817_1-398
10636,tmRNA,test,tmRNA_Bact.mari._TRW-97084_1-385
10637,tmRNA,test,tmRNA_Bact.thet._AE015928_1-397
10638,tmRNA,test,tmRNA_Bdel.bact._BX842656_1-346
10639,tmRNA,test,tmRNA_Bifi.long._TRW-205913_1-397
10640,tmRNA,test,tmRNA_Bifi.long._TRW-206672_1-397
10641,tmRNA,test,tmRNA_Bloc.flor._BX248583_1-393
10642,tmRNA,test,tmRNA_Bloc.penn._CP000016_1-392
10643,tmRNA,test,tmRNA_Bord.aviu._AM167904_1-406
10644,tmRNA,test,tmRNA_Bord.bron._TRW-257310_1-387
10645,tmRNA,test,tmRNA_Bord.para._TRW-257311_1-387
10646,tmRNA,test,tmRNA_Bord.pert._TRW-257313_1-387
10647,tmRNA,test,tmRNA_Borr.burg._AE001118_1-359
10648,tmRNA,test,tmRNA_Borr.burg._TRW-224326_1-362
10649,tmRNA,test,tmRNA_Borr.gari._CP000013_1-363
10650,tmRNA,test,tmRNA_Brev.line._TRW-321955_1-377
10651,tmRNA,test,tmRNA_Buch.aphi._AE013218_1-376
10652,tmRNA,test,tmRNA_Buch.aphi._AE016826_1-367
10653,tmRNA,test,tmRNA_Buch.aphi._BD061520_1-369
10654,tmRNA,test,tmRNA_Burk.ceno._CP000378_1-370
10655,tmRNA,test,tmRNA_Burk.ceno._TRW-216591_1-370
10656,tmRNA,test,tmRNA_Burk.fung._TRW-266265_1-370
10657,tmRNA,test,tmRNA_Burk.mall._CP000010_1-370
10658,tmRNA,test,tmRNA_Burk.pseu._TRW-28450_1-370
10659,tmRNA,test,tmRNA_Burk.spec._CP000151_1-370
10660,tmRNA,test,tmRNA_Burk.thai._CP000086_1-370
10661,tmRNA,test,tmRNA_Burk.viet._TRW-269482_1-370
10662,tmRNA,test,tmRNA_Burk.xeno._CP000270_1-370
10663,tmRNA,test,tmRNA_Cald.sacc._TRW-351627_1-368
10664,tmRNA,test,tmRNA_Camp.coli._AL111168_1-359
10665,tmRNA,test,tmRNA_Camp.coli._TRW-306254_1-359
10666,tmRNA,test,tmRNA_Camp.fetu._AY211269_1-361
10667,tmRNA,test,tmRNA_Camp.jeju._AL139078_1-356
10668,tmRNA,test,tmRNA_Camp.jeju._AX048472_1-359
10669,tmRNA,test,tmRNA_Camp.jeju._CP000025_1-359
10670,tmRNA,test,tmRNA_Camp.lari._TRW-306263_1-359
10671,tmRNA,test,tmRNA_Camp.upsa._TRW-306264_1-359
10672,tmRNA,test,tmRNA_Carb.hydr._CP000141_1-359
10673,tmRNA,test,tmRNA_Carn.malt._AF275938_1-366
10674,tmRNA,test,tmRNA_Chla.abor._CR848038_1-425
10675,tmRNA,test,tmRNA_Chla.cavi._AE015925_1-425
10676,tmRNA,test,tmRNA_Chla.muri._AE002296_1-418
10677,tmRNA,test,tmRNA_Chla.muri._TRW-83560_1-421
10678,tmRNA,test,tmRNA_Chla.pneu._AE002224_1-423
10679,tmRNA,test,tmRNA_Chla.pneu._TRW-83558_1-426
10680,tmRNA,test,tmRNA_Chla.trac._AE001276_1-417
10681,tmRNA,test,tmRNA_Chla.trac._TRW-272561_1-420
10682,tmRNA,test,tmRNA_Chla.trac._TRW-813-1_1-420
10683,tmRNA,test,tmRNA_Chla.trac._TRW-813-2_1-420
10684,tmRNA,test,tmRNA_Chlo.aura._AY040836_1-361
10685,tmRNA,test,tmRNA_Chlo.chlo._CP000108_1-401
10686,tmRNA,test,tmRNA_Chlo.tepi._TRW-194439_1-404
10687,tmRNA,test,tmRNA_Chro.sale._CP000285_1-380
10688,tmRNA,test,tmRNA_Chro.viol._AE016825_1-365
10689,tmRNA,test,tmRNA_Citr.rode._TRW-67825_1-365
10690,tmRNA,test,tmRNA_Clav.mich._TRW-31964_1-376
10691,tmRNA,test,tmRNA_Clos.acet._AE001437_1-359
10692,tmRNA,test,tmRNA_Clos.acet._AE007587_1-356
10693,tmRNA,test,tmRNA_Clos.botu._TRW-36826_1-355
10694,tmRNA,test,tmRNA_Clos.diff._AM180355_1-350
10695,tmRNA,test,tmRNA_Clos.diff._TRW-367459_1-350
10696,tmRNA,test,tmRNA_Clos.perf._AP003190_1-358
10697,tmRNA,test,tmRNA_Clos.perf._CP000246_1-361
10698,tmRNA,test,tmRNA_Clos.perf._CP000312_1-361
10699,tmRNA,test,tmRNA_Clos.perf._TRW-195102_1-361
10700,tmRNA,test,tmRNA_Clos.teta._AE015927_1-355
10701,tmRNA,test,tmRNA_Clos.ther._TRW-203119_1-387
10702,tmRNA,test,tmRNA_Colw.psyc._CP000083_1-350
10703,tmRNA,test,tmRNA_Copr.prot._TRW-351627_1-353
10704,tmRNA,test,tmRNA_Cory.diph._BX248356_1-385
10705,tmRNA,test,tmRNA_Cory.effi._BA000035_1-376
10706,tmRNA,test,tmRNA_Cory.glut._BX927150_1-377
10707,tmRNA,test,tmRNA_Coxi.burn._AE016828_1-360
10708,tmRNA,test,tmRNA_Croc.wats._TRW-165597_1-386
10709,tmRNA,test,tmRNA_Cyan.cald._AF022186_1-254
10710,tmRNA,test,tmRNA_Cyan.mero._AY286123_1-236
10711,tmRNA,test,tmRNA_Cyan.mero._TRW-45157_1-236
10712,tmRNA,test,tmRNA_Cyan.para._TRW-2762_1-294
10713,tmRNA,test,tmRNA_Cyan.para._U30821_1-291
10714,tmRNA,test,tmRNA_Cyto.hutc._CP000383_1-404
10715,tmRNA,test,tmRNA_Deha.ethe._CP000027_1-352
10716,tmRNA,test,tmRNA_Dein.geot._CP000359_1-348
10717,tmRNA,test,tmRNA_Dein.radi._AE001939_1-346
10718,tmRNA,test,tmRNA_Dein.radi._TRW-243230_1-349
10719,tmRNA,test,tmRNA_Desu.acet._TRW-281689_1-353
10720,tmRNA,test,tmRNA_Desu.desu._CP000112_1-360
10721,tmRNA,test,tmRNA_Desu.psyc._CR522870_1-366
10722,tmRNA,test,tmRNA_Desu.vulg._AE017285_1-352
10723,tmRNA,test,tmRNA_Dich.nodo._TRW-35819_1-352
10724,tmRNA,test,tmRNA_Dict.ther._TRW-14_1-350
10725,tmRNA,test,tmRNA_Emil.huxl._AY741371_1-291
10726,tmRNA,test,tmRNA_Emil.huxl._TRW-280463_1-291
10727,tmRNA,test,tmRNA_Ente.faec._BD193796_1-367
10728,tmRNA,test,tmRNA_Ente.faec._TRW-1352_1-367
10729,tmRNA,test,tmRNA_Ente.saka._TRW-28141_1-364
10730,tmRNA,test,tmRNA_Erwi.amyl._TRW-552_1-381
10731,tmRNA,test,tmRNA_Erwi.caro._BX950851_1-363
10732,tmRNA,test,tmRNA_Erwi.chry._TRW-198628_1-381
10733,tmRNA,test,tmRNA_Esch.coli._AE005491_1-363
10734,tmRNA,test,tmRNA_Esch.coli._AP009048_1-363
10735,tmRNA,test,tmRNA_Esch.coli._BA000007_1-363
10736,tmRNA,test,tmRNA_Esch.coli._CP000243_1-363
10737,tmRNA,test,tmRNA_Esch.coli._CP000247_1-363
10738,tmRNA,test,tmRNA_Esch.coli._CP000468_1-363
10739,tmRNA,test,tmRNA_Esch.coli._D12501_1-363
10740,tmRNA,test,tmRNA_Esch.coli._D90888_1-363
10741,tmRNA,test,tmRNA_Esch.coli._TRW-331111_1-363
10742,tmRNA,test,tmRNA_Esch.coli._U00096_1-363
10743,tmRNA,test,tmRNA_Esch.coli._U36840_1-363
10744,tmRNA,test,tmRNA_Exig.sibi._TRW-262543_1-359
10745,tmRNA,test,tmRNA_Fibr.succ._TRW-59374_1-361
10746,tmRNA,test,tmRNA_Fran.spec._CP000249_1-374
10747,tmRNA,test,tmRNA_Fran.spec._TRW-298653_1-375
10748,tmRNA,test,tmRNA_Fran.tula._AJ749949_1-421
10749,tmRNA,test,tmRNA_Fran.tula._AM233362_1-421
10750,tmRNA,test,tmRNA_Fran.tula._AM286280_1-421
10751,tmRNA,test,tmRNA_Fran.tula._CP000437_1-421
10752,tmRNA,test,tmRNA_Fuso.nucl._AE009951_1-344
10753,tmRNA,test,tmRNA_Fuso.nucl._AE010567_1-341
10754,tmRNA,test,tmRNA_Fuso.nucl._TRW-209882_1-344
10755,tmRNA,test,tmRNA_Fuso.nucl._TRW-393480_1-344
10756,tmRNA,test,tmRNA_Gemm.obsc._TRW-214688_1-412
10757,tmRNA,test,tmRNA_Geob.kaus._BA000043_1-352
10758,tmRNA,test,tmRNA_Geob.meta._CP000148_1-356
10759,tmRNA,test,tmRNA_Geob.stea._TRW-1422_1-352
10760,tmRNA,test,tmRNA_Geob.sulf._AE017180_1-356
10761,tmRNA,test,tmRNA_Grac.tenu._AY673996_1-396
10762,tmRNA,test,tmRNA_Guil.thet._AF041468_1-327
10763,tmRNA,test,tmRNA_Guil.thet._TRW-55529_1-330
10764,tmRNA,test,tmRNA_Haem.ducr._AE017143_1-367
10765,tmRNA,test,tmRNA_Haem.infl._AY599475_1-366
10766,tmRNA,test,tmRNA_Haem.infl._CP000057_1-366
10767,tmRNA,test,tmRNA_Haem.infl._L42023_1-366
10768,tmRNA,test,tmRNA_Haem.infl._TRW-262727_1-366
10769,tmRNA,test,tmRNA_Haem.infl._TRW-262728_1-366
10770,tmRNA,test,tmRNA_Haem.infl._U32808_1-366
10771,tmRNA,test,tmRNA_Haem.somn._CP000436_1-367
10772,tmRNA,test,tmRNA_Heli.hepa._AE017125_1-369
10773,tmRNA,test,tmRNA_Heli.must._DQ250625_1-366
10774,tmRNA,test,tmRNA_Heli.pylo._AE000511_1-386
10775,tmRNA,test,tmRNA_Heli.pylo._AE000590_1-383
10776,tmRNA,test,tmRNA_Heli.pylo._AE001503_1-383
10777,tmRNA,test,tmRNA_Heli.pylo._TRW-85962_1-386
10778,tmRNA,test,tmRNA_Heli.pylo._TRW-85963_1-386
10779,tmRNA,test,tmRNA_Idio.loih._AE017340_1-359
10780,tmRNA,test,tmRNA_Jako.libe._TRW-143017_1-102
10781,tmRNA,test,tmRNA_Kine.radi._TRW-266940_1-366
10782,tmRNA,test,tmRNA_Kleb.pneu._TRW-272620_1-363
10783,tmRNA,test,tmRNA_Lact.acid._CP000033_1-369
10784,tmRNA,test,tmRNA_Lact.brev._CP000416_1-372
10785,tmRNA,test,tmRNA_Lact.case._CP000423_1-364
10786,tmRNA,test,tmRNA_Lact.delb._AF440335_1-316
10787,tmRNA,test,tmRNA_Lact.delb._TRW-321956_1-362
10788,tmRNA,test,tmRNA_Lact.gass._CP000413_1-366
10789,tmRNA,test,tmRNA_Lact.gass._TRW-1596_1-366
10790,tmRNA,test,tmRNA_Lact.john._TRW-257314_1-367
10791,tmRNA,test,tmRNA_Lact.lact._AE006373_1-359
10792,tmRNA,test,tmRNA_Lact.lact._AF176556_1-359
10793,tmRNA,test,tmRNA_Lact.plan._AL935259_1-372
10794,tmRNA,test,tmRNA_Lact.sake._AF400065_1-370
10795,tmRNA,test,tmRNA_Lact.sake._TRW-314315_1-370
10796,tmRNA,test,tmRNA_Laws.intr._AM180252_1-376
10797,tmRNA,test,tmRNA_Legi.pneu._CR628337_1-406
10798,tmRNA,test,tmRNA_Leif.xyli._AE016822_1-394
10799,tmRNA,test,tmRNA_Lept.inte._AE016823_1-350
10800,tmRNA,test,tmRNA_Lept.spec._TRW-261385_1-359
10801,tmRNA,test,tmRNA_Lept.spec._TRW-261386_1-359
10802,tmRNA,test,tmRNA_Leuc.mese._AF375574_1-307
10803,tmRNA,test,tmRNA_Leuc.mese._CP000414_1-358
10804,tmRNA,test,tmRNA_Leuc.mese._TRW-1245_1-358
10805,tmRNA,test,tmRNA_List.gray._AF440336_1-321
10806,tmRNA,test,tmRNA_List.inno._TRW-1642-1_1-370
10807,tmRNA,test,tmRNA_List.inno._TRW-1642-2_1-370
10808,tmRNA,test,tmRNA_List.ivan._AF440342_1-321
10809,tmRNA,test,tmRNA_List.mono._AL591983_1-370
10810,tmRNA,test,tmRNA_List.mono._TRW-1639-1_1-370
10811,tmRNA,test,tmRNA_List.mono._TRW-169963_1-370
10812,tmRNA,test,tmRNA_List.seel._AF440350_1-321
10813,tmRNA,test,tmRNA_List.wels._AF440351_1-321
10814,tmRNA,test,tmRNA_Magn.spec._CP000471_1-366
10815,tmRNA,test,tmRNA_Mann.haem._TRW-272629_1-367
10816,tmRNA,test,tmRNA_Mann.succ._AE016827_1-367
10817,tmRNA,test,tmRNA_Mari.aqua._TRW-351348_1-366
10818,tmRNA,test,tmRNA_Meso.flor._AE017263_1-408
10819,tmRNA,test,tmRNA_Meso.viri._AF166114_1-359
10820,tmRNA,test,tmRNA_Meth.caps._AE017282_1-356
10821,tmRNA,test,tmRNA_Meth.flag._CP000284_1-361
10822,tmRNA,test,tmRNA_Moor.ther._CP000232_1-358
10823,tmRNA,test,tmRNA_Mora.cata._AX067460_1-359
10824,tmRNA,test,tmRNA_Myco.Bxz1._AY129337_1-437
10825,tmRNA,test,tmRNA_Myco.afri._TRW-33894_1-368
10826,tmRNA,test,tmRNA_Myco.arth._TRW-243272_1-394
10827,tmRNA,test,tmRNA_Myco.aviu._AE016958_1-368
10828,tmRNA,test,tmRNA_Myco.aviu._TRW-243243_1-368
10829,tmRNA,test,tmRNA_Myco.bovi._TRW-1765_1-368
10830,tmRNA,test,tmRNA_Myco.capr._D13067_1-411
10831,tmRNA,test,tmRNA_Myco.capr._S67602_1-408
10832,tmRNA,test,tmRNA_Myco.gall._AE015450_1-408
10833,tmRNA,test,tmRNA_Myco.geni._TRW-243273_1-388
10834,tmRNA,test,tmRNA_Myco.geni._U39713_1-385
10835,tmRNA,test,tmRNA_Myco.hyop._TRW-262719_1-433
10836,tmRNA,test,tmRNA_Myco.hyop._TRW-295358_1-424
10837,tmRNA,test,tmRNA_Myco.lepr._AL583919_1-366
10838,tmRNA,test,tmRNA_Myco.lepr._TRW-272631_1-369
10839,tmRNA,test,tmRNA_Myco.mari._TRW-1781-1_1-368
10840,tmRNA,test,tmRNA_Myco.micr._TRW-1806-1_1-368
10841,tmRNA,test,tmRNA_Myco.mobi._TRW-267748_1-376
10842,tmRNA,test,tmRNA_Myco.myco._BX842642_1-411
10843,tmRNA,test,tmRNA_Myco.pene._BA000026_1-405
10844,tmRNA,test,tmRNA_Myco.pneu._AE000035_1-384
10845,tmRNA,test,tmRNA_Myco.pulm._AL445565_1-387
10846,tmRNA,test,tmRNA_Myco.smeg._CP000480_1-369
10847,tmRNA,test,tmRNA_Myco.tube._TRW-164513_1-368
10848,tmRNA,test,tmRNA_Myco.tube._TRW-1773_1-368
10849,tmRNA,test,tmRNA_Myxo.xant._TRW-34_1-366
10850,tmRNA,test,tmRNA_Neis.gono._TRW-242231_1-363
10851,tmRNA,test,tmRNA_Neis.lact._TRW-486_1-362
10852,tmRNA,test,tmRNA_Neis.meni._AE002452_1-360
10853,tmRNA,test,tmRNA_Neis.meni._AL162755_1-360
10854,tmRNA,test,tmRNA_Neis.meni._TRW-122586_1-363
10855,tmRNA,test,tmRNA_Neis.meni._TRW-122587_1-363
10856,tmRNA,test,tmRNA_Neis.meni._TRW-272831_1-363
10857,tmRNA,test,tmRNA_Neph.oliv._AF137379-1_1-327
10858,tmRNA,test,tmRNA_Neph.oliv._AF137379-2_1-327
10859,tmRNA,test,tmRNA_Nitr.euro._BX321865_1-360
10860,tmRNA,test,tmRNA_Nitr.mult._CP000103_1-362
10861,tmRNA,test,tmRNA_Nitr.ocea._CP000127_1-361
10862,tmRNA,test,tmRNA_Noca.farc._AP006618_1-368
10863,tmRNA,test,tmRNA_Nost.punc._TRW-63737_1-390
10864,tmRNA,test,tmRNA_Nost.spec._BA000019_1-390
10865,tmRNA,test,tmRNA_Ocea.ihey._BA000028_1-364
10866,tmRNA,test,tmRNA_Odon.sine._TRW-2839_1-371
10867,tmRNA,test,tmRNA_Odon.sine._Z67753_1-368
10868,tmRNA,test,tmRNA_Oeno.oeni._TRW-203123_1-350
10869,tmRNA,test,tmRNA_Onio.yell._AP006628_1-423
10870,tmRNA,test,tmRNA_Paen.larv._TRW-1464_1-367
10871,tmRNA,test,tmRNA_Pant.stew._TRW-66269_1-363
10872,tmRNA,test,tmRNA_Para.symb._BX908798_1-405
10873,tmRNA,test,tmRNA_Past.mult._AE006115_1-367
10874,tmRNA,test,tmRNA_Pedi.pent._CP000422_1-369
10875,tmRNA,test,tmRNA_Pelo.carb._CP000142_1-358
10876,tmRNA,test,tmRNA_Phot.asym._TRW-291112_1-364
10877,tmRNA,test,tmRNA_Phot.lumi._BX571870_1-364
10878,tmRNA,test,tmRNA_Phot.prof._CR378665_1-368
10879,tmRNA,test,tmRNA_Pola.spec._CP000316_1-387
10880,tmRNA,test,tmRNA_Porp.ging._TRW-242619_1-407
10881,tmRNA,test,tmRNA_Porp.purp._TRW-2787_1-323
10882,tmRNA,test,tmRNA_Prev.inte._TRW-246198_1-400
10883,tmRNA,test,tmRNA_Prev.rumi._TRW-264731_1-401
10884,tmRNA,test,tmRNA_Prop.acne._AE017283_1-371
10885,tmRNA,test,tmRNA_Prop.acne._TRW-1747-1_1-371
10886,tmRNA,test,tmRNA_Prop.acne._TRW-1747-2_1-353
10887,tmRNA,test,tmRNA_Prop.acne._TRW-1747-3_1-353
10888,tmRNA,test,tmRNA_Prot.mira._TRW-584_1-367
10889,tmRNA,test,tmRNA_Pseu.aeru._AE004091_1-353
10890,tmRNA,test,tmRNA_Pseu.aeru._CP000438_1-353
10891,tmRNA,test,tmRNA_Pseu.atla._CP000388_1-357
10892,tmRNA,test,tmRNA_Pseu.ento._CT573326_1-392
10893,tmRNA,test,tmRNA_Pseu.fluo._CP000076_1-394
10894,tmRNA,test,tmRNA_Pseu.fluo._CP000094_1-390
10895,tmRNA,test,tmRNA_Pseu.fluo._TRW-216595_1-397
10896,tmRNA,test,tmRNA_Pseu.halo._CR954246_1-357
10897,tmRNA,test,tmRNA_Pseu.puti._AE015451_1-399
10898,tmRNA,test,tmRNA_Pseu.syri._AE016853_1-388
10899,tmRNA,test,tmRNA_Pseu.syri._CP000058_1-388
10900,tmRNA,test,tmRNA_Pseu.syri._CP000075_1-392
10901,tmRNA,test,tmRNA_Psyc.arct._CP000082_1-359
10902,tmRNA,test,tmRNA_Psyc.cryo._CP000323_1-359
10903,tmRNA,test,tmRNA_Rals.eutr._CP000090_1-360
10904,tmRNA,test,tmRNA_Rals.meta._CP000352_1-360
10905,tmRNA,test,tmRNA_Rals.sola._AL646052_1-360
10906,tmRNA,test,tmRNA_Rals.sola._AL646061_1-357
10907,tmRNA,test,tmRNA_Rhod.balt._BX294141_1-380
10908,tmRNA,test,tmRNA_Rubr.gela._TRW-279263_1-372
10909,tmRNA,test,tmRNA_Rubr.xyla._CP000386_1-360
10910,tmRNA,test,tmRNA_Rubr.xyla._TRW-266117_1-360
10911,tmRNA,test,tmRNA_Rumi.albu._TRW-246199_1-354
10912,tmRNA,test,tmRNA_Sacc.degr._CP000282_1-389
10913,tmRNA,test,tmRNA_Sali.rube._CP000159_1-369
10914,tmRNA,test,tmRNA_Salm.bong._TRW-218493_1-363
10915,tmRNA,test,tmRNA_Salm.ente._AE014613_1-363
10916,tmRNA,test,tmRNA_Salm.ente._AE017220_1-363
10917,tmRNA,test,tmRNA_Salm.ente._AL627276_1-363
10918,tmRNA,test,tmRNA_Salm.ente._CP000026_1-363
10919,tmRNA,test,tmRNA_Salm.ente._TRW-149539_1-363
10920,tmRNA,test,tmRNA_Salm.ente._TRW-295319_1-363
10921,tmRNA,test,tmRNA_Salm.ente._TRW-321314_1-363
10922,tmRNA,test,tmRNA_Salm.ente._TRW-59204_1-363
10923,tmRNA,test,tmRNA_Salm.typh._AY316313_1-363
10924,tmRNA,test,tmRNA_Salm.typh._AY319520_1-363
10925,tmRNA,test,tmRNA_Serr.marc._TRW-273526_1-364
10926,tmRNA,test,tmRNA_Shew.amaz._CP000507_1-356
10927,tmRNA,test,tmRNA_Shew.balt._TRW-325240_1-356
10928,tmRNA,test,tmRNA_Shew.deni._CP000302_1-355
10929,tmRNA,test,tmRNA_Shew.frig._CP000447_1-356
10930,tmRNA,test,tmRNA_Shew.onei._AX048560_1-355
10931,tmRNA,test,tmRNA_Shew.putr._TRW-319224_1-356
10932,tmRNA,test,tmRNA_Shew.spec._CP000444_1-355
10933,tmRNA,test,tmRNA_Shew.spec._CP000446_1-355
10934,tmRNA,test,tmRNA_Shew.spec._CP000469_1-355
10935,tmRNA,test,tmRNA_Shew.spec._TRW-323850_1-356
10936,tmRNA,test,tmRNA_Shig.boyd._CP000036_1-363
10937,tmRNA,test,tmRNA_Shig.dyse._CP000034_1-363
10938,tmRNA,test,tmRNA_Shig.dyse._TRW-358708_1-363
10939,tmRNA,test,tmRNA_Shig.flex._AE005674_1-363
10940,tmRNA,test,tmRNA_Shig.flex._AE014073_1-363
10941,tmRNA,test,tmRNA_Shig.flex._CP000266_1-363
10942,tmRNA,test,tmRNA_Shig.sonn._CP000038_1-363
10943,tmRNA,test,tmRNA_Soda.glos._AP008232_1-384
10944,tmRNA,test,tmRNA_Soli.usit._CP000473_1-352
10945,tmRNA,test,tmRNA_Spir.citr._AM285321_1-424
10946,tmRNA,test,tmRNA_Spir.kunk._TRW-273035_1-424
10947,tmRNA,test,tmRNA_Stap.aure._AC074317_1-359
10948,tmRNA,test,tmRNA_Stap.aure._BA000017_1-362
10949,tmRNA,test,tmRNA_Stap.aure._BA000018_1-362
10950,tmRNA,test,tmRNA_Stap.aure._BA000033_1-362
10951,tmRNA,test,tmRNA_Stap.aure._BX571856_1-362
10952,tmRNA,test,tmRNA_Stap.aure._BX571857_1-362
10953,tmRNA,test,tmRNA_Stap.aure._TRW-1280_1-362
10954,tmRNA,test,tmRNA_Stap.epid._AF375586_1-311
10955,tmRNA,test,tmRNA_Stap.epid._TRW-1282-1_1-361
10956,tmRNA,test,tmRNA_Stap.epid._TRW-1282-2_1-362
10957,tmRNA,test,tmRNA_Stap.epid._TRW-176280_1-361
10958,tmRNA,test,tmRNA_Sten.malt._TRW-40324_1-354
10959,tmRNA,test,tmRNA_Stre.agal._AE014233_1-350
10960,tmRNA,test,tmRNA_Stre.agal._TRW-1311_1-350
10961,tmRNA,test,tmRNA_Stre.aure._AY616521_1-382
10962,tmRNA,test,tmRNA_Stre.aver._BA000030_1-389
10963,tmRNA,test,tmRNA_Stre.coll._AY485228_1-386
10964,tmRNA,test,tmRNA_Stre.equi._TRW-1336_1-349
10965,tmRNA,test,tmRNA_Stre.equi._TRW-40041_1-349
10966,tmRNA,test,tmRNA_Stre.gord._TRW-29390_1-349
10967,tmRNA,test,tmRNA_Stre.miti._TRW-246201_1-348
10968,tmRNA,test,tmRNA_Stre.muta._TRW-210007_1-349
10969,tmRNA,test,tmRNA_Stre.pneu._AE008453_1-348
10970,tmRNA,test,tmRNA_Stre.pneu._TRW-1313_1-348
10971,tmRNA,test,tmRNA_Stre.pneu._TRW-216600_1-348
10972,tmRNA,test,tmRNA_Stre.pyog._AE006568_1-345
10973,tmRNA,test,tmRNA_Stre.pyog._AE010048_1-348
10974,tmRNA,test,tmRNA_Stre.pyog._TRW-1314-1_1-348
10975,tmRNA,test,tmRNA_Stre.pyog._TRW-1314-2_1-350
10976,tmRNA,test,tmRNA_Stre.scab._TRW-1883_1-402
10977,tmRNA,test,tmRNA_Stre.sobr._TRW-246202_1-349
10978,tmRNA,test,tmRNA_Stre.suis._TRW-218494_1-354
10979,tmRNA,test,tmRNA_Stre.suis._TRW-286604_1-348
10980,tmRNA,test,tmRNA_Stre.ther._CP000024_1-350
10981,tmRNA,test,tmRNA_Stre.ther._CP000419_1-350
10982,tmRNA,test,tmRNA_Stre.uber._TRW-218495_1-350
10983,tmRNA,test,tmRNA_Sulf.azor._TRW-204536_1-351
10984,tmRNA,test,tmRNA_Syne.elon._TRW-32046_1-394
10985,tmRNA,test,tmRNA_Syne.spec._AB003477_1-394
10986,tmRNA,test,tmRNA_Syne.spec._D90916_1-396
10987,tmRNA,test,tmRNA_Syne.spec._TRW-1131_1-399
10988,tmRNA,test,tmRNA_Syne.spec._TRW-32049_1-396
10989,tmRNA,test,tmRNA_Synt.acid._CP000252_1-356
10990,tmRNA,test,tmRNA_Tann.fors._TRW-203275_1-400
10991,tmRNA,test,tmRNA_Thal.pseu._EF067921_1-344
10992,tmRNA,test,tmRNA_Thal.pseu._TRW-296543_1-344
10993,tmRNA,test,tmRNA_Thal.weis._AF049491_1-348
10994,tmRNA,test,tmRNA_Ther.comm._TRW-289377_1-355
10995,tmRNA,test,tmRNA_Ther.elon._BA000039_1-386
10996,tmRNA,test,tmRNA_Ther.fusc._CP000088_1-372
10997,tmRNA,test,tmRNA_Ther.mari._TRW-243274-1_1-356
10998,tmRNA,test,tmRNA_Ther.neap._TRW-309803_1-357
10999,tmRNA,test,tmRNA_Ther.rose._TRW-309801_1-353
11000,tmRNA,test,tmRNA_Ther.teng._AE013063_1-351
11001,tmRNA,test,tmRNA_Ther.ther._TRW-300852_1-349
11002,tmRNA,test,tmRNA_Ther.ther._Y15063_1-349
11003,tmRNA,test,tmRNA_Ther.yell._TRW-289376_1-350
11004,tmRNA,test,tmRNA_Thio.crun._CP000109_1-358
11005,tmRNA,test,tmRNA_Thio.deni._CP000116_1-367
11006,tmRNA,test,tmRNA_Trem.prin._AF481102_1-264
11007,tmRNA,test,tmRNA_Trep.dent._AE017226_1-351
11008,tmRNA,test,tmRNA_Trep.pall._TRW-243276_1-354
11009,tmRNA,test,tmRNA_Tric.eryt._CP000393_1-398
11010,tmRNA,test,tmRNA_Trop.whip._BX251411_1-369
11011,tmRNA,test,tmRNA_Urea.parv._AE002154_1-413
11012,tmRNA,test,tmRNA_Verr.spin._TRW-240016_1-356
11013,tmRNA,test,tmRNA_Vibr.chol._AE004170_1-367
11014,tmRNA,test,tmRNA_Vibr.chol._U39068_1-367
11015,tmRNA,test,tmRNA_Vibr.fisc._CP000020_1-367
11016,tmRNA,test,tmRNA_Vibr.para._BA000031_1-368
11017,tmRNA,test,tmRNA_Vibr.spec._TRW-345075_1-368
11018,tmRNA,test,tmRNA_Vibr.vuln._AE016795_1-367
11019,tmRNA,test,tmRNA_Wigg.glos._BA000021_1-365
11020,tmRNA,test,tmRNA_Woli.succ._BX571661_1-369
11021,tmRNA,test,tmRNA_Xant.axon._AE011783_1-397
11022,tmRNA,test,tmRNA_Xant.camp._AE012247_1-397
11023,tmRNA,test,tmRNA_Xant.camp._AM039952_1-397
11024,tmRNA,test,tmRNA_Xant.oryz._AE013598_1-397
11025,tmRNA,test,tmRNA_Xyle.fast._AE003849_1-355
11026,tmRNA,test,tmRNA_Xyle.fast._AE004078_1-355
11027,tmRNA,test,tmRNA_Xyle.fast._AE009442_1-355
11028,tmRNA,test,tmRNA_Xyle.fast._TRW-155919_1-355
11029,tmRNA,test,tmRNA_Xyle.fast._TRW-155920_1-355
11030,tmRNA,test,tmRNA_Yers.berc._TRW-349968_1-381
11031,tmRNA,test,tmRNA_Yers.ente._TRW-34054_1-381
11032,tmRNA,test,tmRNA_Yers.fred._TRW-349966_1-363
11033,tmRNA,test,tmRNA_Yers.inte._TRW-349965_1-381
11034,tmRNA,test,tmRNA_Yers.moll._TRW-349967_1-381
11035,tmRNA,test,tmRNA_Yers.pest._AE009952_1-364
11036,tmRNA,test,tmRNA_Yers.pest._AE017042_1-364
11037,tmRNA,test,tmRNA_Yers.pest._AL590842_1-364
11038,tmRNA,test,tmRNA_Yers.pest._CP000305_1-364
11039,tmRNA,test,tmRNA_Yers.pest._CP000308_1-364
11040,tmRNA,test,tmRNA_Yers.pseu._AR948532_1-364
11041,tmRNA,test,tmRNA_envi.sequ._TRW-2-1_1-365
11042,tmRNA,test,tmRNA_envi.sequ._TRW-2-2_1-356
11043,tmRNA,test,tmRNA_envi.sequ._TRW-204433_1-356
11044,tmRNA,test,tmRNA_envi.sequ._TRW-259291_1-355
11045,tmRNA,test,tmRNA_envi.sequ._TRW-259292_1-355
11046,tmRNA,test,tmRNA_envi.sequ._TRW-300695-2_1-345
11047,tmRNA,test,tmRNA_envi.sequ._TRW-32045-1_1-355
11048,tmRNA,test,tmRNA_envi.sequ._TRW-32045-2_1-345
11049,tmRNA,test,tmRNA_envi.sequ._TRW-32045-3_1-350
11050,tmRNA,test,tmRNA_envi.sequ._TRW-351057-3_1-355
11051,tmRNA,test,tmRNA_envi.sequ._TRW-356-1_1-289
11052,tmRNA,test,tmRNA_envi.sequ._TRW-363179_1-348
11053,tmRNA,test,tmRNA_uncu.bact._TRW-135621-1_1-397
11054,tmRNA,test,tmRNA_uncu.bact._TRW-32033-1_1-354
11055,tmRNA,test,tmRNA_uncu.bact._TRW-32045-4_1-369
11056,tmRNA,test,tmRNA_uncu.bact._TRW-383630-1_1-364
11057,tmRNA,test,tmRNA_uncu.bact._TRW-45456_1-408
11058,tmRNA,test,tmRNA_uncu.bact._TRW-72274-1_1-359
11059,tmRNA,test,tmRNA_uncu.bact._TRW-72274-2_1-359
11060,tmRNA,test,tmRNA_uncu.bact._TRW-80840-1_1-378
11061,tmRNA,test,tmRNA_uncu.bact._TRW-80840-2_1-379
11062,tmRNA,test,tmRNA_uncu.bact._TRW-80840-3_1-379
11063,tmRNA,test,tmRNA_uncu.mari._TRW-363180_1-347
