,fold,partition,id
0,16s,test,16s_A.fulgidus_domain2
1,16s,test,16s_A.fulgidus_domain3
2,16s,test,16s_A.fulgidus_domain4
3,16s,test,16s_A.pyrophilus_domain2
4,16s,test,16s_A.pyrophilus_domain4
5,16s,test,16s_B.burgdorferi_domain2
6,16s,test,16s_B.burgdorferi_domain3
7,16s,test,16s_B.burgdorferi_domain4
8,16s,test,16s_B.subtilis_domain2
9,16s,test,16s_B.subtilis_domain3
10,16s,test,16s_B.subtilis_domain4
11,16s,test,16s_C.elegans_domain1
12,16s,test,16s_C.elegans_domain2
13,16s,test,16s_C.elegans_domain3
14,16s,test,16s_C.elegans_domain4
15,16s,test,16s_C.psittaci_domain2
16,16s,test,16s_C.psittaci_domain3
17,16s,test,16s_C.psittaci_domain4
18,16s,test,16s_C.reinhardtii.chloro_domain1
19,16s,test,16s_C.reinhardtii.chloro_domain2
20,16s,test,16s_C.reinhardtii.chloro_domain3
21,16s,test,16s_C.reinhardtii.chloro_domain4
22,16s,test,16s_C.reinhardtii.mito_domain1
23,16s,test,16s_C.reinhardtii.mito_domain2
24,16s,test,16s_C.reinhardtii.mito_domain3
25,16s,test,16s_C.reinhardtii.mito_domain4
26,16s,test,16s_D.melanogaster_domain4
27,16s,test,16s_E.coli_domain2
28,16s,test,16s_E.coli_domain3
29,16s,test,16s_E.coli_domain4
30,16s,test,16s_F.ananassa_domain3
31,16s,test,16s_F.ananassa_domain4
32,16s,test,16s_G.intestinalis_domain1
33,16s,test,16s_G.intestinalis_domain2
34,16s,test,16s_G.intestinalis_domain3
35,16s,test,16s_G.intestinalis_domain4
36,16s,test,16s_H.sapiens.mito_domain1
37,16s,test,16s_H.sapiens.mito_domain2
38,16s,test,16s_H.sapiens.mito_domain3
39,16s,test,16s_H.sapiens.mito_domain4
40,16s,test,16s_H.sapiens_domain3
41,16s,test,16s_H.sapiens_domain4
42,16s,test,16s_H.volcanii_domain1
43,16s,test,16s_H.volcanii_domain2
44,16s,test,16s_H.volcanii_domain3
45,16s,test,16s_H.volcanii_domain4
46,16s,test,16s_M.polymorpha_domain2
47,16s,test,16s_M.polymorpha_domain3
48,16s,test,16s_M.polymorpha_domain4
49,16s,test,16s_P.occultum_domain2
50,16s,test,16s_P.occultum_domain3
51,16s,test,16s_P.occultum_domain4
52,16s,test,16s_P.staleyi_domain2
53,16s,test,16s_P.staleyi_domain3
54,16s,test,16s_P.staleyi_domain4
55,16s,test,16s_S.cerevisiae_domain3
56,16s,test,16s_S.cerevisiae_domain4
57,16s,test,16s_T.gondii_domain3
58,16s,test,16s_T.gondii_domain4
59,16s,test,16s_T.maritima_domain2
60,16s,test,16s_T.maritima_domain3
61,16s,test,16s_T.maritima_domain4
62,16s,test,16s_Z.mays_domain1
63,16s,test,16s_Z.mays_domain2
64,16s,test,16s_Z.mays_domain3
65,16s,test,16s_Z.mays_domain4
66,16s,train,23s_B.subtilis_domain3
67,16s,train,23s_B.subtilis_domain4
68,16s,train,23s_B.subtilis_domain6
69,16s,train,23s_E.coli_domain3
70,16s,train,23s_E.coli_domain4
71,16s,train,23s_E.coli_domain6
72,16s,train,23s_H.pylori_domain3
73,16s,train,23s_H.pylori_domain4
74,16s,train,23s_H.pylori_domain6
75,16s,train,23s_S.aureus_domain3
76,16s,train,23s_S.aureus_domain4
77,16s,train,23s_S.aureus_domain6
78,16s,train,23s_T.thermophilus_domain3
79,16s,train,23s_T.thermophilus_domain4
80,16s,train,23s_T.thermophilus_domain6
81,16s,train,23s_B.subtilis_domain3
82,16s,train,23s_B.subtilis_domain4
83,16s,train,23s_B.subtilis_domain6
84,16s,train,23s_E.coli_domain3
85,16s,train,23s_E.coli_domain4
86,16s,train,23s_E.coli_domain6
87,16s,train,23s_H.pylori_domain3
88,16s,train,23s_H.pylori_domain4
89,16s,train,23s_H.pylori_domain6
90,16s,train,23s_S.aureus_domain3
91,16s,train,23s_S.aureus_domain4
92,16s,train,23s_S.aureus_domain6
93,16s,train,23s_T.thermophilus_domain3
94,16s,train,23s_T.thermophilus_domain4
95,16s,train,23s_T.thermophilus_domain6
96,16s,train,23s_B.subtilis_domain3
97,16s,train,23s_B.subtilis_domain4
98,16s,train,23s_B.subtilis_domain6
99,16s,train,23s_E.coli_domain3
100,16s,train,23s_E.coli_domain4
101,16s,train,23s_E.coli_domain6
102,16s,train,23s_H.pylori_domain3
103,16s,train,23s_H.pylori_domain4
104,16s,train,23s_H.pylori_domain6
105,16s,train,23s_S.aureus_domain3
106,16s,train,23s_S.aureus_domain4
107,16s,train,23s_S.aureus_domain6
108,16s,train,23s_T.thermophilus_domain3
109,16s,train,23s_T.thermophilus_domain4
110,16s,train,23s_T.thermophilus_domain6
111,16s,train,23s_B.subtilis_domain3
112,16s,train,23s_B.subtilis_domain4
113,16s,train,23s_B.subtilis_domain6
114,16s,train,23s_E.coli_domain3
115,16s,train,23s_E.coli_domain4
116,16s,train,23s_E.coli_domain6
117,16s,train,23s_H.pylori_domain3
118,16s,train,23s_H.pylori_domain4
119,16s,train,23s_H.pylori_domain6
120,16s,train,23s_S.aureus_domain3
121,16s,train,23s_S.aureus_domain4
122,16s,train,23s_S.aureus_domain6
123,16s,train,23s_T.thermophilus_domain3
124,16s,train,23s_T.thermophilus_domain4
125,16s,train,23s_T.thermophilus_domain6
126,16s,train,23s_B.subtilis_domain3
127,16s,train,23s_B.subtilis_domain4
128,16s,train,23s_B.subtilis_domain6
129,16s,train,23s_E.coli_domain3
130,16s,train,23s_E.coli_domain4
131,16s,train,23s_E.coli_domain6
132,16s,train,23s_H.pylori_domain3
133,16s,train,23s_H.pylori_domain4
134,16s,train,23s_H.pylori_domain6
135,16s,train,23s_S.aureus_domain3
136,16s,train,23s_S.aureus_domain4
137,16s,train,23s_S.aureus_domain6
138,16s,train,23s_T.thermophilus_domain3
139,16s,train,23s_T.thermophilus_domain4
140,16s,train,23s_T.thermophilus_domain6
141,16s,train,23s_B.subtilis_domain3
142,16s,train,23s_B.subtilis_domain4
143,16s,train,23s_B.subtilis_domain6
144,16s,train,23s_E.coli_domain3
145,16s,train,23s_E.coli_domain4
146,16s,train,23s_E.coli_domain6
147,16s,train,23s_H.pylori_domain3
148,16s,train,23s_H.pylori_domain4
149,16s,train,23s_H.pylori_domain6
150,16s,train,23s_S.aureus_domain3
151,16s,train,23s_S.aureus_domain4
152,16s,train,23s_S.aureus_domain6
153,16s,train,23s_T.thermophilus_domain3
154,16s,train,23s_T.thermophilus_domain4
155,16s,train,23s_T.thermophilus_domain6
156,16s,train,23s_B.subtilis_domain3
157,16s,train,23s_B.subtilis_domain4
158,16s,train,23s_B.subtilis_domain6
159,16s,train,23s_E.coli_domain3
160,16s,train,23s_E.coli_domain4
161,16s,train,23s_E.coli_domain6
162,16s,train,23s_H.pylori_domain3
163,16s,train,23s_H.pylori_domain4
164,16s,train,23s_H.pylori_domain6
165,16s,train,23s_S.aureus_domain3
166,16s,train,23s_S.aureus_domain4
167,16s,train,23s_S.aureus_domain6
168,16s,train,23s_T.thermophilus_domain3
169,16s,train,23s_T.thermophilus_domain4
170,16s,train,23s_T.thermophilus_domain6
171,16s,train,23s_B.subtilis_domain3
172,16s,train,23s_B.subtilis_domain4
173,16s,train,23s_B.subtilis_domain6
174,16s,train,23s_E.coli_domain3
175,16s,train,23s_E.coli_domain4
176,16s,train,23s_E.coli_domain6
177,16s,train,23s_H.pylori_domain3
178,16s,train,23s_H.pylori_domain4
179,16s,train,23s_H.pylori_domain6
180,16s,train,23s_S.aureus_domain3
181,16s,train,23s_S.aureus_domain4
182,16s,train,23s_S.aureus_domain6
183,16s,train,23s_T.thermophilus_domain3
184,16s,train,23s_T.thermophilus_domain4
185,16s,train,23s_T.thermophilus_domain6
186,16s,train,23s_B.subtilis_domain3
187,16s,train,23s_B.subtilis_domain4
188,16s,train,23s_B.subtilis_domain6
189,16s,train,23s_E.coli_domain3
190,16s,train,23s_E.coli_domain4
191,16s,train,23s_E.coli_domain6
192,16s,train,23s_H.pylori_domain3
193,16s,train,23s_H.pylori_domain4
194,16s,train,23s_H.pylori_domain6
195,16s,train,23s_S.aureus_domain3
196,16s,train,23s_S.aureus_domain4
197,16s,train,23s_S.aureus_domain6
198,16s,train,23s_T.thermophilus_domain3
199,16s,train,23s_T.thermophilus_domain4
200,16s,train,23s_T.thermophilus_domain6
201,16s,train,23s_B.subtilis_domain3
202,16s,train,23s_B.subtilis_domain4
203,16s,train,23s_B.subtilis_domain6
204,16s,train,23s_E.coli_domain3
205,16s,train,23s_E.coli_domain4
206,16s,train,23s_E.coli_domain6
207,16s,train,23s_H.pylori_domain3
208,16s,train,23s_H.pylori_domain4
209,16s,train,23s_H.pylori_domain6
210,16s,train,23s_S.aureus_domain3
211,16s,train,23s_S.aureus_domain4
212,16s,train,23s_S.aureus_domain6
213,16s,train,23s_T.thermophilus_domain3
214,16s,train,23s_T.thermophilus_domain4
215,16s,train,23s_T.thermophilus_domain6
216,16s,train,23s_B.subtilis_domain3
217,16s,train,23s_B.subtilis_domain4
218,16s,train,23s_B.subtilis_domain6
219,16s,train,23s_E.coli_domain3
220,16s,train,23s_E.coli_domain4
221,16s,train,23s_E.coli_domain6
222,16s,train,23s_H.pylori_domain3
223,16s,train,23s_H.pylori_domain4
224,16s,train,23s_H.pylori_domain6
225,16s,train,23s_S.aureus_domain3
226,16s,train,23s_S.aureus_domain4
227,16s,train,23s_S.aureus_domain6
228,16s,train,23s_T.thermophilus_domain3
229,16s,train,23s_T.thermophilus_domain4
230,16s,train,23s_T.thermophilus_domain6
231,16s,train,23s_B.subtilis_domain3
232,16s,train,23s_B.subtilis_domain4
233,16s,train,23s_B.subtilis_domain6
234,16s,train,23s_E.coli_domain3
235,16s,train,23s_E.coli_domain4
236,16s,train,23s_E.coli_domain6
237,16s,train,23s_H.pylori_domain3
238,16s,train,23s_H.pylori_domain4
239,16s,train,23s_H.pylori_domain6
240,16s,train,23s_S.aureus_domain3
241,16s,train,23s_S.aureus_domain4
242,16s,train,23s_S.aureus_domain6
243,16s,train,23s_T.thermophilus_domain3
244,16s,train,23s_T.thermophilus_domain4
245,16s,train,23s_T.thermophilus_domain6
246,16s,train,23s_B.subtilis_domain3
247,16s,train,23s_B.subtilis_domain4
248,16s,train,23s_B.subtilis_domain6
249,16s,train,23s_E.coli_domain3
250,16s,train,23s_E.coli_domain4
251,16s,train,23s_E.coli_domain6
252,16s,train,23s_H.pylori_domain3
253,16s,train,23s_H.pylori_domain4
254,16s,train,23s_H.pylori_domain6
255,16s,train,23s_S.aureus_domain3
256,16s,train,23s_S.aureus_domain4
257,16s,train,23s_S.aureus_domain6
258,16s,train,23s_T.thermophilus_domain3
259,16s,train,23s_T.thermophilus_domain4
260,16s,train,23s_T.thermophilus_domain6
261,16s,train,23s_B.subtilis_domain3
262,16s,train,23s_B.subtilis_domain4
263,16s,train,23s_B.subtilis_domain6
264,16s,train,23s_E.coli_domain3
265,16s,train,23s_E.coli_domain4
266,16s,train,5s_Anaplasma-phagocytophilum-1
267,16s,train,5s_Andrias-davidianus-1
268,16s,train,5s_Andrias-japonicus-1
269,16s,train,5s_Ascaris-suum-1
270,16s,train,5s_Ascobolus-immersus-1
271,16s,train,5s_Ascobolus-immersus-4
272,16s,train,5s_Asterias-vulgaris-1
273,16s,train,5s_Aurelia_aurita-1
274,16s,train,5s_Azospirillum-lipoferum-1
275,16s,train,5s_Bacillus-amyloliquefaciens-1
276,16s,train,5s_Bacillus-subtilis-6
277,16s,train,5s_Bacteroides-capillosus-1
278,16s,train,5s_Bacteroides-fragilis-5
279,16s,train,5s_Bacteroides-thetaiotaomicron-1
280,16s,train,5s_Bacteroides-veroralis-1
281,16s,train,5s_Borrelia-burgdorferi-1
282,16s,train,5s_Brucella-suis-1
283,16s,train,5s_Buchnera-aphidicola-1
284,16s,train,5s_Buchnera-aphidicola-3
285,16s,train,5s_Bursaphelenchus-xylophilus-1
286,16s,train,5s_Caenorhabditis-elegans-3
287,16s,train,5s_Candida-azyma-1
288,16s,train,5s_Candidatus-Phytoplasma-asteris-1
289,16s,train,5s_Candidatus-Tremblaya-princeps-5
290,16s,train,5s_Candidatus-Tremblaya-princeps-6
291,16s,train,5s_Caulobacter-sp.-1
292,16s,train,5s_Caulobacter-sp.-4
293,16s,train,5s_Caulobacter-spinosum-1
294,16s,train,5s_Chlamydia-trachomatis-1
295,16s,train,5s_Chlamydomonas-reinhardtii-1
296,16s,train,5s_Chlamydomonas-reinhardtii-2
297,16s,train,5s_Chlorella-pyrenoidosa-1
298,16s,train,5s_Chlorobium-tepidum-1
299,16s,train,5s_Clostridium-acetobutylicum-3
300,16s,train,5s_Clostridium-pasteurianum-1
301,16s,train,5s_Coleochaete-scutata-1
302,16s,train,5s_Coxiella-burnetii-1
303,16s,train,5s_Coxiella-burnetii-2
304,16s,train,5s_Cryptococcus-laurentii-1
305,16s,train,5s_Cryptomonas-paramecium-1
306,16s,train,5s_Cyanidium-caldarium-1
307,16s,train,5s_Dehalococcoides-ethenogenes-1
308,16s,train,5s_Deinococcus-radiodurans-1
309,16s,train,5s_Deinococcus-radiophilus-1
310,16s,train,5s_Desulfurococcus-mobilis-1
311,16s,train,5s_Diatoma-tenue-1
312,16s,train,5s_Distigma-proteus-1
313,16s,train,5s_Drosophila-melanogaster-2
314,16s,train,5s_Ehrlichia-ruminantium-1
315,16s,train,5s_Emericella-nidulans-4
316,16s,train,5s_Emericella-nidulans-5
317,16s,train,5s_Erythromicrobium-ezovicum-1
318,16s,train,5s_Erythromicrobium-hydrolyticum-1
319,16s,train,5s_Erythromicrobium-ramosum-1
320,16s,train,5s_Euplotes-aediculatus-1
321,16s,train,5s_Filobasidiella-depauperata-1
322,16s,train,5s_Finegoldia-magna-2
323,16s,train,5s_Flectobacillus-major-1
324,16s,train,5s_Frankia-sp.-1
325,16s,train,5s_Fusarium-culmorum-6
326,16s,train,5s_Fusarium-lunulosporum-10
327,16s,train,5s_Fusarium-pseudograminearum-3
328,16s,train,5s_Fusarium-sporotrichioides-1
329,16s,train,5s_Fusobacterium-nucleatum-5
330,16s,train,5s_Gemm_obscuB
331,16s,train,5s_Genistelloides-hibernus-1
332,16s,train,5s_Geobacillus-kaustophilus-7
333,16s,train,5s_Geobacillus-stearothermophilus-4
334,16s,train,5s_Geodermatophilus-obscurus-1
335,16s,train,5s_Gracilaria-compressa-2
336,16s,train,5s_Halobacterium-sp.-2
337,16s,train,5s_Halococcus-morrhuae-2
338,16s,train,5s_Halorubrum-distributum-3
339,16s,train,5s_Halorubrum-saccharovorum-1
340,16s,train,5s_Halorubrum-terrestre-1
341,16s,train,5s_Halorubrum-terrestre-2
342,16s,train,5s_Hyphomicrobium-sp.-4
343,16s,train,5s_Hyphomicrobium-vulgare-1
344,16s,train,5s_Hyphomonas-oligotropha-1
345,16s,train,5s_Isosphaera-pallida-1
346,16s,train,5s_Klebsormidium-flaccidum-1
347,16s,train,5s_Lactobacillus-delbrueckii-1
348,16s,train,5s_Lactobacillus-johnsonii-1
349,16s,train,5s_Lactococcus-lactis-2
350,16s,train,5s_Lactococcus-lactis-4
351,16s,train,5s_Limulus-polyphemus-1
352,16s,train,5s_Loofah-witches-broom-phytoplasma-1
353,16s,train,5s_Meloidogyne-arenaria-2
354,16s,train,5s_Meloidogyne-artiellia-1
355,16s,train,5s_Methanobrevibacter-ruminantium-1
356,16s,train,5s_Methanococcus-maripaludis-1
357,16s,train,5s_Methanopyrus-kandleri-1
358,16s,train,5s_Methanosarcina-barkeri-1
359,16s,train,5s_Methanosarcina-mazei-2
360,16s,train,5s_Methanosarcina-vacuolata-1
361,16s,train,5s_Methanospirillum-hungatei-1
362,16s,train,5s_Methanothermobacter-thermautotrophicus-1
363,16s,train,5s_Methanothermobacter-thermautotrophicus-5
364,16s,train,5s_Methanothermobacter-thermautotrophicus-6
365,16s,train,5s_Methanothermococcus-thermolithotrophicus-1
366,16s,train,5s_Microtetraspora-glauca-1
367,16s,train,5s_Mycoplasma-flocculare-1
368,16s,train,5s_Mycoplasma-gallisepticum-4
369,16s,train,5s_Mycoplasma-genitalium-1
370,16s,train,5s_Mycoplasma-mobile-1
371,16s,train,5s_Mycoplasma-pulmonis-1
372,16s,train,5s_Mycoplasma-sp.-2
373,16s,train,5s_Myxococcus-coralloides-1
374,16s,train,5s_Nanoarchaeum-equitans-1
375,16s,train,5s_Natrinema-sp.-1
376,16s,train,5s_Nephila-clavipes-1
377,16s,train,5s_Neurospora-crassa-11
378,16s,train,5s_Neurospora-crassa-12
379,16s,train,5s_Neurospora-intermedia-1
380,16s,train,5s_Nitrobacter-winogradskyi-1
381,16s,train,5s_Nocardia-farcinica-1
382,16s,train,5s_Notophthalmus-viridescens-1
383,16s,train,5s_Oceanobacillus-iheyensis-4
384,16s,train,5s_Octopus-vulgaris-1
385,16s,train,5s_Onchocerca-volvulus-1
386,16s,train,5s_Oryza-sativa-2
387,16s,train,5s_Paenibacillus-popilliae-1
388,16s,train,5s_Palmaria-palmata-1
389,16s,train,5s_Paracentrotus-lividus-2
390,16s,train,5s_Paramecium-tetraurelia-1
391,16s,train,5s_Pedobacter-heparinus-1
392,16s,train,5s_Pichia-membranifaciens-1
393,16s,train,5s_Planocera-reticulata-1
394,16s,train,5s_Plasmodium-falciparum-1
395,16s,train,5s_Pleurodeles-waltl-1
396,16s,train,5s_Pneumocystis-carinii-1
397,16s,train,5s_Porphyra-yezoensis-1
398,16s,train,5s_Porphyromonas-gingivalis-2
399,16s,train,5s_Proasellus-coxalis-1
400,16s,train,5s_Pseudomonas-stutzeri-2
401,16s,train,5s_Pyrenophora-graminea-1
402,16s,train,5s_Pyrococcus-abyssi-1
403,16s,train,5s_Pyrococcus-horikoshii-2
404,16s,train,5s_Ralstonia-solanacearum-2
405,16s,train,5s_Rana-pipiens-1
406,16s,train,5s_Rhodobacter-capsulatus-3
407,16s,train,5s_Rhodobacter-sphaeroides-1
408,16s,train,5s_Rhodobacter-sphaeroides-3
409,16s,train,5s_Rhodococcus-fascians-2
410,16s,train,5s_Rhodopirellula-baltica-1
411,16s,train,5s_Rickettsia-prowazekii-1
412,16s,train,5s_Roseococcus-thiosulfatophilus-1
413,16s,train,5s_Roseococcus-thiosulfatophilus-2
414,16s,train,5s_Saccharomyces-cerevisiae-3
415,16s,train,5s_Sandaracinobacter-sibiricus-1
416,16s,train,5s_Saprospira-grandis-1
417,16s,train,5s_Scenedesmus-obliquus-1
418,16s,train,5s_Silicibacter-pomeroyi-1
419,16s,train,5s_Sphingomonas-ursincola-1
420,16s,train,5s_Spirogyra-sp.-1
421,16s,train,5s_Spirosoma-sp.-1
422,16s,train,5s_Sterkiella-nova-1
423,16s,train,5s_Streptococcus-pyogenes-4
424,16s,train,5s_Streptococcus-salivarius-1
425,16s,train,5s_Streptomyces-coelicolor-5
426,16s,train,5s_Streptomyces-nodosus-2
427,16s,train,5s_Streptomyces-violaceus-1
428,16s,train,5s_Sulfolobus-tokodaii-1
429,16s,train,5s_Sulfurococcus-mirabilis-1
430,16s,train,5s_Symbiobacterium-thermophilum-3
431,16s,train,5s_Symbiobacterium-thermophilum-4
432,16s,train,5s_T_cruziE
433,16s,train,5s_Taxus-baccata-1
434,16s,train,5s_Thermomicrobium-roseum-1
435,16s,train,5s_Thermoplasma-volcanium-1
436,16s,train,5s_Thermotoga-sp.-3
437,16s,train,5s_Thermus-aquaticus-1
438,16s,train,5s_Thiobacillus-thioparus-1
439,16s,train,5s_Thraustochytrium-visurgense-2
440,16s,train,5s_Tilletiaria-anomala-1
441,16s,train,5s_Toxoplasma-gondii-2
442,16s,train,5s_Tremella-mesenterica-1
443,16s,train,5s_Tremella-mesenterica-2
444,16s,train,5s_Tricharina-hiemalis-1
445,16s,train,5s_Trichoplax-adhaerens-1
446,16s,train,5s_Triticum-aestivum-1
447,16s,train,5s_Tuberoidobacter-mutans-1
448,16s,train,5s_Ulva-pertusa-1
449,16s,train,5s_Ureaplasma-urealyticum-3
450,16s,train,5s_Uthatobasidium-fusisporum-1
451,16s,train,5s_Verrucomicrobium-spinosum-1
452,16s,train,5s_Vibrio-nereis-1
453,16s,train,5s_Vitreoscilla-stercoraria-1
454,16s,train,5s_Weissella-viridescens-2
455,16s,train,5s_Wigglesworthia-glossinidia-1
456,16s,train,5s_Wolbachia-endosymbiont-of-D.-melanogaster-1
457,16s,train,5s_Wolbachia-pipientis-1
458,16s,train,5s_Wolinella-succinogenes-1
459,16s,train,5s_Wuchereria-bancrofti-1
460,16s,train,5s_Xenopus-borealis-3
461,16s,train,5s_Xenopus-laevis-5
462,16s,train,5s_Xenopus-tropicalis-2
463,16s,train,5s_Xylella-fastidiosa-2
464,16s,train,5s_Zymomonas-mobilis-1
465,16s,train,5s_uncultured-euryarchaeote-37F11-1
466,16s,train,RNaseP_A.brierleyi
467,16s,train,RNaseP_A.erythreum
468,16s,train,RNaseP_A.eutrophus
469,16s,train,RNaseP_A.laidlawii
470,16s,train,RNaseP_A.nidulans
471,16s,train,RNaseP_A.pernix
472,16s,train,RNaseP_A.telluris
473,16s,train,RNaseP_Anabaena-PCC7120
474,16s,train,RNaseP_B.anthracis
475,16s,train,RNaseP_B.brevis
476,16s,train,RNaseP_B.bronchiseptica
477,16s,train,RNaseP_B.burgdorferi-g
478,16s,train,RNaseP_B.pertussis
479,16s,train,RNaseP_B.thetaiotaomicron
480,16s,train,RNaseP_Buchnera-APS
481,16s,train,RNaseP_C.acetobutylicum
482,16s,train,RNaseP_C.crescentus
483,16s,train,RNaseP_C.diphtheriae
484,16s,train,RNaseP_C.innocuum
485,16s,train,RNaseP_C.jejuni
486,16s,train,RNaseP_C.opuntiae
487,16s,train,RNaseP_C.paradoxa-cyanelle
488,16s,train,RNaseP_C.pneumoniae-CWL029
489,16s,train,RNaseP_C.psittaci-2
490,16s,train,RNaseP_C.psittaci-R54
491,16s,train,RNaseP_C.tepidum-g
492,16s,train,RNaseP_C.trachomatis-D
493,16s,train,RNaseP_CPA49
494,16s,train,RNaseP_CPA56
495,16s,train,RNaseP_CPA58
496,16s,train,RNaseP_CPA59
497,16s,train,RNaseP_CPA61
498,16s,train,RNaseP_CPA62
499,16s,train,RNaseP_CPB144
500,16s,train,RNaseP_CPB149
501,16s,train,RNaseP_CPB69
502,16s,train,RNaseP_CPB70
503,16s,train,RNaseP_CPB7776
504,16s,train,RNaseP_Calothrix-PCC7601
505,16s,train,RNaseP_D.jeanneae
506,16s,train,RNaseP_D.radiodurans
507,16s,train,RNaseP_D.radiodurans-g
508,16s,train,RNaseP_Dermocarpa-PCC7437
509,16s,train,RNaseP_E.thermomarinus
510,16s,train,RNaseP_EM14b-11
511,16s,train,RNaseP_EM14b-9
512,16s,train,RNaseP_ESH183D
513,16s,train,RNaseP_ESH212C
514,16s,train,RNaseP_ESH26-4
515,16s,train,RNaseP_ESH30-3
516,16s,train,RNaseP_ESH46a-1
517,16s,train,RNaseP_ESH7-4
518,16s,train,RNaseP_G.sulfurreducens
519,16s,train,RNaseP_H.aurantiacus
520,16s,train,RNaseP_H.chlorum-partial
521,16s,train,RNaseP_H.influenza
522,16s,train,RNaseP_H.mobilis
523,16s,train,RNaseP_H.morrhuae
524,16s,train,RNaseP_H.pylori-RU1
525,16s,train,RNaseP_H.sapiens
526,16s,train,RNaseP_H.trapanicum
527,16s,train,RNaseP_H.volcanii
528,16s,train,RNaseP_Halobacterium-NRC1
529,16s,train,RNaseP_K.polysporus
530,16s,train,RNaseP_K.thermotolerans
531,16s,train,RNaseP_L.acidophilus
532,16s,train,RNaseP_L.ferrooxidans-MK
533,16s,train,RNaseP_L.weilii
534,16s,train,RNaseP_LGA1
535,16s,train,RNaseP_LGA2
536,16s,train,RNaseP_LGA6
537,16s,train,RNaseP_LGB21
538,16s,train,RNaseP_LGB23
539,16s,train,RNaseP_LGB27
540,16s,train,RNaseP_LGB5
541,16s,train,RNaseP_LGW113
542,16s,train,RNaseP_LGW116
543,16s,train,RNaseP_LGW17
544,16s,train,RNaseP_LGW46
545,16s,train,RNaseP_M.barkeri
546,16s,train,RNaseP_M.capricolum
547,16s,train,RNaseP_M.fermentans
548,16s,train,RNaseP_M.hyopneumoniae
549,16s,train,RNaseP_M.pneumoniae
550,16s,train,RNaseP_M.thermoautotrphicumMarb
551,16s,train,RNaseP_M.tuberculosis-g
552,16s,train,RNaseP_M.vannielli
553,16s,train,RNaseP_Mxa1
554,16s,train,RNaseP_N.europaea
555,16s,train,RNaseP_N.gregoryi
556,16s,train,RNaseP_N.jensenii
557,16s,train,RNaseP_N.olivacea-chloroplast
558,16s,train,RNaseP_N.plantarum
559,16s,train,RNaseP_N.pyridinolyticus
560,16s,train,RNaseP_Nocardiodes-ATCC39419
561,16s,train,RNaseP_Nostoc-PCC7413
562,16s,train,RNaseP_Onchorhynchus-2
563,16s,train,RNaseP_Oscillatoria-PCC7515
564,16s,train,RNaseP_P.acanthamoebae
565,16s,train,RNaseP_P.canadensis
566,16s,train,RNaseP_P.cultripes
567,16s,train,RNaseP_P.gingivalis
568,16s,train,RNaseP_P.guilliermondii
569,16s,train,RNaseP_P.hollandica
570,16s,train,RNaseP_P.innocua
571,16s,train,RNaseP_P.marinus-2
572,16s,train,RNaseP_P.mississippiensis
573,16s,train,RNaseP_P.purpurea-chloroplast
574,16s,train,RNaseP_P.staleyi
575,16s,train,RNaseP_P.strasburgensis
576,16s,train,RNaseP_P.troglodytes
577,16s,train,RNaseP_PF101
578,16s,train,RNaseP_PS2
579,16s,train,RNaseP_PS24
580,16s,train,RNaseP_PS26
581,16s,train,RNaseP_PS31
582,16s,train,RNaseP_PS6
583,16s,train,RNaseP_PS8
584,16s,train,RNaseP_Prochlorococcus-NATL2
585,16s,train,RNaseP_Pseudoanabaena-PCC6903
586,16s,train,RNaseP_R.americana-mito
587,16s,train,RNaseP_R.capsulatus
588,16s,train,RNaseP_R.norvegicus
589,16s,train,RNaseP_R.palustris
590,16s,train,RNaseP_R.prowazekii
591,16s,train,RNaseP_R.rubrum
592,16s,train,RNaseP_Rr327
593,16s,train,RNaseP_Rr368
594,16s,train,RNaseP_S.acidocaldarius
595,16s,train,RNaseP_S.aureus
596,16s,train,RNaseP_S.castellii
597,16s,train,RNaseP_S.dairensis
598,16s,train,RNaseP_S.epidermidis
599,16s,train,RNaseP_S.faciem
600,16s,train,RNaseP_S.fibuligera
601,16s,train,RNaseP_S.globosus
602,16s,train,RNaseP_S.kluyveri
603,16s,train,RNaseP_S.lividans
604,16s,train,RNaseP_S.negevensis
605,16s,train,RNaseP_S.pastorianus
606,16s,train,RNaseP_S.polymorpha
607,16s,train,RNaseP_S.pombe
608,16s,train,RNaseP_S.pyogenes
609,16s,train,RNaseP_S.servazzii
610,16s,train,RNaseP_S.solfataricus
611,16s,train,RNaseP_S.solfataricus-P2
612,16s,train,RNaseP_S.unisporus
613,16s,train,RNaseP_S.uvarum
614,16s,train,RNaseP_S.versatilis
615,16s,train,RNaseP_SL1-1
616,16s,train,RNaseP_SL2D
617,16s,train,RNaseP_SLC
618,16s,train,RNaseP_SM-A01
619,16s,train,RNaseP_SM-A06
620,16s,train,RNaseP_SM-A1315
621,16s,train,RNaseP_SM-A1621
622,16s,train,RNaseP_SM-A2135
623,16s,train,RNaseP_SM-A2539
624,16s,train,RNaseP_SM-A3048
625,16s,train,RNaseP_SM-A3254
626,16s,train,RNaseP_SM-A5584
627,16s,train,RNaseP_SM-A5888
628,16s,train,RNaseP_SM-A6296
629,16s,train,RNaseP_SMB-A3
630,16s,train,RNaseP_SMB-A5
631,16s,train,RNaseP_SMB-B1
632,16s,train,RNaseP_SMB-B2
633,16s,train,RNaseP_SMB-B3
634,16s,train,RNaseP_SMB-B4
635,16s,train,RNaseP_Saccharomonospora-K180
636,16s,train,RNaseP_Synechococcus-PCC6717
637,16s,train,RNaseP_Synechococcus-PCC7003
638,16s,train,RNaseP_Synechococcus-PCC7942
639,16s,train,RNaseP_Synechocystis-PCC6308
640,16s,train,RNaseP_Synechocystis-PCC6803
641,16s,train,RNaseP_T.album
642,16s,train,RNaseP_T.celerAL1
643,16s,train,RNaseP_T.commune
644,16s,train,RNaseP_T.delbrueckii
645,16s,train,RNaseP_T.littoralis
646,16s,train,RNaseP_T.pallidum
647,16s,train,RNaseP_T.roseum
648,16s,train,RNaseP_T.syrichta
649,16s,train,RNaseP_T.thermophilus
650,16s,train,RNaseP_T.thioparus
651,16s,train,RNaseP_T.tumescens
652,16s,train,RNaseP_T.volcanum
653,16s,train,RNaseP_U.stansburiana
654,16s,train,RNaseP_U.urealyticum
655,16s,train,RNaseP_V.cholera
656,16s,train,RNaseP_V.spinosum
657,16s,train,RNaseP_W.fluorescens
658,16s,train,RNaseP_Wolbachia-sp
659,16s,train,RNaseP_X.fastidiosa
660,16s,train,RNaseP_Y.pestis
661,16s,train,RNaseP_Z.bailii
662,16s,train,RNaseP_Z.florentinus
663,16s,train,RNaseP_Z.rouxii
664,16s,train,RNaseP_vHge2
665,16s,train,RNaseP_vHge3-5
666,16s,train,grp1_a.I1.b.Dermocarpa.sp.ATCC29371.C3.tMET
667,16s,train,grp1_a.I1.b.Phormidium.sp.N182.C3.tLEU
668,16s,train,grp1_a.I1.b.S.hofmanii.C3.tMET
669,16s,train,grp1_a.I1.b.Synechococcus.sp2.C3.tLEU
670,16s,train,grp1_a.I1.c.A.cherimola.C3.tLEU
671,16s,train,grp1_a.I1.c.G.prostrata.C3.tLEU
672,16s,train,grp1_a.I1.c.S.bicolor.C3.tLEU
673,16s,train,grp1_a.I1.e.A.adeninivorans.C1.LSU.2449
674,16s,train,grp1_a.I1.e.A.capsulatus.CBS213.53.C1.SSU.943
675,16s,train,grp1_a.I1.e.A.capsulatus.FLs1.C1.SSU
676,16s,train,grp1_a.I1.e.A.capsulatus.G184B.C1.SSU
677,16s,train,grp1_a.I1.e.A.capsulatus.G186B.C1.SSU
678,16s,train,grp1_a.I1.e.A.stipitatus.C1.SSU.1046
679,16s,train,grp1_a.I1.e.B.ciliata.JCM6865.C1.SSU.1506
680,16s,train,grp1_a.I1.e.B.ciliata.JCM6865.C1.SSU.943
681,16s,train,grp1_a.I1.e.B.yamatoana.JCM2896.C1.SSU.1506
682,16s,train,grp1_a.I1.e.B.yamatoana.JCM2896.C1.SSU.943
683,16s,train,grp1_a.I1.e.C.ellipsoidea.211-1a.C1.SSU.1506
684,16s,train,grp1_a.I1.e.C.ellipsoidea.IAMC-87.C1.SSU.1506
685,16s,train,grp1_a.I1.e.C.grayi.UNK.SSU.1046
686,16s,train,grp1_a.I1.e.C.grayi.UNK.SSU.1516
687,16s,train,grp1_a.I1.e.C.merochlorophea.UNK.SSU.1046
688,16s,train,grp1_a.I1.e.C.merochlorophea.UNK.SSU.1210
689,16s,train,grp1_a.I1.e.C.merochlorophea.UNK.SSU.1389
690,16s,train,grp1_a.I1.e.C.merochlorophea.UNK.SSU.1516
691,16s,train,grp1_a.I1.e.C.saccatum.C1.SSU.1512
692,16s,train,grp1_a.I1.e.C.saxonicum.C1.SSU.1506
693,16s,train,grp1_a.I1.e.D.parva.C1.SSU.1512
694,16s,train,grp1_a.I1.e.D.parva.C1.SSU.943
695,16s,train,grp1_a.I1.e.D.salina.C1.SSU.943
696,16s,train,grp1_a.I1.e.E.dermatitidis.C1.SSU.943
697,16s,train,grp1_a.I1.e.G.planctonica.C1.SSU.943
698,16s,train,grp1_a.I1.e.G.spirotaenia.C1.SSU.1506
699,16s,train,grp1_a.I1.e.L.dispersa.UNK.SSU.1046
700,16s,train,grp1_a.I1.e.L.dispersa.UNK.SSU.114
701,16s,train,grp1_a.I1.e.L.dispersa.UNK.SSU.1210
702,16s,train,grp1_a.I1.e.L.dispersa.UNK.SSU.1516
703,16s,train,grp1_a.I1.e.L.dispersa.UNK.SSU.287
704,16s,train,grp1_a.I1.e.L.dispersa.UNK.SSU.516
705,16s,train,grp1_a.I1.e.L.dispersa.UNK.SSU.789
706,16s,train,grp1_a.I1.e.M.caldariorum.C1.SSU.1506
707,16s,train,grp1_a.I1.e.P.carinii.C1.SSU.1506
708,16s,train,grp1_a.I1.e.P.carinii.Pc1.C1.LSU.1921
709,16s,train,grp1_a.I1.e.P.carinii.Pc2.C1.LSU.1921
710,16s,train,grp1_a.I1.e.P.carinii.Pc3.C1.LSU.1921
711,16s,train,grp1_a.I1.e.P.clavariiformis.C1.SSU.943
712,16s,train,grp1_a.I1.e.P.inouyei.C1.SSU.1506
713,16s,train,grp1_a.I1.e.P.inouyei.C1.SSU.943
714,16s,train,grp1_a.I1.e.P.macrosporus.C1.SSU.1506
715,16s,train,grp1_a.I1.e.P.macrosporus.C1.SSU.943
716,16s,train,grp1_a.I1.e.P.pachydermus.C1.SSU.943
717,16s,train,grp1_a.I1.e.P.sarcinoidea.C1.SSU.943
718,16s,train,grp1_a.I1.e.S.granulatum.C1.SSU.1506
719,16s,train,grp1_a.I1.e.S.paniceum.UNK.SSU.1052
720,16s,train,grp1_a.I1.e.S.paniceum.UNK.SSU.114
721,16s,train,grp1_a.I1.e.S.paniceum.UNK.SSU.1210
722,16s,train,grp1_a.I1.e.S.paniceum.UNK.SSU.1506
723,16s,train,grp1_a.I1.e.S.paniceum.UNK.SSU.287
724,16s,train,grp1_a.I1.e.S.sclerotiorum_1837.C1.LSU.798
725,16s,train,grp1_a.I1.e.Staurastrum.sp.M752.C1.SSU.1506
726,16s,train,grp1_a.I1.e.Staurastrum.sp.M753.C1.SSU.1506
727,16s,train,grp1_a.I1.e.T.cosmopolitanis.C1.LSU.1925
728,16s,train,grp1_a.I1.e.T.hyperangularis.C1.LSU.1925
729,16s,train,grp1_a.I1.e.T.malaccensis.C1.LSU.1925
730,16s,train,grp1_a.I1.e.T.pigmentosa.C1.LSU.1925
731,16s,train,grp1_a.I1.e.U.maydis.C1.SSU.943
732,16s,train,grp1_a.I1.m.M.grisea.B2.ND1
733,16s,train,grp1_a.I1.m.S.luteus.A1.LSU.2504
734,16s,train,grp1_a.I1.m.S.pombe.B1.OX1
735,16s,train,grp1_b.I1.e.C.saccharophila.C1.SSU.156
736,16s,train,grp1_b.I1.e.M.anisopliae.2.C1.LSU.1921
737,16s,train,grp1_b.I1.e.M.anisopliae.3.C1.LSU.1921
738,16s,train,grp1_b.I1.e.T.thermophila.C1.LSU.1925
739,16s,train,grp1_s.I1.e.T.thermophila.C1.LSU.1925.schem
740,16s,train,grp1_a.I1.b.Dermocarpa.sp.ATCC29371.C3.tMET
741,16s,train,grp1_a.I1.b.Phormidium.sp.N182.C3.tLEU
742,16s,train,grp1_a.I1.b.S.hofmanii.C3.tMET
743,16s,train,grp1_a.I1.b.Synechococcus.sp2.C3.tLEU
744,16s,train,grp1_a.I1.c.A.cherimola.C3.tLEU
745,16s,train,grp1_a.I1.c.G.prostrata.C3.tLEU
746,16s,train,grp1_a.I1.c.S.bicolor.C3.tLEU
747,16s,train,grp1_a.I1.e.A.adeninivorans.C1.LSU.2449
748,16s,train,grp1_a.I1.e.A.capsulatus.CBS213.53.C1.SSU.943
749,16s,train,grp1_a.I1.e.A.capsulatus.FLs1.C1.SSU
750,16s,train,grp1_a.I1.e.A.capsulatus.G184B.C1.SSU
751,16s,train,grp1_a.I1.e.A.capsulatus.G186B.C1.SSU
752,16s,train,grp1_a.I1.e.A.stipitatus.C1.SSU.1046
753,16s,train,grp1_a.I1.e.B.ciliata.JCM6865.C1.SSU.1506
754,16s,train,grp1_a.I1.e.B.ciliata.JCM6865.C1.SSU.943
755,16s,train,grp1_a.I1.e.B.yamatoana.JCM2896.C1.SSU.1506
756,16s,train,grp1_a.I1.e.B.yamatoana.JCM2896.C1.SSU.943
757,16s,train,grp1_a.I1.e.C.ellipsoidea.211-1a.C1.SSU.1506
758,16s,train,grp1_a.I1.e.C.ellipsoidea.IAMC-87.C1.SSU.1506
759,16s,train,grp1_a.I1.e.C.grayi.UNK.SSU.1046
760,16s,train,grp1_a.I1.e.C.grayi.UNK.SSU.1516
761,16s,train,grp1_a.I1.e.C.merochlorophea.UNK.SSU.1046
762,16s,train,grp1_a.I1.e.C.merochlorophea.UNK.SSU.1210
763,16s,train,grp1_a.I1.e.C.merochlorophea.UNK.SSU.1389
764,16s,train,grp1_a.I1.e.C.merochlorophea.UNK.SSU.1516
765,16s,train,grp1_a.I1.e.C.saccatum.C1.SSU.1512
766,16s,train,grp1_a.I1.e.C.saxonicum.C1.SSU.1506
767,16s,train,grp1_a.I1.e.D.parva.C1.SSU.1512
768,16s,train,grp1_a.I1.e.D.parva.C1.SSU.943
769,16s,train,grp1_a.I1.e.D.salina.C1.SSU.943
770,16s,train,grp1_a.I1.e.E.dermatitidis.C1.SSU.943
771,16s,train,grp1_a.I1.e.G.planctonica.C1.SSU.943
772,16s,train,grp1_a.I1.e.G.spirotaenia.C1.SSU.1506
773,16s,train,grp1_a.I1.e.L.dispersa.UNK.SSU.1046
774,16s,train,grp1_a.I1.e.L.dispersa.UNK.SSU.114
775,16s,train,grp1_a.I1.e.L.dispersa.UNK.SSU.1210
776,16s,train,grp1_a.I1.e.L.dispersa.UNK.SSU.1516
777,16s,train,grp1_a.I1.e.L.dispersa.UNK.SSU.287
778,16s,train,grp1_a.I1.e.L.dispersa.UNK.SSU.516
779,16s,train,grp1_a.I1.e.L.dispersa.UNK.SSU.789
780,16s,train,grp1_a.I1.e.M.caldariorum.C1.SSU.1506
781,16s,train,grp1_a.I1.e.P.carinii.C1.SSU.1506
782,16s,train,grp1_a.I1.e.P.carinii.Pc1.C1.LSU.1921
783,16s,train,grp1_a.I1.e.P.carinii.Pc2.C1.LSU.1921
784,16s,train,grp1_a.I1.e.P.carinii.Pc3.C1.LSU.1921
785,16s,train,grp1_a.I1.e.P.clavariiformis.C1.SSU.943
786,16s,train,grp1_a.I1.e.P.inouyei.C1.SSU.1506
787,16s,train,grp1_a.I1.e.P.inouyei.C1.SSU.943
788,16s,train,grp1_a.I1.e.P.macrosporus.C1.SSU.1506
789,16s,train,grp1_a.I1.e.P.macrosporus.C1.SSU.943
790,16s,train,grp1_a.I1.e.P.pachydermus.C1.SSU.943
791,16s,train,grp1_a.I1.e.P.sarcinoidea.C1.SSU.943
792,16s,train,grp1_a.I1.e.S.granulatum.C1.SSU.1506
793,16s,train,grp1_a.I1.e.S.paniceum.UNK.SSU.1052
794,16s,train,grp1_a.I1.e.S.paniceum.UNK.SSU.114
795,16s,train,grp1_a.I1.e.S.paniceum.UNK.SSU.1210
796,16s,train,grp1_a.I1.e.S.paniceum.UNK.SSU.1506
797,16s,train,grp1_a.I1.e.S.paniceum.UNK.SSU.287
798,16s,train,grp1_a.I1.e.S.sclerotiorum_1837.C1.LSU.798
799,16s,train,grp1_a.I1.e.Staurastrum.sp.M752.C1.SSU.1506
800,16s,train,grp1_a.I1.e.Staurastrum.sp.M753.C1.SSU.1506
801,16s,train,grp1_a.I1.e.T.cosmopolitanis.C1.LSU.1925
802,16s,train,grp1_a.I1.e.T.hyperangularis.C1.LSU.1925
803,16s,train,grp1_a.I1.e.T.malaccensis.C1.LSU.1925
804,16s,train,grp1_a.I1.e.T.pigmentosa.C1.LSU.1925
805,16s,train,grp1_a.I1.e.U.maydis.C1.SSU.943
806,16s,train,grp1_a.I1.m.M.grisea.B2.ND1
807,16s,train,grp1_a.I1.m.S.luteus.A1.LSU.2504
808,16s,train,grp1_a.I1.m.S.pombe.B1.OX1
809,16s,train,grp1_b.I1.e.C.saccharophila.C1.SSU.156
810,16s,train,grp1_b.I1.e.M.anisopliae.2.C1.LSU.1921
811,16s,train,grp1_b.I1.e.M.anisopliae.3.C1.LSU.1921
812,16s,train,grp1_b.I1.e.T.thermophila.C1.LSU.1925
813,16s,train,grp1_s.I1.e.T.thermophila.C1.LSU.1925.schem
814,16s,train,grp1_a.I1.b.Dermocarpa.sp.ATCC29371.C3.tMET
815,16s,train,grp1_a.I1.b.Phormidium.sp.N182.C3.tLEU
816,16s,train,grp1_a.I1.b.S.hofmanii.C3.tMET
817,16s,train,grp1_a.I1.b.Synechococcus.sp2.C3.tLEU
818,16s,train,grp1_a.I1.c.A.cherimola.C3.tLEU
819,16s,train,grp1_a.I1.c.G.prostrata.C3.tLEU
820,16s,train,grp1_a.I1.c.S.bicolor.C3.tLEU
821,16s,train,grp1_a.I1.e.A.adeninivorans.C1.LSU.2449
822,16s,train,grp1_a.I1.e.A.capsulatus.CBS213.53.C1.SSU.943
823,16s,train,grp1_a.I1.e.A.capsulatus.FLs1.C1.SSU
824,16s,train,grp1_a.I1.e.A.capsulatus.G184B.C1.SSU
825,16s,train,grp1_a.I1.e.A.capsulatus.G186B.C1.SSU
826,16s,train,grp1_a.I1.e.A.stipitatus.C1.SSU.1046
827,16s,train,grp1_a.I1.e.B.ciliata.JCM6865.C1.SSU.1506
828,16s,train,grp1_a.I1.e.B.ciliata.JCM6865.C1.SSU.943
829,16s,train,grp1_a.I1.e.B.yamatoana.JCM2896.C1.SSU.1506
830,16s,train,grp1_a.I1.e.B.yamatoana.JCM2896.C1.SSU.943
831,16s,train,grp1_a.I1.e.C.ellipsoidea.211-1a.C1.SSU.1506
832,16s,train,grp1_a.I1.e.C.ellipsoidea.IAMC-87.C1.SSU.1506
833,16s,train,grp1_a.I1.e.C.grayi.UNK.SSU.1046
834,16s,train,grp1_a.I1.e.C.grayi.UNK.SSU.1516
835,16s,train,grp1_a.I1.e.C.merochlorophea.UNK.SSU.1046
836,16s,train,grp1_a.I1.e.C.merochlorophea.UNK.SSU.1210
837,16s,train,grp1_a.I1.e.C.merochlorophea.UNK.SSU.1389
838,16s,train,grp1_a.I1.e.C.merochlorophea.UNK.SSU.1516
839,16s,train,grp1_a.I1.e.C.saccatum.C1.SSU.1512
840,16s,train,grp1_a.I1.e.C.saxonicum.C1.SSU.1506
841,16s,train,grp1_a.I1.e.D.parva.C1.SSU.1512
842,16s,train,grp1_a.I1.e.D.parva.C1.SSU.943
843,16s,train,grp1_a.I1.e.D.salina.C1.SSU.943
844,16s,train,grp1_a.I1.e.E.dermatitidis.C1.SSU.943
845,16s,train,grp1_a.I1.e.G.planctonica.C1.SSU.943
846,16s,train,grp1_a.I1.e.G.spirotaenia.C1.SSU.1506
847,16s,train,grp1_a.I1.e.L.dispersa.UNK.SSU.1046
848,16s,train,grp1_a.I1.e.L.dispersa.UNK.SSU.114
849,16s,train,grp1_a.I1.e.L.dispersa.UNK.SSU.1210
850,16s,train,grp1_a.I1.e.L.dispersa.UNK.SSU.1516
851,16s,train,grp1_a.I1.e.L.dispersa.UNK.SSU.287
852,16s,train,grp1_a.I1.e.L.dispersa.UNK.SSU.516
853,16s,train,grp1_a.I1.e.L.dispersa.UNK.SSU.789
854,16s,train,grp1_a.I1.e.M.caldariorum.C1.SSU.1506
855,16s,train,grp1_a.I1.e.P.carinii.C1.SSU.1506
856,16s,train,grp1_a.I1.e.P.carinii.Pc1.C1.LSU.1921
857,16s,train,grp1_a.I1.e.P.carinii.Pc2.C1.LSU.1921
858,16s,train,grp1_a.I1.e.P.carinii.Pc3.C1.LSU.1921
859,16s,train,grp1_a.I1.e.P.clavariiformis.C1.SSU.943
860,16s,train,grp1_a.I1.e.P.inouyei.C1.SSU.1506
861,16s,train,grp1_a.I1.e.P.inouyei.C1.SSU.943
862,16s,train,grp1_a.I1.e.P.macrosporus.C1.SSU.1506
863,16s,train,grp1_a.I1.e.P.macrosporus.C1.SSU.943
864,16s,train,grp1_a.I1.e.P.pachydermus.C1.SSU.943
865,16s,train,grp1_a.I1.e.P.sarcinoidea.C1.SSU.943
866,16s,train,srp_Aero.pern._BA000002
867,16s,train,srp_Ajel.caps._CV620298
868,16s,train,srp_Anto.locu._GSP-278021
869,16s,train,srp_Asco.apis._GSP-392613
870,16s,train,srp_Ashb.goss._AE016819
871,16s,train,srp_Aspe.terr._GSP-341663
872,16s,train,srp_Babe.bige._GSP-5866
873,16s,train,srp_Baci.anth._AE017225
874,16s,train,srp_Baci.anth._AE017334
875,16s,train,srp_Baci.brev._D14472
876,16s,train,srp_Bart.quin._BX897700
877,16s,train,srp_Batr.dend._GSP-403673
878,16s,train,srp_Bdel.bact._BX842656
879,16s,train,srp_Bras.oler._GSP-109376
880,16s,train,srp_Camp.jeju._CP000025
881,16s,train,srp_Camp.jeju._CP000768
882,16s,train,srp_Cand.dubl._GSP-42374
883,16s,train,srp_Cand.glab._CR380957
884,16s,train,srp_Cand.trop._GSP-294747
885,16s,train,srp_Chla.pneu._BA000008
886,16s,train,srp_Chla.trac._AE001298
887,16s,train,srp_Chlo.tepi._AE006470
888,16s,train,srp_Chlo.vulg._AB001684
889,16s,train,srp_Citr.sine._CN181544
890,16s,train,srp_Clav.lusi._GSP-306902
891,16s,train,srp_Clos.novy._CP000382
892,16s,train,srp_Clos.ther._CP000568
893,16s,train,srp_Cocc.posa._GSP-222929
894,16s,train,srp_Cryp.parv._XM_626716
895,16s,train,srp_Cyan.mero._AB002583
896,16s,train,srp_Cyan.mero._AY286123
897,16s,train,srp_Dani.rrer._CU179657
898,16s,train,srp_Deba.hans._CR382138
899,16s,train,srp_Dein.radi._AE002056
900,16s,train,srp_Desu.psyc._CR522870
901,16s,train,srp_Dich.nodo._CP000513
902,16s,train,srp_Dict.disc._BJ360333
903,16s,train,srp_Eime.tene._GSP-413949
904,16s,train,srp_Ence.cuni._AL590449
905,16s,train,srp_Enta.hist._AF487684
906,16s,train,srp_Enta.terr._GSP-110771
907,16s,train,srp_Ento.sulc._AF095839
908,16s,train,srp_Ferr.acid._GSP-333146
909,16s,train,srp_Fuso.nucl._AE009951
910,16s,train,srp_Gald.sulp._GSP-130081
911,16s,train,srp_Giar.lamb._GSP-184922
912,16s,train,srp_Gibb.zeae._GSP-229533
913,16s,train,srp_Guil.thet._AF041468
914,16s,train,srp_Haem.infl._CP000671
915,16s,train,srp_Halo.halo._CP000544
916,16s,train,srp_Halo.volc._AF395888
917,16s,train,srp_Heli.pylo._CP000241
918,16s,train,srp_Hist.caps._GSP-278162
919,16s,train,srp_Humu.lupu._AJ236705
920,16s,train,srp_Hype.buty._CP000493
921,16s,train,srp_Kluy.lact._CR382126
922,16s,train,srp_Kluy.yarr._479647571
923,16s,train,srp_Lact.case._CP000423
924,16s,train,srp_Lact.delb._AF496545
925,16s,train,srp_Lact.john._AE017198
926,16s,train,srp_Lact.john._AE017201
927,16s,train,srp_Legi.pneu._M31830
928,16s,train,srp_Leis.aeth._AY722730
929,16s,train,srp_Leis.trop._AY781789
930,16s,train,srp_Lemu.catt._GSP-9447
931,16s,train,srp_Lept.coll._AF006750
932,16s,train,srp_List.mono._AE017262
933,16s,train,srp_List.mono._U15684
934,16s,train,srp_Lodd.elon._GSP-379508
935,16s,train,srp_Lotu.corn._AP006123
936,16s,train,srp_Lotu.japo._BW598799
937,16s,train,srp_Lyco.escu._Z46746
938,16s,train,srp_Mari.aqua._CP000514
939,16s,train,srp_Medi.trun._AC136507-2
940,16s,train,srp_Medi.trun._CX540689
941,16s,train,srp_Meso.viri._AF166114
942,16s,train,srp_Meth.ferv._S49762
943,16s,train,srp_Meth.mari._CP000745
944,16s,train,srp_Meth.maze._AE008384
945,16s,train,srp_Meth.volt._M22560
946,16s,train,srp_Mono.brev._GSP-81824
947,16s,train,srp_Myco.geni._U39706
948,16s,train,srp_Myco.hyop._AE017243
949,16s,train,srp_Myco.hyop._AE017244
950,16s,train,srp_Myco.lepr._AL023596
951,16s,train,srp_Myco.pulm._AL445565
952,16s,train,srp_Myco.spec._CP000384
953,16s,train,srp_Myco.spec._CP000580
954,16s,train,srp_Myco.tube._AE000516
955,16s,train,srp_Myco.vanb._CP000511
956,16s,train,srp_Nect.haem._GSP-71109
957,16s,train,srp_Neos.fisc._GSP-331117
958,16s,train,srp_Neur.cras._AL669999
959,16s,train,srp_Odon.sine._Z67753
960,16s,train,srp_Onch.volv._BF727619
961,16s,train,srp_Oryz.sati._AC079888
962,16s,train,srp_Oryz.sati._AP003333
963,16s,train,srp_Oryz.sati._AP008207
964,16s,train,srp_Oxyt.trif._GSP-99928
965,16s,train,srp_Para.bras._EH655308
966,16s,train,srp_Para.bras._GSP-121759
967,16s,train,srp_Perk.mari._GSP-31276
968,16s,train,srp_Pers.amer._X65992
969,16s,train,srp_Phae.nodo._GSP-321614
970,16s,train,srp_Phak.pach._GSP-170000-2
971,16s,train,srp_Phyt.infe._CV911012
972,16s,train,srp_Phyt.infe._CV919934
973,16s,train,srp_Phyt.soja._GSP-67593
974,16s,train,srp_Pich.guil._GSP-294746
975,16s,train,srp_Pich.stip._CP000502
976,16s,train,srp_Picr.torr._AE017261
977,16s,train,srp_Plas.berg._DC223613
978,16s,train,srp_Plas.falc._EF690554
979,16s,train,srp_Plas.reic._GSP-5854
980,16s,train,srp_Plas.yoel._GSP-352914
981,16s,train,srp_Podo.anse._GSP-5145
982,16s,train,srp_Popu.trem._DN498769
983,16s,train,srp_Porp.purp._U38804
984,16s,train,srp_Porp.yezo._AP006715
985,16s,train,srp_Proc.mari._AE017126
986,16s,train,srp_Proc.mari._CP000111
987,16s,train,srp_Proc.mari._CP000551
988,16s,train,srp_Proc.spec._AJ011025
989,16s,train,srp_Pseu.syri._CP000058
990,16s,train,srp_Psyc.arct._CP000082
991,16s,train,srp_Psyc.cryo._CP000323
992,16s,train,srp_Psyc.ingr._CP000510
993,16s,train,srp_Pyro.abys._AJ248283
994,16s,train,srp_Pyro.aero._AE009852
995,16s,train,srp_Pyro.isla._CP000504
996,16s,train,srp_Rals.meta._CP000352
997,16s,train,srp_Rhod.balt._BX294144
998,16s,train,srp_Rick.feli._CP000053
999,16s,train,srp_Rick.typh._AE017197
1000,16s,train,srp_Sacc.cere._U18916
1001,16s,train,srp_Sacc.kluy._SKAA0027M04.b1
1002,16s,train,srp_Sacc.para._BN000251
1003,16s,train,srp_Schi.japo._GSP-402676
1004,16s,train,srp_Schi.pomb._AU010514
1005,16s,train,srp_Schi.pomb._Z99259
1006,16s,train,srp_Scle.scle._GSP-325569
1007,16s,train,srp_Sene.crue._SDB-189209
1008,16s,train,srp_Shew.balt._CP000753
1009,16s,train,srp_Shew.spec._CP000469
1010,16s,train,srp_Shig.flex._AE014073
1011,16s,train,srp_Shig.flex._AE016979
1012,16s,train,srp_Shig.flex._CP000266
1013,16s,train,srp_Sino.medi._CP000738
1014,16s,train,srp_Sola.tube._DR037646
1015,16s,train,srp_Sorg.bico._BE594178
1016,16s,train,srp_Spra.loph._GSP-51541
1017,16s,train,srp_Stap.epid._AX145149
1018,16s,train,srp_Stre.coel._AL939118
1019,16s,train,srp_Stre.muta._AE014879
1020,16s,train,srp_Stre.pneu._AE007319
1021,16s,train,srp_Stre.pyog._AM295007
1022,16s,train,srp_Stre.sang._CP000387
1023,16s,train,srp_Sulf.toko._BA000023
1024,16s,train,srp_Synt.wolf._CP000448
1025,16s,train,srp_Taen.gutt._CK235759
1026,16s,train,srp_Tetr.ther._X56981
1027,16s,train,srp_Thal.pseu._GSP-296543
1028,16s,train,srp_Thei.annu._NW_001091934
1029,16s,train,srp_Thei.parv._GSP-333668
1030,16s,train,srp_Ther.fusc._CP000088
1031,16s,train,srp_Ther.koda._AP006878
1032,16s,train,srp_Ther.mela._CP000716
1033,16s,train,srp_Ther.petr._CP000702
1034,16s,train,srp_Ther.teng._AE012978
1035,16s,train,srp_Ther.volc._BA000011
1036,16s,train,srp_Toxo.gond._CO743022
1037,16s,train,srp_Toxo.gond._GSP-398031
1038,16s,train,srp_Trep.dent._AE017226
1039,16s,train,srp_Trep.dent._AE017246
1040,16s,train,srp_Trep.pall._AE000520
1041,16s,train,srp_Trep.pall._AE001187
1042,16s,train,srp_Tric.rees._GSP-334564-1
1043,16s,train,srp_Tric.vagi._GSP-5722-2
1044,16s,train,srp_Trit.aest._BE424647
1045,16s,train,srp_Trit.aest._CA718249
1046,16s,train,srp_Trit.aest._CJ679223
1047,16s,train,srp_Trit.aest._X13915
1048,16s,train,srp_Tryp.viva._SDB-5699
1049,16s,train,srp_Unci.rees._GSP-336963
1050,16s,train,srp_Urea.parv._AE002112
1051,16s,train,srp_Vibr.vuln._BA000037
1052,16s,train,srp_Volv.cart._GSP-51971-2
1053,16s,train,srp_Wolb.endo._AB080664
1054,16s,train,srp_Wolb.endo._AE017321
1055,16s,train,srp_Xant.camp._AM039952
1056,16s,train,srp_Xant.oryz._AP008229
1057,16s,train,srp_Xeno.laev._X01055
1058,16s,train,srp_Yarr.lipo._X51658
1059,16s,train,srp_Yers.ente._AM286415
1060,16s,train,srp_Yers.pseu._BX936398
1061,16s,train,srp_Yers.pseu._CP000720
1062,16s,train,srp_Zea.mays._X14661
1063,16s,train,srp_Zygo.roux._BN000170
1064,16s,train,srp_Zymo.mobi._AE008692
1065,16s,train,srp_Zymo.mobi._AF203881
1066,16s,train,tRNA_tdbR00000009-Escherichia_coli-562-Ala-VGC
1067,16s,train,tRNA_tdbR00000013-Pichia_jadinii-4903-Ala-IGC
1068,16s,train,tRNA_tdbR00000019-Mycoplasma_capricolum-2095-Cys-GCA
1069,16s,train,tRNA_tdbR00000029-Asterias_amurensis-7602-Asp-QUC
1070,16s,train,tRNA_tdbR00000030-Aedes_albopictus-7160-Asp-GUC
1071,16s,train,tRNA_tdbR00000032-Rattus_norvegicus-10116-Asp-GUC
1072,16s,train,tRNA_tdbR00000033-Didelphis_virginiana-9267-Asp-QUC
1073,16s,train,tRNA_tdbR00000034-Mesocricetus_auratus-10036-Asp-GUC
1074,16s,train,tRNA_tdbR00000036-Euglena_gracilis-3039-Asp-GUC
1075,16s,train,tRNA_tdbR00000043-Haloferax_volcanii-2246-Glu-NUC
1076,16s,train,tRNA_tdbR00000046-Escherichia_coli-562-Glu-SUC
1077,16s,train,tRNA_tdbR00000049-Chlamydomonas_reinhardtii-3055-Glu-NUC
1078,16s,train,tRNA_tdbR00000052-Aedes_albopictus-7160-Glu-NUC
1079,16s,train,tRNA_tdbR00000069-Synechococcus_sp._PCC_7002-32049-Phe-GAA
1080,16s,train,tRNA_tdbR00000074-Tetrahymena_pyriformis-5908-Phe-GAA
1081,16s,train,tRNA_tdbR00000078-Ascaris_suum-6253-Phe-GAA
1082,16s,train,tRNA_tdbR00000079-Rattus_norvegicus-10116-Phe-GAA
1083,16s,train,tRNA_tdbR00000080-Bos_taurus-9913-Phe-GAA
1084,16s,train,tRNA_tdbR00000091-Pisum_sativum-3888-Phe-AA
1085,16s,train,tRNA_tdbR00000104-Enterobacteria_phage_T4-10665-Gly-NCC
1086,16s,train,tRNA_tdbR00000114-Staphylococcus_epidermidis-1282-Gly-UCC
1087,16s,train,tRNA_tdbR00000121-Salmonella_typhimurium-602-Gly-NCC
1088,16s,train,tRNA_tdbR00000124-Aedes_albopictus-7160-Gly-UCC
1089,16s,train,tRNA_tdbR00000125-Bos_taurus-9913-Gly-UCC
1090,16s,train,tRNA_tdbR00000126-Halocynthia_roretzi-7729-Gly-NCU
1091,16s,train,tRNA_tdbR00000127-Halocynthia_roretzi-7729-Gly-UCU
1092,16s,train,tRNA_tdbR00000128-Halocynthia_roretzi-7729-Gly-GCU
1093,16s,train,tRNA_tdbR00000129-Saccharomyces_cerevisiae-4932-Gly-GCC
1094,16s,train,tRNA_tdbR00000132-Lupinus_luteus-3873-Gly-GCC
1095,16s,train,tRNA_tdbR00000134-Bombyx_mori-7091-Gly-CC
1096,16s,train,tRNA_tdbR00000138-Haloferax_volcanii-2246-His-GUG
1097,16s,train,tRNA_tdbR00000141-Salmonella_typhimurium-602-His-QUG
1098,16s,train,tRNA_tdbR00000142-Saccharomyces_cerevisiae-4932-His-GUG
1099,16s,train,tRNA_tdbR00000143-Asterias_amurensis-7602-His-QUG
1100,16s,train,tRNA_tdbR00000149-Homo_sapiens-9606-His-GUG
1101,16s,train,tRNA_tdbR00000167-Aedes_albopictus-7160-Ile-GAU
1102,16s,train,tRNA_tdbR00000168-Bos_taurus-9913-Ile-GAU
1103,16s,train,tRNA_tdbR00000169-Homo_sapiens-9606-Ile-GAU
1104,16s,train,tRNA_tdbR00000173-Bombyx_mori-7091-Ile-IAU
1105,16s,train,tRNA_tdbR00000174-Mus_musculus-10090-Ile-IAU
1106,16s,train,tRNA_tdbR00000177-Mycoplasma_capricolum-2095-Lys-CUU
1107,16s,train,tRNA_tdbR00000184-Asterias_amurensis-7602-Lys-CUU
1108,16s,train,tRNA_tdbR00000189-Rattus_norvegicus-10116-Lys-NUU
1109,16s,train,tRNA_tdbR00000190-Bos_taurus-9913-Lys-NUU
1110,16s,train,tRNA_tdbR00000191-Mesocricetus_auratus-10036-Lys-NUU
1111,16s,train,tRNA_tdbR00000194-Triticum_aestivum-4565-Lys-CUU
1112,16s,train,tRNA_tdbR00000206-Loligo_bleekeri-6617-Lys-UUU
1113,16s,train,tRNA_tdbR00000210-Enterobacteria_phage_T5-10726-Leu-UAG
1114,16s,train,tRNA_tdbR00000211-Haloferax_volcanii-2246-Leu-CAA
1115,16s,train,tRNA_tdbR00000217-Mycoplasma_capricolum-2095-Leu-AA
1116,16s,train,tRNA_tdbR00000223-Salmonella_typhimurium-602-Leu-CAG
1117,16s,train,tRNA_tdbR00000224-Rhodospirillum_rubrum-1085-Leu-CAA
1118,16s,train,tRNA_tdbR00000225-Synechococcus_elongatus_PCC_6301-269084-Leu-CAA
1119,16s,train,tRNA_tdbR00000234-Spinacia_oleracea-3562-Leu-UA7
1120,16s,train,tRNA_tdbR00000237-Saccharomyces_cerevisiae-4932-Leu-AA
1121,16s,train,tRNA_tdbR00000243-Rattus_norvegicus-10116-Leu-UAG
1122,16s,train,tRNA_tdbR00000244-Rattus_norvegicus-10116-Leu-UAG
1123,16s,train,tRNA_tdbR00000245-Rattus_norvegicus-10116-Leu-UAG
1124,16s,train,tRNA_tdbR00000246-Bos_taurus-9913-Leu-NAA
1125,16s,train,tRNA_tdbR00000247-Bos_taurus-9913-Leu-UAG
1126,16s,train,tRNA_tdbR00000251-Saccharomyces_cerevisiae-4932-Leu-UAA
1127,16s,train,tRNA_tdbR00000261-Cucumis_sativus-3659-Leu-NAA
1128,16s,train,tRNA_tdbR00000263-Rattus_norvegicus-10116-Leu-AA
1129,16s,train,tRNA_tdbR00000266-Bos_taurus-9913-Leu-AA
1130,16s,train,tRNA_tdbR00000280-Saccharomyces_cerevisiae-4932-Met-CAU
1131,16s,train,tRNA_tdbR00000282-Ascaris_suum-6253-Met-AU
1132,16s,train,tRNA_tdbR00000283-Gallus_gallus-9031-Met-AU
1133,16s,train,tRNA_tdbR00000289-Homo_sapiens-9606-Met-BAU
1134,16s,train,tRNA_tdbR00000290-Enterobacteria_phage_T5-10726-Asn-GUU
1135,16s,train,tRNA_tdbR00000294-Mycoplasma_capricolum-2095-Asn-GUU
1136,16s,train,tRNA_tdbR00000299-Asterias_amurensis-7602-Asn-GPU
1137,16s,train,tRNA_tdbR00000312-Haloferax_volcanii-2246-Pro-GGG
1138,16s,train,tRNA_tdbR00000313-Haloferax_volcanii-2246-Pro-UGG
1139,16s,train,tRNA_tdbR00000318-Salmonella_typhimurium-602-Pro-GGG
1140,16s,train,tRNA_tdbR00000321-Saccharomyces_cerevisiae-4932-Pro-UGG
1141,16s,train,tRNA_tdbR00000325-Pichia_jadinii-4903-Pro-GG
1142,16s,train,tRNA_tdbR00000328-Enterobacteria_phage_T5-10726-Gln-UUG
1143,16s,train,tRNA_tdbR00000331-Mycoplasma_capricolum-2095-Gln-UG
1144,16s,train,tRNA_tdbR00000333-Escherichia_coli-562-Gln-NUG
1145,16s,train,tRNA_tdbR00000334-Hordeum_vulgare-4513-Gln-UG
1146,16s,train,tRNA_tdbR00000335-Nicotiana_rustica-4093-Gln-NUG
1147,16s,train,tRNA_tdbR00000336-Aedes_albopictus-7160-Gln-NUG
1148,16s,train,tRNA_tdbR00000345-Homo_sapiens-9606-Gln-NUG
1149,16s,train,tRNA_tdbR00000347-Enterobacteria_phage_T4-10665-Arg-NCU
1150,16s,train,tRNA_tdbR00000350-Haloferax_volcanii-2246-Arg-GCG
1151,16s,train,tRNA_tdbR00000351-Haloferax_volcanii-2246-Arg-NCG
1152,16s,train,tRNA_tdbR00000352-Mycoplasma_capricolum-2095-Arg-ICG
1153,16s,train,tRNA_tdbR00000359-Escherichia_coli-562-Arg-CCG
1154,16s,train,tRNA_tdbR00000361-Saccharomyces_cerevisiae-4932-Arg-ACG
1155,16s,train,tRNA_tdbR00000363-Ascaris_suum-6253-Arg-PCU
1156,16s,train,tRNA_tdbR00000364-Ascaris_suum-6253-Arg-ACG
1157,16s,train,tRNA_tdbR00000365-Aedes_albopictus-7160-Arg-UCG
1158,16s,train,tRNA_tdbR00000366-Rattus_norvegicus-10116-Arg-UCG
1159,16s,train,tRNA_tdbR00000367-Bos_taurus-9913-Arg-UCG
1160,16s,train,tRNA_tdbR00000368-Mesocricetus_auratus-10036-Arg-UCG
1161,16s,train,tRNA_tdbR00000379-Enterobacteria_phage_T4-10665-Ser-NGA
1162,16s,train,tRNA_tdbR00000380-Halobacterium_salinarum-2242-Ser-MGA
1163,16s,train,tRNA_tdbR00000381-Haloferax_volcanii-2246-Ser-GCU
1164,16s,train,tRNA_tdbR00000382-Haloferax_volcanii-2246-Ser-MGA
1165,16s,train,tRNA_tdbR00000383-Haloferax_volcanii-2246-Ser-GGA
1166,16s,train,tRNA_tdbR00000385-Mycoplasma_capricolum-2095-Ser-UGA
1167,16s,train,tRNA_tdbR00000386-Mycoplasma_mycoides-2102-Ser-UGA
1168,16s,train,tRNA_tdbR00000387-Bacillus_subtilis-1423-Ser-5GA
1169,16s,train,tRNA_tdbR00000389-Bacillus_subtilis-1423-Ser-GGA
1170,16s,train,tRNA_tdbR00000390-Escherichia_coli-562-Ser-CGA
1171,16s,train,tRNA_tdbR00000391-Escherichia_coli-562-Ser-GCU
1172,16s,train,tRNA_tdbR00000392-Escherichia_coli-562-Ser-GGA
1173,16s,train,tRNA_tdbR00000393-Escherichia_coli-562-Ser-GGA
1174,16s,train,tRNA_tdbR00000394-Escherichia_coli-562-Ser-VGA
1175,16s,train,tRNA_tdbR00000395-Saccharomyces_cerevisiae-4932-Ser-GCU
1176,16s,train,tRNA_tdbR00000396-Saccharomyces_cerevisiae-4932-Ser-UGA
1177,16s,train,tRNA_tdbR00000397-Saccharomyces_cerevisiae-4932-Ser-UGA
1178,16s,train,tRNA_tdbR00000398-Ascaris_suum-6253-Ser-UCU
1179,16s,train,tRNA_tdbR00000399-Aedes_albopictus-7160-Ser-GCU
1180,16s,train,tRNA_tdbR00000400-Loligo_bleekeri-6617-Ser-7CU
1181,16s,train,tRNA_tdbR00000403-Bos_taurus-9913-Ser-UGA
1182,16s,train,tRNA_tdbR00000406-Saccharomyces_cerevisiae-4932-Ser-NGA
1183,16s,train,tRNA_tdbR00000409-Candida_cylindracea-44322-Ser-CAG
1184,16s,train,tRNA_tdbR00000412-Candida_cylindracea-44322-Ser-CGA
1185,16s,train,tRNA_tdbR00000413-Candida_cylindracea-44322-Ser-GCU
1186,16s,train,tRNA_tdbR00000414-Lupinus_luteus-3873-Ser-CGA
1187,16s,train,tRNA_tdbR00000419-Nicotiana_rustica-4093-Ser-IGA
1188,16s,train,tRNA_tdbR00000420-Spinacia_oleracea-3562-Ser-IGA
1189,16s,train,tRNA_tdbR00000423-Rattus_norvegicus-10116-Ser-IGA
1190,16s,train,tRNA_tdbR00000426-Drosophila_melanogaster-7227-Ser-CGA
1191,16s,train,tRNA_tdbR00000428-Homo_sapiens-9606-Ser-UGA
1192,16s,train,tRNA_tdbR00000438-Escherichia_coli-562-Thr-GGU
1193,16s,train,tRNA_tdbR00000440-Neurospora_crassa-5141-Thr-UGU
1194,16s,train,tRNA_tdbR00000459-Neurospora_crassa-5141-Val-UAC
1195,16s,train,tRNA_tdbR00000460-Aedes_albopictus-7160-Val-UAC
1196,16s,train,tRNA_tdbR00000461-Rattus_norvegicus-10116-Val-UAC
1197,16s,train,tRNA_tdbR00000462-Rattus_norvegicus-10116-Val-UAC
1198,16s,train,tRNA_tdbR00000463-Bos_taurus-9913-Val-UAC
1199,16s,train,tRNA_tdbR00000466-Saccharomyces_cerevisiae-4932-Val-AC
1200,16s,train,tRNA_tdbR00000467-Pichia_jadinii-4903-Val-IAC
1201,16s,train,tRNA_tdbR00000469-Rattus_norvegicus-10116-Val-IAC
1202,16s,train,tRNA_tdbR00000474-Drosophila_melanogaster-7227-Val-NAC
1203,16s,train,tRNA_tdbR00000475-Mus_musculus-10090-Val-IAC
1204,16s,train,tRNA_tdbR00000478-Haloferax_volcanii-2246-Trp-BCA
1205,16s,train,tRNA_tdbR00000483-Bacillus_subtilis-1423-Trp-CCA
1206,16s,train,tRNA_tdbR00000488-Tetrahymena_thermophila-5911-Trp-CA
1207,16s,train,tRNA_tdbR00000489-Neurospora_crassa-5141-Trp-NCA
1208,16s,train,tRNA_tdbR00000490-Saccharomyces_cerevisiae-4932-Trp-CA
1209,16s,train,tRNA_tdbR00000492-Rattus_norvegicus-10116-Trp-NCA
1210,16s,train,tRNA_tdbR00000493-Bos_taurus-9913-Trp-NCA
1211,16s,train,tRNA_tdbR00000494-Saccharomyces_cerevisiae-4932-Trp-BCA
1212,16s,train,tRNA_tdbR00000504-Mycoplasma_capricolum-2095-Ini-CAU
1213,16s,train,tRNA_tdbR00000505-Mycoplasma_mycoides-2102-Ini-CAU
1214,16s,train,tRNA_tdbR00000516-Spinacia_oleracea-3562-Ini-CAU
1215,16s,train,tRNA_tdbR00000517-Neurospora_crassa-5141-Ini-CAU
1216,16s,train,tRNA_tdbR00000518-Saccharomyces_cerevisiae-4932-Ini-CAU
1217,16s,train,tRNA_tdbR00000519-Phaseolus_vulgaris-3885-Ini-CAU
1218,16s,train,tRNA_tdbR00000520-Aedes_albopictus-7160-Ini-CAU
1219,16s,train,tRNA_tdbR00000521-Bos_taurus-9913-Ini-CAU
1220,16s,train,tRNA_tdbR00000522-Bos_taurus-9913-Ini-AU
1221,16s,train,tRNA_tdbR00000541-Haloferax_volcanii-2246-Tyr-GUA
1222,16s,train,tRNA_tdbR00000542-Mycoplasma_capricolum-2095-Tyr-GUA
1223,16s,train,tRNA_tdbR00000547-Geobacillus_stearothermophilus-1422-Tyr-QUA
1224,16s,train,tRNA_tdbR00000548-Scenedesmus_obliquus-3088-Tyr-GUA
1225,16s,train,tRNA_tdbR00000549-Tetrahymena_pyriformis-5908-Tyr-QUA
1226,16s,train,tRNA_tdbR00000550-Neurospora_crassa-5141-Tyr-GUA
1227,16s,train,tRNA_tdbR00000551-Saccharomyces_cerevisiae-4932-Tyr-GUA
1228,16s,train,tRNA_tdbR00000553-Asterias_amurensis-7602-Tyr-GUA
1229,16s,train,tRNA_tdbR00000555-Saccharomyces_cerevisiae-4932-Tyr-GPA
1230,16s,train,tRNA_tdbR00000556-Schizosaccharomyces_pombe-4896-Tyr-GPA
1231,16s,train,tRNA_tdbR00000557-Pichia_jadinii-4903-Tyr-GPA
1232,16s,train,tRNA_tdbR00000567-Homo_sapiens-9606-Tyr-9PA
1233,16s,train,tRNA_tdbR00000572-Leishmania_tarentolae-5689-Lys-1UU
1234,16s,train,tRNA_tdbR00000573-Leishmania_tarentolae-5689-Gln-3UG
1235,16s,train,tRNA_tdbR00000575-Leishmania_tarentolae-5689-Thr-CGU
1236,16s,train,tRNA_tdbR00000576-Leishmania_tarentolae-5689-Asp-GUC
1237,16s,train,tRNA_tdbR00000577-Leishmania_tarentolae-5689-Glu-CUC
1238,16s,train,tRNA_tdbR00000578-Leishmania_tarentolae-5689-Glu-3UC
1239,16s,train,tRNA_tdbR00000580-Aeropyrum_pernix-56636-Lys-UUU
1240,16s,train,tRNA_tdbR00000581-Aeropyrum_pernix-56636-Lys-CUU
1241,16s,train,tRNA_tdbR00000583-Aeropyrum_pernix-56636-Cys-GCA
1242,16s,train,tRNA_tdbR00000585-Aeropyrum_pernix-56636-Thr-CGU
1243,16s,train,tRNA_tdbR00000588-Aeropyrum_pernix-56636-Asp-GUC
1244,16s,train,tRNA_tdbR00000590-Ascaris_suum-6253-Glu-UC
1245,16s,train,tRNA_tdbR00000591-Ascaris_suum-6253-Lys-UU
1246,16s,train,tRNA_tdbR00000592-Ascaris_suum-6253-Gln-UG
1247,16s,train,tRNA_tdbR00000593-Ascaris_suum-6253-Trp-CA
1248,16s,train,tRNA_tdbR00000594-Ascaris_suum-6253-Leu-AA
1249,16s,train,tRNA_tdbR00000595-Escherichia_coli-562-Leu-BAA
1250,16s,train,tRNA_tdbR00000607-Lupinus_luteus-3873-Leu-IAG
1251,16s,train,tRNA_tdbR00000608-Lupinus_luteus-3873-Leu-UAA
1252,16s,train,tRNA_tdbR00000609-Chlamydomonas_reinhardtii-3055-Leu-UA7
1253,16s,train,tRNA_tdbR00000611-Sinorhizobium_meliloti-382-His-GUG
1254,16s,train,tRNA_tdbR00000612-Sinorhizobium_meliloti-382-Trp-CCA
1255,16s,train,tRNA_tdbR00000613-Nanoarchaeum_equitans-160232-Glu-CUC
1256,16s,train,tRNA_tdbR00000614-Nanoarchaeum_equitans-160232-Ini-CAU
1257,16s,train,tRNA_tdbR00000615-Nanoarchaeum_equitans-160232-Trp-CCA
1258,16s,train,tRNA_tdbR00000616-Nanoarchaeum_equitans-160232-Lys-CUU
1259,16s,train,tRNA_tdbR00000617-Nanoarchaeum_equitans-160232-Gln-UUG
1260,16s,train,tRNA_tdbR00000618-Candida_albicans-5476-Leu-CAG
1261,16s,train,tRNA_tdbR00000619-Toxoplasma_gondii-5811-Met-CAU
1262,16s,train,tRNA_tdbR00000620-Toxoplasma_gondii-5811-Ini-CAU
1263,16s,train,tRNA_tdbR00000621-Nicotiana_rustica-4093-Cys-GCA
1264,16s,train,tRNA_tdbR00000622-Nicotiana_rustica-4093-Cys-GCA
1265,16s,train,tRNA_tdbR00000623-Escherichia_coli-562-Pro-CGG
1266,16s,train,telomerase_AC121792.109554-109950
1267,16s,train,telomerase_AF147806.247-692
1268,16s,train,telomerase_AF221906.96-545
1269,16s,train,telomerase_AF221908.136-584
1270,16s,train,telomerase_AF221909.98-496
1271,16s,train,telomerase_AF221910.112-554
1272,16s,train,telomerase_AF221911.104-513
1273,16s,train,telomerase_AF221912.98-564
1274,16s,train,telomerase_AF221913.109-520
1275,16s,train,telomerase_AF221914.112-589
1276,16s,train,telomerase_AF221916.94-481
1277,16s,train,telomerase_AF221917.99-542
1278,16s,train,telomerase_AF221918.97-547
1279,16s,train,telomerase_AF221919.107-614
1280,16s,train,telomerase_AF221920.99-541
1281,16s,train,telomerase_AF221921.98-548
1282,16s,train,telomerase_AF221923.106-554
1283,16s,train,telomerase_AF221924.105-538
1284,16s,train,telomerase_AF221925.98-540
1285,16s,train,telomerase_AF221926.103-507
1286,16s,train,telomerase_AF221927.113-556
1287,16s,train,telomerase_AF221928.95-476
1288,16s,train,telomerase_AF221929.92-517
1289,16s,train,telomerase_AF221930.94-546
1290,16s,train,telomerase_AF221931.99-541
1291,16s,train,telomerase_AF221932.102-549
1292,16s,train,telomerase_AF221934.121-565
1293,16s,train,telomerase_AF221935.112-602
1294,16s,train,telomerase_AF221936.98-540
1295,16s,train,telomerase_AF221937.99-545
1296,16s,train,telomerase_AF221939.99-544
1297,16s,train,telomerase_AF221940.103-499
1298,16s,train,telomerase_AY058901.1-397
1299,16s,train,telomerase_AY312571.605-1069
1300,16s,train,telomerase_U85256.1-451
1301,16s,train,telomerase_AC121792.109554-109950
1302,16s,train,telomerase_AF147806.247-692
1303,16s,train,telomerase_AF221906.96-545
1304,16s,train,telomerase_AF221908.136-584
1305,16s,train,telomerase_AF221909.98-496
1306,16s,train,telomerase_AF221910.112-554
1307,16s,train,telomerase_AF221911.104-513
1308,16s,train,telomerase_AF221912.98-564
1309,16s,train,telomerase_AF221913.109-520
1310,16s,train,telomerase_AF221914.112-589
1311,16s,train,telomerase_AF221916.94-481
1312,16s,train,telomerase_AF221917.99-542
1313,16s,train,telomerase_AF221918.97-547
1314,16s,train,telomerase_AF221919.107-614
1315,16s,train,telomerase_AF221920.99-541
1316,16s,train,telomerase_AF221921.98-548
1317,16s,train,telomerase_AF221923.106-554
1318,16s,train,telomerase_AF221924.105-538
1319,16s,train,telomerase_AF221925.98-540
1320,16s,train,telomerase_AF221926.103-507
1321,16s,train,telomerase_AF221927.113-556
1322,16s,train,telomerase_AF221928.95-476
1323,16s,train,telomerase_AF221929.92-517
1324,16s,train,telomerase_AF221930.94-546
1325,16s,train,telomerase_AF221931.99-541
1326,16s,train,telomerase_AF221932.102-549
1327,16s,train,telomerase_AF221934.121-565
1328,16s,train,telomerase_AF221935.112-602
1329,16s,train,telomerase_AF221936.98-540
1330,16s,train,telomerase_AF221937.99-545
1331,16s,train,telomerase_AF221939.99-544
1332,16s,train,telomerase_AF221940.103-499
1333,16s,train,telomerase_AY058901.1-397
1334,16s,train,telomerase_AY312571.605-1069
1335,16s,train,telomerase_U85256.1-451
1336,16s,train,telomerase_AC121792.109554-109950
1337,16s,train,telomerase_AF147806.247-692
1338,16s,train,telomerase_AF221906.96-545
1339,16s,train,telomerase_AF221908.136-584
1340,16s,train,telomerase_AF221909.98-496
1341,16s,train,telomerase_AF221910.112-554
1342,16s,train,telomerase_AF221911.104-513
1343,16s,train,telomerase_AF221912.98-564
1344,16s,train,telomerase_AF221913.109-520
1345,16s,train,telomerase_AF221914.112-589
1346,16s,train,telomerase_AF221916.94-481
1347,16s,train,telomerase_AF221917.99-542
1348,16s,train,telomerase_AF221918.97-547
1349,16s,train,telomerase_AF221919.107-614
1350,16s,train,telomerase_AF221920.99-541
1351,16s,train,telomerase_AF221921.98-548
1352,16s,train,telomerase_AF221923.106-554
1353,16s,train,telomerase_AF221924.105-538
1354,16s,train,telomerase_AF221925.98-540
1355,16s,train,telomerase_AF221926.103-507
1356,16s,train,telomerase_AF221927.113-556
1357,16s,train,telomerase_AF221928.95-476
1358,16s,train,telomerase_AF221929.92-517
1359,16s,train,telomerase_AF221930.94-546
1360,16s,train,telomerase_AF221931.99-541
1361,16s,train,telomerase_AF221932.102-549
1362,16s,train,telomerase_AF221934.121-565
1363,16s,train,telomerase_AF221935.112-602
1364,16s,train,telomerase_AF221936.98-540
1365,16s,train,telomerase_AF221937.99-545
1366,16s,train,telomerase_AF221939.99-544
1367,16s,train,telomerase_AF221940.103-499
1368,16s,train,telomerase_AY058901.1-397
1369,16s,train,telomerase_AY312571.605-1069
1370,16s,train,telomerase_U85256.1-451
1371,16s,train,telomerase_AC121792.109554-109950
1372,16s,train,telomerase_AF147806.247-692
1373,16s,train,telomerase_AF221906.96-545
1374,16s,train,telomerase_AF221908.136-584
1375,16s,train,telomerase_AF221909.98-496
1376,16s,train,telomerase_AF221910.112-554
1377,16s,train,telomerase_AF221911.104-513
1378,16s,train,telomerase_AF221912.98-564
1379,16s,train,telomerase_AF221913.109-520
1380,16s,train,telomerase_AF221914.112-589
1381,16s,train,telomerase_AF221916.94-481
1382,16s,train,telomerase_AF221917.99-542
1383,16s,train,telomerase_AF221918.97-547
1384,16s,train,telomerase_AF221919.107-614
1385,16s,train,telomerase_AF221920.99-541
1386,16s,train,telomerase_AF221921.98-548
1387,16s,train,telomerase_AF221923.106-554
1388,16s,train,telomerase_AF221924.105-538
1389,16s,train,telomerase_AF221925.98-540
1390,16s,train,telomerase_AF221926.103-507
1391,16s,train,telomerase_AF221927.113-556
1392,16s,train,telomerase_AF221928.95-476
1393,16s,train,telomerase_AF221929.92-517
1394,16s,train,telomerase_AF221930.94-546
1395,16s,train,telomerase_AF221931.99-541
1396,16s,train,telomerase_AF221932.102-549
1397,16s,train,telomerase_AF221934.121-565
1398,16s,train,telomerase_AF221935.112-602
1399,16s,train,telomerase_AF221936.98-540
1400,16s,train,telomerase_AF221937.99-545
1401,16s,train,telomerase_AF221939.99-544
1402,16s,train,telomerase_AF221940.103-499
1403,16s,train,telomerase_AY058901.1-397
1404,16s,train,telomerase_AY312571.605-1069
1405,16s,train,telomerase_U85256.1-451
1406,16s,train,telomerase_AC121792.109554-109950
1407,16s,train,telomerase_AF147806.247-692
1408,16s,train,telomerase_AF221906.96-545
1409,16s,train,telomerase_AF221908.136-584
1410,16s,train,telomerase_AF221909.98-496
1411,16s,train,telomerase_AF221910.112-554
1412,16s,train,telomerase_AF221911.104-513
1413,16s,train,telomerase_AF221912.98-564
1414,16s,train,telomerase_AF221913.109-520
1415,16s,train,telomerase_AF221914.112-589
1416,16s,train,telomerase_AF221916.94-481
1417,16s,train,telomerase_AF221917.99-542
1418,16s,train,telomerase_AF221918.97-547
1419,16s,train,telomerase_AF221919.107-614
1420,16s,train,telomerase_AF221920.99-541
1421,16s,train,telomerase_AF221921.98-548
1422,16s,train,telomerase_AF221923.106-554
1423,16s,train,telomerase_AF221924.105-538
1424,16s,train,telomerase_AF221925.98-540
1425,16s,train,telomerase_AF221926.103-507
1426,16s,train,telomerase_AF221927.113-556
1427,16s,train,telomerase_AF221928.95-476
1428,16s,train,telomerase_AF221929.92-517
1429,16s,train,telomerase_AF221930.94-546
1430,16s,train,telomerase_AF221931.99-541
1431,16s,train,telomerase_AF221932.102-549
1432,16s,train,telomerase_AF221934.121-565
1433,16s,train,telomerase_AF221935.112-602
1434,16s,train,telomerase_AF221936.98-540
1435,16s,train,telomerase_AF221937.99-545
1436,16s,train,telomerase_AF221939.99-544
1437,16s,train,telomerase_AF221940.103-499
1438,16s,train,telomerase_AY058901.1-397
1439,16s,train,telomerase_AY312571.605-1069
1440,16s,train,telomerase_U85256.1-451
1441,16s,train,telomerase_AC121792.109554-109950
1442,16s,train,telomerase_AF147806.247-692
1443,16s,train,telomerase_AF221906.96-545
1444,16s,train,telomerase_AF221908.136-584
1445,16s,train,telomerase_AF221909.98-496
1446,16s,train,telomerase_AF221910.112-554
1447,16s,train,telomerase_AF221911.104-513
1448,16s,train,telomerase_AF221912.98-564
1449,16s,train,telomerase_AF221913.109-520
1450,16s,train,telomerase_AF221914.112-589
1451,16s,train,telomerase_AF221916.94-481
1452,16s,train,telomerase_AF221917.99-542
1453,16s,train,telomerase_AF221918.97-547
1454,16s,train,telomerase_AF221919.107-614
1455,16s,train,telomerase_AF221920.99-541
1456,16s,train,telomerase_AF221921.98-548
1457,16s,train,telomerase_AF221923.106-554
1458,16s,train,telomerase_AF221924.105-538
1459,16s,train,telomerase_AF221925.98-540
1460,16s,train,telomerase_AF221926.103-507
1461,16s,train,telomerase_AF221927.113-556
1462,16s,train,telomerase_AF221928.95-476
1463,16s,train,telomerase_AF221929.92-517
1464,16s,train,telomerase_AF221930.94-546
1465,16s,train,telomerase_AF221931.99-541
1466,16s,train,tmRNA_Acid.caps._TRW-240015_1-352
1467,16s,train,tmRNA_Acid.ferr._TRW-243159_1-364
1468,16s,train,tmRNA_Acid.ferr._TRW-920_1-341
1469,16s,train,tmRNA_Acin.spec._CR543861_1-360
1470,16s,train,tmRNA_Acti.naes._TRW-240017_1-371
1471,16s,train,tmRNA_Aero.hydr._CP000462_1-360
1472,16s,train,tmRNA_Alka.meta._TRW-293826_1-355
1473,16s,train,tmRNA_Aqui.aeol._TRW-63363_1-347
1474,16s,train,tmRNA_Azoa.spec._TRW-62928_1-378
1475,16s,train,tmRNA_Baci.G._TRW-12333_1-312
1476,16s,train,tmRNA_Baci.clau._AP006627_1-355
1477,16s,train,tmRNA_Baci.lich._CP000002_1-356
1478,16s,train,tmRNA_Baci.subt._Z99121_1-360
1479,16s,train,tmRNA_Bact.mari._TRW-97084_1-385
1480,16s,train,tmRNA_Bact.thet._AE015928_1-397
1481,16s,train,tmRNA_Bdel.bact._BX842656_1-346
1482,16s,train,tmRNA_Bifi.long._TRW-206672_1-397
1483,16s,train,tmRNA_Bloc.flor._BX248583_1-393
1484,16s,train,tmRNA_Bloc.penn._CP000016_1-392
1485,16s,train,tmRNA_Bord.pert._TRW-257313_1-387
1486,16s,train,tmRNA_Borr.gari._CP000013_1-363
1487,16s,train,tmRNA_Brev.line._TRW-321955_1-377
1488,16s,train,tmRNA_Buch.aphi._AE013218_1-376
1489,16s,train,tmRNA_Buch.aphi._AE016826_1-367
1490,16s,train,tmRNA_Buch.aphi._BD061520_1-369
1491,16s,train,tmRNA_Cald.sacc._TRW-351627_1-368
1492,16s,train,tmRNA_Camp.fetu._AY211269_1-361
1493,16s,train,tmRNA_Camp.upsa._TRW-306264_1-359
1494,16s,train,tmRNA_Carb.hydr._CP000141_1-359
1495,16s,train,tmRNA_Carn.malt._AF275938_1-366
1496,16s,train,tmRNA_Chla.trac._TRW-813-2_1-420
1497,16s,train,tmRNA_Chlo.aura._AY040836_1-361
1498,16s,train,tmRNA_Chlo.chlo._CP000108_1-401
1499,16s,train,tmRNA_Chlo.tepi._TRW-194439_1-404
1500,16s,train,tmRNA_Chro.sale._CP000285_1-380
1501,16s,train,tmRNA_Chro.viol._AE016825_1-365
1502,16s,train,tmRNA_Clav.mich._TRW-31964_1-376
1503,16s,train,tmRNA_Clos.perf._TRW-195102_1-361
1504,16s,train,tmRNA_Clos.ther._TRW-203119_1-387
1505,16s,train,tmRNA_Colw.psyc._CP000083_1-350
1506,16s,train,tmRNA_Copr.prot._TRW-351627_1-353
1507,16s,train,tmRNA_Cory.diph._BX248356_1-385
1508,16s,train,tmRNA_Cory.glut._BX927150_1-377
1509,16s,train,tmRNA_Coxi.burn._AE016828_1-360
1510,16s,train,tmRNA_Croc.wats._TRW-165597_1-386
1511,16s,train,tmRNA_Cyan.cald._AF022186_1-254
1512,16s,train,tmRNA_Cyan.mero._TRW-45157_1-236
1513,16s,train,tmRNA_Cyan.para._U30821_1-291
1514,16s,train,tmRNA_Cyto.hutc._CP000383_1-404
1515,16s,train,tmRNA_Deha.ethe._CP000027_1-352
1516,16s,train,tmRNA_Dein.geot._CP000359_1-348
1517,16s,train,tmRNA_Dein.radi._TRW-243230_1-349
1518,16s,train,tmRNA_Desu.acet._TRW-281689_1-353
1519,16s,train,tmRNA_Desu.desu._CP000112_1-360
1520,16s,train,tmRNA_Desu.psyc._CR522870_1-366
1521,16s,train,tmRNA_Desu.vulg._AE017285_1-352
1522,16s,train,tmRNA_Dich.nodo._TRW-35819_1-352
1523,16s,train,tmRNA_Dict.ther._TRW-14_1-350
1524,16s,train,tmRNA_Emil.huxl._TRW-280463_1-291
1525,16s,train,tmRNA_Ente.faec._TRW-1352_1-367
1526,16s,train,tmRNA_Exig.sibi._TRW-262543_1-359
1527,16s,train,tmRNA_Fibr.succ._TRW-59374_1-361
1528,16s,train,tmRNA_Fran.spec._TRW-298653_1-375
1529,16s,train,tmRNA_Fran.tula._CP000437_1-421
1530,16s,train,tmRNA_Fuso.nucl._TRW-393480_1-344
1531,16s,train,tmRNA_Gemm.obsc._TRW-214688_1-412
1532,16s,train,tmRNA_Geob.meta._CP000148_1-356
1533,16s,train,tmRNA_Geob.stea._TRW-1422_1-352
1534,16s,train,tmRNA_Geob.sulf._AE017180_1-356
1535,16s,train,tmRNA_Grac.tenu._AY673996_1-396
1536,16s,train,tmRNA_Guil.thet._TRW-55529_1-330
1537,16s,train,tmRNA_Haem.ducr._AE017143_1-367
1538,16s,train,tmRNA_Haem.somn._CP000436_1-367
1539,16s,train,tmRNA_Heli.hepa._AE017125_1-369
1540,16s,train,tmRNA_Heli.must._DQ250625_1-366
1541,16s,train,tmRNA_Heli.pylo._TRW-85963_1-386
1542,16s,train,tmRNA_Idio.loih._AE017340_1-359
1543,16s,train,tmRNA_Jako.libe._TRW-143017_1-102
1544,16s,train,tmRNA_Lact.brev._CP000416_1-372
1545,16s,train,tmRNA_Lact.case._CP000423_1-364
1546,16s,train,tmRNA_Lact.delb._AF440335_1-316
1547,16s,train,tmRNA_Lact.delb._TRW-321956_1-362
1548,16s,train,tmRNA_Lact.john._TRW-257314_1-367
1549,16s,train,tmRNA_Lact.lact._AF176556_1-359
1550,16s,train,tmRNA_Lact.plan._AL935259_1-372
1551,16s,train,tmRNA_Lact.sake._TRW-314315_1-370
1552,16s,train,tmRNA_Laws.intr._AM180252_1-376
1553,16s,train,tmRNA_Legi.pneu._CR628337_1-406
1554,16s,train,tmRNA_Leif.xyli._AE016822_1-394
1555,16s,train,tmRNA_Lept.inte._AE016823_1-350
1556,16s,train,tmRNA_Lept.spec._TRW-261386_1-359
1557,16s,train,tmRNA_Leuc.mese._AF375574_1-307
1558,16s,train,tmRNA_Leuc.mese._TRW-1245_1-358
1559,16s,train,tmRNA_List.gray._AF440336_1-321
1560,16s,train,tmRNA_List.wels._AF440351_1-321
1561,16s,train,tmRNA_Magn.spec._CP000471_1-366
1562,16s,train,tmRNA_Mari.aqua._TRW-351348_1-366
1563,16s,train,tmRNA_Meso.flor._AE017263_1-408
1564,16s,train,tmRNA_Meso.viri._AF166114_1-359
1565,16s,train,tmRNA_Meth.caps._AE017282_1-356
1566,16s,train,tmRNA_Moor.ther._CP000232_1-358
1567,16s,train,tmRNA_Mora.cata._AX067460_1-359
1568,16s,train,tmRNA_Myco.Bxz1._AY129337_1-437
1569,16s,train,tmRNA_Myco.arth._TRW-243272_1-394
1570,16s,train,tmRNA_Myco.gall._AE015450_1-408
1571,16s,train,tmRNA_Myco.geni._U39713_1-385
1572,16s,train,tmRNA_Myco.hyop._TRW-295358_1-424
1573,16s,train,tmRNA_Myco.mobi._TRW-267748_1-376
1574,16s,train,tmRNA_Myco.myco._BX842642_1-411
1575,16s,train,tmRNA_Myco.pene._BA000026_1-405
1576,16s,train,tmRNA_Myco.pneu._AE000035_1-384
1577,16s,train,tmRNA_Myco.pulm._AL445565_1-387
1578,16s,train,tmRNA_Myxo.xant._TRW-34_1-366
1579,16s,train,tmRNA_Neph.oliv._AF137379-2_1-327
1580,16s,train,tmRNA_Nitr.mult._CP000103_1-362
1581,16s,train,tmRNA_Nitr.ocea._CP000127_1-361
1582,16s,train,tmRNA_Noca.farc._AP006618_1-368
1583,16s,train,tmRNA_Nost.spec._BA000019_1-390
1584,16s,train,tmRNA_Ocea.ihey._BA000028_1-364
1585,16s,train,tmRNA_Odon.sine._Z67753_1-368
1586,16s,train,tmRNA_Oeno.oeni._TRW-203123_1-350
1587,16s,train,tmRNA_Onio.yell._AP006628_1-423
1588,16s,train,tmRNA_Paen.larv._TRW-1464_1-367
1589,16s,train,tmRNA_Para.symb._BX908798_1-405
1590,16s,train,tmRNA_Pedi.pent._CP000422_1-369
1591,16s,train,tmRNA_Pelo.carb._CP000142_1-358
1592,16s,train,tmRNA_Phot.prof._CR378665_1-368
1593,16s,train,tmRNA_Porp.ging._TRW-242619_1-407
1594,16s,train,tmRNA_Porp.purp._TRW-2787_1-323
1595,16s,train,tmRNA_Prev.rumi._TRW-264731_1-401
1596,16s,train,tmRNA_Prop.acne._TRW-1747-1_1-371
1597,16s,train,tmRNA_Prop.acne._TRW-1747-3_1-353
1598,16s,train,tmRNA_Pseu.aeru._CP000438_1-353
1599,16s,train,tmRNA_Pseu.atla._CP000388_1-357
1600,16s,train,tmRNA_Pseu.halo._CR954246_1-357
1601,16s,train,tmRNA_Rals.sola._AL646061_1-357
1602,16s,train,tmRNA_Rhod.balt._BX294141_1-380
1603,16s,train,tmRNA_Rubr.gela._TRW-279263_1-372
1604,16s,train,tmRNA_Rubr.xyla._TRW-266117_1-360
1605,16s,train,tmRNA_Rumi.albu._TRW-246199_1-354
1606,16s,train,tmRNA_Sacc.degr._CP000282_1-389
1607,16s,train,tmRNA_Sali.rube._CP000159_1-369
1608,16s,train,tmRNA_Soli.usit._CP000473_1-352
1609,16s,train,tmRNA_Spir.kunk._TRW-273035_1-424
1610,16s,train,tmRNA_Stap.epid._AF375586_1-311
1611,16s,train,tmRNA_Stap.epid._TRW-176280_1-361
1612,16s,train,tmRNA_Stre.aver._BA000030_1-389
1613,16s,train,tmRNA_Stre.coll._AY485228_1-386
1614,16s,train,tmRNA_Stre.scab._TRW-1883_1-402
1615,16s,train,tmRNA_Stre.ther._CP000419_1-350
1616,16s,train,tmRNA_Stre.uber._TRW-218495_1-350
1617,16s,train,tmRNA_Sulf.azor._TRW-204536_1-351
1618,16s,train,tmRNA_Syne.spec._AB003477_1-394
1619,16s,train,tmRNA_Syne.spec._TRW-1131_1-399
1620,16s,train,tmRNA_Syne.spec._TRW-32049_1-396
1621,16s,train,tmRNA_Synt.acid._CP000252_1-356
1622,16s,train,tmRNA_Tann.fors._TRW-203275_1-400
1623,16s,train,tmRNA_Thal.weis._AF049491_1-348
1624,16s,train,tmRNA_Ther.comm._TRW-289377_1-355
1625,16s,train,tmRNA_Ther.elon._BA000039_1-386
1626,16s,train,tmRNA_Ther.fusc._CP000088_1-372
1627,16s,train,tmRNA_Ther.neap._TRW-309803_1-357
1628,16s,train,tmRNA_Ther.rose._TRW-309801_1-353
1629,16s,train,tmRNA_Ther.teng._AE013063_1-351
1630,16s,train,tmRNA_Ther.ther._Y15063_1-349
1631,16s,train,tmRNA_Ther.yell._TRW-289376_1-350
1632,16s,train,tmRNA_Thio.crun._CP000109_1-358
1633,16s,train,tmRNA_Thio.deni._CP000116_1-367
1634,16s,train,tmRNA_Trem.prin._AF481102_1-264
1635,16s,train,tmRNA_Trep.dent._AE017226_1-351
1636,16s,train,tmRNA_Trep.pall._TRW-243276_1-354
1637,16s,train,tmRNA_Tric.eryt._CP000393_1-398
1638,16s,train,tmRNA_Trop.whip._BX251411_1-369
1639,16s,train,tmRNA_Urea.parv._AE002154_1-413
1640,16s,train,tmRNA_Verr.spin._TRW-240016_1-356
1641,16s,train,tmRNA_Wigg.glos._BA000021_1-365
1642,16s,train,tmRNA_Woli.succ._BX571661_1-369
1643,16s,train,tmRNA_Xant.oryz._AE013598_1-397
1644,16s,train,tmRNA_Xyle.fast._TRW-155920_1-355
1645,16s,train,tmRNA_Yers.moll._TRW-349967_1-381
1646,16s,train,tmRNA_Yers.pseu._AR948532_1-364
1647,16s,train,tmRNA_envi.sequ._TRW-2-1_1-365
1648,16s,train,tmRNA_envi.sequ._TRW-2-2_1-356
1649,16s,train,tmRNA_envi.sequ._TRW-204433_1-356
1650,16s,train,tmRNA_envi.sequ._TRW-259292_1-355
1651,16s,train,tmRNA_envi.sequ._TRW-300695-2_1-345
1652,16s,train,tmRNA_envi.sequ._TRW-32045-1_1-355
1653,16s,train,tmRNA_envi.sequ._TRW-32045-2_1-345
1654,16s,train,tmRNA_envi.sequ._TRW-32045-3_1-350
1655,16s,train,tmRNA_envi.sequ._TRW-351057-3_1-355
1656,16s,train,tmRNA_envi.sequ._TRW-356-1_1-289
1657,16s,train,tmRNA_uncu.bact._TRW-135621-1_1-397
1658,16s,train,tmRNA_uncu.bact._TRW-32033-1_1-354
1659,16s,train,tmRNA_uncu.bact._TRW-32045-4_1-369
1660,16s,train,tmRNA_uncu.bact._TRW-383630-1_1-364
1661,16s,train,tmRNA_uncu.bact._TRW-45456_1-408
1662,16s,train,tmRNA_uncu.bact._TRW-72274-1_1-359
1663,16s,train,tmRNA_uncu.bact._TRW-72274-2_1-359
1664,16s,train,tmRNA_uncu.bact._TRW-80840-3_1-379
1665,16s,train,tmRNA_uncu.mari._TRW-363180_1-347
1666,23s,train,16s_A.fulgidus_domain2
1667,23s,train,16s_A.fulgidus_domain3
1668,23s,train,16s_A.fulgidus_domain4
1669,23s,train,16s_A.pyrophilus_domain2
1670,23s,train,16s_A.pyrophilus_domain4
1671,23s,train,16s_B.burgdorferi_domain2
1672,23s,train,16s_B.burgdorferi_domain3
1673,23s,train,16s_B.burgdorferi_domain4
1674,23s,train,16s_B.subtilis_domain2
1675,23s,train,16s_B.subtilis_domain3
1676,23s,train,16s_B.subtilis_domain4
1677,23s,train,16s_C.elegans_domain1
1678,23s,train,16s_C.elegans_domain2
1679,23s,train,16s_C.elegans_domain3
1680,23s,train,16s_C.elegans_domain4
1681,23s,train,16s_C.psittaci_domain2
1682,23s,train,16s_C.psittaci_domain3
1683,23s,train,16s_C.psittaci_domain4
1684,23s,train,16s_C.reinhardtii.chloro_domain1
1685,23s,train,16s_C.reinhardtii.chloro_domain2
1686,23s,train,16s_C.reinhardtii.chloro_domain3
1687,23s,train,16s_C.reinhardtii.chloro_domain4
1688,23s,train,16s_C.reinhardtii.mito_domain1
1689,23s,train,16s_C.reinhardtii.mito_domain2
1690,23s,train,16s_C.reinhardtii.mito_domain3
1691,23s,train,16s_C.reinhardtii.mito_domain4
1692,23s,train,16s_D.melanogaster_domain4
1693,23s,train,16s_E.coli_domain2
1694,23s,train,16s_E.coli_domain3
1695,23s,train,16s_E.coli_domain4
1696,23s,train,16s_F.ananassa_domain3
1697,23s,train,16s_F.ananassa_domain4
1698,23s,train,16s_G.intestinalis_domain1
1699,23s,train,16s_G.intestinalis_domain2
1700,23s,train,16s_G.intestinalis_domain3
1701,23s,train,16s_G.intestinalis_domain4
1702,23s,train,16s_H.sapiens.mito_domain1
1703,23s,train,16s_H.sapiens.mito_domain2
1704,23s,train,16s_H.sapiens.mito_domain3
1705,23s,train,16s_H.sapiens.mito_domain4
1706,23s,train,16s_H.sapiens_domain3
1707,23s,train,16s_H.sapiens_domain4
1708,23s,train,16s_H.volcanii_domain1
1709,23s,train,16s_H.volcanii_domain2
1710,23s,train,16s_H.volcanii_domain3
1711,23s,train,16s_H.volcanii_domain4
1712,23s,train,16s_M.polymorpha_domain2
1713,23s,train,16s_M.polymorpha_domain3
1714,23s,train,16s_M.polymorpha_domain4
1715,23s,train,16s_P.occultum_domain2
1716,23s,train,16s_P.occultum_domain3
1717,23s,train,16s_P.occultum_domain4
1718,23s,train,16s_P.staleyi_domain2
1719,23s,train,16s_P.staleyi_domain3
1720,23s,train,16s_P.staleyi_domain4
1721,23s,train,16s_S.cerevisiae_domain3
1722,23s,train,16s_S.cerevisiae_domain4
1723,23s,train,16s_T.gondii_domain3
1724,23s,train,16s_T.gondii_domain4
1725,23s,train,16s_T.maritima_domain2
1726,23s,train,16s_T.maritima_domain3
1727,23s,train,16s_T.maritima_domain4
1728,23s,train,16s_Z.mays_domain1
1729,23s,train,16s_Z.mays_domain2
1730,23s,train,16s_Z.mays_domain3
1731,23s,train,16s_Z.mays_domain4
1732,23s,train,16s_A.fulgidus_domain2
1733,23s,train,16s_A.fulgidus_domain3
1734,23s,train,16s_A.fulgidus_domain4
1735,23s,train,16s_A.pyrophilus_domain2
1736,23s,train,16s_A.pyrophilus_domain4
1737,23s,train,16s_B.burgdorferi_domain2
1738,23s,train,16s_B.burgdorferi_domain3
1739,23s,train,16s_B.burgdorferi_domain4
1740,23s,train,16s_B.subtilis_domain2
1741,23s,train,16s_B.subtilis_domain3
1742,23s,train,16s_B.subtilis_domain4
1743,23s,train,16s_C.elegans_domain1
1744,23s,train,16s_C.elegans_domain2
1745,23s,train,16s_C.elegans_domain3
1746,23s,train,16s_C.elegans_domain4
1747,23s,train,16s_C.psittaci_domain2
1748,23s,train,16s_C.psittaci_domain3
1749,23s,train,16s_C.psittaci_domain4
1750,23s,train,16s_C.reinhardtii.chloro_domain1
1751,23s,train,16s_C.reinhardtii.chloro_domain2
1752,23s,train,16s_C.reinhardtii.chloro_domain3
1753,23s,train,16s_C.reinhardtii.chloro_domain4
1754,23s,train,16s_C.reinhardtii.mito_domain1
1755,23s,train,16s_C.reinhardtii.mito_domain2
1756,23s,train,16s_C.reinhardtii.mito_domain3
1757,23s,train,16s_C.reinhardtii.mito_domain4
1758,23s,train,16s_D.melanogaster_domain4
1759,23s,train,16s_E.coli_domain2
1760,23s,train,16s_E.coli_domain3
1761,23s,train,16s_E.coli_domain4
1762,23s,train,16s_F.ananassa_domain3
1763,23s,train,16s_F.ananassa_domain4
1764,23s,train,16s_G.intestinalis_domain1
1765,23s,train,16s_G.intestinalis_domain2
1766,23s,train,16s_G.intestinalis_domain3
1767,23s,train,16s_G.intestinalis_domain4
1768,23s,train,16s_H.sapiens.mito_domain1
1769,23s,train,16s_H.sapiens.mito_domain2
1770,23s,train,16s_H.sapiens.mito_domain3
1771,23s,train,16s_H.sapiens.mito_domain4
1772,23s,train,16s_H.sapiens_domain3
1773,23s,train,16s_H.sapiens_domain4
1774,23s,train,16s_H.volcanii_domain1
1775,23s,train,16s_H.volcanii_domain2
1776,23s,train,16s_H.volcanii_domain3
1777,23s,train,16s_H.volcanii_domain4
1778,23s,train,16s_M.polymorpha_domain2
1779,23s,train,16s_M.polymorpha_domain3
1780,23s,train,16s_M.polymorpha_domain4
1781,23s,train,16s_P.occultum_domain2
1782,23s,train,16s_P.occultum_domain3
1783,23s,train,16s_P.occultum_domain4
1784,23s,train,16s_P.staleyi_domain2
1785,23s,train,16s_P.staleyi_domain3
1786,23s,train,16s_P.staleyi_domain4
1787,23s,train,16s_S.cerevisiae_domain3
1788,23s,train,16s_S.cerevisiae_domain4
1789,23s,train,16s_T.gondii_domain3
1790,23s,train,16s_T.gondii_domain4
1791,23s,train,16s_T.maritima_domain2
1792,23s,train,16s_T.maritima_domain3
1793,23s,train,16s_T.maritima_domain4
1794,23s,train,16s_Z.mays_domain1
1795,23s,train,16s_Z.mays_domain2
1796,23s,train,16s_Z.mays_domain3
1797,23s,train,16s_Z.mays_domain4
1798,23s,train,16s_A.fulgidus_domain2
1799,23s,train,16s_A.fulgidus_domain3
1800,23s,train,16s_A.fulgidus_domain4
1801,23s,train,16s_A.pyrophilus_domain2
1802,23s,train,16s_A.pyrophilus_domain4
1803,23s,train,16s_B.burgdorferi_domain2
1804,23s,train,16s_B.burgdorferi_domain3
1805,23s,train,16s_B.burgdorferi_domain4
1806,23s,train,16s_B.subtilis_domain2
1807,23s,train,16s_B.subtilis_domain3
1808,23s,train,16s_B.subtilis_domain4
1809,23s,train,16s_C.elegans_domain1
1810,23s,train,16s_C.elegans_domain2
1811,23s,train,16s_C.elegans_domain3
1812,23s,train,16s_C.elegans_domain4
1813,23s,train,16s_C.psittaci_domain2
1814,23s,train,16s_C.psittaci_domain3
1815,23s,train,16s_C.psittaci_domain4
1816,23s,train,16s_C.reinhardtii.chloro_domain1
1817,23s,train,16s_C.reinhardtii.chloro_domain2
1818,23s,train,16s_C.reinhardtii.chloro_domain3
1819,23s,train,16s_C.reinhardtii.chloro_domain4
1820,23s,train,16s_C.reinhardtii.mito_domain1
1821,23s,train,16s_C.reinhardtii.mito_domain2
1822,23s,train,16s_C.reinhardtii.mito_domain3
1823,23s,train,16s_C.reinhardtii.mito_domain4
1824,23s,train,16s_D.melanogaster_domain4
1825,23s,train,16s_E.coli_domain2
1826,23s,train,16s_E.coli_domain3
1827,23s,train,16s_E.coli_domain4
1828,23s,train,16s_F.ananassa_domain3
1829,23s,train,16s_F.ananassa_domain4
1830,23s,train,16s_G.intestinalis_domain1
1831,23s,train,16s_G.intestinalis_domain2
1832,23s,train,16s_G.intestinalis_domain3
1833,23s,train,16s_G.intestinalis_domain4
1834,23s,train,16s_H.sapiens.mito_domain1
1835,23s,train,16s_H.sapiens.mito_domain2
1836,23s,train,16s_H.sapiens.mito_domain3
1837,23s,train,16s_H.sapiens.mito_domain4
1838,23s,train,16s_H.sapiens_domain3
1839,23s,train,16s_H.sapiens_domain4
1840,23s,train,16s_H.volcanii_domain1
1841,23s,train,16s_H.volcanii_domain2
1842,23s,train,16s_H.volcanii_domain3
1843,23s,train,16s_H.volcanii_domain4
1844,23s,train,16s_M.polymorpha_domain2
1845,23s,train,16s_M.polymorpha_domain3
1846,23s,train,16s_M.polymorpha_domain4
1847,23s,train,16s_P.occultum_domain2
1848,23s,train,16s_P.occultum_domain3
1849,23s,train,16s_P.occultum_domain4
1850,23s,train,16s_P.staleyi_domain2
1851,23s,train,16s_P.staleyi_domain3
1852,23s,train,16s_P.staleyi_domain4
1853,23s,train,16s_S.cerevisiae_domain3
1854,23s,train,16s_S.cerevisiae_domain4
1855,23s,train,16s_T.gondii_domain3
1856,23s,train,16s_T.gondii_domain4
1857,23s,train,16s_T.maritima_domain2
1858,23s,train,16s_T.maritima_domain3
1859,23s,train,16s_T.maritima_domain4
1860,23s,train,16s_Z.mays_domain1
1861,23s,train,16s_Z.mays_domain2
1862,23s,train,16s_Z.mays_domain3
1863,23s,train,16s_Z.mays_domain4
1864,23s,train,16s_A.fulgidus_domain2
1865,23s,train,16s_A.fulgidus_domain3
1866,23s,test,23s_B.subtilis_domain3
1867,23s,test,23s_B.subtilis_domain4
1868,23s,test,23s_B.subtilis_domain6
1869,23s,test,23s_E.coli_domain3
1870,23s,test,23s_E.coli_domain4
1871,23s,test,23s_E.coli_domain6
1872,23s,test,23s_H.pylori_domain3
1873,23s,test,23s_H.pylori_domain4
1874,23s,test,23s_H.pylori_domain6
1875,23s,test,23s_S.aureus_domain3
1876,23s,test,23s_S.aureus_domain4
1877,23s,test,23s_S.aureus_domain6
1878,23s,test,23s_T.thermophilus_domain3
1879,23s,test,23s_T.thermophilus_domain4
1880,23s,test,23s_T.thermophilus_domain6
1881,23s,train,5s_Anaplasma-phagocytophilum-1
1882,23s,train,5s_Andrias-davidianus-1
1883,23s,train,5s_Andrias-japonicus-1
1884,23s,train,5s_Ascaris-suum-1
1885,23s,train,5s_Ascobolus-immersus-1
1886,23s,train,5s_Ascobolus-immersus-4
1887,23s,train,5s_Asterias-vulgaris-1
1888,23s,train,5s_Aurelia_aurita-1
1889,23s,train,5s_Azospirillum-lipoferum-1
1890,23s,train,5s_Bacillus-amyloliquefaciens-1
1891,23s,train,5s_Bacillus-subtilis-6
1892,23s,train,5s_Bacteroides-capillosus-1
1893,23s,train,5s_Bacteroides-fragilis-5
1894,23s,train,5s_Bacteroides-thetaiotaomicron-1
1895,23s,train,5s_Bacteroides-veroralis-1
1896,23s,train,5s_Borrelia-burgdorferi-1
1897,23s,train,5s_Brucella-suis-1
1898,23s,train,5s_Buchnera-aphidicola-1
1899,23s,train,5s_Buchnera-aphidicola-3
1900,23s,train,5s_Bursaphelenchus-xylophilus-1
1901,23s,train,5s_Caenorhabditis-elegans-3
1902,23s,train,5s_Candida-azyma-1
1903,23s,train,5s_Candidatus-Phytoplasma-asteris-1
1904,23s,train,5s_Candidatus-Tremblaya-princeps-5
1905,23s,train,5s_Candidatus-Tremblaya-princeps-6
1906,23s,train,5s_Caulobacter-sp.-1
1907,23s,train,5s_Caulobacter-sp.-4
1908,23s,train,5s_Caulobacter-spinosum-1
1909,23s,train,5s_Chlamydia-trachomatis-1
1910,23s,train,5s_Chlamydomonas-reinhardtii-1
1911,23s,train,5s_Chlamydomonas-reinhardtii-2
1912,23s,train,5s_Chlorella-pyrenoidosa-1
1913,23s,train,5s_Chlorobium-tepidum-1
1914,23s,train,5s_Clostridium-acetobutylicum-3
1915,23s,train,5s_Clostridium-pasteurianum-1
1916,23s,train,5s_Coleochaete-scutata-1
1917,23s,train,5s_Coxiella-burnetii-1
1918,23s,train,5s_Coxiella-burnetii-2
1919,23s,train,5s_Cryptococcus-laurentii-1
1920,23s,train,5s_Cryptomonas-paramecium-1
1921,23s,train,5s_Cyanidium-caldarium-1
1922,23s,train,5s_Dehalococcoides-ethenogenes-1
1923,23s,train,5s_Deinococcus-radiodurans-1
1924,23s,train,5s_Deinococcus-radiophilus-1
1925,23s,train,5s_Desulfurococcus-mobilis-1
1926,23s,train,5s_Diatoma-tenue-1
1927,23s,train,5s_Distigma-proteus-1
1928,23s,train,5s_Drosophila-melanogaster-2
1929,23s,train,5s_Ehrlichia-ruminantium-1
1930,23s,train,5s_Emericella-nidulans-4
1931,23s,train,5s_Emericella-nidulans-5
1932,23s,train,5s_Erythromicrobium-ezovicum-1
1933,23s,train,5s_Erythromicrobium-hydrolyticum-1
1934,23s,train,5s_Erythromicrobium-ramosum-1
1935,23s,train,5s_Euplotes-aediculatus-1
1936,23s,train,5s_Filobasidiella-depauperata-1
1937,23s,train,5s_Finegoldia-magna-2
1938,23s,train,5s_Flectobacillus-major-1
1939,23s,train,5s_Frankia-sp.-1
1940,23s,train,5s_Fusarium-culmorum-6
1941,23s,train,5s_Fusarium-lunulosporum-10
1942,23s,train,5s_Fusarium-pseudograminearum-3
1943,23s,train,5s_Fusarium-sporotrichioides-1
1944,23s,train,5s_Fusobacterium-nucleatum-5
1945,23s,train,5s_Gemm_obscuB
1946,23s,train,5s_Genistelloides-hibernus-1
1947,23s,train,5s_Geobacillus-kaustophilus-7
1948,23s,train,5s_Geobacillus-stearothermophilus-4
1949,23s,train,5s_Geodermatophilus-obscurus-1
1950,23s,train,5s_Gracilaria-compressa-2
1951,23s,train,5s_Halobacterium-sp.-2
1952,23s,train,5s_Halococcus-morrhuae-2
1953,23s,train,5s_Halorubrum-distributum-3
1954,23s,train,5s_Halorubrum-saccharovorum-1
1955,23s,train,5s_Halorubrum-terrestre-1
1956,23s,train,5s_Halorubrum-terrestre-2
1957,23s,train,5s_Hyphomicrobium-sp.-4
1958,23s,train,5s_Hyphomicrobium-vulgare-1
1959,23s,train,5s_Hyphomonas-oligotropha-1
1960,23s,train,5s_Isosphaera-pallida-1
1961,23s,train,5s_Klebsormidium-flaccidum-1
1962,23s,train,5s_Lactobacillus-delbrueckii-1
1963,23s,train,5s_Lactobacillus-johnsonii-1
1964,23s,train,5s_Lactococcus-lactis-2
1965,23s,train,5s_Lactococcus-lactis-4
1966,23s,train,5s_Limulus-polyphemus-1
1967,23s,train,5s_Loofah-witches-broom-phytoplasma-1
1968,23s,train,5s_Meloidogyne-arenaria-2
1969,23s,train,5s_Meloidogyne-artiellia-1
1970,23s,train,5s_Methanobrevibacter-ruminantium-1
1971,23s,train,5s_Methanococcus-maripaludis-1
1972,23s,train,5s_Methanopyrus-kandleri-1
1973,23s,train,5s_Methanosarcina-barkeri-1
1974,23s,train,5s_Methanosarcina-mazei-2
1975,23s,train,5s_Methanosarcina-vacuolata-1
1976,23s,train,5s_Methanospirillum-hungatei-1
1977,23s,train,5s_Methanothermobacter-thermautotrophicus-1
1978,23s,train,5s_Methanothermobacter-thermautotrophicus-5
1979,23s,train,5s_Methanothermobacter-thermautotrophicus-6
1980,23s,train,5s_Methanothermococcus-thermolithotrophicus-1
1981,23s,train,5s_Microtetraspora-glauca-1
1982,23s,train,5s_Mycoplasma-flocculare-1
1983,23s,train,5s_Mycoplasma-gallisepticum-4
1984,23s,train,5s_Mycoplasma-genitalium-1
1985,23s,train,5s_Mycoplasma-mobile-1
1986,23s,train,5s_Mycoplasma-pulmonis-1
1987,23s,train,5s_Mycoplasma-sp.-2
1988,23s,train,5s_Myxococcus-coralloides-1
1989,23s,train,5s_Nanoarchaeum-equitans-1
1990,23s,train,5s_Natrinema-sp.-1
1991,23s,train,5s_Nephila-clavipes-1
1992,23s,train,5s_Neurospora-crassa-11
1993,23s,train,5s_Neurospora-crassa-12
1994,23s,train,5s_Neurospora-intermedia-1
1995,23s,train,5s_Nitrobacter-winogradskyi-1
1996,23s,train,5s_Nocardia-farcinica-1
1997,23s,train,5s_Notophthalmus-viridescens-1
1998,23s,train,5s_Oceanobacillus-iheyensis-4
1999,23s,train,5s_Octopus-vulgaris-1
2000,23s,train,5s_Onchocerca-volvulus-1
2001,23s,train,5s_Oryza-sativa-2
2002,23s,train,5s_Paenibacillus-popilliae-1
2003,23s,train,5s_Palmaria-palmata-1
2004,23s,train,5s_Paracentrotus-lividus-2
2005,23s,train,5s_Paramecium-tetraurelia-1
2006,23s,train,5s_Pedobacter-heparinus-1
2007,23s,train,5s_Pichia-membranifaciens-1
2008,23s,train,5s_Planocera-reticulata-1
2009,23s,train,5s_Plasmodium-falciparum-1
2010,23s,train,5s_Pleurodeles-waltl-1
2011,23s,train,5s_Pneumocystis-carinii-1
2012,23s,train,5s_Porphyra-yezoensis-1
2013,23s,train,5s_Porphyromonas-gingivalis-2
2014,23s,train,5s_Proasellus-coxalis-1
2015,23s,train,5s_Pseudomonas-stutzeri-2
2016,23s,train,5s_Pyrenophora-graminea-1
2017,23s,train,5s_Pyrococcus-abyssi-1
2018,23s,train,5s_Pyrococcus-horikoshii-2
2019,23s,train,5s_Ralstonia-solanacearum-2
2020,23s,train,5s_Rana-pipiens-1
2021,23s,train,5s_Rhodobacter-capsulatus-3
2022,23s,train,5s_Rhodobacter-sphaeroides-1
2023,23s,train,5s_Rhodobacter-sphaeroides-3
2024,23s,train,5s_Rhodococcus-fascians-2
2025,23s,train,5s_Rhodopirellula-baltica-1
2026,23s,train,5s_Rickettsia-prowazekii-1
2027,23s,train,5s_Roseococcus-thiosulfatophilus-1
2028,23s,train,5s_Roseococcus-thiosulfatophilus-2
2029,23s,train,5s_Saccharomyces-cerevisiae-3
2030,23s,train,5s_Sandaracinobacter-sibiricus-1
2031,23s,train,5s_Saprospira-grandis-1
2032,23s,train,5s_Scenedesmus-obliquus-1
2033,23s,train,5s_Silicibacter-pomeroyi-1
2034,23s,train,5s_Sphingomonas-ursincola-1
2035,23s,train,5s_Spirogyra-sp.-1
2036,23s,train,5s_Spirosoma-sp.-1
2037,23s,train,5s_Sterkiella-nova-1
2038,23s,train,5s_Streptococcus-pyogenes-4
2039,23s,train,5s_Streptococcus-salivarius-1
2040,23s,train,5s_Streptomyces-coelicolor-5
2041,23s,train,5s_Streptomyces-nodosus-2
2042,23s,train,5s_Streptomyces-violaceus-1
2043,23s,train,5s_Sulfolobus-tokodaii-1
2044,23s,train,5s_Sulfurococcus-mirabilis-1
2045,23s,train,5s_Symbiobacterium-thermophilum-3
2046,23s,train,5s_Symbiobacterium-thermophilum-4
2047,23s,train,5s_T_cruziE
2048,23s,train,5s_Taxus-baccata-1
2049,23s,train,5s_Thermomicrobium-roseum-1
2050,23s,train,5s_Thermoplasma-volcanium-1
2051,23s,train,5s_Thermotoga-sp.-3
2052,23s,train,5s_Thermus-aquaticus-1
2053,23s,train,5s_Thiobacillus-thioparus-1
2054,23s,train,5s_Thraustochytrium-visurgense-2
2055,23s,train,5s_Tilletiaria-anomala-1
2056,23s,train,5s_Toxoplasma-gondii-2
2057,23s,train,5s_Tremella-mesenterica-1
2058,23s,train,5s_Tremella-mesenterica-2
2059,23s,train,5s_Tricharina-hiemalis-1
2060,23s,train,5s_Trichoplax-adhaerens-1
2061,23s,train,5s_Triticum-aestivum-1
2062,23s,train,5s_Tuberoidobacter-mutans-1
2063,23s,train,5s_Ulva-pertusa-1
2064,23s,train,5s_Ureaplasma-urealyticum-3
2065,23s,train,5s_Uthatobasidium-fusisporum-1
2066,23s,train,5s_Verrucomicrobium-spinosum-1
2067,23s,train,5s_Vibrio-nereis-1
2068,23s,train,5s_Vitreoscilla-stercoraria-1
2069,23s,train,5s_Weissella-viridescens-2
2070,23s,train,5s_Wigglesworthia-glossinidia-1
2071,23s,train,5s_Wolbachia-endosymbiont-of-D.-melanogaster-1
2072,23s,train,5s_Wolbachia-pipientis-1
2073,23s,train,5s_Wolinella-succinogenes-1
2074,23s,train,5s_Wuchereria-bancrofti-1
2075,23s,train,5s_Xenopus-borealis-3
2076,23s,train,5s_Xenopus-laevis-5
2077,23s,train,5s_Xenopus-tropicalis-2
2078,23s,train,5s_Xylella-fastidiosa-2
2079,23s,train,5s_Zymomonas-mobilis-1
2080,23s,train,5s_uncultured-euryarchaeote-37F11-1
2081,23s,train,RNaseP_A.brierleyi
2082,23s,train,RNaseP_A.erythreum
2083,23s,train,RNaseP_A.eutrophus
2084,23s,train,RNaseP_A.laidlawii
2085,23s,train,RNaseP_A.nidulans
2086,23s,train,RNaseP_A.pernix
2087,23s,train,RNaseP_A.telluris
2088,23s,train,RNaseP_Anabaena-PCC7120
2089,23s,train,RNaseP_B.anthracis
2090,23s,train,RNaseP_B.brevis
2091,23s,train,RNaseP_B.bronchiseptica
2092,23s,train,RNaseP_B.burgdorferi-g
2093,23s,train,RNaseP_B.pertussis
2094,23s,train,RNaseP_B.thetaiotaomicron
2095,23s,train,RNaseP_Buchnera-APS
2096,23s,train,RNaseP_C.acetobutylicum
2097,23s,train,RNaseP_C.crescentus
2098,23s,train,RNaseP_C.diphtheriae
2099,23s,train,RNaseP_C.innocuum
2100,23s,train,RNaseP_C.jejuni
2101,23s,train,RNaseP_C.opuntiae
2102,23s,train,RNaseP_C.paradoxa-cyanelle
2103,23s,train,RNaseP_C.pneumoniae-CWL029
2104,23s,train,RNaseP_C.psittaci-2
2105,23s,train,RNaseP_C.psittaci-R54
2106,23s,train,RNaseP_C.tepidum-g
2107,23s,train,RNaseP_C.trachomatis-D
2108,23s,train,RNaseP_CPA49
2109,23s,train,RNaseP_CPA56
2110,23s,train,RNaseP_CPA58
2111,23s,train,RNaseP_CPA59
2112,23s,train,RNaseP_CPA61
2113,23s,train,RNaseP_CPA62
2114,23s,train,RNaseP_CPB144
2115,23s,train,RNaseP_CPB149
2116,23s,train,RNaseP_CPB69
2117,23s,train,RNaseP_CPB70
2118,23s,train,RNaseP_CPB7776
2119,23s,train,RNaseP_Calothrix-PCC7601
2120,23s,train,RNaseP_D.jeanneae
2121,23s,train,RNaseP_D.radiodurans
2122,23s,train,RNaseP_D.radiodurans-g
2123,23s,train,RNaseP_Dermocarpa-PCC7437
2124,23s,train,RNaseP_E.thermomarinus
2125,23s,train,RNaseP_EM14b-11
2126,23s,train,RNaseP_EM14b-9
2127,23s,train,RNaseP_ESH183D
2128,23s,train,RNaseP_ESH212C
2129,23s,train,RNaseP_ESH26-4
2130,23s,train,RNaseP_ESH30-3
2131,23s,train,RNaseP_ESH46a-1
2132,23s,train,RNaseP_ESH7-4
2133,23s,train,RNaseP_G.sulfurreducens
2134,23s,train,RNaseP_H.aurantiacus
2135,23s,train,RNaseP_H.chlorum-partial
2136,23s,train,RNaseP_H.influenza
2137,23s,train,RNaseP_H.mobilis
2138,23s,train,RNaseP_H.morrhuae
2139,23s,train,RNaseP_H.pylori-RU1
2140,23s,train,RNaseP_H.sapiens
2141,23s,train,RNaseP_H.trapanicum
2142,23s,train,RNaseP_H.volcanii
2143,23s,train,RNaseP_Halobacterium-NRC1
2144,23s,train,RNaseP_K.polysporus
2145,23s,train,RNaseP_K.thermotolerans
2146,23s,train,RNaseP_L.acidophilus
2147,23s,train,RNaseP_L.ferrooxidans-MK
2148,23s,train,RNaseP_L.weilii
2149,23s,train,RNaseP_LGA1
2150,23s,train,RNaseP_LGA2
2151,23s,train,RNaseP_LGA6
2152,23s,train,RNaseP_LGB21
2153,23s,train,RNaseP_LGB23
2154,23s,train,RNaseP_LGB27
2155,23s,train,RNaseP_LGB5
2156,23s,train,RNaseP_LGW113
2157,23s,train,RNaseP_LGW116
2158,23s,train,RNaseP_LGW17
2159,23s,train,RNaseP_LGW46
2160,23s,train,RNaseP_M.barkeri
2161,23s,train,RNaseP_M.capricolum
2162,23s,train,RNaseP_M.fermentans
2163,23s,train,RNaseP_M.hyopneumoniae
2164,23s,train,RNaseP_M.pneumoniae
2165,23s,train,RNaseP_M.thermoautotrphicumMarb
2166,23s,train,RNaseP_M.tuberculosis-g
2167,23s,train,RNaseP_M.vannielli
2168,23s,train,RNaseP_Mxa1
2169,23s,train,RNaseP_N.europaea
2170,23s,train,RNaseP_N.gregoryi
2171,23s,train,RNaseP_N.jensenii
2172,23s,train,RNaseP_N.olivacea-chloroplast
2173,23s,train,RNaseP_N.plantarum
2174,23s,train,RNaseP_N.pyridinolyticus
2175,23s,train,RNaseP_Nocardiodes-ATCC39419
2176,23s,train,RNaseP_Nostoc-PCC7413
2177,23s,train,RNaseP_Onchorhynchus-2
2178,23s,train,RNaseP_Oscillatoria-PCC7515
2179,23s,train,RNaseP_P.acanthamoebae
2180,23s,train,RNaseP_P.canadensis
2181,23s,train,RNaseP_P.cultripes
2182,23s,train,RNaseP_P.gingivalis
2183,23s,train,RNaseP_P.guilliermondii
2184,23s,train,RNaseP_P.hollandica
2185,23s,train,RNaseP_P.innocua
2186,23s,train,RNaseP_P.marinus-2
2187,23s,train,RNaseP_P.mississippiensis
2188,23s,train,RNaseP_P.purpurea-chloroplast
2189,23s,train,RNaseP_P.staleyi
2190,23s,train,RNaseP_P.strasburgensis
2191,23s,train,RNaseP_P.troglodytes
2192,23s,train,RNaseP_PF101
2193,23s,train,RNaseP_PS2
2194,23s,train,RNaseP_PS24
2195,23s,train,RNaseP_PS26
2196,23s,train,RNaseP_PS31
2197,23s,train,RNaseP_PS6
2198,23s,train,RNaseP_PS8
2199,23s,train,RNaseP_Prochlorococcus-NATL2
2200,23s,train,RNaseP_Pseudoanabaena-PCC6903
2201,23s,train,RNaseP_R.americana-mito
2202,23s,train,RNaseP_R.capsulatus
2203,23s,train,RNaseP_R.norvegicus
2204,23s,train,RNaseP_R.palustris
2205,23s,train,RNaseP_R.prowazekii
2206,23s,train,RNaseP_R.rubrum
2207,23s,train,RNaseP_Rr327
2208,23s,train,RNaseP_Rr368
2209,23s,train,RNaseP_S.acidocaldarius
2210,23s,train,RNaseP_S.aureus
2211,23s,train,RNaseP_S.castellii
2212,23s,train,RNaseP_S.dairensis
2213,23s,train,RNaseP_S.epidermidis
2214,23s,train,RNaseP_S.faciem
2215,23s,train,RNaseP_S.fibuligera
2216,23s,train,RNaseP_S.globosus
2217,23s,train,RNaseP_S.kluyveri
2218,23s,train,RNaseP_S.lividans
2219,23s,train,RNaseP_S.negevensis
2220,23s,train,RNaseP_S.pastorianus
2221,23s,train,RNaseP_S.polymorpha
2222,23s,train,RNaseP_S.pombe
2223,23s,train,RNaseP_S.pyogenes
2224,23s,train,RNaseP_S.servazzii
2225,23s,train,RNaseP_S.solfataricus
2226,23s,train,RNaseP_S.solfataricus-P2
2227,23s,train,RNaseP_S.unisporus
2228,23s,train,RNaseP_S.uvarum
2229,23s,train,RNaseP_S.versatilis
2230,23s,train,RNaseP_SL1-1
2231,23s,train,RNaseP_SL2D
2232,23s,train,RNaseP_SLC
2233,23s,train,RNaseP_SM-A01
2234,23s,train,RNaseP_SM-A06
2235,23s,train,RNaseP_SM-A1315
2236,23s,train,RNaseP_SM-A1621
2237,23s,train,RNaseP_SM-A2135
2238,23s,train,RNaseP_SM-A2539
2239,23s,train,RNaseP_SM-A3048
2240,23s,train,RNaseP_SM-A3254
2241,23s,train,RNaseP_SM-A5584
2242,23s,train,RNaseP_SM-A5888
2243,23s,train,RNaseP_SM-A6296
2244,23s,train,RNaseP_SMB-A3
2245,23s,train,RNaseP_SMB-A5
2246,23s,train,RNaseP_SMB-B1
2247,23s,train,RNaseP_SMB-B2
2248,23s,train,RNaseP_SMB-B3
2249,23s,train,RNaseP_SMB-B4
2250,23s,train,RNaseP_Saccharomonospora-K180
2251,23s,train,RNaseP_Synechococcus-PCC6717
2252,23s,train,RNaseP_Synechococcus-PCC7003
2253,23s,train,RNaseP_Synechococcus-PCC7942
2254,23s,train,RNaseP_Synechocystis-PCC6308
2255,23s,train,RNaseP_Synechocystis-PCC6803
2256,23s,train,RNaseP_T.album
2257,23s,train,RNaseP_T.celerAL1
2258,23s,train,RNaseP_T.commune
2259,23s,train,RNaseP_T.delbrueckii
2260,23s,train,RNaseP_T.littoralis
2261,23s,train,RNaseP_T.pallidum
2262,23s,train,RNaseP_T.roseum
2263,23s,train,RNaseP_T.syrichta
2264,23s,train,RNaseP_T.thermophilus
2265,23s,train,RNaseP_T.thioparus
2266,23s,train,RNaseP_T.tumescens
2267,23s,train,RNaseP_T.volcanum
2268,23s,train,RNaseP_U.stansburiana
2269,23s,train,RNaseP_U.urealyticum
2270,23s,train,RNaseP_V.cholera
2271,23s,train,RNaseP_V.spinosum
2272,23s,train,RNaseP_W.fluorescens
2273,23s,train,RNaseP_Wolbachia-sp
2274,23s,train,RNaseP_X.fastidiosa
2275,23s,train,RNaseP_Y.pestis
2276,23s,train,RNaseP_Z.bailii
2277,23s,train,RNaseP_Z.florentinus
2278,23s,train,RNaseP_Z.rouxii
2279,23s,train,RNaseP_vHge2
2280,23s,train,RNaseP_vHge3-5
2281,23s,train,grp1_a.I1.b.Dermocarpa.sp.ATCC29371.C3.tMET
2282,23s,train,grp1_a.I1.b.Phormidium.sp.N182.C3.tLEU
2283,23s,train,grp1_a.I1.b.S.hofmanii.C3.tMET
2284,23s,train,grp1_a.I1.b.Synechococcus.sp2.C3.tLEU
2285,23s,train,grp1_a.I1.c.A.cherimola.C3.tLEU
2286,23s,train,grp1_a.I1.c.G.prostrata.C3.tLEU
2287,23s,train,grp1_a.I1.c.S.bicolor.C3.tLEU
2288,23s,train,grp1_a.I1.e.A.adeninivorans.C1.LSU.2449
2289,23s,train,grp1_a.I1.e.A.capsulatus.CBS213.53.C1.SSU.943
2290,23s,train,grp1_a.I1.e.A.capsulatus.FLs1.C1.SSU
2291,23s,train,grp1_a.I1.e.A.capsulatus.G184B.C1.SSU
2292,23s,train,grp1_a.I1.e.A.capsulatus.G186B.C1.SSU
2293,23s,train,grp1_a.I1.e.A.stipitatus.C1.SSU.1046
2294,23s,train,grp1_a.I1.e.B.ciliata.JCM6865.C1.SSU.1506
2295,23s,train,grp1_a.I1.e.B.ciliata.JCM6865.C1.SSU.943
2296,23s,train,grp1_a.I1.e.B.yamatoana.JCM2896.C1.SSU.1506
2297,23s,train,grp1_a.I1.e.B.yamatoana.JCM2896.C1.SSU.943
2298,23s,train,grp1_a.I1.e.C.ellipsoidea.211-1a.C1.SSU.1506
2299,23s,train,grp1_a.I1.e.C.ellipsoidea.IAMC-87.C1.SSU.1506
2300,23s,train,grp1_a.I1.e.C.grayi.UNK.SSU.1046
2301,23s,train,grp1_a.I1.e.C.grayi.UNK.SSU.1516
2302,23s,train,grp1_a.I1.e.C.merochlorophea.UNK.SSU.1046
2303,23s,train,grp1_a.I1.e.C.merochlorophea.UNK.SSU.1210
2304,23s,train,grp1_a.I1.e.C.merochlorophea.UNK.SSU.1389
2305,23s,train,grp1_a.I1.e.C.merochlorophea.UNK.SSU.1516
2306,23s,train,grp1_a.I1.e.C.saccatum.C1.SSU.1512
2307,23s,train,grp1_a.I1.e.C.saxonicum.C1.SSU.1506
2308,23s,train,grp1_a.I1.e.D.parva.C1.SSU.1512
2309,23s,train,grp1_a.I1.e.D.parva.C1.SSU.943
2310,23s,train,grp1_a.I1.e.D.salina.C1.SSU.943
2311,23s,train,grp1_a.I1.e.E.dermatitidis.C1.SSU.943
2312,23s,train,grp1_a.I1.e.G.planctonica.C1.SSU.943
2313,23s,train,grp1_a.I1.e.G.spirotaenia.C1.SSU.1506
2314,23s,train,grp1_a.I1.e.L.dispersa.UNK.SSU.1046
2315,23s,train,grp1_a.I1.e.L.dispersa.UNK.SSU.114
2316,23s,train,grp1_a.I1.e.L.dispersa.UNK.SSU.1210
2317,23s,train,grp1_a.I1.e.L.dispersa.UNK.SSU.1516
2318,23s,train,grp1_a.I1.e.L.dispersa.UNK.SSU.287
2319,23s,train,grp1_a.I1.e.L.dispersa.UNK.SSU.516
2320,23s,train,grp1_a.I1.e.L.dispersa.UNK.SSU.789
2321,23s,train,grp1_a.I1.e.M.caldariorum.C1.SSU.1506
2322,23s,train,grp1_a.I1.e.P.carinii.C1.SSU.1506
2323,23s,train,grp1_a.I1.e.P.carinii.Pc1.C1.LSU.1921
2324,23s,train,grp1_a.I1.e.P.carinii.Pc2.C1.LSU.1921
2325,23s,train,grp1_a.I1.e.P.carinii.Pc3.C1.LSU.1921
2326,23s,train,grp1_a.I1.e.P.clavariiformis.C1.SSU.943
2327,23s,train,grp1_a.I1.e.P.inouyei.C1.SSU.1506
2328,23s,train,grp1_a.I1.e.P.inouyei.C1.SSU.943
2329,23s,train,grp1_a.I1.e.P.macrosporus.C1.SSU.1506
2330,23s,train,grp1_a.I1.e.P.macrosporus.C1.SSU.943
2331,23s,train,grp1_a.I1.e.P.pachydermus.C1.SSU.943
2332,23s,train,grp1_a.I1.e.P.sarcinoidea.C1.SSU.943
2333,23s,train,grp1_a.I1.e.S.granulatum.C1.SSU.1506
2334,23s,train,grp1_a.I1.e.S.paniceum.UNK.SSU.1052
2335,23s,train,grp1_a.I1.e.S.paniceum.UNK.SSU.114
2336,23s,train,grp1_a.I1.e.S.paniceum.UNK.SSU.1210
2337,23s,train,grp1_a.I1.e.S.paniceum.UNK.SSU.1506
2338,23s,train,grp1_a.I1.e.S.paniceum.UNK.SSU.287
2339,23s,train,grp1_a.I1.e.S.sclerotiorum_1837.C1.LSU.798
2340,23s,train,grp1_a.I1.e.Staurastrum.sp.M752.C1.SSU.1506
2341,23s,train,grp1_a.I1.e.Staurastrum.sp.M753.C1.SSU.1506
2342,23s,train,grp1_a.I1.e.T.cosmopolitanis.C1.LSU.1925
2343,23s,train,grp1_a.I1.e.T.hyperangularis.C1.LSU.1925
2344,23s,train,grp1_a.I1.e.T.malaccensis.C1.LSU.1925
2345,23s,train,grp1_a.I1.e.T.pigmentosa.C1.LSU.1925
2346,23s,train,grp1_a.I1.e.U.maydis.C1.SSU.943
2347,23s,train,grp1_a.I1.m.M.grisea.B2.ND1
2348,23s,train,grp1_a.I1.m.S.luteus.A1.LSU.2504
2349,23s,train,grp1_a.I1.m.S.pombe.B1.OX1
2350,23s,train,grp1_b.I1.e.C.saccharophila.C1.SSU.156
2351,23s,train,grp1_b.I1.e.M.anisopliae.2.C1.LSU.1921
2352,23s,train,grp1_b.I1.e.M.anisopliae.3.C1.LSU.1921
2353,23s,train,grp1_b.I1.e.T.thermophila.C1.LSU.1925
2354,23s,train,grp1_s.I1.e.T.thermophila.C1.LSU.1925.schem
2355,23s,train,grp1_a.I1.b.Dermocarpa.sp.ATCC29371.C3.tMET
2356,23s,train,grp1_a.I1.b.Phormidium.sp.N182.C3.tLEU
2357,23s,train,grp1_a.I1.b.S.hofmanii.C3.tMET
2358,23s,train,grp1_a.I1.b.Synechococcus.sp2.C3.tLEU
2359,23s,train,grp1_a.I1.c.A.cherimola.C3.tLEU
2360,23s,train,grp1_a.I1.c.G.prostrata.C3.tLEU
2361,23s,train,grp1_a.I1.c.S.bicolor.C3.tLEU
2362,23s,train,grp1_a.I1.e.A.adeninivorans.C1.LSU.2449
2363,23s,train,grp1_a.I1.e.A.capsulatus.CBS213.53.C1.SSU.943
2364,23s,train,grp1_a.I1.e.A.capsulatus.FLs1.C1.SSU
2365,23s,train,grp1_a.I1.e.A.capsulatus.G184B.C1.SSU
2366,23s,train,grp1_a.I1.e.A.capsulatus.G186B.C1.SSU
2367,23s,train,grp1_a.I1.e.A.stipitatus.C1.SSU.1046
2368,23s,train,grp1_a.I1.e.B.ciliata.JCM6865.C1.SSU.1506
2369,23s,train,grp1_a.I1.e.B.ciliata.JCM6865.C1.SSU.943
2370,23s,train,grp1_a.I1.e.B.yamatoana.JCM2896.C1.SSU.1506
2371,23s,train,grp1_a.I1.e.B.yamatoana.JCM2896.C1.SSU.943
2372,23s,train,grp1_a.I1.e.C.ellipsoidea.211-1a.C1.SSU.1506
2373,23s,train,grp1_a.I1.e.C.ellipsoidea.IAMC-87.C1.SSU.1506
2374,23s,train,grp1_a.I1.e.C.grayi.UNK.SSU.1046
2375,23s,train,grp1_a.I1.e.C.grayi.UNK.SSU.1516
2376,23s,train,grp1_a.I1.e.C.merochlorophea.UNK.SSU.1046
2377,23s,train,grp1_a.I1.e.C.merochlorophea.UNK.SSU.1210
2378,23s,train,grp1_a.I1.e.C.merochlorophea.UNK.SSU.1389
2379,23s,train,grp1_a.I1.e.C.merochlorophea.UNK.SSU.1516
2380,23s,train,grp1_a.I1.e.C.saccatum.C1.SSU.1512
2381,23s,train,grp1_a.I1.e.C.saxonicum.C1.SSU.1506
2382,23s,train,grp1_a.I1.e.D.parva.C1.SSU.1512
2383,23s,train,grp1_a.I1.e.D.parva.C1.SSU.943
2384,23s,train,grp1_a.I1.e.D.salina.C1.SSU.943
2385,23s,train,grp1_a.I1.e.E.dermatitidis.C1.SSU.943
2386,23s,train,grp1_a.I1.e.G.planctonica.C1.SSU.943
2387,23s,train,grp1_a.I1.e.G.spirotaenia.C1.SSU.1506
2388,23s,train,grp1_a.I1.e.L.dispersa.UNK.SSU.1046
2389,23s,train,grp1_a.I1.e.L.dispersa.UNK.SSU.114
2390,23s,train,grp1_a.I1.e.L.dispersa.UNK.SSU.1210
2391,23s,train,grp1_a.I1.e.L.dispersa.UNK.SSU.1516
2392,23s,train,grp1_a.I1.e.L.dispersa.UNK.SSU.287
2393,23s,train,grp1_a.I1.e.L.dispersa.UNK.SSU.516
2394,23s,train,grp1_a.I1.e.L.dispersa.UNK.SSU.789
2395,23s,train,grp1_a.I1.e.M.caldariorum.C1.SSU.1506
2396,23s,train,grp1_a.I1.e.P.carinii.C1.SSU.1506
2397,23s,train,grp1_a.I1.e.P.carinii.Pc1.C1.LSU.1921
2398,23s,train,grp1_a.I1.e.P.carinii.Pc2.C1.LSU.1921
2399,23s,train,grp1_a.I1.e.P.carinii.Pc3.C1.LSU.1921
2400,23s,train,grp1_a.I1.e.P.clavariiformis.C1.SSU.943
2401,23s,train,grp1_a.I1.e.P.inouyei.C1.SSU.1506
2402,23s,train,grp1_a.I1.e.P.inouyei.C1.SSU.943
2403,23s,train,grp1_a.I1.e.P.macrosporus.C1.SSU.1506
2404,23s,train,grp1_a.I1.e.P.macrosporus.C1.SSU.943
2405,23s,train,grp1_a.I1.e.P.pachydermus.C1.SSU.943
2406,23s,train,grp1_a.I1.e.P.sarcinoidea.C1.SSU.943
2407,23s,train,grp1_a.I1.e.S.granulatum.C1.SSU.1506
2408,23s,train,grp1_a.I1.e.S.paniceum.UNK.SSU.1052
2409,23s,train,grp1_a.I1.e.S.paniceum.UNK.SSU.114
2410,23s,train,grp1_a.I1.e.S.paniceum.UNK.SSU.1210
2411,23s,train,grp1_a.I1.e.S.paniceum.UNK.SSU.1506
2412,23s,train,grp1_a.I1.e.S.paniceum.UNK.SSU.287
2413,23s,train,grp1_a.I1.e.S.sclerotiorum_1837.C1.LSU.798
2414,23s,train,grp1_a.I1.e.Staurastrum.sp.M752.C1.SSU.1506
2415,23s,train,grp1_a.I1.e.Staurastrum.sp.M753.C1.SSU.1506
2416,23s,train,grp1_a.I1.e.T.cosmopolitanis.C1.LSU.1925
2417,23s,train,grp1_a.I1.e.T.hyperangularis.C1.LSU.1925
2418,23s,train,grp1_a.I1.e.T.malaccensis.C1.LSU.1925
2419,23s,train,grp1_a.I1.e.T.pigmentosa.C1.LSU.1925
2420,23s,train,grp1_a.I1.e.U.maydis.C1.SSU.943
2421,23s,train,grp1_a.I1.m.M.grisea.B2.ND1
2422,23s,train,grp1_a.I1.m.S.luteus.A1.LSU.2504
2423,23s,train,grp1_a.I1.m.S.pombe.B1.OX1
2424,23s,train,grp1_b.I1.e.C.saccharophila.C1.SSU.156
2425,23s,train,grp1_b.I1.e.M.anisopliae.2.C1.LSU.1921
2426,23s,train,grp1_b.I1.e.M.anisopliae.3.C1.LSU.1921
2427,23s,train,grp1_b.I1.e.T.thermophila.C1.LSU.1925
2428,23s,train,grp1_s.I1.e.T.thermophila.C1.LSU.1925.schem
2429,23s,train,grp1_a.I1.b.Dermocarpa.sp.ATCC29371.C3.tMET
2430,23s,train,grp1_a.I1.b.Phormidium.sp.N182.C3.tLEU
2431,23s,train,grp1_a.I1.b.S.hofmanii.C3.tMET
2432,23s,train,grp1_a.I1.b.Synechococcus.sp2.C3.tLEU
2433,23s,train,grp1_a.I1.c.A.cherimola.C3.tLEU
2434,23s,train,grp1_a.I1.c.G.prostrata.C3.tLEU
2435,23s,train,grp1_a.I1.c.S.bicolor.C3.tLEU
2436,23s,train,grp1_a.I1.e.A.adeninivorans.C1.LSU.2449
2437,23s,train,grp1_a.I1.e.A.capsulatus.CBS213.53.C1.SSU.943
2438,23s,train,grp1_a.I1.e.A.capsulatus.FLs1.C1.SSU
2439,23s,train,grp1_a.I1.e.A.capsulatus.G184B.C1.SSU
2440,23s,train,grp1_a.I1.e.A.capsulatus.G186B.C1.SSU
2441,23s,train,grp1_a.I1.e.A.stipitatus.C1.SSU.1046
2442,23s,train,grp1_a.I1.e.B.ciliata.JCM6865.C1.SSU.1506
2443,23s,train,grp1_a.I1.e.B.ciliata.JCM6865.C1.SSU.943
2444,23s,train,grp1_a.I1.e.B.yamatoana.JCM2896.C1.SSU.1506
2445,23s,train,grp1_a.I1.e.B.yamatoana.JCM2896.C1.SSU.943
2446,23s,train,grp1_a.I1.e.C.ellipsoidea.211-1a.C1.SSU.1506
2447,23s,train,grp1_a.I1.e.C.ellipsoidea.IAMC-87.C1.SSU.1506
2448,23s,train,grp1_a.I1.e.C.grayi.UNK.SSU.1046
2449,23s,train,grp1_a.I1.e.C.grayi.UNK.SSU.1516
2450,23s,train,grp1_a.I1.e.C.merochlorophea.UNK.SSU.1046
2451,23s,train,grp1_a.I1.e.C.merochlorophea.UNK.SSU.1210
2452,23s,train,grp1_a.I1.e.C.merochlorophea.UNK.SSU.1389
2453,23s,train,grp1_a.I1.e.C.merochlorophea.UNK.SSU.1516
2454,23s,train,grp1_a.I1.e.C.saccatum.C1.SSU.1512
2455,23s,train,grp1_a.I1.e.C.saxonicum.C1.SSU.1506
2456,23s,train,grp1_a.I1.e.D.parva.C1.SSU.1512
2457,23s,train,grp1_a.I1.e.D.parva.C1.SSU.943
2458,23s,train,grp1_a.I1.e.D.salina.C1.SSU.943
2459,23s,train,grp1_a.I1.e.E.dermatitidis.C1.SSU.943
2460,23s,train,grp1_a.I1.e.G.planctonica.C1.SSU.943
2461,23s,train,grp1_a.I1.e.G.spirotaenia.C1.SSU.1506
2462,23s,train,grp1_a.I1.e.L.dispersa.UNK.SSU.1046
2463,23s,train,grp1_a.I1.e.L.dispersa.UNK.SSU.114
2464,23s,train,grp1_a.I1.e.L.dispersa.UNK.SSU.1210
2465,23s,train,grp1_a.I1.e.L.dispersa.UNK.SSU.1516
2466,23s,train,grp1_a.I1.e.L.dispersa.UNK.SSU.287
2467,23s,train,grp1_a.I1.e.L.dispersa.UNK.SSU.516
2468,23s,train,grp1_a.I1.e.L.dispersa.UNK.SSU.789
2469,23s,train,grp1_a.I1.e.M.caldariorum.C1.SSU.1506
2470,23s,train,grp1_a.I1.e.P.carinii.C1.SSU.1506
2471,23s,train,grp1_a.I1.e.P.carinii.Pc1.C1.LSU.1921
2472,23s,train,grp1_a.I1.e.P.carinii.Pc2.C1.LSU.1921
2473,23s,train,grp1_a.I1.e.P.carinii.Pc3.C1.LSU.1921
2474,23s,train,grp1_a.I1.e.P.clavariiformis.C1.SSU.943
2475,23s,train,grp1_a.I1.e.P.inouyei.C1.SSU.1506
2476,23s,train,grp1_a.I1.e.P.inouyei.C1.SSU.943
2477,23s,train,grp1_a.I1.e.P.macrosporus.C1.SSU.1506
2478,23s,train,grp1_a.I1.e.P.macrosporus.C1.SSU.943
2479,23s,train,grp1_a.I1.e.P.pachydermus.C1.SSU.943
2480,23s,train,grp1_a.I1.e.P.sarcinoidea.C1.SSU.943
2481,23s,train,srp_Aero.pern._BA000002
2482,23s,train,srp_Ajel.caps._CV620298
2483,23s,train,srp_Anto.locu._GSP-278021
2484,23s,train,srp_Asco.apis._GSP-392613
2485,23s,train,srp_Ashb.goss._AE016819
2486,23s,train,srp_Aspe.terr._GSP-341663
2487,23s,train,srp_Babe.bige._GSP-5866
2488,23s,train,srp_Baci.anth._AE017225
2489,23s,train,srp_Baci.anth._AE017334
2490,23s,train,srp_Baci.brev._D14472
2491,23s,train,srp_Bart.quin._BX897700
2492,23s,train,srp_Batr.dend._GSP-403673
2493,23s,train,srp_Bdel.bact._BX842656
2494,23s,train,srp_Bras.oler._GSP-109376
2495,23s,train,srp_Camp.jeju._CP000025
2496,23s,train,srp_Camp.jeju._CP000768
2497,23s,train,srp_Cand.dubl._GSP-42374
2498,23s,train,srp_Cand.glab._CR380957
2499,23s,train,srp_Cand.trop._GSP-294747
2500,23s,train,srp_Chla.pneu._BA000008
2501,23s,train,srp_Chla.trac._AE001298
2502,23s,train,srp_Chlo.tepi._AE006470
2503,23s,train,srp_Chlo.vulg._AB001684
2504,23s,train,srp_Citr.sine._CN181544
2505,23s,train,srp_Clav.lusi._GSP-306902
2506,23s,train,srp_Clos.novy._CP000382
2507,23s,train,srp_Clos.ther._CP000568
2508,23s,train,srp_Cocc.posa._GSP-222929
2509,23s,train,srp_Cryp.parv._XM_626716
2510,23s,train,srp_Cyan.mero._AB002583
2511,23s,train,srp_Cyan.mero._AY286123
2512,23s,train,srp_Dani.rrer._CU179657
2513,23s,train,srp_Deba.hans._CR382138
2514,23s,train,srp_Dein.radi._AE002056
2515,23s,train,srp_Desu.psyc._CR522870
2516,23s,train,srp_Dich.nodo._CP000513
2517,23s,train,srp_Dict.disc._BJ360333
2518,23s,train,srp_Eime.tene._GSP-413949
2519,23s,train,srp_Ence.cuni._AL590449
2520,23s,train,srp_Enta.hist._AF487684
2521,23s,train,srp_Enta.terr._GSP-110771
2522,23s,train,srp_Ento.sulc._AF095839
2523,23s,train,srp_Ferr.acid._GSP-333146
2524,23s,train,srp_Fuso.nucl._AE009951
2525,23s,train,srp_Gald.sulp._GSP-130081
2526,23s,train,srp_Giar.lamb._GSP-184922
2527,23s,train,srp_Gibb.zeae._GSP-229533
2528,23s,train,srp_Guil.thet._AF041468
2529,23s,train,srp_Haem.infl._CP000671
2530,23s,train,srp_Halo.halo._CP000544
2531,23s,train,srp_Halo.volc._AF395888
2532,23s,train,srp_Heli.pylo._CP000241
2533,23s,train,srp_Hist.caps._GSP-278162
2534,23s,train,srp_Humu.lupu._AJ236705
2535,23s,train,srp_Hype.buty._CP000493
2536,23s,train,srp_Kluy.lact._CR382126
2537,23s,train,srp_Kluy.yarr._479647571
2538,23s,train,srp_Lact.case._CP000423
2539,23s,train,srp_Lact.delb._AF496545
2540,23s,train,srp_Lact.john._AE017198
2541,23s,train,srp_Lact.john._AE017201
2542,23s,train,srp_Legi.pneu._M31830
2543,23s,train,srp_Leis.aeth._AY722730
2544,23s,train,srp_Leis.trop._AY781789
2545,23s,train,srp_Lemu.catt._GSP-9447
2546,23s,train,srp_Lept.coll._AF006750
2547,23s,train,srp_List.mono._AE017262
2548,23s,train,srp_List.mono._U15684
2549,23s,train,srp_Lodd.elon._GSP-379508
2550,23s,train,srp_Lotu.corn._AP006123
2551,23s,train,srp_Lotu.japo._BW598799
2552,23s,train,srp_Lyco.escu._Z46746
2553,23s,train,srp_Mari.aqua._CP000514
2554,23s,train,srp_Medi.trun._AC136507-2
2555,23s,train,srp_Medi.trun._CX540689
2556,23s,train,srp_Meso.viri._AF166114
2557,23s,train,srp_Meth.ferv._S49762
2558,23s,train,srp_Meth.mari._CP000745
2559,23s,train,srp_Meth.maze._AE008384
2560,23s,train,srp_Meth.volt._M22560
2561,23s,train,srp_Mono.brev._GSP-81824
2562,23s,train,srp_Myco.geni._U39706
2563,23s,train,srp_Myco.hyop._AE017243
2564,23s,train,srp_Myco.hyop._AE017244
2565,23s,train,srp_Myco.lepr._AL023596
2566,23s,train,srp_Myco.pulm._AL445565
2567,23s,train,srp_Myco.spec._CP000384
2568,23s,train,srp_Myco.spec._CP000580
2569,23s,train,srp_Myco.tube._AE000516
2570,23s,train,srp_Myco.vanb._CP000511
2571,23s,train,srp_Nect.haem._GSP-71109
2572,23s,train,srp_Neos.fisc._GSP-331117
2573,23s,train,srp_Neur.cras._AL669999
2574,23s,train,srp_Odon.sine._Z67753
2575,23s,train,srp_Onch.volv._BF727619
2576,23s,train,srp_Oryz.sati._AC079888
2577,23s,train,srp_Oryz.sati._AP003333
2578,23s,train,srp_Oryz.sati._AP008207
2579,23s,train,srp_Oxyt.trif._GSP-99928
2580,23s,train,srp_Para.bras._EH655308
2581,23s,train,srp_Para.bras._GSP-121759
2582,23s,train,srp_Perk.mari._GSP-31276
2583,23s,train,srp_Pers.amer._X65992
2584,23s,train,srp_Phae.nodo._GSP-321614
2585,23s,train,srp_Phak.pach._GSP-170000-2
2586,23s,train,srp_Phyt.infe._CV911012
2587,23s,train,srp_Phyt.infe._CV919934
2588,23s,train,srp_Phyt.soja._GSP-67593
2589,23s,train,srp_Pich.guil._GSP-294746
2590,23s,train,srp_Pich.stip._CP000502
2591,23s,train,srp_Picr.torr._AE017261
2592,23s,train,srp_Plas.berg._DC223613
2593,23s,train,srp_Plas.falc._EF690554
2594,23s,train,srp_Plas.reic._GSP-5854
2595,23s,train,srp_Plas.yoel._GSP-352914
2596,23s,train,srp_Podo.anse._GSP-5145
2597,23s,train,srp_Popu.trem._DN498769
2598,23s,train,srp_Porp.purp._U38804
2599,23s,train,srp_Porp.yezo._AP006715
2600,23s,train,srp_Proc.mari._AE017126
2601,23s,train,srp_Proc.mari._CP000111
2602,23s,train,srp_Proc.mari._CP000551
2603,23s,train,srp_Proc.spec._AJ011025
2604,23s,train,srp_Pseu.syri._CP000058
2605,23s,train,srp_Psyc.arct._CP000082
2606,23s,train,srp_Psyc.cryo._CP000323
2607,23s,train,srp_Psyc.ingr._CP000510
2608,23s,train,srp_Pyro.abys._AJ248283
2609,23s,train,srp_Pyro.aero._AE009852
2610,23s,train,srp_Pyro.isla._CP000504
2611,23s,train,srp_Rals.meta._CP000352
2612,23s,train,srp_Rhod.balt._BX294144
2613,23s,train,srp_Rick.feli._CP000053
2614,23s,train,srp_Rick.typh._AE017197
2615,23s,train,srp_Sacc.cere._U18916
2616,23s,train,srp_Sacc.kluy._SKAA0027M04.b1
2617,23s,train,srp_Sacc.para._BN000251
2618,23s,train,srp_Schi.japo._GSP-402676
2619,23s,train,srp_Schi.pomb._AU010514
2620,23s,train,srp_Schi.pomb._Z99259
2621,23s,train,srp_Scle.scle._GSP-325569
2622,23s,train,srp_Sene.crue._SDB-189209
2623,23s,train,srp_Shew.balt._CP000753
2624,23s,train,srp_Shew.spec._CP000469
2625,23s,train,srp_Shig.flex._AE014073
2626,23s,train,srp_Shig.flex._AE016979
2627,23s,train,srp_Shig.flex._CP000266
2628,23s,train,srp_Sino.medi._CP000738
2629,23s,train,srp_Sola.tube._DR037646
2630,23s,train,srp_Sorg.bico._BE594178
2631,23s,train,srp_Spra.loph._GSP-51541
2632,23s,train,srp_Stap.epid._AX145149
2633,23s,train,srp_Stre.coel._AL939118
2634,23s,train,srp_Stre.muta._AE014879
2635,23s,train,srp_Stre.pneu._AE007319
2636,23s,train,srp_Stre.pyog._AM295007
2637,23s,train,srp_Stre.sang._CP000387
2638,23s,train,srp_Sulf.toko._BA000023
2639,23s,train,srp_Synt.wolf._CP000448
2640,23s,train,srp_Taen.gutt._CK235759
2641,23s,train,srp_Tetr.ther._X56981
2642,23s,train,srp_Thal.pseu._GSP-296543
2643,23s,train,srp_Thei.annu._NW_001091934
2644,23s,train,srp_Thei.parv._GSP-333668
2645,23s,train,srp_Ther.fusc._CP000088
2646,23s,train,srp_Ther.koda._AP006878
2647,23s,train,srp_Ther.mela._CP000716
2648,23s,train,srp_Ther.petr._CP000702
2649,23s,train,srp_Ther.teng._AE012978
2650,23s,train,srp_Ther.volc._BA000011
2651,23s,train,srp_Toxo.gond._CO743022
2652,23s,train,srp_Toxo.gond._GSP-398031
2653,23s,train,srp_Trep.dent._AE017226
2654,23s,train,srp_Trep.dent._AE017246
2655,23s,train,srp_Trep.pall._AE000520
2656,23s,train,srp_Trep.pall._AE001187
2657,23s,train,srp_Tric.rees._GSP-334564-1
2658,23s,train,srp_Tric.vagi._GSP-5722-2
2659,23s,train,srp_Trit.aest._BE424647
2660,23s,train,srp_Trit.aest._CA718249
2661,23s,train,srp_Trit.aest._CJ679223
2662,23s,train,srp_Trit.aest._X13915
2663,23s,train,srp_Tryp.viva._SDB-5699
2664,23s,train,srp_Unci.rees._GSP-336963
2665,23s,train,srp_Urea.parv._AE002112
2666,23s,train,srp_Vibr.vuln._BA000037
2667,23s,train,srp_Volv.cart._GSP-51971-2
2668,23s,train,srp_Wolb.endo._AB080664
2669,23s,train,srp_Wolb.endo._AE017321
2670,23s,train,srp_Xant.camp._AM039952
2671,23s,train,srp_Xant.oryz._AP008229
2672,23s,train,srp_Xeno.laev._X01055
2673,23s,train,srp_Yarr.lipo._X51658
2674,23s,train,srp_Yers.ente._AM286415
2675,23s,train,srp_Yers.pseu._BX936398
2676,23s,train,srp_Yers.pseu._CP000720
2677,23s,train,srp_Zea.mays._X14661
2678,23s,train,srp_Zygo.roux._BN000170
2679,23s,train,srp_Zymo.mobi._AE008692
2680,23s,train,srp_Zymo.mobi._AF203881
2681,23s,train,tRNA_tdbR00000009-Escherichia_coli-562-Ala-VGC
2682,23s,train,tRNA_tdbR00000013-Pichia_jadinii-4903-Ala-IGC
2683,23s,train,tRNA_tdbR00000019-Mycoplasma_capricolum-2095-Cys-GCA
2684,23s,train,tRNA_tdbR00000029-Asterias_amurensis-7602-Asp-QUC
2685,23s,train,tRNA_tdbR00000030-Aedes_albopictus-7160-Asp-GUC
2686,23s,train,tRNA_tdbR00000032-Rattus_norvegicus-10116-Asp-GUC
2687,23s,train,tRNA_tdbR00000033-Didelphis_virginiana-9267-Asp-QUC
2688,23s,train,tRNA_tdbR00000034-Mesocricetus_auratus-10036-Asp-GUC
2689,23s,train,tRNA_tdbR00000036-Euglena_gracilis-3039-Asp-GUC
2690,23s,train,tRNA_tdbR00000043-Haloferax_volcanii-2246-Glu-NUC
2691,23s,train,tRNA_tdbR00000046-Escherichia_coli-562-Glu-SUC
2692,23s,train,tRNA_tdbR00000049-Chlamydomonas_reinhardtii-3055-Glu-NUC
2693,23s,train,tRNA_tdbR00000052-Aedes_albopictus-7160-Glu-NUC
2694,23s,train,tRNA_tdbR00000069-Synechococcus_sp._PCC_7002-32049-Phe-GAA
2695,23s,train,tRNA_tdbR00000074-Tetrahymena_pyriformis-5908-Phe-GAA
2696,23s,train,tRNA_tdbR00000078-Ascaris_suum-6253-Phe-GAA
2697,23s,train,tRNA_tdbR00000079-Rattus_norvegicus-10116-Phe-GAA
2698,23s,train,tRNA_tdbR00000080-Bos_taurus-9913-Phe-GAA
2699,23s,train,tRNA_tdbR00000091-Pisum_sativum-3888-Phe-AA
2700,23s,train,tRNA_tdbR00000104-Enterobacteria_phage_T4-10665-Gly-NCC
2701,23s,train,tRNA_tdbR00000114-Staphylococcus_epidermidis-1282-Gly-UCC
2702,23s,train,tRNA_tdbR00000121-Salmonella_typhimurium-602-Gly-NCC
2703,23s,train,tRNA_tdbR00000124-Aedes_albopictus-7160-Gly-UCC
2704,23s,train,tRNA_tdbR00000125-Bos_taurus-9913-Gly-UCC
2705,23s,train,tRNA_tdbR00000126-Halocynthia_roretzi-7729-Gly-NCU
2706,23s,train,tRNA_tdbR00000127-Halocynthia_roretzi-7729-Gly-UCU
2707,23s,train,tRNA_tdbR00000128-Halocynthia_roretzi-7729-Gly-GCU
2708,23s,train,tRNA_tdbR00000129-Saccharomyces_cerevisiae-4932-Gly-GCC
2709,23s,train,tRNA_tdbR00000132-Lupinus_luteus-3873-Gly-GCC
2710,23s,train,tRNA_tdbR00000134-Bombyx_mori-7091-Gly-CC
2711,23s,train,tRNA_tdbR00000138-Haloferax_volcanii-2246-His-GUG
2712,23s,train,tRNA_tdbR00000141-Salmonella_typhimurium-602-His-QUG
2713,23s,train,tRNA_tdbR00000142-Saccharomyces_cerevisiae-4932-His-GUG
2714,23s,train,tRNA_tdbR00000143-Asterias_amurensis-7602-His-QUG
2715,23s,train,tRNA_tdbR00000149-Homo_sapiens-9606-His-GUG
2716,23s,train,tRNA_tdbR00000167-Aedes_albopictus-7160-Ile-GAU
2717,23s,train,tRNA_tdbR00000168-Bos_taurus-9913-Ile-GAU
2718,23s,train,tRNA_tdbR00000169-Homo_sapiens-9606-Ile-GAU
2719,23s,train,tRNA_tdbR00000173-Bombyx_mori-7091-Ile-IAU
2720,23s,train,tRNA_tdbR00000174-Mus_musculus-10090-Ile-IAU
2721,23s,train,tRNA_tdbR00000177-Mycoplasma_capricolum-2095-Lys-CUU
2722,23s,train,tRNA_tdbR00000184-Asterias_amurensis-7602-Lys-CUU
2723,23s,train,tRNA_tdbR00000189-Rattus_norvegicus-10116-Lys-NUU
2724,23s,train,tRNA_tdbR00000190-Bos_taurus-9913-Lys-NUU
2725,23s,train,tRNA_tdbR00000191-Mesocricetus_auratus-10036-Lys-NUU
2726,23s,train,tRNA_tdbR00000194-Triticum_aestivum-4565-Lys-CUU
2727,23s,train,tRNA_tdbR00000206-Loligo_bleekeri-6617-Lys-UUU
2728,23s,train,tRNA_tdbR00000210-Enterobacteria_phage_T5-10726-Leu-UAG
2729,23s,train,tRNA_tdbR00000211-Haloferax_volcanii-2246-Leu-CAA
2730,23s,train,tRNA_tdbR00000217-Mycoplasma_capricolum-2095-Leu-AA
2731,23s,train,tRNA_tdbR00000223-Salmonella_typhimurium-602-Leu-CAG
2732,23s,train,tRNA_tdbR00000224-Rhodospirillum_rubrum-1085-Leu-CAA
2733,23s,train,tRNA_tdbR00000225-Synechococcus_elongatus_PCC_6301-269084-Leu-CAA
2734,23s,train,tRNA_tdbR00000234-Spinacia_oleracea-3562-Leu-UA7
2735,23s,train,tRNA_tdbR00000237-Saccharomyces_cerevisiae-4932-Leu-AA
2736,23s,train,tRNA_tdbR00000243-Rattus_norvegicus-10116-Leu-UAG
2737,23s,train,tRNA_tdbR00000244-Rattus_norvegicus-10116-Leu-UAG
2738,23s,train,tRNA_tdbR00000245-Rattus_norvegicus-10116-Leu-UAG
2739,23s,train,tRNA_tdbR00000246-Bos_taurus-9913-Leu-NAA
2740,23s,train,tRNA_tdbR00000247-Bos_taurus-9913-Leu-UAG
2741,23s,train,tRNA_tdbR00000251-Saccharomyces_cerevisiae-4932-Leu-UAA
2742,23s,train,tRNA_tdbR00000261-Cucumis_sativus-3659-Leu-NAA
2743,23s,train,tRNA_tdbR00000263-Rattus_norvegicus-10116-Leu-AA
2744,23s,train,tRNA_tdbR00000266-Bos_taurus-9913-Leu-AA
2745,23s,train,tRNA_tdbR00000280-Saccharomyces_cerevisiae-4932-Met-CAU
2746,23s,train,tRNA_tdbR00000282-Ascaris_suum-6253-Met-AU
2747,23s,train,tRNA_tdbR00000283-Gallus_gallus-9031-Met-AU
2748,23s,train,tRNA_tdbR00000289-Homo_sapiens-9606-Met-BAU
2749,23s,train,tRNA_tdbR00000290-Enterobacteria_phage_T5-10726-Asn-GUU
2750,23s,train,tRNA_tdbR00000294-Mycoplasma_capricolum-2095-Asn-GUU
2751,23s,train,tRNA_tdbR00000299-Asterias_amurensis-7602-Asn-GPU
2752,23s,train,tRNA_tdbR00000312-Haloferax_volcanii-2246-Pro-GGG
2753,23s,train,tRNA_tdbR00000313-Haloferax_volcanii-2246-Pro-UGG
2754,23s,train,tRNA_tdbR00000318-Salmonella_typhimurium-602-Pro-GGG
2755,23s,train,tRNA_tdbR00000321-Saccharomyces_cerevisiae-4932-Pro-UGG
2756,23s,train,tRNA_tdbR00000325-Pichia_jadinii-4903-Pro-GG
2757,23s,train,tRNA_tdbR00000328-Enterobacteria_phage_T5-10726-Gln-UUG
2758,23s,train,tRNA_tdbR00000331-Mycoplasma_capricolum-2095-Gln-UG
2759,23s,train,tRNA_tdbR00000333-Escherichia_coli-562-Gln-NUG
2760,23s,train,tRNA_tdbR00000334-Hordeum_vulgare-4513-Gln-UG
2761,23s,train,tRNA_tdbR00000335-Nicotiana_rustica-4093-Gln-NUG
2762,23s,train,tRNA_tdbR00000336-Aedes_albopictus-7160-Gln-NUG
2763,23s,train,tRNA_tdbR00000345-Homo_sapiens-9606-Gln-NUG
2764,23s,train,tRNA_tdbR00000347-Enterobacteria_phage_T4-10665-Arg-NCU
2765,23s,train,tRNA_tdbR00000350-Haloferax_volcanii-2246-Arg-GCG
2766,23s,train,tRNA_tdbR00000351-Haloferax_volcanii-2246-Arg-NCG
2767,23s,train,tRNA_tdbR00000352-Mycoplasma_capricolum-2095-Arg-ICG
2768,23s,train,tRNA_tdbR00000359-Escherichia_coli-562-Arg-CCG
2769,23s,train,tRNA_tdbR00000361-Saccharomyces_cerevisiae-4932-Arg-ACG
2770,23s,train,tRNA_tdbR00000363-Ascaris_suum-6253-Arg-PCU
2771,23s,train,tRNA_tdbR00000364-Ascaris_suum-6253-Arg-ACG
2772,23s,train,tRNA_tdbR00000365-Aedes_albopictus-7160-Arg-UCG
2773,23s,train,tRNA_tdbR00000366-Rattus_norvegicus-10116-Arg-UCG
2774,23s,train,tRNA_tdbR00000367-Bos_taurus-9913-Arg-UCG
2775,23s,train,tRNA_tdbR00000368-Mesocricetus_auratus-10036-Arg-UCG
2776,23s,train,tRNA_tdbR00000379-Enterobacteria_phage_T4-10665-Ser-NGA
2777,23s,train,tRNA_tdbR00000380-Halobacterium_salinarum-2242-Ser-MGA
2778,23s,train,tRNA_tdbR00000381-Haloferax_volcanii-2246-Ser-GCU
2779,23s,train,tRNA_tdbR00000382-Haloferax_volcanii-2246-Ser-MGA
2780,23s,train,tRNA_tdbR00000383-Haloferax_volcanii-2246-Ser-GGA
2781,23s,train,tRNA_tdbR00000385-Mycoplasma_capricolum-2095-Ser-UGA
2782,23s,train,tRNA_tdbR00000386-Mycoplasma_mycoides-2102-Ser-UGA
2783,23s,train,tRNA_tdbR00000387-Bacillus_subtilis-1423-Ser-5GA
2784,23s,train,tRNA_tdbR00000389-Bacillus_subtilis-1423-Ser-GGA
2785,23s,train,tRNA_tdbR00000390-Escherichia_coli-562-Ser-CGA
2786,23s,train,tRNA_tdbR00000391-Escherichia_coli-562-Ser-GCU
2787,23s,train,tRNA_tdbR00000392-Escherichia_coli-562-Ser-GGA
2788,23s,train,tRNA_tdbR00000393-Escherichia_coli-562-Ser-GGA
2789,23s,train,tRNA_tdbR00000394-Escherichia_coli-562-Ser-VGA
2790,23s,train,tRNA_tdbR00000395-Saccharomyces_cerevisiae-4932-Ser-GCU
2791,23s,train,tRNA_tdbR00000396-Saccharomyces_cerevisiae-4932-Ser-UGA
2792,23s,train,tRNA_tdbR00000397-Saccharomyces_cerevisiae-4932-Ser-UGA
2793,23s,train,tRNA_tdbR00000398-Ascaris_suum-6253-Ser-UCU
2794,23s,train,tRNA_tdbR00000399-Aedes_albopictus-7160-Ser-GCU
2795,23s,train,tRNA_tdbR00000400-Loligo_bleekeri-6617-Ser-7CU
2796,23s,train,tRNA_tdbR00000403-Bos_taurus-9913-Ser-UGA
2797,23s,train,tRNA_tdbR00000406-Saccharomyces_cerevisiae-4932-Ser-NGA
2798,23s,train,tRNA_tdbR00000409-Candida_cylindracea-44322-Ser-CAG
2799,23s,train,tRNA_tdbR00000412-Candida_cylindracea-44322-Ser-CGA
2800,23s,train,tRNA_tdbR00000413-Candida_cylindracea-44322-Ser-GCU
2801,23s,train,tRNA_tdbR00000414-Lupinus_luteus-3873-Ser-CGA
2802,23s,train,tRNA_tdbR00000419-Nicotiana_rustica-4093-Ser-IGA
2803,23s,train,tRNA_tdbR00000420-Spinacia_oleracea-3562-Ser-IGA
2804,23s,train,tRNA_tdbR00000423-Rattus_norvegicus-10116-Ser-IGA
2805,23s,train,tRNA_tdbR00000426-Drosophila_melanogaster-7227-Ser-CGA
2806,23s,train,tRNA_tdbR00000428-Homo_sapiens-9606-Ser-UGA
2807,23s,train,tRNA_tdbR00000438-Escherichia_coli-562-Thr-GGU
2808,23s,train,tRNA_tdbR00000440-Neurospora_crassa-5141-Thr-UGU
2809,23s,train,tRNA_tdbR00000459-Neurospora_crassa-5141-Val-UAC
2810,23s,train,tRNA_tdbR00000460-Aedes_albopictus-7160-Val-UAC
2811,23s,train,tRNA_tdbR00000461-Rattus_norvegicus-10116-Val-UAC
2812,23s,train,tRNA_tdbR00000462-Rattus_norvegicus-10116-Val-UAC
2813,23s,train,tRNA_tdbR00000463-Bos_taurus-9913-Val-UAC
2814,23s,train,tRNA_tdbR00000466-Saccharomyces_cerevisiae-4932-Val-AC
2815,23s,train,tRNA_tdbR00000467-Pichia_jadinii-4903-Val-IAC
2816,23s,train,tRNA_tdbR00000469-Rattus_norvegicus-10116-Val-IAC
2817,23s,train,tRNA_tdbR00000474-Drosophila_melanogaster-7227-Val-NAC
2818,23s,train,tRNA_tdbR00000475-Mus_musculus-10090-Val-IAC
2819,23s,train,tRNA_tdbR00000478-Haloferax_volcanii-2246-Trp-BCA
2820,23s,train,tRNA_tdbR00000483-Bacillus_subtilis-1423-Trp-CCA
2821,23s,train,tRNA_tdbR00000488-Tetrahymena_thermophila-5911-Trp-CA
2822,23s,train,tRNA_tdbR00000489-Neurospora_crassa-5141-Trp-NCA
2823,23s,train,tRNA_tdbR00000490-Saccharomyces_cerevisiae-4932-Trp-CA
2824,23s,train,tRNA_tdbR00000492-Rattus_norvegicus-10116-Trp-NCA
2825,23s,train,tRNA_tdbR00000493-Bos_taurus-9913-Trp-NCA
2826,23s,train,tRNA_tdbR00000494-Saccharomyces_cerevisiae-4932-Trp-BCA
2827,23s,train,tRNA_tdbR00000504-Mycoplasma_capricolum-2095-Ini-CAU
2828,23s,train,tRNA_tdbR00000505-Mycoplasma_mycoides-2102-Ini-CAU
2829,23s,train,tRNA_tdbR00000516-Spinacia_oleracea-3562-Ini-CAU
2830,23s,train,tRNA_tdbR00000517-Neurospora_crassa-5141-Ini-CAU
2831,23s,train,tRNA_tdbR00000518-Saccharomyces_cerevisiae-4932-Ini-CAU
2832,23s,train,tRNA_tdbR00000519-Phaseolus_vulgaris-3885-Ini-CAU
2833,23s,train,tRNA_tdbR00000520-Aedes_albopictus-7160-Ini-CAU
2834,23s,train,tRNA_tdbR00000521-Bos_taurus-9913-Ini-CAU
2835,23s,train,tRNA_tdbR00000522-Bos_taurus-9913-Ini-AU
2836,23s,train,tRNA_tdbR00000541-Haloferax_volcanii-2246-Tyr-GUA
2837,23s,train,tRNA_tdbR00000542-Mycoplasma_capricolum-2095-Tyr-GUA
2838,23s,train,tRNA_tdbR00000547-Geobacillus_stearothermophilus-1422-Tyr-QUA
2839,23s,train,tRNA_tdbR00000548-Scenedesmus_obliquus-3088-Tyr-GUA
2840,23s,train,tRNA_tdbR00000549-Tetrahymena_pyriformis-5908-Tyr-QUA
2841,23s,train,tRNA_tdbR00000550-Neurospora_crassa-5141-Tyr-GUA
2842,23s,train,tRNA_tdbR00000551-Saccharomyces_cerevisiae-4932-Tyr-GUA
2843,23s,train,tRNA_tdbR00000553-Asterias_amurensis-7602-Tyr-GUA
2844,23s,train,tRNA_tdbR00000555-Saccharomyces_cerevisiae-4932-Tyr-GPA
2845,23s,train,tRNA_tdbR00000556-Schizosaccharomyces_pombe-4896-Tyr-GPA
2846,23s,train,tRNA_tdbR00000557-Pichia_jadinii-4903-Tyr-GPA
2847,23s,train,tRNA_tdbR00000567-Homo_sapiens-9606-Tyr-9PA
2848,23s,train,tRNA_tdbR00000572-Leishmania_tarentolae-5689-Lys-1UU
2849,23s,train,tRNA_tdbR00000573-Leishmania_tarentolae-5689-Gln-3UG
2850,23s,train,tRNA_tdbR00000575-Leishmania_tarentolae-5689-Thr-CGU
2851,23s,train,tRNA_tdbR00000576-Leishmania_tarentolae-5689-Asp-GUC
2852,23s,train,tRNA_tdbR00000577-Leishmania_tarentolae-5689-Glu-CUC
2853,23s,train,tRNA_tdbR00000578-Leishmania_tarentolae-5689-Glu-3UC
2854,23s,train,tRNA_tdbR00000580-Aeropyrum_pernix-56636-Lys-UUU
2855,23s,train,tRNA_tdbR00000581-Aeropyrum_pernix-56636-Lys-CUU
2856,23s,train,tRNA_tdbR00000583-Aeropyrum_pernix-56636-Cys-GCA
2857,23s,train,tRNA_tdbR00000585-Aeropyrum_pernix-56636-Thr-CGU
2858,23s,train,tRNA_tdbR00000588-Aeropyrum_pernix-56636-Asp-GUC
2859,23s,train,tRNA_tdbR00000590-Ascaris_suum-6253-Glu-UC
2860,23s,train,tRNA_tdbR00000591-Ascaris_suum-6253-Lys-UU
2861,23s,train,tRNA_tdbR00000592-Ascaris_suum-6253-Gln-UG
2862,23s,train,tRNA_tdbR00000593-Ascaris_suum-6253-Trp-CA
2863,23s,train,tRNA_tdbR00000594-Ascaris_suum-6253-Leu-AA
2864,23s,train,tRNA_tdbR00000595-Escherichia_coli-562-Leu-BAA
2865,23s,train,tRNA_tdbR00000607-Lupinus_luteus-3873-Leu-IAG
2866,23s,train,tRNA_tdbR00000608-Lupinus_luteus-3873-Leu-UAA
2867,23s,train,tRNA_tdbR00000609-Chlamydomonas_reinhardtii-3055-Leu-UA7
2868,23s,train,tRNA_tdbR00000611-Sinorhizobium_meliloti-382-His-GUG
2869,23s,train,tRNA_tdbR00000612-Sinorhizobium_meliloti-382-Trp-CCA
2870,23s,train,tRNA_tdbR00000613-Nanoarchaeum_equitans-160232-Glu-CUC
2871,23s,train,tRNA_tdbR00000614-Nanoarchaeum_equitans-160232-Ini-CAU
2872,23s,train,tRNA_tdbR00000615-Nanoarchaeum_equitans-160232-Trp-CCA
2873,23s,train,tRNA_tdbR00000616-Nanoarchaeum_equitans-160232-Lys-CUU
2874,23s,train,tRNA_tdbR00000617-Nanoarchaeum_equitans-160232-Gln-UUG
2875,23s,train,tRNA_tdbR00000618-Candida_albicans-5476-Leu-CAG
2876,23s,train,tRNA_tdbR00000619-Toxoplasma_gondii-5811-Met-CAU
2877,23s,train,tRNA_tdbR00000620-Toxoplasma_gondii-5811-Ini-CAU
2878,23s,train,tRNA_tdbR00000621-Nicotiana_rustica-4093-Cys-GCA
2879,23s,train,tRNA_tdbR00000622-Nicotiana_rustica-4093-Cys-GCA
2880,23s,train,tRNA_tdbR00000623-Escherichia_coli-562-Pro-CGG
2881,23s,train,telomerase_AC121792.109554-109950
2882,23s,train,telomerase_AF147806.247-692
2883,23s,train,telomerase_AF221906.96-545
2884,23s,train,telomerase_AF221908.136-584
2885,23s,train,telomerase_AF221909.98-496
2886,23s,train,telomerase_AF221910.112-554
2887,23s,train,telomerase_AF221911.104-513
2888,23s,train,telomerase_AF221912.98-564
2889,23s,train,telomerase_AF221913.109-520
2890,23s,train,telomerase_AF221914.112-589
2891,23s,train,telomerase_AF221916.94-481
2892,23s,train,telomerase_AF221917.99-542
2893,23s,train,telomerase_AF221918.97-547
2894,23s,train,telomerase_AF221919.107-614
2895,23s,train,telomerase_AF221920.99-541
2896,23s,train,telomerase_AF221921.98-548
2897,23s,train,telomerase_AF221923.106-554
2898,23s,train,telomerase_AF221924.105-538
2899,23s,train,telomerase_AF221925.98-540
2900,23s,train,telomerase_AF221926.103-507
2901,23s,train,telomerase_AF221927.113-556
2902,23s,train,telomerase_AF221928.95-476
2903,23s,train,telomerase_AF221929.92-517
2904,23s,train,telomerase_AF221930.94-546
2905,23s,train,telomerase_AF221931.99-541
2906,23s,train,telomerase_AF221932.102-549
2907,23s,train,telomerase_AF221934.121-565
2908,23s,train,telomerase_AF221935.112-602
2909,23s,train,telomerase_AF221936.98-540
2910,23s,train,telomerase_AF221937.99-545
2911,23s,train,telomerase_AF221939.99-544
2912,23s,train,telomerase_AF221940.103-499
2913,23s,train,telomerase_AY058901.1-397
2914,23s,train,telomerase_AY312571.605-1069
2915,23s,train,telomerase_U85256.1-451
2916,23s,train,telomerase_AC121792.109554-109950
2917,23s,train,telomerase_AF147806.247-692
2918,23s,train,telomerase_AF221906.96-545
2919,23s,train,telomerase_AF221908.136-584
2920,23s,train,telomerase_AF221909.98-496
2921,23s,train,telomerase_AF221910.112-554
2922,23s,train,telomerase_AF221911.104-513
2923,23s,train,telomerase_AF221912.98-564
2924,23s,train,telomerase_AF221913.109-520
2925,23s,train,telomerase_AF221914.112-589
2926,23s,train,telomerase_AF221916.94-481
2927,23s,train,telomerase_AF221917.99-542
2928,23s,train,telomerase_AF221918.97-547
2929,23s,train,telomerase_AF221919.107-614
2930,23s,train,telomerase_AF221920.99-541
2931,23s,train,telomerase_AF221921.98-548
2932,23s,train,telomerase_AF221923.106-554
2933,23s,train,telomerase_AF221924.105-538
2934,23s,train,telomerase_AF221925.98-540
2935,23s,train,telomerase_AF221926.103-507
2936,23s,train,telomerase_AF221927.113-556
2937,23s,train,telomerase_AF221928.95-476
2938,23s,train,telomerase_AF221929.92-517
2939,23s,train,telomerase_AF221930.94-546
2940,23s,train,telomerase_AF221931.99-541
2941,23s,train,telomerase_AF221932.102-549
2942,23s,train,telomerase_AF221934.121-565
2943,23s,train,telomerase_AF221935.112-602
2944,23s,train,telomerase_AF221936.98-540
2945,23s,train,telomerase_AF221937.99-545
2946,23s,train,telomerase_AF221939.99-544
2947,23s,train,telomerase_AF221940.103-499
2948,23s,train,telomerase_AY058901.1-397
2949,23s,train,telomerase_AY312571.605-1069
2950,23s,train,telomerase_U85256.1-451
2951,23s,train,telomerase_AC121792.109554-109950
2952,23s,train,telomerase_AF147806.247-692
2953,23s,train,telomerase_AF221906.96-545
2954,23s,train,telomerase_AF221908.136-584
2955,23s,train,telomerase_AF221909.98-496
2956,23s,train,telomerase_AF221910.112-554
2957,23s,train,telomerase_AF221911.104-513
2958,23s,train,telomerase_AF221912.98-564
2959,23s,train,telomerase_AF221913.109-520
2960,23s,train,telomerase_AF221914.112-589
2961,23s,train,telomerase_AF221916.94-481
2962,23s,train,telomerase_AF221917.99-542
2963,23s,train,telomerase_AF221918.97-547
2964,23s,train,telomerase_AF221919.107-614
2965,23s,train,telomerase_AF221920.99-541
2966,23s,train,telomerase_AF221921.98-548
2967,23s,train,telomerase_AF221923.106-554
2968,23s,train,telomerase_AF221924.105-538
2969,23s,train,telomerase_AF221925.98-540
2970,23s,train,telomerase_AF221926.103-507
2971,23s,train,telomerase_AF221927.113-556
2972,23s,train,telomerase_AF221928.95-476
2973,23s,train,telomerase_AF221929.92-517
2974,23s,train,telomerase_AF221930.94-546
2975,23s,train,telomerase_AF221931.99-541
2976,23s,train,telomerase_AF221932.102-549
2977,23s,train,telomerase_AF221934.121-565
2978,23s,train,telomerase_AF221935.112-602
2979,23s,train,telomerase_AF221936.98-540
2980,23s,train,telomerase_AF221937.99-545
2981,23s,train,telomerase_AF221939.99-544
2982,23s,train,telomerase_AF221940.103-499
2983,23s,train,telomerase_AY058901.1-397
2984,23s,train,telomerase_AY312571.605-1069
2985,23s,train,telomerase_U85256.1-451
2986,23s,train,telomerase_AC121792.109554-109950
2987,23s,train,telomerase_AF147806.247-692
2988,23s,train,telomerase_AF221906.96-545
2989,23s,train,telomerase_AF221908.136-584
2990,23s,train,telomerase_AF221909.98-496
2991,23s,train,telomerase_AF221910.112-554
2992,23s,train,telomerase_AF221911.104-513
2993,23s,train,telomerase_AF221912.98-564
2994,23s,train,telomerase_AF221913.109-520
2995,23s,train,telomerase_AF221914.112-589
2996,23s,train,telomerase_AF221916.94-481
2997,23s,train,telomerase_AF221917.99-542
2998,23s,train,telomerase_AF221918.97-547
2999,23s,train,telomerase_AF221919.107-614
3000,23s,train,telomerase_AF221920.99-541
3001,23s,train,telomerase_AF221921.98-548
3002,23s,train,telomerase_AF221923.106-554
3003,23s,train,telomerase_AF221924.105-538
3004,23s,train,telomerase_AF221925.98-540
3005,23s,train,telomerase_AF221926.103-507
3006,23s,train,telomerase_AF221927.113-556
3007,23s,train,telomerase_AF221928.95-476
3008,23s,train,telomerase_AF221929.92-517
3009,23s,train,telomerase_AF221930.94-546
3010,23s,train,telomerase_AF221931.99-541
3011,23s,train,telomerase_AF221932.102-549
3012,23s,train,telomerase_AF221934.121-565
3013,23s,train,telomerase_AF221935.112-602
3014,23s,train,telomerase_AF221936.98-540
3015,23s,train,telomerase_AF221937.99-545
3016,23s,train,telomerase_AF221939.99-544
3017,23s,train,telomerase_AF221940.103-499
3018,23s,train,telomerase_AY058901.1-397
3019,23s,train,telomerase_AY312571.605-1069
3020,23s,train,telomerase_U85256.1-451
3021,23s,train,telomerase_AC121792.109554-109950
3022,23s,train,telomerase_AF147806.247-692
3023,23s,train,telomerase_AF221906.96-545
3024,23s,train,telomerase_AF221908.136-584
3025,23s,train,telomerase_AF221909.98-496
3026,23s,train,telomerase_AF221910.112-554
3027,23s,train,telomerase_AF221911.104-513
3028,23s,train,telomerase_AF221912.98-564
3029,23s,train,telomerase_AF221913.109-520
3030,23s,train,telomerase_AF221914.112-589
3031,23s,train,telomerase_AF221916.94-481
3032,23s,train,telomerase_AF221917.99-542
3033,23s,train,telomerase_AF221918.97-547
3034,23s,train,telomerase_AF221919.107-614
3035,23s,train,telomerase_AF221920.99-541
3036,23s,train,telomerase_AF221921.98-548
3037,23s,train,telomerase_AF221923.106-554
3038,23s,train,telomerase_AF221924.105-538
3039,23s,train,telomerase_AF221925.98-540
3040,23s,train,telomerase_AF221926.103-507
3041,23s,train,telomerase_AF221927.113-556
3042,23s,train,telomerase_AF221928.95-476
3043,23s,train,telomerase_AF221929.92-517
3044,23s,train,telomerase_AF221930.94-546
3045,23s,train,telomerase_AF221931.99-541
3046,23s,train,telomerase_AF221932.102-549
3047,23s,train,telomerase_AF221934.121-565
3048,23s,train,telomerase_AF221935.112-602
3049,23s,train,telomerase_AF221936.98-540
3050,23s,train,telomerase_AF221937.99-545
3051,23s,train,telomerase_AF221939.99-544
3052,23s,train,telomerase_AF221940.103-499
3053,23s,train,telomerase_AY058901.1-397
3054,23s,train,telomerase_AY312571.605-1069
3055,23s,train,telomerase_U85256.1-451
3056,23s,train,telomerase_AC121792.109554-109950
3057,23s,train,telomerase_AF147806.247-692
3058,23s,train,telomerase_AF221906.96-545
3059,23s,train,telomerase_AF221908.136-584
3060,23s,train,telomerase_AF221909.98-496
3061,23s,train,telomerase_AF221910.112-554
3062,23s,train,telomerase_AF221911.104-513
3063,23s,train,telomerase_AF221912.98-564
3064,23s,train,telomerase_AF221913.109-520
3065,23s,train,telomerase_AF221914.112-589
3066,23s,train,telomerase_AF221916.94-481
3067,23s,train,telomerase_AF221917.99-542
3068,23s,train,telomerase_AF221918.97-547
3069,23s,train,telomerase_AF221919.107-614
3070,23s,train,telomerase_AF221920.99-541
3071,23s,train,telomerase_AF221921.98-548
3072,23s,train,telomerase_AF221923.106-554
3073,23s,train,telomerase_AF221924.105-538
3074,23s,train,telomerase_AF221925.98-540
3075,23s,train,telomerase_AF221926.103-507
3076,23s,train,telomerase_AF221927.113-556
3077,23s,train,telomerase_AF221928.95-476
3078,23s,train,telomerase_AF221929.92-517
3079,23s,train,telomerase_AF221930.94-546
3080,23s,train,telomerase_AF221931.99-541
3081,23s,train,tmRNA_Acid.caps._TRW-240015_1-352
3082,23s,train,tmRNA_Acid.ferr._TRW-243159_1-364
3083,23s,train,tmRNA_Acid.ferr._TRW-920_1-341
3084,23s,train,tmRNA_Acin.spec._CR543861_1-360
3085,23s,train,tmRNA_Acti.naes._TRW-240017_1-371
3086,23s,train,tmRNA_Aero.hydr._CP000462_1-360
3087,23s,train,tmRNA_Alka.meta._TRW-293826_1-355
3088,23s,train,tmRNA_Aqui.aeol._TRW-63363_1-347
3089,23s,train,tmRNA_Azoa.spec._TRW-62928_1-378
3090,23s,train,tmRNA_Baci.G._TRW-12333_1-312
3091,23s,train,tmRNA_Baci.clau._AP006627_1-355
3092,23s,train,tmRNA_Baci.lich._CP000002_1-356
3093,23s,train,tmRNA_Baci.subt._Z99121_1-360
3094,23s,train,tmRNA_Bact.mari._TRW-97084_1-385
3095,23s,train,tmRNA_Bact.thet._AE015928_1-397
3096,23s,train,tmRNA_Bdel.bact._BX842656_1-346
3097,23s,train,tmRNA_Bifi.long._TRW-206672_1-397
3098,23s,train,tmRNA_Bloc.flor._BX248583_1-393
3099,23s,train,tmRNA_Bloc.penn._CP000016_1-392
3100,23s,train,tmRNA_Bord.pert._TRW-257313_1-387
3101,23s,train,tmRNA_Borr.gari._CP000013_1-363
3102,23s,train,tmRNA_Brev.line._TRW-321955_1-377
3103,23s,train,tmRNA_Buch.aphi._AE013218_1-376
3104,23s,train,tmRNA_Buch.aphi._AE016826_1-367
3105,23s,train,tmRNA_Buch.aphi._BD061520_1-369
3106,23s,train,tmRNA_Cald.sacc._TRW-351627_1-368
3107,23s,train,tmRNA_Camp.fetu._AY211269_1-361
3108,23s,train,tmRNA_Camp.upsa._TRW-306264_1-359
3109,23s,train,tmRNA_Carb.hydr._CP000141_1-359
3110,23s,train,tmRNA_Carn.malt._AF275938_1-366
3111,23s,train,tmRNA_Chla.trac._TRW-813-2_1-420
3112,23s,train,tmRNA_Chlo.aura._AY040836_1-361
3113,23s,train,tmRNA_Chlo.chlo._CP000108_1-401
3114,23s,train,tmRNA_Chlo.tepi._TRW-194439_1-404
3115,23s,train,tmRNA_Chro.sale._CP000285_1-380
3116,23s,train,tmRNA_Chro.viol._AE016825_1-365
3117,23s,train,tmRNA_Clav.mich._TRW-31964_1-376
3118,23s,train,tmRNA_Clos.perf._TRW-195102_1-361
3119,23s,train,tmRNA_Clos.ther._TRW-203119_1-387
3120,23s,train,tmRNA_Colw.psyc._CP000083_1-350
3121,23s,train,tmRNA_Copr.prot._TRW-351627_1-353
3122,23s,train,tmRNA_Cory.diph._BX248356_1-385
3123,23s,train,tmRNA_Cory.glut._BX927150_1-377
3124,23s,train,tmRNA_Coxi.burn._AE016828_1-360
3125,23s,train,tmRNA_Croc.wats._TRW-165597_1-386
3126,23s,train,tmRNA_Cyan.cald._AF022186_1-254
3127,23s,train,tmRNA_Cyan.mero._TRW-45157_1-236
3128,23s,train,tmRNA_Cyan.para._U30821_1-291
3129,23s,train,tmRNA_Cyto.hutc._CP000383_1-404
3130,23s,train,tmRNA_Deha.ethe._CP000027_1-352
3131,23s,train,tmRNA_Dein.geot._CP000359_1-348
3132,23s,train,tmRNA_Dein.radi._TRW-243230_1-349
3133,23s,train,tmRNA_Desu.acet._TRW-281689_1-353
3134,23s,train,tmRNA_Desu.desu._CP000112_1-360
3135,23s,train,tmRNA_Desu.psyc._CR522870_1-366
3136,23s,train,tmRNA_Desu.vulg._AE017285_1-352
3137,23s,train,tmRNA_Dich.nodo._TRW-35819_1-352
3138,23s,train,tmRNA_Dict.ther._TRW-14_1-350
3139,23s,train,tmRNA_Emil.huxl._TRW-280463_1-291
3140,23s,train,tmRNA_Ente.faec._TRW-1352_1-367
3141,23s,train,tmRNA_Exig.sibi._TRW-262543_1-359
3142,23s,train,tmRNA_Fibr.succ._TRW-59374_1-361
3143,23s,train,tmRNA_Fran.spec._TRW-298653_1-375
3144,23s,train,tmRNA_Fran.tula._CP000437_1-421
3145,23s,train,tmRNA_Fuso.nucl._TRW-393480_1-344
3146,23s,train,tmRNA_Gemm.obsc._TRW-214688_1-412
3147,23s,train,tmRNA_Geob.meta._CP000148_1-356
3148,23s,train,tmRNA_Geob.stea._TRW-1422_1-352
3149,23s,train,tmRNA_Geob.sulf._AE017180_1-356
3150,23s,train,tmRNA_Grac.tenu._AY673996_1-396
3151,23s,train,tmRNA_Guil.thet._TRW-55529_1-330
3152,23s,train,tmRNA_Haem.ducr._AE017143_1-367
3153,23s,train,tmRNA_Haem.somn._CP000436_1-367
3154,23s,train,tmRNA_Heli.hepa._AE017125_1-369
3155,23s,train,tmRNA_Heli.must._DQ250625_1-366
3156,23s,train,tmRNA_Heli.pylo._TRW-85963_1-386
3157,23s,train,tmRNA_Idio.loih._AE017340_1-359
3158,23s,train,tmRNA_Jako.libe._TRW-143017_1-102
3159,23s,train,tmRNA_Lact.brev._CP000416_1-372
3160,23s,train,tmRNA_Lact.case._CP000423_1-364
3161,23s,train,tmRNA_Lact.delb._AF440335_1-316
3162,23s,train,tmRNA_Lact.delb._TRW-321956_1-362
3163,23s,train,tmRNA_Lact.john._TRW-257314_1-367
3164,23s,train,tmRNA_Lact.lact._AF176556_1-359
3165,23s,train,tmRNA_Lact.plan._AL935259_1-372
3166,23s,train,tmRNA_Lact.sake._TRW-314315_1-370
3167,23s,train,tmRNA_Laws.intr._AM180252_1-376
3168,23s,train,tmRNA_Legi.pneu._CR628337_1-406
3169,23s,train,tmRNA_Leif.xyli._AE016822_1-394
3170,23s,train,tmRNA_Lept.inte._AE016823_1-350
3171,23s,train,tmRNA_Lept.spec._TRW-261386_1-359
3172,23s,train,tmRNA_Leuc.mese._AF375574_1-307
3173,23s,train,tmRNA_Leuc.mese._TRW-1245_1-358
3174,23s,train,tmRNA_List.gray._AF440336_1-321
3175,23s,train,tmRNA_List.wels._AF440351_1-321
3176,23s,train,tmRNA_Magn.spec._CP000471_1-366
3177,23s,train,tmRNA_Mari.aqua._TRW-351348_1-366
3178,23s,train,tmRNA_Meso.flor._AE017263_1-408
3179,23s,train,tmRNA_Meso.viri._AF166114_1-359
3180,23s,train,tmRNA_Meth.caps._AE017282_1-356
3181,23s,train,tmRNA_Moor.ther._CP000232_1-358
3182,23s,train,tmRNA_Mora.cata._AX067460_1-359
3183,23s,train,tmRNA_Myco.Bxz1._AY129337_1-437
3184,23s,train,tmRNA_Myco.arth._TRW-243272_1-394
3185,23s,train,tmRNA_Myco.gall._AE015450_1-408
3186,23s,train,tmRNA_Myco.geni._U39713_1-385
3187,23s,train,tmRNA_Myco.hyop._TRW-295358_1-424
3188,23s,train,tmRNA_Myco.mobi._TRW-267748_1-376
3189,23s,train,tmRNA_Myco.myco._BX842642_1-411
3190,23s,train,tmRNA_Myco.pene._BA000026_1-405
3191,23s,train,tmRNA_Myco.pneu._AE000035_1-384
3192,23s,train,tmRNA_Myco.pulm._AL445565_1-387
3193,23s,train,tmRNA_Myxo.xant._TRW-34_1-366
3194,23s,train,tmRNA_Neph.oliv._AF137379-2_1-327
3195,23s,train,tmRNA_Nitr.mult._CP000103_1-362
3196,23s,train,tmRNA_Nitr.ocea._CP000127_1-361
3197,23s,train,tmRNA_Noca.farc._AP006618_1-368
3198,23s,train,tmRNA_Nost.spec._BA000019_1-390
3199,23s,train,tmRNA_Ocea.ihey._BA000028_1-364
3200,23s,train,tmRNA_Odon.sine._Z67753_1-368
3201,23s,train,tmRNA_Oeno.oeni._TRW-203123_1-350
3202,23s,train,tmRNA_Onio.yell._AP006628_1-423
3203,23s,train,tmRNA_Paen.larv._TRW-1464_1-367
3204,23s,train,tmRNA_Para.symb._BX908798_1-405
3205,23s,train,tmRNA_Pedi.pent._CP000422_1-369
3206,23s,train,tmRNA_Pelo.carb._CP000142_1-358
3207,23s,train,tmRNA_Phot.prof._CR378665_1-368
3208,23s,train,tmRNA_Porp.ging._TRW-242619_1-407
3209,23s,train,tmRNA_Porp.purp._TRW-2787_1-323
3210,23s,train,tmRNA_Prev.rumi._TRW-264731_1-401
3211,23s,train,tmRNA_Prop.acne._TRW-1747-1_1-371
3212,23s,train,tmRNA_Prop.acne._TRW-1747-3_1-353
3213,23s,train,tmRNA_Pseu.aeru._CP000438_1-353
3214,23s,train,tmRNA_Pseu.atla._CP000388_1-357
3215,23s,train,tmRNA_Pseu.halo._CR954246_1-357
3216,23s,train,tmRNA_Rals.sola._AL646061_1-357
3217,23s,train,tmRNA_Rhod.balt._BX294141_1-380
3218,23s,train,tmRNA_Rubr.gela._TRW-279263_1-372
3219,23s,train,tmRNA_Rubr.xyla._TRW-266117_1-360
3220,23s,train,tmRNA_Rumi.albu._TRW-246199_1-354
3221,23s,train,tmRNA_Sacc.degr._CP000282_1-389
3222,23s,train,tmRNA_Sali.rube._CP000159_1-369
3223,23s,train,tmRNA_Soli.usit._CP000473_1-352
3224,23s,train,tmRNA_Spir.kunk._TRW-273035_1-424
3225,23s,train,tmRNA_Stap.epid._AF375586_1-311
3226,23s,train,tmRNA_Stap.epid._TRW-176280_1-361
3227,23s,train,tmRNA_Stre.aver._BA000030_1-389
3228,23s,train,tmRNA_Stre.coll._AY485228_1-386
3229,23s,train,tmRNA_Stre.scab._TRW-1883_1-402
3230,23s,train,tmRNA_Stre.ther._CP000419_1-350
3231,23s,train,tmRNA_Stre.uber._TRW-218495_1-350
3232,23s,train,tmRNA_Sulf.azor._TRW-204536_1-351
3233,23s,train,tmRNA_Syne.spec._AB003477_1-394
3234,23s,train,tmRNA_Syne.spec._TRW-1131_1-399
3235,23s,train,tmRNA_Syne.spec._TRW-32049_1-396
3236,23s,train,tmRNA_Synt.acid._CP000252_1-356
3237,23s,train,tmRNA_Tann.fors._TRW-203275_1-400
3238,23s,train,tmRNA_Thal.weis._AF049491_1-348
3239,23s,train,tmRNA_Ther.comm._TRW-289377_1-355
3240,23s,train,tmRNA_Ther.elon._BA000039_1-386
3241,23s,train,tmRNA_Ther.fusc._CP000088_1-372
3242,23s,train,tmRNA_Ther.neap._TRW-309803_1-357
3243,23s,train,tmRNA_Ther.rose._TRW-309801_1-353
3244,23s,train,tmRNA_Ther.teng._AE013063_1-351
3245,23s,train,tmRNA_Ther.ther._Y15063_1-349
3246,23s,train,tmRNA_Ther.yell._TRW-289376_1-350
3247,23s,train,tmRNA_Thio.crun._CP000109_1-358
3248,23s,train,tmRNA_Thio.deni._CP000116_1-367
3249,23s,train,tmRNA_Trem.prin._AF481102_1-264
3250,23s,train,tmRNA_Trep.dent._AE017226_1-351
3251,23s,train,tmRNA_Trep.pall._TRW-243276_1-354
3252,23s,train,tmRNA_Tric.eryt._CP000393_1-398
3253,23s,train,tmRNA_Trop.whip._BX251411_1-369
3254,23s,train,tmRNA_Urea.parv._AE002154_1-413
3255,23s,train,tmRNA_Verr.spin._TRW-240016_1-356
3256,23s,train,tmRNA_Wigg.glos._BA000021_1-365
3257,23s,train,tmRNA_Woli.succ._BX571661_1-369
3258,23s,train,tmRNA_Xant.oryz._AE013598_1-397
3259,23s,train,tmRNA_Xyle.fast._TRW-155920_1-355
3260,23s,train,tmRNA_Yers.moll._TRW-349967_1-381
3261,23s,train,tmRNA_Yers.pseu._AR948532_1-364
3262,23s,train,tmRNA_envi.sequ._TRW-2-1_1-365
3263,23s,train,tmRNA_envi.sequ._TRW-2-2_1-356
3264,23s,train,tmRNA_envi.sequ._TRW-204433_1-356
3265,23s,train,tmRNA_envi.sequ._TRW-259292_1-355
3266,23s,train,tmRNA_envi.sequ._TRW-300695-2_1-345
3267,23s,train,tmRNA_envi.sequ._TRW-32045-1_1-355
3268,23s,train,tmRNA_envi.sequ._TRW-32045-2_1-345
3269,23s,train,tmRNA_envi.sequ._TRW-32045-3_1-350
3270,23s,train,tmRNA_envi.sequ._TRW-351057-3_1-355
3271,23s,train,tmRNA_envi.sequ._TRW-356-1_1-289
3272,23s,train,tmRNA_uncu.bact._TRW-135621-1_1-397
3273,23s,train,tmRNA_uncu.bact._TRW-32033-1_1-354
3274,23s,train,tmRNA_uncu.bact._TRW-32045-4_1-369
3275,23s,train,tmRNA_uncu.bact._TRW-383630-1_1-364
3276,23s,train,tmRNA_uncu.bact._TRW-45456_1-408
3277,23s,train,tmRNA_uncu.bact._TRW-72274-1_1-359
3278,23s,train,tmRNA_uncu.bact._TRW-72274-2_1-359
3279,23s,train,tmRNA_uncu.bact._TRW-80840-3_1-379
3280,23s,train,tmRNA_uncu.mari._TRW-363180_1-347
3281,5s,train,16s_A.fulgidus_domain2
3282,5s,train,16s_A.fulgidus_domain3
3283,5s,train,16s_A.fulgidus_domain4
3284,5s,train,16s_A.pyrophilus_domain2
3285,5s,train,16s_A.pyrophilus_domain4
3286,5s,train,16s_B.burgdorferi_domain2
3287,5s,train,16s_B.burgdorferi_domain3
3288,5s,train,16s_B.burgdorferi_domain4
3289,5s,train,16s_B.subtilis_domain2
3290,5s,train,16s_B.subtilis_domain3
3291,5s,train,16s_B.subtilis_domain4
3292,5s,train,16s_C.elegans_domain1
3293,5s,train,16s_C.elegans_domain2
3294,5s,train,16s_C.elegans_domain3
3295,5s,train,16s_C.elegans_domain4
3296,5s,train,16s_C.psittaci_domain2
3297,5s,train,16s_C.psittaci_domain3
3298,5s,train,16s_C.psittaci_domain4
3299,5s,train,16s_C.reinhardtii.chloro_domain1
3300,5s,train,16s_C.reinhardtii.chloro_domain2
3301,5s,train,16s_C.reinhardtii.chloro_domain3
3302,5s,train,16s_C.reinhardtii.chloro_domain4
3303,5s,train,16s_C.reinhardtii.mito_domain1
3304,5s,train,16s_C.reinhardtii.mito_domain2
3305,5s,train,16s_C.reinhardtii.mito_domain3
3306,5s,train,16s_C.reinhardtii.mito_domain4
3307,5s,train,16s_D.melanogaster_domain4
3308,5s,train,16s_E.coli_domain2
3309,5s,train,16s_E.coli_domain3
3310,5s,train,16s_E.coli_domain4
3311,5s,train,16s_F.ananassa_domain3
3312,5s,train,16s_F.ananassa_domain4
3313,5s,train,16s_G.intestinalis_domain1
3314,5s,train,16s_G.intestinalis_domain2
3315,5s,train,16s_G.intestinalis_domain3
3316,5s,train,16s_G.intestinalis_domain4
3317,5s,train,16s_H.sapiens.mito_domain1
3318,5s,train,16s_H.sapiens.mito_domain2
3319,5s,train,16s_H.sapiens.mito_domain3
3320,5s,train,16s_H.sapiens.mito_domain4
3321,5s,train,16s_H.sapiens_domain3
3322,5s,train,16s_H.sapiens_domain4
3323,5s,train,16s_H.volcanii_domain1
3324,5s,train,16s_H.volcanii_domain2
3325,5s,train,16s_H.volcanii_domain3
3326,5s,train,16s_H.volcanii_domain4
3327,5s,train,16s_M.polymorpha_domain2
3328,5s,train,16s_M.polymorpha_domain3
3329,5s,train,16s_M.polymorpha_domain4
3330,5s,train,16s_P.occultum_domain2
3331,5s,train,16s_P.occultum_domain3
3332,5s,train,16s_P.occultum_domain4
3333,5s,train,16s_P.staleyi_domain2
3334,5s,train,16s_P.staleyi_domain3
3335,5s,train,16s_P.staleyi_domain4
3336,5s,train,16s_S.cerevisiae_domain3
3337,5s,train,16s_S.cerevisiae_domain4
3338,5s,train,16s_T.gondii_domain3
3339,5s,train,16s_T.gondii_domain4
3340,5s,train,16s_T.maritima_domain2
3341,5s,train,16s_T.maritima_domain3
3342,5s,train,16s_T.maritima_domain4
3343,5s,train,16s_Z.mays_domain1
3344,5s,train,16s_Z.mays_domain2
3345,5s,train,16s_Z.mays_domain3
3346,5s,train,16s_Z.mays_domain4
3347,5s,train,16s_A.fulgidus_domain2
3348,5s,train,16s_A.fulgidus_domain3
3349,5s,train,16s_A.fulgidus_domain4
3350,5s,train,16s_A.pyrophilus_domain2
3351,5s,train,16s_A.pyrophilus_domain4
3352,5s,train,16s_B.burgdorferi_domain2
3353,5s,train,16s_B.burgdorferi_domain3
3354,5s,train,16s_B.burgdorferi_domain4
3355,5s,train,16s_B.subtilis_domain2
3356,5s,train,16s_B.subtilis_domain3
3357,5s,train,16s_B.subtilis_domain4
3358,5s,train,16s_C.elegans_domain1
3359,5s,train,16s_C.elegans_domain2
3360,5s,train,16s_C.elegans_domain3
3361,5s,train,16s_C.elegans_domain4
3362,5s,train,16s_C.psittaci_domain2
3363,5s,train,16s_C.psittaci_domain3
3364,5s,train,16s_C.psittaci_domain4
3365,5s,train,16s_C.reinhardtii.chloro_domain1
3366,5s,train,16s_C.reinhardtii.chloro_domain2
3367,5s,train,16s_C.reinhardtii.chloro_domain3
3368,5s,train,16s_C.reinhardtii.chloro_domain4
3369,5s,train,16s_C.reinhardtii.mito_domain1
3370,5s,train,16s_C.reinhardtii.mito_domain2
3371,5s,train,16s_C.reinhardtii.mito_domain3
3372,5s,train,16s_C.reinhardtii.mito_domain4
3373,5s,train,16s_D.melanogaster_domain4
3374,5s,train,16s_E.coli_domain2
3375,5s,train,16s_E.coli_domain3
3376,5s,train,16s_E.coli_domain4
3377,5s,train,16s_F.ananassa_domain3
3378,5s,train,16s_F.ananassa_domain4
3379,5s,train,16s_G.intestinalis_domain1
3380,5s,train,16s_G.intestinalis_domain2
3381,5s,train,16s_G.intestinalis_domain3
3382,5s,train,16s_G.intestinalis_domain4
3383,5s,train,16s_H.sapiens.mito_domain1
3384,5s,train,16s_H.sapiens.mito_domain2
3385,5s,train,16s_H.sapiens.mito_domain3
3386,5s,train,16s_H.sapiens.mito_domain4
3387,5s,train,16s_H.sapiens_domain3
3388,5s,train,16s_H.sapiens_domain4
3389,5s,train,16s_H.volcanii_domain1
3390,5s,train,16s_H.volcanii_domain2
3391,5s,train,16s_H.volcanii_domain3
3392,5s,train,16s_H.volcanii_domain4
3393,5s,train,16s_M.polymorpha_domain2
3394,5s,train,16s_M.polymorpha_domain3
3395,5s,train,16s_M.polymorpha_domain4
3396,5s,train,16s_P.occultum_domain2
3397,5s,train,16s_P.occultum_domain3
3398,5s,train,16s_P.occultum_domain4
3399,5s,train,16s_P.staleyi_domain2
3400,5s,train,16s_P.staleyi_domain3
3401,5s,train,16s_P.staleyi_domain4
3402,5s,train,16s_S.cerevisiae_domain3
3403,5s,train,16s_S.cerevisiae_domain4
3404,5s,train,16s_T.gondii_domain3
3405,5s,train,16s_T.gondii_domain4
3406,5s,train,16s_T.maritima_domain2
3407,5s,train,16s_T.maritima_domain3
3408,5s,train,16s_T.maritima_domain4
3409,5s,train,16s_Z.mays_domain1
3410,5s,train,16s_Z.mays_domain2
3411,5s,train,16s_Z.mays_domain3
3412,5s,train,16s_Z.mays_domain4
3413,5s,train,16s_A.fulgidus_domain2
3414,5s,train,16s_A.fulgidus_domain3
3415,5s,train,16s_A.fulgidus_domain4
3416,5s,train,16s_A.pyrophilus_domain2
3417,5s,train,16s_A.pyrophilus_domain4
3418,5s,train,16s_B.burgdorferi_domain2
3419,5s,train,16s_B.burgdorferi_domain3
3420,5s,train,16s_B.burgdorferi_domain4
3421,5s,train,16s_B.subtilis_domain2
3422,5s,train,16s_B.subtilis_domain3
3423,5s,train,16s_B.subtilis_domain4
3424,5s,train,16s_C.elegans_domain1
3425,5s,train,16s_C.elegans_domain2
3426,5s,train,16s_C.elegans_domain3
3427,5s,train,16s_C.elegans_domain4
3428,5s,train,16s_C.psittaci_domain2
3429,5s,train,16s_C.psittaci_domain3
3430,5s,train,16s_C.psittaci_domain4
3431,5s,train,16s_C.reinhardtii.chloro_domain1
3432,5s,train,16s_C.reinhardtii.chloro_domain2
3433,5s,train,16s_C.reinhardtii.chloro_domain3
3434,5s,train,16s_C.reinhardtii.chloro_domain4
3435,5s,train,16s_C.reinhardtii.mito_domain1
3436,5s,train,16s_C.reinhardtii.mito_domain2
3437,5s,train,16s_C.reinhardtii.mito_domain3
3438,5s,train,16s_C.reinhardtii.mito_domain4
3439,5s,train,16s_D.melanogaster_domain4
3440,5s,train,16s_E.coli_domain2
3441,5s,train,16s_E.coli_domain3
3442,5s,train,16s_E.coli_domain4
3443,5s,train,16s_F.ananassa_domain3
3444,5s,train,16s_F.ananassa_domain4
3445,5s,train,16s_G.intestinalis_domain1
3446,5s,train,16s_G.intestinalis_domain2
3447,5s,train,16s_G.intestinalis_domain3
3448,5s,train,16s_G.intestinalis_domain4
3449,5s,train,16s_H.sapiens.mito_domain1
3450,5s,train,16s_H.sapiens.mito_domain2
3451,5s,train,16s_H.sapiens.mito_domain3
3452,5s,train,16s_H.sapiens.mito_domain4
3453,5s,train,16s_H.sapiens_domain3
3454,5s,train,16s_H.sapiens_domain4
3455,5s,train,16s_H.volcanii_domain1
3456,5s,train,16s_H.volcanii_domain2
3457,5s,train,16s_H.volcanii_domain3
3458,5s,train,16s_H.volcanii_domain4
3459,5s,train,16s_M.polymorpha_domain2
3460,5s,train,16s_M.polymorpha_domain3
3461,5s,train,16s_M.polymorpha_domain4
3462,5s,train,16s_P.occultum_domain2
3463,5s,train,16s_P.occultum_domain3
3464,5s,train,16s_P.occultum_domain4
3465,5s,train,16s_P.staleyi_domain2
3466,5s,train,16s_P.staleyi_domain3
3467,5s,train,16s_P.staleyi_domain4
3468,5s,train,16s_S.cerevisiae_domain3
3469,5s,train,16s_S.cerevisiae_domain4
3470,5s,train,16s_T.gondii_domain3
3471,5s,train,16s_T.gondii_domain4
3472,5s,train,16s_T.maritima_domain2
3473,5s,train,16s_T.maritima_domain3
3474,5s,train,16s_T.maritima_domain4
3475,5s,train,16s_Z.mays_domain1
3476,5s,train,16s_Z.mays_domain2
3477,5s,train,16s_Z.mays_domain3
3478,5s,train,16s_Z.mays_domain4
3479,5s,train,16s_A.fulgidus_domain2
3480,5s,train,16s_A.fulgidus_domain3
3481,5s,train,23s_B.subtilis_domain3
3482,5s,train,23s_B.subtilis_domain4
3483,5s,train,23s_B.subtilis_domain6
3484,5s,train,23s_E.coli_domain3
3485,5s,train,23s_E.coli_domain4
3486,5s,train,23s_E.coli_domain6
3487,5s,train,23s_H.pylori_domain3
3488,5s,train,23s_H.pylori_domain4
3489,5s,train,23s_H.pylori_domain6
3490,5s,train,23s_S.aureus_domain3
3491,5s,train,23s_S.aureus_domain4
3492,5s,train,23s_S.aureus_domain6
3493,5s,train,23s_T.thermophilus_domain3
3494,5s,train,23s_T.thermophilus_domain4
3495,5s,train,23s_T.thermophilus_domain6
3496,5s,train,23s_B.subtilis_domain3
3497,5s,train,23s_B.subtilis_domain4
3498,5s,train,23s_B.subtilis_domain6
3499,5s,train,23s_E.coli_domain3
3500,5s,train,23s_E.coli_domain4
3501,5s,train,23s_E.coli_domain6
3502,5s,train,23s_H.pylori_domain3
3503,5s,train,23s_H.pylori_domain4
3504,5s,train,23s_H.pylori_domain6
3505,5s,train,23s_S.aureus_domain3
3506,5s,train,23s_S.aureus_domain4
3507,5s,train,23s_S.aureus_domain6
3508,5s,train,23s_T.thermophilus_domain3
3509,5s,train,23s_T.thermophilus_domain4
3510,5s,train,23s_T.thermophilus_domain6
3511,5s,train,23s_B.subtilis_domain3
3512,5s,train,23s_B.subtilis_domain4
3513,5s,train,23s_B.subtilis_domain6
3514,5s,train,23s_E.coli_domain3
3515,5s,train,23s_E.coli_domain4
3516,5s,train,23s_E.coli_domain6
3517,5s,train,23s_H.pylori_domain3
3518,5s,train,23s_H.pylori_domain4
3519,5s,train,23s_H.pylori_domain6
3520,5s,train,23s_S.aureus_domain3
3521,5s,train,23s_S.aureus_domain4
3522,5s,train,23s_S.aureus_domain6
3523,5s,train,23s_T.thermophilus_domain3
3524,5s,train,23s_T.thermophilus_domain4
3525,5s,train,23s_T.thermophilus_domain6
3526,5s,train,23s_B.subtilis_domain3
3527,5s,train,23s_B.subtilis_domain4
3528,5s,train,23s_B.subtilis_domain6
3529,5s,train,23s_E.coli_domain3
3530,5s,train,23s_E.coli_domain4
3531,5s,train,23s_E.coli_domain6
3532,5s,train,23s_H.pylori_domain3
3533,5s,train,23s_H.pylori_domain4
3534,5s,train,23s_H.pylori_domain6
3535,5s,train,23s_S.aureus_domain3
3536,5s,train,23s_S.aureus_domain4
3537,5s,train,23s_S.aureus_domain6
3538,5s,train,23s_T.thermophilus_domain3
3539,5s,train,23s_T.thermophilus_domain4
3540,5s,train,23s_T.thermophilus_domain6
3541,5s,train,23s_B.subtilis_domain3
3542,5s,train,23s_B.subtilis_domain4
3543,5s,train,23s_B.subtilis_domain6
3544,5s,train,23s_E.coli_domain3
3545,5s,train,23s_E.coli_domain4
3546,5s,train,23s_E.coli_domain6
3547,5s,train,23s_H.pylori_domain3
3548,5s,train,23s_H.pylori_domain4
3549,5s,train,23s_H.pylori_domain6
3550,5s,train,23s_S.aureus_domain3
3551,5s,train,23s_S.aureus_domain4
3552,5s,train,23s_S.aureus_domain6
3553,5s,train,23s_T.thermophilus_domain3
3554,5s,train,23s_T.thermophilus_domain4
3555,5s,train,23s_T.thermophilus_domain6
3556,5s,train,23s_B.subtilis_domain3
3557,5s,train,23s_B.subtilis_domain4
3558,5s,train,23s_B.subtilis_domain6
3559,5s,train,23s_E.coli_domain3
3560,5s,train,23s_E.coli_domain4
3561,5s,train,23s_E.coli_domain6
3562,5s,train,23s_H.pylori_domain3
3563,5s,train,23s_H.pylori_domain4
3564,5s,train,23s_H.pylori_domain6
3565,5s,train,23s_S.aureus_domain3
3566,5s,train,23s_S.aureus_domain4
3567,5s,train,23s_S.aureus_domain6
3568,5s,train,23s_T.thermophilus_domain3
3569,5s,train,23s_T.thermophilus_domain4
3570,5s,train,23s_T.thermophilus_domain6
3571,5s,train,23s_B.subtilis_domain3
3572,5s,train,23s_B.subtilis_domain4
3573,5s,train,23s_B.subtilis_domain6
3574,5s,train,23s_E.coli_domain3
3575,5s,train,23s_E.coli_domain4
3576,5s,train,23s_E.coli_domain6
3577,5s,train,23s_H.pylori_domain3
3578,5s,train,23s_H.pylori_domain4
3579,5s,train,23s_H.pylori_domain6
3580,5s,train,23s_S.aureus_domain3
3581,5s,train,23s_S.aureus_domain4
3582,5s,train,23s_S.aureus_domain6
3583,5s,train,23s_T.thermophilus_domain3
3584,5s,train,23s_T.thermophilus_domain4
3585,5s,train,23s_T.thermophilus_domain6
3586,5s,train,23s_B.subtilis_domain3
3587,5s,train,23s_B.subtilis_domain4
3588,5s,train,23s_B.subtilis_domain6
3589,5s,train,23s_E.coli_domain3
3590,5s,train,23s_E.coli_domain4
3591,5s,train,23s_E.coli_domain6
3592,5s,train,23s_H.pylori_domain3
3593,5s,train,23s_H.pylori_domain4
3594,5s,train,23s_H.pylori_domain6
3595,5s,train,23s_S.aureus_domain3
3596,5s,train,23s_S.aureus_domain4
3597,5s,train,23s_S.aureus_domain6
3598,5s,train,23s_T.thermophilus_domain3
3599,5s,train,23s_T.thermophilus_domain4
3600,5s,train,23s_T.thermophilus_domain6
3601,5s,train,23s_B.subtilis_domain3
3602,5s,train,23s_B.subtilis_domain4
3603,5s,train,23s_B.subtilis_domain6
3604,5s,train,23s_E.coli_domain3
3605,5s,train,23s_E.coli_domain4
3606,5s,train,23s_E.coli_domain6
3607,5s,train,23s_H.pylori_domain3
3608,5s,train,23s_H.pylori_domain4
3609,5s,train,23s_H.pylori_domain6
3610,5s,train,23s_S.aureus_domain3
3611,5s,train,23s_S.aureus_domain4
3612,5s,train,23s_S.aureus_domain6
3613,5s,train,23s_T.thermophilus_domain3
3614,5s,train,23s_T.thermophilus_domain4
3615,5s,train,23s_T.thermophilus_domain6
3616,5s,train,23s_B.subtilis_domain3
3617,5s,train,23s_B.subtilis_domain4
3618,5s,train,23s_B.subtilis_domain6
3619,5s,train,23s_E.coli_domain3
3620,5s,train,23s_E.coli_domain4
3621,5s,train,23s_E.coli_domain6
3622,5s,train,23s_H.pylori_domain3
3623,5s,train,23s_H.pylori_domain4
3624,5s,train,23s_H.pylori_domain6
3625,5s,train,23s_S.aureus_domain3
3626,5s,train,23s_S.aureus_domain4
3627,5s,train,23s_S.aureus_domain6
3628,5s,train,23s_T.thermophilus_domain3
3629,5s,train,23s_T.thermophilus_domain4
3630,5s,train,23s_T.thermophilus_domain6
3631,5s,train,23s_B.subtilis_domain3
3632,5s,train,23s_B.subtilis_domain4
3633,5s,train,23s_B.subtilis_domain6
3634,5s,train,23s_E.coli_domain3
3635,5s,train,23s_E.coli_domain4
3636,5s,train,23s_E.coli_domain6
3637,5s,train,23s_H.pylori_domain3
3638,5s,train,23s_H.pylori_domain4
3639,5s,train,23s_H.pylori_domain6
3640,5s,train,23s_S.aureus_domain3
3641,5s,train,23s_S.aureus_domain4
3642,5s,train,23s_S.aureus_domain6
3643,5s,train,23s_T.thermophilus_domain3
3644,5s,train,23s_T.thermophilus_domain4
3645,5s,train,23s_T.thermophilus_domain6
3646,5s,train,23s_B.subtilis_domain3
3647,5s,train,23s_B.subtilis_domain4
3648,5s,train,23s_B.subtilis_domain6
3649,5s,train,23s_E.coli_domain3
3650,5s,train,23s_E.coli_domain4
3651,5s,train,23s_E.coli_domain6
3652,5s,train,23s_H.pylori_domain3
3653,5s,train,23s_H.pylori_domain4
3654,5s,train,23s_H.pylori_domain6
3655,5s,train,23s_S.aureus_domain3
3656,5s,train,23s_S.aureus_domain4
3657,5s,train,23s_S.aureus_domain6
3658,5s,train,23s_T.thermophilus_domain3
3659,5s,train,23s_T.thermophilus_domain4
3660,5s,train,23s_T.thermophilus_domain6
3661,5s,train,23s_B.subtilis_domain3
3662,5s,train,23s_B.subtilis_domain4
3663,5s,train,23s_B.subtilis_domain6
3664,5s,train,23s_E.coli_domain3
3665,5s,train,23s_E.coli_domain4
3666,5s,train,23s_E.coli_domain6
3667,5s,train,23s_H.pylori_domain3
3668,5s,train,23s_H.pylori_domain4
3669,5s,train,23s_H.pylori_domain6
3670,5s,train,23s_S.aureus_domain3
3671,5s,train,23s_S.aureus_domain4
3672,5s,train,23s_S.aureus_domain6
3673,5s,train,23s_T.thermophilus_domain3
3674,5s,train,23s_T.thermophilus_domain4
3675,5s,train,23s_T.thermophilus_domain6
3676,5s,train,23s_B.subtilis_domain3
3677,5s,train,23s_B.subtilis_domain4
3678,5s,train,23s_B.subtilis_domain6
3679,5s,train,23s_E.coli_domain3
3680,5s,train,23s_E.coli_domain4
3681,5s,test,5s_Acanthamoeba-castellanii-1
3682,5s,test,5s_Acanthamoeba-castellanii-2
3683,5s,test,5s_Acetobacter-aceti-2
3684,5s,test,5s_Acetobacter-sp.-1
3685,5s,test,5s_Acheta-domesticus-1
3686,5s,test,5s_Acholeplasma-laidlawii-1
3687,5s,test,5s_Acholeplasma-laidlawii-2
3688,5s,test,5s_Acholeplasma-laidlawii-3
3689,5s,test,5s_Achromobacter-cycloclastes-1
3690,5s,test,5s_Achromobacter-denitrificans-1
3691,5s,test,5s_Achromobacter-xylosoxidans-1
3692,5s,test,5s_Acidiphilium-acidophilum-1
3693,5s,test,5s_Acidiphilium-cryptum-1
3694,5s,test,5s_Acidithiobacillus-ferrooxidans-1
3695,5s,test,5s_Acidithiobacillus-ferrooxidans-2
3696,5s,test,5s_Acidithiobacillus-ferrooxidans-3
3697,5s,test,5s_Acidithiobacillus-thiooxidans-1
3698,5s,test,5s_Acidovorax-delafieldii-1
3699,5s,test,5s_Acidovorax-facilis-1
3700,5s,test,5s_Acidovorax-temperans-1
3701,5s,test,5s_Acinetobacter-sp.-1
3702,5s,test,5s_Acinetospora-crinita-1
3703,5s,test,5s_Acremonium-chrysogenum-1
3704,5s,test,5s_Acremonium-persicinum-1
3705,5s,test,5s_Acremonium-persicinum-2
3706,5s,test,5s_Acremonium-persicinum-3
3707,5s,test,5s_Actinia-equina-1
3708,5s,test,5s_Actinokineospora-riparia-1
3709,5s,test,5s_Actinomadura-madurae-1
3710,5s,test,5s_Acyrthosiphon-magnoliae-1
3711,5s,test,5s_Aeromonas-hydrophila-1
3712,5s,test,5s_Aeromonas-media-1
3713,5s,test,5s_Aeromonas-salmonicida-1
3714,5s,test,5s_Agaricostilbum-pulcherrimum-1
3715,5s,test,5s_Agaricostilbum-pulcherrimum-2
3716,5s,test,5s_Agaricus-edulis-1
3717,5s,test,5s_Agrobacterium-tumefaciens-1
3718,5s,test,5s_Agrobacterium-tumefaciens-2
3719,5s,test,5s_Agrobacterium-tumefaciens-3
3720,5s,test,5s_Agrobacterium-tumefaciens-4
3721,5s,test,5s_Agrobacterium-tumefaciens-6
3722,5s,test,5s_Agrobacterium-tumefaciens-7
3723,5s,test,5s_Agrobacterium-tumefaciens-8
3724,5s,test,5s_Agrobacterium-vitis-1
3725,5s,test,5s_Akkesiphycus-lubricum-1
3726,5s,test,5s_Alcaligenes-faecalis-1
3727,5s,test,5s_Alcaligenes-faecalis-2
3728,5s,test,5s_Alcaligenes-faecalis-3
3729,5s,test,5s_Alcaligenes-sp.-1
3730,5s,test,5s_Ambystoma-salmoides-1
3731,5s,test,5s_Amoebidium-parasiticum-1
3732,5s,test,5s_Amphibacillus-xylanus-1
3733,5s,test,5s_Amycolatopsis-lactamdurans-1
3734,5s,test,5s_Amycolatopsis-mediterranei-1
3735,5s,test,5s_Amycolatopsis-methanolica-1
3736,5s,test,5s_Amycolatopsis-orientalis-1
3737,5s,test,5s_Anaerorhabdus-furcosa-1
3738,5s,test,5s_Anaplasma-marginale-1
3739,5s,test,5s_Anaplasma-phagocytophilum-1
3740,5s,test,5s_Ancylobacter-aquaticus-1
3741,5s,test,5s_Andrias-davidianus-1
3742,5s,test,5s_Andrias-japonicus-1
3743,5s,test,5s_Andrias-japonicus-2
3744,5s,test,5s_Antheraea-pernyi-1
3745,5s,test,5s_Anthoceros-punctatus-1
3746,5s,test,5s_Anthopleura-japonica-1
3747,5s,test,5s_Aplysia-kurodai-1
3748,5s,test,5s_Aquaspirillum-serpens-1
3749,5s,test,5s_Aquifex-aeolicus-1
3750,5s,test,5s_Arabidopsis-thaliana-1
3751,5s,test,5s_Araneus-diadematus-1
3752,5s,test,5s_Archaeoglobus-fulgidus-1
3753,5s,test,5s_Arion-rufus-1
3754,5s,test,5s_Artemia-salina-1
3755,5s,test,5s_Artemia-sp.-1
3756,5s,test,5s_Artemia-sp.-2
3757,5s,test,5s_Artemia-sp.-3
3758,5s,test,5s_Artemia-sp.-4
3759,5s,test,5s_Arthrobacter-globiformis-1
3760,5s,test,5s_Arthrobacter-globiformis-2
3761,5s,test,5s_Arthrobacter-luteus-1
3762,5s,test,5s_Arthrobacter-oxydans-1
3763,5s,test,5s_Arthrobacter-polychromogenes-1
3764,5s,test,5s_Ascaris-lumbricoides-1
3765,5s,test,5s_Ascaris-suum-1
3766,5s,test,5s_Ascobolus-immersus-1
3767,5s,test,5s_Ascobolus-immersus-2
3768,5s,test,5s_Ascobolus-immersus-3
3769,5s,test,5s_Ascobolus-immersus-4
3770,5s,test,5s_Asellus-aquaticus-1
3771,5s,test,5s_Asellus-aquaticus-2
3772,5s,test,5s_Aspergillus-flavus-1
3773,5s,test,5s_Aspergillus-niger-1
3774,5s,test,5s_Aspergillus-unguis-1
3775,5s,test,5s_Aspergillus-versicolor-1
3776,5s,test,5s_Asterias-vulgaris-1
3777,5s,test,5s_Asterina-pectinifera-1
3778,5s,test,5s_Atractiella-solani-1
3779,5s,test,5s_Aurelia_aurita-1
3780,5s,test,5s_Auricularia-auricula-judae-1
3781,5s,test,5s_Azoarcus-sp.-1
3782,5s,test,5s_Azospirillum-lipoferum-1
3783,5s,test,5s_Azotobacter-vinelandii-1
3784,5s,test,5s_Bacillus-amyloliquefaciens-1
3785,5s,test,5s_Bacillus-anthracis-1
3786,5s,test,5s_Bacillus-anthracis-10
3787,5s,test,5s_Bacillus-anthracis-2
3788,5s,test,5s_Bacillus-anthracis-3
3789,5s,test,5s_Bacillus-anthracis-4
3790,5s,test,5s_Bacillus-anthracis-5
3791,5s,test,5s_Bacillus-anthracis-6
3792,5s,test,5s_Bacillus-anthracis-7
3793,5s,test,5s_Bacillus-anthracis-8
3794,5s,test,5s_Bacillus-anthracis-9
3795,5s,test,5s_Bacillus-cereus-1
3796,5s,test,5s_Bacillus-cereus-10
3797,5s,test,5s_Bacillus-cereus-11
3798,5s,test,5s_Bacillus-cereus-2
3799,5s,test,5s_Bacillus-cereus-4
3800,5s,test,5s_Bacillus-cereus-5
3801,5s,test,5s_Bacillus-cereus-6
3802,5s,test,5s_Bacillus-cereus-7
3803,5s,test,5s_Bacillus-cereus-8
3804,5s,test,5s_Bacillus-cereus-9
3805,5s,test,5s_Bacillus-clausii-1
3806,5s,test,5s_Bacillus-clausii-2
3807,5s,test,5s_Bacillus-clausii-3
3808,5s,test,5s_Bacillus-firmus-1
3809,5s,test,5s_Bacillus-halodurans-1
3810,5s,test,5s_Bacillus-halodurans-2
3811,5s,test,5s_Bacillus-halodurans-3
3812,5s,test,5s_Bacillus-halodurans-4
3813,5s,test,5s_Bacillus-halodurans-5
3814,5s,test,5s_Bacillus-halodurans-6
3815,5s,test,5s_Bacillus-licheniformis-1
3816,5s,test,5s_Bacillus-licheniformis-2
3817,5s,test,5s_Bacillus-licheniformis-5
3818,5s,test,5s_Bacillus-licheniformis-6
3819,5s,test,5s_Bacillus-megaterium-1
3820,5s,test,5s_Bacillus-megaterium-2
3821,5s,test,5s_Bacillus-methanolicus-7
3822,5s,test,5s_Bacillus-methanolicus-8
3823,5s,test,5s_Bacillus-methanolicus-9
3824,5s,test,5s_Bacillus-sp.-1
3825,5s,test,5s_Bacillus-sp.-2
3826,5s,test,5s_Bacillus-subtilis-1
3827,5s,test,5s_Bacillus-subtilis-2
3828,5s,test,5s_Bacillus-subtilis-4
3829,5s,test,5s_Bacillus-subtilis-5
3830,5s,test,5s_Bacillus-subtilis-6
3831,5s,test,5s_Bacillus-thuringiensis-1
3832,5s,test,5s_Bacillus-thuringiensis-2
3833,5s,test,5s_Bacillus-thuringiensis-3
3834,5s,test,5s_Bacillus-thuringiensis-4
3835,5s,test,5s_Bacillus-thuringiensis-5
3836,5s,test,5s_Bacillus-thuringiensis-6
3837,5s,test,5s_Bacteroides-capillosus-1
3838,5s,test,5s_Bacteroides-fragilis-1
3839,5s,test,5s_Bacteroides-fragilis-2
3840,5s,test,5s_Bacteroides-fragilis-3
3841,5s,test,5s_Bacteroides-fragilis-4
3842,5s,test,5s_Bacteroides-fragilis-5
3843,5s,test,5s_Bacteroides-fragilis-6
3844,5s,test,5s_Bacteroides-thetaiotaomicron-1
3845,5s,test,5s_Bacteroides-veroralis-1
3846,5s,test,5s_Bartonella-bacilliformis-1
3847,5s,test,5s_Bartonella-henselae-1
3848,5s,test,5s_Bartonella-henselae-2
3849,5s,test,5s_Bartonella-quintana-1
3850,5s,test,5s_Bartonella-quintana-2
3851,5s,test,5s_Basidiobolus-magnus-1
3852,5s,test,5s_Batrachospermum-ectocarpum-1
3853,5s,test,5s_Beggiatoa-alba-1
3854,5s,test,5s_Beta-vulgaris-1
3855,5s,test,5s_Bifidobacterium-longum-1
3856,5s,test,5s_Bifidobacterium-longum-2
3857,5s,test,5s_Bifidobacterium-longum-3
3858,5s,test,5s_Bjerkandera-adusta-1
3859,5s,test,5s_Blakeslea-trispora-1
3860,5s,test,5s_Blastocladiella-simplex-1
3861,5s,test,5s_Blastopirellula-marina-1
3862,5s,test,5s_Blepharisma-japonicum-1
3863,5s,test,5s_Bombyx-mori-1
3864,5s,test,5s_Bombyx-mori-2
3865,5s,test,5s_Bombyx-mori-3
3866,5s,test,5s_Bombyx-mori-4
3867,5s,test,5s_Bordetella-bronchiseptica-1
3868,5s,test,5s_Bordetella-parapertussis-1
3869,5s,test,5s_Bordetella-pertussis-1
3870,5s,test,5s_Borrelia-burgdorferi-1
3871,5s,test,5s_Bos-taurus-1
3872,5s,test,5s_Brachionus-plicatilis-1
3873,5s,test,5s_Bradyrhizobium-japonicum-1
3874,5s,test,5s_Branchiostoma-belcheri-1
3875,5s,test,5s_Brassica-napus-1
3876,5s,test,5s_Bresslaua-vorax-1
3877,5s,test,5s_Brevibacillus-brevis-1
3878,5s,test,5s_Brevibacterium-casei-1
3879,5s,test,5s_Brevibacterium-helvolum-1
3880,5s,test,5s_Brevibacterium-linens-1
3881,5s,test,5s_Brevibacterium-linens-2
3882,5s,test,5s_Brucella-abortus-1
3883,5s,test,5s_Brucella-melitensis-1
3884,5s,test,5s_Brucella-melitensis-2
3885,5s,test,5s_Brucella-melitensis-3
3886,5s,test,5s_Brucella-suis-1
3887,5s,test,5s_Brucella-suis-2
3888,5s,test,5s_Brugia-malayi-1
3889,5s,test,5s_Buchnera-aphidicola-1
3890,5s,test,5s_Buchnera-aphidicola-2
3891,5s,test,5s_Buchnera-aphidicola-3
3892,5s,test,5s_Bufo-americanus-1
3893,5s,test,5s_Bugula-neritina-1
3894,5s,test,5s_Bullera-alba-1
3895,5s,test,5s_Burkholderia-caryophylli-1
3896,5s,test,5s_Burkholderia-cepacia-1
3897,5s,test,5s_Burkholderia-cepacia-2
3898,5s,test,5s_Burkholderia-cepacia-3
3899,5s,test,5s_Burkholderia-mallei-1
3900,5s,test,5s_Burkholderia-pseudomallei-1
3901,5s,test,5s_Bursaphelenchus-mucronatus-1
3902,5s,test,5s_Bursaphelenchus-xylophilus-1
3903,5s,test,5s_C_paradoxE
3904,5s,test,5s_Caenorhabditis-briggsae-1
3905,5s,test,5s_Caenorhabditis-elegans-1
3906,5s,test,5s_Caenorhabditis-elegans-3
3907,5s,test,5s_Calanus-finmarchicus-1
3908,5s,test,5s_Calliphora-vicina-1
3909,5s,test,5s_Calyptogena-magnifica-1
3910,5s,test,5s_Campylobacter-jejuni-3
3911,5s,test,5s_Cancer-pagurus-1
3912,5s,test,5s_Candida-albicans-1
3913,5s,test,5s_Candida-antarctica-1
3914,5s,test,5s_Candida-azyma-1
3915,5s,test,5s_Candida-cylindracea-1
3916,5s,test,5s_Candida-diversa-1
3917,5s,test,5s_Candida-glabrata-1
3918,5s,test,5s_Candida-magnoliae-1
3919,5s,test,5s_Candida-melibiosica-1
3920,5s,test,5s_Candida-parapsilosis-1
3921,5s,test,5s_Candida-rugopelliculosa-1
3922,5s,test,5s_Candida-rugosa-1
3923,5s,test,5s_Candida-zeylanoides-1
3924,5s,test,5s_Candidatus-Fritschea-bemisiae-1
3925,5s,test,5s_Candidatus-Pelagibacter-ubique-1
3926,5s,test,5s_Candidatus-Phytoplasma-asteris-1
3927,5s,test,5s_Candidatus-Portiera-aleyrodidarum-1
3928,5s,test,5s_Candidatus-Tremblaya-princeps-1
3929,5s,test,5s_Candidatus-Tremblaya-princeps-2
3930,5s,test,5s_Candidatus-Tremblaya-princeps-3
3931,5s,test,5s_Candidatus-Tremblaya-princeps-5
3932,5s,test,5s_Candidatus-Tremblaya-princeps-6
3933,5s,test,5s_Capniomyces-stellatus-1
3934,5s,test,5s_Carpopeltis-crispata-1
3935,5s,test,5s_Caulobacter-crescentus-1
3936,5s,test,5s_Caulobacter-crescentus-2
3937,5s,test,5s_Caulobacter-sp.-1
3938,5s,test,5s_Caulobacter-sp.-2
3939,5s,test,5s_Caulobacter-sp.-3
3940,5s,test,5s_Caulobacter-sp.-4
3941,5s,test,5s_Caulobacter-sp.-5
3942,5s,test,5s_Caulobacter-sp.-6
3943,5s,test,5s_Caulobacter-sp.-7
3944,5s,test,5s_Caulobacter-spinosum-1
3945,5s,test,5s_Cellulomonas-biazotea-1
3946,5s,test,5s_Cellulosimicrobium-cellulans-1
3947,5s,test,5s_Cerastoderma-edule-1
3948,5s,test,5s_Cerastoderma-glaucum-1
3949,5s,test,5s_Ceratobasidium-cornigerum-1
3950,5s,test,5s_Chaetomorpha-moniligera-1
3951,5s,test,5s_Chlamydia-muridarum-1
3952,5s,test,5s_Chlamydia-muridarum-2
3953,5s,test,5s_Chlamydia-trachomatis-1
3954,5s,test,5s_Chlamydomonas-reinhardtii-1
3955,5s,test,5s_Chlamydomonas-reinhardtii-2
3956,5s,test,5s_Chlamydomonas-sp.-1
3957,5s,test,5s_Chlamydophila-abortus-1
3958,5s,test,5s_Chlamydophila-caviae-1
3959,5s,test,5s_Chlamydophila-pneumoniae-1
3960,5s,test,5s_Chlamydophila-pneumoniae-2
3961,5s,test,5s_Chlamydophila-pneumoniae-3
3962,5s,test,5s_Chlorella-pyrenoidosa-1
3963,5s,test,5s_Chlorella-sp.-1
3964,5s,test,5s_Chlorobium-limicola-1
3965,5s,test,5s_Chlorobium-limicola-2
3966,5s,test,5s_Chlorobium-phaeobacteroides-1
3967,5s,test,5s_Chlorobium-tepidum-1
3968,5s,test,5s_Chordaria-flagelliformis-1
3969,5s,test,5s_Christiansenia-pallida-1
3970,5s,test,5s_Chrysaora-quinquecirrha-1
3971,5s,test,5s_Clavibacter-michiganensis-1
3972,5s,test,5s_Clavispora-opuntiae-1
3973,5s,test,5s_Clavispora-opuntiae-3
3974,5s,test,5s_Clostridium-acetobutylicum-1
3975,5s,test,5s_Clostridium-acetobutylicum-2
3976,5s,test,5s_Clostridium-acetobutylicum-3
3977,5s,test,5s_Clostridium-acetobutylicum-4
3978,5s,test,5s_Clostridium-acetobutylicum-5
3979,5s,test,5s_Clostridium-butyricum-1
3980,5s,test,5s_Clostridium-butyricum-2
3981,5s,test,5s_Clostridium-carnis-1
3982,5s,test,5s_Clostridium-innocuum-1
3983,5s,test,5s_Clostridium-pasteurianum-1
3984,5s,test,5s_Clostridium-tyrobutyricum-4
3985,5s,test,5s_Coemansia-mojavensis-1
3986,5s,test,5s_Colacogloea-peniophorae-1
3987,5s,test,5s_Coleochaete-scutata-1
3988,5s,test,5s_Coleosporium-tussilaginis-1
3989,5s,test,5s_Colwellia-hadaliensis-1
3990,5s,test,5s_Colwellia-psychrerythraea-1
3991,5s,test,5s_Colwellia-psychrerythraea-2
3992,5s,test,5s_Colwellia-psychrerythraea-3
3993,5s,test,5s_Comamonas-terrigena-1
3994,5s,test,5s_Comamonas-terrigena-2
3995,5s,test,5s_Comamonas-testosteroni-1
3996,5s,test,5s_Coprinopsis-cinerea-1
3997,5s,test,5s_Coprinopsis-radiata-1
3998,5s,test,5s_Corynebacterium-diphtheriae-1
3999,5s,test,5s_Corynebacterium-diphtheriae-2
4000,5s,test,5s_Corynebacterium-efficiens-1
4001,5s,test,5s_Corynebacterium-glutamicum-1
4002,5s,test,5s_Corynebacterium-glutamicum-2
4003,5s,test,5s_Corynebacterium-jeikeium-1
4004,5s,test,5s_Corynebacterium-jeikeium-2
4005,5s,test,5s_Corynebacterium-variabile-1
4006,5s,test,5s_Corynebacterium-xerosis-1
4007,5s,test,5s_Corynebacterium-xerosis-2
4008,5s,test,5s_Coxiella-burnetii-1
4009,5s,test,5s_Coxiella-burnetii-2
4010,5s,test,5s_Crithidia-fasciculata-1
4011,5s,test,5s_Crossiella-cryophila-1
4012,5s,test,5s_Crypthecodinium-cohnii-1
4013,5s,test,5s_Cryptobranchus-alleganiensis-1
4014,5s,test,5s_Cryptococcus-albidus-1
4015,5s,test,5s_Cryptococcus-bacillisporus-1
4016,5s,test,5s_Cryptococcus-humicola-1
4017,5s,test,5s_Cryptococcus-laurentii-1
4018,5s,test,5s_Cryptococcus-neoformans-1
4019,5s,test,5s_Cryptococcus-neoformans-2
4020,5s,test,5s_Cryptomonas-paramecium-1
4021,5s,test,5s_Cryptosporidium-parvum-1
4022,5s,test,5s_Cryptosporidium-parvum-2
4023,5s,test,5s_Cunninghamella-elegans-1
4024,5s,test,5s_Cupriavidus-necator-1
4025,5s,test,5s_Curtobacterium-citreum-1
4026,5s,test,5s_Cyanidium-caldarium-1
4027,5s,test,5s_Cyanophora-paradoxa-1
4028,5s,test,5s_Cycas-revoluta-1
4029,5s,test,5s_Cyclidiopsis-acus-1
4030,5s,test,5s_Cystobacter-fuscus-1
4031,5s,test,5s_Dactylosporangium-aurantiacum-1
4032,5s,test,5s_Daphnia-magna-1
4033,5s,test,5s_Dehalococcoides-ethenogenes-1
4034,5s,test,5s_Deinococcus-radiodurans-1
4035,5s,test,5s_Deinococcus-radiodurans-2
4036,5s,test,5s_Deinococcus-radiodurans-3
4037,5s,test,5s_Deinococcus-radiophilus-1
4038,5s,test,5s_Delftia-acidovorans-1
4039,5s,test,5s_Desulfovibrio-vulgaris-1
4040,5s,test,5s_Desulfovibrio-vulgaris-2
4041,5s,test,5s_Desulfurococcus-mobilis-1
4042,5s,test,5s_Diatoma-tenue-1
4043,5s,test,5s_Dichelobacter-nodosus-1
4044,5s,test,5s_Dictyostelium-discoideum-1
4045,5s,test,5s_Dicyema-misakiense-1
4046,5s,test,5s_Diplonema-papillatum-1
4047,5s,test,5s_Diplonema-papillatum-2
4048,5s,test,5s_Dipsacomyces-acuminosporus-1
4049,5s,test,5s_Dirofilaria-immitis-1
4050,5s,test,5s_Distigma-proteus-1
4051,5s,test,5s_Drosophila-erecta-1
4052,5s,test,5s_Drosophila-mauritiana-1
4053,5s,test,5s_Drosophila-melanogaster-1
4054,5s,test,5s_Drosophila-melanogaster-2
4055,5s,test,5s_Drosophila-sechellia-1
4056,5s,test,5s_Drosophila-simulans-1
4057,5s,test,5s_Drosophila-takahashii-1
4058,5s,test,5s_Drosophila-teissieri-1
4059,5s,test,5s_Drosophila-yakuba-1
4060,5s,test,5s_Dryopteris-acuminata-1
4061,5s,test,5s_Dugesia-japonica-1
4062,5s,test,5s_Dugesia-japonica-2
4063,5s,test,5s_E_glandulE
4064,5s,test,5s_Ectothiorhodospira-mobilis-1
4065,5s,test,5s_Ectothiorhodospira-shaposhnikovii-1
4066,5s,test,5s_Efibulobasidium-albescens-1
4067,5s,test,5s_Ehrlichia-chaffeensis-1
4068,5s,test,5s_Ehrlichia-ruminantium-1
4069,5s,test,5s_Eimeria-tenella-1
4070,5s,test,5s_Eisenia-bicyclis-1
4071,5s,test,5s_Emericella-heterothallica-1
4072,5s,test,5s_Emericella-nidulans-1
4073,5s,test,5s_Emericella-nidulans-2
4074,5s,test,5s_Emericella-nidulans-3
4075,5s,test,5s_Emericella-nidulans-4
4076,5s,test,5s_Emericella-nidulans-5
4077,5s,test,5s_Emericella-nidulans-6
4078,5s,test,5s_Emericella-nidulans-7
4079,5s,test,5s_Emericella-nidulans-8
4080,5s,test,5s_Empedobacter-brevis-1
4081,5s,test,5s_Emplectonema-gracile-2
4082,5s,test,5s_Enchytraeus-albidus-1
4083,5s,test,5s_Endophyllum-sempervivi-1
4084,5s,test,5s_Enterococcus-faecalis-1
4085,5s,test,5s_Enterococcus-faecalis-2
4086,5s,test,5s_Entosiphon-sulcatum-1
4087,5s,test,5s_Ephedra-kokanica-1
4088,5s,test,5s_Equisetum-arvense-1
4089,5s,test,5s_Erwinia-carotovora-1
4090,5s,test,5s_Erwinia-carotovora-2
4091,5s,test,5s_Erysipelothrix-rhusiopathiae-1
4092,5s,test,5s_Erysipelothrix-rhusiopathiae-2
4093,5s,test,5s_Erysipelothrix-rhusiopathiae-3
4094,5s,test,5s_Erysipelothrix-tonsillarum-1
4095,5s,test,5s_Erythrobacter-longus-1
4096,5s,test,5s_Erythromicrobium-ezovicum-1
4097,5s,test,5s_Erythromicrobium-hydrolyticum-1
4098,5s,test,5s_Erythromicrobium-ramosum-1
4099,5s,test,5s_Esch_coli2B
4100,5s,test,5s_Esch_coli5B
4101,5s,test,5s_Escherichia-coli-1
4102,5s,test,5s_Escherichia-coli-10
4103,5s,test,5s_Escherichia-coli-11
4104,5s,test,5s_Escherichia-coli-13
4105,5s,test,5s_Escherichia-coli-14
4106,5s,test,5s_Escherichia-coli-15
4107,5s,test,5s_Escherichia-coli-2
4108,5s,test,5s_Escherichia-coli-3
4109,5s,test,5s_Escherichia-coli-4
4110,5s,test,5s_Escherichia-coli-5
4111,5s,test,5s_Escherichia-coli-6
4112,5s,test,5s_Escherichia-coli-8
4113,5s,test,5s_Euglena-gracilis-1
4114,5s,test,5s_Euglena-gracilis-2
4115,5s,test,5s_Euplotes-aediculatus-1
4116,5s,test,5s_Euplotes-eurystomus-1
4117,5s,test,5s_Euplotes-octocarinatus-1
4118,5s,test,5s_Euplotes-vannus-1
4119,5s,test,5s_Euplotes-woodruffi-1
4120,5s,test,5s_Eurypelma-californica-1
4121,5s,test,5s_Exidia-glandulosa-1
4122,5s,test,5s_Exobasidium-vaccinii-1
4123,5s,test,5s_F_florifoWE
4124,5s,test,5s_Farysia-thuemenii-1
4125,5s,test,5s_Fellomyces-penicillatus-1
4126,5s,test,5s_Filobasidiella-depauperata-1
4127,5s,test,5s_Filobasidiella-neoformans-1
4128,5s,test,5s_Filobasidium-capsuligenum-1
4129,5s,test,5s_Filobasidium-floriforme-1
4130,5s,test,5s_Filobasidium-floriforme-2
4131,5s,test,5s_Finegoldia-magna-1
4132,5s,test,5s_Finegoldia-magna-2
4133,5s,test,5s_Flavobacterium-hydatis-1
4134,5s,test,5s_Flavobacterium-johnsoniae-1
4135,5s,test,5s_Flectobacillus-major-1
4136,5s,test,5s_Flexibacter-sp.-1
4137,5s,test,5s_Fluoribacter-bozemanae-1
4138,5s,test,5s_Frankia-sp.-1
4139,5s,test,5s_Frankia-sp.-2
4140,5s,test,5s_Frankia-sp.-3
4141,5s,test,5s_Fusarium-asiaticum-1
4142,5s,test,5s_Fusarium-asiaticum-2
4143,5s,test,5s_Fusarium-asiaticum-3
4144,5s,test,5s_Fusarium-asiaticum-4
4145,5s,test,5s_Fusarium-asiaticum-5
4146,5s,test,5s_Fusarium-asiaticum-6
4147,5s,test,5s_Fusarium-asiaticum-7
4148,5s,test,5s_Fusarium-asiaticum-8
4149,5s,test,5s_Fusarium-cerealis-1
4150,5s,test,5s_Fusarium-cerealis-2
4151,5s,test,5s_Fusarium-cerealis-3
4152,5s,test,5s_Fusarium-cerealis-4
4153,5s,test,5s_Fusarium-cerealis-5
4154,5s,test,5s_Fusarium-cerealis-6
4155,5s,test,5s_Fusarium-cerealis-7
4156,5s,test,5s_Fusarium-cerealis-8
4157,5s,test,5s_Fusarium-cerealis-9
4158,5s,test,5s_Fusarium-culmorum-1
4159,5s,test,5s_Fusarium-culmorum-2
4160,5s,test,5s_Fusarium-culmorum-3
4161,5s,test,5s_Fusarium-culmorum-4
4162,5s,test,5s_Fusarium-culmorum-5
4163,5s,test,5s_Fusarium-culmorum-6
4164,5s,test,5s_Fusarium-culmorum-7
4165,5s,test,5s_Fusarium-culmorum-8
4166,5s,test,5s_Fusarium-lunulosporum-1
4167,5s,test,5s_Fusarium-lunulosporum-10
4168,5s,test,5s_Fusarium-lunulosporum-2
4169,5s,test,5s_Fusarium-lunulosporum-3
4170,5s,test,5s_Fusarium-lunulosporum-4
4171,5s,test,5s_Fusarium-lunulosporum-5
4172,5s,test,5s_Fusarium-lunulosporum-6
4173,5s,test,5s_Fusarium-lunulosporum-7
4174,5s,test,5s_Fusarium-lunulosporum-8
4175,5s,test,5s_Fusarium-lunulosporum-9
4176,5s,test,5s_Fusarium-pseudograminearum-1
4177,5s,test,5s_Fusarium-pseudograminearum-2
4178,5s,test,5s_Fusarium-pseudograminearum-3
4179,5s,test,5s_Fusarium-pseudograminearum-4
4180,5s,test,5s_Fusarium-pseudograminearum-5
4181,5s,test,5s_Fusarium-pseudograminearum-6
4182,5s,test,5s_Fusarium-pseudograminearum-7
4183,5s,test,5s_Fusarium-pseudograminearum-8
4184,5s,test,5s_Fusarium-sporotrichioides-1
4185,5s,test,5s_Fusarium-sporotrichioides-2
4186,5s,test,5s_Fusarium-sporotrichioides-3
4187,5s,test,5s_Fusarium-sporotrichioides-4
4188,5s,test,5s_Fusarium-sporotrichioides-5
4189,5s,test,5s_Fusobacterium-mortiferum-1
4190,5s,test,5s_Fusobacterium-mortiferum-2
4191,5s,test,5s_Fusobacterium-nucleatum-1
4192,5s,test,5s_Fusobacterium-nucleatum-2
4193,5s,test,5s_Fusobacterium-nucleatum-3
4194,5s,test,5s_Fusobacterium-nucleatum-4
4195,5s,test,5s_Fusobacterium-nucleatum-5
4196,5s,test,5s_Fusobacterium-varium-1
4197,5s,test,5s_Gallus-gallus-1
4198,5s,test,5s_Gallus-gallus-2
4199,5s,test,5s_Ganoderma-applanatum-1
4200,5s,test,5s_Gastrotheca-riobambae-1
4201,5s,test,5s_Gelidium-amansii-1
4202,5s,test,5s_Gelidium-amansii-2
4203,5s,test,5s_Gemm_obscuB
4204,5s,test,5s_Genistelloides-hibernus-1
4205,5s,test,5s_Geobacillus-kaustophilus-1
4206,5s,test,5s_Geobacillus-kaustophilus-2
4207,5s,test,5s_Geobacillus-kaustophilus-3
4208,5s,test,5s_Geobacillus-kaustophilus-4
4209,5s,test,5s_Geobacillus-kaustophilus-6
4210,5s,test,5s_Geobacillus-kaustophilus-7
4211,5s,test,5s_Geobacillus-stearothermophilus-1
4212,5s,test,5s_Geobacillus-stearothermophilus-2
4213,5s,test,5s_Geobacillus-stearothermophilus-3
4214,5s,test,5s_Geobacillus-stearothermophilus-4
4215,5s,test,5s_Geodermatophilus-obscurus-1
4216,5s,test,5s_Ginkgo-biloba-1
4217,5s,test,5s_Gloiopeltis-complanata-1
4218,5s,test,5s_Gluconacetobacter-xylinus-1
4219,5s,test,5s_Gluconobacter-oxydans-3
4220,5s,test,5s_Gnetum-gnemon-1
4221,5s,test,5s_Gossypium-hirsutum-1
4222,5s,test,5s_Gracilaria-compressa-1
4223,5s,test,5s_Gracilaria-compressa-2
4224,5s,test,5s_Graphiola-phoenicis-1
4225,5s,test,5s_Grimontia-hollisae-1
4226,5s,test,5s_Gymnosporangium-clavariaeforme-1
4227,5s,test,5s_Gymnosporangium-sabinae-1
4228,5s,test,5s_Haemonchus-contortus-1
4229,5s,test,5s_Haemophilus-aegyptius-1
4230,5s,test,5s_Haemophilus-influenzae-1
4231,5s,test,5s_Haemophilus-influenzae-4
4232,5s,test,5s_Haemophilus-influenzae-6
4233,5s,test,5s_Halichondria-japonica-1
4234,5s,test,5s_Halichondria-panicea-1
4235,5s,test,5s_Haliclona-oculata-1
4236,5s,test,5s_Haloarcula-marismortui-1
4237,5s,test,5s_Haloarcula-marismortui-2
4238,5s,test,5s_Haloarcula-marismortui-3
4239,5s,test,5s_Halobacterium-salinarum-1
4240,5s,test,5s_Halobacterium-salinarum-2
4241,5s,test,5s_Halobacterium-salinarum-3
4242,5s,test,5s_Halobacterium-sp.-1
4243,5s,test,5s_Halobacterium-sp.-2
4244,5s,test,5s_Halococcus-morrhuae-1
4245,5s,test,5s_Halococcus-morrhuae-2
4246,5s,test,5s_Halocynthia-roretzi-1
4247,5s,test,5s_Haloferax-mediterranei-1
4248,5s,test,5s_Haloferax-mediterranei-2
4249,5s,test,5s_Haloferax-volcanii-1
4250,5s,test,5s_Haloferax-volcanii-2
4251,5s,test,5s_Haloferax-volcanii-3
4252,5s,test,5s_Halorhodospira-halophila-1
4253,5s,test,5s_Halorubrum-distributum-1
4254,5s,test,5s_Halorubrum-distributum-3
4255,5s,test,5s_Halorubrum-distributum-4
4256,5s,test,5s_Halorubrum-distributum-5
4257,5s,test,5s_Halorubrum-distributum-6
4258,5s,test,5s_Halorubrum-distributum-7
4259,5s,test,5s_Halorubrum-saccharovorum-1
4260,5s,test,5s_Halorubrum-terrestre-1
4261,5s,test,5s_Halorubrum-terrestre-2
4262,5s,test,5s_Halothiobacillus-neapolitanus-1
4263,5s,test,5s_Harpalus-rufipes-1
4264,5s,test,5s_Helianthus-annuus-1
4265,5s,test,5s_Helicobacter-hepaticus-1
4266,5s,test,5s_Helicobacter-pylori-2
4267,5s,test,5s_Helicobacter-pylori-3
4268,5s,test,5s_Helicobasidium-purpureum-1
4269,5s,test,5s_Helix-pomatia-1
4270,5s,test,5s_Hemicentrotus-sp.-1
4271,5s,test,5s_Herbidospora-cretacea-1
4272,5s,test,5s_Herpetosiphon-aurantiacus-1
4273,5s,test,5s_Homarus-gammarus-1
4274,5s,test,5s_Homo-sapiens-1
4275,5s,test,5s_Hydrurus-foetidus-1
4276,5s,test,5s_Hymeniacidon-sanguinea-1
4277,5s,test,5s_Hyphodontia-paradoxa-1
4278,5s,test,5s_Hyphomicrobium-sp.-1
4279,5s,test,5s_Hyphomicrobium-sp.-2
4280,5s,test,5s_Hyphomicrobium-sp.-3
4281,5s,test,5s_Hyphomicrobium-sp.-4
4282,5s,test,5s_Hyphomicrobium-sp.-5
4283,5s,test,5s_Hyphomicrobium-sp.-6
4284,5s,test,5s_Hyphomicrobium-sp.-7
4285,5s,test,5s_Hyphomicrobium-vulgare-1
4286,5s,test,5s_Hyphomicrobium-vulgare-2
4287,5s,test,5s_Hyphomonas-oligotropha-1
4288,5s,test,5s_Hyphomonas-polymorpha-1
4289,5s,test,5s_Idiomarina-loihiensis-1
4290,5s,test,5s_Idiomarina-loihiensis-2
4291,5s,test,5s_Iguana-iguana-1
4292,5s,test,5s_Illex-illecebrosus-1
4293,5s,test,5s_Isosphaera-pallida-1
4294,5s,test,5s_Itersonilia-perplexans-1
4295,5s,test,5s_Juniperus-media-1
4296,5s,test,5s_Kibdelosporangium-aridum-1
4297,5s,test,5s_Klebsormidium-flaccidum-1
4298,5s,test,5s_Kluyveromyces-delphensis-1
4299,5s,test,5s_Kondoa-malvinella-1
4300,5s,test,5s_Kutzneria-albida-1
4301,5s,test,5s_Kutzneria-viridogrisea-1
4302,5s,test,5s_Laccaria-bicolor-1
4303,5s,test,5s_Lactobacillus-acidophilus-1
4304,5s,test,5s_Lactobacillus-brevis-1
4305,5s,test,5s_Lactobacillus-delbrueckii-1
4306,5s,test,5s_Lactobacillus-delbrueckii-2
4307,5s,test,5s_Lactobacillus-johnsonii-1
4308,5s,test,5s_Lactobacillus-plantarum-1
4309,5s,test,5s_Lactobacillus-plantarum-2
4310,5s,test,5s_Lactobacillus-plantarum-3
4311,5s,test,5s_Lactococcus-lactis-1
4312,5s,test,5s_Lactococcus-lactis-2
4313,5s,test,5s_Lactococcus-lactis-3
4314,5s,test,5s_Lactococcus-lactis-4
4315,5s,test,5s_Lactococcus-lactis-5
4316,5s,test,5s_Lactuca-sativa-1
4317,5s,test,5s_Legionella-dumoffii-1
4318,5s,test,5s_Legionella-longbeachae-1
4319,5s,test,5s_Legionella-pneumophila-1
4320,5s,test,5s_Legionella-pneumophila-2
4321,5s,test,5s_Legionella-pneumophila-3
4322,5s,test,5s_Leifsonia-aquatica-1
4323,5s,test,5s_Leifsonia-xyli-1
4324,5s,test,5s_Lemna-minor-1
4325,5s,test,5s_Lentinula-edodes-1
4326,5s,test,5s_Lentinula-edodes-2
4327,5s,test,5s_Leptospira-biflexa-1
4328,5s,test,5s_Leptospira-interrogans-1
4329,5s,test,5s_Leptospira-interrogans-2
4330,5s,test,5s_Leptothrix-discophora-1
4331,5s,test,5s_Lethenteron-japonicum-1
4332,5s,test,5s_Lethenteron-japonicum-2
4333,5s,test,5s_Lethenteron-reissneri-1
4334,5s,test,5s_Leuconostoc-mesenteroides-1
4335,5s,test,5s_Ligia-oceanica-1
4336,5s,test,5s_Limulus-polyphemus-1
4337,5s,test,5s_Linderina-macrospora-1
4338,5s,test,5s_Lineus-geniculatus-1
4339,5s,test,5s_Lingula-anatina-1
4340,5s,test,5s_Lingula-anatina-2
4341,5s,test,5s_Listeria-innocua-2
4342,5s,test,5s_Listeria-ivanovii-1
4343,5s,test,5s_Listeria-monocytogenes-2
4344,5s,test,5s_Listeria-monocytogenes-3
4345,5s,test,5s_Listonella-anguillarum-1
4346,5s,test,5s_Listonella-pelagia-1
4347,5s,test,5s_Locusta-migratoria-1
4348,5s,test,5s_Loofah-witches-broom-phytoplasma-1
4349,5s,test,5s_Lophocolea-heterophylla-1
4350,5s,test,5s_Lupinus-angustifolius-1
4351,5s,test,5s_Lupinus-luteus-1
4352,5s,test,5s_Lycoperdon-pyriforme-1
4353,5s,test,5s_Lycopersicon-esculentum-1
4354,5s,test,5s_Lycopodium-clavatum-1
4355,5s,test,5s_Lytechinus-variegatus-1
4356,5s,test,5s_Magnolia-kobus-1
4357,5s,test,5s_Magnolia-stellata-1
4358,5s,test,5s_Mannheimia-succiniciproducens-1
4359,5s,test,5s_Mannheimia-succiniciproducens-2
4360,5s,test,5s_Mannheimia-succiniciproducens-3
4361,5s,test,5s_Marchantia-polymorpha-1
4362,5s,test,5s_Medicago-sativa-1
4363,5s,test,5s_Meloidogyne-arenaria-1
4364,5s,test,5s_Meloidogyne-arenaria-2
4365,5s,test,5s_Meloidogyne-arenaria-3
4366,5s,test,5s_Meloidogyne-arenaria-4
4367,5s,test,5s_Meloidogyne-artiellia-1
4368,5s,test,5s_Meloidogyne-chitwoodi-1
4369,5s,test,5s_Menoidium-pellucidum-1
4370,5s,test,5s_Mesorhizobium-loti-1
4371,5s,test,5s_Metasequoia-glyptostroboides-1
4372,5s,test,5s_Methanobacterium-formicicum-1
4373,5s,test,5s_Methanobrevibacter-ruminantium-1
4374,5s,test,5s_Methanocaldococcus-jannaschii-1
4375,5s,test,5s_Methanocaldococcus-jannaschii-2
4376,5s,test,5s_Methanococcus-maripaludis-1
4377,5s,test,5s_Methanococcus-vannielii-1
4378,5s,test,5s_Methanococcus-vannielii-2
4379,5s,test,5s_Methanococcus-voltae-1
4380,5s,test,5s_Methanococcus-voltae-2
4381,5s,test,5s_Methanolobus-tindarius-1
4382,5s,test,5s_Methanolobus-tindarius-2
4383,5s,test,5s_Methanopyrus-kandleri-1
4384,5s,test,5s_Methanosarcina-acetivorans-1
4385,5s,test,5s_Methanosarcina-acetivorans-2
4386,5s,test,5s_Methanosarcina-barkeri-1
4387,5s,test,5s_Methanosarcina-mazei-1
4388,5s,test,5s_Methanosarcina-mazei-2
4389,5s,test,5s_Methanosarcina-vacuolata-1
4390,5s,test,5s_Methanospirillum-hungatei-1
4391,5s,test,5s_Methanothermobacter-thermautotrophicus-1
4392,5s,test,5s_Methanothermobacter-thermautotrophicus-2
4393,5s,test,5s_Methanothermobacter-thermautotrophicus-3
4394,5s,test,5s_Methanothermobacter-thermautotrophicus-4
4395,5s,test,5s_Methanothermobacter-thermautotrophicus-5
4396,5s,test,5s_Methanothermobacter-thermautotrophicus-6
4397,5s,test,5s_Methanothermobacter-thermautotrophicus-7
4398,5s,test,5s_Methanothermococcus-thermolithotrophicus-1
4399,5s,test,5s_Methanothermus-fervidus-1
4400,5s,test,5s_Methylobacterium-extorquens-1
4401,5s,test,5s_Methylobacterium-organophilum-1
4402,5s,test,5s_Methylobacterium-sp.-1
4403,5s,test,5s_Methylococcus-capsulatus-1
4404,5s,test,5s_Methylococcus-capsulatus-3
4405,5s,test,5s_Methylomicrobium-album-1
4406,5s,test,5s_Methylomicrobium-clara-1
4407,5s,test,5s_Methylophilus-methylotrophus-1
4408,5s,test,5s_Microbacterium-testaceum-1
4409,5s,test,5s_Microbotryum-violaceum-1
4410,5s,test,5s_Micrococcus-luteus-1
4411,5s,test,5s_Micrococcus-luteus-2
4412,5s,test,5s_Micrococcus-luteus-4
4413,5s,test,5s_Microstroma-juglandis-1
4414,5s,test,5s_Microtetraspora-glauca-1
4415,5s,test,5s_Misgurnus-fossilis-1
4416,5s,test,5s_Misgurnus-fossilis-14
4417,5s,test,5s_Moniliella-acetoabutans-1
4418,5s,test,5s_Moritella-marina-1
4419,5s,test,5s_Mortierella-formosensis-1
4420,5s,test,5s_Mus-musculus-1
4421,5s,test,5s_Mycobacterium-avium-1
4422,5s,test,5s_Mycobacterium-bovis-1
4423,5s,test,5s_Mycobacterium-bovis-2
4424,5s,test,5s_Mycobacterium-bovis-3
4425,5s,test,5s_Mycobacterium-flavescens-1
4426,5s,test,5s_Mycobacterium-leprae-1
4427,5s,test,5s_Mycobacterium-leprae-2
4428,5s,test,5s_Mycobacterium-phlei-1
4429,5s,test,5s_Mycobacterium-phlei-2
4430,5s,test,5s_Mycobacterium-smegmatis-1
4431,5s,test,5s_Mycobacterium-smegmatis-2
4432,5s,test,5s_Mycobacterium-smegmatis-3
4433,5s,test,5s_Mycobacterium-tuberculosis-1
4434,5s,test,5s_Mycobacterium-tuberculosis-2
4435,5s,test,5s_Mycobacterium-tuberculosis-3
4436,5s,test,5s_Mycobacterium-tuberculosis-4
4437,5s,test,5s_Mycoplasma-capricolum-1
4438,5s,test,5s_Mycoplasma-flocculare-1
4439,5s,test,5s_Mycoplasma-gallisepticum-1
4440,5s,test,5s_Mycoplasma-gallisepticum-2
4441,5s,test,5s_Mycoplasma-gallisepticum-3
4442,5s,test,5s_Mycoplasma-gallisepticum-4
4443,5s,test,5s_Mycoplasma-genitalium-1
4444,5s,test,5s_Mycoplasma-haemofelis-1
4445,5s,test,5s_Mycoplasma-hyopneumoniae-1
4446,5s,test,5s_Mycoplasma-hyopneumoniae-2
4447,5s,test,5s_Mycoplasma-mobile-1
4448,5s,test,5s_Mycoplasma-mycoides-1
4449,5s,test,5s_Mycoplasma-mycoides-2
4450,5s,test,5s_Mycoplasma-mycoides-3
4451,5s,test,5s_Mycoplasma-penetrans-1
4452,5s,test,5s_Mycoplasma-pneumoniae-1
4453,5s,test,5s_Mycoplasma-pulmonis-1
4454,5s,test,5s_Mycoplasma-sp.-1
4455,5s,test,5s_Mycoplasma-sp.-2
4456,5s,test,5s_Mytilus-edulis-1
4457,5s,test,5s_Mytilus-edulis-2
4458,5s,test,5s_Mytilus-galloprovincialis-2
4459,5s,test,5s_Mytilus-galloprovincialis-3
4460,5s,test,5s_Myxococcus-coralloides-1
4461,5s,test,5s_Nadsonia-fulvescens-1
4462,5s,test,5s_Nannocystis-exedens-1
4463,5s,test,5s_Nanoarchaeum-equitans-1
4464,5s,test,5s_Natrialba-magadii-1
4465,5s,test,5s_Natrinema-sp.-1
4466,5s,test,5s_Natronococcus-occultus-1
4467,5s,test,5s_Natronomonas-pharaonis-1
4468,5s,test,5s_Natronomonas-pharaonis-2
4469,5s,test,5s_Neisseria-gonorrhoeae-1
4470,5s,test,5s_Neisseria-meningitidis-1
4471,5s,test,5s_Nemopsis-dofleini-1
4472,5s,test,5s_Nephila-clavipes-1
4473,5s,test,5s_Neurospora-africana-1
4474,5s,test,5s_Neurospora-africana-2
4475,5s,test,5s_Neurospora-crassa-1
4476,5s,test,5s_Neurospora-crassa-10
4477,5s,test,5s_Neurospora-crassa-11
4478,5s,test,5s_Neurospora-crassa-12
4479,5s,test,5s_Neurospora-crassa-13
4480,5s,test,5s_Neurospora-crassa-14
4481,5s,test,5s_Neurospora-crassa-15
4482,5s,test,5s_Neurospora-crassa-2
4483,5s,test,5s_Neurospora-crassa-6
4484,5s,test,5s_Neurospora-crassa-9
4485,5s,test,5s_Neurospora-intermedia-1
4486,5s,test,5s_Neurospora-intermedia-2
4487,5s,test,5s_Neurospora-intermedia-3
4488,5s,test,5s_Nicotiana-tabacum-1
4489,5s,test,5s_Nitella-flexilis-1
4490,5s,test,5s_Nitrobacter-winogradskyi-1
4491,5s,test,5s_Nocardia-asteroides-1
4492,5s,test,5s_Nocardia-farcinica-1
4493,5s,test,5s_Nocardioides-albus-1
4494,5s,test,5s_Nocardiopsis-dassonvillei-1
4495,5s,test,5s_Notophthalmus-viridescens-1
4496,5s,test,5s_Oceanobacillus-iheyensis-1
4497,5s,test,5s_Oceanobacillus-iheyensis-2
4498,5s,test,5s_Oceanobacillus-iheyensis-3
4499,5s,test,5s_Oceanobacillus-iheyensis-4
4500,5s,test,5s_Octopus-vulgaris-1
4501,5s,test,5s_Oenococcus-oeni-1
4502,5s,test,5s_Oerskovia-turbata-1
4503,5s,test,5s_Onchocerca-cervicalis-1
4504,5s,test,5s_Onchocerca-volvulus-1
4505,5s,test,5s_Oryctolagus-cuniculus-1
4506,5s,test,5s_Oryza-sativa-1
4507,5s,test,5s_Oryza-sativa-2
4508,5s,test,5s_P_cynthiaE
4509,5s,test,5s_Paenibacillus-popilliae-1
4510,5s,test,5s_Palmaria-palmata-1
4511,5s,test,5s_Paracentrotus-lividus-1
4512,5s,test,5s_Paracentrotus-lividus-2
4513,5s,test,5s_Parachlamydia-sp.-1
4514,5s,test,5s_Paracoccus-denitrificans-1
4515,5s,test,5s_Paracoccus-denitrificans-2
4516,5s,test,5s_Paracoccus-sp.-1
4517,5s,test,5s_Paracoccus-versutus-1
4518,5s,test,5s_Paramecium-tetraurelia-1
4519,5s,test,5s_Pasteurella-multocida-1
4520,5s,test,5s_Pasteurella-multocida-2
4521,5s,test,5s_Pedinomonas-minor-1
4522,5s,test,5s_Pedobacter-heparinus-1
4523,5s,test,5s_Penicillium-chrysogenum-1
4524,5s,test,5s_Penicillium-griseofulvum-1
4525,5s,test,5s_Perinereis-brevicirris-1
4526,5s,test,5s_Perkinsus-andrewsi-1
4527,5s,test,5s_Perkinsus-andrewsi-2
4528,5s,test,5s_Perkinsus-olseni-1
4529,5s,test,5s_Phacus-curvicauda-1
4530,5s,test,5s_Phaffia-rhodozyma-1
4531,5s,test,5s_Phascolopsis-gouldii-1
4532,5s,test,5s_Phaseolus-vulgaris-1
4533,5s,test,5s_Phaseolus-vulgaris-2
4534,5s,test,5s_Phleogena-faginea-1
4535,5s,test,5s_Phlyctochytrium-irregulare-1
4536,5s,test,5s_Photobacterium-angustum-1
4537,5s,test,5s_Photobacterium-damselae-1
4538,5s,test,5s_Photobacterium-damselae-2
4539,5s,test,5s_Photobacterium-leiognathi-1
4540,5s,test,5s_Photobacterium-profundum-1
4541,5s,test,5s_Photobacterium-profundum-2
4542,5s,test,5s_Photobacterium-profundum-3
4543,5s,test,5s_Photobacterium-sp.-1
4544,5s,test,5s_Photorhabdus-luminescens-1
4545,5s,test,5s_Photorhabdus-luminescens-2
4546,5s,test,5s_Photorhabdus-luminescens-3
4547,5s,test,5s_Phycomyces-blakesleeanus-1
4548,5s,test,5s_Physarum-polycephalum-1
4549,5s,test,5s_Pichia-angusta-1
4550,5s,test,5s_Pichia-jadinii-1
4551,5s,test,5s_Pichia-jadinii-2
4552,5s,test,5s_Pichia-membranifaciens-1
4553,5s,test,5s_Pimelobacter-simplex-1
4554,5s,test,5s_Pinus-contorta-1
4555,5s,test,5s_Pinus-silvestris-1
4556,5s,test,5s_Pirellula-sp.-1
4557,5s,test,5s_Pirellula-sp.-2
4558,5s,test,5s_Plagiomnium-trichomanes-1
4559,5s,test,5s_Planctomyces-brasiliensis-1
4560,5s,test,5s_Planctomyces-limnophilus-1
4561,5s,test,5s_Planobispora-longispora-1
4562,5s,test,5s_Planocera-reticulata-1
4563,5s,test,5s_Planococcus-citreus-1
4564,5s,test,5s_Planococcus-kocurii-1
4565,5s,test,5s_Plasmodium-falciparum-1
4566,5s,test,5s_Platymonas-subcordiformis-1
4567,5s,test,5s_Plesiomonas-shigelloides-1
4568,5s,test,5s_Pleurodeles-waltl-1
4569,5s,test,5s_Pleurodeles-waltl-3
4570,5s,test,5s_Pleurotus-ostreatus-1
4571,5s,test,5s_Pneumocystis-carinii-1
4572,5s,test,5s_Pneumocystis-carinii-2
4573,5s,test,5s_Polyangium-cellulosum-1
4574,5s,test,5s_Porphyra-tenera-1
4575,5s,test,5s_Porphyra-umbilicalis-1
4576,5s,test,5s_Porphyra-yezoensis-1
4577,5s,test,5s_Porphyromonas-gingivalis-1
4578,5s,test,5s_Porphyromonas-gingivalis-2
4579,5s,test,5s_Prasinocladus-sp.-1
4580,5s,test,5s_Prauserella-rugosa-1
4581,5s,test,5s_Proasellus-coxalis-1
4582,5s,test,5s_Propionibacterium-acnes-1
4583,5s,test,5s_Prosthecochloris-aestuarii-1
4584,5s,test,5s_Prosthecomicrobium-enhydrum-1
4585,5s,test,5s_Proteus-vulgaris-1
4586,5s,test,5s_Protomyces-inundatus-1
4587,5s,test,5s_Pseudocentrotus-depressus-1
4588,5s,test,5s_Pseudomonas-aeruginosa-1
4589,5s,test,5s_Pseudomonas-aeruginosa-2
4590,5s,test,5s_Pseudomonas-aeruginosa-3
4591,5s,test,5s_Pseudomonas-denitrificans-1
4592,5s,test,5s_Pseudomonas-fluorescens-1
4593,5s,test,5s_Pseudomonas-fluorescens-2
4594,5s,test,5s_Pseudomonas-fluorescens-3
4595,5s,test,5s_Pseudomonas-fluorescens-4
4596,5s,test,5s_Pseudomonas-putida-1
4597,5s,test,5s_Pseudomonas-putida-2
4598,5s,test,5s_Pseudomonas-stutzeri-1
4599,5s,test,5s_Pseudomonas-stutzeri-2
4600,5s,test,5s_Pseudomonas-syringae-1
4601,5s,test,5s_Pseudomonas-syringae-2
4602,5s,test,5s_Pseudomonas-syringae-3
4603,5s,test,5s_Pseudomonas-syringae-4
4604,5s,test,5s_Pseudonocardia-compacta-1
4605,5s,test,5s_Pseudonocardia-halophobica-1
4606,5s,test,5s_Pseudonocardia-hydrocarbonoxydans-1
4607,5s,test,5s_Pseudonocardia-thermophila-1
4608,5s,test,5s_Psilotum-nudum-1
4609,5s,test,5s_Pteridium-aquilinum-1
4610,5s,test,5s_Puccinia-poarum-1
4611,5s,test,5s_Puccinia-suaveolens-1
4612,5s,test,5s_Pyrenophora-graminea-1
4613,5s,test,5s_Pyrococcus-abyssi-1
4614,5s,test,5s_Pyrococcus-furiosus-1
4615,5s,test,5s_Pyrococcus-furiosus-2
4616,5s,test,5s_Pyrococcus-horikoshii-1
4617,5s,test,5s_Pyrococcus-horikoshii-2
4618,5s,test,5s_Pyrococcus-woesei-1
4619,5s,test,5s_Pythium-hydnosporum-1
4620,5s,test,5s_Pythium-pachycaule-1
4621,5s,test,5s_Pythium-torulosum-1
4622,5s,test,5s_Ralstonia-pickettii-1
4623,5s,test,5s_Ralstonia-solanacearum-1
4624,5s,test,5s_Ralstonia-solanacearum-2
4625,5s,test,5s_Rana-catesbeiana-1
4626,5s,test,5s_Rana-pipiens-1
4627,5s,test,5s_Rattus-norvegicus-1
4628,5s,test,5s_Renibacterium-salmoninarum-1
4629,5s,test,5s_Renobacter-vaculatum-1
4630,5s,test,5s_Rhabditis-tokai-1
4631,5s,test,5s_Rhabdomonas-costata-1
4632,5s,test,5s_Rhcoc_fas1B
4633,5s,test,5s_Rhizoctonia-globularis-1
4634,5s,test,5s_Rhodobacter-capsulatus-1
4635,5s,test,5s_Rhodobacter-capsulatus-2
4636,5s,test,5s_Rhodobacter-capsulatus-3
4637,5s,test,5s_Rhodobacter-sphaeroides-1
4638,5s,test,5s_Rhodobacter-sphaeroides-2
4639,5s,test,5s_Rhodobacter-sphaeroides-3
4640,5s,test,5s_Rhodococcus-erythropolis-1
4641,5s,test,5s_Rhodococcus-erythropolis-2
4642,5s,test,5s_Rhodococcus-fascians-1
4643,5s,test,5s_Rhodococcus-fascians-2
4644,5s,test,5s_Rhodococcus-rhodochrous-1
4645,5s,test,5s_Rhodopirellula-baltica-1
4646,5s,test,5s_Rhodopseudomonas-palustris-2
4647,5s,test,5s_Rhodopseudomonas-palustris-3
4648,5s,test,5s_Rhodospirillum-rubrum-1
4649,5s,test,5s_Rhodosporidium-toruloides-1
4650,5s,test,5s_Rickettsia-conorii-1
4651,5s,test,5s_Rickettsia-felis-1
4652,5s,test,5s_Rickettsia-moozeri-1
4653,5s,test,5s_Rickettsia-prowazekii-1
4654,5s,test,5s_Roseococcus-thiosulfatophilus-1
4655,5s,test,5s_Roseococcus-thiosulfatophilus-2
4656,5s,test,5s_Rubrivivax-gelatinosus-1
4657,5s,test,5s_Rumex-acetosa-1
4658,5s,test,5s_Russula-cyanoxantha-1
4659,5s,test,5s_S_kowalev2E
4660,5s,test,5s_Sabellastarte-japonica-1
4661,5s,test,5s_Saccharomonospora-azurea-1
4662,5s,test,5s_Saccharomonospora-cyanea-1
4663,5s,test,5s_Saccharomonospora-glauca-1
4664,5s,test,5s_Saccharomonospora-sp.-1
4665,5s,test,5s_Saccharomyces-cerevisiae-1
4666,5s,test,5s_Saccharomyces-cerevisiae-3
4667,5s,test,5s_Saccharomyces-cerevisiae-4
4668,5s,test,5s_Saccharomyces-cerevisiae-5
4669,5s,test,5s_Saccharomyces-cerevisiae-6
4670,5s,test,5s_Saccharomyces-cerevisiae-7
4671,5s,test,5s_Saccharomyces-pastorianus-1
4672,5s,test,5s_Saccharopolyspora-erythraea-1
4673,5s,test,5s_Saccharopolyspora-gregorii-1
4674,5s,test,5s_Saccharopolyspora-hirsuta-1
4675,5s,test,5s_Saccharopolyspora-hordei-1
4676,5s,test,5s_Saccharopolyspora-rectivirgula-1
4677,5s,test,5s_Saccharothrix-australiensis-1
4678,5s,test,5s_Saccharothrix-mutabilis-1
4679,5s,test,5s_Saccoglossus-kowalevskii-1
4680,5s,test,5s_Salmonella-enterica-1
4681,5s,test,5s_Salmonella-enterica-3
4682,5s,test,5s_Salmonella-enterica-4
4683,5s,test,5s_Salmonella-enterica-5
4684,5s,test,5s_Salmonella-enterica-6
4685,5s,test,5s_Salmonella-enterica-7
4686,5s,test,5s_Salmonella-enterica-8
4687,5s,test,5s_Salmonella-typhi-1
4688,5s,test,5s_Salmonella-typhimurium-1
4689,5s,test,5s_Salmonella-typhimurium-2
4690,5s,test,5s_Salmonella-typhimurium-3
4691,5s,test,5s_Salmonella-typhimurium-4
4692,5s,test,5s_Samia-cynthia-1
4693,5s,test,5s_Samia-cynthia-ricini-1
4694,5s,test,5s_Samia-cynthia-ricini-x-Bombyx-mori-1
4695,5s,test,5s_Sandaracinobacter-sibiricus-1
4696,5s,test,5s_Saprolegnia-ferax-1
4697,5s,test,5s_Saprospira-grandis-1
4698,5s,test,5s_Sargassum-fulvellum-1
4699,5s,test,5s_Scenedesmus-obliquus-1
4700,5s,test,5s_Schizochytrium-aggregatum-1
4701,5s,test,5s_Schizophyllum-commune-1
4702,5s,test,5s_Schizosaccharomyces-pombe-1
4703,5s,test,5s_Schizosaccharomyces-pombe-2
4704,5s,test,5s_Schizosaccharomyces-pombe-3
4705,5s,test,5s_Schizosaccharomyces-pombe-4
4706,5s,test,5s_Scyliorhinus-canicula-1
4707,5s,test,5s_Scytosiphon-lomentaria-1
4708,5s,test,5s_Secale-cereale-2
4709,5s,test,5s_Seliberia-stellata-1
4710,5s,test,5s_Sepia-officinalis-1
4711,5s,test,5s_Septobasidium-carestianum-1
4712,5s,test,5s_Shewanella-colwelliana-1
4713,5s,test,5s_Shewanella-hanedai-1
4714,5s,test,5s_Shewanella-oneidensis-1
4715,5s,test,5s_Shewanella-oneidensis-2
4716,5s,test,5s_Shewanella-putrefaciens-1
4717,5s,test,5s_Shigella-flexneri-1
4718,5s,test,5s_Shigella-flexneri-2
4719,5s,test,5s_Shigella-flexneri-3
4720,5s,test,5s_Silicibacter-pomeroyi-1
4721,5s,test,5s_Sinorhizobium-meliloti-1
4722,5s,test,5s_Smittium-culisetae-1
4723,5s,test,5s_Solemya-velum-1
4724,5s,test,5s_Sphacelotheca-polygoni-persicariae-1
4725,5s,test,5s_Sphingomonas-ursincola-1
4726,5s,test,5s_Spinacia-oleracea-1
4727,5s,test,5s_Spirobolus-sp-1
4728,5s,test,5s_Spirochaeta-aurantia-1
4729,5s,test,5s_Spirocodon-saltatrix-1
4730,5s,test,5s_Spirogyra-grevilleana-1
4731,5s,test,5s_Spirogyra-sp.-1
4732,5s,test,5s_Spiroplasma-melliferum-1
4733,5s,test,5s_Spirosoma-sp.-1
4734,5s,test,5s_Sporidiobolus-salmonicolor-1
4735,5s,test,5s_Sporolactobacillus-inulinus-1
4736,5s,test,5s_Sporolactobacillus-nakayamae-1
4737,5s,test,5s_Sporosarcina-pasteurii-1
4738,5s,test,5s_Sporosarcina-ureae-1
4739,5s,test,5s_Staphylococcus-aureus-1
4740,5s,test,5s_Staphylococcus-aureus-2
4741,5s,test,5s_Staphylococcus-aureus-3
4742,5s,test,5s_Staphylococcus-epidermidis-1
4743,5s,test,5s_Staphylococcus-epidermidis-2
4744,5s,test,5s_Staphylococcus-epidermidis-3
4745,5s,test,5s_Staphylococcus-haemolyticus-1
4746,5s,test,5s_Staphylococcus-haemolyticus-2
4747,5s,test,5s_Starkeya-novella-1
4748,5s,test,5s_Stella-humosa-1
4749,5s,test,5s_Sterkiella-nova-1
4750,5s,test,5s_Stilbum-vulgare-1
4751,5s,test,5s_Streptococcus-agalactiae-1
4752,5s,test,5s_Streptococcus-agalactiae-2
4753,5s,test,5s_Streptococcus-mutans-1
4754,5s,test,5s_Streptococcus-mutans-2
4755,5s,test,5s_Streptococcus-mutans-3
4756,5s,test,5s_Streptococcus-pneumoniae-1
4757,5s,test,5s_Streptococcus-pneumoniae-2
4758,5s,test,5s_Streptococcus-pyogenes-1
4759,5s,test,5s_Streptococcus-pyogenes-2
4760,5s,test,5s_Streptococcus-pyogenes-3
4761,5s,test,5s_Streptococcus-pyogenes-4
4762,5s,test,5s_Streptococcus-salivarius-1
4763,5s,test,5s_Streptococcus-thermophilus-1
4764,5s,test,5s_Streptococcus-thermophilus-2
4765,5s,test,5s_Streptomyces-ambofaciens-1
4766,5s,test,5s_Streptomyces-avermitilis-1
4767,5s,test,5s_Streptomyces-avermitilis-2
4768,5s,test,5s_Streptomyces-avermitilis-3
4769,5s,test,5s_Streptomyces-avermitilis-4
4770,5s,test,5s_Streptomyces-avermitilis-5
4771,5s,test,5s_Streptomyces-brasiliensis-1
4772,5s,test,5s_Streptomyces-cinereus-1
4773,5s,test,5s_Streptomyces-coelicolor-1
4774,5s,test,5s_Streptomyces-coelicolor-2
4775,5s,test,5s_Streptomyces-coelicolor-3
4776,5s,test,5s_Streptomyces-coelicolor-4
4777,5s,test,5s_Streptomyces-coelicolor-5
4778,5s,test,5s_Streptomyces-coelicolor-6
4779,5s,test,5s_Streptomyces-diastaticus-1
4780,5s,test,5s_Streptomyces-griseus-1
4781,5s,test,5s_Streptomyces-griseus-2
4782,5s,test,5s_Streptomyces-griseus-3
4783,5s,test,5s_Streptomyces-lividans-1
4784,5s,test,5s_Streptomyces-nodosus-1
4785,5s,test,5s_Streptomyces-nodosus-2
4786,5s,test,5s_Streptomyces-nodosus-3
4787,5s,test,5s_Streptomyces-nodosus-4
4788,5s,test,5s_Streptomyces-purpureus-1
4789,5s,test,5s_Streptomyces-rimosus-2
4790,5s,test,5s_Streptomyces-roseoverticillatus-1
4791,5s,test,5s_Streptomyces-sclerotialus-1
4792,5s,test,5s_Streptomyces-sp.-1
4793,5s,test,5s_Streptomyces-sp.-2
4794,5s,test,5s_Streptomyces-sp.-3
4795,5s,test,5s_Streptomyces-sp.-4
4796,5s,test,5s_Streptomyces-violaceus-1
4797,5s,test,5s_Streptosporangium-roseum-1
4798,5s,test,5s_Sulfolobus-tokodaii-1
4799,5s,test,5s_Sulfurococcus-mirabilis-1
4800,5s,test,5s_Symbiobacterium-thermophilum-1
4801,5s,test,5s_Symbiobacterium-thermophilum-2
4802,5s,test,5s_Symbiobacterium-thermophilum-3
4803,5s,test,5s_Symbiobacterium-thermophilum-4
4804,5s,test,5s_T_cruziE
4805,5s,test,5s_Taphrina-deformans-1
4806,5s,test,5s_Taxus-baccata-1
4807,5s,test,5s_Tenebrio-molitor-1
4808,5s,test,5s_Terrapene-carolina-1
4809,5s,test,5s_Tetrahymena-pyriformis-1
4810,5s,test,5s_Tetrahymena-thermophila-1
4811,5s,test,5s_Tetrahymena-thermophila-3
4812,5s,test,5s_Thermoactinomyces-vulgaris-1
4813,5s,test,5s_Thermococcus-celer-1
4814,5s,test,5s_Thermococcus-celer-2
4815,5s,test,5s_Thermococcus-kodakarensis-1
4816,5s,test,5s_Thermococcus-kodakarensis-2
4817,5s,test,5s_Thermomicrobium-roseum-1
4818,5s,test,5s_Thermomonospora-chromogena-1
4819,5s,test,5s_Thermomyces-lanuginosus-1
4820,5s,test,5s_Thermoplasma-acidophilum-1
4821,5s,test,5s_Thermoplasma-volcanium-1
4822,5s,test,5s_Thermotoga-maritima-1
4823,5s,test,5s_Thermotoga-neapolitana-1
4824,5s,test,5s_Thermotoga-neapolitana-2
4825,5s,test,5s_Thermotoga-petrophila-1
4826,5s,test,5s_Thermotoga-sp.-1
4827,5s,test,5s_Thermotoga-sp.-2
4828,5s,test,5s_Thermotoga-sp.-3
4829,5s,test,5s_Thermus-aquaticus-1
4830,5s,test,5s_Thermus-sp.-1
4831,5s,test,5s_Thermus-sp.-2
4832,5s,test,5s_Thermus-thermophilus-1
4833,5s,test,5s_Thermus-thermophilus-2
4834,5s,test,5s_Thermus-thermophilus-3
4835,5s,test,5s_Thiobacillus-sp.-1
4836,5s,test,5s_Thiobacillus-sp.-2
4837,5s,test,5s_Thiobacillus-thioparus-1
4838,5s,test,5s_Thiomicrospira-pelophila-1
4839,5s,test,5s_Thiomicrospira-sp.-1
4840,5s,test,5s_Thiomonas-cuprina-1
4841,5s,test,5s_Thiomonas-intermedia-1
4842,5s,test,5s_Thiomonas-perometabolis-1
4843,5s,test,5s_Thiothrix-nivea-1
4844,5s,test,5s_Thiothrix-sp.-1
4845,5s,test,5s_Thiovulum-sp.-1
4846,5s,test,5s_Thraustochytrium-visurgense-1
4847,5s,test,5s_Thraustochytrium-visurgense-2
4848,5s,test,5s_Tilletia-controversa-1
4849,5s,test,5s_Tilletiaria-anomala-1
4850,5s,test,5s_Tinca-tinca-1
4851,5s,test,5s_Tinca-tinca-2
4852,5s,test,5s_Toxoplasma-gondii-1
4853,5s,test,5s_Toxoplasma-gondii-2
4854,5s,test,5s_Tremella-encephala-1
4855,5s,test,5s_Tremella-mesenterica-1
4856,5s,test,5s_Tremella-mesenterica-2
4857,5s,test,5s_Treponema-denticola-1
4858,5s,test,5s_Tricharina-hiemalis-1
4859,5s,test,5s_Tricholoma-matsutake-1
4860,5s,test,5s_Trichoplax-adhaerens-1
4861,5s,test,5s_Trichosporonoides-oedocephalis-1
4862,5s,test,5s_Trichostrongylus-colubriformis-1
4863,5s,test,5s_Trimorphomyces-papilionaceus-1
4864,5s,test,5s_Triticum-aestivum-1
4865,5s,test,5s_Tropheryma-whipplei-1
4866,5s,test,5s_Tuberoidobacter-mutans-1
4867,5s,test,5s_Tulasnella-violea-1
4868,5s,test,5s_Ulva-pertusa-1
4869,5s,test,5s_Ureaplasma-parvum-1
4870,5s,test,5s_Ureaplasma-parvum-2
4871,5s,test,5s_Ureaplasma-parvum-3
4872,5s,test,5s_Ureaplasma-urealyticum-1
4873,5s,test,5s_Ureaplasma-urealyticum-2
4874,5s,test,5s_Ureaplasma-urealyticum-3
4875,5s,test,5s_Urechis-unicinctus-1
4876,5s,test,5s_Urocystis-primulicola-1
4877,5s,test,5s_Ustilago-hordei-1
4878,5s,test,5s_Ustilago-longissima-1
4879,5s,test,5s_Ustilago-maydis-1
4880,5s,test,5s_Ustilago-scabiosae-1
4881,5s,test,5s_Ustilentyloma-fluitans-1
4882,5s,test,5s_Uthatobasidium-fusisporum-1
4883,5s,test,5s_Verrucomicrobium-spinosum-1
4884,5s,test,5s_Vibrio-adaptatus-1
4885,5s,test,5s_Vibrio-aestuarianus-1
4886,5s,test,5s_Vibrio-alginolyticus-1
4887,5s,test,5s_Vibrio-cholerae-1
4888,5s,test,5s_Vibrio-cholerae-2
4889,5s,test,5s_Vibrio-cholerae-3
4890,5s,test,5s_Vibrio-cholerae-4
4891,5s,test,5s_Vibrio-cincinnatiensis-1
4892,5s,test,5s_Vibrio-cyclosites-1
4893,5s,test,5s_Vibrio-diazotrophicus-1
4894,5s,test,5s_Vibrio-fischeri-1
4895,5s,test,5s_Vibrio-fischeri-2
4896,5s,test,5s_Vibrio-fischeri-3
4897,5s,test,5s_Vibrio-fluvialis-1
4898,5s,test,5s_Vibrio-gazogenes-1
4899,5s,test,5s_Vibrio-harveyi-1
4900,5s,test,5s_Vibrio-harveyi-2
4901,5s,test,5s_Vibrio-logei-1
4902,5s,test,5s_Vibrio-mediterranei-1
4903,5s,test,5s_Vibrio-metschnikovii-1
4904,5s,test,5s_Vibrio-mimicus-1
4905,5s,test,5s_Vibrio-natriegens-1
4906,5s,test,5s_Vibrio-nereis-1
4907,5s,test,5s_Vibrio-ordalii-1
4908,5s,test,5s_Vibrio-parahaemolyticus-1
4909,5s,test,5s_Vibrio-parahaemolyticus-2
4910,5s,test,5s_Vibrio-parahaemolyticus-3
4911,5s,test,5s_Vibrio-parahaemolyticus-4
4912,5s,test,5s_Vibrio-parahaemolyticus-5
4913,5s,test,5s_Vibrio-parahaemolyticus-6
4914,5s,test,5s_Vibrio-proteolyticus-1
4915,5s,test,5s_Vibrio-sp.-1
4916,5s,test,5s_Vibrio-tubiashii-1
4917,5s,test,5s_Vibrio-vulnificus-1
4918,5s,test,5s_Vibrio-vulnificus-2
4919,5s,test,5s_Vibrio-vulnificus-3
4920,5s,test,5s_Vibrio-vulnificus-4
4921,5s,test,5s_Vibrio-vulnificus-5
4922,5s,test,5s_Vicia-faba-1
4923,5s,test,5s_Vitreoscilla-beggiatoides-1
4924,5s,test,5s_Vitreoscilla-filiformis-1
4925,5s,test,5s_Vitreoscilla-stercoraria-1
4926,5s,test,5s_Weissella-viridescens-1
4927,5s,test,5s_Weissella-viridescens-2
4928,5s,test,5s_Wigglesworthia-glossinidia-1
4929,5s,test,5s_Wolbachia-endosymbiont-of-B.-malayi-1
4930,5s,test,5s_Wolbachia-endosymbiont-of-D.-melanogaster-1
4931,5s,test,5s_Wolbachia-pipientis-1
4932,5s,test,5s_Wolinella-succinogenes-1
4933,5s,test,5s_Wuchereria-bancrofti-1
4934,5s,test,5s_Xanthobacter-viscosus-1
4935,5s,test,5s_Xanthomonas-axonopodis-1
4936,5s,test,5s_Xanthomonas-campestris-1
4937,5s,test,5s_Xanthomonas-oryzae-1
4938,5s,test,5s_Xenopus-borealis-1
4939,5s,test,5s_Xenopus-borealis-2
4940,5s,test,5s_Xenopus-borealis-3
4941,5s,test,5s_Xenopus-borealis-4
4942,5s,test,5s_Xenopus-laevis-1
4943,5s,test,5s_Xenopus-laevis-2
4944,5s,test,5s_Xenopus-laevis-3
4945,5s,test,5s_Xenopus-laevis-4
4946,5s,test,5s_Xenopus-laevis-5
4947,5s,test,5s_Xenopus-laevis-6
4948,5s,test,5s_Xenopus-laevis-7
4949,5s,test,5s_Xenopus-laevis-8
4950,5s,test,5s_Xenopus-laevis-9
4951,5s,test,5s_Xenopus-tropicalis-1
4952,5s,test,5s_Xenopus-tropicalis-2
4953,5s,test,5s_Xylella-fastidiosa-1
4954,5s,test,5s_Xylella-fastidiosa-2
4955,5s,test,5s_Yersinia-pestis-1
4956,5s,test,5s_Yersinia-pestis-5
4957,5s,test,5s_Yersinia-pseudotuberculosis-1
4958,5s,test,5s_Yersinia-pseudotuberculosis-3
4959,5s,test,5s_Yersinia-pseudotuberculosis-5
4960,5s,test,5s_Zea-mays-1
4961,5s,test,5s_Zygoascus-hellenicus-1
4962,5s,test,5s_Zymomonas-mobilis-1
4963,5s,test,5s_uncultured-euryarchaeote-37F11-1
4964,5s,train,RNaseP_A.brierleyi
4965,5s,train,RNaseP_A.erythreum
4966,5s,train,RNaseP_A.eutrophus
4967,5s,train,RNaseP_A.laidlawii
4968,5s,train,RNaseP_A.nidulans
4969,5s,train,RNaseP_A.pernix
4970,5s,train,RNaseP_A.telluris
4971,5s,train,RNaseP_Anabaena-PCC7120
4972,5s,train,RNaseP_B.anthracis
4973,5s,train,RNaseP_B.brevis
4974,5s,train,RNaseP_B.bronchiseptica
4975,5s,train,RNaseP_B.burgdorferi-g
4976,5s,train,RNaseP_B.pertussis
4977,5s,train,RNaseP_B.thetaiotaomicron
4978,5s,train,RNaseP_Buchnera-APS
4979,5s,train,RNaseP_C.acetobutylicum
4980,5s,train,RNaseP_C.crescentus
4981,5s,train,RNaseP_C.diphtheriae
4982,5s,train,RNaseP_C.innocuum
4983,5s,train,RNaseP_C.jejuni
4984,5s,train,RNaseP_C.opuntiae
4985,5s,train,RNaseP_C.paradoxa-cyanelle
4986,5s,train,RNaseP_C.pneumoniae-CWL029
4987,5s,train,RNaseP_C.psittaci-2
4988,5s,train,RNaseP_C.psittaci-R54
4989,5s,train,RNaseP_C.tepidum-g
4990,5s,train,RNaseP_C.trachomatis-D
4991,5s,train,RNaseP_CPA49
4992,5s,train,RNaseP_CPA56
4993,5s,train,RNaseP_CPA58
4994,5s,train,RNaseP_CPA59
4995,5s,train,RNaseP_CPA61
4996,5s,train,RNaseP_CPA62
4997,5s,train,RNaseP_CPB144
4998,5s,train,RNaseP_CPB149
4999,5s,train,RNaseP_CPB69
5000,5s,train,RNaseP_CPB70
5001,5s,train,RNaseP_CPB7776
5002,5s,train,RNaseP_Calothrix-PCC7601
5003,5s,train,RNaseP_D.jeanneae
5004,5s,train,RNaseP_D.radiodurans
5005,5s,train,RNaseP_D.radiodurans-g
5006,5s,train,RNaseP_Dermocarpa-PCC7437
5007,5s,train,RNaseP_E.thermomarinus
5008,5s,train,RNaseP_EM14b-11
5009,5s,train,RNaseP_EM14b-9
5010,5s,train,RNaseP_ESH183D
5011,5s,train,RNaseP_ESH212C
5012,5s,train,RNaseP_ESH26-4
5013,5s,train,RNaseP_ESH30-3
5014,5s,train,RNaseP_ESH46a-1
5015,5s,train,RNaseP_ESH7-4
5016,5s,train,RNaseP_G.sulfurreducens
5017,5s,train,RNaseP_H.aurantiacus
5018,5s,train,RNaseP_H.chlorum-partial
5019,5s,train,RNaseP_H.influenza
5020,5s,train,RNaseP_H.mobilis
5021,5s,train,RNaseP_H.morrhuae
5022,5s,train,RNaseP_H.pylori-RU1
5023,5s,train,RNaseP_H.sapiens
5024,5s,train,RNaseP_H.trapanicum
5025,5s,train,RNaseP_H.volcanii
5026,5s,train,RNaseP_Halobacterium-NRC1
5027,5s,train,RNaseP_K.polysporus
5028,5s,train,RNaseP_K.thermotolerans
5029,5s,train,RNaseP_L.acidophilus
5030,5s,train,RNaseP_L.ferrooxidans-MK
5031,5s,train,RNaseP_L.weilii
5032,5s,train,RNaseP_LGA1
5033,5s,train,RNaseP_LGA2
5034,5s,train,RNaseP_LGA6
5035,5s,train,RNaseP_LGB21
5036,5s,train,RNaseP_LGB23
5037,5s,train,RNaseP_LGB27
5038,5s,train,RNaseP_LGB5
5039,5s,train,RNaseP_LGW113
5040,5s,train,RNaseP_LGW116
5041,5s,train,RNaseP_LGW17
5042,5s,train,RNaseP_LGW46
5043,5s,train,RNaseP_M.barkeri
5044,5s,train,RNaseP_M.capricolum
5045,5s,train,RNaseP_M.fermentans
5046,5s,train,RNaseP_M.hyopneumoniae
5047,5s,train,RNaseP_M.pneumoniae
5048,5s,train,RNaseP_M.thermoautotrphicumMarb
5049,5s,train,RNaseP_M.tuberculosis-g
5050,5s,train,RNaseP_M.vannielli
5051,5s,train,RNaseP_Mxa1
5052,5s,train,RNaseP_N.europaea
5053,5s,train,RNaseP_N.gregoryi
5054,5s,train,RNaseP_N.jensenii
5055,5s,train,RNaseP_N.olivacea-chloroplast
5056,5s,train,RNaseP_N.plantarum
5057,5s,train,RNaseP_N.pyridinolyticus
5058,5s,train,RNaseP_Nocardiodes-ATCC39419
5059,5s,train,RNaseP_Nostoc-PCC7413
5060,5s,train,RNaseP_Onchorhynchus-2
5061,5s,train,RNaseP_Oscillatoria-PCC7515
5062,5s,train,RNaseP_P.acanthamoebae
5063,5s,train,RNaseP_P.canadensis
5064,5s,train,RNaseP_P.cultripes
5065,5s,train,RNaseP_P.gingivalis
5066,5s,train,RNaseP_P.guilliermondii
5067,5s,train,RNaseP_P.hollandica
5068,5s,train,RNaseP_P.innocua
5069,5s,train,RNaseP_P.marinus-2
5070,5s,train,RNaseP_P.mississippiensis
5071,5s,train,RNaseP_P.purpurea-chloroplast
5072,5s,train,RNaseP_P.staleyi
5073,5s,train,RNaseP_P.strasburgensis
5074,5s,train,RNaseP_P.troglodytes
5075,5s,train,RNaseP_PF101
5076,5s,train,RNaseP_PS2
5077,5s,train,RNaseP_PS24
5078,5s,train,RNaseP_PS26
5079,5s,train,RNaseP_PS31
5080,5s,train,RNaseP_PS6
5081,5s,train,RNaseP_PS8
5082,5s,train,RNaseP_Prochlorococcus-NATL2
5083,5s,train,RNaseP_Pseudoanabaena-PCC6903
5084,5s,train,RNaseP_R.americana-mito
5085,5s,train,RNaseP_R.capsulatus
5086,5s,train,RNaseP_R.norvegicus
5087,5s,train,RNaseP_R.palustris
5088,5s,train,RNaseP_R.prowazekii
5089,5s,train,RNaseP_R.rubrum
5090,5s,train,RNaseP_Rr327
5091,5s,train,RNaseP_Rr368
5092,5s,train,RNaseP_S.acidocaldarius
5093,5s,train,RNaseP_S.aureus
5094,5s,train,RNaseP_S.castellii
5095,5s,train,RNaseP_S.dairensis
5096,5s,train,RNaseP_S.epidermidis
5097,5s,train,RNaseP_S.faciem
5098,5s,train,RNaseP_S.fibuligera
5099,5s,train,RNaseP_S.globosus
5100,5s,train,RNaseP_S.kluyveri
5101,5s,train,RNaseP_S.lividans
5102,5s,train,RNaseP_S.negevensis
5103,5s,train,RNaseP_S.pastorianus
5104,5s,train,RNaseP_S.polymorpha
5105,5s,train,RNaseP_S.pombe
5106,5s,train,RNaseP_S.pyogenes
5107,5s,train,RNaseP_S.servazzii
5108,5s,train,RNaseP_S.solfataricus
5109,5s,train,RNaseP_S.solfataricus-P2
5110,5s,train,RNaseP_S.unisporus
5111,5s,train,RNaseP_S.uvarum
5112,5s,train,RNaseP_S.versatilis
5113,5s,train,RNaseP_SL1-1
5114,5s,train,RNaseP_SL2D
5115,5s,train,RNaseP_SLC
5116,5s,train,RNaseP_SM-A01
5117,5s,train,RNaseP_SM-A06
5118,5s,train,RNaseP_SM-A1315
5119,5s,train,RNaseP_SM-A1621
5120,5s,train,RNaseP_SM-A2135
5121,5s,train,RNaseP_SM-A2539
5122,5s,train,RNaseP_SM-A3048
5123,5s,train,RNaseP_SM-A3254
5124,5s,train,RNaseP_SM-A5584
5125,5s,train,RNaseP_SM-A5888
5126,5s,train,RNaseP_SM-A6296
5127,5s,train,RNaseP_SMB-A3
5128,5s,train,RNaseP_SMB-A5
5129,5s,train,RNaseP_SMB-B1
5130,5s,train,RNaseP_SMB-B2
5131,5s,train,RNaseP_SMB-B3
5132,5s,train,RNaseP_SMB-B4
5133,5s,train,RNaseP_Saccharomonospora-K180
5134,5s,train,RNaseP_Synechococcus-PCC6717
5135,5s,train,RNaseP_Synechococcus-PCC7003
5136,5s,train,RNaseP_Synechococcus-PCC7942
5137,5s,train,RNaseP_Synechocystis-PCC6308
5138,5s,train,RNaseP_Synechocystis-PCC6803
5139,5s,train,RNaseP_T.album
5140,5s,train,RNaseP_T.celerAL1
5141,5s,train,RNaseP_T.commune
5142,5s,train,RNaseP_T.delbrueckii
5143,5s,train,RNaseP_T.littoralis
5144,5s,train,RNaseP_T.pallidum
5145,5s,train,RNaseP_T.roseum
5146,5s,train,RNaseP_T.syrichta
5147,5s,train,RNaseP_T.thermophilus
5148,5s,train,RNaseP_T.thioparus
5149,5s,train,RNaseP_T.tumescens
5150,5s,train,RNaseP_T.volcanum
5151,5s,train,RNaseP_U.stansburiana
5152,5s,train,RNaseP_U.urealyticum
5153,5s,train,RNaseP_V.cholera
5154,5s,train,RNaseP_V.spinosum
5155,5s,train,RNaseP_W.fluorescens
5156,5s,train,RNaseP_Wolbachia-sp
5157,5s,train,RNaseP_X.fastidiosa
5158,5s,train,RNaseP_Y.pestis
5159,5s,train,RNaseP_Z.bailii
5160,5s,train,RNaseP_Z.florentinus
5161,5s,train,RNaseP_Z.rouxii
5162,5s,train,RNaseP_vHge2
5163,5s,train,RNaseP_vHge3-5
5164,5s,train,grp1_a.I1.b.Dermocarpa.sp.ATCC29371.C3.tMET
5165,5s,train,grp1_a.I1.b.Phormidium.sp.N182.C3.tLEU
5166,5s,train,grp1_a.I1.b.S.hofmanii.C3.tMET
5167,5s,train,grp1_a.I1.b.Synechococcus.sp2.C3.tLEU
5168,5s,train,grp1_a.I1.c.A.cherimola.C3.tLEU
5169,5s,train,grp1_a.I1.c.G.prostrata.C3.tLEU
5170,5s,train,grp1_a.I1.c.S.bicolor.C3.tLEU
5171,5s,train,grp1_a.I1.e.A.adeninivorans.C1.LSU.2449
5172,5s,train,grp1_a.I1.e.A.capsulatus.CBS213.53.C1.SSU.943
5173,5s,train,grp1_a.I1.e.A.capsulatus.FLs1.C1.SSU
5174,5s,train,grp1_a.I1.e.A.capsulatus.G184B.C1.SSU
5175,5s,train,grp1_a.I1.e.A.capsulatus.G186B.C1.SSU
5176,5s,train,grp1_a.I1.e.A.stipitatus.C1.SSU.1046
5177,5s,train,grp1_a.I1.e.B.ciliata.JCM6865.C1.SSU.1506
5178,5s,train,grp1_a.I1.e.B.ciliata.JCM6865.C1.SSU.943
5179,5s,train,grp1_a.I1.e.B.yamatoana.JCM2896.C1.SSU.1506
5180,5s,train,grp1_a.I1.e.B.yamatoana.JCM2896.C1.SSU.943
5181,5s,train,grp1_a.I1.e.C.ellipsoidea.211-1a.C1.SSU.1506
5182,5s,train,grp1_a.I1.e.C.ellipsoidea.IAMC-87.C1.SSU.1506
5183,5s,train,grp1_a.I1.e.C.grayi.UNK.SSU.1046
5184,5s,train,grp1_a.I1.e.C.grayi.UNK.SSU.1516
5185,5s,train,grp1_a.I1.e.C.merochlorophea.UNK.SSU.1046
5186,5s,train,grp1_a.I1.e.C.merochlorophea.UNK.SSU.1210
5187,5s,train,grp1_a.I1.e.C.merochlorophea.UNK.SSU.1389
5188,5s,train,grp1_a.I1.e.C.merochlorophea.UNK.SSU.1516
5189,5s,train,grp1_a.I1.e.C.saccatum.C1.SSU.1512
5190,5s,train,grp1_a.I1.e.C.saxonicum.C1.SSU.1506
5191,5s,train,grp1_a.I1.e.D.parva.C1.SSU.1512
5192,5s,train,grp1_a.I1.e.D.parva.C1.SSU.943
5193,5s,train,grp1_a.I1.e.D.salina.C1.SSU.943
5194,5s,train,grp1_a.I1.e.E.dermatitidis.C1.SSU.943
5195,5s,train,grp1_a.I1.e.G.planctonica.C1.SSU.943
5196,5s,train,grp1_a.I1.e.G.spirotaenia.C1.SSU.1506
5197,5s,train,grp1_a.I1.e.L.dispersa.UNK.SSU.1046
5198,5s,train,grp1_a.I1.e.L.dispersa.UNK.SSU.114
5199,5s,train,grp1_a.I1.e.L.dispersa.UNK.SSU.1210
5200,5s,train,grp1_a.I1.e.L.dispersa.UNK.SSU.1516
5201,5s,train,grp1_a.I1.e.L.dispersa.UNK.SSU.287
5202,5s,train,grp1_a.I1.e.L.dispersa.UNK.SSU.516
5203,5s,train,grp1_a.I1.e.L.dispersa.UNK.SSU.789
5204,5s,train,grp1_a.I1.e.M.caldariorum.C1.SSU.1506
5205,5s,train,grp1_a.I1.e.P.carinii.C1.SSU.1506
5206,5s,train,grp1_a.I1.e.P.carinii.Pc1.C1.LSU.1921
5207,5s,train,grp1_a.I1.e.P.carinii.Pc2.C1.LSU.1921
5208,5s,train,grp1_a.I1.e.P.carinii.Pc3.C1.LSU.1921
5209,5s,train,grp1_a.I1.e.P.clavariiformis.C1.SSU.943
5210,5s,train,grp1_a.I1.e.P.inouyei.C1.SSU.1506
5211,5s,train,grp1_a.I1.e.P.inouyei.C1.SSU.943
5212,5s,train,grp1_a.I1.e.P.macrosporus.C1.SSU.1506
5213,5s,train,grp1_a.I1.e.P.macrosporus.C1.SSU.943
5214,5s,train,grp1_a.I1.e.P.pachydermus.C1.SSU.943
5215,5s,train,grp1_a.I1.e.P.sarcinoidea.C1.SSU.943
5216,5s,train,grp1_a.I1.e.S.granulatum.C1.SSU.1506
5217,5s,train,grp1_a.I1.e.S.paniceum.UNK.SSU.1052
5218,5s,train,grp1_a.I1.e.S.paniceum.UNK.SSU.114
5219,5s,train,grp1_a.I1.e.S.paniceum.UNK.SSU.1210
5220,5s,train,grp1_a.I1.e.S.paniceum.UNK.SSU.1506
5221,5s,train,grp1_a.I1.e.S.paniceum.UNK.SSU.287
5222,5s,train,grp1_a.I1.e.S.sclerotiorum_1837.C1.LSU.798
5223,5s,train,grp1_a.I1.e.Staurastrum.sp.M752.C1.SSU.1506
5224,5s,train,grp1_a.I1.e.Staurastrum.sp.M753.C1.SSU.1506
5225,5s,train,grp1_a.I1.e.T.cosmopolitanis.C1.LSU.1925
5226,5s,train,grp1_a.I1.e.T.hyperangularis.C1.LSU.1925
5227,5s,train,grp1_a.I1.e.T.malaccensis.C1.LSU.1925
5228,5s,train,grp1_a.I1.e.T.pigmentosa.C1.LSU.1925
5229,5s,train,grp1_a.I1.e.U.maydis.C1.SSU.943
5230,5s,train,grp1_a.I1.m.M.grisea.B2.ND1
5231,5s,train,grp1_a.I1.m.S.luteus.A1.LSU.2504
5232,5s,train,grp1_a.I1.m.S.pombe.B1.OX1
5233,5s,train,grp1_b.I1.e.C.saccharophila.C1.SSU.156
5234,5s,train,grp1_b.I1.e.M.anisopliae.2.C1.LSU.1921
5235,5s,train,grp1_b.I1.e.M.anisopliae.3.C1.LSU.1921
5236,5s,train,grp1_b.I1.e.T.thermophila.C1.LSU.1925
5237,5s,train,grp1_s.I1.e.T.thermophila.C1.LSU.1925.schem
5238,5s,train,grp1_a.I1.b.Dermocarpa.sp.ATCC29371.C3.tMET
5239,5s,train,grp1_a.I1.b.Phormidium.sp.N182.C3.tLEU
5240,5s,train,grp1_a.I1.b.S.hofmanii.C3.tMET
5241,5s,train,grp1_a.I1.b.Synechococcus.sp2.C3.tLEU
5242,5s,train,grp1_a.I1.c.A.cherimola.C3.tLEU
5243,5s,train,grp1_a.I1.c.G.prostrata.C3.tLEU
5244,5s,train,grp1_a.I1.c.S.bicolor.C3.tLEU
5245,5s,train,grp1_a.I1.e.A.adeninivorans.C1.LSU.2449
5246,5s,train,grp1_a.I1.e.A.capsulatus.CBS213.53.C1.SSU.943
5247,5s,train,grp1_a.I1.e.A.capsulatus.FLs1.C1.SSU
5248,5s,train,grp1_a.I1.e.A.capsulatus.G184B.C1.SSU
5249,5s,train,grp1_a.I1.e.A.capsulatus.G186B.C1.SSU
5250,5s,train,grp1_a.I1.e.A.stipitatus.C1.SSU.1046
5251,5s,train,grp1_a.I1.e.B.ciliata.JCM6865.C1.SSU.1506
5252,5s,train,grp1_a.I1.e.B.ciliata.JCM6865.C1.SSU.943
5253,5s,train,grp1_a.I1.e.B.yamatoana.JCM2896.C1.SSU.1506
5254,5s,train,grp1_a.I1.e.B.yamatoana.JCM2896.C1.SSU.943
5255,5s,train,grp1_a.I1.e.C.ellipsoidea.211-1a.C1.SSU.1506
5256,5s,train,grp1_a.I1.e.C.ellipsoidea.IAMC-87.C1.SSU.1506
5257,5s,train,grp1_a.I1.e.C.grayi.UNK.SSU.1046
5258,5s,train,grp1_a.I1.e.C.grayi.UNK.SSU.1516
5259,5s,train,grp1_a.I1.e.C.merochlorophea.UNK.SSU.1046
5260,5s,train,grp1_a.I1.e.C.merochlorophea.UNK.SSU.1210
5261,5s,train,grp1_a.I1.e.C.merochlorophea.UNK.SSU.1389
5262,5s,train,grp1_a.I1.e.C.merochlorophea.UNK.SSU.1516
5263,5s,train,grp1_a.I1.e.C.saccatum.C1.SSU.1512
5264,5s,train,grp1_a.I1.e.C.saxonicum.C1.SSU.1506
5265,5s,train,grp1_a.I1.e.D.parva.C1.SSU.1512
5266,5s,train,grp1_a.I1.e.D.parva.C1.SSU.943
5267,5s,train,grp1_a.I1.e.D.salina.C1.SSU.943
5268,5s,train,grp1_a.I1.e.E.dermatitidis.C1.SSU.943
5269,5s,train,grp1_a.I1.e.G.planctonica.C1.SSU.943
5270,5s,train,grp1_a.I1.e.G.spirotaenia.C1.SSU.1506
5271,5s,train,grp1_a.I1.e.L.dispersa.UNK.SSU.1046
5272,5s,train,grp1_a.I1.e.L.dispersa.UNK.SSU.114
5273,5s,train,grp1_a.I1.e.L.dispersa.UNK.SSU.1210
5274,5s,train,grp1_a.I1.e.L.dispersa.UNK.SSU.1516
5275,5s,train,grp1_a.I1.e.L.dispersa.UNK.SSU.287
5276,5s,train,grp1_a.I1.e.L.dispersa.UNK.SSU.516
5277,5s,train,grp1_a.I1.e.L.dispersa.UNK.SSU.789
5278,5s,train,grp1_a.I1.e.M.caldariorum.C1.SSU.1506
5279,5s,train,grp1_a.I1.e.P.carinii.C1.SSU.1506
5280,5s,train,grp1_a.I1.e.P.carinii.Pc1.C1.LSU.1921
5281,5s,train,grp1_a.I1.e.P.carinii.Pc2.C1.LSU.1921
5282,5s,train,grp1_a.I1.e.P.carinii.Pc3.C1.LSU.1921
5283,5s,train,grp1_a.I1.e.P.clavariiformis.C1.SSU.943
5284,5s,train,grp1_a.I1.e.P.inouyei.C1.SSU.1506
5285,5s,train,grp1_a.I1.e.P.inouyei.C1.SSU.943
5286,5s,train,grp1_a.I1.e.P.macrosporus.C1.SSU.1506
5287,5s,train,grp1_a.I1.e.P.macrosporus.C1.SSU.943
5288,5s,train,grp1_a.I1.e.P.pachydermus.C1.SSU.943
5289,5s,train,grp1_a.I1.e.P.sarcinoidea.C1.SSU.943
5290,5s,train,grp1_a.I1.e.S.granulatum.C1.SSU.1506
5291,5s,train,grp1_a.I1.e.S.paniceum.UNK.SSU.1052
5292,5s,train,grp1_a.I1.e.S.paniceum.UNK.SSU.114
5293,5s,train,grp1_a.I1.e.S.paniceum.UNK.SSU.1210
5294,5s,train,grp1_a.I1.e.S.paniceum.UNK.SSU.1506
5295,5s,train,grp1_a.I1.e.S.paniceum.UNK.SSU.287
5296,5s,train,grp1_a.I1.e.S.sclerotiorum_1837.C1.LSU.798
5297,5s,train,grp1_a.I1.e.Staurastrum.sp.M752.C1.SSU.1506
5298,5s,train,grp1_a.I1.e.Staurastrum.sp.M753.C1.SSU.1506
5299,5s,train,grp1_a.I1.e.T.cosmopolitanis.C1.LSU.1925
5300,5s,train,grp1_a.I1.e.T.hyperangularis.C1.LSU.1925
5301,5s,train,grp1_a.I1.e.T.malaccensis.C1.LSU.1925
5302,5s,train,grp1_a.I1.e.T.pigmentosa.C1.LSU.1925
5303,5s,train,grp1_a.I1.e.U.maydis.C1.SSU.943
5304,5s,train,grp1_a.I1.m.M.grisea.B2.ND1
5305,5s,train,grp1_a.I1.m.S.luteus.A1.LSU.2504
5306,5s,train,grp1_a.I1.m.S.pombe.B1.OX1
5307,5s,train,grp1_b.I1.e.C.saccharophila.C1.SSU.156
5308,5s,train,grp1_b.I1.e.M.anisopliae.2.C1.LSU.1921
5309,5s,train,grp1_b.I1.e.M.anisopliae.3.C1.LSU.1921
5310,5s,train,grp1_b.I1.e.T.thermophila.C1.LSU.1925
5311,5s,train,grp1_s.I1.e.T.thermophila.C1.LSU.1925.schem
5312,5s,train,grp1_a.I1.b.Dermocarpa.sp.ATCC29371.C3.tMET
5313,5s,train,grp1_a.I1.b.Phormidium.sp.N182.C3.tLEU
5314,5s,train,grp1_a.I1.b.S.hofmanii.C3.tMET
5315,5s,train,grp1_a.I1.b.Synechococcus.sp2.C3.tLEU
5316,5s,train,grp1_a.I1.c.A.cherimola.C3.tLEU
5317,5s,train,grp1_a.I1.c.G.prostrata.C3.tLEU
5318,5s,train,grp1_a.I1.c.S.bicolor.C3.tLEU
5319,5s,train,grp1_a.I1.e.A.adeninivorans.C1.LSU.2449
5320,5s,train,grp1_a.I1.e.A.capsulatus.CBS213.53.C1.SSU.943
5321,5s,train,grp1_a.I1.e.A.capsulatus.FLs1.C1.SSU
5322,5s,train,grp1_a.I1.e.A.capsulatus.G184B.C1.SSU
5323,5s,train,grp1_a.I1.e.A.capsulatus.G186B.C1.SSU
5324,5s,train,grp1_a.I1.e.A.stipitatus.C1.SSU.1046
5325,5s,train,grp1_a.I1.e.B.ciliata.JCM6865.C1.SSU.1506
5326,5s,train,grp1_a.I1.e.B.ciliata.JCM6865.C1.SSU.943
5327,5s,train,grp1_a.I1.e.B.yamatoana.JCM2896.C1.SSU.1506
5328,5s,train,grp1_a.I1.e.B.yamatoana.JCM2896.C1.SSU.943
5329,5s,train,grp1_a.I1.e.C.ellipsoidea.211-1a.C1.SSU.1506
5330,5s,train,grp1_a.I1.e.C.ellipsoidea.IAMC-87.C1.SSU.1506
5331,5s,train,grp1_a.I1.e.C.grayi.UNK.SSU.1046
5332,5s,train,grp1_a.I1.e.C.grayi.UNK.SSU.1516
5333,5s,train,grp1_a.I1.e.C.merochlorophea.UNK.SSU.1046
5334,5s,train,grp1_a.I1.e.C.merochlorophea.UNK.SSU.1210
5335,5s,train,grp1_a.I1.e.C.merochlorophea.UNK.SSU.1389
5336,5s,train,grp1_a.I1.e.C.merochlorophea.UNK.SSU.1516
5337,5s,train,grp1_a.I1.e.C.saccatum.C1.SSU.1512
5338,5s,train,grp1_a.I1.e.C.saxonicum.C1.SSU.1506
5339,5s,train,grp1_a.I1.e.D.parva.C1.SSU.1512
5340,5s,train,grp1_a.I1.e.D.parva.C1.SSU.943
5341,5s,train,grp1_a.I1.e.D.salina.C1.SSU.943
5342,5s,train,grp1_a.I1.e.E.dermatitidis.C1.SSU.943
5343,5s,train,grp1_a.I1.e.G.planctonica.C1.SSU.943
5344,5s,train,grp1_a.I1.e.G.spirotaenia.C1.SSU.1506
5345,5s,train,grp1_a.I1.e.L.dispersa.UNK.SSU.1046
5346,5s,train,grp1_a.I1.e.L.dispersa.UNK.SSU.114
5347,5s,train,grp1_a.I1.e.L.dispersa.UNK.SSU.1210
5348,5s,train,grp1_a.I1.e.L.dispersa.UNK.SSU.1516
5349,5s,train,grp1_a.I1.e.L.dispersa.UNK.SSU.287
5350,5s,train,grp1_a.I1.e.L.dispersa.UNK.SSU.516
5351,5s,train,grp1_a.I1.e.L.dispersa.UNK.SSU.789
5352,5s,train,grp1_a.I1.e.M.caldariorum.C1.SSU.1506
5353,5s,train,grp1_a.I1.e.P.carinii.C1.SSU.1506
5354,5s,train,grp1_a.I1.e.P.carinii.Pc1.C1.LSU.1921
5355,5s,train,grp1_a.I1.e.P.carinii.Pc2.C1.LSU.1921
5356,5s,train,grp1_a.I1.e.P.carinii.Pc3.C1.LSU.1921
5357,5s,train,grp1_a.I1.e.P.clavariiformis.C1.SSU.943
5358,5s,train,grp1_a.I1.e.P.inouyei.C1.SSU.1506
5359,5s,train,grp1_a.I1.e.P.inouyei.C1.SSU.943
5360,5s,train,grp1_a.I1.e.P.macrosporus.C1.SSU.1506
5361,5s,train,grp1_a.I1.e.P.macrosporus.C1.SSU.943
5362,5s,train,grp1_a.I1.e.P.pachydermus.C1.SSU.943
5363,5s,train,grp1_a.I1.e.P.sarcinoidea.C1.SSU.943
5364,5s,train,srp_Aero.pern._BA000002
5365,5s,train,srp_Ajel.caps._CV620298
5366,5s,train,srp_Anto.locu._GSP-278021
5367,5s,train,srp_Asco.apis._GSP-392613
5368,5s,train,srp_Ashb.goss._AE016819
5369,5s,train,srp_Aspe.terr._GSP-341663
5370,5s,train,srp_Babe.bige._GSP-5866
5371,5s,train,srp_Baci.anth._AE017225
5372,5s,train,srp_Baci.anth._AE017334
5373,5s,train,srp_Baci.brev._D14472
5374,5s,train,srp_Bart.quin._BX897700
5375,5s,train,srp_Batr.dend._GSP-403673
5376,5s,train,srp_Bdel.bact._BX842656
5377,5s,train,srp_Bras.oler._GSP-109376
5378,5s,train,srp_Camp.jeju._CP000025
5379,5s,train,srp_Camp.jeju._CP000768
5380,5s,train,srp_Cand.dubl._GSP-42374
5381,5s,train,srp_Cand.glab._CR380957
5382,5s,train,srp_Cand.trop._GSP-294747
5383,5s,train,srp_Chla.pneu._BA000008
5384,5s,train,srp_Chla.trac._AE001298
5385,5s,train,srp_Chlo.tepi._AE006470
5386,5s,train,srp_Chlo.vulg._AB001684
5387,5s,train,srp_Citr.sine._CN181544
5388,5s,train,srp_Clav.lusi._GSP-306902
5389,5s,train,srp_Clos.novy._CP000382
5390,5s,train,srp_Clos.ther._CP000568
5391,5s,train,srp_Cocc.posa._GSP-222929
5392,5s,train,srp_Cryp.parv._XM_626716
5393,5s,train,srp_Cyan.mero._AB002583
5394,5s,train,srp_Cyan.mero._AY286123
5395,5s,train,srp_Dani.rrer._CU179657
5396,5s,train,srp_Deba.hans._CR382138
5397,5s,train,srp_Dein.radi._AE002056
5398,5s,train,srp_Desu.psyc._CR522870
5399,5s,train,srp_Dich.nodo._CP000513
5400,5s,train,srp_Dict.disc._BJ360333
5401,5s,train,srp_Eime.tene._GSP-413949
5402,5s,train,srp_Ence.cuni._AL590449
5403,5s,train,srp_Enta.hist._AF487684
5404,5s,train,srp_Enta.terr._GSP-110771
5405,5s,train,srp_Ento.sulc._AF095839
5406,5s,train,srp_Ferr.acid._GSP-333146
5407,5s,train,srp_Fuso.nucl._AE009951
5408,5s,train,srp_Gald.sulp._GSP-130081
5409,5s,train,srp_Giar.lamb._GSP-184922
5410,5s,train,srp_Gibb.zeae._GSP-229533
5411,5s,train,srp_Guil.thet._AF041468
5412,5s,train,srp_Haem.infl._CP000671
5413,5s,train,srp_Halo.halo._CP000544
5414,5s,train,srp_Halo.volc._AF395888
5415,5s,train,srp_Heli.pylo._CP000241
5416,5s,train,srp_Hist.caps._GSP-278162
5417,5s,train,srp_Humu.lupu._AJ236705
5418,5s,train,srp_Hype.buty._CP000493
5419,5s,train,srp_Kluy.lact._CR382126
5420,5s,train,srp_Kluy.yarr._479647571
5421,5s,train,srp_Lact.case._CP000423
5422,5s,train,srp_Lact.delb._AF496545
5423,5s,train,srp_Lact.john._AE017198
5424,5s,train,srp_Lact.john._AE017201
5425,5s,train,srp_Legi.pneu._M31830
5426,5s,train,srp_Leis.aeth._AY722730
5427,5s,train,srp_Leis.trop._AY781789
5428,5s,train,srp_Lemu.catt._GSP-9447
5429,5s,train,srp_Lept.coll._AF006750
5430,5s,train,srp_List.mono._AE017262
5431,5s,train,srp_List.mono._U15684
5432,5s,train,srp_Lodd.elon._GSP-379508
5433,5s,train,srp_Lotu.corn._AP006123
5434,5s,train,srp_Lotu.japo._BW598799
5435,5s,train,srp_Lyco.escu._Z46746
5436,5s,train,srp_Mari.aqua._CP000514
5437,5s,train,srp_Medi.trun._AC136507-2
5438,5s,train,srp_Medi.trun._CX540689
5439,5s,train,srp_Meso.viri._AF166114
5440,5s,train,srp_Meth.ferv._S49762
5441,5s,train,srp_Meth.mari._CP000745
5442,5s,train,srp_Meth.maze._AE008384
5443,5s,train,srp_Meth.volt._M22560
5444,5s,train,srp_Mono.brev._GSP-81824
5445,5s,train,srp_Myco.geni._U39706
5446,5s,train,srp_Myco.hyop._AE017243
5447,5s,train,srp_Myco.hyop._AE017244
5448,5s,train,srp_Myco.lepr._AL023596
5449,5s,train,srp_Myco.pulm._AL445565
5450,5s,train,srp_Myco.spec._CP000384
5451,5s,train,srp_Myco.spec._CP000580
5452,5s,train,srp_Myco.tube._AE000516
5453,5s,train,srp_Myco.vanb._CP000511
5454,5s,train,srp_Nect.haem._GSP-71109
5455,5s,train,srp_Neos.fisc._GSP-331117
5456,5s,train,srp_Neur.cras._AL669999
5457,5s,train,srp_Odon.sine._Z67753
5458,5s,train,srp_Onch.volv._BF727619
5459,5s,train,srp_Oryz.sati._AC079888
5460,5s,train,srp_Oryz.sati._AP003333
5461,5s,train,srp_Oryz.sati._AP008207
5462,5s,train,srp_Oxyt.trif._GSP-99928
5463,5s,train,srp_Para.bras._EH655308
5464,5s,train,srp_Para.bras._GSP-121759
5465,5s,train,srp_Perk.mari._GSP-31276
5466,5s,train,srp_Pers.amer._X65992
5467,5s,train,srp_Phae.nodo._GSP-321614
5468,5s,train,srp_Phak.pach._GSP-170000-2
5469,5s,train,srp_Phyt.infe._CV911012
5470,5s,train,srp_Phyt.infe._CV919934
5471,5s,train,srp_Phyt.soja._GSP-67593
5472,5s,train,srp_Pich.guil._GSP-294746
5473,5s,train,srp_Pich.stip._CP000502
5474,5s,train,srp_Picr.torr._AE017261
5475,5s,train,srp_Plas.berg._DC223613
5476,5s,train,srp_Plas.falc._EF690554
5477,5s,train,srp_Plas.reic._GSP-5854
5478,5s,train,srp_Plas.yoel._GSP-352914
5479,5s,train,srp_Podo.anse._GSP-5145
5480,5s,train,srp_Popu.trem._DN498769
5481,5s,train,srp_Porp.purp._U38804
5482,5s,train,srp_Porp.yezo._AP006715
5483,5s,train,srp_Proc.mari._AE017126
5484,5s,train,srp_Proc.mari._CP000111
5485,5s,train,srp_Proc.mari._CP000551
5486,5s,train,srp_Proc.spec._AJ011025
5487,5s,train,srp_Pseu.syri._CP000058
5488,5s,train,srp_Psyc.arct._CP000082
5489,5s,train,srp_Psyc.cryo._CP000323
5490,5s,train,srp_Psyc.ingr._CP000510
5491,5s,train,srp_Pyro.abys._AJ248283
5492,5s,train,srp_Pyro.aero._AE009852
5493,5s,train,srp_Pyro.isla._CP000504
5494,5s,train,srp_Rals.meta._CP000352
5495,5s,train,srp_Rhod.balt._BX294144
5496,5s,train,srp_Rick.feli._CP000053
5497,5s,train,srp_Rick.typh._AE017197
5498,5s,train,srp_Sacc.cere._U18916
5499,5s,train,srp_Sacc.kluy._SKAA0027M04.b1
5500,5s,train,srp_Sacc.para._BN000251
5501,5s,train,srp_Schi.japo._GSP-402676
5502,5s,train,srp_Schi.pomb._AU010514
5503,5s,train,srp_Schi.pomb._Z99259
5504,5s,train,srp_Scle.scle._GSP-325569
5505,5s,train,srp_Sene.crue._SDB-189209
5506,5s,train,srp_Shew.balt._CP000753
5507,5s,train,srp_Shew.spec._CP000469
5508,5s,train,srp_Shig.flex._AE014073
5509,5s,train,srp_Shig.flex._AE016979
5510,5s,train,srp_Shig.flex._CP000266
5511,5s,train,srp_Sino.medi._CP000738
5512,5s,train,srp_Sola.tube._DR037646
5513,5s,train,srp_Sorg.bico._BE594178
5514,5s,train,srp_Spra.loph._GSP-51541
5515,5s,train,srp_Stap.epid._AX145149
5516,5s,train,srp_Stre.coel._AL939118
5517,5s,train,srp_Stre.muta._AE014879
5518,5s,train,srp_Stre.pneu._AE007319
5519,5s,train,srp_Stre.pyog._AM295007
5520,5s,train,srp_Stre.sang._CP000387
5521,5s,train,srp_Sulf.toko._BA000023
5522,5s,train,srp_Synt.wolf._CP000448
5523,5s,train,srp_Taen.gutt._CK235759
5524,5s,train,srp_Tetr.ther._X56981
5525,5s,train,srp_Thal.pseu._GSP-296543
5526,5s,train,srp_Thei.annu._NW_001091934
5527,5s,train,srp_Thei.parv._GSP-333668
5528,5s,train,srp_Ther.fusc._CP000088
5529,5s,train,srp_Ther.koda._AP006878
5530,5s,train,srp_Ther.mela._CP000716
5531,5s,train,srp_Ther.petr._CP000702
5532,5s,train,srp_Ther.teng._AE012978
5533,5s,train,srp_Ther.volc._BA000011
5534,5s,train,srp_Toxo.gond._CO743022
5535,5s,train,srp_Toxo.gond._GSP-398031
5536,5s,train,srp_Trep.dent._AE017226
5537,5s,train,srp_Trep.dent._AE017246
5538,5s,train,srp_Trep.pall._AE000520
5539,5s,train,srp_Trep.pall._AE001187
5540,5s,train,srp_Tric.rees._GSP-334564-1
5541,5s,train,srp_Tric.vagi._GSP-5722-2
5542,5s,train,srp_Trit.aest._BE424647
5543,5s,train,srp_Trit.aest._CA718249
5544,5s,train,srp_Trit.aest._CJ679223
5545,5s,train,srp_Trit.aest._X13915
5546,5s,train,srp_Tryp.viva._SDB-5699
5547,5s,train,srp_Unci.rees._GSP-336963
5548,5s,train,srp_Urea.parv._AE002112
5549,5s,train,srp_Vibr.vuln._BA000037
5550,5s,train,srp_Volv.cart._GSP-51971-2
5551,5s,train,srp_Wolb.endo._AB080664
5552,5s,train,srp_Wolb.endo._AE017321
5553,5s,train,srp_Xant.camp._AM039952
5554,5s,train,srp_Xant.oryz._AP008229
5555,5s,train,srp_Xeno.laev._X01055
5556,5s,train,srp_Yarr.lipo._X51658
5557,5s,train,srp_Yers.ente._AM286415
5558,5s,train,srp_Yers.pseu._BX936398
5559,5s,train,srp_Yers.pseu._CP000720
5560,5s,train,srp_Zea.mays._X14661
5561,5s,train,srp_Zygo.roux._BN000170
5562,5s,train,srp_Zymo.mobi._AE008692
5563,5s,train,srp_Zymo.mobi._AF203881
5564,5s,train,tRNA_tdbR00000009-Escherichia_coli-562-Ala-VGC
5565,5s,train,tRNA_tdbR00000013-Pichia_jadinii-4903-Ala-IGC
5566,5s,train,tRNA_tdbR00000019-Mycoplasma_capricolum-2095-Cys-GCA
5567,5s,train,tRNA_tdbR00000029-Asterias_amurensis-7602-Asp-QUC
5568,5s,train,tRNA_tdbR00000030-Aedes_albopictus-7160-Asp-GUC
5569,5s,train,tRNA_tdbR00000032-Rattus_norvegicus-10116-Asp-GUC
5570,5s,train,tRNA_tdbR00000033-Didelphis_virginiana-9267-Asp-QUC
5571,5s,train,tRNA_tdbR00000034-Mesocricetus_auratus-10036-Asp-GUC
5572,5s,train,tRNA_tdbR00000036-Euglena_gracilis-3039-Asp-GUC
5573,5s,train,tRNA_tdbR00000043-Haloferax_volcanii-2246-Glu-NUC
5574,5s,train,tRNA_tdbR00000046-Escherichia_coli-562-Glu-SUC
5575,5s,train,tRNA_tdbR00000049-Chlamydomonas_reinhardtii-3055-Glu-NUC
5576,5s,train,tRNA_tdbR00000052-Aedes_albopictus-7160-Glu-NUC
5577,5s,train,tRNA_tdbR00000069-Synechococcus_sp._PCC_7002-32049-Phe-GAA
5578,5s,train,tRNA_tdbR00000074-Tetrahymena_pyriformis-5908-Phe-GAA
5579,5s,train,tRNA_tdbR00000078-Ascaris_suum-6253-Phe-GAA
5580,5s,train,tRNA_tdbR00000079-Rattus_norvegicus-10116-Phe-GAA
5581,5s,train,tRNA_tdbR00000080-Bos_taurus-9913-Phe-GAA
5582,5s,train,tRNA_tdbR00000091-Pisum_sativum-3888-Phe-AA
5583,5s,train,tRNA_tdbR00000104-Enterobacteria_phage_T4-10665-Gly-NCC
5584,5s,train,tRNA_tdbR00000114-Staphylococcus_epidermidis-1282-Gly-UCC
5585,5s,train,tRNA_tdbR00000121-Salmonella_typhimurium-602-Gly-NCC
5586,5s,train,tRNA_tdbR00000124-Aedes_albopictus-7160-Gly-UCC
5587,5s,train,tRNA_tdbR00000125-Bos_taurus-9913-Gly-UCC
5588,5s,train,tRNA_tdbR00000126-Halocynthia_roretzi-7729-Gly-NCU
5589,5s,train,tRNA_tdbR00000127-Halocynthia_roretzi-7729-Gly-UCU
5590,5s,train,tRNA_tdbR00000128-Halocynthia_roretzi-7729-Gly-GCU
5591,5s,train,tRNA_tdbR00000129-Saccharomyces_cerevisiae-4932-Gly-GCC
5592,5s,train,tRNA_tdbR00000132-Lupinus_luteus-3873-Gly-GCC
5593,5s,train,tRNA_tdbR00000134-Bombyx_mori-7091-Gly-CC
5594,5s,train,tRNA_tdbR00000138-Haloferax_volcanii-2246-His-GUG
5595,5s,train,tRNA_tdbR00000141-Salmonella_typhimurium-602-His-QUG
5596,5s,train,tRNA_tdbR00000142-Saccharomyces_cerevisiae-4932-His-GUG
5597,5s,train,tRNA_tdbR00000143-Asterias_amurensis-7602-His-QUG
5598,5s,train,tRNA_tdbR00000149-Homo_sapiens-9606-His-GUG
5599,5s,train,tRNA_tdbR00000167-Aedes_albopictus-7160-Ile-GAU
5600,5s,train,tRNA_tdbR00000168-Bos_taurus-9913-Ile-GAU
5601,5s,train,tRNA_tdbR00000169-Homo_sapiens-9606-Ile-GAU
5602,5s,train,tRNA_tdbR00000173-Bombyx_mori-7091-Ile-IAU
5603,5s,train,tRNA_tdbR00000174-Mus_musculus-10090-Ile-IAU
5604,5s,train,tRNA_tdbR00000177-Mycoplasma_capricolum-2095-Lys-CUU
5605,5s,train,tRNA_tdbR00000184-Asterias_amurensis-7602-Lys-CUU
5606,5s,train,tRNA_tdbR00000189-Rattus_norvegicus-10116-Lys-NUU
5607,5s,train,tRNA_tdbR00000190-Bos_taurus-9913-Lys-NUU
5608,5s,train,tRNA_tdbR00000191-Mesocricetus_auratus-10036-Lys-NUU
5609,5s,train,tRNA_tdbR00000194-Triticum_aestivum-4565-Lys-CUU
5610,5s,train,tRNA_tdbR00000206-Loligo_bleekeri-6617-Lys-UUU
5611,5s,train,tRNA_tdbR00000210-Enterobacteria_phage_T5-10726-Leu-UAG
5612,5s,train,tRNA_tdbR00000211-Haloferax_volcanii-2246-Leu-CAA
5613,5s,train,tRNA_tdbR00000217-Mycoplasma_capricolum-2095-Leu-AA
5614,5s,train,tRNA_tdbR00000223-Salmonella_typhimurium-602-Leu-CAG
5615,5s,train,tRNA_tdbR00000224-Rhodospirillum_rubrum-1085-Leu-CAA
5616,5s,train,tRNA_tdbR00000225-Synechococcus_elongatus_PCC_6301-269084-Leu-CAA
5617,5s,train,tRNA_tdbR00000234-Spinacia_oleracea-3562-Leu-UA7
5618,5s,train,tRNA_tdbR00000237-Saccharomyces_cerevisiae-4932-Leu-AA
5619,5s,train,tRNA_tdbR00000243-Rattus_norvegicus-10116-Leu-UAG
5620,5s,train,tRNA_tdbR00000244-Rattus_norvegicus-10116-Leu-UAG
5621,5s,train,tRNA_tdbR00000245-Rattus_norvegicus-10116-Leu-UAG
5622,5s,train,tRNA_tdbR00000246-Bos_taurus-9913-Leu-NAA
5623,5s,train,tRNA_tdbR00000247-Bos_taurus-9913-Leu-UAG
5624,5s,train,tRNA_tdbR00000251-Saccharomyces_cerevisiae-4932-Leu-UAA
5625,5s,train,tRNA_tdbR00000261-Cucumis_sativus-3659-Leu-NAA
5626,5s,train,tRNA_tdbR00000263-Rattus_norvegicus-10116-Leu-AA
5627,5s,train,tRNA_tdbR00000266-Bos_taurus-9913-Leu-AA
5628,5s,train,tRNA_tdbR00000280-Saccharomyces_cerevisiae-4932-Met-CAU
5629,5s,train,tRNA_tdbR00000282-Ascaris_suum-6253-Met-AU
5630,5s,train,tRNA_tdbR00000283-Gallus_gallus-9031-Met-AU
5631,5s,train,tRNA_tdbR00000289-Homo_sapiens-9606-Met-BAU
5632,5s,train,tRNA_tdbR00000290-Enterobacteria_phage_T5-10726-Asn-GUU
5633,5s,train,tRNA_tdbR00000294-Mycoplasma_capricolum-2095-Asn-GUU
5634,5s,train,tRNA_tdbR00000299-Asterias_amurensis-7602-Asn-GPU
5635,5s,train,tRNA_tdbR00000312-Haloferax_volcanii-2246-Pro-GGG
5636,5s,train,tRNA_tdbR00000313-Haloferax_volcanii-2246-Pro-UGG
5637,5s,train,tRNA_tdbR00000318-Salmonella_typhimurium-602-Pro-GGG
5638,5s,train,tRNA_tdbR00000321-Saccharomyces_cerevisiae-4932-Pro-UGG
5639,5s,train,tRNA_tdbR00000325-Pichia_jadinii-4903-Pro-GG
5640,5s,train,tRNA_tdbR00000328-Enterobacteria_phage_T5-10726-Gln-UUG
5641,5s,train,tRNA_tdbR00000331-Mycoplasma_capricolum-2095-Gln-UG
5642,5s,train,tRNA_tdbR00000333-Escherichia_coli-562-Gln-NUG
5643,5s,train,tRNA_tdbR00000334-Hordeum_vulgare-4513-Gln-UG
5644,5s,train,tRNA_tdbR00000335-Nicotiana_rustica-4093-Gln-NUG
5645,5s,train,tRNA_tdbR00000336-Aedes_albopictus-7160-Gln-NUG
5646,5s,train,tRNA_tdbR00000345-Homo_sapiens-9606-Gln-NUG
5647,5s,train,tRNA_tdbR00000347-Enterobacteria_phage_T4-10665-Arg-NCU
5648,5s,train,tRNA_tdbR00000350-Haloferax_volcanii-2246-Arg-GCG
5649,5s,train,tRNA_tdbR00000351-Haloferax_volcanii-2246-Arg-NCG
5650,5s,train,tRNA_tdbR00000352-Mycoplasma_capricolum-2095-Arg-ICG
5651,5s,train,tRNA_tdbR00000359-Escherichia_coli-562-Arg-CCG
5652,5s,train,tRNA_tdbR00000361-Saccharomyces_cerevisiae-4932-Arg-ACG
5653,5s,train,tRNA_tdbR00000363-Ascaris_suum-6253-Arg-PCU
5654,5s,train,tRNA_tdbR00000364-Ascaris_suum-6253-Arg-ACG
5655,5s,train,tRNA_tdbR00000365-Aedes_albopictus-7160-Arg-UCG
5656,5s,train,tRNA_tdbR00000366-Rattus_norvegicus-10116-Arg-UCG
5657,5s,train,tRNA_tdbR00000367-Bos_taurus-9913-Arg-UCG
5658,5s,train,tRNA_tdbR00000368-Mesocricetus_auratus-10036-Arg-UCG
5659,5s,train,tRNA_tdbR00000379-Enterobacteria_phage_T4-10665-Ser-NGA
5660,5s,train,tRNA_tdbR00000380-Halobacterium_salinarum-2242-Ser-MGA
5661,5s,train,tRNA_tdbR00000381-Haloferax_volcanii-2246-Ser-GCU
5662,5s,train,tRNA_tdbR00000382-Haloferax_volcanii-2246-Ser-MGA
5663,5s,train,tRNA_tdbR00000383-Haloferax_volcanii-2246-Ser-GGA
5664,5s,train,tRNA_tdbR00000385-Mycoplasma_capricolum-2095-Ser-UGA
5665,5s,train,tRNA_tdbR00000386-Mycoplasma_mycoides-2102-Ser-UGA
5666,5s,train,tRNA_tdbR00000387-Bacillus_subtilis-1423-Ser-5GA
5667,5s,train,tRNA_tdbR00000389-Bacillus_subtilis-1423-Ser-GGA
5668,5s,train,tRNA_tdbR00000390-Escherichia_coli-562-Ser-CGA
5669,5s,train,tRNA_tdbR00000391-Escherichia_coli-562-Ser-GCU
5670,5s,train,tRNA_tdbR00000392-Escherichia_coli-562-Ser-GGA
5671,5s,train,tRNA_tdbR00000393-Escherichia_coli-562-Ser-GGA
5672,5s,train,tRNA_tdbR00000394-Escherichia_coli-562-Ser-VGA
5673,5s,train,tRNA_tdbR00000395-Saccharomyces_cerevisiae-4932-Ser-GCU
5674,5s,train,tRNA_tdbR00000396-Saccharomyces_cerevisiae-4932-Ser-UGA
5675,5s,train,tRNA_tdbR00000397-Saccharomyces_cerevisiae-4932-Ser-UGA
5676,5s,train,tRNA_tdbR00000398-Ascaris_suum-6253-Ser-UCU
5677,5s,train,tRNA_tdbR00000399-Aedes_albopictus-7160-Ser-GCU
5678,5s,train,tRNA_tdbR00000400-Loligo_bleekeri-6617-Ser-7CU
5679,5s,train,tRNA_tdbR00000403-Bos_taurus-9913-Ser-UGA
5680,5s,train,tRNA_tdbR00000406-Saccharomyces_cerevisiae-4932-Ser-NGA
5681,5s,train,tRNA_tdbR00000409-Candida_cylindracea-44322-Ser-CAG
5682,5s,train,tRNA_tdbR00000412-Candida_cylindracea-44322-Ser-CGA
5683,5s,train,tRNA_tdbR00000413-Candida_cylindracea-44322-Ser-GCU
5684,5s,train,tRNA_tdbR00000414-Lupinus_luteus-3873-Ser-CGA
5685,5s,train,tRNA_tdbR00000419-Nicotiana_rustica-4093-Ser-IGA
5686,5s,train,tRNA_tdbR00000420-Spinacia_oleracea-3562-Ser-IGA
5687,5s,train,tRNA_tdbR00000423-Rattus_norvegicus-10116-Ser-IGA
5688,5s,train,tRNA_tdbR00000426-Drosophila_melanogaster-7227-Ser-CGA
5689,5s,train,tRNA_tdbR00000428-Homo_sapiens-9606-Ser-UGA
5690,5s,train,tRNA_tdbR00000438-Escherichia_coli-562-Thr-GGU
5691,5s,train,tRNA_tdbR00000440-Neurospora_crassa-5141-Thr-UGU
5692,5s,train,tRNA_tdbR00000459-Neurospora_crassa-5141-Val-UAC
5693,5s,train,tRNA_tdbR00000460-Aedes_albopictus-7160-Val-UAC
5694,5s,train,tRNA_tdbR00000461-Rattus_norvegicus-10116-Val-UAC
5695,5s,train,tRNA_tdbR00000462-Rattus_norvegicus-10116-Val-UAC
5696,5s,train,tRNA_tdbR00000463-Bos_taurus-9913-Val-UAC
5697,5s,train,tRNA_tdbR00000466-Saccharomyces_cerevisiae-4932-Val-AC
5698,5s,train,tRNA_tdbR00000467-Pichia_jadinii-4903-Val-IAC
5699,5s,train,tRNA_tdbR00000469-Rattus_norvegicus-10116-Val-IAC
5700,5s,train,tRNA_tdbR00000474-Drosophila_melanogaster-7227-Val-NAC
5701,5s,train,tRNA_tdbR00000475-Mus_musculus-10090-Val-IAC
5702,5s,train,tRNA_tdbR00000478-Haloferax_volcanii-2246-Trp-BCA
5703,5s,train,tRNA_tdbR00000483-Bacillus_subtilis-1423-Trp-CCA
5704,5s,train,tRNA_tdbR00000488-Tetrahymena_thermophila-5911-Trp-CA
5705,5s,train,tRNA_tdbR00000489-Neurospora_crassa-5141-Trp-NCA
5706,5s,train,tRNA_tdbR00000490-Saccharomyces_cerevisiae-4932-Trp-CA
5707,5s,train,tRNA_tdbR00000492-Rattus_norvegicus-10116-Trp-NCA
5708,5s,train,tRNA_tdbR00000493-Bos_taurus-9913-Trp-NCA
5709,5s,train,tRNA_tdbR00000494-Saccharomyces_cerevisiae-4932-Trp-BCA
5710,5s,train,tRNA_tdbR00000504-Mycoplasma_capricolum-2095-Ini-CAU
5711,5s,train,tRNA_tdbR00000505-Mycoplasma_mycoides-2102-Ini-CAU
5712,5s,train,tRNA_tdbR00000516-Spinacia_oleracea-3562-Ini-CAU
5713,5s,train,tRNA_tdbR00000517-Neurospora_crassa-5141-Ini-CAU
5714,5s,train,tRNA_tdbR00000518-Saccharomyces_cerevisiae-4932-Ini-CAU
5715,5s,train,tRNA_tdbR00000519-Phaseolus_vulgaris-3885-Ini-CAU
5716,5s,train,tRNA_tdbR00000520-Aedes_albopictus-7160-Ini-CAU
5717,5s,train,tRNA_tdbR00000521-Bos_taurus-9913-Ini-CAU
5718,5s,train,tRNA_tdbR00000522-Bos_taurus-9913-Ini-AU
5719,5s,train,tRNA_tdbR00000541-Haloferax_volcanii-2246-Tyr-GUA
5720,5s,train,tRNA_tdbR00000542-Mycoplasma_capricolum-2095-Tyr-GUA
5721,5s,train,tRNA_tdbR00000547-Geobacillus_stearothermophilus-1422-Tyr-QUA
5722,5s,train,tRNA_tdbR00000548-Scenedesmus_obliquus-3088-Tyr-GUA
5723,5s,train,tRNA_tdbR00000549-Tetrahymena_pyriformis-5908-Tyr-QUA
5724,5s,train,tRNA_tdbR00000550-Neurospora_crassa-5141-Tyr-GUA
5725,5s,train,tRNA_tdbR00000551-Saccharomyces_cerevisiae-4932-Tyr-GUA
5726,5s,train,tRNA_tdbR00000553-Asterias_amurensis-7602-Tyr-GUA
5727,5s,train,tRNA_tdbR00000555-Saccharomyces_cerevisiae-4932-Tyr-GPA
5728,5s,train,tRNA_tdbR00000556-Schizosaccharomyces_pombe-4896-Tyr-GPA
5729,5s,train,tRNA_tdbR00000557-Pichia_jadinii-4903-Tyr-GPA
5730,5s,train,tRNA_tdbR00000567-Homo_sapiens-9606-Tyr-9PA
5731,5s,train,tRNA_tdbR00000572-Leishmania_tarentolae-5689-Lys-1UU
5732,5s,train,tRNA_tdbR00000573-Leishmania_tarentolae-5689-Gln-3UG
5733,5s,train,tRNA_tdbR00000575-Leishmania_tarentolae-5689-Thr-CGU
5734,5s,train,tRNA_tdbR00000576-Leishmania_tarentolae-5689-Asp-GUC
5735,5s,train,tRNA_tdbR00000577-Leishmania_tarentolae-5689-Glu-CUC
5736,5s,train,tRNA_tdbR00000578-Leishmania_tarentolae-5689-Glu-3UC
5737,5s,train,tRNA_tdbR00000580-Aeropyrum_pernix-56636-Lys-UUU
5738,5s,train,tRNA_tdbR00000581-Aeropyrum_pernix-56636-Lys-CUU
5739,5s,train,tRNA_tdbR00000583-Aeropyrum_pernix-56636-Cys-GCA
5740,5s,train,tRNA_tdbR00000585-Aeropyrum_pernix-56636-Thr-CGU
5741,5s,train,tRNA_tdbR00000588-Aeropyrum_pernix-56636-Asp-GUC
5742,5s,train,tRNA_tdbR00000590-Ascaris_suum-6253-Glu-UC
5743,5s,train,tRNA_tdbR00000591-Ascaris_suum-6253-Lys-UU
5744,5s,train,tRNA_tdbR00000592-Ascaris_suum-6253-Gln-UG
5745,5s,train,tRNA_tdbR00000593-Ascaris_suum-6253-Trp-CA
5746,5s,train,tRNA_tdbR00000594-Ascaris_suum-6253-Leu-AA
5747,5s,train,tRNA_tdbR00000595-Escherichia_coli-562-Leu-BAA
5748,5s,train,tRNA_tdbR00000607-Lupinus_luteus-3873-Leu-IAG
5749,5s,train,tRNA_tdbR00000608-Lupinus_luteus-3873-Leu-UAA
5750,5s,train,tRNA_tdbR00000609-Chlamydomonas_reinhardtii-3055-Leu-UA7
5751,5s,train,tRNA_tdbR00000611-Sinorhizobium_meliloti-382-His-GUG
5752,5s,train,tRNA_tdbR00000612-Sinorhizobium_meliloti-382-Trp-CCA
5753,5s,train,tRNA_tdbR00000613-Nanoarchaeum_equitans-160232-Glu-CUC
5754,5s,train,tRNA_tdbR00000614-Nanoarchaeum_equitans-160232-Ini-CAU
5755,5s,train,tRNA_tdbR00000615-Nanoarchaeum_equitans-160232-Trp-CCA
5756,5s,train,tRNA_tdbR00000616-Nanoarchaeum_equitans-160232-Lys-CUU
5757,5s,train,tRNA_tdbR00000617-Nanoarchaeum_equitans-160232-Gln-UUG
5758,5s,train,tRNA_tdbR00000618-Candida_albicans-5476-Leu-CAG
5759,5s,train,tRNA_tdbR00000619-Toxoplasma_gondii-5811-Met-CAU
5760,5s,train,tRNA_tdbR00000620-Toxoplasma_gondii-5811-Ini-CAU
5761,5s,train,tRNA_tdbR00000621-Nicotiana_rustica-4093-Cys-GCA
5762,5s,train,tRNA_tdbR00000622-Nicotiana_rustica-4093-Cys-GCA
5763,5s,train,tRNA_tdbR00000623-Escherichia_coli-562-Pro-CGG
5764,5s,train,telomerase_AC121792.109554-109950
5765,5s,train,telomerase_AF147806.247-692
5766,5s,train,telomerase_AF221906.96-545
5767,5s,train,telomerase_AF221908.136-584
5768,5s,train,telomerase_AF221909.98-496
5769,5s,train,telomerase_AF221910.112-554
5770,5s,train,telomerase_AF221911.104-513
5771,5s,train,telomerase_AF221912.98-564
5772,5s,train,telomerase_AF221913.109-520
5773,5s,train,telomerase_AF221914.112-589
5774,5s,train,telomerase_AF221916.94-481
5775,5s,train,telomerase_AF221917.99-542
5776,5s,train,telomerase_AF221918.97-547
5777,5s,train,telomerase_AF221919.107-614
5778,5s,train,telomerase_AF221920.99-541
5779,5s,train,telomerase_AF221921.98-548
5780,5s,train,telomerase_AF221923.106-554
5781,5s,train,telomerase_AF221924.105-538
5782,5s,train,telomerase_AF221925.98-540
5783,5s,train,telomerase_AF221926.103-507
5784,5s,train,telomerase_AF221927.113-556
5785,5s,train,telomerase_AF221928.95-476
5786,5s,train,telomerase_AF221929.92-517
5787,5s,train,telomerase_AF221930.94-546
5788,5s,train,telomerase_AF221931.99-541
5789,5s,train,telomerase_AF221932.102-549
5790,5s,train,telomerase_AF221934.121-565
5791,5s,train,telomerase_AF221935.112-602
5792,5s,train,telomerase_AF221936.98-540
5793,5s,train,telomerase_AF221937.99-545
5794,5s,train,telomerase_AF221939.99-544
5795,5s,train,telomerase_AF221940.103-499
5796,5s,train,telomerase_AY058901.1-397
5797,5s,train,telomerase_AY312571.605-1069
5798,5s,train,telomerase_U85256.1-451
5799,5s,train,telomerase_AC121792.109554-109950
5800,5s,train,telomerase_AF147806.247-692
5801,5s,train,telomerase_AF221906.96-545
5802,5s,train,telomerase_AF221908.136-584
5803,5s,train,telomerase_AF221909.98-496
5804,5s,train,telomerase_AF221910.112-554
5805,5s,train,telomerase_AF221911.104-513
5806,5s,train,telomerase_AF221912.98-564
5807,5s,train,telomerase_AF221913.109-520
5808,5s,train,telomerase_AF221914.112-589
5809,5s,train,telomerase_AF221916.94-481
5810,5s,train,telomerase_AF221917.99-542
5811,5s,train,telomerase_AF221918.97-547
5812,5s,train,telomerase_AF221919.107-614
5813,5s,train,telomerase_AF221920.99-541
5814,5s,train,telomerase_AF221921.98-548
5815,5s,train,telomerase_AF221923.106-554
5816,5s,train,telomerase_AF221924.105-538
5817,5s,train,telomerase_AF221925.98-540
5818,5s,train,telomerase_AF221926.103-507
5819,5s,train,telomerase_AF221927.113-556
5820,5s,train,telomerase_AF221928.95-476
5821,5s,train,telomerase_AF221929.92-517
5822,5s,train,telomerase_AF221930.94-546
5823,5s,train,telomerase_AF221931.99-541
5824,5s,train,telomerase_AF221932.102-549
5825,5s,train,telomerase_AF221934.121-565
5826,5s,train,telomerase_AF221935.112-602
5827,5s,train,telomerase_AF221936.98-540
5828,5s,train,telomerase_AF221937.99-545
5829,5s,train,telomerase_AF221939.99-544
5830,5s,train,telomerase_AF221940.103-499
5831,5s,train,telomerase_AY058901.1-397
5832,5s,train,telomerase_AY312571.605-1069
5833,5s,train,telomerase_U85256.1-451
5834,5s,train,telomerase_AC121792.109554-109950
5835,5s,train,telomerase_AF147806.247-692
5836,5s,train,telomerase_AF221906.96-545
5837,5s,train,telomerase_AF221908.136-584
5838,5s,train,telomerase_AF221909.98-496
5839,5s,train,telomerase_AF221910.112-554
5840,5s,train,telomerase_AF221911.104-513
5841,5s,train,telomerase_AF221912.98-564
5842,5s,train,telomerase_AF221913.109-520
5843,5s,train,telomerase_AF221914.112-589
5844,5s,train,telomerase_AF221916.94-481
5845,5s,train,telomerase_AF221917.99-542
5846,5s,train,telomerase_AF221918.97-547
5847,5s,train,telomerase_AF221919.107-614
5848,5s,train,telomerase_AF221920.99-541
5849,5s,train,telomerase_AF221921.98-548
5850,5s,train,telomerase_AF221923.106-554
5851,5s,train,telomerase_AF221924.105-538
5852,5s,train,telomerase_AF221925.98-540
5853,5s,train,telomerase_AF221926.103-507
5854,5s,train,telomerase_AF221927.113-556
5855,5s,train,telomerase_AF221928.95-476
5856,5s,train,telomerase_AF221929.92-517
5857,5s,train,telomerase_AF221930.94-546
5858,5s,train,telomerase_AF221931.99-541
5859,5s,train,telomerase_AF221932.102-549
5860,5s,train,telomerase_AF221934.121-565
5861,5s,train,telomerase_AF221935.112-602
5862,5s,train,telomerase_AF221936.98-540
5863,5s,train,telomerase_AF221937.99-545
5864,5s,train,telomerase_AF221939.99-544
5865,5s,train,telomerase_AF221940.103-499
5866,5s,train,telomerase_AY058901.1-397
5867,5s,train,telomerase_AY312571.605-1069
5868,5s,train,telomerase_U85256.1-451
5869,5s,train,telomerase_AC121792.109554-109950
5870,5s,train,telomerase_AF147806.247-692
5871,5s,train,telomerase_AF221906.96-545
5872,5s,train,telomerase_AF221908.136-584
5873,5s,train,telomerase_AF221909.98-496
5874,5s,train,telomerase_AF221910.112-554
5875,5s,train,telomerase_AF221911.104-513
5876,5s,train,telomerase_AF221912.98-564
5877,5s,train,telomerase_AF221913.109-520
5878,5s,train,telomerase_AF221914.112-589
5879,5s,train,telomerase_AF221916.94-481
5880,5s,train,telomerase_AF221917.99-542
5881,5s,train,telomerase_AF221918.97-547
5882,5s,train,telomerase_AF221919.107-614
5883,5s,train,telomerase_AF221920.99-541
5884,5s,train,telomerase_AF221921.98-548
5885,5s,train,telomerase_AF221923.106-554
5886,5s,train,telomerase_AF221924.105-538
5887,5s,train,telomerase_AF221925.98-540
5888,5s,train,telomerase_AF221926.103-507
5889,5s,train,telomerase_AF221927.113-556
5890,5s,train,telomerase_AF221928.95-476
5891,5s,train,telomerase_AF221929.92-517
5892,5s,train,telomerase_AF221930.94-546
5893,5s,train,telomerase_AF221931.99-541
5894,5s,train,telomerase_AF221932.102-549
5895,5s,train,telomerase_AF221934.121-565
5896,5s,train,telomerase_AF221935.112-602
5897,5s,train,telomerase_AF221936.98-540
5898,5s,train,telomerase_AF221937.99-545
5899,5s,train,telomerase_AF221939.99-544
5900,5s,train,telomerase_AF221940.103-499
5901,5s,train,telomerase_AY058901.1-397
5902,5s,train,telomerase_AY312571.605-1069
5903,5s,train,telomerase_U85256.1-451
5904,5s,train,telomerase_AC121792.109554-109950
5905,5s,train,telomerase_AF147806.247-692
5906,5s,train,telomerase_AF221906.96-545
5907,5s,train,telomerase_AF221908.136-584
5908,5s,train,telomerase_AF221909.98-496
5909,5s,train,telomerase_AF221910.112-554
5910,5s,train,telomerase_AF221911.104-513
5911,5s,train,telomerase_AF221912.98-564
5912,5s,train,telomerase_AF221913.109-520
5913,5s,train,telomerase_AF221914.112-589
5914,5s,train,telomerase_AF221916.94-481
5915,5s,train,telomerase_AF221917.99-542
5916,5s,train,telomerase_AF221918.97-547
5917,5s,train,telomerase_AF221919.107-614
5918,5s,train,telomerase_AF221920.99-541
5919,5s,train,telomerase_AF221921.98-548
5920,5s,train,telomerase_AF221923.106-554
5921,5s,train,telomerase_AF221924.105-538
5922,5s,train,telomerase_AF221925.98-540
5923,5s,train,telomerase_AF221926.103-507
5924,5s,train,telomerase_AF221927.113-556
5925,5s,train,telomerase_AF221928.95-476
5926,5s,train,telomerase_AF221929.92-517
5927,5s,train,telomerase_AF221930.94-546
5928,5s,train,telomerase_AF221931.99-541
5929,5s,train,telomerase_AF221932.102-549
5930,5s,train,telomerase_AF221934.121-565
5931,5s,train,telomerase_AF221935.112-602
5932,5s,train,telomerase_AF221936.98-540
5933,5s,train,telomerase_AF221937.99-545
5934,5s,train,telomerase_AF221939.99-544
5935,5s,train,telomerase_AF221940.103-499
5936,5s,train,telomerase_AY058901.1-397
5937,5s,train,telomerase_AY312571.605-1069
5938,5s,train,telomerase_U85256.1-451
5939,5s,train,telomerase_AC121792.109554-109950
5940,5s,train,telomerase_AF147806.247-692
5941,5s,train,telomerase_AF221906.96-545
5942,5s,train,telomerase_AF221908.136-584
5943,5s,train,telomerase_AF221909.98-496
5944,5s,train,telomerase_AF221910.112-554
5945,5s,train,telomerase_AF221911.104-513
5946,5s,train,telomerase_AF221912.98-564
5947,5s,train,telomerase_AF221913.109-520
5948,5s,train,telomerase_AF221914.112-589
5949,5s,train,telomerase_AF221916.94-481
5950,5s,train,telomerase_AF221917.99-542
5951,5s,train,telomerase_AF221918.97-547
5952,5s,train,telomerase_AF221919.107-614
5953,5s,train,telomerase_AF221920.99-541
5954,5s,train,telomerase_AF221921.98-548
5955,5s,train,telomerase_AF221923.106-554
5956,5s,train,telomerase_AF221924.105-538
5957,5s,train,telomerase_AF221925.98-540
5958,5s,train,telomerase_AF221926.103-507
5959,5s,train,telomerase_AF221927.113-556
5960,5s,train,telomerase_AF221928.95-476
5961,5s,train,telomerase_AF221929.92-517
5962,5s,train,telomerase_AF221930.94-546
5963,5s,train,telomerase_AF221931.99-541
5964,5s,train,tmRNA_Acid.caps._TRW-240015_1-352
5965,5s,train,tmRNA_Acid.ferr._TRW-243159_1-364
5966,5s,train,tmRNA_Acid.ferr._TRW-920_1-341
5967,5s,train,tmRNA_Acin.spec._CR543861_1-360
5968,5s,train,tmRNA_Acti.naes._TRW-240017_1-371
5969,5s,train,tmRNA_Aero.hydr._CP000462_1-360
5970,5s,train,tmRNA_Alka.meta._TRW-293826_1-355
5971,5s,train,tmRNA_Aqui.aeol._TRW-63363_1-347
5972,5s,train,tmRNA_Azoa.spec._TRW-62928_1-378
5973,5s,train,tmRNA_Baci.G._TRW-12333_1-312
5974,5s,train,tmRNA_Baci.clau._AP006627_1-355
5975,5s,train,tmRNA_Baci.lich._CP000002_1-356
5976,5s,train,tmRNA_Baci.subt._Z99121_1-360
5977,5s,train,tmRNA_Bact.mari._TRW-97084_1-385
5978,5s,train,tmRNA_Bact.thet._AE015928_1-397
5979,5s,train,tmRNA_Bdel.bact._BX842656_1-346
5980,5s,train,tmRNA_Bifi.long._TRW-206672_1-397
5981,5s,train,tmRNA_Bloc.flor._BX248583_1-393
5982,5s,train,tmRNA_Bloc.penn._CP000016_1-392
5983,5s,train,tmRNA_Bord.pert._TRW-257313_1-387
5984,5s,train,tmRNA_Borr.gari._CP000013_1-363
5985,5s,train,tmRNA_Brev.line._TRW-321955_1-377
5986,5s,train,tmRNA_Buch.aphi._AE013218_1-376
5987,5s,train,tmRNA_Buch.aphi._AE016826_1-367
5988,5s,train,tmRNA_Buch.aphi._BD061520_1-369
5989,5s,train,tmRNA_Cald.sacc._TRW-351627_1-368
5990,5s,train,tmRNA_Camp.fetu._AY211269_1-361
5991,5s,train,tmRNA_Camp.upsa._TRW-306264_1-359
5992,5s,train,tmRNA_Carb.hydr._CP000141_1-359
5993,5s,train,tmRNA_Carn.malt._AF275938_1-366
5994,5s,train,tmRNA_Chla.trac._TRW-813-2_1-420
5995,5s,train,tmRNA_Chlo.aura._AY040836_1-361
5996,5s,train,tmRNA_Chlo.chlo._CP000108_1-401
5997,5s,train,tmRNA_Chlo.tepi._TRW-194439_1-404
5998,5s,train,tmRNA_Chro.sale._CP000285_1-380
5999,5s,train,tmRNA_Chro.viol._AE016825_1-365
6000,5s,train,tmRNA_Clav.mich._TRW-31964_1-376
6001,5s,train,tmRNA_Clos.perf._TRW-195102_1-361
6002,5s,train,tmRNA_Clos.ther._TRW-203119_1-387
6003,5s,train,tmRNA_Colw.psyc._CP000083_1-350
6004,5s,train,tmRNA_Copr.prot._TRW-351627_1-353
6005,5s,train,tmRNA_Cory.diph._BX248356_1-385
6006,5s,train,tmRNA_Cory.glut._BX927150_1-377
6007,5s,train,tmRNA_Coxi.burn._AE016828_1-360
6008,5s,train,tmRNA_Croc.wats._TRW-165597_1-386
6009,5s,train,tmRNA_Cyan.cald._AF022186_1-254
6010,5s,train,tmRNA_Cyan.mero._TRW-45157_1-236
6011,5s,train,tmRNA_Cyan.para._U30821_1-291
6012,5s,train,tmRNA_Cyto.hutc._CP000383_1-404
6013,5s,train,tmRNA_Deha.ethe._CP000027_1-352
6014,5s,train,tmRNA_Dein.geot._CP000359_1-348
6015,5s,train,tmRNA_Dein.radi._TRW-243230_1-349
6016,5s,train,tmRNA_Desu.acet._TRW-281689_1-353
6017,5s,train,tmRNA_Desu.desu._CP000112_1-360
6018,5s,train,tmRNA_Desu.psyc._CR522870_1-366
6019,5s,train,tmRNA_Desu.vulg._AE017285_1-352
6020,5s,train,tmRNA_Dich.nodo._TRW-35819_1-352
6021,5s,train,tmRNA_Dict.ther._TRW-14_1-350
6022,5s,train,tmRNA_Emil.huxl._TRW-280463_1-291
6023,5s,train,tmRNA_Ente.faec._TRW-1352_1-367
6024,5s,train,tmRNA_Exig.sibi._TRW-262543_1-359
6025,5s,train,tmRNA_Fibr.succ._TRW-59374_1-361
6026,5s,train,tmRNA_Fran.spec._TRW-298653_1-375
6027,5s,train,tmRNA_Fran.tula._CP000437_1-421
6028,5s,train,tmRNA_Fuso.nucl._TRW-393480_1-344
6029,5s,train,tmRNA_Gemm.obsc._TRW-214688_1-412
6030,5s,train,tmRNA_Geob.meta._CP000148_1-356
6031,5s,train,tmRNA_Geob.stea._TRW-1422_1-352
6032,5s,train,tmRNA_Geob.sulf._AE017180_1-356
6033,5s,train,tmRNA_Grac.tenu._AY673996_1-396
6034,5s,train,tmRNA_Guil.thet._TRW-55529_1-330
6035,5s,train,tmRNA_Haem.ducr._AE017143_1-367
6036,5s,train,tmRNA_Haem.somn._CP000436_1-367
6037,5s,train,tmRNA_Heli.hepa._AE017125_1-369
6038,5s,train,tmRNA_Heli.must._DQ250625_1-366
6039,5s,train,tmRNA_Heli.pylo._TRW-85963_1-386
6040,5s,train,tmRNA_Idio.loih._AE017340_1-359
6041,5s,train,tmRNA_Jako.libe._TRW-143017_1-102
6042,5s,train,tmRNA_Lact.brev._CP000416_1-372
6043,5s,train,tmRNA_Lact.case._CP000423_1-364
6044,5s,train,tmRNA_Lact.delb._AF440335_1-316
6045,5s,train,tmRNA_Lact.delb._TRW-321956_1-362
6046,5s,train,tmRNA_Lact.john._TRW-257314_1-367
6047,5s,train,tmRNA_Lact.lact._AF176556_1-359
6048,5s,train,tmRNA_Lact.plan._AL935259_1-372
6049,5s,train,tmRNA_Lact.sake._TRW-314315_1-370
6050,5s,train,tmRNA_Laws.intr._AM180252_1-376
6051,5s,train,tmRNA_Legi.pneu._CR628337_1-406
6052,5s,train,tmRNA_Leif.xyli._AE016822_1-394
6053,5s,train,tmRNA_Lept.inte._AE016823_1-350
6054,5s,train,tmRNA_Lept.spec._TRW-261386_1-359
6055,5s,train,tmRNA_Leuc.mese._AF375574_1-307
6056,5s,train,tmRNA_Leuc.mese._TRW-1245_1-358
6057,5s,train,tmRNA_List.gray._AF440336_1-321
6058,5s,train,tmRNA_List.wels._AF440351_1-321
6059,5s,train,tmRNA_Magn.spec._CP000471_1-366
6060,5s,train,tmRNA_Mari.aqua._TRW-351348_1-366
6061,5s,train,tmRNA_Meso.flor._AE017263_1-408
6062,5s,train,tmRNA_Meso.viri._AF166114_1-359
6063,5s,train,tmRNA_Meth.caps._AE017282_1-356
6064,5s,train,tmRNA_Moor.ther._CP000232_1-358
6065,5s,train,tmRNA_Mora.cata._AX067460_1-359
6066,5s,train,tmRNA_Myco.Bxz1._AY129337_1-437
6067,5s,train,tmRNA_Myco.arth._TRW-243272_1-394
6068,5s,train,tmRNA_Myco.gall._AE015450_1-408
6069,5s,train,tmRNA_Myco.geni._U39713_1-385
6070,5s,train,tmRNA_Myco.hyop._TRW-295358_1-424
6071,5s,train,tmRNA_Myco.mobi._TRW-267748_1-376
6072,5s,train,tmRNA_Myco.myco._BX842642_1-411
6073,5s,train,tmRNA_Myco.pene._BA000026_1-405
6074,5s,train,tmRNA_Myco.pneu._AE000035_1-384
6075,5s,train,tmRNA_Myco.pulm._AL445565_1-387
6076,5s,train,tmRNA_Myxo.xant._TRW-34_1-366
6077,5s,train,tmRNA_Neph.oliv._AF137379-2_1-327
6078,5s,train,tmRNA_Nitr.mult._CP000103_1-362
6079,5s,train,tmRNA_Nitr.ocea._CP000127_1-361
6080,5s,train,tmRNA_Noca.farc._AP006618_1-368
6081,5s,train,tmRNA_Nost.spec._BA000019_1-390
6082,5s,train,tmRNA_Ocea.ihey._BA000028_1-364
6083,5s,train,tmRNA_Odon.sine._Z67753_1-368
6084,5s,train,tmRNA_Oeno.oeni._TRW-203123_1-350
6085,5s,train,tmRNA_Onio.yell._AP006628_1-423
6086,5s,train,tmRNA_Paen.larv._TRW-1464_1-367
6087,5s,train,tmRNA_Para.symb._BX908798_1-405
6088,5s,train,tmRNA_Pedi.pent._CP000422_1-369
6089,5s,train,tmRNA_Pelo.carb._CP000142_1-358
6090,5s,train,tmRNA_Phot.prof._CR378665_1-368
6091,5s,train,tmRNA_Porp.ging._TRW-242619_1-407
6092,5s,train,tmRNA_Porp.purp._TRW-2787_1-323
6093,5s,train,tmRNA_Prev.rumi._TRW-264731_1-401
6094,5s,train,tmRNA_Prop.acne._TRW-1747-1_1-371
6095,5s,train,tmRNA_Prop.acne._TRW-1747-3_1-353
6096,5s,train,tmRNA_Pseu.aeru._CP000438_1-353
6097,5s,train,tmRNA_Pseu.atla._CP000388_1-357
6098,5s,train,tmRNA_Pseu.halo._CR954246_1-357
6099,5s,train,tmRNA_Rals.sola._AL646061_1-357
6100,5s,train,tmRNA_Rhod.balt._BX294141_1-380
6101,5s,train,tmRNA_Rubr.gela._TRW-279263_1-372
6102,5s,train,tmRNA_Rubr.xyla._TRW-266117_1-360
6103,5s,train,tmRNA_Rumi.albu._TRW-246199_1-354
6104,5s,train,tmRNA_Sacc.degr._CP000282_1-389
6105,5s,train,tmRNA_Sali.rube._CP000159_1-369
6106,5s,train,tmRNA_Soli.usit._CP000473_1-352
6107,5s,train,tmRNA_Spir.kunk._TRW-273035_1-424
6108,5s,train,tmRNA_Stap.epid._AF375586_1-311
6109,5s,train,tmRNA_Stap.epid._TRW-176280_1-361
6110,5s,train,tmRNA_Stre.aver._BA000030_1-389
6111,5s,train,tmRNA_Stre.coll._AY485228_1-386
6112,5s,train,tmRNA_Stre.scab._TRW-1883_1-402
6113,5s,train,tmRNA_Stre.ther._CP000419_1-350
6114,5s,train,tmRNA_Stre.uber._TRW-218495_1-350
6115,5s,train,tmRNA_Sulf.azor._TRW-204536_1-351
6116,5s,train,tmRNA_Syne.spec._AB003477_1-394
6117,5s,train,tmRNA_Syne.spec._TRW-1131_1-399
6118,5s,train,tmRNA_Syne.spec._TRW-32049_1-396
6119,5s,train,tmRNA_Synt.acid._CP000252_1-356
6120,5s,train,tmRNA_Tann.fors._TRW-203275_1-400
6121,5s,train,tmRNA_Thal.weis._AF049491_1-348
6122,5s,train,tmRNA_Ther.comm._TRW-289377_1-355
6123,5s,train,tmRNA_Ther.elon._BA000039_1-386
6124,5s,train,tmRNA_Ther.fusc._CP000088_1-372
6125,5s,train,tmRNA_Ther.neap._TRW-309803_1-357
6126,5s,train,tmRNA_Ther.rose._TRW-309801_1-353
6127,5s,train,tmRNA_Ther.teng._AE013063_1-351
6128,5s,train,tmRNA_Ther.ther._Y15063_1-349
6129,5s,train,tmRNA_Ther.yell._TRW-289376_1-350
6130,5s,train,tmRNA_Thio.crun._CP000109_1-358
6131,5s,train,tmRNA_Thio.deni._CP000116_1-367
6132,5s,train,tmRNA_Trem.prin._AF481102_1-264
6133,5s,train,tmRNA_Trep.dent._AE017226_1-351
6134,5s,train,tmRNA_Trep.pall._TRW-243276_1-354
6135,5s,train,tmRNA_Tric.eryt._CP000393_1-398
6136,5s,train,tmRNA_Trop.whip._BX251411_1-369
6137,5s,train,tmRNA_Urea.parv._AE002154_1-413
6138,5s,train,tmRNA_Verr.spin._TRW-240016_1-356
6139,5s,train,tmRNA_Wigg.glos._BA000021_1-365
6140,5s,train,tmRNA_Woli.succ._BX571661_1-369
6141,5s,train,tmRNA_Xant.oryz._AE013598_1-397
6142,5s,train,tmRNA_Xyle.fast._TRW-155920_1-355
6143,5s,train,tmRNA_Yers.moll._TRW-349967_1-381
6144,5s,train,tmRNA_Yers.pseu._AR948532_1-364
6145,5s,train,tmRNA_envi.sequ._TRW-2-1_1-365
6146,5s,train,tmRNA_envi.sequ._TRW-2-2_1-356
6147,5s,train,tmRNA_envi.sequ._TRW-204433_1-356
6148,5s,train,tmRNA_envi.sequ._TRW-259292_1-355
6149,5s,train,tmRNA_envi.sequ._TRW-300695-2_1-345
6150,5s,train,tmRNA_envi.sequ._TRW-32045-1_1-355
6151,5s,train,tmRNA_envi.sequ._TRW-32045-2_1-345
6152,5s,train,tmRNA_envi.sequ._TRW-32045-3_1-350
6153,5s,train,tmRNA_envi.sequ._TRW-351057-3_1-355
6154,5s,train,tmRNA_envi.sequ._TRW-356-1_1-289
6155,5s,train,tmRNA_uncu.bact._TRW-135621-1_1-397
6156,5s,train,tmRNA_uncu.bact._TRW-32033-1_1-354
6157,5s,train,tmRNA_uncu.bact._TRW-32045-4_1-369
6158,5s,train,tmRNA_uncu.bact._TRW-383630-1_1-364
6159,5s,train,tmRNA_uncu.bact._TRW-45456_1-408
6160,5s,train,tmRNA_uncu.bact._TRW-72274-1_1-359
6161,5s,train,tmRNA_uncu.bact._TRW-72274-2_1-359
6162,5s,train,tmRNA_uncu.bact._TRW-80840-3_1-379
6163,5s,train,tmRNA_uncu.mari._TRW-363180_1-347
6164,RNaseP,train,16s_A.fulgidus_domain2
6165,RNaseP,train,16s_A.fulgidus_domain3
6166,RNaseP,train,16s_A.fulgidus_domain4
6167,RNaseP,train,16s_A.pyrophilus_domain2
6168,RNaseP,train,16s_A.pyrophilus_domain4
6169,RNaseP,train,16s_B.burgdorferi_domain2
6170,RNaseP,train,16s_B.burgdorferi_domain3
6171,RNaseP,train,16s_B.burgdorferi_domain4
6172,RNaseP,train,16s_B.subtilis_domain2
6173,RNaseP,train,16s_B.subtilis_domain3
6174,RNaseP,train,16s_B.subtilis_domain4
6175,RNaseP,train,16s_C.elegans_domain1
6176,RNaseP,train,16s_C.elegans_domain2
6177,RNaseP,train,16s_C.elegans_domain3
6178,RNaseP,train,16s_C.elegans_domain4
6179,RNaseP,train,16s_C.psittaci_domain2
6180,RNaseP,train,16s_C.psittaci_domain3
6181,RNaseP,train,16s_C.psittaci_domain4
6182,RNaseP,train,16s_C.reinhardtii.chloro_domain1
6183,RNaseP,train,16s_C.reinhardtii.chloro_domain2
6184,RNaseP,train,16s_C.reinhardtii.chloro_domain3
6185,RNaseP,train,16s_C.reinhardtii.chloro_domain4
6186,RNaseP,train,16s_C.reinhardtii.mito_domain1
6187,RNaseP,train,16s_C.reinhardtii.mito_domain2
6188,RNaseP,train,16s_C.reinhardtii.mito_domain3
6189,RNaseP,train,16s_C.reinhardtii.mito_domain4
6190,RNaseP,train,16s_D.melanogaster_domain4
6191,RNaseP,train,16s_E.coli_domain2
6192,RNaseP,train,16s_E.coli_domain3
6193,RNaseP,train,16s_E.coli_domain4
6194,RNaseP,train,16s_F.ananassa_domain3
6195,RNaseP,train,16s_F.ananassa_domain4
6196,RNaseP,train,16s_G.intestinalis_domain1
6197,RNaseP,train,16s_G.intestinalis_domain2
6198,RNaseP,train,16s_G.intestinalis_domain3
6199,RNaseP,train,16s_G.intestinalis_domain4
6200,RNaseP,train,16s_H.sapiens.mito_domain1
6201,RNaseP,train,16s_H.sapiens.mito_domain2
6202,RNaseP,train,16s_H.sapiens.mito_domain3
6203,RNaseP,train,16s_H.sapiens.mito_domain4
6204,RNaseP,train,16s_H.sapiens_domain3
6205,RNaseP,train,16s_H.sapiens_domain4
6206,RNaseP,train,16s_H.volcanii_domain1
6207,RNaseP,train,16s_H.volcanii_domain2
6208,RNaseP,train,16s_H.volcanii_domain3
6209,RNaseP,train,16s_H.volcanii_domain4
6210,RNaseP,train,16s_M.polymorpha_domain2
6211,RNaseP,train,16s_M.polymorpha_domain3
6212,RNaseP,train,16s_M.polymorpha_domain4
6213,RNaseP,train,16s_P.occultum_domain2
6214,RNaseP,train,16s_P.occultum_domain3
6215,RNaseP,train,16s_P.occultum_domain4
6216,RNaseP,train,16s_P.staleyi_domain2
6217,RNaseP,train,16s_P.staleyi_domain3
6218,RNaseP,train,16s_P.staleyi_domain4
6219,RNaseP,train,16s_S.cerevisiae_domain3
6220,RNaseP,train,16s_S.cerevisiae_domain4
6221,RNaseP,train,16s_T.gondii_domain3
6222,RNaseP,train,16s_T.gondii_domain4
6223,RNaseP,train,16s_T.maritima_domain2
6224,RNaseP,train,16s_T.maritima_domain3
6225,RNaseP,train,16s_T.maritima_domain4
6226,RNaseP,train,16s_Z.mays_domain1
6227,RNaseP,train,16s_Z.mays_domain2
6228,RNaseP,train,16s_Z.mays_domain3
6229,RNaseP,train,16s_Z.mays_domain4
6230,RNaseP,train,16s_A.fulgidus_domain2
6231,RNaseP,train,16s_A.fulgidus_domain3
6232,RNaseP,train,16s_A.fulgidus_domain4
6233,RNaseP,train,16s_A.pyrophilus_domain2
6234,RNaseP,train,16s_A.pyrophilus_domain4
6235,RNaseP,train,16s_B.burgdorferi_domain2
6236,RNaseP,train,16s_B.burgdorferi_domain3
6237,RNaseP,train,16s_B.burgdorferi_domain4
6238,RNaseP,train,16s_B.subtilis_domain2
6239,RNaseP,train,16s_B.subtilis_domain3
6240,RNaseP,train,16s_B.subtilis_domain4
6241,RNaseP,train,16s_C.elegans_domain1
6242,RNaseP,train,16s_C.elegans_domain2
6243,RNaseP,train,16s_C.elegans_domain3
6244,RNaseP,train,16s_C.elegans_domain4
6245,RNaseP,train,16s_C.psittaci_domain2
6246,RNaseP,train,16s_C.psittaci_domain3
6247,RNaseP,train,16s_C.psittaci_domain4
6248,RNaseP,train,16s_C.reinhardtii.chloro_domain1
6249,RNaseP,train,16s_C.reinhardtii.chloro_domain2
6250,RNaseP,train,16s_C.reinhardtii.chloro_domain3
6251,RNaseP,train,16s_C.reinhardtii.chloro_domain4
6252,RNaseP,train,16s_C.reinhardtii.mito_domain1
6253,RNaseP,train,16s_C.reinhardtii.mito_domain2
6254,RNaseP,train,16s_C.reinhardtii.mito_domain3
6255,RNaseP,train,16s_C.reinhardtii.mito_domain4
6256,RNaseP,train,16s_D.melanogaster_domain4
6257,RNaseP,train,16s_E.coli_domain2
6258,RNaseP,train,16s_E.coli_domain3
6259,RNaseP,train,16s_E.coli_domain4
6260,RNaseP,train,16s_F.ananassa_domain3
6261,RNaseP,train,16s_F.ananassa_domain4
6262,RNaseP,train,16s_G.intestinalis_domain1
6263,RNaseP,train,16s_G.intestinalis_domain2
6264,RNaseP,train,16s_G.intestinalis_domain3
6265,RNaseP,train,16s_G.intestinalis_domain4
6266,RNaseP,train,16s_H.sapiens.mito_domain1
6267,RNaseP,train,16s_H.sapiens.mito_domain2
6268,RNaseP,train,16s_H.sapiens.mito_domain3
6269,RNaseP,train,16s_H.sapiens.mito_domain4
6270,RNaseP,train,16s_H.sapiens_domain3
6271,RNaseP,train,16s_H.sapiens_domain4
6272,RNaseP,train,16s_H.volcanii_domain1
6273,RNaseP,train,16s_H.volcanii_domain2
6274,RNaseP,train,16s_H.volcanii_domain3
6275,RNaseP,train,16s_H.volcanii_domain4
6276,RNaseP,train,16s_M.polymorpha_domain2
6277,RNaseP,train,16s_M.polymorpha_domain3
6278,RNaseP,train,16s_M.polymorpha_domain4
6279,RNaseP,train,16s_P.occultum_domain2
6280,RNaseP,train,16s_P.occultum_domain3
6281,RNaseP,train,16s_P.occultum_domain4
6282,RNaseP,train,16s_P.staleyi_domain2
6283,RNaseP,train,16s_P.staleyi_domain3
6284,RNaseP,train,16s_P.staleyi_domain4
6285,RNaseP,train,16s_S.cerevisiae_domain3
6286,RNaseP,train,16s_S.cerevisiae_domain4
6287,RNaseP,train,16s_T.gondii_domain3
6288,RNaseP,train,16s_T.gondii_domain4
6289,RNaseP,train,16s_T.maritima_domain2
6290,RNaseP,train,16s_T.maritima_domain3
6291,RNaseP,train,16s_T.maritima_domain4
6292,RNaseP,train,16s_Z.mays_domain1
6293,RNaseP,train,16s_Z.mays_domain2
6294,RNaseP,train,16s_Z.mays_domain3
6295,RNaseP,train,16s_Z.mays_domain4
6296,RNaseP,train,16s_A.fulgidus_domain2
6297,RNaseP,train,16s_A.fulgidus_domain3
6298,RNaseP,train,16s_A.fulgidus_domain4
6299,RNaseP,train,16s_A.pyrophilus_domain2
6300,RNaseP,train,16s_A.pyrophilus_domain4
6301,RNaseP,train,16s_B.burgdorferi_domain2
6302,RNaseP,train,16s_B.burgdorferi_domain3
6303,RNaseP,train,16s_B.burgdorferi_domain4
6304,RNaseP,train,16s_B.subtilis_domain2
6305,RNaseP,train,16s_B.subtilis_domain3
6306,RNaseP,train,16s_B.subtilis_domain4
6307,RNaseP,train,16s_C.elegans_domain1
6308,RNaseP,train,16s_C.elegans_domain2
6309,RNaseP,train,16s_C.elegans_domain3
6310,RNaseP,train,16s_C.elegans_domain4
6311,RNaseP,train,16s_C.psittaci_domain2
6312,RNaseP,train,16s_C.psittaci_domain3
6313,RNaseP,train,16s_C.psittaci_domain4
6314,RNaseP,train,16s_C.reinhardtii.chloro_domain1
6315,RNaseP,train,16s_C.reinhardtii.chloro_domain2
6316,RNaseP,train,16s_C.reinhardtii.chloro_domain3
6317,RNaseP,train,16s_C.reinhardtii.chloro_domain4
6318,RNaseP,train,16s_C.reinhardtii.mito_domain1
6319,RNaseP,train,16s_C.reinhardtii.mito_domain2
6320,RNaseP,train,16s_C.reinhardtii.mito_domain3
6321,RNaseP,train,16s_C.reinhardtii.mito_domain4
6322,RNaseP,train,16s_D.melanogaster_domain4
6323,RNaseP,train,16s_E.coli_domain2
6324,RNaseP,train,16s_E.coli_domain3
6325,RNaseP,train,16s_E.coli_domain4
6326,RNaseP,train,16s_F.ananassa_domain3
6327,RNaseP,train,16s_F.ananassa_domain4
6328,RNaseP,train,16s_G.intestinalis_domain1
6329,RNaseP,train,16s_G.intestinalis_domain2
6330,RNaseP,train,16s_G.intestinalis_domain3
6331,RNaseP,train,16s_G.intestinalis_domain4
6332,RNaseP,train,16s_H.sapiens.mito_domain1
6333,RNaseP,train,16s_H.sapiens.mito_domain2
6334,RNaseP,train,16s_H.sapiens.mito_domain3
6335,RNaseP,train,16s_H.sapiens.mito_domain4
6336,RNaseP,train,16s_H.sapiens_domain3
6337,RNaseP,train,16s_H.sapiens_domain4
6338,RNaseP,train,16s_H.volcanii_domain1
6339,RNaseP,train,16s_H.volcanii_domain2
6340,RNaseP,train,16s_H.volcanii_domain3
6341,RNaseP,train,16s_H.volcanii_domain4
6342,RNaseP,train,16s_M.polymorpha_domain2
6343,RNaseP,train,16s_M.polymorpha_domain3
6344,RNaseP,train,16s_M.polymorpha_domain4
6345,RNaseP,train,16s_P.occultum_domain2
6346,RNaseP,train,16s_P.occultum_domain3
6347,RNaseP,train,16s_P.occultum_domain4
6348,RNaseP,train,16s_P.staleyi_domain2
6349,RNaseP,train,16s_P.staleyi_domain3
6350,RNaseP,train,16s_P.staleyi_domain4
6351,RNaseP,train,16s_S.cerevisiae_domain3
6352,RNaseP,train,16s_S.cerevisiae_domain4
6353,RNaseP,train,16s_T.gondii_domain3
6354,RNaseP,train,16s_T.gondii_domain4
6355,RNaseP,train,16s_T.maritima_domain2
6356,RNaseP,train,16s_T.maritima_domain3
6357,RNaseP,train,16s_T.maritima_domain4
6358,RNaseP,train,16s_Z.mays_domain1
6359,RNaseP,train,16s_Z.mays_domain2
6360,RNaseP,train,16s_Z.mays_domain3
6361,RNaseP,train,16s_Z.mays_domain4
6362,RNaseP,train,16s_A.fulgidus_domain2
6363,RNaseP,train,16s_A.fulgidus_domain3
6364,RNaseP,train,23s_B.subtilis_domain3
6365,RNaseP,train,23s_B.subtilis_domain4
6366,RNaseP,train,23s_B.subtilis_domain6
6367,RNaseP,train,23s_E.coli_domain3
6368,RNaseP,train,23s_E.coli_domain4
6369,RNaseP,train,23s_E.coli_domain6
6370,RNaseP,train,23s_H.pylori_domain3
6371,RNaseP,train,23s_H.pylori_domain4
6372,RNaseP,train,23s_H.pylori_domain6
6373,RNaseP,train,23s_S.aureus_domain3
6374,RNaseP,train,23s_S.aureus_domain4
6375,RNaseP,train,23s_S.aureus_domain6
6376,RNaseP,train,23s_T.thermophilus_domain3
6377,RNaseP,train,23s_T.thermophilus_domain4
6378,RNaseP,train,23s_T.thermophilus_domain6
6379,RNaseP,train,23s_B.subtilis_domain3
6380,RNaseP,train,23s_B.subtilis_domain4
6381,RNaseP,train,23s_B.subtilis_domain6
6382,RNaseP,train,23s_E.coli_domain3
6383,RNaseP,train,23s_E.coli_domain4
6384,RNaseP,train,23s_E.coli_domain6
6385,RNaseP,train,23s_H.pylori_domain3
6386,RNaseP,train,23s_H.pylori_domain4
6387,RNaseP,train,23s_H.pylori_domain6
6388,RNaseP,train,23s_S.aureus_domain3
6389,RNaseP,train,23s_S.aureus_domain4
6390,RNaseP,train,23s_S.aureus_domain6
6391,RNaseP,train,23s_T.thermophilus_domain3
6392,RNaseP,train,23s_T.thermophilus_domain4
6393,RNaseP,train,23s_T.thermophilus_domain6
6394,RNaseP,train,23s_B.subtilis_domain3
6395,RNaseP,train,23s_B.subtilis_domain4
6396,RNaseP,train,23s_B.subtilis_domain6
6397,RNaseP,train,23s_E.coli_domain3
6398,RNaseP,train,23s_E.coli_domain4
6399,RNaseP,train,23s_E.coli_domain6
6400,RNaseP,train,23s_H.pylori_domain3
6401,RNaseP,train,23s_H.pylori_domain4
6402,RNaseP,train,23s_H.pylori_domain6
6403,RNaseP,train,23s_S.aureus_domain3
6404,RNaseP,train,23s_S.aureus_domain4
6405,RNaseP,train,23s_S.aureus_domain6
6406,RNaseP,train,23s_T.thermophilus_domain3
6407,RNaseP,train,23s_T.thermophilus_domain4
6408,RNaseP,train,23s_T.thermophilus_domain6
6409,RNaseP,train,23s_B.subtilis_domain3
6410,RNaseP,train,23s_B.subtilis_domain4
6411,RNaseP,train,23s_B.subtilis_domain6
6412,RNaseP,train,23s_E.coli_domain3
6413,RNaseP,train,23s_E.coli_domain4
6414,RNaseP,train,23s_E.coli_domain6
6415,RNaseP,train,23s_H.pylori_domain3
6416,RNaseP,train,23s_H.pylori_domain4
6417,RNaseP,train,23s_H.pylori_domain6
6418,RNaseP,train,23s_S.aureus_domain3
6419,RNaseP,train,23s_S.aureus_domain4
6420,RNaseP,train,23s_S.aureus_domain6
6421,RNaseP,train,23s_T.thermophilus_domain3
6422,RNaseP,train,23s_T.thermophilus_domain4
6423,RNaseP,train,23s_T.thermophilus_domain6
6424,RNaseP,train,23s_B.subtilis_domain3
6425,RNaseP,train,23s_B.subtilis_domain4
6426,RNaseP,train,23s_B.subtilis_domain6
6427,RNaseP,train,23s_E.coli_domain3
6428,RNaseP,train,23s_E.coli_domain4
6429,RNaseP,train,23s_E.coli_domain6
6430,RNaseP,train,23s_H.pylori_domain3
6431,RNaseP,train,23s_H.pylori_domain4
6432,RNaseP,train,23s_H.pylori_domain6
6433,RNaseP,train,23s_S.aureus_domain3
6434,RNaseP,train,23s_S.aureus_domain4
6435,RNaseP,train,23s_S.aureus_domain6
6436,RNaseP,train,23s_T.thermophilus_domain3
6437,RNaseP,train,23s_T.thermophilus_domain4
6438,RNaseP,train,23s_T.thermophilus_domain6
6439,RNaseP,train,23s_B.subtilis_domain3
6440,RNaseP,train,23s_B.subtilis_domain4
6441,RNaseP,train,23s_B.subtilis_domain6
6442,RNaseP,train,23s_E.coli_domain3
6443,RNaseP,train,23s_E.coli_domain4
6444,RNaseP,train,23s_E.coli_domain6
6445,RNaseP,train,23s_H.pylori_domain3
6446,RNaseP,train,23s_H.pylori_domain4
6447,RNaseP,train,23s_H.pylori_domain6
6448,RNaseP,train,23s_S.aureus_domain3
6449,RNaseP,train,23s_S.aureus_domain4
6450,RNaseP,train,23s_S.aureus_domain6
6451,RNaseP,train,23s_T.thermophilus_domain3
6452,RNaseP,train,23s_T.thermophilus_domain4
6453,RNaseP,train,23s_T.thermophilus_domain6
6454,RNaseP,train,23s_B.subtilis_domain3
6455,RNaseP,train,23s_B.subtilis_domain4
6456,RNaseP,train,23s_B.subtilis_domain6
6457,RNaseP,train,23s_E.coli_domain3
6458,RNaseP,train,23s_E.coli_domain4
6459,RNaseP,train,23s_E.coli_domain6
6460,RNaseP,train,23s_H.pylori_domain3
6461,RNaseP,train,23s_H.pylori_domain4
6462,RNaseP,train,23s_H.pylori_domain6
6463,RNaseP,train,23s_S.aureus_domain3
6464,RNaseP,train,23s_S.aureus_domain4
6465,RNaseP,train,23s_S.aureus_domain6
6466,RNaseP,train,23s_T.thermophilus_domain3
6467,RNaseP,train,23s_T.thermophilus_domain4
6468,RNaseP,train,23s_T.thermophilus_domain6
6469,RNaseP,train,23s_B.subtilis_domain3
6470,RNaseP,train,23s_B.subtilis_domain4
6471,RNaseP,train,23s_B.subtilis_domain6
6472,RNaseP,train,23s_E.coli_domain3
6473,RNaseP,train,23s_E.coli_domain4
6474,RNaseP,train,23s_E.coli_domain6
6475,RNaseP,train,23s_H.pylori_domain3
6476,RNaseP,train,23s_H.pylori_domain4
6477,RNaseP,train,23s_H.pylori_domain6
6478,RNaseP,train,23s_S.aureus_domain3
6479,RNaseP,train,23s_S.aureus_domain4
6480,RNaseP,train,23s_S.aureus_domain6
6481,RNaseP,train,23s_T.thermophilus_domain3
6482,RNaseP,train,23s_T.thermophilus_domain4
6483,RNaseP,train,23s_T.thermophilus_domain6
6484,RNaseP,train,23s_B.subtilis_domain3
6485,RNaseP,train,23s_B.subtilis_domain4
6486,RNaseP,train,23s_B.subtilis_domain6
6487,RNaseP,train,23s_E.coli_domain3
6488,RNaseP,train,23s_E.coli_domain4
6489,RNaseP,train,23s_E.coli_domain6
6490,RNaseP,train,23s_H.pylori_domain3
6491,RNaseP,train,23s_H.pylori_domain4
6492,RNaseP,train,23s_H.pylori_domain6
6493,RNaseP,train,23s_S.aureus_domain3
6494,RNaseP,train,23s_S.aureus_domain4
6495,RNaseP,train,23s_S.aureus_domain6
6496,RNaseP,train,23s_T.thermophilus_domain3
6497,RNaseP,train,23s_T.thermophilus_domain4
6498,RNaseP,train,23s_T.thermophilus_domain6
6499,RNaseP,train,23s_B.subtilis_domain3
6500,RNaseP,train,23s_B.subtilis_domain4
6501,RNaseP,train,23s_B.subtilis_domain6
6502,RNaseP,train,23s_E.coli_domain3
6503,RNaseP,train,23s_E.coli_domain4
6504,RNaseP,train,23s_E.coli_domain6
6505,RNaseP,train,23s_H.pylori_domain3
6506,RNaseP,train,23s_H.pylori_domain4
6507,RNaseP,train,23s_H.pylori_domain6
6508,RNaseP,train,23s_S.aureus_domain3
6509,RNaseP,train,23s_S.aureus_domain4
6510,RNaseP,train,23s_S.aureus_domain6
6511,RNaseP,train,23s_T.thermophilus_domain3
6512,RNaseP,train,23s_T.thermophilus_domain4
6513,RNaseP,train,23s_T.thermophilus_domain6
6514,RNaseP,train,23s_B.subtilis_domain3
6515,RNaseP,train,23s_B.subtilis_domain4
6516,RNaseP,train,23s_B.subtilis_domain6
6517,RNaseP,train,23s_E.coli_domain3
6518,RNaseP,train,23s_E.coli_domain4
6519,RNaseP,train,23s_E.coli_domain6
6520,RNaseP,train,23s_H.pylori_domain3
6521,RNaseP,train,23s_H.pylori_domain4
6522,RNaseP,train,23s_H.pylori_domain6
6523,RNaseP,train,23s_S.aureus_domain3
6524,RNaseP,train,23s_S.aureus_domain4
6525,RNaseP,train,23s_S.aureus_domain6
6526,RNaseP,train,23s_T.thermophilus_domain3
6527,RNaseP,train,23s_T.thermophilus_domain4
6528,RNaseP,train,23s_T.thermophilus_domain6
6529,RNaseP,train,23s_B.subtilis_domain3
6530,RNaseP,train,23s_B.subtilis_domain4
6531,RNaseP,train,23s_B.subtilis_domain6
6532,RNaseP,train,23s_E.coli_domain3
6533,RNaseP,train,23s_E.coli_domain4
6534,RNaseP,train,23s_E.coli_domain6
6535,RNaseP,train,23s_H.pylori_domain3
6536,RNaseP,train,23s_H.pylori_domain4
6537,RNaseP,train,23s_H.pylori_domain6
6538,RNaseP,train,23s_S.aureus_domain3
6539,RNaseP,train,23s_S.aureus_domain4
6540,RNaseP,train,23s_S.aureus_domain6
6541,RNaseP,train,23s_T.thermophilus_domain3
6542,RNaseP,train,23s_T.thermophilus_domain4
6543,RNaseP,train,23s_T.thermophilus_domain6
6544,RNaseP,train,23s_B.subtilis_domain3
6545,RNaseP,train,23s_B.subtilis_domain4
6546,RNaseP,train,23s_B.subtilis_domain6
6547,RNaseP,train,23s_E.coli_domain3
6548,RNaseP,train,23s_E.coli_domain4
6549,RNaseP,train,23s_E.coli_domain6
6550,RNaseP,train,23s_H.pylori_domain3
6551,RNaseP,train,23s_H.pylori_domain4
6552,RNaseP,train,23s_H.pylori_domain6
6553,RNaseP,train,23s_S.aureus_domain3
6554,RNaseP,train,23s_S.aureus_domain4
6555,RNaseP,train,23s_S.aureus_domain6
6556,RNaseP,train,23s_T.thermophilus_domain3
6557,RNaseP,train,23s_T.thermophilus_domain4
6558,RNaseP,train,23s_T.thermophilus_domain6
6559,RNaseP,train,23s_B.subtilis_domain3
6560,RNaseP,train,23s_B.subtilis_domain4
6561,RNaseP,train,23s_B.subtilis_domain6
6562,RNaseP,train,23s_E.coli_domain3
6563,RNaseP,train,23s_E.coli_domain4
6564,RNaseP,train,5s_Anaplasma-phagocytophilum-1
6565,RNaseP,train,5s_Andrias-davidianus-1
6566,RNaseP,train,5s_Andrias-japonicus-1
6567,RNaseP,train,5s_Ascaris-suum-1
6568,RNaseP,train,5s_Ascobolus-immersus-1
6569,RNaseP,train,5s_Ascobolus-immersus-4
6570,RNaseP,train,5s_Asterias-vulgaris-1
6571,RNaseP,train,5s_Aurelia_aurita-1
6572,RNaseP,train,5s_Azospirillum-lipoferum-1
6573,RNaseP,train,5s_Bacillus-amyloliquefaciens-1
6574,RNaseP,train,5s_Bacillus-subtilis-6
6575,RNaseP,train,5s_Bacteroides-capillosus-1
6576,RNaseP,train,5s_Bacteroides-fragilis-5
6577,RNaseP,train,5s_Bacteroides-thetaiotaomicron-1
6578,RNaseP,train,5s_Bacteroides-veroralis-1
6579,RNaseP,train,5s_Borrelia-burgdorferi-1
6580,RNaseP,train,5s_Brucella-suis-1
6581,RNaseP,train,5s_Buchnera-aphidicola-1
6582,RNaseP,train,5s_Buchnera-aphidicola-3
6583,RNaseP,train,5s_Bursaphelenchus-xylophilus-1
6584,RNaseP,train,5s_Caenorhabditis-elegans-3
6585,RNaseP,train,5s_Candida-azyma-1
6586,RNaseP,train,5s_Candidatus-Phytoplasma-asteris-1
6587,RNaseP,train,5s_Candidatus-Tremblaya-princeps-5
6588,RNaseP,train,5s_Candidatus-Tremblaya-princeps-6
6589,RNaseP,train,5s_Caulobacter-sp.-1
6590,RNaseP,train,5s_Caulobacter-sp.-4
6591,RNaseP,train,5s_Caulobacter-spinosum-1
6592,RNaseP,train,5s_Chlamydia-trachomatis-1
6593,RNaseP,train,5s_Chlamydomonas-reinhardtii-1
6594,RNaseP,train,5s_Chlamydomonas-reinhardtii-2
6595,RNaseP,train,5s_Chlorella-pyrenoidosa-1
6596,RNaseP,train,5s_Chlorobium-tepidum-1
6597,RNaseP,train,5s_Clostridium-acetobutylicum-3
6598,RNaseP,train,5s_Clostridium-pasteurianum-1
6599,RNaseP,train,5s_Coleochaete-scutata-1
6600,RNaseP,train,5s_Coxiella-burnetii-1
6601,RNaseP,train,5s_Coxiella-burnetii-2
6602,RNaseP,train,5s_Cryptococcus-laurentii-1
6603,RNaseP,train,5s_Cryptomonas-paramecium-1
6604,RNaseP,train,5s_Cyanidium-caldarium-1
6605,RNaseP,train,5s_Dehalococcoides-ethenogenes-1
6606,RNaseP,train,5s_Deinococcus-radiodurans-1
6607,RNaseP,train,5s_Deinococcus-radiophilus-1
6608,RNaseP,train,5s_Desulfurococcus-mobilis-1
6609,RNaseP,train,5s_Diatoma-tenue-1
6610,RNaseP,train,5s_Distigma-proteus-1
6611,RNaseP,train,5s_Drosophila-melanogaster-2
6612,RNaseP,train,5s_Ehrlichia-ruminantium-1
6613,RNaseP,train,5s_Emericella-nidulans-4
6614,RNaseP,train,5s_Emericella-nidulans-5
6615,RNaseP,train,5s_Erythromicrobium-ezovicum-1
6616,RNaseP,train,5s_Erythromicrobium-hydrolyticum-1
6617,RNaseP,train,5s_Erythromicrobium-ramosum-1
6618,RNaseP,train,5s_Euplotes-aediculatus-1
6619,RNaseP,train,5s_Filobasidiella-depauperata-1
6620,RNaseP,train,5s_Finegoldia-magna-2
6621,RNaseP,train,5s_Flectobacillus-major-1
6622,RNaseP,train,5s_Frankia-sp.-1
6623,RNaseP,train,5s_Fusarium-culmorum-6
6624,RNaseP,train,5s_Fusarium-lunulosporum-10
6625,RNaseP,train,5s_Fusarium-pseudograminearum-3
6626,RNaseP,train,5s_Fusarium-sporotrichioides-1
6627,RNaseP,train,5s_Fusobacterium-nucleatum-5
6628,RNaseP,train,5s_Gemm_obscuB
6629,RNaseP,train,5s_Genistelloides-hibernus-1
6630,RNaseP,train,5s_Geobacillus-kaustophilus-7
6631,RNaseP,train,5s_Geobacillus-stearothermophilus-4
6632,RNaseP,train,5s_Geodermatophilus-obscurus-1
6633,RNaseP,train,5s_Gracilaria-compressa-2
6634,RNaseP,train,5s_Halobacterium-sp.-2
6635,RNaseP,train,5s_Halococcus-morrhuae-2
6636,RNaseP,train,5s_Halorubrum-distributum-3
6637,RNaseP,train,5s_Halorubrum-saccharovorum-1
6638,RNaseP,train,5s_Halorubrum-terrestre-1
6639,RNaseP,train,5s_Halorubrum-terrestre-2
6640,RNaseP,train,5s_Hyphomicrobium-sp.-4
6641,RNaseP,train,5s_Hyphomicrobium-vulgare-1
6642,RNaseP,train,5s_Hyphomonas-oligotropha-1
6643,RNaseP,train,5s_Isosphaera-pallida-1
6644,RNaseP,train,5s_Klebsormidium-flaccidum-1
6645,RNaseP,train,5s_Lactobacillus-delbrueckii-1
6646,RNaseP,train,5s_Lactobacillus-johnsonii-1
6647,RNaseP,train,5s_Lactococcus-lactis-2
6648,RNaseP,train,5s_Lactococcus-lactis-4
6649,RNaseP,train,5s_Limulus-polyphemus-1
6650,RNaseP,train,5s_Loofah-witches-broom-phytoplasma-1
6651,RNaseP,train,5s_Meloidogyne-arenaria-2
6652,RNaseP,train,5s_Meloidogyne-artiellia-1
6653,RNaseP,train,5s_Methanobrevibacter-ruminantium-1
6654,RNaseP,train,5s_Methanococcus-maripaludis-1
6655,RNaseP,train,5s_Methanopyrus-kandleri-1
6656,RNaseP,train,5s_Methanosarcina-barkeri-1
6657,RNaseP,train,5s_Methanosarcina-mazei-2
6658,RNaseP,train,5s_Methanosarcina-vacuolata-1
6659,RNaseP,train,5s_Methanospirillum-hungatei-1
6660,RNaseP,train,5s_Methanothermobacter-thermautotrophicus-1
6661,RNaseP,train,5s_Methanothermobacter-thermautotrophicus-5
6662,RNaseP,train,5s_Methanothermobacter-thermautotrophicus-6
6663,RNaseP,train,5s_Methanothermococcus-thermolithotrophicus-1
6664,RNaseP,train,5s_Microtetraspora-glauca-1
6665,RNaseP,train,5s_Mycoplasma-flocculare-1
6666,RNaseP,train,5s_Mycoplasma-gallisepticum-4
6667,RNaseP,train,5s_Mycoplasma-genitalium-1
6668,RNaseP,train,5s_Mycoplasma-mobile-1
6669,RNaseP,train,5s_Mycoplasma-pulmonis-1
6670,RNaseP,train,5s_Mycoplasma-sp.-2
6671,RNaseP,train,5s_Myxococcus-coralloides-1
6672,RNaseP,train,5s_Nanoarchaeum-equitans-1
6673,RNaseP,train,5s_Natrinema-sp.-1
6674,RNaseP,train,5s_Nephila-clavipes-1
6675,RNaseP,train,5s_Neurospora-crassa-11
6676,RNaseP,train,5s_Neurospora-crassa-12
6677,RNaseP,train,5s_Neurospora-intermedia-1
6678,RNaseP,train,5s_Nitrobacter-winogradskyi-1
6679,RNaseP,train,5s_Nocardia-farcinica-1
6680,RNaseP,train,5s_Notophthalmus-viridescens-1
6681,RNaseP,train,5s_Oceanobacillus-iheyensis-4
6682,RNaseP,train,5s_Octopus-vulgaris-1
6683,RNaseP,train,5s_Onchocerca-volvulus-1
6684,RNaseP,train,5s_Oryza-sativa-2
6685,RNaseP,train,5s_Paenibacillus-popilliae-1
6686,RNaseP,train,5s_Palmaria-palmata-1
6687,RNaseP,train,5s_Paracentrotus-lividus-2
6688,RNaseP,train,5s_Paramecium-tetraurelia-1
6689,RNaseP,train,5s_Pedobacter-heparinus-1
6690,RNaseP,train,5s_Pichia-membranifaciens-1
6691,RNaseP,train,5s_Planocera-reticulata-1
6692,RNaseP,train,5s_Plasmodium-falciparum-1
6693,RNaseP,train,5s_Pleurodeles-waltl-1
6694,RNaseP,train,5s_Pneumocystis-carinii-1
6695,RNaseP,train,5s_Porphyra-yezoensis-1
6696,RNaseP,train,5s_Porphyromonas-gingivalis-2
6697,RNaseP,train,5s_Proasellus-coxalis-1
6698,RNaseP,train,5s_Pseudomonas-stutzeri-2
6699,RNaseP,train,5s_Pyrenophora-graminea-1
6700,RNaseP,train,5s_Pyrococcus-abyssi-1
6701,RNaseP,train,5s_Pyrococcus-horikoshii-2
6702,RNaseP,train,5s_Ralstonia-solanacearum-2
6703,RNaseP,train,5s_Rana-pipiens-1
6704,RNaseP,train,5s_Rhodobacter-capsulatus-3
6705,RNaseP,train,5s_Rhodobacter-sphaeroides-1
6706,RNaseP,train,5s_Rhodobacter-sphaeroides-3
6707,RNaseP,train,5s_Rhodococcus-fascians-2
6708,RNaseP,train,5s_Rhodopirellula-baltica-1
6709,RNaseP,train,5s_Rickettsia-prowazekii-1
6710,RNaseP,train,5s_Roseococcus-thiosulfatophilus-1
6711,RNaseP,train,5s_Roseococcus-thiosulfatophilus-2
6712,RNaseP,train,5s_Saccharomyces-cerevisiae-3
6713,RNaseP,train,5s_Sandaracinobacter-sibiricus-1
6714,RNaseP,train,5s_Saprospira-grandis-1
6715,RNaseP,train,5s_Scenedesmus-obliquus-1
6716,RNaseP,train,5s_Silicibacter-pomeroyi-1
6717,RNaseP,train,5s_Sphingomonas-ursincola-1
6718,RNaseP,train,5s_Spirogyra-sp.-1
6719,RNaseP,train,5s_Spirosoma-sp.-1
6720,RNaseP,train,5s_Sterkiella-nova-1
6721,RNaseP,train,5s_Streptococcus-pyogenes-4
6722,RNaseP,train,5s_Streptococcus-salivarius-1
6723,RNaseP,train,5s_Streptomyces-coelicolor-5
6724,RNaseP,train,5s_Streptomyces-nodosus-2
6725,RNaseP,train,5s_Streptomyces-violaceus-1
6726,RNaseP,train,5s_Sulfolobus-tokodaii-1
6727,RNaseP,train,5s_Sulfurococcus-mirabilis-1
6728,RNaseP,train,5s_Symbiobacterium-thermophilum-3
6729,RNaseP,train,5s_Symbiobacterium-thermophilum-4
6730,RNaseP,train,5s_T_cruziE
6731,RNaseP,train,5s_Taxus-baccata-1
6732,RNaseP,train,5s_Thermomicrobium-roseum-1
6733,RNaseP,train,5s_Thermoplasma-volcanium-1
6734,RNaseP,train,5s_Thermotoga-sp.-3
6735,RNaseP,train,5s_Thermus-aquaticus-1
6736,RNaseP,train,5s_Thiobacillus-thioparus-1
6737,RNaseP,train,5s_Thraustochytrium-visurgense-2
6738,RNaseP,train,5s_Tilletiaria-anomala-1
6739,RNaseP,train,5s_Toxoplasma-gondii-2
6740,RNaseP,train,5s_Tremella-mesenterica-1
6741,RNaseP,train,5s_Tremella-mesenterica-2
6742,RNaseP,train,5s_Tricharina-hiemalis-1
6743,RNaseP,train,5s_Trichoplax-adhaerens-1
6744,RNaseP,train,5s_Triticum-aestivum-1
6745,RNaseP,train,5s_Tuberoidobacter-mutans-1
6746,RNaseP,train,5s_Ulva-pertusa-1
6747,RNaseP,train,5s_Ureaplasma-urealyticum-3
6748,RNaseP,train,5s_Uthatobasidium-fusisporum-1
6749,RNaseP,train,5s_Verrucomicrobium-spinosum-1
6750,RNaseP,train,5s_Vibrio-nereis-1
6751,RNaseP,train,5s_Vitreoscilla-stercoraria-1
6752,RNaseP,train,5s_Weissella-viridescens-2
6753,RNaseP,train,5s_Wigglesworthia-glossinidia-1
6754,RNaseP,train,5s_Wolbachia-endosymbiont-of-D.-melanogaster-1
6755,RNaseP,train,5s_Wolbachia-pipientis-1
6756,RNaseP,train,5s_Wolinella-succinogenes-1
6757,RNaseP,train,5s_Wuchereria-bancrofti-1
6758,RNaseP,train,5s_Xenopus-borealis-3
6759,RNaseP,train,5s_Xenopus-laevis-5
6760,RNaseP,train,5s_Xenopus-tropicalis-2
6761,RNaseP,train,5s_Xylella-fastidiosa-2
6762,RNaseP,train,5s_Zymomonas-mobilis-1
6763,RNaseP,train,5s_uncultured-euryarchaeote-37F11-1
6764,RNaseP,test,RNaseP_A.ambivalens
6765,RNaseP,test,RNaseP_A.brierleyi
6766,RNaseP,test,RNaseP_A.chroococcum
6767,RNaseP,test,RNaseP_A.erythreum
6768,RNaseP,test,RNaseP_A.eutrophus
6769,RNaseP,test,RNaseP_A.fastidiosum
6770,RNaseP,test,RNaseP_A.ferrooxidans
6771,RNaseP,test,RNaseP_A.ferrooxidans-g
6772,RNaseP,test,RNaseP_A.fulgidus
6773,RNaseP,test,RNaseP_A.laidlawii
6774,RNaseP,test,RNaseP_A.macrocytogenes123
6775,RNaseP,test,RNaseP_A.nidulans
6776,RNaseP,test,RNaseP_A.obstetricans
6777,RNaseP,test,RNaseP_A.paspali
6778,RNaseP,test,RNaseP_A.pernix
6779,RNaseP,test,RNaseP_A.salinestris-184
6780,RNaseP,test,RNaseP_A.telluris
6781,RNaseP,test,RNaseP_A.truei
6782,RNaseP,test,RNaseP_A.tumefaciens
6783,RNaseP,test,RNaseP_A.vinlandii-CA
6784,RNaseP,test,RNaseP_Anabaena-ATCC29413
6785,RNaseP,test,RNaseP_Anabaena-PCC7120
6786,RNaseP,test,RNaseP_B.anthracis
6787,RNaseP,test,RNaseP_B.brevis
6788,RNaseP,test,RNaseP_B.bronchiseptica
6789,RNaseP,test,RNaseP_B.bufo
6790,RNaseP,test,RNaseP_B.burgdorferi
6791,RNaseP,test,RNaseP_B.burgdorferi-g
6792,RNaseP,test,RNaseP_B.calamita
6793,RNaseP,test,RNaseP_B.halodurans
6794,RNaseP,test,RNaseP_B.hermsii
6795,RNaseP,test,RNaseP_B.megaterium
6796,RNaseP,test,RNaseP_B.pertussis
6797,RNaseP,test,RNaseP_B.stearothermophilus
6798,RNaseP,test,RNaseP_B.subtilis
6799,RNaseP,test,RNaseP_B.subtilis-g
6800,RNaseP,test,RNaseP_B.thetaiotaomicron
6801,RNaseP,test,RNaseP_BH145
6802,RNaseP,test,RNaseP_Buchnera-APS
6803,RNaseP,test,RNaseP_C.acetobutylicum
6804,RNaseP,test,RNaseP_C.aurantiacus
6805,RNaseP,test,RNaseP_C.crescentus
6806,RNaseP,test,RNaseP_C.difficile
6807,RNaseP,test,RNaseP_C.diphtheriae
6808,RNaseP,test,RNaseP_C.hydrogenoformans
6809,RNaseP,test,RNaseP_C.innocuum
6810,RNaseP,test,RNaseP_C.jejuni
6811,RNaseP,test,RNaseP_C.limicola
6812,RNaseP,test,RNaseP_C.muridarum-g
6813,RNaseP,test,RNaseP_C.opuntiae
6814,RNaseP,test,RNaseP_C.paradoxa-cyanelle
6815,RNaseP,test,RNaseP_C.pecorum-IPA
6816,RNaseP,test,RNaseP_C.pneumoniae
6817,RNaseP,test,RNaseP_C.pneumoniae-AR39
6818,RNaseP,test,RNaseP_C.pneumoniae-CWL029
6819,RNaseP,test,RNaseP_C.psittaci
6820,RNaseP,test,RNaseP_C.psittaci-2
6821,RNaseP,test,RNaseP_C.psittaci-R54
6822,RNaseP,test,RNaseP_C.sporogenes
6823,RNaseP,test,RNaseP_C.tepidum
6824,RNaseP,test,RNaseP_C.tepidum-g
6825,RNaseP,test,RNaseP_C.testosteroni
6826,RNaseP,test,RNaseP_C.trachomatis
6827,RNaseP,test,RNaseP_C.trachomatis-2
6828,RNaseP,test,RNaseP_C.trachomatis-D
6829,RNaseP,test,RNaseP_C.vinosum
6830,RNaseP,test,RNaseP_CPA49
6831,RNaseP,test,RNaseP_CPA54
6832,RNaseP,test,RNaseP_CPA56
6833,RNaseP,test,RNaseP_CPA58
6834,RNaseP,test,RNaseP_CPA59
6835,RNaseP,test,RNaseP_CPA61
6836,RNaseP,test,RNaseP_CPA62
6837,RNaseP,test,RNaseP_CPA63
6838,RNaseP,test,RNaseP_CPB139
6839,RNaseP,test,RNaseP_CPB141
6840,RNaseP,test,RNaseP_CPB144
6841,RNaseP,test,RNaseP_CPB147
6842,RNaseP,test,RNaseP_CPB149
6843,RNaseP,test,RNaseP_CPB69
6844,RNaseP,test,RNaseP_CPB70
6845,RNaseP,test,RNaseP_CPB72
6846,RNaseP,test,RNaseP_CPB73
6847,RNaseP,test,RNaseP_CPB74
6848,RNaseP,test,RNaseP_CPB75
6849,RNaseP,test,RNaseP_CPB7776
6850,RNaseP,test,RNaseP_CPB80
6851,RNaseP,test,RNaseP_CPB86
6852,RNaseP,test,RNaseP_Calothrix-PCC7601
6853,RNaseP,test,RNaseP_D.desulfuricans
6854,RNaseP,test,RNaseP_D.jeanneae
6855,RNaseP,test,RNaseP_D.radiodurans
6856,RNaseP,test,RNaseP_D.radiodurans-g
6857,RNaseP,test,RNaseP_D.vulgaris
6858,RNaseP,test,RNaseP_DU1
6859,RNaseP,test,RNaseP_Dermocarpa-PCC7437
6860,RNaseP,test,RNaseP_E.agglomerulans
6861,RNaseP,test,RNaseP_E.asper
6862,RNaseP,test,RNaseP_E.coli
6863,RNaseP,test,RNaseP_E.coli-JM109
6864,RNaseP,test,RNaseP_E.coli-g
6865,RNaseP,test,RNaseP_E.eschscholtzii-1
6866,RNaseP,test,RNaseP_E.eschscholtzii-2
6867,RNaseP,test,RNaseP_E.eschsholtzii
6868,RNaseP,test,RNaseP_E.faecalis
6869,RNaseP,test,RNaseP_E.faecalis-2
6870,RNaseP,test,RNaseP_E.thermomarinus
6871,RNaseP,test,RNaseP_E1B
6872,RNaseP,test,RNaseP_EF
6873,RNaseP,test,RNaseP_EM14b-11
6874,RNaseP,test,RNaseP_EM14b-9
6875,RNaseP,test,RNaseP_ERE
6876,RNaseP,test,RNaseP_ERH
6877,RNaseP,test,RNaseP_ESH167E
6878,RNaseP,test,RNaseP_ESH167F
6879,RNaseP,test,RNaseP_ESH17b-7
6880,RNaseP,test,RNaseP_ESH183A
6881,RNaseP,test,RNaseP_ESH183D
6882,RNaseP,test,RNaseP_ESH20b-1
6883,RNaseP,test,RNaseP_ESH20b-4
6884,RNaseP,test,RNaseP_ESH210B
6885,RNaseP,test,RNaseP_ESH212C
6886,RNaseP,test,RNaseP_ESH21b-4
6887,RNaseP,test,RNaseP_ESH26-4
6888,RNaseP,test,RNaseP_ESH30-3
6889,RNaseP,test,RNaseP_ESH46a-1
6890,RNaseP,test,RNaseP_ESH7-16
6891,RNaseP,test,RNaseP_ESH7-4
6892,RNaseP,test,RNaseP_ESH7-9
6893,RNaseP,test,RNaseP_F.antarctica
6894,RNaseP,test,RNaseP_F.mortiferum
6895,RNaseP,test,RNaseP_F.yabuuchiae
6896,RNaseP,test,RNaseP_Fischerella-UTEX1829
6897,RNaseP,test,RNaseP_G.gorilla
6898,RNaseP,test,RNaseP_G.sulfurreducens
6899,RNaseP,test,RNaseP_H.aurantiacus
6900,RNaseP,test,RNaseP_H.chlorum
6901,RNaseP,test,RNaseP_H.chlorum-partial
6902,RNaseP,test,RNaseP_H.cutirubrum
6903,RNaseP,test,RNaseP_H.influenza
6904,RNaseP,test,RNaseP_H.mobilis
6905,RNaseP,test,RNaseP_H.morrhuae
6906,RNaseP,test,RNaseP_H.pylori-26695
6907,RNaseP,test,RNaseP_H.pylori-48K
6908,RNaseP,test,RNaseP_H.pylori-J99
6909,RNaseP,test,RNaseP_H.pylori-RU1
6910,RNaseP,test,RNaseP_H.sapiens
6911,RNaseP,test,RNaseP_H.trapanicum
6912,RNaseP,test,RNaseP_H.volcanii
6913,RNaseP,test,RNaseP_Halobacterium-NRC1
6914,RNaseP,test,RNaseP_I.calvum
6915,RNaseP,test,RNaseP_K.pneumoniae
6916,RNaseP,test,RNaseP_K.polysporus
6917,RNaseP,test,RNaseP_K.thermotolerans
6918,RNaseP,test,RNaseP_L.acidophilus
6919,RNaseP,test,RNaseP_L.borgpetersenii
6920,RNaseP,test,RNaseP_L.ferrooxidans-CF
6921,RNaseP,test,RNaseP_L.ferrooxidans-MK
6922,RNaseP,test,RNaseP_L.japonicus-IFO12422
6923,RNaseP,test,RNaseP_L.japonicus-IFO15385
6924,RNaseP,test,RNaseP_L.muta-1
6925,RNaseP,test,RNaseP_L.muta-2
6926,RNaseP,test,RNaseP_L.weilii
6927,RNaseP,test,RNaseP_LGA1
6928,RNaseP,test,RNaseP_LGA10
6929,RNaseP,test,RNaseP_LGA2
6930,RNaseP,test,RNaseP_LGA6
6931,RNaseP,test,RNaseP_LGA8
6932,RNaseP,test,RNaseP_LGB21
6933,RNaseP,test,RNaseP_LGB23
6934,RNaseP,test,RNaseP_LGB27
6935,RNaseP,test,RNaseP_LGB32
6936,RNaseP,test,RNaseP_LGB41
6937,RNaseP,test,RNaseP_LGB5
6938,RNaseP,test,RNaseP_LGW113
6939,RNaseP,test,RNaseP_LGW116
6940,RNaseP,test,RNaseP_LGW17
6941,RNaseP,test,RNaseP_LGW18
6942,RNaseP,test,RNaseP_LGW23
6943,RNaseP,test,RNaseP_LGW46
6944,RNaseP,test,RNaseP_M.avium
6945,RNaseP,test,RNaseP_M.barkeri
6946,RNaseP,test,RNaseP_M.bovis
6947,RNaseP,test,RNaseP_M.capricolum
6948,RNaseP,test,RNaseP_M.fermentans
6949,RNaseP,test,RNaseP_M.fervidus
6950,RNaseP,test,RNaseP_M.flocculare
6951,RNaseP,test,RNaseP_M.formicicum
6952,RNaseP,test,RNaseP_M.genitalium
6953,RNaseP,test,RNaseP_M.hyopneumoniae
6954,RNaseP,test,RNaseP_M.jannaschii
6955,RNaseP,test,RNaseP_M.leprae
6956,RNaseP,test,RNaseP_M.luteus
6957,RNaseP,test,RNaseP_M.maripaludus
6958,RNaseP,test,RNaseP_M.phosphovorus-JCM9379
6959,RNaseP,test,RNaseP_M.phosphovorus-JCM9380
6960,RNaseP,test,RNaseP_M.pneumoniae
6961,RNaseP,test,RNaseP_M.sedula
6962,RNaseP,test,RNaseP_M.thermoautotrophicum-DH
6963,RNaseP,test,RNaseP_M.thermoautotrophicumDH-2
6964,RNaseP,test,RNaseP_M.thermoautotrophicumDH-g
6965,RNaseP,test,RNaseP_M.thermoautotrphicumMarb
6966,RNaseP,test,RNaseP_M.thermolithotrophicus
6967,RNaseP,test,RNaseP_M.tuberculosis
6968,RNaseP,test,RNaseP_M.tuberculosis-g
6969,RNaseP,test,RNaseP_M.vannielli
6970,RNaseP,test,RNaseP_M.xanthus
6971,RNaseP,test,RNaseP_Mxa1
6972,RNaseP,test,RNaseP_N.albus
6973,RNaseP,test,RNaseP_N.europaea
6974,RNaseP,test,RNaseP_N.flavus
6975,RNaseP,test,RNaseP_N.fulvus-JCM3335
6976,RNaseP,test,RNaseP_N.fulvus-KCTC9580
6977,RNaseP,test,RNaseP_N.gonnorhoeae
6978,RNaseP,test,RNaseP_N.gregoryi
6979,RNaseP,test,RNaseP_N.jensenii
6980,RNaseP,test,RNaseP_N.luteus
6981,RNaseP,test,RNaseP_N.meningitidis-Z2491
6982,RNaseP,test,RNaseP_N.meningtidis-MC58
6983,RNaseP,test,RNaseP_N.olivacea-chloroplast
6984,RNaseP,test,RNaseP_N.plantarum
6985,RNaseP,test,RNaseP_N.pyridinolyticus
6986,RNaseP,test,RNaseP_N.simplex
6987,RNaseP,test,RNaseP_Nocardiodes-ATCC39419
6988,RNaseP,test,RNaseP_Nocardiodes-NSP41
6989,RNaseP,test,RNaseP_Nostoc-PCC6705
6990,RNaseP,test,RNaseP_Nostoc-PCC7107
6991,RNaseP,test,RNaseP_Nostoc-PCC7413
6992,RNaseP,test,RNaseP_Onchorhynchus-1
6993,RNaseP,test,RNaseP_Onchorhynchus-2
6994,RNaseP,test,RNaseP_Onchorhynchus-sp-1
6995,RNaseP,test,RNaseP_Onchorhynchus-sp-2
6996,RNaseP,test,RNaseP_Oscillatoria-PCC7515
6997,RNaseP,test,RNaseP_P.abyssi
6998,RNaseP,test,RNaseP_P.acanthamoebae
6999,RNaseP,test,RNaseP_P.aerogenes
7000,RNaseP,test,RNaseP_P.aeruginosa
7001,RNaseP,test,RNaseP_P.alcalifaciens
7002,RNaseP,test,RNaseP_P.azotoformans
7003,RNaseP,test,RNaseP_P.canadensis
7004,RNaseP,test,RNaseP_P.cultripes
7005,RNaseP,test,RNaseP_P.douglassii
7006,RNaseP,test,RNaseP_P.fluorescens
7007,RNaseP,test,RNaseP_P.furiosus
7008,RNaseP,test,RNaseP_P.furiosus-2
7009,RNaseP,test,RNaseP_P.gingivalis
7010,RNaseP,test,RNaseP_P.guilliermondii
7011,RNaseP,test,RNaseP_P.hollandica
7012,RNaseP,test,RNaseP_P.horikoshi
7013,RNaseP,test,RNaseP_P.innocua
7014,RNaseP,test,RNaseP_P.marinus
7015,RNaseP,test,RNaseP_P.marinus-2
7016,RNaseP,test,RNaseP_P.maris
7017,RNaseP,test,RNaseP_P.mississippiensis
7018,RNaseP,test,RNaseP_P.purpurea-chloroplast
7019,RNaseP,test,RNaseP_P.putida
7020,RNaseP,test,RNaseP_P.pygmaeus
7021,RNaseP,test,RNaseP_P.shigelloides
7022,RNaseP,test,RNaseP_P.staleyi
7023,RNaseP,test,RNaseP_P.strasburgensis
7024,RNaseP,test,RNaseP_P.stutzeri
7025,RNaseP,test,RNaseP_P.troglodytes
7026,RNaseP,test,RNaseP_P.vulgaris
7027,RNaseP,test,RNaseP_P126
7028,RNaseP,test,RNaseP_P131
7029,RNaseP,test,RNaseP_PF101
7030,RNaseP,test,RNaseP_PS1
7031,RNaseP,test,RNaseP_PS2
7032,RNaseP,test,RNaseP_PS22
7033,RNaseP,test,RNaseP_PS24
7034,RNaseP,test,RNaseP_PS26
7035,RNaseP,test,RNaseP_PS27
7036,RNaseP,test,RNaseP_PS31
7037,RNaseP,test,RNaseP_PS33
7038,RNaseP,test,RNaseP_PS4
7039,RNaseP,test,RNaseP_PS6
7040,RNaseP,test,RNaseP_PS8
7041,RNaseP,test,RNaseP_Prochlorococcus-NATL1
7042,RNaseP,test,RNaseP_Prochlorococcus-NATL2
7043,RNaseP,test,RNaseP_Prochlorococcus-PAC1A
7044,RNaseP,test,RNaseP_Prochlorococcus-PAC1B
7045,RNaseP,test,RNaseP_Prochlorococcus-PCC9511
7046,RNaseP,test,RNaseP_Prochlorococcus-TAK9803-2
7047,RNaseP,test,RNaseP_Prochlorococcus-TATL2
7048,RNaseP,test,RNaseP_Prochlorococcus-TATL2-2
7049,RNaseP,test,RNaseP_Pseudoanabaena-PCC6903
7050,RNaseP,test,RNaseP_R.americana-mito
7051,RNaseP,test,RNaseP_R.capsulatus
7052,RNaseP,test,RNaseP_R.norvegicus
7053,RNaseP,test,RNaseP_R.palustris
7054,RNaseP,test,RNaseP_R.prowazekii
7055,RNaseP,test,RNaseP_R.rubrum
7056,RNaseP,test,RNaseP_Rr327
7057,RNaseP,test,RNaseP_Rr368
7058,RNaseP,test,RNaseP_S.acidocaldarius
7059,RNaseP,test,RNaseP_S.aureus
7060,RNaseP,test,RNaseP_S.aureus-2
7061,RNaseP,test,RNaseP_S.azurea-K161T
7062,RNaseP,test,RNaseP_S.bayanus
7063,RNaseP,test,RNaseP_S.bikiniensis
7064,RNaseP,test,RNaseP_S.bovis
7065,RNaseP,test,RNaseP_S.caesia-K163
7066,RNaseP,test,RNaseP_S.caesia-K182
7067,RNaseP,test,RNaseP_S.caesia-K200
7068,RNaseP,test,RNaseP_S.caesia-K76T
7069,RNaseP,test,RNaseP_S.caesia-SB01
7070,RNaseP,test,RNaseP_S.caesia-SB22
7071,RNaseP,test,RNaseP_S.carlsbergensis
7072,RNaseP,test,RNaseP_S.castellii
7073,RNaseP,test,RNaseP_S.cerevisiae
7074,RNaseP,test,RNaseP_S.cyanea-K168T
7075,RNaseP,test,RNaseP_S.dairensis
7076,RNaseP,test,RNaseP_S.diastaticus
7077,RNaseP,test,RNaseP_S.epidermidis
7078,RNaseP,test,RNaseP_S.equi
7079,RNaseP,test,RNaseP_S.equi-g
7080,RNaseP,test,RNaseP_S.faciem
7081,RNaseP,test,RNaseP_S.fibuligera
7082,RNaseP,test,RNaseP_S.glauca-K194
7083,RNaseP,test,RNaseP_S.glauca-K195
7084,RNaseP,test,RNaseP_S.glauca-K202
7085,RNaseP,test,RNaseP_S.glauca-L169T
7086,RNaseP,test,RNaseP_S.globosus
7087,RNaseP,test,RNaseP_S.gordonii
7088,RNaseP,test,RNaseP_S.japonicus
7089,RNaseP,test,RNaseP_S.kluyveri
7090,RNaseP,test,RNaseP_S.liquefaciens
7091,RNaseP,test,RNaseP_S.lividans
7092,RNaseP,test,RNaseP_S.malidevorans
7093,RNaseP,test,RNaseP_S.marcescens
7094,RNaseP,test,RNaseP_S.mutans
7095,RNaseP,test,RNaseP_S.negevensis
7096,RNaseP,test,RNaseP_S.octosporus
7097,RNaseP,test,RNaseP_S.pastorianus
7098,RNaseP,test,RNaseP_S.pneumoniae
7099,RNaseP,test,RNaseP_S.polymorpha
7100,RNaseP,test,RNaseP_S.pombe
7101,RNaseP,test,RNaseP_S.putrefaciens
7102,RNaseP,test,RNaseP_S.pyogenes
7103,RNaseP,test,RNaseP_S.servazzii
7104,RNaseP,test,RNaseP_S.shibatae
7105,RNaseP,test,RNaseP_S.solfataricus
7106,RNaseP,test,RNaseP_S.solfataricus-P2
7107,RNaseP,test,RNaseP_S.typhi
7108,RNaseP,test,RNaseP_S.typhimurium
7109,RNaseP,test,RNaseP_S.unisporus
7110,RNaseP,test,RNaseP_S.uvarum
7111,RNaseP,test,RNaseP_S.versatilis
7112,RNaseP,test,RNaseP_S.viridis-K185
7113,RNaseP,test,RNaseP_S.viridis-K191
7114,RNaseP,test,RNaseP_S.viridis-K197
7115,RNaseP,test,RNaseP_S.viridis-K73T
7116,RNaseP,test,RNaseP_SL1-1
7117,RNaseP,test,RNaseP_SL2D
7118,RNaseP,test,RNaseP_SLC
7119,RNaseP,test,RNaseP_SM-A01
7120,RNaseP,test,RNaseP_SM-A02
7121,RNaseP,test,RNaseP_SM-A03
7122,RNaseP,test,RNaseP_SM-A04
7123,RNaseP,test,RNaseP_SM-A05
7124,RNaseP,test,RNaseP_SM-A06
7125,RNaseP,test,RNaseP_SM-A07
7126,RNaseP,test,RNaseP_SM-A0911
7127,RNaseP,test,RNaseP_SM-A1012
7128,RNaseP,test,RNaseP_SM-A1113
7129,RNaseP,test,RNaseP_SM-A1214
7130,RNaseP,test,RNaseP_SM-A1315
7131,RNaseP,test,RNaseP_SM-A1417
7132,RNaseP,test,RNaseP_SM-A1519
7133,RNaseP,test,RNaseP_SM-A1621
7134,RNaseP,test,RNaseP_SM-A1726
7135,RNaseP,test,RNaseP_SM-A1831
7136,RNaseP,test,RNaseP_SM-A1932
7137,RNaseP,test,RNaseP_SM-A2033
7138,RNaseP,test,RNaseP_SM-A2135
7139,RNaseP,test,RNaseP_SM-A2237
7140,RNaseP,test,RNaseP_SM-A2539
7141,RNaseP,test,RNaseP_SM-A2642
7142,RNaseP,test,RNaseP_SM-A2743
7143,RNaseP,test,RNaseP_SM-A2946
7144,RNaseP,test,RNaseP_SM-A3048
7145,RNaseP,test,RNaseP_SM-A3153
7146,RNaseP,test,RNaseP_SM-A3254
7147,RNaseP,test,RNaseP_SM-A3355
7148,RNaseP,test,RNaseP_SM-A3761
7149,RNaseP,test,RNaseP_SM-A3862
7150,RNaseP,test,RNaseP_SM-A4065
7151,RNaseP,test,RNaseP_SM-A4674
7152,RNaseP,test,RNaseP_SM-A4775
7153,RNaseP,test,RNaseP_SM-A4876
7154,RNaseP,test,RNaseP_SM-A4977
7155,RNaseP,test,RNaseP_SM-A5179
7156,RNaseP,test,RNaseP_SM-A5382
7157,RNaseP,test,RNaseP_SM-A5584
7158,RNaseP,test,RNaseP_SM-A5888
7159,RNaseP,test,RNaseP_SM-A6090
7160,RNaseP,test,RNaseP_SM-A6296
7161,RNaseP,test,RNaseP_SM1
7162,RNaseP,test,RNaseP_SM2
7163,RNaseP,test,RNaseP_SMB-A3
7164,RNaseP,test,RNaseP_SMB-A5
7165,RNaseP,test,RNaseP_SMB-B1
7166,RNaseP,test,RNaseP_SMB-B2
7167,RNaseP,test,RNaseP_SMB-B3
7168,RNaseP,test,RNaseP_SMB-B4
7169,RNaseP,test,RNaseP_Saccharomonospora-K180
7170,RNaseP,test,RNaseP_Synechococcus-MINOS1
7171,RNaseP,test,RNaseP_Synechococcus-PCC6717
7172,RNaseP,test,RNaseP_Synechococcus-PCC7001
7173,RNaseP,test,RNaseP_Synechococcus-PCC7003
7174,RNaseP,test,RNaseP_Synechococcus-PCC7942
7175,RNaseP,test,RNaseP_Synechocystis-PCC6308
7176,RNaseP,test,RNaseP_Synechocystis-PCC6803
7177,RNaseP,test,RNaseP_T.acidophilum
7178,RNaseP,test,RNaseP_T.album
7179,RNaseP,test,RNaseP_T.aquaticus
7180,RNaseP,test,RNaseP_T.celerAL1
7181,RNaseP,test,RNaseP_T.celerAL1-2
7182,RNaseP,test,RNaseP_T.commune
7183,RNaseP,test,RNaseP_T.delbrueckii
7184,RNaseP,test,RNaseP_T.littoralis
7185,RNaseP,test,RNaseP_T.luteus
7186,RNaseP,test,RNaseP_T.maritima
7187,RNaseP,test,RNaseP_T.maritima-g
7188,RNaseP,test,RNaseP_T.neapolitana
7189,RNaseP,test,RNaseP_T.pallidum
7190,RNaseP,test,RNaseP_T.roseum
7191,RNaseP,test,RNaseP_T.syrichta
7192,RNaseP,test,RNaseP_T.thermophilus
7193,RNaseP,test,RNaseP_T.thioparus
7194,RNaseP,test,RNaseP_T.tumescens
7195,RNaseP,test,RNaseP_T.volcanum
7196,RNaseP,test,RNaseP_TP1
7197,RNaseP,test,RNaseP_U.stanburiana
7198,RNaseP,test,RNaseP_U.stansburiana
7199,RNaseP,test,RNaseP_U.urealyticum
7200,RNaseP,test,RNaseP_UK2
7201,RNaseP,test,RNaseP_UK5
7202,RNaseP,test,RNaseP_V.cholera
7203,RNaseP,test,RNaseP_V.spinosum
7204,RNaseP,test,RNaseP_VSDW
7205,RNaseP,test,RNaseP_W.fluorescens
7206,RNaseP,test,RNaseP_WA1
7207,RNaseP,test,RNaseP_WB3
7208,RNaseP,test,RNaseP_WC1
7209,RNaseP,test,RNaseP_Wolbachia-sp
7210,RNaseP,test,RNaseP_X.fastidiosa
7211,RNaseP,test,RNaseP_Y.pestis
7212,RNaseP,test,RNaseP_Z.bailii
7213,RNaseP,test,RNaseP_Z.florentinus
7214,RNaseP,test,RNaseP_Z.rouxii
7215,RNaseP,test,RNaseP_purpleX
7216,RNaseP,test,RNaseP_vHge2
7217,RNaseP,test,RNaseP_vHge3-5
7218,RNaseP,train,grp1_a.I1.b.Dermocarpa.sp.ATCC29371.C3.tMET
7219,RNaseP,train,grp1_a.I1.b.Phormidium.sp.N182.C3.tLEU
7220,RNaseP,train,grp1_a.I1.b.S.hofmanii.C3.tMET
7221,RNaseP,train,grp1_a.I1.b.Synechococcus.sp2.C3.tLEU
7222,RNaseP,train,grp1_a.I1.c.A.cherimola.C3.tLEU
7223,RNaseP,train,grp1_a.I1.c.G.prostrata.C3.tLEU
7224,RNaseP,train,grp1_a.I1.c.S.bicolor.C3.tLEU
7225,RNaseP,train,grp1_a.I1.e.A.adeninivorans.C1.LSU.2449
7226,RNaseP,train,grp1_a.I1.e.A.capsulatus.CBS213.53.C1.SSU.943
7227,RNaseP,train,grp1_a.I1.e.A.capsulatus.FLs1.C1.SSU
7228,RNaseP,train,grp1_a.I1.e.A.capsulatus.G184B.C1.SSU
7229,RNaseP,train,grp1_a.I1.e.A.capsulatus.G186B.C1.SSU
7230,RNaseP,train,grp1_a.I1.e.A.stipitatus.C1.SSU.1046
7231,RNaseP,train,grp1_a.I1.e.B.ciliata.JCM6865.C1.SSU.1506
7232,RNaseP,train,grp1_a.I1.e.B.ciliata.JCM6865.C1.SSU.943
7233,RNaseP,train,grp1_a.I1.e.B.yamatoana.JCM2896.C1.SSU.1506
7234,RNaseP,train,grp1_a.I1.e.B.yamatoana.JCM2896.C1.SSU.943
7235,RNaseP,train,grp1_a.I1.e.C.ellipsoidea.211-1a.C1.SSU.1506
7236,RNaseP,train,grp1_a.I1.e.C.ellipsoidea.IAMC-87.C1.SSU.1506
7237,RNaseP,train,grp1_a.I1.e.C.grayi.UNK.SSU.1046
7238,RNaseP,train,grp1_a.I1.e.C.grayi.UNK.SSU.1516
7239,RNaseP,train,grp1_a.I1.e.C.merochlorophea.UNK.SSU.1046
7240,RNaseP,train,grp1_a.I1.e.C.merochlorophea.UNK.SSU.1210
7241,RNaseP,train,grp1_a.I1.e.C.merochlorophea.UNK.SSU.1389
7242,RNaseP,train,grp1_a.I1.e.C.merochlorophea.UNK.SSU.1516
7243,RNaseP,train,grp1_a.I1.e.C.saccatum.C1.SSU.1512
7244,RNaseP,train,grp1_a.I1.e.C.saxonicum.C1.SSU.1506
7245,RNaseP,train,grp1_a.I1.e.D.parva.C1.SSU.1512
7246,RNaseP,train,grp1_a.I1.e.D.parva.C1.SSU.943
7247,RNaseP,train,grp1_a.I1.e.D.salina.C1.SSU.943
7248,RNaseP,train,grp1_a.I1.e.E.dermatitidis.C1.SSU.943
7249,RNaseP,train,grp1_a.I1.e.G.planctonica.C1.SSU.943
7250,RNaseP,train,grp1_a.I1.e.G.spirotaenia.C1.SSU.1506
7251,RNaseP,train,grp1_a.I1.e.L.dispersa.UNK.SSU.1046
7252,RNaseP,train,grp1_a.I1.e.L.dispersa.UNK.SSU.114
7253,RNaseP,train,grp1_a.I1.e.L.dispersa.UNK.SSU.1210
7254,RNaseP,train,grp1_a.I1.e.L.dispersa.UNK.SSU.1516
7255,RNaseP,train,grp1_a.I1.e.L.dispersa.UNK.SSU.287
7256,RNaseP,train,grp1_a.I1.e.L.dispersa.UNK.SSU.516
7257,RNaseP,train,grp1_a.I1.e.L.dispersa.UNK.SSU.789
7258,RNaseP,train,grp1_a.I1.e.M.caldariorum.C1.SSU.1506
7259,RNaseP,train,grp1_a.I1.e.P.carinii.C1.SSU.1506
7260,RNaseP,train,grp1_a.I1.e.P.carinii.Pc1.C1.LSU.1921
7261,RNaseP,train,grp1_a.I1.e.P.carinii.Pc2.C1.LSU.1921
7262,RNaseP,train,grp1_a.I1.e.P.carinii.Pc3.C1.LSU.1921
7263,RNaseP,train,grp1_a.I1.e.P.clavariiformis.C1.SSU.943
7264,RNaseP,train,grp1_a.I1.e.P.inouyei.C1.SSU.1506
7265,RNaseP,train,grp1_a.I1.e.P.inouyei.C1.SSU.943
7266,RNaseP,train,grp1_a.I1.e.P.macrosporus.C1.SSU.1506
7267,RNaseP,train,grp1_a.I1.e.P.macrosporus.C1.SSU.943
7268,RNaseP,train,grp1_a.I1.e.P.pachydermus.C1.SSU.943
7269,RNaseP,train,grp1_a.I1.e.P.sarcinoidea.C1.SSU.943
7270,RNaseP,train,grp1_a.I1.e.S.granulatum.C1.SSU.1506
7271,RNaseP,train,grp1_a.I1.e.S.paniceum.UNK.SSU.1052
7272,RNaseP,train,grp1_a.I1.e.S.paniceum.UNK.SSU.114
7273,RNaseP,train,grp1_a.I1.e.S.paniceum.UNK.SSU.1210
7274,RNaseP,train,grp1_a.I1.e.S.paniceum.UNK.SSU.1506
7275,RNaseP,train,grp1_a.I1.e.S.paniceum.UNK.SSU.287
7276,RNaseP,train,grp1_a.I1.e.S.sclerotiorum_1837.C1.LSU.798
7277,RNaseP,train,grp1_a.I1.e.Staurastrum.sp.M752.C1.SSU.1506
7278,RNaseP,train,grp1_a.I1.e.Staurastrum.sp.M753.C1.SSU.1506
7279,RNaseP,train,grp1_a.I1.e.T.cosmopolitanis.C1.LSU.1925
7280,RNaseP,train,grp1_a.I1.e.T.hyperangularis.C1.LSU.1925
7281,RNaseP,train,grp1_a.I1.e.T.malaccensis.C1.LSU.1925
7282,RNaseP,train,grp1_a.I1.e.T.pigmentosa.C1.LSU.1925
7283,RNaseP,train,grp1_a.I1.e.U.maydis.C1.SSU.943
7284,RNaseP,train,grp1_a.I1.m.M.grisea.B2.ND1
7285,RNaseP,train,grp1_a.I1.m.S.luteus.A1.LSU.2504
7286,RNaseP,train,grp1_a.I1.m.S.pombe.B1.OX1
7287,RNaseP,train,grp1_b.I1.e.C.saccharophila.C1.SSU.156
7288,RNaseP,train,grp1_b.I1.e.M.anisopliae.2.C1.LSU.1921
7289,RNaseP,train,grp1_b.I1.e.M.anisopliae.3.C1.LSU.1921
7290,RNaseP,train,grp1_b.I1.e.T.thermophila.C1.LSU.1925
7291,RNaseP,train,grp1_s.I1.e.T.thermophila.C1.LSU.1925.schem
7292,RNaseP,train,grp1_a.I1.b.Dermocarpa.sp.ATCC29371.C3.tMET
7293,RNaseP,train,grp1_a.I1.b.Phormidium.sp.N182.C3.tLEU
7294,RNaseP,train,grp1_a.I1.b.S.hofmanii.C3.tMET
7295,RNaseP,train,grp1_a.I1.b.Synechococcus.sp2.C3.tLEU
7296,RNaseP,train,grp1_a.I1.c.A.cherimola.C3.tLEU
7297,RNaseP,train,grp1_a.I1.c.G.prostrata.C3.tLEU
7298,RNaseP,train,grp1_a.I1.c.S.bicolor.C3.tLEU
7299,RNaseP,train,grp1_a.I1.e.A.adeninivorans.C1.LSU.2449
7300,RNaseP,train,grp1_a.I1.e.A.capsulatus.CBS213.53.C1.SSU.943
7301,RNaseP,train,grp1_a.I1.e.A.capsulatus.FLs1.C1.SSU
7302,RNaseP,train,grp1_a.I1.e.A.capsulatus.G184B.C1.SSU
7303,RNaseP,train,grp1_a.I1.e.A.capsulatus.G186B.C1.SSU
7304,RNaseP,train,grp1_a.I1.e.A.stipitatus.C1.SSU.1046
7305,RNaseP,train,grp1_a.I1.e.B.ciliata.JCM6865.C1.SSU.1506
7306,RNaseP,train,grp1_a.I1.e.B.ciliata.JCM6865.C1.SSU.943
7307,RNaseP,train,grp1_a.I1.e.B.yamatoana.JCM2896.C1.SSU.1506
7308,RNaseP,train,grp1_a.I1.e.B.yamatoana.JCM2896.C1.SSU.943
7309,RNaseP,train,grp1_a.I1.e.C.ellipsoidea.211-1a.C1.SSU.1506
7310,RNaseP,train,grp1_a.I1.e.C.ellipsoidea.IAMC-87.C1.SSU.1506
7311,RNaseP,train,grp1_a.I1.e.C.grayi.UNK.SSU.1046
7312,RNaseP,train,grp1_a.I1.e.C.grayi.UNK.SSU.1516
7313,RNaseP,train,grp1_a.I1.e.C.merochlorophea.UNK.SSU.1046
7314,RNaseP,train,grp1_a.I1.e.C.merochlorophea.UNK.SSU.1210
7315,RNaseP,train,grp1_a.I1.e.C.merochlorophea.UNK.SSU.1389
7316,RNaseP,train,grp1_a.I1.e.C.merochlorophea.UNK.SSU.1516
7317,RNaseP,train,grp1_a.I1.e.C.saccatum.C1.SSU.1512
7318,RNaseP,train,grp1_a.I1.e.C.saxonicum.C1.SSU.1506
7319,RNaseP,train,grp1_a.I1.e.D.parva.C1.SSU.1512
7320,RNaseP,train,grp1_a.I1.e.D.parva.C1.SSU.943
7321,RNaseP,train,grp1_a.I1.e.D.salina.C1.SSU.943
7322,RNaseP,train,grp1_a.I1.e.E.dermatitidis.C1.SSU.943
7323,RNaseP,train,grp1_a.I1.e.G.planctonica.C1.SSU.943
7324,RNaseP,train,grp1_a.I1.e.G.spirotaenia.C1.SSU.1506
7325,RNaseP,train,grp1_a.I1.e.L.dispersa.UNK.SSU.1046
7326,RNaseP,train,grp1_a.I1.e.L.dispersa.UNK.SSU.114
7327,RNaseP,train,grp1_a.I1.e.L.dispersa.UNK.SSU.1210
7328,RNaseP,train,grp1_a.I1.e.L.dispersa.UNK.SSU.1516
7329,RNaseP,train,grp1_a.I1.e.L.dispersa.UNK.SSU.287
7330,RNaseP,train,grp1_a.I1.e.L.dispersa.UNK.SSU.516
7331,RNaseP,train,grp1_a.I1.e.L.dispersa.UNK.SSU.789
7332,RNaseP,train,grp1_a.I1.e.M.caldariorum.C1.SSU.1506
7333,RNaseP,train,grp1_a.I1.e.P.carinii.C1.SSU.1506
7334,RNaseP,train,grp1_a.I1.e.P.carinii.Pc1.C1.LSU.1921
7335,RNaseP,train,grp1_a.I1.e.P.carinii.Pc2.C1.LSU.1921
7336,RNaseP,train,grp1_a.I1.e.P.carinii.Pc3.C1.LSU.1921
7337,RNaseP,train,grp1_a.I1.e.P.clavariiformis.C1.SSU.943
7338,RNaseP,train,grp1_a.I1.e.P.inouyei.C1.SSU.1506
7339,RNaseP,train,grp1_a.I1.e.P.inouyei.C1.SSU.943
7340,RNaseP,train,grp1_a.I1.e.P.macrosporus.C1.SSU.1506
7341,RNaseP,train,grp1_a.I1.e.P.macrosporus.C1.SSU.943
7342,RNaseP,train,grp1_a.I1.e.P.pachydermus.C1.SSU.943
7343,RNaseP,train,grp1_a.I1.e.P.sarcinoidea.C1.SSU.943
7344,RNaseP,train,grp1_a.I1.e.S.granulatum.C1.SSU.1506
7345,RNaseP,train,grp1_a.I1.e.S.paniceum.UNK.SSU.1052
7346,RNaseP,train,grp1_a.I1.e.S.paniceum.UNK.SSU.114
7347,RNaseP,train,grp1_a.I1.e.S.paniceum.UNK.SSU.1210
7348,RNaseP,train,grp1_a.I1.e.S.paniceum.UNK.SSU.1506
7349,RNaseP,train,grp1_a.I1.e.S.paniceum.UNK.SSU.287
7350,RNaseP,train,grp1_a.I1.e.S.sclerotiorum_1837.C1.LSU.798
7351,RNaseP,train,grp1_a.I1.e.Staurastrum.sp.M752.C1.SSU.1506
7352,RNaseP,train,grp1_a.I1.e.Staurastrum.sp.M753.C1.SSU.1506
7353,RNaseP,train,grp1_a.I1.e.T.cosmopolitanis.C1.LSU.1925
7354,RNaseP,train,grp1_a.I1.e.T.hyperangularis.C1.LSU.1925
7355,RNaseP,train,grp1_a.I1.e.T.malaccensis.C1.LSU.1925
7356,RNaseP,train,grp1_a.I1.e.T.pigmentosa.C1.LSU.1925
7357,RNaseP,train,grp1_a.I1.e.U.maydis.C1.SSU.943
7358,RNaseP,train,grp1_a.I1.m.M.grisea.B2.ND1
7359,RNaseP,train,grp1_a.I1.m.S.luteus.A1.LSU.2504
7360,RNaseP,train,grp1_a.I1.m.S.pombe.B1.OX1
7361,RNaseP,train,grp1_b.I1.e.C.saccharophila.C1.SSU.156
7362,RNaseP,train,grp1_b.I1.e.M.anisopliae.2.C1.LSU.1921
7363,RNaseP,train,grp1_b.I1.e.M.anisopliae.3.C1.LSU.1921
7364,RNaseP,train,grp1_b.I1.e.T.thermophila.C1.LSU.1925
7365,RNaseP,train,grp1_s.I1.e.T.thermophila.C1.LSU.1925.schem
7366,RNaseP,train,grp1_a.I1.b.Dermocarpa.sp.ATCC29371.C3.tMET
7367,RNaseP,train,grp1_a.I1.b.Phormidium.sp.N182.C3.tLEU
7368,RNaseP,train,grp1_a.I1.b.S.hofmanii.C3.tMET
7369,RNaseP,train,grp1_a.I1.b.Synechococcus.sp2.C3.tLEU
7370,RNaseP,train,grp1_a.I1.c.A.cherimola.C3.tLEU
7371,RNaseP,train,grp1_a.I1.c.G.prostrata.C3.tLEU
7372,RNaseP,train,grp1_a.I1.c.S.bicolor.C3.tLEU
7373,RNaseP,train,grp1_a.I1.e.A.adeninivorans.C1.LSU.2449
7374,RNaseP,train,grp1_a.I1.e.A.capsulatus.CBS213.53.C1.SSU.943
7375,RNaseP,train,grp1_a.I1.e.A.capsulatus.FLs1.C1.SSU
7376,RNaseP,train,grp1_a.I1.e.A.capsulatus.G184B.C1.SSU
7377,RNaseP,train,grp1_a.I1.e.A.capsulatus.G186B.C1.SSU
7378,RNaseP,train,grp1_a.I1.e.A.stipitatus.C1.SSU.1046
7379,RNaseP,train,grp1_a.I1.e.B.ciliata.JCM6865.C1.SSU.1506
7380,RNaseP,train,grp1_a.I1.e.B.ciliata.JCM6865.C1.SSU.943
7381,RNaseP,train,grp1_a.I1.e.B.yamatoana.JCM2896.C1.SSU.1506
7382,RNaseP,train,grp1_a.I1.e.B.yamatoana.JCM2896.C1.SSU.943
7383,RNaseP,train,grp1_a.I1.e.C.ellipsoidea.211-1a.C1.SSU.1506
7384,RNaseP,train,grp1_a.I1.e.C.ellipsoidea.IAMC-87.C1.SSU.1506
7385,RNaseP,train,grp1_a.I1.e.C.grayi.UNK.SSU.1046
7386,RNaseP,train,grp1_a.I1.e.C.grayi.UNK.SSU.1516
7387,RNaseP,train,grp1_a.I1.e.C.merochlorophea.UNK.SSU.1046
7388,RNaseP,train,grp1_a.I1.e.C.merochlorophea.UNK.SSU.1210
7389,RNaseP,train,grp1_a.I1.e.C.merochlorophea.UNK.SSU.1389
7390,RNaseP,train,grp1_a.I1.e.C.merochlorophea.UNK.SSU.1516
7391,RNaseP,train,grp1_a.I1.e.C.saccatum.C1.SSU.1512
7392,RNaseP,train,grp1_a.I1.e.C.saxonicum.C1.SSU.1506
7393,RNaseP,train,grp1_a.I1.e.D.parva.C1.SSU.1512
7394,RNaseP,train,grp1_a.I1.e.D.parva.C1.SSU.943
7395,RNaseP,train,grp1_a.I1.e.D.salina.C1.SSU.943
7396,RNaseP,train,grp1_a.I1.e.E.dermatitidis.C1.SSU.943
7397,RNaseP,train,grp1_a.I1.e.G.planctonica.C1.SSU.943
7398,RNaseP,train,grp1_a.I1.e.G.spirotaenia.C1.SSU.1506
7399,RNaseP,train,grp1_a.I1.e.L.dispersa.UNK.SSU.1046
7400,RNaseP,train,grp1_a.I1.e.L.dispersa.UNK.SSU.114
7401,RNaseP,train,grp1_a.I1.e.L.dispersa.UNK.SSU.1210
7402,RNaseP,train,grp1_a.I1.e.L.dispersa.UNK.SSU.1516
7403,RNaseP,train,grp1_a.I1.e.L.dispersa.UNK.SSU.287
7404,RNaseP,train,grp1_a.I1.e.L.dispersa.UNK.SSU.516
7405,RNaseP,train,grp1_a.I1.e.L.dispersa.UNK.SSU.789
7406,RNaseP,train,grp1_a.I1.e.M.caldariorum.C1.SSU.1506
7407,RNaseP,train,grp1_a.I1.e.P.carinii.C1.SSU.1506
7408,RNaseP,train,grp1_a.I1.e.P.carinii.Pc1.C1.LSU.1921
7409,RNaseP,train,grp1_a.I1.e.P.carinii.Pc2.C1.LSU.1921
7410,RNaseP,train,grp1_a.I1.e.P.carinii.Pc3.C1.LSU.1921
7411,RNaseP,train,grp1_a.I1.e.P.clavariiformis.C1.SSU.943
7412,RNaseP,train,grp1_a.I1.e.P.inouyei.C1.SSU.1506
7413,RNaseP,train,grp1_a.I1.e.P.inouyei.C1.SSU.943
7414,RNaseP,train,grp1_a.I1.e.P.macrosporus.C1.SSU.1506
7415,RNaseP,train,grp1_a.I1.e.P.macrosporus.C1.SSU.943
7416,RNaseP,train,grp1_a.I1.e.P.pachydermus.C1.SSU.943
7417,RNaseP,train,grp1_a.I1.e.P.sarcinoidea.C1.SSU.943
7418,RNaseP,train,srp_Aero.pern._BA000002
7419,RNaseP,train,srp_Ajel.caps._CV620298
7420,RNaseP,train,srp_Anto.locu._GSP-278021
7421,RNaseP,train,srp_Asco.apis._GSP-392613
7422,RNaseP,train,srp_Ashb.goss._AE016819
7423,RNaseP,train,srp_Aspe.terr._GSP-341663
7424,RNaseP,train,srp_Babe.bige._GSP-5866
7425,RNaseP,train,srp_Baci.anth._AE017225
7426,RNaseP,train,srp_Baci.anth._AE017334
7427,RNaseP,train,srp_Baci.brev._D14472
7428,RNaseP,train,srp_Bart.quin._BX897700
7429,RNaseP,train,srp_Batr.dend._GSP-403673
7430,RNaseP,train,srp_Bdel.bact._BX842656
7431,RNaseP,train,srp_Bras.oler._GSP-109376
7432,RNaseP,train,srp_Camp.jeju._CP000025
7433,RNaseP,train,srp_Camp.jeju._CP000768
7434,RNaseP,train,srp_Cand.dubl._GSP-42374
7435,RNaseP,train,srp_Cand.glab._CR380957
7436,RNaseP,train,srp_Cand.trop._GSP-294747
7437,RNaseP,train,srp_Chla.pneu._BA000008
7438,RNaseP,train,srp_Chla.trac._AE001298
7439,RNaseP,train,srp_Chlo.tepi._AE006470
7440,RNaseP,train,srp_Chlo.vulg._AB001684
7441,RNaseP,train,srp_Citr.sine._CN181544
7442,RNaseP,train,srp_Clav.lusi._GSP-306902
7443,RNaseP,train,srp_Clos.novy._CP000382
7444,RNaseP,train,srp_Clos.ther._CP000568
7445,RNaseP,train,srp_Cocc.posa._GSP-222929
7446,RNaseP,train,srp_Cryp.parv._XM_626716
7447,RNaseP,train,srp_Cyan.mero._AB002583
7448,RNaseP,train,srp_Cyan.mero._AY286123
7449,RNaseP,train,srp_Dani.rrer._CU179657
7450,RNaseP,train,srp_Deba.hans._CR382138
7451,RNaseP,train,srp_Dein.radi._AE002056
7452,RNaseP,train,srp_Desu.psyc._CR522870
7453,RNaseP,train,srp_Dich.nodo._CP000513
7454,RNaseP,train,srp_Dict.disc._BJ360333
7455,RNaseP,train,srp_Eime.tene._GSP-413949
7456,RNaseP,train,srp_Ence.cuni._AL590449
7457,RNaseP,train,srp_Enta.hist._AF487684
7458,RNaseP,train,srp_Enta.terr._GSP-110771
7459,RNaseP,train,srp_Ento.sulc._AF095839
7460,RNaseP,train,srp_Ferr.acid._GSP-333146
7461,RNaseP,train,srp_Fuso.nucl._AE009951
7462,RNaseP,train,srp_Gald.sulp._GSP-130081
7463,RNaseP,train,srp_Giar.lamb._GSP-184922
7464,RNaseP,train,srp_Gibb.zeae._GSP-229533
7465,RNaseP,train,srp_Guil.thet._AF041468
7466,RNaseP,train,srp_Haem.infl._CP000671
7467,RNaseP,train,srp_Halo.halo._CP000544
7468,RNaseP,train,srp_Halo.volc._AF395888
7469,RNaseP,train,srp_Heli.pylo._CP000241
7470,RNaseP,train,srp_Hist.caps._GSP-278162
7471,RNaseP,train,srp_Humu.lupu._AJ236705
7472,RNaseP,train,srp_Hype.buty._CP000493
7473,RNaseP,train,srp_Kluy.lact._CR382126
7474,RNaseP,train,srp_Kluy.yarr._479647571
7475,RNaseP,train,srp_Lact.case._CP000423
7476,RNaseP,train,srp_Lact.delb._AF496545
7477,RNaseP,train,srp_Lact.john._AE017198
7478,RNaseP,train,srp_Lact.john._AE017201
7479,RNaseP,train,srp_Legi.pneu._M31830
7480,RNaseP,train,srp_Leis.aeth._AY722730
7481,RNaseP,train,srp_Leis.trop._AY781789
7482,RNaseP,train,srp_Lemu.catt._GSP-9447
7483,RNaseP,train,srp_Lept.coll._AF006750
7484,RNaseP,train,srp_List.mono._AE017262
7485,RNaseP,train,srp_List.mono._U15684
7486,RNaseP,train,srp_Lodd.elon._GSP-379508
7487,RNaseP,train,srp_Lotu.corn._AP006123
7488,RNaseP,train,srp_Lotu.japo._BW598799
7489,RNaseP,train,srp_Lyco.escu._Z46746
7490,RNaseP,train,srp_Mari.aqua._CP000514
7491,RNaseP,train,srp_Medi.trun._AC136507-2
7492,RNaseP,train,srp_Medi.trun._CX540689
7493,RNaseP,train,srp_Meso.viri._AF166114
7494,RNaseP,train,srp_Meth.ferv._S49762
7495,RNaseP,train,srp_Meth.mari._CP000745
7496,RNaseP,train,srp_Meth.maze._AE008384
7497,RNaseP,train,srp_Meth.volt._M22560
7498,RNaseP,train,srp_Mono.brev._GSP-81824
7499,RNaseP,train,srp_Myco.geni._U39706
7500,RNaseP,train,srp_Myco.hyop._AE017243
7501,RNaseP,train,srp_Myco.hyop._AE017244
7502,RNaseP,train,srp_Myco.lepr._AL023596
7503,RNaseP,train,srp_Myco.pulm._AL445565
7504,RNaseP,train,srp_Myco.spec._CP000384
7505,RNaseP,train,srp_Myco.spec._CP000580
7506,RNaseP,train,srp_Myco.tube._AE000516
7507,RNaseP,train,srp_Myco.vanb._CP000511
7508,RNaseP,train,srp_Nect.haem._GSP-71109
7509,RNaseP,train,srp_Neos.fisc._GSP-331117
7510,RNaseP,train,srp_Neur.cras._AL669999
7511,RNaseP,train,srp_Odon.sine._Z67753
7512,RNaseP,train,srp_Onch.volv._BF727619
7513,RNaseP,train,srp_Oryz.sati._AC079888
7514,RNaseP,train,srp_Oryz.sati._AP003333
7515,RNaseP,train,srp_Oryz.sati._AP008207
7516,RNaseP,train,srp_Oxyt.trif._GSP-99928
7517,RNaseP,train,srp_Para.bras._EH655308
7518,RNaseP,train,srp_Para.bras._GSP-121759
7519,RNaseP,train,srp_Perk.mari._GSP-31276
7520,RNaseP,train,srp_Pers.amer._X65992
7521,RNaseP,train,srp_Phae.nodo._GSP-321614
7522,RNaseP,train,srp_Phak.pach._GSP-170000-2
7523,RNaseP,train,srp_Phyt.infe._CV911012
7524,RNaseP,train,srp_Phyt.infe._CV919934
7525,RNaseP,train,srp_Phyt.soja._GSP-67593
7526,RNaseP,train,srp_Pich.guil._GSP-294746
7527,RNaseP,train,srp_Pich.stip._CP000502
7528,RNaseP,train,srp_Picr.torr._AE017261
7529,RNaseP,train,srp_Plas.berg._DC223613
7530,RNaseP,train,srp_Plas.falc._EF690554
7531,RNaseP,train,srp_Plas.reic._GSP-5854
7532,RNaseP,train,srp_Plas.yoel._GSP-352914
7533,RNaseP,train,srp_Podo.anse._GSP-5145
7534,RNaseP,train,srp_Popu.trem._DN498769
7535,RNaseP,train,srp_Porp.purp._U38804
7536,RNaseP,train,srp_Porp.yezo._AP006715
7537,RNaseP,train,srp_Proc.mari._AE017126
7538,RNaseP,train,srp_Proc.mari._CP000111
7539,RNaseP,train,srp_Proc.mari._CP000551
7540,RNaseP,train,srp_Proc.spec._AJ011025
7541,RNaseP,train,srp_Pseu.syri._CP000058
7542,RNaseP,train,srp_Psyc.arct._CP000082
7543,RNaseP,train,srp_Psyc.cryo._CP000323
7544,RNaseP,train,srp_Psyc.ingr._CP000510
7545,RNaseP,train,srp_Pyro.abys._AJ248283
7546,RNaseP,train,srp_Pyro.aero._AE009852
7547,RNaseP,train,srp_Pyro.isla._CP000504
7548,RNaseP,train,srp_Rals.meta._CP000352
7549,RNaseP,train,srp_Rhod.balt._BX294144
7550,RNaseP,train,srp_Rick.feli._CP000053
7551,RNaseP,train,srp_Rick.typh._AE017197
7552,RNaseP,train,srp_Sacc.cere._U18916
7553,RNaseP,train,srp_Sacc.kluy._SKAA0027M04.b1
7554,RNaseP,train,srp_Sacc.para._BN000251
7555,RNaseP,train,srp_Schi.japo._GSP-402676
7556,RNaseP,train,srp_Schi.pomb._AU010514
7557,RNaseP,train,srp_Schi.pomb._Z99259
7558,RNaseP,train,srp_Scle.scle._GSP-325569
7559,RNaseP,train,srp_Sene.crue._SDB-189209
7560,RNaseP,train,srp_Shew.balt._CP000753
7561,RNaseP,train,srp_Shew.spec._CP000469
7562,RNaseP,train,srp_Shig.flex._AE014073
7563,RNaseP,train,srp_Shig.flex._AE016979
7564,RNaseP,train,srp_Shig.flex._CP000266
7565,RNaseP,train,srp_Sino.medi._CP000738
7566,RNaseP,train,srp_Sola.tube._DR037646
7567,RNaseP,train,srp_Sorg.bico._BE594178
7568,RNaseP,train,srp_Spra.loph._GSP-51541
7569,RNaseP,train,srp_Stap.epid._AX145149
7570,RNaseP,train,srp_Stre.coel._AL939118
7571,RNaseP,train,srp_Stre.muta._AE014879
7572,RNaseP,train,srp_Stre.pneu._AE007319
7573,RNaseP,train,srp_Stre.pyog._AM295007
7574,RNaseP,train,srp_Stre.sang._CP000387
7575,RNaseP,train,srp_Sulf.toko._BA000023
7576,RNaseP,train,srp_Synt.wolf._CP000448
7577,RNaseP,train,srp_Taen.gutt._CK235759
7578,RNaseP,train,srp_Tetr.ther._X56981
7579,RNaseP,train,srp_Thal.pseu._GSP-296543
7580,RNaseP,train,srp_Thei.annu._NW_001091934
7581,RNaseP,train,srp_Thei.parv._GSP-333668
7582,RNaseP,train,srp_Ther.fusc._CP000088
7583,RNaseP,train,srp_Ther.koda._AP006878
7584,RNaseP,train,srp_Ther.mela._CP000716
7585,RNaseP,train,srp_Ther.petr._CP000702
7586,RNaseP,train,srp_Ther.teng._AE012978
7587,RNaseP,train,srp_Ther.volc._BA000011
7588,RNaseP,train,srp_Toxo.gond._CO743022
7589,RNaseP,train,srp_Toxo.gond._GSP-398031
7590,RNaseP,train,srp_Trep.dent._AE017226
7591,RNaseP,train,srp_Trep.dent._AE017246
7592,RNaseP,train,srp_Trep.pall._AE000520
7593,RNaseP,train,srp_Trep.pall._AE001187
7594,RNaseP,train,srp_Tric.rees._GSP-334564-1
7595,RNaseP,train,srp_Tric.vagi._GSP-5722-2
7596,RNaseP,train,srp_Trit.aest._BE424647
7597,RNaseP,train,srp_Trit.aest._CA718249
7598,RNaseP,train,srp_Trit.aest._CJ679223
7599,RNaseP,train,srp_Trit.aest._X13915
7600,RNaseP,train,srp_Tryp.viva._SDB-5699
7601,RNaseP,train,srp_Unci.rees._GSP-336963
7602,RNaseP,train,srp_Urea.parv._AE002112
7603,RNaseP,train,srp_Vibr.vuln._BA000037
7604,RNaseP,train,srp_Volv.cart._GSP-51971-2
7605,RNaseP,train,srp_Wolb.endo._AB080664
7606,RNaseP,train,srp_Wolb.endo._AE017321
7607,RNaseP,train,srp_Xant.camp._AM039952
7608,RNaseP,train,srp_Xant.oryz._AP008229
7609,RNaseP,train,srp_Xeno.laev._X01055
7610,RNaseP,train,srp_Yarr.lipo._X51658
7611,RNaseP,train,srp_Yers.ente._AM286415
7612,RNaseP,train,srp_Yers.pseu._BX936398
7613,RNaseP,train,srp_Yers.pseu._CP000720
7614,RNaseP,train,srp_Zea.mays._X14661
7615,RNaseP,train,srp_Zygo.roux._BN000170
7616,RNaseP,train,srp_Zymo.mobi._AE008692
7617,RNaseP,train,srp_Zymo.mobi._AF203881
7618,RNaseP,train,tRNA_tdbR00000009-Escherichia_coli-562-Ala-VGC
7619,RNaseP,train,tRNA_tdbR00000013-Pichia_jadinii-4903-Ala-IGC
7620,RNaseP,train,tRNA_tdbR00000019-Mycoplasma_capricolum-2095-Cys-GCA
7621,RNaseP,train,tRNA_tdbR00000029-Asterias_amurensis-7602-Asp-QUC
7622,RNaseP,train,tRNA_tdbR00000030-Aedes_albopictus-7160-Asp-GUC
7623,RNaseP,train,tRNA_tdbR00000032-Rattus_norvegicus-10116-Asp-GUC
7624,RNaseP,train,tRNA_tdbR00000033-Didelphis_virginiana-9267-Asp-QUC
7625,RNaseP,train,tRNA_tdbR00000034-Mesocricetus_auratus-10036-Asp-GUC
7626,RNaseP,train,tRNA_tdbR00000036-Euglena_gracilis-3039-Asp-GUC
7627,RNaseP,train,tRNA_tdbR00000043-Haloferax_volcanii-2246-Glu-NUC
7628,RNaseP,train,tRNA_tdbR00000046-Escherichia_coli-562-Glu-SUC
7629,RNaseP,train,tRNA_tdbR00000049-Chlamydomonas_reinhardtii-3055-Glu-NUC
7630,RNaseP,train,tRNA_tdbR00000052-Aedes_albopictus-7160-Glu-NUC
7631,RNaseP,train,tRNA_tdbR00000069-Synechococcus_sp._PCC_7002-32049-Phe-GAA
7632,RNaseP,train,tRNA_tdbR00000074-Tetrahymena_pyriformis-5908-Phe-GAA
7633,RNaseP,train,tRNA_tdbR00000078-Ascaris_suum-6253-Phe-GAA
7634,RNaseP,train,tRNA_tdbR00000079-Rattus_norvegicus-10116-Phe-GAA
7635,RNaseP,train,tRNA_tdbR00000080-Bos_taurus-9913-Phe-GAA
7636,RNaseP,train,tRNA_tdbR00000091-Pisum_sativum-3888-Phe-AA
7637,RNaseP,train,tRNA_tdbR00000104-Enterobacteria_phage_T4-10665-Gly-NCC
7638,RNaseP,train,tRNA_tdbR00000114-Staphylococcus_epidermidis-1282-Gly-UCC
7639,RNaseP,train,tRNA_tdbR00000121-Salmonella_typhimurium-602-Gly-NCC
7640,RNaseP,train,tRNA_tdbR00000124-Aedes_albopictus-7160-Gly-UCC
7641,RNaseP,train,tRNA_tdbR00000125-Bos_taurus-9913-Gly-UCC
7642,RNaseP,train,tRNA_tdbR00000126-Halocynthia_roretzi-7729-Gly-NCU
7643,RNaseP,train,tRNA_tdbR00000127-Halocynthia_roretzi-7729-Gly-UCU
7644,RNaseP,train,tRNA_tdbR00000128-Halocynthia_roretzi-7729-Gly-GCU
7645,RNaseP,train,tRNA_tdbR00000129-Saccharomyces_cerevisiae-4932-Gly-GCC
7646,RNaseP,train,tRNA_tdbR00000132-Lupinus_luteus-3873-Gly-GCC
7647,RNaseP,train,tRNA_tdbR00000134-Bombyx_mori-7091-Gly-CC
7648,RNaseP,train,tRNA_tdbR00000138-Haloferax_volcanii-2246-His-GUG
7649,RNaseP,train,tRNA_tdbR00000141-Salmonella_typhimurium-602-His-QUG
7650,RNaseP,train,tRNA_tdbR00000142-Saccharomyces_cerevisiae-4932-His-GUG
7651,RNaseP,train,tRNA_tdbR00000143-Asterias_amurensis-7602-His-QUG
7652,RNaseP,train,tRNA_tdbR00000149-Homo_sapiens-9606-His-GUG
7653,RNaseP,train,tRNA_tdbR00000167-Aedes_albopictus-7160-Ile-GAU
7654,RNaseP,train,tRNA_tdbR00000168-Bos_taurus-9913-Ile-GAU
7655,RNaseP,train,tRNA_tdbR00000169-Homo_sapiens-9606-Ile-GAU
7656,RNaseP,train,tRNA_tdbR00000173-Bombyx_mori-7091-Ile-IAU
7657,RNaseP,train,tRNA_tdbR00000174-Mus_musculus-10090-Ile-IAU
7658,RNaseP,train,tRNA_tdbR00000177-Mycoplasma_capricolum-2095-Lys-CUU
7659,RNaseP,train,tRNA_tdbR00000184-Asterias_amurensis-7602-Lys-CUU
7660,RNaseP,train,tRNA_tdbR00000189-Rattus_norvegicus-10116-Lys-NUU
7661,RNaseP,train,tRNA_tdbR00000190-Bos_taurus-9913-Lys-NUU
7662,RNaseP,train,tRNA_tdbR00000191-Mesocricetus_auratus-10036-Lys-NUU
7663,RNaseP,train,tRNA_tdbR00000194-Triticum_aestivum-4565-Lys-CUU
7664,RNaseP,train,tRNA_tdbR00000206-Loligo_bleekeri-6617-Lys-UUU
7665,RNaseP,train,tRNA_tdbR00000210-Enterobacteria_phage_T5-10726-Leu-UAG
7666,RNaseP,train,tRNA_tdbR00000211-Haloferax_volcanii-2246-Leu-CAA
7667,RNaseP,train,tRNA_tdbR00000217-Mycoplasma_capricolum-2095-Leu-AA
7668,RNaseP,train,tRNA_tdbR00000223-Salmonella_typhimurium-602-Leu-CAG
7669,RNaseP,train,tRNA_tdbR00000224-Rhodospirillum_rubrum-1085-Leu-CAA
7670,RNaseP,train,tRNA_tdbR00000225-Synechococcus_elongatus_PCC_6301-269084-Leu-CAA
7671,RNaseP,train,tRNA_tdbR00000234-Spinacia_oleracea-3562-Leu-UA7
7672,RNaseP,train,tRNA_tdbR00000237-Saccharomyces_cerevisiae-4932-Leu-AA
7673,RNaseP,train,tRNA_tdbR00000243-Rattus_norvegicus-10116-Leu-UAG
7674,RNaseP,train,tRNA_tdbR00000244-Rattus_norvegicus-10116-Leu-UAG
7675,RNaseP,train,tRNA_tdbR00000245-Rattus_norvegicus-10116-Leu-UAG
7676,RNaseP,train,tRNA_tdbR00000246-Bos_taurus-9913-Leu-NAA
7677,RNaseP,train,tRNA_tdbR00000247-Bos_taurus-9913-Leu-UAG
7678,RNaseP,train,tRNA_tdbR00000251-Saccharomyces_cerevisiae-4932-Leu-UAA
7679,RNaseP,train,tRNA_tdbR00000261-Cucumis_sativus-3659-Leu-NAA
7680,RNaseP,train,tRNA_tdbR00000263-Rattus_norvegicus-10116-Leu-AA
7681,RNaseP,train,tRNA_tdbR00000266-Bos_taurus-9913-Leu-AA
7682,RNaseP,train,tRNA_tdbR00000280-Saccharomyces_cerevisiae-4932-Met-CAU
7683,RNaseP,train,tRNA_tdbR00000282-Ascaris_suum-6253-Met-AU
7684,RNaseP,train,tRNA_tdbR00000283-Gallus_gallus-9031-Met-AU
7685,RNaseP,train,tRNA_tdbR00000289-Homo_sapiens-9606-Met-BAU
7686,RNaseP,train,tRNA_tdbR00000290-Enterobacteria_phage_T5-10726-Asn-GUU
7687,RNaseP,train,tRNA_tdbR00000294-Mycoplasma_capricolum-2095-Asn-GUU
7688,RNaseP,train,tRNA_tdbR00000299-Asterias_amurensis-7602-Asn-GPU
7689,RNaseP,train,tRNA_tdbR00000312-Haloferax_volcanii-2246-Pro-GGG
7690,RNaseP,train,tRNA_tdbR00000313-Haloferax_volcanii-2246-Pro-UGG
7691,RNaseP,train,tRNA_tdbR00000318-Salmonella_typhimurium-602-Pro-GGG
7692,RNaseP,train,tRNA_tdbR00000321-Saccharomyces_cerevisiae-4932-Pro-UGG
7693,RNaseP,train,tRNA_tdbR00000325-Pichia_jadinii-4903-Pro-GG
7694,RNaseP,train,tRNA_tdbR00000328-Enterobacteria_phage_T5-10726-Gln-UUG
7695,RNaseP,train,tRNA_tdbR00000331-Mycoplasma_capricolum-2095-Gln-UG
7696,RNaseP,train,tRNA_tdbR00000333-Escherichia_coli-562-Gln-NUG
7697,RNaseP,train,tRNA_tdbR00000334-Hordeum_vulgare-4513-Gln-UG
7698,RNaseP,train,tRNA_tdbR00000335-Nicotiana_rustica-4093-Gln-NUG
7699,RNaseP,train,tRNA_tdbR00000336-Aedes_albopictus-7160-Gln-NUG
7700,RNaseP,train,tRNA_tdbR00000345-Homo_sapiens-9606-Gln-NUG
7701,RNaseP,train,tRNA_tdbR00000347-Enterobacteria_phage_T4-10665-Arg-NCU
7702,RNaseP,train,tRNA_tdbR00000350-Haloferax_volcanii-2246-Arg-GCG
7703,RNaseP,train,tRNA_tdbR00000351-Haloferax_volcanii-2246-Arg-NCG
7704,RNaseP,train,tRNA_tdbR00000352-Mycoplasma_capricolum-2095-Arg-ICG
7705,RNaseP,train,tRNA_tdbR00000359-Escherichia_coli-562-Arg-CCG
7706,RNaseP,train,tRNA_tdbR00000361-Saccharomyces_cerevisiae-4932-Arg-ACG
7707,RNaseP,train,tRNA_tdbR00000363-Ascaris_suum-6253-Arg-PCU
7708,RNaseP,train,tRNA_tdbR00000364-Ascaris_suum-6253-Arg-ACG
7709,RNaseP,train,tRNA_tdbR00000365-Aedes_albopictus-7160-Arg-UCG
7710,RNaseP,train,tRNA_tdbR00000366-Rattus_norvegicus-10116-Arg-UCG
7711,RNaseP,train,tRNA_tdbR00000367-Bos_taurus-9913-Arg-UCG
7712,RNaseP,train,tRNA_tdbR00000368-Mesocricetus_auratus-10036-Arg-UCG
7713,RNaseP,train,tRNA_tdbR00000379-Enterobacteria_phage_T4-10665-Ser-NGA
7714,RNaseP,train,tRNA_tdbR00000380-Halobacterium_salinarum-2242-Ser-MGA
7715,RNaseP,train,tRNA_tdbR00000381-Haloferax_volcanii-2246-Ser-GCU
7716,RNaseP,train,tRNA_tdbR00000382-Haloferax_volcanii-2246-Ser-MGA
7717,RNaseP,train,tRNA_tdbR00000383-Haloferax_volcanii-2246-Ser-GGA
7718,RNaseP,train,tRNA_tdbR00000385-Mycoplasma_capricolum-2095-Ser-UGA
7719,RNaseP,train,tRNA_tdbR00000386-Mycoplasma_mycoides-2102-Ser-UGA
7720,RNaseP,train,tRNA_tdbR00000387-Bacillus_subtilis-1423-Ser-5GA
7721,RNaseP,train,tRNA_tdbR00000389-Bacillus_subtilis-1423-Ser-GGA
7722,RNaseP,train,tRNA_tdbR00000390-Escherichia_coli-562-Ser-CGA
7723,RNaseP,train,tRNA_tdbR00000391-Escherichia_coli-562-Ser-GCU
7724,RNaseP,train,tRNA_tdbR00000392-Escherichia_coli-562-Ser-GGA
7725,RNaseP,train,tRNA_tdbR00000393-Escherichia_coli-562-Ser-GGA
7726,RNaseP,train,tRNA_tdbR00000394-Escherichia_coli-562-Ser-VGA
7727,RNaseP,train,tRNA_tdbR00000395-Saccharomyces_cerevisiae-4932-Ser-GCU
7728,RNaseP,train,tRNA_tdbR00000396-Saccharomyces_cerevisiae-4932-Ser-UGA
7729,RNaseP,train,tRNA_tdbR00000397-Saccharomyces_cerevisiae-4932-Ser-UGA
7730,RNaseP,train,tRNA_tdbR00000398-Ascaris_suum-6253-Ser-UCU
7731,RNaseP,train,tRNA_tdbR00000399-Aedes_albopictus-7160-Ser-GCU
7732,RNaseP,train,tRNA_tdbR00000400-Loligo_bleekeri-6617-Ser-7CU
7733,RNaseP,train,tRNA_tdbR00000403-Bos_taurus-9913-Ser-UGA
7734,RNaseP,train,tRNA_tdbR00000406-Saccharomyces_cerevisiae-4932-Ser-NGA
7735,RNaseP,train,tRNA_tdbR00000409-Candida_cylindracea-44322-Ser-CAG
7736,RNaseP,train,tRNA_tdbR00000412-Candida_cylindracea-44322-Ser-CGA
7737,RNaseP,train,tRNA_tdbR00000413-Candida_cylindracea-44322-Ser-GCU
7738,RNaseP,train,tRNA_tdbR00000414-Lupinus_luteus-3873-Ser-CGA
7739,RNaseP,train,tRNA_tdbR00000419-Nicotiana_rustica-4093-Ser-IGA
7740,RNaseP,train,tRNA_tdbR00000420-Spinacia_oleracea-3562-Ser-IGA
7741,RNaseP,train,tRNA_tdbR00000423-Rattus_norvegicus-10116-Ser-IGA
7742,RNaseP,train,tRNA_tdbR00000426-Drosophila_melanogaster-7227-Ser-CGA
7743,RNaseP,train,tRNA_tdbR00000428-Homo_sapiens-9606-Ser-UGA
7744,RNaseP,train,tRNA_tdbR00000438-Escherichia_coli-562-Thr-GGU
7745,RNaseP,train,tRNA_tdbR00000440-Neurospora_crassa-5141-Thr-UGU
7746,RNaseP,train,tRNA_tdbR00000459-Neurospora_crassa-5141-Val-UAC
7747,RNaseP,train,tRNA_tdbR00000460-Aedes_albopictus-7160-Val-UAC
7748,RNaseP,train,tRNA_tdbR00000461-Rattus_norvegicus-10116-Val-UAC
7749,RNaseP,train,tRNA_tdbR00000462-Rattus_norvegicus-10116-Val-UAC
7750,RNaseP,train,tRNA_tdbR00000463-Bos_taurus-9913-Val-UAC
7751,RNaseP,train,tRNA_tdbR00000466-Saccharomyces_cerevisiae-4932-Val-AC
7752,RNaseP,train,tRNA_tdbR00000467-Pichia_jadinii-4903-Val-IAC
7753,RNaseP,train,tRNA_tdbR00000469-Rattus_norvegicus-10116-Val-IAC
7754,RNaseP,train,tRNA_tdbR00000474-Drosophila_melanogaster-7227-Val-NAC
7755,RNaseP,train,tRNA_tdbR00000475-Mus_musculus-10090-Val-IAC
7756,RNaseP,train,tRNA_tdbR00000478-Haloferax_volcanii-2246-Trp-BCA
7757,RNaseP,train,tRNA_tdbR00000483-Bacillus_subtilis-1423-Trp-CCA
7758,RNaseP,train,tRNA_tdbR00000488-Tetrahymena_thermophila-5911-Trp-CA
7759,RNaseP,train,tRNA_tdbR00000489-Neurospora_crassa-5141-Trp-NCA
7760,RNaseP,train,tRNA_tdbR00000490-Saccharomyces_cerevisiae-4932-Trp-CA
7761,RNaseP,train,tRNA_tdbR00000492-Rattus_norvegicus-10116-Trp-NCA
7762,RNaseP,train,tRNA_tdbR00000493-Bos_taurus-9913-Trp-NCA
7763,RNaseP,train,tRNA_tdbR00000494-Saccharomyces_cerevisiae-4932-Trp-BCA
7764,RNaseP,train,tRNA_tdbR00000504-Mycoplasma_capricolum-2095-Ini-CAU
7765,RNaseP,train,tRNA_tdbR00000505-Mycoplasma_mycoides-2102-Ini-CAU
7766,RNaseP,train,tRNA_tdbR00000516-Spinacia_oleracea-3562-Ini-CAU
7767,RNaseP,train,tRNA_tdbR00000517-Neurospora_crassa-5141-Ini-CAU
7768,RNaseP,train,tRNA_tdbR00000518-Saccharomyces_cerevisiae-4932-Ini-CAU
7769,RNaseP,train,tRNA_tdbR00000519-Phaseolus_vulgaris-3885-Ini-CAU
7770,RNaseP,train,tRNA_tdbR00000520-Aedes_albopictus-7160-Ini-CAU
7771,RNaseP,train,tRNA_tdbR00000521-Bos_taurus-9913-Ini-CAU
7772,RNaseP,train,tRNA_tdbR00000522-Bos_taurus-9913-Ini-AU
7773,RNaseP,train,tRNA_tdbR00000541-Haloferax_volcanii-2246-Tyr-GUA
7774,RNaseP,train,tRNA_tdbR00000542-Mycoplasma_capricolum-2095-Tyr-GUA
7775,RNaseP,train,tRNA_tdbR00000547-Geobacillus_stearothermophilus-1422-Tyr-QUA
7776,RNaseP,train,tRNA_tdbR00000548-Scenedesmus_obliquus-3088-Tyr-GUA
7777,RNaseP,train,tRNA_tdbR00000549-Tetrahymena_pyriformis-5908-Tyr-QUA
7778,RNaseP,train,tRNA_tdbR00000550-Neurospora_crassa-5141-Tyr-GUA
7779,RNaseP,train,tRNA_tdbR00000551-Saccharomyces_cerevisiae-4932-Tyr-GUA
7780,RNaseP,train,tRNA_tdbR00000553-Asterias_amurensis-7602-Tyr-GUA
7781,RNaseP,train,tRNA_tdbR00000555-Saccharomyces_cerevisiae-4932-Tyr-GPA
7782,RNaseP,train,tRNA_tdbR00000556-Schizosaccharomyces_pombe-4896-Tyr-GPA
7783,RNaseP,train,tRNA_tdbR00000557-Pichia_jadinii-4903-Tyr-GPA
7784,RNaseP,train,tRNA_tdbR00000567-Homo_sapiens-9606-Tyr-9PA
7785,RNaseP,train,tRNA_tdbR00000572-Leishmania_tarentolae-5689-Lys-1UU
7786,RNaseP,train,tRNA_tdbR00000573-Leishmania_tarentolae-5689-Gln-3UG
7787,RNaseP,train,tRNA_tdbR00000575-Leishmania_tarentolae-5689-Thr-CGU
7788,RNaseP,train,tRNA_tdbR00000576-Leishmania_tarentolae-5689-Asp-GUC
7789,RNaseP,train,tRNA_tdbR00000577-Leishmania_tarentolae-5689-Glu-CUC
7790,RNaseP,train,tRNA_tdbR00000578-Leishmania_tarentolae-5689-Glu-3UC
7791,RNaseP,train,tRNA_tdbR00000580-Aeropyrum_pernix-56636-Lys-UUU
7792,RNaseP,train,tRNA_tdbR00000581-Aeropyrum_pernix-56636-Lys-CUU
7793,RNaseP,train,tRNA_tdbR00000583-Aeropyrum_pernix-56636-Cys-GCA
7794,RNaseP,train,tRNA_tdbR00000585-Aeropyrum_pernix-56636-Thr-CGU
7795,RNaseP,train,tRNA_tdbR00000588-Aeropyrum_pernix-56636-Asp-GUC
7796,RNaseP,train,tRNA_tdbR00000590-Ascaris_suum-6253-Glu-UC
7797,RNaseP,train,tRNA_tdbR00000591-Ascaris_suum-6253-Lys-UU
7798,RNaseP,train,tRNA_tdbR00000592-Ascaris_suum-6253-Gln-UG
7799,RNaseP,train,tRNA_tdbR00000593-Ascaris_suum-6253-Trp-CA
7800,RNaseP,train,tRNA_tdbR00000594-Ascaris_suum-6253-Leu-AA
7801,RNaseP,train,tRNA_tdbR00000595-Escherichia_coli-562-Leu-BAA
7802,RNaseP,train,tRNA_tdbR00000607-Lupinus_luteus-3873-Leu-IAG
7803,RNaseP,train,tRNA_tdbR00000608-Lupinus_luteus-3873-Leu-UAA
7804,RNaseP,train,tRNA_tdbR00000609-Chlamydomonas_reinhardtii-3055-Leu-UA7
7805,RNaseP,train,tRNA_tdbR00000611-Sinorhizobium_meliloti-382-His-GUG
7806,RNaseP,train,tRNA_tdbR00000612-Sinorhizobium_meliloti-382-Trp-CCA
7807,RNaseP,train,tRNA_tdbR00000613-Nanoarchaeum_equitans-160232-Glu-CUC
7808,RNaseP,train,tRNA_tdbR00000614-Nanoarchaeum_equitans-160232-Ini-CAU
7809,RNaseP,train,tRNA_tdbR00000615-Nanoarchaeum_equitans-160232-Trp-CCA
7810,RNaseP,train,tRNA_tdbR00000616-Nanoarchaeum_equitans-160232-Lys-CUU
7811,RNaseP,train,tRNA_tdbR00000617-Nanoarchaeum_equitans-160232-Gln-UUG
7812,RNaseP,train,tRNA_tdbR00000618-Candida_albicans-5476-Leu-CAG
7813,RNaseP,train,tRNA_tdbR00000619-Toxoplasma_gondii-5811-Met-CAU
7814,RNaseP,train,tRNA_tdbR00000620-Toxoplasma_gondii-5811-Ini-CAU
7815,RNaseP,train,tRNA_tdbR00000621-Nicotiana_rustica-4093-Cys-GCA
7816,RNaseP,train,tRNA_tdbR00000622-Nicotiana_rustica-4093-Cys-GCA
7817,RNaseP,train,tRNA_tdbR00000623-Escherichia_coli-562-Pro-CGG
7818,RNaseP,train,telomerase_AC121792.109554-109950
7819,RNaseP,train,telomerase_AF147806.247-692
7820,RNaseP,train,telomerase_AF221906.96-545
7821,RNaseP,train,telomerase_AF221908.136-584
7822,RNaseP,train,telomerase_AF221909.98-496
7823,RNaseP,train,telomerase_AF221910.112-554
7824,RNaseP,train,telomerase_AF221911.104-513
7825,RNaseP,train,telomerase_AF221912.98-564
7826,RNaseP,train,telomerase_AF221913.109-520
7827,RNaseP,train,telomerase_AF221914.112-589
7828,RNaseP,train,telomerase_AF221916.94-481
7829,RNaseP,train,telomerase_AF221917.99-542
7830,RNaseP,train,telomerase_AF221918.97-547
7831,RNaseP,train,telomerase_AF221919.107-614
7832,RNaseP,train,telomerase_AF221920.99-541
7833,RNaseP,train,telomerase_AF221921.98-548
7834,RNaseP,train,telomerase_AF221923.106-554
7835,RNaseP,train,telomerase_AF221924.105-538
7836,RNaseP,train,telomerase_AF221925.98-540
7837,RNaseP,train,telomerase_AF221926.103-507
7838,RNaseP,train,telomerase_AF221927.113-556
7839,RNaseP,train,telomerase_AF221928.95-476
7840,RNaseP,train,telomerase_AF221929.92-517
7841,RNaseP,train,telomerase_AF221930.94-546
7842,RNaseP,train,telomerase_AF221931.99-541
7843,RNaseP,train,telomerase_AF221932.102-549
7844,RNaseP,train,telomerase_AF221934.121-565
7845,RNaseP,train,telomerase_AF221935.112-602
7846,RNaseP,train,telomerase_AF221936.98-540
7847,RNaseP,train,telomerase_AF221937.99-545
7848,RNaseP,train,telomerase_AF221939.99-544
7849,RNaseP,train,telomerase_AF221940.103-499
7850,RNaseP,train,telomerase_AY058901.1-397
7851,RNaseP,train,telomerase_AY312571.605-1069
7852,RNaseP,train,telomerase_U85256.1-451
7853,RNaseP,train,telomerase_AC121792.109554-109950
7854,RNaseP,train,telomerase_AF147806.247-692
7855,RNaseP,train,telomerase_AF221906.96-545
7856,RNaseP,train,telomerase_AF221908.136-584
7857,RNaseP,train,telomerase_AF221909.98-496
7858,RNaseP,train,telomerase_AF221910.112-554
7859,RNaseP,train,telomerase_AF221911.104-513
7860,RNaseP,train,telomerase_AF221912.98-564
7861,RNaseP,train,telomerase_AF221913.109-520
7862,RNaseP,train,telomerase_AF221914.112-589
7863,RNaseP,train,telomerase_AF221916.94-481
7864,RNaseP,train,telomerase_AF221917.99-542
7865,RNaseP,train,telomerase_AF221918.97-547
7866,RNaseP,train,telomerase_AF221919.107-614
7867,RNaseP,train,telomerase_AF221920.99-541
7868,RNaseP,train,telomerase_AF221921.98-548
7869,RNaseP,train,telomerase_AF221923.106-554
7870,RNaseP,train,telomerase_AF221924.105-538
7871,RNaseP,train,telomerase_AF221925.98-540
7872,RNaseP,train,telomerase_AF221926.103-507
7873,RNaseP,train,telomerase_AF221927.113-556
7874,RNaseP,train,telomerase_AF221928.95-476
7875,RNaseP,train,telomerase_AF221929.92-517
7876,RNaseP,train,telomerase_AF221930.94-546
7877,RNaseP,train,telomerase_AF221931.99-541
7878,RNaseP,train,telomerase_AF221932.102-549
7879,RNaseP,train,telomerase_AF221934.121-565
7880,RNaseP,train,telomerase_AF221935.112-602
7881,RNaseP,train,telomerase_AF221936.98-540
7882,RNaseP,train,telomerase_AF221937.99-545
7883,RNaseP,train,telomerase_AF221939.99-544
7884,RNaseP,train,telomerase_AF221940.103-499
7885,RNaseP,train,telomerase_AY058901.1-397
7886,RNaseP,train,telomerase_AY312571.605-1069
7887,RNaseP,train,telomerase_U85256.1-451
7888,RNaseP,train,telomerase_AC121792.109554-109950
7889,RNaseP,train,telomerase_AF147806.247-692
7890,RNaseP,train,telomerase_AF221906.96-545
7891,RNaseP,train,telomerase_AF221908.136-584
7892,RNaseP,train,telomerase_AF221909.98-496
7893,RNaseP,train,telomerase_AF221910.112-554
7894,RNaseP,train,telomerase_AF221911.104-513
7895,RNaseP,train,telomerase_AF221912.98-564
7896,RNaseP,train,telomerase_AF221913.109-520
7897,RNaseP,train,telomerase_AF221914.112-589
7898,RNaseP,train,telomerase_AF221916.94-481
7899,RNaseP,train,telomerase_AF221917.99-542
7900,RNaseP,train,telomerase_AF221918.97-547
7901,RNaseP,train,telomerase_AF221919.107-614
7902,RNaseP,train,telomerase_AF221920.99-541
7903,RNaseP,train,telomerase_AF221921.98-548
7904,RNaseP,train,telomerase_AF221923.106-554
7905,RNaseP,train,telomerase_AF221924.105-538
7906,RNaseP,train,telomerase_AF221925.98-540
7907,RNaseP,train,telomerase_AF221926.103-507
7908,RNaseP,train,telomerase_AF221927.113-556
7909,RNaseP,train,telomerase_AF221928.95-476
7910,RNaseP,train,telomerase_AF221929.92-517
7911,RNaseP,train,telomerase_AF221930.94-546
7912,RNaseP,train,telomerase_AF221931.99-541
7913,RNaseP,train,telomerase_AF221932.102-549
7914,RNaseP,train,telomerase_AF221934.121-565
7915,RNaseP,train,telomerase_AF221935.112-602
7916,RNaseP,train,telomerase_AF221936.98-540
7917,RNaseP,train,telomerase_AF221937.99-545
7918,RNaseP,train,telomerase_AF221939.99-544
7919,RNaseP,train,telomerase_AF221940.103-499
7920,RNaseP,train,telomerase_AY058901.1-397
7921,RNaseP,train,telomerase_AY312571.605-1069
7922,RNaseP,train,telomerase_U85256.1-451
7923,RNaseP,train,telomerase_AC121792.109554-109950
7924,RNaseP,train,telomerase_AF147806.247-692
7925,RNaseP,train,telomerase_AF221906.96-545
7926,RNaseP,train,telomerase_AF221908.136-584
7927,RNaseP,train,telomerase_AF221909.98-496
7928,RNaseP,train,telomerase_AF221910.112-554
7929,RNaseP,train,telomerase_AF221911.104-513
7930,RNaseP,train,telomerase_AF221912.98-564
7931,RNaseP,train,telomerase_AF221913.109-520
7932,RNaseP,train,telomerase_AF221914.112-589
7933,RNaseP,train,telomerase_AF221916.94-481
7934,RNaseP,train,telomerase_AF221917.99-542
7935,RNaseP,train,telomerase_AF221918.97-547
7936,RNaseP,train,telomerase_AF221919.107-614
7937,RNaseP,train,telomerase_AF221920.99-541
7938,RNaseP,train,telomerase_AF221921.98-548
7939,RNaseP,train,telomerase_AF221923.106-554
7940,RNaseP,train,telomerase_AF221924.105-538
7941,RNaseP,train,telomerase_AF221925.98-540
7942,RNaseP,train,telomerase_AF221926.103-507
7943,RNaseP,train,telomerase_AF221927.113-556
7944,RNaseP,train,telomerase_AF221928.95-476
7945,RNaseP,train,telomerase_AF221929.92-517
7946,RNaseP,train,telomerase_AF221930.94-546
7947,RNaseP,train,telomerase_AF221931.99-541
7948,RNaseP,train,telomerase_AF221932.102-549
7949,RNaseP,train,telomerase_AF221934.121-565
7950,RNaseP,train,telomerase_AF221935.112-602
7951,RNaseP,train,telomerase_AF221936.98-540
7952,RNaseP,train,telomerase_AF221937.99-545
7953,RNaseP,train,telomerase_AF221939.99-544
7954,RNaseP,train,telomerase_AF221940.103-499
7955,RNaseP,train,telomerase_AY058901.1-397
7956,RNaseP,train,telomerase_AY312571.605-1069
7957,RNaseP,train,telomerase_U85256.1-451
7958,RNaseP,train,telomerase_AC121792.109554-109950
7959,RNaseP,train,telomerase_AF147806.247-692
7960,RNaseP,train,telomerase_AF221906.96-545
7961,RNaseP,train,telomerase_AF221908.136-584
7962,RNaseP,train,telomerase_AF221909.98-496
7963,RNaseP,train,telomerase_AF221910.112-554
7964,RNaseP,train,telomerase_AF221911.104-513
7965,RNaseP,train,telomerase_AF221912.98-564
7966,RNaseP,train,telomerase_AF221913.109-520
7967,RNaseP,train,telomerase_AF221914.112-589
7968,RNaseP,train,telomerase_AF221916.94-481
7969,RNaseP,train,telomerase_AF221917.99-542
7970,RNaseP,train,telomerase_AF221918.97-547
7971,RNaseP,train,telomerase_AF221919.107-614
7972,RNaseP,train,telomerase_AF221920.99-541
7973,RNaseP,train,telomerase_AF221921.98-548
7974,RNaseP,train,telomerase_AF221923.106-554
7975,RNaseP,train,telomerase_AF221924.105-538
7976,RNaseP,train,telomerase_AF221925.98-540
7977,RNaseP,train,telomerase_AF221926.103-507
7978,RNaseP,train,telomerase_AF221927.113-556
7979,RNaseP,train,telomerase_AF221928.95-476
7980,RNaseP,train,telomerase_AF221929.92-517
7981,RNaseP,train,telomerase_AF221930.94-546
7982,RNaseP,train,telomerase_AF221931.99-541
7983,RNaseP,train,telomerase_AF221932.102-549
7984,RNaseP,train,telomerase_AF221934.121-565
7985,RNaseP,train,telomerase_AF221935.112-602
7986,RNaseP,train,telomerase_AF221936.98-540
7987,RNaseP,train,telomerase_AF221937.99-545
7988,RNaseP,train,telomerase_AF221939.99-544
7989,RNaseP,train,telomerase_AF221940.103-499
7990,RNaseP,train,telomerase_AY058901.1-397
7991,RNaseP,train,telomerase_AY312571.605-1069
7992,RNaseP,train,telomerase_U85256.1-451
7993,RNaseP,train,telomerase_AC121792.109554-109950
7994,RNaseP,train,telomerase_AF147806.247-692
7995,RNaseP,train,telomerase_AF221906.96-545
7996,RNaseP,train,telomerase_AF221908.136-584
7997,RNaseP,train,telomerase_AF221909.98-496
7998,RNaseP,train,telomerase_AF221910.112-554
7999,RNaseP,train,telomerase_AF221911.104-513
8000,RNaseP,train,telomerase_AF221912.98-564
8001,RNaseP,train,telomerase_AF221913.109-520
8002,RNaseP,train,telomerase_AF221914.112-589
8003,RNaseP,train,telomerase_AF221916.94-481
8004,RNaseP,train,telomerase_AF221917.99-542
8005,RNaseP,train,telomerase_AF221918.97-547
8006,RNaseP,train,telomerase_AF221919.107-614
8007,RNaseP,train,telomerase_AF221920.99-541
8008,RNaseP,train,telomerase_AF221921.98-548
8009,RNaseP,train,telomerase_AF221923.106-554
8010,RNaseP,train,telomerase_AF221924.105-538
8011,RNaseP,train,telomerase_AF221925.98-540
8012,RNaseP,train,telomerase_AF221926.103-507
8013,RNaseP,train,telomerase_AF221927.113-556
8014,RNaseP,train,telomerase_AF221928.95-476
8015,RNaseP,train,telomerase_AF221929.92-517
8016,RNaseP,train,telomerase_AF221930.94-546
8017,RNaseP,train,telomerase_AF221931.99-541
8018,RNaseP,train,tmRNA_Acid.caps._TRW-240015_1-352
8019,RNaseP,train,tmRNA_Acid.ferr._TRW-243159_1-364
8020,RNaseP,train,tmRNA_Acid.ferr._TRW-920_1-341
8021,RNaseP,train,tmRNA_Acin.spec._CR543861_1-360
8022,RNaseP,train,tmRNA_Acti.naes._TRW-240017_1-371
8023,RNaseP,train,tmRNA_Aero.hydr._CP000462_1-360
8024,RNaseP,train,tmRNA_Alka.meta._TRW-293826_1-355
8025,RNaseP,train,tmRNA_Aqui.aeol._TRW-63363_1-347
8026,RNaseP,train,tmRNA_Azoa.spec._TRW-62928_1-378
8027,RNaseP,train,tmRNA_Baci.G._TRW-12333_1-312
8028,RNaseP,train,tmRNA_Baci.clau._AP006627_1-355
8029,RNaseP,train,tmRNA_Baci.lich._CP000002_1-356
8030,RNaseP,train,tmRNA_Baci.subt._Z99121_1-360
8031,RNaseP,train,tmRNA_Bact.mari._TRW-97084_1-385
8032,RNaseP,train,tmRNA_Bact.thet._AE015928_1-397
8033,RNaseP,train,tmRNA_Bdel.bact._BX842656_1-346
8034,RNaseP,train,tmRNA_Bifi.long._TRW-206672_1-397
8035,RNaseP,train,tmRNA_Bloc.flor._BX248583_1-393
8036,RNaseP,train,tmRNA_Bloc.penn._CP000016_1-392
8037,RNaseP,train,tmRNA_Bord.pert._TRW-257313_1-387
8038,RNaseP,train,tmRNA_Borr.gari._CP000013_1-363
8039,RNaseP,train,tmRNA_Brev.line._TRW-321955_1-377
8040,RNaseP,train,tmRNA_Buch.aphi._AE013218_1-376
8041,RNaseP,train,tmRNA_Buch.aphi._AE016826_1-367
8042,RNaseP,train,tmRNA_Buch.aphi._BD061520_1-369
8043,RNaseP,train,tmRNA_Cald.sacc._TRW-351627_1-368
8044,RNaseP,train,tmRNA_Camp.fetu._AY211269_1-361
8045,RNaseP,train,tmRNA_Camp.upsa._TRW-306264_1-359
8046,RNaseP,train,tmRNA_Carb.hydr._CP000141_1-359
8047,RNaseP,train,tmRNA_Carn.malt._AF275938_1-366
8048,RNaseP,train,tmRNA_Chla.trac._TRW-813-2_1-420
8049,RNaseP,train,tmRNA_Chlo.aura._AY040836_1-361
8050,RNaseP,train,tmRNA_Chlo.chlo._CP000108_1-401
8051,RNaseP,train,tmRNA_Chlo.tepi._TRW-194439_1-404
8052,RNaseP,train,tmRNA_Chro.sale._CP000285_1-380
8053,RNaseP,train,tmRNA_Chro.viol._AE016825_1-365
8054,RNaseP,train,tmRNA_Clav.mich._TRW-31964_1-376
8055,RNaseP,train,tmRNA_Clos.perf._TRW-195102_1-361
8056,RNaseP,train,tmRNA_Clos.ther._TRW-203119_1-387
8057,RNaseP,train,tmRNA_Colw.psyc._CP000083_1-350
8058,RNaseP,train,tmRNA_Copr.prot._TRW-351627_1-353
8059,RNaseP,train,tmRNA_Cory.diph._BX248356_1-385
8060,RNaseP,train,tmRNA_Cory.glut._BX927150_1-377
8061,RNaseP,train,tmRNA_Coxi.burn._AE016828_1-360
8062,RNaseP,train,tmRNA_Croc.wats._TRW-165597_1-386
8063,RNaseP,train,tmRNA_Cyan.cald._AF022186_1-254
8064,RNaseP,train,tmRNA_Cyan.mero._TRW-45157_1-236
8065,RNaseP,train,tmRNA_Cyan.para._U30821_1-291
8066,RNaseP,train,tmRNA_Cyto.hutc._CP000383_1-404
8067,RNaseP,train,tmRNA_Deha.ethe._CP000027_1-352
8068,RNaseP,train,tmRNA_Dein.geot._CP000359_1-348
8069,RNaseP,train,tmRNA_Dein.radi._TRW-243230_1-349
8070,RNaseP,train,tmRNA_Desu.acet._TRW-281689_1-353
8071,RNaseP,train,tmRNA_Desu.desu._CP000112_1-360
8072,RNaseP,train,tmRNA_Desu.psyc._CR522870_1-366
8073,RNaseP,train,tmRNA_Desu.vulg._AE017285_1-352
8074,RNaseP,train,tmRNA_Dich.nodo._TRW-35819_1-352
8075,RNaseP,train,tmRNA_Dict.ther._TRW-14_1-350
8076,RNaseP,train,tmRNA_Emil.huxl._TRW-280463_1-291
8077,RNaseP,train,tmRNA_Ente.faec._TRW-1352_1-367
8078,RNaseP,train,tmRNA_Exig.sibi._TRW-262543_1-359
8079,RNaseP,train,tmRNA_Fibr.succ._TRW-59374_1-361
8080,RNaseP,train,tmRNA_Fran.spec._TRW-298653_1-375
8081,RNaseP,train,tmRNA_Fran.tula._CP000437_1-421
8082,RNaseP,train,tmRNA_Fuso.nucl._TRW-393480_1-344
8083,RNaseP,train,tmRNA_Gemm.obsc._TRW-214688_1-412
8084,RNaseP,train,tmRNA_Geob.meta._CP000148_1-356
8085,RNaseP,train,tmRNA_Geob.stea._TRW-1422_1-352
8086,RNaseP,train,tmRNA_Geob.sulf._AE017180_1-356
8087,RNaseP,train,tmRNA_Grac.tenu._AY673996_1-396
8088,RNaseP,train,tmRNA_Guil.thet._TRW-55529_1-330
8089,RNaseP,train,tmRNA_Haem.ducr._AE017143_1-367
8090,RNaseP,train,tmRNA_Haem.somn._CP000436_1-367
8091,RNaseP,train,tmRNA_Heli.hepa._AE017125_1-369
8092,RNaseP,train,tmRNA_Heli.must._DQ250625_1-366
8093,RNaseP,train,tmRNA_Heli.pylo._TRW-85963_1-386
8094,RNaseP,train,tmRNA_Idio.loih._AE017340_1-359
8095,RNaseP,train,tmRNA_Jako.libe._TRW-143017_1-102
8096,RNaseP,train,tmRNA_Lact.brev._CP000416_1-372
8097,RNaseP,train,tmRNA_Lact.case._CP000423_1-364
8098,RNaseP,train,tmRNA_Lact.delb._AF440335_1-316
8099,RNaseP,train,tmRNA_Lact.delb._TRW-321956_1-362
8100,RNaseP,train,tmRNA_Lact.john._TRW-257314_1-367
8101,RNaseP,train,tmRNA_Lact.lact._AF176556_1-359
8102,RNaseP,train,tmRNA_Lact.plan._AL935259_1-372
8103,RNaseP,train,tmRNA_Lact.sake._TRW-314315_1-370
8104,RNaseP,train,tmRNA_Laws.intr._AM180252_1-376
8105,RNaseP,train,tmRNA_Legi.pneu._CR628337_1-406
8106,RNaseP,train,tmRNA_Leif.xyli._AE016822_1-394
8107,RNaseP,train,tmRNA_Lept.inte._AE016823_1-350
8108,RNaseP,train,tmRNA_Lept.spec._TRW-261386_1-359
8109,RNaseP,train,tmRNA_Leuc.mese._AF375574_1-307
8110,RNaseP,train,tmRNA_Leuc.mese._TRW-1245_1-358
8111,RNaseP,train,tmRNA_List.gray._AF440336_1-321
8112,RNaseP,train,tmRNA_List.wels._AF440351_1-321
8113,RNaseP,train,tmRNA_Magn.spec._CP000471_1-366
8114,RNaseP,train,tmRNA_Mari.aqua._TRW-351348_1-366
8115,RNaseP,train,tmRNA_Meso.flor._AE017263_1-408
8116,RNaseP,train,tmRNA_Meso.viri._AF166114_1-359
8117,RNaseP,train,tmRNA_Meth.caps._AE017282_1-356
8118,RNaseP,train,tmRNA_Moor.ther._CP000232_1-358
8119,RNaseP,train,tmRNA_Mora.cata._AX067460_1-359
8120,RNaseP,train,tmRNA_Myco.Bxz1._AY129337_1-437
8121,RNaseP,train,tmRNA_Myco.arth._TRW-243272_1-394
8122,RNaseP,train,tmRNA_Myco.gall._AE015450_1-408
8123,RNaseP,train,tmRNA_Myco.geni._U39713_1-385
8124,RNaseP,train,tmRNA_Myco.hyop._TRW-295358_1-424
8125,RNaseP,train,tmRNA_Myco.mobi._TRW-267748_1-376
8126,RNaseP,train,tmRNA_Myco.myco._BX842642_1-411
8127,RNaseP,train,tmRNA_Myco.pene._BA000026_1-405
8128,RNaseP,train,tmRNA_Myco.pneu._AE000035_1-384
8129,RNaseP,train,tmRNA_Myco.pulm._AL445565_1-387
8130,RNaseP,train,tmRNA_Myxo.xant._TRW-34_1-366
8131,RNaseP,train,tmRNA_Neph.oliv._AF137379-2_1-327
8132,RNaseP,train,tmRNA_Nitr.mult._CP000103_1-362
8133,RNaseP,train,tmRNA_Nitr.ocea._CP000127_1-361
8134,RNaseP,train,tmRNA_Noca.farc._AP006618_1-368
8135,RNaseP,train,tmRNA_Nost.spec._BA000019_1-390
8136,RNaseP,train,tmRNA_Ocea.ihey._BA000028_1-364
8137,RNaseP,train,tmRNA_Odon.sine._Z67753_1-368
8138,RNaseP,train,tmRNA_Oeno.oeni._TRW-203123_1-350
8139,RNaseP,train,tmRNA_Onio.yell._AP006628_1-423
8140,RNaseP,train,tmRNA_Paen.larv._TRW-1464_1-367
8141,RNaseP,train,tmRNA_Para.symb._BX908798_1-405
8142,RNaseP,train,tmRNA_Pedi.pent._CP000422_1-369
8143,RNaseP,train,tmRNA_Pelo.carb._CP000142_1-358
8144,RNaseP,train,tmRNA_Phot.prof._CR378665_1-368
8145,RNaseP,train,tmRNA_Porp.ging._TRW-242619_1-407
8146,RNaseP,train,tmRNA_Porp.purp._TRW-2787_1-323
8147,RNaseP,train,tmRNA_Prev.rumi._TRW-264731_1-401
8148,RNaseP,train,tmRNA_Prop.acne._TRW-1747-1_1-371
8149,RNaseP,train,tmRNA_Prop.acne._TRW-1747-3_1-353
8150,RNaseP,train,tmRNA_Pseu.aeru._CP000438_1-353
8151,RNaseP,train,tmRNA_Pseu.atla._CP000388_1-357
8152,RNaseP,train,tmRNA_Pseu.halo._CR954246_1-357
8153,RNaseP,train,tmRNA_Rals.sola._AL646061_1-357
8154,RNaseP,train,tmRNA_Rhod.balt._BX294141_1-380
8155,RNaseP,train,tmRNA_Rubr.gela._TRW-279263_1-372
8156,RNaseP,train,tmRNA_Rubr.xyla._TRW-266117_1-360
8157,RNaseP,train,tmRNA_Rumi.albu._TRW-246199_1-354
8158,RNaseP,train,tmRNA_Sacc.degr._CP000282_1-389
8159,RNaseP,train,tmRNA_Sali.rube._CP000159_1-369
8160,RNaseP,train,tmRNA_Soli.usit._CP000473_1-352
8161,RNaseP,train,tmRNA_Spir.kunk._TRW-273035_1-424
8162,RNaseP,train,tmRNA_Stap.epid._AF375586_1-311
8163,RNaseP,train,tmRNA_Stap.epid._TRW-176280_1-361
8164,RNaseP,train,tmRNA_Stre.aver._BA000030_1-389
8165,RNaseP,train,tmRNA_Stre.coll._AY485228_1-386
8166,RNaseP,train,tmRNA_Stre.scab._TRW-1883_1-402
8167,RNaseP,train,tmRNA_Stre.ther._CP000419_1-350
8168,RNaseP,train,tmRNA_Stre.uber._TRW-218495_1-350
8169,RNaseP,train,tmRNA_Sulf.azor._TRW-204536_1-351
8170,RNaseP,train,tmRNA_Syne.spec._AB003477_1-394
8171,RNaseP,train,tmRNA_Syne.spec._TRW-1131_1-399
8172,RNaseP,train,tmRNA_Syne.spec._TRW-32049_1-396
8173,RNaseP,train,tmRNA_Synt.acid._CP000252_1-356
8174,RNaseP,train,tmRNA_Tann.fors._TRW-203275_1-400
8175,RNaseP,train,tmRNA_Thal.weis._AF049491_1-348
8176,RNaseP,train,tmRNA_Ther.comm._TRW-289377_1-355
8177,RNaseP,train,tmRNA_Ther.elon._BA000039_1-386
8178,RNaseP,train,tmRNA_Ther.fusc._CP000088_1-372
8179,RNaseP,train,tmRNA_Ther.neap._TRW-309803_1-357
8180,RNaseP,train,tmRNA_Ther.rose._TRW-309801_1-353
8181,RNaseP,train,tmRNA_Ther.teng._AE013063_1-351
8182,RNaseP,train,tmRNA_Ther.ther._Y15063_1-349
8183,RNaseP,train,tmRNA_Ther.yell._TRW-289376_1-350
8184,RNaseP,train,tmRNA_Thio.crun._CP000109_1-358
8185,RNaseP,train,tmRNA_Thio.deni._CP000116_1-367
8186,RNaseP,train,tmRNA_Trem.prin._AF481102_1-264
8187,RNaseP,train,tmRNA_Trep.dent._AE017226_1-351
8188,RNaseP,train,tmRNA_Trep.pall._TRW-243276_1-354
8189,RNaseP,train,tmRNA_Tric.eryt._CP000393_1-398
8190,RNaseP,train,tmRNA_Trop.whip._BX251411_1-369
8191,RNaseP,train,tmRNA_Urea.parv._AE002154_1-413
8192,RNaseP,train,tmRNA_Verr.spin._TRW-240016_1-356
8193,RNaseP,train,tmRNA_Wigg.glos._BA000021_1-365
8194,RNaseP,train,tmRNA_Woli.succ._BX571661_1-369
8195,RNaseP,train,tmRNA_Xant.oryz._AE013598_1-397
8196,RNaseP,train,tmRNA_Xyle.fast._TRW-155920_1-355
8197,RNaseP,train,tmRNA_Yers.moll._TRW-349967_1-381
8198,RNaseP,train,tmRNA_Yers.pseu._AR948532_1-364
8199,RNaseP,train,tmRNA_envi.sequ._TRW-2-1_1-365
8200,RNaseP,train,tmRNA_envi.sequ._TRW-2-2_1-356
8201,RNaseP,train,tmRNA_envi.sequ._TRW-204433_1-356
8202,RNaseP,train,tmRNA_envi.sequ._TRW-259292_1-355
8203,RNaseP,train,tmRNA_envi.sequ._TRW-300695-2_1-345
8204,RNaseP,train,tmRNA_envi.sequ._TRW-32045-1_1-355
8205,RNaseP,train,tmRNA_envi.sequ._TRW-32045-2_1-345
8206,RNaseP,train,tmRNA_envi.sequ._TRW-32045-3_1-350
8207,RNaseP,train,tmRNA_envi.sequ._TRW-351057-3_1-355
8208,RNaseP,train,tmRNA_envi.sequ._TRW-356-1_1-289
8209,RNaseP,train,tmRNA_uncu.bact._TRW-135621-1_1-397
8210,RNaseP,train,tmRNA_uncu.bact._TRW-32033-1_1-354
8211,RNaseP,train,tmRNA_uncu.bact._TRW-32045-4_1-369
8212,RNaseP,train,tmRNA_uncu.bact._TRW-383630-1_1-364
8213,RNaseP,train,tmRNA_uncu.bact._TRW-45456_1-408
8214,RNaseP,train,tmRNA_uncu.bact._TRW-72274-1_1-359
8215,RNaseP,train,tmRNA_uncu.bact._TRW-72274-2_1-359
8216,RNaseP,train,tmRNA_uncu.bact._TRW-80840-3_1-379
8217,RNaseP,train,tmRNA_uncu.mari._TRW-363180_1-347
8218,grp1,train,16s_A.fulgidus_domain2
8219,grp1,train,16s_A.fulgidus_domain3
8220,grp1,train,16s_A.fulgidus_domain4
8221,grp1,train,16s_A.pyrophilus_domain2
8222,grp1,train,16s_A.pyrophilus_domain4
8223,grp1,train,16s_B.burgdorferi_domain2
8224,grp1,train,16s_B.burgdorferi_domain3
8225,grp1,train,16s_B.burgdorferi_domain4
8226,grp1,train,16s_B.subtilis_domain2
8227,grp1,train,16s_B.subtilis_domain3
8228,grp1,train,16s_B.subtilis_domain4
8229,grp1,train,16s_C.elegans_domain1
8230,grp1,train,16s_C.elegans_domain2
8231,grp1,train,16s_C.elegans_domain3
8232,grp1,train,16s_C.elegans_domain4
8233,grp1,train,16s_C.psittaci_domain2
8234,grp1,train,16s_C.psittaci_domain3
8235,grp1,train,16s_C.psittaci_domain4
8236,grp1,train,16s_C.reinhardtii.chloro_domain1
8237,grp1,train,16s_C.reinhardtii.chloro_domain2
8238,grp1,train,16s_C.reinhardtii.chloro_domain3
8239,grp1,train,16s_C.reinhardtii.chloro_domain4
8240,grp1,train,16s_C.reinhardtii.mito_domain1
8241,grp1,train,16s_C.reinhardtii.mito_domain2
8242,grp1,train,16s_C.reinhardtii.mito_domain3
8243,grp1,train,16s_C.reinhardtii.mito_domain4
8244,grp1,train,16s_D.melanogaster_domain4
8245,grp1,train,16s_E.coli_domain2
8246,grp1,train,16s_E.coli_domain3
8247,grp1,train,16s_E.coli_domain4
8248,grp1,train,16s_F.ananassa_domain3
8249,grp1,train,16s_F.ananassa_domain4
8250,grp1,train,16s_G.intestinalis_domain1
8251,grp1,train,16s_G.intestinalis_domain2
8252,grp1,train,16s_G.intestinalis_domain3
8253,grp1,train,16s_G.intestinalis_domain4
8254,grp1,train,16s_H.sapiens.mito_domain1
8255,grp1,train,16s_H.sapiens.mito_domain2
8256,grp1,train,16s_H.sapiens.mito_domain3
8257,grp1,train,16s_H.sapiens.mito_domain4
8258,grp1,train,16s_H.sapiens_domain3
8259,grp1,train,16s_H.sapiens_domain4
8260,grp1,train,16s_H.volcanii_domain1
8261,grp1,train,16s_H.volcanii_domain2
8262,grp1,train,16s_H.volcanii_domain3
8263,grp1,train,16s_H.volcanii_domain4
8264,grp1,train,16s_M.polymorpha_domain2
8265,grp1,train,16s_M.polymorpha_domain3
8266,grp1,train,16s_M.polymorpha_domain4
8267,grp1,train,16s_P.occultum_domain2
8268,grp1,train,16s_P.occultum_domain3
8269,grp1,train,16s_P.occultum_domain4
8270,grp1,train,16s_P.staleyi_domain2
8271,grp1,train,16s_P.staleyi_domain3
8272,grp1,train,16s_P.staleyi_domain4
8273,grp1,train,16s_S.cerevisiae_domain3
8274,grp1,train,16s_S.cerevisiae_domain4
8275,grp1,train,16s_T.gondii_domain3
8276,grp1,train,16s_T.gondii_domain4
8277,grp1,train,16s_T.maritima_domain2
8278,grp1,train,16s_T.maritima_domain3
8279,grp1,train,16s_T.maritima_domain4
8280,grp1,train,16s_Z.mays_domain1
8281,grp1,train,16s_Z.mays_domain2
8282,grp1,train,16s_Z.mays_domain3
8283,grp1,train,16s_Z.mays_domain4
8284,grp1,train,16s_A.fulgidus_domain2
8285,grp1,train,16s_A.fulgidus_domain3
8286,grp1,train,16s_A.fulgidus_domain4
8287,grp1,train,16s_A.pyrophilus_domain2
8288,grp1,train,16s_A.pyrophilus_domain4
8289,grp1,train,16s_B.burgdorferi_domain2
8290,grp1,train,16s_B.burgdorferi_domain3
8291,grp1,train,16s_B.burgdorferi_domain4
8292,grp1,train,16s_B.subtilis_domain2
8293,grp1,train,16s_B.subtilis_domain3
8294,grp1,train,16s_B.subtilis_domain4
8295,grp1,train,16s_C.elegans_domain1
8296,grp1,train,16s_C.elegans_domain2
8297,grp1,train,16s_C.elegans_domain3
8298,grp1,train,16s_C.elegans_domain4
8299,grp1,train,16s_C.psittaci_domain2
8300,grp1,train,16s_C.psittaci_domain3
8301,grp1,train,16s_C.psittaci_domain4
8302,grp1,train,16s_C.reinhardtii.chloro_domain1
8303,grp1,train,16s_C.reinhardtii.chloro_domain2
8304,grp1,train,16s_C.reinhardtii.chloro_domain3
8305,grp1,train,16s_C.reinhardtii.chloro_domain4
8306,grp1,train,16s_C.reinhardtii.mito_domain1
8307,grp1,train,16s_C.reinhardtii.mito_domain2
8308,grp1,train,16s_C.reinhardtii.mito_domain3
8309,grp1,train,16s_C.reinhardtii.mito_domain4
8310,grp1,train,16s_D.melanogaster_domain4
8311,grp1,train,16s_E.coli_domain2
8312,grp1,train,16s_E.coli_domain3
8313,grp1,train,16s_E.coli_domain4
8314,grp1,train,16s_F.ananassa_domain3
8315,grp1,train,16s_F.ananassa_domain4
8316,grp1,train,16s_G.intestinalis_domain1
8317,grp1,train,16s_G.intestinalis_domain2
8318,grp1,train,16s_G.intestinalis_domain3
8319,grp1,train,16s_G.intestinalis_domain4
8320,grp1,train,16s_H.sapiens.mito_domain1
8321,grp1,train,16s_H.sapiens.mito_domain2
8322,grp1,train,16s_H.sapiens.mito_domain3
8323,grp1,train,16s_H.sapiens.mito_domain4
8324,grp1,train,16s_H.sapiens_domain3
8325,grp1,train,16s_H.sapiens_domain4
8326,grp1,train,16s_H.volcanii_domain1
8327,grp1,train,16s_H.volcanii_domain2
8328,grp1,train,16s_H.volcanii_domain3
8329,grp1,train,16s_H.volcanii_domain4
8330,grp1,train,16s_M.polymorpha_domain2
8331,grp1,train,16s_M.polymorpha_domain3
8332,grp1,train,16s_M.polymorpha_domain4
8333,grp1,train,16s_P.occultum_domain2
8334,grp1,train,16s_P.occultum_domain3
8335,grp1,train,16s_P.occultum_domain4
8336,grp1,train,16s_P.staleyi_domain2
8337,grp1,train,16s_P.staleyi_domain3
8338,grp1,train,16s_P.staleyi_domain4
8339,grp1,train,16s_S.cerevisiae_domain3
8340,grp1,train,16s_S.cerevisiae_domain4
8341,grp1,train,16s_T.gondii_domain3
8342,grp1,train,16s_T.gondii_domain4
8343,grp1,train,16s_T.maritima_domain2
8344,grp1,train,16s_T.maritima_domain3
8345,grp1,train,16s_T.maritima_domain4
8346,grp1,train,16s_Z.mays_domain1
8347,grp1,train,16s_Z.mays_domain2
8348,grp1,train,16s_Z.mays_domain3
8349,grp1,train,16s_Z.mays_domain4
8350,grp1,train,16s_A.fulgidus_domain2
8351,grp1,train,16s_A.fulgidus_domain3
8352,grp1,train,16s_A.fulgidus_domain4
8353,grp1,train,16s_A.pyrophilus_domain2
8354,grp1,train,16s_A.pyrophilus_domain4
8355,grp1,train,16s_B.burgdorferi_domain2
8356,grp1,train,16s_B.burgdorferi_domain3
8357,grp1,train,16s_B.burgdorferi_domain4
8358,grp1,train,16s_B.subtilis_domain2
8359,grp1,train,16s_B.subtilis_domain3
8360,grp1,train,16s_B.subtilis_domain4
8361,grp1,train,16s_C.elegans_domain1
8362,grp1,train,16s_C.elegans_domain2
8363,grp1,train,16s_C.elegans_domain3
8364,grp1,train,16s_C.elegans_domain4
8365,grp1,train,16s_C.psittaci_domain2
8366,grp1,train,16s_C.psittaci_domain3
8367,grp1,train,16s_C.psittaci_domain4
8368,grp1,train,16s_C.reinhardtii.chloro_domain1
8369,grp1,train,16s_C.reinhardtii.chloro_domain2
8370,grp1,train,16s_C.reinhardtii.chloro_domain3
8371,grp1,train,16s_C.reinhardtii.chloro_domain4
8372,grp1,train,16s_C.reinhardtii.mito_domain1
8373,grp1,train,16s_C.reinhardtii.mito_domain2
8374,grp1,train,16s_C.reinhardtii.mito_domain3
8375,grp1,train,16s_C.reinhardtii.mito_domain4
8376,grp1,train,16s_D.melanogaster_domain4
8377,grp1,train,16s_E.coli_domain2
8378,grp1,train,16s_E.coli_domain3
8379,grp1,train,16s_E.coli_domain4
8380,grp1,train,16s_F.ananassa_domain3
8381,grp1,train,16s_F.ananassa_domain4
8382,grp1,train,16s_G.intestinalis_domain1
8383,grp1,train,16s_G.intestinalis_domain2
8384,grp1,train,16s_G.intestinalis_domain3
8385,grp1,train,16s_G.intestinalis_domain4
8386,grp1,train,16s_H.sapiens.mito_domain1
8387,grp1,train,16s_H.sapiens.mito_domain2
8388,grp1,train,16s_H.sapiens.mito_domain3
8389,grp1,train,16s_H.sapiens.mito_domain4
8390,grp1,train,16s_H.sapiens_domain3
8391,grp1,train,16s_H.sapiens_domain4
8392,grp1,train,16s_H.volcanii_domain1
8393,grp1,train,16s_H.volcanii_domain2
8394,grp1,train,16s_H.volcanii_domain3
8395,grp1,train,16s_H.volcanii_domain4
8396,grp1,train,16s_M.polymorpha_domain2
8397,grp1,train,16s_M.polymorpha_domain3
8398,grp1,train,16s_M.polymorpha_domain4
8399,grp1,train,16s_P.occultum_domain2
8400,grp1,train,16s_P.occultum_domain3
8401,grp1,train,16s_P.occultum_domain4
8402,grp1,train,16s_P.staleyi_domain2
8403,grp1,train,16s_P.staleyi_domain3
8404,grp1,train,16s_P.staleyi_domain4
8405,grp1,train,16s_S.cerevisiae_domain3
8406,grp1,train,16s_S.cerevisiae_domain4
8407,grp1,train,16s_T.gondii_domain3
8408,grp1,train,16s_T.gondii_domain4
8409,grp1,train,16s_T.maritima_domain2
8410,grp1,train,16s_T.maritima_domain3
8411,grp1,train,16s_T.maritima_domain4
8412,grp1,train,16s_Z.mays_domain1
8413,grp1,train,16s_Z.mays_domain2
8414,grp1,train,16s_Z.mays_domain3
8415,grp1,train,16s_Z.mays_domain4
8416,grp1,train,16s_A.fulgidus_domain2
8417,grp1,train,16s_A.fulgidus_domain3
8418,grp1,train,23s_B.subtilis_domain3
8419,grp1,train,23s_B.subtilis_domain4
8420,grp1,train,23s_B.subtilis_domain6
8421,grp1,train,23s_E.coli_domain3
8422,grp1,train,23s_E.coli_domain4
8423,grp1,train,23s_E.coli_domain6
8424,grp1,train,23s_H.pylori_domain3
8425,grp1,train,23s_H.pylori_domain4
8426,grp1,train,23s_H.pylori_domain6
8427,grp1,train,23s_S.aureus_domain3
8428,grp1,train,23s_S.aureus_domain4
8429,grp1,train,23s_S.aureus_domain6
8430,grp1,train,23s_T.thermophilus_domain3
8431,grp1,train,23s_T.thermophilus_domain4
8432,grp1,train,23s_T.thermophilus_domain6
8433,grp1,train,23s_B.subtilis_domain3
8434,grp1,train,23s_B.subtilis_domain4
8435,grp1,train,23s_B.subtilis_domain6
8436,grp1,train,23s_E.coli_domain3
8437,grp1,train,23s_E.coli_domain4
8438,grp1,train,23s_E.coli_domain6
8439,grp1,train,23s_H.pylori_domain3
8440,grp1,train,23s_H.pylori_domain4
8441,grp1,train,23s_H.pylori_domain6
8442,grp1,train,23s_S.aureus_domain3
8443,grp1,train,23s_S.aureus_domain4
8444,grp1,train,23s_S.aureus_domain6
8445,grp1,train,23s_T.thermophilus_domain3
8446,grp1,train,23s_T.thermophilus_domain4
8447,grp1,train,23s_T.thermophilus_domain6
8448,grp1,train,23s_B.subtilis_domain3
8449,grp1,train,23s_B.subtilis_domain4
8450,grp1,train,23s_B.subtilis_domain6
8451,grp1,train,23s_E.coli_domain3
8452,grp1,train,23s_E.coli_domain4
8453,grp1,train,23s_E.coli_domain6
8454,grp1,train,23s_H.pylori_domain3
8455,grp1,train,23s_H.pylori_domain4
8456,grp1,train,23s_H.pylori_domain6
8457,grp1,train,23s_S.aureus_domain3
8458,grp1,train,23s_S.aureus_domain4
8459,grp1,train,23s_S.aureus_domain6
8460,grp1,train,23s_T.thermophilus_domain3
8461,grp1,train,23s_T.thermophilus_domain4
8462,grp1,train,23s_T.thermophilus_domain6
8463,grp1,train,23s_B.subtilis_domain3
8464,grp1,train,23s_B.subtilis_domain4
8465,grp1,train,23s_B.subtilis_domain6
8466,grp1,train,23s_E.coli_domain3
8467,grp1,train,23s_E.coli_domain4
8468,grp1,train,23s_E.coli_domain6
8469,grp1,train,23s_H.pylori_domain3
8470,grp1,train,23s_H.pylori_domain4
8471,grp1,train,23s_H.pylori_domain6
8472,grp1,train,23s_S.aureus_domain3
8473,grp1,train,23s_S.aureus_domain4
8474,grp1,train,23s_S.aureus_domain6
8475,grp1,train,23s_T.thermophilus_domain3
8476,grp1,train,23s_T.thermophilus_domain4
8477,grp1,train,23s_T.thermophilus_domain6
8478,grp1,train,23s_B.subtilis_domain3
8479,grp1,train,23s_B.subtilis_domain4
8480,grp1,train,23s_B.subtilis_domain6
8481,grp1,train,23s_E.coli_domain3
8482,grp1,train,23s_E.coli_domain4
8483,grp1,train,23s_E.coli_domain6
8484,grp1,train,23s_H.pylori_domain3
8485,grp1,train,23s_H.pylori_domain4
8486,grp1,train,23s_H.pylori_domain6
8487,grp1,train,23s_S.aureus_domain3
8488,grp1,train,23s_S.aureus_domain4
8489,grp1,train,23s_S.aureus_domain6
8490,grp1,train,23s_T.thermophilus_domain3
8491,grp1,train,23s_T.thermophilus_domain4
8492,grp1,train,23s_T.thermophilus_domain6
8493,grp1,train,23s_B.subtilis_domain3
8494,grp1,train,23s_B.subtilis_domain4
8495,grp1,train,23s_B.subtilis_domain6
8496,grp1,train,23s_E.coli_domain3
8497,grp1,train,23s_E.coli_domain4
8498,grp1,train,23s_E.coli_domain6
8499,grp1,train,23s_H.pylori_domain3
8500,grp1,train,23s_H.pylori_domain4
8501,grp1,train,23s_H.pylori_domain6
8502,grp1,train,23s_S.aureus_domain3
8503,grp1,train,23s_S.aureus_domain4
8504,grp1,train,23s_S.aureus_domain6
8505,grp1,train,23s_T.thermophilus_domain3
8506,grp1,train,23s_T.thermophilus_domain4
8507,grp1,train,23s_T.thermophilus_domain6
8508,grp1,train,23s_B.subtilis_domain3
8509,grp1,train,23s_B.subtilis_domain4
8510,grp1,train,23s_B.subtilis_domain6
8511,grp1,train,23s_E.coli_domain3
8512,grp1,train,23s_E.coli_domain4
8513,grp1,train,23s_E.coli_domain6
8514,grp1,train,23s_H.pylori_domain3
8515,grp1,train,23s_H.pylori_domain4
8516,grp1,train,23s_H.pylori_domain6
8517,grp1,train,23s_S.aureus_domain3
8518,grp1,train,23s_S.aureus_domain4
8519,grp1,train,23s_S.aureus_domain6
8520,grp1,train,23s_T.thermophilus_domain3
8521,grp1,train,23s_T.thermophilus_domain4
8522,grp1,train,23s_T.thermophilus_domain6
8523,grp1,train,23s_B.subtilis_domain3
8524,grp1,train,23s_B.subtilis_domain4
8525,grp1,train,23s_B.subtilis_domain6
8526,grp1,train,23s_E.coli_domain3
8527,grp1,train,23s_E.coli_domain4
8528,grp1,train,23s_E.coli_domain6
8529,grp1,train,23s_H.pylori_domain3
8530,grp1,train,23s_H.pylori_domain4
8531,grp1,train,23s_H.pylori_domain6
8532,grp1,train,23s_S.aureus_domain3
8533,grp1,train,23s_S.aureus_domain4
8534,grp1,train,23s_S.aureus_domain6
8535,grp1,train,23s_T.thermophilus_domain3
8536,grp1,train,23s_T.thermophilus_domain4
8537,grp1,train,23s_T.thermophilus_domain6
8538,grp1,train,23s_B.subtilis_domain3
8539,grp1,train,23s_B.subtilis_domain4
8540,grp1,train,23s_B.subtilis_domain6
8541,grp1,train,23s_E.coli_domain3
8542,grp1,train,23s_E.coli_domain4
8543,grp1,train,23s_E.coli_domain6
8544,grp1,train,23s_H.pylori_domain3
8545,grp1,train,23s_H.pylori_domain4
8546,grp1,train,23s_H.pylori_domain6
8547,grp1,train,23s_S.aureus_domain3
8548,grp1,train,23s_S.aureus_domain4
8549,grp1,train,23s_S.aureus_domain6
8550,grp1,train,23s_T.thermophilus_domain3
8551,grp1,train,23s_T.thermophilus_domain4
8552,grp1,train,23s_T.thermophilus_domain6
8553,grp1,train,23s_B.subtilis_domain3
8554,grp1,train,23s_B.subtilis_domain4
8555,grp1,train,23s_B.subtilis_domain6
8556,grp1,train,23s_E.coli_domain3
8557,grp1,train,23s_E.coli_domain4
8558,grp1,train,23s_E.coli_domain6
8559,grp1,train,23s_H.pylori_domain3
8560,grp1,train,23s_H.pylori_domain4
8561,grp1,train,23s_H.pylori_domain6
8562,grp1,train,23s_S.aureus_domain3
8563,grp1,train,23s_S.aureus_domain4
8564,grp1,train,23s_S.aureus_domain6
8565,grp1,train,23s_T.thermophilus_domain3
8566,grp1,train,23s_T.thermophilus_domain4
8567,grp1,train,23s_T.thermophilus_domain6
8568,grp1,train,23s_B.subtilis_domain3
8569,grp1,train,23s_B.subtilis_domain4
8570,grp1,train,23s_B.subtilis_domain6
8571,grp1,train,23s_E.coli_domain3
8572,grp1,train,23s_E.coli_domain4
8573,grp1,train,23s_E.coli_domain6
8574,grp1,train,23s_H.pylori_domain3
8575,grp1,train,23s_H.pylori_domain4
8576,grp1,train,23s_H.pylori_domain6
8577,grp1,train,23s_S.aureus_domain3
8578,grp1,train,23s_S.aureus_domain4
8579,grp1,train,23s_S.aureus_domain6
8580,grp1,train,23s_T.thermophilus_domain3
8581,grp1,train,23s_T.thermophilus_domain4
8582,grp1,train,23s_T.thermophilus_domain6
8583,grp1,train,23s_B.subtilis_domain3
8584,grp1,train,23s_B.subtilis_domain4
8585,grp1,train,23s_B.subtilis_domain6
8586,grp1,train,23s_E.coli_domain3
8587,grp1,train,23s_E.coli_domain4
8588,grp1,train,23s_E.coli_domain6
8589,grp1,train,23s_H.pylori_domain3
8590,grp1,train,23s_H.pylori_domain4
8591,grp1,train,23s_H.pylori_domain6
8592,grp1,train,23s_S.aureus_domain3
8593,grp1,train,23s_S.aureus_domain4
8594,grp1,train,23s_S.aureus_domain6
8595,grp1,train,23s_T.thermophilus_domain3
8596,grp1,train,23s_T.thermophilus_domain4
8597,grp1,train,23s_T.thermophilus_domain6
8598,grp1,train,23s_B.subtilis_domain3
8599,grp1,train,23s_B.subtilis_domain4
8600,grp1,train,23s_B.subtilis_domain6
8601,grp1,train,23s_E.coli_domain3
8602,grp1,train,23s_E.coli_domain4
8603,grp1,train,23s_E.coli_domain6
8604,grp1,train,23s_H.pylori_domain3
8605,grp1,train,23s_H.pylori_domain4
8606,grp1,train,23s_H.pylori_domain6
8607,grp1,train,23s_S.aureus_domain3
8608,grp1,train,23s_S.aureus_domain4
8609,grp1,train,23s_S.aureus_domain6
8610,grp1,train,23s_T.thermophilus_domain3
8611,grp1,train,23s_T.thermophilus_domain4
8612,grp1,train,23s_T.thermophilus_domain6
8613,grp1,train,23s_B.subtilis_domain3
8614,grp1,train,23s_B.subtilis_domain4
8615,grp1,train,23s_B.subtilis_domain6
8616,grp1,train,23s_E.coli_domain3
8617,grp1,train,23s_E.coli_domain4
8618,grp1,train,5s_Anaplasma-phagocytophilum-1
8619,grp1,train,5s_Andrias-davidianus-1
8620,grp1,train,5s_Andrias-japonicus-1
8621,grp1,train,5s_Ascaris-suum-1
8622,grp1,train,5s_Ascobolus-immersus-1
8623,grp1,train,5s_Ascobolus-immersus-4
8624,grp1,train,5s_Asterias-vulgaris-1
8625,grp1,train,5s_Aurelia_aurita-1
8626,grp1,train,5s_Azospirillum-lipoferum-1
8627,grp1,train,5s_Bacillus-amyloliquefaciens-1
8628,grp1,train,5s_Bacillus-subtilis-6
8629,grp1,train,5s_Bacteroides-capillosus-1
8630,grp1,train,5s_Bacteroides-fragilis-5
8631,grp1,train,5s_Bacteroides-thetaiotaomicron-1
8632,grp1,train,5s_Bacteroides-veroralis-1
8633,grp1,train,5s_Borrelia-burgdorferi-1
8634,grp1,train,5s_Brucella-suis-1
8635,grp1,train,5s_Buchnera-aphidicola-1
8636,grp1,train,5s_Buchnera-aphidicola-3
8637,grp1,train,5s_Bursaphelenchus-xylophilus-1
8638,grp1,train,5s_Caenorhabditis-elegans-3
8639,grp1,train,5s_Candida-azyma-1
8640,grp1,train,5s_Candidatus-Phytoplasma-asteris-1
8641,grp1,train,5s_Candidatus-Tremblaya-princeps-5
8642,grp1,train,5s_Candidatus-Tremblaya-princeps-6
8643,grp1,train,5s_Caulobacter-sp.-1
8644,grp1,train,5s_Caulobacter-sp.-4
8645,grp1,train,5s_Caulobacter-spinosum-1
8646,grp1,train,5s_Chlamydia-trachomatis-1
8647,grp1,train,5s_Chlamydomonas-reinhardtii-1
8648,grp1,train,5s_Chlamydomonas-reinhardtii-2
8649,grp1,train,5s_Chlorella-pyrenoidosa-1
8650,grp1,train,5s_Chlorobium-tepidum-1
8651,grp1,train,5s_Clostridium-acetobutylicum-3
8652,grp1,train,5s_Clostridium-pasteurianum-1
8653,grp1,train,5s_Coleochaete-scutata-1
8654,grp1,train,5s_Coxiella-burnetii-1
8655,grp1,train,5s_Coxiella-burnetii-2
8656,grp1,train,5s_Cryptococcus-laurentii-1
8657,grp1,train,5s_Cryptomonas-paramecium-1
8658,grp1,train,5s_Cyanidium-caldarium-1
8659,grp1,train,5s_Dehalococcoides-ethenogenes-1
8660,grp1,train,5s_Deinococcus-radiodurans-1
8661,grp1,train,5s_Deinococcus-radiophilus-1
8662,grp1,train,5s_Desulfurococcus-mobilis-1
8663,grp1,train,5s_Diatoma-tenue-1
8664,grp1,train,5s_Distigma-proteus-1
8665,grp1,train,5s_Drosophila-melanogaster-2
8666,grp1,train,5s_Ehrlichia-ruminantium-1
8667,grp1,train,5s_Emericella-nidulans-4
8668,grp1,train,5s_Emericella-nidulans-5
8669,grp1,train,5s_Erythromicrobium-ezovicum-1
8670,grp1,train,5s_Erythromicrobium-hydrolyticum-1
8671,grp1,train,5s_Erythromicrobium-ramosum-1
8672,grp1,train,5s_Euplotes-aediculatus-1
8673,grp1,train,5s_Filobasidiella-depauperata-1
8674,grp1,train,5s_Finegoldia-magna-2
8675,grp1,train,5s_Flectobacillus-major-1
8676,grp1,train,5s_Frankia-sp.-1
8677,grp1,train,5s_Fusarium-culmorum-6
8678,grp1,train,5s_Fusarium-lunulosporum-10
8679,grp1,train,5s_Fusarium-pseudograminearum-3
8680,grp1,train,5s_Fusarium-sporotrichioides-1
8681,grp1,train,5s_Fusobacterium-nucleatum-5
8682,grp1,train,5s_Gemm_obscuB
8683,grp1,train,5s_Genistelloides-hibernus-1
8684,grp1,train,5s_Geobacillus-kaustophilus-7
8685,grp1,train,5s_Geobacillus-stearothermophilus-4
8686,grp1,train,5s_Geodermatophilus-obscurus-1
8687,grp1,train,5s_Gracilaria-compressa-2
8688,grp1,train,5s_Halobacterium-sp.-2
8689,grp1,train,5s_Halococcus-morrhuae-2
8690,grp1,train,5s_Halorubrum-distributum-3
8691,grp1,train,5s_Halorubrum-saccharovorum-1
8692,grp1,train,5s_Halorubrum-terrestre-1
8693,grp1,train,5s_Halorubrum-terrestre-2
8694,grp1,train,5s_Hyphomicrobium-sp.-4
8695,grp1,train,5s_Hyphomicrobium-vulgare-1
8696,grp1,train,5s_Hyphomonas-oligotropha-1
8697,grp1,train,5s_Isosphaera-pallida-1
8698,grp1,train,5s_Klebsormidium-flaccidum-1
8699,grp1,train,5s_Lactobacillus-delbrueckii-1
8700,grp1,train,5s_Lactobacillus-johnsonii-1
8701,grp1,train,5s_Lactococcus-lactis-2
8702,grp1,train,5s_Lactococcus-lactis-4
8703,grp1,train,5s_Limulus-polyphemus-1
8704,grp1,train,5s_Loofah-witches-broom-phytoplasma-1
8705,grp1,train,5s_Meloidogyne-arenaria-2
8706,grp1,train,5s_Meloidogyne-artiellia-1
8707,grp1,train,5s_Methanobrevibacter-ruminantium-1
8708,grp1,train,5s_Methanococcus-maripaludis-1
8709,grp1,train,5s_Methanopyrus-kandleri-1
8710,grp1,train,5s_Methanosarcina-barkeri-1
8711,grp1,train,5s_Methanosarcina-mazei-2
8712,grp1,train,5s_Methanosarcina-vacuolata-1
8713,grp1,train,5s_Methanospirillum-hungatei-1
8714,grp1,train,5s_Methanothermobacter-thermautotrophicus-1
8715,grp1,train,5s_Methanothermobacter-thermautotrophicus-5
8716,grp1,train,5s_Methanothermobacter-thermautotrophicus-6
8717,grp1,train,5s_Methanothermococcus-thermolithotrophicus-1
8718,grp1,train,5s_Microtetraspora-glauca-1
8719,grp1,train,5s_Mycoplasma-flocculare-1
8720,grp1,train,5s_Mycoplasma-gallisepticum-4
8721,grp1,train,5s_Mycoplasma-genitalium-1
8722,grp1,train,5s_Mycoplasma-mobile-1
8723,grp1,train,5s_Mycoplasma-pulmonis-1
8724,grp1,train,5s_Mycoplasma-sp.-2
8725,grp1,train,5s_Myxococcus-coralloides-1
8726,grp1,train,5s_Nanoarchaeum-equitans-1
8727,grp1,train,5s_Natrinema-sp.-1
8728,grp1,train,5s_Nephila-clavipes-1
8729,grp1,train,5s_Neurospora-crassa-11
8730,grp1,train,5s_Neurospora-crassa-12
8731,grp1,train,5s_Neurospora-intermedia-1
8732,grp1,train,5s_Nitrobacter-winogradskyi-1
8733,grp1,train,5s_Nocardia-farcinica-1
8734,grp1,train,5s_Notophthalmus-viridescens-1
8735,grp1,train,5s_Oceanobacillus-iheyensis-4
8736,grp1,train,5s_Octopus-vulgaris-1
8737,grp1,train,5s_Onchocerca-volvulus-1
8738,grp1,train,5s_Oryza-sativa-2
8739,grp1,train,5s_Paenibacillus-popilliae-1
8740,grp1,train,5s_Palmaria-palmata-1
8741,grp1,train,5s_Paracentrotus-lividus-2
8742,grp1,train,5s_Paramecium-tetraurelia-1
8743,grp1,train,5s_Pedobacter-heparinus-1
8744,grp1,train,5s_Pichia-membranifaciens-1
8745,grp1,train,5s_Planocera-reticulata-1
8746,grp1,train,5s_Plasmodium-falciparum-1
8747,grp1,train,5s_Pleurodeles-waltl-1
8748,grp1,train,5s_Pneumocystis-carinii-1
8749,grp1,train,5s_Porphyra-yezoensis-1
8750,grp1,train,5s_Porphyromonas-gingivalis-2
8751,grp1,train,5s_Proasellus-coxalis-1
8752,grp1,train,5s_Pseudomonas-stutzeri-2
8753,grp1,train,5s_Pyrenophora-graminea-1
8754,grp1,train,5s_Pyrococcus-abyssi-1
8755,grp1,train,5s_Pyrococcus-horikoshii-2
8756,grp1,train,5s_Ralstonia-solanacearum-2
8757,grp1,train,5s_Rana-pipiens-1
8758,grp1,train,5s_Rhodobacter-capsulatus-3
8759,grp1,train,5s_Rhodobacter-sphaeroides-1
8760,grp1,train,5s_Rhodobacter-sphaeroides-3
8761,grp1,train,5s_Rhodococcus-fascians-2
8762,grp1,train,5s_Rhodopirellula-baltica-1
8763,grp1,train,5s_Rickettsia-prowazekii-1
8764,grp1,train,5s_Roseococcus-thiosulfatophilus-1
8765,grp1,train,5s_Roseococcus-thiosulfatophilus-2
8766,grp1,train,5s_Saccharomyces-cerevisiae-3
8767,grp1,train,5s_Sandaracinobacter-sibiricus-1
8768,grp1,train,5s_Saprospira-grandis-1
8769,grp1,train,5s_Scenedesmus-obliquus-1
8770,grp1,train,5s_Silicibacter-pomeroyi-1
8771,grp1,train,5s_Sphingomonas-ursincola-1
8772,grp1,train,5s_Spirogyra-sp.-1
8773,grp1,train,5s_Spirosoma-sp.-1
8774,grp1,train,5s_Sterkiella-nova-1
8775,grp1,train,5s_Streptococcus-pyogenes-4
8776,grp1,train,5s_Streptococcus-salivarius-1
8777,grp1,train,5s_Streptomyces-coelicolor-5
8778,grp1,train,5s_Streptomyces-nodosus-2
8779,grp1,train,5s_Streptomyces-violaceus-1
8780,grp1,train,5s_Sulfolobus-tokodaii-1
8781,grp1,train,5s_Sulfurococcus-mirabilis-1
8782,grp1,train,5s_Symbiobacterium-thermophilum-3
8783,grp1,train,5s_Symbiobacterium-thermophilum-4
8784,grp1,train,5s_T_cruziE
8785,grp1,train,5s_Taxus-baccata-1
8786,grp1,train,5s_Thermomicrobium-roseum-1
8787,grp1,train,5s_Thermoplasma-volcanium-1
8788,grp1,train,5s_Thermotoga-sp.-3
8789,grp1,train,5s_Thermus-aquaticus-1
8790,grp1,train,5s_Thiobacillus-thioparus-1
8791,grp1,train,5s_Thraustochytrium-visurgense-2
8792,grp1,train,5s_Tilletiaria-anomala-1
8793,grp1,train,5s_Toxoplasma-gondii-2
8794,grp1,train,5s_Tremella-mesenterica-1
8795,grp1,train,5s_Tremella-mesenterica-2
8796,grp1,train,5s_Tricharina-hiemalis-1
8797,grp1,train,5s_Trichoplax-adhaerens-1
8798,grp1,train,5s_Triticum-aestivum-1
8799,grp1,train,5s_Tuberoidobacter-mutans-1
8800,grp1,train,5s_Ulva-pertusa-1
8801,grp1,train,5s_Ureaplasma-urealyticum-3
8802,grp1,train,5s_Uthatobasidium-fusisporum-1
8803,grp1,train,5s_Verrucomicrobium-spinosum-1
8804,grp1,train,5s_Vibrio-nereis-1
8805,grp1,train,5s_Vitreoscilla-stercoraria-1
8806,grp1,train,5s_Weissella-viridescens-2
8807,grp1,train,5s_Wigglesworthia-glossinidia-1
8808,grp1,train,5s_Wolbachia-endosymbiont-of-D.-melanogaster-1
8809,grp1,train,5s_Wolbachia-pipientis-1
8810,grp1,train,5s_Wolinella-succinogenes-1
8811,grp1,train,5s_Wuchereria-bancrofti-1
8812,grp1,train,5s_Xenopus-borealis-3
8813,grp1,train,5s_Xenopus-laevis-5
8814,grp1,train,5s_Xenopus-tropicalis-2
8815,grp1,train,5s_Xylella-fastidiosa-2
8816,grp1,train,5s_Zymomonas-mobilis-1
8817,grp1,train,5s_uncultured-euryarchaeote-37F11-1
8818,grp1,train,RNaseP_A.brierleyi
8819,grp1,train,RNaseP_A.erythreum
8820,grp1,train,RNaseP_A.eutrophus
8821,grp1,train,RNaseP_A.laidlawii
8822,grp1,train,RNaseP_A.nidulans
8823,grp1,train,RNaseP_A.pernix
8824,grp1,train,RNaseP_A.telluris
8825,grp1,train,RNaseP_Anabaena-PCC7120
8826,grp1,train,RNaseP_B.anthracis
8827,grp1,train,RNaseP_B.brevis
8828,grp1,train,RNaseP_B.bronchiseptica
8829,grp1,train,RNaseP_B.burgdorferi-g
8830,grp1,train,RNaseP_B.pertussis
8831,grp1,train,RNaseP_B.thetaiotaomicron
8832,grp1,train,RNaseP_Buchnera-APS
8833,grp1,train,RNaseP_C.acetobutylicum
8834,grp1,train,RNaseP_C.crescentus
8835,grp1,train,RNaseP_C.diphtheriae
8836,grp1,train,RNaseP_C.innocuum
8837,grp1,train,RNaseP_C.jejuni
8838,grp1,train,RNaseP_C.opuntiae
8839,grp1,train,RNaseP_C.paradoxa-cyanelle
8840,grp1,train,RNaseP_C.pneumoniae-CWL029
8841,grp1,train,RNaseP_C.psittaci-2
8842,grp1,train,RNaseP_C.psittaci-R54
8843,grp1,train,RNaseP_C.tepidum-g
8844,grp1,train,RNaseP_C.trachomatis-D
8845,grp1,train,RNaseP_CPA49
8846,grp1,train,RNaseP_CPA56
8847,grp1,train,RNaseP_CPA58
8848,grp1,train,RNaseP_CPA59
8849,grp1,train,RNaseP_CPA61
8850,grp1,train,RNaseP_CPA62
8851,grp1,train,RNaseP_CPB144
8852,grp1,train,RNaseP_CPB149
8853,grp1,train,RNaseP_CPB69
8854,grp1,train,RNaseP_CPB70
8855,grp1,train,RNaseP_CPB7776
8856,grp1,train,RNaseP_Calothrix-PCC7601
8857,grp1,train,RNaseP_D.jeanneae
8858,grp1,train,RNaseP_D.radiodurans
8859,grp1,train,RNaseP_D.radiodurans-g
8860,grp1,train,RNaseP_Dermocarpa-PCC7437
8861,grp1,train,RNaseP_E.thermomarinus
8862,grp1,train,RNaseP_EM14b-11
8863,grp1,train,RNaseP_EM14b-9
8864,grp1,train,RNaseP_ESH183D
8865,grp1,train,RNaseP_ESH212C
8866,grp1,train,RNaseP_ESH26-4
8867,grp1,train,RNaseP_ESH30-3
8868,grp1,train,RNaseP_ESH46a-1
8869,grp1,train,RNaseP_ESH7-4
8870,grp1,train,RNaseP_G.sulfurreducens
8871,grp1,train,RNaseP_H.aurantiacus
8872,grp1,train,RNaseP_H.chlorum-partial
8873,grp1,train,RNaseP_H.influenza
8874,grp1,train,RNaseP_H.mobilis
8875,grp1,train,RNaseP_H.morrhuae
8876,grp1,train,RNaseP_H.pylori-RU1
8877,grp1,train,RNaseP_H.sapiens
8878,grp1,train,RNaseP_H.trapanicum
8879,grp1,train,RNaseP_H.volcanii
8880,grp1,train,RNaseP_Halobacterium-NRC1
8881,grp1,train,RNaseP_K.polysporus
8882,grp1,train,RNaseP_K.thermotolerans
8883,grp1,train,RNaseP_L.acidophilus
8884,grp1,train,RNaseP_L.ferrooxidans-MK
8885,grp1,train,RNaseP_L.weilii
8886,grp1,train,RNaseP_LGA1
8887,grp1,train,RNaseP_LGA2
8888,grp1,train,RNaseP_LGA6
8889,grp1,train,RNaseP_LGB21
8890,grp1,train,RNaseP_LGB23
8891,grp1,train,RNaseP_LGB27
8892,grp1,train,RNaseP_LGB5
8893,grp1,train,RNaseP_LGW113
8894,grp1,train,RNaseP_LGW116
8895,grp1,train,RNaseP_LGW17
8896,grp1,train,RNaseP_LGW46
8897,grp1,train,RNaseP_M.barkeri
8898,grp1,train,RNaseP_M.capricolum
8899,grp1,train,RNaseP_M.fermentans
8900,grp1,train,RNaseP_M.hyopneumoniae
8901,grp1,train,RNaseP_M.pneumoniae
8902,grp1,train,RNaseP_M.thermoautotrphicumMarb
8903,grp1,train,RNaseP_M.tuberculosis-g
8904,grp1,train,RNaseP_M.vannielli
8905,grp1,train,RNaseP_Mxa1
8906,grp1,train,RNaseP_N.europaea
8907,grp1,train,RNaseP_N.gregoryi
8908,grp1,train,RNaseP_N.jensenii
8909,grp1,train,RNaseP_N.olivacea-chloroplast
8910,grp1,train,RNaseP_N.plantarum
8911,grp1,train,RNaseP_N.pyridinolyticus
8912,grp1,train,RNaseP_Nocardiodes-ATCC39419
8913,grp1,train,RNaseP_Nostoc-PCC7413
8914,grp1,train,RNaseP_Onchorhynchus-2
8915,grp1,train,RNaseP_Oscillatoria-PCC7515
8916,grp1,train,RNaseP_P.acanthamoebae
8917,grp1,train,RNaseP_P.canadensis
8918,grp1,train,RNaseP_P.cultripes
8919,grp1,train,RNaseP_P.gingivalis
8920,grp1,train,RNaseP_P.guilliermondii
8921,grp1,train,RNaseP_P.hollandica
8922,grp1,train,RNaseP_P.innocua
8923,grp1,train,RNaseP_P.marinus-2
8924,grp1,train,RNaseP_P.mississippiensis
8925,grp1,train,RNaseP_P.purpurea-chloroplast
8926,grp1,train,RNaseP_P.staleyi
8927,grp1,train,RNaseP_P.strasburgensis
8928,grp1,train,RNaseP_P.troglodytes
8929,grp1,train,RNaseP_PF101
8930,grp1,train,RNaseP_PS2
8931,grp1,train,RNaseP_PS24
8932,grp1,train,RNaseP_PS26
8933,grp1,train,RNaseP_PS31
8934,grp1,train,RNaseP_PS6
8935,grp1,train,RNaseP_PS8
8936,grp1,train,RNaseP_Prochlorococcus-NATL2
8937,grp1,train,RNaseP_Pseudoanabaena-PCC6903
8938,grp1,train,RNaseP_R.americana-mito
8939,grp1,train,RNaseP_R.capsulatus
8940,grp1,train,RNaseP_R.norvegicus
8941,grp1,train,RNaseP_R.palustris
8942,grp1,train,RNaseP_R.prowazekii
8943,grp1,train,RNaseP_R.rubrum
8944,grp1,train,RNaseP_Rr327
8945,grp1,train,RNaseP_Rr368
8946,grp1,train,RNaseP_S.acidocaldarius
8947,grp1,train,RNaseP_S.aureus
8948,grp1,train,RNaseP_S.castellii
8949,grp1,train,RNaseP_S.dairensis
8950,grp1,train,RNaseP_S.epidermidis
8951,grp1,train,RNaseP_S.faciem
8952,grp1,train,RNaseP_S.fibuligera
8953,grp1,train,RNaseP_S.globosus
8954,grp1,train,RNaseP_S.kluyveri
8955,grp1,train,RNaseP_S.lividans
8956,grp1,train,RNaseP_S.negevensis
8957,grp1,train,RNaseP_S.pastorianus
8958,grp1,train,RNaseP_S.polymorpha
8959,grp1,train,RNaseP_S.pombe
8960,grp1,train,RNaseP_S.pyogenes
8961,grp1,train,RNaseP_S.servazzii
8962,grp1,train,RNaseP_S.solfataricus
8963,grp1,train,RNaseP_S.solfataricus-P2
8964,grp1,train,RNaseP_S.unisporus
8965,grp1,train,RNaseP_S.uvarum
8966,grp1,train,RNaseP_S.versatilis
8967,grp1,train,RNaseP_SL1-1
8968,grp1,train,RNaseP_SL2D
8969,grp1,train,RNaseP_SLC
8970,grp1,train,RNaseP_SM-A01
8971,grp1,train,RNaseP_SM-A06
8972,grp1,train,RNaseP_SM-A1315
8973,grp1,train,RNaseP_SM-A1621
8974,grp1,train,RNaseP_SM-A2135
8975,grp1,train,RNaseP_SM-A2539
8976,grp1,train,RNaseP_SM-A3048
8977,grp1,train,RNaseP_SM-A3254
8978,grp1,train,RNaseP_SM-A5584
8979,grp1,train,RNaseP_SM-A5888
8980,grp1,train,RNaseP_SM-A6296
8981,grp1,train,RNaseP_SMB-A3
8982,grp1,train,RNaseP_SMB-A5
8983,grp1,train,RNaseP_SMB-B1
8984,grp1,train,RNaseP_SMB-B2
8985,grp1,train,RNaseP_SMB-B3
8986,grp1,train,RNaseP_SMB-B4
8987,grp1,train,RNaseP_Saccharomonospora-K180
8988,grp1,train,RNaseP_Synechococcus-PCC6717
8989,grp1,train,RNaseP_Synechococcus-PCC7003
8990,grp1,train,RNaseP_Synechococcus-PCC7942
8991,grp1,train,RNaseP_Synechocystis-PCC6308
8992,grp1,train,RNaseP_Synechocystis-PCC6803
8993,grp1,train,RNaseP_T.album
8994,grp1,train,RNaseP_T.celerAL1
8995,grp1,train,RNaseP_T.commune
8996,grp1,train,RNaseP_T.delbrueckii
8997,grp1,train,RNaseP_T.littoralis
8998,grp1,train,RNaseP_T.pallidum
8999,grp1,train,RNaseP_T.roseum
9000,grp1,train,RNaseP_T.syrichta
9001,grp1,train,RNaseP_T.thermophilus
9002,grp1,train,RNaseP_T.thioparus
9003,grp1,train,RNaseP_T.tumescens
9004,grp1,train,RNaseP_T.volcanum
9005,grp1,train,RNaseP_U.stansburiana
9006,grp1,train,RNaseP_U.urealyticum
9007,grp1,train,RNaseP_V.cholera
9008,grp1,train,RNaseP_V.spinosum
9009,grp1,train,RNaseP_W.fluorescens
9010,grp1,train,RNaseP_Wolbachia-sp
9011,grp1,train,RNaseP_X.fastidiosa
9012,grp1,train,RNaseP_Y.pestis
9013,grp1,train,RNaseP_Z.bailii
9014,grp1,train,RNaseP_Z.florentinus
9015,grp1,train,RNaseP_Z.rouxii
9016,grp1,train,RNaseP_vHge2
9017,grp1,train,RNaseP_vHge3-5
9018,grp1,test,grp1_a.I1.b.Dermocarpa.sp.ATCC29371.C3.tMET
9019,grp1,test,grp1_a.I1.b.Phormidium.sp.N182.C3.tLEU
9020,grp1,test,grp1_a.I1.b.S.hofmanii.C3.tMET
9021,grp1,test,grp1_a.I1.b.Synechococcus.sp2.C3.tLEU
9022,grp1,test,grp1_a.I1.c.A.cherimola.C3.tLEU
9023,grp1,test,grp1_a.I1.c.G.prostrata.C3.tLEU
9024,grp1,test,grp1_a.I1.c.S.bicolor.C3.tLEU
9025,grp1,test,grp1_a.I1.e.A.adeninivorans.C1.LSU.2449
9026,grp1,test,grp1_a.I1.e.A.capsulatus.CBS213.53.C1.SSU.943
9027,grp1,test,grp1_a.I1.e.A.capsulatus.FLs1.C1.SSU
9028,grp1,test,grp1_a.I1.e.A.capsulatus.G184B.C1.SSU
9029,grp1,test,grp1_a.I1.e.A.capsulatus.G186B.C1.SSU
9030,grp1,test,grp1_a.I1.e.A.stipitatus.C1.SSU.1046
9031,grp1,test,grp1_a.I1.e.B.ciliata.JCM6865.C1.SSU.1506
9032,grp1,test,grp1_a.I1.e.B.ciliata.JCM6865.C1.SSU.943
9033,grp1,test,grp1_a.I1.e.B.yamatoana.JCM2896.C1.SSU.1506
9034,grp1,test,grp1_a.I1.e.B.yamatoana.JCM2896.C1.SSU.943
9035,grp1,test,grp1_a.I1.e.C.ellipsoidea.211-1a.C1.SSU.1506
9036,grp1,test,grp1_a.I1.e.C.ellipsoidea.IAMC-87.C1.SSU.1506
9037,grp1,test,grp1_a.I1.e.C.grayi.UNK.SSU.1046
9038,grp1,test,grp1_a.I1.e.C.grayi.UNK.SSU.1516
9039,grp1,test,grp1_a.I1.e.C.merochlorophea.UNK.SSU.1046
9040,grp1,test,grp1_a.I1.e.C.merochlorophea.UNK.SSU.1210
9041,grp1,test,grp1_a.I1.e.C.merochlorophea.UNK.SSU.1389
9042,grp1,test,grp1_a.I1.e.C.merochlorophea.UNK.SSU.1516
9043,grp1,test,grp1_a.I1.e.C.saccatum.C1.SSU.1512
9044,grp1,test,grp1_a.I1.e.C.saxonicum.C1.SSU.1506
9045,grp1,test,grp1_a.I1.e.D.parva.C1.SSU.1512
9046,grp1,test,grp1_a.I1.e.D.parva.C1.SSU.943
9047,grp1,test,grp1_a.I1.e.D.salina.C1.SSU.943
9048,grp1,test,grp1_a.I1.e.E.dermatitidis.C1.SSU.943
9049,grp1,test,grp1_a.I1.e.G.planctonica.C1.SSU.943
9050,grp1,test,grp1_a.I1.e.G.spirotaenia.C1.SSU.1506
9051,grp1,test,grp1_a.I1.e.L.dispersa.UNK.SSU.1046
9052,grp1,test,grp1_a.I1.e.L.dispersa.UNK.SSU.114
9053,grp1,test,grp1_a.I1.e.L.dispersa.UNK.SSU.1210
9054,grp1,test,grp1_a.I1.e.L.dispersa.UNK.SSU.1516
9055,grp1,test,grp1_a.I1.e.L.dispersa.UNK.SSU.287
9056,grp1,test,grp1_a.I1.e.L.dispersa.UNK.SSU.516
9057,grp1,test,grp1_a.I1.e.L.dispersa.UNK.SSU.789
9058,grp1,test,grp1_a.I1.e.M.caldariorum.C1.SSU.1506
9059,grp1,test,grp1_a.I1.e.P.carinii.C1.SSU.1506
9060,grp1,test,grp1_a.I1.e.P.carinii.Pc1.C1.LSU.1921
9061,grp1,test,grp1_a.I1.e.P.carinii.Pc2.C1.LSU.1921
9062,grp1,test,grp1_a.I1.e.P.carinii.Pc3.C1.LSU.1921
9063,grp1,test,grp1_a.I1.e.P.clavariiformis.C1.SSU.943
9064,grp1,test,grp1_a.I1.e.P.inouyei.C1.SSU.1506
9065,grp1,test,grp1_a.I1.e.P.inouyei.C1.SSU.943
9066,grp1,test,grp1_a.I1.e.P.macrosporus.C1.SSU.1506
9067,grp1,test,grp1_a.I1.e.P.macrosporus.C1.SSU.943
9068,grp1,test,grp1_a.I1.e.P.pachydermus.C1.SSU.943
9069,grp1,test,grp1_a.I1.e.P.sarcinoidea.C1.SSU.943
9070,grp1,test,grp1_a.I1.e.S.granulatum.C1.SSU.1506
9071,grp1,test,grp1_a.I1.e.S.paniceum.UNK.SSU.1052
9072,grp1,test,grp1_a.I1.e.S.paniceum.UNK.SSU.114
9073,grp1,test,grp1_a.I1.e.S.paniceum.UNK.SSU.1210
9074,grp1,test,grp1_a.I1.e.S.paniceum.UNK.SSU.1506
9075,grp1,test,grp1_a.I1.e.S.paniceum.UNK.SSU.287
9076,grp1,test,grp1_a.I1.e.S.sclerotiorum_1837.C1.LSU.798
9077,grp1,test,grp1_a.I1.e.Staurastrum.sp.M752.C1.SSU.1506
9078,grp1,test,grp1_a.I1.e.Staurastrum.sp.M753.C1.SSU.1506
9079,grp1,test,grp1_a.I1.e.T.cosmopolitanis.C1.LSU.1925
9080,grp1,test,grp1_a.I1.e.T.hyperangularis.C1.LSU.1925
9081,grp1,test,grp1_a.I1.e.T.malaccensis.C1.LSU.1925
9082,grp1,test,grp1_a.I1.e.T.pigmentosa.C1.LSU.1925
9083,grp1,test,grp1_a.I1.e.U.maydis.C1.SSU.943
9084,grp1,test,grp1_a.I1.m.M.grisea.B2.ND1
9085,grp1,test,grp1_a.I1.m.S.luteus.A1.LSU.2504
9086,grp1,test,grp1_a.I1.m.S.pombe.B1.OX1
9087,grp1,test,grp1_b.I1.e.C.saccharophila.C1.SSU.156
9088,grp1,test,grp1_b.I1.e.M.anisopliae.2.C1.LSU.1921
9089,grp1,test,grp1_b.I1.e.M.anisopliae.3.C1.LSU.1921
9090,grp1,test,grp1_b.I1.e.T.thermophila.C1.LSU.1925
9091,grp1,test,grp1_s.I1.e.T.thermophila.C1.LSU.1925.schem
9092,grp1,train,srp_Aero.pern._BA000002
9093,grp1,train,srp_Ajel.caps._CV620298
9094,grp1,train,srp_Anto.locu._GSP-278021
9095,grp1,train,srp_Asco.apis._GSP-392613
9096,grp1,train,srp_Ashb.goss._AE016819
9097,grp1,train,srp_Aspe.terr._GSP-341663
9098,grp1,train,srp_Babe.bige._GSP-5866
9099,grp1,train,srp_Baci.anth._AE017225
9100,grp1,train,srp_Baci.anth._AE017334
9101,grp1,train,srp_Baci.brev._D14472
9102,grp1,train,srp_Bart.quin._BX897700
9103,grp1,train,srp_Batr.dend._GSP-403673
9104,grp1,train,srp_Bdel.bact._BX842656
9105,grp1,train,srp_Bras.oler._GSP-109376
9106,grp1,train,srp_Camp.jeju._CP000025
9107,grp1,train,srp_Camp.jeju._CP000768
9108,grp1,train,srp_Cand.dubl._GSP-42374
9109,grp1,train,srp_Cand.glab._CR380957
9110,grp1,train,srp_Cand.trop._GSP-294747
9111,grp1,train,srp_Chla.pneu._BA000008
9112,grp1,train,srp_Chla.trac._AE001298
9113,grp1,train,srp_Chlo.tepi._AE006470
9114,grp1,train,srp_Chlo.vulg._AB001684
9115,grp1,train,srp_Citr.sine._CN181544
9116,grp1,train,srp_Clav.lusi._GSP-306902
9117,grp1,train,srp_Clos.novy._CP000382
9118,grp1,train,srp_Clos.ther._CP000568
9119,grp1,train,srp_Cocc.posa._GSP-222929
9120,grp1,train,srp_Cryp.parv._XM_626716
9121,grp1,train,srp_Cyan.mero._AB002583
9122,grp1,train,srp_Cyan.mero._AY286123
9123,grp1,train,srp_Dani.rrer._CU179657
9124,grp1,train,srp_Deba.hans._CR382138
9125,grp1,train,srp_Dein.radi._AE002056
9126,grp1,train,srp_Desu.psyc._CR522870
9127,grp1,train,srp_Dich.nodo._CP000513
9128,grp1,train,srp_Dict.disc._BJ360333
9129,grp1,train,srp_Eime.tene._GSP-413949
9130,grp1,train,srp_Ence.cuni._AL590449
9131,grp1,train,srp_Enta.hist._AF487684
9132,grp1,train,srp_Enta.terr._GSP-110771
9133,grp1,train,srp_Ento.sulc._AF095839
9134,grp1,train,srp_Ferr.acid._GSP-333146
9135,grp1,train,srp_Fuso.nucl._AE009951
9136,grp1,train,srp_Gald.sulp._GSP-130081
9137,grp1,train,srp_Giar.lamb._GSP-184922
9138,grp1,train,srp_Gibb.zeae._GSP-229533
9139,grp1,train,srp_Guil.thet._AF041468
9140,grp1,train,srp_Haem.infl._CP000671
9141,grp1,train,srp_Halo.halo._CP000544
9142,grp1,train,srp_Halo.volc._AF395888
9143,grp1,train,srp_Heli.pylo._CP000241
9144,grp1,train,srp_Hist.caps._GSP-278162
9145,grp1,train,srp_Humu.lupu._AJ236705
9146,grp1,train,srp_Hype.buty._CP000493
9147,grp1,train,srp_Kluy.lact._CR382126
9148,grp1,train,srp_Kluy.yarr._479647571
9149,grp1,train,srp_Lact.case._CP000423
9150,grp1,train,srp_Lact.delb._AF496545
9151,grp1,train,srp_Lact.john._AE017198
9152,grp1,train,srp_Lact.john._AE017201
9153,grp1,train,srp_Legi.pneu._M31830
9154,grp1,train,srp_Leis.aeth._AY722730
9155,grp1,train,srp_Leis.trop._AY781789
9156,grp1,train,srp_Lemu.catt._GSP-9447
9157,grp1,train,srp_Lept.coll._AF006750
9158,grp1,train,srp_List.mono._AE017262
9159,grp1,train,srp_List.mono._U15684
9160,grp1,train,srp_Lodd.elon._GSP-379508
9161,grp1,train,srp_Lotu.corn._AP006123
9162,grp1,train,srp_Lotu.japo._BW598799
9163,grp1,train,srp_Lyco.escu._Z46746
9164,grp1,train,srp_Mari.aqua._CP000514
9165,grp1,train,srp_Medi.trun._AC136507-2
9166,grp1,train,srp_Medi.trun._CX540689
9167,grp1,train,srp_Meso.viri._AF166114
9168,grp1,train,srp_Meth.ferv._S49762
9169,grp1,train,srp_Meth.mari._CP000745
9170,grp1,train,srp_Meth.maze._AE008384
9171,grp1,train,srp_Meth.volt._M22560
9172,grp1,train,srp_Mono.brev._GSP-81824
9173,grp1,train,srp_Myco.geni._U39706
9174,grp1,train,srp_Myco.hyop._AE017243
9175,grp1,train,srp_Myco.hyop._AE017244
9176,grp1,train,srp_Myco.lepr._AL023596
9177,grp1,train,srp_Myco.pulm._AL445565
9178,grp1,train,srp_Myco.spec._CP000384
9179,grp1,train,srp_Myco.spec._CP000580
9180,grp1,train,srp_Myco.tube._AE000516
9181,grp1,train,srp_Myco.vanb._CP000511
9182,grp1,train,srp_Nect.haem._GSP-71109
9183,grp1,train,srp_Neos.fisc._GSP-331117
9184,grp1,train,srp_Neur.cras._AL669999
9185,grp1,train,srp_Odon.sine._Z67753
9186,grp1,train,srp_Onch.volv._BF727619
9187,grp1,train,srp_Oryz.sati._AC079888
9188,grp1,train,srp_Oryz.sati._AP003333
9189,grp1,train,srp_Oryz.sati._AP008207
9190,grp1,train,srp_Oxyt.trif._GSP-99928
9191,grp1,train,srp_Para.bras._EH655308
9192,grp1,train,srp_Para.bras._GSP-121759
9193,grp1,train,srp_Perk.mari._GSP-31276
9194,grp1,train,srp_Pers.amer._X65992
9195,grp1,train,srp_Phae.nodo._GSP-321614
9196,grp1,train,srp_Phak.pach._GSP-170000-2
9197,grp1,train,srp_Phyt.infe._CV911012
9198,grp1,train,srp_Phyt.infe._CV919934
9199,grp1,train,srp_Phyt.soja._GSP-67593
9200,grp1,train,srp_Pich.guil._GSP-294746
9201,grp1,train,srp_Pich.stip._CP000502
9202,grp1,train,srp_Picr.torr._AE017261
9203,grp1,train,srp_Plas.berg._DC223613
9204,grp1,train,srp_Plas.falc._EF690554
9205,grp1,train,srp_Plas.reic._GSP-5854
9206,grp1,train,srp_Plas.yoel._GSP-352914
9207,grp1,train,srp_Podo.anse._GSP-5145
9208,grp1,train,srp_Popu.trem._DN498769
9209,grp1,train,srp_Porp.purp._U38804
9210,grp1,train,srp_Porp.yezo._AP006715
9211,grp1,train,srp_Proc.mari._AE017126
9212,grp1,train,srp_Proc.mari._CP000111
9213,grp1,train,srp_Proc.mari._CP000551
9214,grp1,train,srp_Proc.spec._AJ011025
9215,grp1,train,srp_Pseu.syri._CP000058
9216,grp1,train,srp_Psyc.arct._CP000082
9217,grp1,train,srp_Psyc.cryo._CP000323
9218,grp1,train,srp_Psyc.ingr._CP000510
9219,grp1,train,srp_Pyro.abys._AJ248283
9220,grp1,train,srp_Pyro.aero._AE009852
9221,grp1,train,srp_Pyro.isla._CP000504
9222,grp1,train,srp_Rals.meta._CP000352
9223,grp1,train,srp_Rhod.balt._BX294144
9224,grp1,train,srp_Rick.feli._CP000053
9225,grp1,train,srp_Rick.typh._AE017197
9226,grp1,train,srp_Sacc.cere._U18916
9227,grp1,train,srp_Sacc.kluy._SKAA0027M04.b1
9228,grp1,train,srp_Sacc.para._BN000251
9229,grp1,train,srp_Schi.japo._GSP-402676
9230,grp1,train,srp_Schi.pomb._AU010514
9231,grp1,train,srp_Schi.pomb._Z99259
9232,grp1,train,srp_Scle.scle._GSP-325569
9233,grp1,train,srp_Sene.crue._SDB-189209
9234,grp1,train,srp_Shew.balt._CP000753
9235,grp1,train,srp_Shew.spec._CP000469
9236,grp1,train,srp_Shig.flex._AE014073
9237,grp1,train,srp_Shig.flex._AE016979
9238,grp1,train,srp_Shig.flex._CP000266
9239,grp1,train,srp_Sino.medi._CP000738
9240,grp1,train,srp_Sola.tube._DR037646
9241,grp1,train,srp_Sorg.bico._BE594178
9242,grp1,train,srp_Spra.loph._GSP-51541
9243,grp1,train,srp_Stap.epid._AX145149
9244,grp1,train,srp_Stre.coel._AL939118
9245,grp1,train,srp_Stre.muta._AE014879
9246,grp1,train,srp_Stre.pneu._AE007319
9247,grp1,train,srp_Stre.pyog._AM295007
9248,grp1,train,srp_Stre.sang._CP000387
9249,grp1,train,srp_Sulf.toko._BA000023
9250,grp1,train,srp_Synt.wolf._CP000448
9251,grp1,train,srp_Taen.gutt._CK235759
9252,grp1,train,srp_Tetr.ther._X56981
9253,grp1,train,srp_Thal.pseu._GSP-296543
9254,grp1,train,srp_Thei.annu._NW_001091934
9255,grp1,train,srp_Thei.parv._GSP-333668
9256,grp1,train,srp_Ther.fusc._CP000088
9257,grp1,train,srp_Ther.koda._AP006878
9258,grp1,train,srp_Ther.mela._CP000716
9259,grp1,train,srp_Ther.petr._CP000702
9260,grp1,train,srp_Ther.teng._AE012978
9261,grp1,train,srp_Ther.volc._BA000011
9262,grp1,train,srp_Toxo.gond._CO743022
9263,grp1,train,srp_Toxo.gond._GSP-398031
9264,grp1,train,srp_Trep.dent._AE017226
9265,grp1,train,srp_Trep.dent._AE017246
9266,grp1,train,srp_Trep.pall._AE000520
9267,grp1,train,srp_Trep.pall._AE001187
9268,grp1,train,srp_Tric.rees._GSP-334564-1
9269,grp1,train,srp_Tric.vagi._GSP-5722-2
9270,grp1,train,srp_Trit.aest._BE424647
9271,grp1,train,srp_Trit.aest._CA718249
9272,grp1,train,srp_Trit.aest._CJ679223
9273,grp1,train,srp_Trit.aest._X13915
9274,grp1,train,srp_Tryp.viva._SDB-5699
9275,grp1,train,srp_Unci.rees._GSP-336963
9276,grp1,train,srp_Urea.parv._AE002112
9277,grp1,train,srp_Vibr.vuln._BA000037
9278,grp1,train,srp_Volv.cart._GSP-51971-2
9279,grp1,train,srp_Wolb.endo._AB080664
9280,grp1,train,srp_Wolb.endo._AE017321
9281,grp1,train,srp_Xant.camp._AM039952
9282,grp1,train,srp_Xant.oryz._AP008229
9283,grp1,train,srp_Xeno.laev._X01055
9284,grp1,train,srp_Yarr.lipo._X51658
9285,grp1,train,srp_Yers.ente._AM286415
9286,grp1,train,srp_Yers.pseu._BX936398
9287,grp1,train,srp_Yers.pseu._CP000720
9288,grp1,train,srp_Zea.mays._X14661
9289,grp1,train,srp_Zygo.roux._BN000170
9290,grp1,train,srp_Zymo.mobi._AE008692
9291,grp1,train,srp_Zymo.mobi._AF203881
9292,grp1,train,tRNA_tdbR00000009-Escherichia_coli-562-Ala-VGC
9293,grp1,train,tRNA_tdbR00000013-Pichia_jadinii-4903-Ala-IGC
9294,grp1,train,tRNA_tdbR00000019-Mycoplasma_capricolum-2095-Cys-GCA
9295,grp1,train,tRNA_tdbR00000029-Asterias_amurensis-7602-Asp-QUC
9296,grp1,train,tRNA_tdbR00000030-Aedes_albopictus-7160-Asp-GUC
9297,grp1,train,tRNA_tdbR00000032-Rattus_norvegicus-10116-Asp-GUC
9298,grp1,train,tRNA_tdbR00000033-Didelphis_virginiana-9267-Asp-QUC
9299,grp1,train,tRNA_tdbR00000034-Mesocricetus_auratus-10036-Asp-GUC
9300,grp1,train,tRNA_tdbR00000036-Euglena_gracilis-3039-Asp-GUC
9301,grp1,train,tRNA_tdbR00000043-Haloferax_volcanii-2246-Glu-NUC
9302,grp1,train,tRNA_tdbR00000046-Escherichia_coli-562-Glu-SUC
9303,grp1,train,tRNA_tdbR00000049-Chlamydomonas_reinhardtii-3055-Glu-NUC
9304,grp1,train,tRNA_tdbR00000052-Aedes_albopictus-7160-Glu-NUC
9305,grp1,train,tRNA_tdbR00000069-Synechococcus_sp._PCC_7002-32049-Phe-GAA
9306,grp1,train,tRNA_tdbR00000074-Tetrahymena_pyriformis-5908-Phe-GAA
9307,grp1,train,tRNA_tdbR00000078-Ascaris_suum-6253-Phe-GAA
9308,grp1,train,tRNA_tdbR00000079-Rattus_norvegicus-10116-Phe-GAA
9309,grp1,train,tRNA_tdbR00000080-Bos_taurus-9913-Phe-GAA
9310,grp1,train,tRNA_tdbR00000091-Pisum_sativum-3888-Phe-AA
9311,grp1,train,tRNA_tdbR00000104-Enterobacteria_phage_T4-10665-Gly-NCC
9312,grp1,train,tRNA_tdbR00000114-Staphylococcus_epidermidis-1282-Gly-UCC
9313,grp1,train,tRNA_tdbR00000121-Salmonella_typhimurium-602-Gly-NCC
9314,grp1,train,tRNA_tdbR00000124-Aedes_albopictus-7160-Gly-UCC
9315,grp1,train,tRNA_tdbR00000125-Bos_taurus-9913-Gly-UCC
9316,grp1,train,tRNA_tdbR00000126-Halocynthia_roretzi-7729-Gly-NCU
9317,grp1,train,tRNA_tdbR00000127-Halocynthia_roretzi-7729-Gly-UCU
9318,grp1,train,tRNA_tdbR00000128-Halocynthia_roretzi-7729-Gly-GCU
9319,grp1,train,tRNA_tdbR00000129-Saccharomyces_cerevisiae-4932-Gly-GCC
9320,grp1,train,tRNA_tdbR00000132-Lupinus_luteus-3873-Gly-GCC
9321,grp1,train,tRNA_tdbR00000134-Bombyx_mori-7091-Gly-CC
9322,grp1,train,tRNA_tdbR00000138-Haloferax_volcanii-2246-His-GUG
9323,grp1,train,tRNA_tdbR00000141-Salmonella_typhimurium-602-His-QUG
9324,grp1,train,tRNA_tdbR00000142-Saccharomyces_cerevisiae-4932-His-GUG
9325,grp1,train,tRNA_tdbR00000143-Asterias_amurensis-7602-His-QUG
9326,grp1,train,tRNA_tdbR00000149-Homo_sapiens-9606-His-GUG
9327,grp1,train,tRNA_tdbR00000167-Aedes_albopictus-7160-Ile-GAU
9328,grp1,train,tRNA_tdbR00000168-Bos_taurus-9913-Ile-GAU
9329,grp1,train,tRNA_tdbR00000169-Homo_sapiens-9606-Ile-GAU
9330,grp1,train,tRNA_tdbR00000173-Bombyx_mori-7091-Ile-IAU
9331,grp1,train,tRNA_tdbR00000174-Mus_musculus-10090-Ile-IAU
9332,grp1,train,tRNA_tdbR00000177-Mycoplasma_capricolum-2095-Lys-CUU
9333,grp1,train,tRNA_tdbR00000184-Asterias_amurensis-7602-Lys-CUU
9334,grp1,train,tRNA_tdbR00000189-Rattus_norvegicus-10116-Lys-NUU
9335,grp1,train,tRNA_tdbR00000190-Bos_taurus-9913-Lys-NUU
9336,grp1,train,tRNA_tdbR00000191-Mesocricetus_auratus-10036-Lys-NUU
9337,grp1,train,tRNA_tdbR00000194-Triticum_aestivum-4565-Lys-CUU
9338,grp1,train,tRNA_tdbR00000206-Loligo_bleekeri-6617-Lys-UUU
9339,grp1,train,tRNA_tdbR00000210-Enterobacteria_phage_T5-10726-Leu-UAG
9340,grp1,train,tRNA_tdbR00000211-Haloferax_volcanii-2246-Leu-CAA
9341,grp1,train,tRNA_tdbR00000217-Mycoplasma_capricolum-2095-Leu-AA
9342,grp1,train,tRNA_tdbR00000223-Salmonella_typhimurium-602-Leu-CAG
9343,grp1,train,tRNA_tdbR00000224-Rhodospirillum_rubrum-1085-Leu-CAA
9344,grp1,train,tRNA_tdbR00000225-Synechococcus_elongatus_PCC_6301-269084-Leu-CAA
9345,grp1,train,tRNA_tdbR00000234-Spinacia_oleracea-3562-Leu-UA7
9346,grp1,train,tRNA_tdbR00000237-Saccharomyces_cerevisiae-4932-Leu-AA
9347,grp1,train,tRNA_tdbR00000243-Rattus_norvegicus-10116-Leu-UAG
9348,grp1,train,tRNA_tdbR00000244-Rattus_norvegicus-10116-Leu-UAG
9349,grp1,train,tRNA_tdbR00000245-Rattus_norvegicus-10116-Leu-UAG
9350,grp1,train,tRNA_tdbR00000246-Bos_taurus-9913-Leu-NAA
9351,grp1,train,tRNA_tdbR00000247-Bos_taurus-9913-Leu-UAG
9352,grp1,train,tRNA_tdbR00000251-Saccharomyces_cerevisiae-4932-Leu-UAA
9353,grp1,train,tRNA_tdbR00000261-Cucumis_sativus-3659-Leu-NAA
9354,grp1,train,tRNA_tdbR00000263-Rattus_norvegicus-10116-Leu-AA
9355,grp1,train,tRNA_tdbR00000266-Bos_taurus-9913-Leu-AA
9356,grp1,train,tRNA_tdbR00000280-Saccharomyces_cerevisiae-4932-Met-CAU
9357,grp1,train,tRNA_tdbR00000282-Ascaris_suum-6253-Met-AU
9358,grp1,train,tRNA_tdbR00000283-Gallus_gallus-9031-Met-AU
9359,grp1,train,tRNA_tdbR00000289-Homo_sapiens-9606-Met-BAU
9360,grp1,train,tRNA_tdbR00000290-Enterobacteria_phage_T5-10726-Asn-GUU
9361,grp1,train,tRNA_tdbR00000294-Mycoplasma_capricolum-2095-Asn-GUU
9362,grp1,train,tRNA_tdbR00000299-Asterias_amurensis-7602-Asn-GPU
9363,grp1,train,tRNA_tdbR00000312-Haloferax_volcanii-2246-Pro-GGG
9364,grp1,train,tRNA_tdbR00000313-Haloferax_volcanii-2246-Pro-UGG
9365,grp1,train,tRNA_tdbR00000318-Salmonella_typhimurium-602-Pro-GGG
9366,grp1,train,tRNA_tdbR00000321-Saccharomyces_cerevisiae-4932-Pro-UGG
9367,grp1,train,tRNA_tdbR00000325-Pichia_jadinii-4903-Pro-GG
9368,grp1,train,tRNA_tdbR00000328-Enterobacteria_phage_T5-10726-Gln-UUG
9369,grp1,train,tRNA_tdbR00000331-Mycoplasma_capricolum-2095-Gln-UG
9370,grp1,train,tRNA_tdbR00000333-Escherichia_coli-562-Gln-NUG
9371,grp1,train,tRNA_tdbR00000334-Hordeum_vulgare-4513-Gln-UG
9372,grp1,train,tRNA_tdbR00000335-Nicotiana_rustica-4093-Gln-NUG
9373,grp1,train,tRNA_tdbR00000336-Aedes_albopictus-7160-Gln-NUG
9374,grp1,train,tRNA_tdbR00000345-Homo_sapiens-9606-Gln-NUG
9375,grp1,train,tRNA_tdbR00000347-Enterobacteria_phage_T4-10665-Arg-NCU
9376,grp1,train,tRNA_tdbR00000350-Haloferax_volcanii-2246-Arg-GCG
9377,grp1,train,tRNA_tdbR00000351-Haloferax_volcanii-2246-Arg-NCG
9378,grp1,train,tRNA_tdbR00000352-Mycoplasma_capricolum-2095-Arg-ICG
9379,grp1,train,tRNA_tdbR00000359-Escherichia_coli-562-Arg-CCG
9380,grp1,train,tRNA_tdbR00000361-Saccharomyces_cerevisiae-4932-Arg-ACG
9381,grp1,train,tRNA_tdbR00000363-Ascaris_suum-6253-Arg-PCU
9382,grp1,train,tRNA_tdbR00000364-Ascaris_suum-6253-Arg-ACG
9383,grp1,train,tRNA_tdbR00000365-Aedes_albopictus-7160-Arg-UCG
9384,grp1,train,tRNA_tdbR00000366-Rattus_norvegicus-10116-Arg-UCG
9385,grp1,train,tRNA_tdbR00000367-Bos_taurus-9913-Arg-UCG
9386,grp1,train,tRNA_tdbR00000368-Mesocricetus_auratus-10036-Arg-UCG
9387,grp1,train,tRNA_tdbR00000379-Enterobacteria_phage_T4-10665-Ser-NGA
9388,grp1,train,tRNA_tdbR00000380-Halobacterium_salinarum-2242-Ser-MGA
9389,grp1,train,tRNA_tdbR00000381-Haloferax_volcanii-2246-Ser-GCU
9390,grp1,train,tRNA_tdbR00000382-Haloferax_volcanii-2246-Ser-MGA
9391,grp1,train,tRNA_tdbR00000383-Haloferax_volcanii-2246-Ser-GGA
9392,grp1,train,tRNA_tdbR00000385-Mycoplasma_capricolum-2095-Ser-UGA
9393,grp1,train,tRNA_tdbR00000386-Mycoplasma_mycoides-2102-Ser-UGA
9394,grp1,train,tRNA_tdbR00000387-Bacillus_subtilis-1423-Ser-5GA
9395,grp1,train,tRNA_tdbR00000389-Bacillus_subtilis-1423-Ser-GGA
9396,grp1,train,tRNA_tdbR00000390-Escherichia_coli-562-Ser-CGA
9397,grp1,train,tRNA_tdbR00000391-Escherichia_coli-562-Ser-GCU
9398,grp1,train,tRNA_tdbR00000392-Escherichia_coli-562-Ser-GGA
9399,grp1,train,tRNA_tdbR00000393-Escherichia_coli-562-Ser-GGA
9400,grp1,train,tRNA_tdbR00000394-Escherichia_coli-562-Ser-VGA
9401,grp1,train,tRNA_tdbR00000395-Saccharomyces_cerevisiae-4932-Ser-GCU
9402,grp1,train,tRNA_tdbR00000396-Saccharomyces_cerevisiae-4932-Ser-UGA
9403,grp1,train,tRNA_tdbR00000397-Saccharomyces_cerevisiae-4932-Ser-UGA
9404,grp1,train,tRNA_tdbR00000398-Ascaris_suum-6253-Ser-UCU
9405,grp1,train,tRNA_tdbR00000399-Aedes_albopictus-7160-Ser-GCU
9406,grp1,train,tRNA_tdbR00000400-Loligo_bleekeri-6617-Ser-7CU
9407,grp1,train,tRNA_tdbR00000403-Bos_taurus-9913-Ser-UGA
9408,grp1,train,tRNA_tdbR00000406-Saccharomyces_cerevisiae-4932-Ser-NGA
9409,grp1,train,tRNA_tdbR00000409-Candida_cylindracea-44322-Ser-CAG
9410,grp1,train,tRNA_tdbR00000412-Candida_cylindracea-44322-Ser-CGA
9411,grp1,train,tRNA_tdbR00000413-Candida_cylindracea-44322-Ser-GCU
9412,grp1,train,tRNA_tdbR00000414-Lupinus_luteus-3873-Ser-CGA
9413,grp1,train,tRNA_tdbR00000419-Nicotiana_rustica-4093-Ser-IGA
9414,grp1,train,tRNA_tdbR00000420-Spinacia_oleracea-3562-Ser-IGA
9415,grp1,train,tRNA_tdbR00000423-Rattus_norvegicus-10116-Ser-IGA
9416,grp1,train,tRNA_tdbR00000426-Drosophila_melanogaster-7227-Ser-CGA
9417,grp1,train,tRNA_tdbR00000428-Homo_sapiens-9606-Ser-UGA
9418,grp1,train,tRNA_tdbR00000438-Escherichia_coli-562-Thr-GGU
9419,grp1,train,tRNA_tdbR00000440-Neurospora_crassa-5141-Thr-UGU
9420,grp1,train,tRNA_tdbR00000459-Neurospora_crassa-5141-Val-UAC
9421,grp1,train,tRNA_tdbR00000460-Aedes_albopictus-7160-Val-UAC
9422,grp1,train,tRNA_tdbR00000461-Rattus_norvegicus-10116-Val-UAC
9423,grp1,train,tRNA_tdbR00000462-Rattus_norvegicus-10116-Val-UAC
9424,grp1,train,tRNA_tdbR00000463-Bos_taurus-9913-Val-UAC
9425,grp1,train,tRNA_tdbR00000466-Saccharomyces_cerevisiae-4932-Val-AC
9426,grp1,train,tRNA_tdbR00000467-Pichia_jadinii-4903-Val-IAC
9427,grp1,train,tRNA_tdbR00000469-Rattus_norvegicus-10116-Val-IAC
9428,grp1,train,tRNA_tdbR00000474-Drosophila_melanogaster-7227-Val-NAC
9429,grp1,train,tRNA_tdbR00000475-Mus_musculus-10090-Val-IAC
9430,grp1,train,tRNA_tdbR00000478-Haloferax_volcanii-2246-Trp-BCA
9431,grp1,train,tRNA_tdbR00000483-Bacillus_subtilis-1423-Trp-CCA
9432,grp1,train,tRNA_tdbR00000488-Tetrahymena_thermophila-5911-Trp-CA
9433,grp1,train,tRNA_tdbR00000489-Neurospora_crassa-5141-Trp-NCA
9434,grp1,train,tRNA_tdbR00000490-Saccharomyces_cerevisiae-4932-Trp-CA
9435,grp1,train,tRNA_tdbR00000492-Rattus_norvegicus-10116-Trp-NCA
9436,grp1,train,tRNA_tdbR00000493-Bos_taurus-9913-Trp-NCA
9437,grp1,train,tRNA_tdbR00000494-Saccharomyces_cerevisiae-4932-Trp-BCA
9438,grp1,train,tRNA_tdbR00000504-Mycoplasma_capricolum-2095-Ini-CAU
9439,grp1,train,tRNA_tdbR00000505-Mycoplasma_mycoides-2102-Ini-CAU
9440,grp1,train,tRNA_tdbR00000516-Spinacia_oleracea-3562-Ini-CAU
9441,grp1,train,tRNA_tdbR00000517-Neurospora_crassa-5141-Ini-CAU
9442,grp1,train,tRNA_tdbR00000518-Saccharomyces_cerevisiae-4932-Ini-CAU
9443,grp1,train,tRNA_tdbR00000519-Phaseolus_vulgaris-3885-Ini-CAU
9444,grp1,train,tRNA_tdbR00000520-Aedes_albopictus-7160-Ini-CAU
9445,grp1,train,tRNA_tdbR00000521-Bos_taurus-9913-Ini-CAU
9446,grp1,train,tRNA_tdbR00000522-Bos_taurus-9913-Ini-AU
9447,grp1,train,tRNA_tdbR00000541-Haloferax_volcanii-2246-Tyr-GUA
9448,grp1,train,tRNA_tdbR00000542-Mycoplasma_capricolum-2095-Tyr-GUA
9449,grp1,train,tRNA_tdbR00000547-Geobacillus_stearothermophilus-1422-Tyr-QUA
9450,grp1,train,tRNA_tdbR00000548-Scenedesmus_obliquus-3088-Tyr-GUA
9451,grp1,train,tRNA_tdbR00000549-Tetrahymena_pyriformis-5908-Tyr-QUA
9452,grp1,train,tRNA_tdbR00000550-Neurospora_crassa-5141-Tyr-GUA
9453,grp1,train,tRNA_tdbR00000551-Saccharomyces_cerevisiae-4932-Tyr-GUA
9454,grp1,train,tRNA_tdbR00000553-Asterias_amurensis-7602-Tyr-GUA
9455,grp1,train,tRNA_tdbR00000555-Saccharomyces_cerevisiae-4932-Tyr-GPA
9456,grp1,train,tRNA_tdbR00000556-Schizosaccharomyces_pombe-4896-Tyr-GPA
9457,grp1,train,tRNA_tdbR00000557-Pichia_jadinii-4903-Tyr-GPA
9458,grp1,train,tRNA_tdbR00000567-Homo_sapiens-9606-Tyr-9PA
9459,grp1,train,tRNA_tdbR00000572-Leishmania_tarentolae-5689-Lys-1UU
9460,grp1,train,tRNA_tdbR00000573-Leishmania_tarentolae-5689-Gln-3UG
9461,grp1,train,tRNA_tdbR00000575-Leishmania_tarentolae-5689-Thr-CGU
9462,grp1,train,tRNA_tdbR00000576-Leishmania_tarentolae-5689-Asp-GUC
9463,grp1,train,tRNA_tdbR00000577-Leishmania_tarentolae-5689-Glu-CUC
9464,grp1,train,tRNA_tdbR00000578-Leishmania_tarentolae-5689-Glu-3UC
9465,grp1,train,tRNA_tdbR00000580-Aeropyrum_pernix-56636-Lys-UUU
9466,grp1,train,tRNA_tdbR00000581-Aeropyrum_pernix-56636-Lys-CUU
9467,grp1,train,tRNA_tdbR00000583-Aeropyrum_pernix-56636-Cys-GCA
9468,grp1,train,tRNA_tdbR00000585-Aeropyrum_pernix-56636-Thr-CGU
9469,grp1,train,tRNA_tdbR00000588-Aeropyrum_pernix-56636-Asp-GUC
9470,grp1,train,tRNA_tdbR00000590-Ascaris_suum-6253-Glu-UC
9471,grp1,train,tRNA_tdbR00000591-Ascaris_suum-6253-Lys-UU
9472,grp1,train,tRNA_tdbR00000592-Ascaris_suum-6253-Gln-UG
9473,grp1,train,tRNA_tdbR00000593-Ascaris_suum-6253-Trp-CA
9474,grp1,train,tRNA_tdbR00000594-Ascaris_suum-6253-Leu-AA
9475,grp1,train,tRNA_tdbR00000595-Escherichia_coli-562-Leu-BAA
9476,grp1,train,tRNA_tdbR00000607-Lupinus_luteus-3873-Leu-IAG
9477,grp1,train,tRNA_tdbR00000608-Lupinus_luteus-3873-Leu-UAA
9478,grp1,train,tRNA_tdbR00000609-Chlamydomonas_reinhardtii-3055-Leu-UA7
9479,grp1,train,tRNA_tdbR00000611-Sinorhizobium_meliloti-382-His-GUG
9480,grp1,train,tRNA_tdbR00000612-Sinorhizobium_meliloti-382-Trp-CCA
9481,grp1,train,tRNA_tdbR00000613-Nanoarchaeum_equitans-160232-Glu-CUC
9482,grp1,train,tRNA_tdbR00000614-Nanoarchaeum_equitans-160232-Ini-CAU
9483,grp1,train,tRNA_tdbR00000615-Nanoarchaeum_equitans-160232-Trp-CCA
9484,grp1,train,tRNA_tdbR00000616-Nanoarchaeum_equitans-160232-Lys-CUU
9485,grp1,train,tRNA_tdbR00000617-Nanoarchaeum_equitans-160232-Gln-UUG
9486,grp1,train,tRNA_tdbR00000618-Candida_albicans-5476-Leu-CAG
9487,grp1,train,tRNA_tdbR00000619-Toxoplasma_gondii-5811-Met-CAU
9488,grp1,train,tRNA_tdbR00000620-Toxoplasma_gondii-5811-Ini-CAU
9489,grp1,train,tRNA_tdbR00000621-Nicotiana_rustica-4093-Cys-GCA
9490,grp1,train,tRNA_tdbR00000622-Nicotiana_rustica-4093-Cys-GCA
9491,grp1,train,tRNA_tdbR00000623-Escherichia_coli-562-Pro-CGG
9492,grp1,train,telomerase_AC121792.109554-109950
9493,grp1,train,telomerase_AF147806.247-692
9494,grp1,train,telomerase_AF221906.96-545
9495,grp1,train,telomerase_AF221908.136-584
9496,grp1,train,telomerase_AF221909.98-496
9497,grp1,train,telomerase_AF221910.112-554
9498,grp1,train,telomerase_AF221911.104-513
9499,grp1,train,telomerase_AF221912.98-564
9500,grp1,train,telomerase_AF221913.109-520
9501,grp1,train,telomerase_AF221914.112-589
9502,grp1,train,telomerase_AF221916.94-481
9503,grp1,train,telomerase_AF221917.99-542
9504,grp1,train,telomerase_AF221918.97-547
9505,grp1,train,telomerase_AF221919.107-614
9506,grp1,train,telomerase_AF221920.99-541
9507,grp1,train,telomerase_AF221921.98-548
9508,grp1,train,telomerase_AF221923.106-554
9509,grp1,train,telomerase_AF221924.105-538
9510,grp1,train,telomerase_AF221925.98-540
9511,grp1,train,telomerase_AF221926.103-507
9512,grp1,train,telomerase_AF221927.113-556
9513,grp1,train,telomerase_AF221928.95-476
9514,grp1,train,telomerase_AF221929.92-517
9515,grp1,train,telomerase_AF221930.94-546
9516,grp1,train,telomerase_AF221931.99-541
9517,grp1,train,telomerase_AF221932.102-549
9518,grp1,train,telomerase_AF221934.121-565
9519,grp1,train,telomerase_AF221935.112-602
9520,grp1,train,telomerase_AF221936.98-540
9521,grp1,train,telomerase_AF221937.99-545
9522,grp1,train,telomerase_AF221939.99-544
9523,grp1,train,telomerase_AF221940.103-499
9524,grp1,train,telomerase_AY058901.1-397
9525,grp1,train,telomerase_AY312571.605-1069
9526,grp1,train,telomerase_U85256.1-451
9527,grp1,train,telomerase_AC121792.109554-109950
9528,grp1,train,telomerase_AF147806.247-692
9529,grp1,train,telomerase_AF221906.96-545
9530,grp1,train,telomerase_AF221908.136-584
9531,grp1,train,telomerase_AF221909.98-496
9532,grp1,train,telomerase_AF221910.112-554
9533,grp1,train,telomerase_AF221911.104-513
9534,grp1,train,telomerase_AF221912.98-564
9535,grp1,train,telomerase_AF221913.109-520
9536,grp1,train,telomerase_AF221914.112-589
9537,grp1,train,telomerase_AF221916.94-481
9538,grp1,train,telomerase_AF221917.99-542
9539,grp1,train,telomerase_AF221918.97-547
9540,grp1,train,telomerase_AF221919.107-614
9541,grp1,train,telomerase_AF221920.99-541
9542,grp1,train,telomerase_AF221921.98-548
9543,grp1,train,telomerase_AF221923.106-554
9544,grp1,train,telomerase_AF221924.105-538
9545,grp1,train,telomerase_AF221925.98-540
9546,grp1,train,telomerase_AF221926.103-507
9547,grp1,train,telomerase_AF221927.113-556
9548,grp1,train,telomerase_AF221928.95-476
9549,grp1,train,telomerase_AF221929.92-517
9550,grp1,train,telomerase_AF221930.94-546
9551,grp1,train,telomerase_AF221931.99-541
9552,grp1,train,telomerase_AF221932.102-549
9553,grp1,train,telomerase_AF221934.121-565
9554,grp1,train,telomerase_AF221935.112-602
9555,grp1,train,telomerase_AF221936.98-540
9556,grp1,train,telomerase_AF221937.99-545
9557,grp1,train,telomerase_AF221939.99-544
9558,grp1,train,telomerase_AF221940.103-499
9559,grp1,train,telomerase_AY058901.1-397
9560,grp1,train,telomerase_AY312571.605-1069
9561,grp1,train,telomerase_U85256.1-451
9562,grp1,train,telomerase_AC121792.109554-109950
9563,grp1,train,telomerase_AF147806.247-692
9564,grp1,train,telomerase_AF221906.96-545
9565,grp1,train,telomerase_AF221908.136-584
9566,grp1,train,telomerase_AF221909.98-496
9567,grp1,train,telomerase_AF221910.112-554
9568,grp1,train,telomerase_AF221911.104-513
9569,grp1,train,telomerase_AF221912.98-564
9570,grp1,train,telomerase_AF221913.109-520
9571,grp1,train,telomerase_AF221914.112-589
9572,grp1,train,telomerase_AF221916.94-481
9573,grp1,train,telomerase_AF221917.99-542
9574,grp1,train,telomerase_AF221918.97-547
9575,grp1,train,telomerase_AF221919.107-614
9576,grp1,train,telomerase_AF221920.99-541
9577,grp1,train,telomerase_AF221921.98-548
9578,grp1,train,telomerase_AF221923.106-554
9579,grp1,train,telomerase_AF221924.105-538
9580,grp1,train,telomerase_AF221925.98-540
9581,grp1,train,telomerase_AF221926.103-507
9582,grp1,train,telomerase_AF221927.113-556
9583,grp1,train,telomerase_AF221928.95-476
9584,grp1,train,telomerase_AF221929.92-517
9585,grp1,train,telomerase_AF221930.94-546
9586,grp1,train,telomerase_AF221931.99-541
9587,grp1,train,telomerase_AF221932.102-549
9588,grp1,train,telomerase_AF221934.121-565
9589,grp1,train,telomerase_AF221935.112-602
9590,grp1,train,telomerase_AF221936.98-540
9591,grp1,train,telomerase_AF221937.99-545
9592,grp1,train,telomerase_AF221939.99-544
9593,grp1,train,telomerase_AF221940.103-499
9594,grp1,train,telomerase_AY058901.1-397
9595,grp1,train,telomerase_AY312571.605-1069
9596,grp1,train,telomerase_U85256.1-451
9597,grp1,train,telomerase_AC121792.109554-109950
9598,grp1,train,telomerase_AF147806.247-692
9599,grp1,train,telomerase_AF221906.96-545
9600,grp1,train,telomerase_AF221908.136-584
9601,grp1,train,telomerase_AF221909.98-496
9602,grp1,train,telomerase_AF221910.112-554
9603,grp1,train,telomerase_AF221911.104-513
9604,grp1,train,telomerase_AF221912.98-564
9605,grp1,train,telomerase_AF221913.109-520
9606,grp1,train,telomerase_AF221914.112-589
9607,grp1,train,telomerase_AF221916.94-481
9608,grp1,train,telomerase_AF221917.99-542
9609,grp1,train,telomerase_AF221918.97-547
9610,grp1,train,telomerase_AF221919.107-614
9611,grp1,train,telomerase_AF221920.99-541
9612,grp1,train,telomerase_AF221921.98-548
9613,grp1,train,telomerase_AF221923.106-554
9614,grp1,train,telomerase_AF221924.105-538
9615,grp1,train,telomerase_AF221925.98-540
9616,grp1,train,telomerase_AF221926.103-507
9617,grp1,train,telomerase_AF221927.113-556
9618,grp1,train,telomerase_AF221928.95-476
9619,grp1,train,telomerase_AF221929.92-517
9620,grp1,train,telomerase_AF221930.94-546
9621,grp1,train,telomerase_AF221931.99-541
9622,grp1,train,telomerase_AF221932.102-549
9623,grp1,train,telomerase_AF221934.121-565
9624,grp1,train,telomerase_AF221935.112-602
9625,grp1,train,telomerase_AF221936.98-540
9626,grp1,train,telomerase_AF221937.99-545
9627,grp1,train,telomerase_AF221939.99-544
9628,grp1,train,telomerase_AF221940.103-499
9629,grp1,train,telomerase_AY058901.1-397
9630,grp1,train,telomerase_AY312571.605-1069
9631,grp1,train,telomerase_U85256.1-451
9632,grp1,train,telomerase_AC121792.109554-109950
9633,grp1,train,telomerase_AF147806.247-692
9634,grp1,train,telomerase_AF221906.96-545
9635,grp1,train,telomerase_AF221908.136-584
9636,grp1,train,telomerase_AF221909.98-496
9637,grp1,train,telomerase_AF221910.112-554
9638,grp1,train,telomerase_AF221911.104-513
9639,grp1,train,telomerase_AF221912.98-564
9640,grp1,train,telomerase_AF221913.109-520
9641,grp1,train,telomerase_AF221914.112-589
9642,grp1,train,telomerase_AF221916.94-481
9643,grp1,train,telomerase_AF221917.99-542
9644,grp1,train,telomerase_AF221918.97-547
9645,grp1,train,telomerase_AF221919.107-614
9646,grp1,train,telomerase_AF221920.99-541
9647,grp1,train,telomerase_AF221921.98-548
9648,grp1,train,telomerase_AF221923.106-554
9649,grp1,train,telomerase_AF221924.105-538
9650,grp1,train,telomerase_AF221925.98-540
9651,grp1,train,telomerase_AF221926.103-507
9652,grp1,train,telomerase_AF221927.113-556
9653,grp1,train,telomerase_AF221928.95-476
9654,grp1,train,telomerase_AF221929.92-517
9655,grp1,train,telomerase_AF221930.94-546
9656,grp1,train,telomerase_AF221931.99-541
9657,grp1,train,telomerase_AF221932.102-549
9658,grp1,train,telomerase_AF221934.121-565
9659,grp1,train,telomerase_AF221935.112-602
9660,grp1,train,telomerase_AF221936.98-540
9661,grp1,train,telomerase_AF221937.99-545
9662,grp1,train,telomerase_AF221939.99-544
9663,grp1,train,telomerase_AF221940.103-499
9664,grp1,train,telomerase_AY058901.1-397
9665,grp1,train,telomerase_AY312571.605-1069
9666,grp1,train,telomerase_U85256.1-451
9667,grp1,train,telomerase_AC121792.109554-109950
9668,grp1,train,telomerase_AF147806.247-692
9669,grp1,train,telomerase_AF221906.96-545
9670,grp1,train,telomerase_AF221908.136-584
9671,grp1,train,telomerase_AF221909.98-496
9672,grp1,train,telomerase_AF221910.112-554
9673,grp1,train,telomerase_AF221911.104-513
9674,grp1,train,telomerase_AF221912.98-564
9675,grp1,train,telomerase_AF221913.109-520
9676,grp1,train,telomerase_AF221914.112-589
9677,grp1,train,telomerase_AF221916.94-481
9678,grp1,train,telomerase_AF221917.99-542
9679,grp1,train,telomerase_AF221918.97-547
9680,grp1,train,telomerase_AF221919.107-614
9681,grp1,train,telomerase_AF221920.99-541
9682,grp1,train,telomerase_AF221921.98-548
9683,grp1,train,telomerase_AF221923.106-554
9684,grp1,train,telomerase_AF221924.105-538
9685,grp1,train,telomerase_AF221925.98-540
9686,grp1,train,telomerase_AF221926.103-507
9687,grp1,train,telomerase_AF221927.113-556
9688,grp1,train,telomerase_AF221928.95-476
9689,grp1,train,telomerase_AF221929.92-517
9690,grp1,train,telomerase_AF221930.94-546
9691,grp1,train,telomerase_AF221931.99-541
9692,grp1,train,tmRNA_Acid.caps._TRW-240015_1-352
9693,grp1,train,tmRNA_Acid.ferr._TRW-243159_1-364
9694,grp1,train,tmRNA_Acid.ferr._TRW-920_1-341
9695,grp1,train,tmRNA_Acin.spec._CR543861_1-360
9696,grp1,train,tmRNA_Acti.naes._TRW-240017_1-371
9697,grp1,train,tmRNA_Aero.hydr._CP000462_1-360
9698,grp1,train,tmRNA_Alka.meta._TRW-293826_1-355
9699,grp1,train,tmRNA_Aqui.aeol._TRW-63363_1-347
9700,grp1,train,tmRNA_Azoa.spec._TRW-62928_1-378
9701,grp1,train,tmRNA_Baci.G._TRW-12333_1-312
9702,grp1,train,tmRNA_Baci.clau._AP006627_1-355
9703,grp1,train,tmRNA_Baci.lich._CP000002_1-356
9704,grp1,train,tmRNA_Baci.subt._Z99121_1-360
9705,grp1,train,tmRNA_Bact.mari._TRW-97084_1-385
9706,grp1,train,tmRNA_Bact.thet._AE015928_1-397
9707,grp1,train,tmRNA_Bdel.bact._BX842656_1-346
9708,grp1,train,tmRNA_Bifi.long._TRW-206672_1-397
9709,grp1,train,tmRNA_Bloc.flor._BX248583_1-393
9710,grp1,train,tmRNA_Bloc.penn._CP000016_1-392
9711,grp1,train,tmRNA_Bord.pert._TRW-257313_1-387
9712,grp1,train,tmRNA_Borr.gari._CP000013_1-363
9713,grp1,train,tmRNA_Brev.line._TRW-321955_1-377
9714,grp1,train,tmRNA_Buch.aphi._AE013218_1-376
9715,grp1,train,tmRNA_Buch.aphi._AE016826_1-367
9716,grp1,train,tmRNA_Buch.aphi._BD061520_1-369
9717,grp1,train,tmRNA_Cald.sacc._TRW-351627_1-368
9718,grp1,train,tmRNA_Camp.fetu._AY211269_1-361
9719,grp1,train,tmRNA_Camp.upsa._TRW-306264_1-359
9720,grp1,train,tmRNA_Carb.hydr._CP000141_1-359
9721,grp1,train,tmRNA_Carn.malt._AF275938_1-366
9722,grp1,train,tmRNA_Chla.trac._TRW-813-2_1-420
9723,grp1,train,tmRNA_Chlo.aura._AY040836_1-361
9724,grp1,train,tmRNA_Chlo.chlo._CP000108_1-401
9725,grp1,train,tmRNA_Chlo.tepi._TRW-194439_1-404
9726,grp1,train,tmRNA_Chro.sale._CP000285_1-380
9727,grp1,train,tmRNA_Chro.viol._AE016825_1-365
9728,grp1,train,tmRNA_Clav.mich._TRW-31964_1-376
9729,grp1,train,tmRNA_Clos.perf._TRW-195102_1-361
9730,grp1,train,tmRNA_Clos.ther._TRW-203119_1-387
9731,grp1,train,tmRNA_Colw.psyc._CP000083_1-350
9732,grp1,train,tmRNA_Copr.prot._TRW-351627_1-353
9733,grp1,train,tmRNA_Cory.diph._BX248356_1-385
9734,grp1,train,tmRNA_Cory.glut._BX927150_1-377
9735,grp1,train,tmRNA_Coxi.burn._AE016828_1-360
9736,grp1,train,tmRNA_Croc.wats._TRW-165597_1-386
9737,grp1,train,tmRNA_Cyan.cald._AF022186_1-254
9738,grp1,train,tmRNA_Cyan.mero._TRW-45157_1-236
9739,grp1,train,tmRNA_Cyan.para._U30821_1-291
9740,grp1,train,tmRNA_Cyto.hutc._CP000383_1-404
9741,grp1,train,tmRNA_Deha.ethe._CP000027_1-352
9742,grp1,train,tmRNA_Dein.geot._CP000359_1-348
9743,grp1,train,tmRNA_Dein.radi._TRW-243230_1-349
9744,grp1,train,tmRNA_Desu.acet._TRW-281689_1-353
9745,grp1,train,tmRNA_Desu.desu._CP000112_1-360
9746,grp1,train,tmRNA_Desu.psyc._CR522870_1-366
9747,grp1,train,tmRNA_Desu.vulg._AE017285_1-352
9748,grp1,train,tmRNA_Dich.nodo._TRW-35819_1-352
9749,grp1,train,tmRNA_Dict.ther._TRW-14_1-350
9750,grp1,train,tmRNA_Emil.huxl._TRW-280463_1-291
9751,grp1,train,tmRNA_Ente.faec._TRW-1352_1-367
9752,grp1,train,tmRNA_Exig.sibi._TRW-262543_1-359
9753,grp1,train,tmRNA_Fibr.succ._TRW-59374_1-361
9754,grp1,train,tmRNA_Fran.spec._TRW-298653_1-375
9755,grp1,train,tmRNA_Fran.tula._CP000437_1-421
9756,grp1,train,tmRNA_Fuso.nucl._TRW-393480_1-344
9757,grp1,train,tmRNA_Gemm.obsc._TRW-214688_1-412
9758,grp1,train,tmRNA_Geob.meta._CP000148_1-356
9759,grp1,train,tmRNA_Geob.stea._TRW-1422_1-352
9760,grp1,train,tmRNA_Geob.sulf._AE017180_1-356
9761,grp1,train,tmRNA_Grac.tenu._AY673996_1-396
9762,grp1,train,tmRNA_Guil.thet._TRW-55529_1-330
9763,grp1,train,tmRNA_Haem.ducr._AE017143_1-367
9764,grp1,train,tmRNA_Haem.somn._CP000436_1-367
9765,grp1,train,tmRNA_Heli.hepa._AE017125_1-369
9766,grp1,train,tmRNA_Heli.must._DQ250625_1-366
9767,grp1,train,tmRNA_Heli.pylo._TRW-85963_1-386
9768,grp1,train,tmRNA_Idio.loih._AE017340_1-359
9769,grp1,train,tmRNA_Jako.libe._TRW-143017_1-102
9770,grp1,train,tmRNA_Lact.brev._CP000416_1-372
9771,grp1,train,tmRNA_Lact.case._CP000423_1-364
9772,grp1,train,tmRNA_Lact.delb._AF440335_1-316
9773,grp1,train,tmRNA_Lact.delb._TRW-321956_1-362
9774,grp1,train,tmRNA_Lact.john._TRW-257314_1-367
9775,grp1,train,tmRNA_Lact.lact._AF176556_1-359
9776,grp1,train,tmRNA_Lact.plan._AL935259_1-372
9777,grp1,train,tmRNA_Lact.sake._TRW-314315_1-370
9778,grp1,train,tmRNA_Laws.intr._AM180252_1-376
9779,grp1,train,tmRNA_Legi.pneu._CR628337_1-406
9780,grp1,train,tmRNA_Leif.xyli._AE016822_1-394
9781,grp1,train,tmRNA_Lept.inte._AE016823_1-350
9782,grp1,train,tmRNA_Lept.spec._TRW-261386_1-359
9783,grp1,train,tmRNA_Leuc.mese._AF375574_1-307
9784,grp1,train,tmRNA_Leuc.mese._TRW-1245_1-358
9785,grp1,train,tmRNA_List.gray._AF440336_1-321
9786,grp1,train,tmRNA_List.wels._AF440351_1-321
9787,grp1,train,tmRNA_Magn.spec._CP000471_1-366
9788,grp1,train,tmRNA_Mari.aqua._TRW-351348_1-366
9789,grp1,train,tmRNA_Meso.flor._AE017263_1-408
9790,grp1,train,tmRNA_Meso.viri._AF166114_1-359
9791,grp1,train,tmRNA_Meth.caps._AE017282_1-356
9792,grp1,train,tmRNA_Moor.ther._CP000232_1-358
9793,grp1,train,tmRNA_Mora.cata._AX067460_1-359
9794,grp1,train,tmRNA_Myco.Bxz1._AY129337_1-437
9795,grp1,train,tmRNA_Myco.arth._TRW-243272_1-394
9796,grp1,train,tmRNA_Myco.gall._AE015450_1-408
9797,grp1,train,tmRNA_Myco.geni._U39713_1-385
9798,grp1,train,tmRNA_Myco.hyop._TRW-295358_1-424
9799,grp1,train,tmRNA_Myco.mobi._TRW-267748_1-376
9800,grp1,train,tmRNA_Myco.myco._BX842642_1-411
9801,grp1,train,tmRNA_Myco.pene._BA000026_1-405
9802,grp1,train,tmRNA_Myco.pneu._AE000035_1-384
9803,grp1,train,tmRNA_Myco.pulm._AL445565_1-387
9804,grp1,train,tmRNA_Myxo.xant._TRW-34_1-366
9805,grp1,train,tmRNA_Neph.oliv._AF137379-2_1-327
9806,grp1,train,tmRNA_Nitr.mult._CP000103_1-362
9807,grp1,train,tmRNA_Nitr.ocea._CP000127_1-361
9808,grp1,train,tmRNA_Noca.farc._AP006618_1-368
9809,grp1,train,tmRNA_Nost.spec._BA000019_1-390
9810,grp1,train,tmRNA_Ocea.ihey._BA000028_1-364
9811,grp1,train,tmRNA_Odon.sine._Z67753_1-368
9812,grp1,train,tmRNA_Oeno.oeni._TRW-203123_1-350
9813,grp1,train,tmRNA_Onio.yell._AP006628_1-423
9814,grp1,train,tmRNA_Paen.larv._TRW-1464_1-367
9815,grp1,train,tmRNA_Para.symb._BX908798_1-405
9816,grp1,train,tmRNA_Pedi.pent._CP000422_1-369
9817,grp1,train,tmRNA_Pelo.carb._CP000142_1-358
9818,grp1,train,tmRNA_Phot.prof._CR378665_1-368
9819,grp1,train,tmRNA_Porp.ging._TRW-242619_1-407
9820,grp1,train,tmRNA_Porp.purp._TRW-2787_1-323
9821,grp1,train,tmRNA_Prev.rumi._TRW-264731_1-401
9822,grp1,train,tmRNA_Prop.acne._TRW-1747-1_1-371
9823,grp1,train,tmRNA_Prop.acne._TRW-1747-3_1-353
9824,grp1,train,tmRNA_Pseu.aeru._CP000438_1-353
9825,grp1,train,tmRNA_Pseu.atla._CP000388_1-357
9826,grp1,train,tmRNA_Pseu.halo._CR954246_1-357
9827,grp1,train,tmRNA_Rals.sola._AL646061_1-357
9828,grp1,train,tmRNA_Rhod.balt._BX294141_1-380
9829,grp1,train,tmRNA_Rubr.gela._TRW-279263_1-372
9830,grp1,train,tmRNA_Rubr.xyla._TRW-266117_1-360
9831,grp1,train,tmRNA_Rumi.albu._TRW-246199_1-354
9832,grp1,train,tmRNA_Sacc.degr._CP000282_1-389
9833,grp1,train,tmRNA_Sali.rube._CP000159_1-369
9834,grp1,train,tmRNA_Soli.usit._CP000473_1-352
9835,grp1,train,tmRNA_Spir.kunk._TRW-273035_1-424
9836,grp1,train,tmRNA_Stap.epid._AF375586_1-311
9837,grp1,train,tmRNA_Stap.epid._TRW-176280_1-361
9838,grp1,train,tmRNA_Stre.aver._BA000030_1-389
9839,grp1,train,tmRNA_Stre.coll._AY485228_1-386
9840,grp1,train,tmRNA_Stre.scab._TRW-1883_1-402
9841,grp1,train,tmRNA_Stre.ther._CP000419_1-350
9842,grp1,train,tmRNA_Stre.uber._TRW-218495_1-350
9843,grp1,train,tmRNA_Sulf.azor._TRW-204536_1-351
9844,grp1,train,tmRNA_Syne.spec._AB003477_1-394
9845,grp1,train,tmRNA_Syne.spec._TRW-1131_1-399
9846,grp1,train,tmRNA_Syne.spec._TRW-32049_1-396
9847,grp1,train,tmRNA_Synt.acid._CP000252_1-356
9848,grp1,train,tmRNA_Tann.fors._TRW-203275_1-400
9849,grp1,train,tmRNA_Thal.weis._AF049491_1-348
9850,grp1,train,tmRNA_Ther.comm._TRW-289377_1-355
9851,grp1,train,tmRNA_Ther.elon._BA000039_1-386
9852,grp1,train,tmRNA_Ther.fusc._CP000088_1-372
9853,grp1,train,tmRNA_Ther.neap._TRW-309803_1-357
9854,grp1,train,tmRNA_Ther.rose._TRW-309801_1-353
9855,grp1,train,tmRNA_Ther.teng._AE013063_1-351
9856,grp1,train,tmRNA_Ther.ther._Y15063_1-349
9857,grp1,train,tmRNA_Ther.yell._TRW-289376_1-350
9858,grp1,train,tmRNA_Thio.crun._CP000109_1-358
9859,grp1,train,tmRNA_Thio.deni._CP000116_1-367
9860,grp1,train,tmRNA_Trem.prin._AF481102_1-264
9861,grp1,train,tmRNA_Trep.dent._AE017226_1-351
9862,grp1,train,tmRNA_Trep.pall._TRW-243276_1-354
9863,grp1,train,tmRNA_Tric.eryt._CP000393_1-398
9864,grp1,train,tmRNA_Trop.whip._BX251411_1-369
9865,grp1,train,tmRNA_Urea.parv._AE002154_1-413
9866,grp1,train,tmRNA_Verr.spin._TRW-240016_1-356
9867,grp1,train,tmRNA_Wigg.glos._BA000021_1-365
9868,grp1,train,tmRNA_Woli.succ._BX571661_1-369
9869,grp1,train,tmRNA_Xant.oryz._AE013598_1-397
9870,grp1,train,tmRNA_Xyle.fast._TRW-155920_1-355
9871,grp1,train,tmRNA_Yers.moll._TRW-349967_1-381
9872,grp1,train,tmRNA_Yers.pseu._AR948532_1-364
9873,grp1,train,tmRNA_envi.sequ._TRW-2-1_1-365
9874,grp1,train,tmRNA_envi.sequ._TRW-2-2_1-356
9875,grp1,train,tmRNA_envi.sequ._TRW-204433_1-356
9876,grp1,train,tmRNA_envi.sequ._TRW-259292_1-355
9877,grp1,train,tmRNA_envi.sequ._TRW-300695-2_1-345
9878,grp1,train,tmRNA_envi.sequ._TRW-32045-1_1-355
9879,grp1,train,tmRNA_envi.sequ._TRW-32045-2_1-345
9880,grp1,train,tmRNA_envi.sequ._TRW-32045-3_1-350
9881,grp1,train,tmRNA_envi.sequ._TRW-351057-3_1-355
9882,grp1,train,tmRNA_envi.sequ._TRW-356-1_1-289
9883,grp1,train,tmRNA_uncu.bact._TRW-135621-1_1-397
9884,grp1,train,tmRNA_uncu.bact._TRW-32033-1_1-354
9885,grp1,train,tmRNA_uncu.bact._TRW-32045-4_1-369
9886,grp1,train,tmRNA_uncu.bact._TRW-383630-1_1-364
9887,grp1,train,tmRNA_uncu.bact._TRW-45456_1-408
9888,grp1,train,tmRNA_uncu.bact._TRW-72274-1_1-359
9889,grp1,train,tmRNA_uncu.bact._TRW-72274-2_1-359
9890,grp1,train,tmRNA_uncu.bact._TRW-80840-3_1-379
9891,grp1,train,tmRNA_uncu.mari._TRW-363180_1-347
9892,srp,train,16s_A.fulgidus_domain2
9893,srp,train,16s_A.fulgidus_domain3
9894,srp,train,16s_A.fulgidus_domain4
9895,srp,train,16s_A.pyrophilus_domain2
9896,srp,train,16s_A.pyrophilus_domain4
9897,srp,train,16s_B.burgdorferi_domain2
9898,srp,train,16s_B.burgdorferi_domain3
9899,srp,train,16s_B.burgdorferi_domain4
9900,srp,train,16s_B.subtilis_domain2
9901,srp,train,16s_B.subtilis_domain3
9902,srp,train,16s_B.subtilis_domain4
9903,srp,train,16s_C.elegans_domain1
9904,srp,train,16s_C.elegans_domain2
9905,srp,train,16s_C.elegans_domain3
9906,srp,train,16s_C.elegans_domain4
9907,srp,train,16s_C.psittaci_domain2
9908,srp,train,16s_C.psittaci_domain3
9909,srp,train,16s_C.psittaci_domain4
9910,srp,train,16s_C.reinhardtii.chloro_domain1
9911,srp,train,16s_C.reinhardtii.chloro_domain2
9912,srp,train,16s_C.reinhardtii.chloro_domain3
9913,srp,train,16s_C.reinhardtii.chloro_domain4
9914,srp,train,16s_C.reinhardtii.mito_domain1
9915,srp,train,16s_C.reinhardtii.mito_domain2
9916,srp,train,16s_C.reinhardtii.mito_domain3
9917,srp,train,16s_C.reinhardtii.mito_domain4
9918,srp,train,16s_D.melanogaster_domain4
9919,srp,train,16s_E.coli_domain2
9920,srp,train,16s_E.coli_domain3
9921,srp,train,16s_E.coli_domain4
9922,srp,train,16s_F.ananassa_domain3
9923,srp,train,16s_F.ananassa_domain4
9924,srp,train,16s_G.intestinalis_domain1
9925,srp,train,16s_G.intestinalis_domain2
9926,srp,train,16s_G.intestinalis_domain3
9927,srp,train,16s_G.intestinalis_domain4
9928,srp,train,16s_H.sapiens.mito_domain1
9929,srp,train,16s_H.sapiens.mito_domain2
9930,srp,train,16s_H.sapiens.mito_domain3
9931,srp,train,16s_H.sapiens.mito_domain4
9932,srp,train,16s_H.sapiens_domain3
9933,srp,train,16s_H.sapiens_domain4
9934,srp,train,16s_H.volcanii_domain1
9935,srp,train,16s_H.volcanii_domain2
9936,srp,train,16s_H.volcanii_domain3
9937,srp,train,16s_H.volcanii_domain4
9938,srp,train,16s_M.polymorpha_domain2
9939,srp,train,16s_M.polymorpha_domain3
9940,srp,train,16s_M.polymorpha_domain4
9941,srp,train,16s_P.occultum_domain2
9942,srp,train,16s_P.occultum_domain3
9943,srp,train,16s_P.occultum_domain4
9944,srp,train,16s_P.staleyi_domain2
9945,srp,train,16s_P.staleyi_domain3
9946,srp,train,16s_P.staleyi_domain4
9947,srp,train,16s_S.cerevisiae_domain3
9948,srp,train,16s_S.cerevisiae_domain4
9949,srp,train,16s_T.gondii_domain3
9950,srp,train,16s_T.gondii_domain4
9951,srp,train,16s_T.maritima_domain2
9952,srp,train,16s_T.maritima_domain3
9953,srp,train,16s_T.maritima_domain4
9954,srp,train,16s_Z.mays_domain1
9955,srp,train,16s_Z.mays_domain2
9956,srp,train,16s_Z.mays_domain3
9957,srp,train,16s_Z.mays_domain4
9958,srp,train,16s_A.fulgidus_domain2
9959,srp,train,16s_A.fulgidus_domain3
9960,srp,train,16s_A.fulgidus_domain4
9961,srp,train,16s_A.pyrophilus_domain2
9962,srp,train,16s_A.pyrophilus_domain4
9963,srp,train,16s_B.burgdorferi_domain2
9964,srp,train,16s_B.burgdorferi_domain3
9965,srp,train,16s_B.burgdorferi_domain4
9966,srp,train,16s_B.subtilis_domain2
9967,srp,train,16s_B.subtilis_domain3
9968,srp,train,16s_B.subtilis_domain4
9969,srp,train,16s_C.elegans_domain1
9970,srp,train,16s_C.elegans_domain2
9971,srp,train,16s_C.elegans_domain3
9972,srp,train,16s_C.elegans_domain4
9973,srp,train,16s_C.psittaci_domain2
9974,srp,train,16s_C.psittaci_domain3
9975,srp,train,16s_C.psittaci_domain4
9976,srp,train,16s_C.reinhardtii.chloro_domain1
9977,srp,train,16s_C.reinhardtii.chloro_domain2
9978,srp,train,16s_C.reinhardtii.chloro_domain3
9979,srp,train,16s_C.reinhardtii.chloro_domain4
9980,srp,train,16s_C.reinhardtii.mito_domain1
9981,srp,train,16s_C.reinhardtii.mito_domain2
9982,srp,train,16s_C.reinhardtii.mito_domain3
9983,srp,train,16s_C.reinhardtii.mito_domain4
9984,srp,train,16s_D.melanogaster_domain4
9985,srp,train,16s_E.coli_domain2
9986,srp,train,16s_E.coli_domain3
9987,srp,train,16s_E.coli_domain4
9988,srp,train,16s_F.ananassa_domain3
9989,srp,train,16s_F.ananassa_domain4
9990,srp,train,16s_G.intestinalis_domain1
9991,srp,train,16s_G.intestinalis_domain2
9992,srp,train,16s_G.intestinalis_domain3
9993,srp,train,16s_G.intestinalis_domain4
9994,srp,train,16s_H.sapiens.mito_domain1
9995,srp,train,16s_H.sapiens.mito_domain2
9996,srp,train,16s_H.sapiens.mito_domain3
9997,srp,train,16s_H.sapiens.mito_domain4
9998,srp,train,16s_H.sapiens_domain3
9999,srp,train,16s_H.sapiens_domain4
10000,srp,train,16s_H.volcanii_domain1
10001,srp,train,16s_H.volcanii_domain2
10002,srp,train,16s_H.volcanii_domain3
10003,srp,train,16s_H.volcanii_domain4
10004,srp,train,16s_M.polymorpha_domain2
10005,srp,train,16s_M.polymorpha_domain3
10006,srp,train,16s_M.polymorpha_domain4
10007,srp,train,16s_P.occultum_domain2
10008,srp,train,16s_P.occultum_domain3
10009,srp,train,16s_P.occultum_domain4
10010,srp,train,16s_P.staleyi_domain2
10011,srp,train,16s_P.staleyi_domain3
10012,srp,train,16s_P.staleyi_domain4
10013,srp,train,16s_S.cerevisiae_domain3
10014,srp,train,16s_S.cerevisiae_domain4
10015,srp,train,16s_T.gondii_domain3
10016,srp,train,16s_T.gondii_domain4
10017,srp,train,16s_T.maritima_domain2
10018,srp,train,16s_T.maritima_domain3
10019,srp,train,16s_T.maritima_domain4
10020,srp,train,16s_Z.mays_domain1
10021,srp,train,16s_Z.mays_domain2
10022,srp,train,16s_Z.mays_domain3
10023,srp,train,16s_Z.mays_domain4
10024,srp,train,16s_A.fulgidus_domain2
10025,srp,train,16s_A.fulgidus_domain3
10026,srp,train,16s_A.fulgidus_domain4
10027,srp,train,16s_A.pyrophilus_domain2
10028,srp,train,16s_A.pyrophilus_domain4
10029,srp,train,16s_B.burgdorferi_domain2
10030,srp,train,16s_B.burgdorferi_domain3
10031,srp,train,16s_B.burgdorferi_domain4
10032,srp,train,16s_B.subtilis_domain2
10033,srp,train,16s_B.subtilis_domain3
10034,srp,train,16s_B.subtilis_domain4
10035,srp,train,16s_C.elegans_domain1
10036,srp,train,16s_C.elegans_domain2
10037,srp,train,16s_C.elegans_domain3
10038,srp,train,16s_C.elegans_domain4
10039,srp,train,16s_C.psittaci_domain2
10040,srp,train,16s_C.psittaci_domain3
10041,srp,train,16s_C.psittaci_domain4
10042,srp,train,16s_C.reinhardtii.chloro_domain1
10043,srp,train,16s_C.reinhardtii.chloro_domain2
10044,srp,train,16s_C.reinhardtii.chloro_domain3
10045,srp,train,16s_C.reinhardtii.chloro_domain4
10046,srp,train,16s_C.reinhardtii.mito_domain1
10047,srp,train,16s_C.reinhardtii.mito_domain2
10048,srp,train,16s_C.reinhardtii.mito_domain3
10049,srp,train,16s_C.reinhardtii.mito_domain4
10050,srp,train,16s_D.melanogaster_domain4
10051,srp,train,16s_E.coli_domain2
10052,srp,train,16s_E.coli_domain3
10053,srp,train,16s_E.coli_domain4
10054,srp,train,16s_F.ananassa_domain3
10055,srp,train,16s_F.ananassa_domain4
10056,srp,train,16s_G.intestinalis_domain1
10057,srp,train,16s_G.intestinalis_domain2
10058,srp,train,16s_G.intestinalis_domain3
10059,srp,train,16s_G.intestinalis_domain4
10060,srp,train,16s_H.sapiens.mito_domain1
10061,srp,train,16s_H.sapiens.mito_domain2
10062,srp,train,16s_H.sapiens.mito_domain3
10063,srp,train,16s_H.sapiens.mito_domain4
10064,srp,train,16s_H.sapiens_domain3
10065,srp,train,16s_H.sapiens_domain4
10066,srp,train,16s_H.volcanii_domain1
10067,srp,train,16s_H.volcanii_domain2
10068,srp,train,16s_H.volcanii_domain3
10069,srp,train,16s_H.volcanii_domain4
10070,srp,train,16s_M.polymorpha_domain2
10071,srp,train,16s_M.polymorpha_domain3
10072,srp,train,16s_M.polymorpha_domain4
10073,srp,train,16s_P.occultum_domain2
10074,srp,train,16s_P.occultum_domain3
10075,srp,train,16s_P.occultum_domain4
10076,srp,train,16s_P.staleyi_domain2
10077,srp,train,16s_P.staleyi_domain3
10078,srp,train,16s_P.staleyi_domain4
10079,srp,train,16s_S.cerevisiae_domain3
10080,srp,train,16s_S.cerevisiae_domain4
10081,srp,train,16s_T.gondii_domain3
10082,srp,train,16s_T.gondii_domain4
10083,srp,train,16s_T.maritima_domain2
10084,srp,train,16s_T.maritima_domain3
10085,srp,train,16s_T.maritima_domain4
10086,srp,train,16s_Z.mays_domain1
10087,srp,train,16s_Z.mays_domain2
10088,srp,train,16s_Z.mays_domain3
10089,srp,train,16s_Z.mays_domain4
10090,srp,train,16s_A.fulgidus_domain2
10091,srp,train,16s_A.fulgidus_domain3
10092,srp,train,23s_B.subtilis_domain3
10093,srp,train,23s_B.subtilis_domain4
10094,srp,train,23s_B.subtilis_domain6
10095,srp,train,23s_E.coli_domain3
10096,srp,train,23s_E.coli_domain4
10097,srp,train,23s_E.coli_domain6
10098,srp,train,23s_H.pylori_domain3
10099,srp,train,23s_H.pylori_domain4
10100,srp,train,23s_H.pylori_domain6
10101,srp,train,23s_S.aureus_domain3
10102,srp,train,23s_S.aureus_domain4
10103,srp,train,23s_S.aureus_domain6
10104,srp,train,23s_T.thermophilus_domain3
10105,srp,train,23s_T.thermophilus_domain4
10106,srp,train,23s_T.thermophilus_domain6
10107,srp,train,23s_B.subtilis_domain3
10108,srp,train,23s_B.subtilis_domain4
10109,srp,train,23s_B.subtilis_domain6
10110,srp,train,23s_E.coli_domain3
10111,srp,train,23s_E.coli_domain4
10112,srp,train,23s_E.coli_domain6
10113,srp,train,23s_H.pylori_domain3
10114,srp,train,23s_H.pylori_domain4
10115,srp,train,23s_H.pylori_domain6
10116,srp,train,23s_S.aureus_domain3
10117,srp,train,23s_S.aureus_domain4
10118,srp,train,23s_S.aureus_domain6
10119,srp,train,23s_T.thermophilus_domain3
10120,srp,train,23s_T.thermophilus_domain4
10121,srp,train,23s_T.thermophilus_domain6
10122,srp,train,23s_B.subtilis_domain3
10123,srp,train,23s_B.subtilis_domain4
10124,srp,train,23s_B.subtilis_domain6
10125,srp,train,23s_E.coli_domain3
10126,srp,train,23s_E.coli_domain4
10127,srp,train,23s_E.coli_domain6
10128,srp,train,23s_H.pylori_domain3
10129,srp,train,23s_H.pylori_domain4
10130,srp,train,23s_H.pylori_domain6
10131,srp,train,23s_S.aureus_domain3
10132,srp,train,23s_S.aureus_domain4
10133,srp,train,23s_S.aureus_domain6
10134,srp,train,23s_T.thermophilus_domain3
10135,srp,train,23s_T.thermophilus_domain4
10136,srp,train,23s_T.thermophilus_domain6
10137,srp,train,23s_B.subtilis_domain3
10138,srp,train,23s_B.subtilis_domain4
10139,srp,train,23s_B.subtilis_domain6
10140,srp,train,23s_E.coli_domain3
10141,srp,train,23s_E.coli_domain4
10142,srp,train,23s_E.coli_domain6
10143,srp,train,23s_H.pylori_domain3
10144,srp,train,23s_H.pylori_domain4
10145,srp,train,23s_H.pylori_domain6
10146,srp,train,23s_S.aureus_domain3
10147,srp,train,23s_S.aureus_domain4
10148,srp,train,23s_S.aureus_domain6
10149,srp,train,23s_T.thermophilus_domain3
10150,srp,train,23s_T.thermophilus_domain4
10151,srp,train,23s_T.thermophilus_domain6
10152,srp,train,23s_B.subtilis_domain3
10153,srp,train,23s_B.subtilis_domain4
10154,srp,train,23s_B.subtilis_domain6
10155,srp,train,23s_E.coli_domain3
10156,srp,train,23s_E.coli_domain4
10157,srp,train,23s_E.coli_domain6
10158,srp,train,23s_H.pylori_domain3
10159,srp,train,23s_H.pylori_domain4
10160,srp,train,23s_H.pylori_domain6
10161,srp,train,23s_S.aureus_domain3
10162,srp,train,23s_S.aureus_domain4
10163,srp,train,23s_S.aureus_domain6
10164,srp,train,23s_T.thermophilus_domain3
10165,srp,train,23s_T.thermophilus_domain4
10166,srp,train,23s_T.thermophilus_domain6
10167,srp,train,23s_B.subtilis_domain3
10168,srp,train,23s_B.subtilis_domain4
10169,srp,train,23s_B.subtilis_domain6
10170,srp,train,23s_E.coli_domain3
10171,srp,train,23s_E.coli_domain4
10172,srp,train,23s_E.coli_domain6
10173,srp,train,23s_H.pylori_domain3
10174,srp,train,23s_H.pylori_domain4
10175,srp,train,23s_H.pylori_domain6
10176,srp,train,23s_S.aureus_domain3
10177,srp,train,23s_S.aureus_domain4
10178,srp,train,23s_S.aureus_domain6
10179,srp,train,23s_T.thermophilus_domain3
10180,srp,train,23s_T.thermophilus_domain4
10181,srp,train,23s_T.thermophilus_domain6
10182,srp,train,23s_B.subtilis_domain3
10183,srp,train,23s_B.subtilis_domain4
10184,srp,train,23s_B.subtilis_domain6
10185,srp,train,23s_E.coli_domain3
10186,srp,train,23s_E.coli_domain4
10187,srp,train,23s_E.coli_domain6
10188,srp,train,23s_H.pylori_domain3
10189,srp,train,23s_H.pylori_domain4
10190,srp,train,23s_H.pylori_domain6
10191,srp,train,23s_S.aureus_domain3
10192,srp,train,23s_S.aureus_domain4
10193,srp,train,23s_S.aureus_domain6
10194,srp,train,23s_T.thermophilus_domain3
10195,srp,train,23s_T.thermophilus_domain4
10196,srp,train,23s_T.thermophilus_domain6
10197,srp,train,23s_B.subtilis_domain3
10198,srp,train,23s_B.subtilis_domain4
10199,srp,train,23s_B.subtilis_domain6
10200,srp,train,23s_E.coli_domain3
10201,srp,train,23s_E.coli_domain4
10202,srp,train,23s_E.coli_domain6
10203,srp,train,23s_H.pylori_domain3
10204,srp,train,23s_H.pylori_domain4
10205,srp,train,23s_H.pylori_domain6
10206,srp,train,23s_S.aureus_domain3
10207,srp,train,23s_S.aureus_domain4
10208,srp,train,23s_S.aureus_domain6
10209,srp,train,23s_T.thermophilus_domain3
10210,srp,train,23s_T.thermophilus_domain4
10211,srp,train,23s_T.thermophilus_domain6
10212,srp,train,23s_B.subtilis_domain3
10213,srp,train,23s_B.subtilis_domain4
10214,srp,train,23s_B.subtilis_domain6
10215,srp,train,23s_E.coli_domain3
10216,srp,train,23s_E.coli_domain4
10217,srp,train,23s_E.coli_domain6
10218,srp,train,23s_H.pylori_domain3
10219,srp,train,23s_H.pylori_domain4
10220,srp,train,23s_H.pylori_domain6
10221,srp,train,23s_S.aureus_domain3
10222,srp,train,23s_S.aureus_domain4
10223,srp,train,23s_S.aureus_domain6
10224,srp,train,23s_T.thermophilus_domain3
10225,srp,train,23s_T.thermophilus_domain4
10226,srp,train,23s_T.thermophilus_domain6
10227,srp,train,23s_B.subtilis_domain3
10228,srp,train,23s_B.subtilis_domain4
10229,srp,train,23s_B.subtilis_domain6
10230,srp,train,23s_E.coli_domain3
10231,srp,train,23s_E.coli_domain4
10232,srp,train,23s_E.coli_domain6
10233,srp,train,23s_H.pylori_domain3
10234,srp,train,23s_H.pylori_domain4
10235,srp,train,23s_H.pylori_domain6
10236,srp,train,23s_S.aureus_domain3
10237,srp,train,23s_S.aureus_domain4
10238,srp,train,23s_S.aureus_domain6
10239,srp,train,23s_T.thermophilus_domain3
10240,srp,train,23s_T.thermophilus_domain4
10241,srp,train,23s_T.thermophilus_domain6
10242,srp,train,23s_B.subtilis_domain3
10243,srp,train,23s_B.subtilis_domain4
10244,srp,train,23s_B.subtilis_domain6
10245,srp,train,23s_E.coli_domain3
10246,srp,train,23s_E.coli_domain4
10247,srp,train,23s_E.coli_domain6
10248,srp,train,23s_H.pylori_domain3
10249,srp,train,23s_H.pylori_domain4
10250,srp,train,23s_H.pylori_domain6
10251,srp,train,23s_S.aureus_domain3
10252,srp,train,23s_S.aureus_domain4
10253,srp,train,23s_S.aureus_domain6
10254,srp,train,23s_T.thermophilus_domain3
10255,srp,train,23s_T.thermophilus_domain4
10256,srp,train,23s_T.thermophilus_domain6
10257,srp,train,23s_B.subtilis_domain3
10258,srp,train,23s_B.subtilis_domain4
10259,srp,train,23s_B.subtilis_domain6
10260,srp,train,23s_E.coli_domain3
10261,srp,train,23s_E.coli_domain4
10262,srp,train,23s_E.coli_domain6
10263,srp,train,23s_H.pylori_domain3
10264,srp,train,23s_H.pylori_domain4
10265,srp,train,23s_H.pylori_domain6
10266,srp,train,23s_S.aureus_domain3
10267,srp,train,23s_S.aureus_domain4
10268,srp,train,23s_S.aureus_domain6
10269,srp,train,23s_T.thermophilus_domain3
10270,srp,train,23s_T.thermophilus_domain4
10271,srp,train,23s_T.thermophilus_domain6
10272,srp,train,23s_B.subtilis_domain3
10273,srp,train,23s_B.subtilis_domain4
10274,srp,train,23s_B.subtilis_domain6
10275,srp,train,23s_E.coli_domain3
10276,srp,train,23s_E.coli_domain4
10277,srp,train,23s_E.coli_domain6
10278,srp,train,23s_H.pylori_domain3
10279,srp,train,23s_H.pylori_domain4
10280,srp,train,23s_H.pylori_domain6
10281,srp,train,23s_S.aureus_domain3
10282,srp,train,23s_S.aureus_domain4
10283,srp,train,23s_S.aureus_domain6
10284,srp,train,23s_T.thermophilus_domain3
10285,srp,train,23s_T.thermophilus_domain4
10286,srp,train,23s_T.thermophilus_domain6
10287,srp,train,23s_B.subtilis_domain3
10288,srp,train,23s_B.subtilis_domain4
10289,srp,train,23s_B.subtilis_domain6
10290,srp,train,23s_E.coli_domain3
10291,srp,train,23s_E.coli_domain4
10292,srp,train,5s_Anaplasma-phagocytophilum-1
10293,srp,train,5s_Andrias-davidianus-1
10294,srp,train,5s_Andrias-japonicus-1
10295,srp,train,5s_Ascaris-suum-1
10296,srp,train,5s_Ascobolus-immersus-1
10297,srp,train,5s_Ascobolus-immersus-4
10298,srp,train,5s_Asterias-vulgaris-1
10299,srp,train,5s_Aurelia_aurita-1
10300,srp,train,5s_Azospirillum-lipoferum-1
10301,srp,train,5s_Bacillus-amyloliquefaciens-1
10302,srp,train,5s_Bacillus-subtilis-6
10303,srp,train,5s_Bacteroides-capillosus-1
10304,srp,train,5s_Bacteroides-fragilis-5
10305,srp,train,5s_Bacteroides-thetaiotaomicron-1
10306,srp,train,5s_Bacteroides-veroralis-1
10307,srp,train,5s_Borrelia-burgdorferi-1
10308,srp,train,5s_Brucella-suis-1
10309,srp,train,5s_Buchnera-aphidicola-1
10310,srp,train,5s_Buchnera-aphidicola-3
10311,srp,train,5s_Bursaphelenchus-xylophilus-1
10312,srp,train,5s_Caenorhabditis-elegans-3
10313,srp,train,5s_Candida-azyma-1
10314,srp,train,5s_Candidatus-Phytoplasma-asteris-1
10315,srp,train,5s_Candidatus-Tremblaya-princeps-5
10316,srp,train,5s_Candidatus-Tremblaya-princeps-6
10317,srp,train,5s_Caulobacter-sp.-1
10318,srp,train,5s_Caulobacter-sp.-4
10319,srp,train,5s_Caulobacter-spinosum-1
10320,srp,train,5s_Chlamydia-trachomatis-1
10321,srp,train,5s_Chlamydomonas-reinhardtii-1
10322,srp,train,5s_Chlamydomonas-reinhardtii-2
10323,srp,train,5s_Chlorella-pyrenoidosa-1
10324,srp,train,5s_Chlorobium-tepidum-1
10325,srp,train,5s_Clostridium-acetobutylicum-3
10326,srp,train,5s_Clostridium-pasteurianum-1
10327,srp,train,5s_Coleochaete-scutata-1
10328,srp,train,5s_Coxiella-burnetii-1
10329,srp,train,5s_Coxiella-burnetii-2
10330,srp,train,5s_Cryptococcus-laurentii-1
10331,srp,train,5s_Cryptomonas-paramecium-1
10332,srp,train,5s_Cyanidium-caldarium-1
10333,srp,train,5s_Dehalococcoides-ethenogenes-1
10334,srp,train,5s_Deinococcus-radiodurans-1
10335,srp,train,5s_Deinococcus-radiophilus-1
10336,srp,train,5s_Desulfurococcus-mobilis-1
10337,srp,train,5s_Diatoma-tenue-1
10338,srp,train,5s_Distigma-proteus-1
10339,srp,train,5s_Drosophila-melanogaster-2
10340,srp,train,5s_Ehrlichia-ruminantium-1
10341,srp,train,5s_Emericella-nidulans-4
10342,srp,train,5s_Emericella-nidulans-5
10343,srp,train,5s_Erythromicrobium-ezovicum-1
10344,srp,train,5s_Erythromicrobium-hydrolyticum-1
10345,srp,train,5s_Erythromicrobium-ramosum-1
10346,srp,train,5s_Euplotes-aediculatus-1
10347,srp,train,5s_Filobasidiella-depauperata-1
10348,srp,train,5s_Finegoldia-magna-2
10349,srp,train,5s_Flectobacillus-major-1
10350,srp,train,5s_Frankia-sp.-1
10351,srp,train,5s_Fusarium-culmorum-6
10352,srp,train,5s_Fusarium-lunulosporum-10
10353,srp,train,5s_Fusarium-pseudograminearum-3
10354,srp,train,5s_Fusarium-sporotrichioides-1
10355,srp,train,5s_Fusobacterium-nucleatum-5
10356,srp,train,5s_Gemm_obscuB
10357,srp,train,5s_Genistelloides-hibernus-1
10358,srp,train,5s_Geobacillus-kaustophilus-7
10359,srp,train,5s_Geobacillus-stearothermophilus-4
10360,srp,train,5s_Geodermatophilus-obscurus-1
10361,srp,train,5s_Gracilaria-compressa-2
10362,srp,train,5s_Halobacterium-sp.-2
10363,srp,train,5s_Halococcus-morrhuae-2
10364,srp,train,5s_Halorubrum-distributum-3
10365,srp,train,5s_Halorubrum-saccharovorum-1
10366,srp,train,5s_Halorubrum-terrestre-1
10367,srp,train,5s_Halorubrum-terrestre-2
10368,srp,train,5s_Hyphomicrobium-sp.-4
10369,srp,train,5s_Hyphomicrobium-vulgare-1
10370,srp,train,5s_Hyphomonas-oligotropha-1
10371,srp,train,5s_Isosphaera-pallida-1
10372,srp,train,5s_Klebsormidium-flaccidum-1
10373,srp,train,5s_Lactobacillus-delbrueckii-1
10374,srp,train,5s_Lactobacillus-johnsonii-1
10375,srp,train,5s_Lactococcus-lactis-2
10376,srp,train,5s_Lactococcus-lactis-4
10377,srp,train,5s_Limulus-polyphemus-1
10378,srp,train,5s_Loofah-witches-broom-phytoplasma-1
10379,srp,train,5s_Meloidogyne-arenaria-2
10380,srp,train,5s_Meloidogyne-artiellia-1
10381,srp,train,5s_Methanobrevibacter-ruminantium-1
10382,srp,train,5s_Methanococcus-maripaludis-1
10383,srp,train,5s_Methanopyrus-kandleri-1
10384,srp,train,5s_Methanosarcina-barkeri-1
10385,srp,train,5s_Methanosarcina-mazei-2
10386,srp,train,5s_Methanosarcina-vacuolata-1
10387,srp,train,5s_Methanospirillum-hungatei-1
10388,srp,train,5s_Methanothermobacter-thermautotrophicus-1
10389,srp,train,5s_Methanothermobacter-thermautotrophicus-5
10390,srp,train,5s_Methanothermobacter-thermautotrophicus-6
10391,srp,train,5s_Methanothermococcus-thermolithotrophicus-1
10392,srp,train,5s_Microtetraspora-glauca-1
10393,srp,train,5s_Mycoplasma-flocculare-1
10394,srp,train,5s_Mycoplasma-gallisepticum-4
10395,srp,train,5s_Mycoplasma-genitalium-1
10396,srp,train,5s_Mycoplasma-mobile-1
10397,srp,train,5s_Mycoplasma-pulmonis-1
10398,srp,train,5s_Mycoplasma-sp.-2
10399,srp,train,5s_Myxococcus-coralloides-1
10400,srp,train,5s_Nanoarchaeum-equitans-1
10401,srp,train,5s_Natrinema-sp.-1
10402,srp,train,5s_Nephila-clavipes-1
10403,srp,train,5s_Neurospora-crassa-11
10404,srp,train,5s_Neurospora-crassa-12
10405,srp,train,5s_Neurospora-intermedia-1
10406,srp,train,5s_Nitrobacter-winogradskyi-1
10407,srp,train,5s_Nocardia-farcinica-1
10408,srp,train,5s_Notophthalmus-viridescens-1
10409,srp,train,5s_Oceanobacillus-iheyensis-4
10410,srp,train,5s_Octopus-vulgaris-1
10411,srp,train,5s_Onchocerca-volvulus-1
10412,srp,train,5s_Oryza-sativa-2
10413,srp,train,5s_Paenibacillus-popilliae-1
10414,srp,train,5s_Palmaria-palmata-1
10415,srp,train,5s_Paracentrotus-lividus-2
10416,srp,train,5s_Paramecium-tetraurelia-1
10417,srp,train,5s_Pedobacter-heparinus-1
10418,srp,train,5s_Pichia-membranifaciens-1
10419,srp,train,5s_Planocera-reticulata-1
10420,srp,train,5s_Plasmodium-falciparum-1
10421,srp,train,5s_Pleurodeles-waltl-1
10422,srp,train,5s_Pneumocystis-carinii-1
10423,srp,train,5s_Porphyra-yezoensis-1
10424,srp,train,5s_Porphyromonas-gingivalis-2
10425,srp,train,5s_Proasellus-coxalis-1
10426,srp,train,5s_Pseudomonas-stutzeri-2
10427,srp,train,5s_Pyrenophora-graminea-1
10428,srp,train,5s_Pyrococcus-abyssi-1
10429,srp,train,5s_Pyrococcus-horikoshii-2
10430,srp,train,5s_Ralstonia-solanacearum-2
10431,srp,train,5s_Rana-pipiens-1
10432,srp,train,5s_Rhodobacter-capsulatus-3
10433,srp,train,5s_Rhodobacter-sphaeroides-1
10434,srp,train,5s_Rhodobacter-sphaeroides-3
10435,srp,train,5s_Rhodococcus-fascians-2
10436,srp,train,5s_Rhodopirellula-baltica-1
10437,srp,train,5s_Rickettsia-prowazekii-1
10438,srp,train,5s_Roseococcus-thiosulfatophilus-1
10439,srp,train,5s_Roseococcus-thiosulfatophilus-2
10440,srp,train,5s_Saccharomyces-cerevisiae-3
10441,srp,train,5s_Sandaracinobacter-sibiricus-1
10442,srp,train,5s_Saprospira-grandis-1
10443,srp,train,5s_Scenedesmus-obliquus-1
10444,srp,train,5s_Silicibacter-pomeroyi-1
10445,srp,train,5s_Sphingomonas-ursincola-1
10446,srp,train,5s_Spirogyra-sp.-1
10447,srp,train,5s_Spirosoma-sp.-1
10448,srp,train,5s_Sterkiella-nova-1
10449,srp,train,5s_Streptococcus-pyogenes-4
10450,srp,train,5s_Streptococcus-salivarius-1
10451,srp,train,5s_Streptomyces-coelicolor-5
10452,srp,train,5s_Streptomyces-nodosus-2
10453,srp,train,5s_Streptomyces-violaceus-1
10454,srp,train,5s_Sulfolobus-tokodaii-1
10455,srp,train,5s_Sulfurococcus-mirabilis-1
10456,srp,train,5s_Symbiobacterium-thermophilum-3
10457,srp,train,5s_Symbiobacterium-thermophilum-4
10458,srp,train,5s_T_cruziE
10459,srp,train,5s_Taxus-baccata-1
10460,srp,train,5s_Thermomicrobium-roseum-1
10461,srp,train,5s_Thermoplasma-volcanium-1
10462,srp,train,5s_Thermotoga-sp.-3
10463,srp,train,5s_Thermus-aquaticus-1
10464,srp,train,5s_Thiobacillus-thioparus-1
10465,srp,train,5s_Thraustochytrium-visurgense-2
10466,srp,train,5s_Tilletiaria-anomala-1
10467,srp,train,5s_Toxoplasma-gondii-2
10468,srp,train,5s_Tremella-mesenterica-1
10469,srp,train,5s_Tremella-mesenterica-2
10470,srp,train,5s_Tricharina-hiemalis-1
10471,srp,train,5s_Trichoplax-adhaerens-1
10472,srp,train,5s_Triticum-aestivum-1
10473,srp,train,5s_Tuberoidobacter-mutans-1
10474,srp,train,5s_Ulva-pertusa-1
10475,srp,train,5s_Ureaplasma-urealyticum-3
10476,srp,train,5s_Uthatobasidium-fusisporum-1
10477,srp,train,5s_Verrucomicrobium-spinosum-1
10478,srp,train,5s_Vibrio-nereis-1
10479,srp,train,5s_Vitreoscilla-stercoraria-1
10480,srp,train,5s_Weissella-viridescens-2
10481,srp,train,5s_Wigglesworthia-glossinidia-1
10482,srp,train,5s_Wolbachia-endosymbiont-of-D.-melanogaster-1
10483,srp,train,5s_Wolbachia-pipientis-1
10484,srp,train,5s_Wolinella-succinogenes-1
10485,srp,train,5s_Wuchereria-bancrofti-1
10486,srp,train,5s_Xenopus-borealis-3
10487,srp,train,5s_Xenopus-laevis-5
10488,srp,train,5s_Xenopus-tropicalis-2
10489,srp,train,5s_Xylella-fastidiosa-2
10490,srp,train,5s_Zymomonas-mobilis-1
10491,srp,train,5s_uncultured-euryarchaeote-37F11-1
10492,srp,train,RNaseP_A.brierleyi
10493,srp,train,RNaseP_A.erythreum
10494,srp,train,RNaseP_A.eutrophus
10495,srp,train,RNaseP_A.laidlawii
10496,srp,train,RNaseP_A.nidulans
10497,srp,train,RNaseP_A.pernix
10498,srp,train,RNaseP_A.telluris
10499,srp,train,RNaseP_Anabaena-PCC7120
10500,srp,train,RNaseP_B.anthracis
10501,srp,train,RNaseP_B.brevis
10502,srp,train,RNaseP_B.bronchiseptica
10503,srp,train,RNaseP_B.burgdorferi-g
10504,srp,train,RNaseP_B.pertussis
10505,srp,train,RNaseP_B.thetaiotaomicron
10506,srp,train,RNaseP_Buchnera-APS
10507,srp,train,RNaseP_C.acetobutylicum
10508,srp,train,RNaseP_C.crescentus
10509,srp,train,RNaseP_C.diphtheriae
10510,srp,train,RNaseP_C.innocuum
10511,srp,train,RNaseP_C.jejuni
10512,srp,train,RNaseP_C.opuntiae
10513,srp,train,RNaseP_C.paradoxa-cyanelle
10514,srp,train,RNaseP_C.pneumoniae-CWL029
10515,srp,train,RNaseP_C.psittaci-2
10516,srp,train,RNaseP_C.psittaci-R54
10517,srp,train,RNaseP_C.tepidum-g
10518,srp,train,RNaseP_C.trachomatis-D
10519,srp,train,RNaseP_CPA49
10520,srp,train,RNaseP_CPA56
10521,srp,train,RNaseP_CPA58
10522,srp,train,RNaseP_CPA59
10523,srp,train,RNaseP_CPA61
10524,srp,train,RNaseP_CPA62
10525,srp,train,RNaseP_CPB144
10526,srp,train,RNaseP_CPB149
10527,srp,train,RNaseP_CPB69
10528,srp,train,RNaseP_CPB70
10529,srp,train,RNaseP_CPB7776
10530,srp,train,RNaseP_Calothrix-PCC7601
10531,srp,train,RNaseP_D.jeanneae
10532,srp,train,RNaseP_D.radiodurans
10533,srp,train,RNaseP_D.radiodurans-g
10534,srp,train,RNaseP_Dermocarpa-PCC7437
10535,srp,train,RNaseP_E.thermomarinus
10536,srp,train,RNaseP_EM14b-11
10537,srp,train,RNaseP_EM14b-9
10538,srp,train,RNaseP_ESH183D
10539,srp,train,RNaseP_ESH212C
10540,srp,train,RNaseP_ESH26-4
10541,srp,train,RNaseP_ESH30-3
10542,srp,train,RNaseP_ESH46a-1
10543,srp,train,RNaseP_ESH7-4
10544,srp,train,RNaseP_G.sulfurreducens
10545,srp,train,RNaseP_H.aurantiacus
10546,srp,train,RNaseP_H.chlorum-partial
10547,srp,train,RNaseP_H.influenza
10548,srp,train,RNaseP_H.mobilis
10549,srp,train,RNaseP_H.morrhuae
10550,srp,train,RNaseP_H.pylori-RU1
10551,srp,train,RNaseP_H.sapiens
10552,srp,train,RNaseP_H.trapanicum
10553,srp,train,RNaseP_H.volcanii
10554,srp,train,RNaseP_Halobacterium-NRC1
10555,srp,train,RNaseP_K.polysporus
10556,srp,train,RNaseP_K.thermotolerans
10557,srp,train,RNaseP_L.acidophilus
10558,srp,train,RNaseP_L.ferrooxidans-MK
10559,srp,train,RNaseP_L.weilii
10560,srp,train,RNaseP_LGA1
10561,srp,train,RNaseP_LGA2
10562,srp,train,RNaseP_LGA6
10563,srp,train,RNaseP_LGB21
10564,srp,train,RNaseP_LGB23
10565,srp,train,RNaseP_LGB27
10566,srp,train,RNaseP_LGB5
10567,srp,train,RNaseP_LGW113
10568,srp,train,RNaseP_LGW116
10569,srp,train,RNaseP_LGW17
10570,srp,train,RNaseP_LGW46
10571,srp,train,RNaseP_M.barkeri
10572,srp,train,RNaseP_M.capricolum
10573,srp,train,RNaseP_M.fermentans
10574,srp,train,RNaseP_M.hyopneumoniae
10575,srp,train,RNaseP_M.pneumoniae
10576,srp,train,RNaseP_M.thermoautotrphicumMarb
10577,srp,train,RNaseP_M.tuberculosis-g
10578,srp,train,RNaseP_M.vannielli
10579,srp,train,RNaseP_Mxa1
10580,srp,train,RNaseP_N.europaea
10581,srp,train,RNaseP_N.gregoryi
10582,srp,train,RNaseP_N.jensenii
10583,srp,train,RNaseP_N.olivacea-chloroplast
10584,srp,train,RNaseP_N.plantarum
10585,srp,train,RNaseP_N.pyridinolyticus
10586,srp,train,RNaseP_Nocardiodes-ATCC39419
10587,srp,train,RNaseP_Nostoc-PCC7413
10588,srp,train,RNaseP_Onchorhynchus-2
10589,srp,train,RNaseP_Oscillatoria-PCC7515
10590,srp,train,RNaseP_P.acanthamoebae
10591,srp,train,RNaseP_P.canadensis
10592,srp,train,RNaseP_P.cultripes
10593,srp,train,RNaseP_P.gingivalis
10594,srp,train,RNaseP_P.guilliermondii
10595,srp,train,RNaseP_P.hollandica
10596,srp,train,RNaseP_P.innocua
10597,srp,train,RNaseP_P.marinus-2
10598,srp,train,RNaseP_P.mississippiensis
10599,srp,train,RNaseP_P.purpurea-chloroplast
10600,srp,train,RNaseP_P.staleyi
10601,srp,train,RNaseP_P.strasburgensis
10602,srp,train,RNaseP_P.troglodytes
10603,srp,train,RNaseP_PF101
10604,srp,train,RNaseP_PS2
10605,srp,train,RNaseP_PS24
10606,srp,train,RNaseP_PS26
10607,srp,train,RNaseP_PS31
10608,srp,train,RNaseP_PS6
10609,srp,train,RNaseP_PS8
10610,srp,train,RNaseP_Prochlorococcus-NATL2
10611,srp,train,RNaseP_Pseudoanabaena-PCC6903
10612,srp,train,RNaseP_R.americana-mito
10613,srp,train,RNaseP_R.capsulatus
10614,srp,train,RNaseP_R.norvegicus
10615,srp,train,RNaseP_R.palustris
10616,srp,train,RNaseP_R.prowazekii
10617,srp,train,RNaseP_R.rubrum
10618,srp,train,RNaseP_Rr327
10619,srp,train,RNaseP_Rr368
10620,srp,train,RNaseP_S.acidocaldarius
10621,srp,train,RNaseP_S.aureus
10622,srp,train,RNaseP_S.castellii
10623,srp,train,RNaseP_S.dairensis
10624,srp,train,RNaseP_S.epidermidis
10625,srp,train,RNaseP_S.faciem
10626,srp,train,RNaseP_S.fibuligera
10627,srp,train,RNaseP_S.globosus
10628,srp,train,RNaseP_S.kluyveri
10629,srp,train,RNaseP_S.lividans
10630,srp,train,RNaseP_S.negevensis
10631,srp,train,RNaseP_S.pastorianus
10632,srp,train,RNaseP_S.polymorpha
10633,srp,train,RNaseP_S.pombe
10634,srp,train,RNaseP_S.pyogenes
10635,srp,train,RNaseP_S.servazzii
10636,srp,train,RNaseP_S.solfataricus
10637,srp,train,RNaseP_S.solfataricus-P2
10638,srp,train,RNaseP_S.unisporus
10639,srp,train,RNaseP_S.uvarum
10640,srp,train,RNaseP_S.versatilis
10641,srp,train,RNaseP_SL1-1
10642,srp,train,RNaseP_SL2D
10643,srp,train,RNaseP_SLC
10644,srp,train,RNaseP_SM-A01
10645,srp,train,RNaseP_SM-A06
10646,srp,train,RNaseP_SM-A1315
10647,srp,train,RNaseP_SM-A1621
10648,srp,train,RNaseP_SM-A2135
10649,srp,train,RNaseP_SM-A2539
10650,srp,train,RNaseP_SM-A3048
10651,srp,train,RNaseP_SM-A3254
10652,srp,train,RNaseP_SM-A5584
10653,srp,train,RNaseP_SM-A5888
10654,srp,train,RNaseP_SM-A6296
10655,srp,train,RNaseP_SMB-A3
10656,srp,train,RNaseP_SMB-A5
10657,srp,train,RNaseP_SMB-B1
10658,srp,train,RNaseP_SMB-B2
10659,srp,train,RNaseP_SMB-B3
10660,srp,train,RNaseP_SMB-B4
10661,srp,train,RNaseP_Saccharomonospora-K180
10662,srp,train,RNaseP_Synechococcus-PCC6717
10663,srp,train,RNaseP_Synechococcus-PCC7003
10664,srp,train,RNaseP_Synechococcus-PCC7942
10665,srp,train,RNaseP_Synechocystis-PCC6308
10666,srp,train,RNaseP_Synechocystis-PCC6803
10667,srp,train,RNaseP_T.album
10668,srp,train,RNaseP_T.celerAL1
10669,srp,train,RNaseP_T.commune
10670,srp,train,RNaseP_T.delbrueckii
10671,srp,train,RNaseP_T.littoralis
10672,srp,train,RNaseP_T.pallidum
10673,srp,train,RNaseP_T.roseum
10674,srp,train,RNaseP_T.syrichta
10675,srp,train,RNaseP_T.thermophilus
10676,srp,train,RNaseP_T.thioparus
10677,srp,train,RNaseP_T.tumescens
10678,srp,train,RNaseP_T.volcanum
10679,srp,train,RNaseP_U.stansburiana
10680,srp,train,RNaseP_U.urealyticum
10681,srp,train,RNaseP_V.cholera
10682,srp,train,RNaseP_V.spinosum
10683,srp,train,RNaseP_W.fluorescens
10684,srp,train,RNaseP_Wolbachia-sp
10685,srp,train,RNaseP_X.fastidiosa
10686,srp,train,RNaseP_Y.pestis
10687,srp,train,RNaseP_Z.bailii
10688,srp,train,RNaseP_Z.florentinus
10689,srp,train,RNaseP_Z.rouxii
10690,srp,train,RNaseP_vHge2
10691,srp,train,RNaseP_vHge3-5
10692,srp,train,grp1_a.I1.b.Dermocarpa.sp.ATCC29371.C3.tMET
10693,srp,train,grp1_a.I1.b.Phormidium.sp.N182.C3.tLEU
10694,srp,train,grp1_a.I1.b.S.hofmanii.C3.tMET
10695,srp,train,grp1_a.I1.b.Synechococcus.sp2.C3.tLEU
10696,srp,train,grp1_a.I1.c.A.cherimola.C3.tLEU
10697,srp,train,grp1_a.I1.c.G.prostrata.C3.tLEU
10698,srp,train,grp1_a.I1.c.S.bicolor.C3.tLEU
10699,srp,train,grp1_a.I1.e.A.adeninivorans.C1.LSU.2449
10700,srp,train,grp1_a.I1.e.A.capsulatus.CBS213.53.C1.SSU.943
10701,srp,train,grp1_a.I1.e.A.capsulatus.FLs1.C1.SSU
10702,srp,train,grp1_a.I1.e.A.capsulatus.G184B.C1.SSU
10703,srp,train,grp1_a.I1.e.A.capsulatus.G186B.C1.SSU
10704,srp,train,grp1_a.I1.e.A.stipitatus.C1.SSU.1046
10705,srp,train,grp1_a.I1.e.B.ciliata.JCM6865.C1.SSU.1506
10706,srp,train,grp1_a.I1.e.B.ciliata.JCM6865.C1.SSU.943
10707,srp,train,grp1_a.I1.e.B.yamatoana.JCM2896.C1.SSU.1506
10708,srp,train,grp1_a.I1.e.B.yamatoana.JCM2896.C1.SSU.943
10709,srp,train,grp1_a.I1.e.C.ellipsoidea.211-1a.C1.SSU.1506
10710,srp,train,grp1_a.I1.e.C.ellipsoidea.IAMC-87.C1.SSU.1506
10711,srp,train,grp1_a.I1.e.C.grayi.UNK.SSU.1046
10712,srp,train,grp1_a.I1.e.C.grayi.UNK.SSU.1516
10713,srp,train,grp1_a.I1.e.C.merochlorophea.UNK.SSU.1046
10714,srp,train,grp1_a.I1.e.C.merochlorophea.UNK.SSU.1210
10715,srp,train,grp1_a.I1.e.C.merochlorophea.UNK.SSU.1389
10716,srp,train,grp1_a.I1.e.C.merochlorophea.UNK.SSU.1516
10717,srp,train,grp1_a.I1.e.C.saccatum.C1.SSU.1512
10718,srp,train,grp1_a.I1.e.C.saxonicum.C1.SSU.1506
10719,srp,train,grp1_a.I1.e.D.parva.C1.SSU.1512
10720,srp,train,grp1_a.I1.e.D.parva.C1.SSU.943
10721,srp,train,grp1_a.I1.e.D.salina.C1.SSU.943
10722,srp,train,grp1_a.I1.e.E.dermatitidis.C1.SSU.943
10723,srp,train,grp1_a.I1.e.G.planctonica.C1.SSU.943
10724,srp,train,grp1_a.I1.e.G.spirotaenia.C1.SSU.1506
10725,srp,train,grp1_a.I1.e.L.dispersa.UNK.SSU.1046
10726,srp,train,grp1_a.I1.e.L.dispersa.UNK.SSU.114
10727,srp,train,grp1_a.I1.e.L.dispersa.UNK.SSU.1210
10728,srp,train,grp1_a.I1.e.L.dispersa.UNK.SSU.1516
10729,srp,train,grp1_a.I1.e.L.dispersa.UNK.SSU.287
10730,srp,train,grp1_a.I1.e.L.dispersa.UNK.SSU.516
10731,srp,train,grp1_a.I1.e.L.dispersa.UNK.SSU.789
10732,srp,train,grp1_a.I1.e.M.caldariorum.C1.SSU.1506
10733,srp,train,grp1_a.I1.e.P.carinii.C1.SSU.1506
10734,srp,train,grp1_a.I1.e.P.carinii.Pc1.C1.LSU.1921
10735,srp,train,grp1_a.I1.e.P.carinii.Pc2.C1.LSU.1921
10736,srp,train,grp1_a.I1.e.P.carinii.Pc3.C1.LSU.1921
10737,srp,train,grp1_a.I1.e.P.clavariiformis.C1.SSU.943
10738,srp,train,grp1_a.I1.e.P.inouyei.C1.SSU.1506
10739,srp,train,grp1_a.I1.e.P.inouyei.C1.SSU.943
10740,srp,train,grp1_a.I1.e.P.macrosporus.C1.SSU.1506
10741,srp,train,grp1_a.I1.e.P.macrosporus.C1.SSU.943
10742,srp,train,grp1_a.I1.e.P.pachydermus.C1.SSU.943
10743,srp,train,grp1_a.I1.e.P.sarcinoidea.C1.SSU.943
10744,srp,train,grp1_a.I1.e.S.granulatum.C1.SSU.1506
10745,srp,train,grp1_a.I1.e.S.paniceum.UNK.SSU.1052
10746,srp,train,grp1_a.I1.e.S.paniceum.UNK.SSU.114
10747,srp,train,grp1_a.I1.e.S.paniceum.UNK.SSU.1210
10748,srp,train,grp1_a.I1.e.S.paniceum.UNK.SSU.1506
10749,srp,train,grp1_a.I1.e.S.paniceum.UNK.SSU.287
10750,srp,train,grp1_a.I1.e.S.sclerotiorum_1837.C1.LSU.798
10751,srp,train,grp1_a.I1.e.Staurastrum.sp.M752.C1.SSU.1506
10752,srp,train,grp1_a.I1.e.Staurastrum.sp.M753.C1.SSU.1506
10753,srp,train,grp1_a.I1.e.T.cosmopolitanis.C1.LSU.1925
10754,srp,train,grp1_a.I1.e.T.hyperangularis.C1.LSU.1925
10755,srp,train,grp1_a.I1.e.T.malaccensis.C1.LSU.1925
10756,srp,train,grp1_a.I1.e.T.pigmentosa.C1.LSU.1925
10757,srp,train,grp1_a.I1.e.U.maydis.C1.SSU.943
10758,srp,train,grp1_a.I1.m.M.grisea.B2.ND1
10759,srp,train,grp1_a.I1.m.S.luteus.A1.LSU.2504
10760,srp,train,grp1_a.I1.m.S.pombe.B1.OX1
10761,srp,train,grp1_b.I1.e.C.saccharophila.C1.SSU.156
10762,srp,train,grp1_b.I1.e.M.anisopliae.2.C1.LSU.1921
10763,srp,train,grp1_b.I1.e.M.anisopliae.3.C1.LSU.1921
10764,srp,train,grp1_b.I1.e.T.thermophila.C1.LSU.1925
10765,srp,train,grp1_s.I1.e.T.thermophila.C1.LSU.1925.schem
10766,srp,train,grp1_a.I1.b.Dermocarpa.sp.ATCC29371.C3.tMET
10767,srp,train,grp1_a.I1.b.Phormidium.sp.N182.C3.tLEU
10768,srp,train,grp1_a.I1.b.S.hofmanii.C3.tMET
10769,srp,train,grp1_a.I1.b.Synechococcus.sp2.C3.tLEU
10770,srp,train,grp1_a.I1.c.A.cherimola.C3.tLEU
10771,srp,train,grp1_a.I1.c.G.prostrata.C3.tLEU
10772,srp,train,grp1_a.I1.c.S.bicolor.C3.tLEU
10773,srp,train,grp1_a.I1.e.A.adeninivorans.C1.LSU.2449
10774,srp,train,grp1_a.I1.e.A.capsulatus.CBS213.53.C1.SSU.943
10775,srp,train,grp1_a.I1.e.A.capsulatus.FLs1.C1.SSU
10776,srp,train,grp1_a.I1.e.A.capsulatus.G184B.C1.SSU
10777,srp,train,grp1_a.I1.e.A.capsulatus.G186B.C1.SSU
10778,srp,train,grp1_a.I1.e.A.stipitatus.C1.SSU.1046
10779,srp,train,grp1_a.I1.e.B.ciliata.JCM6865.C1.SSU.1506
10780,srp,train,grp1_a.I1.e.B.ciliata.JCM6865.C1.SSU.943
10781,srp,train,grp1_a.I1.e.B.yamatoana.JCM2896.C1.SSU.1506
10782,srp,train,grp1_a.I1.e.B.yamatoana.JCM2896.C1.SSU.943
10783,srp,train,grp1_a.I1.e.C.ellipsoidea.211-1a.C1.SSU.1506
10784,srp,train,grp1_a.I1.e.C.ellipsoidea.IAMC-87.C1.SSU.1506
10785,srp,train,grp1_a.I1.e.C.grayi.UNK.SSU.1046
10786,srp,train,grp1_a.I1.e.C.grayi.UNK.SSU.1516
10787,srp,train,grp1_a.I1.e.C.merochlorophea.UNK.SSU.1046
10788,srp,train,grp1_a.I1.e.C.merochlorophea.UNK.SSU.1210
10789,srp,train,grp1_a.I1.e.C.merochlorophea.UNK.SSU.1389
10790,srp,train,grp1_a.I1.e.C.merochlorophea.UNK.SSU.1516
10791,srp,train,grp1_a.I1.e.C.saccatum.C1.SSU.1512
10792,srp,train,grp1_a.I1.e.C.saxonicum.C1.SSU.1506
10793,srp,train,grp1_a.I1.e.D.parva.C1.SSU.1512
10794,srp,train,grp1_a.I1.e.D.parva.C1.SSU.943
10795,srp,train,grp1_a.I1.e.D.salina.C1.SSU.943
10796,srp,train,grp1_a.I1.e.E.dermatitidis.C1.SSU.943
10797,srp,train,grp1_a.I1.e.G.planctonica.C1.SSU.943
10798,srp,train,grp1_a.I1.e.G.spirotaenia.C1.SSU.1506
10799,srp,train,grp1_a.I1.e.L.dispersa.UNK.SSU.1046
10800,srp,train,grp1_a.I1.e.L.dispersa.UNK.SSU.114
10801,srp,train,grp1_a.I1.e.L.dispersa.UNK.SSU.1210
10802,srp,train,grp1_a.I1.e.L.dispersa.UNK.SSU.1516
10803,srp,train,grp1_a.I1.e.L.dispersa.UNK.SSU.287
10804,srp,train,grp1_a.I1.e.L.dispersa.UNK.SSU.516
10805,srp,train,grp1_a.I1.e.L.dispersa.UNK.SSU.789
10806,srp,train,grp1_a.I1.e.M.caldariorum.C1.SSU.1506
10807,srp,train,grp1_a.I1.e.P.carinii.C1.SSU.1506
10808,srp,train,grp1_a.I1.e.P.carinii.Pc1.C1.LSU.1921
10809,srp,train,grp1_a.I1.e.P.carinii.Pc2.C1.LSU.1921
10810,srp,train,grp1_a.I1.e.P.carinii.Pc3.C1.LSU.1921
10811,srp,train,grp1_a.I1.e.P.clavariiformis.C1.SSU.943
10812,srp,train,grp1_a.I1.e.P.inouyei.C1.SSU.1506
10813,srp,train,grp1_a.I1.e.P.inouyei.C1.SSU.943
10814,srp,train,grp1_a.I1.e.P.macrosporus.C1.SSU.1506
10815,srp,train,grp1_a.I1.e.P.macrosporus.C1.SSU.943
10816,srp,train,grp1_a.I1.e.P.pachydermus.C1.SSU.943
10817,srp,train,grp1_a.I1.e.P.sarcinoidea.C1.SSU.943
10818,srp,train,grp1_a.I1.e.S.granulatum.C1.SSU.1506
10819,srp,train,grp1_a.I1.e.S.paniceum.UNK.SSU.1052
10820,srp,train,grp1_a.I1.e.S.paniceum.UNK.SSU.114
10821,srp,train,grp1_a.I1.e.S.paniceum.UNK.SSU.1210
10822,srp,train,grp1_a.I1.e.S.paniceum.UNK.SSU.1506
10823,srp,train,grp1_a.I1.e.S.paniceum.UNK.SSU.287
10824,srp,train,grp1_a.I1.e.S.sclerotiorum_1837.C1.LSU.798
10825,srp,train,grp1_a.I1.e.Staurastrum.sp.M752.C1.SSU.1506
10826,srp,train,grp1_a.I1.e.Staurastrum.sp.M753.C1.SSU.1506
10827,srp,train,grp1_a.I1.e.T.cosmopolitanis.C1.LSU.1925
10828,srp,train,grp1_a.I1.e.T.hyperangularis.C1.LSU.1925
10829,srp,train,grp1_a.I1.e.T.malaccensis.C1.LSU.1925
10830,srp,train,grp1_a.I1.e.T.pigmentosa.C1.LSU.1925
10831,srp,train,grp1_a.I1.e.U.maydis.C1.SSU.943
10832,srp,train,grp1_a.I1.m.M.grisea.B2.ND1
10833,srp,train,grp1_a.I1.m.S.luteus.A1.LSU.2504
10834,srp,train,grp1_a.I1.m.S.pombe.B1.OX1
10835,srp,train,grp1_b.I1.e.C.saccharophila.C1.SSU.156
10836,srp,train,grp1_b.I1.e.M.anisopliae.2.C1.LSU.1921
10837,srp,train,grp1_b.I1.e.M.anisopliae.3.C1.LSU.1921
10838,srp,train,grp1_b.I1.e.T.thermophila.C1.LSU.1925
10839,srp,train,grp1_s.I1.e.T.thermophila.C1.LSU.1925.schem
10840,srp,train,grp1_a.I1.b.Dermocarpa.sp.ATCC29371.C3.tMET
10841,srp,train,grp1_a.I1.b.Phormidium.sp.N182.C3.tLEU
10842,srp,train,grp1_a.I1.b.S.hofmanii.C3.tMET
10843,srp,train,grp1_a.I1.b.Synechococcus.sp2.C3.tLEU
10844,srp,train,grp1_a.I1.c.A.cherimola.C3.tLEU
10845,srp,train,grp1_a.I1.c.G.prostrata.C3.tLEU
10846,srp,train,grp1_a.I1.c.S.bicolor.C3.tLEU
10847,srp,train,grp1_a.I1.e.A.adeninivorans.C1.LSU.2449
10848,srp,train,grp1_a.I1.e.A.capsulatus.CBS213.53.C1.SSU.943
10849,srp,train,grp1_a.I1.e.A.capsulatus.FLs1.C1.SSU
10850,srp,train,grp1_a.I1.e.A.capsulatus.G184B.C1.SSU
10851,srp,train,grp1_a.I1.e.A.capsulatus.G186B.C1.SSU
10852,srp,train,grp1_a.I1.e.A.stipitatus.C1.SSU.1046
10853,srp,train,grp1_a.I1.e.B.ciliata.JCM6865.C1.SSU.1506
10854,srp,train,grp1_a.I1.e.B.ciliata.JCM6865.C1.SSU.943
10855,srp,train,grp1_a.I1.e.B.yamatoana.JCM2896.C1.SSU.1506
10856,srp,train,grp1_a.I1.e.B.yamatoana.JCM2896.C1.SSU.943
10857,srp,train,grp1_a.I1.e.C.ellipsoidea.211-1a.C1.SSU.1506
10858,srp,train,grp1_a.I1.e.C.ellipsoidea.IAMC-87.C1.SSU.1506
10859,srp,train,grp1_a.I1.e.C.grayi.UNK.SSU.1046
10860,srp,train,grp1_a.I1.e.C.grayi.UNK.SSU.1516
10861,srp,train,grp1_a.I1.e.C.merochlorophea.UNK.SSU.1046
10862,srp,train,grp1_a.I1.e.C.merochlorophea.UNK.SSU.1210
10863,srp,train,grp1_a.I1.e.C.merochlorophea.UNK.SSU.1389
10864,srp,train,grp1_a.I1.e.C.merochlorophea.UNK.SSU.1516
10865,srp,train,grp1_a.I1.e.C.saccatum.C1.SSU.1512
10866,srp,train,grp1_a.I1.e.C.saxonicum.C1.SSU.1506
10867,srp,train,grp1_a.I1.e.D.parva.C1.SSU.1512
10868,srp,train,grp1_a.I1.e.D.parva.C1.SSU.943
10869,srp,train,grp1_a.I1.e.D.salina.C1.SSU.943
10870,srp,train,grp1_a.I1.e.E.dermatitidis.C1.SSU.943
10871,srp,train,grp1_a.I1.e.G.planctonica.C1.SSU.943
10872,srp,train,grp1_a.I1.e.G.spirotaenia.C1.SSU.1506
10873,srp,train,grp1_a.I1.e.L.dispersa.UNK.SSU.1046
10874,srp,train,grp1_a.I1.e.L.dispersa.UNK.SSU.114
10875,srp,train,grp1_a.I1.e.L.dispersa.UNK.SSU.1210
10876,srp,train,grp1_a.I1.e.L.dispersa.UNK.SSU.1516
10877,srp,train,grp1_a.I1.e.L.dispersa.UNK.SSU.287
10878,srp,train,grp1_a.I1.e.L.dispersa.UNK.SSU.516
10879,srp,train,grp1_a.I1.e.L.dispersa.UNK.SSU.789
10880,srp,train,grp1_a.I1.e.M.caldariorum.C1.SSU.1506
10881,srp,train,grp1_a.I1.e.P.carinii.C1.SSU.1506
10882,srp,train,grp1_a.I1.e.P.carinii.Pc1.C1.LSU.1921
10883,srp,train,grp1_a.I1.e.P.carinii.Pc2.C1.LSU.1921
10884,srp,train,grp1_a.I1.e.P.carinii.Pc3.C1.LSU.1921
10885,srp,train,grp1_a.I1.e.P.clavariiformis.C1.SSU.943
10886,srp,train,grp1_a.I1.e.P.inouyei.C1.SSU.1506
10887,srp,train,grp1_a.I1.e.P.inouyei.C1.SSU.943
10888,srp,train,grp1_a.I1.e.P.macrosporus.C1.SSU.1506
10889,srp,train,grp1_a.I1.e.P.macrosporus.C1.SSU.943
10890,srp,train,grp1_a.I1.e.P.pachydermus.C1.SSU.943
10891,srp,train,grp1_a.I1.e.P.sarcinoidea.C1.SSU.943
10892,srp,test,srp_Acin.baum._CP000521
10893,srp,test,srp_Acin.spec._CR543861
10894,srp,test,srp_Acti.succ._CP000746
10895,srp,test,srp_Aede.aegy._DW714804
10896,srp,test,srp_Aede.aegy._DW714815
10897,srp,test,srp_Aede.aegy._GSP-7159
10898,srp,test,srp_Aero.pern._BA000002
10899,srp,test,srp_Agro.tume._AE007869
10900,srp,test,srp_Agro.tume._AE007951
10901,srp,test,srp_Agro.tume._AE008984
10902,srp,test,srp_Ajel.caps._CV620298
10903,srp,test,srp_Alca.bork._AM286690
10904,srp,test,srp_Alka.meta._CP000724
10905,srp,test,srp_Anab.vari._CP000117
10906,srp,test,srp_Anae.sp.._CP000769
10907,srp,test,srp_Anap.marg._CP000030
10908,srp,test,srp_Anop.gamb._CD747410
10909,srp,test,srp_Anop.gamb._SDB-377271
10910,srp,test,srp_Anto.locu._GSP-278021
10911,srp,test,srp_Aply.cali._GSP-6500
10912,srp,test,srp_Aqui.aeol._AE000657
10913,srp,test,srp_Aqui.aeol._AE000759
10914,srp,test,srp_Arab.tha._X55111
10915,srp,test,srp_Arab.thal._AC005275
10916,srp,test,srp_Arab.thal._AC005311
10917,srp,test,srp_Arab.thal._AC005662
10918,srp,test,srp_Arab.thal._AF069442
10919,srp,test,srp_Arab.thal._AL161495
10920,srp,test,srp_Arab.thal._AL161496
10921,srp,test,srp_Arab.thal._X69901
10922,srp,test,srp_Arab.thal._X72228
10923,srp,test,srp_Arab.thal._X72229
10924,srp,test,srp_Arch.fulg._AE000782
10925,srp,test,srp_Arch.fulg._X17237
10926,srp,test,srp_Arth.aure._CP000474
10927,srp,test,srp_Arth.sp.._CP000454
10928,srp,test,srp_Asco.apis._GSP-392613
10929,srp,test,srp_Ashb.goss._AE016819
10930,srp,test,srp_Aspe.clav._GSP-344612
10931,srp,test,srp_Aspe.flav._GSP-332952
10932,srp,test,srp_Aspe.fumi._GSP-41122
10933,srp,test,srp_Aspe.nidu._GSP-227321
10934,srp,test,srp_Aspe.oryz._AP007169
10935,srp,test,srp_Aspe.terr._GSP-341663
10936,srp,test,srp_Azoa.spec._AM406670
10937,srp,test,srp_Azoa.spec._CR555306
10938,srp,test,srp_Babe.bige._GSP-5866
10939,srp,test,srp_Baci.alca._D11422
10940,srp,test,srp_Baci.amyl._CP000560
10941,srp,test,srp_Baci.amyl._D11416
10942,srp,test,srp_Baci.amyl._D13041
10943,srp,test,srp_Baci.anth._AE016879
10944,srp,test,srp_Baci.anth._AE017024
10945,srp,test,srp_Baci.anth._AE017225
10946,srp,test,srp_Baci.anth._AE017334
10947,srp,test,srp_Baci.brev._D14472
10948,srp,test,srp_Baci.cere._AE016877
10949,srp,test,srp_Baci.cere._AE016998
10950,srp,test,srp_Baci.cere._AE017194
10951,srp,test,srp_Baci.cere._AE017264
10952,srp,test,srp_Baci.cere._CP000001
10953,srp,test,srp_Baci.cere._CP000764
10954,srp,test,srp_Baci.cere._D11413
10955,srp,test,srp_Baci.circ._D11419
10956,srp,test,srp_Baci.clau._AP006627
10957,srp,test,srp_Baci.halo._BA000004
10958,srp,test,srp_Baci.lich._AE017333
10959,srp,test,srp_Baci.lich._CP000002
10960,srp,test,srp_Baci.mace._D11420
10961,srp,test,srp_Baci.mega._D11414
10962,srp,test,srp_Baci.poly._D11421
10963,srp,test,srp_Baci.pumi._D11415
10964,srp,test,srp_Baci.spha._D11418
10965,srp,test,srp_Baci.subt._D11417
10966,srp,test,srp_Baci.subt._D26185
10967,srp,test,srp_Baci.subt._X06802
10968,srp,test,srp_Baci.subt._X06803
10969,srp,test,srp_Baci.subt._X12642
10970,srp,test,srp_Baci.subt._X14796
10971,srp,test,srp_Baci.subt._Z99104
10972,srp,test,srp_Baci.thur._AE017355
10973,srp,test,srp_Baci.thur._CP000485
10974,srp,test,srp_Baci.thur._D11412
10975,srp,test,srp_Bart.hens._BX897699
10976,srp,test,srp_Bart.quin._BX897700
10977,srp,test,srp_Batr.dend._GSP-403673
10978,srp,test,srp_Bdel.bact._BX842656
10979,srp,test,srp_Bifi.adol._AP009256
10980,srp,test,srp_Bifi.long._AE014295
10981,srp,test,srp_Bifi.long._AX492782
10982,srp,test,srp_Bloc.flor._BX248583
10983,srp,test,srp_Bloc.flor._BX248585
10984,srp,test,srp_Bord.aviu._AM167904
10985,srp,test,srp_Bord.para._BX640426
10986,srp,test,srp_Bord.pert._BX640415
10987,srp,test,srp_Borr.afze._CP000395
10988,srp,test,srp_Borr.burg._AE000783
10989,srp,test,srp_Borr.burg._AE001151
10990,srp,test,srp_Borr.gari._CP000013
10991,srp,test,srp_Bos.taur._GSP-6282
10992,srp,test,srp_Brad.japo._BA000040
10993,srp,test,srp_Brad.spec._CP000494
10994,srp,test,srp_Brad.spec._CU234118
10995,srp,test,srp_Bran.flor._GSP-7739
10996,srp,test,srp_Bras.napu._EE400505
10997,srp,test,srp_Bras.napu._EE409827
10998,srp,test,srp_Bras.napu._EE410150
10999,srp,test,srp_Bras.napu._EE411027
11000,srp,test,srp_Bras.napu._EE411352
11001,srp,test,srp_Bras.napu._EE411418
11002,srp,test,srp_Bras.napu._EE412262
11003,srp,test,srp_Bras.napu._EE416381
11004,srp,test,srp_Bras.napu._EE416873
11005,srp,test,srp_Bras.napu._EE537348
11006,srp,test,srp_Bras.oler._GSP-109376
11007,srp,test,srp_Brev.brev._D12926
11008,srp,test,srp_Bruc.abor._AE017223
11009,srp,test,srp_Bruc.meli._AE009624
11010,srp,test,srp_Bruc.meli._AM040264
11011,srp,test,srp_Bruc.ovis._CP000708
11012,srp,test,srp_Bruc.suis._AE014291
11013,srp,test,srp_Brug.mala._GSP-6279
11014,srp,test,srp_Buch.aphi._AE013218
11015,srp,test,srp_Buch.aphi._AE014017
11016,srp,test,srp_Buch.aphi._AE014122
11017,srp,test,srp_Buch.aphi._AE016826
11018,srp,test,srp_Buch.aphi._BA000003
11019,srp,test,srp_Burk.ceno._CP000380
11020,srp,test,srp_Burk.ceno._CP000458
11021,srp,test,srp_Burk.cepa._CP000440
11022,srp,test,srp_Burk.mall._CP000010
11023,srp,test,srp_Burk.mall._CP000526
11024,srp,test,srp_Burk.mall._CP000546
11025,srp,test,srp_Burk.mall._CP000548
11026,srp,test,srp_Burk.pseu._CP000124
11027,srp,test,srp_Burk.pseu._CP000570
11028,srp,test,srp_Burk.pseu._CP000572
11029,srp,test,srp_Burk.spec._CP000151
11030,srp,test,srp_Caen.brig._AC084446
11031,srp,test,srp_Caen.eleg._AY948606
11032,srp,test,srp_Caen.eleg._AY948607
11033,srp,test,srp_Caen.eleg._AY948608
11034,srp,test,srp_Caen.eleg._U41993
11035,srp,test,srp_Caen.eleg._Z30973
11036,srp,test,srp_Caen.eleg._Z34533
11037,srp,test,srp_Caen.rema._GSP-31234
11038,srp,test,srp_Call.jacc._GSP-9483
11039,srp,test,srp_Camp.curv._CP000767
11040,srp,test,srp_Camp.jeju._AL111168
11041,srp,test,srp_Camp.jeju._AL139074
11042,srp,test,srp_Camp.jeju._CP000025
11043,srp,test,srp_Camp.jeju._CP000538
11044,srp,test,srp_Camp.jeju._CP000768
11045,srp,test,srp_Cand.Bloc._CP000016
11046,srp,test,srp_Cand.albi._GSP-237561
11047,srp,test,srp_Cand.dubl._GSP-42374
11048,srp,test,srp_Cand.glab._CR380957
11049,srp,test,srp_Cand.trop._GSP-294747
11050,srp,test,srp_Cani.spec._SDB-9616
11051,srp,test,srp_Carb.hydr._CP000141
11052,srp,test,srp_Caul.cres._AE005673
11053,srp,test,srp_Caul.cres._AE005700
11054,srp,test,srp_Caul.cres._U22036
11055,srp,test,srp_Caul.cres._U49738
11056,srp,test,srp_Chae.glob._GSP-306901
11057,srp,test,srp_Chla.abor._CR848038
11058,srp,test,srp_Chla.cavi._AE015925
11059,srp,test,srp_Chla.cavi._AE016995
11060,srp,test,srp_Chla.muri._AE002160
11061,srp,test,srp_Chla.muri._AE002321
11062,srp,test,srp_Chla.pneu._AE001363
11063,srp,test,srp_Chla.pneu._AE001624
11064,srp,test,srp_Chla.pneu._AE002161
11065,srp,test,srp_Chla.pneu._AE002198
11066,srp,test,srp_Chla.pneu._BA000008
11067,srp,test,srp_Chla.rein._SDB-3055
11068,srp,test,srp_Chla.rein._X71484
11069,srp,test,srp_Chla.trac._AE001298
11070,srp,test,srp_Chla.trac._CP000051
11071,srp,test,srp_Chlo.tepi._AE006470
11072,srp,test,srp_Chlo.vulg._AB001684
11073,srp,test,srp_Chro.sale._CP000285
11074,srp,test,srp_Chro.viol._AE016825
11075,srp,test,srp_Chro.viol._AE016918
11076,srp,test,srp_Cion.inte._BW088710
11077,srp,test,srp_Cion.inte._BW223536
11078,srp,test,srp_Cion.inte._BW230361
11079,srp,test,srp_Cion.inte._GSP-7719
11080,srp,test,srp_Cion.savi._BW520975
11081,srp,test,srp_Cion.savi._BW551179
11082,srp,test,srp_Citr.sine._CN181543
11083,srp,test,srp_Citr.sine._CN181544
11084,srp,test,srp_Clav.lusi._GSP-306902
11085,srp,test,srp_Clos.acet._AE001437
11086,srp,test,srp_Clos.acet._AE007525
11087,srp,test,srp_Clos.beij._CP000721
11088,srp,test,srp_Clos.botu._AM412317
11089,srp,test,srp_Clos.botu._CP000726
11090,srp,test,srp_Clos.botu._CP000727
11091,srp,test,srp_Clos.botu._CP000728
11092,srp,test,srp_Clos.diff._AM180355
11093,srp,test,srp_Clos.kluy._CP000673
11094,srp,test,srp_Clos.novy._CP000382
11095,srp,test,srp_Clos.perf._BA000016
11096,srp,test,srp_Clos.perf._CP000246
11097,srp,test,srp_Clos.perf._CP000312
11098,srp,test,srp_Clos.perf._D49784
11099,srp,test,srp_Clos.teta._AE015927
11100,srp,test,srp_Clos.teta._AE015936
11101,srp,test,srp_Clos.ther._CP000568
11102,srp,test,srp_Cocc.immi._GSP-396776
11103,srp,test,srp_Cocc.posa._GSP-222929
11104,srp,test,srp_Colw.psyc._CP000083
11105,srp,test,srp_Cory.diph._BX248354
11106,srp,test,srp_Cory.effi._BA000035
11107,srp,test,srp_Cory.glut._AP009044
11108,srp,test,srp_Cory.glut._BA000036
11109,srp,test,srp_Cory.glut._BX927148
11110,srp,test,srp_Cory.jeik._CR931997
11111,srp,test,srp_Coxi.burn._AE016828
11112,srp,test,srp_Coxi.burn._CP000733
11113,srp,test,srp_Crit.fasc._AY781797
11114,srp,test,srp_Crit.luci._AY781798
11115,srp,test,srp_Cryp.homi._GSP-353151
11116,srp,test,srp_Cryp.parv._AA532232
11117,srp,test,srp_Cryp.parv._XM_626716
11118,srp,test,srp_Cyan.cald._AF022186
11119,srp,test,srp_Cyan.mero._AB002583
11120,srp,test,srp_Cyan.mero._AY286123
11121,srp,test,srp_Cypr.carp._CF662133
11122,srp,test,srp_Dani.reri._BX649540
11123,srp,test,srp_Dani.reri._CR854846
11124,srp,test,srp_Dani.reri._EH487580
11125,srp,test,srp_Dani.reri._EH513970
11126,srp,test,srp_Dani.rrer._BX469912
11127,srp,test,srp_Dani.rrer._BX470258
11128,srp,test,srp_Dani.rrer._CR925739
11129,srp,test,srp_Dani.rrer._CU179657
11130,srp,test,srp_Dasy.nove._GSP-9361
11131,srp,test,srp_Deba.hans._CR382138
11132,srp,test,srp_Dech.arom._CP000089
11133,srp,test,srp_Dein.geot._CP000359
11134,srp,test,srp_Dein.radi._AE000513
11135,srp,test,srp_Dein.radi._AE002056
11136,srp,test,srp_Desu.psyc._CR522870
11137,srp,test,srp_Desu.vulg._AE017285
11138,srp,test,srp_Desu.vulg._AE017311
11139,srp,test,srp_Desu.vulg._CP000527
11140,srp,test,srp_Dich.nodo._CP000513
11141,srp,test,srp_Dict.disc._AJ699381
11142,srp,test,srp_Dict.disc._BJ360333
11143,srp,test,srp_Dros.anan._CJ969290
11144,srp,test,srp_Dros.anan._GSP-7217
11145,srp,test,srp_Dros.erec._GSP-7220
11146,srp,test,srp_Dros.mela._AC002512
11147,srp,test,srp_Dros.mela._AC095014
11148,srp,test,srp_Dros.mela._AE001572
11149,srp,test,srp_Dros.mela._AE014297
11150,srp,test,srp_Dros.mela._X00952
11151,srp,test,srp_Dros.mela._X01056
11152,srp,test,srp_Dros.moja._GSP-7230
11153,srp,test,srp_Dros.simu._GSP-7240
11154,srp,test,srp_Dros.viri._GSP-7244
11155,srp,test,srp_Dros.will._GSP-7260
11156,srp,test,srp_Dros.yaku._GSP-7245
11157,srp,test,srp_Ehrl.cani._CP000107
11158,srp,test,srp_Eime.tene._CD666347
11159,srp,test,srp_Eime.tene._GSP-413949
11160,srp,test,srp_Ence.cuni._AL590449
11161,srp,test,srp_Enta.disp._GSP-370354
11162,srp,test,srp_Enta.hist._AF487684
11163,srp,test,srp_Enta.hist._BK005670
11164,srp,test,srp_Enta.inva._GSP-370355
11165,srp,test,srp_Enta.mosh._GSP-41668
11166,srp,test,srp_Enta.terr._GSP-110771
11167,srp,test,srp_Ente.faec._AE016830
11168,srp,test,srp_Ente.faec._AE016953
11169,srp,test,srp_Ente.faec._BD193435
11170,srp,test,srp_Ento.sulc._AF095839
11171,srp,test,srp_Erwi.caro._BX950851
11172,srp,test,srp_Esch.coli._AE005174
11173,srp,test,srp_Esch.coli._AE014075
11174,srp,test,srp_Esch.coli._AE016756
11175,srp,test,srp_Esch.coli._AP009048
11176,srp,test,srp_Esch.coli._BA000007
11177,srp,test,srp_Esch.coli._CP000243
11178,srp,test,srp_Esch.coli._CP000247
11179,srp,test,srp_Esch.coli._CP000468
11180,srp,test,srp_Esch.coli._U00096
11181,srp,test,srp_Esch.coli._U82664
11182,srp,test,srp_Esch.coli._X01074
11183,srp,test,srp_Ferr.acid._GSP-333146
11184,srp,test,srp_Ferv.nodo._CP000771
11185,srp,test,srp_Fran.alni._CT573213
11186,srp,test,srp_Fran.spec._CP000249
11187,srp,test,srp_Fran.tula._AJ749949
11188,srp,test,srp_Fran.tula._AM233362
11189,srp,test,srp_Fran.tula._AM286280
11190,srp,test,srp_Fran.tula._CP000437
11191,srp,test,srp_Fran.tula._CP000439
11192,srp,test,srp_Fran.tula._CP000608
11193,srp,test,srp_Fran.tula._CP000803
11194,srp,test,srp_Fugu.rubr._U40756
11195,srp,test,srp_Fuso.nucl._AE009951
11196,srp,test,srp_Gald.sulp._GSP-130081
11197,srp,test,srp_Gall.gall._AB073218
11198,srp,test,srp_Geob.kaus._BA000043
11199,srp,test,srp_Geob.meta._CP000148
11200,srp,test,srp_Geob.sulf._AE017180
11201,srp,test,srp_Geob.ther._CP000557
11202,srp,test,srp_Geob.uran._CP000698
11203,srp,test,srp_Giar.lamb._GSP-184922
11204,srp,test,srp_Gibb.moni._GSP-334819
11205,srp,test,srp_Gibb.zeae._GSP-229533
11206,srp,test,srp_Gloe.viol._BA000045
11207,srp,test,srp_Gluc.oxyd._CP000009
11208,srp,test,srp_Grac.tenu._AY673996
11209,srp,test,srp_Guil.thet._AF041468
11210,srp,test,srp_Gynu.aura._SDB-109565
11211,srp,test,srp_Haem.ducr._AE017143
11212,srp,test,srp_Haem.ducr._AE017154
11213,srp,test,srp_Haem.ducr._U32175
11214,srp,test,srp_Haem.infl._BD426631
11215,srp,test,srp_Haem.infl._CP000057
11216,srp,test,srp_Haem.infl._CP000671
11217,srp,test,srp_Haem.infl._CP000672
11218,srp,test,srp_Haem.infl._L42023
11219,srp,test,srp_Haem.infl._U32795
11220,srp,test,srp_Haem.somn._CP000436
11221,srp,test,srp_Hahe.chej._CP000155
11222,srp,test,srp_Halo.halo._CP000544
11223,srp,test,srp_Halo.halo._X01698
11224,srp,test,srp_Halo.mari._AY596297
11225,srp,test,srp_Halo.spec._AE004437
11226,srp,test,srp_Halo.volc._AF395888
11227,srp,test,srp_Heli.acin._AM260522
11228,srp,test,srp_Heli.annu._AJ828095
11229,srp,test,srp_Heli.exil._EE659686
11230,srp,test,srp_Heli.hepa._AE017125
11231,srp,test,srp_Heli.hepa._AE017149
11232,srp,test,srp_Heli.pylo._AE000511
11233,srp,test,srp_Heli.pylo._AE000524
11234,srp,test,srp_Heli.pylo._AE001439
11235,srp,test,srp_Heli.pylo._AE001441
11236,srp,test,srp_Heli.pylo._BD010626
11237,srp,test,srp_Heli.pylo._CP000241
11238,srp,test,srp_Hist.caps._GSP-278162
11239,srp,test,srp_Homo.sapi._AA559987
11240,srp,test,srp_Homo.sapi._AB061847
11241,srp,test,srp_Homo.sapi._AL139099
11242,srp,test,srp_Homo.sapi._AL627171
11243,srp,test,srp_Homo.sapi._BE083383
11244,srp,test,srp_Homo.sapi._BF875598
11245,srp,test,srp_Homo.sapi._BF908693
11246,srp,test,srp_Homo.sapi._BF908765
11247,srp,test,srp_Homo.sapi._BF908767
11248,srp,test,srp_Homo.sapi._BF909425
11249,srp,test,srp_Homo.sapi._BF909438
11250,srp,test,srp_Homo.sapi._BF909560
11251,srp,test,srp_Homo.sapi._BF909563
11252,srp,test,srp_Homo.sapi._BU566619
11253,srp,test,srp_Homo.sapi._BU566906
11254,srp,test,srp_Homo.sapi._CK004881
11255,srp,test,srp_Homo.sapi._M20910
11256,srp,test,srp_Homo.sapi._NR_002715
11257,srp,test,srp_Homo.sapi._X01037
11258,srp,test,srp_Homo.sapi._X02067
11259,srp,test,srp_Homo.sapi._X04249
11260,srp,test,srp_Humu.japo._X65990
11261,srp,test,srp_Humu.japo._X65991
11262,srp,test,srp_Humu.lupu._AJ236703
11263,srp,test,srp_Humu.lupu._AJ236705
11264,srp,test,srp_Humu.lupu._AJ236706
11265,srp,test,srp_Humu.lupu._X65983
11266,srp,test,srp_Humu.lupu._X65984
11267,srp,test,srp_Humu.lupu._X65985
11268,srp,test,srp_Hype.buty._CP000493
11269,srp,test,srp_Hypo.jeco._GSP-334564-2
11270,srp,test,srp_Idio.loih._AE017340
11271,srp,test,srp_Kine.radi._CP000750
11272,srp,test,srp_Kleb.pneu._CP000647
11273,srp,test,srp_Kluy.lact._CR382126
11274,srp,test,srp_Kluy.walt._AADM01000319
11275,srp,test,srp_Kluy.yarr._479647571
11276,srp,test,srp_Lact.acid._CP000033
11277,srp,test,srp_Lact.brev._CP000416
11278,srp,test,srp_Lact.case._CP000423
11279,srp,test,srp_Lact.delb._AF496545
11280,srp,test,srp_Lact.delb._CP000412
11281,srp,test,srp_Lact.delb._CR954253
11282,srp,test,srp_Lact.gass._CP000413
11283,srp,test,srp_Lact.john._AE017198
11284,srp,test,srp_Lact.john._AE017201
11285,srp,test,srp_Lact.john._AX926712
11286,srp,test,srp_Lact.lact._AE006305
11287,srp,test,srp_Lact.lact._AM406671
11288,srp,test,srp_Lact.lact._CP000425
11289,srp,test,srp_Lact.plan._AL935253
11290,srp,test,srp_Lact.sali._CP000233
11291,srp,test,srp_Legi.pneu._AE017354
11292,srp,test,srp_Legi.pneu._CP000675
11293,srp,test,srp_Legi.pneu._CR628336
11294,srp,test,srp_Legi.pneu._CR628337
11295,srp,test,srp_Legi.pneu._M31830
11296,srp,test,srp_Leif.xyli._AE016822
11297,srp,test,srp_Leis.aeth._AY722730
11298,srp,test,srp_Leis.aeth._AY722731
11299,srp,test,srp_Leis.aeth._AY722732
11300,srp,test,srp_Leis.braz._AM494942
11301,srp,test,srp_Leis.braz._AY722724
11302,srp,test,srp_Leis.braz._AY722725
11303,srp,test,srp_Leis.braz._AY722726
11304,srp,test,srp_Leis.braz._AY781790
11305,srp,test,srp_Leis.braz._AY781791
11306,srp,test,srp_Leis.braz._SDB-87235
11307,srp,test,srp_Leis.dono._AY722733
11308,srp,test,srp_Leis.dono._AY722734
11309,srp,test,srp_Leis.dono._AY722735
11310,srp,test,srp_Leis.dono._AY781793
11311,srp,test,srp_Leis.dono._AY781794
11312,srp,test,srp_Leis.dono._AY781795
11313,srp,test,srp_Leis.guya._AY722727
11314,srp,test,srp_Leis.guya._AY722728
11315,srp,test,srp_Leis.infa._AM502223
11316,srp,test,srp_Leis.infa._AY781792
11317,srp,test,srp_Leis.infa._SDB-5671
11318,srp,test,srp_Leis.majo._AY722713
11319,srp,test,srp_Leis.majo._AY722714
11320,srp,test,srp_Leis.majo._AY722715
11321,srp,test,srp_Leis.majo._SDB-347515
11322,srp,test,srp_Leis.trop._AY722722
11323,srp,test,srp_Leis.trop._AY722723
11324,srp,test,srp_Leis.trop._AY781789
11325,srp,test,srp_Lemu.catt._GSP-9447
11326,srp,test,srp_Lept.coll._AF006750
11327,srp,test,srp_List.inno._AL596173
11328,srp,test,srp_List.mono._AE017262
11329,srp,test,srp_List.mono._AE017331
11330,srp,test,srp_List.mono._AL591984
11331,srp,test,srp_List.mono._U15684
11332,srp,test,srp_List.wels._AM263198
11333,srp,test,srp_Lodd.elon._GSP-379508
11334,srp,test,srp_Lott.giga._GSP-225164
11335,srp,test,srp_Lotu.corn._AP006123
11336,srp,test,srp_Lotu.corn._AP006364
11337,srp,test,srp_Lotu.japo._BW598799
11338,srp,test,srp_Loxo.afri._GSP-9785
11339,srp,test,srp_Lyco.escu._X13958
11340,srp,test,srp_Lyco.escu._Z29099
11341,srp,test,srp_Lyco.escu._Z29100
11342,srp,test,srp_Lyco.escu._Z29101
11343,srp,test,srp_Lyco.escu._Z29103
11344,srp,test,srp_Lyco.escu._Z29104
11345,srp,test,srp_Lyco.escu._Z29105
11346,srp,test,srp_Lyco.escu._Z29106
11347,srp,test,srp_Lyco.escu._Z29107
11348,srp,test,srp_Lyco.escu._Z29109
11349,srp,test,srp_Lyco.escu._Z29110
11350,srp,test,srp_Lyco.escu._Z29111
11351,srp,test,srp_Lyco.escu._Z29112
11352,srp,test,srp_Lyco.escu._Z29260
11353,srp,test,srp_Lyco.escu._Z46744
11354,srp,test,srp_Lyco.escu._Z46745
11355,srp,test,srp_Lyco.escu._Z46746
11356,srp,test,srp_Maca.mula._GSP-9544
11357,srp,test,srp_Magn.magn._AP007255
11358,srp,test,srp_Mann.succ._AE016827
11359,srp,test,srp_Mari.aqua._CP000514
11360,srp,test,srp_Mari.mari._CP000449
11361,srp,test,srp_Medi.trun._AC136507
11362,srp,test,srp_Medi.trun._AC136507-1
11363,srp,test,srp_Medi.trun._AC136507-2
11364,srp,test,srp_Medi.trun._AC146941
11365,srp,test,srp_Medi.trun._AJ846712
11366,srp,test,srp_Medi.trun._BE941271
11367,srp,test,srp_Medi.trun._CT485797
11368,srp,test,srp_Medi.trun._CX540689
11369,srp,test,srp_Meso.flor._AE017263
11370,srp,test,srp_Meso.loti._BA000012
11371,srp,test,srp_Meso.viri._AF166114
11372,srp,test,srp_Meth.acet._AE010299
11373,srp,test,srp_Meth.acet._X17238
11374,srp,test,srp_Meth.bark._CP000099
11375,srp,test,srp_Meth.burt._CP000300
11376,srp,test,srp_Meth.caps._AE017282
11377,srp,test,srp_Meth.ferv._M32222
11378,srp,test,srp_Meth.ferv._S49762
11379,srp,test,srp_Meth.flag._CP000284
11380,srp,test,srp_Meth.jann._L77117
11381,srp,test,srp_Meth.kand._AE010387
11382,srp,test,srp_Meth.mari._BX957223
11383,srp,test,srp_Meth.mari._CP000609
11384,srp,test,srp_Meth.mari._CP000745
11385,srp,test,srp_Meth.maze._AE008384
11386,srp,test,srp_Meth.ther._AE000666
11387,srp,test,srp_Meth.ther._X15364
11388,srp,test,srp_Meth.vann._CP000742
11389,srp,test,srp_Meth.volt._M22560
11390,srp,test,srp_Micr.lyso._M31831
11391,srp,test,srp_Mono.brev._GSP-81824
11392,srp,test,srp_Mono.dome._GSP-13616
11393,srp,test,srp_Moor.ther._CP000232
11394,srp,test,srp_Mus.musc._AC099934
11395,srp,test,srp_Mus.musc._AC126244
11396,srp,test,srp_Mus.musc._AC157822
11397,srp,test,srp_Mus.musc._DQ285765
11398,srp,test,srp_Myco.aviu._AE016958
11399,srp,test,srp_Myco.aviu._AE017228
11400,srp,test,srp_Myco.aviu._CP000479
11401,srp,test,srp_Myco.bovi._BX248347
11402,srp,test,srp_Myco.capr._CP000123
11403,srp,test,srp_Myco.capr._D00560
11404,srp,test,srp_Myco.capr._S67588
11405,srp,test,srp_Myco.gall._AE015450
11406,srp,test,srp_Myco.gall._AE016968
11407,srp,test,srp_Myco.geni._BD439871
11408,srp,test,srp_Myco.geni._L43967
11409,srp,test,srp_Myco.geni._U39706
11410,srp,test,srp_Myco.hyop._AE017243
11411,srp,test,srp_Myco.hyop._AE017244
11412,srp,test,srp_Myco.hyop._AE017332
11413,srp,test,srp_Myco.lepr._AL023596
11414,srp,test,srp_Myco.lepr._AL583925
11415,srp,test,srp_Myco.mobi._AE017308
11416,srp,test,srp_Myco.myco._BX293980
11417,srp,test,srp_Myco.myco._BX842642
11418,srp,test,srp_Myco.myco._X53678
11419,srp,test,srp_Myco.pene._BA000026
11420,srp,test,srp_Myco.pneu._AE000044
11421,srp,test,srp_Myco.pneu._S76009
11422,srp,test,srp_Myco.pneu._U00089
11423,srp,test,srp_Myco.pulm._AL445565
11424,srp,test,srp_Myco.pulm._U06833
11425,srp,test,srp_Myco.smeg._CP000480
11426,srp,test,srp_Myco.spec._CP000384
11427,srp,test,srp_Myco.spec._CP000518
11428,srp,test,srp_Myco.spec._CP000580
11429,srp,test,srp_Myco.syno._AE017245
11430,srp,test,srp_Myco.tube._AE000516
11431,srp,test,srp_Myco.vanb._CP000511
11432,srp,test,srp_Nect.haem._GSP-71109
11433,srp,test,srp_Neis.gono._AE004969
11434,srp,test,srp_Neis.gono._AF482014
11435,srp,test,srp_Neis.gono._DD110233
11436,srp,test,srp_Neis.meni._AE002098
11437,srp,test,srp_Neis.meni._AL157959
11438,srp,test,srp_Neis.meni._AL162755
11439,srp,test,srp_Neis.meni._AM421808
11440,srp,test,srp_Neis.meni._DD001104
11441,srp,test,srp_Nema.vect._GSP-45351
11442,srp,test,srp_Neos.fisc._GSP-331117
11443,srp,test,srp_Neph.oliv._AF137379
11444,srp,test,srp_Neur.cras._AL669999
11445,srp,test,srp_Nitr.euro._AL954747
11446,srp,test,srp_Nitr.euro._BX321857
11447,srp,test,srp_Nitr.eutr._CP000450
11448,srp,test,srp_Nitr.hamb._CP000319
11449,srp,test,srp_Nitr.mult._CP000103
11450,srp,test,srp_Nitr.wino._CP000115
11451,srp,test,srp_Noca.farc._AP006618
11452,srp,test,srp_Nost.spec._BA000019
11453,srp,test,srp_Novo.arom._CP000248
11454,srp,test,srp_Ocea.ihey._BA000028
11455,srp,test,srp_Ochr.anth._CP000758
11456,srp,test,srp_Odon.sine._Z67753
11457,srp,test,srp_Onch.volv._AI249203
11458,srp,test,srp_Onch.volv._BF727619
11459,srp,test,srp_Onch.volv._GSP-6282
11460,srp,test,srp_Orni.anat._GSP-9258
11461,srp,test,srp_Oryc.cuni._AB021174
11462,srp,test,srp_Oryz.sati._AC079888
11463,srp,test,srp_Oryz.sati._AP003253
11464,srp,test,srp_Oryz.sati._AP003333
11465,srp,test,srp_Oryz.sati._AP008207
11466,srp,test,srp_Oxyt.trif._GSP-99928
11467,srp,test,srp_Pan.trog._GSP-37010
11468,srp,test,srp_Para.bras._CN238860
11469,srp,test,srp_Para.bras._CN239248
11470,srp,test,srp_Para.bras._CN240152
11471,srp,test,srp_Para.bras._CN240538
11472,srp,test,srp_Para.bras._CN241137
11473,srp,test,srp_Para.bras._CN241909
11474,srp,test,srp_Para.bras._EH652573
11475,srp,test,srp_Para.bras._EH655308
11476,srp,test,srp_Para.bras._GSP-121759
11477,srp,test,srp_Para.deni._CP000489
11478,srp,test,srp_Para.symb._BX908798
11479,srp,test,srp_Past.mult._AE006092
11480,srp,test,srp_Pedi.pent._CP000422
11481,srp,test,srp_Perk.mari._GSP-31276
11482,srp,test,srp_Pers.amer._X65992
11483,srp,test,srp_Phae.nodo._GSP-321614
11484,srp,test,srp_Phak.meib._GSP-169999
11485,srp,test,srp_Phak.pach._GSP-170000-1
11486,srp,test,srp_Phak.pach._GSP-170000-2
11487,srp,test,srp_Phot.lumi._BX571872
11488,srp,test,srp_Phot.prof._CR378666
11489,srp,test,srp_Phyt.infe._CV911012
11490,srp,test,srp_Phyt.infe._CV919934
11491,srp,test,srp_Phyt.ramo._GSP-164328
11492,srp,test,srp_Phyt.soja._GSP-67593
11493,srp,test,srp_Pich.guil._GSP-294746
11494,srp,test,srp_Pich.stip._CP000502
11495,srp,test,srp_Picr.torr._AE017261
11496,srp,test,srp_Plas.berg._DC223490
11497,srp,test,srp_Plas.berg._DC223613
11498,srp,test,srp_Plas.berg._GSP-5823
11499,srp,test,srp_Plas.chab._GSP-31271
11500,srp,test,srp_Plas.falc._AE014819
11501,srp,test,srp_Plas.falc._EF690554
11502,srp,test,srp_Plas.gall._GSP-5849
11503,srp,test,srp_Plas.know._GSP-5851
11504,srp,test,srp_Plas.reic._GSP-5854
11505,srp,test,srp_Plas.viva._GSP-31273
11506,srp,test,srp_Plas.yoel._GSP-352914
11507,srp,test,srp_Podo.anse._GSP-5145
11508,srp,test,srp_Popu.bals._GSP-73824
11509,srp,test,srp_Popu.trem._BU866844
11510,srp,test,srp_Popu.trem._DN489028
11511,srp,test,srp_Popu.trem._DN498769
11512,srp,test,srp_Porp.purp._U38804
11513,srp,test,srp_Porp.yezo._AP006715
11514,srp,test,srp_Pris.paci._GSP-54126
11515,srp,test,srp_Proc.mari._AE017126
11516,srp,test,srp_Proc.mari._AE017165
11517,srp,test,srp_Proc.mari._AJ237851
11518,srp,test,srp_Proc.mari._BX572093
11519,srp,test,srp_Proc.mari._BX572096
11520,srp,test,srp_Proc.mari._CP000111
11521,srp,test,srp_Proc.mari._CP000551
11522,srp,test,srp_Proc.mari._CP000552
11523,srp,test,srp_Proc.mari._CP000554
11524,srp,test,srp_Proc.mari._CP000576
11525,srp,test,srp_Proc.spec._AJ011025
11526,srp,test,srp_Prop.acne._AE017283
11527,srp,test,srp_Prun.arme._CB819242
11528,srp,test,srp_Prun.arme._CV045835
11529,srp,test,srp_Pseu.aeru._AE004091
11530,srp,test,srp_Pseu.aeru._AE004581
11531,srp,test,srp_Pseu.aeru._CP000438
11532,srp,test,srp_Pseu.aeru._CP000744
11533,srp,test,srp_Pseu.aeru._M31829
11534,srp,test,srp_Pseu.aeru._X12644
11535,srp,test,srp_Pseu.aeru._X14404
11536,srp,test,srp_Pseu.ento._CT573326
11537,srp,test,srp_Pseu.fluo._CP000076
11538,srp,test,srp_Pseu.fluo._CP000094
11539,srp,test,srp_Pseu.halo._CR954246
11540,srp,test,srp_Pseu.mend._CP000680
11541,srp,test,srp_Pseu.puti._AE015451
11542,srp,test,srp_Pseu.puti._AE016790
11543,srp,test,srp_Pseu.puti._CP000712
11544,srp,test,srp_Pseu.stut._CP000304
11545,srp,test,srp_Pseu.syri._AE016853
11546,srp,test,srp_Pseu.syri._CP000058
11547,srp,test,srp_Pseu.syri._CP000075
11548,srp,test,srp_Psyc.arct._CP000082
11549,srp,test,srp_Psyc.cryo._CP000323
11550,srp,test,srp_Psyc.ingr._CP000510
11551,srp,test,srp_Psyc.sp.._CP000713
11552,srp,test,srp_Pyro.abys._AJ248283
11553,srp,test,srp_Pyro.aero._AE009852
11554,srp,test,srp_Pyro.arse._CP000660
11555,srp,test,srp_Pyro.cali._CP000561
11556,srp,test,srp_Pyro.furi._AE010126
11557,srp,test,srp_Pyro.hori._BA000001
11558,srp,test,srp_Pyro.isla._CP000504
11559,srp,test,srp_Pyro.occu._M21085
11560,srp,test,srp_Rals.eutr._AM260479
11561,srp,test,srp_Rals.eutr._CP000090
11562,srp,test,srp_Rals.meta._CP000352
11563,srp,test,srp_Rals.sola._AL646052
11564,srp,test,srp_Rals.sola._AL646063
11565,srp,test,srp_Ratt.norv._AA923995
11566,srp,test,srp_Ratt.norv._AC091616
11567,srp,test,srp_Rhiz.etli._CP000133
11568,srp,test,srp_Rhiz.legu._AM236080
11569,srp,test,srp_Rhod.balt._BX294144
11570,srp,test,srp_Rhod.palu._BX572594
11571,srp,test,srp_Rhod.palu._CP000250
11572,srp,test,srp_Rhod.palu._CP000283
11573,srp,test,srp_Rhod.palu._CP000301
11574,srp,test,srp_Rhod.palu._CP000463
11575,srp,test,srp_Rhod.rubr._CP000230
11576,srp,test,srp_Rhod.spec._CP000431
11577,srp,test,srp_Rhod.spha._CP000143
11578,srp,test,srp_Rhod.spha._CP000577
11579,srp,test,srp_Rhod.spha._CP000661
11580,srp,test,srp_Rick.cono._AE008680
11581,srp,test,srp_Rick.feli._CP000053
11582,srp,test,srp_Rick.prow._AJ235273
11583,srp,test,srp_Rick.typh._AE017197
11584,srp,test,srp_Sacc.cere._U18916
11585,srp,test,srp_Sacc.cere._U18917
11586,srp,test,srp_Sacc.degr._CP000282
11587,srp,test,srp_Sacc.eryt._AM420293
11588,srp,test,srp_Sacc.kluy._AJ550805
11589,srp,test,srp_Sacc.kluy._SKAA0027M04.b1
11590,srp,test,srp_Sacc.para._BN000251
11591,srp,test,srp_Sali.trop._CP000667
11592,srp,test,srp_Salm.ente._AE014613
11593,srp,test,srp_Salm.ente._AE016842
11594,srp,test,srp_Salm.ente._AE017220
11595,srp,test,srp_Salm.ente._AL627266
11596,srp,test,srp_Salm.ente._CP000026
11597,srp,test,srp_Salm.typh._AE008717
11598,srp,test,srp_Schi.japo._GSP-402676
11599,srp,test,srp_Schi.mans._GSP-6183
11600,srp,test,srp_Schi.pomb._AU010514
11601,srp,test,srp_Schi.pomb._M20264
11602,srp,test,srp_Schi.pomb._M20836
11603,srp,test,srp_Schi.pomb._X15220
11604,srp,test,srp_Schi.pomb._Z99259
11605,srp,test,srp_Schm.medi._GSP-79327
11606,srp,test,srp_Scle.scle._GSP-325569
11607,srp,test,srp_Sene.crue._SDB-189209
11608,srp,test,srp_Shew.balt._CP000563
11609,srp,test,srp_Shew.balt._CP000753
11610,srp,test,srp_Shew.deni._CP000302
11611,srp,test,srp_Shew.loih._CP000606
11612,srp,test,srp_Shew.onei._AE014299
11613,srp,test,srp_Shew.onei._AE015625
11614,srp,test,srp_Shew.putr._CP000681
11615,srp,test,srp_Shew.spec._CP000444
11616,srp,test,srp_Shew.spec._CP000446
11617,srp,test,srp_Shew.spec._CP000469
11618,srp,test,srp_Shew.spec._CP000503
11619,srp,test,srp_Shig.flex._AE005674
11620,srp,test,srp_Shig.flex._AE014073
11621,srp,test,srp_Shig.flex._AE016979
11622,srp,test,srp_Shig.flex._CP000266
11623,srp,test,srp_Sili.pome._CP000031
11624,srp,test,srp_Sili.spec._CP000377
11625,srp,test,srp_Sino.medi._CP000738
11626,srp,test,srp_Sino.meli._AL591782
11627,srp,test,srp_Soda.glos._AP008232
11628,srp,test,srp_Sola.tube._DR037645
11629,srp,test,srp_Sola.tube._DR037646
11630,srp,test,srp_Sorg.bico._BE594178
11631,srp,test,srp_Sphi.alas._CP000356
11632,srp,test,srp_Sphi.witt._CP000699
11633,srp,test,srp_Spra.loph._GSP-51541
11634,srp,test,srp_Stap.aure._AC025951
11635,srp,test,srp_Stap.aure._AF368293
11636,srp,test,srp_Stap.aure._AP009351
11637,srp,test,srp_Stap.aure._BA000017
11638,srp,test,srp_Stap.aure._BA000018
11639,srp,test,srp_Stap.aure._BA000033
11640,srp,test,srp_Stap.aure._BX571856
11641,srp,test,srp_Stap.aure._BX571857
11642,srp,test,srp_Stap.aure._CP000046
11643,srp,test,srp_Stap.aure._CP000253
11644,srp,test,srp_Stap.aure._CP000255
11645,srp,test,srp_Stap.aure._CP000703
11646,srp,test,srp_Stap.aure._CP000736
11647,srp,test,srp_Stap.aure._E36052
11648,srp,test,srp_Stap.epid._AE015929
11649,srp,test,srp_Stap.epid._AE016751
11650,srp,test,srp_Stap.epid._AF269814
11651,srp,test,srp_Stap.epid._AF269831
11652,srp,test,srp_Stap.epid._AX145149
11653,srp,test,srp_Stap.epid._CP000029
11654,srp,test,srp_Stap.haem._AP006716
11655,srp,test,srp_Stap.sapr._AP008934
11656,srp,test,srp_Stre.agal._AE014209
11657,srp,test,srp_Stre.agal._AL766845
11658,srp,test,srp_Stre.agal._CP000114
11659,srp,test,srp_Stre.aver._BA000030
11660,srp,test,srp_Stre.coel._AL939118
11661,srp,test,srp_Stre.dysg._AJ489606
11662,srp,test,srp_Stre.livi._AY081854
11663,srp,test,srp_Stre.muta._AE014133
11664,srp,test,srp_Stre.muta._AE014879
11665,srp,test,srp_Stre.muta._AF132127
11666,srp,test,srp_Stre.pneu._AE005672
11667,srp,test,srp_Stre.pneu._AE007319
11668,srp,test,srp_Stre.pneu._AE008386
11669,srp,test,srp_Stre.pneu._CP000410
11670,srp,test,srp_Stre.pyog._AE004092
11671,srp,test,srp_Stre.pyog._AE006489
11672,srp,test,srp_Stre.pyog._AE009969
11673,srp,test,srp_Stre.pyog._AE014139
11674,srp,test,srp_Stre.pyog._AM295007
11675,srp,test,srp_Stre.pyog._BA000034
11676,srp,test,srp_Stre.pyog._CP000003
11677,srp,test,srp_Stre.pyog._CP000017
11678,srp,test,srp_Stre.pyog._CP000056
11679,srp,test,srp_Stre.pyog._CP000259
11680,srp,test,srp_Stre.pyog._CP000260
11681,srp,test,srp_Stre.pyog._CP000261
11682,srp,test,srp_Stre.pyog._CP000262
11683,srp,test,srp_Stre.sang._CP000387
11684,srp,test,srp_Stre.suis._CP000407
11685,srp,test,srp_Stre.suis._CP000408
11686,srp,test,srp_Stre.ther._CP000024
11687,srp,test,srp_Stro.purp._GSP-7668
11688,srp,test,srp_Sulf.acid._CP000077
11689,srp,test,srp_Sulf.solf._X17239
11690,srp,test,srp_Sulf.solf._Y08257
11691,srp,test,srp_Sulf.toko._BA000023
11692,srp,test,srp_Sus.scro._BP459377
11693,srp,test,srp_Symb.ther._AP006840
11694,srp,test,srp_Syne.elon._AP008231
11695,srp,test,srp_Syne.spec._BA000022
11696,srp,test,srp_Syne.spec._BX569693
11697,srp,test,srp_Syne.spec._CP000097
11698,srp,test,srp_Synt.fuma._CP000478
11699,srp,test,srp_Synt.wolf._CP000448
11700,srp,test,srp_Taen.gutt._CK235759
11701,srp,test,srp_Tetr.nigr._GSP-99883
11702,srp,test,srp_Tetr.rost._SDB-5909
11703,srp,test,srp_Tetr.ther._X56981
11704,srp,test,srp_Thal.pseu._EF067921
11705,srp,test,srp_Thal.pseu._GSP-296543
11706,srp,test,srp_Thei.annu._NW_001091934
11707,srp,test,srp_Thei.parv._GSP-333668
11708,srp,test,srp_Ther.acid._AL445063
11709,srp,test,srp_Ther.cele._X17240
11710,srp,test,srp_Ther.elon._BA000039
11711,srp,test,srp_Ther.fusc._CP000088
11712,srp,test,srp_Ther.koda._AP006878
11713,srp,test,srp_Ther.mari._AE000512
11714,srp,test,srp_Ther.mela._CP000716
11715,srp,test,srp_Ther.petr._CP000702
11716,srp,test,srp_Ther.teng._AE012978
11717,srp,test,srp_Ther.ther._AE017221
11718,srp,test,srp_Ther.ther._AE017306
11719,srp,test,srp_Ther.ther._AP008226
11720,srp,test,srp_Ther.ther._X12643
11721,srp,test,srp_Ther.volc._BA000011
11722,srp,test,srp_Thio.deni._CP000116
11723,srp,test,srp_Toxo.gond._CO743022
11724,srp,test,srp_Toxo.gond._GSP-398031
11725,srp,test,srp_Trep.dent._AE017226
11726,srp,test,srp_Trep.dent._AE017246
11727,srp,test,srp_Trep.pall._AE000520
11728,srp,test,srp_Trep.pall._AE001187
11729,srp,test,srp_Tric.eryt._CP000393
11730,srp,test,srp_Tric.rees._GSP-334564-1
11731,srp,test,srp_Tric.spir._GSP-6334
11732,srp,test,srp_Tric.vagi._GSP-5722-1
11733,srp,test,srp_Tric.vagi._GSP-5722-2
11734,srp,test,srp_Trit.aest._BE424647
11735,srp,test,srp_Trit.aest._BQ167677
11736,srp,test,srp_Trit.aest._CA626434
11737,srp,test,srp_Trit.aest._CA694528
11738,srp,test,srp_Trit.aest._CA718249
11739,srp,test,srp_Trit.aest._CD897082
11740,srp,test,srp_Trit.aest._CJ572413
11741,srp,test,srp_Trit.aest._CJ679223
11742,srp,test,srp_Trit.aest._X13915
11743,srp,test,srp_Trop.whip._AE014184
11744,srp,test,srp_Trop.whip._AE016852
11745,srp,test,srp_Trop.whip._BX251412
11746,srp,test,srp_Tryp.bruc._AC159431
11747,srp,test,srp_Tryp.bruc._AF047723
11748,srp,test,srp_Tryp.bruc._M80262
11749,srp,test,srp_Tryp.bruc._S56681
11750,srp,test,srp_Tryp.bruc._X57047
11751,srp,test,srp_Tryp.cong._SDB-5692
11752,srp,test,srp_Tryp.viva._SDB-5699
11753,srp,test,srp_Unci.rees._GSP-336963
11754,srp,test,srp_Urea.parv._AE002112
11755,srp,test,srp_Vibr.chol._AE003852
11756,srp,test,srp_Vibr.chol._AE004188
11757,srp,test,srp_Vibr.chol._CP000627
11758,srp,test,srp_Vibr.fisc._CP000020
11759,srp,test,srp_Vibr.harv._CP000789
11760,srp,test,srp_Vibr.para._BA000031
11761,srp,test,srp_Vibr.vuln._AE016795
11762,srp,test,srp_Vibr.vuln._AE016807
11763,srp,test,srp_Vibr.vuln._BA000037
11764,srp,test,srp_Volv.cart._GSP-51971-1
11765,srp,test,srp_Volv.cart._GSP-51971-2
11766,srp,test,srp_Wigg.glos._BA000021
11767,srp,test,srp_Wolb.endo._AB080664
11768,srp,test,srp_Wolb.endo._AE017196
11769,srp,test,srp_Wolb.endo._AE017259
11770,srp,test,srp_Wolb.endo._AE017321
11771,srp,test,srp_Woli.succ._BX571662
11772,srp,test,srp_Xant.axon._AE011739
11773,srp,test,srp_Xant.camp._AE012197
11774,srp,test,srp_Xant.camp._AM039952
11775,srp,test,srp_Xant.camp._CP000050
11776,srp,test,srp_Xant.camp._DQ256493
11777,srp,test,srp_Xant.oryz._AE013598
11778,srp,test,srp_Xant.oryz._AP008229
11779,srp,test,srp_Xeno.laev._X01055
11780,srp,test,srp_Xyle.fast._AE003849
11781,srp,test,srp_Xyle.fast._AE003940
11782,srp,test,srp_Xyle.fast._AE009442
11783,srp,test,srp_Xyle.fast._AE012554
11784,srp,test,srp_Yarr.lipo._CR382127
11785,srp,test,srp_Yarr.lipo._CR382130
11786,srp,test,srp_Yarr.lipo._M20837
11787,srp,test,srp_Yarr.lipo._X51658
11788,srp,test,srp_Yers.ente._AM286415
11789,srp,test,srp_Yers.pest._AE009952
11790,srp,test,srp_Yers.pest._AE017042
11791,srp,test,srp_Yers.pest._AE017129
11792,srp,test,srp_Yers.pest._AJ414155
11793,srp,test,srp_Yers.pest._AL590842
11794,srp,test,srp_Yers.pest._CP000305
11795,srp,test,srp_Yers.pest._CP000308
11796,srp,test,srp_Yers.pest._CP000668
11797,srp,test,srp_Yers.pseu._BX936398
11798,srp,test,srp_Yers.pseu._CP000720
11799,srp,test,srp_Zea.mays._AY108846
11800,srp,test,srp_Zea.mays._CB179518
11801,srp,test,srp_Zea.mays._CF602412
11802,srp,test,srp_Zea.mays._CF919998
11803,srp,test,srp_Zea.mays._CF974802
11804,srp,test,srp_Zea.mays._CK327537
11805,srp,test,srp_Zea.mays._CK700970
11806,srp,test,srp_Zea.mays._X14661
11807,srp,test,srp_Zygo.roux._BN000170
11808,srp,test,srp_Zymo.mobi._AE008692
11809,srp,test,srp_Zymo.mobi._AF203881
11810,srp,train,tRNA_tdbR00000009-Escherichia_coli-562-Ala-VGC
11811,srp,train,tRNA_tdbR00000013-Pichia_jadinii-4903-Ala-IGC
11812,srp,train,tRNA_tdbR00000019-Mycoplasma_capricolum-2095-Cys-GCA
11813,srp,train,tRNA_tdbR00000029-Asterias_amurensis-7602-Asp-QUC
11814,srp,train,tRNA_tdbR00000030-Aedes_albopictus-7160-Asp-GUC
11815,srp,train,tRNA_tdbR00000032-Rattus_norvegicus-10116-Asp-GUC
11816,srp,train,tRNA_tdbR00000033-Didelphis_virginiana-9267-Asp-QUC
11817,srp,train,tRNA_tdbR00000034-Mesocricetus_auratus-10036-Asp-GUC
11818,srp,train,tRNA_tdbR00000036-Euglena_gracilis-3039-Asp-GUC
11819,srp,train,tRNA_tdbR00000043-Haloferax_volcanii-2246-Glu-NUC
11820,srp,train,tRNA_tdbR00000046-Escherichia_coli-562-Glu-SUC
11821,srp,train,tRNA_tdbR00000049-Chlamydomonas_reinhardtii-3055-Glu-NUC
11822,srp,train,tRNA_tdbR00000052-Aedes_albopictus-7160-Glu-NUC
11823,srp,train,tRNA_tdbR00000069-Synechococcus_sp._PCC_7002-32049-Phe-GAA
11824,srp,train,tRNA_tdbR00000074-Tetrahymena_pyriformis-5908-Phe-GAA
11825,srp,train,tRNA_tdbR00000078-Ascaris_suum-6253-Phe-GAA
11826,srp,train,tRNA_tdbR00000079-Rattus_norvegicus-10116-Phe-GAA
11827,srp,train,tRNA_tdbR00000080-Bos_taurus-9913-Phe-GAA
11828,srp,train,tRNA_tdbR00000091-Pisum_sativum-3888-Phe-AA
11829,srp,train,tRNA_tdbR00000104-Enterobacteria_phage_T4-10665-Gly-NCC
11830,srp,train,tRNA_tdbR00000114-Staphylococcus_epidermidis-1282-Gly-UCC
11831,srp,train,tRNA_tdbR00000121-Salmonella_typhimurium-602-Gly-NCC
11832,srp,train,tRNA_tdbR00000124-Aedes_albopictus-7160-Gly-UCC
11833,srp,train,tRNA_tdbR00000125-Bos_taurus-9913-Gly-UCC
11834,srp,train,tRNA_tdbR00000126-Halocynthia_roretzi-7729-Gly-NCU
11835,srp,train,tRNA_tdbR00000127-Halocynthia_roretzi-7729-Gly-UCU
11836,srp,train,tRNA_tdbR00000128-Halocynthia_roretzi-7729-Gly-GCU
11837,srp,train,tRNA_tdbR00000129-Saccharomyces_cerevisiae-4932-Gly-GCC
11838,srp,train,tRNA_tdbR00000132-Lupinus_luteus-3873-Gly-GCC
11839,srp,train,tRNA_tdbR00000134-Bombyx_mori-7091-Gly-CC
11840,srp,train,tRNA_tdbR00000138-Haloferax_volcanii-2246-His-GUG
11841,srp,train,tRNA_tdbR00000141-Salmonella_typhimurium-602-His-QUG
11842,srp,train,tRNA_tdbR00000142-Saccharomyces_cerevisiae-4932-His-GUG
11843,srp,train,tRNA_tdbR00000143-Asterias_amurensis-7602-His-QUG
11844,srp,train,tRNA_tdbR00000149-Homo_sapiens-9606-His-GUG
11845,srp,train,tRNA_tdbR00000167-Aedes_albopictus-7160-Ile-GAU
11846,srp,train,tRNA_tdbR00000168-Bos_taurus-9913-Ile-GAU
11847,srp,train,tRNA_tdbR00000169-Homo_sapiens-9606-Ile-GAU
11848,srp,train,tRNA_tdbR00000173-Bombyx_mori-7091-Ile-IAU
11849,srp,train,tRNA_tdbR00000174-Mus_musculus-10090-Ile-IAU
11850,srp,train,tRNA_tdbR00000177-Mycoplasma_capricolum-2095-Lys-CUU
11851,srp,train,tRNA_tdbR00000184-Asterias_amurensis-7602-Lys-CUU
11852,srp,train,tRNA_tdbR00000189-Rattus_norvegicus-10116-Lys-NUU
11853,srp,train,tRNA_tdbR00000190-Bos_taurus-9913-Lys-NUU
11854,srp,train,tRNA_tdbR00000191-Mesocricetus_auratus-10036-Lys-NUU
11855,srp,train,tRNA_tdbR00000194-Triticum_aestivum-4565-Lys-CUU
11856,srp,train,tRNA_tdbR00000206-Loligo_bleekeri-6617-Lys-UUU
11857,srp,train,tRNA_tdbR00000210-Enterobacteria_phage_T5-10726-Leu-UAG
11858,srp,train,tRNA_tdbR00000211-Haloferax_volcanii-2246-Leu-CAA
11859,srp,train,tRNA_tdbR00000217-Mycoplasma_capricolum-2095-Leu-AA
11860,srp,train,tRNA_tdbR00000223-Salmonella_typhimurium-602-Leu-CAG
11861,srp,train,tRNA_tdbR00000224-Rhodospirillum_rubrum-1085-Leu-CAA
11862,srp,train,tRNA_tdbR00000225-Synechococcus_elongatus_PCC_6301-269084-Leu-CAA
11863,srp,train,tRNA_tdbR00000234-Spinacia_oleracea-3562-Leu-UA7
11864,srp,train,tRNA_tdbR00000237-Saccharomyces_cerevisiae-4932-Leu-AA
11865,srp,train,tRNA_tdbR00000243-Rattus_norvegicus-10116-Leu-UAG
11866,srp,train,tRNA_tdbR00000244-Rattus_norvegicus-10116-Leu-UAG
11867,srp,train,tRNA_tdbR00000245-Rattus_norvegicus-10116-Leu-UAG
11868,srp,train,tRNA_tdbR00000246-Bos_taurus-9913-Leu-NAA
11869,srp,train,tRNA_tdbR00000247-Bos_taurus-9913-Leu-UAG
11870,srp,train,tRNA_tdbR00000251-Saccharomyces_cerevisiae-4932-Leu-UAA
11871,srp,train,tRNA_tdbR00000261-Cucumis_sativus-3659-Leu-NAA
11872,srp,train,tRNA_tdbR00000263-Rattus_norvegicus-10116-Leu-AA
11873,srp,train,tRNA_tdbR00000266-Bos_taurus-9913-Leu-AA
11874,srp,train,tRNA_tdbR00000280-Saccharomyces_cerevisiae-4932-Met-CAU
11875,srp,train,tRNA_tdbR00000282-Ascaris_suum-6253-Met-AU
11876,srp,train,tRNA_tdbR00000283-Gallus_gallus-9031-Met-AU
11877,srp,train,tRNA_tdbR00000289-Homo_sapiens-9606-Met-BAU
11878,srp,train,tRNA_tdbR00000290-Enterobacteria_phage_T5-10726-Asn-GUU
11879,srp,train,tRNA_tdbR00000294-Mycoplasma_capricolum-2095-Asn-GUU
11880,srp,train,tRNA_tdbR00000299-Asterias_amurensis-7602-Asn-GPU
11881,srp,train,tRNA_tdbR00000312-Haloferax_volcanii-2246-Pro-GGG
11882,srp,train,tRNA_tdbR00000313-Haloferax_volcanii-2246-Pro-UGG
11883,srp,train,tRNA_tdbR00000318-Salmonella_typhimurium-602-Pro-GGG
11884,srp,train,tRNA_tdbR00000321-Saccharomyces_cerevisiae-4932-Pro-UGG
11885,srp,train,tRNA_tdbR00000325-Pichia_jadinii-4903-Pro-GG
11886,srp,train,tRNA_tdbR00000328-Enterobacteria_phage_T5-10726-Gln-UUG
11887,srp,train,tRNA_tdbR00000331-Mycoplasma_capricolum-2095-Gln-UG
11888,srp,train,tRNA_tdbR00000333-Escherichia_coli-562-Gln-NUG
11889,srp,train,tRNA_tdbR00000334-Hordeum_vulgare-4513-Gln-UG
11890,srp,train,tRNA_tdbR00000335-Nicotiana_rustica-4093-Gln-NUG
11891,srp,train,tRNA_tdbR00000336-Aedes_albopictus-7160-Gln-NUG
11892,srp,train,tRNA_tdbR00000345-Homo_sapiens-9606-Gln-NUG
11893,srp,train,tRNA_tdbR00000347-Enterobacteria_phage_T4-10665-Arg-NCU
11894,srp,train,tRNA_tdbR00000350-Haloferax_volcanii-2246-Arg-GCG
11895,srp,train,tRNA_tdbR00000351-Haloferax_volcanii-2246-Arg-NCG
11896,srp,train,tRNA_tdbR00000352-Mycoplasma_capricolum-2095-Arg-ICG
11897,srp,train,tRNA_tdbR00000359-Escherichia_coli-562-Arg-CCG
11898,srp,train,tRNA_tdbR00000361-Saccharomyces_cerevisiae-4932-Arg-ACG
11899,srp,train,tRNA_tdbR00000363-Ascaris_suum-6253-Arg-PCU
11900,srp,train,tRNA_tdbR00000364-Ascaris_suum-6253-Arg-ACG
11901,srp,train,tRNA_tdbR00000365-Aedes_albopictus-7160-Arg-UCG
11902,srp,train,tRNA_tdbR00000366-Rattus_norvegicus-10116-Arg-UCG
11903,srp,train,tRNA_tdbR00000367-Bos_taurus-9913-Arg-UCG
11904,srp,train,tRNA_tdbR00000368-Mesocricetus_auratus-10036-Arg-UCG
11905,srp,train,tRNA_tdbR00000379-Enterobacteria_phage_T4-10665-Ser-NGA
11906,srp,train,tRNA_tdbR00000380-Halobacterium_salinarum-2242-Ser-MGA
11907,srp,train,tRNA_tdbR00000381-Haloferax_volcanii-2246-Ser-GCU
11908,srp,train,tRNA_tdbR00000382-Haloferax_volcanii-2246-Ser-MGA
11909,srp,train,tRNA_tdbR00000383-Haloferax_volcanii-2246-Ser-GGA
11910,srp,train,tRNA_tdbR00000385-Mycoplasma_capricolum-2095-Ser-UGA
11911,srp,train,tRNA_tdbR00000386-Mycoplasma_mycoides-2102-Ser-UGA
11912,srp,train,tRNA_tdbR00000387-Bacillus_subtilis-1423-Ser-5GA
11913,srp,train,tRNA_tdbR00000389-Bacillus_subtilis-1423-Ser-GGA
11914,srp,train,tRNA_tdbR00000390-Escherichia_coli-562-Ser-CGA
11915,srp,train,tRNA_tdbR00000391-Escherichia_coli-562-Ser-GCU
11916,srp,train,tRNA_tdbR00000392-Escherichia_coli-562-Ser-GGA
11917,srp,train,tRNA_tdbR00000393-Escherichia_coli-562-Ser-GGA
11918,srp,train,tRNA_tdbR00000394-Escherichia_coli-562-Ser-VGA
11919,srp,train,tRNA_tdbR00000395-Saccharomyces_cerevisiae-4932-Ser-GCU
11920,srp,train,tRNA_tdbR00000396-Saccharomyces_cerevisiae-4932-Ser-UGA
11921,srp,train,tRNA_tdbR00000397-Saccharomyces_cerevisiae-4932-Ser-UGA
11922,srp,train,tRNA_tdbR00000398-Ascaris_suum-6253-Ser-UCU
11923,srp,train,tRNA_tdbR00000399-Aedes_albopictus-7160-Ser-GCU
11924,srp,train,tRNA_tdbR00000400-Loligo_bleekeri-6617-Ser-7CU
11925,srp,train,tRNA_tdbR00000403-Bos_taurus-9913-Ser-UGA
11926,srp,train,tRNA_tdbR00000406-Saccharomyces_cerevisiae-4932-Ser-NGA
11927,srp,train,tRNA_tdbR00000409-Candida_cylindracea-44322-Ser-CAG
11928,srp,train,tRNA_tdbR00000412-Candida_cylindracea-44322-Ser-CGA
11929,srp,train,tRNA_tdbR00000413-Candida_cylindracea-44322-Ser-GCU
11930,srp,train,tRNA_tdbR00000414-Lupinus_luteus-3873-Ser-CGA
11931,srp,train,tRNA_tdbR00000419-Nicotiana_rustica-4093-Ser-IGA
11932,srp,train,tRNA_tdbR00000420-Spinacia_oleracea-3562-Ser-IGA
11933,srp,train,tRNA_tdbR00000423-Rattus_norvegicus-10116-Ser-IGA
11934,srp,train,tRNA_tdbR00000426-Drosophila_melanogaster-7227-Ser-CGA
11935,srp,train,tRNA_tdbR00000428-Homo_sapiens-9606-Ser-UGA
11936,srp,train,tRNA_tdbR00000438-Escherichia_coli-562-Thr-GGU
11937,srp,train,tRNA_tdbR00000440-Neurospora_crassa-5141-Thr-UGU
11938,srp,train,tRNA_tdbR00000459-Neurospora_crassa-5141-Val-UAC
11939,srp,train,tRNA_tdbR00000460-Aedes_albopictus-7160-Val-UAC
11940,srp,train,tRNA_tdbR00000461-Rattus_norvegicus-10116-Val-UAC
11941,srp,train,tRNA_tdbR00000462-Rattus_norvegicus-10116-Val-UAC
11942,srp,train,tRNA_tdbR00000463-Bos_taurus-9913-Val-UAC
11943,srp,train,tRNA_tdbR00000466-Saccharomyces_cerevisiae-4932-Val-AC
11944,srp,train,tRNA_tdbR00000467-Pichia_jadinii-4903-Val-IAC
11945,srp,train,tRNA_tdbR00000469-Rattus_norvegicus-10116-Val-IAC
11946,srp,train,tRNA_tdbR00000474-Drosophila_melanogaster-7227-Val-NAC
11947,srp,train,tRNA_tdbR00000475-Mus_musculus-10090-Val-IAC
11948,srp,train,tRNA_tdbR00000478-Haloferax_volcanii-2246-Trp-BCA
11949,srp,train,tRNA_tdbR00000483-Bacillus_subtilis-1423-Trp-CCA
11950,srp,train,tRNA_tdbR00000488-Tetrahymena_thermophila-5911-Trp-CA
11951,srp,train,tRNA_tdbR00000489-Neurospora_crassa-5141-Trp-NCA
11952,srp,train,tRNA_tdbR00000490-Saccharomyces_cerevisiae-4932-Trp-CA
11953,srp,train,tRNA_tdbR00000492-Rattus_norvegicus-10116-Trp-NCA
11954,srp,train,tRNA_tdbR00000493-Bos_taurus-9913-Trp-NCA
11955,srp,train,tRNA_tdbR00000494-Saccharomyces_cerevisiae-4932-Trp-BCA
11956,srp,train,tRNA_tdbR00000504-Mycoplasma_capricolum-2095-Ini-CAU
11957,srp,train,tRNA_tdbR00000505-Mycoplasma_mycoides-2102-Ini-CAU
11958,srp,train,tRNA_tdbR00000516-Spinacia_oleracea-3562-Ini-CAU
11959,srp,train,tRNA_tdbR00000517-Neurospora_crassa-5141-Ini-CAU
11960,srp,train,tRNA_tdbR00000518-Saccharomyces_cerevisiae-4932-Ini-CAU
11961,srp,train,tRNA_tdbR00000519-Phaseolus_vulgaris-3885-Ini-CAU
11962,srp,train,tRNA_tdbR00000520-Aedes_albopictus-7160-Ini-CAU
11963,srp,train,tRNA_tdbR00000521-Bos_taurus-9913-Ini-CAU
11964,srp,train,tRNA_tdbR00000522-Bos_taurus-9913-Ini-AU
11965,srp,train,tRNA_tdbR00000541-Haloferax_volcanii-2246-Tyr-GUA
11966,srp,train,tRNA_tdbR00000542-Mycoplasma_capricolum-2095-Tyr-GUA
11967,srp,train,tRNA_tdbR00000547-Geobacillus_stearothermophilus-1422-Tyr-QUA
11968,srp,train,tRNA_tdbR00000548-Scenedesmus_obliquus-3088-Tyr-GUA
11969,srp,train,tRNA_tdbR00000549-Tetrahymena_pyriformis-5908-Tyr-QUA
11970,srp,train,tRNA_tdbR00000550-Neurospora_crassa-5141-Tyr-GUA
11971,srp,train,tRNA_tdbR00000551-Saccharomyces_cerevisiae-4932-Tyr-GUA
11972,srp,train,tRNA_tdbR00000553-Asterias_amurensis-7602-Tyr-GUA
11973,srp,train,tRNA_tdbR00000555-Saccharomyces_cerevisiae-4932-Tyr-GPA
11974,srp,train,tRNA_tdbR00000556-Schizosaccharomyces_pombe-4896-Tyr-GPA
11975,srp,train,tRNA_tdbR00000557-Pichia_jadinii-4903-Tyr-GPA
11976,srp,train,tRNA_tdbR00000567-Homo_sapiens-9606-Tyr-9PA
11977,srp,train,tRNA_tdbR00000572-Leishmania_tarentolae-5689-Lys-1UU
11978,srp,train,tRNA_tdbR00000573-Leishmania_tarentolae-5689-Gln-3UG
11979,srp,train,tRNA_tdbR00000575-Leishmania_tarentolae-5689-Thr-CGU
11980,srp,train,tRNA_tdbR00000576-Leishmania_tarentolae-5689-Asp-GUC
11981,srp,train,tRNA_tdbR00000577-Leishmania_tarentolae-5689-Glu-CUC
11982,srp,train,tRNA_tdbR00000578-Leishmania_tarentolae-5689-Glu-3UC
11983,srp,train,tRNA_tdbR00000580-Aeropyrum_pernix-56636-Lys-UUU
11984,srp,train,tRNA_tdbR00000581-Aeropyrum_pernix-56636-Lys-CUU
11985,srp,train,tRNA_tdbR00000583-Aeropyrum_pernix-56636-Cys-GCA
11986,srp,train,tRNA_tdbR00000585-Aeropyrum_pernix-56636-Thr-CGU
11987,srp,train,tRNA_tdbR00000588-Aeropyrum_pernix-56636-Asp-GUC
11988,srp,train,tRNA_tdbR00000590-Ascaris_suum-6253-Glu-UC
11989,srp,train,tRNA_tdbR00000591-Ascaris_suum-6253-Lys-UU
11990,srp,train,tRNA_tdbR00000592-Ascaris_suum-6253-Gln-UG
11991,srp,train,tRNA_tdbR00000593-Ascaris_suum-6253-Trp-CA
11992,srp,train,tRNA_tdbR00000594-Ascaris_suum-6253-Leu-AA
11993,srp,train,tRNA_tdbR00000595-Escherichia_coli-562-Leu-BAA
11994,srp,train,tRNA_tdbR00000607-Lupinus_luteus-3873-Leu-IAG
11995,srp,train,tRNA_tdbR00000608-Lupinus_luteus-3873-Leu-UAA
11996,srp,train,tRNA_tdbR00000609-Chlamydomonas_reinhardtii-3055-Leu-UA7
11997,srp,train,tRNA_tdbR00000611-Sinorhizobium_meliloti-382-His-GUG
11998,srp,train,tRNA_tdbR00000612-Sinorhizobium_meliloti-382-Trp-CCA
11999,srp,train,tRNA_tdbR00000613-Nanoarchaeum_equitans-160232-Glu-CUC
12000,srp,train,tRNA_tdbR00000614-Nanoarchaeum_equitans-160232-Ini-CAU
12001,srp,train,tRNA_tdbR00000615-Nanoarchaeum_equitans-160232-Trp-CCA
12002,srp,train,tRNA_tdbR00000616-Nanoarchaeum_equitans-160232-Lys-CUU
12003,srp,train,tRNA_tdbR00000617-Nanoarchaeum_equitans-160232-Gln-UUG
12004,srp,train,tRNA_tdbR00000618-Candida_albicans-5476-Leu-CAG
12005,srp,train,tRNA_tdbR00000619-Toxoplasma_gondii-5811-Met-CAU
12006,srp,train,tRNA_tdbR00000620-Toxoplasma_gondii-5811-Ini-CAU
12007,srp,train,tRNA_tdbR00000621-Nicotiana_rustica-4093-Cys-GCA
12008,srp,train,tRNA_tdbR00000622-Nicotiana_rustica-4093-Cys-GCA
12009,srp,train,tRNA_tdbR00000623-Escherichia_coli-562-Pro-CGG
12010,srp,train,telomerase_AC121792.109554-109950
12011,srp,train,telomerase_AF147806.247-692
12012,srp,train,telomerase_AF221906.96-545
12013,srp,train,telomerase_AF221908.136-584
12014,srp,train,telomerase_AF221909.98-496
12015,srp,train,telomerase_AF221910.112-554
12016,srp,train,telomerase_AF221911.104-513
12017,srp,train,telomerase_AF221912.98-564
12018,srp,train,telomerase_AF221913.109-520
12019,srp,train,telomerase_AF221914.112-589
12020,srp,train,telomerase_AF221916.94-481
12021,srp,train,telomerase_AF221917.99-542
12022,srp,train,telomerase_AF221918.97-547
12023,srp,train,telomerase_AF221919.107-614
12024,srp,train,telomerase_AF221920.99-541
12025,srp,train,telomerase_AF221921.98-548
12026,srp,train,telomerase_AF221923.106-554
12027,srp,train,telomerase_AF221924.105-538
12028,srp,train,telomerase_AF221925.98-540
12029,srp,train,telomerase_AF221926.103-507
12030,srp,train,telomerase_AF221927.113-556
12031,srp,train,telomerase_AF221928.95-476
12032,srp,train,telomerase_AF221929.92-517
12033,srp,train,telomerase_AF221930.94-546
12034,srp,train,telomerase_AF221931.99-541
12035,srp,train,telomerase_AF221932.102-549
12036,srp,train,telomerase_AF221934.121-565
12037,srp,train,telomerase_AF221935.112-602
12038,srp,train,telomerase_AF221936.98-540
12039,srp,train,telomerase_AF221937.99-545
12040,srp,train,telomerase_AF221939.99-544
12041,srp,train,telomerase_AF221940.103-499
12042,srp,train,telomerase_AY058901.1-397
12043,srp,train,telomerase_AY312571.605-1069
12044,srp,train,telomerase_U85256.1-451
12045,srp,train,telomerase_AC121792.109554-109950
12046,srp,train,telomerase_AF147806.247-692
12047,srp,train,telomerase_AF221906.96-545
12048,srp,train,telomerase_AF221908.136-584
12049,srp,train,telomerase_AF221909.98-496
12050,srp,train,telomerase_AF221910.112-554
12051,srp,train,telomerase_AF221911.104-513
12052,srp,train,telomerase_AF221912.98-564
12053,srp,train,telomerase_AF221913.109-520
12054,srp,train,telomerase_AF221914.112-589
12055,srp,train,telomerase_AF221916.94-481
12056,srp,train,telomerase_AF221917.99-542
12057,srp,train,telomerase_AF221918.97-547
12058,srp,train,telomerase_AF221919.107-614
12059,srp,train,telomerase_AF221920.99-541
12060,srp,train,telomerase_AF221921.98-548
12061,srp,train,telomerase_AF221923.106-554
12062,srp,train,telomerase_AF221924.105-538
12063,srp,train,telomerase_AF221925.98-540
12064,srp,train,telomerase_AF221926.103-507
12065,srp,train,telomerase_AF221927.113-556
12066,srp,train,telomerase_AF221928.95-476
12067,srp,train,telomerase_AF221929.92-517
12068,srp,train,telomerase_AF221930.94-546
12069,srp,train,telomerase_AF221931.99-541
12070,srp,train,telomerase_AF221932.102-549
12071,srp,train,telomerase_AF221934.121-565
12072,srp,train,telomerase_AF221935.112-602
12073,srp,train,telomerase_AF221936.98-540
12074,srp,train,telomerase_AF221937.99-545
12075,srp,train,telomerase_AF221939.99-544
12076,srp,train,telomerase_AF221940.103-499
12077,srp,train,telomerase_AY058901.1-397
12078,srp,train,telomerase_AY312571.605-1069
12079,srp,train,telomerase_U85256.1-451
12080,srp,train,telomerase_AC121792.109554-109950
12081,srp,train,telomerase_AF147806.247-692
12082,srp,train,telomerase_AF221906.96-545
12083,srp,train,telomerase_AF221908.136-584
12084,srp,train,telomerase_AF221909.98-496
12085,srp,train,telomerase_AF221910.112-554
12086,srp,train,telomerase_AF221911.104-513
12087,srp,train,telomerase_AF221912.98-564
12088,srp,train,telomerase_AF221913.109-520
12089,srp,train,telomerase_AF221914.112-589
12090,srp,train,telomerase_AF221916.94-481
12091,srp,train,telomerase_AF221917.99-542
12092,srp,train,telomerase_AF221918.97-547
12093,srp,train,telomerase_AF221919.107-614
12094,srp,train,telomerase_AF221920.99-541
12095,srp,train,telomerase_AF221921.98-548
12096,srp,train,telomerase_AF221923.106-554
12097,srp,train,telomerase_AF221924.105-538
12098,srp,train,telomerase_AF221925.98-540
12099,srp,train,telomerase_AF221926.103-507
12100,srp,train,telomerase_AF221927.113-556
12101,srp,train,telomerase_AF221928.95-476
12102,srp,train,telomerase_AF221929.92-517
12103,srp,train,telomerase_AF221930.94-546
12104,srp,train,telomerase_AF221931.99-541
12105,srp,train,telomerase_AF221932.102-549
12106,srp,train,telomerase_AF221934.121-565
12107,srp,train,telomerase_AF221935.112-602
12108,srp,train,telomerase_AF221936.98-540
12109,srp,train,telomerase_AF221937.99-545
12110,srp,train,telomerase_AF221939.99-544
12111,srp,train,telomerase_AF221940.103-499
12112,srp,train,telomerase_AY058901.1-397
12113,srp,train,telomerase_AY312571.605-1069
12114,srp,train,telomerase_U85256.1-451
12115,srp,train,telomerase_AC121792.109554-109950
12116,srp,train,telomerase_AF147806.247-692
12117,srp,train,telomerase_AF221906.96-545
12118,srp,train,telomerase_AF221908.136-584
12119,srp,train,telomerase_AF221909.98-496
12120,srp,train,telomerase_AF221910.112-554
12121,srp,train,telomerase_AF221911.104-513
12122,srp,train,telomerase_AF221912.98-564
12123,srp,train,telomerase_AF221913.109-520
12124,srp,train,telomerase_AF221914.112-589
12125,srp,train,telomerase_AF221916.94-481
12126,srp,train,telomerase_AF221917.99-542
12127,srp,train,telomerase_AF221918.97-547
12128,srp,train,telomerase_AF221919.107-614
12129,srp,train,telomerase_AF221920.99-541
12130,srp,train,telomerase_AF221921.98-548
12131,srp,train,telomerase_AF221923.106-554
12132,srp,train,telomerase_AF221924.105-538
12133,srp,train,telomerase_AF221925.98-540
12134,srp,train,telomerase_AF221926.103-507
12135,srp,train,telomerase_AF221927.113-556
12136,srp,train,telomerase_AF221928.95-476
12137,srp,train,telomerase_AF221929.92-517
12138,srp,train,telomerase_AF221930.94-546
12139,srp,train,telomerase_AF221931.99-541
12140,srp,train,telomerase_AF221932.102-549
12141,srp,train,telomerase_AF221934.121-565
12142,srp,train,telomerase_AF221935.112-602
12143,srp,train,telomerase_AF221936.98-540
12144,srp,train,telomerase_AF221937.99-545
12145,srp,train,telomerase_AF221939.99-544
12146,srp,train,telomerase_AF221940.103-499
12147,srp,train,telomerase_AY058901.1-397
12148,srp,train,telomerase_AY312571.605-1069
12149,srp,train,telomerase_U85256.1-451
12150,srp,train,telomerase_AC121792.109554-109950
12151,srp,train,telomerase_AF147806.247-692
12152,srp,train,telomerase_AF221906.96-545
12153,srp,train,telomerase_AF221908.136-584
12154,srp,train,telomerase_AF221909.98-496
12155,srp,train,telomerase_AF221910.112-554
12156,srp,train,telomerase_AF221911.104-513
12157,srp,train,telomerase_AF221912.98-564
12158,srp,train,telomerase_AF221913.109-520
12159,srp,train,telomerase_AF221914.112-589
12160,srp,train,telomerase_AF221916.94-481
12161,srp,train,telomerase_AF221917.99-542
12162,srp,train,telomerase_AF221918.97-547
12163,srp,train,telomerase_AF221919.107-614
12164,srp,train,telomerase_AF221920.99-541
12165,srp,train,telomerase_AF221921.98-548
12166,srp,train,telomerase_AF221923.106-554
12167,srp,train,telomerase_AF221924.105-538
12168,srp,train,telomerase_AF221925.98-540
12169,srp,train,telomerase_AF221926.103-507
12170,srp,train,telomerase_AF221927.113-556
12171,srp,train,telomerase_AF221928.95-476
12172,srp,train,telomerase_AF221929.92-517
12173,srp,train,telomerase_AF221930.94-546
12174,srp,train,telomerase_AF221931.99-541
12175,srp,train,telomerase_AF221932.102-549
12176,srp,train,telomerase_AF221934.121-565
12177,srp,train,telomerase_AF221935.112-602
12178,srp,train,telomerase_AF221936.98-540
12179,srp,train,telomerase_AF221937.99-545
12180,srp,train,telomerase_AF221939.99-544
12181,srp,train,telomerase_AF221940.103-499
12182,srp,train,telomerase_AY058901.1-397
12183,srp,train,telomerase_AY312571.605-1069
12184,srp,train,telomerase_U85256.1-451
12185,srp,train,telomerase_AC121792.109554-109950
12186,srp,train,telomerase_AF147806.247-692
12187,srp,train,telomerase_AF221906.96-545
12188,srp,train,telomerase_AF221908.136-584
12189,srp,train,telomerase_AF221909.98-496
12190,srp,train,telomerase_AF221910.112-554
12191,srp,train,telomerase_AF221911.104-513
12192,srp,train,telomerase_AF221912.98-564
12193,srp,train,telomerase_AF221913.109-520
12194,srp,train,telomerase_AF221914.112-589
12195,srp,train,telomerase_AF221916.94-481
12196,srp,train,telomerase_AF221917.99-542
12197,srp,train,telomerase_AF221918.97-547
12198,srp,train,telomerase_AF221919.107-614
12199,srp,train,telomerase_AF221920.99-541
12200,srp,train,telomerase_AF221921.98-548
12201,srp,train,telomerase_AF221923.106-554
12202,srp,train,telomerase_AF221924.105-538
12203,srp,train,telomerase_AF221925.98-540
12204,srp,train,telomerase_AF221926.103-507
12205,srp,train,telomerase_AF221927.113-556
12206,srp,train,telomerase_AF221928.95-476
12207,srp,train,telomerase_AF221929.92-517
12208,srp,train,telomerase_AF221930.94-546
12209,srp,train,telomerase_AF221931.99-541
12210,srp,train,tmRNA_Acid.caps._TRW-240015_1-352
12211,srp,train,tmRNA_Acid.ferr._TRW-243159_1-364
12212,srp,train,tmRNA_Acid.ferr._TRW-920_1-341
12213,srp,train,tmRNA_Acin.spec._CR543861_1-360
12214,srp,train,tmRNA_Acti.naes._TRW-240017_1-371
12215,srp,train,tmRNA_Aero.hydr._CP000462_1-360
12216,srp,train,tmRNA_Alka.meta._TRW-293826_1-355
12217,srp,train,tmRNA_Aqui.aeol._TRW-63363_1-347
12218,srp,train,tmRNA_Azoa.spec._TRW-62928_1-378
12219,srp,train,tmRNA_Baci.G._TRW-12333_1-312
12220,srp,train,tmRNA_Baci.clau._AP006627_1-355
12221,srp,train,tmRNA_Baci.lich._CP000002_1-356
12222,srp,train,tmRNA_Baci.subt._Z99121_1-360
12223,srp,train,tmRNA_Bact.mari._TRW-97084_1-385
12224,srp,train,tmRNA_Bact.thet._AE015928_1-397
12225,srp,train,tmRNA_Bdel.bact._BX842656_1-346
12226,srp,train,tmRNA_Bifi.long._TRW-206672_1-397
12227,srp,train,tmRNA_Bloc.flor._BX248583_1-393
12228,srp,train,tmRNA_Bloc.penn._CP000016_1-392
12229,srp,train,tmRNA_Bord.pert._TRW-257313_1-387
12230,srp,train,tmRNA_Borr.gari._CP000013_1-363
12231,srp,train,tmRNA_Brev.line._TRW-321955_1-377
12232,srp,train,tmRNA_Buch.aphi._AE013218_1-376
12233,srp,train,tmRNA_Buch.aphi._AE016826_1-367
12234,srp,train,tmRNA_Buch.aphi._BD061520_1-369
12235,srp,train,tmRNA_Cald.sacc._TRW-351627_1-368
12236,srp,train,tmRNA_Camp.fetu._AY211269_1-361
12237,srp,train,tmRNA_Camp.upsa._TRW-306264_1-359
12238,srp,train,tmRNA_Carb.hydr._CP000141_1-359
12239,srp,train,tmRNA_Carn.malt._AF275938_1-366
12240,srp,train,tmRNA_Chla.trac._TRW-813-2_1-420
12241,srp,train,tmRNA_Chlo.aura._AY040836_1-361
12242,srp,train,tmRNA_Chlo.chlo._CP000108_1-401
12243,srp,train,tmRNA_Chlo.tepi._TRW-194439_1-404
12244,srp,train,tmRNA_Chro.sale._CP000285_1-380
12245,srp,train,tmRNA_Chro.viol._AE016825_1-365
12246,srp,train,tmRNA_Clav.mich._TRW-31964_1-376
12247,srp,train,tmRNA_Clos.perf._TRW-195102_1-361
12248,srp,train,tmRNA_Clos.ther._TRW-203119_1-387
12249,srp,train,tmRNA_Colw.psyc._CP000083_1-350
12250,srp,train,tmRNA_Copr.prot._TRW-351627_1-353
12251,srp,train,tmRNA_Cory.diph._BX248356_1-385
12252,srp,train,tmRNA_Cory.glut._BX927150_1-377
12253,srp,train,tmRNA_Coxi.burn._AE016828_1-360
12254,srp,train,tmRNA_Croc.wats._TRW-165597_1-386
12255,srp,train,tmRNA_Cyan.cald._AF022186_1-254
12256,srp,train,tmRNA_Cyan.mero._TRW-45157_1-236
12257,srp,train,tmRNA_Cyan.para._U30821_1-291
12258,srp,train,tmRNA_Cyto.hutc._CP000383_1-404
12259,srp,train,tmRNA_Deha.ethe._CP000027_1-352
12260,srp,train,tmRNA_Dein.geot._CP000359_1-348
12261,srp,train,tmRNA_Dein.radi._TRW-243230_1-349
12262,srp,train,tmRNA_Desu.acet._TRW-281689_1-353
12263,srp,train,tmRNA_Desu.desu._CP000112_1-360
12264,srp,train,tmRNA_Desu.psyc._CR522870_1-366
12265,srp,train,tmRNA_Desu.vulg._AE017285_1-352
12266,srp,train,tmRNA_Dich.nodo._TRW-35819_1-352
12267,srp,train,tmRNA_Dict.ther._TRW-14_1-350
12268,srp,train,tmRNA_Emil.huxl._TRW-280463_1-291
12269,srp,train,tmRNA_Ente.faec._TRW-1352_1-367
12270,srp,train,tmRNA_Exig.sibi._TRW-262543_1-359
12271,srp,train,tmRNA_Fibr.succ._TRW-59374_1-361
12272,srp,train,tmRNA_Fran.spec._TRW-298653_1-375
12273,srp,train,tmRNA_Fran.tula._CP000437_1-421
12274,srp,train,tmRNA_Fuso.nucl._TRW-393480_1-344
12275,srp,train,tmRNA_Gemm.obsc._TRW-214688_1-412
12276,srp,train,tmRNA_Geob.meta._CP000148_1-356
12277,srp,train,tmRNA_Geob.stea._TRW-1422_1-352
12278,srp,train,tmRNA_Geob.sulf._AE017180_1-356
12279,srp,train,tmRNA_Grac.tenu._AY673996_1-396
12280,srp,train,tmRNA_Guil.thet._TRW-55529_1-330
12281,srp,train,tmRNA_Haem.ducr._AE017143_1-367
12282,srp,train,tmRNA_Haem.somn._CP000436_1-367
12283,srp,train,tmRNA_Heli.hepa._AE017125_1-369
12284,srp,train,tmRNA_Heli.must._DQ250625_1-366
12285,srp,train,tmRNA_Heli.pylo._TRW-85963_1-386
12286,srp,train,tmRNA_Idio.loih._AE017340_1-359
12287,srp,train,tmRNA_Jako.libe._TRW-143017_1-102
12288,srp,train,tmRNA_Lact.brev._CP000416_1-372
12289,srp,train,tmRNA_Lact.case._CP000423_1-364
12290,srp,train,tmRNA_Lact.delb._AF440335_1-316
12291,srp,train,tmRNA_Lact.delb._TRW-321956_1-362
12292,srp,train,tmRNA_Lact.john._TRW-257314_1-367
12293,srp,train,tmRNA_Lact.lact._AF176556_1-359
12294,srp,train,tmRNA_Lact.plan._AL935259_1-372
12295,srp,train,tmRNA_Lact.sake._TRW-314315_1-370
12296,srp,train,tmRNA_Laws.intr._AM180252_1-376
12297,srp,train,tmRNA_Legi.pneu._CR628337_1-406
12298,srp,train,tmRNA_Leif.xyli._AE016822_1-394
12299,srp,train,tmRNA_Lept.inte._AE016823_1-350
12300,srp,train,tmRNA_Lept.spec._TRW-261386_1-359
12301,srp,train,tmRNA_Leuc.mese._AF375574_1-307
12302,srp,train,tmRNA_Leuc.mese._TRW-1245_1-358
12303,srp,train,tmRNA_List.gray._AF440336_1-321
12304,srp,train,tmRNA_List.wels._AF440351_1-321
12305,srp,train,tmRNA_Magn.spec._CP000471_1-366
12306,srp,train,tmRNA_Mari.aqua._TRW-351348_1-366
12307,srp,train,tmRNA_Meso.flor._AE017263_1-408
12308,srp,train,tmRNA_Meso.viri._AF166114_1-359
12309,srp,train,tmRNA_Meth.caps._AE017282_1-356
12310,srp,train,tmRNA_Moor.ther._CP000232_1-358
12311,srp,train,tmRNA_Mora.cata._AX067460_1-359
12312,srp,train,tmRNA_Myco.Bxz1._AY129337_1-437
12313,srp,train,tmRNA_Myco.arth._TRW-243272_1-394
12314,srp,train,tmRNA_Myco.gall._AE015450_1-408
12315,srp,train,tmRNA_Myco.geni._U39713_1-385
12316,srp,train,tmRNA_Myco.hyop._TRW-295358_1-424
12317,srp,train,tmRNA_Myco.mobi._TRW-267748_1-376
12318,srp,train,tmRNA_Myco.myco._BX842642_1-411
12319,srp,train,tmRNA_Myco.pene._BA000026_1-405
12320,srp,train,tmRNA_Myco.pneu._AE000035_1-384
12321,srp,train,tmRNA_Myco.pulm._AL445565_1-387
12322,srp,train,tmRNA_Myxo.xant._TRW-34_1-366
12323,srp,train,tmRNA_Neph.oliv._AF137379-2_1-327
12324,srp,train,tmRNA_Nitr.mult._CP000103_1-362
12325,srp,train,tmRNA_Nitr.ocea._CP000127_1-361
12326,srp,train,tmRNA_Noca.farc._AP006618_1-368
12327,srp,train,tmRNA_Nost.spec._BA000019_1-390
12328,srp,train,tmRNA_Ocea.ihey._BA000028_1-364
12329,srp,train,tmRNA_Odon.sine._Z67753_1-368
12330,srp,train,tmRNA_Oeno.oeni._TRW-203123_1-350
12331,srp,train,tmRNA_Onio.yell._AP006628_1-423
12332,srp,train,tmRNA_Paen.larv._TRW-1464_1-367
12333,srp,train,tmRNA_Para.symb._BX908798_1-405
12334,srp,train,tmRNA_Pedi.pent._CP000422_1-369
12335,srp,train,tmRNA_Pelo.carb._CP000142_1-358
12336,srp,train,tmRNA_Phot.prof._CR378665_1-368
12337,srp,train,tmRNA_Porp.ging._TRW-242619_1-407
12338,srp,train,tmRNA_Porp.purp._TRW-2787_1-323
12339,srp,train,tmRNA_Prev.rumi._TRW-264731_1-401
12340,srp,train,tmRNA_Prop.acne._TRW-1747-1_1-371
12341,srp,train,tmRNA_Prop.acne._TRW-1747-3_1-353
12342,srp,train,tmRNA_Pseu.aeru._CP000438_1-353
12343,srp,train,tmRNA_Pseu.atla._CP000388_1-357
12344,srp,train,tmRNA_Pseu.halo._CR954246_1-357
12345,srp,train,tmRNA_Rals.sola._AL646061_1-357
12346,srp,train,tmRNA_Rhod.balt._BX294141_1-380
12347,srp,train,tmRNA_Rubr.gela._TRW-279263_1-372
12348,srp,train,tmRNA_Rubr.xyla._TRW-266117_1-360
12349,srp,train,tmRNA_Rumi.albu._TRW-246199_1-354
12350,srp,train,tmRNA_Sacc.degr._CP000282_1-389
12351,srp,train,tmRNA_Sali.rube._CP000159_1-369
12352,srp,train,tmRNA_Soli.usit._CP000473_1-352
12353,srp,train,tmRNA_Spir.kunk._TRW-273035_1-424
12354,srp,train,tmRNA_Stap.epid._AF375586_1-311
12355,srp,train,tmRNA_Stap.epid._TRW-176280_1-361
12356,srp,train,tmRNA_Stre.aver._BA000030_1-389
12357,srp,train,tmRNA_Stre.coll._AY485228_1-386
12358,srp,train,tmRNA_Stre.scab._TRW-1883_1-402
12359,srp,train,tmRNA_Stre.ther._CP000419_1-350
12360,srp,train,tmRNA_Stre.uber._TRW-218495_1-350
12361,srp,train,tmRNA_Sulf.azor._TRW-204536_1-351
12362,srp,train,tmRNA_Syne.spec._AB003477_1-394
12363,srp,train,tmRNA_Syne.spec._TRW-1131_1-399
12364,srp,train,tmRNA_Syne.spec._TRW-32049_1-396
12365,srp,train,tmRNA_Synt.acid._CP000252_1-356
12366,srp,train,tmRNA_Tann.fors._TRW-203275_1-400
12367,srp,train,tmRNA_Thal.weis._AF049491_1-348
12368,srp,train,tmRNA_Ther.comm._TRW-289377_1-355
12369,srp,train,tmRNA_Ther.elon._BA000039_1-386
12370,srp,train,tmRNA_Ther.fusc._CP000088_1-372
12371,srp,train,tmRNA_Ther.neap._TRW-309803_1-357
12372,srp,train,tmRNA_Ther.rose._TRW-309801_1-353
12373,srp,train,tmRNA_Ther.teng._AE013063_1-351
12374,srp,train,tmRNA_Ther.ther._Y15063_1-349
12375,srp,train,tmRNA_Ther.yell._TRW-289376_1-350
12376,srp,train,tmRNA_Thio.crun._CP000109_1-358
12377,srp,train,tmRNA_Thio.deni._CP000116_1-367
12378,srp,train,tmRNA_Trem.prin._AF481102_1-264
12379,srp,train,tmRNA_Trep.dent._AE017226_1-351
12380,srp,train,tmRNA_Trep.pall._TRW-243276_1-354
12381,srp,train,tmRNA_Tric.eryt._CP000393_1-398
12382,srp,train,tmRNA_Trop.whip._BX251411_1-369
12383,srp,train,tmRNA_Urea.parv._AE002154_1-413
12384,srp,train,tmRNA_Verr.spin._TRW-240016_1-356
12385,srp,train,tmRNA_Wigg.glos._BA000021_1-365
12386,srp,train,tmRNA_Woli.succ._BX571661_1-369
12387,srp,train,tmRNA_Xant.oryz._AE013598_1-397
12388,srp,train,tmRNA_Xyle.fast._TRW-155920_1-355
12389,srp,train,tmRNA_Yers.moll._TRW-349967_1-381
12390,srp,train,tmRNA_Yers.pseu._AR948532_1-364
12391,srp,train,tmRNA_envi.sequ._TRW-2-1_1-365
12392,srp,train,tmRNA_envi.sequ._TRW-2-2_1-356
12393,srp,train,tmRNA_envi.sequ._TRW-204433_1-356
12394,srp,train,tmRNA_envi.sequ._TRW-259292_1-355
12395,srp,train,tmRNA_envi.sequ._TRW-300695-2_1-345
12396,srp,train,tmRNA_envi.sequ._TRW-32045-1_1-355
12397,srp,train,tmRNA_envi.sequ._TRW-32045-2_1-345
12398,srp,train,tmRNA_envi.sequ._TRW-32045-3_1-350
12399,srp,train,tmRNA_envi.sequ._TRW-351057-3_1-355
12400,srp,train,tmRNA_envi.sequ._TRW-356-1_1-289
12401,srp,train,tmRNA_uncu.bact._TRW-135621-1_1-397
12402,srp,train,tmRNA_uncu.bact._TRW-32033-1_1-354
12403,srp,train,tmRNA_uncu.bact._TRW-32045-4_1-369
12404,srp,train,tmRNA_uncu.bact._TRW-383630-1_1-364
12405,srp,train,tmRNA_uncu.bact._TRW-45456_1-408
12406,srp,train,tmRNA_uncu.bact._TRW-72274-1_1-359
12407,srp,train,tmRNA_uncu.bact._TRW-72274-2_1-359
12408,srp,train,tmRNA_uncu.bact._TRW-80840-3_1-379
12409,srp,train,tmRNA_uncu.mari._TRW-363180_1-347
12410,tRNA,train,16s_A.fulgidus_domain2
12411,tRNA,train,16s_A.fulgidus_domain3
12412,tRNA,train,16s_A.fulgidus_domain4
12413,tRNA,train,16s_A.pyrophilus_domain2
12414,tRNA,train,16s_A.pyrophilus_domain4
12415,tRNA,train,16s_B.burgdorferi_domain2
12416,tRNA,train,16s_B.burgdorferi_domain3
12417,tRNA,train,16s_B.burgdorferi_domain4
12418,tRNA,train,16s_B.subtilis_domain2
12419,tRNA,train,16s_B.subtilis_domain3
12420,tRNA,train,16s_B.subtilis_domain4
12421,tRNA,train,16s_C.elegans_domain1
12422,tRNA,train,16s_C.elegans_domain2
12423,tRNA,train,16s_C.elegans_domain3
12424,tRNA,train,16s_C.elegans_domain4
12425,tRNA,train,16s_C.psittaci_domain2
12426,tRNA,train,16s_C.psittaci_domain3
12427,tRNA,train,16s_C.psittaci_domain4
12428,tRNA,train,16s_C.reinhardtii.chloro_domain1
12429,tRNA,train,16s_C.reinhardtii.chloro_domain2
12430,tRNA,train,16s_C.reinhardtii.chloro_domain3
12431,tRNA,train,16s_C.reinhardtii.chloro_domain4
12432,tRNA,train,16s_C.reinhardtii.mito_domain1
12433,tRNA,train,16s_C.reinhardtii.mito_domain2
12434,tRNA,train,16s_C.reinhardtii.mito_domain3
12435,tRNA,train,16s_C.reinhardtii.mito_domain4
12436,tRNA,train,16s_D.melanogaster_domain4
12437,tRNA,train,16s_E.coli_domain2
12438,tRNA,train,16s_E.coli_domain3
12439,tRNA,train,16s_E.coli_domain4
12440,tRNA,train,16s_F.ananassa_domain3
12441,tRNA,train,16s_F.ananassa_domain4
12442,tRNA,train,16s_G.intestinalis_domain1
12443,tRNA,train,16s_G.intestinalis_domain2
12444,tRNA,train,16s_G.intestinalis_domain3
12445,tRNA,train,16s_G.intestinalis_domain4
12446,tRNA,train,16s_H.sapiens.mito_domain1
12447,tRNA,train,16s_H.sapiens.mito_domain2
12448,tRNA,train,16s_H.sapiens.mito_domain3
12449,tRNA,train,16s_H.sapiens.mito_domain4
12450,tRNA,train,16s_H.sapiens_domain3
12451,tRNA,train,16s_H.sapiens_domain4
12452,tRNA,train,16s_H.volcanii_domain1
12453,tRNA,train,16s_H.volcanii_domain2
12454,tRNA,train,16s_H.volcanii_domain3
12455,tRNA,train,16s_H.volcanii_domain4
12456,tRNA,train,16s_M.polymorpha_domain2
12457,tRNA,train,16s_M.polymorpha_domain3
12458,tRNA,train,16s_M.polymorpha_domain4
12459,tRNA,train,16s_P.occultum_domain2
12460,tRNA,train,16s_P.occultum_domain3
12461,tRNA,train,16s_P.occultum_domain4
12462,tRNA,train,16s_P.staleyi_domain2
12463,tRNA,train,16s_P.staleyi_domain3
12464,tRNA,train,16s_P.staleyi_domain4
12465,tRNA,train,16s_S.cerevisiae_domain3
12466,tRNA,train,16s_S.cerevisiae_domain4
12467,tRNA,train,16s_T.gondii_domain3
12468,tRNA,train,16s_T.gondii_domain4
12469,tRNA,train,16s_T.maritima_domain2
12470,tRNA,train,16s_T.maritima_domain3
12471,tRNA,train,16s_T.maritima_domain4
12472,tRNA,train,16s_Z.mays_domain1
12473,tRNA,train,16s_Z.mays_domain2
12474,tRNA,train,16s_Z.mays_domain3
12475,tRNA,train,16s_Z.mays_domain4
12476,tRNA,train,16s_A.fulgidus_domain2
12477,tRNA,train,16s_A.fulgidus_domain3
12478,tRNA,train,16s_A.fulgidus_domain4
12479,tRNA,train,16s_A.pyrophilus_domain2
12480,tRNA,train,16s_A.pyrophilus_domain4
12481,tRNA,train,16s_B.burgdorferi_domain2
12482,tRNA,train,16s_B.burgdorferi_domain3
12483,tRNA,train,16s_B.burgdorferi_domain4
12484,tRNA,train,16s_B.subtilis_domain2
12485,tRNA,train,16s_B.subtilis_domain3
12486,tRNA,train,16s_B.subtilis_domain4
12487,tRNA,train,16s_C.elegans_domain1
12488,tRNA,train,16s_C.elegans_domain2
12489,tRNA,train,16s_C.elegans_domain3
12490,tRNA,train,16s_C.elegans_domain4
12491,tRNA,train,16s_C.psittaci_domain2
12492,tRNA,train,16s_C.psittaci_domain3
12493,tRNA,train,16s_C.psittaci_domain4
12494,tRNA,train,16s_C.reinhardtii.chloro_domain1
12495,tRNA,train,16s_C.reinhardtii.chloro_domain2
12496,tRNA,train,16s_C.reinhardtii.chloro_domain3
12497,tRNA,train,16s_C.reinhardtii.chloro_domain4
12498,tRNA,train,16s_C.reinhardtii.mito_domain1
12499,tRNA,train,16s_C.reinhardtii.mito_domain2
12500,tRNA,train,16s_C.reinhardtii.mito_domain3
12501,tRNA,train,16s_C.reinhardtii.mito_domain4
12502,tRNA,train,16s_D.melanogaster_domain4
12503,tRNA,train,16s_E.coli_domain2
12504,tRNA,train,16s_E.coli_domain3
12505,tRNA,train,16s_E.coli_domain4
12506,tRNA,train,16s_F.ananassa_domain3
12507,tRNA,train,16s_F.ananassa_domain4
12508,tRNA,train,16s_G.intestinalis_domain1
12509,tRNA,train,16s_G.intestinalis_domain2
12510,tRNA,train,16s_G.intestinalis_domain3
12511,tRNA,train,16s_G.intestinalis_domain4
12512,tRNA,train,16s_H.sapiens.mito_domain1
12513,tRNA,train,16s_H.sapiens.mito_domain2
12514,tRNA,train,16s_H.sapiens.mito_domain3
12515,tRNA,train,16s_H.sapiens.mito_domain4
12516,tRNA,train,16s_H.sapiens_domain3
12517,tRNA,train,16s_H.sapiens_domain4
12518,tRNA,train,16s_H.volcanii_domain1
12519,tRNA,train,16s_H.volcanii_domain2
12520,tRNA,train,16s_H.volcanii_domain3
12521,tRNA,train,16s_H.volcanii_domain4
12522,tRNA,train,16s_M.polymorpha_domain2
12523,tRNA,train,16s_M.polymorpha_domain3
12524,tRNA,train,16s_M.polymorpha_domain4
12525,tRNA,train,16s_P.occultum_domain2
12526,tRNA,train,16s_P.occultum_domain3
12527,tRNA,train,16s_P.occultum_domain4
12528,tRNA,train,16s_P.staleyi_domain2
12529,tRNA,train,16s_P.staleyi_domain3
12530,tRNA,train,16s_P.staleyi_domain4
12531,tRNA,train,16s_S.cerevisiae_domain3
12532,tRNA,train,16s_S.cerevisiae_domain4
12533,tRNA,train,16s_T.gondii_domain3
12534,tRNA,train,16s_T.gondii_domain4
12535,tRNA,train,16s_T.maritima_domain2
12536,tRNA,train,16s_T.maritima_domain3
12537,tRNA,train,16s_T.maritima_domain4
12538,tRNA,train,16s_Z.mays_domain1
12539,tRNA,train,16s_Z.mays_domain2
12540,tRNA,train,16s_Z.mays_domain3
12541,tRNA,train,16s_Z.mays_domain4
12542,tRNA,train,16s_A.fulgidus_domain2
12543,tRNA,train,16s_A.fulgidus_domain3
12544,tRNA,train,16s_A.fulgidus_domain4
12545,tRNA,train,16s_A.pyrophilus_domain2
12546,tRNA,train,16s_A.pyrophilus_domain4
12547,tRNA,train,16s_B.burgdorferi_domain2
12548,tRNA,train,16s_B.burgdorferi_domain3
12549,tRNA,train,16s_B.burgdorferi_domain4
12550,tRNA,train,16s_B.subtilis_domain2
12551,tRNA,train,16s_B.subtilis_domain3
12552,tRNA,train,16s_B.subtilis_domain4
12553,tRNA,train,16s_C.elegans_domain1
12554,tRNA,train,16s_C.elegans_domain2
12555,tRNA,train,16s_C.elegans_domain3
12556,tRNA,train,16s_C.elegans_domain4
12557,tRNA,train,16s_C.psittaci_domain2
12558,tRNA,train,16s_C.psittaci_domain3
12559,tRNA,train,16s_C.psittaci_domain4
12560,tRNA,train,16s_C.reinhardtii.chloro_domain1
12561,tRNA,train,16s_C.reinhardtii.chloro_domain2
12562,tRNA,train,16s_C.reinhardtii.chloro_domain3
12563,tRNA,train,16s_C.reinhardtii.chloro_domain4
12564,tRNA,train,16s_C.reinhardtii.mito_domain1
12565,tRNA,train,16s_C.reinhardtii.mito_domain2
12566,tRNA,train,16s_C.reinhardtii.mito_domain3
12567,tRNA,train,16s_C.reinhardtii.mito_domain4
12568,tRNA,train,16s_D.melanogaster_domain4
12569,tRNA,train,16s_E.coli_domain2
12570,tRNA,train,16s_E.coli_domain3
12571,tRNA,train,16s_E.coli_domain4
12572,tRNA,train,16s_F.ananassa_domain3
12573,tRNA,train,16s_F.ananassa_domain4
12574,tRNA,train,16s_G.intestinalis_domain1
12575,tRNA,train,16s_G.intestinalis_domain2
12576,tRNA,train,16s_G.intestinalis_domain3
12577,tRNA,train,16s_G.intestinalis_domain4
12578,tRNA,train,16s_H.sapiens.mito_domain1
12579,tRNA,train,16s_H.sapiens.mito_domain2
12580,tRNA,train,16s_H.sapiens.mito_domain3
12581,tRNA,train,16s_H.sapiens.mito_domain4
12582,tRNA,train,16s_H.sapiens_domain3
12583,tRNA,train,16s_H.sapiens_domain4
12584,tRNA,train,16s_H.volcanii_domain1
12585,tRNA,train,16s_H.volcanii_domain2
12586,tRNA,train,16s_H.volcanii_domain3
12587,tRNA,train,16s_H.volcanii_domain4
12588,tRNA,train,16s_M.polymorpha_domain2
12589,tRNA,train,16s_M.polymorpha_domain3
12590,tRNA,train,16s_M.polymorpha_domain4
12591,tRNA,train,16s_P.occultum_domain2
12592,tRNA,train,16s_P.occultum_domain3
12593,tRNA,train,16s_P.occultum_domain4
12594,tRNA,train,16s_P.staleyi_domain2
12595,tRNA,train,16s_P.staleyi_domain3
12596,tRNA,train,16s_P.staleyi_domain4
12597,tRNA,train,16s_S.cerevisiae_domain3
12598,tRNA,train,16s_S.cerevisiae_domain4
12599,tRNA,train,16s_T.gondii_domain3
12600,tRNA,train,16s_T.gondii_domain4
12601,tRNA,train,16s_T.maritima_domain2
12602,tRNA,train,16s_T.maritima_domain3
12603,tRNA,train,16s_T.maritima_domain4
12604,tRNA,train,16s_Z.mays_domain1
12605,tRNA,train,16s_Z.mays_domain2
12606,tRNA,train,16s_Z.mays_domain3
12607,tRNA,train,16s_Z.mays_domain4
12608,tRNA,train,16s_A.fulgidus_domain2
12609,tRNA,train,16s_A.fulgidus_domain3
12610,tRNA,train,23s_B.subtilis_domain3
12611,tRNA,train,23s_B.subtilis_domain4
12612,tRNA,train,23s_B.subtilis_domain6
12613,tRNA,train,23s_E.coli_domain3
12614,tRNA,train,23s_E.coli_domain4
12615,tRNA,train,23s_E.coli_domain6
12616,tRNA,train,23s_H.pylori_domain3
12617,tRNA,train,23s_H.pylori_domain4
12618,tRNA,train,23s_H.pylori_domain6
12619,tRNA,train,23s_S.aureus_domain3
12620,tRNA,train,23s_S.aureus_domain4
12621,tRNA,train,23s_S.aureus_domain6
12622,tRNA,train,23s_T.thermophilus_domain3
12623,tRNA,train,23s_T.thermophilus_domain4
12624,tRNA,train,23s_T.thermophilus_domain6
12625,tRNA,train,23s_B.subtilis_domain3
12626,tRNA,train,23s_B.subtilis_domain4
12627,tRNA,train,23s_B.subtilis_domain6
12628,tRNA,train,23s_E.coli_domain3
12629,tRNA,train,23s_E.coli_domain4
12630,tRNA,train,23s_E.coli_domain6
12631,tRNA,train,23s_H.pylori_domain3
12632,tRNA,train,23s_H.pylori_domain4
12633,tRNA,train,23s_H.pylori_domain6
12634,tRNA,train,23s_S.aureus_domain3
12635,tRNA,train,23s_S.aureus_domain4
12636,tRNA,train,23s_S.aureus_domain6
12637,tRNA,train,23s_T.thermophilus_domain3
12638,tRNA,train,23s_T.thermophilus_domain4
12639,tRNA,train,23s_T.thermophilus_domain6
12640,tRNA,train,23s_B.subtilis_domain3
12641,tRNA,train,23s_B.subtilis_domain4
12642,tRNA,train,23s_B.subtilis_domain6
12643,tRNA,train,23s_E.coli_domain3
12644,tRNA,train,23s_E.coli_domain4
12645,tRNA,train,23s_E.coli_domain6
12646,tRNA,train,23s_H.pylori_domain3
12647,tRNA,train,23s_H.pylori_domain4
12648,tRNA,train,23s_H.pylori_domain6
12649,tRNA,train,23s_S.aureus_domain3
12650,tRNA,train,23s_S.aureus_domain4
12651,tRNA,train,23s_S.aureus_domain6
12652,tRNA,train,23s_T.thermophilus_domain3
12653,tRNA,train,23s_T.thermophilus_domain4
12654,tRNA,train,23s_T.thermophilus_domain6
12655,tRNA,train,23s_B.subtilis_domain3
12656,tRNA,train,23s_B.subtilis_domain4
12657,tRNA,train,23s_B.subtilis_domain6
12658,tRNA,train,23s_E.coli_domain3
12659,tRNA,train,23s_E.coli_domain4
12660,tRNA,train,23s_E.coli_domain6
12661,tRNA,train,23s_H.pylori_domain3
12662,tRNA,train,23s_H.pylori_domain4
12663,tRNA,train,23s_H.pylori_domain6
12664,tRNA,train,23s_S.aureus_domain3
12665,tRNA,train,23s_S.aureus_domain4
12666,tRNA,train,23s_S.aureus_domain6
12667,tRNA,train,23s_T.thermophilus_domain3
12668,tRNA,train,23s_T.thermophilus_domain4
12669,tRNA,train,23s_T.thermophilus_domain6
12670,tRNA,train,23s_B.subtilis_domain3
12671,tRNA,train,23s_B.subtilis_domain4
12672,tRNA,train,23s_B.subtilis_domain6
12673,tRNA,train,23s_E.coli_domain3
12674,tRNA,train,23s_E.coli_domain4
12675,tRNA,train,23s_E.coli_domain6
12676,tRNA,train,23s_H.pylori_domain3
12677,tRNA,train,23s_H.pylori_domain4
12678,tRNA,train,23s_H.pylori_domain6
12679,tRNA,train,23s_S.aureus_domain3
12680,tRNA,train,23s_S.aureus_domain4
12681,tRNA,train,23s_S.aureus_domain6
12682,tRNA,train,23s_T.thermophilus_domain3
12683,tRNA,train,23s_T.thermophilus_domain4
12684,tRNA,train,23s_T.thermophilus_domain6
12685,tRNA,train,23s_B.subtilis_domain3
12686,tRNA,train,23s_B.subtilis_domain4
12687,tRNA,train,23s_B.subtilis_domain6
12688,tRNA,train,23s_E.coli_domain3
12689,tRNA,train,23s_E.coli_domain4
12690,tRNA,train,23s_E.coli_domain6
12691,tRNA,train,23s_H.pylori_domain3
12692,tRNA,train,23s_H.pylori_domain4
12693,tRNA,train,23s_H.pylori_domain6
12694,tRNA,train,23s_S.aureus_domain3
12695,tRNA,train,23s_S.aureus_domain4
12696,tRNA,train,23s_S.aureus_domain6
12697,tRNA,train,23s_T.thermophilus_domain3
12698,tRNA,train,23s_T.thermophilus_domain4
12699,tRNA,train,23s_T.thermophilus_domain6
12700,tRNA,train,23s_B.subtilis_domain3
12701,tRNA,train,23s_B.subtilis_domain4
12702,tRNA,train,23s_B.subtilis_domain6
12703,tRNA,train,23s_E.coli_domain3
12704,tRNA,train,23s_E.coli_domain4
12705,tRNA,train,23s_E.coli_domain6
12706,tRNA,train,23s_H.pylori_domain3
12707,tRNA,train,23s_H.pylori_domain4
12708,tRNA,train,23s_H.pylori_domain6
12709,tRNA,train,23s_S.aureus_domain3
12710,tRNA,train,23s_S.aureus_domain4
12711,tRNA,train,23s_S.aureus_domain6
12712,tRNA,train,23s_T.thermophilus_domain3
12713,tRNA,train,23s_T.thermophilus_domain4
12714,tRNA,train,23s_T.thermophilus_domain6
12715,tRNA,train,23s_B.subtilis_domain3
12716,tRNA,train,23s_B.subtilis_domain4
12717,tRNA,train,23s_B.subtilis_domain6
12718,tRNA,train,23s_E.coli_domain3
12719,tRNA,train,23s_E.coli_domain4
12720,tRNA,train,23s_E.coli_domain6
12721,tRNA,train,23s_H.pylori_domain3
12722,tRNA,train,23s_H.pylori_domain4
12723,tRNA,train,23s_H.pylori_domain6
12724,tRNA,train,23s_S.aureus_domain3
12725,tRNA,train,23s_S.aureus_domain4
12726,tRNA,train,23s_S.aureus_domain6
12727,tRNA,train,23s_T.thermophilus_domain3
12728,tRNA,train,23s_T.thermophilus_domain4
12729,tRNA,train,23s_T.thermophilus_domain6
12730,tRNA,train,23s_B.subtilis_domain3
12731,tRNA,train,23s_B.subtilis_domain4
12732,tRNA,train,23s_B.subtilis_domain6
12733,tRNA,train,23s_E.coli_domain3
12734,tRNA,train,23s_E.coli_domain4
12735,tRNA,train,23s_E.coli_domain6
12736,tRNA,train,23s_H.pylori_domain3
12737,tRNA,train,23s_H.pylori_domain4
12738,tRNA,train,23s_H.pylori_domain6
12739,tRNA,train,23s_S.aureus_domain3
12740,tRNA,train,23s_S.aureus_domain4
12741,tRNA,train,23s_S.aureus_domain6
12742,tRNA,train,23s_T.thermophilus_domain3
12743,tRNA,train,23s_T.thermophilus_domain4
12744,tRNA,train,23s_T.thermophilus_domain6
12745,tRNA,train,23s_B.subtilis_domain3
12746,tRNA,train,23s_B.subtilis_domain4
12747,tRNA,train,23s_B.subtilis_domain6
12748,tRNA,train,23s_E.coli_domain3
12749,tRNA,train,23s_E.coli_domain4
12750,tRNA,train,23s_E.coli_domain6
12751,tRNA,train,23s_H.pylori_domain3
12752,tRNA,train,23s_H.pylori_domain4
12753,tRNA,train,23s_H.pylori_domain6
12754,tRNA,train,23s_S.aureus_domain3
12755,tRNA,train,23s_S.aureus_domain4
12756,tRNA,train,23s_S.aureus_domain6
12757,tRNA,train,23s_T.thermophilus_domain3
12758,tRNA,train,23s_T.thermophilus_domain4
12759,tRNA,train,23s_T.thermophilus_domain6
12760,tRNA,train,23s_B.subtilis_domain3
12761,tRNA,train,23s_B.subtilis_domain4
12762,tRNA,train,23s_B.subtilis_domain6
12763,tRNA,train,23s_E.coli_domain3
12764,tRNA,train,23s_E.coli_domain4
12765,tRNA,train,23s_E.coli_domain6
12766,tRNA,train,23s_H.pylori_domain3
12767,tRNA,train,23s_H.pylori_domain4
12768,tRNA,train,23s_H.pylori_domain6
12769,tRNA,train,23s_S.aureus_domain3
12770,tRNA,train,23s_S.aureus_domain4
12771,tRNA,train,23s_S.aureus_domain6
12772,tRNA,train,23s_T.thermophilus_domain3
12773,tRNA,train,23s_T.thermophilus_domain4
12774,tRNA,train,23s_T.thermophilus_domain6
12775,tRNA,train,23s_B.subtilis_domain3
12776,tRNA,train,23s_B.subtilis_domain4
12777,tRNA,train,23s_B.subtilis_domain6
12778,tRNA,train,23s_E.coli_domain3
12779,tRNA,train,23s_E.coli_domain4
12780,tRNA,train,23s_E.coli_domain6
12781,tRNA,train,23s_H.pylori_domain3
12782,tRNA,train,23s_H.pylori_domain4
12783,tRNA,train,23s_H.pylori_domain6
12784,tRNA,train,23s_S.aureus_domain3
12785,tRNA,train,23s_S.aureus_domain4
12786,tRNA,train,23s_S.aureus_domain6
12787,tRNA,train,23s_T.thermophilus_domain3
12788,tRNA,train,23s_T.thermophilus_domain4
12789,tRNA,train,23s_T.thermophilus_domain6
12790,tRNA,train,23s_B.subtilis_domain3
12791,tRNA,train,23s_B.subtilis_domain4
12792,tRNA,train,23s_B.subtilis_domain6
12793,tRNA,train,23s_E.coli_domain3
12794,tRNA,train,23s_E.coli_domain4
12795,tRNA,train,23s_E.coli_domain6
12796,tRNA,train,23s_H.pylori_domain3
12797,tRNA,train,23s_H.pylori_domain4
12798,tRNA,train,23s_H.pylori_domain6
12799,tRNA,train,23s_S.aureus_domain3
12800,tRNA,train,23s_S.aureus_domain4
12801,tRNA,train,23s_S.aureus_domain6
12802,tRNA,train,23s_T.thermophilus_domain3
12803,tRNA,train,23s_T.thermophilus_domain4
12804,tRNA,train,23s_T.thermophilus_domain6
12805,tRNA,train,23s_B.subtilis_domain3
12806,tRNA,train,23s_B.subtilis_domain4
12807,tRNA,train,23s_B.subtilis_domain6
12808,tRNA,train,23s_E.coli_domain3
12809,tRNA,train,23s_E.coli_domain4
12810,tRNA,train,5s_Anaplasma-phagocytophilum-1
12811,tRNA,train,5s_Andrias-davidianus-1
12812,tRNA,train,5s_Andrias-japonicus-1
12813,tRNA,train,5s_Ascaris-suum-1
12814,tRNA,train,5s_Ascobolus-immersus-1
12815,tRNA,train,5s_Ascobolus-immersus-4
12816,tRNA,train,5s_Asterias-vulgaris-1
12817,tRNA,train,5s_Aurelia_aurita-1
12818,tRNA,train,5s_Azospirillum-lipoferum-1
12819,tRNA,train,5s_Bacillus-amyloliquefaciens-1
12820,tRNA,train,5s_Bacillus-subtilis-6
12821,tRNA,train,5s_Bacteroides-capillosus-1
12822,tRNA,train,5s_Bacteroides-fragilis-5
12823,tRNA,train,5s_Bacteroides-thetaiotaomicron-1
12824,tRNA,train,5s_Bacteroides-veroralis-1
12825,tRNA,train,5s_Borrelia-burgdorferi-1
12826,tRNA,train,5s_Brucella-suis-1
12827,tRNA,train,5s_Buchnera-aphidicola-1
12828,tRNA,train,5s_Buchnera-aphidicola-3
12829,tRNA,train,5s_Bursaphelenchus-xylophilus-1
12830,tRNA,train,5s_Caenorhabditis-elegans-3
12831,tRNA,train,5s_Candida-azyma-1
12832,tRNA,train,5s_Candidatus-Phytoplasma-asteris-1
12833,tRNA,train,5s_Candidatus-Tremblaya-princeps-5
12834,tRNA,train,5s_Candidatus-Tremblaya-princeps-6
12835,tRNA,train,5s_Caulobacter-sp.-1
12836,tRNA,train,5s_Caulobacter-sp.-4
12837,tRNA,train,5s_Caulobacter-spinosum-1
12838,tRNA,train,5s_Chlamydia-trachomatis-1
12839,tRNA,train,5s_Chlamydomonas-reinhardtii-1
12840,tRNA,train,5s_Chlamydomonas-reinhardtii-2
12841,tRNA,train,5s_Chlorella-pyrenoidosa-1
12842,tRNA,train,5s_Chlorobium-tepidum-1
12843,tRNA,train,5s_Clostridium-acetobutylicum-3
12844,tRNA,train,5s_Clostridium-pasteurianum-1
12845,tRNA,train,5s_Coleochaete-scutata-1
12846,tRNA,train,5s_Coxiella-burnetii-1
12847,tRNA,train,5s_Coxiella-burnetii-2
12848,tRNA,train,5s_Cryptococcus-laurentii-1
12849,tRNA,train,5s_Cryptomonas-paramecium-1
12850,tRNA,train,5s_Cyanidium-caldarium-1
12851,tRNA,train,5s_Dehalococcoides-ethenogenes-1
12852,tRNA,train,5s_Deinococcus-radiodurans-1
12853,tRNA,train,5s_Deinococcus-radiophilus-1
12854,tRNA,train,5s_Desulfurococcus-mobilis-1
12855,tRNA,train,5s_Diatoma-tenue-1
12856,tRNA,train,5s_Distigma-proteus-1
12857,tRNA,train,5s_Drosophila-melanogaster-2
12858,tRNA,train,5s_Ehrlichia-ruminantium-1
12859,tRNA,train,5s_Emericella-nidulans-4
12860,tRNA,train,5s_Emericella-nidulans-5
12861,tRNA,train,5s_Erythromicrobium-ezovicum-1
12862,tRNA,train,5s_Erythromicrobium-hydrolyticum-1
12863,tRNA,train,5s_Erythromicrobium-ramosum-1
12864,tRNA,train,5s_Euplotes-aediculatus-1
12865,tRNA,train,5s_Filobasidiella-depauperata-1
12866,tRNA,train,5s_Finegoldia-magna-2
12867,tRNA,train,5s_Flectobacillus-major-1
12868,tRNA,train,5s_Frankia-sp.-1
12869,tRNA,train,5s_Fusarium-culmorum-6
12870,tRNA,train,5s_Fusarium-lunulosporum-10
12871,tRNA,train,5s_Fusarium-pseudograminearum-3
12872,tRNA,train,5s_Fusarium-sporotrichioides-1
12873,tRNA,train,5s_Fusobacterium-nucleatum-5
12874,tRNA,train,5s_Gemm_obscuB
12875,tRNA,train,5s_Genistelloides-hibernus-1
12876,tRNA,train,5s_Geobacillus-kaustophilus-7
12877,tRNA,train,5s_Geobacillus-stearothermophilus-4
12878,tRNA,train,5s_Geodermatophilus-obscurus-1
12879,tRNA,train,5s_Gracilaria-compressa-2
12880,tRNA,train,5s_Halobacterium-sp.-2
12881,tRNA,train,5s_Halococcus-morrhuae-2
12882,tRNA,train,5s_Halorubrum-distributum-3
12883,tRNA,train,5s_Halorubrum-saccharovorum-1
12884,tRNA,train,5s_Halorubrum-terrestre-1
12885,tRNA,train,5s_Halorubrum-terrestre-2
12886,tRNA,train,5s_Hyphomicrobium-sp.-4
12887,tRNA,train,5s_Hyphomicrobium-vulgare-1
12888,tRNA,train,5s_Hyphomonas-oligotropha-1
12889,tRNA,train,5s_Isosphaera-pallida-1
12890,tRNA,train,5s_Klebsormidium-flaccidum-1
12891,tRNA,train,5s_Lactobacillus-delbrueckii-1
12892,tRNA,train,5s_Lactobacillus-johnsonii-1
12893,tRNA,train,5s_Lactococcus-lactis-2
12894,tRNA,train,5s_Lactococcus-lactis-4
12895,tRNA,train,5s_Limulus-polyphemus-1
12896,tRNA,train,5s_Loofah-witches-broom-phytoplasma-1
12897,tRNA,train,5s_Meloidogyne-arenaria-2
12898,tRNA,train,5s_Meloidogyne-artiellia-1
12899,tRNA,train,5s_Methanobrevibacter-ruminantium-1
12900,tRNA,train,5s_Methanococcus-maripaludis-1
12901,tRNA,train,5s_Methanopyrus-kandleri-1
12902,tRNA,train,5s_Methanosarcina-barkeri-1
12903,tRNA,train,5s_Methanosarcina-mazei-2
12904,tRNA,train,5s_Methanosarcina-vacuolata-1
12905,tRNA,train,5s_Methanospirillum-hungatei-1
12906,tRNA,train,5s_Methanothermobacter-thermautotrophicus-1
12907,tRNA,train,5s_Methanothermobacter-thermautotrophicus-5
12908,tRNA,train,5s_Methanothermobacter-thermautotrophicus-6
12909,tRNA,train,5s_Methanothermococcus-thermolithotrophicus-1
12910,tRNA,train,5s_Microtetraspora-glauca-1
12911,tRNA,train,5s_Mycoplasma-flocculare-1
12912,tRNA,train,5s_Mycoplasma-gallisepticum-4
12913,tRNA,train,5s_Mycoplasma-genitalium-1
12914,tRNA,train,5s_Mycoplasma-mobile-1
12915,tRNA,train,5s_Mycoplasma-pulmonis-1
12916,tRNA,train,5s_Mycoplasma-sp.-2
12917,tRNA,train,5s_Myxococcus-coralloides-1
12918,tRNA,train,5s_Nanoarchaeum-equitans-1
12919,tRNA,train,5s_Natrinema-sp.-1
12920,tRNA,train,5s_Nephila-clavipes-1
12921,tRNA,train,5s_Neurospora-crassa-11
12922,tRNA,train,5s_Neurospora-crassa-12
12923,tRNA,train,5s_Neurospora-intermedia-1
12924,tRNA,train,5s_Nitrobacter-winogradskyi-1
12925,tRNA,train,5s_Nocardia-farcinica-1
12926,tRNA,train,5s_Notophthalmus-viridescens-1
12927,tRNA,train,5s_Oceanobacillus-iheyensis-4
12928,tRNA,train,5s_Octopus-vulgaris-1
12929,tRNA,train,5s_Onchocerca-volvulus-1
12930,tRNA,train,5s_Oryza-sativa-2
12931,tRNA,train,5s_Paenibacillus-popilliae-1
12932,tRNA,train,5s_Palmaria-palmata-1
12933,tRNA,train,5s_Paracentrotus-lividus-2
12934,tRNA,train,5s_Paramecium-tetraurelia-1
12935,tRNA,train,5s_Pedobacter-heparinus-1
12936,tRNA,train,5s_Pichia-membranifaciens-1
12937,tRNA,train,5s_Planocera-reticulata-1
12938,tRNA,train,5s_Plasmodium-falciparum-1
12939,tRNA,train,5s_Pleurodeles-waltl-1
12940,tRNA,train,5s_Pneumocystis-carinii-1
12941,tRNA,train,5s_Porphyra-yezoensis-1
12942,tRNA,train,5s_Porphyromonas-gingivalis-2
12943,tRNA,train,5s_Proasellus-coxalis-1
12944,tRNA,train,5s_Pseudomonas-stutzeri-2
12945,tRNA,train,5s_Pyrenophora-graminea-1
12946,tRNA,train,5s_Pyrococcus-abyssi-1
12947,tRNA,train,5s_Pyrococcus-horikoshii-2
12948,tRNA,train,5s_Ralstonia-solanacearum-2
12949,tRNA,train,5s_Rana-pipiens-1
12950,tRNA,train,5s_Rhodobacter-capsulatus-3
12951,tRNA,train,5s_Rhodobacter-sphaeroides-1
12952,tRNA,train,5s_Rhodobacter-sphaeroides-3
12953,tRNA,train,5s_Rhodococcus-fascians-2
12954,tRNA,train,5s_Rhodopirellula-baltica-1
12955,tRNA,train,5s_Rickettsia-prowazekii-1
12956,tRNA,train,5s_Roseococcus-thiosulfatophilus-1
12957,tRNA,train,5s_Roseococcus-thiosulfatophilus-2
12958,tRNA,train,5s_Saccharomyces-cerevisiae-3
12959,tRNA,train,5s_Sandaracinobacter-sibiricus-1
12960,tRNA,train,5s_Saprospira-grandis-1
12961,tRNA,train,5s_Scenedesmus-obliquus-1
12962,tRNA,train,5s_Silicibacter-pomeroyi-1
12963,tRNA,train,5s_Sphingomonas-ursincola-1
12964,tRNA,train,5s_Spirogyra-sp.-1
12965,tRNA,train,5s_Spirosoma-sp.-1
12966,tRNA,train,5s_Sterkiella-nova-1
12967,tRNA,train,5s_Streptococcus-pyogenes-4
12968,tRNA,train,5s_Streptococcus-salivarius-1
12969,tRNA,train,5s_Streptomyces-coelicolor-5
12970,tRNA,train,5s_Streptomyces-nodosus-2
12971,tRNA,train,5s_Streptomyces-violaceus-1
12972,tRNA,train,5s_Sulfolobus-tokodaii-1
12973,tRNA,train,5s_Sulfurococcus-mirabilis-1
12974,tRNA,train,5s_Symbiobacterium-thermophilum-3
12975,tRNA,train,5s_Symbiobacterium-thermophilum-4
12976,tRNA,train,5s_T_cruziE
12977,tRNA,train,5s_Taxus-baccata-1
12978,tRNA,train,5s_Thermomicrobium-roseum-1
12979,tRNA,train,5s_Thermoplasma-volcanium-1
12980,tRNA,train,5s_Thermotoga-sp.-3
12981,tRNA,train,5s_Thermus-aquaticus-1
12982,tRNA,train,5s_Thiobacillus-thioparus-1
12983,tRNA,train,5s_Thraustochytrium-visurgense-2
12984,tRNA,train,5s_Tilletiaria-anomala-1
12985,tRNA,train,5s_Toxoplasma-gondii-2
12986,tRNA,train,5s_Tremella-mesenterica-1
12987,tRNA,train,5s_Tremella-mesenterica-2
12988,tRNA,train,5s_Tricharina-hiemalis-1
12989,tRNA,train,5s_Trichoplax-adhaerens-1
12990,tRNA,train,5s_Triticum-aestivum-1
12991,tRNA,train,5s_Tuberoidobacter-mutans-1
12992,tRNA,train,5s_Ulva-pertusa-1
12993,tRNA,train,5s_Ureaplasma-urealyticum-3
12994,tRNA,train,5s_Uthatobasidium-fusisporum-1
12995,tRNA,train,5s_Verrucomicrobium-spinosum-1
12996,tRNA,train,5s_Vibrio-nereis-1
12997,tRNA,train,5s_Vitreoscilla-stercoraria-1
12998,tRNA,train,5s_Weissella-viridescens-2
12999,tRNA,train,5s_Wigglesworthia-glossinidia-1
13000,tRNA,train,5s_Wolbachia-endosymbiont-of-D.-melanogaster-1
13001,tRNA,train,5s_Wolbachia-pipientis-1
13002,tRNA,train,5s_Wolinella-succinogenes-1
13003,tRNA,train,5s_Wuchereria-bancrofti-1
13004,tRNA,train,5s_Xenopus-borealis-3
13005,tRNA,train,5s_Xenopus-laevis-5
13006,tRNA,train,5s_Xenopus-tropicalis-2
13007,tRNA,train,5s_Xylella-fastidiosa-2
13008,tRNA,train,5s_Zymomonas-mobilis-1
13009,tRNA,train,5s_uncultured-euryarchaeote-37F11-1
13010,tRNA,train,RNaseP_A.brierleyi
13011,tRNA,train,RNaseP_A.erythreum
13012,tRNA,train,RNaseP_A.eutrophus
13013,tRNA,train,RNaseP_A.laidlawii
13014,tRNA,train,RNaseP_A.nidulans
13015,tRNA,train,RNaseP_A.pernix
13016,tRNA,train,RNaseP_A.telluris
13017,tRNA,train,RNaseP_Anabaena-PCC7120
13018,tRNA,train,RNaseP_B.anthracis
13019,tRNA,train,RNaseP_B.brevis
13020,tRNA,train,RNaseP_B.bronchiseptica
13021,tRNA,train,RNaseP_B.burgdorferi-g
13022,tRNA,train,RNaseP_B.pertussis
13023,tRNA,train,RNaseP_B.thetaiotaomicron
13024,tRNA,train,RNaseP_Buchnera-APS
13025,tRNA,train,RNaseP_C.acetobutylicum
13026,tRNA,train,RNaseP_C.crescentus
13027,tRNA,train,RNaseP_C.diphtheriae
13028,tRNA,train,RNaseP_C.innocuum
13029,tRNA,train,RNaseP_C.jejuni
13030,tRNA,train,RNaseP_C.opuntiae
13031,tRNA,train,RNaseP_C.paradoxa-cyanelle
13032,tRNA,train,RNaseP_C.pneumoniae-CWL029
13033,tRNA,train,RNaseP_C.psittaci-2
13034,tRNA,train,RNaseP_C.psittaci-R54
13035,tRNA,train,RNaseP_C.tepidum-g
13036,tRNA,train,RNaseP_C.trachomatis-D
13037,tRNA,train,RNaseP_CPA49
13038,tRNA,train,RNaseP_CPA56
13039,tRNA,train,RNaseP_CPA58
13040,tRNA,train,RNaseP_CPA59
13041,tRNA,train,RNaseP_CPA61
13042,tRNA,train,RNaseP_CPA62
13043,tRNA,train,RNaseP_CPB144
13044,tRNA,train,RNaseP_CPB149
13045,tRNA,train,RNaseP_CPB69
13046,tRNA,train,RNaseP_CPB70
13047,tRNA,train,RNaseP_CPB7776
13048,tRNA,train,RNaseP_Calothrix-PCC7601
13049,tRNA,train,RNaseP_D.jeanneae
13050,tRNA,train,RNaseP_D.radiodurans
13051,tRNA,train,RNaseP_D.radiodurans-g
13052,tRNA,train,RNaseP_Dermocarpa-PCC7437
13053,tRNA,train,RNaseP_E.thermomarinus
13054,tRNA,train,RNaseP_EM14b-11
13055,tRNA,train,RNaseP_EM14b-9
13056,tRNA,train,RNaseP_ESH183D
13057,tRNA,train,RNaseP_ESH212C
13058,tRNA,train,RNaseP_ESH26-4
13059,tRNA,train,RNaseP_ESH30-3
13060,tRNA,train,RNaseP_ESH46a-1
13061,tRNA,train,RNaseP_ESH7-4
13062,tRNA,train,RNaseP_G.sulfurreducens
13063,tRNA,train,RNaseP_H.aurantiacus
13064,tRNA,train,RNaseP_H.chlorum-partial
13065,tRNA,train,RNaseP_H.influenza
13066,tRNA,train,RNaseP_H.mobilis
13067,tRNA,train,RNaseP_H.morrhuae
13068,tRNA,train,RNaseP_H.pylori-RU1
13069,tRNA,train,RNaseP_H.sapiens
13070,tRNA,train,RNaseP_H.trapanicum
13071,tRNA,train,RNaseP_H.volcanii
13072,tRNA,train,RNaseP_Halobacterium-NRC1
13073,tRNA,train,RNaseP_K.polysporus
13074,tRNA,train,RNaseP_K.thermotolerans
13075,tRNA,train,RNaseP_L.acidophilus
13076,tRNA,train,RNaseP_L.ferrooxidans-MK
13077,tRNA,train,RNaseP_L.weilii
13078,tRNA,train,RNaseP_LGA1
13079,tRNA,train,RNaseP_LGA2
13080,tRNA,train,RNaseP_LGA6
13081,tRNA,train,RNaseP_LGB21
13082,tRNA,train,RNaseP_LGB23
13083,tRNA,train,RNaseP_LGB27
13084,tRNA,train,RNaseP_LGB5
13085,tRNA,train,RNaseP_LGW113
13086,tRNA,train,RNaseP_LGW116
13087,tRNA,train,RNaseP_LGW17
13088,tRNA,train,RNaseP_LGW46
13089,tRNA,train,RNaseP_M.barkeri
13090,tRNA,train,RNaseP_M.capricolum
13091,tRNA,train,RNaseP_M.fermentans
13092,tRNA,train,RNaseP_M.hyopneumoniae
13093,tRNA,train,RNaseP_M.pneumoniae
13094,tRNA,train,RNaseP_M.thermoautotrphicumMarb
13095,tRNA,train,RNaseP_M.tuberculosis-g
13096,tRNA,train,RNaseP_M.vannielli
13097,tRNA,train,RNaseP_Mxa1
13098,tRNA,train,RNaseP_N.europaea
13099,tRNA,train,RNaseP_N.gregoryi
13100,tRNA,train,RNaseP_N.jensenii
13101,tRNA,train,RNaseP_N.olivacea-chloroplast
13102,tRNA,train,RNaseP_N.plantarum
13103,tRNA,train,RNaseP_N.pyridinolyticus
13104,tRNA,train,RNaseP_Nocardiodes-ATCC39419
13105,tRNA,train,RNaseP_Nostoc-PCC7413
13106,tRNA,train,RNaseP_Onchorhynchus-2
13107,tRNA,train,RNaseP_Oscillatoria-PCC7515
13108,tRNA,train,RNaseP_P.acanthamoebae
13109,tRNA,train,RNaseP_P.canadensis
13110,tRNA,train,RNaseP_P.cultripes
13111,tRNA,train,RNaseP_P.gingivalis
13112,tRNA,train,RNaseP_P.guilliermondii
13113,tRNA,train,RNaseP_P.hollandica
13114,tRNA,train,RNaseP_P.innocua
13115,tRNA,train,RNaseP_P.marinus-2
13116,tRNA,train,RNaseP_P.mississippiensis
13117,tRNA,train,RNaseP_P.purpurea-chloroplast
13118,tRNA,train,RNaseP_P.staleyi
13119,tRNA,train,RNaseP_P.strasburgensis
13120,tRNA,train,RNaseP_P.troglodytes
13121,tRNA,train,RNaseP_PF101
13122,tRNA,train,RNaseP_PS2
13123,tRNA,train,RNaseP_PS24
13124,tRNA,train,RNaseP_PS26
13125,tRNA,train,RNaseP_PS31
13126,tRNA,train,RNaseP_PS6
13127,tRNA,train,RNaseP_PS8
13128,tRNA,train,RNaseP_Prochlorococcus-NATL2
13129,tRNA,train,RNaseP_Pseudoanabaena-PCC6903
13130,tRNA,train,RNaseP_R.americana-mito
13131,tRNA,train,RNaseP_R.capsulatus
13132,tRNA,train,RNaseP_R.norvegicus
13133,tRNA,train,RNaseP_R.palustris
13134,tRNA,train,RNaseP_R.prowazekii
13135,tRNA,train,RNaseP_R.rubrum
13136,tRNA,train,RNaseP_Rr327
13137,tRNA,train,RNaseP_Rr368
13138,tRNA,train,RNaseP_S.acidocaldarius
13139,tRNA,train,RNaseP_S.aureus
13140,tRNA,train,RNaseP_S.castellii
13141,tRNA,train,RNaseP_S.dairensis
13142,tRNA,train,RNaseP_S.epidermidis
13143,tRNA,train,RNaseP_S.faciem
13144,tRNA,train,RNaseP_S.fibuligera
13145,tRNA,train,RNaseP_S.globosus
13146,tRNA,train,RNaseP_S.kluyveri
13147,tRNA,train,RNaseP_S.lividans
13148,tRNA,train,RNaseP_S.negevensis
13149,tRNA,train,RNaseP_S.pastorianus
13150,tRNA,train,RNaseP_S.polymorpha
13151,tRNA,train,RNaseP_S.pombe
13152,tRNA,train,RNaseP_S.pyogenes
13153,tRNA,train,RNaseP_S.servazzii
13154,tRNA,train,RNaseP_S.solfataricus
13155,tRNA,train,RNaseP_S.solfataricus-P2
13156,tRNA,train,RNaseP_S.unisporus
13157,tRNA,train,RNaseP_S.uvarum
13158,tRNA,train,RNaseP_S.versatilis
13159,tRNA,train,RNaseP_SL1-1
13160,tRNA,train,RNaseP_SL2D
13161,tRNA,train,RNaseP_SLC
13162,tRNA,train,RNaseP_SM-A01
13163,tRNA,train,RNaseP_SM-A06
13164,tRNA,train,RNaseP_SM-A1315
13165,tRNA,train,RNaseP_SM-A1621
13166,tRNA,train,RNaseP_SM-A2135
13167,tRNA,train,RNaseP_SM-A2539
13168,tRNA,train,RNaseP_SM-A3048
13169,tRNA,train,RNaseP_SM-A3254
13170,tRNA,train,RNaseP_SM-A5584
13171,tRNA,train,RNaseP_SM-A5888
13172,tRNA,train,RNaseP_SM-A6296
13173,tRNA,train,RNaseP_SMB-A3
13174,tRNA,train,RNaseP_SMB-A5
13175,tRNA,train,RNaseP_SMB-B1
13176,tRNA,train,RNaseP_SMB-B2
13177,tRNA,train,RNaseP_SMB-B3
13178,tRNA,train,RNaseP_SMB-B4
13179,tRNA,train,RNaseP_Saccharomonospora-K180
13180,tRNA,train,RNaseP_Synechococcus-PCC6717
13181,tRNA,train,RNaseP_Synechococcus-PCC7003
13182,tRNA,train,RNaseP_Synechococcus-PCC7942
13183,tRNA,train,RNaseP_Synechocystis-PCC6308
13184,tRNA,train,RNaseP_Synechocystis-PCC6803
13185,tRNA,train,RNaseP_T.album
13186,tRNA,train,RNaseP_T.celerAL1
13187,tRNA,train,RNaseP_T.commune
13188,tRNA,train,RNaseP_T.delbrueckii
13189,tRNA,train,RNaseP_T.littoralis
13190,tRNA,train,RNaseP_T.pallidum
13191,tRNA,train,RNaseP_T.roseum
13192,tRNA,train,RNaseP_T.syrichta
13193,tRNA,train,RNaseP_T.thermophilus
13194,tRNA,train,RNaseP_T.thioparus
13195,tRNA,train,RNaseP_T.tumescens
13196,tRNA,train,RNaseP_T.volcanum
13197,tRNA,train,RNaseP_U.stansburiana
13198,tRNA,train,RNaseP_U.urealyticum
13199,tRNA,train,RNaseP_V.cholera
13200,tRNA,train,RNaseP_V.spinosum
13201,tRNA,train,RNaseP_W.fluorescens
13202,tRNA,train,RNaseP_Wolbachia-sp
13203,tRNA,train,RNaseP_X.fastidiosa
13204,tRNA,train,RNaseP_Y.pestis
13205,tRNA,train,RNaseP_Z.bailii
13206,tRNA,train,RNaseP_Z.florentinus
13207,tRNA,train,RNaseP_Z.rouxii
13208,tRNA,train,RNaseP_vHge2
13209,tRNA,train,RNaseP_vHge3-5
13210,tRNA,train,grp1_a.I1.b.Dermocarpa.sp.ATCC29371.C3.tMET
13211,tRNA,train,grp1_a.I1.b.Phormidium.sp.N182.C3.tLEU
13212,tRNA,train,grp1_a.I1.b.S.hofmanii.C3.tMET
13213,tRNA,train,grp1_a.I1.b.Synechococcus.sp2.C3.tLEU
13214,tRNA,train,grp1_a.I1.c.A.cherimola.C3.tLEU
13215,tRNA,train,grp1_a.I1.c.G.prostrata.C3.tLEU
13216,tRNA,train,grp1_a.I1.c.S.bicolor.C3.tLEU
13217,tRNA,train,grp1_a.I1.e.A.adeninivorans.C1.LSU.2449
13218,tRNA,train,grp1_a.I1.e.A.capsulatus.CBS213.53.C1.SSU.943
13219,tRNA,train,grp1_a.I1.e.A.capsulatus.FLs1.C1.SSU
13220,tRNA,train,grp1_a.I1.e.A.capsulatus.G184B.C1.SSU
13221,tRNA,train,grp1_a.I1.e.A.capsulatus.G186B.C1.SSU
13222,tRNA,train,grp1_a.I1.e.A.stipitatus.C1.SSU.1046
13223,tRNA,train,grp1_a.I1.e.B.ciliata.JCM6865.C1.SSU.1506
13224,tRNA,train,grp1_a.I1.e.B.ciliata.JCM6865.C1.SSU.943
13225,tRNA,train,grp1_a.I1.e.B.yamatoana.JCM2896.C1.SSU.1506
13226,tRNA,train,grp1_a.I1.e.B.yamatoana.JCM2896.C1.SSU.943
13227,tRNA,train,grp1_a.I1.e.C.ellipsoidea.211-1a.C1.SSU.1506
13228,tRNA,train,grp1_a.I1.e.C.ellipsoidea.IAMC-87.C1.SSU.1506
13229,tRNA,train,grp1_a.I1.e.C.grayi.UNK.SSU.1046
13230,tRNA,train,grp1_a.I1.e.C.grayi.UNK.SSU.1516
13231,tRNA,train,grp1_a.I1.e.C.merochlorophea.UNK.SSU.1046
13232,tRNA,train,grp1_a.I1.e.C.merochlorophea.UNK.SSU.1210
13233,tRNA,train,grp1_a.I1.e.C.merochlorophea.UNK.SSU.1389
13234,tRNA,train,grp1_a.I1.e.C.merochlorophea.UNK.SSU.1516
13235,tRNA,train,grp1_a.I1.e.C.saccatum.C1.SSU.1512
13236,tRNA,train,grp1_a.I1.e.C.saxonicum.C1.SSU.1506
13237,tRNA,train,grp1_a.I1.e.D.parva.C1.SSU.1512
13238,tRNA,train,grp1_a.I1.e.D.parva.C1.SSU.943
13239,tRNA,train,grp1_a.I1.e.D.salina.C1.SSU.943
13240,tRNA,train,grp1_a.I1.e.E.dermatitidis.C1.SSU.943
13241,tRNA,train,grp1_a.I1.e.G.planctonica.C1.SSU.943
13242,tRNA,train,grp1_a.I1.e.G.spirotaenia.C1.SSU.1506
13243,tRNA,train,grp1_a.I1.e.L.dispersa.UNK.SSU.1046
13244,tRNA,train,grp1_a.I1.e.L.dispersa.UNK.SSU.114
13245,tRNA,train,grp1_a.I1.e.L.dispersa.UNK.SSU.1210
13246,tRNA,train,grp1_a.I1.e.L.dispersa.UNK.SSU.1516
13247,tRNA,train,grp1_a.I1.e.L.dispersa.UNK.SSU.287
13248,tRNA,train,grp1_a.I1.e.L.dispersa.UNK.SSU.516
13249,tRNA,train,grp1_a.I1.e.L.dispersa.UNK.SSU.789
13250,tRNA,train,grp1_a.I1.e.M.caldariorum.C1.SSU.1506
13251,tRNA,train,grp1_a.I1.e.P.carinii.C1.SSU.1506
13252,tRNA,train,grp1_a.I1.e.P.carinii.Pc1.C1.LSU.1921
13253,tRNA,train,grp1_a.I1.e.P.carinii.Pc2.C1.LSU.1921
13254,tRNA,train,grp1_a.I1.e.P.carinii.Pc3.C1.LSU.1921
13255,tRNA,train,grp1_a.I1.e.P.clavariiformis.C1.SSU.943
13256,tRNA,train,grp1_a.I1.e.P.inouyei.C1.SSU.1506
13257,tRNA,train,grp1_a.I1.e.P.inouyei.C1.SSU.943
13258,tRNA,train,grp1_a.I1.e.P.macrosporus.C1.SSU.1506
13259,tRNA,train,grp1_a.I1.e.P.macrosporus.C1.SSU.943
13260,tRNA,train,grp1_a.I1.e.P.pachydermus.C1.SSU.943
13261,tRNA,train,grp1_a.I1.e.P.sarcinoidea.C1.SSU.943
13262,tRNA,train,grp1_a.I1.e.S.granulatum.C1.SSU.1506
13263,tRNA,train,grp1_a.I1.e.S.paniceum.UNK.SSU.1052
13264,tRNA,train,grp1_a.I1.e.S.paniceum.UNK.SSU.114
13265,tRNA,train,grp1_a.I1.e.S.paniceum.UNK.SSU.1210
13266,tRNA,train,grp1_a.I1.e.S.paniceum.UNK.SSU.1506
13267,tRNA,train,grp1_a.I1.e.S.paniceum.UNK.SSU.287
13268,tRNA,train,grp1_a.I1.e.S.sclerotiorum_1837.C1.LSU.798
13269,tRNA,train,grp1_a.I1.e.Staurastrum.sp.M752.C1.SSU.1506
13270,tRNA,train,grp1_a.I1.e.Staurastrum.sp.M753.C1.SSU.1506
13271,tRNA,train,grp1_a.I1.e.T.cosmopolitanis.C1.LSU.1925
13272,tRNA,train,grp1_a.I1.e.T.hyperangularis.C1.LSU.1925
13273,tRNA,train,grp1_a.I1.e.T.malaccensis.C1.LSU.1925
13274,tRNA,train,grp1_a.I1.e.T.pigmentosa.C1.LSU.1925
13275,tRNA,train,grp1_a.I1.e.U.maydis.C1.SSU.943
13276,tRNA,train,grp1_a.I1.m.M.grisea.B2.ND1
13277,tRNA,train,grp1_a.I1.m.S.luteus.A1.LSU.2504
13278,tRNA,train,grp1_a.I1.m.S.pombe.B1.OX1
13279,tRNA,train,grp1_b.I1.e.C.saccharophila.C1.SSU.156
13280,tRNA,train,grp1_b.I1.e.M.anisopliae.2.C1.LSU.1921
13281,tRNA,train,grp1_b.I1.e.M.anisopliae.3.C1.LSU.1921
13282,tRNA,train,grp1_b.I1.e.T.thermophila.C1.LSU.1925
13283,tRNA,train,grp1_s.I1.e.T.thermophila.C1.LSU.1925.schem
13284,tRNA,train,grp1_a.I1.b.Dermocarpa.sp.ATCC29371.C3.tMET
13285,tRNA,train,grp1_a.I1.b.Phormidium.sp.N182.C3.tLEU
13286,tRNA,train,grp1_a.I1.b.S.hofmanii.C3.tMET
13287,tRNA,train,grp1_a.I1.b.Synechococcus.sp2.C3.tLEU
13288,tRNA,train,grp1_a.I1.c.A.cherimola.C3.tLEU
13289,tRNA,train,grp1_a.I1.c.G.prostrata.C3.tLEU
13290,tRNA,train,grp1_a.I1.c.S.bicolor.C3.tLEU
13291,tRNA,train,grp1_a.I1.e.A.adeninivorans.C1.LSU.2449
13292,tRNA,train,grp1_a.I1.e.A.capsulatus.CBS213.53.C1.SSU.943
13293,tRNA,train,grp1_a.I1.e.A.capsulatus.FLs1.C1.SSU
13294,tRNA,train,grp1_a.I1.e.A.capsulatus.G184B.C1.SSU
13295,tRNA,train,grp1_a.I1.e.A.capsulatus.G186B.C1.SSU
13296,tRNA,train,grp1_a.I1.e.A.stipitatus.C1.SSU.1046
13297,tRNA,train,grp1_a.I1.e.B.ciliata.JCM6865.C1.SSU.1506
13298,tRNA,train,grp1_a.I1.e.B.ciliata.JCM6865.C1.SSU.943
13299,tRNA,train,grp1_a.I1.e.B.yamatoana.JCM2896.C1.SSU.1506
13300,tRNA,train,grp1_a.I1.e.B.yamatoana.JCM2896.C1.SSU.943
13301,tRNA,train,grp1_a.I1.e.C.ellipsoidea.211-1a.C1.SSU.1506
13302,tRNA,train,grp1_a.I1.e.C.ellipsoidea.IAMC-87.C1.SSU.1506
13303,tRNA,train,grp1_a.I1.e.C.grayi.UNK.SSU.1046
13304,tRNA,train,grp1_a.I1.e.C.grayi.UNK.SSU.1516
13305,tRNA,train,grp1_a.I1.e.C.merochlorophea.UNK.SSU.1046
13306,tRNA,train,grp1_a.I1.e.C.merochlorophea.UNK.SSU.1210
13307,tRNA,train,grp1_a.I1.e.C.merochlorophea.UNK.SSU.1389
13308,tRNA,train,grp1_a.I1.e.C.merochlorophea.UNK.SSU.1516
13309,tRNA,train,grp1_a.I1.e.C.saccatum.C1.SSU.1512
13310,tRNA,train,grp1_a.I1.e.C.saxonicum.C1.SSU.1506
13311,tRNA,train,grp1_a.I1.e.D.parva.C1.SSU.1512
13312,tRNA,train,grp1_a.I1.e.D.parva.C1.SSU.943
13313,tRNA,train,grp1_a.I1.e.D.salina.C1.SSU.943
13314,tRNA,train,grp1_a.I1.e.E.dermatitidis.C1.SSU.943
13315,tRNA,train,grp1_a.I1.e.G.planctonica.C1.SSU.943
13316,tRNA,train,grp1_a.I1.e.G.spirotaenia.C1.SSU.1506
13317,tRNA,train,grp1_a.I1.e.L.dispersa.UNK.SSU.1046
13318,tRNA,train,grp1_a.I1.e.L.dispersa.UNK.SSU.114
13319,tRNA,train,grp1_a.I1.e.L.dispersa.UNK.SSU.1210
13320,tRNA,train,grp1_a.I1.e.L.dispersa.UNK.SSU.1516
13321,tRNA,train,grp1_a.I1.e.L.dispersa.UNK.SSU.287
13322,tRNA,train,grp1_a.I1.e.L.dispersa.UNK.SSU.516
13323,tRNA,train,grp1_a.I1.e.L.dispersa.UNK.SSU.789
13324,tRNA,train,grp1_a.I1.e.M.caldariorum.C1.SSU.1506
13325,tRNA,train,grp1_a.I1.e.P.carinii.C1.SSU.1506
13326,tRNA,train,grp1_a.I1.e.P.carinii.Pc1.C1.LSU.1921
13327,tRNA,train,grp1_a.I1.e.P.carinii.Pc2.C1.LSU.1921
13328,tRNA,train,grp1_a.I1.e.P.carinii.Pc3.C1.LSU.1921
13329,tRNA,train,grp1_a.I1.e.P.clavariiformis.C1.SSU.943
13330,tRNA,train,grp1_a.I1.e.P.inouyei.C1.SSU.1506
13331,tRNA,train,grp1_a.I1.e.P.inouyei.C1.SSU.943
13332,tRNA,train,grp1_a.I1.e.P.macrosporus.C1.SSU.1506
13333,tRNA,train,grp1_a.I1.e.P.macrosporus.C1.SSU.943
13334,tRNA,train,grp1_a.I1.e.P.pachydermus.C1.SSU.943
13335,tRNA,train,grp1_a.I1.e.P.sarcinoidea.C1.SSU.943
13336,tRNA,train,grp1_a.I1.e.S.granulatum.C1.SSU.1506
13337,tRNA,train,grp1_a.I1.e.S.paniceum.UNK.SSU.1052
13338,tRNA,train,grp1_a.I1.e.S.paniceum.UNK.SSU.114
13339,tRNA,train,grp1_a.I1.e.S.paniceum.UNK.SSU.1210
13340,tRNA,train,grp1_a.I1.e.S.paniceum.UNK.SSU.1506
13341,tRNA,train,grp1_a.I1.e.S.paniceum.UNK.SSU.287
13342,tRNA,train,grp1_a.I1.e.S.sclerotiorum_1837.C1.LSU.798
13343,tRNA,train,grp1_a.I1.e.Staurastrum.sp.M752.C1.SSU.1506
13344,tRNA,train,grp1_a.I1.e.Staurastrum.sp.M753.C1.SSU.1506
13345,tRNA,train,grp1_a.I1.e.T.cosmopolitanis.C1.LSU.1925
13346,tRNA,train,grp1_a.I1.e.T.hyperangularis.C1.LSU.1925
13347,tRNA,train,grp1_a.I1.e.T.malaccensis.C1.LSU.1925
13348,tRNA,train,grp1_a.I1.e.T.pigmentosa.C1.LSU.1925
13349,tRNA,train,grp1_a.I1.e.U.maydis.C1.SSU.943
13350,tRNA,train,grp1_a.I1.m.M.grisea.B2.ND1
13351,tRNA,train,grp1_a.I1.m.S.luteus.A1.LSU.2504
13352,tRNA,train,grp1_a.I1.m.S.pombe.B1.OX1
13353,tRNA,train,grp1_b.I1.e.C.saccharophila.C1.SSU.156
13354,tRNA,train,grp1_b.I1.e.M.anisopliae.2.C1.LSU.1921
13355,tRNA,train,grp1_b.I1.e.M.anisopliae.3.C1.LSU.1921
13356,tRNA,train,grp1_b.I1.e.T.thermophila.C1.LSU.1925
13357,tRNA,train,grp1_s.I1.e.T.thermophila.C1.LSU.1925.schem
13358,tRNA,train,grp1_a.I1.b.Dermocarpa.sp.ATCC29371.C3.tMET
13359,tRNA,train,grp1_a.I1.b.Phormidium.sp.N182.C3.tLEU
13360,tRNA,train,grp1_a.I1.b.S.hofmanii.C3.tMET
13361,tRNA,train,grp1_a.I1.b.Synechococcus.sp2.C3.tLEU
13362,tRNA,train,grp1_a.I1.c.A.cherimola.C3.tLEU
13363,tRNA,train,grp1_a.I1.c.G.prostrata.C3.tLEU
13364,tRNA,train,grp1_a.I1.c.S.bicolor.C3.tLEU
13365,tRNA,train,grp1_a.I1.e.A.adeninivorans.C1.LSU.2449
13366,tRNA,train,grp1_a.I1.e.A.capsulatus.CBS213.53.C1.SSU.943
13367,tRNA,train,grp1_a.I1.e.A.capsulatus.FLs1.C1.SSU
13368,tRNA,train,grp1_a.I1.e.A.capsulatus.G184B.C1.SSU
13369,tRNA,train,grp1_a.I1.e.A.capsulatus.G186B.C1.SSU
13370,tRNA,train,grp1_a.I1.e.A.stipitatus.C1.SSU.1046
13371,tRNA,train,grp1_a.I1.e.B.ciliata.JCM6865.C1.SSU.1506
13372,tRNA,train,grp1_a.I1.e.B.ciliata.JCM6865.C1.SSU.943
13373,tRNA,train,grp1_a.I1.e.B.yamatoana.JCM2896.C1.SSU.1506
13374,tRNA,train,grp1_a.I1.e.B.yamatoana.JCM2896.C1.SSU.943
13375,tRNA,train,grp1_a.I1.e.C.ellipsoidea.211-1a.C1.SSU.1506
13376,tRNA,train,grp1_a.I1.e.C.ellipsoidea.IAMC-87.C1.SSU.1506
13377,tRNA,train,grp1_a.I1.e.C.grayi.UNK.SSU.1046
13378,tRNA,train,grp1_a.I1.e.C.grayi.UNK.SSU.1516
13379,tRNA,train,grp1_a.I1.e.C.merochlorophea.UNK.SSU.1046
13380,tRNA,train,grp1_a.I1.e.C.merochlorophea.UNK.SSU.1210
13381,tRNA,train,grp1_a.I1.e.C.merochlorophea.UNK.SSU.1389
13382,tRNA,train,grp1_a.I1.e.C.merochlorophea.UNK.SSU.1516
13383,tRNA,train,grp1_a.I1.e.C.saccatum.C1.SSU.1512
13384,tRNA,train,grp1_a.I1.e.C.saxonicum.C1.SSU.1506
13385,tRNA,train,grp1_a.I1.e.D.parva.C1.SSU.1512
13386,tRNA,train,grp1_a.I1.e.D.parva.C1.SSU.943
13387,tRNA,train,grp1_a.I1.e.D.salina.C1.SSU.943
13388,tRNA,train,grp1_a.I1.e.E.dermatitidis.C1.SSU.943
13389,tRNA,train,grp1_a.I1.e.G.planctonica.C1.SSU.943
13390,tRNA,train,grp1_a.I1.e.G.spirotaenia.C1.SSU.1506
13391,tRNA,train,grp1_a.I1.e.L.dispersa.UNK.SSU.1046
13392,tRNA,train,grp1_a.I1.e.L.dispersa.UNK.SSU.114
13393,tRNA,train,grp1_a.I1.e.L.dispersa.UNK.SSU.1210
13394,tRNA,train,grp1_a.I1.e.L.dispersa.UNK.SSU.1516
13395,tRNA,train,grp1_a.I1.e.L.dispersa.UNK.SSU.287
13396,tRNA,train,grp1_a.I1.e.L.dispersa.UNK.SSU.516
13397,tRNA,train,grp1_a.I1.e.L.dispersa.UNK.SSU.789
13398,tRNA,train,grp1_a.I1.e.M.caldariorum.C1.SSU.1506
13399,tRNA,train,grp1_a.I1.e.P.carinii.C1.SSU.1506
13400,tRNA,train,grp1_a.I1.e.P.carinii.Pc1.C1.LSU.1921
13401,tRNA,train,grp1_a.I1.e.P.carinii.Pc2.C1.LSU.1921
13402,tRNA,train,grp1_a.I1.e.P.carinii.Pc3.C1.LSU.1921
13403,tRNA,train,grp1_a.I1.e.P.clavariiformis.C1.SSU.943
13404,tRNA,train,grp1_a.I1.e.P.inouyei.C1.SSU.1506
13405,tRNA,train,grp1_a.I1.e.P.inouyei.C1.SSU.943
13406,tRNA,train,grp1_a.I1.e.P.macrosporus.C1.SSU.1506
13407,tRNA,train,grp1_a.I1.e.P.macrosporus.C1.SSU.943
13408,tRNA,train,grp1_a.I1.e.P.pachydermus.C1.SSU.943
13409,tRNA,train,grp1_a.I1.e.P.sarcinoidea.C1.SSU.943
13410,tRNA,train,srp_Aero.pern._BA000002
13411,tRNA,train,srp_Ajel.caps._CV620298
13412,tRNA,train,srp_Anto.locu._GSP-278021
13413,tRNA,train,srp_Asco.apis._GSP-392613
13414,tRNA,train,srp_Ashb.goss._AE016819
13415,tRNA,train,srp_Aspe.terr._GSP-341663
13416,tRNA,train,srp_Babe.bige._GSP-5866
13417,tRNA,train,srp_Baci.anth._AE017225
13418,tRNA,train,srp_Baci.anth._AE017334
13419,tRNA,train,srp_Baci.brev._D14472
13420,tRNA,train,srp_Bart.quin._BX897700
13421,tRNA,train,srp_Batr.dend._GSP-403673
13422,tRNA,train,srp_Bdel.bact._BX842656
13423,tRNA,train,srp_Bras.oler._GSP-109376
13424,tRNA,train,srp_Camp.jeju._CP000025
13425,tRNA,train,srp_Camp.jeju._CP000768
13426,tRNA,train,srp_Cand.dubl._GSP-42374
13427,tRNA,train,srp_Cand.glab._CR380957
13428,tRNA,train,srp_Cand.trop._GSP-294747
13429,tRNA,train,srp_Chla.pneu._BA000008
13430,tRNA,train,srp_Chla.trac._AE001298
13431,tRNA,train,srp_Chlo.tepi._AE006470
13432,tRNA,train,srp_Chlo.vulg._AB001684
13433,tRNA,train,srp_Citr.sine._CN181544
13434,tRNA,train,srp_Clav.lusi._GSP-306902
13435,tRNA,train,srp_Clos.novy._CP000382
13436,tRNA,train,srp_Clos.ther._CP000568
13437,tRNA,train,srp_Cocc.posa._GSP-222929
13438,tRNA,train,srp_Cryp.parv._XM_626716
13439,tRNA,train,srp_Cyan.mero._AB002583
13440,tRNA,train,srp_Cyan.mero._AY286123
13441,tRNA,train,srp_Dani.rrer._CU179657
13442,tRNA,train,srp_Deba.hans._CR382138
13443,tRNA,train,srp_Dein.radi._AE002056
13444,tRNA,train,srp_Desu.psyc._CR522870
13445,tRNA,train,srp_Dich.nodo._CP000513
13446,tRNA,train,srp_Dict.disc._BJ360333
13447,tRNA,train,srp_Eime.tene._GSP-413949
13448,tRNA,train,srp_Ence.cuni._AL590449
13449,tRNA,train,srp_Enta.hist._AF487684
13450,tRNA,train,srp_Enta.terr._GSP-110771
13451,tRNA,train,srp_Ento.sulc._AF095839
13452,tRNA,train,srp_Ferr.acid._GSP-333146
13453,tRNA,train,srp_Fuso.nucl._AE009951
13454,tRNA,train,srp_Gald.sulp._GSP-130081
13455,tRNA,train,srp_Giar.lamb._GSP-184922
13456,tRNA,train,srp_Gibb.zeae._GSP-229533
13457,tRNA,train,srp_Guil.thet._AF041468
13458,tRNA,train,srp_Haem.infl._CP000671
13459,tRNA,train,srp_Halo.halo._CP000544
13460,tRNA,train,srp_Halo.volc._AF395888
13461,tRNA,train,srp_Heli.pylo._CP000241
13462,tRNA,train,srp_Hist.caps._GSP-278162
13463,tRNA,train,srp_Humu.lupu._AJ236705
13464,tRNA,train,srp_Hype.buty._CP000493
13465,tRNA,train,srp_Kluy.lact._CR382126
13466,tRNA,train,srp_Kluy.yarr._479647571
13467,tRNA,train,srp_Lact.case._CP000423
13468,tRNA,train,srp_Lact.delb._AF496545
13469,tRNA,train,srp_Lact.john._AE017198
13470,tRNA,train,srp_Lact.john._AE017201
13471,tRNA,train,srp_Legi.pneu._M31830
13472,tRNA,train,srp_Leis.aeth._AY722730
13473,tRNA,train,srp_Leis.trop._AY781789
13474,tRNA,train,srp_Lemu.catt._GSP-9447
13475,tRNA,train,srp_Lept.coll._AF006750
13476,tRNA,train,srp_List.mono._AE017262
13477,tRNA,train,srp_List.mono._U15684
13478,tRNA,train,srp_Lodd.elon._GSP-379508
13479,tRNA,train,srp_Lotu.corn._AP006123
13480,tRNA,train,srp_Lotu.japo._BW598799
13481,tRNA,train,srp_Lyco.escu._Z46746
13482,tRNA,train,srp_Mari.aqua._CP000514
13483,tRNA,train,srp_Medi.trun._AC136507-2
13484,tRNA,train,srp_Medi.trun._CX540689
13485,tRNA,train,srp_Meso.viri._AF166114
13486,tRNA,train,srp_Meth.ferv._S49762
13487,tRNA,train,srp_Meth.mari._CP000745
13488,tRNA,train,srp_Meth.maze._AE008384
13489,tRNA,train,srp_Meth.volt._M22560
13490,tRNA,train,srp_Mono.brev._GSP-81824
13491,tRNA,train,srp_Myco.geni._U39706
13492,tRNA,train,srp_Myco.hyop._AE017243
13493,tRNA,train,srp_Myco.hyop._AE017244
13494,tRNA,train,srp_Myco.lepr._AL023596
13495,tRNA,train,srp_Myco.pulm._AL445565
13496,tRNA,train,srp_Myco.spec._CP000384
13497,tRNA,train,srp_Myco.spec._CP000580
13498,tRNA,train,srp_Myco.tube._AE000516
13499,tRNA,train,srp_Myco.vanb._CP000511
13500,tRNA,train,srp_Nect.haem._GSP-71109
13501,tRNA,train,srp_Neos.fisc._GSP-331117
13502,tRNA,train,srp_Neur.cras._AL669999
13503,tRNA,train,srp_Odon.sine._Z67753
13504,tRNA,train,srp_Onch.volv._BF727619
13505,tRNA,train,srp_Oryz.sati._AC079888
13506,tRNA,train,srp_Oryz.sati._AP003333
13507,tRNA,train,srp_Oryz.sati._AP008207
13508,tRNA,train,srp_Oxyt.trif._GSP-99928
13509,tRNA,train,srp_Para.bras._EH655308
13510,tRNA,train,srp_Para.bras._GSP-121759
13511,tRNA,train,srp_Perk.mari._GSP-31276
13512,tRNA,train,srp_Pers.amer._X65992
13513,tRNA,train,srp_Phae.nodo._GSP-321614
13514,tRNA,train,srp_Phak.pach._GSP-170000-2
13515,tRNA,train,srp_Phyt.infe._CV911012
13516,tRNA,train,srp_Phyt.infe._CV919934
13517,tRNA,train,srp_Phyt.soja._GSP-67593
13518,tRNA,train,srp_Pich.guil._GSP-294746
13519,tRNA,train,srp_Pich.stip._CP000502
13520,tRNA,train,srp_Picr.torr._AE017261
13521,tRNA,train,srp_Plas.berg._DC223613
13522,tRNA,train,srp_Plas.falc._EF690554
13523,tRNA,train,srp_Plas.reic._GSP-5854
13524,tRNA,train,srp_Plas.yoel._GSP-352914
13525,tRNA,train,srp_Podo.anse._GSP-5145
13526,tRNA,train,srp_Popu.trem._DN498769
13527,tRNA,train,srp_Porp.purp._U38804
13528,tRNA,train,srp_Porp.yezo._AP006715
13529,tRNA,train,srp_Proc.mari._AE017126
13530,tRNA,train,srp_Proc.mari._CP000111
13531,tRNA,train,srp_Proc.mari._CP000551
13532,tRNA,train,srp_Proc.spec._AJ011025
13533,tRNA,train,srp_Pseu.syri._CP000058
13534,tRNA,train,srp_Psyc.arct._CP000082
13535,tRNA,train,srp_Psyc.cryo._CP000323
13536,tRNA,train,srp_Psyc.ingr._CP000510
13537,tRNA,train,srp_Pyro.abys._AJ248283
13538,tRNA,train,srp_Pyro.aero._AE009852
13539,tRNA,train,srp_Pyro.isla._CP000504
13540,tRNA,train,srp_Rals.meta._CP000352
13541,tRNA,train,srp_Rhod.balt._BX294144
13542,tRNA,train,srp_Rick.feli._CP000053
13543,tRNA,train,srp_Rick.typh._AE017197
13544,tRNA,train,srp_Sacc.cere._U18916
13545,tRNA,train,srp_Sacc.kluy._SKAA0027M04.b1
13546,tRNA,train,srp_Sacc.para._BN000251
13547,tRNA,train,srp_Schi.japo._GSP-402676
13548,tRNA,train,srp_Schi.pomb._AU010514
13549,tRNA,train,srp_Schi.pomb._Z99259
13550,tRNA,train,srp_Scle.scle._GSP-325569
13551,tRNA,train,srp_Sene.crue._SDB-189209
13552,tRNA,train,srp_Shew.balt._CP000753
13553,tRNA,train,srp_Shew.spec._CP000469
13554,tRNA,train,srp_Shig.flex._AE014073
13555,tRNA,train,srp_Shig.flex._AE016979
13556,tRNA,train,srp_Shig.flex._CP000266
13557,tRNA,train,srp_Sino.medi._CP000738
13558,tRNA,train,srp_Sola.tube._DR037646
13559,tRNA,train,srp_Sorg.bico._BE594178
13560,tRNA,train,srp_Spra.loph._GSP-51541
13561,tRNA,train,srp_Stap.epid._AX145149
13562,tRNA,train,srp_Stre.coel._AL939118
13563,tRNA,train,srp_Stre.muta._AE014879
13564,tRNA,train,srp_Stre.pneu._AE007319
13565,tRNA,train,srp_Stre.pyog._AM295007
13566,tRNA,train,srp_Stre.sang._CP000387
13567,tRNA,train,srp_Sulf.toko._BA000023
13568,tRNA,train,srp_Synt.wolf._CP000448
13569,tRNA,train,srp_Taen.gutt._CK235759
13570,tRNA,train,srp_Tetr.ther._X56981
13571,tRNA,train,srp_Thal.pseu._GSP-296543
13572,tRNA,train,srp_Thei.annu._NW_001091934
13573,tRNA,train,srp_Thei.parv._GSP-333668
13574,tRNA,train,srp_Ther.fusc._CP000088
13575,tRNA,train,srp_Ther.koda._AP006878
13576,tRNA,train,srp_Ther.mela._CP000716
13577,tRNA,train,srp_Ther.petr._CP000702
13578,tRNA,train,srp_Ther.teng._AE012978
13579,tRNA,train,srp_Ther.volc._BA000011
13580,tRNA,train,srp_Toxo.gond._CO743022
13581,tRNA,train,srp_Toxo.gond._GSP-398031
13582,tRNA,train,srp_Trep.dent._AE017226
13583,tRNA,train,srp_Trep.dent._AE017246
13584,tRNA,train,srp_Trep.pall._AE000520
13585,tRNA,train,srp_Trep.pall._AE001187
13586,tRNA,train,srp_Tric.rees._GSP-334564-1
13587,tRNA,train,srp_Tric.vagi._GSP-5722-2
13588,tRNA,train,srp_Trit.aest._BE424647
13589,tRNA,train,srp_Trit.aest._CA718249
13590,tRNA,train,srp_Trit.aest._CJ679223
13591,tRNA,train,srp_Trit.aest._X13915
13592,tRNA,train,srp_Tryp.viva._SDB-5699
13593,tRNA,train,srp_Unci.rees._GSP-336963
13594,tRNA,train,srp_Urea.parv._AE002112
13595,tRNA,train,srp_Vibr.vuln._BA000037
13596,tRNA,train,srp_Volv.cart._GSP-51971-2
13597,tRNA,train,srp_Wolb.endo._AB080664
13598,tRNA,train,srp_Wolb.endo._AE017321
13599,tRNA,train,srp_Xant.camp._AM039952
13600,tRNA,train,srp_Xant.oryz._AP008229
13601,tRNA,train,srp_Xeno.laev._X01055
13602,tRNA,train,srp_Yarr.lipo._X51658
13603,tRNA,train,srp_Yers.ente._AM286415
13604,tRNA,train,srp_Yers.pseu._BX936398
13605,tRNA,train,srp_Yers.pseu._CP000720
13606,tRNA,train,srp_Zea.mays._X14661
13607,tRNA,train,srp_Zygo.roux._BN000170
13608,tRNA,train,srp_Zymo.mobi._AE008692
13609,tRNA,train,srp_Zymo.mobi._AF203881
13610,tRNA,test,tRNA_tdbR00000001-Halobacterium_salinarum-2242-Ala-CGC
13611,tRNA,test,tRNA_tdbR00000002-Haloferax_volcanii-2246-Ala-CGC
13612,tRNA,test,tRNA_tdbR00000003-Haloferax_volcanii-2246-Ala-GGC
13613,tRNA,test,tRNA_tdbR00000004-Haloferax_volcanii-2246-Ala-UGC
13614,tRNA,test,tRNA_tdbR00000005-Mycoplasma_capricolum-2095-Ala-UGC
13615,tRNA,test,tRNA_tdbR00000006-Mycoplasma_mycoides-2102-Ala-UGC
13616,tRNA,test,tRNA_tdbR00000007-Bacillus_subtilis-1423-Ala-5GC
13617,tRNA,test,tRNA_tdbR00000008-Escherichia_coli-562-Ala-GGC
13618,tRNA,test,tRNA_tdbR00000009-Escherichia_coli-562-Ala-VGC
13619,tRNA,test,tRNA_tdbR00000010-Escherichia_coli-562-Ala-VGC
13620,tRNA,test,tRNA_tdbR00000011-Neurospora_crassa-5141-Ala-UGC
13621,tRNA,test,tRNA_tdbR00000012-Saccharomyces_cerevisiae-4932-Ala-IGC
13622,tRNA,test,tRNA_tdbR00000013-Pichia_jadinii-4903-Ala-IGC
13623,tRNA,test,tRNA_tdbR00000014-Bombyx_mori-7091-Ala-IGC
13624,tRNA,test,tRNA_tdbR00000015-Bombyx_mori-7091-Ala-IGC
13625,tRNA,test,tRNA_tdbR00000016-Homo_sapiens-9606-Ala-IGC
13626,tRNA,test,tRNA_tdbR00000017-Homo_sapiens-9606-Ala-IGC
13627,tRNA,test,tRNA_tdbR00000019-Mycoplasma_capricolum-2095-Cys-GCA
13628,tRNA,test,tRNA_tdbR00000020-Escherichia_coli-562-Cys-GCA
13629,tRNA,test,tRNA_tdbR00000021-Saccharomyces_cerevisiae-4932-Cys-GCA
13630,tRNA,test,tRNA_tdbR00000022-Enterobacteria_phage_T5-10726-Asp-GUC
13631,tRNA,test,tRNA_tdbR00000023-Haloferax_volcanii-2246-Asp-GUC
13632,tRNA,test,tRNA_tdbR00000024-Mycoplasma_capricolum-2095-Asp-GUC
13633,tRNA,test,tRNA_tdbR00000025-Thermus_thermophilus-274-Asp-GUC
13634,tRNA,test,tRNA_tdbR00000026-Escherichia_coli-562-Asp-QUC
13635,tRNA,test,tRNA_tdbR00000027-Hordeum_vulgare-4513-Asp-GUC
13636,tRNA,test,tRNA_tdbR00000028-Hordeum_vulgare-4513-Asp-QUC
13637,tRNA,test,tRNA_tdbR00000029-Asterias_amurensis-7602-Asp-QUC
13638,tRNA,test,tRNA_tdbR00000030-Aedes_albopictus-7160-Asp-GUC
13639,tRNA,test,tRNA_tdbR00000031-Rattus_norvegicus-10116-Asp-QUC
13640,tRNA,test,tRNA_tdbR00000032-Rattus_norvegicus-10116-Asp-GUC
13641,tRNA,test,tRNA_tdbR00000033-Didelphis_virginiana-9267-Asp-QUC
13642,tRNA,test,tRNA_tdbR00000034-Mesocricetus_auratus-10036-Asp-GUC
13643,tRNA,test,tRNA_tdbR00000035-Saccharomyces_cerevisiae-4932-Asp-GUC
13644,tRNA,test,tRNA_tdbR00000036-Euglena_gracilis-3039-Asp-GUC
13645,tRNA,test,tRNA_tdbR00000037-Rattus_norvegicus-10116-Asp-GUC
13646,tRNA,test,tRNA_tdbR00000038-Rattus_norvegicus-10116-Asp-8UC
13647,tRNA,test,tRNA_tdbR00000039-Oryctolagus_cuniculus-9986-Asp-8UC
13648,tRNA,test,tRNA_tdbR00000041-Xenopus_laevis-8355-Asp-8UC
13649,tRNA,test,tRNA_tdbR00000042-Haloferax_volcanii-2246-Glu-MUC
13650,tRNA,test,tRNA_tdbR00000043-Haloferax_volcanii-2246-Glu-NUC
13651,tRNA,test,tRNA_tdbR00000044-Mycoplasma_capricolum-2095-Glu-UC
13652,tRNA,test,tRNA_tdbR00000045-Escherichia_coli-562-Glu-SUC
13653,tRNA,test,tRNA_tdbR00000046-Escherichia_coli-562-Glu-SUC
13654,tRNA,test,tRNA_tdbR00000047-Escherichia_coli-562-Glu-SUC
13655,tRNA,test,tRNA_tdbR00000048-Synechocystis_sp.-1143-Glu-NUC
13656,tRNA,test,tRNA_tdbR00000049-Chlamydomonas_reinhardtii-3055-Glu-NUC
13657,tRNA,test,tRNA_tdbR00000050-Hordeum_vulgare-4513-Glu-SPC
13658,tRNA,test,tRNA_tdbR00000051-Triticum_aestivum-4565-Glu-SPC
13659,tRNA,test,tRNA_tdbR00000052-Aedes_albopictus-7160-Glu-NUC
13660,tRNA,test,tRNA_tdbR00000053-Bos_taurus-9913-Glu-NUC
13661,tRNA,test,tRNA_tdbR00000054-Saccharomyces_cerevisiae-4932-Glu-3UC
13662,tRNA,test,tRNA_tdbR00000055-Schizosaccharomyces_pombe-4896-Glu-3UC
13663,tRNA,test,tRNA_tdbR00000056-Hordeum_vulgare-4513-Glu-UPC
13664,tRNA,test,tRNA_tdbR00000057-Hordeum_vulgare-4513-Glu-CPC
13665,tRNA,test,tRNA_tdbR00000058-Lupinus_luteus-3873-Glu-CUC
13666,tRNA,test,tRNA_tdbR00000059-Rattus_norvegicus-10116-Glu-3UC
13667,tRNA,test,tRNA_tdbR00000060-Drosophila_melanogaster-7227-Glu-2UC
13668,tRNA,test,tRNA_tdbR00000061-Mus_musculus-10090-Glu-CUC
13669,tRNA,test,tRNA_tdbR00000062-Homo_sapiens-9606-Glu-CUC
13670,tRNA,test,tRNA_tdbR00000063-Haloferax_volcanii-2246-Phe-GAA
13671,tRNA,test,tRNA_tdbR00000064-Mycoplasma_capricolum-2095-Phe-GAA
13672,tRNA,test,tRNA_tdbR00000065-Bacillus_subtilis-1423-Phe-AA
13673,tRNA,test,tRNA_tdbR00000066-Thermus_thermophilus-274-Phe-GAA
13674,tRNA,test,tRNA_tdbR00000067-Escherichia_coli-562-Phe-GAA
13675,tRNA,test,tRNA_tdbR00000068-Rhodospirillum_rubrum-1085-Phe-GAA
13676,tRNA,test,tRNA_tdbR00000069-Synechococcus_sp._PCC_7002-32049-Phe-GAA
13677,tRNA,test,tRNA_tdbR00000070-Geobacillus_stearothermophilus-1422-Phe-AA
13678,tRNA,test,tRNA_tdbR00000072-Phaseolus_vulgaris-3885-Phe-GAA
13679,tRNA,test,tRNA_tdbR00000073-Spinacia_oleracea-3562-Phe-GAA
13680,tRNA,test,tRNA_tdbR00000074-Tetrahymena_pyriformis-5908-Phe-GAA
13681,tRNA,test,tRNA_tdbR00000078-Ascaris_suum-6253-Phe-GAA
13682,tRNA,test,tRNA_tdbR00000079-Rattus_norvegicus-10116-Phe-GAA
13683,tRNA,test,tRNA_tdbR00000080-Bos_taurus-9913-Phe-GAA
13684,tRNA,test,tRNA_tdbR00000082-Neurospora_crassa-5141-Phe-AA
13685,tRNA,test,tRNA_tdbR00000083-Saccharomyces_cerevisiae-4932-Phe-AA
13686,tRNA,test,tRNA_tdbR00000084-Saccharomyces_cerevisiae-4932-Phe-AA
13687,tRNA,test,tRNA_tdbR00000085-Schizosaccharomyces_pombe-4896-Phe-AA
13688,tRNA,test,tRNA_tdbR00000086-Euglena_gracilis-3039-Phe-AA
13689,tRNA,test,tRNA_tdbR00000087-Hordeum_vulgare-4513-Phe-AA
13690,tRNA,test,tRNA_tdbR00000088-Triticum_aestivum-4565-Phe-AA
13691,tRNA,test,tRNA_tdbR00000089-Brassica_napus-3708-Phe-AA
13692,tRNA,test,tRNA_tdbR00000090-Lupinus_luteus-3873-Phe-AA
13693,tRNA,test,tRNA_tdbR00000091-Pisum_sativum-3888-Phe-AA
13694,tRNA,test,tRNA_tdbR00000092-Oryctolagus_cuniculus-9986-Phe-AA
13695,tRNA,test,tRNA_tdbR00000093-Bombyx_mori-7091-Phe-AA
13696,tRNA,test,tRNA_tdbR00000094-Bombyx_mori-7091-Phe-AA
13697,tRNA,test,tRNA_tdbR00000095-Drosophila_melanogaster-7227-Phe-AA
13698,tRNA,test,tRNA_tdbR00000096-Bos_taurus-9913-Phe-AA
13699,tRNA,test,tRNA_tdbR00000097-Bos_taurus-9913-Phe-AA
13700,tRNA,test,tRNA_tdbR00000098-Xenopus_laevis-8355-Phe-AA
13701,tRNA,test,tRNA_tdbR00000099-Mus_musculus-10090-Phe-AA
13702,tRNA,test,tRNA_tdbR00000100-Mus_musculus-10090-Phe-AA
13703,tRNA,test,tRNA_tdbR00000101-Mus_musculus-10090-Phe-AA
13704,tRNA,test,tRNA_tdbR00000102-Bos_taurus-9913-Phe-AA
13705,tRNA,test,tRNA_tdbR00000103-Homo_sapiens-9606-Phe-AA
13706,tRNA,test,tRNA_tdbR00000104-Enterobacteria_phage_T4-10665-Gly-NCC
13707,tRNA,test,tRNA_tdbR00000105-Halobacterium_salinarum-2242-Gly-GCC
13708,tRNA,test,tRNA_tdbR00000106-Haloferax_volcanii-2246-Gly-CCC
13709,tRNA,test,tRNA_tdbR00000107-Haloferax_volcanii-2246-Gly-GCC
13710,tRNA,test,tRNA_tdbR00000108-Haloferax_volcanii-2246-Gly-GCC
13711,tRNA,test,tRNA_tdbR00000109-Haloferax_volcanii-2246-Gly-NCC
13712,tRNA,test,tRNA_tdbR00000110-Methanobacterium_thermaggregans-83982-Gly-GCC
13713,tRNA,test,tRNA_tdbR00000111-Mycoplasma_capricolum-2095-Gly-UCC
13714,tRNA,test,tRNA_tdbR00000112-Mycoplasma_mycoides-2102-Gly-UCC
13715,tRNA,test,tRNA_tdbR00000113-Streptomyces_coelicolor_A32-100226-Gly-CCC
13716,tRNA,test,tRNA_tdbR00000114-Staphylococcus_epidermidis-1282-Gly-UCC
13717,tRNA,test,tRNA_tdbR00000115-Staphylococcus_epidermidis-1282-Gly-UCC
13718,tRNA,test,tRNA_tdbR00000116-Bacillus_subtilis-1423-Gly-CC
13719,tRNA,test,tRNA_tdbR00000117-Escherichia_coli-562-Gly-CCC
13720,tRNA,test,tRNA_tdbR00000118-Escherichia_coli-562-Gly-GCC
13721,tRNA,test,tRNA_tdbR00000119-Escherichia_coli-562-Gly-NCC
13722,tRNA,test,tRNA_tdbR00000120-Salmonella_typhimurium-602-Gly-CCC
13723,tRNA,test,tRNA_tdbR00000121-Salmonella_typhimurium-602-Gly-NCC
13724,tRNA,test,tRNA_tdbR00000122-Codium_fragile-3133-Gly-UCC
13725,tRNA,test,tRNA_tdbR00000123-Saccharomyces_cerevisiae-4932-Gly-NCC
13726,tRNA,test,tRNA_tdbR00000124-Aedes_albopictus-7160-Gly-UCC
13727,tRNA,test,tRNA_tdbR00000125-Bos_taurus-9913-Gly-UCC
13728,tRNA,test,tRNA_tdbR00000126-Halocynthia_roretzi-7729-Gly-NCU
13729,tRNA,test,tRNA_tdbR00000127-Halocynthia_roretzi-7729-Gly-UCU
13730,tRNA,test,tRNA_tdbR00000128-Halocynthia_roretzi-7729-Gly-GCU
13731,tRNA,test,tRNA_tdbR00000129-Saccharomyces_cerevisiae-4932-Gly-GCC
13732,tRNA,test,tRNA_tdbR00000131-Triticum_aestivum-4565-Gly-GCC
13733,tRNA,test,tRNA_tdbR00000132-Lupinus_luteus-3873-Gly-GCC
13734,tRNA,test,tRNA_tdbR00000133-Bombyx_mori-7091-Gly-GCC
13735,tRNA,test,tRNA_tdbR00000134-Bombyx_mori-7091-Gly-CC
13736,tRNA,test,tRNA_tdbR00000135-Homo_sapiens-9606-Gly-CCC
13737,tRNA,test,tRNA_tdbR00000136-Homo_sapiens-9606-Gly-GCC
13738,tRNA,test,tRNA_tdbR00000138-Haloferax_volcanii-2246-His-GUG
13739,tRNA,test,tRNA_tdbR00000139-Mycoplasma_capricolum-2095-His-GUK
13740,tRNA,test,tRNA_tdbR00000140-Escherichia_coli-562-His-QUG
13741,tRNA,test,tRNA_tdbR00000141-Salmonella_typhimurium-602-His-QUG
13742,tRNA,test,tRNA_tdbR00000142-Saccharomyces_cerevisiae-4932-His-GUG
13743,tRNA,test,tRNA_tdbR00000143-Asterias_amurensis-7602-His-QUG
13744,tRNA,test,tRNA_tdbR00000144-Saccharomyces_cerevisiae-4932-His-GUG
13745,tRNA,test,tRNA_tdbR00000145-Saccharomyces_cerevisiae-4932-His-GUG
13746,tRNA,test,tRNA_tdbR00000146-Lupinus_luteus-3873-His-GUG
13747,tRNA,test,tRNA_tdbR00000147-Drosophila_melanogaster-7227-His-GUG
13748,tRNA,test,tRNA_tdbR00000148-Ovis_aries-9940-His-QUG
13749,tRNA,test,tRNA_tdbR00000149-Homo_sapiens-9606-His-GUG
13750,tRNA,test,tRNA_tdbR00000151-Haloferax_volcanii-2246-Ile-GAU
13751,tRNA,test,tRNA_tdbR00000152-Haloferax_volcanii-2246-Ile-NAU
13752,tRNA,test,tRNA_tdbR00000153-Mycoplasma_capricolum-2095-Ile-AU
13753,tRNA,test,tRNA_tdbR00000154-Mycoplasma_capricolum-2095-Ile-GAU
13754,tRNA,test,tRNA_tdbR00000155-Mycoplasma_mycoides-2102-Ile-GAU
13755,tRNA,test,tRNA_tdbR00000156-Bacillus_subtilis-1423-Ile-AU
13756,tRNA,test,tRNA_tdbR00000157-Thermus_thermophilus-274-Ile-GAU
13757,tRNA,test,tRNA_tdbR00000158-Escherichia_coli-562-Ile-GAU
13758,tRNA,test,tRNA_tdbR00000159-Escherichia_coli-562-Ile-GAU
13759,tRNA,test,tRNA_tdbR00000160-Escherichia_coli-562-Ile-AU
13760,tRNA,test,tRNA_tdbR00000161-Zea_mays-4577-Ile-GAU
13761,tRNA,test,tRNA_tdbR00000162-Spinacia_oleracea-3562-Ile-GAU
13762,tRNA,test,tRNA_tdbR00000164-Saccharomyces_cerevisiae-4932-Ile-GAU
13763,tRNA,test,tRNA_tdbR00000165-Solanum_tuberosum-4113-Ile-AU
13764,tRNA,test,tRNA_tdbR00000167-Aedes_albopictus-7160-Ile-GAU
13765,tRNA,test,tRNA_tdbR00000168-Bos_taurus-9913-Ile-GAU
13766,tRNA,test,tRNA_tdbR00000169-Homo_sapiens-9606-Ile-GAU
13767,tRNA,test,tRNA_tdbR00000170-Saccharomyces_cerevisiae-4932-Ile-IAU
13768,tRNA,test,tRNA_tdbR00000171-Pichia_jadinii-4903-Ile-IAU
13769,tRNA,test,tRNA_tdbR00000172-Lupinus_luteus-3873-Ile-IAU
13770,tRNA,test,tRNA_tdbR00000173-Bombyx_mori-7091-Ile-IAU
13771,tRNA,test,tRNA_tdbR00000174-Mus_musculus-10090-Ile-IAU
13772,tRNA,test,tRNA_tdbR00000175-Haloferax_volcanii-2246-Lys-NUU
13773,tRNA,test,tRNA_tdbR00000176-Haloferax_volcanii-2246-Lys-MUU
13774,tRNA,test,tRNA_tdbR00000177-Mycoplasma_capricolum-2095-Lys-CUU
13775,tRNA,test,tRNA_tdbR00000178-Mycoplasma_capricolum-2095-Lys-UU
13776,tRNA,test,tRNA_tdbR00000179-Bacillus_subtilis-1423-Lys-UU
13777,tRNA,test,tRNA_tdbR00000180-Bacillus_subtilis-1423-Lys-UU
13778,tRNA,test,tRNA_tdbR00000181-Escherichia_coli-562-Lys-SUU
13779,tRNA,test,tRNA_tdbR00000182-Codium_fragile-3133-Lys-NUU
13780,tRNA,test,tRNA_tdbR00000184-Asterias_amurensis-7602-Lys-CUU
13781,tRNA,test,tRNA_tdbR00000187-Loligo_bleekeri-6617-Lys-CUU
13782,tRNA,test,tRNA_tdbR00000189-Rattus_norvegicus-10116-Lys-NUU
13783,tRNA,test,tRNA_tdbR00000190-Bos_taurus-9913-Lys-NUU
13784,tRNA,test,tRNA_tdbR00000191-Mesocricetus_auratus-10036-Lys-NUU
13785,tRNA,test,tRNA_tdbR00000192-Saccharomyces_cerevisiae-4932-Lys-CUU
13786,tRNA,test,tRNA_tdbR00000193-Saccharomyces_cerevisiae-4932-Lys-UU
13787,tRNA,test,tRNA_tdbR00000194-Triticum_aestivum-4565-Lys-CUU
13788,tRNA,test,tRNA_tdbR00000195-Rattus_norvegicus-10116-Lys-CUN
13789,tRNA,test,tRNA_tdbR00000196-Rattus_norvegicus-10116-Lys-CUN
13790,tRNA,test,tRNA_tdbR00000197-Rattus_norvegicus-10116-Lys-3UU
13791,tRNA,test,tRNA_tdbR00000198-Oryctolagus_cuniculus-9986-Lys-CUU
13792,tRNA,test,tRNA_tdbR00000199-Oryctolagus_cuniculus-9986-Lys-CUU
13793,tRNA,test,tRNA_tdbR00000200-Oryctolagus_cuniculus-9986-Lys-3UU
13794,tRNA,test,tRNA_tdbR00000201-Drosophila_melanogaster-7227-Lys-CUU
13795,tRNA,test,tRNA_tdbR00000202-Drosophila_melanogaster-7227-Lys-UU
13796,tRNA,test,tRNA_tdbR00000203-Loligo_bleekeri-6617-Lys-NUU
13797,tRNA,test,tRNA_tdbR00000204-Loligo_bleekeri-6617-Lys-CUU
13798,tRNA,test,tRNA_tdbR00000205-Loligo_bleekeri-6617-Lys-NUU
13799,tRNA,test,tRNA_tdbR00000206-Loligo_bleekeri-6617-Lys-UUU
13800,tRNA,test,tRNA_tdbR00000207-Mus_musculus-10090-Lys-CUU
13801,tRNA,test,tRNA_tdbR00000208-Mus_musculus-10090-Lys-CUN
13802,tRNA,test,tRNA_tdbR00000209-Enterobacteria_phage_T4-10665-Leu-NAA
13803,tRNA,test,tRNA_tdbR00000210-Enterobacteria_phage_T5-10726-Leu-UAG
13804,tRNA,test,tRNA_tdbR00000211-Haloferax_volcanii-2246-Leu-CAA
13805,tRNA,test,tRNA_tdbR00000212-Haloferax_volcanii-2246-Leu-CAG
13806,tRNA,test,tRNA_tdbR00000213-Haloferax_volcanii-2246-Leu-GAG
13807,tRNA,test,tRNA_tdbR00000214-Haloferax_volcanii-2246-Leu-UAA
13808,tRNA,test,tRNA_tdbR00000215-Haloferax_volcanii-2246-Leu-5AG
13809,tRNA,test,tRNA_tdbR00000216-Mycoplasma_capricolum-2095-Leu-BAA
13810,tRNA,test,tRNA_tdbR00000217-Mycoplasma_capricolum-2095-Leu-AA
13811,tRNA,test,tRNA_tdbR00000218-Mycoplasma_capricolum-2095-Leu-UAG
13812,tRNA,test,tRNA_tdbR00000219-Bacillus_subtilis-1423-Leu-CAG
13813,tRNA,test,tRNA_tdbR00000220-Escherichia_coli-562-Leu-HAA
13814,tRNA,test,tRNA_tdbR00000221-Escherichia_coli-562-Leu-CAG
13815,tRNA,test,tRNA_tdbR00000222-Escherichia_coli-562-Leu-GAG
13816,tRNA,test,tRNA_tdbR00000223-Salmonella_typhimurium-602-Leu-CAG
13817,tRNA,test,tRNA_tdbR00000224-Rhodospirillum_rubrum-1085-Leu-CAA
13818,tRNA,test,tRNA_tdbR00000225-Synechococcus_elongatus_PCC_6301-269084-Leu-CAA
13819,tRNA,test,tRNA_tdbR00000226-Synechococcus_elongatus_PCC_6301-269084-Leu-CAG
13820,tRNA,test,tRNA_tdbR00000227-Geobacillus_stearothermophilus-1422-Leu-BAA
13821,tRNA,test,tRNA_tdbR00000228-Glycine_max-3847-Leu-BAA
13822,tRNA,test,tRNA_tdbR00000229-Glycine_max-3847-Leu-JAA
13823,tRNA,test,tRNA_tdbR00000230-Glycine_max-3847-Leu-UA7
13824,tRNA,test,tRNA_tdbR00000231-Phaseolus_vulgaris-3885-Leu-BAA
13825,tRNA,test,tRNA_tdbR00000232-Phaseolus_vulgaris-3885-Leu-NAA
13826,tRNA,test,tRNA_tdbR00000233-Phaseolus_vulgaris-3885-Leu-UA7
13827,tRNA,test,tRNA_tdbR00000234-Spinacia_oleracea-3562-Leu-UA7
13828,tRNA,test,tRNA_tdbR00000235-Neurospora_crassa-5141-Leu-NAA
13829,tRNA,test,tRNA_tdbR00000236-Neurospora_crassa-5141-Leu-UAG
13830,tRNA,test,tRNA_tdbR00000237-Saccharomyces_cerevisiae-4932-Leu-AA
13831,tRNA,test,tRNA_tdbR00000243-Rattus_norvegicus-10116-Leu-UAG
13832,tRNA,test,tRNA_tdbR00000244-Rattus_norvegicus-10116-Leu-UAG
13833,tRNA,test,tRNA_tdbR00000245-Rattus_norvegicus-10116-Leu-UAG
13834,tRNA,test,tRNA_tdbR00000246-Bos_taurus-9913-Leu-NAA
13835,tRNA,test,tRNA_tdbR00000247-Bos_taurus-9913-Leu-UAG
13836,tRNA,test,tRNA_tdbR00000249-Saccharomyces_cerevisiae-4932-Leu-CAA
13837,tRNA,test,tRNA_tdbR00000250-Saccharomyces_cerevisiae-4932-Leu-UAG
13838,tRNA,test,tRNA_tdbR00000251-Saccharomyces_cerevisiae-4932-Leu-UAA
13839,tRNA,test,tRNA_tdbR00000252-Pichia_jadinii-4903-Leu-BAA
13840,tRNA,test,tRNA_tdbR00000253-Candida_cylindracea-44322-Leu-BAA
13841,tRNA,test,tRNA_tdbR00000254-Candida_cylindracea-44322-Leu-IAG
13842,tRNA,test,tRNA_tdbR00000255-Candida_cylindracea-44322-Leu-IAG
13843,tRNA,test,tRNA_tdbR00000261-Cucumis_sativus-3659-Leu-NAA
13844,tRNA,test,tRNA_tdbR00000262-Rattus_norvegicus-10116-Leu-AA
13845,tRNA,test,tRNA_tdbR00000263-Rattus_norvegicus-10116-Leu-AA
13846,tRNA,test,tRNA_tdbR00000264-Caenorhabditis_elegans-6239-Leu-IAG
13847,tRNA,test,tRNA_tdbR00000265-Bos_taurus-9913-Leu-IAG
13848,tRNA,test,tRNA_tdbR00000266-Bos_taurus-9913-Leu-AA
13849,tRNA,test,tRNA_tdbR00000267-Bos_taurus-9913-Leu-IAG
13850,tRNA,test,tRNA_tdbR00000270-Avian_myeloblastosis_virus-11866-Met-BAU
13851,tRNA,test,tRNA_tdbR00000271-Haloferax_volcanii-2246-Met-BAU
13852,tRNA,test,tRNA_tdbR00000272-Thermoplasma_acidophilum-2303-Met-CAU
13853,tRNA,test,tRNA_tdbR00000273-Mycoplasma_capricolum-2095-Met-CAU
13854,tRNA,test,tRNA_tdbR00000274-Bacillus_subtilis-1423-Met-CAU
13855,tRNA,test,tRNA_tdbR00000275-Thermus_thermophilus-274-Met-CAU
13856,tRNA,test,tRNA_tdbR00000276-Escherichia_coli-562-Met-MAU
13857,tRNA,test,tRNA_tdbR00000277-Codium_fragile-3133-Met-CAU
13858,tRNA,test,tRNA_tdbR00000278-Scenedesmus_obliquus-3088-Met-CAU
13859,tRNA,test,tRNA_tdbR00000279-Spinacia_oleracea-3562-Met-CAU
13860,tRNA,test,tRNA_tdbR00000280-Saccharomyces_cerevisiae-4932-Met-CAU
13861,tRNA,test,tRNA_tdbR00000281-Phaseolus_vulgaris-3885-Met-CAU
13862,tRNA,test,tRNA_tdbR00000282-Ascaris_suum-6253-Met-AU
13863,tRNA,test,tRNA_tdbR00000283-Gallus_gallus-9031-Met-AU
13864,tRNA,test,tRNA_tdbR00000284-Saccharomyces_cerevisiae-4932-Met-CAU
13865,tRNA,test,tRNA_tdbR00000285-Triticum_aestivum-4565-Met-BAU
13866,tRNA,test,tRNA_tdbR00000286-Lupinus_luteus-3873-Met-BAU
13867,tRNA,test,tRNA_tdbR00000287-Oryctolagus_cuniculus-9986-Met-BAU
13868,tRNA,test,tRNA_tdbR00000288-Mus_musculus-10090-Met-BAU
13869,tRNA,test,tRNA_tdbR00000289-Homo_sapiens-9606-Met-BAU
13870,tRNA,test,tRNA_tdbR00000290-Enterobacteria_phage_T5-10726-Asn-GUU
13871,tRNA,test,tRNA_tdbR00000291-Halobacterium_salinarum-2242-Asn-GUU
13872,tRNA,test,tRNA_tdbR00000292-Haloferax_volcanii-2246-Asn-GUU
13873,tRNA,test,tRNA_tdbR00000293-Methanobacterium_thermaggregans-83982-Asn-UU
13874,tRNA,test,tRNA_tdbR00000294-Mycoplasma_capricolum-2095-Asn-GUU
13875,tRNA,test,tRNA_tdbR00000295-Escherichia_coli-562-Asn-QUU
13876,tRNA,test,tRNA_tdbR00000296-Azospirillum_lipoferum-193-Asn-QUU
13877,tRNA,test,tRNA_tdbR00000297-Azospirillum_lipoferum-193-Asn-QUU
13878,tRNA,test,tRNA_tdbR00000298-Asterias_amurensis-7602-Asn-GUU
13879,tRNA,test,tRNA_tdbR00000299-Asterias_amurensis-7602-Asn-GPU
13880,tRNA,test,tRNA_tdbR00000300-Saccharomyces_cerevisiae-4932-Asn-GUU
13881,tRNA,test,tRNA_tdbR00000301-Lupinus_luteus-3873-Asn-UU
13882,tRNA,test,tRNA_tdbR00000307-Moloney_murine_leukemia_virus-11801-Pro-IGG
13883,tRNA,test,tRNA_tdbR00000308-Moloney_murine_leukemia_virus-11801-Pro-NGG
13884,tRNA,test,tRNA_tdbR00000309-Enterobacteria_phage_T4-10665-Pro-NGG
13885,tRNA,test,tRNA_tdbR00000310-Enterobacteria_phage_T5-10726-Pro-UGG
13886,tRNA,test,tRNA_tdbR00000311-Haloferax_volcanii-2246-Pro-MGG
13887,tRNA,test,tRNA_tdbR00000312-Haloferax_volcanii-2246-Pro-GGG
13888,tRNA,test,tRNA_tdbR00000313-Haloferax_volcanii-2246-Pro-UGG
13889,tRNA,test,tRNA_tdbR00000314-Mycoplasma_capricolum-2095-Pro-UGG
13890,tRNA,test,tRNA_tdbR00000315-Mycoplasma_mycoides-2102-Pro-UGG
13891,tRNA,test,tRNA_tdbR00000316-Bacillus_subtilis-1423-Pro-5GG
13892,tRNA,test,tRNA_tdbR00000317-Salmonella_typhimurium-602-Pro-CGG
13893,tRNA,test,tRNA_tdbR00000318-Salmonella_typhimurium-602-Pro-GGG
13894,tRNA,test,tRNA_tdbR00000319-Salmonella_typhimurium-602-Pro-VGG
13895,tRNA,test,tRNA_tdbR00000320-Spinacia_oleracea-3562-Pro-NGG
13896,tRNA,test,tRNA_tdbR00000321-Saccharomyces_cerevisiae-4932-Pro-UGG
13897,tRNA,test,tRNA_tdbR00000322-Phaseolus_vulgaris-3885-Pro-UGG
13898,tRNA,test,tRNA_tdbR00000323-Saccharomyces_cerevisiae-4932-Pro-NGG
13899,tRNA,test,tRNA_tdbR00000324-Saccharomyces_cerevisiae-4932-Pro-NGG
13900,tRNA,test,tRNA_tdbR00000325-Pichia_jadinii-4903-Pro-GG
13901,tRNA,test,tRNA_tdbR00000326-Lupinus_luteus-3873-Pro-IGG
13902,tRNA,test,tRNA_tdbR00000327-Enterobacteria_phage_T4-10665-Gln-NUG
13903,tRNA,test,tRNA_tdbR00000328-Enterobacteria_phage_T5-10726-Gln-UUG
13904,tRNA,test,tRNA_tdbR00000330-Haloferax_volcanii-2246-Gln-MUG
13905,tRNA,test,tRNA_tdbR00000331-Mycoplasma_capricolum-2095-Gln-UG
13906,tRNA,test,tRNA_tdbR00000332-Escherichia_coli-562-Gln-CUG
13907,tRNA,test,tRNA_tdbR00000333-Escherichia_coli-562-Gln-NUG
13908,tRNA,test,tRNA_tdbR00000334-Hordeum_vulgare-4513-Gln-UG
13909,tRNA,test,tRNA_tdbR00000335-Nicotiana_rustica-4093-Gln-NUG
13910,tRNA,test,tRNA_tdbR00000336-Aedes_albopictus-7160-Gln-NUG
13911,tRNA,test,tRNA_tdbR00000337-Tetrahymena_thermophila-5911-Gln-CUA
13912,tRNA,test,tRNA_tdbR00000338-Tetrahymena_thermophila-5911-Gln-JUA
13913,tRNA,test,tRNA_tdbR00000339-Tetrahymena_thermophila-5911-Gln-JUG
13914,tRNA,test,tRNA_tdbR00000340-Nicotiana_rustica-4093-Gln-JUG
13915,tRNA,test,tRNA_tdbR00000341-Rattus_norvegicus-10116-Gln-CUG
13916,tRNA,test,tRNA_tdbR00000342-Bos_taurus-9913-Gln-CUG
13917,tRNA,test,tRNA_tdbR00000343-Mus_musculus-10090-Gln-CUG
13918,tRNA,test,tRNA_tdbR00000344-Mus_musculus-10090-Gln-JUG
13919,tRNA,test,tRNA_tdbR00000345-Homo_sapiens-9606-Gln-NUG
13920,tRNA,test,tRNA_tdbR00000346-Homo_sapiens-9606-Gln-NUG
13921,tRNA,test,tRNA_tdbR00000347-Enterobacteria_phage_T4-10665-Arg-NCU
13922,tRNA,test,tRNA_tdbR00000348-Halobacterium_salinarum-2242-Arg-GCG
13923,tRNA,test,tRNA_tdbR00000349-Haloferax_volcanii-2246-Arg-CCG
13924,tRNA,test,tRNA_tdbR00000350-Haloferax_volcanii-2246-Arg-GCG
13925,tRNA,test,tRNA_tdbR00000351-Haloferax_volcanii-2246-Arg-NCG
13926,tRNA,test,tRNA_tdbR00000352-Mycoplasma_capricolum-2095-Arg-ICG
13927,tRNA,test,tRNA_tdbR00000353-Mycoplasma_capricolum-2095-Arg-CU
13928,tRNA,test,tRNA_tdbR00000354-Bacillus_subtilis-1423-Arg-ICG
13929,tRNA,test,tRNA_tdbR00000355-Escherichia_coli-562-Arg-ICG
13930,tRNA,test,tRNA_tdbR00000356-Escherichia_coli-562-Arg-ICG
13931,tRNA,test,tRNA_tdbR00000357-Escherichia_coli-562-Arg-CU
13932,tRNA,test,tRNA_tdbR00000358-Escherichia_coli-562-Arg-CU
13933,tRNA,test,tRNA_tdbR00000359-Escherichia_coli-562-Arg-CCG
13934,tRNA,test,tRNA_tdbR00000360-Codium_fragile-3133-Arg-ICG
13935,tRNA,test,tRNA_tdbR00000361-Saccharomyces_cerevisiae-4932-Arg-ACG
13936,tRNA,test,tRNA_tdbR00000362-Saccharomyces_cerevisiae-4932-Arg-NCU
13937,tRNA,test,tRNA_tdbR00000363-Ascaris_suum-6253-Arg-PCU
13938,tRNA,test,tRNA_tdbR00000364-Ascaris_suum-6253-Arg-ACG
13939,tRNA,test,tRNA_tdbR00000365-Aedes_albopictus-7160-Arg-UCG
13940,tRNA,test,tRNA_tdbR00000366-Rattus_norvegicus-10116-Arg-UCG
13941,tRNA,test,tRNA_tdbR00000367-Bos_taurus-9913-Arg-UCG
13942,tRNA,test,tRNA_tdbR00000368-Mesocricetus_auratus-10036-Arg-UCG
13943,tRNA,test,tRNA_tdbR00000369-Saccharomyces_cerevisiae-4932-Arg-ICG
13944,tRNA,test,tRNA_tdbR00000370-Saccharomyces_cerevisiae-4932-Arg-1CU
13945,tRNA,test,tRNA_tdbR00000371-Saccharomyces_cerevisiae-4932-Arg-1CU
13946,tRNA,test,tRNA_tdbR00000372-Triticum_aestivum-4565-Arg-CCG
13947,tRNA,test,tRNA_tdbR00000373-Triticum_aestivum-4565-Arg-ICG
13948,tRNA,test,tRNA_tdbR00000374-Bos_taurus-9913-Arg-CCG
13949,tRNA,test,tRNA_tdbR00000375-Bos_taurus-9913-Arg-CCU
13950,tRNA,test,tRNA_tdbR00000376-Bos_taurus-9913-Arg-3CP
13951,tRNA,test,tRNA_tdbR00000377-Mus_musculus-10090-Arg-ICG
13952,tRNA,test,tRNA_tdbR00000378-Mus_musculus-10090-Arg-ICG
13953,tRNA,test,tRNA_tdbR00000379-Enterobacteria_phage_T4-10665-Ser-NGA
13954,tRNA,test,tRNA_tdbR00000380-Halobacterium_salinarum-2242-Ser-MGA
13955,tRNA,test,tRNA_tdbR00000381-Haloferax_volcanii-2246-Ser-GCU
13956,tRNA,test,tRNA_tdbR00000382-Haloferax_volcanii-2246-Ser-MGA
13957,tRNA,test,tRNA_tdbR00000383-Haloferax_volcanii-2246-Ser-GGA
13958,tRNA,test,tRNA_tdbR00000384-Mycoplasma_capricolum-2095-Ser-GCU
13959,tRNA,test,tRNA_tdbR00000385-Mycoplasma_capricolum-2095-Ser-UGA
13960,tRNA,test,tRNA_tdbR00000386-Mycoplasma_mycoides-2102-Ser-UGA
13961,tRNA,test,tRNA_tdbR00000387-Bacillus_subtilis-1423-Ser-5GA
13962,tRNA,test,tRNA_tdbR00000389-Bacillus_subtilis-1423-Ser-GGA
13963,tRNA,test,tRNA_tdbR00000390-Escherichia_coli-562-Ser-CGA
13964,tRNA,test,tRNA_tdbR00000391-Escherichia_coli-562-Ser-GCU
13965,tRNA,test,tRNA_tdbR00000392-Escherichia_coli-562-Ser-GGA
13966,tRNA,test,tRNA_tdbR00000393-Escherichia_coli-562-Ser-GGA
13967,tRNA,test,tRNA_tdbR00000394-Escherichia_coli-562-Ser-VGA
13968,tRNA,test,tRNA_tdbR00000395-Saccharomyces_cerevisiae-4932-Ser-GCU
13969,tRNA,test,tRNA_tdbR00000396-Saccharomyces_cerevisiae-4932-Ser-UGA
13970,tRNA,test,tRNA_tdbR00000397-Saccharomyces_cerevisiae-4932-Ser-UGA
13971,tRNA,test,tRNA_tdbR00000398-Ascaris_suum-6253-Ser-UCU
13972,tRNA,test,tRNA_tdbR00000399-Aedes_albopictus-7160-Ser-GCU
13973,tRNA,test,tRNA_tdbR00000400-Loligo_bleekeri-6617-Ser-7CU
13974,tRNA,test,tRNA_tdbR00000403-Bos_taurus-9913-Ser-UGA
13975,tRNA,test,tRNA_tdbR00000406-Saccharomyces_cerevisiae-4932-Ser-NGA
13976,tRNA,test,tRNA_tdbR00000407-Saccharomyces_cerevisiae-4932-Ser-IGA
13977,tRNA,test,tRNA_tdbR00000408-Saccharomyces_cerevisiae-4932-Ser-IGA
13978,tRNA,test,tRNA_tdbR00000409-Candida_cylindracea-44322-Ser-CAG
13979,tRNA,test,tRNA_tdbR00000410-Candida_cylindracea-44322-Ser-GA
13980,tRNA,test,tRNA_tdbR00000411-Candida_cylindracea-44322-Ser-IGA
13981,tRNA,test,tRNA_tdbR00000412-Candida_cylindracea-44322-Ser-CGA
13982,tRNA,test,tRNA_tdbR00000413-Candida_cylindracea-44322-Ser-GCU
13983,tRNA,test,tRNA_tdbR00000414-Lupinus_luteus-3873-Ser-CGA
13984,tRNA,test,tRNA_tdbR00000415-Nicotiana_rustica-4093-Ser-GA
13985,tRNA,test,tRNA_tdbR00000416-Nicotiana_rustica-4093-Ser-CGA
13986,tRNA,test,tRNA_tdbR00000417-Nicotiana_rustica-4093-Ser-GCU
13987,tRNA,test,tRNA_tdbR00000418-Nicotiana_rustica-4093-Ser-IGA
13988,tRNA,test,tRNA_tdbR00000419-Nicotiana_rustica-4093-Ser-IGA
13989,tRNA,test,tRNA_tdbR00000420-Spinacia_oleracea-3562-Ser-IGA
13990,tRNA,test,tRNA_tdbR00000421-Rattus_norvegicus-10116-Ser-IGA
13991,tRNA,test,tRNA_tdbR00000422-Rattus_norvegicus-10116-Ser-GCU
13992,tRNA,test,tRNA_tdbR00000423-Rattus_norvegicus-10116-Ser-IGA
13993,tRNA,test,tRNA_tdbR00000424-Drosophila_melanogaster-7227-Ser-GCU
13994,tRNA,test,tRNA_tdbR00000425-Drosophila_melanogaster-7227-Ser-IGA
13995,tRNA,test,tRNA_tdbR00000426-Drosophila_melanogaster-7227-Ser-CGA
13996,tRNA,test,tRNA_tdbR00000427-Gallus_gallus-9031-Ser-UGA
13997,tRNA,test,tRNA_tdbR00000428-Homo_sapiens-9606-Ser-UGA
13998,tRNA,test,tRNA_tdbR00000429-Enterobacteria_phage_T4-10665-Thr-NGU
13999,tRNA,test,tRNA_tdbR00000430-Halobacterium_salinarum-2242-Thr-GGU
14000,tRNA,test,tRNA_tdbR00000431-Haloferax_volcanii-2246-Thr-CGU
14001,tRNA,test,tRNA_tdbR00000432-Haloferax_volcanii-2246-Thr-GGU
14002,tRNA,test,tRNA_tdbR00000433-Mycoplasma_capricolum-2095-Thr-AGU
14003,tRNA,test,tRNA_tdbR00000434-Mycoplasma_capricolum-2095-Thr-UGU
14004,tRNA,test,tRNA_tdbR00000435-Mycoplasma_mycoides-2102-Thr-UGU
14005,tRNA,test,tRNA_tdbR00000436-Bacillus_subtilis-1423-Thr-5GU
14006,tRNA,test,tRNA_tdbR00000437-Escherichia_coli-562-Thr-GGU
14007,tRNA,test,tRNA_tdbR00000438-Escherichia_coli-562-Thr-GGU
14008,tRNA,test,tRNA_tdbR00000439-Spinacia_oleracea-3562-Thr-GGU
14009,tRNA,test,tRNA_tdbR00000440-Neurospora_crassa-5141-Thr-UGU
14010,tRNA,test,tRNA_tdbR00000443-Saccharomyces_cerevisiae-4932-Thr-IGU
14011,tRNA,test,tRNA_tdbR00000444-Saccharomyces_cerevisiae-4932-Thr-IGU
14012,tRNA,test,tRNA_tdbR00000445-Bos_taurus-9913-Thr-IGU
14013,tRNA,test,tRNA_tdbR00000446-Halobacterium_salinarum-2242-Val-CAC
14014,tRNA,test,tRNA_tdbR00000447-Halobacterium_salinarum-2242-Val-CAC
14015,tRNA,test,tRNA_tdbR00000448-Halobacterium_salinarum-2242-Val-GAC
14016,tRNA,test,tRNA_tdbR00000449-Haloferax_volcanii-2246-Val-CAC
14017,tRNA,test,tRNA_tdbR00000450-Haloferax_volcanii-2246-Val-GAC
14018,tRNA,test,tRNA_tdbR00000451-Mycoplasma_capricolum-2095-Val-UAC
14019,tRNA,test,tRNA_tdbR00000452-Mycoplasma_mycoides-2102-Val-UAC
14020,tRNA,test,tRNA_tdbR00000453-Bacillus_subtilis-1423-Val-5AC
14021,tRNA,test,tRNA_tdbR00000454-Escherichia_coli-562-Val-GAC
14022,tRNA,test,tRNA_tdbR00000455-Escherichia_coli-562-Val-GAC
14023,tRNA,test,tRNA_tdbR00000456-Escherichia_coli-562-Val-VAC
14024,tRNA,test,tRNA_tdbR00000457-Geobacillus_stearothermophilus-1422-Val-GAC
14025,tRNA,test,tRNA_tdbR00000459-Neurospora_crassa-5141-Val-UAC
14026,tRNA,test,tRNA_tdbR00000460-Aedes_albopictus-7160-Val-UAC
14027,tRNA,test,tRNA_tdbR00000461-Rattus_norvegicus-10116-Val-UAC
14028,tRNA,test,tRNA_tdbR00000462-Rattus_norvegicus-10116-Val-UAC
14029,tRNA,test,tRNA_tdbR00000463-Bos_taurus-9913-Val-UAC
14030,tRNA,test,tRNA_tdbR00000464-Saccharomyces_cerevisiae-4932-Val-IAC
14031,tRNA,test,tRNA_tdbR00000465-Saccharomyces_cerevisiae-4932-Val-CAC
14032,tRNA,test,tRNA_tdbR00000466-Saccharomyces_cerevisiae-4932-Val-AC
14033,tRNA,test,tRNA_tdbR00000467-Pichia_jadinii-4903-Val-IAC
14034,tRNA,test,tRNA_tdbR00000468-Lupinus_luteus-3873-Val-IAC
14035,tRNA,test,tRNA_tdbR00000469-Rattus_norvegicus-10116-Val-IAC
14036,tRNA,test,tRNA_tdbR00000471-Oryctolagus_cuniculus-9986-Val-IAC
14037,tRNA,test,tRNA_tdbR00000472-Drosophila_melanogaster-7227-Val-IAC
14038,tRNA,test,tRNA_tdbR00000473-Drosophila_melanogaster-7227-Val-CAC
14039,tRNA,test,tRNA_tdbR00000474-Drosophila_melanogaster-7227-Val-NAC
14040,tRNA,test,tRNA_tdbR00000475-Mus_musculus-10090-Val-IAC
14041,tRNA,test,tRNA_tdbR00000477-Avian_myeloblastosis_virus-11866-Trp-BCA
14042,tRNA,test,tRNA_tdbR00000478-Haloferax_volcanii-2246-Trp-BCA
14043,tRNA,test,tRNA_tdbR00000479-Mycoplasma_capricolum-2095-Trp-BCA
14044,tRNA,test,tRNA_tdbR00000480-Mycoplasma_capricolum-2095-Trp-CA
14045,tRNA,test,tRNA_tdbR00000481-Spiroplasma_citri-2133-Trp-NCA
14046,tRNA,test,tRNA_tdbR00000482-Spiroplasma_citri-2133-Trp-CCA
14047,tRNA,test,tRNA_tdbR00000483-Bacillus_subtilis-1423-Trp-CCA
14048,tRNA,test,tRNA_tdbR00000484-Escherichia_coli-562-Trp-CCA
14049,tRNA,test,tRNA_tdbR00000485-Nicotiana_tabacum-4097-Trp-BCA
14050,tRNA,test,tRNA_tdbR00000486-Phaseolus_vulgaris-3885-Trp-BCA
14051,tRNA,test,tRNA_tdbR00000488-Tetrahymena_thermophila-5911-Trp-CA
14052,tRNA,test,tRNA_tdbR00000489-Neurospora_crassa-5141-Trp-NCA
14053,tRNA,test,tRNA_tdbR00000490-Saccharomyces_cerevisiae-4932-Trp-CA
14054,tRNA,test,tRNA_tdbR00000492-Rattus_norvegicus-10116-Trp-NCA
14055,tRNA,test,tRNA_tdbR00000493-Bos_taurus-9913-Trp-NCA
14056,tRNA,test,tRNA_tdbR00000494-Saccharomyces_cerevisiae-4932-Trp-BCA
14057,tRNA,test,tRNA_tdbR00000495-Triticum_aestivum-4565-Trp-BCA
14058,tRNA,test,tRNA_tdbR00000496-Nicotiana_tabacum-4097-Trp-BCA
14059,tRNA,test,tRNA_tdbR00000497-Bos_taurus-9913-Trp-BCA
14060,tRNA,test,tRNA_tdbR00000498-Gallus_gallus-9031-Trp-BCA
14061,tRNA,test,tRNA_tdbR00000499-Halobacterium_salinarum-2242-Ini-CAU
14062,tRNA,test,tRNA_tdbR00000500-Haloferax_volcanii-2246-Ini-CAU
14063,tRNA,test,tRNA_tdbR00000503-Thermoplasma_acidophilum-2303-Ini-CAU
14064,tRNA,test,tRNA_tdbR00000504-Mycoplasma_capricolum-2095-Ini-CAU
14065,tRNA,test,tRNA_tdbR00000505-Mycoplasma_mycoides-2102-Ini-CAU
14066,tRNA,test,tRNA_tdbR00000506-Streptomyces_griseus-1911-Ini-CAU
14067,tRNA,test,tRNA_tdbR00000507-Bacillus_subtilis-1423-Ini-CAU
14068,tRNA,test,tRNA_tdbR00000508-Thermus_thermophilus-274-Ini-CAU
14069,tRNA,test,tRNA_tdbR00000509-Thermus_thermophilus-274-Ini-CAU
14070,tRNA,test,tRNA_tdbR00000510-Escherichia_coli-562-Ini-CAU
14071,tRNA,test,tRNA_tdbR00000511-Escherichia_coli-562-Ini-CAU
14072,tRNA,test,tRNA_tdbR00000512-Mycobacterium_smegmatis-1772-Ini-CAU
14073,tRNA,test,tRNA_tdbR00000513-Synechococcus_elongatus_PCC_6301-269084-Ini-CAU
14074,tRNA,test,tRNA_tdbR00000514-Scenedesmus_obliquus-3088-Ini-CAU
14075,tRNA,test,tRNA_tdbR00000515-Phaseolus_vulgaris-3885-Ini-CAU
14076,tRNA,test,tRNA_tdbR00000516-Spinacia_oleracea-3562-Ini-CAU
14077,tRNA,test,tRNA_tdbR00000517-Neurospora_crassa-5141-Ini-CAU
14078,tRNA,test,tRNA_tdbR00000518-Saccharomyces_cerevisiae-4932-Ini-CAU
14079,tRNA,test,tRNA_tdbR00000519-Phaseolus_vulgaris-3885-Ini-CAU
14080,tRNA,test,tRNA_tdbR00000520-Aedes_albopictus-7160-Ini-CAU
14081,tRNA,test,tRNA_tdbR00000521-Bos_taurus-9913-Ini-CAU
14082,tRNA,test,tRNA_tdbR00000522-Bos_taurus-9913-Ini-AU
14083,tRNA,test,tRNA_tdbR00000523-Tetrahymena_thermophila-5911-Ini-CAU
14084,tRNA,test,tRNA_tdbR00000524-Scenedesmus_obliquus-3088-Ini-CAU
14085,tRNA,test,tRNA_tdbR00000526-Saccharomyces_cerevisiae-4932-Ini-CAU
14086,tRNA,test,tRNA_tdbR00000527-Schizosaccharomyces_pombe-4896-Ini-CAU
14087,tRNA,test,tRNA_tdbR00000528-Pichia_jadinii-4903-Ini-CAU
14088,tRNA,test,tRNA_tdbR00000529-Triticum_aestivum-4565-Ini-CAU
14089,tRNA,test,tRNA_tdbR00000531-Phaseolus_vulgaris-3885-Ini-CAU
14090,tRNA,test,tRNA_tdbR00000532-Oryctolagus_cuniculus-9986-Ini-CAU
14091,tRNA,test,tRNA_tdbR00000533-Drosophila_melanogaster-7227-Ini-CAU
14092,tRNA,test,tRNA_tdbR00000534-Euphausia_superba-6819-Ini-CAU
14093,tRNA,test,tRNA_tdbR00000535-Xenopus_laevis-8355-Ini-CAU
14094,tRNA,test,tRNA_tdbR00000536-Salmo_salar-8030-Ini-CAU
14095,tRNA,test,tRNA_tdbR00000537-Mus_musculus-10090-Ini-CAU
14096,tRNA,test,tRNA_tdbR00000538-Asterina_amurensis-69830-Ini-CAU
14097,tRNA,test,tRNA_tdbR00000539-Ovis_aries-9940-Ini-CAU
14098,tRNA,test,tRNA_tdbR00000540-Homo_sapiens-9606-Ini-CAU
14099,tRNA,test,tRNA_tdbR00000541-Haloferax_volcanii-2246-Tyr-GUA
14100,tRNA,test,tRNA_tdbR00000542-Mycoplasma_capricolum-2095-Tyr-GUA
14101,tRNA,test,tRNA_tdbR00000543-Bacillus_subtilis-1423-Tyr-QUA
14102,tRNA,test,tRNA_tdbR00000544-Bacillus_subtilis-1423-Tyr-QUA
14103,tRNA,test,tRNA_tdbR00000545-Escherichia_coli-562-Tyr-QUA
14104,tRNA,test,tRNA_tdbR00000546-Escherichia_coli-562-Tyr-QUA
14105,tRNA,test,tRNA_tdbR00000547-Geobacillus_stearothermophilus-1422-Tyr-QUA
14106,tRNA,test,tRNA_tdbR00000548-Scenedesmus_obliquus-3088-Tyr-GUA
14107,tRNA,test,tRNA_tdbR00000549-Tetrahymena_pyriformis-5908-Tyr-QUA
14108,tRNA,test,tRNA_tdbR00000550-Neurospora_crassa-5141-Tyr-GUA
14109,tRNA,test,tRNA_tdbR00000551-Saccharomyces_cerevisiae-4932-Tyr-GUA
14110,tRNA,test,tRNA_tdbR00000553-Asterias_amurensis-7602-Tyr-GUA
14111,tRNA,test,tRNA_tdbR00000555-Saccharomyces_cerevisiae-4932-Tyr-GPA
14112,tRNA,test,tRNA_tdbR00000556-Schizosaccharomyces_pombe-4896-Tyr-GPA
14113,tRNA,test,tRNA_tdbR00000557-Pichia_jadinii-4903-Tyr-GPA
14114,tRNA,test,tRNA_tdbR00000558-Triticum_aestivum-4565-Tyr-QPA
14115,tRNA,test,tRNA_tdbR00000559-Triticum_aestivum-4565-Tyr-GPA
14116,tRNA,test,tRNA_tdbR00000560-Lupinus_luteus-3873-Tyr-GPA
14117,tRNA,test,tRNA_tdbR00000561-Nicotiana_rustica-4093-Tyr-GPA
14118,tRNA,test,tRNA_tdbR00000562-Nicotiana_rustica-4093-Tyr-GPA
14119,tRNA,test,tRNA_tdbR00000563-Lupinus_albus-3870-Tyr-GPA
14120,tRNA,test,tRNA_tdbR00000564-Drosophila_melanogaster-7227-Tyr-QPA
14121,tRNA,test,tRNA_tdbR00000565-Bos_taurus-9913-Tyr-9PA
14122,tRNA,test,tRNA_tdbR00000566-Homo_sapiens-9606-Tyr-9PA
14123,tRNA,test,tRNA_tdbR00000567-Homo_sapiens-9606-Tyr-9PA
14124,tRNA,test,tRNA_tdbR00000572-Leishmania_tarentolae-5689-Lys-1UU
14125,tRNA,test,tRNA_tdbR00000573-Leishmania_tarentolae-5689-Gln-3UG
14126,tRNA,test,tRNA_tdbR00000574-Leishmania_tarentolae-5689-Trp-CCA
14127,tRNA,test,tRNA_tdbR00000575-Leishmania_tarentolae-5689-Thr-CGU
14128,tRNA,test,tRNA_tdbR00000576-Leishmania_tarentolae-5689-Asp-GUC
14129,tRNA,test,tRNA_tdbR00000577-Leishmania_tarentolae-5689-Glu-CUC
14130,tRNA,test,tRNA_tdbR00000578-Leishmania_tarentolae-5689-Glu-3UC
14131,tRNA,test,tRNA_tdbR00000579-Aeropyrum_pernix-56636-Pro-CGG
14132,tRNA,test,tRNA_tdbR00000580-Aeropyrum_pernix-56636-Lys-UUU
14133,tRNA,test,tRNA_tdbR00000581-Aeropyrum_pernix-56636-Lys-CUU
14134,tRNA,test,tRNA_tdbR00000582-Aeropyrum_pernix-56636-Tyr-GUA
14135,tRNA,test,tRNA_tdbR00000583-Aeropyrum_pernix-56636-Cys-GCA
14136,tRNA,test,tRNA_tdbR00000584-Aeropyrum_pernix-56636-Pro-GGG
14137,tRNA,test,tRNA_tdbR00000585-Aeropyrum_pernix-56636-Thr-CGU
14138,tRNA,test,tRNA_tdbR00000586-Aeropyrum_pernix-56636-Met-CAU
14139,tRNA,test,tRNA_tdbR00000587-Aeropyrum_pernix-56636-Met-CAU
14140,tRNA,test,tRNA_tdbR00000588-Aeropyrum_pernix-56636-Asp-GUC
14141,tRNA,test,tRNA_tdbR00000589-Aeropyrum_pernix-56636-Arg-UCU
14142,tRNA,test,tRNA_tdbR00000590-Ascaris_suum-6253-Glu-UC
14143,tRNA,test,tRNA_tdbR00000591-Ascaris_suum-6253-Lys-UU
14144,tRNA,test,tRNA_tdbR00000592-Ascaris_suum-6253-Gln-UG
14145,tRNA,test,tRNA_tdbR00000593-Ascaris_suum-6253-Trp-CA
14146,tRNA,test,tRNA_tdbR00000594-Ascaris_suum-6253-Leu-AA
14147,tRNA,test,tRNA_tdbR00000595-Escherichia_coli-562-Leu-BAA
14148,tRNA,test,tRNA_tdbR00000605-Lupinus_luteus-3873-Leu-CAG
14149,tRNA,test,tRNA_tdbR00000606-Lupinus_luteus-3873-Leu-IAG
14150,tRNA,test,tRNA_tdbR00000607-Lupinus_luteus-3873-Leu-IAG
14151,tRNA,test,tRNA_tdbR00000608-Lupinus_luteus-3873-Leu-UAA
14152,tRNA,test,tRNA_tdbR00000609-Chlamydomonas_reinhardtii-3055-Leu-UA7
14153,tRNA,test,tRNA_tdbR00000610-Caulobacter_crescentus_CB15-190650-His-GUG
14154,tRNA,test,tRNA_tdbR00000611-Sinorhizobium_meliloti-382-His-GUG
14155,tRNA,test,tRNA_tdbR00000612-Sinorhizobium_meliloti-382-Trp-CCA
14156,tRNA,test,tRNA_tdbR00000613-Nanoarchaeum_equitans-160232-Glu-CUC
14157,tRNA,test,tRNA_tdbR00000614-Nanoarchaeum_equitans-160232-Ini-CAU
14158,tRNA,test,tRNA_tdbR00000615-Nanoarchaeum_equitans-160232-Trp-CCA
14159,tRNA,test,tRNA_tdbR00000616-Nanoarchaeum_equitans-160232-Lys-CUU
14160,tRNA,test,tRNA_tdbR00000617-Nanoarchaeum_equitans-160232-Gln-UUG
14161,tRNA,test,tRNA_tdbR00000618-Candida_albicans-5476-Leu-CAG
14162,tRNA,test,tRNA_tdbR00000619-Toxoplasma_gondii-5811-Met-CAU
14163,tRNA,test,tRNA_tdbR00000620-Toxoplasma_gondii-5811-Ini-CAU
14164,tRNA,test,tRNA_tdbR00000621-Nicotiana_rustica-4093-Cys-GCA
14165,tRNA,test,tRNA_tdbR00000622-Nicotiana_rustica-4093-Cys-GCA
14166,tRNA,test,tRNA_tdbR00000623-Escherichia_coli-562-Pro-CGG
14167,tRNA,train,telomerase_AC121792.109554-109950
14168,tRNA,train,telomerase_AF147806.247-692
14169,tRNA,train,telomerase_AF221906.96-545
14170,tRNA,train,telomerase_AF221908.136-584
14171,tRNA,train,telomerase_AF221909.98-496
14172,tRNA,train,telomerase_AF221910.112-554
14173,tRNA,train,telomerase_AF221911.104-513
14174,tRNA,train,telomerase_AF221912.98-564
14175,tRNA,train,telomerase_AF221913.109-520
14176,tRNA,train,telomerase_AF221914.112-589
14177,tRNA,train,telomerase_AF221916.94-481
14178,tRNA,train,telomerase_AF221917.99-542
14179,tRNA,train,telomerase_AF221918.97-547
14180,tRNA,train,telomerase_AF221919.107-614
14181,tRNA,train,telomerase_AF221920.99-541
14182,tRNA,train,telomerase_AF221921.98-548
14183,tRNA,train,telomerase_AF221923.106-554
14184,tRNA,train,telomerase_AF221924.105-538
14185,tRNA,train,telomerase_AF221925.98-540
14186,tRNA,train,telomerase_AF221926.103-507
14187,tRNA,train,telomerase_AF221927.113-556
14188,tRNA,train,telomerase_AF221928.95-476
14189,tRNA,train,telomerase_AF221929.92-517
14190,tRNA,train,telomerase_AF221930.94-546
14191,tRNA,train,telomerase_AF221931.99-541
14192,tRNA,train,telomerase_AF221932.102-549
14193,tRNA,train,telomerase_AF221934.121-565
14194,tRNA,train,telomerase_AF221935.112-602
14195,tRNA,train,telomerase_AF221936.98-540
14196,tRNA,train,telomerase_AF221937.99-545
14197,tRNA,train,telomerase_AF221939.99-544
14198,tRNA,train,telomerase_AF221940.103-499
14199,tRNA,train,telomerase_AY058901.1-397
14200,tRNA,train,telomerase_AY312571.605-1069
14201,tRNA,train,telomerase_U85256.1-451
14202,tRNA,train,telomerase_AC121792.109554-109950
14203,tRNA,train,telomerase_AF147806.247-692
14204,tRNA,train,telomerase_AF221906.96-545
14205,tRNA,train,telomerase_AF221908.136-584
14206,tRNA,train,telomerase_AF221909.98-496
14207,tRNA,train,telomerase_AF221910.112-554
14208,tRNA,train,telomerase_AF221911.104-513
14209,tRNA,train,telomerase_AF221912.98-564
14210,tRNA,train,telomerase_AF221913.109-520
14211,tRNA,train,telomerase_AF221914.112-589
14212,tRNA,train,telomerase_AF221916.94-481
14213,tRNA,train,telomerase_AF221917.99-542
14214,tRNA,train,telomerase_AF221918.97-547
14215,tRNA,train,telomerase_AF221919.107-614
14216,tRNA,train,telomerase_AF221920.99-541
14217,tRNA,train,telomerase_AF221921.98-548
14218,tRNA,train,telomerase_AF221923.106-554
14219,tRNA,train,telomerase_AF221924.105-538
14220,tRNA,train,telomerase_AF221925.98-540
14221,tRNA,train,telomerase_AF221926.103-507
14222,tRNA,train,telomerase_AF221927.113-556
14223,tRNA,train,telomerase_AF221928.95-476
14224,tRNA,train,telomerase_AF221929.92-517
14225,tRNA,train,telomerase_AF221930.94-546
14226,tRNA,train,telomerase_AF221931.99-541
14227,tRNA,train,telomerase_AF221932.102-549
14228,tRNA,train,telomerase_AF221934.121-565
14229,tRNA,train,telomerase_AF221935.112-602
14230,tRNA,train,telomerase_AF221936.98-540
14231,tRNA,train,telomerase_AF221937.99-545
14232,tRNA,train,telomerase_AF221939.99-544
14233,tRNA,train,telomerase_AF221940.103-499
14234,tRNA,train,telomerase_AY058901.1-397
14235,tRNA,train,telomerase_AY312571.605-1069
14236,tRNA,train,telomerase_U85256.1-451
14237,tRNA,train,telomerase_AC121792.109554-109950
14238,tRNA,train,telomerase_AF147806.247-692
14239,tRNA,train,telomerase_AF221906.96-545
14240,tRNA,train,telomerase_AF221908.136-584
14241,tRNA,train,telomerase_AF221909.98-496
14242,tRNA,train,telomerase_AF221910.112-554
14243,tRNA,train,telomerase_AF221911.104-513
14244,tRNA,train,telomerase_AF221912.98-564
14245,tRNA,train,telomerase_AF221913.109-520
14246,tRNA,train,telomerase_AF221914.112-589
14247,tRNA,train,telomerase_AF221916.94-481
14248,tRNA,train,telomerase_AF221917.99-542
14249,tRNA,train,telomerase_AF221918.97-547
14250,tRNA,train,telomerase_AF221919.107-614
14251,tRNA,train,telomerase_AF221920.99-541
14252,tRNA,train,telomerase_AF221921.98-548
14253,tRNA,train,telomerase_AF221923.106-554
14254,tRNA,train,telomerase_AF221924.105-538
14255,tRNA,train,telomerase_AF221925.98-540
14256,tRNA,train,telomerase_AF221926.103-507
14257,tRNA,train,telomerase_AF221927.113-556
14258,tRNA,train,telomerase_AF221928.95-476
14259,tRNA,train,telomerase_AF221929.92-517
14260,tRNA,train,telomerase_AF221930.94-546
14261,tRNA,train,telomerase_AF221931.99-541
14262,tRNA,train,telomerase_AF221932.102-549
14263,tRNA,train,telomerase_AF221934.121-565
14264,tRNA,train,telomerase_AF221935.112-602
14265,tRNA,train,telomerase_AF221936.98-540
14266,tRNA,train,telomerase_AF221937.99-545
14267,tRNA,train,telomerase_AF221939.99-544
14268,tRNA,train,telomerase_AF221940.103-499
14269,tRNA,train,telomerase_AY058901.1-397
14270,tRNA,train,telomerase_AY312571.605-1069
14271,tRNA,train,telomerase_U85256.1-451
14272,tRNA,train,telomerase_AC121792.109554-109950
14273,tRNA,train,telomerase_AF147806.247-692
14274,tRNA,train,telomerase_AF221906.96-545
14275,tRNA,train,telomerase_AF221908.136-584
14276,tRNA,train,telomerase_AF221909.98-496
14277,tRNA,train,telomerase_AF221910.112-554
14278,tRNA,train,telomerase_AF221911.104-513
14279,tRNA,train,telomerase_AF221912.98-564
14280,tRNA,train,telomerase_AF221913.109-520
14281,tRNA,train,telomerase_AF221914.112-589
14282,tRNA,train,telomerase_AF221916.94-481
14283,tRNA,train,telomerase_AF221917.99-542
14284,tRNA,train,telomerase_AF221918.97-547
14285,tRNA,train,telomerase_AF221919.107-614
14286,tRNA,train,telomerase_AF221920.99-541
14287,tRNA,train,telomerase_AF221921.98-548
14288,tRNA,train,telomerase_AF221923.106-554
14289,tRNA,train,telomerase_AF221924.105-538
14290,tRNA,train,telomerase_AF221925.98-540
14291,tRNA,train,telomerase_AF221926.103-507
14292,tRNA,train,telomerase_AF221927.113-556
14293,tRNA,train,telomerase_AF221928.95-476
14294,tRNA,train,telomerase_AF221929.92-517
14295,tRNA,train,telomerase_AF221930.94-546
14296,tRNA,train,telomerase_AF221931.99-541
14297,tRNA,train,telomerase_AF221932.102-549
14298,tRNA,train,telomerase_AF221934.121-565
14299,tRNA,train,telomerase_AF221935.112-602
14300,tRNA,train,telomerase_AF221936.98-540
14301,tRNA,train,telomerase_AF221937.99-545
14302,tRNA,train,telomerase_AF221939.99-544
14303,tRNA,train,telomerase_AF221940.103-499
14304,tRNA,train,telomerase_AY058901.1-397
14305,tRNA,train,telomerase_AY312571.605-1069
14306,tRNA,train,telomerase_U85256.1-451
14307,tRNA,train,telomerase_AC121792.109554-109950
14308,tRNA,train,telomerase_AF147806.247-692
14309,tRNA,train,telomerase_AF221906.96-545
14310,tRNA,train,telomerase_AF221908.136-584
14311,tRNA,train,telomerase_AF221909.98-496
14312,tRNA,train,telomerase_AF221910.112-554
14313,tRNA,train,telomerase_AF221911.104-513
14314,tRNA,train,telomerase_AF221912.98-564
14315,tRNA,train,telomerase_AF221913.109-520
14316,tRNA,train,telomerase_AF221914.112-589
14317,tRNA,train,telomerase_AF221916.94-481
14318,tRNA,train,telomerase_AF221917.99-542
14319,tRNA,train,telomerase_AF221918.97-547
14320,tRNA,train,telomerase_AF221919.107-614
14321,tRNA,train,telomerase_AF221920.99-541
14322,tRNA,train,telomerase_AF221921.98-548
14323,tRNA,train,telomerase_AF221923.106-554
14324,tRNA,train,telomerase_AF221924.105-538
14325,tRNA,train,telomerase_AF221925.98-540
14326,tRNA,train,telomerase_AF221926.103-507
14327,tRNA,train,telomerase_AF221927.113-556
14328,tRNA,train,telomerase_AF221928.95-476
14329,tRNA,train,telomerase_AF221929.92-517
14330,tRNA,train,telomerase_AF221930.94-546
14331,tRNA,train,telomerase_AF221931.99-541
14332,tRNA,train,telomerase_AF221932.102-549
14333,tRNA,train,telomerase_AF221934.121-565
14334,tRNA,train,telomerase_AF221935.112-602
14335,tRNA,train,telomerase_AF221936.98-540
14336,tRNA,train,telomerase_AF221937.99-545
14337,tRNA,train,telomerase_AF221939.99-544
14338,tRNA,train,telomerase_AF221940.103-499
14339,tRNA,train,telomerase_AY058901.1-397
14340,tRNA,train,telomerase_AY312571.605-1069
14341,tRNA,train,telomerase_U85256.1-451
14342,tRNA,train,telomerase_AC121792.109554-109950
14343,tRNA,train,telomerase_AF147806.247-692
14344,tRNA,train,telomerase_AF221906.96-545
14345,tRNA,train,telomerase_AF221908.136-584
14346,tRNA,train,telomerase_AF221909.98-496
14347,tRNA,train,telomerase_AF221910.112-554
14348,tRNA,train,telomerase_AF221911.104-513
14349,tRNA,train,telomerase_AF221912.98-564
14350,tRNA,train,telomerase_AF221913.109-520
14351,tRNA,train,telomerase_AF221914.112-589
14352,tRNA,train,telomerase_AF221916.94-481
14353,tRNA,train,telomerase_AF221917.99-542
14354,tRNA,train,telomerase_AF221918.97-547
14355,tRNA,train,telomerase_AF221919.107-614
14356,tRNA,train,telomerase_AF221920.99-541
14357,tRNA,train,telomerase_AF221921.98-548
14358,tRNA,train,telomerase_AF221923.106-554
14359,tRNA,train,telomerase_AF221924.105-538
14360,tRNA,train,telomerase_AF221925.98-540
14361,tRNA,train,telomerase_AF221926.103-507
14362,tRNA,train,telomerase_AF221927.113-556
14363,tRNA,train,telomerase_AF221928.95-476
14364,tRNA,train,telomerase_AF221929.92-517
14365,tRNA,train,telomerase_AF221930.94-546
14366,tRNA,train,telomerase_AF221931.99-541
14367,tRNA,train,tmRNA_Acid.caps._TRW-240015_1-352
14368,tRNA,train,tmRNA_Acid.ferr._TRW-243159_1-364
14369,tRNA,train,tmRNA_Acid.ferr._TRW-920_1-341
14370,tRNA,train,tmRNA_Acin.spec._CR543861_1-360
14371,tRNA,train,tmRNA_Acti.naes._TRW-240017_1-371
14372,tRNA,train,tmRNA_Aero.hydr._CP000462_1-360
14373,tRNA,train,tmRNA_Alka.meta._TRW-293826_1-355
14374,tRNA,train,tmRNA_Aqui.aeol._TRW-63363_1-347
14375,tRNA,train,tmRNA_Azoa.spec._TRW-62928_1-378
14376,tRNA,train,tmRNA_Baci.G._TRW-12333_1-312
14377,tRNA,train,tmRNA_Baci.clau._AP006627_1-355
14378,tRNA,train,tmRNA_Baci.lich._CP000002_1-356
14379,tRNA,train,tmRNA_Baci.subt._Z99121_1-360
14380,tRNA,train,tmRNA_Bact.mari._TRW-97084_1-385
14381,tRNA,train,tmRNA_Bact.thet._AE015928_1-397
14382,tRNA,train,tmRNA_Bdel.bact._BX842656_1-346
14383,tRNA,train,tmRNA_Bifi.long._TRW-206672_1-397
14384,tRNA,train,tmRNA_Bloc.flor._BX248583_1-393
14385,tRNA,train,tmRNA_Bloc.penn._CP000016_1-392
14386,tRNA,train,tmRNA_Bord.pert._TRW-257313_1-387
14387,tRNA,train,tmRNA_Borr.gari._CP000013_1-363
14388,tRNA,train,tmRNA_Brev.line._TRW-321955_1-377
14389,tRNA,train,tmRNA_Buch.aphi._AE013218_1-376
14390,tRNA,train,tmRNA_Buch.aphi._AE016826_1-367
14391,tRNA,train,tmRNA_Buch.aphi._BD061520_1-369
14392,tRNA,train,tmRNA_Cald.sacc._TRW-351627_1-368
14393,tRNA,train,tmRNA_Camp.fetu._AY211269_1-361
14394,tRNA,train,tmRNA_Camp.upsa._TRW-306264_1-359
14395,tRNA,train,tmRNA_Carb.hydr._CP000141_1-359
14396,tRNA,train,tmRNA_Carn.malt._AF275938_1-366
14397,tRNA,train,tmRNA_Chla.trac._TRW-813-2_1-420
14398,tRNA,train,tmRNA_Chlo.aura._AY040836_1-361
14399,tRNA,train,tmRNA_Chlo.chlo._CP000108_1-401
14400,tRNA,train,tmRNA_Chlo.tepi._TRW-194439_1-404
14401,tRNA,train,tmRNA_Chro.sale._CP000285_1-380
14402,tRNA,train,tmRNA_Chro.viol._AE016825_1-365
14403,tRNA,train,tmRNA_Clav.mich._TRW-31964_1-376
14404,tRNA,train,tmRNA_Clos.perf._TRW-195102_1-361
14405,tRNA,train,tmRNA_Clos.ther._TRW-203119_1-387
14406,tRNA,train,tmRNA_Colw.psyc._CP000083_1-350
14407,tRNA,train,tmRNA_Copr.prot._TRW-351627_1-353
14408,tRNA,train,tmRNA_Cory.diph._BX248356_1-385
14409,tRNA,train,tmRNA_Cory.glut._BX927150_1-377
14410,tRNA,train,tmRNA_Coxi.burn._AE016828_1-360
14411,tRNA,train,tmRNA_Croc.wats._TRW-165597_1-386
14412,tRNA,train,tmRNA_Cyan.cald._AF022186_1-254
14413,tRNA,train,tmRNA_Cyan.mero._TRW-45157_1-236
14414,tRNA,train,tmRNA_Cyan.para._U30821_1-291
14415,tRNA,train,tmRNA_Cyto.hutc._CP000383_1-404
14416,tRNA,train,tmRNA_Deha.ethe._CP000027_1-352
14417,tRNA,train,tmRNA_Dein.geot._CP000359_1-348
14418,tRNA,train,tmRNA_Dein.radi._TRW-243230_1-349
14419,tRNA,train,tmRNA_Desu.acet._TRW-281689_1-353
14420,tRNA,train,tmRNA_Desu.desu._CP000112_1-360
14421,tRNA,train,tmRNA_Desu.psyc._CR522870_1-366
14422,tRNA,train,tmRNA_Desu.vulg._AE017285_1-352
14423,tRNA,train,tmRNA_Dich.nodo._TRW-35819_1-352
14424,tRNA,train,tmRNA_Dict.ther._TRW-14_1-350
14425,tRNA,train,tmRNA_Emil.huxl._TRW-280463_1-291
14426,tRNA,train,tmRNA_Ente.faec._TRW-1352_1-367
14427,tRNA,train,tmRNA_Exig.sibi._TRW-262543_1-359
14428,tRNA,train,tmRNA_Fibr.succ._TRW-59374_1-361
14429,tRNA,train,tmRNA_Fran.spec._TRW-298653_1-375
14430,tRNA,train,tmRNA_Fran.tula._CP000437_1-421
14431,tRNA,train,tmRNA_Fuso.nucl._TRW-393480_1-344
14432,tRNA,train,tmRNA_Gemm.obsc._TRW-214688_1-412
14433,tRNA,train,tmRNA_Geob.meta._CP000148_1-356
14434,tRNA,train,tmRNA_Geob.stea._TRW-1422_1-352
14435,tRNA,train,tmRNA_Geob.sulf._AE017180_1-356
14436,tRNA,train,tmRNA_Grac.tenu._AY673996_1-396
14437,tRNA,train,tmRNA_Guil.thet._TRW-55529_1-330
14438,tRNA,train,tmRNA_Haem.ducr._AE017143_1-367
14439,tRNA,train,tmRNA_Haem.somn._CP000436_1-367
14440,tRNA,train,tmRNA_Heli.hepa._AE017125_1-369
14441,tRNA,train,tmRNA_Heli.must._DQ250625_1-366
14442,tRNA,train,tmRNA_Heli.pylo._TRW-85963_1-386
14443,tRNA,train,tmRNA_Idio.loih._AE017340_1-359
14444,tRNA,train,tmRNA_Jako.libe._TRW-143017_1-102
14445,tRNA,train,tmRNA_Lact.brev._CP000416_1-372
14446,tRNA,train,tmRNA_Lact.case._CP000423_1-364
14447,tRNA,train,tmRNA_Lact.delb._AF440335_1-316
14448,tRNA,train,tmRNA_Lact.delb._TRW-321956_1-362
14449,tRNA,train,tmRNA_Lact.john._TRW-257314_1-367
14450,tRNA,train,tmRNA_Lact.lact._AF176556_1-359
14451,tRNA,train,tmRNA_Lact.plan._AL935259_1-372
14452,tRNA,train,tmRNA_Lact.sake._TRW-314315_1-370
14453,tRNA,train,tmRNA_Laws.intr._AM180252_1-376
14454,tRNA,train,tmRNA_Legi.pneu._CR628337_1-406
14455,tRNA,train,tmRNA_Leif.xyli._AE016822_1-394
14456,tRNA,train,tmRNA_Lept.inte._AE016823_1-350
14457,tRNA,train,tmRNA_Lept.spec._TRW-261386_1-359
14458,tRNA,train,tmRNA_Leuc.mese._AF375574_1-307
14459,tRNA,train,tmRNA_Leuc.mese._TRW-1245_1-358
14460,tRNA,train,tmRNA_List.gray._AF440336_1-321
14461,tRNA,train,tmRNA_List.wels._AF440351_1-321
14462,tRNA,train,tmRNA_Magn.spec._CP000471_1-366
14463,tRNA,train,tmRNA_Mari.aqua._TRW-351348_1-366
14464,tRNA,train,tmRNA_Meso.flor._AE017263_1-408
14465,tRNA,train,tmRNA_Meso.viri._AF166114_1-359
14466,tRNA,train,tmRNA_Meth.caps._AE017282_1-356
14467,tRNA,train,tmRNA_Moor.ther._CP000232_1-358
14468,tRNA,train,tmRNA_Mora.cata._AX067460_1-359
14469,tRNA,train,tmRNA_Myco.Bxz1._AY129337_1-437
14470,tRNA,train,tmRNA_Myco.arth._TRW-243272_1-394
14471,tRNA,train,tmRNA_Myco.gall._AE015450_1-408
14472,tRNA,train,tmRNA_Myco.geni._U39713_1-385
14473,tRNA,train,tmRNA_Myco.hyop._TRW-295358_1-424
14474,tRNA,train,tmRNA_Myco.mobi._TRW-267748_1-376
14475,tRNA,train,tmRNA_Myco.myco._BX842642_1-411
14476,tRNA,train,tmRNA_Myco.pene._BA000026_1-405
14477,tRNA,train,tmRNA_Myco.pneu._AE000035_1-384
14478,tRNA,train,tmRNA_Myco.pulm._AL445565_1-387
14479,tRNA,train,tmRNA_Myxo.xant._TRW-34_1-366
14480,tRNA,train,tmRNA_Neph.oliv._AF137379-2_1-327
14481,tRNA,train,tmRNA_Nitr.mult._CP000103_1-362
14482,tRNA,train,tmRNA_Nitr.ocea._CP000127_1-361
14483,tRNA,train,tmRNA_Noca.farc._AP006618_1-368
14484,tRNA,train,tmRNA_Nost.spec._BA000019_1-390
14485,tRNA,train,tmRNA_Ocea.ihey._BA000028_1-364
14486,tRNA,train,tmRNA_Odon.sine._Z67753_1-368
14487,tRNA,train,tmRNA_Oeno.oeni._TRW-203123_1-350
14488,tRNA,train,tmRNA_Onio.yell._AP006628_1-423
14489,tRNA,train,tmRNA_Paen.larv._TRW-1464_1-367
14490,tRNA,train,tmRNA_Para.symb._BX908798_1-405
14491,tRNA,train,tmRNA_Pedi.pent._CP000422_1-369
14492,tRNA,train,tmRNA_Pelo.carb._CP000142_1-358
14493,tRNA,train,tmRNA_Phot.prof._CR378665_1-368
14494,tRNA,train,tmRNA_Porp.ging._TRW-242619_1-407
14495,tRNA,train,tmRNA_Porp.purp._TRW-2787_1-323
14496,tRNA,train,tmRNA_Prev.rumi._TRW-264731_1-401
14497,tRNA,train,tmRNA_Prop.acne._TRW-1747-1_1-371
14498,tRNA,train,tmRNA_Prop.acne._TRW-1747-3_1-353
14499,tRNA,train,tmRNA_Pseu.aeru._CP000438_1-353
14500,tRNA,train,tmRNA_Pseu.atla._CP000388_1-357
14501,tRNA,train,tmRNA_Pseu.halo._CR954246_1-357
14502,tRNA,train,tmRNA_Rals.sola._AL646061_1-357
14503,tRNA,train,tmRNA_Rhod.balt._BX294141_1-380
14504,tRNA,train,tmRNA_Rubr.gela._TRW-279263_1-372
14505,tRNA,train,tmRNA_Rubr.xyla._TRW-266117_1-360
14506,tRNA,train,tmRNA_Rumi.albu._TRW-246199_1-354
14507,tRNA,train,tmRNA_Sacc.degr._CP000282_1-389
14508,tRNA,train,tmRNA_Sali.rube._CP000159_1-369
14509,tRNA,train,tmRNA_Soli.usit._CP000473_1-352
14510,tRNA,train,tmRNA_Spir.kunk._TRW-273035_1-424
14511,tRNA,train,tmRNA_Stap.epid._AF375586_1-311
14512,tRNA,train,tmRNA_Stap.epid._TRW-176280_1-361
14513,tRNA,train,tmRNA_Stre.aver._BA000030_1-389
14514,tRNA,train,tmRNA_Stre.coll._AY485228_1-386
14515,tRNA,train,tmRNA_Stre.scab._TRW-1883_1-402
14516,tRNA,train,tmRNA_Stre.ther._CP000419_1-350
14517,tRNA,train,tmRNA_Stre.uber._TRW-218495_1-350
14518,tRNA,train,tmRNA_Sulf.azor._TRW-204536_1-351
14519,tRNA,train,tmRNA_Syne.spec._AB003477_1-394
14520,tRNA,train,tmRNA_Syne.spec._TRW-1131_1-399
14521,tRNA,train,tmRNA_Syne.spec._TRW-32049_1-396
14522,tRNA,train,tmRNA_Synt.acid._CP000252_1-356
14523,tRNA,train,tmRNA_Tann.fors._TRW-203275_1-400
14524,tRNA,train,tmRNA_Thal.weis._AF049491_1-348
14525,tRNA,train,tmRNA_Ther.comm._TRW-289377_1-355
14526,tRNA,train,tmRNA_Ther.elon._BA000039_1-386
14527,tRNA,train,tmRNA_Ther.fusc._CP000088_1-372
14528,tRNA,train,tmRNA_Ther.neap._TRW-309803_1-357
14529,tRNA,train,tmRNA_Ther.rose._TRW-309801_1-353
14530,tRNA,train,tmRNA_Ther.teng._AE013063_1-351
14531,tRNA,train,tmRNA_Ther.ther._Y15063_1-349
14532,tRNA,train,tmRNA_Ther.yell._TRW-289376_1-350
14533,tRNA,train,tmRNA_Thio.crun._CP000109_1-358
14534,tRNA,train,tmRNA_Thio.deni._CP000116_1-367
14535,tRNA,train,tmRNA_Trem.prin._AF481102_1-264
14536,tRNA,train,tmRNA_Trep.dent._AE017226_1-351
14537,tRNA,train,tmRNA_Trep.pall._TRW-243276_1-354
14538,tRNA,train,tmRNA_Tric.eryt._CP000393_1-398
14539,tRNA,train,tmRNA_Trop.whip._BX251411_1-369
14540,tRNA,train,tmRNA_Urea.parv._AE002154_1-413
14541,tRNA,train,tmRNA_Verr.spin._TRW-240016_1-356
14542,tRNA,train,tmRNA_Wigg.glos._BA000021_1-365
14543,tRNA,train,tmRNA_Woli.succ._BX571661_1-369
14544,tRNA,train,tmRNA_Xant.oryz._AE013598_1-397
14545,tRNA,train,tmRNA_Xyle.fast._TRW-155920_1-355
14546,tRNA,train,tmRNA_Yers.moll._TRW-349967_1-381
14547,tRNA,train,tmRNA_Yers.pseu._AR948532_1-364
14548,tRNA,train,tmRNA_envi.sequ._TRW-2-1_1-365
14549,tRNA,train,tmRNA_envi.sequ._TRW-2-2_1-356
14550,tRNA,train,tmRNA_envi.sequ._TRW-204433_1-356
14551,tRNA,train,tmRNA_envi.sequ._TRW-259292_1-355
14552,tRNA,train,tmRNA_envi.sequ._TRW-300695-2_1-345
14553,tRNA,train,tmRNA_envi.sequ._TRW-32045-1_1-355
14554,tRNA,train,tmRNA_envi.sequ._TRW-32045-2_1-345
14555,tRNA,train,tmRNA_envi.sequ._TRW-32045-3_1-350
14556,tRNA,train,tmRNA_envi.sequ._TRW-351057-3_1-355
14557,tRNA,train,tmRNA_envi.sequ._TRW-356-1_1-289
14558,tRNA,train,tmRNA_uncu.bact._TRW-135621-1_1-397
14559,tRNA,train,tmRNA_uncu.bact._TRW-32033-1_1-354
14560,tRNA,train,tmRNA_uncu.bact._TRW-32045-4_1-369
14561,tRNA,train,tmRNA_uncu.bact._TRW-383630-1_1-364
14562,tRNA,train,tmRNA_uncu.bact._TRW-45456_1-408
14563,tRNA,train,tmRNA_uncu.bact._TRW-72274-1_1-359
14564,tRNA,train,tmRNA_uncu.bact._TRW-72274-2_1-359
14565,tRNA,train,tmRNA_uncu.bact._TRW-80840-3_1-379
14566,tRNA,train,tmRNA_uncu.mari._TRW-363180_1-347
14567,telomerase,train,16s_A.fulgidus_domain2
14568,telomerase,train,16s_A.fulgidus_domain3
14569,telomerase,train,16s_A.fulgidus_domain4
14570,telomerase,train,16s_A.pyrophilus_domain2
14571,telomerase,train,16s_A.pyrophilus_domain4
14572,telomerase,train,16s_B.burgdorferi_domain2
14573,telomerase,train,16s_B.burgdorferi_domain3
14574,telomerase,train,16s_B.burgdorferi_domain4
14575,telomerase,train,16s_B.subtilis_domain2
14576,telomerase,train,16s_B.subtilis_domain3
14577,telomerase,train,16s_B.subtilis_domain4
14578,telomerase,train,16s_C.elegans_domain1
14579,telomerase,train,16s_C.elegans_domain2
14580,telomerase,train,16s_C.elegans_domain3
14581,telomerase,train,16s_C.elegans_domain4
14582,telomerase,train,16s_C.psittaci_domain2
14583,telomerase,train,16s_C.psittaci_domain3
14584,telomerase,train,16s_C.psittaci_domain4
14585,telomerase,train,16s_C.reinhardtii.chloro_domain1
14586,telomerase,train,16s_C.reinhardtii.chloro_domain2
14587,telomerase,train,16s_C.reinhardtii.chloro_domain3
14588,telomerase,train,16s_C.reinhardtii.chloro_domain4
14589,telomerase,train,16s_C.reinhardtii.mito_domain1
14590,telomerase,train,16s_C.reinhardtii.mito_domain2
14591,telomerase,train,16s_C.reinhardtii.mito_domain3
14592,telomerase,train,16s_C.reinhardtii.mito_domain4
14593,telomerase,train,16s_D.melanogaster_domain4
14594,telomerase,train,16s_E.coli_domain2
14595,telomerase,train,16s_E.coli_domain3
14596,telomerase,train,16s_E.coli_domain4
14597,telomerase,train,16s_F.ananassa_domain3
14598,telomerase,train,16s_F.ananassa_domain4
14599,telomerase,train,16s_G.intestinalis_domain1
14600,telomerase,train,16s_G.intestinalis_domain2
14601,telomerase,train,16s_G.intestinalis_domain3
14602,telomerase,train,16s_G.intestinalis_domain4
14603,telomerase,train,16s_H.sapiens.mito_domain1
14604,telomerase,train,16s_H.sapiens.mito_domain2
14605,telomerase,train,16s_H.sapiens.mito_domain3
14606,telomerase,train,16s_H.sapiens.mito_domain4
14607,telomerase,train,16s_H.sapiens_domain3
14608,telomerase,train,16s_H.sapiens_domain4
14609,telomerase,train,16s_H.volcanii_domain1
14610,telomerase,train,16s_H.volcanii_domain2
14611,telomerase,train,16s_H.volcanii_domain3
14612,telomerase,train,16s_H.volcanii_domain4
14613,telomerase,train,16s_M.polymorpha_domain2
14614,telomerase,train,16s_M.polymorpha_domain3
14615,telomerase,train,16s_M.polymorpha_domain4
14616,telomerase,train,16s_P.occultum_domain2
14617,telomerase,train,16s_P.occultum_domain3
14618,telomerase,train,16s_P.occultum_domain4
14619,telomerase,train,16s_P.staleyi_domain2
14620,telomerase,train,16s_P.staleyi_domain3
14621,telomerase,train,16s_P.staleyi_domain4
14622,telomerase,train,16s_S.cerevisiae_domain3
14623,telomerase,train,16s_S.cerevisiae_domain4
14624,telomerase,train,16s_T.gondii_domain3
14625,telomerase,train,16s_T.gondii_domain4
14626,telomerase,train,16s_T.maritima_domain2
14627,telomerase,train,16s_T.maritima_domain3
14628,telomerase,train,16s_T.maritima_domain4
14629,telomerase,train,16s_Z.mays_domain1
14630,telomerase,train,16s_Z.mays_domain2
14631,telomerase,train,16s_Z.mays_domain3
14632,telomerase,train,16s_Z.mays_domain4
14633,telomerase,train,16s_A.fulgidus_domain2
14634,telomerase,train,16s_A.fulgidus_domain3
14635,telomerase,train,16s_A.fulgidus_domain4
14636,telomerase,train,16s_A.pyrophilus_domain2
14637,telomerase,train,16s_A.pyrophilus_domain4
14638,telomerase,train,16s_B.burgdorferi_domain2
14639,telomerase,train,16s_B.burgdorferi_domain3
14640,telomerase,train,16s_B.burgdorferi_domain4
14641,telomerase,train,16s_B.subtilis_domain2
14642,telomerase,train,16s_B.subtilis_domain3
14643,telomerase,train,16s_B.subtilis_domain4
14644,telomerase,train,16s_C.elegans_domain1
14645,telomerase,train,16s_C.elegans_domain2
14646,telomerase,train,16s_C.elegans_domain3
14647,telomerase,train,16s_C.elegans_domain4
14648,telomerase,train,16s_C.psittaci_domain2
14649,telomerase,train,16s_C.psittaci_domain3
14650,telomerase,train,16s_C.psittaci_domain4
14651,telomerase,train,16s_C.reinhardtii.chloro_domain1
14652,telomerase,train,16s_C.reinhardtii.chloro_domain2
14653,telomerase,train,16s_C.reinhardtii.chloro_domain3
14654,telomerase,train,16s_C.reinhardtii.chloro_domain4
14655,telomerase,train,16s_C.reinhardtii.mito_domain1
14656,telomerase,train,16s_C.reinhardtii.mito_domain2
14657,telomerase,train,16s_C.reinhardtii.mito_domain3
14658,telomerase,train,16s_C.reinhardtii.mito_domain4
14659,telomerase,train,16s_D.melanogaster_domain4
14660,telomerase,train,16s_E.coli_domain2
14661,telomerase,train,16s_E.coli_domain3
14662,telomerase,train,16s_E.coli_domain4
14663,telomerase,train,16s_F.ananassa_domain3
14664,telomerase,train,16s_F.ananassa_domain4
14665,telomerase,train,16s_G.intestinalis_domain1
14666,telomerase,train,16s_G.intestinalis_domain2
14667,telomerase,train,16s_G.intestinalis_domain3
14668,telomerase,train,16s_G.intestinalis_domain4
14669,telomerase,train,16s_H.sapiens.mito_domain1
14670,telomerase,train,16s_H.sapiens.mito_domain2
14671,telomerase,train,16s_H.sapiens.mito_domain3
14672,telomerase,train,16s_H.sapiens.mito_domain4
14673,telomerase,train,16s_H.sapiens_domain3
14674,telomerase,train,16s_H.sapiens_domain4
14675,telomerase,train,16s_H.volcanii_domain1
14676,telomerase,train,16s_H.volcanii_domain2
14677,telomerase,train,16s_H.volcanii_domain3
14678,telomerase,train,16s_H.volcanii_domain4
14679,telomerase,train,16s_M.polymorpha_domain2
14680,telomerase,train,16s_M.polymorpha_domain3
14681,telomerase,train,16s_M.polymorpha_domain4
14682,telomerase,train,16s_P.occultum_domain2
14683,telomerase,train,16s_P.occultum_domain3
14684,telomerase,train,16s_P.occultum_domain4
14685,telomerase,train,16s_P.staleyi_domain2
14686,telomerase,train,16s_P.staleyi_domain3
14687,telomerase,train,16s_P.staleyi_domain4
14688,telomerase,train,16s_S.cerevisiae_domain3
14689,telomerase,train,16s_S.cerevisiae_domain4
14690,telomerase,train,16s_T.gondii_domain3
14691,telomerase,train,16s_T.gondii_domain4
14692,telomerase,train,16s_T.maritima_domain2
14693,telomerase,train,16s_T.maritima_domain3
14694,telomerase,train,16s_T.maritima_domain4
14695,telomerase,train,16s_Z.mays_domain1
14696,telomerase,train,16s_Z.mays_domain2
14697,telomerase,train,16s_Z.mays_domain3
14698,telomerase,train,16s_Z.mays_domain4
14699,telomerase,train,16s_A.fulgidus_domain2
14700,telomerase,train,16s_A.fulgidus_domain3
14701,telomerase,train,16s_A.fulgidus_domain4
14702,telomerase,train,16s_A.pyrophilus_domain2
14703,telomerase,train,16s_A.pyrophilus_domain4
14704,telomerase,train,16s_B.burgdorferi_domain2
14705,telomerase,train,16s_B.burgdorferi_domain3
14706,telomerase,train,16s_B.burgdorferi_domain4
14707,telomerase,train,16s_B.subtilis_domain2
14708,telomerase,train,16s_B.subtilis_domain3
14709,telomerase,train,16s_B.subtilis_domain4
14710,telomerase,train,16s_C.elegans_domain1
14711,telomerase,train,16s_C.elegans_domain2
14712,telomerase,train,16s_C.elegans_domain3
14713,telomerase,train,16s_C.elegans_domain4
14714,telomerase,train,16s_C.psittaci_domain2
14715,telomerase,train,16s_C.psittaci_domain3
14716,telomerase,train,16s_C.psittaci_domain4
14717,telomerase,train,16s_C.reinhardtii.chloro_domain1
14718,telomerase,train,16s_C.reinhardtii.chloro_domain2
14719,telomerase,train,16s_C.reinhardtii.chloro_domain3
14720,telomerase,train,16s_C.reinhardtii.chloro_domain4
14721,telomerase,train,16s_C.reinhardtii.mito_domain1
14722,telomerase,train,16s_C.reinhardtii.mito_domain2
14723,telomerase,train,16s_C.reinhardtii.mito_domain3
14724,telomerase,train,16s_C.reinhardtii.mito_domain4
14725,telomerase,train,16s_D.melanogaster_domain4
14726,telomerase,train,16s_E.coli_domain2
14727,telomerase,train,16s_E.coli_domain3
14728,telomerase,train,16s_E.coli_domain4
14729,telomerase,train,16s_F.ananassa_domain3
14730,telomerase,train,16s_F.ananassa_domain4
14731,telomerase,train,16s_G.intestinalis_domain1
14732,telomerase,train,16s_G.intestinalis_domain2
14733,telomerase,train,16s_G.intestinalis_domain3
14734,telomerase,train,16s_G.intestinalis_domain4
14735,telomerase,train,16s_H.sapiens.mito_domain1
14736,telomerase,train,16s_H.sapiens.mito_domain2
14737,telomerase,train,16s_H.sapiens.mito_domain3
14738,telomerase,train,16s_H.sapiens.mito_domain4
14739,telomerase,train,16s_H.sapiens_domain3
14740,telomerase,train,16s_H.sapiens_domain4
14741,telomerase,train,16s_H.volcanii_domain1
14742,telomerase,train,16s_H.volcanii_domain2
14743,telomerase,train,16s_H.volcanii_domain3
14744,telomerase,train,16s_H.volcanii_domain4
14745,telomerase,train,16s_M.polymorpha_domain2
14746,telomerase,train,16s_M.polymorpha_domain3
14747,telomerase,train,16s_M.polymorpha_domain4
14748,telomerase,train,16s_P.occultum_domain2
14749,telomerase,train,16s_P.occultum_domain3
14750,telomerase,train,16s_P.occultum_domain4
14751,telomerase,train,16s_P.staleyi_domain2
14752,telomerase,train,16s_P.staleyi_domain3
14753,telomerase,train,16s_P.staleyi_domain4
14754,telomerase,train,16s_S.cerevisiae_domain3
14755,telomerase,train,16s_S.cerevisiae_domain4
14756,telomerase,train,16s_T.gondii_domain3
14757,telomerase,train,16s_T.gondii_domain4
14758,telomerase,train,16s_T.maritima_domain2
14759,telomerase,train,16s_T.maritima_domain3
14760,telomerase,train,16s_T.maritima_domain4
14761,telomerase,train,16s_Z.mays_domain1
14762,telomerase,train,16s_Z.mays_domain2
14763,telomerase,train,16s_Z.mays_domain3
14764,telomerase,train,16s_Z.mays_domain4
14765,telomerase,train,16s_A.fulgidus_domain2
14766,telomerase,train,16s_A.fulgidus_domain3
14767,telomerase,train,23s_B.subtilis_domain3
14768,telomerase,train,23s_B.subtilis_domain4
14769,telomerase,train,23s_B.subtilis_domain6
14770,telomerase,train,23s_E.coli_domain3
14771,telomerase,train,23s_E.coli_domain4
14772,telomerase,train,23s_E.coli_domain6
14773,telomerase,train,23s_H.pylori_domain3
14774,telomerase,train,23s_H.pylori_domain4
14775,telomerase,train,23s_H.pylori_domain6
14776,telomerase,train,23s_S.aureus_domain3
14777,telomerase,train,23s_S.aureus_domain4
14778,telomerase,train,23s_S.aureus_domain6
14779,telomerase,train,23s_T.thermophilus_domain3
14780,telomerase,train,23s_T.thermophilus_domain4
14781,telomerase,train,23s_T.thermophilus_domain6
14782,telomerase,train,23s_B.subtilis_domain3
14783,telomerase,train,23s_B.subtilis_domain4
14784,telomerase,train,23s_B.subtilis_domain6
14785,telomerase,train,23s_E.coli_domain3
14786,telomerase,train,23s_E.coli_domain4
14787,telomerase,train,23s_E.coli_domain6
14788,telomerase,train,23s_H.pylori_domain3
14789,telomerase,train,23s_H.pylori_domain4
14790,telomerase,train,23s_H.pylori_domain6
14791,telomerase,train,23s_S.aureus_domain3
14792,telomerase,train,23s_S.aureus_domain4
14793,telomerase,train,23s_S.aureus_domain6
14794,telomerase,train,23s_T.thermophilus_domain3
14795,telomerase,train,23s_T.thermophilus_domain4
14796,telomerase,train,23s_T.thermophilus_domain6
14797,telomerase,train,23s_B.subtilis_domain3
14798,telomerase,train,23s_B.subtilis_domain4
14799,telomerase,train,23s_B.subtilis_domain6
14800,telomerase,train,23s_E.coli_domain3
14801,telomerase,train,23s_E.coli_domain4
14802,telomerase,train,23s_E.coli_domain6
14803,telomerase,train,23s_H.pylori_domain3
14804,telomerase,train,23s_H.pylori_domain4
14805,telomerase,train,23s_H.pylori_domain6
14806,telomerase,train,23s_S.aureus_domain3
14807,telomerase,train,23s_S.aureus_domain4
14808,telomerase,train,23s_S.aureus_domain6
14809,telomerase,train,23s_T.thermophilus_domain3
14810,telomerase,train,23s_T.thermophilus_domain4
14811,telomerase,train,23s_T.thermophilus_domain6
14812,telomerase,train,23s_B.subtilis_domain3
14813,telomerase,train,23s_B.subtilis_domain4
14814,telomerase,train,23s_B.subtilis_domain6
14815,telomerase,train,23s_E.coli_domain3
14816,telomerase,train,23s_E.coli_domain4
14817,telomerase,train,23s_E.coli_domain6
14818,telomerase,train,23s_H.pylori_domain3
14819,telomerase,train,23s_H.pylori_domain4
14820,telomerase,train,23s_H.pylori_domain6
14821,telomerase,train,23s_S.aureus_domain3
14822,telomerase,train,23s_S.aureus_domain4
14823,telomerase,train,23s_S.aureus_domain6
14824,telomerase,train,23s_T.thermophilus_domain3
14825,telomerase,train,23s_T.thermophilus_domain4
14826,telomerase,train,23s_T.thermophilus_domain6
14827,telomerase,train,23s_B.subtilis_domain3
14828,telomerase,train,23s_B.subtilis_domain4
14829,telomerase,train,23s_B.subtilis_domain6
14830,telomerase,train,23s_E.coli_domain3
14831,telomerase,train,23s_E.coli_domain4
14832,telomerase,train,23s_E.coli_domain6
14833,telomerase,train,23s_H.pylori_domain3
14834,telomerase,train,23s_H.pylori_domain4
14835,telomerase,train,23s_H.pylori_domain6
14836,telomerase,train,23s_S.aureus_domain3
14837,telomerase,train,23s_S.aureus_domain4
14838,telomerase,train,23s_S.aureus_domain6
14839,telomerase,train,23s_T.thermophilus_domain3
14840,telomerase,train,23s_T.thermophilus_domain4
14841,telomerase,train,23s_T.thermophilus_domain6
14842,telomerase,train,23s_B.subtilis_domain3
14843,telomerase,train,23s_B.subtilis_domain4
14844,telomerase,train,23s_B.subtilis_domain6
14845,telomerase,train,23s_E.coli_domain3
14846,telomerase,train,23s_E.coli_domain4
14847,telomerase,train,23s_E.coli_domain6
14848,telomerase,train,23s_H.pylori_domain3
14849,telomerase,train,23s_H.pylori_domain4
14850,telomerase,train,23s_H.pylori_domain6
14851,telomerase,train,23s_S.aureus_domain3
14852,telomerase,train,23s_S.aureus_domain4
14853,telomerase,train,23s_S.aureus_domain6
14854,telomerase,train,23s_T.thermophilus_domain3
14855,telomerase,train,23s_T.thermophilus_domain4
14856,telomerase,train,23s_T.thermophilus_domain6
14857,telomerase,train,23s_B.subtilis_domain3
14858,telomerase,train,23s_B.subtilis_domain4
14859,telomerase,train,23s_B.subtilis_domain6
14860,telomerase,train,23s_E.coli_domain3
14861,telomerase,train,23s_E.coli_domain4
14862,telomerase,train,23s_E.coli_domain6
14863,telomerase,train,23s_H.pylori_domain3
14864,telomerase,train,23s_H.pylori_domain4
14865,telomerase,train,23s_H.pylori_domain6
14866,telomerase,train,23s_S.aureus_domain3
14867,telomerase,train,23s_S.aureus_domain4
14868,telomerase,train,23s_S.aureus_domain6
14869,telomerase,train,23s_T.thermophilus_domain3
14870,telomerase,train,23s_T.thermophilus_domain4
14871,telomerase,train,23s_T.thermophilus_domain6
14872,telomerase,train,23s_B.subtilis_domain3
14873,telomerase,train,23s_B.subtilis_domain4
14874,telomerase,train,23s_B.subtilis_domain6
14875,telomerase,train,23s_E.coli_domain3
14876,telomerase,train,23s_E.coli_domain4
14877,telomerase,train,23s_E.coli_domain6
14878,telomerase,train,23s_H.pylori_domain3
14879,telomerase,train,23s_H.pylori_domain4
14880,telomerase,train,23s_H.pylori_domain6
14881,telomerase,train,23s_S.aureus_domain3
14882,telomerase,train,23s_S.aureus_domain4
14883,telomerase,train,23s_S.aureus_domain6
14884,telomerase,train,23s_T.thermophilus_domain3
14885,telomerase,train,23s_T.thermophilus_domain4
14886,telomerase,train,23s_T.thermophilus_domain6
14887,telomerase,train,23s_B.subtilis_domain3
14888,telomerase,train,23s_B.subtilis_domain4
14889,telomerase,train,23s_B.subtilis_domain6
14890,telomerase,train,23s_E.coli_domain3
14891,telomerase,train,23s_E.coli_domain4
14892,telomerase,train,23s_E.coli_domain6
14893,telomerase,train,23s_H.pylori_domain3
14894,telomerase,train,23s_H.pylori_domain4
14895,telomerase,train,23s_H.pylori_domain6
14896,telomerase,train,23s_S.aureus_domain3
14897,telomerase,train,23s_S.aureus_domain4
14898,telomerase,train,23s_S.aureus_domain6
14899,telomerase,train,23s_T.thermophilus_domain3
14900,telomerase,train,23s_T.thermophilus_domain4
14901,telomerase,train,23s_T.thermophilus_domain6
14902,telomerase,train,23s_B.subtilis_domain3
14903,telomerase,train,23s_B.subtilis_domain4
14904,telomerase,train,23s_B.subtilis_domain6
14905,telomerase,train,23s_E.coli_domain3
14906,telomerase,train,23s_E.coli_domain4
14907,telomerase,train,23s_E.coli_domain6
14908,telomerase,train,23s_H.pylori_domain3
14909,telomerase,train,23s_H.pylori_domain4
14910,telomerase,train,23s_H.pylori_domain6
14911,telomerase,train,23s_S.aureus_domain3
14912,telomerase,train,23s_S.aureus_domain4
14913,telomerase,train,23s_S.aureus_domain6
14914,telomerase,train,23s_T.thermophilus_domain3
14915,telomerase,train,23s_T.thermophilus_domain4
14916,telomerase,train,23s_T.thermophilus_domain6
14917,telomerase,train,23s_B.subtilis_domain3
14918,telomerase,train,23s_B.subtilis_domain4
14919,telomerase,train,23s_B.subtilis_domain6
14920,telomerase,train,23s_E.coli_domain3
14921,telomerase,train,23s_E.coli_domain4
14922,telomerase,train,23s_E.coli_domain6
14923,telomerase,train,23s_H.pylori_domain3
14924,telomerase,train,23s_H.pylori_domain4
14925,telomerase,train,23s_H.pylori_domain6
14926,telomerase,train,23s_S.aureus_domain3
14927,telomerase,train,23s_S.aureus_domain4
14928,telomerase,train,23s_S.aureus_domain6
14929,telomerase,train,23s_T.thermophilus_domain3
14930,telomerase,train,23s_T.thermophilus_domain4
14931,telomerase,train,23s_T.thermophilus_domain6
14932,telomerase,train,23s_B.subtilis_domain3
14933,telomerase,train,23s_B.subtilis_domain4
14934,telomerase,train,23s_B.subtilis_domain6
14935,telomerase,train,23s_E.coli_domain3
14936,telomerase,train,23s_E.coli_domain4
14937,telomerase,train,23s_E.coli_domain6
14938,telomerase,train,23s_H.pylori_domain3
14939,telomerase,train,23s_H.pylori_domain4
14940,telomerase,train,23s_H.pylori_domain6
14941,telomerase,train,23s_S.aureus_domain3
14942,telomerase,train,23s_S.aureus_domain4
14943,telomerase,train,23s_S.aureus_domain6
14944,telomerase,train,23s_T.thermophilus_domain3
14945,telomerase,train,23s_T.thermophilus_domain4
14946,telomerase,train,23s_T.thermophilus_domain6
14947,telomerase,train,23s_B.subtilis_domain3
14948,telomerase,train,23s_B.subtilis_domain4
14949,telomerase,train,23s_B.subtilis_domain6
14950,telomerase,train,23s_E.coli_domain3
14951,telomerase,train,23s_E.coli_domain4
14952,telomerase,train,23s_E.coli_domain6
14953,telomerase,train,23s_H.pylori_domain3
14954,telomerase,train,23s_H.pylori_domain4
14955,telomerase,train,23s_H.pylori_domain6
14956,telomerase,train,23s_S.aureus_domain3
14957,telomerase,train,23s_S.aureus_domain4
14958,telomerase,train,23s_S.aureus_domain6
14959,telomerase,train,23s_T.thermophilus_domain3
14960,telomerase,train,23s_T.thermophilus_domain4
14961,telomerase,train,23s_T.thermophilus_domain6
14962,telomerase,train,23s_B.subtilis_domain3
14963,telomerase,train,23s_B.subtilis_domain4
14964,telomerase,train,23s_B.subtilis_domain6
14965,telomerase,train,23s_E.coli_domain3
14966,telomerase,train,23s_E.coli_domain4
14967,telomerase,train,5s_Anaplasma-phagocytophilum-1
14968,telomerase,train,5s_Andrias-davidianus-1
14969,telomerase,train,5s_Andrias-japonicus-1
14970,telomerase,train,5s_Ascaris-suum-1
14971,telomerase,train,5s_Ascobolus-immersus-1
14972,telomerase,train,5s_Ascobolus-immersus-4
14973,telomerase,train,5s_Asterias-vulgaris-1
14974,telomerase,train,5s_Aurelia_aurita-1
14975,telomerase,train,5s_Azospirillum-lipoferum-1
14976,telomerase,train,5s_Bacillus-amyloliquefaciens-1
14977,telomerase,train,5s_Bacillus-subtilis-6
14978,telomerase,train,5s_Bacteroides-capillosus-1
14979,telomerase,train,5s_Bacteroides-fragilis-5
14980,telomerase,train,5s_Bacteroides-thetaiotaomicron-1
14981,telomerase,train,5s_Bacteroides-veroralis-1
14982,telomerase,train,5s_Borrelia-burgdorferi-1
14983,telomerase,train,5s_Brucella-suis-1
14984,telomerase,train,5s_Buchnera-aphidicola-1
14985,telomerase,train,5s_Buchnera-aphidicola-3
14986,telomerase,train,5s_Bursaphelenchus-xylophilus-1
14987,telomerase,train,5s_Caenorhabditis-elegans-3
14988,telomerase,train,5s_Candida-azyma-1
14989,telomerase,train,5s_Candidatus-Phytoplasma-asteris-1
14990,telomerase,train,5s_Candidatus-Tremblaya-princeps-5
14991,telomerase,train,5s_Candidatus-Tremblaya-princeps-6
14992,telomerase,train,5s_Caulobacter-sp.-1
14993,telomerase,train,5s_Caulobacter-sp.-4
14994,telomerase,train,5s_Caulobacter-spinosum-1
14995,telomerase,train,5s_Chlamydia-trachomatis-1
14996,telomerase,train,5s_Chlamydomonas-reinhardtii-1
14997,telomerase,train,5s_Chlamydomonas-reinhardtii-2
14998,telomerase,train,5s_Chlorella-pyrenoidosa-1
14999,telomerase,train,5s_Chlorobium-tepidum-1
15000,telomerase,train,5s_Clostridium-acetobutylicum-3
15001,telomerase,train,5s_Clostridium-pasteurianum-1
15002,telomerase,train,5s_Coleochaete-scutata-1
15003,telomerase,train,5s_Coxiella-burnetii-1
15004,telomerase,train,5s_Coxiella-burnetii-2
15005,telomerase,train,5s_Cryptococcus-laurentii-1
15006,telomerase,train,5s_Cryptomonas-paramecium-1
15007,telomerase,train,5s_Cyanidium-caldarium-1
15008,telomerase,train,5s_Dehalococcoides-ethenogenes-1
15009,telomerase,train,5s_Deinococcus-radiodurans-1
15010,telomerase,train,5s_Deinococcus-radiophilus-1
15011,telomerase,train,5s_Desulfurococcus-mobilis-1
15012,telomerase,train,5s_Diatoma-tenue-1
15013,telomerase,train,5s_Distigma-proteus-1
15014,telomerase,train,5s_Drosophila-melanogaster-2
15015,telomerase,train,5s_Ehrlichia-ruminantium-1
15016,telomerase,train,5s_Emericella-nidulans-4
15017,telomerase,train,5s_Emericella-nidulans-5
15018,telomerase,train,5s_Erythromicrobium-ezovicum-1
15019,telomerase,train,5s_Erythromicrobium-hydrolyticum-1
15020,telomerase,train,5s_Erythromicrobium-ramosum-1
15021,telomerase,train,5s_Euplotes-aediculatus-1
15022,telomerase,train,5s_Filobasidiella-depauperata-1
15023,telomerase,train,5s_Finegoldia-magna-2
15024,telomerase,train,5s_Flectobacillus-major-1
15025,telomerase,train,5s_Frankia-sp.-1
15026,telomerase,train,5s_Fusarium-culmorum-6
15027,telomerase,train,5s_Fusarium-lunulosporum-10
15028,telomerase,train,5s_Fusarium-pseudograminearum-3
15029,telomerase,train,5s_Fusarium-sporotrichioides-1
15030,telomerase,train,5s_Fusobacterium-nucleatum-5
15031,telomerase,train,5s_Gemm_obscuB
15032,telomerase,train,5s_Genistelloides-hibernus-1
15033,telomerase,train,5s_Geobacillus-kaustophilus-7
15034,telomerase,train,5s_Geobacillus-stearothermophilus-4
15035,telomerase,train,5s_Geodermatophilus-obscurus-1
15036,telomerase,train,5s_Gracilaria-compressa-2
15037,telomerase,train,5s_Halobacterium-sp.-2
15038,telomerase,train,5s_Halococcus-morrhuae-2
15039,telomerase,train,5s_Halorubrum-distributum-3
15040,telomerase,train,5s_Halorubrum-saccharovorum-1
15041,telomerase,train,5s_Halorubrum-terrestre-1
15042,telomerase,train,5s_Halorubrum-terrestre-2
15043,telomerase,train,5s_Hyphomicrobium-sp.-4
15044,telomerase,train,5s_Hyphomicrobium-vulgare-1
15045,telomerase,train,5s_Hyphomonas-oligotropha-1
15046,telomerase,train,5s_Isosphaera-pallida-1
15047,telomerase,train,5s_Klebsormidium-flaccidum-1
15048,telomerase,train,5s_Lactobacillus-delbrueckii-1
15049,telomerase,train,5s_Lactobacillus-johnsonii-1
15050,telomerase,train,5s_Lactococcus-lactis-2
15051,telomerase,train,5s_Lactococcus-lactis-4
15052,telomerase,train,5s_Limulus-polyphemus-1
15053,telomerase,train,5s_Loofah-witches-broom-phytoplasma-1
15054,telomerase,train,5s_Meloidogyne-arenaria-2
15055,telomerase,train,5s_Meloidogyne-artiellia-1
15056,telomerase,train,5s_Methanobrevibacter-ruminantium-1
15057,telomerase,train,5s_Methanococcus-maripaludis-1
15058,telomerase,train,5s_Methanopyrus-kandleri-1
15059,telomerase,train,5s_Methanosarcina-barkeri-1
15060,telomerase,train,5s_Methanosarcina-mazei-2
15061,telomerase,train,5s_Methanosarcina-vacuolata-1
15062,telomerase,train,5s_Methanospirillum-hungatei-1
15063,telomerase,train,5s_Methanothermobacter-thermautotrophicus-1
15064,telomerase,train,5s_Methanothermobacter-thermautotrophicus-5
15065,telomerase,train,5s_Methanothermobacter-thermautotrophicus-6
15066,telomerase,train,5s_Methanothermococcus-thermolithotrophicus-1
15067,telomerase,train,5s_Microtetraspora-glauca-1
15068,telomerase,train,5s_Mycoplasma-flocculare-1
15069,telomerase,train,5s_Mycoplasma-gallisepticum-4
15070,telomerase,train,5s_Mycoplasma-genitalium-1
15071,telomerase,train,5s_Mycoplasma-mobile-1
15072,telomerase,train,5s_Mycoplasma-pulmonis-1
15073,telomerase,train,5s_Mycoplasma-sp.-2
15074,telomerase,train,5s_Myxococcus-coralloides-1
15075,telomerase,train,5s_Nanoarchaeum-equitans-1
15076,telomerase,train,5s_Natrinema-sp.-1
15077,telomerase,train,5s_Nephila-clavipes-1
15078,telomerase,train,5s_Neurospora-crassa-11
15079,telomerase,train,5s_Neurospora-crassa-12
15080,telomerase,train,5s_Neurospora-intermedia-1
15081,telomerase,train,5s_Nitrobacter-winogradskyi-1
15082,telomerase,train,5s_Nocardia-farcinica-1
15083,telomerase,train,5s_Notophthalmus-viridescens-1
15084,telomerase,train,5s_Oceanobacillus-iheyensis-4
15085,telomerase,train,5s_Octopus-vulgaris-1
15086,telomerase,train,5s_Onchocerca-volvulus-1
15087,telomerase,train,5s_Oryza-sativa-2
15088,telomerase,train,5s_Paenibacillus-popilliae-1
15089,telomerase,train,5s_Palmaria-palmata-1
15090,telomerase,train,5s_Paracentrotus-lividus-2
15091,telomerase,train,5s_Paramecium-tetraurelia-1
15092,telomerase,train,5s_Pedobacter-heparinus-1
15093,telomerase,train,5s_Pichia-membranifaciens-1
15094,telomerase,train,5s_Planocera-reticulata-1
15095,telomerase,train,5s_Plasmodium-falciparum-1
15096,telomerase,train,5s_Pleurodeles-waltl-1
15097,telomerase,train,5s_Pneumocystis-carinii-1
15098,telomerase,train,5s_Porphyra-yezoensis-1
15099,telomerase,train,5s_Porphyromonas-gingivalis-2
15100,telomerase,train,5s_Proasellus-coxalis-1
15101,telomerase,train,5s_Pseudomonas-stutzeri-2
15102,telomerase,train,5s_Pyrenophora-graminea-1
15103,telomerase,train,5s_Pyrococcus-abyssi-1
15104,telomerase,train,5s_Pyrococcus-horikoshii-2
15105,telomerase,train,5s_Ralstonia-solanacearum-2
15106,telomerase,train,5s_Rana-pipiens-1
15107,telomerase,train,5s_Rhodobacter-capsulatus-3
15108,telomerase,train,5s_Rhodobacter-sphaeroides-1
15109,telomerase,train,5s_Rhodobacter-sphaeroides-3
15110,telomerase,train,5s_Rhodococcus-fascians-2
15111,telomerase,train,5s_Rhodopirellula-baltica-1
15112,telomerase,train,5s_Rickettsia-prowazekii-1
15113,telomerase,train,5s_Roseococcus-thiosulfatophilus-1
15114,telomerase,train,5s_Roseococcus-thiosulfatophilus-2
15115,telomerase,train,5s_Saccharomyces-cerevisiae-3
15116,telomerase,train,5s_Sandaracinobacter-sibiricus-1
15117,telomerase,train,5s_Saprospira-grandis-1
15118,telomerase,train,5s_Scenedesmus-obliquus-1
15119,telomerase,train,5s_Silicibacter-pomeroyi-1
15120,telomerase,train,5s_Sphingomonas-ursincola-1
15121,telomerase,train,5s_Spirogyra-sp.-1
15122,telomerase,train,5s_Spirosoma-sp.-1
15123,telomerase,train,5s_Sterkiella-nova-1
15124,telomerase,train,5s_Streptococcus-pyogenes-4
15125,telomerase,train,5s_Streptococcus-salivarius-1
15126,telomerase,train,5s_Streptomyces-coelicolor-5
15127,telomerase,train,5s_Streptomyces-nodosus-2
15128,telomerase,train,5s_Streptomyces-violaceus-1
15129,telomerase,train,5s_Sulfolobus-tokodaii-1
15130,telomerase,train,5s_Sulfurococcus-mirabilis-1
15131,telomerase,train,5s_Symbiobacterium-thermophilum-3
15132,telomerase,train,5s_Symbiobacterium-thermophilum-4
15133,telomerase,train,5s_T_cruziE
15134,telomerase,train,5s_Taxus-baccata-1
15135,telomerase,train,5s_Thermomicrobium-roseum-1
15136,telomerase,train,5s_Thermoplasma-volcanium-1
15137,telomerase,train,5s_Thermotoga-sp.-3
15138,telomerase,train,5s_Thermus-aquaticus-1
15139,telomerase,train,5s_Thiobacillus-thioparus-1
15140,telomerase,train,5s_Thraustochytrium-visurgense-2
15141,telomerase,train,5s_Tilletiaria-anomala-1
15142,telomerase,train,5s_Toxoplasma-gondii-2
15143,telomerase,train,5s_Tremella-mesenterica-1
15144,telomerase,train,5s_Tremella-mesenterica-2
15145,telomerase,train,5s_Tricharina-hiemalis-1
15146,telomerase,train,5s_Trichoplax-adhaerens-1
15147,telomerase,train,5s_Triticum-aestivum-1
15148,telomerase,train,5s_Tuberoidobacter-mutans-1
15149,telomerase,train,5s_Ulva-pertusa-1
15150,telomerase,train,5s_Ureaplasma-urealyticum-3
15151,telomerase,train,5s_Uthatobasidium-fusisporum-1
15152,telomerase,train,5s_Verrucomicrobium-spinosum-1
15153,telomerase,train,5s_Vibrio-nereis-1
15154,telomerase,train,5s_Vitreoscilla-stercoraria-1
15155,telomerase,train,5s_Weissella-viridescens-2
15156,telomerase,train,5s_Wigglesworthia-glossinidia-1
15157,telomerase,train,5s_Wolbachia-endosymbiont-of-D.-melanogaster-1
15158,telomerase,train,5s_Wolbachia-pipientis-1
15159,telomerase,train,5s_Wolinella-succinogenes-1
15160,telomerase,train,5s_Wuchereria-bancrofti-1
15161,telomerase,train,5s_Xenopus-borealis-3
15162,telomerase,train,5s_Xenopus-laevis-5
15163,telomerase,train,5s_Xenopus-tropicalis-2
15164,telomerase,train,5s_Xylella-fastidiosa-2
15165,telomerase,train,5s_Zymomonas-mobilis-1
15166,telomerase,train,5s_uncultured-euryarchaeote-37F11-1
15167,telomerase,train,RNaseP_A.brierleyi
15168,telomerase,train,RNaseP_A.erythreum
15169,telomerase,train,RNaseP_A.eutrophus
15170,telomerase,train,RNaseP_A.laidlawii
15171,telomerase,train,RNaseP_A.nidulans
15172,telomerase,train,RNaseP_A.pernix
15173,telomerase,train,RNaseP_A.telluris
15174,telomerase,train,RNaseP_Anabaena-PCC7120
15175,telomerase,train,RNaseP_B.anthracis
15176,telomerase,train,RNaseP_B.brevis
15177,telomerase,train,RNaseP_B.bronchiseptica
15178,telomerase,train,RNaseP_B.burgdorferi-g
15179,telomerase,train,RNaseP_B.pertussis
15180,telomerase,train,RNaseP_B.thetaiotaomicron
15181,telomerase,train,RNaseP_Buchnera-APS
15182,telomerase,train,RNaseP_C.acetobutylicum
15183,telomerase,train,RNaseP_C.crescentus
15184,telomerase,train,RNaseP_C.diphtheriae
15185,telomerase,train,RNaseP_C.innocuum
15186,telomerase,train,RNaseP_C.jejuni
15187,telomerase,train,RNaseP_C.opuntiae
15188,telomerase,train,RNaseP_C.paradoxa-cyanelle
15189,telomerase,train,RNaseP_C.pneumoniae-CWL029
15190,telomerase,train,RNaseP_C.psittaci-2
15191,telomerase,train,RNaseP_C.psittaci-R54
15192,telomerase,train,RNaseP_C.tepidum-g
15193,telomerase,train,RNaseP_C.trachomatis-D
15194,telomerase,train,RNaseP_CPA49
15195,telomerase,train,RNaseP_CPA56
15196,telomerase,train,RNaseP_CPA58
15197,telomerase,train,RNaseP_CPA59
15198,telomerase,train,RNaseP_CPA61
15199,telomerase,train,RNaseP_CPA62
15200,telomerase,train,RNaseP_CPB144
15201,telomerase,train,RNaseP_CPB149
15202,telomerase,train,RNaseP_CPB69
15203,telomerase,train,RNaseP_CPB70
15204,telomerase,train,RNaseP_CPB7776
15205,telomerase,train,RNaseP_Calothrix-PCC7601
15206,telomerase,train,RNaseP_D.jeanneae
15207,telomerase,train,RNaseP_D.radiodurans
15208,telomerase,train,RNaseP_D.radiodurans-g
15209,telomerase,train,RNaseP_Dermocarpa-PCC7437
15210,telomerase,train,RNaseP_E.thermomarinus
15211,telomerase,train,RNaseP_EM14b-11
15212,telomerase,train,RNaseP_EM14b-9
15213,telomerase,train,RNaseP_ESH183D
15214,telomerase,train,RNaseP_ESH212C
15215,telomerase,train,RNaseP_ESH26-4
15216,telomerase,train,RNaseP_ESH30-3
15217,telomerase,train,RNaseP_ESH46a-1
15218,telomerase,train,RNaseP_ESH7-4
15219,telomerase,train,RNaseP_G.sulfurreducens
15220,telomerase,train,RNaseP_H.aurantiacus
15221,telomerase,train,RNaseP_H.chlorum-partial
15222,telomerase,train,RNaseP_H.influenza
15223,telomerase,train,RNaseP_H.mobilis
15224,telomerase,train,RNaseP_H.morrhuae
15225,telomerase,train,RNaseP_H.pylori-RU1
15226,telomerase,train,RNaseP_H.sapiens
15227,telomerase,train,RNaseP_H.trapanicum
15228,telomerase,train,RNaseP_H.volcanii
15229,telomerase,train,RNaseP_Halobacterium-NRC1
15230,telomerase,train,RNaseP_K.polysporus
15231,telomerase,train,RNaseP_K.thermotolerans
15232,telomerase,train,RNaseP_L.acidophilus
15233,telomerase,train,RNaseP_L.ferrooxidans-MK
15234,telomerase,train,RNaseP_L.weilii
15235,telomerase,train,RNaseP_LGA1
15236,telomerase,train,RNaseP_LGA2
15237,telomerase,train,RNaseP_LGA6
15238,telomerase,train,RNaseP_LGB21
15239,telomerase,train,RNaseP_LGB23
15240,telomerase,train,RNaseP_LGB27
15241,telomerase,train,RNaseP_LGB5
15242,telomerase,train,RNaseP_LGW113
15243,telomerase,train,RNaseP_LGW116
15244,telomerase,train,RNaseP_LGW17
15245,telomerase,train,RNaseP_LGW46
15246,telomerase,train,RNaseP_M.barkeri
15247,telomerase,train,RNaseP_M.capricolum
15248,telomerase,train,RNaseP_M.fermentans
15249,telomerase,train,RNaseP_M.hyopneumoniae
15250,telomerase,train,RNaseP_M.pneumoniae
15251,telomerase,train,RNaseP_M.thermoautotrphicumMarb
15252,telomerase,train,RNaseP_M.tuberculosis-g
15253,telomerase,train,RNaseP_M.vannielli
15254,telomerase,train,RNaseP_Mxa1
15255,telomerase,train,RNaseP_N.europaea
15256,telomerase,train,RNaseP_N.gregoryi
15257,telomerase,train,RNaseP_N.jensenii
15258,telomerase,train,RNaseP_N.olivacea-chloroplast
15259,telomerase,train,RNaseP_N.plantarum
15260,telomerase,train,RNaseP_N.pyridinolyticus
15261,telomerase,train,RNaseP_Nocardiodes-ATCC39419
15262,telomerase,train,RNaseP_Nostoc-PCC7413
15263,telomerase,train,RNaseP_Onchorhynchus-2
15264,telomerase,train,RNaseP_Oscillatoria-PCC7515
15265,telomerase,train,RNaseP_P.acanthamoebae
15266,telomerase,train,RNaseP_P.canadensis
15267,telomerase,train,RNaseP_P.cultripes
15268,telomerase,train,RNaseP_P.gingivalis
15269,telomerase,train,RNaseP_P.guilliermondii
15270,telomerase,train,RNaseP_P.hollandica
15271,telomerase,train,RNaseP_P.innocua
15272,telomerase,train,RNaseP_P.marinus-2
15273,telomerase,train,RNaseP_P.mississippiensis
15274,telomerase,train,RNaseP_P.purpurea-chloroplast
15275,telomerase,train,RNaseP_P.staleyi
15276,telomerase,train,RNaseP_P.strasburgensis
15277,telomerase,train,RNaseP_P.troglodytes
15278,telomerase,train,RNaseP_PF101
15279,telomerase,train,RNaseP_PS2
15280,telomerase,train,RNaseP_PS24
15281,telomerase,train,RNaseP_PS26
15282,telomerase,train,RNaseP_PS31
15283,telomerase,train,RNaseP_PS6
15284,telomerase,train,RNaseP_PS8
15285,telomerase,train,RNaseP_Prochlorococcus-NATL2
15286,telomerase,train,RNaseP_Pseudoanabaena-PCC6903
15287,telomerase,train,RNaseP_R.americana-mito
15288,telomerase,train,RNaseP_R.capsulatus
15289,telomerase,train,RNaseP_R.norvegicus
15290,telomerase,train,RNaseP_R.palustris
15291,telomerase,train,RNaseP_R.prowazekii
15292,telomerase,train,RNaseP_R.rubrum
15293,telomerase,train,RNaseP_Rr327
15294,telomerase,train,RNaseP_Rr368
15295,telomerase,train,RNaseP_S.acidocaldarius
15296,telomerase,train,RNaseP_S.aureus
15297,telomerase,train,RNaseP_S.castellii
15298,telomerase,train,RNaseP_S.dairensis
15299,telomerase,train,RNaseP_S.epidermidis
15300,telomerase,train,RNaseP_S.faciem
15301,telomerase,train,RNaseP_S.fibuligera
15302,telomerase,train,RNaseP_S.globosus
15303,telomerase,train,RNaseP_S.kluyveri
15304,telomerase,train,RNaseP_S.lividans
15305,telomerase,train,RNaseP_S.negevensis
15306,telomerase,train,RNaseP_S.pastorianus
15307,telomerase,train,RNaseP_S.polymorpha
15308,telomerase,train,RNaseP_S.pombe
15309,telomerase,train,RNaseP_S.pyogenes
15310,telomerase,train,RNaseP_S.servazzii
15311,telomerase,train,RNaseP_S.solfataricus
15312,telomerase,train,RNaseP_S.solfataricus-P2
15313,telomerase,train,RNaseP_S.unisporus
15314,telomerase,train,RNaseP_S.uvarum
15315,telomerase,train,RNaseP_S.versatilis
15316,telomerase,train,RNaseP_SL1-1
15317,telomerase,train,RNaseP_SL2D
15318,telomerase,train,RNaseP_SLC
15319,telomerase,train,RNaseP_SM-A01
15320,telomerase,train,RNaseP_SM-A06
15321,telomerase,train,RNaseP_SM-A1315
15322,telomerase,train,RNaseP_SM-A1621
15323,telomerase,train,RNaseP_SM-A2135
15324,telomerase,train,RNaseP_SM-A2539
15325,telomerase,train,RNaseP_SM-A3048
15326,telomerase,train,RNaseP_SM-A3254
15327,telomerase,train,RNaseP_SM-A5584
15328,telomerase,train,RNaseP_SM-A5888
15329,telomerase,train,RNaseP_SM-A6296
15330,telomerase,train,RNaseP_SMB-A3
15331,telomerase,train,RNaseP_SMB-A5
15332,telomerase,train,RNaseP_SMB-B1
15333,telomerase,train,RNaseP_SMB-B2
15334,telomerase,train,RNaseP_SMB-B3
15335,telomerase,train,RNaseP_SMB-B4
15336,telomerase,train,RNaseP_Saccharomonospora-K180
15337,telomerase,train,RNaseP_Synechococcus-PCC6717
15338,telomerase,train,RNaseP_Synechococcus-PCC7003
15339,telomerase,train,RNaseP_Synechococcus-PCC7942
15340,telomerase,train,RNaseP_Synechocystis-PCC6308
15341,telomerase,train,RNaseP_Synechocystis-PCC6803
15342,telomerase,train,RNaseP_T.album
15343,telomerase,train,RNaseP_T.celerAL1
15344,telomerase,train,RNaseP_T.commune
15345,telomerase,train,RNaseP_T.delbrueckii
15346,telomerase,train,RNaseP_T.littoralis
15347,telomerase,train,RNaseP_T.pallidum
15348,telomerase,train,RNaseP_T.roseum
15349,telomerase,train,RNaseP_T.syrichta
15350,telomerase,train,RNaseP_T.thermophilus
15351,telomerase,train,RNaseP_T.thioparus
15352,telomerase,train,RNaseP_T.tumescens
15353,telomerase,train,RNaseP_T.volcanum
15354,telomerase,train,RNaseP_U.stansburiana
15355,telomerase,train,RNaseP_U.urealyticum
15356,telomerase,train,RNaseP_V.cholera
15357,telomerase,train,RNaseP_V.spinosum
15358,telomerase,train,RNaseP_W.fluorescens
15359,telomerase,train,RNaseP_Wolbachia-sp
15360,telomerase,train,RNaseP_X.fastidiosa
15361,telomerase,train,RNaseP_Y.pestis
15362,telomerase,train,RNaseP_Z.bailii
15363,telomerase,train,RNaseP_Z.florentinus
15364,telomerase,train,RNaseP_Z.rouxii
15365,telomerase,train,RNaseP_vHge2
15366,telomerase,train,RNaseP_vHge3-5
15367,telomerase,train,grp1_a.I1.b.Dermocarpa.sp.ATCC29371.C3.tMET
15368,telomerase,train,grp1_a.I1.b.Phormidium.sp.N182.C3.tLEU
15369,telomerase,train,grp1_a.I1.b.S.hofmanii.C3.tMET
15370,telomerase,train,grp1_a.I1.b.Synechococcus.sp2.C3.tLEU
15371,telomerase,train,grp1_a.I1.c.A.cherimola.C3.tLEU
15372,telomerase,train,grp1_a.I1.c.G.prostrata.C3.tLEU
15373,telomerase,train,grp1_a.I1.c.S.bicolor.C3.tLEU
15374,telomerase,train,grp1_a.I1.e.A.adeninivorans.C1.LSU.2449
15375,telomerase,train,grp1_a.I1.e.A.capsulatus.CBS213.53.C1.SSU.943
15376,telomerase,train,grp1_a.I1.e.A.capsulatus.FLs1.C1.SSU
15377,telomerase,train,grp1_a.I1.e.A.capsulatus.G184B.C1.SSU
15378,telomerase,train,grp1_a.I1.e.A.capsulatus.G186B.C1.SSU
15379,telomerase,train,grp1_a.I1.e.A.stipitatus.C1.SSU.1046
15380,telomerase,train,grp1_a.I1.e.B.ciliata.JCM6865.C1.SSU.1506
15381,telomerase,train,grp1_a.I1.e.B.ciliata.JCM6865.C1.SSU.943
15382,telomerase,train,grp1_a.I1.e.B.yamatoana.JCM2896.C1.SSU.1506
15383,telomerase,train,grp1_a.I1.e.B.yamatoana.JCM2896.C1.SSU.943
15384,telomerase,train,grp1_a.I1.e.C.ellipsoidea.211-1a.C1.SSU.1506
15385,telomerase,train,grp1_a.I1.e.C.ellipsoidea.IAMC-87.C1.SSU.1506
15386,telomerase,train,grp1_a.I1.e.C.grayi.UNK.SSU.1046
15387,telomerase,train,grp1_a.I1.e.C.grayi.UNK.SSU.1516
15388,telomerase,train,grp1_a.I1.e.C.merochlorophea.UNK.SSU.1046
15389,telomerase,train,grp1_a.I1.e.C.merochlorophea.UNK.SSU.1210
15390,telomerase,train,grp1_a.I1.e.C.merochlorophea.UNK.SSU.1389
15391,telomerase,train,grp1_a.I1.e.C.merochlorophea.UNK.SSU.1516
15392,telomerase,train,grp1_a.I1.e.C.saccatum.C1.SSU.1512
15393,telomerase,train,grp1_a.I1.e.C.saxonicum.C1.SSU.1506
15394,telomerase,train,grp1_a.I1.e.D.parva.C1.SSU.1512
15395,telomerase,train,grp1_a.I1.e.D.parva.C1.SSU.943
15396,telomerase,train,grp1_a.I1.e.D.salina.C1.SSU.943
15397,telomerase,train,grp1_a.I1.e.E.dermatitidis.C1.SSU.943
15398,telomerase,train,grp1_a.I1.e.G.planctonica.C1.SSU.943
15399,telomerase,train,grp1_a.I1.e.G.spirotaenia.C1.SSU.1506
15400,telomerase,train,grp1_a.I1.e.L.dispersa.UNK.SSU.1046
15401,telomerase,train,grp1_a.I1.e.L.dispersa.UNK.SSU.114
15402,telomerase,train,grp1_a.I1.e.L.dispersa.UNK.SSU.1210
15403,telomerase,train,grp1_a.I1.e.L.dispersa.UNK.SSU.1516
15404,telomerase,train,grp1_a.I1.e.L.dispersa.UNK.SSU.287
15405,telomerase,train,grp1_a.I1.e.L.dispersa.UNK.SSU.516
15406,telomerase,train,grp1_a.I1.e.L.dispersa.UNK.SSU.789
15407,telomerase,train,grp1_a.I1.e.M.caldariorum.C1.SSU.1506
15408,telomerase,train,grp1_a.I1.e.P.carinii.C1.SSU.1506
15409,telomerase,train,grp1_a.I1.e.P.carinii.Pc1.C1.LSU.1921
15410,telomerase,train,grp1_a.I1.e.P.carinii.Pc2.C1.LSU.1921
15411,telomerase,train,grp1_a.I1.e.P.carinii.Pc3.C1.LSU.1921
15412,telomerase,train,grp1_a.I1.e.P.clavariiformis.C1.SSU.943
15413,telomerase,train,grp1_a.I1.e.P.inouyei.C1.SSU.1506
15414,telomerase,train,grp1_a.I1.e.P.inouyei.C1.SSU.943
15415,telomerase,train,grp1_a.I1.e.P.macrosporus.C1.SSU.1506
15416,telomerase,train,grp1_a.I1.e.P.macrosporus.C1.SSU.943
15417,telomerase,train,grp1_a.I1.e.P.pachydermus.C1.SSU.943
15418,telomerase,train,grp1_a.I1.e.P.sarcinoidea.C1.SSU.943
15419,telomerase,train,grp1_a.I1.e.S.granulatum.C1.SSU.1506
15420,telomerase,train,grp1_a.I1.e.S.paniceum.UNK.SSU.1052
15421,telomerase,train,grp1_a.I1.e.S.paniceum.UNK.SSU.114
15422,telomerase,train,grp1_a.I1.e.S.paniceum.UNK.SSU.1210
15423,telomerase,train,grp1_a.I1.e.S.paniceum.UNK.SSU.1506
15424,telomerase,train,grp1_a.I1.e.S.paniceum.UNK.SSU.287
15425,telomerase,train,grp1_a.I1.e.S.sclerotiorum_1837.C1.LSU.798
15426,telomerase,train,grp1_a.I1.e.Staurastrum.sp.M752.C1.SSU.1506
15427,telomerase,train,grp1_a.I1.e.Staurastrum.sp.M753.C1.SSU.1506
15428,telomerase,train,grp1_a.I1.e.T.cosmopolitanis.C1.LSU.1925
15429,telomerase,train,grp1_a.I1.e.T.hyperangularis.C1.LSU.1925
15430,telomerase,train,grp1_a.I1.e.T.malaccensis.C1.LSU.1925
15431,telomerase,train,grp1_a.I1.e.T.pigmentosa.C1.LSU.1925
15432,telomerase,train,grp1_a.I1.e.U.maydis.C1.SSU.943
15433,telomerase,train,grp1_a.I1.m.M.grisea.B2.ND1
15434,telomerase,train,grp1_a.I1.m.S.luteus.A1.LSU.2504
15435,telomerase,train,grp1_a.I1.m.S.pombe.B1.OX1
15436,telomerase,train,grp1_b.I1.e.C.saccharophila.C1.SSU.156
15437,telomerase,train,grp1_b.I1.e.M.anisopliae.2.C1.LSU.1921
15438,telomerase,train,grp1_b.I1.e.M.anisopliae.3.C1.LSU.1921
15439,telomerase,train,grp1_b.I1.e.T.thermophila.C1.LSU.1925
15440,telomerase,train,grp1_s.I1.e.T.thermophila.C1.LSU.1925.schem
15441,telomerase,train,grp1_a.I1.b.Dermocarpa.sp.ATCC29371.C3.tMET
15442,telomerase,train,grp1_a.I1.b.Phormidium.sp.N182.C3.tLEU
15443,telomerase,train,grp1_a.I1.b.S.hofmanii.C3.tMET
15444,telomerase,train,grp1_a.I1.b.Synechococcus.sp2.C3.tLEU
15445,telomerase,train,grp1_a.I1.c.A.cherimola.C3.tLEU
15446,telomerase,train,grp1_a.I1.c.G.prostrata.C3.tLEU
15447,telomerase,train,grp1_a.I1.c.S.bicolor.C3.tLEU
15448,telomerase,train,grp1_a.I1.e.A.adeninivorans.C1.LSU.2449
15449,telomerase,train,grp1_a.I1.e.A.capsulatus.CBS213.53.C1.SSU.943
15450,telomerase,train,grp1_a.I1.e.A.capsulatus.FLs1.C1.SSU
15451,telomerase,train,grp1_a.I1.e.A.capsulatus.G184B.C1.SSU
15452,telomerase,train,grp1_a.I1.e.A.capsulatus.G186B.C1.SSU
15453,telomerase,train,grp1_a.I1.e.A.stipitatus.C1.SSU.1046
15454,telomerase,train,grp1_a.I1.e.B.ciliata.JCM6865.C1.SSU.1506
15455,telomerase,train,grp1_a.I1.e.B.ciliata.JCM6865.C1.SSU.943
15456,telomerase,train,grp1_a.I1.e.B.yamatoana.JCM2896.C1.SSU.1506
15457,telomerase,train,grp1_a.I1.e.B.yamatoana.JCM2896.C1.SSU.943
15458,telomerase,train,grp1_a.I1.e.C.ellipsoidea.211-1a.C1.SSU.1506
15459,telomerase,train,grp1_a.I1.e.C.ellipsoidea.IAMC-87.C1.SSU.1506
15460,telomerase,train,grp1_a.I1.e.C.grayi.UNK.SSU.1046
15461,telomerase,train,grp1_a.I1.e.C.grayi.UNK.SSU.1516
15462,telomerase,train,grp1_a.I1.e.C.merochlorophea.UNK.SSU.1046
15463,telomerase,train,grp1_a.I1.e.C.merochlorophea.UNK.SSU.1210
15464,telomerase,train,grp1_a.I1.e.C.merochlorophea.UNK.SSU.1389
15465,telomerase,train,grp1_a.I1.e.C.merochlorophea.UNK.SSU.1516
15466,telomerase,train,grp1_a.I1.e.C.saccatum.C1.SSU.1512
15467,telomerase,train,grp1_a.I1.e.C.saxonicum.C1.SSU.1506
15468,telomerase,train,grp1_a.I1.e.D.parva.C1.SSU.1512
15469,telomerase,train,grp1_a.I1.e.D.parva.C1.SSU.943
15470,telomerase,train,grp1_a.I1.e.D.salina.C1.SSU.943
15471,telomerase,train,grp1_a.I1.e.E.dermatitidis.C1.SSU.943
15472,telomerase,train,grp1_a.I1.e.G.planctonica.C1.SSU.943
15473,telomerase,train,grp1_a.I1.e.G.spirotaenia.C1.SSU.1506
15474,telomerase,train,grp1_a.I1.e.L.dispersa.UNK.SSU.1046
15475,telomerase,train,grp1_a.I1.e.L.dispersa.UNK.SSU.114
15476,telomerase,train,grp1_a.I1.e.L.dispersa.UNK.SSU.1210
15477,telomerase,train,grp1_a.I1.e.L.dispersa.UNK.SSU.1516
15478,telomerase,train,grp1_a.I1.e.L.dispersa.UNK.SSU.287
15479,telomerase,train,grp1_a.I1.e.L.dispersa.UNK.SSU.516
15480,telomerase,train,grp1_a.I1.e.L.dispersa.UNK.SSU.789
15481,telomerase,train,grp1_a.I1.e.M.caldariorum.C1.SSU.1506
15482,telomerase,train,grp1_a.I1.e.P.carinii.C1.SSU.1506
15483,telomerase,train,grp1_a.I1.e.P.carinii.Pc1.C1.LSU.1921
15484,telomerase,train,grp1_a.I1.e.P.carinii.Pc2.C1.LSU.1921
15485,telomerase,train,grp1_a.I1.e.P.carinii.Pc3.C1.LSU.1921
15486,telomerase,train,grp1_a.I1.e.P.clavariiformis.C1.SSU.943
15487,telomerase,train,grp1_a.I1.e.P.inouyei.C1.SSU.1506
15488,telomerase,train,grp1_a.I1.e.P.inouyei.C1.SSU.943
15489,telomerase,train,grp1_a.I1.e.P.macrosporus.C1.SSU.1506
15490,telomerase,train,grp1_a.I1.e.P.macrosporus.C1.SSU.943
15491,telomerase,train,grp1_a.I1.e.P.pachydermus.C1.SSU.943
15492,telomerase,train,grp1_a.I1.e.P.sarcinoidea.C1.SSU.943
15493,telomerase,train,grp1_a.I1.e.S.granulatum.C1.SSU.1506
15494,telomerase,train,grp1_a.I1.e.S.paniceum.UNK.SSU.1052
15495,telomerase,train,grp1_a.I1.e.S.paniceum.UNK.SSU.114
15496,telomerase,train,grp1_a.I1.e.S.paniceum.UNK.SSU.1210
15497,telomerase,train,grp1_a.I1.e.S.paniceum.UNK.SSU.1506
15498,telomerase,train,grp1_a.I1.e.S.paniceum.UNK.SSU.287
15499,telomerase,train,grp1_a.I1.e.S.sclerotiorum_1837.C1.LSU.798
15500,telomerase,train,grp1_a.I1.e.Staurastrum.sp.M752.C1.SSU.1506
15501,telomerase,train,grp1_a.I1.e.Staurastrum.sp.M753.C1.SSU.1506
15502,telomerase,train,grp1_a.I1.e.T.cosmopolitanis.C1.LSU.1925
15503,telomerase,train,grp1_a.I1.e.T.hyperangularis.C1.LSU.1925
15504,telomerase,train,grp1_a.I1.e.T.malaccensis.C1.LSU.1925
15505,telomerase,train,grp1_a.I1.e.T.pigmentosa.C1.LSU.1925
15506,telomerase,train,grp1_a.I1.e.U.maydis.C1.SSU.943
15507,telomerase,train,grp1_a.I1.m.M.grisea.B2.ND1
15508,telomerase,train,grp1_a.I1.m.S.luteus.A1.LSU.2504
15509,telomerase,train,grp1_a.I1.m.S.pombe.B1.OX1
15510,telomerase,train,grp1_b.I1.e.C.saccharophila.C1.SSU.156
15511,telomerase,train,grp1_b.I1.e.M.anisopliae.2.C1.LSU.1921
15512,telomerase,train,grp1_b.I1.e.M.anisopliae.3.C1.LSU.1921
15513,telomerase,train,grp1_b.I1.e.T.thermophila.C1.LSU.1925
15514,telomerase,train,grp1_s.I1.e.T.thermophila.C1.LSU.1925.schem
15515,telomerase,train,grp1_a.I1.b.Dermocarpa.sp.ATCC29371.C3.tMET
15516,telomerase,train,grp1_a.I1.b.Phormidium.sp.N182.C3.tLEU
15517,telomerase,train,grp1_a.I1.b.S.hofmanii.C3.tMET
15518,telomerase,train,grp1_a.I1.b.Synechococcus.sp2.C3.tLEU
15519,telomerase,train,grp1_a.I1.c.A.cherimola.C3.tLEU
15520,telomerase,train,grp1_a.I1.c.G.prostrata.C3.tLEU
15521,telomerase,train,grp1_a.I1.c.S.bicolor.C3.tLEU
15522,telomerase,train,grp1_a.I1.e.A.adeninivorans.C1.LSU.2449
15523,telomerase,train,grp1_a.I1.e.A.capsulatus.CBS213.53.C1.SSU.943
15524,telomerase,train,grp1_a.I1.e.A.capsulatus.FLs1.C1.SSU
15525,telomerase,train,grp1_a.I1.e.A.capsulatus.G184B.C1.SSU
15526,telomerase,train,grp1_a.I1.e.A.capsulatus.G186B.C1.SSU
15527,telomerase,train,grp1_a.I1.e.A.stipitatus.C1.SSU.1046
15528,telomerase,train,grp1_a.I1.e.B.ciliata.JCM6865.C1.SSU.1506
15529,telomerase,train,grp1_a.I1.e.B.ciliata.JCM6865.C1.SSU.943
15530,telomerase,train,grp1_a.I1.e.B.yamatoana.JCM2896.C1.SSU.1506
15531,telomerase,train,grp1_a.I1.e.B.yamatoana.JCM2896.C1.SSU.943
15532,telomerase,train,grp1_a.I1.e.C.ellipsoidea.211-1a.C1.SSU.1506
15533,telomerase,train,grp1_a.I1.e.C.ellipsoidea.IAMC-87.C1.SSU.1506
15534,telomerase,train,grp1_a.I1.e.C.grayi.UNK.SSU.1046
15535,telomerase,train,grp1_a.I1.e.C.grayi.UNK.SSU.1516
15536,telomerase,train,grp1_a.I1.e.C.merochlorophea.UNK.SSU.1046
15537,telomerase,train,grp1_a.I1.e.C.merochlorophea.UNK.SSU.1210
15538,telomerase,train,grp1_a.I1.e.C.merochlorophea.UNK.SSU.1389
15539,telomerase,train,grp1_a.I1.e.C.merochlorophea.UNK.SSU.1516
15540,telomerase,train,grp1_a.I1.e.C.saccatum.C1.SSU.1512
15541,telomerase,train,grp1_a.I1.e.C.saxonicum.C1.SSU.1506
15542,telomerase,train,grp1_a.I1.e.D.parva.C1.SSU.1512
15543,telomerase,train,grp1_a.I1.e.D.parva.C1.SSU.943
15544,telomerase,train,grp1_a.I1.e.D.salina.C1.SSU.943
15545,telomerase,train,grp1_a.I1.e.E.dermatitidis.C1.SSU.943
15546,telomerase,train,grp1_a.I1.e.G.planctonica.C1.SSU.943
15547,telomerase,train,grp1_a.I1.e.G.spirotaenia.C1.SSU.1506
15548,telomerase,train,grp1_a.I1.e.L.dispersa.UNK.SSU.1046
15549,telomerase,train,grp1_a.I1.e.L.dispersa.UNK.SSU.114
15550,telomerase,train,grp1_a.I1.e.L.dispersa.UNK.SSU.1210
15551,telomerase,train,grp1_a.I1.e.L.dispersa.UNK.SSU.1516
15552,telomerase,train,grp1_a.I1.e.L.dispersa.UNK.SSU.287
15553,telomerase,train,grp1_a.I1.e.L.dispersa.UNK.SSU.516
15554,telomerase,train,grp1_a.I1.e.L.dispersa.UNK.SSU.789
15555,telomerase,train,grp1_a.I1.e.M.caldariorum.C1.SSU.1506
15556,telomerase,train,grp1_a.I1.e.P.carinii.C1.SSU.1506
15557,telomerase,train,grp1_a.I1.e.P.carinii.Pc1.C1.LSU.1921
15558,telomerase,train,grp1_a.I1.e.P.carinii.Pc2.C1.LSU.1921
15559,telomerase,train,grp1_a.I1.e.P.carinii.Pc3.C1.LSU.1921
15560,telomerase,train,grp1_a.I1.e.P.clavariiformis.C1.SSU.943
15561,telomerase,train,grp1_a.I1.e.P.inouyei.C1.SSU.1506
15562,telomerase,train,grp1_a.I1.e.P.inouyei.C1.SSU.943
15563,telomerase,train,grp1_a.I1.e.P.macrosporus.C1.SSU.1506
15564,telomerase,train,grp1_a.I1.e.P.macrosporus.C1.SSU.943
15565,telomerase,train,grp1_a.I1.e.P.pachydermus.C1.SSU.943
15566,telomerase,train,grp1_a.I1.e.P.sarcinoidea.C1.SSU.943
15567,telomerase,train,srp_Aero.pern._BA000002
15568,telomerase,train,srp_Ajel.caps._CV620298
15569,telomerase,train,srp_Anto.locu._GSP-278021
15570,telomerase,train,srp_Asco.apis._GSP-392613
15571,telomerase,train,srp_Ashb.goss._AE016819
15572,telomerase,train,srp_Aspe.terr._GSP-341663
15573,telomerase,train,srp_Babe.bige._GSP-5866
15574,telomerase,train,srp_Baci.anth._AE017225
15575,telomerase,train,srp_Baci.anth._AE017334
15576,telomerase,train,srp_Baci.brev._D14472
15577,telomerase,train,srp_Bart.quin._BX897700
15578,telomerase,train,srp_Batr.dend._GSP-403673
15579,telomerase,train,srp_Bdel.bact._BX842656
15580,telomerase,train,srp_Bras.oler._GSP-109376
15581,telomerase,train,srp_Camp.jeju._CP000025
15582,telomerase,train,srp_Camp.jeju._CP000768
15583,telomerase,train,srp_Cand.dubl._GSP-42374
15584,telomerase,train,srp_Cand.glab._CR380957
15585,telomerase,train,srp_Cand.trop._GSP-294747
15586,telomerase,train,srp_Chla.pneu._BA000008
15587,telomerase,train,srp_Chla.trac._AE001298
15588,telomerase,train,srp_Chlo.tepi._AE006470
15589,telomerase,train,srp_Chlo.vulg._AB001684
15590,telomerase,train,srp_Citr.sine._CN181544
15591,telomerase,train,srp_Clav.lusi._GSP-306902
15592,telomerase,train,srp_Clos.novy._CP000382
15593,telomerase,train,srp_Clos.ther._CP000568
15594,telomerase,train,srp_Cocc.posa._GSP-222929
15595,telomerase,train,srp_Cryp.parv._XM_626716
15596,telomerase,train,srp_Cyan.mero._AB002583
15597,telomerase,train,srp_Cyan.mero._AY286123
15598,telomerase,train,srp_Dani.rrer._CU179657
15599,telomerase,train,srp_Deba.hans._CR382138
15600,telomerase,train,srp_Dein.radi._AE002056
15601,telomerase,train,srp_Desu.psyc._CR522870
15602,telomerase,train,srp_Dich.nodo._CP000513
15603,telomerase,train,srp_Dict.disc._BJ360333
15604,telomerase,train,srp_Eime.tene._GSP-413949
15605,telomerase,train,srp_Ence.cuni._AL590449
15606,telomerase,train,srp_Enta.hist._AF487684
15607,telomerase,train,srp_Enta.terr._GSP-110771
15608,telomerase,train,srp_Ento.sulc._AF095839
15609,telomerase,train,srp_Ferr.acid._GSP-333146
15610,telomerase,train,srp_Fuso.nucl._AE009951
15611,telomerase,train,srp_Gald.sulp._GSP-130081
15612,telomerase,train,srp_Giar.lamb._GSP-184922
15613,telomerase,train,srp_Gibb.zeae._GSP-229533
15614,telomerase,train,srp_Guil.thet._AF041468
15615,telomerase,train,srp_Haem.infl._CP000671
15616,telomerase,train,srp_Halo.halo._CP000544
15617,telomerase,train,srp_Halo.volc._AF395888
15618,telomerase,train,srp_Heli.pylo._CP000241
15619,telomerase,train,srp_Hist.caps._GSP-278162
15620,telomerase,train,srp_Humu.lupu._AJ236705
15621,telomerase,train,srp_Hype.buty._CP000493
15622,telomerase,train,srp_Kluy.lact._CR382126
15623,telomerase,train,srp_Kluy.yarr._479647571
15624,telomerase,train,srp_Lact.case._CP000423
15625,telomerase,train,srp_Lact.delb._AF496545
15626,telomerase,train,srp_Lact.john._AE017198
15627,telomerase,train,srp_Lact.john._AE017201
15628,telomerase,train,srp_Legi.pneu._M31830
15629,telomerase,train,srp_Leis.aeth._AY722730
15630,telomerase,train,srp_Leis.trop._AY781789
15631,telomerase,train,srp_Lemu.catt._GSP-9447
15632,telomerase,train,srp_Lept.coll._AF006750
15633,telomerase,train,srp_List.mono._AE017262
15634,telomerase,train,srp_List.mono._U15684
15635,telomerase,train,srp_Lodd.elon._GSP-379508
15636,telomerase,train,srp_Lotu.corn._AP006123
15637,telomerase,train,srp_Lotu.japo._BW598799
15638,telomerase,train,srp_Lyco.escu._Z46746
15639,telomerase,train,srp_Mari.aqua._CP000514
15640,telomerase,train,srp_Medi.trun._AC136507-2
15641,telomerase,train,srp_Medi.trun._CX540689
15642,telomerase,train,srp_Meso.viri._AF166114
15643,telomerase,train,srp_Meth.ferv._S49762
15644,telomerase,train,srp_Meth.mari._CP000745
15645,telomerase,train,srp_Meth.maze._AE008384
15646,telomerase,train,srp_Meth.volt._M22560
15647,telomerase,train,srp_Mono.brev._GSP-81824
15648,telomerase,train,srp_Myco.geni._U39706
15649,telomerase,train,srp_Myco.hyop._AE017243
15650,telomerase,train,srp_Myco.hyop._AE017244
15651,telomerase,train,srp_Myco.lepr._AL023596
15652,telomerase,train,srp_Myco.pulm._AL445565
15653,telomerase,train,srp_Myco.spec._CP000384
15654,telomerase,train,srp_Myco.spec._CP000580
15655,telomerase,train,srp_Myco.tube._AE000516
15656,telomerase,train,srp_Myco.vanb._CP000511
15657,telomerase,train,srp_Nect.haem._GSP-71109
15658,telomerase,train,srp_Neos.fisc._GSP-331117
15659,telomerase,train,srp_Neur.cras._AL669999
15660,telomerase,train,srp_Odon.sine._Z67753
15661,telomerase,train,srp_Onch.volv._BF727619
15662,telomerase,train,srp_Oryz.sati._AC079888
15663,telomerase,train,srp_Oryz.sati._AP003333
15664,telomerase,train,srp_Oryz.sati._AP008207
15665,telomerase,train,srp_Oxyt.trif._GSP-99928
15666,telomerase,train,srp_Para.bras._EH655308
15667,telomerase,train,srp_Para.bras._GSP-121759
15668,telomerase,train,srp_Perk.mari._GSP-31276
15669,telomerase,train,srp_Pers.amer._X65992
15670,telomerase,train,srp_Phae.nodo._GSP-321614
15671,telomerase,train,srp_Phak.pach._GSP-170000-2
15672,telomerase,train,srp_Phyt.infe._CV911012
15673,telomerase,train,srp_Phyt.infe._CV919934
15674,telomerase,train,srp_Phyt.soja._GSP-67593
15675,telomerase,train,srp_Pich.guil._GSP-294746
15676,telomerase,train,srp_Pich.stip._CP000502
15677,telomerase,train,srp_Picr.torr._AE017261
15678,telomerase,train,srp_Plas.berg._DC223613
15679,telomerase,train,srp_Plas.falc._EF690554
15680,telomerase,train,srp_Plas.reic._GSP-5854
15681,telomerase,train,srp_Plas.yoel._GSP-352914
15682,telomerase,train,srp_Podo.anse._GSP-5145
15683,telomerase,train,srp_Popu.trem._DN498769
15684,telomerase,train,srp_Porp.purp._U38804
15685,telomerase,train,srp_Porp.yezo._AP006715
15686,telomerase,train,srp_Proc.mari._AE017126
15687,telomerase,train,srp_Proc.mari._CP000111
15688,telomerase,train,srp_Proc.mari._CP000551
15689,telomerase,train,srp_Proc.spec._AJ011025
15690,telomerase,train,srp_Pseu.syri._CP000058
15691,telomerase,train,srp_Psyc.arct._CP000082
15692,telomerase,train,srp_Psyc.cryo._CP000323
15693,telomerase,train,srp_Psyc.ingr._CP000510
15694,telomerase,train,srp_Pyro.abys._AJ248283
15695,telomerase,train,srp_Pyro.aero._AE009852
15696,telomerase,train,srp_Pyro.isla._CP000504
15697,telomerase,train,srp_Rals.meta._CP000352
15698,telomerase,train,srp_Rhod.balt._BX294144
15699,telomerase,train,srp_Rick.feli._CP000053
15700,telomerase,train,srp_Rick.typh._AE017197
15701,telomerase,train,srp_Sacc.cere._U18916
15702,telomerase,train,srp_Sacc.kluy._SKAA0027M04.b1
15703,telomerase,train,srp_Sacc.para._BN000251
15704,telomerase,train,srp_Schi.japo._GSP-402676
15705,telomerase,train,srp_Schi.pomb._AU010514
15706,telomerase,train,srp_Schi.pomb._Z99259
15707,telomerase,train,srp_Scle.scle._GSP-325569
15708,telomerase,train,srp_Sene.crue._SDB-189209
15709,telomerase,train,srp_Shew.balt._CP000753
15710,telomerase,train,srp_Shew.spec._CP000469
15711,telomerase,train,srp_Shig.flex._AE014073
15712,telomerase,train,srp_Shig.flex._AE016979
15713,telomerase,train,srp_Shig.flex._CP000266
15714,telomerase,train,srp_Sino.medi._CP000738
15715,telomerase,train,srp_Sola.tube._DR037646
15716,telomerase,train,srp_Sorg.bico._BE594178
15717,telomerase,train,srp_Spra.loph._GSP-51541
15718,telomerase,train,srp_Stap.epid._AX145149
15719,telomerase,train,srp_Stre.coel._AL939118
15720,telomerase,train,srp_Stre.muta._AE014879
15721,telomerase,train,srp_Stre.pneu._AE007319
15722,telomerase,train,srp_Stre.pyog._AM295007
15723,telomerase,train,srp_Stre.sang._CP000387
15724,telomerase,train,srp_Sulf.toko._BA000023
15725,telomerase,train,srp_Synt.wolf._CP000448
15726,telomerase,train,srp_Taen.gutt._CK235759
15727,telomerase,train,srp_Tetr.ther._X56981
15728,telomerase,train,srp_Thal.pseu._GSP-296543
15729,telomerase,train,srp_Thei.annu._NW_001091934
15730,telomerase,train,srp_Thei.parv._GSP-333668
15731,telomerase,train,srp_Ther.fusc._CP000088
15732,telomerase,train,srp_Ther.koda._AP006878
15733,telomerase,train,srp_Ther.mela._CP000716
15734,telomerase,train,srp_Ther.petr._CP000702
15735,telomerase,train,srp_Ther.teng._AE012978
15736,telomerase,train,srp_Ther.volc._BA000011
15737,telomerase,train,srp_Toxo.gond._CO743022
15738,telomerase,train,srp_Toxo.gond._GSP-398031
15739,telomerase,train,srp_Trep.dent._AE017226
15740,telomerase,train,srp_Trep.dent._AE017246
15741,telomerase,train,srp_Trep.pall._AE000520
15742,telomerase,train,srp_Trep.pall._AE001187
15743,telomerase,train,srp_Tric.rees._GSP-334564-1
15744,telomerase,train,srp_Tric.vagi._GSP-5722-2
15745,telomerase,train,srp_Trit.aest._BE424647
15746,telomerase,train,srp_Trit.aest._CA718249
15747,telomerase,train,srp_Trit.aest._CJ679223
15748,telomerase,train,srp_Trit.aest._X13915
15749,telomerase,train,srp_Tryp.viva._SDB-5699
15750,telomerase,train,srp_Unci.rees._GSP-336963
15751,telomerase,train,srp_Urea.parv._AE002112
15752,telomerase,train,srp_Vibr.vuln._BA000037
15753,telomerase,train,srp_Volv.cart._GSP-51971-2
15754,telomerase,train,srp_Wolb.endo._AB080664
15755,telomerase,train,srp_Wolb.endo._AE017321
15756,telomerase,train,srp_Xant.camp._AM039952
15757,telomerase,train,srp_Xant.oryz._AP008229
15758,telomerase,train,srp_Xeno.laev._X01055
15759,telomerase,train,srp_Yarr.lipo._X51658
15760,telomerase,train,srp_Yers.ente._AM286415
15761,telomerase,train,srp_Yers.pseu._BX936398
15762,telomerase,train,srp_Yers.pseu._CP000720
15763,telomerase,train,srp_Zea.mays._X14661
15764,telomerase,train,srp_Zygo.roux._BN000170
15765,telomerase,train,srp_Zymo.mobi._AE008692
15766,telomerase,train,srp_Zymo.mobi._AF203881
15767,telomerase,train,tRNA_tdbR00000009-Escherichia_coli-562-Ala-VGC
15768,telomerase,train,tRNA_tdbR00000013-Pichia_jadinii-4903-Ala-IGC
15769,telomerase,train,tRNA_tdbR00000019-Mycoplasma_capricolum-2095-Cys-GCA
15770,telomerase,train,tRNA_tdbR00000029-Asterias_amurensis-7602-Asp-QUC
15771,telomerase,train,tRNA_tdbR00000030-Aedes_albopictus-7160-Asp-GUC
15772,telomerase,train,tRNA_tdbR00000032-Rattus_norvegicus-10116-Asp-GUC
15773,telomerase,train,tRNA_tdbR00000033-Didelphis_virginiana-9267-Asp-QUC
15774,telomerase,train,tRNA_tdbR00000034-Mesocricetus_auratus-10036-Asp-GUC
15775,telomerase,train,tRNA_tdbR00000036-Euglena_gracilis-3039-Asp-GUC
15776,telomerase,train,tRNA_tdbR00000043-Haloferax_volcanii-2246-Glu-NUC
15777,telomerase,train,tRNA_tdbR00000046-Escherichia_coli-562-Glu-SUC
15778,telomerase,train,tRNA_tdbR00000049-Chlamydomonas_reinhardtii-3055-Glu-NUC
15779,telomerase,train,tRNA_tdbR00000052-Aedes_albopictus-7160-Glu-NUC
15780,telomerase,train,tRNA_tdbR00000069-Synechococcus_sp._PCC_7002-32049-Phe-GAA
15781,telomerase,train,tRNA_tdbR00000074-Tetrahymena_pyriformis-5908-Phe-GAA
15782,telomerase,train,tRNA_tdbR00000078-Ascaris_suum-6253-Phe-GAA
15783,telomerase,train,tRNA_tdbR00000079-Rattus_norvegicus-10116-Phe-GAA
15784,telomerase,train,tRNA_tdbR00000080-Bos_taurus-9913-Phe-GAA
15785,telomerase,train,tRNA_tdbR00000091-Pisum_sativum-3888-Phe-AA
15786,telomerase,train,tRNA_tdbR00000104-Enterobacteria_phage_T4-10665-Gly-NCC
15787,telomerase,train,tRNA_tdbR00000114-Staphylococcus_epidermidis-1282-Gly-UCC
15788,telomerase,train,tRNA_tdbR00000121-Salmonella_typhimurium-602-Gly-NCC
15789,telomerase,train,tRNA_tdbR00000124-Aedes_albopictus-7160-Gly-UCC
15790,telomerase,train,tRNA_tdbR00000125-Bos_taurus-9913-Gly-UCC
15791,telomerase,train,tRNA_tdbR00000126-Halocynthia_roretzi-7729-Gly-NCU
15792,telomerase,train,tRNA_tdbR00000127-Halocynthia_roretzi-7729-Gly-UCU
15793,telomerase,train,tRNA_tdbR00000128-Halocynthia_roretzi-7729-Gly-GCU
15794,telomerase,train,tRNA_tdbR00000129-Saccharomyces_cerevisiae-4932-Gly-GCC
15795,telomerase,train,tRNA_tdbR00000132-Lupinus_luteus-3873-Gly-GCC
15796,telomerase,train,tRNA_tdbR00000134-Bombyx_mori-7091-Gly-CC
15797,telomerase,train,tRNA_tdbR00000138-Haloferax_volcanii-2246-His-GUG
15798,telomerase,train,tRNA_tdbR00000141-Salmonella_typhimurium-602-His-QUG
15799,telomerase,train,tRNA_tdbR00000142-Saccharomyces_cerevisiae-4932-His-GUG
15800,telomerase,train,tRNA_tdbR00000143-Asterias_amurensis-7602-His-QUG
15801,telomerase,train,tRNA_tdbR00000149-Homo_sapiens-9606-His-GUG
15802,telomerase,train,tRNA_tdbR00000167-Aedes_albopictus-7160-Ile-GAU
15803,telomerase,train,tRNA_tdbR00000168-Bos_taurus-9913-Ile-GAU
15804,telomerase,train,tRNA_tdbR00000169-Homo_sapiens-9606-Ile-GAU
15805,telomerase,train,tRNA_tdbR00000173-Bombyx_mori-7091-Ile-IAU
15806,telomerase,train,tRNA_tdbR00000174-Mus_musculus-10090-Ile-IAU
15807,telomerase,train,tRNA_tdbR00000177-Mycoplasma_capricolum-2095-Lys-CUU
15808,telomerase,train,tRNA_tdbR00000184-Asterias_amurensis-7602-Lys-CUU
15809,telomerase,train,tRNA_tdbR00000189-Rattus_norvegicus-10116-Lys-NUU
15810,telomerase,train,tRNA_tdbR00000190-Bos_taurus-9913-Lys-NUU
15811,telomerase,train,tRNA_tdbR00000191-Mesocricetus_auratus-10036-Lys-NUU
15812,telomerase,train,tRNA_tdbR00000194-Triticum_aestivum-4565-Lys-CUU
15813,telomerase,train,tRNA_tdbR00000206-Loligo_bleekeri-6617-Lys-UUU
15814,telomerase,train,tRNA_tdbR00000210-Enterobacteria_phage_T5-10726-Leu-UAG
15815,telomerase,train,tRNA_tdbR00000211-Haloferax_volcanii-2246-Leu-CAA
15816,telomerase,train,tRNA_tdbR00000217-Mycoplasma_capricolum-2095-Leu-AA
15817,telomerase,train,tRNA_tdbR00000223-Salmonella_typhimurium-602-Leu-CAG
15818,telomerase,train,tRNA_tdbR00000224-Rhodospirillum_rubrum-1085-Leu-CAA
15819,telomerase,train,tRNA_tdbR00000225-Synechococcus_elongatus_PCC_6301-269084-Leu-CAA
15820,telomerase,train,tRNA_tdbR00000234-Spinacia_oleracea-3562-Leu-UA7
15821,telomerase,train,tRNA_tdbR00000237-Saccharomyces_cerevisiae-4932-Leu-AA
15822,telomerase,train,tRNA_tdbR00000243-Rattus_norvegicus-10116-Leu-UAG
15823,telomerase,train,tRNA_tdbR00000244-Rattus_norvegicus-10116-Leu-UAG
15824,telomerase,train,tRNA_tdbR00000245-Rattus_norvegicus-10116-Leu-UAG
15825,telomerase,train,tRNA_tdbR00000246-Bos_taurus-9913-Leu-NAA
15826,telomerase,train,tRNA_tdbR00000247-Bos_taurus-9913-Leu-UAG
15827,telomerase,train,tRNA_tdbR00000251-Saccharomyces_cerevisiae-4932-Leu-UAA
15828,telomerase,train,tRNA_tdbR00000261-Cucumis_sativus-3659-Leu-NAA
15829,telomerase,train,tRNA_tdbR00000263-Rattus_norvegicus-10116-Leu-AA
15830,telomerase,train,tRNA_tdbR00000266-Bos_taurus-9913-Leu-AA
15831,telomerase,train,tRNA_tdbR00000280-Saccharomyces_cerevisiae-4932-Met-CAU
15832,telomerase,train,tRNA_tdbR00000282-Ascaris_suum-6253-Met-AU
15833,telomerase,train,tRNA_tdbR00000283-Gallus_gallus-9031-Met-AU
15834,telomerase,train,tRNA_tdbR00000289-Homo_sapiens-9606-Met-BAU
15835,telomerase,train,tRNA_tdbR00000290-Enterobacteria_phage_T5-10726-Asn-GUU
15836,telomerase,train,tRNA_tdbR00000294-Mycoplasma_capricolum-2095-Asn-GUU
15837,telomerase,train,tRNA_tdbR00000299-Asterias_amurensis-7602-Asn-GPU
15838,telomerase,train,tRNA_tdbR00000312-Haloferax_volcanii-2246-Pro-GGG
15839,telomerase,train,tRNA_tdbR00000313-Haloferax_volcanii-2246-Pro-UGG
15840,telomerase,train,tRNA_tdbR00000318-Salmonella_typhimurium-602-Pro-GGG
15841,telomerase,train,tRNA_tdbR00000321-Saccharomyces_cerevisiae-4932-Pro-UGG
15842,telomerase,train,tRNA_tdbR00000325-Pichia_jadinii-4903-Pro-GG
15843,telomerase,train,tRNA_tdbR00000328-Enterobacteria_phage_T5-10726-Gln-UUG
15844,telomerase,train,tRNA_tdbR00000331-Mycoplasma_capricolum-2095-Gln-UG
15845,telomerase,train,tRNA_tdbR00000333-Escherichia_coli-562-Gln-NUG
15846,telomerase,train,tRNA_tdbR00000334-Hordeum_vulgare-4513-Gln-UG
15847,telomerase,train,tRNA_tdbR00000335-Nicotiana_rustica-4093-Gln-NUG
15848,telomerase,train,tRNA_tdbR00000336-Aedes_albopictus-7160-Gln-NUG
15849,telomerase,train,tRNA_tdbR00000345-Homo_sapiens-9606-Gln-NUG
15850,telomerase,train,tRNA_tdbR00000347-Enterobacteria_phage_T4-10665-Arg-NCU
15851,telomerase,train,tRNA_tdbR00000350-Haloferax_volcanii-2246-Arg-GCG
15852,telomerase,train,tRNA_tdbR00000351-Haloferax_volcanii-2246-Arg-NCG
15853,telomerase,train,tRNA_tdbR00000352-Mycoplasma_capricolum-2095-Arg-ICG
15854,telomerase,train,tRNA_tdbR00000359-Escherichia_coli-562-Arg-CCG
15855,telomerase,train,tRNA_tdbR00000361-Saccharomyces_cerevisiae-4932-Arg-ACG
15856,telomerase,train,tRNA_tdbR00000363-Ascaris_suum-6253-Arg-PCU
15857,telomerase,train,tRNA_tdbR00000364-Ascaris_suum-6253-Arg-ACG
15858,telomerase,train,tRNA_tdbR00000365-Aedes_albopictus-7160-Arg-UCG
15859,telomerase,train,tRNA_tdbR00000366-Rattus_norvegicus-10116-Arg-UCG
15860,telomerase,train,tRNA_tdbR00000367-Bos_taurus-9913-Arg-UCG
15861,telomerase,train,tRNA_tdbR00000368-Mesocricetus_auratus-10036-Arg-UCG
15862,telomerase,train,tRNA_tdbR00000379-Enterobacteria_phage_T4-10665-Ser-NGA
15863,telomerase,train,tRNA_tdbR00000380-Halobacterium_salinarum-2242-Ser-MGA
15864,telomerase,train,tRNA_tdbR00000381-Haloferax_volcanii-2246-Ser-GCU
15865,telomerase,train,tRNA_tdbR00000382-Haloferax_volcanii-2246-Ser-MGA
15866,telomerase,train,tRNA_tdbR00000383-Haloferax_volcanii-2246-Ser-GGA
15867,telomerase,train,tRNA_tdbR00000385-Mycoplasma_capricolum-2095-Ser-UGA
15868,telomerase,train,tRNA_tdbR00000386-Mycoplasma_mycoides-2102-Ser-UGA
15869,telomerase,train,tRNA_tdbR00000387-Bacillus_subtilis-1423-Ser-5GA
15870,telomerase,train,tRNA_tdbR00000389-Bacillus_subtilis-1423-Ser-GGA
15871,telomerase,train,tRNA_tdbR00000390-Escherichia_coli-562-Ser-CGA
15872,telomerase,train,tRNA_tdbR00000391-Escherichia_coli-562-Ser-GCU
15873,telomerase,train,tRNA_tdbR00000392-Escherichia_coli-562-Ser-GGA
15874,telomerase,train,tRNA_tdbR00000393-Escherichia_coli-562-Ser-GGA
15875,telomerase,train,tRNA_tdbR00000394-Escherichia_coli-562-Ser-VGA
15876,telomerase,train,tRNA_tdbR00000395-Saccharomyces_cerevisiae-4932-Ser-GCU
15877,telomerase,train,tRNA_tdbR00000396-Saccharomyces_cerevisiae-4932-Ser-UGA
15878,telomerase,train,tRNA_tdbR00000397-Saccharomyces_cerevisiae-4932-Ser-UGA
15879,telomerase,train,tRNA_tdbR00000398-Ascaris_suum-6253-Ser-UCU
15880,telomerase,train,tRNA_tdbR00000399-Aedes_albopictus-7160-Ser-GCU
15881,telomerase,train,tRNA_tdbR00000400-Loligo_bleekeri-6617-Ser-7CU
15882,telomerase,train,tRNA_tdbR00000403-Bos_taurus-9913-Ser-UGA
15883,telomerase,train,tRNA_tdbR00000406-Saccharomyces_cerevisiae-4932-Ser-NGA
15884,telomerase,train,tRNA_tdbR00000409-Candida_cylindracea-44322-Ser-CAG
15885,telomerase,train,tRNA_tdbR00000412-Candida_cylindracea-44322-Ser-CGA
15886,telomerase,train,tRNA_tdbR00000413-Candida_cylindracea-44322-Ser-GCU
15887,telomerase,train,tRNA_tdbR00000414-Lupinus_luteus-3873-Ser-CGA
15888,telomerase,train,tRNA_tdbR00000419-Nicotiana_rustica-4093-Ser-IGA
15889,telomerase,train,tRNA_tdbR00000420-Spinacia_oleracea-3562-Ser-IGA
15890,telomerase,train,tRNA_tdbR00000423-Rattus_norvegicus-10116-Ser-IGA
15891,telomerase,train,tRNA_tdbR00000426-Drosophila_melanogaster-7227-Ser-CGA
15892,telomerase,train,tRNA_tdbR00000428-Homo_sapiens-9606-Ser-UGA
15893,telomerase,train,tRNA_tdbR00000438-Escherichia_coli-562-Thr-GGU
15894,telomerase,train,tRNA_tdbR00000440-Neurospora_crassa-5141-Thr-UGU
15895,telomerase,train,tRNA_tdbR00000459-Neurospora_crassa-5141-Val-UAC
15896,telomerase,train,tRNA_tdbR00000460-Aedes_albopictus-7160-Val-UAC
15897,telomerase,train,tRNA_tdbR00000461-Rattus_norvegicus-10116-Val-UAC
15898,telomerase,train,tRNA_tdbR00000462-Rattus_norvegicus-10116-Val-UAC
15899,telomerase,train,tRNA_tdbR00000463-Bos_taurus-9913-Val-UAC
15900,telomerase,train,tRNA_tdbR00000466-Saccharomyces_cerevisiae-4932-Val-AC
15901,telomerase,train,tRNA_tdbR00000467-Pichia_jadinii-4903-Val-IAC
15902,telomerase,train,tRNA_tdbR00000469-Rattus_norvegicus-10116-Val-IAC
15903,telomerase,train,tRNA_tdbR00000474-Drosophila_melanogaster-7227-Val-NAC
15904,telomerase,train,tRNA_tdbR00000475-Mus_musculus-10090-Val-IAC
15905,telomerase,train,tRNA_tdbR00000478-Haloferax_volcanii-2246-Trp-BCA
15906,telomerase,train,tRNA_tdbR00000483-Bacillus_subtilis-1423-Trp-CCA
15907,telomerase,train,tRNA_tdbR00000488-Tetrahymena_thermophila-5911-Trp-CA
15908,telomerase,train,tRNA_tdbR00000489-Neurospora_crassa-5141-Trp-NCA
15909,telomerase,train,tRNA_tdbR00000490-Saccharomyces_cerevisiae-4932-Trp-CA
15910,telomerase,train,tRNA_tdbR00000492-Rattus_norvegicus-10116-Trp-NCA
15911,telomerase,train,tRNA_tdbR00000493-Bos_taurus-9913-Trp-NCA
15912,telomerase,train,tRNA_tdbR00000494-Saccharomyces_cerevisiae-4932-Trp-BCA
15913,telomerase,train,tRNA_tdbR00000504-Mycoplasma_capricolum-2095-Ini-CAU
15914,telomerase,train,tRNA_tdbR00000505-Mycoplasma_mycoides-2102-Ini-CAU
15915,telomerase,train,tRNA_tdbR00000516-Spinacia_oleracea-3562-Ini-CAU
15916,telomerase,train,tRNA_tdbR00000517-Neurospora_crassa-5141-Ini-CAU
15917,telomerase,train,tRNA_tdbR00000518-Saccharomyces_cerevisiae-4932-Ini-CAU
15918,telomerase,train,tRNA_tdbR00000519-Phaseolus_vulgaris-3885-Ini-CAU
15919,telomerase,train,tRNA_tdbR00000520-Aedes_albopictus-7160-Ini-CAU
15920,telomerase,train,tRNA_tdbR00000521-Bos_taurus-9913-Ini-CAU
15921,telomerase,train,tRNA_tdbR00000522-Bos_taurus-9913-Ini-AU
15922,telomerase,train,tRNA_tdbR00000541-Haloferax_volcanii-2246-Tyr-GUA
15923,telomerase,train,tRNA_tdbR00000542-Mycoplasma_capricolum-2095-Tyr-GUA
15924,telomerase,train,tRNA_tdbR00000547-Geobacillus_stearothermophilus-1422-Tyr-QUA
15925,telomerase,train,tRNA_tdbR00000548-Scenedesmus_obliquus-3088-Tyr-GUA
15926,telomerase,train,tRNA_tdbR00000549-Tetrahymena_pyriformis-5908-Tyr-QUA
15927,telomerase,train,tRNA_tdbR00000550-Neurospora_crassa-5141-Tyr-GUA
15928,telomerase,train,tRNA_tdbR00000551-Saccharomyces_cerevisiae-4932-Tyr-GUA
15929,telomerase,train,tRNA_tdbR00000553-Asterias_amurensis-7602-Tyr-GUA
15930,telomerase,train,tRNA_tdbR00000555-Saccharomyces_cerevisiae-4932-Tyr-GPA
15931,telomerase,train,tRNA_tdbR00000556-Schizosaccharomyces_pombe-4896-Tyr-GPA
15932,telomerase,train,tRNA_tdbR00000557-Pichia_jadinii-4903-Tyr-GPA
15933,telomerase,train,tRNA_tdbR00000567-Homo_sapiens-9606-Tyr-9PA
15934,telomerase,train,tRNA_tdbR00000572-Leishmania_tarentolae-5689-Lys-1UU
15935,telomerase,train,tRNA_tdbR00000573-Leishmania_tarentolae-5689-Gln-3UG
15936,telomerase,train,tRNA_tdbR00000575-Leishmania_tarentolae-5689-Thr-CGU
15937,telomerase,train,tRNA_tdbR00000576-Leishmania_tarentolae-5689-Asp-GUC
15938,telomerase,train,tRNA_tdbR00000577-Leishmania_tarentolae-5689-Glu-CUC
15939,telomerase,train,tRNA_tdbR00000578-Leishmania_tarentolae-5689-Glu-3UC
15940,telomerase,train,tRNA_tdbR00000580-Aeropyrum_pernix-56636-Lys-UUU
15941,telomerase,train,tRNA_tdbR00000581-Aeropyrum_pernix-56636-Lys-CUU
15942,telomerase,train,tRNA_tdbR00000583-Aeropyrum_pernix-56636-Cys-GCA
15943,telomerase,train,tRNA_tdbR00000585-Aeropyrum_pernix-56636-Thr-CGU
15944,telomerase,train,tRNA_tdbR00000588-Aeropyrum_pernix-56636-Asp-GUC
15945,telomerase,train,tRNA_tdbR00000590-Ascaris_suum-6253-Glu-UC
15946,telomerase,train,tRNA_tdbR00000591-Ascaris_suum-6253-Lys-UU
15947,telomerase,train,tRNA_tdbR00000592-Ascaris_suum-6253-Gln-UG
15948,telomerase,train,tRNA_tdbR00000593-Ascaris_suum-6253-Trp-CA
15949,telomerase,train,tRNA_tdbR00000594-Ascaris_suum-6253-Leu-AA
15950,telomerase,train,tRNA_tdbR00000595-Escherichia_coli-562-Leu-BAA
15951,telomerase,train,tRNA_tdbR00000607-Lupinus_luteus-3873-Leu-IAG
15952,telomerase,train,tRNA_tdbR00000608-Lupinus_luteus-3873-Leu-UAA
15953,telomerase,train,tRNA_tdbR00000609-Chlamydomonas_reinhardtii-3055-Leu-UA7
15954,telomerase,train,tRNA_tdbR00000611-Sinorhizobium_meliloti-382-His-GUG
15955,telomerase,train,tRNA_tdbR00000612-Sinorhizobium_meliloti-382-Trp-CCA
15956,telomerase,train,tRNA_tdbR00000613-Nanoarchaeum_equitans-160232-Glu-CUC
15957,telomerase,train,tRNA_tdbR00000614-Nanoarchaeum_equitans-160232-Ini-CAU
15958,telomerase,train,tRNA_tdbR00000615-Nanoarchaeum_equitans-160232-Trp-CCA
15959,telomerase,train,tRNA_tdbR00000616-Nanoarchaeum_equitans-160232-Lys-CUU
15960,telomerase,train,tRNA_tdbR00000617-Nanoarchaeum_equitans-160232-Gln-UUG
15961,telomerase,train,tRNA_tdbR00000618-Candida_albicans-5476-Leu-CAG
15962,telomerase,train,tRNA_tdbR00000619-Toxoplasma_gondii-5811-Met-CAU
15963,telomerase,train,tRNA_tdbR00000620-Toxoplasma_gondii-5811-Ini-CAU
15964,telomerase,train,tRNA_tdbR00000621-Nicotiana_rustica-4093-Cys-GCA
15965,telomerase,train,tRNA_tdbR00000622-Nicotiana_rustica-4093-Cys-GCA
15966,telomerase,train,tRNA_tdbR00000623-Escherichia_coli-562-Pro-CGG
15967,telomerase,test,telomerase_AC121792.109554-109950
15968,telomerase,test,telomerase_AF147806.247-692
15969,telomerase,test,telomerase_AF221906.96-545
15970,telomerase,test,telomerase_AF221908.136-584
15971,telomerase,test,telomerase_AF221909.98-496
15972,telomerase,test,telomerase_AF221910.112-554
15973,telomerase,test,telomerase_AF221911.104-513
15974,telomerase,test,telomerase_AF221912.98-564
15975,telomerase,test,telomerase_AF221913.109-520
15976,telomerase,test,telomerase_AF221914.112-589
15977,telomerase,test,telomerase_AF221916.94-481
15978,telomerase,test,telomerase_AF221917.99-542
15979,telomerase,test,telomerase_AF221918.97-547
15980,telomerase,test,telomerase_AF221919.107-614
15981,telomerase,test,telomerase_AF221920.99-541
15982,telomerase,test,telomerase_AF221921.98-548
15983,telomerase,test,telomerase_AF221923.106-554
15984,telomerase,test,telomerase_AF221924.105-538
15985,telomerase,test,telomerase_AF221925.98-540
15986,telomerase,test,telomerase_AF221926.103-507
15987,telomerase,test,telomerase_AF221927.113-556
15988,telomerase,test,telomerase_AF221928.95-476
15989,telomerase,test,telomerase_AF221929.92-517
15990,telomerase,test,telomerase_AF221930.94-546
15991,telomerase,test,telomerase_AF221931.99-541
15992,telomerase,test,telomerase_AF221932.102-549
15993,telomerase,test,telomerase_AF221934.121-565
15994,telomerase,test,telomerase_AF221935.112-602
15995,telomerase,test,telomerase_AF221936.98-540
15996,telomerase,test,telomerase_AF221937.99-545
15997,telomerase,test,telomerase_AF221939.99-544
15998,telomerase,test,telomerase_AF221940.103-499
15999,telomerase,test,telomerase_AY058901.1-397
16000,telomerase,test,telomerase_AY312571.605-1069
16001,telomerase,test,telomerase_U85256.1-451
16002,telomerase,train,tmRNA_Acid.caps._TRW-240015_1-352
16003,telomerase,train,tmRNA_Acid.ferr._TRW-243159_1-364
16004,telomerase,train,tmRNA_Acid.ferr._TRW-920_1-341
16005,telomerase,train,tmRNA_Acin.spec._CR543861_1-360
16006,telomerase,train,tmRNA_Acti.naes._TRW-240017_1-371
16007,telomerase,train,tmRNA_Aero.hydr._CP000462_1-360
16008,telomerase,train,tmRNA_Alka.meta._TRW-293826_1-355
16009,telomerase,train,tmRNA_Aqui.aeol._TRW-63363_1-347
16010,telomerase,train,tmRNA_Azoa.spec._TRW-62928_1-378
16011,telomerase,train,tmRNA_Baci.G._TRW-12333_1-312
16012,telomerase,train,tmRNA_Baci.clau._AP006627_1-355
16013,telomerase,train,tmRNA_Baci.lich._CP000002_1-356
16014,telomerase,train,tmRNA_Baci.subt._Z99121_1-360
16015,telomerase,train,tmRNA_Bact.mari._TRW-97084_1-385
16016,telomerase,train,tmRNA_Bact.thet._AE015928_1-397
16017,telomerase,train,tmRNA_Bdel.bact._BX842656_1-346
16018,telomerase,train,tmRNA_Bifi.long._TRW-206672_1-397
16019,telomerase,train,tmRNA_Bloc.flor._BX248583_1-393
16020,telomerase,train,tmRNA_Bloc.penn._CP000016_1-392
16021,telomerase,train,tmRNA_Bord.pert._TRW-257313_1-387
16022,telomerase,train,tmRNA_Borr.gari._CP000013_1-363
16023,telomerase,train,tmRNA_Brev.line._TRW-321955_1-377
16024,telomerase,train,tmRNA_Buch.aphi._AE013218_1-376
16025,telomerase,train,tmRNA_Buch.aphi._AE016826_1-367
16026,telomerase,train,tmRNA_Buch.aphi._BD061520_1-369
16027,telomerase,train,tmRNA_Cald.sacc._TRW-351627_1-368
16028,telomerase,train,tmRNA_Camp.fetu._AY211269_1-361
16029,telomerase,train,tmRNA_Camp.upsa._TRW-306264_1-359
16030,telomerase,train,tmRNA_Carb.hydr._CP000141_1-359
16031,telomerase,train,tmRNA_Carn.malt._AF275938_1-366
16032,telomerase,train,tmRNA_Chla.trac._TRW-813-2_1-420
16033,telomerase,train,tmRNA_Chlo.aura._AY040836_1-361
16034,telomerase,train,tmRNA_Chlo.chlo._CP000108_1-401
16035,telomerase,train,tmRNA_Chlo.tepi._TRW-194439_1-404
16036,telomerase,train,tmRNA_Chro.sale._CP000285_1-380
16037,telomerase,train,tmRNA_Chro.viol._AE016825_1-365
16038,telomerase,train,tmRNA_Clav.mich._TRW-31964_1-376
16039,telomerase,train,tmRNA_Clos.perf._TRW-195102_1-361
16040,telomerase,train,tmRNA_Clos.ther._TRW-203119_1-387
16041,telomerase,train,tmRNA_Colw.psyc._CP000083_1-350
16042,telomerase,train,tmRNA_Copr.prot._TRW-351627_1-353
16043,telomerase,train,tmRNA_Cory.diph._BX248356_1-385
16044,telomerase,train,tmRNA_Cory.glut._BX927150_1-377
16045,telomerase,train,tmRNA_Coxi.burn._AE016828_1-360
16046,telomerase,train,tmRNA_Croc.wats._TRW-165597_1-386
16047,telomerase,train,tmRNA_Cyan.cald._AF022186_1-254
16048,telomerase,train,tmRNA_Cyan.mero._TRW-45157_1-236
16049,telomerase,train,tmRNA_Cyan.para._U30821_1-291
16050,telomerase,train,tmRNA_Cyto.hutc._CP000383_1-404
16051,telomerase,train,tmRNA_Deha.ethe._CP000027_1-352
16052,telomerase,train,tmRNA_Dein.geot._CP000359_1-348
16053,telomerase,train,tmRNA_Dein.radi._TRW-243230_1-349
16054,telomerase,train,tmRNA_Desu.acet._TRW-281689_1-353
16055,telomerase,train,tmRNA_Desu.desu._CP000112_1-360
16056,telomerase,train,tmRNA_Desu.psyc._CR522870_1-366
16057,telomerase,train,tmRNA_Desu.vulg._AE017285_1-352
16058,telomerase,train,tmRNA_Dich.nodo._TRW-35819_1-352
16059,telomerase,train,tmRNA_Dict.ther._TRW-14_1-350
16060,telomerase,train,tmRNA_Emil.huxl._TRW-280463_1-291
16061,telomerase,train,tmRNA_Ente.faec._TRW-1352_1-367
16062,telomerase,train,tmRNA_Exig.sibi._TRW-262543_1-359
16063,telomerase,train,tmRNA_Fibr.succ._TRW-59374_1-361
16064,telomerase,train,tmRNA_Fran.spec._TRW-298653_1-375
16065,telomerase,train,tmRNA_Fran.tula._CP000437_1-421
16066,telomerase,train,tmRNA_Fuso.nucl._TRW-393480_1-344
16067,telomerase,train,tmRNA_Gemm.obsc._TRW-214688_1-412
16068,telomerase,train,tmRNA_Geob.meta._CP000148_1-356
16069,telomerase,train,tmRNA_Geob.stea._TRW-1422_1-352
16070,telomerase,train,tmRNA_Geob.sulf._AE017180_1-356
16071,telomerase,train,tmRNA_Grac.tenu._AY673996_1-396
16072,telomerase,train,tmRNA_Guil.thet._TRW-55529_1-330
16073,telomerase,train,tmRNA_Haem.ducr._AE017143_1-367
16074,telomerase,train,tmRNA_Haem.somn._CP000436_1-367
16075,telomerase,train,tmRNA_Heli.hepa._AE017125_1-369
16076,telomerase,train,tmRNA_Heli.must._DQ250625_1-366
16077,telomerase,train,tmRNA_Heli.pylo._TRW-85963_1-386
16078,telomerase,train,tmRNA_Idio.loih._AE017340_1-359
16079,telomerase,train,tmRNA_Jako.libe._TRW-143017_1-102
16080,telomerase,train,tmRNA_Lact.brev._CP000416_1-372
16081,telomerase,train,tmRNA_Lact.case._CP000423_1-364
16082,telomerase,train,tmRNA_Lact.delb._AF440335_1-316
16083,telomerase,train,tmRNA_Lact.delb._TRW-321956_1-362
16084,telomerase,train,tmRNA_Lact.john._TRW-257314_1-367
16085,telomerase,train,tmRNA_Lact.lact._AF176556_1-359
16086,telomerase,train,tmRNA_Lact.plan._AL935259_1-372
16087,telomerase,train,tmRNA_Lact.sake._TRW-314315_1-370
16088,telomerase,train,tmRNA_Laws.intr._AM180252_1-376
16089,telomerase,train,tmRNA_Legi.pneu._CR628337_1-406
16090,telomerase,train,tmRNA_Leif.xyli._AE016822_1-394
16091,telomerase,train,tmRNA_Lept.inte._AE016823_1-350
16092,telomerase,train,tmRNA_Lept.spec._TRW-261386_1-359
16093,telomerase,train,tmRNA_Leuc.mese._AF375574_1-307
16094,telomerase,train,tmRNA_Leuc.mese._TRW-1245_1-358
16095,telomerase,train,tmRNA_List.gray._AF440336_1-321
16096,telomerase,train,tmRNA_List.wels._AF440351_1-321
16097,telomerase,train,tmRNA_Magn.spec._CP000471_1-366
16098,telomerase,train,tmRNA_Mari.aqua._TRW-351348_1-366
16099,telomerase,train,tmRNA_Meso.flor._AE017263_1-408
16100,telomerase,train,tmRNA_Meso.viri._AF166114_1-359
16101,telomerase,train,tmRNA_Meth.caps._AE017282_1-356
16102,telomerase,train,tmRNA_Moor.ther._CP000232_1-358
16103,telomerase,train,tmRNA_Mora.cata._AX067460_1-359
16104,telomerase,train,tmRNA_Myco.Bxz1._AY129337_1-437
16105,telomerase,train,tmRNA_Myco.arth._TRW-243272_1-394
16106,telomerase,train,tmRNA_Myco.gall._AE015450_1-408
16107,telomerase,train,tmRNA_Myco.geni._U39713_1-385
16108,telomerase,train,tmRNA_Myco.hyop._TRW-295358_1-424
16109,telomerase,train,tmRNA_Myco.mobi._TRW-267748_1-376
16110,telomerase,train,tmRNA_Myco.myco._BX842642_1-411
16111,telomerase,train,tmRNA_Myco.pene._BA000026_1-405
16112,telomerase,train,tmRNA_Myco.pneu._AE000035_1-384
16113,telomerase,train,tmRNA_Myco.pulm._AL445565_1-387
16114,telomerase,train,tmRNA_Myxo.xant._TRW-34_1-366
16115,telomerase,train,tmRNA_Neph.oliv._AF137379-2_1-327
16116,telomerase,train,tmRNA_Nitr.mult._CP000103_1-362
16117,telomerase,train,tmRNA_Nitr.ocea._CP000127_1-361
16118,telomerase,train,tmRNA_Noca.farc._AP006618_1-368
16119,telomerase,train,tmRNA_Nost.spec._BA000019_1-390
16120,telomerase,train,tmRNA_Ocea.ihey._BA000028_1-364
16121,telomerase,train,tmRNA_Odon.sine._Z67753_1-368
16122,telomerase,train,tmRNA_Oeno.oeni._TRW-203123_1-350
16123,telomerase,train,tmRNA_Onio.yell._AP006628_1-423
16124,telomerase,train,tmRNA_Paen.larv._TRW-1464_1-367
16125,telomerase,train,tmRNA_Para.symb._BX908798_1-405
16126,telomerase,train,tmRNA_Pedi.pent._CP000422_1-369
16127,telomerase,train,tmRNA_Pelo.carb._CP000142_1-358
16128,telomerase,train,tmRNA_Phot.prof._CR378665_1-368
16129,telomerase,train,tmRNA_Porp.ging._TRW-242619_1-407
16130,telomerase,train,tmRNA_Porp.purp._TRW-2787_1-323
16131,telomerase,train,tmRNA_Prev.rumi._TRW-264731_1-401
16132,telomerase,train,tmRNA_Prop.acne._TRW-1747-1_1-371
16133,telomerase,train,tmRNA_Prop.acne._TRW-1747-3_1-353
16134,telomerase,train,tmRNA_Pseu.aeru._CP000438_1-353
16135,telomerase,train,tmRNA_Pseu.atla._CP000388_1-357
16136,telomerase,train,tmRNA_Pseu.halo._CR954246_1-357
16137,telomerase,train,tmRNA_Rals.sola._AL646061_1-357
16138,telomerase,train,tmRNA_Rhod.balt._BX294141_1-380
16139,telomerase,train,tmRNA_Rubr.gela._TRW-279263_1-372
16140,telomerase,train,tmRNA_Rubr.xyla._TRW-266117_1-360
16141,telomerase,train,tmRNA_Rumi.albu._TRW-246199_1-354
16142,telomerase,train,tmRNA_Sacc.degr._CP000282_1-389
16143,telomerase,train,tmRNA_Sali.rube._CP000159_1-369
16144,telomerase,train,tmRNA_Soli.usit._CP000473_1-352
16145,telomerase,train,tmRNA_Spir.kunk._TRW-273035_1-424
16146,telomerase,train,tmRNA_Stap.epid._AF375586_1-311
16147,telomerase,train,tmRNA_Stap.epid._TRW-176280_1-361
16148,telomerase,train,tmRNA_Stre.aver._BA000030_1-389
16149,telomerase,train,tmRNA_Stre.coll._AY485228_1-386
16150,telomerase,train,tmRNA_Stre.scab._TRW-1883_1-402
16151,telomerase,train,tmRNA_Stre.ther._CP000419_1-350
16152,telomerase,train,tmRNA_Stre.uber._TRW-218495_1-350
16153,telomerase,train,tmRNA_Sulf.azor._TRW-204536_1-351
16154,telomerase,train,tmRNA_Syne.spec._AB003477_1-394
16155,telomerase,train,tmRNA_Syne.spec._TRW-1131_1-399
16156,telomerase,train,tmRNA_Syne.spec._TRW-32049_1-396
16157,telomerase,train,tmRNA_Synt.acid._CP000252_1-356
16158,telomerase,train,tmRNA_Tann.fors._TRW-203275_1-400
16159,telomerase,train,tmRNA_Thal.weis._AF049491_1-348
16160,telomerase,train,tmRNA_Ther.comm._TRW-289377_1-355
16161,telomerase,train,tmRNA_Ther.elon._BA000039_1-386
16162,telomerase,train,tmRNA_Ther.fusc._CP000088_1-372
16163,telomerase,train,tmRNA_Ther.neap._TRW-309803_1-357
16164,telomerase,train,tmRNA_Ther.rose._TRW-309801_1-353
16165,telomerase,train,tmRNA_Ther.teng._AE013063_1-351
16166,telomerase,train,tmRNA_Ther.ther._Y15063_1-349
16167,telomerase,train,tmRNA_Ther.yell._TRW-289376_1-350
16168,telomerase,train,tmRNA_Thio.crun._CP000109_1-358
16169,telomerase,train,tmRNA_Thio.deni._CP000116_1-367
16170,telomerase,train,tmRNA_Trem.prin._AF481102_1-264
16171,telomerase,train,tmRNA_Trep.dent._AE017226_1-351
16172,telomerase,train,tmRNA_Trep.pall._TRW-243276_1-354
16173,telomerase,train,tmRNA_Tric.eryt._CP000393_1-398
16174,telomerase,train,tmRNA_Trop.whip._BX251411_1-369
16175,telomerase,train,tmRNA_Urea.parv._AE002154_1-413
16176,telomerase,train,tmRNA_Verr.spin._TRW-240016_1-356
16177,telomerase,train,tmRNA_Wigg.glos._BA000021_1-365
16178,telomerase,train,tmRNA_Woli.succ._BX571661_1-369
16179,telomerase,train,tmRNA_Xant.oryz._AE013598_1-397
16180,telomerase,train,tmRNA_Xyle.fast._TRW-155920_1-355
16181,telomerase,train,tmRNA_Yers.moll._TRW-349967_1-381
16182,telomerase,train,tmRNA_Yers.pseu._AR948532_1-364
16183,telomerase,train,tmRNA_envi.sequ._TRW-2-1_1-365
16184,telomerase,train,tmRNA_envi.sequ._TRW-2-2_1-356
16185,telomerase,train,tmRNA_envi.sequ._TRW-204433_1-356
16186,telomerase,train,tmRNA_envi.sequ._TRW-259292_1-355
16187,telomerase,train,tmRNA_envi.sequ._TRW-300695-2_1-345
16188,telomerase,train,tmRNA_envi.sequ._TRW-32045-1_1-355
16189,telomerase,train,tmRNA_envi.sequ._TRW-32045-2_1-345
16190,telomerase,train,tmRNA_envi.sequ._TRW-32045-3_1-350
16191,telomerase,train,tmRNA_envi.sequ._TRW-351057-3_1-355
16192,telomerase,train,tmRNA_envi.sequ._TRW-356-1_1-289
16193,telomerase,train,tmRNA_uncu.bact._TRW-135621-1_1-397
16194,telomerase,train,tmRNA_uncu.bact._TRW-32033-1_1-354
16195,telomerase,train,tmRNA_uncu.bact._TRW-32045-4_1-369
16196,telomerase,train,tmRNA_uncu.bact._TRW-383630-1_1-364
16197,telomerase,train,tmRNA_uncu.bact._TRW-45456_1-408
16198,telomerase,train,tmRNA_uncu.bact._TRW-72274-1_1-359
16199,telomerase,train,tmRNA_uncu.bact._TRW-72274-2_1-359
16200,telomerase,train,tmRNA_uncu.bact._TRW-80840-3_1-379
16201,telomerase,train,tmRNA_uncu.mari._TRW-363180_1-347
16202,tmRNA,train,16s_A.fulgidus_domain2
16203,tmRNA,train,16s_A.fulgidus_domain3
16204,tmRNA,train,16s_A.fulgidus_domain4
16205,tmRNA,train,16s_A.pyrophilus_domain2
16206,tmRNA,train,16s_A.pyrophilus_domain4
16207,tmRNA,train,16s_B.burgdorferi_domain2
16208,tmRNA,train,16s_B.burgdorferi_domain3
16209,tmRNA,train,16s_B.burgdorferi_domain4
16210,tmRNA,train,16s_B.subtilis_domain2
16211,tmRNA,train,16s_B.subtilis_domain3
16212,tmRNA,train,16s_B.subtilis_domain4
16213,tmRNA,train,16s_C.elegans_domain1
16214,tmRNA,train,16s_C.elegans_domain2
16215,tmRNA,train,16s_C.elegans_domain3
16216,tmRNA,train,16s_C.elegans_domain4
16217,tmRNA,train,16s_C.psittaci_domain2
16218,tmRNA,train,16s_C.psittaci_domain3
16219,tmRNA,train,16s_C.psittaci_domain4
16220,tmRNA,train,16s_C.reinhardtii.chloro_domain1
16221,tmRNA,train,16s_C.reinhardtii.chloro_domain2
16222,tmRNA,train,16s_C.reinhardtii.chloro_domain3
16223,tmRNA,train,16s_C.reinhardtii.chloro_domain4
16224,tmRNA,train,16s_C.reinhardtii.mito_domain1
16225,tmRNA,train,16s_C.reinhardtii.mito_domain2
16226,tmRNA,train,16s_C.reinhardtii.mito_domain3
16227,tmRNA,train,16s_C.reinhardtii.mito_domain4
16228,tmRNA,train,16s_D.melanogaster_domain4
16229,tmRNA,train,16s_E.coli_domain2
16230,tmRNA,train,16s_E.coli_domain3
16231,tmRNA,train,16s_E.coli_domain4
16232,tmRNA,train,16s_F.ananassa_domain3
16233,tmRNA,train,16s_F.ananassa_domain4
16234,tmRNA,train,16s_G.intestinalis_domain1
16235,tmRNA,train,16s_G.intestinalis_domain2
16236,tmRNA,train,16s_G.intestinalis_domain3
16237,tmRNA,train,16s_G.intestinalis_domain4
16238,tmRNA,train,16s_H.sapiens.mito_domain1
16239,tmRNA,train,16s_H.sapiens.mito_domain2
16240,tmRNA,train,16s_H.sapiens.mito_domain3
16241,tmRNA,train,16s_H.sapiens.mito_domain4
16242,tmRNA,train,16s_H.sapiens_domain3
16243,tmRNA,train,16s_H.sapiens_domain4
16244,tmRNA,train,16s_H.volcanii_domain1
16245,tmRNA,train,16s_H.volcanii_domain2
16246,tmRNA,train,16s_H.volcanii_domain3
16247,tmRNA,train,16s_H.volcanii_domain4
16248,tmRNA,train,16s_M.polymorpha_domain2
16249,tmRNA,train,16s_M.polymorpha_domain3
16250,tmRNA,train,16s_M.polymorpha_domain4
16251,tmRNA,train,16s_P.occultum_domain2
16252,tmRNA,train,16s_P.occultum_domain3
16253,tmRNA,train,16s_P.occultum_domain4
16254,tmRNA,train,16s_P.staleyi_domain2
16255,tmRNA,train,16s_P.staleyi_domain3
16256,tmRNA,train,16s_P.staleyi_domain4
16257,tmRNA,train,16s_S.cerevisiae_domain3
16258,tmRNA,train,16s_S.cerevisiae_domain4
16259,tmRNA,train,16s_T.gondii_domain3
16260,tmRNA,train,16s_T.gondii_domain4
16261,tmRNA,train,16s_T.maritima_domain2
16262,tmRNA,train,16s_T.maritima_domain3
16263,tmRNA,train,16s_T.maritima_domain4
16264,tmRNA,train,16s_Z.mays_domain1
16265,tmRNA,train,16s_Z.mays_domain2
16266,tmRNA,train,16s_Z.mays_domain3
16267,tmRNA,train,16s_Z.mays_domain4
16268,tmRNA,train,16s_A.fulgidus_domain2
16269,tmRNA,train,16s_A.fulgidus_domain3
16270,tmRNA,train,16s_A.fulgidus_domain4
16271,tmRNA,train,16s_A.pyrophilus_domain2
16272,tmRNA,train,16s_A.pyrophilus_domain4
16273,tmRNA,train,16s_B.burgdorferi_domain2
16274,tmRNA,train,16s_B.burgdorferi_domain3
16275,tmRNA,train,16s_B.burgdorferi_domain4
16276,tmRNA,train,16s_B.subtilis_domain2
16277,tmRNA,train,16s_B.subtilis_domain3
16278,tmRNA,train,16s_B.subtilis_domain4
16279,tmRNA,train,16s_C.elegans_domain1
16280,tmRNA,train,16s_C.elegans_domain2
16281,tmRNA,train,16s_C.elegans_domain3
16282,tmRNA,train,16s_C.elegans_domain4
16283,tmRNA,train,16s_C.psittaci_domain2
16284,tmRNA,train,16s_C.psittaci_domain3
16285,tmRNA,train,16s_C.psittaci_domain4
16286,tmRNA,train,16s_C.reinhardtii.chloro_domain1
16287,tmRNA,train,16s_C.reinhardtii.chloro_domain2
16288,tmRNA,train,16s_C.reinhardtii.chloro_domain3
16289,tmRNA,train,16s_C.reinhardtii.chloro_domain4
16290,tmRNA,train,16s_C.reinhardtii.mito_domain1
16291,tmRNA,train,16s_C.reinhardtii.mito_domain2
16292,tmRNA,train,16s_C.reinhardtii.mito_domain3
16293,tmRNA,train,16s_C.reinhardtii.mito_domain4
16294,tmRNA,train,16s_D.melanogaster_domain4
16295,tmRNA,train,16s_E.coli_domain2
16296,tmRNA,train,16s_E.coli_domain3
16297,tmRNA,train,16s_E.coli_domain4
16298,tmRNA,train,16s_F.ananassa_domain3
16299,tmRNA,train,16s_F.ananassa_domain4
16300,tmRNA,train,16s_G.intestinalis_domain1
16301,tmRNA,train,16s_G.intestinalis_domain2
16302,tmRNA,train,16s_G.intestinalis_domain3
16303,tmRNA,train,16s_G.intestinalis_domain4
16304,tmRNA,train,16s_H.sapiens.mito_domain1
16305,tmRNA,train,16s_H.sapiens.mito_domain2
16306,tmRNA,train,16s_H.sapiens.mito_domain3
16307,tmRNA,train,16s_H.sapiens.mito_domain4
16308,tmRNA,train,16s_H.sapiens_domain3
16309,tmRNA,train,16s_H.sapiens_domain4
16310,tmRNA,train,16s_H.volcanii_domain1
16311,tmRNA,train,16s_H.volcanii_domain2
16312,tmRNA,train,16s_H.volcanii_domain3
16313,tmRNA,train,16s_H.volcanii_domain4
16314,tmRNA,train,16s_M.polymorpha_domain2
16315,tmRNA,train,16s_M.polymorpha_domain3
16316,tmRNA,train,16s_M.polymorpha_domain4
16317,tmRNA,train,16s_P.occultum_domain2
16318,tmRNA,train,16s_P.occultum_domain3
16319,tmRNA,train,16s_P.occultum_domain4
16320,tmRNA,train,16s_P.staleyi_domain2
16321,tmRNA,train,16s_P.staleyi_domain3
16322,tmRNA,train,16s_P.staleyi_domain4
16323,tmRNA,train,16s_S.cerevisiae_domain3
16324,tmRNA,train,16s_S.cerevisiae_domain4
16325,tmRNA,train,16s_T.gondii_domain3
16326,tmRNA,train,16s_T.gondii_domain4
16327,tmRNA,train,16s_T.maritima_domain2
16328,tmRNA,train,16s_T.maritima_domain3
16329,tmRNA,train,16s_T.maritima_domain4
16330,tmRNA,train,16s_Z.mays_domain1
16331,tmRNA,train,16s_Z.mays_domain2
16332,tmRNA,train,16s_Z.mays_domain3
16333,tmRNA,train,16s_Z.mays_domain4
16334,tmRNA,train,16s_A.fulgidus_domain2
16335,tmRNA,train,16s_A.fulgidus_domain3
16336,tmRNA,train,16s_A.fulgidus_domain4
16337,tmRNA,train,16s_A.pyrophilus_domain2
16338,tmRNA,train,16s_A.pyrophilus_domain4
16339,tmRNA,train,16s_B.burgdorferi_domain2
16340,tmRNA,train,16s_B.burgdorferi_domain3
16341,tmRNA,train,16s_B.burgdorferi_domain4
16342,tmRNA,train,16s_B.subtilis_domain2
16343,tmRNA,train,16s_B.subtilis_domain3
16344,tmRNA,train,16s_B.subtilis_domain4
16345,tmRNA,train,16s_C.elegans_domain1
16346,tmRNA,train,16s_C.elegans_domain2
16347,tmRNA,train,16s_C.elegans_domain3
16348,tmRNA,train,16s_C.elegans_domain4
16349,tmRNA,train,16s_C.psittaci_domain2
16350,tmRNA,train,16s_C.psittaci_domain3
16351,tmRNA,train,16s_C.psittaci_domain4
16352,tmRNA,train,16s_C.reinhardtii.chloro_domain1
16353,tmRNA,train,16s_C.reinhardtii.chloro_domain2
16354,tmRNA,train,16s_C.reinhardtii.chloro_domain3
16355,tmRNA,train,16s_C.reinhardtii.chloro_domain4
16356,tmRNA,train,16s_C.reinhardtii.mito_domain1
16357,tmRNA,train,16s_C.reinhardtii.mito_domain2
16358,tmRNA,train,16s_C.reinhardtii.mito_domain3
16359,tmRNA,train,16s_C.reinhardtii.mito_domain4
16360,tmRNA,train,16s_D.melanogaster_domain4
16361,tmRNA,train,16s_E.coli_domain2
16362,tmRNA,train,16s_E.coli_domain3
16363,tmRNA,train,16s_E.coli_domain4
16364,tmRNA,train,16s_F.ananassa_domain3
16365,tmRNA,train,16s_F.ananassa_domain4
16366,tmRNA,train,16s_G.intestinalis_domain1
16367,tmRNA,train,16s_G.intestinalis_domain2
16368,tmRNA,train,16s_G.intestinalis_domain3
16369,tmRNA,train,16s_G.intestinalis_domain4
16370,tmRNA,train,16s_H.sapiens.mito_domain1
16371,tmRNA,train,16s_H.sapiens.mito_domain2
16372,tmRNA,train,16s_H.sapiens.mito_domain3
16373,tmRNA,train,16s_H.sapiens.mito_domain4
16374,tmRNA,train,16s_H.sapiens_domain3
16375,tmRNA,train,16s_H.sapiens_domain4
16376,tmRNA,train,16s_H.volcanii_domain1
16377,tmRNA,train,16s_H.volcanii_domain2
16378,tmRNA,train,16s_H.volcanii_domain3
16379,tmRNA,train,16s_H.volcanii_domain4
16380,tmRNA,train,16s_M.polymorpha_domain2
16381,tmRNA,train,16s_M.polymorpha_domain3
16382,tmRNA,train,16s_M.polymorpha_domain4
16383,tmRNA,train,16s_P.occultum_domain2
16384,tmRNA,train,16s_P.occultum_domain3
16385,tmRNA,train,16s_P.occultum_domain4
16386,tmRNA,train,16s_P.staleyi_domain2
16387,tmRNA,train,16s_P.staleyi_domain3
16388,tmRNA,train,16s_P.staleyi_domain4
16389,tmRNA,train,16s_S.cerevisiae_domain3
16390,tmRNA,train,16s_S.cerevisiae_domain4
16391,tmRNA,train,16s_T.gondii_domain3
16392,tmRNA,train,16s_T.gondii_domain4
16393,tmRNA,train,16s_T.maritima_domain2
16394,tmRNA,train,16s_T.maritima_domain3
16395,tmRNA,train,16s_T.maritima_domain4
16396,tmRNA,train,16s_Z.mays_domain1
16397,tmRNA,train,16s_Z.mays_domain2
16398,tmRNA,train,16s_Z.mays_domain3
16399,tmRNA,train,16s_Z.mays_domain4
16400,tmRNA,train,16s_A.fulgidus_domain2
16401,tmRNA,train,16s_A.fulgidus_domain3
16402,tmRNA,train,23s_B.subtilis_domain3
16403,tmRNA,train,23s_B.subtilis_domain4
16404,tmRNA,train,23s_B.subtilis_domain6
16405,tmRNA,train,23s_E.coli_domain3
16406,tmRNA,train,23s_E.coli_domain4
16407,tmRNA,train,23s_E.coli_domain6
16408,tmRNA,train,23s_H.pylori_domain3
16409,tmRNA,train,23s_H.pylori_domain4
16410,tmRNA,train,23s_H.pylori_domain6
16411,tmRNA,train,23s_S.aureus_domain3
16412,tmRNA,train,23s_S.aureus_domain4
16413,tmRNA,train,23s_S.aureus_domain6
16414,tmRNA,train,23s_T.thermophilus_domain3
16415,tmRNA,train,23s_T.thermophilus_domain4
16416,tmRNA,train,23s_T.thermophilus_domain6
16417,tmRNA,train,23s_B.subtilis_domain3
16418,tmRNA,train,23s_B.subtilis_domain4
16419,tmRNA,train,23s_B.subtilis_domain6
16420,tmRNA,train,23s_E.coli_domain3
16421,tmRNA,train,23s_E.coli_domain4
16422,tmRNA,train,23s_E.coli_domain6
16423,tmRNA,train,23s_H.pylori_domain3
16424,tmRNA,train,23s_H.pylori_domain4
16425,tmRNA,train,23s_H.pylori_domain6
16426,tmRNA,train,23s_S.aureus_domain3
16427,tmRNA,train,23s_S.aureus_domain4
16428,tmRNA,train,23s_S.aureus_domain6
16429,tmRNA,train,23s_T.thermophilus_domain3
16430,tmRNA,train,23s_T.thermophilus_domain4
16431,tmRNA,train,23s_T.thermophilus_domain6
16432,tmRNA,train,23s_B.subtilis_domain3
16433,tmRNA,train,23s_B.subtilis_domain4
16434,tmRNA,train,23s_B.subtilis_domain6
16435,tmRNA,train,23s_E.coli_domain3
16436,tmRNA,train,23s_E.coli_domain4
16437,tmRNA,train,23s_E.coli_domain6
16438,tmRNA,train,23s_H.pylori_domain3
16439,tmRNA,train,23s_H.pylori_domain4
16440,tmRNA,train,23s_H.pylori_domain6
16441,tmRNA,train,23s_S.aureus_domain3
16442,tmRNA,train,23s_S.aureus_domain4
16443,tmRNA,train,23s_S.aureus_domain6
16444,tmRNA,train,23s_T.thermophilus_domain3
16445,tmRNA,train,23s_T.thermophilus_domain4
16446,tmRNA,train,23s_T.thermophilus_domain6
16447,tmRNA,train,23s_B.subtilis_domain3
16448,tmRNA,train,23s_B.subtilis_domain4
16449,tmRNA,train,23s_B.subtilis_domain6
16450,tmRNA,train,23s_E.coli_domain3
16451,tmRNA,train,23s_E.coli_domain4
16452,tmRNA,train,23s_E.coli_domain6
16453,tmRNA,train,23s_H.pylori_domain3
16454,tmRNA,train,23s_H.pylori_domain4
16455,tmRNA,train,23s_H.pylori_domain6
16456,tmRNA,train,23s_S.aureus_domain3
16457,tmRNA,train,23s_S.aureus_domain4
16458,tmRNA,train,23s_S.aureus_domain6
16459,tmRNA,train,23s_T.thermophilus_domain3
16460,tmRNA,train,23s_T.thermophilus_domain4
16461,tmRNA,train,23s_T.thermophilus_domain6
16462,tmRNA,train,23s_B.subtilis_domain3
16463,tmRNA,train,23s_B.subtilis_domain4
16464,tmRNA,train,23s_B.subtilis_domain6
16465,tmRNA,train,23s_E.coli_domain3
16466,tmRNA,train,23s_E.coli_domain4
16467,tmRNA,train,23s_E.coli_domain6
16468,tmRNA,train,23s_H.pylori_domain3
16469,tmRNA,train,23s_H.pylori_domain4
16470,tmRNA,train,23s_H.pylori_domain6
16471,tmRNA,train,23s_S.aureus_domain3
16472,tmRNA,train,23s_S.aureus_domain4
16473,tmRNA,train,23s_S.aureus_domain6
16474,tmRNA,train,23s_T.thermophilus_domain3
16475,tmRNA,train,23s_T.thermophilus_domain4
16476,tmRNA,train,23s_T.thermophilus_domain6
16477,tmRNA,train,23s_B.subtilis_domain3
16478,tmRNA,train,23s_B.subtilis_domain4
16479,tmRNA,train,23s_B.subtilis_domain6
16480,tmRNA,train,23s_E.coli_domain3
16481,tmRNA,train,23s_E.coli_domain4
16482,tmRNA,train,23s_E.coli_domain6
16483,tmRNA,train,23s_H.pylori_domain3
16484,tmRNA,train,23s_H.pylori_domain4
16485,tmRNA,train,23s_H.pylori_domain6
16486,tmRNA,train,23s_S.aureus_domain3
16487,tmRNA,train,23s_S.aureus_domain4
16488,tmRNA,train,23s_S.aureus_domain6
16489,tmRNA,train,23s_T.thermophilus_domain3
16490,tmRNA,train,23s_T.thermophilus_domain4
16491,tmRNA,train,23s_T.thermophilus_domain6
16492,tmRNA,train,23s_B.subtilis_domain3
16493,tmRNA,train,23s_B.subtilis_domain4
16494,tmRNA,train,23s_B.subtilis_domain6
16495,tmRNA,train,23s_E.coli_domain3
16496,tmRNA,train,23s_E.coli_domain4
16497,tmRNA,train,23s_E.coli_domain6
16498,tmRNA,train,23s_H.pylori_domain3
16499,tmRNA,train,23s_H.pylori_domain4
16500,tmRNA,train,23s_H.pylori_domain6
16501,tmRNA,train,23s_S.aureus_domain3
16502,tmRNA,train,23s_S.aureus_domain4
16503,tmRNA,train,23s_S.aureus_domain6
16504,tmRNA,train,23s_T.thermophilus_domain3
16505,tmRNA,train,23s_T.thermophilus_domain4
16506,tmRNA,train,23s_T.thermophilus_domain6
16507,tmRNA,train,23s_B.subtilis_domain3
16508,tmRNA,train,23s_B.subtilis_domain4
16509,tmRNA,train,23s_B.subtilis_domain6
16510,tmRNA,train,23s_E.coli_domain3
16511,tmRNA,train,23s_E.coli_domain4
16512,tmRNA,train,23s_E.coli_domain6
16513,tmRNA,train,23s_H.pylori_domain3
16514,tmRNA,train,23s_H.pylori_domain4
16515,tmRNA,train,23s_H.pylori_domain6
16516,tmRNA,train,23s_S.aureus_domain3
16517,tmRNA,train,23s_S.aureus_domain4
16518,tmRNA,train,23s_S.aureus_domain6
16519,tmRNA,train,23s_T.thermophilus_domain3
16520,tmRNA,train,23s_T.thermophilus_domain4
16521,tmRNA,train,23s_T.thermophilus_domain6
16522,tmRNA,train,23s_B.subtilis_domain3
16523,tmRNA,train,23s_B.subtilis_domain4
16524,tmRNA,train,23s_B.subtilis_domain6
16525,tmRNA,train,23s_E.coli_domain3
16526,tmRNA,train,23s_E.coli_domain4
16527,tmRNA,train,23s_E.coli_domain6
16528,tmRNA,train,23s_H.pylori_domain3
16529,tmRNA,train,23s_H.pylori_domain4
16530,tmRNA,train,23s_H.pylori_domain6
16531,tmRNA,train,23s_S.aureus_domain3
16532,tmRNA,train,23s_S.aureus_domain4
16533,tmRNA,train,23s_S.aureus_domain6
16534,tmRNA,train,23s_T.thermophilus_domain3
16535,tmRNA,train,23s_T.thermophilus_domain4
16536,tmRNA,train,23s_T.thermophilus_domain6
16537,tmRNA,train,23s_B.subtilis_domain3
16538,tmRNA,train,23s_B.subtilis_domain4
16539,tmRNA,train,23s_B.subtilis_domain6
16540,tmRNA,train,23s_E.coli_domain3
16541,tmRNA,train,23s_E.coli_domain4
16542,tmRNA,train,23s_E.coli_domain6
16543,tmRNA,train,23s_H.pylori_domain3
16544,tmRNA,train,23s_H.pylori_domain4
16545,tmRNA,train,23s_H.pylori_domain6
16546,tmRNA,train,23s_S.aureus_domain3
16547,tmRNA,train,23s_S.aureus_domain4
16548,tmRNA,train,23s_S.aureus_domain6
16549,tmRNA,train,23s_T.thermophilus_domain3
16550,tmRNA,train,23s_T.thermophilus_domain4
16551,tmRNA,train,23s_T.thermophilus_domain6
16552,tmRNA,train,23s_B.subtilis_domain3
16553,tmRNA,train,23s_B.subtilis_domain4
16554,tmRNA,train,23s_B.subtilis_domain6
16555,tmRNA,train,23s_E.coli_domain3
16556,tmRNA,train,23s_E.coli_domain4
16557,tmRNA,train,23s_E.coli_domain6
16558,tmRNA,train,23s_H.pylori_domain3
16559,tmRNA,train,23s_H.pylori_domain4
16560,tmRNA,train,23s_H.pylori_domain6
16561,tmRNA,train,23s_S.aureus_domain3
16562,tmRNA,train,23s_S.aureus_domain4
16563,tmRNA,train,23s_S.aureus_domain6
16564,tmRNA,train,23s_T.thermophilus_domain3
16565,tmRNA,train,23s_T.thermophilus_domain4
16566,tmRNA,train,23s_T.thermophilus_domain6
16567,tmRNA,train,23s_B.subtilis_domain3
16568,tmRNA,train,23s_B.subtilis_domain4
16569,tmRNA,train,23s_B.subtilis_domain6
16570,tmRNA,train,23s_E.coli_domain3
16571,tmRNA,train,23s_E.coli_domain4
16572,tmRNA,train,23s_E.coli_domain6
16573,tmRNA,train,23s_H.pylori_domain3
16574,tmRNA,train,23s_H.pylori_domain4
16575,tmRNA,train,23s_H.pylori_domain6
16576,tmRNA,train,23s_S.aureus_domain3
16577,tmRNA,train,23s_S.aureus_domain4
16578,tmRNA,train,23s_S.aureus_domain6
16579,tmRNA,train,23s_T.thermophilus_domain3
16580,tmRNA,train,23s_T.thermophilus_domain4
16581,tmRNA,train,23s_T.thermophilus_domain6
16582,tmRNA,train,23s_B.subtilis_domain3
16583,tmRNA,train,23s_B.subtilis_domain4
16584,tmRNA,train,23s_B.subtilis_domain6
16585,tmRNA,train,23s_E.coli_domain3
16586,tmRNA,train,23s_E.coli_domain4
16587,tmRNA,train,23s_E.coli_domain6
16588,tmRNA,train,23s_H.pylori_domain3
16589,tmRNA,train,23s_H.pylori_domain4
16590,tmRNA,train,23s_H.pylori_domain6
16591,tmRNA,train,23s_S.aureus_domain3
16592,tmRNA,train,23s_S.aureus_domain4
16593,tmRNA,train,23s_S.aureus_domain6
16594,tmRNA,train,23s_T.thermophilus_domain3
16595,tmRNA,train,23s_T.thermophilus_domain4
16596,tmRNA,train,23s_T.thermophilus_domain6
16597,tmRNA,train,23s_B.subtilis_domain3
16598,tmRNA,train,23s_B.subtilis_domain4
16599,tmRNA,train,23s_B.subtilis_domain6
16600,tmRNA,train,23s_E.coli_domain3
16601,tmRNA,train,23s_E.coli_domain4
16602,tmRNA,train,5s_Anaplasma-phagocytophilum-1
16603,tmRNA,train,5s_Andrias-davidianus-1
16604,tmRNA,train,5s_Andrias-japonicus-1
16605,tmRNA,train,5s_Ascaris-suum-1
16606,tmRNA,train,5s_Ascobolus-immersus-1
16607,tmRNA,train,5s_Ascobolus-immersus-4
16608,tmRNA,train,5s_Asterias-vulgaris-1
16609,tmRNA,train,5s_Aurelia_aurita-1
16610,tmRNA,train,5s_Azospirillum-lipoferum-1
16611,tmRNA,train,5s_Bacillus-amyloliquefaciens-1
16612,tmRNA,train,5s_Bacillus-subtilis-6
16613,tmRNA,train,5s_Bacteroides-capillosus-1
16614,tmRNA,train,5s_Bacteroides-fragilis-5
16615,tmRNA,train,5s_Bacteroides-thetaiotaomicron-1
16616,tmRNA,train,5s_Bacteroides-veroralis-1
16617,tmRNA,train,5s_Borrelia-burgdorferi-1
16618,tmRNA,train,5s_Brucella-suis-1
16619,tmRNA,train,5s_Buchnera-aphidicola-1
16620,tmRNA,train,5s_Buchnera-aphidicola-3
16621,tmRNA,train,5s_Bursaphelenchus-xylophilus-1
16622,tmRNA,train,5s_Caenorhabditis-elegans-3
16623,tmRNA,train,5s_Candida-azyma-1
16624,tmRNA,train,5s_Candidatus-Phytoplasma-asteris-1
16625,tmRNA,train,5s_Candidatus-Tremblaya-princeps-5
16626,tmRNA,train,5s_Candidatus-Tremblaya-princeps-6
16627,tmRNA,train,5s_Caulobacter-sp.-1
16628,tmRNA,train,5s_Caulobacter-sp.-4
16629,tmRNA,train,5s_Caulobacter-spinosum-1
16630,tmRNA,train,5s_Chlamydia-trachomatis-1
16631,tmRNA,train,5s_Chlamydomonas-reinhardtii-1
16632,tmRNA,train,5s_Chlamydomonas-reinhardtii-2
16633,tmRNA,train,5s_Chlorella-pyrenoidosa-1
16634,tmRNA,train,5s_Chlorobium-tepidum-1
16635,tmRNA,train,5s_Clostridium-acetobutylicum-3
16636,tmRNA,train,5s_Clostridium-pasteurianum-1
16637,tmRNA,train,5s_Coleochaete-scutata-1
16638,tmRNA,train,5s_Coxiella-burnetii-1
16639,tmRNA,train,5s_Coxiella-burnetii-2
16640,tmRNA,train,5s_Cryptococcus-laurentii-1
16641,tmRNA,train,5s_Cryptomonas-paramecium-1
16642,tmRNA,train,5s_Cyanidium-caldarium-1
16643,tmRNA,train,5s_Dehalococcoides-ethenogenes-1
16644,tmRNA,train,5s_Deinococcus-radiodurans-1
16645,tmRNA,train,5s_Deinococcus-radiophilus-1
16646,tmRNA,train,5s_Desulfurococcus-mobilis-1
16647,tmRNA,train,5s_Diatoma-tenue-1
16648,tmRNA,train,5s_Distigma-proteus-1
16649,tmRNA,train,5s_Drosophila-melanogaster-2
16650,tmRNA,train,5s_Ehrlichia-ruminantium-1
16651,tmRNA,train,5s_Emericella-nidulans-4
16652,tmRNA,train,5s_Emericella-nidulans-5
16653,tmRNA,train,5s_Erythromicrobium-ezovicum-1
16654,tmRNA,train,5s_Erythromicrobium-hydrolyticum-1
16655,tmRNA,train,5s_Erythromicrobium-ramosum-1
16656,tmRNA,train,5s_Euplotes-aediculatus-1
16657,tmRNA,train,5s_Filobasidiella-depauperata-1
16658,tmRNA,train,5s_Finegoldia-magna-2
16659,tmRNA,train,5s_Flectobacillus-major-1
16660,tmRNA,train,5s_Frankia-sp.-1
16661,tmRNA,train,5s_Fusarium-culmorum-6
16662,tmRNA,train,5s_Fusarium-lunulosporum-10
16663,tmRNA,train,5s_Fusarium-pseudograminearum-3
16664,tmRNA,train,5s_Fusarium-sporotrichioides-1
16665,tmRNA,train,5s_Fusobacterium-nucleatum-5
16666,tmRNA,train,5s_Gemm_obscuB
16667,tmRNA,train,5s_Genistelloides-hibernus-1
16668,tmRNA,train,5s_Geobacillus-kaustophilus-7
16669,tmRNA,train,5s_Geobacillus-stearothermophilus-4
16670,tmRNA,train,5s_Geodermatophilus-obscurus-1
16671,tmRNA,train,5s_Gracilaria-compressa-2
16672,tmRNA,train,5s_Halobacterium-sp.-2
16673,tmRNA,train,5s_Halococcus-morrhuae-2
16674,tmRNA,train,5s_Halorubrum-distributum-3
16675,tmRNA,train,5s_Halorubrum-saccharovorum-1
16676,tmRNA,train,5s_Halorubrum-terrestre-1
16677,tmRNA,train,5s_Halorubrum-terrestre-2
16678,tmRNA,train,5s_Hyphomicrobium-sp.-4
16679,tmRNA,train,5s_Hyphomicrobium-vulgare-1
16680,tmRNA,train,5s_Hyphomonas-oligotropha-1
16681,tmRNA,train,5s_Isosphaera-pallida-1
16682,tmRNA,train,5s_Klebsormidium-flaccidum-1
16683,tmRNA,train,5s_Lactobacillus-delbrueckii-1
16684,tmRNA,train,5s_Lactobacillus-johnsonii-1
16685,tmRNA,train,5s_Lactococcus-lactis-2
16686,tmRNA,train,5s_Lactococcus-lactis-4
16687,tmRNA,train,5s_Limulus-polyphemus-1
16688,tmRNA,train,5s_Loofah-witches-broom-phytoplasma-1
16689,tmRNA,train,5s_Meloidogyne-arenaria-2
16690,tmRNA,train,5s_Meloidogyne-artiellia-1
16691,tmRNA,train,5s_Methanobrevibacter-ruminantium-1
16692,tmRNA,train,5s_Methanococcus-maripaludis-1
16693,tmRNA,train,5s_Methanopyrus-kandleri-1
16694,tmRNA,train,5s_Methanosarcina-barkeri-1
16695,tmRNA,train,5s_Methanosarcina-mazei-2
16696,tmRNA,train,5s_Methanosarcina-vacuolata-1
16697,tmRNA,train,5s_Methanospirillum-hungatei-1
16698,tmRNA,train,5s_Methanothermobacter-thermautotrophicus-1
16699,tmRNA,train,5s_Methanothermobacter-thermautotrophicus-5
16700,tmRNA,train,5s_Methanothermobacter-thermautotrophicus-6
16701,tmRNA,train,5s_Methanothermococcus-thermolithotrophicus-1
16702,tmRNA,train,5s_Microtetraspora-glauca-1
16703,tmRNA,train,5s_Mycoplasma-flocculare-1
16704,tmRNA,train,5s_Mycoplasma-gallisepticum-4
16705,tmRNA,train,5s_Mycoplasma-genitalium-1
16706,tmRNA,train,5s_Mycoplasma-mobile-1
16707,tmRNA,train,5s_Mycoplasma-pulmonis-1
16708,tmRNA,train,5s_Mycoplasma-sp.-2
16709,tmRNA,train,5s_Myxococcus-coralloides-1
16710,tmRNA,train,5s_Nanoarchaeum-equitans-1
16711,tmRNA,train,5s_Natrinema-sp.-1
16712,tmRNA,train,5s_Nephila-clavipes-1
16713,tmRNA,train,5s_Neurospora-crassa-11
16714,tmRNA,train,5s_Neurospora-crassa-12
16715,tmRNA,train,5s_Neurospora-intermedia-1
16716,tmRNA,train,5s_Nitrobacter-winogradskyi-1
16717,tmRNA,train,5s_Nocardia-farcinica-1
16718,tmRNA,train,5s_Notophthalmus-viridescens-1
16719,tmRNA,train,5s_Oceanobacillus-iheyensis-4
16720,tmRNA,train,5s_Octopus-vulgaris-1
16721,tmRNA,train,5s_Onchocerca-volvulus-1
16722,tmRNA,train,5s_Oryza-sativa-2
16723,tmRNA,train,5s_Paenibacillus-popilliae-1
16724,tmRNA,train,5s_Palmaria-palmata-1
16725,tmRNA,train,5s_Paracentrotus-lividus-2
16726,tmRNA,train,5s_Paramecium-tetraurelia-1
16727,tmRNA,train,5s_Pedobacter-heparinus-1
16728,tmRNA,train,5s_Pichia-membranifaciens-1
16729,tmRNA,train,5s_Planocera-reticulata-1
16730,tmRNA,train,5s_Plasmodium-falciparum-1
16731,tmRNA,train,5s_Pleurodeles-waltl-1
16732,tmRNA,train,5s_Pneumocystis-carinii-1
16733,tmRNA,train,5s_Porphyra-yezoensis-1
16734,tmRNA,train,5s_Porphyromonas-gingivalis-2
16735,tmRNA,train,5s_Proasellus-coxalis-1
16736,tmRNA,train,5s_Pseudomonas-stutzeri-2
16737,tmRNA,train,5s_Pyrenophora-graminea-1
16738,tmRNA,train,5s_Pyrococcus-abyssi-1
16739,tmRNA,train,5s_Pyrococcus-horikoshii-2
16740,tmRNA,train,5s_Ralstonia-solanacearum-2
16741,tmRNA,train,5s_Rana-pipiens-1
16742,tmRNA,train,5s_Rhodobacter-capsulatus-3
16743,tmRNA,train,5s_Rhodobacter-sphaeroides-1
16744,tmRNA,train,5s_Rhodobacter-sphaeroides-3
16745,tmRNA,train,5s_Rhodococcus-fascians-2
16746,tmRNA,train,5s_Rhodopirellula-baltica-1
16747,tmRNA,train,5s_Rickettsia-prowazekii-1
16748,tmRNA,train,5s_Roseococcus-thiosulfatophilus-1
16749,tmRNA,train,5s_Roseococcus-thiosulfatophilus-2
16750,tmRNA,train,5s_Saccharomyces-cerevisiae-3
16751,tmRNA,train,5s_Sandaracinobacter-sibiricus-1
16752,tmRNA,train,5s_Saprospira-grandis-1
16753,tmRNA,train,5s_Scenedesmus-obliquus-1
16754,tmRNA,train,5s_Silicibacter-pomeroyi-1
16755,tmRNA,train,5s_Sphingomonas-ursincola-1
16756,tmRNA,train,5s_Spirogyra-sp.-1
16757,tmRNA,train,5s_Spirosoma-sp.-1
16758,tmRNA,train,5s_Sterkiella-nova-1
16759,tmRNA,train,5s_Streptococcus-pyogenes-4
16760,tmRNA,train,5s_Streptococcus-salivarius-1
16761,tmRNA,train,5s_Streptomyces-coelicolor-5
16762,tmRNA,train,5s_Streptomyces-nodosus-2
16763,tmRNA,train,5s_Streptomyces-violaceus-1
16764,tmRNA,train,5s_Sulfolobus-tokodaii-1
16765,tmRNA,train,5s_Sulfurococcus-mirabilis-1
16766,tmRNA,train,5s_Symbiobacterium-thermophilum-3
16767,tmRNA,train,5s_Symbiobacterium-thermophilum-4
16768,tmRNA,train,5s_T_cruziE
16769,tmRNA,train,5s_Taxus-baccata-1
16770,tmRNA,train,5s_Thermomicrobium-roseum-1
16771,tmRNA,train,5s_Thermoplasma-volcanium-1
16772,tmRNA,train,5s_Thermotoga-sp.-3
16773,tmRNA,train,5s_Thermus-aquaticus-1
16774,tmRNA,train,5s_Thiobacillus-thioparus-1
16775,tmRNA,train,5s_Thraustochytrium-visurgense-2
16776,tmRNA,train,5s_Tilletiaria-anomala-1
16777,tmRNA,train,5s_Toxoplasma-gondii-2
16778,tmRNA,train,5s_Tremella-mesenterica-1
16779,tmRNA,train,5s_Tremella-mesenterica-2
16780,tmRNA,train,5s_Tricharina-hiemalis-1
16781,tmRNA,train,5s_Trichoplax-adhaerens-1
16782,tmRNA,train,5s_Triticum-aestivum-1
16783,tmRNA,train,5s_Tuberoidobacter-mutans-1
16784,tmRNA,train,5s_Ulva-pertusa-1
16785,tmRNA,train,5s_Ureaplasma-urealyticum-3
16786,tmRNA,train,5s_Uthatobasidium-fusisporum-1
16787,tmRNA,train,5s_Verrucomicrobium-spinosum-1
16788,tmRNA,train,5s_Vibrio-nereis-1
16789,tmRNA,train,5s_Vitreoscilla-stercoraria-1
16790,tmRNA,train,5s_Weissella-viridescens-2
16791,tmRNA,train,5s_Wigglesworthia-glossinidia-1
16792,tmRNA,train,5s_Wolbachia-endosymbiont-of-D.-melanogaster-1
16793,tmRNA,train,5s_Wolbachia-pipientis-1
16794,tmRNA,train,5s_Wolinella-succinogenes-1
16795,tmRNA,train,5s_Wuchereria-bancrofti-1
16796,tmRNA,train,5s_Xenopus-borealis-3
16797,tmRNA,train,5s_Xenopus-laevis-5
16798,tmRNA,train,5s_Xenopus-tropicalis-2
16799,tmRNA,train,5s_Xylella-fastidiosa-2
16800,tmRNA,train,5s_Zymomonas-mobilis-1
16801,tmRNA,train,5s_uncultured-euryarchaeote-37F11-1
16802,tmRNA,train,RNaseP_A.brierleyi
16803,tmRNA,train,RNaseP_A.erythreum
16804,tmRNA,train,RNaseP_A.eutrophus
16805,tmRNA,train,RNaseP_A.laidlawii
16806,tmRNA,train,RNaseP_A.nidulans
16807,tmRNA,train,RNaseP_A.pernix
16808,tmRNA,train,RNaseP_A.telluris
16809,tmRNA,train,RNaseP_Anabaena-PCC7120
16810,tmRNA,train,RNaseP_B.anthracis
16811,tmRNA,train,RNaseP_B.brevis
16812,tmRNA,train,RNaseP_B.bronchiseptica
16813,tmRNA,train,RNaseP_B.burgdorferi-g
16814,tmRNA,train,RNaseP_B.pertussis
16815,tmRNA,train,RNaseP_B.thetaiotaomicron
16816,tmRNA,train,RNaseP_Buchnera-APS
16817,tmRNA,train,RNaseP_C.acetobutylicum
16818,tmRNA,train,RNaseP_C.crescentus
16819,tmRNA,train,RNaseP_C.diphtheriae
16820,tmRNA,train,RNaseP_C.innocuum
16821,tmRNA,train,RNaseP_C.jejuni
16822,tmRNA,train,RNaseP_C.opuntiae
16823,tmRNA,train,RNaseP_C.paradoxa-cyanelle
16824,tmRNA,train,RNaseP_C.pneumoniae-CWL029
16825,tmRNA,train,RNaseP_C.psittaci-2
16826,tmRNA,train,RNaseP_C.psittaci-R54
16827,tmRNA,train,RNaseP_C.tepidum-g
16828,tmRNA,train,RNaseP_C.trachomatis-D
16829,tmRNA,train,RNaseP_CPA49
16830,tmRNA,train,RNaseP_CPA56
16831,tmRNA,train,RNaseP_CPA58
16832,tmRNA,train,RNaseP_CPA59
16833,tmRNA,train,RNaseP_CPA61
16834,tmRNA,train,RNaseP_CPA62
16835,tmRNA,train,RNaseP_CPB144
16836,tmRNA,train,RNaseP_CPB149
16837,tmRNA,train,RNaseP_CPB69
16838,tmRNA,train,RNaseP_CPB70
16839,tmRNA,train,RNaseP_CPB7776
16840,tmRNA,train,RNaseP_Calothrix-PCC7601
16841,tmRNA,train,RNaseP_D.jeanneae
16842,tmRNA,train,RNaseP_D.radiodurans
16843,tmRNA,train,RNaseP_D.radiodurans-g
16844,tmRNA,train,RNaseP_Dermocarpa-PCC7437
16845,tmRNA,train,RNaseP_E.thermomarinus
16846,tmRNA,train,RNaseP_EM14b-11
16847,tmRNA,train,RNaseP_EM14b-9
16848,tmRNA,train,RNaseP_ESH183D
16849,tmRNA,train,RNaseP_ESH212C
16850,tmRNA,train,RNaseP_ESH26-4
16851,tmRNA,train,RNaseP_ESH30-3
16852,tmRNA,train,RNaseP_ESH46a-1
16853,tmRNA,train,RNaseP_ESH7-4
16854,tmRNA,train,RNaseP_G.sulfurreducens
16855,tmRNA,train,RNaseP_H.aurantiacus
16856,tmRNA,train,RNaseP_H.chlorum-partial
16857,tmRNA,train,RNaseP_H.influenza
16858,tmRNA,train,RNaseP_H.mobilis
16859,tmRNA,train,RNaseP_H.morrhuae
16860,tmRNA,train,RNaseP_H.pylori-RU1
16861,tmRNA,train,RNaseP_H.sapiens
16862,tmRNA,train,RNaseP_H.trapanicum
16863,tmRNA,train,RNaseP_H.volcanii
16864,tmRNA,train,RNaseP_Halobacterium-NRC1
16865,tmRNA,train,RNaseP_K.polysporus
16866,tmRNA,train,RNaseP_K.thermotolerans
16867,tmRNA,train,RNaseP_L.acidophilus
16868,tmRNA,train,RNaseP_L.ferrooxidans-MK
16869,tmRNA,train,RNaseP_L.weilii
16870,tmRNA,train,RNaseP_LGA1
16871,tmRNA,train,RNaseP_LGA2
16872,tmRNA,train,RNaseP_LGA6
16873,tmRNA,train,RNaseP_LGB21
16874,tmRNA,train,RNaseP_LGB23
16875,tmRNA,train,RNaseP_LGB27
16876,tmRNA,train,RNaseP_LGB5
16877,tmRNA,train,RNaseP_LGW113
16878,tmRNA,train,RNaseP_LGW116
16879,tmRNA,train,RNaseP_LGW17
16880,tmRNA,train,RNaseP_LGW46
16881,tmRNA,train,RNaseP_M.barkeri
16882,tmRNA,train,RNaseP_M.capricolum
16883,tmRNA,train,RNaseP_M.fermentans
16884,tmRNA,train,RNaseP_M.hyopneumoniae
16885,tmRNA,train,RNaseP_M.pneumoniae
16886,tmRNA,train,RNaseP_M.thermoautotrphicumMarb
16887,tmRNA,train,RNaseP_M.tuberculosis-g
16888,tmRNA,train,RNaseP_M.vannielli
16889,tmRNA,train,RNaseP_Mxa1
16890,tmRNA,train,RNaseP_N.europaea
16891,tmRNA,train,RNaseP_N.gregoryi
16892,tmRNA,train,RNaseP_N.jensenii
16893,tmRNA,train,RNaseP_N.olivacea-chloroplast
16894,tmRNA,train,RNaseP_N.plantarum
16895,tmRNA,train,RNaseP_N.pyridinolyticus
16896,tmRNA,train,RNaseP_Nocardiodes-ATCC39419
16897,tmRNA,train,RNaseP_Nostoc-PCC7413
16898,tmRNA,train,RNaseP_Onchorhynchus-2
16899,tmRNA,train,RNaseP_Oscillatoria-PCC7515
16900,tmRNA,train,RNaseP_P.acanthamoebae
16901,tmRNA,train,RNaseP_P.canadensis
16902,tmRNA,train,RNaseP_P.cultripes
16903,tmRNA,train,RNaseP_P.gingivalis
16904,tmRNA,train,RNaseP_P.guilliermondii
16905,tmRNA,train,RNaseP_P.hollandica
16906,tmRNA,train,RNaseP_P.innocua
16907,tmRNA,train,RNaseP_P.marinus-2
16908,tmRNA,train,RNaseP_P.mississippiensis
16909,tmRNA,train,RNaseP_P.purpurea-chloroplast
16910,tmRNA,train,RNaseP_P.staleyi
16911,tmRNA,train,RNaseP_P.strasburgensis
16912,tmRNA,train,RNaseP_P.troglodytes
16913,tmRNA,train,RNaseP_PF101
16914,tmRNA,train,RNaseP_PS2
16915,tmRNA,train,RNaseP_PS24
16916,tmRNA,train,RNaseP_PS26
16917,tmRNA,train,RNaseP_PS31
16918,tmRNA,train,RNaseP_PS6
16919,tmRNA,train,RNaseP_PS8
16920,tmRNA,train,RNaseP_Prochlorococcus-NATL2
16921,tmRNA,train,RNaseP_Pseudoanabaena-PCC6903
16922,tmRNA,train,RNaseP_R.americana-mito
16923,tmRNA,train,RNaseP_R.capsulatus
16924,tmRNA,train,RNaseP_R.norvegicus
16925,tmRNA,train,RNaseP_R.palustris
16926,tmRNA,train,RNaseP_R.prowazekii
16927,tmRNA,train,RNaseP_R.rubrum
16928,tmRNA,train,RNaseP_Rr327
16929,tmRNA,train,RNaseP_Rr368
16930,tmRNA,train,RNaseP_S.acidocaldarius
16931,tmRNA,train,RNaseP_S.aureus
16932,tmRNA,train,RNaseP_S.castellii
16933,tmRNA,train,RNaseP_S.dairensis
16934,tmRNA,train,RNaseP_S.epidermidis
16935,tmRNA,train,RNaseP_S.faciem
16936,tmRNA,train,RNaseP_S.fibuligera
16937,tmRNA,train,RNaseP_S.globosus
16938,tmRNA,train,RNaseP_S.kluyveri
16939,tmRNA,train,RNaseP_S.lividans
16940,tmRNA,train,RNaseP_S.negevensis
16941,tmRNA,train,RNaseP_S.pastorianus
16942,tmRNA,train,RNaseP_S.polymorpha
16943,tmRNA,train,RNaseP_S.pombe
16944,tmRNA,train,RNaseP_S.pyogenes
16945,tmRNA,train,RNaseP_S.servazzii
16946,tmRNA,train,RNaseP_S.solfataricus
16947,tmRNA,train,RNaseP_S.solfataricus-P2
16948,tmRNA,train,RNaseP_S.unisporus
16949,tmRNA,train,RNaseP_S.uvarum
16950,tmRNA,train,RNaseP_S.versatilis
16951,tmRNA,train,RNaseP_SL1-1
16952,tmRNA,train,RNaseP_SL2D
16953,tmRNA,train,RNaseP_SLC
16954,tmRNA,train,RNaseP_SM-A01
16955,tmRNA,train,RNaseP_SM-A06
16956,tmRNA,train,RNaseP_SM-A1315
16957,tmRNA,train,RNaseP_SM-A1621
16958,tmRNA,train,RNaseP_SM-A2135
16959,tmRNA,train,RNaseP_SM-A2539
16960,tmRNA,train,RNaseP_SM-A3048
16961,tmRNA,train,RNaseP_SM-A3254
16962,tmRNA,train,RNaseP_SM-A5584
16963,tmRNA,train,RNaseP_SM-A5888
16964,tmRNA,train,RNaseP_SM-A6296
16965,tmRNA,train,RNaseP_SMB-A3
16966,tmRNA,train,RNaseP_SMB-A5
16967,tmRNA,train,RNaseP_SMB-B1
16968,tmRNA,train,RNaseP_SMB-B2
16969,tmRNA,train,RNaseP_SMB-B3
16970,tmRNA,train,RNaseP_SMB-B4
16971,tmRNA,train,RNaseP_Saccharomonospora-K180
16972,tmRNA,train,RNaseP_Synechococcus-PCC6717
16973,tmRNA,train,RNaseP_Synechococcus-PCC7003
16974,tmRNA,train,RNaseP_Synechococcus-PCC7942
16975,tmRNA,train,RNaseP_Synechocystis-PCC6308
16976,tmRNA,train,RNaseP_Synechocystis-PCC6803
16977,tmRNA,train,RNaseP_T.album
16978,tmRNA,train,RNaseP_T.celerAL1
16979,tmRNA,train,RNaseP_T.commune
16980,tmRNA,train,RNaseP_T.delbrueckii
16981,tmRNA,train,RNaseP_T.littoralis
16982,tmRNA,train,RNaseP_T.pallidum
16983,tmRNA,train,RNaseP_T.roseum
16984,tmRNA,train,RNaseP_T.syrichta
16985,tmRNA,train,RNaseP_T.thermophilus
16986,tmRNA,train,RNaseP_T.thioparus
16987,tmRNA,train,RNaseP_T.tumescens
16988,tmRNA,train,RNaseP_T.volcanum
16989,tmRNA,train,RNaseP_U.stansburiana
16990,tmRNA,train,RNaseP_U.urealyticum
16991,tmRNA,train,RNaseP_V.cholera
16992,tmRNA,train,RNaseP_V.spinosum
16993,tmRNA,train,RNaseP_W.fluorescens
16994,tmRNA,train,RNaseP_Wolbachia-sp
16995,tmRNA,train,RNaseP_X.fastidiosa
16996,tmRNA,train,RNaseP_Y.pestis
16997,tmRNA,train,RNaseP_Z.bailii
16998,tmRNA,train,RNaseP_Z.florentinus
16999,tmRNA,train,RNaseP_Z.rouxii
17000,tmRNA,train,RNaseP_vHge2
17001,tmRNA,train,RNaseP_vHge3-5
17002,tmRNA,train,grp1_a.I1.b.Dermocarpa.sp.ATCC29371.C3.tMET
17003,tmRNA,train,grp1_a.I1.b.Phormidium.sp.N182.C3.tLEU
17004,tmRNA,train,grp1_a.I1.b.S.hofmanii.C3.tMET
17005,tmRNA,train,grp1_a.I1.b.Synechococcus.sp2.C3.tLEU
17006,tmRNA,train,grp1_a.I1.c.A.cherimola.C3.tLEU
17007,tmRNA,train,grp1_a.I1.c.G.prostrata.C3.tLEU
17008,tmRNA,train,grp1_a.I1.c.S.bicolor.C3.tLEU
17009,tmRNA,train,grp1_a.I1.e.A.adeninivorans.C1.LSU.2449
17010,tmRNA,train,grp1_a.I1.e.A.capsulatus.CBS213.53.C1.SSU.943
17011,tmRNA,train,grp1_a.I1.e.A.capsulatus.FLs1.C1.SSU
17012,tmRNA,train,grp1_a.I1.e.A.capsulatus.G184B.C1.SSU
17013,tmRNA,train,grp1_a.I1.e.A.capsulatus.G186B.C1.SSU
17014,tmRNA,train,grp1_a.I1.e.A.stipitatus.C1.SSU.1046
17015,tmRNA,train,grp1_a.I1.e.B.ciliata.JCM6865.C1.SSU.1506
17016,tmRNA,train,grp1_a.I1.e.B.ciliata.JCM6865.C1.SSU.943
17017,tmRNA,train,grp1_a.I1.e.B.yamatoana.JCM2896.C1.SSU.1506
17018,tmRNA,train,grp1_a.I1.e.B.yamatoana.JCM2896.C1.SSU.943
17019,tmRNA,train,grp1_a.I1.e.C.ellipsoidea.211-1a.C1.SSU.1506
17020,tmRNA,train,grp1_a.I1.e.C.ellipsoidea.IAMC-87.C1.SSU.1506
17021,tmRNA,train,grp1_a.I1.e.C.grayi.UNK.SSU.1046
17022,tmRNA,train,grp1_a.I1.e.C.grayi.UNK.SSU.1516
17023,tmRNA,train,grp1_a.I1.e.C.merochlorophea.UNK.SSU.1046
17024,tmRNA,train,grp1_a.I1.e.C.merochlorophea.UNK.SSU.1210
17025,tmRNA,train,grp1_a.I1.e.C.merochlorophea.UNK.SSU.1389
17026,tmRNA,train,grp1_a.I1.e.C.merochlorophea.UNK.SSU.1516
17027,tmRNA,train,grp1_a.I1.e.C.saccatum.C1.SSU.1512
17028,tmRNA,train,grp1_a.I1.e.C.saxonicum.C1.SSU.1506
17029,tmRNA,train,grp1_a.I1.e.D.parva.C1.SSU.1512
17030,tmRNA,train,grp1_a.I1.e.D.parva.C1.SSU.943
17031,tmRNA,train,grp1_a.I1.e.D.salina.C1.SSU.943
17032,tmRNA,train,grp1_a.I1.e.E.dermatitidis.C1.SSU.943
17033,tmRNA,train,grp1_a.I1.e.G.planctonica.C1.SSU.943
17034,tmRNA,train,grp1_a.I1.e.G.spirotaenia.C1.SSU.1506
17035,tmRNA,train,grp1_a.I1.e.L.dispersa.UNK.SSU.1046
17036,tmRNA,train,grp1_a.I1.e.L.dispersa.UNK.SSU.114
17037,tmRNA,train,grp1_a.I1.e.L.dispersa.UNK.SSU.1210
17038,tmRNA,train,grp1_a.I1.e.L.dispersa.UNK.SSU.1516
17039,tmRNA,train,grp1_a.I1.e.L.dispersa.UNK.SSU.287
17040,tmRNA,train,grp1_a.I1.e.L.dispersa.UNK.SSU.516
17041,tmRNA,train,grp1_a.I1.e.L.dispersa.UNK.SSU.789
17042,tmRNA,train,grp1_a.I1.e.M.caldariorum.C1.SSU.1506
17043,tmRNA,train,grp1_a.I1.e.P.carinii.C1.SSU.1506
17044,tmRNA,train,grp1_a.I1.e.P.carinii.Pc1.C1.LSU.1921
17045,tmRNA,train,grp1_a.I1.e.P.carinii.Pc2.C1.LSU.1921
17046,tmRNA,train,grp1_a.I1.e.P.carinii.Pc3.C1.LSU.1921
17047,tmRNA,train,grp1_a.I1.e.P.clavariiformis.C1.SSU.943
17048,tmRNA,train,grp1_a.I1.e.P.inouyei.C1.SSU.1506
17049,tmRNA,train,grp1_a.I1.e.P.inouyei.C1.SSU.943
17050,tmRNA,train,grp1_a.I1.e.P.macrosporus.C1.SSU.1506
17051,tmRNA,train,grp1_a.I1.e.P.macrosporus.C1.SSU.943
17052,tmRNA,train,grp1_a.I1.e.P.pachydermus.C1.SSU.943
17053,tmRNA,train,grp1_a.I1.e.P.sarcinoidea.C1.SSU.943
17054,tmRNA,train,grp1_a.I1.e.S.granulatum.C1.SSU.1506
17055,tmRNA,train,grp1_a.I1.e.S.paniceum.UNK.SSU.1052
17056,tmRNA,train,grp1_a.I1.e.S.paniceum.UNK.SSU.114
17057,tmRNA,train,grp1_a.I1.e.S.paniceum.UNK.SSU.1210
17058,tmRNA,train,grp1_a.I1.e.S.paniceum.UNK.SSU.1506
17059,tmRNA,train,grp1_a.I1.e.S.paniceum.UNK.SSU.287
17060,tmRNA,train,grp1_a.I1.e.S.sclerotiorum_1837.C1.LSU.798
17061,tmRNA,train,grp1_a.I1.e.Staurastrum.sp.M752.C1.SSU.1506
17062,tmRNA,train,grp1_a.I1.e.Staurastrum.sp.M753.C1.SSU.1506
17063,tmRNA,train,grp1_a.I1.e.T.cosmopolitanis.C1.LSU.1925
17064,tmRNA,train,grp1_a.I1.e.T.hyperangularis.C1.LSU.1925
17065,tmRNA,train,grp1_a.I1.e.T.malaccensis.C1.LSU.1925
17066,tmRNA,train,grp1_a.I1.e.T.pigmentosa.C1.LSU.1925
17067,tmRNA,train,grp1_a.I1.e.U.maydis.C1.SSU.943
17068,tmRNA,train,grp1_a.I1.m.M.grisea.B2.ND1
17069,tmRNA,train,grp1_a.I1.m.S.luteus.A1.LSU.2504
17070,tmRNA,train,grp1_a.I1.m.S.pombe.B1.OX1
17071,tmRNA,train,grp1_b.I1.e.C.saccharophila.C1.SSU.156
17072,tmRNA,train,grp1_b.I1.e.M.anisopliae.2.C1.LSU.1921
17073,tmRNA,train,grp1_b.I1.e.M.anisopliae.3.C1.LSU.1921
17074,tmRNA,train,grp1_b.I1.e.T.thermophila.C1.LSU.1925
17075,tmRNA,train,grp1_s.I1.e.T.thermophila.C1.LSU.1925.schem
17076,tmRNA,train,grp1_a.I1.b.Dermocarpa.sp.ATCC29371.C3.tMET
17077,tmRNA,train,grp1_a.I1.b.Phormidium.sp.N182.C3.tLEU
17078,tmRNA,train,grp1_a.I1.b.S.hofmanii.C3.tMET
17079,tmRNA,train,grp1_a.I1.b.Synechococcus.sp2.C3.tLEU
17080,tmRNA,train,grp1_a.I1.c.A.cherimola.C3.tLEU
17081,tmRNA,train,grp1_a.I1.c.G.prostrata.C3.tLEU
17082,tmRNA,train,grp1_a.I1.c.S.bicolor.C3.tLEU
17083,tmRNA,train,grp1_a.I1.e.A.adeninivorans.C1.LSU.2449
17084,tmRNA,train,grp1_a.I1.e.A.capsulatus.CBS213.53.C1.SSU.943
17085,tmRNA,train,grp1_a.I1.e.A.capsulatus.FLs1.C1.SSU
17086,tmRNA,train,grp1_a.I1.e.A.capsulatus.G184B.C1.SSU
17087,tmRNA,train,grp1_a.I1.e.A.capsulatus.G186B.C1.SSU
17088,tmRNA,train,grp1_a.I1.e.A.stipitatus.C1.SSU.1046
17089,tmRNA,train,grp1_a.I1.e.B.ciliata.JCM6865.C1.SSU.1506
17090,tmRNA,train,grp1_a.I1.e.B.ciliata.JCM6865.C1.SSU.943
17091,tmRNA,train,grp1_a.I1.e.B.yamatoana.JCM2896.C1.SSU.1506
17092,tmRNA,train,grp1_a.I1.e.B.yamatoana.JCM2896.C1.SSU.943
17093,tmRNA,train,grp1_a.I1.e.C.ellipsoidea.211-1a.C1.SSU.1506
17094,tmRNA,train,grp1_a.I1.e.C.ellipsoidea.IAMC-87.C1.SSU.1506
17095,tmRNA,train,grp1_a.I1.e.C.grayi.UNK.SSU.1046
17096,tmRNA,train,grp1_a.I1.e.C.grayi.UNK.SSU.1516
17097,tmRNA,train,grp1_a.I1.e.C.merochlorophea.UNK.SSU.1046
17098,tmRNA,train,grp1_a.I1.e.C.merochlorophea.UNK.SSU.1210
17099,tmRNA,train,grp1_a.I1.e.C.merochlorophea.UNK.SSU.1389
17100,tmRNA,train,grp1_a.I1.e.C.merochlorophea.UNK.SSU.1516
17101,tmRNA,train,grp1_a.I1.e.C.saccatum.C1.SSU.1512
17102,tmRNA,train,grp1_a.I1.e.C.saxonicum.C1.SSU.1506
17103,tmRNA,train,grp1_a.I1.e.D.parva.C1.SSU.1512
17104,tmRNA,train,grp1_a.I1.e.D.parva.C1.SSU.943
17105,tmRNA,train,grp1_a.I1.e.D.salina.C1.SSU.943
17106,tmRNA,train,grp1_a.I1.e.E.dermatitidis.C1.SSU.943
17107,tmRNA,train,grp1_a.I1.e.G.planctonica.C1.SSU.943
17108,tmRNA,train,grp1_a.I1.e.G.spirotaenia.C1.SSU.1506
17109,tmRNA,train,grp1_a.I1.e.L.dispersa.UNK.SSU.1046
17110,tmRNA,train,grp1_a.I1.e.L.dispersa.UNK.SSU.114
17111,tmRNA,train,grp1_a.I1.e.L.dispersa.UNK.SSU.1210
17112,tmRNA,train,grp1_a.I1.e.L.dispersa.UNK.SSU.1516
17113,tmRNA,train,grp1_a.I1.e.L.dispersa.UNK.SSU.287
17114,tmRNA,train,grp1_a.I1.e.L.dispersa.UNK.SSU.516
17115,tmRNA,train,grp1_a.I1.e.L.dispersa.UNK.SSU.789
17116,tmRNA,train,grp1_a.I1.e.M.caldariorum.C1.SSU.1506
17117,tmRNA,train,grp1_a.I1.e.P.carinii.C1.SSU.1506
17118,tmRNA,train,grp1_a.I1.e.P.carinii.Pc1.C1.LSU.1921
17119,tmRNA,train,grp1_a.I1.e.P.carinii.Pc2.C1.LSU.1921
17120,tmRNA,train,grp1_a.I1.e.P.carinii.Pc3.C1.LSU.1921
17121,tmRNA,train,grp1_a.I1.e.P.clavariiformis.C1.SSU.943
17122,tmRNA,train,grp1_a.I1.e.P.inouyei.C1.SSU.1506
17123,tmRNA,train,grp1_a.I1.e.P.inouyei.C1.SSU.943
17124,tmRNA,train,grp1_a.I1.e.P.macrosporus.C1.SSU.1506
17125,tmRNA,train,grp1_a.I1.e.P.macrosporus.C1.SSU.943
17126,tmRNA,train,grp1_a.I1.e.P.pachydermus.C1.SSU.943
17127,tmRNA,train,grp1_a.I1.e.P.sarcinoidea.C1.SSU.943
17128,tmRNA,train,grp1_a.I1.e.S.granulatum.C1.SSU.1506
17129,tmRNA,train,grp1_a.I1.e.S.paniceum.UNK.SSU.1052
17130,tmRNA,train,grp1_a.I1.e.S.paniceum.UNK.SSU.114
17131,tmRNA,train,grp1_a.I1.e.S.paniceum.UNK.SSU.1210
17132,tmRNA,train,grp1_a.I1.e.S.paniceum.UNK.SSU.1506
17133,tmRNA,train,grp1_a.I1.e.S.paniceum.UNK.SSU.287
17134,tmRNA,train,grp1_a.I1.e.S.sclerotiorum_1837.C1.LSU.798
17135,tmRNA,train,grp1_a.I1.e.Staurastrum.sp.M752.C1.SSU.1506
17136,tmRNA,train,grp1_a.I1.e.Staurastrum.sp.M753.C1.SSU.1506
17137,tmRNA,train,grp1_a.I1.e.T.cosmopolitanis.C1.LSU.1925
17138,tmRNA,train,grp1_a.I1.e.T.hyperangularis.C1.LSU.1925
17139,tmRNA,train,grp1_a.I1.e.T.malaccensis.C1.LSU.1925
17140,tmRNA,train,grp1_a.I1.e.T.pigmentosa.C1.LSU.1925
17141,tmRNA,train,grp1_a.I1.e.U.maydis.C1.SSU.943
17142,tmRNA,train,grp1_a.I1.m.M.grisea.B2.ND1
17143,tmRNA,train,grp1_a.I1.m.S.luteus.A1.LSU.2504
17144,tmRNA,train,grp1_a.I1.m.S.pombe.B1.OX1
17145,tmRNA,train,grp1_b.I1.e.C.saccharophila.C1.SSU.156
17146,tmRNA,train,grp1_b.I1.e.M.anisopliae.2.C1.LSU.1921
17147,tmRNA,train,grp1_b.I1.e.M.anisopliae.3.C1.LSU.1921
17148,tmRNA,train,grp1_b.I1.e.T.thermophila.C1.LSU.1925
17149,tmRNA,train,grp1_s.I1.e.T.thermophila.C1.LSU.1925.schem
17150,tmRNA,train,grp1_a.I1.b.Dermocarpa.sp.ATCC29371.C3.tMET
17151,tmRNA,train,grp1_a.I1.b.Phormidium.sp.N182.C3.tLEU
17152,tmRNA,train,grp1_a.I1.b.S.hofmanii.C3.tMET
17153,tmRNA,train,grp1_a.I1.b.Synechococcus.sp2.C3.tLEU
17154,tmRNA,train,grp1_a.I1.c.A.cherimola.C3.tLEU
17155,tmRNA,train,grp1_a.I1.c.G.prostrata.C3.tLEU
17156,tmRNA,train,grp1_a.I1.c.S.bicolor.C3.tLEU
17157,tmRNA,train,grp1_a.I1.e.A.adeninivorans.C1.LSU.2449
17158,tmRNA,train,grp1_a.I1.e.A.capsulatus.CBS213.53.C1.SSU.943
17159,tmRNA,train,grp1_a.I1.e.A.capsulatus.FLs1.C1.SSU
17160,tmRNA,train,grp1_a.I1.e.A.capsulatus.G184B.C1.SSU
17161,tmRNA,train,grp1_a.I1.e.A.capsulatus.G186B.C1.SSU
17162,tmRNA,train,grp1_a.I1.e.A.stipitatus.C1.SSU.1046
17163,tmRNA,train,grp1_a.I1.e.B.ciliata.JCM6865.C1.SSU.1506
17164,tmRNA,train,grp1_a.I1.e.B.ciliata.JCM6865.C1.SSU.943
17165,tmRNA,train,grp1_a.I1.e.B.yamatoana.JCM2896.C1.SSU.1506
17166,tmRNA,train,grp1_a.I1.e.B.yamatoana.JCM2896.C1.SSU.943
17167,tmRNA,train,grp1_a.I1.e.C.ellipsoidea.211-1a.C1.SSU.1506
17168,tmRNA,train,grp1_a.I1.e.C.ellipsoidea.IAMC-87.C1.SSU.1506
17169,tmRNA,train,grp1_a.I1.e.C.grayi.UNK.SSU.1046
17170,tmRNA,train,grp1_a.I1.e.C.grayi.UNK.SSU.1516
17171,tmRNA,train,grp1_a.I1.e.C.merochlorophea.UNK.SSU.1046
17172,tmRNA,train,grp1_a.I1.e.C.merochlorophea.UNK.SSU.1210
17173,tmRNA,train,grp1_a.I1.e.C.merochlorophea.UNK.SSU.1389
17174,tmRNA,train,grp1_a.I1.e.C.merochlorophea.UNK.SSU.1516
17175,tmRNA,train,grp1_a.I1.e.C.saccatum.C1.SSU.1512
17176,tmRNA,train,grp1_a.I1.e.C.saxonicum.C1.SSU.1506
17177,tmRNA,train,grp1_a.I1.e.D.parva.C1.SSU.1512
17178,tmRNA,train,grp1_a.I1.e.D.parva.C1.SSU.943
17179,tmRNA,train,grp1_a.I1.e.D.salina.C1.SSU.943
17180,tmRNA,train,grp1_a.I1.e.E.dermatitidis.C1.SSU.943
17181,tmRNA,train,grp1_a.I1.e.G.planctonica.C1.SSU.943
17182,tmRNA,train,grp1_a.I1.e.G.spirotaenia.C1.SSU.1506
17183,tmRNA,train,grp1_a.I1.e.L.dispersa.UNK.SSU.1046
17184,tmRNA,train,grp1_a.I1.e.L.dispersa.UNK.SSU.114
17185,tmRNA,train,grp1_a.I1.e.L.dispersa.UNK.SSU.1210
17186,tmRNA,train,grp1_a.I1.e.L.dispersa.UNK.SSU.1516
17187,tmRNA,train,grp1_a.I1.e.L.dispersa.UNK.SSU.287
17188,tmRNA,train,grp1_a.I1.e.L.dispersa.UNK.SSU.516
17189,tmRNA,train,grp1_a.I1.e.L.dispersa.UNK.SSU.789
17190,tmRNA,train,grp1_a.I1.e.M.caldariorum.C1.SSU.1506
17191,tmRNA,train,grp1_a.I1.e.P.carinii.C1.SSU.1506
17192,tmRNA,train,grp1_a.I1.e.P.carinii.Pc1.C1.LSU.1921
17193,tmRNA,train,grp1_a.I1.e.P.carinii.Pc2.C1.LSU.1921
17194,tmRNA,train,grp1_a.I1.e.P.carinii.Pc3.C1.LSU.1921
17195,tmRNA,train,grp1_a.I1.e.P.clavariiformis.C1.SSU.943
17196,tmRNA,train,grp1_a.I1.e.P.inouyei.C1.SSU.1506
17197,tmRNA,train,grp1_a.I1.e.P.inouyei.C1.SSU.943
17198,tmRNA,train,grp1_a.I1.e.P.macrosporus.C1.SSU.1506
17199,tmRNA,train,grp1_a.I1.e.P.macrosporus.C1.SSU.943
17200,tmRNA,train,grp1_a.I1.e.P.pachydermus.C1.SSU.943
17201,tmRNA,train,grp1_a.I1.e.P.sarcinoidea.C1.SSU.943
17202,tmRNA,train,srp_Aero.pern._BA000002
17203,tmRNA,train,srp_Ajel.caps._CV620298
17204,tmRNA,train,srp_Anto.locu._GSP-278021
17205,tmRNA,train,srp_Asco.apis._GSP-392613
17206,tmRNA,train,srp_Ashb.goss._AE016819
17207,tmRNA,train,srp_Aspe.terr._GSP-341663
17208,tmRNA,train,srp_Babe.bige._GSP-5866
17209,tmRNA,train,srp_Baci.anth._AE017225
17210,tmRNA,train,srp_Baci.anth._AE017334
17211,tmRNA,train,srp_Baci.brev._D14472
17212,tmRNA,train,srp_Bart.quin._BX897700
17213,tmRNA,train,srp_Batr.dend._GSP-403673
17214,tmRNA,train,srp_Bdel.bact._BX842656
17215,tmRNA,train,srp_Bras.oler._GSP-109376
17216,tmRNA,train,srp_Camp.jeju._CP000025
17217,tmRNA,train,srp_Camp.jeju._CP000768
17218,tmRNA,train,srp_Cand.dubl._GSP-42374
17219,tmRNA,train,srp_Cand.glab._CR380957
17220,tmRNA,train,srp_Cand.trop._GSP-294747
17221,tmRNA,train,srp_Chla.pneu._BA000008
17222,tmRNA,train,srp_Chla.trac._AE001298
17223,tmRNA,train,srp_Chlo.tepi._AE006470
17224,tmRNA,train,srp_Chlo.vulg._AB001684
17225,tmRNA,train,srp_Citr.sine._CN181544
17226,tmRNA,train,srp_Clav.lusi._GSP-306902
17227,tmRNA,train,srp_Clos.novy._CP000382
17228,tmRNA,train,srp_Clos.ther._CP000568
17229,tmRNA,train,srp_Cocc.posa._GSP-222929
17230,tmRNA,train,srp_Cryp.parv._XM_626716
17231,tmRNA,train,srp_Cyan.mero._AB002583
17232,tmRNA,train,srp_Cyan.mero._AY286123
17233,tmRNA,train,srp_Dani.rrer._CU179657
17234,tmRNA,train,srp_Deba.hans._CR382138
17235,tmRNA,train,srp_Dein.radi._AE002056
17236,tmRNA,train,srp_Desu.psyc._CR522870
17237,tmRNA,train,srp_Dich.nodo._CP000513
17238,tmRNA,train,srp_Dict.disc._BJ360333
17239,tmRNA,train,srp_Eime.tene._GSP-413949
17240,tmRNA,train,srp_Ence.cuni._AL590449
17241,tmRNA,train,srp_Enta.hist._AF487684
17242,tmRNA,train,srp_Enta.terr._GSP-110771
17243,tmRNA,train,srp_Ento.sulc._AF095839
17244,tmRNA,train,srp_Ferr.acid._GSP-333146
17245,tmRNA,train,srp_Fuso.nucl._AE009951
17246,tmRNA,train,srp_Gald.sulp._GSP-130081
17247,tmRNA,train,srp_Giar.lamb._GSP-184922
17248,tmRNA,train,srp_Gibb.zeae._GSP-229533
17249,tmRNA,train,srp_Guil.thet._AF041468
17250,tmRNA,train,srp_Haem.infl._CP000671
17251,tmRNA,train,srp_Halo.halo._CP000544
17252,tmRNA,train,srp_Halo.volc._AF395888
17253,tmRNA,train,srp_Heli.pylo._CP000241
17254,tmRNA,train,srp_Hist.caps._GSP-278162
17255,tmRNA,train,srp_Humu.lupu._AJ236705
17256,tmRNA,train,srp_Hype.buty._CP000493
17257,tmRNA,train,srp_Kluy.lact._CR382126
17258,tmRNA,train,srp_Kluy.yarr._479647571
17259,tmRNA,train,srp_Lact.case._CP000423
17260,tmRNA,train,srp_Lact.delb._AF496545
17261,tmRNA,train,srp_Lact.john._AE017198
17262,tmRNA,train,srp_Lact.john._AE017201
17263,tmRNA,train,srp_Legi.pneu._M31830
17264,tmRNA,train,srp_Leis.aeth._AY722730
17265,tmRNA,train,srp_Leis.trop._AY781789
17266,tmRNA,train,srp_Lemu.catt._GSP-9447
17267,tmRNA,train,srp_Lept.coll._AF006750
17268,tmRNA,train,srp_List.mono._AE017262
17269,tmRNA,train,srp_List.mono._U15684
17270,tmRNA,train,srp_Lodd.elon._GSP-379508
17271,tmRNA,train,srp_Lotu.corn._AP006123
17272,tmRNA,train,srp_Lotu.japo._BW598799
17273,tmRNA,train,srp_Lyco.escu._Z46746
17274,tmRNA,train,srp_Mari.aqua._CP000514
17275,tmRNA,train,srp_Medi.trun._AC136507-2
17276,tmRNA,train,srp_Medi.trun._CX540689
17277,tmRNA,train,srp_Meso.viri._AF166114
17278,tmRNA,train,srp_Meth.ferv._S49762
17279,tmRNA,train,srp_Meth.mari._CP000745
17280,tmRNA,train,srp_Meth.maze._AE008384
17281,tmRNA,train,srp_Meth.volt._M22560
17282,tmRNA,train,srp_Mono.brev._GSP-81824
17283,tmRNA,train,srp_Myco.geni._U39706
17284,tmRNA,train,srp_Myco.hyop._AE017243
17285,tmRNA,train,srp_Myco.hyop._AE017244
17286,tmRNA,train,srp_Myco.lepr._AL023596
17287,tmRNA,train,srp_Myco.pulm._AL445565
17288,tmRNA,train,srp_Myco.spec._CP000384
17289,tmRNA,train,srp_Myco.spec._CP000580
17290,tmRNA,train,srp_Myco.tube._AE000516
17291,tmRNA,train,srp_Myco.vanb._CP000511
17292,tmRNA,train,srp_Nect.haem._GSP-71109
17293,tmRNA,train,srp_Neos.fisc._GSP-331117
17294,tmRNA,train,srp_Neur.cras._AL669999
17295,tmRNA,train,srp_Odon.sine._Z67753
17296,tmRNA,train,srp_Onch.volv._BF727619
17297,tmRNA,train,srp_Oryz.sati._AC079888
17298,tmRNA,train,srp_Oryz.sati._AP003333
17299,tmRNA,train,srp_Oryz.sati._AP008207
17300,tmRNA,train,srp_Oxyt.trif._GSP-99928
17301,tmRNA,train,srp_Para.bras._EH655308
17302,tmRNA,train,srp_Para.bras._GSP-121759
17303,tmRNA,train,srp_Perk.mari._GSP-31276
17304,tmRNA,train,srp_Pers.amer._X65992
17305,tmRNA,train,srp_Phae.nodo._GSP-321614
17306,tmRNA,train,srp_Phak.pach._GSP-170000-2
17307,tmRNA,train,srp_Phyt.infe._CV911012
17308,tmRNA,train,srp_Phyt.infe._CV919934
17309,tmRNA,train,srp_Phyt.soja._GSP-67593
17310,tmRNA,train,srp_Pich.guil._GSP-294746
17311,tmRNA,train,srp_Pich.stip._CP000502
17312,tmRNA,train,srp_Picr.torr._AE017261
17313,tmRNA,train,srp_Plas.berg._DC223613
17314,tmRNA,train,srp_Plas.falc._EF690554
17315,tmRNA,train,srp_Plas.reic._GSP-5854
17316,tmRNA,train,srp_Plas.yoel._GSP-352914
17317,tmRNA,train,srp_Podo.anse._GSP-5145
17318,tmRNA,train,srp_Popu.trem._DN498769
17319,tmRNA,train,srp_Porp.purp._U38804
17320,tmRNA,train,srp_Porp.yezo._AP006715
17321,tmRNA,train,srp_Proc.mari._AE017126
17322,tmRNA,train,srp_Proc.mari._CP000111
17323,tmRNA,train,srp_Proc.mari._CP000551
17324,tmRNA,train,srp_Proc.spec._AJ011025
17325,tmRNA,train,srp_Pseu.syri._CP000058
17326,tmRNA,train,srp_Psyc.arct._CP000082
17327,tmRNA,train,srp_Psyc.cryo._CP000323
17328,tmRNA,train,srp_Psyc.ingr._CP000510
17329,tmRNA,train,srp_Pyro.abys._AJ248283
17330,tmRNA,train,srp_Pyro.aero._AE009852
17331,tmRNA,train,srp_Pyro.isla._CP000504
17332,tmRNA,train,srp_Rals.meta._CP000352
17333,tmRNA,train,srp_Rhod.balt._BX294144
17334,tmRNA,train,srp_Rick.feli._CP000053
17335,tmRNA,train,srp_Rick.typh._AE017197
17336,tmRNA,train,srp_Sacc.cere._U18916
17337,tmRNA,train,srp_Sacc.kluy._SKAA0027M04.b1
17338,tmRNA,train,srp_Sacc.para._BN000251
17339,tmRNA,train,srp_Schi.japo._GSP-402676
17340,tmRNA,train,srp_Schi.pomb._AU010514
17341,tmRNA,train,srp_Schi.pomb._Z99259
17342,tmRNA,train,srp_Scle.scle._GSP-325569
17343,tmRNA,train,srp_Sene.crue._SDB-189209
17344,tmRNA,train,srp_Shew.balt._CP000753
17345,tmRNA,train,srp_Shew.spec._CP000469
17346,tmRNA,train,srp_Shig.flex._AE014073
17347,tmRNA,train,srp_Shig.flex._AE016979
17348,tmRNA,train,srp_Shig.flex._CP000266
17349,tmRNA,train,srp_Sino.medi._CP000738
17350,tmRNA,train,srp_Sola.tube._DR037646
17351,tmRNA,train,srp_Sorg.bico._BE594178
17352,tmRNA,train,srp_Spra.loph._GSP-51541
17353,tmRNA,train,srp_Stap.epid._AX145149
17354,tmRNA,train,srp_Stre.coel._AL939118
17355,tmRNA,train,srp_Stre.muta._AE014879
17356,tmRNA,train,srp_Stre.pneu._AE007319
17357,tmRNA,train,srp_Stre.pyog._AM295007
17358,tmRNA,train,srp_Stre.sang._CP000387
17359,tmRNA,train,srp_Sulf.toko._BA000023
17360,tmRNA,train,srp_Synt.wolf._CP000448
17361,tmRNA,train,srp_Taen.gutt._CK235759
17362,tmRNA,train,srp_Tetr.ther._X56981
17363,tmRNA,train,srp_Thal.pseu._GSP-296543
17364,tmRNA,train,srp_Thei.annu._NW_001091934
17365,tmRNA,train,srp_Thei.parv._GSP-333668
17366,tmRNA,train,srp_Ther.fusc._CP000088
17367,tmRNA,train,srp_Ther.koda._AP006878
17368,tmRNA,train,srp_Ther.mela._CP000716
17369,tmRNA,train,srp_Ther.petr._CP000702
17370,tmRNA,train,srp_Ther.teng._AE012978
17371,tmRNA,train,srp_Ther.volc._BA000011
17372,tmRNA,train,srp_Toxo.gond._CO743022
17373,tmRNA,train,srp_Toxo.gond._GSP-398031
17374,tmRNA,train,srp_Trep.dent._AE017226
17375,tmRNA,train,srp_Trep.dent._AE017246
17376,tmRNA,train,srp_Trep.pall._AE000520
17377,tmRNA,train,srp_Trep.pall._AE001187
17378,tmRNA,train,srp_Tric.rees._GSP-334564-1
17379,tmRNA,train,srp_Tric.vagi._GSP-5722-2
17380,tmRNA,train,srp_Trit.aest._BE424647
17381,tmRNA,train,srp_Trit.aest._CA718249
17382,tmRNA,train,srp_Trit.aest._CJ679223
17383,tmRNA,train,srp_Trit.aest._X13915
17384,tmRNA,train,srp_Tryp.viva._SDB-5699
17385,tmRNA,train,srp_Unci.rees._GSP-336963
17386,tmRNA,train,srp_Urea.parv._AE002112
17387,tmRNA,train,srp_Vibr.vuln._BA000037
17388,tmRNA,train,srp_Volv.cart._GSP-51971-2
17389,tmRNA,train,srp_Wolb.endo._AB080664
17390,tmRNA,train,srp_Wolb.endo._AE017321
17391,tmRNA,train,srp_Xant.camp._AM039952
17392,tmRNA,train,srp_Xant.oryz._AP008229
17393,tmRNA,train,srp_Xeno.laev._X01055
17394,tmRNA,train,srp_Yarr.lipo._X51658
17395,tmRNA,train,srp_Yers.ente._AM286415
17396,tmRNA,train,srp_Yers.pseu._BX936398
17397,tmRNA,train,srp_Yers.pseu._CP000720
17398,tmRNA,train,srp_Zea.mays._X14661
17399,tmRNA,train,srp_Zygo.roux._BN000170
17400,tmRNA,train,srp_Zymo.mobi._AE008692
17401,tmRNA,train,srp_Zymo.mobi._AF203881
17402,tmRNA,train,tRNA_tdbR00000009-Escherichia_coli-562-Ala-VGC
17403,tmRNA,train,tRNA_tdbR00000013-Pichia_jadinii-4903-Ala-IGC
17404,tmRNA,train,tRNA_tdbR00000019-Mycoplasma_capricolum-2095-Cys-GCA
17405,tmRNA,train,tRNA_tdbR00000029-Asterias_amurensis-7602-Asp-QUC
17406,tmRNA,train,tRNA_tdbR00000030-Aedes_albopictus-7160-Asp-GUC
17407,tmRNA,train,tRNA_tdbR00000032-Rattus_norvegicus-10116-Asp-GUC
17408,tmRNA,train,tRNA_tdbR00000033-Didelphis_virginiana-9267-Asp-QUC
17409,tmRNA,train,tRNA_tdbR00000034-Mesocricetus_auratus-10036-Asp-GUC
17410,tmRNA,train,tRNA_tdbR00000036-Euglena_gracilis-3039-Asp-GUC
17411,tmRNA,train,tRNA_tdbR00000043-Haloferax_volcanii-2246-Glu-NUC
17412,tmRNA,train,tRNA_tdbR00000046-Escherichia_coli-562-Glu-SUC
17413,tmRNA,train,tRNA_tdbR00000049-Chlamydomonas_reinhardtii-3055-Glu-NUC
17414,tmRNA,train,tRNA_tdbR00000052-Aedes_albopictus-7160-Glu-NUC
17415,tmRNA,train,tRNA_tdbR00000069-Synechococcus_sp._PCC_7002-32049-Phe-GAA
17416,tmRNA,train,tRNA_tdbR00000074-Tetrahymena_pyriformis-5908-Phe-GAA
17417,tmRNA,train,tRNA_tdbR00000078-Ascaris_suum-6253-Phe-GAA
17418,tmRNA,train,tRNA_tdbR00000079-Rattus_norvegicus-10116-Phe-GAA
17419,tmRNA,train,tRNA_tdbR00000080-Bos_taurus-9913-Phe-GAA
17420,tmRNA,train,tRNA_tdbR00000091-Pisum_sativum-3888-Phe-AA
17421,tmRNA,train,tRNA_tdbR00000104-Enterobacteria_phage_T4-10665-Gly-NCC
17422,tmRNA,train,tRNA_tdbR00000114-Staphylococcus_epidermidis-1282-Gly-UCC
17423,tmRNA,train,tRNA_tdbR00000121-Salmonella_typhimurium-602-Gly-NCC
17424,tmRNA,train,tRNA_tdbR00000124-Aedes_albopictus-7160-Gly-UCC
17425,tmRNA,train,tRNA_tdbR00000125-Bos_taurus-9913-Gly-UCC
17426,tmRNA,train,tRNA_tdbR00000126-Halocynthia_roretzi-7729-Gly-NCU
17427,tmRNA,train,tRNA_tdbR00000127-Halocynthia_roretzi-7729-Gly-UCU
17428,tmRNA,train,tRNA_tdbR00000128-Halocynthia_roretzi-7729-Gly-GCU
17429,tmRNA,train,tRNA_tdbR00000129-Saccharomyces_cerevisiae-4932-Gly-GCC
17430,tmRNA,train,tRNA_tdbR00000132-Lupinus_luteus-3873-Gly-GCC
17431,tmRNA,train,tRNA_tdbR00000134-Bombyx_mori-7091-Gly-CC
17432,tmRNA,train,tRNA_tdbR00000138-Haloferax_volcanii-2246-His-GUG
17433,tmRNA,train,tRNA_tdbR00000141-Salmonella_typhimurium-602-His-QUG
17434,tmRNA,train,tRNA_tdbR00000142-Saccharomyces_cerevisiae-4932-His-GUG
17435,tmRNA,train,tRNA_tdbR00000143-Asterias_amurensis-7602-His-QUG
17436,tmRNA,train,tRNA_tdbR00000149-Homo_sapiens-9606-His-GUG
17437,tmRNA,train,tRNA_tdbR00000167-Aedes_albopictus-7160-Ile-GAU
17438,tmRNA,train,tRNA_tdbR00000168-Bos_taurus-9913-Ile-GAU
17439,tmRNA,train,tRNA_tdbR00000169-Homo_sapiens-9606-Ile-GAU
17440,tmRNA,train,tRNA_tdbR00000173-Bombyx_mori-7091-Ile-IAU
17441,tmRNA,train,tRNA_tdbR00000174-Mus_musculus-10090-Ile-IAU
17442,tmRNA,train,tRNA_tdbR00000177-Mycoplasma_capricolum-2095-Lys-CUU
17443,tmRNA,train,tRNA_tdbR00000184-Asterias_amurensis-7602-Lys-CUU
17444,tmRNA,train,tRNA_tdbR00000189-Rattus_norvegicus-10116-Lys-NUU
17445,tmRNA,train,tRNA_tdbR00000190-Bos_taurus-9913-Lys-NUU
17446,tmRNA,train,tRNA_tdbR00000191-Mesocricetus_auratus-10036-Lys-NUU
17447,tmRNA,train,tRNA_tdbR00000194-Triticum_aestivum-4565-Lys-CUU
17448,tmRNA,train,tRNA_tdbR00000206-Loligo_bleekeri-6617-Lys-UUU
17449,tmRNA,train,tRNA_tdbR00000210-Enterobacteria_phage_T5-10726-Leu-UAG
17450,tmRNA,train,tRNA_tdbR00000211-Haloferax_volcanii-2246-Leu-CAA
17451,tmRNA,train,tRNA_tdbR00000217-Mycoplasma_capricolum-2095-Leu-AA
17452,tmRNA,train,tRNA_tdbR00000223-Salmonella_typhimurium-602-Leu-CAG
17453,tmRNA,train,tRNA_tdbR00000224-Rhodospirillum_rubrum-1085-Leu-CAA
17454,tmRNA,train,tRNA_tdbR00000225-Synechococcus_elongatus_PCC_6301-269084-Leu-CAA
17455,tmRNA,train,tRNA_tdbR00000234-Spinacia_oleracea-3562-Leu-UA7
17456,tmRNA,train,tRNA_tdbR00000237-Saccharomyces_cerevisiae-4932-Leu-AA
17457,tmRNA,train,tRNA_tdbR00000243-Rattus_norvegicus-10116-Leu-UAG
17458,tmRNA,train,tRNA_tdbR00000244-Rattus_norvegicus-10116-Leu-UAG
17459,tmRNA,train,tRNA_tdbR00000245-Rattus_norvegicus-10116-Leu-UAG
17460,tmRNA,train,tRNA_tdbR00000246-Bos_taurus-9913-Leu-NAA
17461,tmRNA,train,tRNA_tdbR00000247-Bos_taurus-9913-Leu-UAG
17462,tmRNA,train,tRNA_tdbR00000251-Saccharomyces_cerevisiae-4932-Leu-UAA
17463,tmRNA,train,tRNA_tdbR00000261-Cucumis_sativus-3659-Leu-NAA
17464,tmRNA,train,tRNA_tdbR00000263-Rattus_norvegicus-10116-Leu-AA
17465,tmRNA,train,tRNA_tdbR00000266-Bos_taurus-9913-Leu-AA
17466,tmRNA,train,tRNA_tdbR00000280-Saccharomyces_cerevisiae-4932-Met-CAU
17467,tmRNA,train,tRNA_tdbR00000282-Ascaris_suum-6253-Met-AU
17468,tmRNA,train,tRNA_tdbR00000283-Gallus_gallus-9031-Met-AU
17469,tmRNA,train,tRNA_tdbR00000289-Homo_sapiens-9606-Met-BAU
17470,tmRNA,train,tRNA_tdbR00000290-Enterobacteria_phage_T5-10726-Asn-GUU
17471,tmRNA,train,tRNA_tdbR00000294-Mycoplasma_capricolum-2095-Asn-GUU
17472,tmRNA,train,tRNA_tdbR00000299-Asterias_amurensis-7602-Asn-GPU
17473,tmRNA,train,tRNA_tdbR00000312-Haloferax_volcanii-2246-Pro-GGG
17474,tmRNA,train,tRNA_tdbR00000313-Haloferax_volcanii-2246-Pro-UGG
17475,tmRNA,train,tRNA_tdbR00000318-Salmonella_typhimurium-602-Pro-GGG
17476,tmRNA,train,tRNA_tdbR00000321-Saccharomyces_cerevisiae-4932-Pro-UGG
17477,tmRNA,train,tRNA_tdbR00000325-Pichia_jadinii-4903-Pro-GG
17478,tmRNA,train,tRNA_tdbR00000328-Enterobacteria_phage_T5-10726-Gln-UUG
17479,tmRNA,train,tRNA_tdbR00000331-Mycoplasma_capricolum-2095-Gln-UG
17480,tmRNA,train,tRNA_tdbR00000333-Escherichia_coli-562-Gln-NUG
17481,tmRNA,train,tRNA_tdbR00000334-Hordeum_vulgare-4513-Gln-UG
17482,tmRNA,train,tRNA_tdbR00000335-Nicotiana_rustica-4093-Gln-NUG
17483,tmRNA,train,tRNA_tdbR00000336-Aedes_albopictus-7160-Gln-NUG
17484,tmRNA,train,tRNA_tdbR00000345-Homo_sapiens-9606-Gln-NUG
17485,tmRNA,train,tRNA_tdbR00000347-Enterobacteria_phage_T4-10665-Arg-NCU
17486,tmRNA,train,tRNA_tdbR00000350-Haloferax_volcanii-2246-Arg-GCG
17487,tmRNA,train,tRNA_tdbR00000351-Haloferax_volcanii-2246-Arg-NCG
17488,tmRNA,train,tRNA_tdbR00000352-Mycoplasma_capricolum-2095-Arg-ICG
17489,tmRNA,train,tRNA_tdbR00000359-Escherichia_coli-562-Arg-CCG
17490,tmRNA,train,tRNA_tdbR00000361-Saccharomyces_cerevisiae-4932-Arg-ACG
17491,tmRNA,train,tRNA_tdbR00000363-Ascaris_suum-6253-Arg-PCU
17492,tmRNA,train,tRNA_tdbR00000364-Ascaris_suum-6253-Arg-ACG
17493,tmRNA,train,tRNA_tdbR00000365-Aedes_albopictus-7160-Arg-UCG
17494,tmRNA,train,tRNA_tdbR00000366-Rattus_norvegicus-10116-Arg-UCG
17495,tmRNA,train,tRNA_tdbR00000367-Bos_taurus-9913-Arg-UCG
17496,tmRNA,train,tRNA_tdbR00000368-Mesocricetus_auratus-10036-Arg-UCG
17497,tmRNA,train,tRNA_tdbR00000379-Enterobacteria_phage_T4-10665-Ser-NGA
17498,tmRNA,train,tRNA_tdbR00000380-Halobacterium_salinarum-2242-Ser-MGA
17499,tmRNA,train,tRNA_tdbR00000381-Haloferax_volcanii-2246-Ser-GCU
17500,tmRNA,train,tRNA_tdbR00000382-Haloferax_volcanii-2246-Ser-MGA
17501,tmRNA,train,tRNA_tdbR00000383-Haloferax_volcanii-2246-Ser-GGA
17502,tmRNA,train,tRNA_tdbR00000385-Mycoplasma_capricolum-2095-Ser-UGA
17503,tmRNA,train,tRNA_tdbR00000386-Mycoplasma_mycoides-2102-Ser-UGA
17504,tmRNA,train,tRNA_tdbR00000387-Bacillus_subtilis-1423-Ser-5GA
17505,tmRNA,train,tRNA_tdbR00000389-Bacillus_subtilis-1423-Ser-GGA
17506,tmRNA,train,tRNA_tdbR00000390-Escherichia_coli-562-Ser-CGA
17507,tmRNA,train,tRNA_tdbR00000391-Escherichia_coli-562-Ser-GCU
17508,tmRNA,train,tRNA_tdbR00000392-Escherichia_coli-562-Ser-GGA
17509,tmRNA,train,tRNA_tdbR00000393-Escherichia_coli-562-Ser-GGA
17510,tmRNA,train,tRNA_tdbR00000394-Escherichia_coli-562-Ser-VGA
17511,tmRNA,train,tRNA_tdbR00000395-Saccharomyces_cerevisiae-4932-Ser-GCU
17512,tmRNA,train,tRNA_tdbR00000396-Saccharomyces_cerevisiae-4932-Ser-UGA
17513,tmRNA,train,tRNA_tdbR00000397-Saccharomyces_cerevisiae-4932-Ser-UGA
17514,tmRNA,train,tRNA_tdbR00000398-Ascaris_suum-6253-Ser-UCU
17515,tmRNA,train,tRNA_tdbR00000399-Aedes_albopictus-7160-Ser-GCU
17516,tmRNA,train,tRNA_tdbR00000400-Loligo_bleekeri-6617-Ser-7CU
17517,tmRNA,train,tRNA_tdbR00000403-Bos_taurus-9913-Ser-UGA
17518,tmRNA,train,tRNA_tdbR00000406-Saccharomyces_cerevisiae-4932-Ser-NGA
17519,tmRNA,train,tRNA_tdbR00000409-Candida_cylindracea-44322-Ser-CAG
17520,tmRNA,train,tRNA_tdbR00000412-Candida_cylindracea-44322-Ser-CGA
17521,tmRNA,train,tRNA_tdbR00000413-Candida_cylindracea-44322-Ser-GCU
17522,tmRNA,train,tRNA_tdbR00000414-Lupinus_luteus-3873-Ser-CGA
17523,tmRNA,train,tRNA_tdbR00000419-Nicotiana_rustica-4093-Ser-IGA
17524,tmRNA,train,tRNA_tdbR00000420-Spinacia_oleracea-3562-Ser-IGA
17525,tmRNA,train,tRNA_tdbR00000423-Rattus_norvegicus-10116-Ser-IGA
17526,tmRNA,train,tRNA_tdbR00000426-Drosophila_melanogaster-7227-Ser-CGA
17527,tmRNA,train,tRNA_tdbR00000428-Homo_sapiens-9606-Ser-UGA
17528,tmRNA,train,tRNA_tdbR00000438-Escherichia_coli-562-Thr-GGU
17529,tmRNA,train,tRNA_tdbR00000440-Neurospora_crassa-5141-Thr-UGU
17530,tmRNA,train,tRNA_tdbR00000459-Neurospora_crassa-5141-Val-UAC
17531,tmRNA,train,tRNA_tdbR00000460-Aedes_albopictus-7160-Val-UAC
17532,tmRNA,train,tRNA_tdbR00000461-Rattus_norvegicus-10116-Val-UAC
17533,tmRNA,train,tRNA_tdbR00000462-Rattus_norvegicus-10116-Val-UAC
17534,tmRNA,train,tRNA_tdbR00000463-Bos_taurus-9913-Val-UAC
17535,tmRNA,train,tRNA_tdbR00000466-Saccharomyces_cerevisiae-4932-Val-AC
17536,tmRNA,train,tRNA_tdbR00000467-Pichia_jadinii-4903-Val-IAC
17537,tmRNA,train,tRNA_tdbR00000469-Rattus_norvegicus-10116-Val-IAC
17538,tmRNA,train,tRNA_tdbR00000474-Drosophila_melanogaster-7227-Val-NAC
17539,tmRNA,train,tRNA_tdbR00000475-Mus_musculus-10090-Val-IAC
17540,tmRNA,train,tRNA_tdbR00000478-Haloferax_volcanii-2246-Trp-BCA
17541,tmRNA,train,tRNA_tdbR00000483-Bacillus_subtilis-1423-Trp-CCA
17542,tmRNA,train,tRNA_tdbR00000488-Tetrahymena_thermophila-5911-Trp-CA
17543,tmRNA,train,tRNA_tdbR00000489-Neurospora_crassa-5141-Trp-NCA
17544,tmRNA,train,tRNA_tdbR00000490-Saccharomyces_cerevisiae-4932-Trp-CA
17545,tmRNA,train,tRNA_tdbR00000492-Rattus_norvegicus-10116-Trp-NCA
17546,tmRNA,train,tRNA_tdbR00000493-Bos_taurus-9913-Trp-NCA
17547,tmRNA,train,tRNA_tdbR00000494-Saccharomyces_cerevisiae-4932-Trp-BCA
17548,tmRNA,train,tRNA_tdbR00000504-Mycoplasma_capricolum-2095-Ini-CAU
17549,tmRNA,train,tRNA_tdbR00000505-Mycoplasma_mycoides-2102-Ini-CAU
17550,tmRNA,train,tRNA_tdbR00000516-Spinacia_oleracea-3562-Ini-CAU
17551,tmRNA,train,tRNA_tdbR00000517-Neurospora_crassa-5141-Ini-CAU
17552,tmRNA,train,tRNA_tdbR00000518-Saccharomyces_cerevisiae-4932-Ini-CAU
17553,tmRNA,train,tRNA_tdbR00000519-Phaseolus_vulgaris-3885-Ini-CAU
17554,tmRNA,train,tRNA_tdbR00000520-Aedes_albopictus-7160-Ini-CAU
17555,tmRNA,train,tRNA_tdbR00000521-Bos_taurus-9913-Ini-CAU
17556,tmRNA,train,tRNA_tdbR00000522-Bos_taurus-9913-Ini-AU
17557,tmRNA,train,tRNA_tdbR00000541-Haloferax_volcanii-2246-Tyr-GUA
17558,tmRNA,train,tRNA_tdbR00000542-Mycoplasma_capricolum-2095-Tyr-GUA
17559,tmRNA,train,tRNA_tdbR00000547-Geobacillus_stearothermophilus-1422-Tyr-QUA
17560,tmRNA,train,tRNA_tdbR00000548-Scenedesmus_obliquus-3088-Tyr-GUA
17561,tmRNA,train,tRNA_tdbR00000549-Tetrahymena_pyriformis-5908-Tyr-QUA
17562,tmRNA,train,tRNA_tdbR00000550-Neurospora_crassa-5141-Tyr-GUA
17563,tmRNA,train,tRNA_tdbR00000551-Saccharomyces_cerevisiae-4932-Tyr-GUA
17564,tmRNA,train,tRNA_tdbR00000553-Asterias_amurensis-7602-Tyr-GUA
17565,tmRNA,train,tRNA_tdbR00000555-Saccharomyces_cerevisiae-4932-Tyr-GPA
17566,tmRNA,train,tRNA_tdbR00000556-Schizosaccharomyces_pombe-4896-Tyr-GPA
17567,tmRNA,train,tRNA_tdbR00000557-Pichia_jadinii-4903-Tyr-GPA
17568,tmRNA,train,tRNA_tdbR00000567-Homo_sapiens-9606-Tyr-9PA
17569,tmRNA,train,tRNA_tdbR00000572-Leishmania_tarentolae-5689-Lys-1UU
17570,tmRNA,train,tRNA_tdbR00000573-Leishmania_tarentolae-5689-Gln-3UG
17571,tmRNA,train,tRNA_tdbR00000575-Leishmania_tarentolae-5689-Thr-CGU
17572,tmRNA,train,tRNA_tdbR00000576-Leishmania_tarentolae-5689-Asp-GUC
17573,tmRNA,train,tRNA_tdbR00000577-Leishmania_tarentolae-5689-Glu-CUC
17574,tmRNA,train,tRNA_tdbR00000578-Leishmania_tarentolae-5689-Glu-3UC
17575,tmRNA,train,tRNA_tdbR00000580-Aeropyrum_pernix-56636-Lys-UUU
17576,tmRNA,train,tRNA_tdbR00000581-Aeropyrum_pernix-56636-Lys-CUU
17577,tmRNA,train,tRNA_tdbR00000583-Aeropyrum_pernix-56636-Cys-GCA
17578,tmRNA,train,tRNA_tdbR00000585-Aeropyrum_pernix-56636-Thr-CGU
17579,tmRNA,train,tRNA_tdbR00000588-Aeropyrum_pernix-56636-Asp-GUC
17580,tmRNA,train,tRNA_tdbR00000590-Ascaris_suum-6253-Glu-UC
17581,tmRNA,train,tRNA_tdbR00000591-Ascaris_suum-6253-Lys-UU
17582,tmRNA,train,tRNA_tdbR00000592-Ascaris_suum-6253-Gln-UG
17583,tmRNA,train,tRNA_tdbR00000593-Ascaris_suum-6253-Trp-CA
17584,tmRNA,train,tRNA_tdbR00000594-Ascaris_suum-6253-Leu-AA
17585,tmRNA,train,tRNA_tdbR00000595-Escherichia_coli-562-Leu-BAA
17586,tmRNA,train,tRNA_tdbR00000607-Lupinus_luteus-3873-Leu-IAG
17587,tmRNA,train,tRNA_tdbR00000608-Lupinus_luteus-3873-Leu-UAA
17588,tmRNA,train,tRNA_tdbR00000609-Chlamydomonas_reinhardtii-3055-Leu-UA7
17589,tmRNA,train,tRNA_tdbR00000611-Sinorhizobium_meliloti-382-His-GUG
17590,tmRNA,train,tRNA_tdbR00000612-Sinorhizobium_meliloti-382-Trp-CCA
17591,tmRNA,train,tRNA_tdbR00000613-Nanoarchaeum_equitans-160232-Glu-CUC
17592,tmRNA,train,tRNA_tdbR00000614-Nanoarchaeum_equitans-160232-Ini-CAU
17593,tmRNA,train,tRNA_tdbR00000615-Nanoarchaeum_equitans-160232-Trp-CCA
17594,tmRNA,train,tRNA_tdbR00000616-Nanoarchaeum_equitans-160232-Lys-CUU
17595,tmRNA,train,tRNA_tdbR00000617-Nanoarchaeum_equitans-160232-Gln-UUG
17596,tmRNA,train,tRNA_tdbR00000618-Candida_albicans-5476-Leu-CAG
17597,tmRNA,train,tRNA_tdbR00000619-Toxoplasma_gondii-5811-Met-CAU
17598,tmRNA,train,tRNA_tdbR00000620-Toxoplasma_gondii-5811-Ini-CAU
17599,tmRNA,train,tRNA_tdbR00000621-Nicotiana_rustica-4093-Cys-GCA
17600,tmRNA,train,tRNA_tdbR00000622-Nicotiana_rustica-4093-Cys-GCA
17601,tmRNA,train,tRNA_tdbR00000623-Escherichia_coli-562-Pro-CGG
17602,tmRNA,train,telomerase_AC121792.109554-109950
17603,tmRNA,train,telomerase_AF147806.247-692
17604,tmRNA,train,telomerase_AF221906.96-545
17605,tmRNA,train,telomerase_AF221908.136-584
17606,tmRNA,train,telomerase_AF221909.98-496
17607,tmRNA,train,telomerase_AF221910.112-554
17608,tmRNA,train,telomerase_AF221911.104-513
17609,tmRNA,train,telomerase_AF221912.98-564
17610,tmRNA,train,telomerase_AF221913.109-520
17611,tmRNA,train,telomerase_AF221914.112-589
17612,tmRNA,train,telomerase_AF221916.94-481
17613,tmRNA,train,telomerase_AF221917.99-542
17614,tmRNA,train,telomerase_AF221918.97-547
17615,tmRNA,train,telomerase_AF221919.107-614
17616,tmRNA,train,telomerase_AF221920.99-541
17617,tmRNA,train,telomerase_AF221921.98-548
17618,tmRNA,train,telomerase_AF221923.106-554
17619,tmRNA,train,telomerase_AF221924.105-538
17620,tmRNA,train,telomerase_AF221925.98-540
17621,tmRNA,train,telomerase_AF221926.103-507
17622,tmRNA,train,telomerase_AF221927.113-556
17623,tmRNA,train,telomerase_AF221928.95-476
17624,tmRNA,train,telomerase_AF221929.92-517
17625,tmRNA,train,telomerase_AF221930.94-546
17626,tmRNA,train,telomerase_AF221931.99-541
17627,tmRNA,train,telomerase_AF221932.102-549
17628,tmRNA,train,telomerase_AF221934.121-565
17629,tmRNA,train,telomerase_AF221935.112-602
17630,tmRNA,train,telomerase_AF221936.98-540
17631,tmRNA,train,telomerase_AF221937.99-545
17632,tmRNA,train,telomerase_AF221939.99-544
17633,tmRNA,train,telomerase_AF221940.103-499
17634,tmRNA,train,telomerase_AY058901.1-397
17635,tmRNA,train,telomerase_AY312571.605-1069
17636,tmRNA,train,telomerase_U85256.1-451
17637,tmRNA,train,telomerase_AC121792.109554-109950
17638,tmRNA,train,telomerase_AF147806.247-692
17639,tmRNA,train,telomerase_AF221906.96-545
17640,tmRNA,train,telomerase_AF221908.136-584
17641,tmRNA,train,telomerase_AF221909.98-496
17642,tmRNA,train,telomerase_AF221910.112-554
17643,tmRNA,train,telomerase_AF221911.104-513
17644,tmRNA,train,telomerase_AF221912.98-564
17645,tmRNA,train,telomerase_AF221913.109-520
17646,tmRNA,train,telomerase_AF221914.112-589
17647,tmRNA,train,telomerase_AF221916.94-481
17648,tmRNA,train,telomerase_AF221917.99-542
17649,tmRNA,train,telomerase_AF221918.97-547
17650,tmRNA,train,telomerase_AF221919.107-614
17651,tmRNA,train,telomerase_AF221920.99-541
17652,tmRNA,train,telomerase_AF221921.98-548
17653,tmRNA,train,telomerase_AF221923.106-554
17654,tmRNA,train,telomerase_AF221924.105-538
17655,tmRNA,train,telomerase_AF221925.98-540
17656,tmRNA,train,telomerase_AF221926.103-507
17657,tmRNA,train,telomerase_AF221927.113-556
17658,tmRNA,train,telomerase_AF221928.95-476
17659,tmRNA,train,telomerase_AF221929.92-517
17660,tmRNA,train,telomerase_AF221930.94-546
17661,tmRNA,train,telomerase_AF221931.99-541
17662,tmRNA,train,telomerase_AF221932.102-549
17663,tmRNA,train,telomerase_AF221934.121-565
17664,tmRNA,train,telomerase_AF221935.112-602
17665,tmRNA,train,telomerase_AF221936.98-540
17666,tmRNA,train,telomerase_AF221937.99-545
17667,tmRNA,train,telomerase_AF221939.99-544
17668,tmRNA,train,telomerase_AF221940.103-499
17669,tmRNA,train,telomerase_AY058901.1-397
17670,tmRNA,train,telomerase_AY312571.605-1069
17671,tmRNA,train,telomerase_U85256.1-451
17672,tmRNA,train,telomerase_AC121792.109554-109950
17673,tmRNA,train,telomerase_AF147806.247-692
17674,tmRNA,train,telomerase_AF221906.96-545
17675,tmRNA,train,telomerase_AF221908.136-584
17676,tmRNA,train,telomerase_AF221909.98-496
17677,tmRNA,train,telomerase_AF221910.112-554
17678,tmRNA,train,telomerase_AF221911.104-513
17679,tmRNA,train,telomerase_AF221912.98-564
17680,tmRNA,train,telomerase_AF221913.109-520
17681,tmRNA,train,telomerase_AF221914.112-589
17682,tmRNA,train,telomerase_AF221916.94-481
17683,tmRNA,train,telomerase_AF221917.99-542
17684,tmRNA,train,telomerase_AF221918.97-547
17685,tmRNA,train,telomerase_AF221919.107-614
17686,tmRNA,train,telomerase_AF221920.99-541
17687,tmRNA,train,telomerase_AF221921.98-548
17688,tmRNA,train,telomerase_AF221923.106-554
17689,tmRNA,train,telomerase_AF221924.105-538
17690,tmRNA,train,telomerase_AF221925.98-540
17691,tmRNA,train,telomerase_AF221926.103-507
17692,tmRNA,train,telomerase_AF221927.113-556
17693,tmRNA,train,telomerase_AF221928.95-476
17694,tmRNA,train,telomerase_AF221929.92-517
17695,tmRNA,train,telomerase_AF221930.94-546
17696,tmRNA,train,telomerase_AF221931.99-541
17697,tmRNA,train,telomerase_AF221932.102-549
17698,tmRNA,train,telomerase_AF221934.121-565
17699,tmRNA,train,telomerase_AF221935.112-602
17700,tmRNA,train,telomerase_AF221936.98-540
17701,tmRNA,train,telomerase_AF221937.99-545
17702,tmRNA,train,telomerase_AF221939.99-544
17703,tmRNA,train,telomerase_AF221940.103-499
17704,tmRNA,train,telomerase_AY058901.1-397
17705,tmRNA,train,telomerase_AY312571.605-1069
17706,tmRNA,train,telomerase_U85256.1-451
17707,tmRNA,train,telomerase_AC121792.109554-109950
17708,tmRNA,train,telomerase_AF147806.247-692
17709,tmRNA,train,telomerase_AF221906.96-545
17710,tmRNA,train,telomerase_AF221908.136-584
17711,tmRNA,train,telomerase_AF221909.98-496
17712,tmRNA,train,telomerase_AF221910.112-554
17713,tmRNA,train,telomerase_AF221911.104-513
17714,tmRNA,train,telomerase_AF221912.98-564
17715,tmRNA,train,telomerase_AF221913.109-520
17716,tmRNA,train,telomerase_AF221914.112-589
17717,tmRNA,train,telomerase_AF221916.94-481
17718,tmRNA,train,telomerase_AF221917.99-542
17719,tmRNA,train,telomerase_AF221918.97-547
17720,tmRNA,train,telomerase_AF221919.107-614
17721,tmRNA,train,telomerase_AF221920.99-541
17722,tmRNA,train,telomerase_AF221921.98-548
17723,tmRNA,train,telomerase_AF221923.106-554
17724,tmRNA,train,telomerase_AF221924.105-538
17725,tmRNA,train,telomerase_AF221925.98-540
17726,tmRNA,train,telomerase_AF221926.103-507
17727,tmRNA,train,telomerase_AF221927.113-556
17728,tmRNA,train,telomerase_AF221928.95-476
17729,tmRNA,train,telomerase_AF221929.92-517
17730,tmRNA,train,telomerase_AF221930.94-546
17731,tmRNA,train,telomerase_AF221931.99-541
17732,tmRNA,train,telomerase_AF221932.102-549
17733,tmRNA,train,telomerase_AF221934.121-565
17734,tmRNA,train,telomerase_AF221935.112-602
17735,tmRNA,train,telomerase_AF221936.98-540
17736,tmRNA,train,telomerase_AF221937.99-545
17737,tmRNA,train,telomerase_AF221939.99-544
17738,tmRNA,train,telomerase_AF221940.103-499
17739,tmRNA,train,telomerase_AY058901.1-397
17740,tmRNA,train,telomerase_AY312571.605-1069
17741,tmRNA,train,telomerase_U85256.1-451
17742,tmRNA,train,telomerase_AC121792.109554-109950
17743,tmRNA,train,telomerase_AF147806.247-692
17744,tmRNA,train,telomerase_AF221906.96-545
17745,tmRNA,train,telomerase_AF221908.136-584
17746,tmRNA,train,telomerase_AF221909.98-496
17747,tmRNA,train,telomerase_AF221910.112-554
17748,tmRNA,train,telomerase_AF221911.104-513
17749,tmRNA,train,telomerase_AF221912.98-564
17750,tmRNA,train,telomerase_AF221913.109-520
17751,tmRNA,train,telomerase_AF221914.112-589
17752,tmRNA,train,telomerase_AF221916.94-481
17753,tmRNA,train,telomerase_AF221917.99-542
17754,tmRNA,train,telomerase_AF221918.97-547
17755,tmRNA,train,telomerase_AF221919.107-614
17756,tmRNA,train,telomerase_AF221920.99-541
17757,tmRNA,train,telomerase_AF221921.98-548
17758,tmRNA,train,telomerase_AF221923.106-554
17759,tmRNA,train,telomerase_AF221924.105-538
17760,tmRNA,train,telomerase_AF221925.98-540
17761,tmRNA,train,telomerase_AF221926.103-507
17762,tmRNA,train,telomerase_AF221927.113-556
17763,tmRNA,train,telomerase_AF221928.95-476
17764,tmRNA,train,telomerase_AF221929.92-517
17765,tmRNA,train,telomerase_AF221930.94-546
17766,tmRNA,train,telomerase_AF221931.99-541
17767,tmRNA,train,telomerase_AF221932.102-549
17768,tmRNA,train,telomerase_AF221934.121-565
17769,tmRNA,train,telomerase_AF221935.112-602
17770,tmRNA,train,telomerase_AF221936.98-540
17771,tmRNA,train,telomerase_AF221937.99-545
17772,tmRNA,train,telomerase_AF221939.99-544
17773,tmRNA,train,telomerase_AF221940.103-499
17774,tmRNA,train,telomerase_AY058901.1-397
17775,tmRNA,train,telomerase_AY312571.605-1069
17776,tmRNA,train,telomerase_U85256.1-451
17777,tmRNA,train,telomerase_AC121792.109554-109950
17778,tmRNA,train,telomerase_AF147806.247-692
17779,tmRNA,train,telomerase_AF221906.96-545
17780,tmRNA,train,telomerase_AF221908.136-584
17781,tmRNA,train,telomerase_AF221909.98-496
17782,tmRNA,train,telomerase_AF221910.112-554
17783,tmRNA,train,telomerase_AF221911.104-513
17784,tmRNA,train,telomerase_AF221912.98-564
17785,tmRNA,train,telomerase_AF221913.109-520
17786,tmRNA,train,telomerase_AF221914.112-589
17787,tmRNA,train,telomerase_AF221916.94-481
17788,tmRNA,train,telomerase_AF221917.99-542
17789,tmRNA,train,telomerase_AF221918.97-547
17790,tmRNA,train,telomerase_AF221919.107-614
17791,tmRNA,train,telomerase_AF221920.99-541
17792,tmRNA,train,telomerase_AF221921.98-548
17793,tmRNA,train,telomerase_AF221923.106-554
17794,tmRNA,train,telomerase_AF221924.105-538
17795,tmRNA,train,telomerase_AF221925.98-540
17796,tmRNA,train,telomerase_AF221926.103-507
17797,tmRNA,train,telomerase_AF221927.113-556
17798,tmRNA,train,telomerase_AF221928.95-476
17799,tmRNA,train,telomerase_AF221929.92-517
17800,tmRNA,train,telomerase_AF221930.94-546
17801,tmRNA,train,telomerase_AF221931.99-541
17802,tmRNA,test,tmRNA_Acid.caps._TRW-240015_1-352
17803,tmRNA,test,tmRNA_Acid.ferr._TRW-133824_1-364
17804,tmRNA,test,tmRNA_Acid.ferr._TRW-243159_1-364
17805,tmRNA,test,tmRNA_Acid.ferr._TRW-920_1-341
17806,tmRNA,test,tmRNA_Acin.spec._CR543861_1-360
17807,tmRNA,test,tmRNA_Acti.acti._TRW-272556_1-366
17808,tmRNA,test,tmRNA_Acti.naes._TRW-240017_1-371
17809,tmRNA,test,tmRNA_Acti.pleu._TRW-228399_1-366
17810,tmRNA,test,tmRNA_Acti.pleu._TRW-44294_1-366
17811,tmRNA,test,tmRNA_Acti.succ._TRW-339671_1-367
17812,tmRNA,test,tmRNA_Aero.hydr._AY442269_1-360
17813,tmRNA,test,tmRNA_Aero.hydr._CP000462_1-360
17814,tmRNA,test,tmRNA_Alka.meta._TRW-293826_1-355
17815,tmRNA,test,tmRNA_Anab.vari._CP000117_1-390
17816,tmRNA,test,tmRNA_Aqui.aeol._AE000749_1-344
17817,tmRNA,test,tmRNA_Aqui.aeol._TRW-63363_1-347
17818,tmRNA,test,tmRNA_Arth.spec._CP000454_1-369
17819,tmRNA,test,tmRNA_Aste.yell._CP000061_1-426
17820,tmRNA,test,tmRNA_Aste.yell._TRW-322098_1-426
17821,tmRNA,test,tmRNA_Azoa.spec._TRW-62928_1-378
17822,tmRNA,test,tmRNA_Azot.vine._TRW-354_1-352
17823,tmRNA,test,tmRNA_Baci.G._TRW-12333_1-312
17824,tmRNA,test,tmRNA_Baci.anth._AE016879_1-355
17825,tmRNA,test,tmRNA_Baci.cere._AE017194_1-355
17826,tmRNA,test,tmRNA_Baci.cere._TRW-226900_1-355
17827,tmRNA,test,tmRNA_Baci.cere._TRW-288681_1-355
17828,tmRNA,test,tmRNA_Baci.clau._AP006627_1-355
17829,tmRNA,test,tmRNA_Baci.halo._BA000004_1-361
17830,tmRNA,test,tmRNA_Baci.lich._CP000002_1-356
17831,tmRNA,test,tmRNA_Baci.subt._TRW-1423_1-363
17832,tmRNA,test,tmRNA_Baci.subt._Z99121_1-360
17833,tmRNA,test,tmRNA_Baci.thur._AE017355_1-355
17834,tmRNA,test,tmRNA_Bact.frag._CR626927_1-398
17835,tmRNA,test,tmRNA_Bact.frag._TRW-817_1-398
17836,tmRNA,test,tmRNA_Bact.mari._TRW-97084_1-385
17837,tmRNA,test,tmRNA_Bact.thet._AE015928_1-397
17838,tmRNA,test,tmRNA_Bdel.bact._BX842656_1-346
17839,tmRNA,test,tmRNA_Bifi.long._TRW-205913_1-397
17840,tmRNA,test,tmRNA_Bifi.long._TRW-206672_1-397
17841,tmRNA,test,tmRNA_Bloc.flor._BX248583_1-393
17842,tmRNA,test,tmRNA_Bloc.penn._CP000016_1-392
17843,tmRNA,test,tmRNA_Bord.aviu._AM167904_1-406
17844,tmRNA,test,tmRNA_Bord.bron._TRW-257310_1-387
17845,tmRNA,test,tmRNA_Bord.para._TRW-257311_1-387
17846,tmRNA,test,tmRNA_Bord.pert._TRW-257313_1-387
17847,tmRNA,test,tmRNA_Borr.burg._AE001118_1-359
17848,tmRNA,test,tmRNA_Borr.burg._TRW-224326_1-362
17849,tmRNA,test,tmRNA_Borr.gari._CP000013_1-363
17850,tmRNA,test,tmRNA_Brev.line._TRW-321955_1-377
17851,tmRNA,test,tmRNA_Buch.aphi._AE013218_1-376
17852,tmRNA,test,tmRNA_Buch.aphi._AE016826_1-367
17853,tmRNA,test,tmRNA_Buch.aphi._BD061520_1-369
17854,tmRNA,test,tmRNA_Burk.ceno._CP000378_1-370
17855,tmRNA,test,tmRNA_Burk.ceno._TRW-216591_1-370
17856,tmRNA,test,tmRNA_Burk.fung._TRW-266265_1-370
17857,tmRNA,test,tmRNA_Burk.mall._CP000010_1-370
17858,tmRNA,test,tmRNA_Burk.pseu._TRW-28450_1-370
17859,tmRNA,test,tmRNA_Burk.spec._CP000151_1-370
17860,tmRNA,test,tmRNA_Burk.thai._CP000086_1-370
17861,tmRNA,test,tmRNA_Burk.viet._TRW-269482_1-370
17862,tmRNA,test,tmRNA_Burk.xeno._CP000270_1-370
17863,tmRNA,test,tmRNA_Cald.sacc._TRW-351627_1-368
17864,tmRNA,test,tmRNA_Camp.coli._AL111168_1-359
17865,tmRNA,test,tmRNA_Camp.coli._TRW-306254_1-359
17866,tmRNA,test,tmRNA_Camp.fetu._AY211269_1-361
17867,tmRNA,test,tmRNA_Camp.jeju._AL139078_1-356
17868,tmRNA,test,tmRNA_Camp.jeju._AX048472_1-359
17869,tmRNA,test,tmRNA_Camp.jeju._CP000025_1-359
17870,tmRNA,test,tmRNA_Camp.lari._TRW-306263_1-359
17871,tmRNA,test,tmRNA_Camp.upsa._TRW-306264_1-359
17872,tmRNA,test,tmRNA_Carb.hydr._CP000141_1-359
17873,tmRNA,test,tmRNA_Carn.malt._AF275938_1-366
17874,tmRNA,test,tmRNA_Chla.abor._CR848038_1-425
17875,tmRNA,test,tmRNA_Chla.cavi._AE015925_1-425
17876,tmRNA,test,tmRNA_Chla.muri._AE002296_1-418
17877,tmRNA,test,tmRNA_Chla.muri._TRW-83560_1-421
17878,tmRNA,test,tmRNA_Chla.pneu._AE002224_1-423
17879,tmRNA,test,tmRNA_Chla.pneu._TRW-83558_1-426
17880,tmRNA,test,tmRNA_Chla.trac._AE001276_1-417
17881,tmRNA,test,tmRNA_Chla.trac._TRW-272561_1-420
17882,tmRNA,test,tmRNA_Chla.trac._TRW-813-1_1-420
17883,tmRNA,test,tmRNA_Chla.trac._TRW-813-2_1-420
17884,tmRNA,test,tmRNA_Chlo.aura._AY040836_1-361
17885,tmRNA,test,tmRNA_Chlo.chlo._CP000108_1-401
17886,tmRNA,test,tmRNA_Chlo.tepi._TRW-194439_1-404
17887,tmRNA,test,tmRNA_Chro.sale._CP000285_1-380
17888,tmRNA,test,tmRNA_Chro.viol._AE016825_1-365
17889,tmRNA,test,tmRNA_Citr.rode._TRW-67825_1-365
17890,tmRNA,test,tmRNA_Clav.mich._TRW-31964_1-376
17891,tmRNA,test,tmRNA_Clos.acet._AE001437_1-359
17892,tmRNA,test,tmRNA_Clos.acet._AE007587_1-356
17893,tmRNA,test,tmRNA_Clos.botu._TRW-36826_1-355
17894,tmRNA,test,tmRNA_Clos.diff._AM180355_1-350
17895,tmRNA,test,tmRNA_Clos.diff._TRW-367459_1-350
17896,tmRNA,test,tmRNA_Clos.perf._AP003190_1-358
17897,tmRNA,test,tmRNA_Clos.perf._CP000246_1-361
17898,tmRNA,test,tmRNA_Clos.perf._CP000312_1-361
17899,tmRNA,test,tmRNA_Clos.perf._TRW-195102_1-361
17900,tmRNA,test,tmRNA_Clos.teta._AE015927_1-355
17901,tmRNA,test,tmRNA_Clos.ther._TRW-203119_1-387
17902,tmRNA,test,tmRNA_Colw.psyc._CP000083_1-350
17903,tmRNA,test,tmRNA_Copr.prot._TRW-351627_1-353
17904,tmRNA,test,tmRNA_Cory.diph._BX248356_1-385
17905,tmRNA,test,tmRNA_Cory.effi._BA000035_1-376
17906,tmRNA,test,tmRNA_Cory.glut._BX927150_1-377
17907,tmRNA,test,tmRNA_Coxi.burn._AE016828_1-360
17908,tmRNA,test,tmRNA_Croc.wats._TRW-165597_1-386
17909,tmRNA,test,tmRNA_Cyan.cald._AF022186_1-254
17910,tmRNA,test,tmRNA_Cyan.mero._AY286123_1-236
17911,tmRNA,test,tmRNA_Cyan.mero._TRW-45157_1-236
17912,tmRNA,test,tmRNA_Cyan.para._TRW-2762_1-294
17913,tmRNA,test,tmRNA_Cyan.para._U30821_1-291
17914,tmRNA,test,tmRNA_Cyto.hutc._CP000383_1-404
17915,tmRNA,test,tmRNA_Deha.ethe._CP000027_1-352
17916,tmRNA,test,tmRNA_Dein.geot._CP000359_1-348
17917,tmRNA,test,tmRNA_Dein.radi._AE001939_1-346
17918,tmRNA,test,tmRNA_Dein.radi._TRW-243230_1-349
17919,tmRNA,test,tmRNA_Desu.acet._TRW-281689_1-353
17920,tmRNA,test,tmRNA_Desu.desu._CP000112_1-360
17921,tmRNA,test,tmRNA_Desu.psyc._CR522870_1-366
17922,tmRNA,test,tmRNA_Desu.vulg._AE017285_1-352
17923,tmRNA,test,tmRNA_Dich.nodo._TRW-35819_1-352
17924,tmRNA,test,tmRNA_Dict.ther._TRW-14_1-350
17925,tmRNA,test,tmRNA_Emil.huxl._AY741371_1-291
17926,tmRNA,test,tmRNA_Emil.huxl._TRW-280463_1-291
17927,tmRNA,test,tmRNA_Ente.faec._BD193796_1-367
17928,tmRNA,test,tmRNA_Ente.faec._TRW-1352_1-367
17929,tmRNA,test,tmRNA_Ente.saka._TRW-28141_1-364
17930,tmRNA,test,tmRNA_Erwi.amyl._TRW-552_1-381
17931,tmRNA,test,tmRNA_Erwi.caro._BX950851_1-363
17932,tmRNA,test,tmRNA_Erwi.chry._TRW-198628_1-381
17933,tmRNA,test,tmRNA_Esch.coli._AE005491_1-363
17934,tmRNA,test,tmRNA_Esch.coli._AP009048_1-363
17935,tmRNA,test,tmRNA_Esch.coli._BA000007_1-363
17936,tmRNA,test,tmRNA_Esch.coli._CP000243_1-363
17937,tmRNA,test,tmRNA_Esch.coli._CP000247_1-363
17938,tmRNA,test,tmRNA_Esch.coli._CP000468_1-363
17939,tmRNA,test,tmRNA_Esch.coli._D12501_1-363
17940,tmRNA,test,tmRNA_Esch.coli._D90888_1-363
17941,tmRNA,test,tmRNA_Esch.coli._TRW-331111_1-363
17942,tmRNA,test,tmRNA_Esch.coli._U00096_1-363
17943,tmRNA,test,tmRNA_Esch.coli._U36840_1-363
17944,tmRNA,test,tmRNA_Exig.sibi._TRW-262543_1-359
17945,tmRNA,test,tmRNA_Fibr.succ._TRW-59374_1-361
17946,tmRNA,test,tmRNA_Fran.spec._CP000249_1-374
17947,tmRNA,test,tmRNA_Fran.spec._TRW-298653_1-375
17948,tmRNA,test,tmRNA_Fran.tula._AJ749949_1-421
17949,tmRNA,test,tmRNA_Fran.tula._AM233362_1-421
17950,tmRNA,test,tmRNA_Fran.tula._AM286280_1-421
17951,tmRNA,test,tmRNA_Fran.tula._CP000437_1-421
17952,tmRNA,test,tmRNA_Fuso.nucl._AE009951_1-344
17953,tmRNA,test,tmRNA_Fuso.nucl._AE010567_1-341
17954,tmRNA,test,tmRNA_Fuso.nucl._TRW-209882_1-344
17955,tmRNA,test,tmRNA_Fuso.nucl._TRW-393480_1-344
17956,tmRNA,test,tmRNA_Gemm.obsc._TRW-214688_1-412
17957,tmRNA,test,tmRNA_Geob.kaus._BA000043_1-352
17958,tmRNA,test,tmRNA_Geob.meta._CP000148_1-356
17959,tmRNA,test,tmRNA_Geob.stea._TRW-1422_1-352
17960,tmRNA,test,tmRNA_Geob.sulf._AE017180_1-356
17961,tmRNA,test,tmRNA_Grac.tenu._AY673996_1-396
17962,tmRNA,test,tmRNA_Guil.thet._AF041468_1-327
17963,tmRNA,test,tmRNA_Guil.thet._TRW-55529_1-330
17964,tmRNA,test,tmRNA_Haem.ducr._AE017143_1-367
17965,tmRNA,test,tmRNA_Haem.infl._AY599475_1-366
17966,tmRNA,test,tmRNA_Haem.infl._CP000057_1-366
17967,tmRNA,test,tmRNA_Haem.infl._L42023_1-366
17968,tmRNA,test,tmRNA_Haem.infl._TRW-262727_1-366
17969,tmRNA,test,tmRNA_Haem.infl._TRW-262728_1-366
17970,tmRNA,test,tmRNA_Haem.infl._U32808_1-366
17971,tmRNA,test,tmRNA_Haem.somn._CP000436_1-367
17972,tmRNA,test,tmRNA_Heli.hepa._AE017125_1-369
17973,tmRNA,test,tmRNA_Heli.must._DQ250625_1-366
17974,tmRNA,test,tmRNA_Heli.pylo._AE000511_1-386
17975,tmRNA,test,tmRNA_Heli.pylo._AE000590_1-383
17976,tmRNA,test,tmRNA_Heli.pylo._AE001503_1-383
17977,tmRNA,test,tmRNA_Heli.pylo._TRW-85962_1-386
17978,tmRNA,test,tmRNA_Heli.pylo._TRW-85963_1-386
17979,tmRNA,test,tmRNA_Idio.loih._AE017340_1-359
17980,tmRNA,test,tmRNA_Jako.libe._TRW-143017_1-102
17981,tmRNA,test,tmRNA_Kine.radi._TRW-266940_1-366
17982,tmRNA,test,tmRNA_Kleb.pneu._TRW-272620_1-363
17983,tmRNA,test,tmRNA_Lact.acid._CP000033_1-369
17984,tmRNA,test,tmRNA_Lact.brev._CP000416_1-372
17985,tmRNA,test,tmRNA_Lact.case._CP000423_1-364
17986,tmRNA,test,tmRNA_Lact.delb._AF440335_1-316
17987,tmRNA,test,tmRNA_Lact.delb._TRW-321956_1-362
17988,tmRNA,test,tmRNA_Lact.gass._CP000413_1-366
17989,tmRNA,test,tmRNA_Lact.gass._TRW-1596_1-366
17990,tmRNA,test,tmRNA_Lact.john._TRW-257314_1-367
17991,tmRNA,test,tmRNA_Lact.lact._AE006373_1-359
17992,tmRNA,test,tmRNA_Lact.lact._AF176556_1-359
17993,tmRNA,test,tmRNA_Lact.plan._AL935259_1-372
17994,tmRNA,test,tmRNA_Lact.sake._AF400065_1-370
17995,tmRNA,test,tmRNA_Lact.sake._TRW-314315_1-370
17996,tmRNA,test,tmRNA_Laws.intr._AM180252_1-376
17997,tmRNA,test,tmRNA_Legi.pneu._CR628337_1-406
17998,tmRNA,test,tmRNA_Leif.xyli._AE016822_1-394
17999,tmRNA,test,tmRNA_Lept.inte._AE016823_1-350
18000,tmRNA,test,tmRNA_Lept.spec._TRW-261385_1-359
18001,tmRNA,test,tmRNA_Lept.spec._TRW-261386_1-359
18002,tmRNA,test,tmRNA_Leuc.mese._AF375574_1-307
18003,tmRNA,test,tmRNA_Leuc.mese._CP000414_1-358
18004,tmRNA,test,tmRNA_Leuc.mese._TRW-1245_1-358
18005,tmRNA,test,tmRNA_List.gray._AF440336_1-321
18006,tmRNA,test,tmRNA_List.inno._TRW-1642-1_1-370
18007,tmRNA,test,tmRNA_List.inno._TRW-1642-2_1-370
18008,tmRNA,test,tmRNA_List.ivan._AF440342_1-321
18009,tmRNA,test,tmRNA_List.mono._AL591983_1-370
18010,tmRNA,test,tmRNA_List.mono._TRW-1639-1_1-370
18011,tmRNA,test,tmRNA_List.mono._TRW-169963_1-370
18012,tmRNA,test,tmRNA_List.seel._AF440350_1-321
18013,tmRNA,test,tmRNA_List.wels._AF440351_1-321
18014,tmRNA,test,tmRNA_Magn.spec._CP000471_1-366
18015,tmRNA,test,tmRNA_Mann.haem._TRW-272629_1-367
18016,tmRNA,test,tmRNA_Mann.succ._AE016827_1-367
18017,tmRNA,test,tmRNA_Mari.aqua._TRW-351348_1-366
18018,tmRNA,test,tmRNA_Meso.flor._AE017263_1-408
18019,tmRNA,test,tmRNA_Meso.viri._AF166114_1-359
18020,tmRNA,test,tmRNA_Meth.caps._AE017282_1-356
18021,tmRNA,test,tmRNA_Meth.flag._CP000284_1-361
18022,tmRNA,test,tmRNA_Moor.ther._CP000232_1-358
18023,tmRNA,test,tmRNA_Mora.cata._AX067460_1-359
18024,tmRNA,test,tmRNA_Myco.Bxz1._AY129337_1-437
18025,tmRNA,test,tmRNA_Myco.afri._TRW-33894_1-368
18026,tmRNA,test,tmRNA_Myco.arth._TRW-243272_1-394
18027,tmRNA,test,tmRNA_Myco.aviu._AE016958_1-368
18028,tmRNA,test,tmRNA_Myco.aviu._TRW-243243_1-368
18029,tmRNA,test,tmRNA_Myco.bovi._TRW-1765_1-368
18030,tmRNA,test,tmRNA_Myco.capr._D13067_1-411
18031,tmRNA,test,tmRNA_Myco.capr._S67602_1-408
18032,tmRNA,test,tmRNA_Myco.gall._AE015450_1-408
18033,tmRNA,test,tmRNA_Myco.geni._TRW-243273_1-388
18034,tmRNA,test,tmRNA_Myco.geni._U39713_1-385
18035,tmRNA,test,tmRNA_Myco.hyop._TRW-262719_1-433
18036,tmRNA,test,tmRNA_Myco.hyop._TRW-295358_1-424
18037,tmRNA,test,tmRNA_Myco.lepr._AL583919_1-366
18038,tmRNA,test,tmRNA_Myco.lepr._TRW-272631_1-369
18039,tmRNA,test,tmRNA_Myco.mari._TRW-1781-1_1-368
18040,tmRNA,test,tmRNA_Myco.micr._TRW-1806-1_1-368
18041,tmRNA,test,tmRNA_Myco.mobi._TRW-267748_1-376
18042,tmRNA,test,tmRNA_Myco.myco._BX842642_1-411
18043,tmRNA,test,tmRNA_Myco.pene._BA000026_1-405
18044,tmRNA,test,tmRNA_Myco.pneu._AE000035_1-384
18045,tmRNA,test,tmRNA_Myco.pulm._AL445565_1-387
18046,tmRNA,test,tmRNA_Myco.smeg._CP000480_1-369
18047,tmRNA,test,tmRNA_Myco.tube._TRW-164513_1-368
18048,tmRNA,test,tmRNA_Myco.tube._TRW-1773_1-368
18049,tmRNA,test,tmRNA_Myxo.xant._TRW-34_1-366
18050,tmRNA,test,tmRNA_Neis.gono._TRW-242231_1-363
18051,tmRNA,test,tmRNA_Neis.lact._TRW-486_1-362
18052,tmRNA,test,tmRNA_Neis.meni._AE002452_1-360
18053,tmRNA,test,tmRNA_Neis.meni._AL162755_1-360
18054,tmRNA,test,tmRNA_Neis.meni._TRW-122586_1-363
18055,tmRNA,test,tmRNA_Neis.meni._TRW-122587_1-363
18056,tmRNA,test,tmRNA_Neis.meni._TRW-272831_1-363
18057,tmRNA,test,tmRNA_Neph.oliv._AF137379-1_1-327
18058,tmRNA,test,tmRNA_Neph.oliv._AF137379-2_1-327
18059,tmRNA,test,tmRNA_Nitr.euro._BX321865_1-360
18060,tmRNA,test,tmRNA_Nitr.mult._CP000103_1-362
18061,tmRNA,test,tmRNA_Nitr.ocea._CP000127_1-361
18062,tmRNA,test,tmRNA_Noca.farc._AP006618_1-368
18063,tmRNA,test,tmRNA_Nost.punc._TRW-63737_1-390
18064,tmRNA,test,tmRNA_Nost.spec._BA000019_1-390
18065,tmRNA,test,tmRNA_Ocea.ihey._BA000028_1-364
18066,tmRNA,test,tmRNA_Odon.sine._TRW-2839_1-371
18067,tmRNA,test,tmRNA_Odon.sine._Z67753_1-368
18068,tmRNA,test,tmRNA_Oeno.oeni._TRW-203123_1-350
18069,tmRNA,test,tmRNA_Onio.yell._AP006628_1-423
18070,tmRNA,test,tmRNA_Paen.larv._TRW-1464_1-367
18071,tmRNA,test,tmRNA_Pant.stew._TRW-66269_1-363
18072,tmRNA,test,tmRNA_Para.symb._BX908798_1-405
18073,tmRNA,test,tmRNA_Past.mult._AE006115_1-367
18074,tmRNA,test,tmRNA_Pedi.pent._CP000422_1-369
18075,tmRNA,test,tmRNA_Pelo.carb._CP000142_1-358
18076,tmRNA,test,tmRNA_Phot.asym._TRW-291112_1-364
18077,tmRNA,test,tmRNA_Phot.lumi._BX571870_1-364
18078,tmRNA,test,tmRNA_Phot.prof._CR378665_1-368
18079,tmRNA,test,tmRNA_Pola.spec._CP000316_1-387
18080,tmRNA,test,tmRNA_Porp.ging._TRW-242619_1-407
18081,tmRNA,test,tmRNA_Porp.purp._TRW-2787_1-323
18082,tmRNA,test,tmRNA_Prev.inte._TRW-246198_1-400
18083,tmRNA,test,tmRNA_Prev.rumi._TRW-264731_1-401
18084,tmRNA,test,tmRNA_Prop.acne._AE017283_1-371
18085,tmRNA,test,tmRNA_Prop.acne._TRW-1747-1_1-371
18086,tmRNA,test,tmRNA_Prop.acne._TRW-1747-2_1-353
18087,tmRNA,test,tmRNA_Prop.acne._TRW-1747-3_1-353
18088,tmRNA,test,tmRNA_Prot.mira._TRW-584_1-367
18089,tmRNA,test,tmRNA_Pseu.aeru._AE004091_1-353
18090,tmRNA,test,tmRNA_Pseu.aeru._CP000438_1-353
18091,tmRNA,test,tmRNA_Pseu.atla._CP000388_1-357
18092,tmRNA,test,tmRNA_Pseu.ento._CT573326_1-392
18093,tmRNA,test,tmRNA_Pseu.fluo._CP000076_1-394
18094,tmRNA,test,tmRNA_Pseu.fluo._CP000094_1-390
18095,tmRNA,test,tmRNA_Pseu.fluo._TRW-216595_1-397
18096,tmRNA,test,tmRNA_Pseu.halo._CR954246_1-357
18097,tmRNA,test,tmRNA_Pseu.puti._AE015451_1-399
18098,tmRNA,test,tmRNA_Pseu.syri._AE016853_1-388
18099,tmRNA,test,tmRNA_Pseu.syri._CP000058_1-388
18100,tmRNA,test,tmRNA_Pseu.syri._CP000075_1-392
18101,tmRNA,test,tmRNA_Psyc.arct._CP000082_1-359
18102,tmRNA,test,tmRNA_Psyc.cryo._CP000323_1-359
18103,tmRNA,test,tmRNA_Rals.eutr._CP000090_1-360
18104,tmRNA,test,tmRNA_Rals.meta._CP000352_1-360
18105,tmRNA,test,tmRNA_Rals.sola._AL646052_1-360
18106,tmRNA,test,tmRNA_Rals.sola._AL646061_1-357
18107,tmRNA,test,tmRNA_Rhod.balt._BX294141_1-380
18108,tmRNA,test,tmRNA_Rubr.gela._TRW-279263_1-372
18109,tmRNA,test,tmRNA_Rubr.xyla._CP000386_1-360
18110,tmRNA,test,tmRNA_Rubr.xyla._TRW-266117_1-360
18111,tmRNA,test,tmRNA_Rumi.albu._TRW-246199_1-354
18112,tmRNA,test,tmRNA_Sacc.degr._CP000282_1-389
18113,tmRNA,test,tmRNA_Sali.rube._CP000159_1-369
18114,tmRNA,test,tmRNA_Salm.bong._TRW-218493_1-363
18115,tmRNA,test,tmRNA_Salm.ente._AE014613_1-363
18116,tmRNA,test,tmRNA_Salm.ente._AE017220_1-363
18117,tmRNA,test,tmRNA_Salm.ente._AL627276_1-363
18118,tmRNA,test,tmRNA_Salm.ente._CP000026_1-363
18119,tmRNA,test,tmRNA_Salm.ente._TRW-149539_1-363
18120,tmRNA,test,tmRNA_Salm.ente._TRW-295319_1-363
18121,tmRNA,test,tmRNA_Salm.ente._TRW-321314_1-363
18122,tmRNA,test,tmRNA_Salm.ente._TRW-59204_1-363
18123,tmRNA,test,tmRNA_Salm.typh._AY316313_1-363
18124,tmRNA,test,tmRNA_Salm.typh._AY319520_1-363
18125,tmRNA,test,tmRNA_Serr.marc._TRW-273526_1-364
18126,tmRNA,test,tmRNA_Shew.amaz._CP000507_1-356
18127,tmRNA,test,tmRNA_Shew.balt._TRW-325240_1-356
18128,tmRNA,test,tmRNA_Shew.deni._CP000302_1-355
18129,tmRNA,test,tmRNA_Shew.frig._CP000447_1-356
18130,tmRNA,test,tmRNA_Shew.onei._AX048560_1-355
18131,tmRNA,test,tmRNA_Shew.putr._TRW-319224_1-356
18132,tmRNA,test,tmRNA_Shew.spec._CP000444_1-355
18133,tmRNA,test,tmRNA_Shew.spec._CP000446_1-355
18134,tmRNA,test,tmRNA_Shew.spec._CP000469_1-355
18135,tmRNA,test,tmRNA_Shew.spec._TRW-323850_1-356
18136,tmRNA,test,tmRNA_Shig.boyd._CP000036_1-363
18137,tmRNA,test,tmRNA_Shig.dyse._CP000034_1-363
18138,tmRNA,test,tmRNA_Shig.dyse._TRW-358708_1-363
18139,tmRNA,test,tmRNA_Shig.flex._AE005674_1-363
18140,tmRNA,test,tmRNA_Shig.flex._AE014073_1-363
18141,tmRNA,test,tmRNA_Shig.flex._CP000266_1-363
18142,tmRNA,test,tmRNA_Shig.sonn._CP000038_1-363
18143,tmRNA,test,tmRNA_Soda.glos._AP008232_1-384
18144,tmRNA,test,tmRNA_Soli.usit._CP000473_1-352
18145,tmRNA,test,tmRNA_Spir.citr._AM285321_1-424
18146,tmRNA,test,tmRNA_Spir.kunk._TRW-273035_1-424
18147,tmRNA,test,tmRNA_Stap.aure._AC074317_1-359
18148,tmRNA,test,tmRNA_Stap.aure._BA000017_1-362
18149,tmRNA,test,tmRNA_Stap.aure._BA000018_1-362
18150,tmRNA,test,tmRNA_Stap.aure._BA000033_1-362
18151,tmRNA,test,tmRNA_Stap.aure._BX571856_1-362
18152,tmRNA,test,tmRNA_Stap.aure._BX571857_1-362
18153,tmRNA,test,tmRNA_Stap.aure._TRW-1280_1-362
18154,tmRNA,test,tmRNA_Stap.epid._AF375586_1-311
18155,tmRNA,test,tmRNA_Stap.epid._TRW-1282-1_1-361
18156,tmRNA,test,tmRNA_Stap.epid._TRW-1282-2_1-362
18157,tmRNA,test,tmRNA_Stap.epid._TRW-176280_1-361
18158,tmRNA,test,tmRNA_Sten.malt._TRW-40324_1-354
18159,tmRNA,test,tmRNA_Stre.agal._AE014233_1-350
18160,tmRNA,test,tmRNA_Stre.agal._TRW-1311_1-350
18161,tmRNA,test,tmRNA_Stre.aure._AY616521_1-382
18162,tmRNA,test,tmRNA_Stre.aver._BA000030_1-389
18163,tmRNA,test,tmRNA_Stre.coll._AY485228_1-386
18164,tmRNA,test,tmRNA_Stre.equi._TRW-1336_1-349
18165,tmRNA,test,tmRNA_Stre.equi._TRW-40041_1-349
18166,tmRNA,test,tmRNA_Stre.gord._TRW-29390_1-349
18167,tmRNA,test,tmRNA_Stre.miti._TRW-246201_1-348
18168,tmRNA,test,tmRNA_Stre.muta._TRW-210007_1-349
18169,tmRNA,test,tmRNA_Stre.pneu._AE008453_1-348
18170,tmRNA,test,tmRNA_Stre.pneu._TRW-1313_1-348
18171,tmRNA,test,tmRNA_Stre.pneu._TRW-216600_1-348
18172,tmRNA,test,tmRNA_Stre.pyog._AE006568_1-345
18173,tmRNA,test,tmRNA_Stre.pyog._AE010048_1-348
18174,tmRNA,test,tmRNA_Stre.pyog._TRW-1314-1_1-348
18175,tmRNA,test,tmRNA_Stre.pyog._TRW-1314-2_1-350
18176,tmRNA,test,tmRNA_Stre.scab._TRW-1883_1-402
18177,tmRNA,test,tmRNA_Stre.sobr._TRW-246202_1-349
18178,tmRNA,test,tmRNA_Stre.suis._TRW-218494_1-354
18179,tmRNA,test,tmRNA_Stre.suis._TRW-286604_1-348
18180,tmRNA,test,tmRNA_Stre.ther._CP000024_1-350
18181,tmRNA,test,tmRNA_Stre.ther._CP000419_1-350
18182,tmRNA,test,tmRNA_Stre.uber._TRW-218495_1-350
18183,tmRNA,test,tmRNA_Sulf.azor._TRW-204536_1-351
18184,tmRNA,test,tmRNA_Syne.elon._TRW-32046_1-394
18185,tmRNA,test,tmRNA_Syne.spec._AB003477_1-394
18186,tmRNA,test,tmRNA_Syne.spec._D90916_1-396
18187,tmRNA,test,tmRNA_Syne.spec._TRW-1131_1-399
18188,tmRNA,test,tmRNA_Syne.spec._TRW-32049_1-396
18189,tmRNA,test,tmRNA_Synt.acid._CP000252_1-356
18190,tmRNA,test,tmRNA_Tann.fors._TRW-203275_1-400
18191,tmRNA,test,tmRNA_Thal.pseu._EF067921_1-344
18192,tmRNA,test,tmRNA_Thal.pseu._TRW-296543_1-344
18193,tmRNA,test,tmRNA_Thal.weis._AF049491_1-348
18194,tmRNA,test,tmRNA_Ther.comm._TRW-289377_1-355
18195,tmRNA,test,tmRNA_Ther.elon._BA000039_1-386
18196,tmRNA,test,tmRNA_Ther.fusc._CP000088_1-372
18197,tmRNA,test,tmRNA_Ther.mari._TRW-243274-1_1-356
18198,tmRNA,test,tmRNA_Ther.neap._TRW-309803_1-357
18199,tmRNA,test,tmRNA_Ther.rose._TRW-309801_1-353
18200,tmRNA,test,tmRNA_Ther.teng._AE013063_1-351
18201,tmRNA,test,tmRNA_Ther.ther._TRW-300852_1-349
18202,tmRNA,test,tmRNA_Ther.ther._Y15063_1-349
18203,tmRNA,test,tmRNA_Ther.yell._TRW-289376_1-350
18204,tmRNA,test,tmRNA_Thio.crun._CP000109_1-358
18205,tmRNA,test,tmRNA_Thio.deni._CP000116_1-367
18206,tmRNA,test,tmRNA_Trem.prin._AF481102_1-264
18207,tmRNA,test,tmRNA_Trep.dent._AE017226_1-351
18208,tmRNA,test,tmRNA_Trep.pall._TRW-243276_1-354
18209,tmRNA,test,tmRNA_Tric.eryt._CP000393_1-398
18210,tmRNA,test,tmRNA_Trop.whip._BX251411_1-369
18211,tmRNA,test,tmRNA_Urea.parv._AE002154_1-413
18212,tmRNA,test,tmRNA_Verr.spin._TRW-240016_1-356
18213,tmRNA,test,tmRNA_Vibr.chol._AE004170_1-367
18214,tmRNA,test,tmRNA_Vibr.chol._U39068_1-367
18215,tmRNA,test,tmRNA_Vibr.fisc._CP000020_1-367
18216,tmRNA,test,tmRNA_Vibr.para._BA000031_1-368
18217,tmRNA,test,tmRNA_Vibr.spec._TRW-345075_1-368
18218,tmRNA,test,tmRNA_Vibr.vuln._AE016795_1-367
18219,tmRNA,test,tmRNA_Wigg.glos._BA000021_1-365
18220,tmRNA,test,tmRNA_Woli.succ._BX571661_1-369
18221,tmRNA,test,tmRNA_Xant.axon._AE011783_1-397
18222,tmRNA,test,tmRNA_Xant.camp._AE012247_1-397
18223,tmRNA,test,tmRNA_Xant.camp._AM039952_1-397
18224,tmRNA,test,tmRNA_Xant.oryz._AE013598_1-397
18225,tmRNA,test,tmRNA_Xyle.fast._AE003849_1-355
18226,tmRNA,test,tmRNA_Xyle.fast._AE004078_1-355
18227,tmRNA,test,tmRNA_Xyle.fast._AE009442_1-355
18228,tmRNA,test,tmRNA_Xyle.fast._TRW-155919_1-355
18229,tmRNA,test,tmRNA_Xyle.fast._TRW-155920_1-355
18230,tmRNA,test,tmRNA_Yers.berc._TRW-349968_1-381
18231,tmRNA,test,tmRNA_Yers.ente._TRW-34054_1-381
18232,tmRNA,test,tmRNA_Yers.fred._TRW-349966_1-363
18233,tmRNA,test,tmRNA_Yers.inte._TRW-349965_1-381
18234,tmRNA,test,tmRNA_Yers.moll._TRW-349967_1-381
18235,tmRNA,test,tmRNA_Yers.pest._AE009952_1-364
18236,tmRNA,test,tmRNA_Yers.pest._AE017042_1-364
18237,tmRNA,test,tmRNA_Yers.pest._AL590842_1-364
18238,tmRNA,test,tmRNA_Yers.pest._CP000305_1-364
18239,tmRNA,test,tmRNA_Yers.pest._CP000308_1-364
18240,tmRNA,test,tmRNA_Yers.pseu._AR948532_1-364
18241,tmRNA,test,tmRNA_envi.sequ._TRW-2-1_1-365
18242,tmRNA,test,tmRNA_envi.sequ._TRW-2-2_1-356
18243,tmRNA,test,tmRNA_envi.sequ._TRW-204433_1-356
18244,tmRNA,test,tmRNA_envi.sequ._TRW-259291_1-355
18245,tmRNA,test,tmRNA_envi.sequ._TRW-259292_1-355
18246,tmRNA,test,tmRNA_envi.sequ._TRW-300695-2_1-345
18247,tmRNA,test,tmRNA_envi.sequ._TRW-32045-1_1-355
18248,tmRNA,test,tmRNA_envi.sequ._TRW-32045-2_1-345
18249,tmRNA,test,tmRNA_envi.sequ._TRW-32045-3_1-350
18250,tmRNA,test,tmRNA_envi.sequ._TRW-351057-3_1-355
18251,tmRNA,test,tmRNA_envi.sequ._TRW-356-1_1-289
18252,tmRNA,test,tmRNA_envi.sequ._TRW-363179_1-348
18253,tmRNA,test,tmRNA_uncu.bact._TRW-135621-1_1-397
18254,tmRNA,test,tmRNA_uncu.bact._TRW-32033-1_1-354
18255,tmRNA,test,tmRNA_uncu.bact._TRW-32045-4_1-369
18256,tmRNA,test,tmRNA_uncu.bact._TRW-383630-1_1-364
18257,tmRNA,test,tmRNA_uncu.bact._TRW-45456_1-408
18258,tmRNA,test,tmRNA_uncu.bact._TRW-72274-1_1-359
18259,tmRNA,test,tmRNA_uncu.bact._TRW-72274-2_1-359
18260,tmRNA,test,tmRNA_uncu.bact._TRW-80840-1_1-378
18261,tmRNA,test,tmRNA_uncu.bact._TRW-80840-2_1-379
18262,tmRNA,test,tmRNA_uncu.bact._TRW-80840-3_1-379
18263,tmRNA,test,tmRNA_uncu.mari._TRW-363180_1-347
