fold,partition,id
16s,test,16s_A.fulgidus_domain2
16s,test,16s_A.fulgidus_domain3
16s,test,16s_A.fulgidus_domain4
16s,test,16s_A.pyrophilus_domain2
16s,test,16s_A.pyrophilus_domain4
16s,test,16s_B.burgdorferi_domain2
16s,test,16s_B.burgdorferi_domain3
16s,test,16s_B.burgdorferi_domain4
16s,test,16s_B.subtilis_domain2
16s,test,16s_B.subtilis_domain3
16s,test,16s_B.subtilis_domain4
16s,test,16s_C.elegans_domain1
16s,test,16s_C.elegans_domain2
16s,test,16s_C.elegans_domain3
16s,test,16s_C.elegans_domain4
16s,test,16s_C.psittaci_domain2
16s,test,16s_C.psittaci_domain3
16s,test,16s_C.psittaci_domain4
16s,test,16s_C.reinhardtii.chloro_domain1
16s,test,16s_C.reinhardtii.chloro_domain2
16s,test,16s_C.reinhardtii.chloro_domain3
16s,test,16s_C.reinhardtii.chloro_domain4
16s,test,16s_C.reinhardtii.mito_domain1
16s,test,16s_C.reinhardtii.mito_domain2
16s,test,16s_C.reinhardtii.mito_domain3
16s,test,16s_C.reinhardtii.mito_domain4
16s,test,16s_D.melanogaster_domain4
16s,test,16s_E.coli_domain2
16s,test,16s_E.coli_domain3
16s,test,16s_E.coli_domain4
16s,test,16s_F.ananassa_domain3
16s,test,16s_F.ananassa_domain4
16s,test,16s_G.intestinalis_domain1
16s,test,16s_G.intestinalis_domain2
16s,test,16s_G.intestinalis_domain3
16s,test,16s_G.intestinalis_domain4
16s,test,16s_H.sapiens.mito_domain1
16s,test,16s_H.sapiens.mito_domain2
16s,test,16s_H.sapiens.mito_domain3
16s,test,16s_H.sapiens.mito_domain4
16s,test,16s_H.sapiens_domain3
16s,test,16s_H.sapiens_domain4
16s,test,16s_H.volcanii_domain1
16s,test,16s_H.volcanii_domain2
16s,test,16s_H.volcanii_domain3
16s,test,16s_H.volcanii_domain4
16s,test,16s_M.polymorpha_domain2
16s,test,16s_M.polymorpha_domain3
16s,test,16s_M.polymorpha_domain4
16s,test,16s_P.occultum_domain2
16s,test,16s_P.occultum_domain3
16s,test,16s_P.occultum_domain4
16s,test,16s_P.staleyi_domain2
16s,test,16s_P.staleyi_domain3
16s,test,16s_P.staleyi_domain4
16s,test,16s_S.cerevisiae_domain3
16s,test,16s_S.cerevisiae_domain4
16s,test,16s_T.gondii_domain3
16s,test,16s_T.gondii_domain4
16s,test,16s_T.maritima_domain2
16s,test,16s_T.maritima_domain3
16s,test,16s_T.maritima_domain4
16s,test,16s_Z.mays_domain1
16s,test,16s_Z.mays_domain2
16s,test,16s_Z.mays_domain3
16s,test,16s_Z.mays_domain4
16s,train,23s_B.subtilis_domain3
16s,train,23s_B.subtilis_domain4
16s,train,23s_B.subtilis_domain6
16s,train,23s_E.coli_domain3
16s,train,23s_E.coli_domain6
16s,train,23s_H.pylori_domain3
16s,train,23s_H.pylori_domain6
16s,train,23s_S.aureus_domain3
16s,train,23s_S.aureus_domain4
16s,train,23s_S.aureus_domain6
16s,train,23s_T.thermophilus_domain4
16s,train,23s_T.thermophilus_domain6
16s,train,5s_Acanthamoeba-castellanii-2
16s,train,5s_Acholeplasma-laidlawii-2
16s,train,5s_Achromobacter-xylosoxidans-1
16s,train,5s_Acidiphilium-acidophilum-1
16s,train,5s_Acinetospora-crinita-1
16s,train,5s_Acremonium-chrysogenum-1
16s,train,5s_Agaricus-edulis-1
16s,train,5s_Agrobacterium-tumefaciens-6
16s,train,5s_Akkesiphycus-lubricum-1
16s,train,5s_Amycolatopsis-lactamdurans-1
16s,train,5s_Ancylobacter-aquaticus-1
16s,train,5s_Andrias-japonicus-1
16s,train,5s_Antheraea-pernyi-1
16s,train,5s_Aquifex-aeolicus-1
16s,train,5s_Archaeoglobus-fulgidus-1
16s,train,5s_Artemia-sp.-4
16s,train,5s_Arthrobacter-polychromogenes-1
16s,train,5s_Asellus-aquaticus-2
16s,train,5s_Asterina-pectinifera-1
16s,train,5s_Auricularia-auricula-judae-1
16s,train,5s_Bacillus-anthracis-10
16s,train,5s_Bacillus-anthracis-6
16s,train,5s_Bacillus-clausii-1
16s,train,5s_Bacillus-firmus-1
16s,train,5s_Bacillus-thuringiensis-1
16s,train,5s_Bacteroides-fragilis-4
16s,train,5s_Bifidobacterium-longum-1
16s,train,5s_Bifidobacterium-longum-3
16s,train,5s_Blakeslea-trispora-1
16s,train,5s_Blepharisma-japonicum-1
16s,train,5s_Bombyx-mori-2
16s,train,5s_Brachionus-plicatilis-1
16s,train,5s_Brevibacillus-brevis-1
16s,train,5s_Brevibacterium-helvolum-1
16s,train,5s_C_paradoxE
16s,train,5s_Caenorhabditis-briggsae-1
16s,train,5s_Campylobacter-jejuni-3
16s,train,5s_Cancer-pagurus-1
16s,train,5s_Candidatus-Tremblaya-princeps-1
16s,train,5s_Caulobacter-sp.-5
16s,train,5s_Caulobacter-sp.-6
16s,train,5s_Cellulomonas-biazotea-1
16s,train,5s_Clostridium-acetobutylicum-5
16s,train,5s_Coprinopsis-cinerea-1
16s,train,5s_Corynebacterium-glutamicum-1
16s,train,5s_Corynebacterium-glutamicum-2
16s,train,5s_Cryptomonas-paramecium-1
16s,train,5s_Cyclidiopsis-acus-1
16s,train,5s_Cystobacter-fuscus-1
16s,train,5s_Delftia-acidovorans-1
16s,train,5s_Dipsacomyces-acuminosporus-1
16s,train,5s_Dirofilaria-immitis-1
16s,train,5s_Dugesia-japonica-1
16s,train,5s_Dugesia-japonica-2
16s,train,5s_E_glandulE
16s,train,5s_Eimeria-tenella-1
16s,train,5s_Eisenia-bicyclis-1
16s,train,5s_Emericella-nidulans-3
16s,train,5s_Emericella-nidulans-7
16s,train,5s_Emericella-nidulans-8
16s,train,5s_Escherichia-coli-11
16s,train,5s_Escherichia-coli-14
16s,train,5s_Escherichia-coli-3
16s,train,5s_Escherichia-coli-6
16s,train,5s_Exidia-glandulosa-1
16s,train,5s_Filobasidiella-depauperata-1
16s,train,5s_Filobasidium-capsuligenum-1
16s,train,5s_Fusarium-asiaticum-7
16s,train,5s_Fusarium-lunulosporum-3
16s,train,5s_Fusarium-lunulosporum-5
16s,train,5s_Fusarium-pseudograminearum-6
16s,train,5s_Fusarium-sporotrichioides-1
16s,train,5s_Fusobacterium-nucleatum-4
16s,train,5s_Gelidium-amansii-1
16s,train,5s_Gelidium-amansii-2
16s,train,5s_Geobacillus-stearothermophilus-2
16s,train,5s_Ginkgo-biloba-1
16s,train,5s_Haloarcula-marismortui-2
16s,train,5s_Halococcus-morrhuae-2
16s,train,5s_Haloferax-volcanii-2
16s,train,5s_Halorubrum-distributum-4
16s,train,5s_Helicobacter-pylori-3
16s,train,5s_Hyphomicrobium-sp.-3
16s,train,5s_Hyphomicrobium-sp.-5
16s,train,5s_Hyphomonas-oligotropha-1
16s,train,5s_Idiomarina-loihiensis-1
16s,train,5s_Illex-illecebrosus-1
16s,train,5s_Juniperus-media-1
16s,train,5s_Kondoa-malvinella-1
16s,train,5s_Kutzneria-viridogrisea-1
16s,train,5s_Locusta-migratoria-1
16s,train,5s_Microbacterium-testaceum-1
16s,train,5s_Microtetraspora-glauca-1
16s,train,5s_Mycobacterium-tuberculosis-3
16s,train,5s_Mycoplasma-gallisepticum-1
16s,train,5s_Mycoplasma-penetrans-1
16s,train,5s_Myxococcus-coralloides-1
16s,train,5s_Neurospora-crassa-2
16s,train,5s_Nitrobacter-winogradskyi-1
16s,train,5s_Oerskovia-turbata-1
16s,train,5s_Paenibacillus-popilliae-1
16s,train,5s_Paracentrotus-lividus-2
16s,train,5s_Parachlamydia-sp.-1
16s,train,5s_Paramecium-tetraurelia-1
16s,train,5s_Pichia-jadinii-2
16s,train,5s_Plasmodium-falciparum-1
16s,train,5s_Pneumocystis-carinii-1
16s,train,5s_Prasinocladus-sp.-1
16s,train,5s_Propionibacterium-acnes-1
16s,train,5s_Pseudomonas-aeruginosa-1
16s,train,5s_Pseudomonas-fluorescens-2
16s,train,5s_Pseudomonas-fluorescens-4
16s,train,5s_Pseudomonas-stutzeri-2
16s,train,5s_Puccinia-poarum-1
16s,train,5s_Pyrococcus-horikoshii-1
16s,train,5s_Pyrococcus-woesei-1
16s,train,5s_Pythium-torulosum-1
16s,train,5s_Ralstonia-solanacearum-1
16s,train,5s_Ralstonia-solanacearum-2
16s,train,5s_Rhodobacter-sphaeroides-2
16s,train,5s_Rhodococcus-erythropolis-2
16s,train,5s_Rhodopseudomonas-palustris-2
16s,train,5s_Roseococcus-thiosulfatophilus-1
16s,train,5s_Rumex-acetosa-1
16s,train,5s_Sabellastarte-japonica-1
16s,train,5s_Salmonella-typhi-1
16s,train,5s_Saprolegnia-ferax-1
16s,train,5s_Schizosaccharomyces-pombe-1
16s,train,5s_Spirobolus-sp-1
16s,train,5s_Sporolactobacillus-nakayamae-1
16s,train,5s_Staphylococcus-aureus-1
16s,train,5s_Streptococcus-mutans-2
16s,train,5s_Streptococcus-pyogenes-2
16s,train,5s_Streptococcus-salivarius-1
16s,train,5s_Streptomyces-avermitilis-4
16s,train,5s_Streptomyces-coelicolor-1
16s,train,5s_Streptomyces-lividans-1
16s,train,5s_Streptomyces-rimosus-2
16s,train,5s_Streptomyces-violaceus-1
16s,train,5s_T_cruziE
16s,train,5s_Taxus-baccata-1
16s,train,5s_Thermoactinomyces-vulgaris-1
16s,train,5s_Thermomyces-lanuginosus-1
16s,train,5s_Thermus-sp.-2
16s,train,5s_Thermus-thermophilus-2
16s,train,5s_Thiomonas-cuprina-1
16s,train,5s_Thiothrix-nivea-1
16s,train,5s_Ureaplasma-parvum-1
16s,train,5s_Urechis-unicinctus-1
16s,train,5s_Ustilago-maydis-1
16s,train,5s_Ustilentyloma-fluitans-1
16s,train,5s_Vibrio-fluvialis-1
16s,train,5s_Vibrio-harveyi-1
16s,train,5s_Vibrio-nereis-1
16s,train,5s_Vibrio-parahaemolyticus-3
16s,train,5s_Vibrio-vulnificus-4
16s,train,5s_Vitreoscilla-filiformis-1
16s,train,5s_Vitreoscilla-stercoraria-1
16s,train,5s_Yersinia-pestis-1
16s,train,5s_uncultured-euryarchaeote-37F11-1
16s,train,RNaseP_A.ambivalens
16s,train,RNaseP_A.chroococcum
16s,train,RNaseP_A.ferrooxidans
16s,train,RNaseP_A.salinestris-184
16s,train,RNaseP_Anabaena-ATCC29413
16s,train,RNaseP_B.brevis
16s,train,RNaseP_B.hermsii
16s,train,RNaseP_B.megaterium
16s,train,RNaseP_B.stearothermophilus
16s,train,RNaseP_B.subtilis
16s,train,RNaseP_B.subtilis-g
16s,train,RNaseP_Buchnera-APS
16s,train,RNaseP_C.acetobutylicum
16s,train,RNaseP_C.crescentus
16s,train,RNaseP_C.jejuni
16s,train,RNaseP_C.limicola
16s,train,RNaseP_C.pneumoniae-AR39
16s,train,RNaseP_C.pneumoniae-CWL029
16s,train,RNaseP_C.sporogenes
16s,train,RNaseP_C.trachomatis-2
16s,train,RNaseP_C.trachomatis-D
16s,train,RNaseP_CPA49
16s,train,RNaseP_CPA54
16s,train,RNaseP_CPB139
16s,train,RNaseP_CPB74
16s,train,RNaseP_CPB7776
16s,train,RNaseP_CPB86
16s,train,RNaseP_D.desulfuricans
16s,train,RNaseP_Dermocarpa-PCC7437
16s,train,RNaseP_E.agglomerulans
16s,train,RNaseP_E.coli
16s,train,RNaseP_E.eschscholtzii-2
16s,train,RNaseP_E.faecalis
16s,train,RNaseP_E.faecalis-2
16s,train,RNaseP_E1B
16s,train,RNaseP_EM14b-9
16s,train,RNaseP_ERH
16s,train,RNaseP_ESH167F
16s,train,RNaseP_ESH20b-1
16s,train,RNaseP_ESH26-4
16s,train,RNaseP_ESH7-9
16s,train,RNaseP_Fischerella-UTEX1829
16s,train,RNaseP_G.gorilla
16s,train,RNaseP_H.chlorum-partial
16s,train,RNaseP_H.pylori-26695
16s,train,RNaseP_H.pylori-48K
16s,train,RNaseP_H.pylori-J99
16s,train,RNaseP_I.calvum
16s,train,RNaseP_K.pneumoniae
16s,train,RNaseP_L.acidophilus
16s,train,RNaseP_L.japonicus-IFO15385
16s,train,RNaseP_LGA1
16s,train,RNaseP_LGB27
16s,train,RNaseP_LGB41
16s,train,RNaseP_LGW113
16s,train,RNaseP_LGW18
16s,train,RNaseP_LGW46
16s,train,RNaseP_M.barkeri
16s,train,RNaseP_M.bovis
16s,train,RNaseP_M.hyopneumoniae
16s,train,RNaseP_M.leprae
16s,train,RNaseP_M.luteus
16s,train,RNaseP_M.phosphovorus-JCM9380
16s,train,RNaseP_M.pneumoniae
16s,train,RNaseP_M.thermoautotrophicum-DH
16s,train,RNaseP_M.thermoautotrphicumMarb
16s,train,RNaseP_M.tuberculosis
16s,train,RNaseP_M.vannielli
16s,train,RNaseP_N.europaea
16s,train,RNaseP_N.fulvus-JCM3335
16s,train,RNaseP_N.gonnorhoeae
16s,train,RNaseP_N.meningitidis-Z2491
16s,train,RNaseP_Nocardiodes-NSP41
16s,train,RNaseP_Nostoc-PCC7413
16s,train,RNaseP_Onchorhynchus-1
16s,train,RNaseP_Onchorhynchus-2
16s,train,RNaseP_Onchorhynchus-sp-2
16s,train,RNaseP_P.azotoformans
16s,train,RNaseP_P.douglassii
16s,train,RNaseP_P.furiosus-2
16s,train,RNaseP_P.marinus
16s,train,RNaseP_P.mississippiensis
16s,train,RNaseP_P.purpurea-chloroplast
16s,train,RNaseP_P.staleyi
16s,train,RNaseP_P.strasburgensis
16s,train,RNaseP_P.stutzeri
16s,train,RNaseP_P.troglodytes
16s,train,RNaseP_P.vulgaris
16s,train,RNaseP_P131
16s,train,RNaseP_Prochlorococcus-PAC1B
16s,train,RNaseP_Prochlorococcus-TATL2
16s,train,RNaseP_Prochlorococcus-TATL2-2
16s,train,RNaseP_R.americana-mito
16s,train,RNaseP_R.norvegicus
16s,train,RNaseP_R.rubrum
16s,train,RNaseP_S.bayanus
16s,train,RNaseP_S.bikiniensis
16s,train,RNaseP_S.caesia-K182
16s,train,RNaseP_S.caesia-K200
16s,train,RNaseP_S.caesia-K76T
16s,train,RNaseP_S.caesia-SB01
16s,train,RNaseP_S.castellii
16s,train,RNaseP_S.diastaticus
16s,train,RNaseP_S.epidermidis
16s,train,RNaseP_S.glauca-K194
16s,train,RNaseP_S.globosus
16s,train,RNaseP_S.japonicus
16s,train,RNaseP_S.kluyveri
16s,train,RNaseP_S.pastorianus
16s,train,RNaseP_S.polymorpha
16s,train,RNaseP_S.pyogenes
16s,train,RNaseP_S.servazzii
16s,train,RNaseP_S.shibatae
16s,train,RNaseP_S.typhi
16s,train,RNaseP_S.typhimurium
16s,train,RNaseP_S.viridis-K191
16s,train,RNaseP_S.viridis-K73T
16s,train,RNaseP_SLC
16s,train,RNaseP_SM-A01
16s,train,RNaseP_SM-A03
16s,train,RNaseP_SM-A04
16s,train,RNaseP_SM-A05
16s,train,RNaseP_SM-A06
16s,train,RNaseP_SM-A1012
16s,train,RNaseP_SM-A1113
16s,train,RNaseP_SM-A1214
16s,train,RNaseP_SM-A1315
16s,train,RNaseP_SM-A1519
16s,train,RNaseP_SM-A2642
16s,train,RNaseP_SM-A3862
16s,train,RNaseP_SM-A4065
16s,train,RNaseP_SM-A4876
16s,train,RNaseP_SM-A4977
16s,train,RNaseP_SM-A5179
16s,train,RNaseP_SM-A5382
16s,train,RNaseP_SM-A5584
16s,train,RNaseP_SM-A5888
16s,train,RNaseP_SM1
16s,train,RNaseP_SMB-A3
16s,train,RNaseP_SMB-A5
16s,train,RNaseP_SMB-B3
16s,train,RNaseP_Synechocystis-PCC6803
16s,train,RNaseP_T.acidophilum
16s,train,RNaseP_T.aquaticus
16s,train,RNaseP_T.celerAL1-2
16s,train,RNaseP_T.littoralis
16s,train,RNaseP_T.maritima-g
16s,train,RNaseP_T.neapolitana
16s,train,RNaseP_T.pallidum
16s,train,RNaseP_T.syrichta
16s,train,RNaseP_T.thermophilus
16s,train,RNaseP_UK2
16s,train,RNaseP_UK5
16s,train,RNaseP_V.cholera
16s,train,RNaseP_V.spinosum
16s,train,RNaseP_VSDW
16s,train,RNaseP_WA1
16s,train,RNaseP_Y.pestis
16s,train,RNaseP_Z.bailii
16s,train,RNaseP_purpleX
16s,train,grp1_a.I1.b.Phormidium.sp.N182.C3.tLEU
16s,train,grp1_a.I1.b.Synechococcus.sp2.C3.tLEU
16s,train,grp1_a.I1.c.A.cherimola.C3.tLEU
16s,train,grp1_a.I1.c.G.prostrata.C3.tLEU
16s,train,grp1_a.I1.c.S.bicolor.C3.tLEU
16s,train,grp1_a.I1.e.A.adeninivorans.C1.LSU.2449
16s,train,grp1_a.I1.e.A.capsulatus.CBS213.53.C1.SSU.943
16s,train,grp1_a.I1.e.A.capsulatus.FLs1.C1.SSU
16s,train,grp1_a.I1.e.A.capsulatus.G184B.C1.SSU
16s,train,grp1_a.I1.e.A.stipitatus.C1.SSU.1046
16s,train,grp1_a.I1.e.B.ciliata.JCM6865.C1.SSU.1506
16s,train,grp1_a.I1.e.B.ciliata.JCM6865.C1.SSU.943
16s,train,grp1_a.I1.e.B.yamatoana.JCM2896.C1.SSU.943
16s,train,grp1_a.I1.e.C.ellipsoidea.211-1a.C1.SSU.1506
16s,train,grp1_a.I1.e.C.ellipsoidea.IAMC-87.C1.SSU.1506
16s,train,grp1_a.I1.e.C.grayi.UNK.SSU.1046
16s,train,grp1_a.I1.e.C.grayi.UNK.SSU.1516
16s,train,grp1_a.I1.e.C.merochlorophea.UNK.SSU.1210
16s,train,grp1_a.I1.e.C.merochlorophea.UNK.SSU.1389
16s,train,grp1_a.I1.e.C.merochlorophea.UNK.SSU.1516
16s,train,grp1_a.I1.e.C.saxonicum.C1.SSU.1506
16s,train,grp1_a.I1.e.D.parva.C1.SSU.1512
16s,train,grp1_a.I1.e.D.salina.C1.SSU.943
16s,train,grp1_a.I1.e.E.dermatitidis.C1.SSU.943
16s,train,grp1_a.I1.e.G.planctonica.C1.SSU.943
16s,train,grp1_a.I1.e.G.spirotaenia.C1.SSU.1506
16s,train,grp1_a.I1.e.L.dispersa.UNK.SSU.114
16s,train,grp1_a.I1.e.L.dispersa.UNK.SSU.1210
16s,train,grp1_a.I1.e.L.dispersa.UNK.SSU.1516
16s,train,grp1_a.I1.e.L.dispersa.UNK.SSU.287
16s,train,grp1_a.I1.e.L.dispersa.UNK.SSU.516
16s,train,grp1_a.I1.e.L.dispersa.UNK.SSU.789
16s,train,grp1_a.I1.e.M.caldariorum.C1.SSU.1506
16s,train,grp1_a.I1.e.P.carinii.C1.SSU.1506
16s,train,grp1_a.I1.e.P.carinii.Pc1.C1.LSU.1921
16s,train,grp1_a.I1.e.P.carinii.Pc2.C1.LSU.1921
16s,train,grp1_a.I1.e.P.carinii.Pc3.C1.LSU.1921
16s,train,grp1_a.I1.e.P.clavariiformis.C1.SSU.943
16s,train,grp1_a.I1.e.P.inouyei.C1.SSU.1506
16s,train,grp1_a.I1.e.P.macrosporus.C1.SSU.1506
16s,train,grp1_a.I1.e.P.macrosporus.C1.SSU.943
16s,train,grp1_a.I1.e.P.pachydermus.C1.SSU.943
16s,train,grp1_a.I1.e.P.sarcinoidea.C1.SSU.943
16s,train,grp1_a.I1.e.S.granulatum.C1.SSU.1506
16s,train,grp1_a.I1.e.S.paniceum.UNK.SSU.1052
16s,train,grp1_a.I1.e.S.paniceum.UNK.SSU.1210
16s,train,grp1_a.I1.e.S.paniceum.UNK.SSU.1506
16s,train,grp1_a.I1.e.S.sclerotiorum_1837.C1.LSU.798
16s,train,grp1_a.I1.e.Staurastrum.sp.M752.C1.SSU.1506
16s,train,grp1_a.I1.e.T.cosmopolitanis.C1.LSU.1925
16s,train,grp1_a.I1.e.T.pigmentosa.C1.LSU.1925
16s,train,grp1_a.I1.e.U.maydis.C1.SSU.943
16s,train,grp1_a.I1.m.M.grisea.B2.ND1
16s,train,grp1_a.I1.m.S.luteus.A1.LSU.2504
16s,train,grp1_a.I1.m.S.pombe.B1.OX1
16s,train,grp1_b.I1.e.C.saccharophila.C1.SSU.156
16s,train,grp1_b.I1.e.M.anisopliae.2.C1.LSU.1921
16s,train,grp1_b.I1.e.M.anisopliae.3.C1.LSU.1921
16s,train,grp1_s.I1.e.T.thermophila.C1.LSU.1925.schem
16s,train,srp_Acin.spec._CR543861
16s,train,srp_Alka.meta._CP000724
16s,train,srp_Anae.sp.._CP000769
16s,train,srp_Anto.locu._GSP-278021
16s,train,srp_Arab.thal._AC005275
16s,train,srp_Arab.thal._X72228
16s,train,srp_Ashb.goss._AE016819
16s,train,srp_Aspe.flav._GSP-332952
16s,train,srp_Aspe.fumi._GSP-41122
16s,train,srp_Aspe.terr._GSP-341663
16s,train,srp_Baci.alca._D11422
16s,train,srp_Baci.cere._CP000001
16s,train,srp_Baci.poly._D11421
16s,train,srp_Baci.thur._CP000485
16s,train,srp_Bloc.flor._BX248585
16s,train,srp_Borr.burg._AE000783
16s,train,srp_Bos.taur._GSP-6282
16s,train,srp_Brad.japo._BA000040
16s,train,srp_Bras.napu._EE412262
16s,train,srp_Bruc.meli._AM040264
16s,train,srp_Bruc.ovis._CP000708
16s,train,srp_Burk.mall._CP000546
16s,train,srp_Burk.pseu._CP000124
16s,train,srp_Burk.pseu._CP000572
16s,train,srp_Caen.eleg._AY948607
16s,train,srp_Camp.jeju._CP000025
16s,train,srp_Cand.Bloc._CP000016
16s,train,srp_Carb.hydr._CP000141
16s,train,srp_Caul.cres._AE005700
16s,train,srp_Chla.cavi._AE016995
16s,train,srp_Chla.muri._AE002160
16s,train,srp_Chla.pneu._AE001363
16s,train,srp_Chla.rein._SDB-3055
16s,train,srp_Chla.trac._AE001298
16s,train,srp_Chlo.vulg._AB001684
16s,train,srp_Cion.savi._BW551179
16s,train,srp_Citr.sine._CN181543
16s,train,srp_Clos.acet._AE001437
16s,train,srp_Clos.botu._AM412317
16s,train,srp_Clos.kluy._CP000673
16s,train,srp_Clos.perf._CP000246
16s,train,srp_Cocc.posa._GSP-222929
16s,train,srp_Cryp.homi._GSP-353151
16s,train,srp_Cryp.parv._XM_626716
16s,train,srp_Dani.rrer._BX469912
16s,train,srp_Desu.vulg._CP000527
16s,train,srp_Ence.cuni._AL590449
16s,train,srp_Ente.faec._AE016953
16s,train,srp_Ento.sulc._AF095839
16s,train,srp_Esch.coli._AE016756
16s,train,srp_Esch.coli._CP000243
16s,train,srp_Esch.coli._CP000468
16s,train,srp_Esch.coli._U82664
16s,train,srp_Esch.coli._X01074
16s,train,srp_Fran.tula._AJ749949
16s,train,srp_Fran.tula._AM286280
16s,train,srp_Fran.tula._CP000437
16s,train,srp_Fran.tula._CP000439
16s,train,srp_Gald.sulp._GSP-130081
16s,train,srp_Gibb.zeae._GSP-229533
16s,train,srp_Haem.infl._CP000672
16s,train,srp_Hahe.chej._CP000155
16s,train,srp_Halo.mari._AY596297
16s,train,srp_Halo.volc._AF395888
16s,train,srp_Heli.pylo._AE001439
16s,train,srp_Heli.pylo._CP000241
16s,train,srp_Homo.sapi._AB061847
16s,train,srp_Homo.sapi._BF875598
16s,train,srp_Homo.sapi._BF909438
16s,train,srp_Homo.sapi._BF909563
16s,train,srp_Homo.sapi._NR_002715
16s,train,srp_Humu.lupu._X65983
16s,train,srp_Kine.radi._CP000750
16s,train,srp_Kluy.lact._CR382126
16s,train,srp_Lact.case._CP000423
16s,train,srp_Lact.delb._CR954253
16s,train,srp_Lact.john._AE017198
16s,train,srp_Legi.pneu._CR628337
16s,train,srp_Leis.braz._AY722724
16s,train,srp_Leis.dono._AY722734
16s,train,srp_Leis.infa._AM502223
16s,train,srp_Leis.infa._SDB-5671
16s,train,srp_Leis.majo._SDB-347515
16s,train,srp_List.inno._AL596173
16s,train,srp_List.mono._U15684
16s,train,srp_List.wels._AM263198
16s,train,srp_Mann.succ._AE016827
16s,train,srp_Mari.aqua._CP000514
16s,train,srp_Medi.trun._BE941271
16s,train,srp_Medi.trun._CX540689
16s,train,srp_Meth.acet._AE010299
16s,train,srp_Meth.burt._CP000300
16s,train,srp_Meth.jann._L77117
16s,train,srp_Meth.mari._CP000745
16s,train,srp_Meth.maze._AE008384
16s,train,srp_Mono.brev._GSP-81824
16s,train,srp_Myco.bovi._BX248347
16s,train,srp_Myco.geni._L43967
16s,train,srp_Myco.hyop._AE017244
16s,train,srp_Myco.lepr._AL023596
16s,train,srp_Myco.myco._BX842642
16s,train,srp_Myco.spec._CP000580
16s,train,srp_Nitr.euro._AL954747
16s,train,srp_Nitr.eutr._CP000450
16s,train,srp_Orni.anat._GSP-9258
16s,train,srp_Para.bras._CN241137
16s,train,srp_Phyt.ramo._GSP-164328
16s,train,srp_Picr.torr._AE017261
16s,train,srp_Plas.gall._GSP-5849
16s,train,srp_Popu.bals._GSP-73824
16s,train,srp_Proc.mari._BX572093
16s,train,srp_Proc.mari._CP000551
16s,train,srp_Proc.mari._CP000576
16s,train,srp_Proc.spec._AJ011025
16s,train,srp_Pseu.syri._CP000075
16s,train,srp_Psyc.arct._CP000082
16s,train,srp_Psyc.sp.._CP000713
16s,train,srp_Pyro.hori._BA000001
16s,train,srp_Salm.ente._AE017220
16s,train,srp_Schm.medi._GSP-79327
16s,train,srp_Shew.balt._CP000563
16s,train,srp_Shew.spec._CP000503
16s,train,srp_Shig.flex._AE005674
16s,train,srp_Shig.flex._AE016979
16s,train,srp_Shig.flex._CP000266
16s,train,srp_Sili.spec._CP000377
16s,train,srp_Sino.meli._AL591782
16s,train,srp_Stap.aure._BX571857
16s,train,srp_Stap.aure._CP000703
16s,train,srp_Stap.aure._E36052
16s,train,srp_Stre.agal._AL766845
16s,train,srp_Stre.muta._AE014133
16s,train,srp_Stre.pneu._AE007319
16s,train,srp_Stre.pyog._AE009969
16s,train,srp_Stre.pyog._AE014139
16s,train,srp_Stre.pyog._AM295007
16s,train,srp_Stre.pyog._CP000056
16s,train,srp_Stre.pyog._CP000260
16s,train,srp_Stre.pyog._CP000261
16s,train,srp_Sulf.solf._Y08257
16s,train,srp_Sulf.toko._BA000023
16s,train,srp_Thal.pseu._GSP-296543
16s,train,srp_Ther.acid._AL445063
16s,train,srp_Ther.mela._CP000716
16s,train,srp_Toxo.gond._GSP-398031
16s,train,srp_Tric.vagi._GSP-5722-2
16s,train,srp_Trit.aest._BE424647
16s,train,srp_Trit.aest._CD897082
16s,train,srp_Trop.whip._AE016852
16s,train,srp_Tryp.bruc._AF047723
16s,train,srp_Tryp.bruc._S56681
16s,train,srp_Tryp.bruc._X57047
16s,train,srp_Tryp.cong._SDB-5692
16s,train,srp_Vibr.chol._CP000627
16s,train,srp_Xant.camp._CP000050
16s,train,srp_Xant.oryz._AE013598
16s,train,srp_Yarr.lipo._X51658
16s,train,srp_Yers.pest._AE017042
16s,train,srp_Yers.pest._AE017129
16s,train,srp_Yers.pest._AJ414155
16s,train,tRNA_tdbR00000003-Haloferax_volcanii-2246-Ala-GGC
16s,train,tRNA_tdbR00000010-Escherichia_coli-562-Ala-VGC
16s,train,tRNA_tdbR00000011-Neurospora_crassa-5141-Ala-UGC
16s,train,tRNA_tdbR00000017-Homo_sapiens-9606-Ala-IGC
16s,train,tRNA_tdbR00000021-Saccharomyces_cerevisiae-4932-Cys-GCA
16s,train,tRNA_tdbR00000024-Mycoplasma_capricolum-2095-Asp-GUC
16s,train,tRNA_tdbR00000030-Aedes_albopictus-7160-Asp-GUC
16s,train,tRNA_tdbR00000036-Euglena_gracilis-3039-Asp-GUC
16s,train,tRNA_tdbR00000038-Rattus_norvegicus-10116-Asp-8UC
16s,train,tRNA_tdbR00000042-Haloferax_volcanii-2246-Glu-MUC
16s,train,tRNA_tdbR00000043-Haloferax_volcanii-2246-Glu-NUC
16s,train,tRNA_tdbR00000053-Bos_taurus-9913-Glu-NUC
16s,train,tRNA_tdbR00000059-Rattus_norvegicus-10116-Glu-3UC
16s,train,tRNA_tdbR00000063-Haloferax_volcanii-2246-Phe-GAA
16s,train,tRNA_tdbR00000067-Escherichia_coli-562-Phe-GAA
16s,train,tRNA_tdbR00000072-Phaseolus_vulgaris-3885-Phe-GAA
16s,train,tRNA_tdbR00000074-Tetrahymena_pyriformis-5908-Phe-GAA
16s,train,tRNA_tdbR00000089-Brassica_napus-3708-Phe-AA
16s,train,tRNA_tdbR00000090-Lupinus_luteus-3873-Phe-AA
16s,train,tRNA_tdbR00000092-Oryctolagus_cuniculus-9986-Phe-AA
16s,train,tRNA_tdbR00000093-Bombyx_mori-7091-Phe-AA
16s,train,tRNA_tdbR00000098-Xenopus_laevis-8355-Phe-AA
16s,train,tRNA_tdbR00000108-Haloferax_volcanii-2246-Gly-GCC
16s,train,tRNA_tdbR00000109-Haloferax_volcanii-2246-Gly-NCC
16s,train,tRNA_tdbR00000114-Staphylococcus_epidermidis-1282-Gly-UCC
16s,train,tRNA_tdbR00000115-Staphylococcus_epidermidis-1282-Gly-UCC
16s,train,tRNA_tdbR00000119-Escherichia_coli-562-Gly-NCC
16s,train,tRNA_tdbR00000125-Bos_taurus-9913-Gly-UCC
16s,train,tRNA_tdbR00000128-Halocynthia_roretzi-7729-Gly-GCU
16s,train,tRNA_tdbR00000132-Lupinus_luteus-3873-Gly-GCC
16s,train,tRNA_tdbR00000136-Homo_sapiens-9606-Gly-GCC
16s,train,tRNA_tdbR00000139-Mycoplasma_capricolum-2095-His-GUK
16s,train,tRNA_tdbR00000140-Escherichia_coli-562-His-QUG
16s,train,tRNA_tdbR00000142-Saccharomyces_cerevisiae-4932-His-GUG
16s,train,tRNA_tdbR00000143-Asterias_amurensis-7602-His-QUG
16s,train,tRNA_tdbR00000151-Haloferax_volcanii-2246-Ile-GAU
16s,train,tRNA_tdbR00000155-Mycoplasma_mycoides-2102-Ile-GAU
16s,train,tRNA_tdbR00000159-Escherichia_coli-562-Ile-GAU
16s,train,tRNA_tdbR00000165-Solanum_tuberosum-4113-Ile-AU
16s,train,tRNA_tdbR00000175-Haloferax_volcanii-2246-Lys-NUU
16s,train,tRNA_tdbR00000177-Mycoplasma_capricolum-2095-Lys-CUU
16s,train,tRNA_tdbR00000179-Bacillus_subtilis-1423-Lys-UU
16s,train,tRNA_tdbR00000184-Asterias_amurensis-7602-Lys-CUU
16s,train,tRNA_tdbR00000192-Saccharomyces_cerevisiae-4932-Lys-CUU
16s,train,tRNA_tdbR00000194-Triticum_aestivum-4565-Lys-CUU
16s,train,tRNA_tdbR00000197-Rattus_norvegicus-10116-Lys-3UU
16s,train,tRNA_tdbR00000199-Oryctolagus_cuniculus-9986-Lys-CUU
16s,train,tRNA_tdbR00000206-Loligo_bleekeri-6617-Lys-UUU
16s,train,tRNA_tdbR00000208-Mus_musculus-10090-Lys-CUN
16s,train,tRNA_tdbR00000209-Enterobacteria_phage_T4-10665-Leu-NAA
16s,train,tRNA_tdbR00000216-Mycoplasma_capricolum-2095-Leu-BAA
16s,train,tRNA_tdbR00000221-Escherichia_coli-562-Leu-CAG
16s,train,tRNA_tdbR00000222-Escherichia_coli-562-Leu-GAG
16s,train,tRNA_tdbR00000228-Glycine_max-3847-Leu-BAA
16s,train,tRNA_tdbR00000230-Glycine_max-3847-Leu-UA7
16s,train,tRNA_tdbR00000233-Phaseolus_vulgaris-3885-Leu-UA7
16s,train,tRNA_tdbR00000234-Spinacia_oleracea-3562-Leu-UA7
16s,train,tRNA_tdbR00000236-Neurospora_crassa-5141-Leu-UAG
16s,train,tRNA_tdbR00000237-Saccharomyces_cerevisiae-4932-Leu-AA
16s,train,tRNA_tdbR00000243-Rattus_norvegicus-10116-Leu-UAG
16s,train,tRNA_tdbR00000244-Rattus_norvegicus-10116-Leu-UAG
16s,train,tRNA_tdbR00000245-Rattus_norvegicus-10116-Leu-UAG
16s,train,tRNA_tdbR00000270-Avian_myeloblastosis_virus-11866-Met-BAU
16s,train,tRNA_tdbR00000273-Mycoplasma_capricolum-2095-Met-CAU
16s,train,tRNA_tdbR00000277-Codium_fragile-3133-Met-CAU
16s,train,tRNA_tdbR00000278-Scenedesmus_obliquus-3088-Met-CAU
16s,train,tRNA_tdbR00000282-Ascaris_suum-6253-Met-AU
16s,train,tRNA_tdbR00000285-Triticum_aestivum-4565-Met-BAU
16s,train,tRNA_tdbR00000286-Lupinus_luteus-3873-Met-BAU
16s,train,tRNA_tdbR00000291-Halobacterium_salinarum-2242-Asn-GUU
16s,train,tRNA_tdbR00000294-Mycoplasma_capricolum-2095-Asn-GUU
16s,train,tRNA_tdbR00000300-Saccharomyces_cerevisiae-4932-Asn-GUU
16s,train,tRNA_tdbR00000301-Lupinus_luteus-3873-Asn-UU
16s,train,tRNA_tdbR00000309-Enterobacteria_phage_T4-10665-Pro-NGG
16s,train,tRNA_tdbR00000313-Haloferax_volcanii-2246-Pro-UGG
16s,train,tRNA_tdbR00000316-Bacillus_subtilis-1423-Pro-5GG
16s,train,tRNA_tdbR00000317-Salmonella_typhimurium-602-Pro-CGG
16s,train,tRNA_tdbR00000328-Enterobacteria_phage_T5-10726-Gln-UUG
16s,train,tRNA_tdbR00000333-Escherichia_coli-562-Gln-NUG
16s,train,tRNA_tdbR00000336-Aedes_albopictus-7160-Gln-NUG
16s,train,tRNA_tdbR00000337-Tetrahymena_thermophila-5911-Gln-CUA
16s,train,tRNA_tdbR00000338-Tetrahymena_thermophila-5911-Gln-JUA
16s,train,tRNA_tdbR00000342-Bos_taurus-9913-Gln-CUG
16s,train,tRNA_tdbR00000346-Homo_sapiens-9606-Gln-NUG
16s,train,tRNA_tdbR00000347-Enterobacteria_phage_T4-10665-Arg-NCU
16s,train,tRNA_tdbR00000351-Haloferax_volcanii-2246-Arg-NCG
16s,train,tRNA_tdbR00000352-Mycoplasma_capricolum-2095-Arg-ICG
16s,train,tRNA_tdbR00000355-Escherichia_coli-562-Arg-ICG
16s,train,tRNA_tdbR00000358-Escherichia_coli-562-Arg-CU
16s,train,tRNA_tdbR00000360-Codium_fragile-3133-Arg-ICG
16s,train,tRNA_tdbR00000363-Ascaris_suum-6253-Arg-PCU
16s,train,tRNA_tdbR00000364-Ascaris_suum-6253-Arg-ACG
16s,train,tRNA_tdbR00000365-Aedes_albopictus-7160-Arg-UCG
16s,train,tRNA_tdbR00000371-Saccharomyces_cerevisiae-4932-Arg-1CU
16s,train,tRNA_tdbR00000375-Bos_taurus-9913-Arg-CCU
16s,train,tRNA_tdbR00000376-Bos_taurus-9913-Arg-3CP
16s,train,tRNA_tdbR00000377-Mus_musculus-10090-Arg-ICG
16s,train,tRNA_tdbR00000380-Halobacterium_salinarum-2242-Ser-MGA
16s,train,tRNA_tdbR00000383-Haloferax_volcanii-2246-Ser-GGA
16s,train,tRNA_tdbR00000386-Mycoplasma_mycoides-2102-Ser-UGA
16s,train,tRNA_tdbR00000393-Escherichia_coli-562-Ser-GGA
16s,train,tRNA_tdbR00000397-Saccharomyces_cerevisiae-4932-Ser-UGA
16s,train,tRNA_tdbR00000403-Bos_taurus-9913-Ser-UGA
16s,train,tRNA_tdbR00000408-Saccharomyces_cerevisiae-4932-Ser-IGA
16s,train,tRNA_tdbR00000413-Candida_cylindracea-44322-Ser-GCU
16s,train,tRNA_tdbR00000415-Nicotiana_rustica-4093-Ser-GA
16s,train,tRNA_tdbR00000416-Nicotiana_rustica-4093-Ser-CGA
16s,train,tRNA_tdbR00000424-Drosophila_melanogaster-7227-Ser-GCU
16s,train,tRNA_tdbR00000430-Halobacterium_salinarum-2242-Thr-GGU
16s,train,tRNA_tdbR00000431-Haloferax_volcanii-2246-Thr-CGU
16s,train,tRNA_tdbR00000432-Haloferax_volcanii-2246-Thr-GGU
16s,train,tRNA_tdbR00000443-Saccharomyces_cerevisiae-4932-Thr-IGU
16s,train,tRNA_tdbR00000448-Halobacterium_salinarum-2242-Val-GAC
16s,train,tRNA_tdbR00000451-Mycoplasma_capricolum-2095-Val-UAC
16s,train,tRNA_tdbR00000453-Bacillus_subtilis-1423-Val-5AC
16s,train,tRNA_tdbR00000455-Escherichia_coli-562-Val-GAC
16s,train,tRNA_tdbR00000461-Rattus_norvegicus-10116-Val-UAC
16s,train,tRNA_tdbR00000463-Bos_taurus-9913-Val-UAC
16s,train,tRNA_tdbR00000465-Saccharomyces_cerevisiae-4932-Val-CAC
16s,train,tRNA_tdbR00000467-Pichia_jadinii-4903-Val-IAC
16s,train,tRNA_tdbR00000471-Oryctolagus_cuniculus-9986-Val-IAC
16s,train,tRNA_tdbR00000472-Drosophila_melanogaster-7227-Val-IAC
16s,train,tRNA_tdbR00000475-Mus_musculus-10090-Val-IAC
16s,train,tRNA_tdbR00000477-Avian_myeloblastosis_virus-11866-Trp-BCA
16s,train,tRNA_tdbR00000480-Mycoplasma_capricolum-2095-Trp-CA
16s,train,tRNA_tdbR00000482-Spiroplasma_citri-2133-Trp-CCA
16s,train,tRNA_tdbR00000485-Nicotiana_tabacum-4097-Trp-BCA
16s,train,tRNA_tdbR00000486-Phaseolus_vulgaris-3885-Trp-BCA
16s,train,tRNA_tdbR00000488-Tetrahymena_thermophila-5911-Trp-CA
16s,train,tRNA_tdbR00000492-Rattus_norvegicus-10116-Trp-NCA
16s,train,tRNA_tdbR00000498-Gallus_gallus-9031-Trp-BCA
16s,train,tRNA_tdbR00000500-Haloferax_volcanii-2246-Ini-CAU
16s,train,tRNA_tdbR00000504-Mycoplasma_capricolum-2095-Ini-CAU
16s,train,tRNA_tdbR00000505-Mycoplasma_mycoides-2102-Ini-CAU
16s,train,tRNA_tdbR00000506-Streptomyces_griseus-1911-Ini-CAU
16s,train,tRNA_tdbR00000510-Escherichia_coli-562-Ini-CAU
16s,train,tRNA_tdbR00000512-Mycobacterium_smegmatis-1772-Ini-CAU
16s,train,tRNA_tdbR00000514-Scenedesmus_obliquus-3088-Ini-CAU
16s,train,tRNA_tdbR00000519-Phaseolus_vulgaris-3885-Ini-CAU
16s,train,tRNA_tdbR00000522-Bos_taurus-9913-Ini-AU
16s,train,tRNA_tdbR00000529-Triticum_aestivum-4565-Ini-CAU
16s,train,tRNA_tdbR00000532-Oryctolagus_cuniculus-9986-Ini-CAU
16s,train,tRNA_tdbR00000533-Drosophila_melanogaster-7227-Ini-CAU
16s,train,tRNA_tdbR00000534-Euphausia_superba-6819-Ini-CAU
16s,train,tRNA_tdbR00000535-Xenopus_laevis-8355-Ini-CAU
16s,train,tRNA_tdbR00000539-Ovis_aries-9940-Ini-CAU
16s,train,tRNA_tdbR00000545-Escherichia_coli-562-Tyr-QUA
16s,train,tRNA_tdbR00000546-Escherichia_coli-562-Tyr-QUA
16s,train,tRNA_tdbR00000548-Scenedesmus_obliquus-3088-Tyr-GUA
16s,train,tRNA_tdbR00000556-Schizosaccharomyces_pombe-4896-Tyr-GPA
16s,train,tRNA_tdbR00000581-Aeropyrum_pernix-56636-Lys-CUU
16s,train,tRNA_tdbR00000584-Aeropyrum_pernix-56636-Pro-GGG
16s,train,tRNA_tdbR00000587-Aeropyrum_pernix-56636-Met-CAU
16s,train,tRNA_tdbR00000590-Ascaris_suum-6253-Glu-UC
16s,train,tRNA_tdbR00000593-Ascaris_suum-6253-Trp-CA
16s,train,tRNA_tdbR00000605-Lupinus_luteus-3873-Leu-CAG
16s,train,tRNA_tdbR00000611-Sinorhizobium_meliloti-382-His-GUG
16s,train,tRNA_tdbR00000613-Nanoarchaeum_equitans-160232-Glu-CUC
16s,train,tRNA_tdbR00000617-Nanoarchaeum_equitans-160232-Gln-UUG
16s,train,tRNA_tdbR00000618-Candida_albicans-5476-Leu-CAG
16s,train,telomerase_AC121792.109554-109950
16s,train,telomerase_AF147806.247-692
16s,train,telomerase_AF221906.96-545
16s,train,telomerase_AF221908.136-584
16s,train,telomerase_AF221909.98-496
16s,train,telomerase_AF221911.104-513
16s,train,telomerase_AF221912.98-564
16s,train,telomerase_AF221913.109-520
16s,train,telomerase_AF221914.112-589
16s,train,telomerase_AF221916.94-481
16s,train,telomerase_AF221917.99-542
16s,train,telomerase_AF221918.97-547
16s,train,telomerase_AF221919.107-614
16s,train,telomerase_AF221920.99-541
16s,train,telomerase_AF221921.98-548
16s,train,telomerase_AF221923.106-554
16s,train,telomerase_AF221924.105-538
16s,train,telomerase_AF221925.98-540
16s,train,telomerase_AF221926.103-507
16s,train,telomerase_AF221930.94-546
16s,train,telomerase_AF221931.99-541
16s,train,telomerase_AF221932.102-549
16s,train,telomerase_AF221934.121-565
16s,train,telomerase_AF221935.112-602
16s,train,telomerase_AF221936.98-540
16s,train,telomerase_AF221937.99-545
16s,train,telomerase_AF221940.103-499
16s,train,telomerase_AY312571.605-1069
16s,train,tmRNA_Acin.spec._CR543861_1-360
16s,train,tmRNA_Acti.acti._TRW-272556_1-366
16s,train,tmRNA_Acti.naes._TRW-240017_1-371
16s,train,tmRNA_Acti.succ._TRW-339671_1-367
16s,train,tmRNA_Aero.hydr._AY442269_1-360
16s,train,tmRNA_Aero.hydr._CP000462_1-360
16s,train,tmRNA_Anab.vari._CP000117_1-390
16s,train,tmRNA_Azoa.spec._TRW-62928_1-378
16s,train,tmRNA_Baci.G._TRW-12333_1-312
16s,train,tmRNA_Baci.anth._AE016879_1-355
16s,train,tmRNA_Baci.halo._BA000004_1-361
16s,train,tmRNA_Baci.thur._AE017355_1-355
16s,train,tmRNA_Bact.frag._TRW-817_1-398
16s,train,tmRNA_Bdel.bact._BX842656_1-346
16s,train,tmRNA_Bord.bron._TRW-257310_1-387
16s,train,tmRNA_Bord.para._TRW-257311_1-387
16s,train,tmRNA_Borr.burg._AE001118_1-359
16s,train,tmRNA_Buch.aphi._BD061520_1-369
16s,train,tmRNA_Burk.ceno._CP000378_1-370
16s,train,tmRNA_Burk.spec._CP000151_1-370
16s,train,tmRNA_Camp.fetu._AY211269_1-361
16s,train,tmRNA_Camp.lari._TRW-306263_1-359
16s,train,tmRNA_Camp.upsa._TRW-306264_1-359
16s,train,tmRNA_Carn.malt._AF275938_1-366
16s,train,tmRNA_Chla.abor._CR848038_1-425
16s,train,tmRNA_Chla.cavi._AE015925_1-425
16s,train,tmRNA_Chla.muri._AE002296_1-418
16s,train,tmRNA_Chla.pneu._TRW-83558_1-426
16s,train,tmRNA_Chla.trac._TRW-272561_1-420
16s,train,tmRNA_Chlo.chlo._CP000108_1-401
16s,train,tmRNA_Clav.mich._TRW-31964_1-376
16s,train,tmRNA_Clos.acet._AE001437_1-359
16s,train,tmRNA_Clos.botu._TRW-36826_1-355
16s,train,tmRNA_Clos.diff._AM180355_1-350
16s,train,tmRNA_Clos.diff._TRW-367459_1-350
16s,train,tmRNA_Clos.ther._TRW-203119_1-387
16s,train,tmRNA_Croc.wats._TRW-165597_1-386
16s,train,tmRNA_Desu.psyc._CR522870_1-366
16s,train,tmRNA_Dich.nodo._TRW-35819_1-352
16s,train,tmRNA_Emil.huxl._TRW-280463_1-291
16s,train,tmRNA_Ente.faec._BD193796_1-367
16s,train,tmRNA_Ente.faec._TRW-1352_1-367
16s,train,tmRNA_Erwi.caro._BX950851_1-363
16s,train,tmRNA_Esch.coli._AE005491_1-363
16s,train,tmRNA_Esch.coli._AP009048_1-363
16s,train,tmRNA_Esch.coli._BA000007_1-363
16s,train,tmRNA_Esch.coli._CP000247_1-363
16s,train,tmRNA_Esch.coli._D90888_1-363
16s,train,tmRNA_Exig.sibi._TRW-262543_1-359
16s,train,tmRNA_Fibr.succ._TRW-59374_1-361
16s,train,tmRNA_Fran.tula._AM233362_1-421
16s,train,tmRNA_Fran.tula._AM286280_1-421
16s,train,tmRNA_Fran.tula._CP000437_1-421
16s,train,tmRNA_Fuso.nucl._AE010567_1-341
16s,train,tmRNA_Fuso.nucl._TRW-209882_1-344
16s,train,tmRNA_Gemm.obsc._TRW-214688_1-412
16s,train,tmRNA_Geob.meta._CP000148_1-356
16s,train,tmRNA_Geob.stea._TRW-1422_1-352
16s,train,tmRNA_Guil.thet._AF041468_1-327
16s,train,tmRNA_Haem.ducr._AE017143_1-367
16s,train,tmRNA_Haem.infl._AY599475_1-366
16s,train,tmRNA_Haem.infl._L42023_1-366
16s,train,tmRNA_Haem.infl._TRW-262727_1-366
16s,train,tmRNA_Haem.infl._TRW-262728_1-366
16s,train,tmRNA_Haem.infl._U32808_1-366
16s,train,tmRNA_Heli.must._DQ250625_1-366
16s,train,tmRNA_Heli.pylo._AE000511_1-386
16s,train,tmRNA_Heli.pylo._AE001503_1-383
16s,train,tmRNA_Heli.pylo._TRW-85962_1-386
16s,train,tmRNA_Heli.pylo._TRW-85963_1-386
16s,train,tmRNA_Kleb.pneu._TRW-272620_1-363
16s,train,tmRNA_Lact.lact._AE006373_1-359
16s,train,tmRNA_Lact.lact._AF176556_1-359
16s,train,tmRNA_Lact.plan._AL935259_1-372
16s,train,tmRNA_Leif.xyli._AE016822_1-394
16s,train,tmRNA_Lept.inte._AE016823_1-350
16s,train,tmRNA_Lept.spec._TRW-261385_1-359
16s,train,tmRNA_Lept.spec._TRW-261386_1-359
16s,train,tmRNA_Leuc.mese._CP000414_1-358
16s,train,tmRNA_Leuc.mese._TRW-1245_1-358
16s,train,tmRNA_List.gray._AF440336_1-321
16s,train,tmRNA_List.mono._TRW-1639-1_1-370
16s,train,tmRNA_List.wels._AF440351_1-321
16s,train,tmRNA_Mann.haem._TRW-272629_1-367
16s,train,tmRNA_Mann.succ._AE016827_1-367
16s,train,tmRNA_Myco.Bxz1._AY129337_1-437
16s,train,tmRNA_Myco.afri._TRW-33894_1-368
16s,train,tmRNA_Myco.bovi._TRW-1765_1-368
16s,train,tmRNA_Myco.capr._D13067_1-411
16s,train,tmRNA_Myco.myco._BX842642_1-411
16s,train,tmRNA_Myco.pulm._AL445565_1-387
16s,train,tmRNA_Myco.smeg._CP000480_1-369
16s,train,tmRNA_Myco.tube._TRW-164513_1-368
16s,train,tmRNA_Myxo.xant._TRW-34_1-366
16s,train,tmRNA_Neis.gono._TRW-242231_1-363
16s,train,tmRNA_Neis.meni._TRW-272831_1-363
16s,train,tmRNA_Nitr.mult._CP000103_1-362
16s,train,tmRNA_Nost.punc._TRW-63737_1-390
16s,train,tmRNA_Nost.spec._BA000019_1-390
16s,train,tmRNA_Odon.sine._TRW-2839_1-371
16s,train,tmRNA_Oeno.oeni._TRW-203123_1-350
16s,train,tmRNA_Onio.yell._AP006628_1-423
16s,train,tmRNA_Para.symb._BX908798_1-405
16s,train,tmRNA_Pedi.pent._CP000422_1-369
16s,train,tmRNA_Phot.lumi._BX571870_1-364
16s,train,tmRNA_Pola.spec._CP000316_1-387
16s,train,tmRNA_Porp.ging._TRW-242619_1-407
16s,train,tmRNA_Porp.purp._TRW-2787_1-323
16s,train,tmRNA_Prop.acne._AE017283_1-371
16s,train,tmRNA_Prop.acne._TRW-1747-1_1-371
16s,train,tmRNA_Pseu.aeru._CP000438_1-353
16s,train,tmRNA_Pseu.fluo._CP000076_1-394
16s,train,tmRNA_Pseu.fluo._TRW-216595_1-397
16s,train,tmRNA_Pseu.syri._AE016853_1-388
16s,train,tmRNA_Rals.sola._AL646052_1-360
16s,train,tmRNA_Rubr.gela._TRW-279263_1-372
16s,train,tmRNA_Rubr.xyla._CP000386_1-360
16s,train,tmRNA_Rumi.albu._TRW-246199_1-354
16s,train,tmRNA_Sali.rube._CP000159_1-369
16s,train,tmRNA_Salm.bong._TRW-218493_1-363
16s,train,tmRNA_Salm.ente._AE014613_1-363
16s,train,tmRNA_Salm.ente._TRW-59204_1-363
16s,train,tmRNA_Salm.typh._AY319520_1-363
16s,train,tmRNA_Shew.putr._TRW-319224_1-356
16s,train,tmRNA_Shew.spec._CP000444_1-355
16s,train,tmRNA_Shew.spec._CP000446_1-355
16s,train,tmRNA_Shig.dyse._CP000034_1-363
16s,train,tmRNA_Shig.flex._AE014073_1-363
16s,train,tmRNA_Soda.glos._AP008232_1-384
16s,train,tmRNA_Stap.aure._AC074317_1-359
16s,train,tmRNA_Stap.aure._BA000017_1-362
16s,train,tmRNA_Stap.aure._BX571857_1-362
16s,train,tmRNA_Stap.aure._TRW-1280_1-362
16s,train,tmRNA_Stap.epid._TRW-1282-2_1-362
16s,train,tmRNA_Stre.agal._AE014233_1-350
16s,train,tmRNA_Stre.aure._AY616521_1-382
16s,train,tmRNA_Stre.aver._BA000030_1-389
16s,train,tmRNA_Stre.scab._TRW-1883_1-402
16s,train,tmRNA_Stre.sobr._TRW-246202_1-349
16s,train,tmRNA_Sulf.azor._TRW-204536_1-351
16s,train,tmRNA_Syne.spec._D90916_1-396
16s,train,tmRNA_Synt.acid._CP000252_1-356
16s,train,tmRNA_Thal.pseu._EF067921_1-344
16s,train,tmRNA_Thal.weis._AF049491_1-348
16s,train,tmRNA_Trep.dent._AE017226_1-351
16s,train,tmRNA_Tric.eryt._CP000393_1-398
16s,train,tmRNA_Trop.whip._BX251411_1-369
16s,train,tmRNA_Urea.parv._AE002154_1-413
16s,train,tmRNA_Xant.axon._AE011783_1-397
16s,train,tmRNA_Xyle.fast._AE003849_1-355
16s,train,tmRNA_Xyle.fast._AE004078_1-355
16s,train,tmRNA_Xyle.fast._TRW-155920_1-355
16s,train,tmRNA_Yers.ente._TRW-34054_1-381
16s,train,tmRNA_Yers.inte._TRW-349965_1-381
16s,train,tmRNA_Yers.pest._CP000305_1-364
16s,train,tmRNA_envi.sequ._TRW-259292_1-355
16s,train,tmRNA_envi.sequ._TRW-32045-1_1-355
16s,train,tmRNA_envi.sequ._TRW-32045-2_1-345
16s,train,tmRNA_uncu.bact._TRW-32033-1_1-354
16s,train,tmRNA_uncu.bact._TRW-32045-4_1-369
16s,valid,23s_E.coli_domain4
16s,valid,23s_H.pylori_domain4
16s,valid,23s_T.thermophilus_domain3
16s,valid,5s_Acinetobacter-sp.-1
16s,valid,5s_Azotobacter-vinelandii-1
16s,valid,5s_Bacillus-halodurans-4
16s,valid,5s_Bacteroides-fragilis-3
16s,valid,5s_Bacteroides-fragilis-6
16s,valid,5s_Bartonella-henselae-1
16s,valid,5s_Blastocladiella-simplex-1
16s,valid,5s_Bombyx-mori-1
16s,valid,5s_Caenorhabditis-elegans-3
16s,valid,5s_Chlamydophila-abortus-1
16s,valid,5s_Cryptococcus-humicola-1
16s,valid,5s_Drosophila-teissieri-1
16s,valid,5s_Empedobacter-brevis-1
16s,valid,5s_Fusarium-pseudograminearum-1
16s,valid,5s_Fusobacterium-nucleatum-2
16s,valid,5s_Gallus-gallus-1
16s,valid,5s_Grimontia-hollisae-1
16s,valid,5s_Kluyveromyces-delphensis-1
16s,valid,5s_Lentinula-edodes-2
16s,valid,5s_Mycoplasma-genitalium-1
16s,valid,5s_Mycoplasma-pneumoniae-1
16s,valid,5s_Neurospora-crassa-12
16s,valid,5s_Neurospora-crassa-15
16s,valid,5s_Notophthalmus-viridescens-1
16s,valid,5s_Photobacterium-profundum-3
16s,valid,5s_Pinus-contorta-1
16s,valid,5s_Pirellula-sp.-1
16s,valid,5s_Pirellula-sp.-2
16s,valid,5s_Pseudomonas-aeruginosa-2
16s,valid,5s_Puccinia-suaveolens-1
16s,valid,5s_Roseococcus-thiosulfatophilus-2
16s,valid,5s_Saccharothrix-mutabilis-1
16s,valid,5s_Shewanella-oneidensis-1
16s,valid,5s_Streptomyces-roseoverticillatus-1
16s,valid,5s_Thermotoga-sp.-1
16s,valid,5s_Thraustochytrium-visurgense-2
16s,valid,5s_Tremella-mesenterica-2
16s,valid,5s_Trimorphomyces-papilionaceus-1
16s,valid,5s_Vibrio-cyclosites-1
16s,valid,5s_Xanthobacter-viscosus-1
16s,valid,RNaseP_A.brierleyi
16s,valid,RNaseP_A.ferrooxidans-g
16s,valid,RNaseP_A.fulgidus
16s,valid,RNaseP_A.laidlawii
16s,valid,RNaseP_A.obstetricans
16s,valid,RNaseP_B.bronchiseptica
16s,valid,RNaseP_B.pertussis
16s,valid,RNaseP_C.tepidum-g
16s,valid,RNaseP_C.vinosum
16s,valid,RNaseP_CPB80
16s,valid,RNaseP_D.jeanneae
16s,valid,RNaseP_E.eschsholtzii
16s,valid,RNaseP_H.aurantiacus
16s,valid,RNaseP_H.influenza
16s,valid,RNaseP_H.pylori-RU1
16s,valid,RNaseP_H.trapanicum
16s,valid,RNaseP_LGB32
16s,valid,RNaseP_M.capricolum
16s,valid,RNaseP_M.sedula
16s,valid,RNaseP_N.flavus
16s,valid,RNaseP_Onchorhynchus-sp-1
16s,valid,RNaseP_P.alcalifaciens
16s,valid,RNaseP_P.gingivalis
16s,valid,RNaseP_P.putida
16s,valid,RNaseP_Prochlorococcus-PAC1A
16s,valid,RNaseP_Prochlorococcus-PCC9511
16s,valid,RNaseP_R.prowazekii
16s,valid,RNaseP_S.acidocaldarius
16s,valid,RNaseP_S.carlsbergensis
16s,valid,RNaseP_S.lividans
16s,valid,RNaseP_S.mutans
16s,valid,RNaseP_S.unisporus
16s,valid,RNaseP_S.uvarum
16s,valid,RNaseP_SL1-1
16s,valid,RNaseP_SM-A2946
16s,valid,RNaseP_SM-A4775
16s,valid,RNaseP_SM-A6090
16s,valid,RNaseP_SMB-B4
16s,valid,RNaseP_Synechococcus-PCC7942
16s,valid,RNaseP_Synechocystis-PCC6308
16s,valid,grp1_a.I1.b.Dermocarpa.sp.ATCC29371.C3.tMET
16s,valid,grp1_a.I1.b.S.hofmanii.C3.tMET
16s,valid,grp1_a.I1.e.A.capsulatus.G186B.C1.SSU
16s,valid,grp1_a.I1.e.B.yamatoana.JCM2896.C1.SSU.1506
16s,valid,grp1_a.I1.e.C.merochlorophea.UNK.SSU.1046
16s,valid,grp1_a.I1.e.C.saccatum.C1.SSU.1512
16s,valid,grp1_a.I1.e.D.parva.C1.SSU.943
16s,valid,grp1_a.I1.e.L.dispersa.UNK.SSU.1046
16s,valid,grp1_a.I1.e.P.inouyei.C1.SSU.943
16s,valid,grp1_a.I1.e.S.paniceum.UNK.SSU.114
16s,valid,grp1_a.I1.e.S.paniceum.UNK.SSU.287
16s,valid,grp1_a.I1.e.Staurastrum.sp.M753.C1.SSU.1506
16s,valid,grp1_a.I1.e.T.hyperangularis.C1.LSU.1925
16s,valid,grp1_a.I1.e.T.malaccensis.C1.LSU.1925
16s,valid,grp1_b.I1.e.T.thermophila.C1.LSU.1925
16s,valid,srp_Aede.aegy._DW714815
16s,valid,srp_Aero.pern._BA000002
16s,valid,srp_Baci.subt._X06802
16s,valid,srp_Baci.subt._X12642
16s,valid,srp_Bdel.bact._BX842656
16s,valid,srp_Clos.beij._CP000721
16s,valid,srp_Clos.diff._AM180355
16s,valid,srp_Cory.diph._BX248354
16s,valid,srp_Cory.jeik._CR931997
16s,valid,srp_Cypr.carp._CF662133
16s,valid,srp_Dros.mela._AE014297
16s,valid,srp_Dros.mela._X00952
16s,valid,srp_Dros.moja._GSP-7230
16s,valid,srp_Esch.coli._U00096
16s,valid,srp_Heli.annu._AJ828095
16s,valid,srp_Homo.sapi._BE083383
16s,valid,srp_Homo.sapi._BF909560
16s,valid,srp_Humu.lupu._AJ236703
16s,valid,srp_Hype.buty._CP000493
16s,valid,srp_Kleb.pneu._CP000647
16s,valid,srp_Leis.guya._AY722728
16s,valid,srp_Leis.majo._AY722715
16s,valid,srp_Lyco.escu._Z29099
16s,valid,srp_Medi.trun._AC136507
16s,valid,srp_Meth.ferv._M32222
16s,valid,srp_Myco.syno._AE017245
16s,valid,srp_Nitr.euro._BX321857
16s,valid,srp_Onch.volv._AI249203
16s,valid,srp_Proc.mari._AE017165
16s,valid,srp_Pyro.cali._CP000561
16s,valid,srp_Rick.typh._AE017197
16s,valid,srp_Sacc.para._BN000251
16s,valid,srp_Shig.flex._AE014073
16s,valid,srp_Stap.epid._AF269814
16s,valid,srp_Stre.pneu._CP000410
16s,valid,srp_Thal.pseu._EF067921
16s,valid,srp_Ther.koda._AP006878
16s,valid,srp_Trop.whip._AE014184
16s,valid,srp_Yers.pest._CP000305
16s,valid,srp_Yers.pseu._BX936398
16s,valid,tRNA_tdbR00000013-Pichia_jadinii-4903-Ala-IGC
16s,valid,tRNA_tdbR00000020-Escherichia_coli-562-Cys-GCA
16s,valid,tRNA_tdbR00000026-Escherichia_coli-562-Asp-QUC
16s,valid,tRNA_tdbR00000032-Rattus_norvegicus-10116-Asp-GUC
16s,valid,tRNA_tdbR00000078-Ascaris_suum-6253-Phe-GAA
16s,valid,tRNA_tdbR00000111-Mycoplasma_capricolum-2095-Gly-UCC
16s,valid,tRNA_tdbR00000164-Saccharomyces_cerevisiae-4932-Ile-GAU
16s,valid,tRNA_tdbR00000170-Saccharomyces_cerevisiae-4932-Ile-IAU
16s,valid,tRNA_tdbR00000172-Lupinus_luteus-3873-Ile-IAU
16s,valid,tRNA_tdbR00000176-Haloferax_volcanii-2246-Lys-MUU
16s,valid,tRNA_tdbR00000196-Rattus_norvegicus-10116-Lys-CUN
16s,valid,tRNA_tdbR00000211-Haloferax_volcanii-2246-Leu-CAA
16s,valid,tRNA_tdbR00000218-Mycoplasma_capricolum-2095-Leu-UAG
16s,valid,tRNA_tdbR00000225-Synechococcus_elongatus_PCC_6301-269084-Leu-CAA
16s,valid,tRNA_tdbR00000252-Pichia_jadinii-4903-Leu-BAA
16s,valid,tRNA_tdbR00000254-Candida_cylindracea-44322-Leu-IAG
16s,valid,tRNA_tdbR00000343-Mus_musculus-10090-Gln-CUG
16s,valid,tRNA_tdbR00000356-Escherichia_coli-562-Arg-ICG
16s,valid,tRNA_tdbR00000368-Mesocricetus_auratus-10036-Arg-UCG
16s,valid,tRNA_tdbR00000394-Escherichia_coli-562-Ser-VGA
16s,valid,tRNA_tdbR00000396-Saccharomyces_cerevisiae-4932-Ser-UGA
16s,valid,tRNA_tdbR00000400-Loligo_bleekeri-6617-Ser-7CU
16s,valid,tRNA_tdbR00000406-Saccharomyces_cerevisiae-4932-Ser-NGA
16s,valid,tRNA_tdbR00000407-Saccharomyces_cerevisiae-4932-Ser-IGA
16s,valid,tRNA_tdbR00000439-Spinacia_oleracea-3562-Thr-GGU
16s,valid,tRNA_tdbR00000445-Bos_taurus-9913-Thr-IGU
16s,valid,tRNA_tdbR00000446-Halobacterium_salinarum-2242-Val-CAC
16s,valid,tRNA_tdbR00000459-Neurospora_crassa-5141-Val-UAC
16s,valid,tRNA_tdbR00000478-Haloferax_volcanii-2246-Trp-BCA
16s,valid,tRNA_tdbR00000497-Bos_taurus-9913-Trp-BCA
16s,valid,tRNA_tdbR00000499-Halobacterium_salinarum-2242-Ini-CAU
16s,valid,tRNA_tdbR00000507-Bacillus_subtilis-1423-Ini-CAU
16s,valid,tRNA_tdbR00000523-Tetrahymena_thermophila-5911-Ini-CAU
16s,valid,tRNA_tdbR00000559-Triticum_aestivum-4565-Tyr-GPA
16s,valid,tRNA_tdbR00000560-Lupinus_luteus-3873-Tyr-GPA
16s,valid,tRNA_tdbR00000565-Bos_taurus-9913-Tyr-9PA
16s,valid,tRNA_tdbR00000572-Leishmania_tarentolae-5689-Lys-1UU
16s,valid,tRNA_tdbR00000575-Leishmania_tarentolae-5689-Thr-CGU
16s,valid,tRNA_tdbR00000578-Leishmania_tarentolae-5689-Glu-3UC
16s,valid,tRNA_tdbR00000616-Nanoarchaeum_equitans-160232-Lys-CUU
16s,valid,telomerase_AF221910.112-554
16s,valid,telomerase_AF221927.113-556
16s,valid,telomerase_AF221928.95-476
16s,valid,telomerase_AF221929.92-517
16s,valid,telomerase_AF221939.99-544
16s,valid,telomerase_AY058901.1-397
16s,valid,telomerase_U85256.1-451
16s,valid,tmRNA_Aqui.aeol._TRW-63363_1-347
16s,valid,tmRNA_Arth.spec._CP000454_1-369
16s,valid,tmRNA_Bact.frag._CR626927_1-398
16s,valid,tmRNA_Buch.aphi._AE013218_1-376
16s,valid,tmRNA_Burk.mall._CP000010_1-370
16s,valid,tmRNA_Burk.viet._TRW-269482_1-370
16s,valid,tmRNA_Camp.coli._TRW-306254_1-359
16s,valid,tmRNA_Chla.trac._TRW-813-1_1-420
16s,valid,tmRNA_Copr.prot._TRW-351627_1-353
16s,valid,tmRNA_Cyan.mero._AY286123_1-236
16s,valid,tmRNA_Esch.coli._U36840_1-363
16s,valid,tmRNA_Heli.hepa._AE017125_1-369
16s,valid,tmRNA_Lact.john._TRW-257314_1-367
16s,valid,tmRNA_Leuc.mese._AF375574_1-307
16s,valid,tmRNA_Meso.flor._AE017263_1-408
16s,valid,tmRNA_Meth.flag._CP000284_1-361
16s,valid,tmRNA_Moor.ther._CP000232_1-358
16s,valid,tmRNA_Mora.cata._AX067460_1-359
16s,valid,tmRNA_Myco.aviu._AE016958_1-368
16s,valid,tmRNA_Myco.hyop._TRW-262719_1-433
16s,valid,tmRNA_Nitr.euro._BX321865_1-360
16s,valid,tmRNA_Noca.farc._AP006618_1-368
16s,valid,tmRNA_Phot.prof._CR378665_1-368
16s,valid,tmRNA_Pseu.aeru._AE004091_1-353
16s,valid,tmRNA_Pseu.ento._CT573326_1-392
16s,valid,tmRNA_Salm.ente._AE017220_1-363
16s,valid,tmRNA_Salm.typh._AY316313_1-363
16s,valid,tmRNA_Serr.marc._TRW-273526_1-364
16s,valid,tmRNA_Shew.onei._AX048560_1-355
16s,valid,tmRNA_Shew.spec._CP000469_1-355
16s,valid,tmRNA_Shew.spec._TRW-323850_1-356
16s,valid,tmRNA_Shig.sonn._CP000038_1-363
16s,valid,tmRNA_Sten.malt._TRW-40324_1-354
16s,valid,tmRNA_Stre.equi._TRW-1336_1-349
16s,valid,tmRNA_Stre.pneu._AE008453_1-348
16s,valid,tmRNA_Ther.fusc._CP000088_1-372
16s,valid,tmRNA_Ther.mari._TRW-243274-1_1-356
16s,valid,tmRNA_Ther.teng._AE013063_1-351
16s,valid,tmRNA_Trep.pall._TRW-243276_1-354
16s,valid,tmRNA_envi.sequ._TRW-204433_1-356
23s,test,23s_B.subtilis_domain3
23s,test,23s_B.subtilis_domain4
23s,test,23s_B.subtilis_domain6
23s,test,23s_E.coli_domain3
23s,test,23s_E.coli_domain4
23s,test,23s_E.coli_domain6
23s,test,23s_H.pylori_domain3
23s,test,23s_H.pylori_domain4
23s,test,23s_H.pylori_domain6
23s,test,23s_S.aureus_domain3
23s,test,23s_S.aureus_domain4
23s,test,23s_S.aureus_domain6
23s,test,23s_T.thermophilus_domain3
23s,test,23s_T.thermophilus_domain4
23s,test,23s_T.thermophilus_domain6
23s,train,16s_A.fulgidus_domain2
23s,train,16s_A.fulgidus_domain3
23s,train,16s_A.fulgidus_domain4
23s,train,16s_A.pyrophilus_domain2
23s,train,16s_A.pyrophilus_domain4
23s,train,16s_B.burgdorferi_domain2
23s,train,16s_B.burgdorferi_domain3
23s,train,16s_B.subtilis_domain2
23s,train,16s_B.subtilis_domain3
23s,train,16s_C.elegans_domain1
23s,train,16s_C.elegans_domain2
23s,train,16s_C.elegans_domain3
23s,train,16s_C.psittaci_domain2
23s,train,16s_C.psittaci_domain3
23s,train,16s_C.psittaci_domain4
23s,train,16s_C.reinhardtii.chloro_domain2
23s,train,16s_C.reinhardtii.chloro_domain4
23s,train,16s_C.reinhardtii.mito_domain3
23s,train,16s_C.reinhardtii.mito_domain4
23s,train,16s_D.melanogaster_domain4
23s,train,16s_E.coli_domain2
23s,train,16s_E.coli_domain3
23s,train,16s_E.coli_domain4
23s,train,16s_F.ananassa_domain3
23s,train,16s_F.ananassa_domain4
23s,train,16s_G.intestinalis_domain1
23s,train,16s_G.intestinalis_domain2
23s,train,16s_G.intestinalis_domain3
23s,train,16s_G.intestinalis_domain4
23s,train,16s_H.sapiens.mito_domain1
23s,train,16s_H.sapiens.mito_domain2
23s,train,16s_H.sapiens.mito_domain4
23s,train,16s_H.sapiens_domain3
23s,train,16s_H.sapiens_domain4
23s,train,16s_H.volcanii_domain2
23s,train,16s_H.volcanii_domain3
23s,train,16s_H.volcanii_domain4
23s,train,16s_M.polymorpha_domain2
23s,train,16s_M.polymorpha_domain3
23s,train,16s_M.polymorpha_domain4
23s,train,16s_P.occultum_domain2
23s,train,16s_P.occultum_domain3
23s,train,16s_P.staleyi_domain2
23s,train,16s_P.staleyi_domain3
23s,train,16s_P.staleyi_domain4
23s,train,16s_S.cerevisiae_domain4
23s,train,16s_T.gondii_domain4
23s,train,16s_T.maritima_domain2
23s,train,16s_T.maritima_domain4
23s,train,16s_Z.mays_domain1
23s,train,16s_Z.mays_domain2
23s,train,16s_Z.mays_domain3
23s,train,16s_Z.mays_domain4
23s,train,5s_Acanthamoeba-castellanii-2
23s,train,5s_Acholeplasma-laidlawii-2
23s,train,5s_Achromobacter-xylosoxidans-1
23s,train,5s_Acidiphilium-acidophilum-1
23s,train,5s_Acinetobacter-sp.-1
23s,train,5s_Acremonium-chrysogenum-1
23s,train,5s_Akkesiphycus-lubricum-1
23s,train,5s_Amycolatopsis-lactamdurans-1
23s,train,5s_Ancylobacter-aquaticus-1
23s,train,5s_Andrias-japonicus-1
23s,train,5s_Antheraea-pernyi-1
23s,train,5s_Aquifex-aeolicus-1
23s,train,5s_Archaeoglobus-fulgidus-1
23s,train,5s_Artemia-sp.-4
23s,train,5s_Arthrobacter-polychromogenes-1
23s,train,5s_Asellus-aquaticus-2
23s,train,5s_Azotobacter-vinelandii-1
23s,train,5s_Bacillus-anthracis-10
23s,train,5s_Bacillus-anthracis-6
23s,train,5s_Bacillus-clausii-1
23s,train,5s_Bacillus-firmus-1
23s,train,5s_Bacillus-halodurans-4
23s,train,5s_Bacteroides-fragilis-3
23s,train,5s_Bacteroides-fragilis-4
23s,train,5s_Bacteroides-fragilis-6
23s,train,5s_Bartonella-henselae-1
23s,train,5s_Blakeslea-trispora-1
23s,train,5s_Bombyx-mori-1
23s,train,5s_Bombyx-mori-2
23s,train,5s_Brachionus-plicatilis-1
23s,train,5s_Brevibacterium-helvolum-1
23s,train,5s_C_paradoxE
23s,train,5s_Caenorhabditis-elegans-3
23s,train,5s_Campylobacter-jejuni-3
23s,train,5s_Cancer-pagurus-1
23s,train,5s_Candidatus-Tremblaya-princeps-1
23s,train,5s_Caulobacter-sp.-5
23s,train,5s_Caulobacter-sp.-6
23s,train,5s_Chlamydophila-abortus-1
23s,train,5s_Clostridium-acetobutylicum-5
23s,train,5s_Coprinopsis-cinerea-1
23s,train,5s_Corynebacterium-glutamicum-1
23s,train,5s_Corynebacterium-glutamicum-2
23s,train,5s_Cryptococcus-humicola-1
23s,train,5s_Cryptomonas-paramecium-1
23s,train,5s_Cyclidiopsis-acus-1
23s,train,5s_Cystobacter-fuscus-1
23s,train,5s_Delftia-acidovorans-1
23s,train,5s_Dipsacomyces-acuminosporus-1
23s,train,5s_Dirofilaria-immitis-1
23s,train,5s_Drosophila-teissieri-1
23s,train,5s_Dugesia-japonica-2
23s,train,5s_Emericella-nidulans-3
23s,train,5s_Emericella-nidulans-7
23s,train,5s_Escherichia-coli-11
23s,train,5s_Escherichia-coli-14
23s,train,5s_Escherichia-coli-3
23s,train,5s_Exidia-glandulosa-1
23s,train,5s_Filobasidiella-depauperata-1
23s,train,5s_Filobasidium-capsuligenum-1
23s,train,5s_Fusarium-asiaticum-7
23s,train,5s_Fusarium-lunulosporum-3
23s,train,5s_Fusarium-lunulosporum-5
23s,train,5s_Fusarium-pseudograminearum-1
23s,train,5s_Fusarium-pseudograminearum-6
23s,train,5s_Fusarium-sporotrichioides-1
23s,train,5s_Fusobacterium-nucleatum-2
23s,train,5s_Gallus-gallus-1
23s,train,5s_Gelidium-amansii-2
23s,train,5s_Geobacillus-stearothermophilus-2
23s,train,5s_Ginkgo-biloba-1
23s,train,5s_Haloarcula-marismortui-2
23s,train,5s_Halococcus-morrhuae-2
23s,train,5s_Haloferax-volcanii-2
23s,train,5s_Helicobacter-pylori-3
23s,train,5s_Hyphomicrobium-sp.-3
23s,train,5s_Hyphomicrobium-sp.-5
23s,train,5s_Hyphomonas-oligotropha-1
23s,train,5s_Idiomarina-loihiensis-1
23s,train,5s_Illex-illecebrosus-1
23s,train,5s_Juniperus-media-1
23s,train,5s_Kondoa-malvinella-1
23s,train,5s_Kutzneria-viridogrisea-1
23s,train,5s_Locusta-migratoria-1
23s,train,5s_Microbacterium-testaceum-1
23s,train,5s_Microtetraspora-glauca-1
23s,train,5s_Mycobacterium-tuberculosis-3
23s,train,5s_Mycoplasma-gallisepticum-1
23s,train,5s_Mycoplasma-pneumoniae-1
23s,train,5s_Myxococcus-coralloides-1
23s,train,5s_Neurospora-crassa-12
23s,train,5s_Neurospora-crassa-15
23s,train,5s_Neurospora-crassa-2
23s,train,5s_Nitrobacter-winogradskyi-1
23s,train,5s_Notophthalmus-viridescens-1
23s,train,5s_Oerskovia-turbata-1
23s,train,5s_Paenibacillus-popilliae-1
23s,train,5s_Parachlamydia-sp.-1
23s,train,5s_Paramecium-tetraurelia-1
23s,train,5s_Photobacterium-profundum-3
23s,train,5s_Pichia-jadinii-2
23s,train,5s_Pinus-contorta-1
23s,train,5s_Pirellula-sp.-2
23s,train,5s_Plasmodium-falciparum-1
23s,train,5s_Pneumocystis-carinii-1
23s,train,5s_Prasinocladus-sp.-1
23s,train,5s_Propionibacterium-acnes-1
23s,train,5s_Pseudomonas-aeruginosa-1
23s,train,5s_Pseudomonas-aeruginosa-2
23s,train,5s_Pseudomonas-fluorescens-4
23s,train,5s_Puccinia-suaveolens-1
23s,train,5s_Pyrococcus-horikoshii-1
23s,train,5s_Pyrococcus-woesei-1
23s,train,5s_Pythium-torulosum-1
23s,train,5s_Ralstonia-solanacearum-1
23s,train,5s_Ralstonia-solanacearum-2
23s,train,5s_Rhodobacter-sphaeroides-2
23s,train,5s_Rhodococcus-erythropolis-2
23s,train,5s_Rhodopseudomonas-palustris-2
23s,train,5s_Roseococcus-thiosulfatophilus-1
23s,train,5s_Roseococcus-thiosulfatophilus-2
23s,train,5s_Rumex-acetosa-1
23s,train,5s_Sabellastarte-japonica-1
23s,train,5s_Salmonella-typhi-1
23s,train,5s_Saprolegnia-ferax-1
23s,train,5s_Schizosaccharomyces-pombe-1
23s,train,5s_Shewanella-oneidensis-1
23s,train,5s_Spirobolus-sp-1
23s,train,5s_Sporolactobacillus-nakayamae-1
23s,train,5s_Staphylococcus-aureus-1
23s,train,5s_Streptococcus-mutans-2
23s,train,5s_Streptococcus-pyogenes-2
23s,train,5s_Streptococcus-salivarius-1
23s,train,5s_Streptomyces-avermitilis-4
23s,train,5s_Streptomyces-coelicolor-1
23s,train,5s_Streptomyces-lividans-1
23s,train,5s_Streptomyces-rimosus-2
23s,train,5s_Streptomyces-violaceus-1
23s,train,5s_T_cruziE
23s,train,5s_Taxus-baccata-1
23s,train,5s_Thermoactinomyces-vulgaris-1
23s,train,5s_Thermomyces-lanuginosus-1
23s,train,5s_Thermotoga-sp.-1
23s,train,5s_Thermus-sp.-2
23s,train,5s_Thermus-thermophilus-2
23s,train,5s_Thiomonas-cuprina-1
23s,train,5s_Thiothrix-nivea-1
23s,train,5s_Thraustochytrium-visurgense-2
23s,train,5s_Tremella-mesenterica-2
23s,train,5s_Trimorphomyces-papilionaceus-1
23s,train,5s_Ustilago-maydis-1
23s,train,5s_Ustilentyloma-fluitans-1
23s,train,5s_Vibrio-fluvialis-1
23s,train,5s_Vibrio-harveyi-1
23s,train,5s_Vibrio-nereis-1
23s,train,5s_Vibrio-parahaemolyticus-3
23s,train,5s_Vibrio-vulnificus-4
23s,train,5s_Xanthobacter-viscosus-1
23s,train,5s_Yersinia-pestis-1
23s,train,5s_uncultured-euryarchaeote-37F11-1
23s,train,RNaseP_A.ambivalens
23s,train,RNaseP_A.brierleyi
23s,train,RNaseP_A.chroococcum
23s,train,RNaseP_A.ferrooxidans
23s,train,RNaseP_A.fulgidus
23s,train,RNaseP_A.laidlawii
23s,train,RNaseP_A.obstetricans
23s,train,RNaseP_A.salinestris-184
23s,train,RNaseP_Anabaena-ATCC29413
23s,train,RNaseP_B.brevis
23s,train,RNaseP_B.bronchiseptica
23s,train,RNaseP_B.hermsii
23s,train,RNaseP_B.megaterium
23s,train,RNaseP_B.pertussis
23s,train,RNaseP_B.stearothermophilus
23s,train,RNaseP_B.subtilis
23s,train,RNaseP_B.subtilis-g
23s,train,RNaseP_C.acetobutylicum
23s,train,RNaseP_C.crescentus
23s,train,RNaseP_C.jejuni
23s,train,RNaseP_C.limicola
23s,train,RNaseP_C.pneumoniae-AR39
23s,train,RNaseP_C.pneumoniae-CWL029
23s,train,RNaseP_C.sporogenes
23s,train,RNaseP_C.trachomatis-2
23s,train,RNaseP_C.trachomatis-D
23s,train,RNaseP_C.vinosum
23s,train,RNaseP_CPA49
23s,train,RNaseP_CPB139
23s,train,RNaseP_CPB74
23s,train,RNaseP_CPB7776
23s,train,RNaseP_CPB80
23s,train,RNaseP_CPB86
23s,train,RNaseP_D.desulfuricans
23s,train,RNaseP_Dermocarpa-PCC7437
23s,train,RNaseP_E.agglomerulans
23s,train,RNaseP_E.coli
23s,train,RNaseP_E.eschscholtzii-2
23s,train,RNaseP_E.eschsholtzii
23s,train,RNaseP_E.faecalis
23s,train,RNaseP_E.faecalis-2
23s,train,RNaseP_E1B
23s,train,RNaseP_ERH
23s,train,RNaseP_ESH167F
23s,train,RNaseP_ESH20b-1
23s,train,RNaseP_ESH7-9
23s,train,RNaseP_G.gorilla
23s,train,RNaseP_H.chlorum-partial
23s,train,RNaseP_H.pylori-26695
23s,train,RNaseP_H.pylori-48K
23s,train,RNaseP_H.pylori-J99
23s,train,RNaseP_H.pylori-RU1
23s,train,RNaseP_H.trapanicum
23s,train,RNaseP_I.calvum
23s,train,RNaseP_K.pneumoniae
23s,train,RNaseP_L.acidophilus
23s,train,RNaseP_L.japonicus-IFO15385
23s,train,RNaseP_LGA1
23s,train,RNaseP_LGB32
23s,train,RNaseP_LGB41
23s,train,RNaseP_LGW113
23s,train,RNaseP_LGW18
23s,train,RNaseP_M.barkeri
23s,train,RNaseP_M.bovis
23s,train,RNaseP_M.leprae
23s,train,RNaseP_M.luteus
23s,train,RNaseP_M.phosphovorus-JCM9380
23s,train,RNaseP_M.sedula
23s,train,RNaseP_M.thermoautotrophicum-DH
23s,train,RNaseP_M.thermoautotrphicumMarb
23s,train,RNaseP_M.vannielli
23s,train,RNaseP_N.europaea
23s,train,RNaseP_N.flavus
23s,train,RNaseP_N.fulvus-JCM3335
23s,train,RNaseP_N.gonnorhoeae
23s,train,RNaseP_Nocardiodes-NSP41
23s,train,RNaseP_Nostoc-PCC7413
23s,train,RNaseP_Onchorhynchus-1
23s,train,RNaseP_Onchorhynchus-2
23s,train,RNaseP_Onchorhynchus-sp-1
23s,train,RNaseP_Onchorhynchus-sp-2
23s,train,RNaseP_P.alcalifaciens
23s,train,RNaseP_P.douglassii
23s,train,RNaseP_P.gingivalis
23s,train,RNaseP_P.marinus
23s,train,RNaseP_P.mississippiensis
23s,train,RNaseP_P.purpurea-chloroplast
23s,train,RNaseP_P.staleyi
23s,train,RNaseP_P.strasburgensis
23s,train,RNaseP_P.stutzeri
23s,train,RNaseP_P.troglodytes
23s,train,RNaseP_P.vulgaris
23s,train,RNaseP_P131
23s,train,RNaseP_Prochlorococcus-PAC1B
23s,train,RNaseP_Prochlorococcus-TATL2
23s,train,RNaseP_Prochlorococcus-TATL2-2
23s,train,RNaseP_R.americana-mito
23s,train,RNaseP_R.prowazekii
23s,train,RNaseP_R.rubrum
23s,train,RNaseP_S.acidocaldarius
23s,train,RNaseP_S.bayanus
23s,train,RNaseP_S.bikiniensis
23s,train,RNaseP_S.caesia-K182
23s,train,RNaseP_S.caesia-K200
23s,train,RNaseP_S.caesia-K76T
23s,train,RNaseP_S.caesia-SB01
23s,train,RNaseP_S.castellii
23s,train,RNaseP_S.epidermidis
23s,train,RNaseP_S.globosus
23s,train,RNaseP_S.japonicus
23s,train,RNaseP_S.kluyveri
23s,train,RNaseP_S.lividans
23s,train,RNaseP_S.pastorianus
23s,train,RNaseP_S.polymorpha
23s,train,RNaseP_S.pyogenes
23s,train,RNaseP_S.servazzii
23s,train,RNaseP_S.shibatae
23s,train,RNaseP_S.typhi
23s,train,RNaseP_S.unisporus
23s,train,RNaseP_S.viridis-K191
23s,train,RNaseP_S.viridis-K73T
23s,train,RNaseP_SL1-1
23s,train,RNaseP_SLC
23s,train,RNaseP_SM-A01
23s,train,RNaseP_SM-A03
23s,train,RNaseP_SM-A05
23s,train,RNaseP_SM-A06
23s,train,RNaseP_SM-A1012
23s,train,RNaseP_SM-A1214
23s,train,RNaseP_SM-A1315
23s,train,RNaseP_SM-A3862
23s,train,RNaseP_SM-A4065
23s,train,RNaseP_SM-A4775
23s,train,RNaseP_SM-A4876
23s,train,RNaseP_SM-A4977
23s,train,RNaseP_SM-A5382
23s,train,RNaseP_SM-A5584
23s,train,RNaseP_SM-A5888
23s,train,RNaseP_SM-A6090
23s,train,RNaseP_SM1
23s,train,RNaseP_SMB-A3
23s,train,RNaseP_SMB-A5
23s,train,RNaseP_SMB-B4
23s,train,RNaseP_Synechococcus-PCC7942
23s,train,RNaseP_Synechocystis-PCC6308
23s,train,RNaseP_Synechocystis-PCC6803
23s,train,RNaseP_T.acidophilum
23s,train,RNaseP_T.aquaticus
23s,train,RNaseP_T.littoralis
23s,train,RNaseP_T.neapolitana
23s,train,RNaseP_T.pallidum
23s,train,RNaseP_T.thermophilus
23s,train,RNaseP_UK2
23s,train,RNaseP_UK5
23s,train,RNaseP_V.cholera
23s,train,RNaseP_V.spinosum
23s,train,RNaseP_VSDW
23s,train,RNaseP_WA1
23s,train,RNaseP_Z.bailii
23s,train,RNaseP_purpleX
23s,train,grp1_a.I1.b.Phormidium.sp.N182.C3.tLEU
23s,train,grp1_a.I1.b.S.hofmanii.C3.tMET
23s,train,grp1_a.I1.b.Synechococcus.sp2.C3.tLEU
23s,train,grp1_a.I1.c.G.prostrata.C3.tLEU
23s,train,grp1_a.I1.c.S.bicolor.C3.tLEU
23s,train,grp1_a.I1.e.A.adeninivorans.C1.LSU.2449
23s,train,grp1_a.I1.e.A.capsulatus.CBS213.53.C1.SSU.943
23s,train,grp1_a.I1.e.A.capsulatus.G184B.C1.SSU
23s,train,grp1_a.I1.e.A.capsulatus.G186B.C1.SSU
23s,train,grp1_a.I1.e.A.stipitatus.C1.SSU.1046
23s,train,grp1_a.I1.e.B.ciliata.JCM6865.C1.SSU.1506
23s,train,grp1_a.I1.e.B.ciliata.JCM6865.C1.SSU.943
23s,train,grp1_a.I1.e.B.yamatoana.JCM2896.C1.SSU.1506
23s,train,grp1_a.I1.e.B.yamatoana.JCM2896.C1.SSU.943
23s,train,grp1_a.I1.e.C.ellipsoidea.211-1a.C1.SSU.1506
23s,train,grp1_a.I1.e.C.grayi.UNK.SSU.1046
23s,train,grp1_a.I1.e.C.grayi.UNK.SSU.1516
23s,train,grp1_a.I1.e.C.merochlorophea.UNK.SSU.1046
23s,train,grp1_a.I1.e.C.merochlorophea.UNK.SSU.1389
23s,train,grp1_a.I1.e.C.merochlorophea.UNK.SSU.1516
23s,train,grp1_a.I1.e.C.saccatum.C1.SSU.1512
23s,train,grp1_a.I1.e.C.saxonicum.C1.SSU.1506
23s,train,grp1_a.I1.e.D.parva.C1.SSU.1512
23s,train,grp1_a.I1.e.D.parva.C1.SSU.943
23s,train,grp1_a.I1.e.D.salina.C1.SSU.943
23s,train,grp1_a.I1.e.E.dermatitidis.C1.SSU.943
23s,train,grp1_a.I1.e.L.dispersa.UNK.SSU.114
23s,train,grp1_a.I1.e.L.dispersa.UNK.SSU.1210
23s,train,grp1_a.I1.e.L.dispersa.UNK.SSU.1516
23s,train,grp1_a.I1.e.L.dispersa.UNK.SSU.287
23s,train,grp1_a.I1.e.L.dispersa.UNK.SSU.789
23s,train,grp1_a.I1.e.M.caldariorum.C1.SSU.1506
23s,train,grp1_a.I1.e.P.carinii.C1.SSU.1506
23s,train,grp1_a.I1.e.P.carinii.Pc1.C1.LSU.1921
23s,train,grp1_a.I1.e.P.carinii.Pc2.C1.LSU.1921
23s,train,grp1_a.I1.e.P.carinii.Pc3.C1.LSU.1921
23s,train,grp1_a.I1.e.P.clavariiformis.C1.SSU.943
23s,train,grp1_a.I1.e.P.inouyei.C1.SSU.1506
23s,train,grp1_a.I1.e.P.macrosporus.C1.SSU.1506
23s,train,grp1_a.I1.e.P.macrosporus.C1.SSU.943
23s,train,grp1_a.I1.e.P.pachydermus.C1.SSU.943
23s,train,grp1_a.I1.e.S.granulatum.C1.SSU.1506
23s,train,grp1_a.I1.e.S.paniceum.UNK.SSU.1052
23s,train,grp1_a.I1.e.S.paniceum.UNK.SSU.114
23s,train,grp1_a.I1.e.S.paniceum.UNK.SSU.1506
23s,train,grp1_a.I1.e.S.sclerotiorum_1837.C1.LSU.798
23s,train,grp1_a.I1.e.Staurastrum.sp.M752.C1.SSU.1506
23s,train,grp1_a.I1.e.Staurastrum.sp.M753.C1.SSU.1506
23s,train,grp1_a.I1.e.T.cosmopolitanis.C1.LSU.1925
23s,train,grp1_a.I1.e.T.hyperangularis.C1.LSU.1925
23s,train,grp1_a.I1.e.T.malaccensis.C1.LSU.1925
23s,train,grp1_a.I1.e.T.pigmentosa.C1.LSU.1925
23s,train,grp1_a.I1.e.U.maydis.C1.SSU.943
23s,train,grp1_a.I1.m.M.grisea.B2.ND1
23s,train,grp1_a.I1.m.S.luteus.A1.LSU.2504
23s,train,grp1_b.I1.e.M.anisopliae.2.C1.LSU.1921
23s,train,grp1_b.I1.e.M.anisopliae.3.C1.LSU.1921
23s,train,grp1_b.I1.e.T.thermophila.C1.LSU.1925
23s,train,grp1_s.I1.e.T.thermophila.C1.LSU.1925.schem
23s,train,srp_Acin.spec._CR543861
23s,train,srp_Alka.meta._CP000724
23s,train,srp_Anae.sp.._CP000769
23s,train,srp_Anto.locu._GSP-278021
23s,train,srp_Arab.thal._X72228
23s,train,srp_Ashb.goss._AE016819
23s,train,srp_Aspe.flav._GSP-332952
23s,train,srp_Aspe.fumi._GSP-41122
23s,train,srp_Aspe.terr._GSP-341663
23s,train,srp_Baci.alca._D11422
23s,train,srp_Baci.cere._CP000001
23s,train,srp_Baci.poly._D11421
23s,train,srp_Baci.subt._X12642
23s,train,srp_Bdel.bact._BX842656
23s,train,srp_Bloc.flor._BX248585
23s,train,srp_Borr.burg._AE000783
23s,train,srp_Bos.taur._GSP-6282
23s,train,srp_Brad.japo._BA000040
23s,train,srp_Bras.napu._EE412262
23s,train,srp_Bruc.meli._AM040264
23s,train,srp_Bruc.ovis._CP000708
23s,train,srp_Burk.pseu._CP000124
23s,train,srp_Burk.pseu._CP000572
23s,train,srp_Caen.eleg._AY948607
23s,train,srp_Camp.jeju._CP000025
23s,train,srp_Cand.Bloc._CP000016
23s,train,srp_Carb.hydr._CP000141
23s,train,srp_Caul.cres._AE005700
23s,train,srp_Chla.cavi._AE016995
23s,train,srp_Chla.muri._AE002160
23s,train,srp_Chla.pneu._AE001363
23s,train,srp_Chla.rein._SDB-3055
23s,train,srp_Chla.trac._AE001298
23s,train,srp_Chlo.vulg._AB001684
23s,train,srp_Citr.sine._CN181543
23s,train,srp_Clos.acet._AE001437
23s,train,srp_Clos.beij._CP000721
23s,train,srp_Clos.botu._AM412317
23s,train,srp_Clos.kluy._CP000673
23s,train,srp_Cocc.posa._GSP-222929
23s,train,srp_Cory.diph._BX248354
23s,train,srp_Cory.jeik._CR931997
23s,train,srp_Cryp.homi._GSP-353151
23s,train,srp_Cryp.parv._XM_626716
23s,train,srp_Dani.rrer._BX469912
23s,train,srp_Desu.vulg._CP000527
23s,train,srp_Dros.mela._X00952
23s,train,srp_Dros.moja._GSP-7230
23s,train,srp_Ence.cuni._AL590449
23s,train,srp_Ente.faec._AE016953
23s,train,srp_Ento.sulc._AF095839
23s,train,srp_Esch.coli._AE016756
23s,train,srp_Esch.coli._CP000243
23s,train,srp_Esch.coli._CP000468
23s,train,srp_Esch.coli._U00096
23s,train,srp_Esch.coli._U82664
23s,train,srp_Esch.coli._X01074
23s,train,srp_Fran.tula._AJ749949
23s,train,srp_Fran.tula._AM286280
23s,train,srp_Fran.tula._CP000437
23s,train,srp_Gald.sulp._GSP-130081
23s,train,srp_Gibb.zeae._GSP-229533
23s,train,srp_Haem.infl._CP000672
23s,train,srp_Hahe.chej._CP000155
23s,train,srp_Halo.mari._AY596297
23s,train,srp_Halo.volc._AF395888
23s,train,srp_Heli.pylo._CP000241
23s,train,srp_Homo.sapi._AB061847
23s,train,srp_Homo.sapi._BE083383
23s,train,srp_Homo.sapi._BF875598
23s,train,srp_Homo.sapi._BF909438
23s,train,srp_Homo.sapi._BF909560
23s,train,srp_Homo.sapi._BF909563
23s,train,srp_Humu.lupu._AJ236703
23s,train,srp_Humu.lupu._X65983
23s,train,srp_Kine.radi._CP000750
23s,train,srp_Kleb.pneu._CP000647
23s,train,srp_Lact.case._CP000423
23s,train,srp_Legi.pneu._CR628337
23s,train,srp_Leis.braz._AY722724
23s,train,srp_Leis.infa._SDB-5671
23s,train,srp_Leis.majo._SDB-347515
23s,train,srp_List.inno._AL596173
23s,train,srp_List.mono._U15684
23s,train,srp_Lyco.escu._Z29099
23s,train,srp_Mann.succ._AE016827
23s,train,srp_Mari.aqua._CP000514
23s,train,srp_Medi.trun._AC136507
23s,train,srp_Medi.trun._CX540689
23s,train,srp_Meth.burt._CP000300
23s,train,srp_Meth.ferv._M32222
23s,train,srp_Meth.jann._L77117
23s,train,srp_Meth.mari._CP000745
23s,train,srp_Myco.bovi._BX248347
23s,train,srp_Myco.geni._L43967
23s,train,srp_Myco.hyop._AE017244
23s,train,srp_Myco.spec._CP000580
23s,train,srp_Myco.syno._AE017245
23s,train,srp_Nitr.euro._AL954747
23s,train,srp_Nitr.euro._BX321857
23s,train,srp_Nitr.eutr._CP000450
23s,train,srp_Onch.volv._AI249203
23s,train,srp_Orni.anat._GSP-9258
23s,train,srp_Para.bras._CN241137
23s,train,srp_Phyt.ramo._GSP-164328
23s,train,srp_Popu.bals._GSP-73824
23s,train,srp_Proc.mari._BX572093
23s,train,srp_Proc.mari._CP000551
23s,train,srp_Proc.mari._CP000576
23s,train,srp_Proc.spec._AJ011025
23s,train,srp_Pseu.syri._CP000075
23s,train,srp_Psyc.sp.._CP000713
23s,train,srp_Pyro.cali._CP000561
23s,train,srp_Pyro.hori._BA000001
23s,train,srp_Rick.typh._AE017197
23s,train,srp_Sacc.para._BN000251
23s,train,srp_Salm.ente._AE017220
23s,train,srp_Schm.medi._GSP-79327
23s,train,srp_Shew.balt._CP000563
23s,train,srp_Shew.spec._CP000503
23s,train,srp_Shig.flex._AE005674
23s,train,srp_Shig.flex._AE014073
23s,train,srp_Shig.flex._AE016979
23s,train,srp_Shig.flex._CP000266
23s,train,srp_Sili.spec._CP000377
23s,train,srp_Sino.meli._AL591782
23s,train,srp_Stap.aure._BX571857
23s,train,srp_Stap.aure._CP000703
23s,train,srp_Stap.aure._E36052
23s,train,srp_Stre.agal._AL766845
23s,train,srp_Stre.muta._AE014133
23s,train,srp_Stre.pneu._AE007319
23s,train,srp_Stre.pneu._CP000410
23s,train,srp_Stre.pyog._AE009969
23s,train,srp_Stre.pyog._AE014139
23s,train,srp_Stre.pyog._AM295007
23s,train,srp_Stre.pyog._CP000056
23s,train,srp_Sulf.solf._Y08257
23s,train,srp_Sulf.toko._BA000023
23s,train,srp_Thal.pseu._EF067921
23s,train,srp_Thal.pseu._GSP-296543
23s,train,srp_Ther.acid._AL445063
23s,train,srp_Ther.koda._AP006878
23s,train,srp_Ther.mela._CP000716
23s,train,srp_Tric.vagi._GSP-5722-2
23s,train,srp_Trit.aest._BE424647
23s,train,srp_Trit.aest._CD897082
23s,train,srp_Trop.whip._AE014184
23s,train,srp_Trop.whip._AE016852
23s,train,srp_Tryp.bruc._AF047723
23s,train,srp_Tryp.bruc._S56681
23s,train,srp_Tryp.bruc._X57047
23s,train,srp_Tryp.cong._SDB-5692
23s,train,srp_Vibr.chol._CP000627
23s,train,srp_Xant.camp._CP000050
23s,train,srp_Xant.oryz._AE013598
23s,train,srp_Yarr.lipo._X51658
23s,train,srp_Yers.pest._AE017042
23s,train,srp_Yers.pest._AJ414155
23s,train,srp_Yers.pseu._BX936398
23s,train,tRNA_tdbR00000003-Haloferax_volcanii-2246-Ala-GGC
23s,train,tRNA_tdbR00000010-Escherichia_coli-562-Ala-VGC
23s,train,tRNA_tdbR00000011-Neurospora_crassa-5141-Ala-UGC
23s,train,tRNA_tdbR00000020-Escherichia_coli-562-Cys-GCA
23s,train,tRNA_tdbR00000021-Saccharomyces_cerevisiae-4932-Cys-GCA
23s,train,tRNA_tdbR00000026-Escherichia_coli-562-Asp-QUC
23s,train,tRNA_tdbR00000030-Aedes_albopictus-7160-Asp-GUC
23s,train,tRNA_tdbR00000036-Euglena_gracilis-3039-Asp-GUC
23s,train,tRNA_tdbR00000038-Rattus_norvegicus-10116-Asp-8UC
23s,train,tRNA_tdbR00000042-Haloferax_volcanii-2246-Glu-MUC
23s,train,tRNA_tdbR00000043-Haloferax_volcanii-2246-Glu-NUC
23s,train,tRNA_tdbR00000059-Rattus_norvegicus-10116-Glu-3UC
23s,train,tRNA_tdbR00000063-Haloferax_volcanii-2246-Phe-GAA
23s,train,tRNA_tdbR00000067-Escherichia_coli-562-Phe-GAA
23s,train,tRNA_tdbR00000072-Phaseolus_vulgaris-3885-Phe-GAA
23s,train,tRNA_tdbR00000074-Tetrahymena_pyriformis-5908-Phe-GAA
23s,train,tRNA_tdbR00000089-Brassica_napus-3708-Phe-AA
23s,train,tRNA_tdbR00000090-Lupinus_luteus-3873-Phe-AA
23s,train,tRNA_tdbR00000092-Oryctolagus_cuniculus-9986-Phe-AA
23s,train,tRNA_tdbR00000093-Bombyx_mori-7091-Phe-AA
23s,train,tRNA_tdbR00000098-Xenopus_laevis-8355-Phe-AA
23s,train,tRNA_tdbR00000108-Haloferax_volcanii-2246-Gly-GCC
23s,train,tRNA_tdbR00000109-Haloferax_volcanii-2246-Gly-NCC
23s,train,tRNA_tdbR00000111-Mycoplasma_capricolum-2095-Gly-UCC
23s,train,tRNA_tdbR00000114-Staphylococcus_epidermidis-1282-Gly-UCC
23s,train,tRNA_tdbR00000115-Staphylococcus_epidermidis-1282-Gly-UCC
23s,train,tRNA_tdbR00000119-Escherichia_coli-562-Gly-NCC
23s,train,tRNA_tdbR00000125-Bos_taurus-9913-Gly-UCC
23s,train,tRNA_tdbR00000128-Halocynthia_roretzi-7729-Gly-GCU
23s,train,tRNA_tdbR00000132-Lupinus_luteus-3873-Gly-GCC
23s,train,tRNA_tdbR00000139-Mycoplasma_capricolum-2095-His-GUK
23s,train,tRNA_tdbR00000140-Escherichia_coli-562-His-QUG
23s,train,tRNA_tdbR00000142-Saccharomyces_cerevisiae-4932-His-GUG
23s,train,tRNA_tdbR00000143-Asterias_amurensis-7602-His-QUG
23s,train,tRNA_tdbR00000151-Haloferax_volcanii-2246-Ile-GAU
23s,train,tRNA_tdbR00000159-Escherichia_coli-562-Ile-GAU
23s,train,tRNA_tdbR00000164-Saccharomyces_cerevisiae-4932-Ile-GAU
23s,train,tRNA_tdbR00000165-Solanum_tuberosum-4113-Ile-AU
23s,train,tRNA_tdbR00000170-Saccharomyces_cerevisiae-4932-Ile-IAU
23s,train,tRNA_tdbR00000172-Lupinus_luteus-3873-Ile-IAU
23s,train,tRNA_tdbR00000175-Haloferax_volcanii-2246-Lys-NUU
23s,train,tRNA_tdbR00000176-Haloferax_volcanii-2246-Lys-MUU
23s,train,tRNA_tdbR00000177-Mycoplasma_capricolum-2095-Lys-CUU
23s,train,tRNA_tdbR00000179-Bacillus_subtilis-1423-Lys-UU
23s,train,tRNA_tdbR00000184-Asterias_amurensis-7602-Lys-CUU
23s,train,tRNA_tdbR00000192-Saccharomyces_cerevisiae-4932-Lys-CUU
23s,train,tRNA_tdbR00000194-Triticum_aestivum-4565-Lys-CUU
23s,train,tRNA_tdbR00000197-Rattus_norvegicus-10116-Lys-3UU
23s,train,tRNA_tdbR00000199-Oryctolagus_cuniculus-9986-Lys-CUU
23s,train,tRNA_tdbR00000206-Loligo_bleekeri-6617-Lys-UUU
23s,train,tRNA_tdbR00000208-Mus_musculus-10090-Lys-CUN
23s,train,tRNA_tdbR00000209-Enterobacteria_phage_T4-10665-Leu-NAA
23s,train,tRNA_tdbR00000216-Mycoplasma_capricolum-2095-Leu-BAA
23s,train,tRNA_tdbR00000218-Mycoplasma_capricolum-2095-Leu-UAG
23s,train,tRNA_tdbR00000221-Escherichia_coli-562-Leu-CAG
23s,train,tRNA_tdbR00000222-Escherichia_coli-562-Leu-GAG
23s,train,tRNA_tdbR00000225-Synechococcus_elongatus_PCC_6301-269084-Leu-CAA
23s,train,tRNA_tdbR00000230-Glycine_max-3847-Leu-UA7
23s,train,tRNA_tdbR00000233-Phaseolus_vulgaris-3885-Leu-UA7
23s,train,tRNA_tdbR00000237-Saccharomyces_cerevisiae-4932-Leu-AA
23s,train,tRNA_tdbR00000243-Rattus_norvegicus-10116-Leu-UAG
23s,train,tRNA_tdbR00000244-Rattus_norvegicus-10116-Leu-UAG
23s,train,tRNA_tdbR00000245-Rattus_norvegicus-10116-Leu-UAG
23s,train,tRNA_tdbR00000254-Candida_cylindracea-44322-Leu-IAG
23s,train,tRNA_tdbR00000273-Mycoplasma_capricolum-2095-Met-CAU
23s,train,tRNA_tdbR00000277-Codium_fragile-3133-Met-CAU
23s,train,tRNA_tdbR00000278-Scenedesmus_obliquus-3088-Met-CAU
23s,train,tRNA_tdbR00000282-Ascaris_suum-6253-Met-AU
23s,train,tRNA_tdbR00000285-Triticum_aestivum-4565-Met-BAU
23s,train,tRNA_tdbR00000286-Lupinus_luteus-3873-Met-BAU
23s,train,tRNA_tdbR00000291-Halobacterium_salinarum-2242-Asn-GUU
23s,train,tRNA_tdbR00000300-Saccharomyces_cerevisiae-4932-Asn-GUU
23s,train,tRNA_tdbR00000301-Lupinus_luteus-3873-Asn-UU
23s,train,tRNA_tdbR00000309-Enterobacteria_phage_T4-10665-Pro-NGG
23s,train,tRNA_tdbR00000313-Haloferax_volcanii-2246-Pro-UGG
23s,train,tRNA_tdbR00000316-Bacillus_subtilis-1423-Pro-5GG
23s,train,tRNA_tdbR00000317-Salmonella_typhimurium-602-Pro-CGG
23s,train,tRNA_tdbR00000328-Enterobacteria_phage_T5-10726-Gln-UUG
23s,train,tRNA_tdbR00000333-Escherichia_coli-562-Gln-NUG
23s,train,tRNA_tdbR00000336-Aedes_albopictus-7160-Gln-NUG
23s,train,tRNA_tdbR00000337-Tetrahymena_thermophila-5911-Gln-CUA
23s,train,tRNA_tdbR00000338-Tetrahymena_thermophila-5911-Gln-JUA
23s,train,tRNA_tdbR00000342-Bos_taurus-9913-Gln-CUG
23s,train,tRNA_tdbR00000343-Mus_musculus-10090-Gln-CUG
23s,train,tRNA_tdbR00000346-Homo_sapiens-9606-Gln-NUG
23s,train,tRNA_tdbR00000347-Enterobacteria_phage_T4-10665-Arg-NCU
23s,train,tRNA_tdbR00000351-Haloferax_volcanii-2246-Arg-NCG
23s,train,tRNA_tdbR00000352-Mycoplasma_capricolum-2095-Arg-ICG
23s,train,tRNA_tdbR00000355-Escherichia_coli-562-Arg-ICG
23s,train,tRNA_tdbR00000356-Escherichia_coli-562-Arg-ICG
23s,train,tRNA_tdbR00000358-Escherichia_coli-562-Arg-CU
23s,train,tRNA_tdbR00000360-Codium_fragile-3133-Arg-ICG
23s,train,tRNA_tdbR00000363-Ascaris_suum-6253-Arg-PCU
23s,train,tRNA_tdbR00000364-Ascaris_suum-6253-Arg-ACG
23s,train,tRNA_tdbR00000371-Saccharomyces_cerevisiae-4932-Arg-1CU
23s,train,tRNA_tdbR00000375-Bos_taurus-9913-Arg-CCU
23s,train,tRNA_tdbR00000376-Bos_taurus-9913-Arg-3CP
23s,train,tRNA_tdbR00000377-Mus_musculus-10090-Arg-ICG
23s,train,tRNA_tdbR00000393-Escherichia_coli-562-Ser-GGA
23s,train,tRNA_tdbR00000396-Saccharomyces_cerevisiae-4932-Ser-UGA
23s,train,tRNA_tdbR00000397-Saccharomyces_cerevisiae-4932-Ser-UGA
23s,train,tRNA_tdbR00000406-Saccharomyces_cerevisiae-4932-Ser-NGA
23s,train,tRNA_tdbR00000415-Nicotiana_rustica-4093-Ser-GA
23s,train,tRNA_tdbR00000416-Nicotiana_rustica-4093-Ser-CGA
23s,train,tRNA_tdbR00000424-Drosophila_melanogaster-7227-Ser-GCU
23s,train,tRNA_tdbR00000430-Halobacterium_salinarum-2242-Thr-GGU
23s,train,tRNA_tdbR00000431-Haloferax_volcanii-2246-Thr-CGU
23s,train,tRNA_tdbR00000432-Haloferax_volcanii-2246-Thr-GGU
23s,train,tRNA_tdbR00000439-Spinacia_oleracea-3562-Thr-GGU
23s,train,tRNA_tdbR00000443-Saccharomyces_cerevisiae-4932-Thr-IGU
23s,train,tRNA_tdbR00000445-Bos_taurus-9913-Thr-IGU
23s,train,tRNA_tdbR00000446-Halobacterium_salinarum-2242-Val-CAC
23s,train,tRNA_tdbR00000448-Halobacterium_salinarum-2242-Val-GAC
23s,train,tRNA_tdbR00000451-Mycoplasma_capricolum-2095-Val-UAC
23s,train,tRNA_tdbR00000453-Bacillus_subtilis-1423-Val-5AC
23s,train,tRNA_tdbR00000455-Escherichia_coli-562-Val-GAC
23s,train,tRNA_tdbR00000459-Neurospora_crassa-5141-Val-UAC
23s,train,tRNA_tdbR00000461-Rattus_norvegicus-10116-Val-UAC
23s,train,tRNA_tdbR00000463-Bos_taurus-9913-Val-UAC
23s,train,tRNA_tdbR00000467-Pichia_jadinii-4903-Val-IAC
23s,train,tRNA_tdbR00000471-Oryctolagus_cuniculus-9986-Val-IAC
23s,train,tRNA_tdbR00000472-Drosophila_melanogaster-7227-Val-IAC
23s,train,tRNA_tdbR00000475-Mus_musculus-10090-Val-IAC
23s,train,tRNA_tdbR00000480-Mycoplasma_capricolum-2095-Trp-CA
23s,train,tRNA_tdbR00000482-Spiroplasma_citri-2133-Trp-CCA
23s,train,tRNA_tdbR00000485-Nicotiana_tabacum-4097-Trp-BCA
23s,train,tRNA_tdbR00000488-Tetrahymena_thermophila-5911-Trp-CA
23s,train,tRNA_tdbR00000492-Rattus_norvegicus-10116-Trp-NCA
23s,train,tRNA_tdbR00000498-Gallus_gallus-9031-Trp-BCA
23s,train,tRNA_tdbR00000500-Haloferax_volcanii-2246-Ini-CAU
23s,train,tRNA_tdbR00000504-Mycoplasma_capricolum-2095-Ini-CAU
23s,train,tRNA_tdbR00000505-Mycoplasma_mycoides-2102-Ini-CAU
23s,train,tRNA_tdbR00000506-Streptomyces_griseus-1911-Ini-CAU
23s,train,tRNA_tdbR00000507-Bacillus_subtilis-1423-Ini-CAU
23s,train,tRNA_tdbR00000510-Escherichia_coli-562-Ini-CAU
23s,train,tRNA_tdbR00000514-Scenedesmus_obliquus-3088-Ini-CAU
23s,train,tRNA_tdbR00000519-Phaseolus_vulgaris-3885-Ini-CAU
23s,train,tRNA_tdbR00000522-Bos_taurus-9913-Ini-AU
23s,train,tRNA_tdbR00000523-Tetrahymena_thermophila-5911-Ini-CAU
23s,train,tRNA_tdbR00000529-Triticum_aestivum-4565-Ini-CAU
23s,train,tRNA_tdbR00000532-Oryctolagus_cuniculus-9986-Ini-CAU
23s,train,tRNA_tdbR00000533-Drosophila_melanogaster-7227-Ini-CAU
23s,train,tRNA_tdbR00000534-Euphausia_superba-6819-Ini-CAU
23s,train,tRNA_tdbR00000535-Xenopus_laevis-8355-Ini-CAU
23s,train,tRNA_tdbR00000539-Ovis_aries-9940-Ini-CAU
23s,train,tRNA_tdbR00000545-Escherichia_coli-562-Tyr-QUA
23s,train,tRNA_tdbR00000546-Escherichia_coli-562-Tyr-QUA
23s,train,tRNA_tdbR00000556-Schizosaccharomyces_pombe-4896-Tyr-GPA
23s,train,tRNA_tdbR00000559-Triticum_aestivum-4565-Tyr-GPA
23s,train,tRNA_tdbR00000565-Bos_taurus-9913-Tyr-9PA
23s,train,tRNA_tdbR00000572-Leishmania_tarentolae-5689-Lys-1UU
23s,train,tRNA_tdbR00000575-Leishmania_tarentolae-5689-Thr-CGU
23s,train,tRNA_tdbR00000584-Aeropyrum_pernix-56636-Pro-GGG
23s,train,tRNA_tdbR00000587-Aeropyrum_pernix-56636-Met-CAU
23s,train,tRNA_tdbR00000590-Ascaris_suum-6253-Glu-UC
23s,train,tRNA_tdbR00000593-Ascaris_suum-6253-Trp-CA
23s,train,tRNA_tdbR00000611-Sinorhizobium_meliloti-382-His-GUG
23s,train,tRNA_tdbR00000613-Nanoarchaeum_equitans-160232-Glu-CUC
23s,train,tRNA_tdbR00000617-Nanoarchaeum_equitans-160232-Gln-UUG
23s,train,tRNA_tdbR00000618-Candida_albicans-5476-Leu-CAG
23s,train,telomerase_AC121792.109554-109950
23s,train,telomerase_AF147806.247-692
23s,train,telomerase_AF221906.96-545
23s,train,telomerase_AF221911.104-513
23s,train,telomerase_AF221913.109-520
23s,train,telomerase_AF221914.112-589
23s,train,telomerase_AF221916.94-481
23s,train,telomerase_AF221917.99-542
23s,train,telomerase_AF221918.97-547
23s,train,telomerase_AF221919.107-614
23s,train,telomerase_AF221920.99-541
23s,train,telomerase_AF221921.98-548
23s,train,telomerase_AF221923.106-554
23s,train,telomerase_AF221924.105-538
23s,train,telomerase_AF221925.98-540
23s,train,telomerase_AF221926.103-507
23s,train,telomerase_AF221927.113-556
23s,train,telomerase_AF221929.92-517
23s,train,telomerase_AF221930.94-546
23s,train,telomerase_AF221931.99-541
23s,train,telomerase_AF221934.121-565
23s,train,telomerase_AF221935.112-602
23s,train,telomerase_AF221936.98-540
23s,train,telomerase_AF221937.99-545
23s,train,telomerase_AF221939.99-544
23s,train,telomerase_AF221940.103-499
23s,train,telomerase_AY058901.1-397
23s,train,telomerase_U85256.1-451
23s,train,tmRNA_Acin.spec._CR543861_1-360
23s,train,tmRNA_Acti.acti._TRW-272556_1-366
23s,train,tmRNA_Acti.naes._TRW-240017_1-371
23s,train,tmRNA_Acti.succ._TRW-339671_1-367
23s,train,tmRNA_Aero.hydr._AY442269_1-360
23s,train,tmRNA_Aero.hydr._CP000462_1-360
23s,train,tmRNA_Anab.vari._CP000117_1-390
23s,train,tmRNA_Aqui.aeol._TRW-63363_1-347
23s,train,tmRNA_Arth.spec._CP000454_1-369
23s,train,tmRNA_Azoa.spec._TRW-62928_1-378
23s,train,tmRNA_Baci.anth._AE016879_1-355
23s,train,tmRNA_Baci.halo._BA000004_1-361
23s,train,tmRNA_Baci.thur._AE017355_1-355
23s,train,tmRNA_Bact.frag._TRW-817_1-398
23s,train,tmRNA_Bord.bron._TRW-257310_1-387
23s,train,tmRNA_Bord.para._TRW-257311_1-387
23s,train,tmRNA_Borr.burg._AE001118_1-359
23s,train,tmRNA_Buch.aphi._AE013218_1-376
23s,train,tmRNA_Buch.aphi._BD061520_1-369
23s,train,tmRNA_Burk.ceno._CP000378_1-370
23s,train,tmRNA_Burk.viet._TRW-269482_1-370
23s,train,tmRNA_Camp.fetu._AY211269_1-361
23s,train,tmRNA_Camp.lari._TRW-306263_1-359
23s,train,tmRNA_Carn.malt._AF275938_1-366
23s,train,tmRNA_Chla.cavi._AE015925_1-425
23s,train,tmRNA_Chla.muri._AE002296_1-418
23s,train,tmRNA_Chla.pneu._TRW-83558_1-426
23s,train,tmRNA_Chla.trac._TRW-272561_1-420
23s,train,tmRNA_Chla.trac._TRW-813-1_1-420
23s,train,tmRNA_Chlo.chlo._CP000108_1-401
23s,train,tmRNA_Clos.acet._AE001437_1-359
23s,train,tmRNA_Clos.botu._TRW-36826_1-355
23s,train,tmRNA_Clos.diff._AM180355_1-350
23s,train,tmRNA_Clos.diff._TRW-367459_1-350
23s,train,tmRNA_Clos.ther._TRW-203119_1-387
23s,train,tmRNA_Copr.prot._TRW-351627_1-353
23s,train,tmRNA_Croc.wats._TRW-165597_1-386
23s,train,tmRNA_Cyan.mero._AY286123_1-236
23s,train,tmRNA_Dich.nodo._TRW-35819_1-352
23s,train,tmRNA_Ente.faec._BD193796_1-367
23s,train,tmRNA_Ente.faec._TRW-1352_1-367
23s,train,tmRNA_Erwi.caro._BX950851_1-363
23s,train,tmRNA_Esch.coli._AE005491_1-363
23s,train,tmRNA_Esch.coli._CP000247_1-363
23s,train,tmRNA_Esch.coli._D90888_1-363
23s,train,tmRNA_Esch.coli._U36840_1-363
23s,train,tmRNA_Exig.sibi._TRW-262543_1-359
23s,train,tmRNA_Fibr.succ._TRW-59374_1-361
23s,train,tmRNA_Fran.tula._AM233362_1-421
23s,train,tmRNA_Fran.tula._AM286280_1-421
23s,train,tmRNA_Fuso.nucl._AE010567_1-341
23s,train,tmRNA_Gemm.obsc._TRW-214688_1-412
23s,train,tmRNA_Geob.meta._CP000148_1-356
23s,train,tmRNA_Geob.stea._TRW-1422_1-352
23s,train,tmRNA_Guil.thet._AF041468_1-327
23s,train,tmRNA_Haem.ducr._AE017143_1-367
23s,train,tmRNA_Haem.infl._AY599475_1-366
23s,train,tmRNA_Haem.infl._L42023_1-366
23s,train,tmRNA_Haem.infl._TRW-262728_1-366
23s,train,tmRNA_Haem.infl._U32808_1-366
23s,train,tmRNA_Heli.hepa._AE017125_1-369
23s,train,tmRNA_Heli.must._DQ250625_1-366
23s,train,tmRNA_Heli.pylo._AE000511_1-386
23s,train,tmRNA_Heli.pylo._AE001503_1-383
23s,train,tmRNA_Heli.pylo._TRW-85962_1-386
23s,train,tmRNA_Heli.pylo._TRW-85963_1-386
23s,train,tmRNA_Kleb.pneu._TRW-272620_1-363
23s,train,tmRNA_Lact.lact._AE006373_1-359
23s,train,tmRNA_Lact.lact._AF176556_1-359
23s,train,tmRNA_Lact.plan._AL935259_1-372
23s,train,tmRNA_Leif.xyli._AE016822_1-394
23s,train,tmRNA_Lept.inte._AE016823_1-350
23s,train,tmRNA_Lept.spec._TRW-261385_1-359
23s,train,tmRNA_Lept.spec._TRW-261386_1-359
23s,train,tmRNA_Leuc.mese._AF375574_1-307
23s,train,tmRNA_Leuc.mese._CP000414_1-358
23s,train,tmRNA_Leuc.mese._TRW-1245_1-358
23s,train,tmRNA_List.gray._AF440336_1-321
23s,train,tmRNA_List.mono._TRW-1639-1_1-370
23s,train,tmRNA_List.wels._AF440351_1-321
23s,train,tmRNA_Mann.haem._TRW-272629_1-367
23s,train,tmRNA_Mann.succ._AE016827_1-367
23s,train,tmRNA_Meso.flor._AE017263_1-408
23s,train,tmRNA_Meth.flag._CP000284_1-361
23s,train,tmRNA_Moor.ther._CP000232_1-358
23s,train,tmRNA_Myco.Bxz1._AY129337_1-437
23s,train,tmRNA_Myco.aviu._AE016958_1-368
23s,train,tmRNA_Myco.bovi._TRW-1765_1-368
23s,train,tmRNA_Myco.capr._D13067_1-411
23s,train,tmRNA_Myco.hyop._TRW-262719_1-433
23s,train,tmRNA_Myco.smeg._CP000480_1-369
23s,train,tmRNA_Myco.tube._TRW-164513_1-368
23s,train,tmRNA_Myxo.xant._TRW-34_1-366
23s,train,tmRNA_Neis.meni._TRW-272831_1-363
23s,train,tmRNA_Nitr.euro._BX321865_1-360
23s,train,tmRNA_Nitr.mult._CP000103_1-362
23s,train,tmRNA_Noca.farc._AP006618_1-368
23s,train,tmRNA_Nost.punc._TRW-63737_1-390
23s,train,tmRNA_Nost.spec._BA000019_1-390
23s,train,tmRNA_Odon.sine._TRW-2839_1-371
23s,train,tmRNA_Oeno.oeni._TRW-203123_1-350
23s,train,tmRNA_Para.symb._BX908798_1-405
23s,train,tmRNA_Phot.lumi._BX571870_1-364
23s,train,tmRNA_Phot.prof._CR378665_1-368
23s,train,tmRNA_Pola.spec._CP000316_1-387
23s,train,tmRNA_Porp.purp._TRW-2787_1-323
23s,train,tmRNA_Prop.acne._TRW-1747-1_1-371
23s,train,tmRNA_Pseu.aeru._AE004091_1-353
23s,train,tmRNA_Pseu.aeru._CP000438_1-353
23s,train,tmRNA_Pseu.ento._CT573326_1-392
23s,train,tmRNA_Pseu.fluo._CP000076_1-394
23s,train,tmRNA_Pseu.fluo._TRW-216595_1-397
23s,train,tmRNA_Pseu.syri._AE016853_1-388
23s,train,tmRNA_Rals.sola._AL646052_1-360
23s,train,tmRNA_Rubr.xyla._CP000386_1-360
23s,train,tmRNA_Sali.rube._CP000159_1-369
23s,train,tmRNA_Salm.bong._TRW-218493_1-363
23s,train,tmRNA_Salm.ente._AE014613_1-363
23s,train,tmRNA_Salm.ente._AE017220_1-363
23s,train,tmRNA_Salm.ente._TRW-59204_1-363
23s,train,tmRNA_Salm.typh._AY316313_1-363
23s,train,tmRNA_Salm.typh._AY319520_1-363
23s,train,tmRNA_Serr.marc._TRW-273526_1-364
23s,train,tmRNA_Shew.putr._TRW-319224_1-356
23s,train,tmRNA_Shew.spec._CP000444_1-355
23s,train,tmRNA_Shew.spec._CP000446_1-355
23s,train,tmRNA_Shew.spec._CP000469_1-355
23s,train,tmRNA_Shig.dyse._CP000034_1-363
23s,train,tmRNA_Shig.sonn._CP000038_1-363
23s,train,tmRNA_Stap.aure._AC074317_1-359
23s,train,tmRNA_Stap.aure._BA000017_1-362
23s,train,tmRNA_Stap.aure._BX571857_1-362
23s,train,tmRNA_Stap.aure._TRW-1280_1-362
23s,train,tmRNA_Stap.epid._TRW-1282-2_1-362
23s,train,tmRNA_Stre.agal._AE014233_1-350
23s,train,tmRNA_Stre.aure._AY616521_1-382
23s,train,tmRNA_Stre.aver._BA000030_1-389
23s,train,tmRNA_Stre.equi._TRW-1336_1-349
23s,train,tmRNA_Stre.pneu._AE008453_1-348
23s,train,tmRNA_Stre.scab._TRW-1883_1-402
23s,train,tmRNA_Sulf.azor._TRW-204536_1-351
23s,train,tmRNA_Syne.spec._D90916_1-396
23s,train,tmRNA_Synt.acid._CP000252_1-356
23s,train,tmRNA_Thal.pseu._EF067921_1-344
23s,train,tmRNA_Ther.fusc._CP000088_1-372
23s,train,tmRNA_Ther.mari._TRW-243274-1_1-356
23s,train,tmRNA_Ther.teng._AE013063_1-351
23s,train,tmRNA_Trep.dent._AE017226_1-351
23s,train,tmRNA_Tric.eryt._CP000393_1-398
23s,train,tmRNA_Trop.whip._BX251411_1-369
23s,train,tmRNA_Urea.parv._AE002154_1-413
23s,train,tmRNA_Xant.axon._AE011783_1-397
23s,train,tmRNA_Xyle.fast._AE003849_1-355
23s,train,tmRNA_Xyle.fast._TRW-155920_1-355
23s,train,tmRNA_Yers.inte._TRW-349965_1-381
23s,train,tmRNA_envi.sequ._TRW-259292_1-355
23s,train,tmRNA_envi.sequ._TRW-32045-1_1-355
23s,train,tmRNA_envi.sequ._TRW-32045-2_1-345
23s,train,tmRNA_uncu.bact._TRW-32033-1_1-354
23s,train,tmRNA_uncu.bact._TRW-32045-4_1-369
23s,valid,16s_B.burgdorferi_domain4
23s,valid,16s_B.subtilis_domain4
23s,valid,16s_C.elegans_domain4
23s,valid,16s_C.reinhardtii.chloro_domain1
23s,valid,16s_C.reinhardtii.chloro_domain3
23s,valid,16s_C.reinhardtii.mito_domain1
23s,valid,16s_C.reinhardtii.mito_domain2
23s,valid,16s_H.sapiens.mito_domain3
23s,valid,16s_H.volcanii_domain1
23s,valid,16s_P.occultum_domain4
23s,valid,16s_S.cerevisiae_domain3
23s,valid,16s_T.gondii_domain3
23s,valid,16s_T.maritima_domain3
23s,valid,5s_Acinetospora-crinita-1
23s,valid,5s_Agaricus-edulis-1
23s,valid,5s_Agrobacterium-tumefaciens-6
23s,valid,5s_Asterina-pectinifera-1
23s,valid,5s_Auricularia-auricula-judae-1
23s,valid,5s_Bacillus-thuringiensis-1
23s,valid,5s_Bifidobacterium-longum-1
23s,valid,5s_Bifidobacterium-longum-3
23s,valid,5s_Blastocladiella-simplex-1
23s,valid,5s_Blepharisma-japonicum-1
23s,valid,5s_Brevibacillus-brevis-1
23s,valid,5s_Caenorhabditis-briggsae-1
23s,valid,5s_Cellulomonas-biazotea-1
23s,valid,5s_Dugesia-japonica-1
23s,valid,5s_E_glandulE
23s,valid,5s_Eimeria-tenella-1
23s,valid,5s_Eisenia-bicyclis-1
23s,valid,5s_Emericella-nidulans-8
23s,valid,5s_Empedobacter-brevis-1
23s,valid,5s_Escherichia-coli-6
23s,valid,5s_Fusobacterium-nucleatum-4
23s,valid,5s_Gelidium-amansii-1
23s,valid,5s_Grimontia-hollisae-1
23s,valid,5s_Halorubrum-distributum-4
23s,valid,5s_Kluyveromyces-delphensis-1
23s,valid,5s_Lentinula-edodes-2
23s,valid,5s_Mycoplasma-genitalium-1
23s,valid,5s_Mycoplasma-penetrans-1
23s,valid,5s_Paracentrotus-lividus-2
23s,valid,5s_Pirellula-sp.-1
23s,valid,5s_Pseudomonas-fluorescens-2
23s,valid,5s_Pseudomonas-stutzeri-2
23s,valid,5s_Puccinia-poarum-1
23s,valid,5s_Saccharothrix-mutabilis-1
23s,valid,5s_Streptomyces-roseoverticillatus-1
23s,valid,5s_Ureaplasma-parvum-1
23s,valid,5s_Urechis-unicinctus-1
23s,valid,5s_Vibrio-cyclosites-1
23s,valid,5s_Vitreoscilla-filiformis-1
23s,valid,5s_Vitreoscilla-stercoraria-1
23s,valid,RNaseP_A.ferrooxidans-g
23s,valid,RNaseP_Buchnera-APS
23s,valid,RNaseP_C.tepidum-g
23s,valid,RNaseP_CPA54
23s,valid,RNaseP_D.jeanneae
23s,valid,RNaseP_EM14b-9
23s,valid,RNaseP_ESH26-4
23s,valid,RNaseP_Fischerella-UTEX1829
23s,valid,RNaseP_H.aurantiacus
23s,valid,RNaseP_H.influenza
23s,valid,RNaseP_LGB27
23s,valid,RNaseP_LGW46
23s,valid,RNaseP_M.capricolum
23s,valid,RNaseP_M.hyopneumoniae
23s,valid,RNaseP_M.pneumoniae
23s,valid,RNaseP_M.tuberculosis
23s,valid,RNaseP_N.meningitidis-Z2491
23s,valid,RNaseP_P.azotoformans
23s,valid,RNaseP_P.furiosus-2
23s,valid,RNaseP_P.putida
23s,valid,RNaseP_Prochlorococcus-PAC1A
23s,valid,RNaseP_Prochlorococcus-PCC9511
23s,valid,RNaseP_R.norvegicus
23s,valid,RNaseP_S.carlsbergensis
23s,valid,RNaseP_S.diastaticus
23s,valid,RNaseP_S.glauca-K194
23s,valid,RNaseP_S.mutans
23s,valid,RNaseP_S.typhimurium
23s,valid,RNaseP_S.uvarum
23s,valid,RNaseP_SM-A04
23s,valid,RNaseP_SM-A1113
23s,valid,RNaseP_SM-A1519
23s,valid,RNaseP_SM-A2642
23s,valid,RNaseP_SM-A2946
23s,valid,RNaseP_SM-A5179
23s,valid,RNaseP_SMB-B3
23s,valid,RNaseP_T.celerAL1-2
23s,valid,RNaseP_T.maritima-g
23s,valid,RNaseP_T.syrichta
23s,valid,RNaseP_Y.pestis
23s,valid,grp1_a.I1.b.Dermocarpa.sp.ATCC29371.C3.tMET
23s,valid,grp1_a.I1.c.A.cherimola.C3.tLEU
23s,valid,grp1_a.I1.e.A.capsulatus.FLs1.C1.SSU
23s,valid,grp1_a.I1.e.C.ellipsoidea.IAMC-87.C1.SSU.1506
23s,valid,grp1_a.I1.e.C.merochlorophea.UNK.SSU.1210
23s,valid,grp1_a.I1.e.G.planctonica.C1.SSU.943
23s,valid,grp1_a.I1.e.G.spirotaenia.C1.SSU.1506
23s,valid,grp1_a.I1.e.L.dispersa.UNK.SSU.1046
23s,valid,grp1_a.I1.e.L.dispersa.UNK.SSU.516
23s,valid,grp1_a.I1.e.P.inouyei.C1.SSU.943
23s,valid,grp1_a.I1.e.P.sarcinoidea.C1.SSU.943
23s,valid,grp1_a.I1.e.S.paniceum.UNK.SSU.1210
23s,valid,grp1_a.I1.e.S.paniceum.UNK.SSU.287
23s,valid,grp1_a.I1.m.S.pombe.B1.OX1
23s,valid,grp1_b.I1.e.C.saccharophila.C1.SSU.156
23s,valid,srp_Aede.aegy._DW714815
23s,valid,srp_Aero.pern._BA000002
23s,valid,srp_Arab.thal._AC005275
23s,valid,srp_Baci.subt._X06802
23s,valid,srp_Baci.thur._CP000485
23s,valid,srp_Burk.mall._CP000546
23s,valid,srp_Cion.savi._BW551179
23s,valid,srp_Clos.diff._AM180355
23s,valid,srp_Clos.perf._CP000246
23s,valid,srp_Cypr.carp._CF662133
23s,valid,srp_Dros.mela._AE014297
23s,valid,srp_Fran.tula._CP000439
23s,valid,srp_Heli.annu._AJ828095
23s,valid,srp_Heli.pylo._AE001439
23s,valid,srp_Homo.sapi._NR_002715
23s,valid,srp_Hype.buty._CP000493
23s,valid,srp_Kluy.lact._CR382126
23s,valid,srp_Lact.delb._CR954253
23s,valid,srp_Lact.john._AE017198
23s,valid,srp_Leis.dono._AY722734
23s,valid,srp_Leis.guya._AY722728
23s,valid,srp_Leis.infa._AM502223
23s,valid,srp_Leis.majo._AY722715
23s,valid,srp_List.wels._AM263198
23s,valid,srp_Medi.trun._BE941271
23s,valid,srp_Meth.acet._AE010299
23s,valid,srp_Meth.maze._AE008384
23s,valid,srp_Mono.brev._GSP-81824
23s,valid,srp_Myco.lepr._AL023596
23s,valid,srp_Myco.myco._BX842642
23s,valid,srp_Picr.torr._AE017261
23s,valid,srp_Plas.gall._GSP-5849
23s,valid,srp_Proc.mari._AE017165
23s,valid,srp_Psyc.arct._CP000082
23s,valid,srp_Stap.epid._AF269814
23s,valid,srp_Stre.pyog._CP000260
23s,valid,srp_Stre.pyog._CP000261
23s,valid,srp_Toxo.gond._GSP-398031
23s,valid,srp_Yers.pest._AE017129
23s,valid,srp_Yers.pest._CP000305
23s,valid,tRNA_tdbR00000013-Pichia_jadinii-4903-Ala-IGC
23s,valid,tRNA_tdbR00000017-Homo_sapiens-9606-Ala-IGC
23s,valid,tRNA_tdbR00000024-Mycoplasma_capricolum-2095-Asp-GUC
23s,valid,tRNA_tdbR00000032-Rattus_norvegicus-10116-Asp-GUC
23s,valid,tRNA_tdbR00000053-Bos_taurus-9913-Glu-NUC
23s,valid,tRNA_tdbR00000078-Ascaris_suum-6253-Phe-GAA
23s,valid,tRNA_tdbR00000136-Homo_sapiens-9606-Gly-GCC
23s,valid,tRNA_tdbR00000155-Mycoplasma_mycoides-2102-Ile-GAU
23s,valid,tRNA_tdbR00000196-Rattus_norvegicus-10116-Lys-CUN
23s,valid,tRNA_tdbR00000211-Haloferax_volcanii-2246-Leu-CAA
23s,valid,tRNA_tdbR00000228-Glycine_max-3847-Leu-BAA
23s,valid,tRNA_tdbR00000234-Spinacia_oleracea-3562-Leu-UA7
23s,valid,tRNA_tdbR00000236-Neurospora_crassa-5141-Leu-UAG
23s,valid,tRNA_tdbR00000252-Pichia_jadinii-4903-Leu-BAA
23s,valid,tRNA_tdbR00000270-Avian_myeloblastosis_virus-11866-Met-BAU
23s,valid,tRNA_tdbR00000294-Mycoplasma_capricolum-2095-Asn-GUU
23s,valid,tRNA_tdbR00000365-Aedes_albopictus-7160-Arg-UCG
23s,valid,tRNA_tdbR00000368-Mesocricetus_auratus-10036-Arg-UCG
23s,valid,tRNA_tdbR00000380-Halobacterium_salinarum-2242-Ser-MGA
23s,valid,tRNA_tdbR00000383-Haloferax_volcanii-2246-Ser-GGA
23s,valid,tRNA_tdbR00000386-Mycoplasma_mycoides-2102-Ser-UGA
23s,valid,tRNA_tdbR00000394-Escherichia_coli-562-Ser-VGA
23s,valid,tRNA_tdbR00000400-Loligo_bleekeri-6617-Ser-7CU
23s,valid,tRNA_tdbR00000403-Bos_taurus-9913-Ser-UGA
23s,valid,tRNA_tdbR00000407-Saccharomyces_cerevisiae-4932-Ser-IGA
23s,valid,tRNA_tdbR00000408-Saccharomyces_cerevisiae-4932-Ser-IGA
23s,valid,tRNA_tdbR00000413-Candida_cylindracea-44322-Ser-GCU
23s,valid,tRNA_tdbR00000465-Saccharomyces_cerevisiae-4932-Val-CAC
23s,valid,tRNA_tdbR00000477-Avian_myeloblastosis_virus-11866-Trp-BCA
23s,valid,tRNA_tdbR00000478-Haloferax_volcanii-2246-Trp-BCA
23s,valid,tRNA_tdbR00000486-Phaseolus_vulgaris-3885-Trp-BCA
23s,valid,tRNA_tdbR00000497-Bos_taurus-9913-Trp-BCA
23s,valid,tRNA_tdbR00000499-Halobacterium_salinarum-2242-Ini-CAU
23s,valid,tRNA_tdbR00000512-Mycobacterium_smegmatis-1772-Ini-CAU
23s,valid,tRNA_tdbR00000548-Scenedesmus_obliquus-3088-Tyr-GUA
23s,valid,tRNA_tdbR00000560-Lupinus_luteus-3873-Tyr-GPA
23s,valid,tRNA_tdbR00000578-Leishmania_tarentolae-5689-Glu-3UC
23s,valid,tRNA_tdbR00000581-Aeropyrum_pernix-56636-Lys-CUU
23s,valid,tRNA_tdbR00000605-Lupinus_luteus-3873-Leu-CAG
23s,valid,tRNA_tdbR00000616-Nanoarchaeum_equitans-160232-Lys-CUU
23s,valid,telomerase_AF221908.136-584
23s,valid,telomerase_AF221909.98-496
23s,valid,telomerase_AF221910.112-554
23s,valid,telomerase_AF221912.98-564
23s,valid,telomerase_AF221928.95-476
23s,valid,telomerase_AF221932.102-549
23s,valid,telomerase_AY312571.605-1069
23s,valid,tmRNA_Baci.G._TRW-12333_1-312
23s,valid,tmRNA_Bact.frag._CR626927_1-398
23s,valid,tmRNA_Bdel.bact._BX842656_1-346
23s,valid,tmRNA_Burk.mall._CP000010_1-370
23s,valid,tmRNA_Burk.spec._CP000151_1-370
23s,valid,tmRNA_Camp.coli._TRW-306254_1-359
23s,valid,tmRNA_Camp.upsa._TRW-306264_1-359
23s,valid,tmRNA_Chla.abor._CR848038_1-425
23s,valid,tmRNA_Clav.mich._TRW-31964_1-376
23s,valid,tmRNA_Desu.psyc._CR522870_1-366
23s,valid,tmRNA_Emil.huxl._TRW-280463_1-291
23s,valid,tmRNA_Esch.coli._AP009048_1-363
23s,valid,tmRNA_Esch.coli._BA000007_1-363
23s,valid,tmRNA_Fran.tula._CP000437_1-421
23s,valid,tmRNA_Fuso.nucl._TRW-209882_1-344
23s,valid,tmRNA_Haem.infl._TRW-262727_1-366
23s,valid,tmRNA_Lact.john._TRW-257314_1-367
23s,valid,tmRNA_Mora.cata._AX067460_1-359
23s,valid,tmRNA_Myco.afri._TRW-33894_1-368
23s,valid,tmRNA_Myco.myco._BX842642_1-411
23s,valid,tmRNA_Myco.pulm._AL445565_1-387
23s,valid,tmRNA_Neis.gono._TRW-242231_1-363
23s,valid,tmRNA_Onio.yell._AP006628_1-423
23s,valid,tmRNA_Pedi.pent._CP000422_1-369
23s,valid,tmRNA_Porp.ging._TRW-242619_1-407
23s,valid,tmRNA_Prop.acne._AE017283_1-371
23s,valid,tmRNA_Rubr.gela._TRW-279263_1-372
23s,valid,tmRNA_Rumi.albu._TRW-246199_1-354
23s,valid,tmRNA_Shew.onei._AX048560_1-355
23s,valid,tmRNA_Shew.spec._TRW-323850_1-356
23s,valid,tmRNA_Shig.flex._AE014073_1-363
23s,valid,tmRNA_Soda.glos._AP008232_1-384
23s,valid,tmRNA_Sten.malt._TRW-40324_1-354
23s,valid,tmRNA_Stre.sobr._TRW-246202_1-349
23s,valid,tmRNA_Thal.weis._AF049491_1-348
23s,valid,tmRNA_Trep.pall._TRW-243276_1-354
23s,valid,tmRNA_Xyle.fast._AE004078_1-355
23s,valid,tmRNA_Yers.ente._TRW-34054_1-381
23s,valid,tmRNA_Yers.pest._CP000305_1-364
23s,valid,tmRNA_envi.sequ._TRW-204433_1-356
5s,test,5s_Acanthamoeba-castellanii-1
5s,test,5s_Acanthamoeba-castellanii-2
5s,test,5s_Acetobacter-aceti-2
5s,test,5s_Acetobacter-sp.-1
5s,test,5s_Acheta-domesticus-1
5s,test,5s_Acholeplasma-laidlawii-1
5s,test,5s_Acholeplasma-laidlawii-2
5s,test,5s_Acholeplasma-laidlawii-3
5s,test,5s_Achromobacter-cycloclastes-1
5s,test,5s_Achromobacter-denitrificans-1
5s,test,5s_Achromobacter-xylosoxidans-1
5s,test,5s_Acidiphilium-acidophilum-1
5s,test,5s_Acidiphilium-cryptum-1
5s,test,5s_Acidithiobacillus-ferrooxidans-1
5s,test,5s_Acidithiobacillus-ferrooxidans-2
5s,test,5s_Acidithiobacillus-ferrooxidans-3
5s,test,5s_Acidithiobacillus-thiooxidans-1
5s,test,5s_Acidovorax-delafieldii-1
5s,test,5s_Acidovorax-facilis-1
5s,test,5s_Acidovorax-temperans-1
5s,test,5s_Acinetobacter-sp.-1
5s,test,5s_Acinetospora-crinita-1
5s,test,5s_Acremonium-chrysogenum-1
5s,test,5s_Acremonium-persicinum-1
5s,test,5s_Acremonium-persicinum-2
5s,test,5s_Acremonium-persicinum-3
5s,test,5s_Actinia-equina-1
5s,test,5s_Actinokineospora-riparia-1
5s,test,5s_Actinomadura-madurae-1
5s,test,5s_Acyrthosiphon-magnoliae-1
5s,test,5s_Aeromonas-hydrophila-1
5s,test,5s_Aeromonas-media-1
5s,test,5s_Aeromonas-salmonicida-1
5s,test,5s_Agaricostilbum-pulcherrimum-1
5s,test,5s_Agaricostilbum-pulcherrimum-2
5s,test,5s_Agaricus-edulis-1
5s,test,5s_Agrobacterium-tumefaciens-1
5s,test,5s_Agrobacterium-tumefaciens-2
5s,test,5s_Agrobacterium-tumefaciens-3
5s,test,5s_Agrobacterium-tumefaciens-4
5s,test,5s_Agrobacterium-tumefaciens-6
5s,test,5s_Agrobacterium-tumefaciens-7
5s,test,5s_Agrobacterium-tumefaciens-8
5s,test,5s_Agrobacterium-vitis-1
5s,test,5s_Akkesiphycus-lubricum-1
5s,test,5s_Alcaligenes-faecalis-1
5s,test,5s_Alcaligenes-faecalis-2
5s,test,5s_Alcaligenes-faecalis-3
5s,test,5s_Alcaligenes-sp.-1
5s,test,5s_Ambystoma-salmoides-1
5s,test,5s_Amoebidium-parasiticum-1
5s,test,5s_Amphibacillus-xylanus-1
5s,test,5s_Amycolatopsis-lactamdurans-1
5s,test,5s_Amycolatopsis-mediterranei-1
5s,test,5s_Amycolatopsis-methanolica-1
5s,test,5s_Amycolatopsis-orientalis-1
5s,test,5s_Anaerorhabdus-furcosa-1
5s,test,5s_Anaplasma-marginale-1
5s,test,5s_Anaplasma-phagocytophilum-1
5s,test,5s_Ancylobacter-aquaticus-1
5s,test,5s_Andrias-davidianus-1
5s,test,5s_Andrias-japonicus-1
5s,test,5s_Andrias-japonicus-2
5s,test,5s_Antheraea-pernyi-1
5s,test,5s_Anthoceros-punctatus-1
5s,test,5s_Anthopleura-japonica-1
5s,test,5s_Aplysia-kurodai-1
5s,test,5s_Aquaspirillum-serpens-1
5s,test,5s_Aquifex-aeolicus-1
5s,test,5s_Arabidopsis-thaliana-1
5s,test,5s_Araneus-diadematus-1
5s,test,5s_Archaeoglobus-fulgidus-1
5s,test,5s_Arion-rufus-1
5s,test,5s_Artemia-salina-1
5s,test,5s_Artemia-sp.-1
5s,test,5s_Artemia-sp.-2
5s,test,5s_Artemia-sp.-3
5s,test,5s_Artemia-sp.-4
5s,test,5s_Arthrobacter-globiformis-1
5s,test,5s_Arthrobacter-globiformis-2
5s,test,5s_Arthrobacter-luteus-1
5s,test,5s_Arthrobacter-oxydans-1
5s,test,5s_Arthrobacter-polychromogenes-1
5s,test,5s_Ascaris-lumbricoides-1
5s,test,5s_Ascaris-suum-1
5s,test,5s_Ascobolus-immersus-1
5s,test,5s_Ascobolus-immersus-2
5s,test,5s_Ascobolus-immersus-3
5s,test,5s_Ascobolus-immersus-4
5s,test,5s_Asellus-aquaticus-1
5s,test,5s_Asellus-aquaticus-2
5s,test,5s_Aspergillus-flavus-1
5s,test,5s_Aspergillus-niger-1
5s,test,5s_Aspergillus-unguis-1
5s,test,5s_Aspergillus-versicolor-1
5s,test,5s_Asterias-vulgaris-1
5s,test,5s_Asterina-pectinifera-1
5s,test,5s_Atractiella-solani-1
5s,test,5s_Aurelia_aurita-1
5s,test,5s_Auricularia-auricula-judae-1
5s,test,5s_Azoarcus-sp.-1
5s,test,5s_Azospirillum-lipoferum-1
5s,test,5s_Azotobacter-vinelandii-1
5s,test,5s_Bacillus-amyloliquefaciens-1
5s,test,5s_Bacillus-anthracis-1
5s,test,5s_Bacillus-anthracis-10
5s,test,5s_Bacillus-anthracis-2
5s,test,5s_Bacillus-anthracis-3
5s,test,5s_Bacillus-anthracis-4
5s,test,5s_Bacillus-anthracis-5
5s,test,5s_Bacillus-anthracis-6
5s,test,5s_Bacillus-anthracis-7
5s,test,5s_Bacillus-anthracis-8
5s,test,5s_Bacillus-anthracis-9
5s,test,5s_Bacillus-cereus-1
5s,test,5s_Bacillus-cereus-10
5s,test,5s_Bacillus-cereus-11
5s,test,5s_Bacillus-cereus-2
5s,test,5s_Bacillus-cereus-4
5s,test,5s_Bacillus-cereus-5
5s,test,5s_Bacillus-cereus-6
5s,test,5s_Bacillus-cereus-7
5s,test,5s_Bacillus-cereus-8
5s,test,5s_Bacillus-cereus-9
5s,test,5s_Bacillus-clausii-1
5s,test,5s_Bacillus-clausii-2
5s,test,5s_Bacillus-clausii-3
5s,test,5s_Bacillus-firmus-1
5s,test,5s_Bacillus-halodurans-1
5s,test,5s_Bacillus-halodurans-2
5s,test,5s_Bacillus-halodurans-3
5s,test,5s_Bacillus-halodurans-4
5s,test,5s_Bacillus-halodurans-5
5s,test,5s_Bacillus-halodurans-6
5s,test,5s_Bacillus-licheniformis-1
5s,test,5s_Bacillus-licheniformis-2
5s,test,5s_Bacillus-licheniformis-5
5s,test,5s_Bacillus-licheniformis-6
5s,test,5s_Bacillus-megaterium-1
5s,test,5s_Bacillus-megaterium-2
5s,test,5s_Bacillus-methanolicus-7
5s,test,5s_Bacillus-methanolicus-8
5s,test,5s_Bacillus-methanolicus-9
5s,test,5s_Bacillus-sp.-1
5s,test,5s_Bacillus-sp.-2
5s,test,5s_Bacillus-subtilis-1
5s,test,5s_Bacillus-subtilis-2
5s,test,5s_Bacillus-subtilis-4
5s,test,5s_Bacillus-subtilis-5
5s,test,5s_Bacillus-subtilis-6
5s,test,5s_Bacillus-thuringiensis-1
5s,test,5s_Bacillus-thuringiensis-2
5s,test,5s_Bacillus-thuringiensis-3
5s,test,5s_Bacillus-thuringiensis-4
5s,test,5s_Bacillus-thuringiensis-5
5s,test,5s_Bacillus-thuringiensis-6
5s,test,5s_Bacteroides-capillosus-1
5s,test,5s_Bacteroides-fragilis-1
5s,test,5s_Bacteroides-fragilis-2
5s,test,5s_Bacteroides-fragilis-3
5s,test,5s_Bacteroides-fragilis-4
5s,test,5s_Bacteroides-fragilis-5
5s,test,5s_Bacteroides-fragilis-6
5s,test,5s_Bacteroides-thetaiotaomicron-1
5s,test,5s_Bacteroides-veroralis-1
5s,test,5s_Bartonella-bacilliformis-1
5s,test,5s_Bartonella-henselae-1
5s,test,5s_Bartonella-henselae-2
5s,test,5s_Bartonella-quintana-1
5s,test,5s_Bartonella-quintana-2
5s,test,5s_Basidiobolus-magnus-1
5s,test,5s_Batrachospermum-ectocarpum-1
5s,test,5s_Beggiatoa-alba-1
5s,test,5s_Beta-vulgaris-1
5s,test,5s_Bifidobacterium-longum-1
5s,test,5s_Bifidobacterium-longum-2
5s,test,5s_Bifidobacterium-longum-3
5s,test,5s_Bjerkandera-adusta-1
5s,test,5s_Blakeslea-trispora-1
5s,test,5s_Blastocladiella-simplex-1
5s,test,5s_Blastopirellula-marina-1
5s,test,5s_Blepharisma-japonicum-1
5s,test,5s_Bombyx-mori-1
5s,test,5s_Bombyx-mori-2
5s,test,5s_Bombyx-mori-3
5s,test,5s_Bombyx-mori-4
5s,test,5s_Bordetella-bronchiseptica-1
5s,test,5s_Bordetella-parapertussis-1
5s,test,5s_Bordetella-pertussis-1
5s,test,5s_Borrelia-burgdorferi-1
5s,test,5s_Bos-taurus-1
5s,test,5s_Brachionus-plicatilis-1
5s,test,5s_Bradyrhizobium-japonicum-1
5s,test,5s_Branchiostoma-belcheri-1
5s,test,5s_Brassica-napus-1
5s,test,5s_Bresslaua-vorax-1
5s,test,5s_Brevibacillus-brevis-1
5s,test,5s_Brevibacterium-casei-1
5s,test,5s_Brevibacterium-helvolum-1
5s,test,5s_Brevibacterium-linens-1
5s,test,5s_Brevibacterium-linens-2
5s,test,5s_Brucella-abortus-1
5s,test,5s_Brucella-melitensis-1
5s,test,5s_Brucella-melitensis-2
5s,test,5s_Brucella-melitensis-3
5s,test,5s_Brucella-suis-1
5s,test,5s_Brucella-suis-2
5s,test,5s_Brugia-malayi-1
5s,test,5s_Buchnera-aphidicola-1
5s,test,5s_Buchnera-aphidicola-2
5s,test,5s_Buchnera-aphidicola-3
5s,test,5s_Bufo-americanus-1
5s,test,5s_Bugula-neritina-1
5s,test,5s_Bullera-alba-1
5s,test,5s_Burkholderia-caryophylli-1
5s,test,5s_Burkholderia-cepacia-1
5s,test,5s_Burkholderia-cepacia-2
5s,test,5s_Burkholderia-cepacia-3
5s,test,5s_Burkholderia-mallei-1
5s,test,5s_Burkholderia-pseudomallei-1
5s,test,5s_Bursaphelenchus-mucronatus-1
5s,test,5s_Bursaphelenchus-xylophilus-1
5s,test,5s_C_paradoxE
5s,test,5s_Caenorhabditis-briggsae-1
5s,test,5s_Caenorhabditis-elegans-1
5s,test,5s_Caenorhabditis-elegans-3
5s,test,5s_Calanus-finmarchicus-1
5s,test,5s_Calliphora-vicina-1
5s,test,5s_Calyptogena-magnifica-1
5s,test,5s_Campylobacter-jejuni-3
5s,test,5s_Cancer-pagurus-1
5s,test,5s_Candida-albicans-1
5s,test,5s_Candida-antarctica-1
5s,test,5s_Candida-azyma-1
5s,test,5s_Candida-cylindracea-1
5s,test,5s_Candida-diversa-1
5s,test,5s_Candida-glabrata-1
5s,test,5s_Candida-magnoliae-1
5s,test,5s_Candida-melibiosica-1
5s,test,5s_Candida-parapsilosis-1
5s,test,5s_Candida-rugopelliculosa-1
5s,test,5s_Candida-rugosa-1
5s,test,5s_Candida-zeylanoides-1
5s,test,5s_Candidatus-Fritschea-bemisiae-1
5s,test,5s_Candidatus-Pelagibacter-ubique-1
5s,test,5s_Candidatus-Phytoplasma-asteris-1
5s,test,5s_Candidatus-Portiera-aleyrodidarum-1
5s,test,5s_Candidatus-Tremblaya-princeps-1
5s,test,5s_Candidatus-Tremblaya-princeps-2
5s,test,5s_Candidatus-Tremblaya-princeps-3
5s,test,5s_Candidatus-Tremblaya-princeps-5
5s,test,5s_Candidatus-Tremblaya-princeps-6
5s,test,5s_Capniomyces-stellatus-1
5s,test,5s_Carpopeltis-crispata-1
5s,test,5s_Caulobacter-crescentus-1
5s,test,5s_Caulobacter-crescentus-2
5s,test,5s_Caulobacter-sp.-1
5s,test,5s_Caulobacter-sp.-2
5s,test,5s_Caulobacter-sp.-3
5s,test,5s_Caulobacter-sp.-4
5s,test,5s_Caulobacter-sp.-5
5s,test,5s_Caulobacter-sp.-6
5s,test,5s_Caulobacter-sp.-7
5s,test,5s_Caulobacter-spinosum-1
5s,test,5s_Cellulomonas-biazotea-1
5s,test,5s_Cellulosimicrobium-cellulans-1
5s,test,5s_Cerastoderma-edule-1
5s,test,5s_Cerastoderma-glaucum-1
5s,test,5s_Ceratobasidium-cornigerum-1
5s,test,5s_Chaetomorpha-moniligera-1
5s,test,5s_Chlamydia-muridarum-1
5s,test,5s_Chlamydia-muridarum-2
5s,test,5s_Chlamydia-trachomatis-1
5s,test,5s_Chlamydomonas-reinhardtii-1
5s,test,5s_Chlamydomonas-reinhardtii-2
5s,test,5s_Chlamydomonas-sp.-1
5s,test,5s_Chlamydophila-abortus-1
5s,test,5s_Chlamydophila-caviae-1
5s,test,5s_Chlamydophila-pneumoniae-1
5s,test,5s_Chlamydophila-pneumoniae-2
5s,test,5s_Chlamydophila-pneumoniae-3
5s,test,5s_Chlorella-pyrenoidosa-1
5s,test,5s_Chlorella-sp.-1
5s,test,5s_Chlorobium-limicola-1
5s,test,5s_Chlorobium-limicola-2
5s,test,5s_Chlorobium-phaeobacteroides-1
5s,test,5s_Chlorobium-tepidum-1
5s,test,5s_Chordaria-flagelliformis-1
5s,test,5s_Christiansenia-pallida-1
5s,test,5s_Chrysaora-quinquecirrha-1
5s,test,5s_Clavibacter-michiganensis-1
5s,test,5s_Clavispora-opuntiae-1
5s,test,5s_Clavispora-opuntiae-3
5s,test,5s_Clostridium-acetobutylicum-1
5s,test,5s_Clostridium-acetobutylicum-2
5s,test,5s_Clostridium-acetobutylicum-3
5s,test,5s_Clostridium-acetobutylicum-4
5s,test,5s_Clostridium-acetobutylicum-5
5s,test,5s_Clostridium-butyricum-1
5s,test,5s_Clostridium-butyricum-2
5s,test,5s_Clostridium-carnis-1
5s,test,5s_Clostridium-innocuum-1
5s,test,5s_Clostridium-pasteurianum-1
5s,test,5s_Clostridium-tyrobutyricum-4
5s,test,5s_Coemansia-mojavensis-1
5s,test,5s_Colacogloea-peniophorae-1
5s,test,5s_Coleochaete-scutata-1
5s,test,5s_Coleosporium-tussilaginis-1
5s,test,5s_Colwellia-hadaliensis-1
5s,test,5s_Colwellia-psychrerythraea-1
5s,test,5s_Colwellia-psychrerythraea-2
5s,test,5s_Colwellia-psychrerythraea-3
5s,test,5s_Comamonas-terrigena-1
5s,test,5s_Comamonas-terrigena-2
5s,test,5s_Comamonas-testosteroni-1
5s,test,5s_Coprinopsis-cinerea-1
5s,test,5s_Coprinopsis-radiata-1
5s,test,5s_Corynebacterium-diphtheriae-1
5s,test,5s_Corynebacterium-diphtheriae-2
5s,test,5s_Corynebacterium-efficiens-1
5s,test,5s_Corynebacterium-glutamicum-1
5s,test,5s_Corynebacterium-glutamicum-2
5s,test,5s_Corynebacterium-jeikeium-1
5s,test,5s_Corynebacterium-jeikeium-2
5s,test,5s_Corynebacterium-variabile-1
5s,test,5s_Corynebacterium-xerosis-1
5s,test,5s_Corynebacterium-xerosis-2
5s,test,5s_Coxiella-burnetii-1
5s,test,5s_Coxiella-burnetii-2
5s,test,5s_Crithidia-fasciculata-1
5s,test,5s_Crossiella-cryophila-1
5s,test,5s_Crypthecodinium-cohnii-1
5s,test,5s_Cryptobranchus-alleganiensis-1
5s,test,5s_Cryptococcus-albidus-1
5s,test,5s_Cryptococcus-bacillisporus-1
5s,test,5s_Cryptococcus-humicola-1
5s,test,5s_Cryptococcus-laurentii-1
5s,test,5s_Cryptococcus-neoformans-1
5s,test,5s_Cryptococcus-neoformans-2
5s,test,5s_Cryptomonas-paramecium-1
5s,test,5s_Cryptosporidium-parvum-1
5s,test,5s_Cryptosporidium-parvum-2
5s,test,5s_Cunninghamella-elegans-1
5s,test,5s_Cupriavidus-necator-1
5s,test,5s_Curtobacterium-citreum-1
5s,test,5s_Cyanidium-caldarium-1
5s,test,5s_Cyanophora-paradoxa-1
5s,test,5s_Cycas-revoluta-1
5s,test,5s_Cyclidiopsis-acus-1
5s,test,5s_Cystobacter-fuscus-1
5s,test,5s_Dactylosporangium-aurantiacum-1
5s,test,5s_Daphnia-magna-1
5s,test,5s_Dehalococcoides-ethenogenes-1
5s,test,5s_Deinococcus-radiodurans-1
5s,test,5s_Deinococcus-radiodurans-2
5s,test,5s_Deinococcus-radiodurans-3
5s,test,5s_Deinococcus-radiophilus-1
5s,test,5s_Delftia-acidovorans-1
5s,test,5s_Desulfovibrio-vulgaris-1
5s,test,5s_Desulfovibrio-vulgaris-2
5s,test,5s_Desulfurococcus-mobilis-1
5s,test,5s_Diatoma-tenue-1
5s,test,5s_Dichelobacter-nodosus-1
5s,test,5s_Dictyostelium-discoideum-1
5s,test,5s_Dicyema-misakiense-1
5s,test,5s_Diplonema-papillatum-1
5s,test,5s_Diplonema-papillatum-2
5s,test,5s_Dipsacomyces-acuminosporus-1
5s,test,5s_Dirofilaria-immitis-1
5s,test,5s_Distigma-proteus-1
5s,test,5s_Drosophila-erecta-1
5s,test,5s_Drosophila-mauritiana-1
5s,test,5s_Drosophila-melanogaster-1
5s,test,5s_Drosophila-melanogaster-2
5s,test,5s_Drosophila-sechellia-1
5s,test,5s_Drosophila-simulans-1
5s,test,5s_Drosophila-takahashii-1
5s,test,5s_Drosophila-teissieri-1
5s,test,5s_Drosophila-yakuba-1
5s,test,5s_Dryopteris-acuminata-1
5s,test,5s_Dugesia-japonica-1
5s,test,5s_Dugesia-japonica-2
5s,test,5s_E_glandulE
5s,test,5s_Ectothiorhodospira-mobilis-1
5s,test,5s_Ectothiorhodospira-shaposhnikovii-1
5s,test,5s_Efibulobasidium-albescens-1
5s,test,5s_Ehrlichia-chaffeensis-1
5s,test,5s_Ehrlichia-ruminantium-1
5s,test,5s_Eimeria-tenella-1
5s,test,5s_Eisenia-bicyclis-1
5s,test,5s_Emericella-heterothallica-1
5s,test,5s_Emericella-nidulans-1
5s,test,5s_Emericella-nidulans-2
5s,test,5s_Emericella-nidulans-3
5s,test,5s_Emericella-nidulans-4
5s,test,5s_Emericella-nidulans-5
5s,test,5s_Emericella-nidulans-6
5s,test,5s_Emericella-nidulans-7
5s,test,5s_Emericella-nidulans-8
5s,test,5s_Empedobacter-brevis-1
5s,test,5s_Emplectonema-gracile-2
5s,test,5s_Enchytraeus-albidus-1
5s,test,5s_Endophyllum-sempervivi-1
5s,test,5s_Enterococcus-faecalis-1
5s,test,5s_Enterococcus-faecalis-2
5s,test,5s_Entosiphon-sulcatum-1
5s,test,5s_Ephedra-kokanica-1
5s,test,5s_Equisetum-arvense-1
5s,test,5s_Erwinia-carotovora-1
5s,test,5s_Erwinia-carotovora-2
5s,test,5s_Erysipelothrix-rhusiopathiae-1
5s,test,5s_Erysipelothrix-rhusiopathiae-2
5s,test,5s_Erysipelothrix-rhusiopathiae-3
5s,test,5s_Erysipelothrix-tonsillarum-1
5s,test,5s_Erythrobacter-longus-1
5s,test,5s_Erythromicrobium-ezovicum-1
5s,test,5s_Erythromicrobium-hydrolyticum-1
5s,test,5s_Erythromicrobium-ramosum-1
5s,test,5s_Esch_coli2B
5s,test,5s_Esch_coli5B
5s,test,5s_Escherichia-coli-1
5s,test,5s_Escherichia-coli-10
5s,test,5s_Escherichia-coli-11
5s,test,5s_Escherichia-coli-13
5s,test,5s_Escherichia-coli-14
5s,test,5s_Escherichia-coli-15
5s,test,5s_Escherichia-coli-2
5s,test,5s_Escherichia-coli-3
5s,test,5s_Escherichia-coli-4
5s,test,5s_Escherichia-coli-5
5s,test,5s_Escherichia-coli-6
5s,test,5s_Escherichia-coli-8
5s,test,5s_Euglena-gracilis-1
5s,test,5s_Euglena-gracilis-2
5s,test,5s_Euplotes-aediculatus-1
5s,test,5s_Euplotes-eurystomus-1
5s,test,5s_Euplotes-octocarinatus-1
5s,test,5s_Euplotes-vannus-1
5s,test,5s_Euplotes-woodruffi-1
5s,test,5s_Eurypelma-californica-1
5s,test,5s_Exidia-glandulosa-1
5s,test,5s_Exobasidium-vaccinii-1
5s,test,5s_F_florifoWE
5s,test,5s_Farysia-thuemenii-1
5s,test,5s_Fellomyces-penicillatus-1
5s,test,5s_Filobasidiella-depauperata-1
5s,test,5s_Filobasidiella-neoformans-1
5s,test,5s_Filobasidium-capsuligenum-1
5s,test,5s_Filobasidium-floriforme-1
5s,test,5s_Filobasidium-floriforme-2
5s,test,5s_Finegoldia-magna-1
5s,test,5s_Finegoldia-magna-2
5s,test,5s_Flavobacterium-hydatis-1
5s,test,5s_Flavobacterium-johnsoniae-1
5s,test,5s_Flectobacillus-major-1
5s,test,5s_Flexibacter-sp.-1
5s,test,5s_Fluoribacter-bozemanae-1
5s,test,5s_Frankia-sp.-1
5s,test,5s_Frankia-sp.-2
5s,test,5s_Frankia-sp.-3
5s,test,5s_Fusarium-asiaticum-1
5s,test,5s_Fusarium-asiaticum-2
5s,test,5s_Fusarium-asiaticum-3
5s,test,5s_Fusarium-asiaticum-4
5s,test,5s_Fusarium-asiaticum-5
5s,test,5s_Fusarium-asiaticum-6
5s,test,5s_Fusarium-asiaticum-7
5s,test,5s_Fusarium-asiaticum-8
5s,test,5s_Fusarium-cerealis-1
5s,test,5s_Fusarium-cerealis-2
5s,test,5s_Fusarium-cerealis-3
5s,test,5s_Fusarium-cerealis-4
5s,test,5s_Fusarium-cerealis-5
5s,test,5s_Fusarium-cerealis-6
5s,test,5s_Fusarium-cerealis-7
5s,test,5s_Fusarium-cerealis-8
5s,test,5s_Fusarium-cerealis-9
5s,test,5s_Fusarium-culmorum-1
5s,test,5s_Fusarium-culmorum-2
5s,test,5s_Fusarium-culmorum-3
5s,test,5s_Fusarium-culmorum-4
5s,test,5s_Fusarium-culmorum-5
5s,test,5s_Fusarium-culmorum-6
5s,test,5s_Fusarium-culmorum-7
5s,test,5s_Fusarium-culmorum-8
5s,test,5s_Fusarium-lunulosporum-1
5s,test,5s_Fusarium-lunulosporum-10
5s,test,5s_Fusarium-lunulosporum-2
5s,test,5s_Fusarium-lunulosporum-3
5s,test,5s_Fusarium-lunulosporum-4
5s,test,5s_Fusarium-lunulosporum-5
5s,test,5s_Fusarium-lunulosporum-6
5s,test,5s_Fusarium-lunulosporum-7
5s,test,5s_Fusarium-lunulosporum-8
5s,test,5s_Fusarium-lunulosporum-9
5s,test,5s_Fusarium-pseudograminearum-1
5s,test,5s_Fusarium-pseudograminearum-2
5s,test,5s_Fusarium-pseudograminearum-3
5s,test,5s_Fusarium-pseudograminearum-4
5s,test,5s_Fusarium-pseudograminearum-5
5s,test,5s_Fusarium-pseudograminearum-6
5s,test,5s_Fusarium-pseudograminearum-7
5s,test,5s_Fusarium-pseudograminearum-8
5s,test,5s_Fusarium-sporotrichioides-1
5s,test,5s_Fusarium-sporotrichioides-2
5s,test,5s_Fusarium-sporotrichioides-3
5s,test,5s_Fusarium-sporotrichioides-4
5s,test,5s_Fusarium-sporotrichioides-5
5s,test,5s_Fusobacterium-mortiferum-1
5s,test,5s_Fusobacterium-mortiferum-2
5s,test,5s_Fusobacterium-nucleatum-1
5s,test,5s_Fusobacterium-nucleatum-2
5s,test,5s_Fusobacterium-nucleatum-3
5s,test,5s_Fusobacterium-nucleatum-4
5s,test,5s_Fusobacterium-nucleatum-5
5s,test,5s_Fusobacterium-varium-1
5s,test,5s_Gallus-gallus-1
5s,test,5s_Gallus-gallus-2
5s,test,5s_Ganoderma-applanatum-1
5s,test,5s_Gastrotheca-riobambae-1
5s,test,5s_Gelidium-amansii-1
5s,test,5s_Gelidium-amansii-2
5s,test,5s_Gemm_obscuB
5s,test,5s_Genistelloides-hibernus-1
5s,test,5s_Geobacillus-kaustophilus-1
5s,test,5s_Geobacillus-kaustophilus-2
5s,test,5s_Geobacillus-kaustophilus-3
5s,test,5s_Geobacillus-kaustophilus-4
5s,test,5s_Geobacillus-kaustophilus-6
5s,test,5s_Geobacillus-kaustophilus-7
5s,test,5s_Geobacillus-stearothermophilus-1
5s,test,5s_Geobacillus-stearothermophilus-2
5s,test,5s_Geobacillus-stearothermophilus-3
5s,test,5s_Geobacillus-stearothermophilus-4
5s,test,5s_Geodermatophilus-obscurus-1
5s,test,5s_Ginkgo-biloba-1
5s,test,5s_Gloiopeltis-complanata-1
5s,test,5s_Gluconacetobacter-xylinus-1
5s,test,5s_Gluconobacter-oxydans-3
5s,test,5s_Gnetum-gnemon-1
5s,test,5s_Gossypium-hirsutum-1
5s,test,5s_Gracilaria-compressa-1
5s,test,5s_Gracilaria-compressa-2
5s,test,5s_Graphiola-phoenicis-1
5s,test,5s_Grimontia-hollisae-1
5s,test,5s_Gymnosporangium-clavariaeforme-1
5s,test,5s_Gymnosporangium-sabinae-1
5s,test,5s_Haemonchus-contortus-1
5s,test,5s_Haemophilus-aegyptius-1
5s,test,5s_Haemophilus-influenzae-1
5s,test,5s_Haemophilus-influenzae-4
5s,test,5s_Haemophilus-influenzae-6
5s,test,5s_Halichondria-japonica-1
5s,test,5s_Halichondria-panicea-1
5s,test,5s_Haliclona-oculata-1
5s,test,5s_Haloarcula-marismortui-1
5s,test,5s_Haloarcula-marismortui-2
5s,test,5s_Haloarcula-marismortui-3
5s,test,5s_Halobacterium-salinarum-1
5s,test,5s_Halobacterium-salinarum-2
5s,test,5s_Halobacterium-salinarum-3
5s,test,5s_Halobacterium-sp.-1
5s,test,5s_Halobacterium-sp.-2
5s,test,5s_Halococcus-morrhuae-1
5s,test,5s_Halococcus-morrhuae-2
5s,test,5s_Halocynthia-roretzi-1
5s,test,5s_Haloferax-mediterranei-1
5s,test,5s_Haloferax-mediterranei-2
5s,test,5s_Haloferax-volcanii-1
5s,test,5s_Haloferax-volcanii-2
5s,test,5s_Haloferax-volcanii-3
5s,test,5s_Halorhodospira-halophila-1
5s,test,5s_Halorubrum-distributum-1
5s,test,5s_Halorubrum-distributum-3
5s,test,5s_Halorubrum-distributum-4
5s,test,5s_Halorubrum-distributum-5
5s,test,5s_Halorubrum-distributum-6
5s,test,5s_Halorubrum-distributum-7
5s,test,5s_Halorubrum-saccharovorum-1
5s,test,5s_Halorubrum-terrestre-1
5s,test,5s_Halorubrum-terrestre-2
5s,test,5s_Halothiobacillus-neapolitanus-1
5s,test,5s_Harpalus-rufipes-1
5s,test,5s_Helianthus-annuus-1
5s,test,5s_Helicobacter-hepaticus-1
5s,test,5s_Helicobacter-pylori-2
5s,test,5s_Helicobacter-pylori-3
5s,test,5s_Helicobasidium-purpureum-1
5s,test,5s_Helix-pomatia-1
5s,test,5s_Hemicentrotus-sp.-1
5s,test,5s_Herbidospora-cretacea-1
5s,test,5s_Herpetosiphon-aurantiacus-1
5s,test,5s_Homarus-gammarus-1
5s,test,5s_Homo-sapiens-1
5s,test,5s_Hydrurus-foetidus-1
5s,test,5s_Hymeniacidon-sanguinea-1
5s,test,5s_Hyphodontia-paradoxa-1
5s,test,5s_Hyphomicrobium-sp.-1
5s,test,5s_Hyphomicrobium-sp.-2
5s,test,5s_Hyphomicrobium-sp.-3
5s,test,5s_Hyphomicrobium-sp.-4
5s,test,5s_Hyphomicrobium-sp.-5
5s,test,5s_Hyphomicrobium-sp.-6
5s,test,5s_Hyphomicrobium-sp.-7
5s,test,5s_Hyphomicrobium-vulgare-1
5s,test,5s_Hyphomicrobium-vulgare-2
5s,test,5s_Hyphomonas-oligotropha-1
5s,test,5s_Hyphomonas-polymorpha-1
5s,test,5s_Idiomarina-loihiensis-1
5s,test,5s_Idiomarina-loihiensis-2
5s,test,5s_Iguana-iguana-1
5s,test,5s_Illex-illecebrosus-1
5s,test,5s_Isosphaera-pallida-1
5s,test,5s_Itersonilia-perplexans-1
5s,test,5s_Juniperus-media-1
5s,test,5s_Kibdelosporangium-aridum-1
5s,test,5s_Klebsormidium-flaccidum-1
5s,test,5s_Kluyveromyces-delphensis-1
5s,test,5s_Kondoa-malvinella-1
5s,test,5s_Kutzneria-albida-1
5s,test,5s_Kutzneria-viridogrisea-1
5s,test,5s_Laccaria-bicolor-1
5s,test,5s_Lactobacillus-acidophilus-1
5s,test,5s_Lactobacillus-brevis-1
5s,test,5s_Lactobacillus-delbrueckii-1
5s,test,5s_Lactobacillus-delbrueckii-2
5s,test,5s_Lactobacillus-johnsonii-1
5s,test,5s_Lactobacillus-plantarum-1
5s,test,5s_Lactobacillus-plantarum-2
5s,test,5s_Lactobacillus-plantarum-3
5s,test,5s_Lactococcus-lactis-1
5s,test,5s_Lactococcus-lactis-2
5s,test,5s_Lactococcus-lactis-3
5s,test,5s_Lactococcus-lactis-4
5s,test,5s_Lactococcus-lactis-5
5s,test,5s_Lactuca-sativa-1
5s,test,5s_Legionella-dumoffii-1
5s,test,5s_Legionella-longbeachae-1
5s,test,5s_Legionella-pneumophila-1
5s,test,5s_Legionella-pneumophila-2
5s,test,5s_Legionella-pneumophila-3
5s,test,5s_Leifsonia-aquatica-1
5s,test,5s_Leifsonia-xyli-1
5s,test,5s_Lemna-minor-1
5s,test,5s_Lentinula-edodes-1
5s,test,5s_Lentinula-edodes-2
5s,test,5s_Leptospira-biflexa-1
5s,test,5s_Leptospira-interrogans-1
5s,test,5s_Leptospira-interrogans-2
5s,test,5s_Leptothrix-discophora-1
5s,test,5s_Lethenteron-japonicum-1
5s,test,5s_Lethenteron-japonicum-2
5s,test,5s_Lethenteron-reissneri-1
5s,test,5s_Leuconostoc-mesenteroides-1
5s,test,5s_Ligia-oceanica-1
5s,test,5s_Limulus-polyphemus-1
5s,test,5s_Linderina-macrospora-1
5s,test,5s_Lineus-geniculatus-1
5s,test,5s_Lingula-anatina-1
5s,test,5s_Lingula-anatina-2
5s,test,5s_Listeria-innocua-2
5s,test,5s_Listeria-ivanovii-1
5s,test,5s_Listeria-monocytogenes-2
5s,test,5s_Listeria-monocytogenes-3
5s,test,5s_Listonella-anguillarum-1
5s,test,5s_Listonella-pelagia-1
5s,test,5s_Locusta-migratoria-1
5s,test,5s_Loofah-witches-broom-phytoplasma-1
5s,test,5s_Lophocolea-heterophylla-1
5s,test,5s_Lupinus-angustifolius-1
5s,test,5s_Lupinus-luteus-1
5s,test,5s_Lycoperdon-pyriforme-1
5s,test,5s_Lycopersicon-esculentum-1
5s,test,5s_Lycopodium-clavatum-1
5s,test,5s_Lytechinus-variegatus-1
5s,test,5s_Magnolia-kobus-1
5s,test,5s_Magnolia-stellata-1
5s,test,5s_Mannheimia-succiniciproducens-1
5s,test,5s_Mannheimia-succiniciproducens-2
5s,test,5s_Mannheimia-succiniciproducens-3
5s,test,5s_Marchantia-polymorpha-1
5s,test,5s_Medicago-sativa-1
5s,test,5s_Meloidogyne-arenaria-1
5s,test,5s_Meloidogyne-arenaria-2
5s,test,5s_Meloidogyne-arenaria-3
5s,test,5s_Meloidogyne-arenaria-4
5s,test,5s_Meloidogyne-artiellia-1
5s,test,5s_Meloidogyne-chitwoodi-1
5s,test,5s_Menoidium-pellucidum-1
5s,test,5s_Mesorhizobium-loti-1
5s,test,5s_Metasequoia-glyptostroboides-1
5s,test,5s_Methanobacterium-formicicum-1
5s,test,5s_Methanobrevibacter-ruminantium-1
5s,test,5s_Methanocaldococcus-jannaschii-1
5s,test,5s_Methanocaldococcus-jannaschii-2
5s,test,5s_Methanococcus-maripaludis-1
5s,test,5s_Methanococcus-vannielii-1
5s,test,5s_Methanococcus-vannielii-2
5s,test,5s_Methanococcus-voltae-1
5s,test,5s_Methanococcus-voltae-2
5s,test,5s_Methanolobus-tindarius-1
5s,test,5s_Methanolobus-tindarius-2
5s,test,5s_Methanopyrus-kandleri-1
5s,test,5s_Methanosarcina-acetivorans-1
5s,test,5s_Methanosarcina-acetivorans-2
5s,test,5s_Methanosarcina-barkeri-1
5s,test,5s_Methanosarcina-mazei-1
5s,test,5s_Methanosarcina-mazei-2
5s,test,5s_Methanosarcina-vacuolata-1
5s,test,5s_Methanospirillum-hungatei-1
5s,test,5s_Methanothermobacter-thermautotrophicus-1
5s,test,5s_Methanothermobacter-thermautotrophicus-2
5s,test,5s_Methanothermobacter-thermautotrophicus-3
5s,test,5s_Methanothermobacter-thermautotrophicus-4
5s,test,5s_Methanothermobacter-thermautotrophicus-5
5s,test,5s_Methanothermobacter-thermautotrophicus-6
5s,test,5s_Methanothermobacter-thermautotrophicus-7
5s,test,5s_Methanothermococcus-thermolithotrophicus-1
5s,test,5s_Methanothermus-fervidus-1
5s,test,5s_Methylobacterium-extorquens-1
5s,test,5s_Methylobacterium-organophilum-1
5s,test,5s_Methylobacterium-sp.-1
5s,test,5s_Methylococcus-capsulatus-1
5s,test,5s_Methylococcus-capsulatus-3
5s,test,5s_Methylomicrobium-album-1
5s,test,5s_Methylomicrobium-clara-1
5s,test,5s_Methylophilus-methylotrophus-1
5s,test,5s_Microbacterium-testaceum-1
5s,test,5s_Microbotryum-violaceum-1
5s,test,5s_Micrococcus-luteus-1
5s,test,5s_Micrococcus-luteus-2
5s,test,5s_Micrococcus-luteus-4
5s,test,5s_Microstroma-juglandis-1
5s,test,5s_Microtetraspora-glauca-1
5s,test,5s_Misgurnus-fossilis-1
5s,test,5s_Misgurnus-fossilis-14
5s,test,5s_Moniliella-acetoabutans-1
5s,test,5s_Moritella-marina-1
5s,test,5s_Mortierella-formosensis-1
5s,test,5s_Mus-musculus-1
5s,test,5s_Mycobacterium-avium-1
5s,test,5s_Mycobacterium-bovis-1
5s,test,5s_Mycobacterium-bovis-2
5s,test,5s_Mycobacterium-bovis-3
5s,test,5s_Mycobacterium-flavescens-1
5s,test,5s_Mycobacterium-leprae-1
5s,test,5s_Mycobacterium-leprae-2
5s,test,5s_Mycobacterium-phlei-1
5s,test,5s_Mycobacterium-phlei-2
5s,test,5s_Mycobacterium-smegmatis-1
5s,test,5s_Mycobacterium-smegmatis-2
5s,test,5s_Mycobacterium-smegmatis-3
5s,test,5s_Mycobacterium-tuberculosis-1
5s,test,5s_Mycobacterium-tuberculosis-2
5s,test,5s_Mycobacterium-tuberculosis-3
5s,test,5s_Mycobacterium-tuberculosis-4
5s,test,5s_Mycoplasma-capricolum-1
5s,test,5s_Mycoplasma-flocculare-1
5s,test,5s_Mycoplasma-gallisepticum-1
5s,test,5s_Mycoplasma-gallisepticum-2
5s,test,5s_Mycoplasma-gallisepticum-3
5s,test,5s_Mycoplasma-gallisepticum-4
5s,test,5s_Mycoplasma-genitalium-1
5s,test,5s_Mycoplasma-haemofelis-1
5s,test,5s_Mycoplasma-hyopneumoniae-1
5s,test,5s_Mycoplasma-hyopneumoniae-2
5s,test,5s_Mycoplasma-mobile-1
5s,test,5s_Mycoplasma-mycoides-1
5s,test,5s_Mycoplasma-mycoides-2
5s,test,5s_Mycoplasma-mycoides-3
5s,test,5s_Mycoplasma-penetrans-1
5s,test,5s_Mycoplasma-pneumoniae-1
5s,test,5s_Mycoplasma-pulmonis-1
5s,test,5s_Mycoplasma-sp.-1
5s,test,5s_Mycoplasma-sp.-2
5s,test,5s_Mytilus-edulis-1
5s,test,5s_Mytilus-edulis-2
5s,test,5s_Mytilus-galloprovincialis-2
5s,test,5s_Mytilus-galloprovincialis-3
5s,test,5s_Myxococcus-coralloides-1
5s,test,5s_Nadsonia-fulvescens-1
5s,test,5s_Nannocystis-exedens-1
5s,test,5s_Nanoarchaeum-equitans-1
5s,test,5s_Natrialba-magadii-1
5s,test,5s_Natrinema-sp.-1
5s,test,5s_Natronococcus-occultus-1
5s,test,5s_Natronomonas-pharaonis-1
5s,test,5s_Natronomonas-pharaonis-2
5s,test,5s_Neisseria-gonorrhoeae-1
5s,test,5s_Neisseria-meningitidis-1
5s,test,5s_Nemopsis-dofleini-1
5s,test,5s_Nephila-clavipes-1
5s,test,5s_Neurospora-africana-1
5s,test,5s_Neurospora-africana-2
5s,test,5s_Neurospora-crassa-1
5s,test,5s_Neurospora-crassa-10
5s,test,5s_Neurospora-crassa-11
5s,test,5s_Neurospora-crassa-12
5s,test,5s_Neurospora-crassa-13
5s,test,5s_Neurospora-crassa-14
5s,test,5s_Neurospora-crassa-15
5s,test,5s_Neurospora-crassa-2
5s,test,5s_Neurospora-crassa-6
5s,test,5s_Neurospora-crassa-9
5s,test,5s_Neurospora-intermedia-1
5s,test,5s_Neurospora-intermedia-2
5s,test,5s_Neurospora-intermedia-3
5s,test,5s_Nicotiana-tabacum-1
5s,test,5s_Nitella-flexilis-1
5s,test,5s_Nitrobacter-winogradskyi-1
5s,test,5s_Nocardia-asteroides-1
5s,test,5s_Nocardia-farcinica-1
5s,test,5s_Nocardioides-albus-1
5s,test,5s_Nocardiopsis-dassonvillei-1
5s,test,5s_Notophthalmus-viridescens-1
5s,test,5s_Oceanobacillus-iheyensis-1
5s,test,5s_Oceanobacillus-iheyensis-2
5s,test,5s_Oceanobacillus-iheyensis-3
5s,test,5s_Oceanobacillus-iheyensis-4
5s,test,5s_Octopus-vulgaris-1
5s,test,5s_Oenococcus-oeni-1
5s,test,5s_Oerskovia-turbata-1
5s,test,5s_Onchocerca-cervicalis-1
5s,test,5s_Onchocerca-volvulus-1
5s,test,5s_Oryctolagus-cuniculus-1
5s,test,5s_Oryza-sativa-1
5s,test,5s_Oryza-sativa-2
5s,test,5s_P_cynthiaE
5s,test,5s_Paenibacillus-popilliae-1
5s,test,5s_Palmaria-palmata-1
5s,test,5s_Paracentrotus-lividus-1
5s,test,5s_Paracentrotus-lividus-2
5s,test,5s_Parachlamydia-sp.-1
5s,test,5s_Paracoccus-denitrificans-1
5s,test,5s_Paracoccus-denitrificans-2
5s,test,5s_Paracoccus-sp.-1
5s,test,5s_Paracoccus-versutus-1
5s,test,5s_Paramecium-tetraurelia-1
5s,test,5s_Pasteurella-multocida-1
5s,test,5s_Pasteurella-multocida-2
5s,test,5s_Pedinomonas-minor-1
5s,test,5s_Pedobacter-heparinus-1
5s,test,5s_Penicillium-chrysogenum-1
5s,test,5s_Penicillium-griseofulvum-1
5s,test,5s_Perinereis-brevicirris-1
5s,test,5s_Perkinsus-andrewsi-1
5s,test,5s_Perkinsus-andrewsi-2
5s,test,5s_Perkinsus-olseni-1
5s,test,5s_Phacus-curvicauda-1
5s,test,5s_Phaffia-rhodozyma-1
5s,test,5s_Phascolopsis-gouldii-1
5s,test,5s_Phaseolus-vulgaris-1
5s,test,5s_Phaseolus-vulgaris-2
5s,test,5s_Phleogena-faginea-1
5s,test,5s_Phlyctochytrium-irregulare-1
5s,test,5s_Photobacterium-angustum-1
5s,test,5s_Photobacterium-damselae-1
5s,test,5s_Photobacterium-damselae-2
5s,test,5s_Photobacterium-leiognathi-1
5s,test,5s_Photobacterium-profundum-1
5s,test,5s_Photobacterium-profundum-2
5s,test,5s_Photobacterium-profundum-3
5s,test,5s_Photobacterium-sp.-1
5s,test,5s_Photorhabdus-luminescens-1
5s,test,5s_Photorhabdus-luminescens-2
5s,test,5s_Photorhabdus-luminescens-3
5s,test,5s_Phycomyces-blakesleeanus-1
5s,test,5s_Physarum-polycephalum-1
5s,test,5s_Pichia-angusta-1
5s,test,5s_Pichia-jadinii-1
5s,test,5s_Pichia-jadinii-2
5s,test,5s_Pichia-membranifaciens-1
5s,test,5s_Pimelobacter-simplex-1
5s,test,5s_Pinus-contorta-1
5s,test,5s_Pinus-silvestris-1
5s,test,5s_Pirellula-sp.-1
5s,test,5s_Pirellula-sp.-2
5s,test,5s_Plagiomnium-trichomanes-1
5s,test,5s_Planctomyces-brasiliensis-1
5s,test,5s_Planctomyces-limnophilus-1
5s,test,5s_Planobispora-longispora-1
5s,test,5s_Planocera-reticulata-1
5s,test,5s_Planococcus-citreus-1
5s,test,5s_Planococcus-kocurii-1
5s,test,5s_Plasmodium-falciparum-1
5s,test,5s_Platymonas-subcordiformis-1
5s,test,5s_Plesiomonas-shigelloides-1
5s,test,5s_Pleurodeles-waltl-1
5s,test,5s_Pleurodeles-waltl-3
5s,test,5s_Pleurotus-ostreatus-1
5s,test,5s_Pneumocystis-carinii-1
5s,test,5s_Pneumocystis-carinii-2
5s,test,5s_Polyangium-cellulosum-1
5s,test,5s_Porphyra-tenera-1
5s,test,5s_Porphyra-umbilicalis-1
5s,test,5s_Porphyra-yezoensis-1
5s,test,5s_Porphyromonas-gingivalis-1
5s,test,5s_Porphyromonas-gingivalis-2
5s,test,5s_Prasinocladus-sp.-1
5s,test,5s_Prauserella-rugosa-1
5s,test,5s_Proasellus-coxalis-1
5s,test,5s_Propionibacterium-acnes-1
5s,test,5s_Prosthecochloris-aestuarii-1
5s,test,5s_Prosthecomicrobium-enhydrum-1
5s,test,5s_Proteus-vulgaris-1
5s,test,5s_Protomyces-inundatus-1
5s,test,5s_Pseudocentrotus-depressus-1
5s,test,5s_Pseudomonas-aeruginosa-1
5s,test,5s_Pseudomonas-aeruginosa-2
5s,test,5s_Pseudomonas-aeruginosa-3
5s,test,5s_Pseudomonas-denitrificans-1
5s,test,5s_Pseudomonas-fluorescens-1
5s,test,5s_Pseudomonas-fluorescens-2
5s,test,5s_Pseudomonas-fluorescens-3
5s,test,5s_Pseudomonas-fluorescens-4
5s,test,5s_Pseudomonas-putida-1
5s,test,5s_Pseudomonas-putida-2
5s,test,5s_Pseudomonas-stutzeri-1
5s,test,5s_Pseudomonas-stutzeri-2
5s,test,5s_Pseudomonas-syringae-1
5s,test,5s_Pseudomonas-syringae-2
5s,test,5s_Pseudomonas-syringae-3
5s,test,5s_Pseudomonas-syringae-4
5s,test,5s_Pseudonocardia-compacta-1
5s,test,5s_Pseudonocardia-halophobica-1
5s,test,5s_Pseudonocardia-hydrocarbonoxydans-1
5s,test,5s_Pseudonocardia-thermophila-1
5s,test,5s_Psilotum-nudum-1
5s,test,5s_Pteridium-aquilinum-1
5s,test,5s_Puccinia-poarum-1
5s,test,5s_Puccinia-suaveolens-1
5s,test,5s_Pyrenophora-graminea-1
5s,test,5s_Pyrococcus-abyssi-1
5s,test,5s_Pyrococcus-furiosus-1
5s,test,5s_Pyrococcus-furiosus-2
5s,test,5s_Pyrococcus-horikoshii-1
5s,test,5s_Pyrococcus-horikoshii-2
5s,test,5s_Pyrococcus-woesei-1
5s,test,5s_Pythium-hydnosporum-1
5s,test,5s_Pythium-pachycaule-1
5s,test,5s_Pythium-torulosum-1
5s,test,5s_Ralstonia-pickettii-1
5s,test,5s_Ralstonia-solanacearum-1
5s,test,5s_Ralstonia-solanacearum-2
5s,test,5s_Rana-catesbeiana-1
5s,test,5s_Rana-pipiens-1
5s,test,5s_Rattus-norvegicus-1
5s,test,5s_Renibacterium-salmoninarum-1
5s,test,5s_Renobacter-vaculatum-1
5s,test,5s_Rhabditis-tokai-1
5s,test,5s_Rhabdomonas-costata-1
5s,test,5s_Rhcoc_fas1B
5s,test,5s_Rhizoctonia-globularis-1
5s,test,5s_Rhodobacter-capsulatus-1
5s,test,5s_Rhodobacter-capsulatus-2
5s,test,5s_Rhodobacter-capsulatus-3
5s,test,5s_Rhodobacter-sphaeroides-1
5s,test,5s_Rhodobacter-sphaeroides-2
5s,test,5s_Rhodobacter-sphaeroides-3
5s,test,5s_Rhodococcus-erythropolis-1
5s,test,5s_Rhodococcus-erythropolis-2
5s,test,5s_Rhodococcus-fascians-1
5s,test,5s_Rhodococcus-fascians-2
5s,test,5s_Rhodococcus-rhodochrous-1
5s,test,5s_Rhodopirellula-baltica-1
5s,test,5s_Rhodopseudomonas-palustris-2
5s,test,5s_Rhodopseudomonas-palustris-3
5s,test,5s_Rhodospirillum-rubrum-1
5s,test,5s_Rhodosporidium-toruloides-1
5s,test,5s_Rickettsia-conorii-1
5s,test,5s_Rickettsia-felis-1
5s,test,5s_Rickettsia-moozeri-1
5s,test,5s_Rickettsia-prowazekii-1
5s,test,5s_Roseococcus-thiosulfatophilus-1
5s,test,5s_Roseococcus-thiosulfatophilus-2
5s,test,5s_Rubrivivax-gelatinosus-1
5s,test,5s_Rumex-acetosa-1
5s,test,5s_Russula-cyanoxantha-1
5s,test,5s_S_kowalev2E
5s,test,5s_Sabellastarte-japonica-1
5s,test,5s_Saccharomonospora-azurea-1
5s,test,5s_Saccharomonospora-cyanea-1
5s,test,5s_Saccharomonospora-glauca-1
5s,test,5s_Saccharomonospora-sp.-1
5s,test,5s_Saccharomyces-cerevisiae-1
5s,test,5s_Saccharomyces-cerevisiae-3
5s,test,5s_Saccharomyces-cerevisiae-4
5s,test,5s_Saccharomyces-cerevisiae-5
5s,test,5s_Saccharomyces-cerevisiae-6
5s,test,5s_Saccharomyces-cerevisiae-7
5s,test,5s_Saccharomyces-pastorianus-1
5s,test,5s_Saccharopolyspora-erythraea-1
5s,test,5s_Saccharopolyspora-gregorii-1
5s,test,5s_Saccharopolyspora-hirsuta-1
5s,test,5s_Saccharopolyspora-hordei-1
5s,test,5s_Saccharopolyspora-rectivirgula-1
5s,test,5s_Saccharothrix-australiensis-1
5s,test,5s_Saccharothrix-mutabilis-1
5s,test,5s_Saccoglossus-kowalevskii-1
5s,test,5s_Salmonella-enterica-1
5s,test,5s_Salmonella-enterica-3
5s,test,5s_Salmonella-enterica-4
5s,test,5s_Salmonella-enterica-5
5s,test,5s_Salmonella-enterica-6
5s,test,5s_Salmonella-enterica-7
5s,test,5s_Salmonella-enterica-8
5s,test,5s_Salmonella-typhi-1
5s,test,5s_Salmonella-typhimurium-1
5s,test,5s_Salmonella-typhimurium-2
5s,test,5s_Salmonella-typhimurium-3
5s,test,5s_Salmonella-typhimurium-4
5s,test,5s_Samia-cynthia-1
5s,test,5s_Samia-cynthia-ricini-1
5s,test,5s_Samia-cynthia-ricini-x-Bombyx-mori-1
5s,test,5s_Sandaracinobacter-sibiricus-1
5s,test,5s_Saprolegnia-ferax-1
5s,test,5s_Saprospira-grandis-1
5s,test,5s_Sargassum-fulvellum-1
5s,test,5s_Scenedesmus-obliquus-1
5s,test,5s_Schizochytrium-aggregatum-1
5s,test,5s_Schizophyllum-commune-1
5s,test,5s_Schizosaccharomyces-pombe-1
5s,test,5s_Schizosaccharomyces-pombe-2
5s,test,5s_Schizosaccharomyces-pombe-3
5s,test,5s_Schizosaccharomyces-pombe-4
5s,test,5s_Scyliorhinus-canicula-1
5s,test,5s_Scytosiphon-lomentaria-1
5s,test,5s_Secale-cereale-2
5s,test,5s_Seliberia-stellata-1
5s,test,5s_Sepia-officinalis-1
5s,test,5s_Septobasidium-carestianum-1
5s,test,5s_Shewanella-colwelliana-1
5s,test,5s_Shewanella-hanedai-1
5s,test,5s_Shewanella-oneidensis-1
5s,test,5s_Shewanella-oneidensis-2
5s,test,5s_Shewanella-putrefaciens-1
5s,test,5s_Shigella-flexneri-1
5s,test,5s_Shigella-flexneri-2
5s,test,5s_Shigella-flexneri-3
5s,test,5s_Silicibacter-pomeroyi-1
5s,test,5s_Sinorhizobium-meliloti-1
5s,test,5s_Smittium-culisetae-1
5s,test,5s_Solemya-velum-1
5s,test,5s_Sphacelotheca-polygoni-persicariae-1
5s,test,5s_Sphingomonas-ursincola-1
5s,test,5s_Spinacia-oleracea-1
5s,test,5s_Spirobolus-sp-1
5s,test,5s_Spirochaeta-aurantia-1
5s,test,5s_Spirocodon-saltatrix-1
5s,test,5s_Spirogyra-grevilleana-1
5s,test,5s_Spirogyra-sp.-1
5s,test,5s_Spiroplasma-melliferum-1
5s,test,5s_Spirosoma-sp.-1
5s,test,5s_Sporidiobolus-salmonicolor-1
5s,test,5s_Sporolactobacillus-inulinus-1
5s,test,5s_Sporolactobacillus-nakayamae-1
5s,test,5s_Sporosarcina-pasteurii-1
5s,test,5s_Sporosarcina-ureae-1
5s,test,5s_Staphylococcus-aureus-1
5s,test,5s_Staphylococcus-aureus-2
5s,test,5s_Staphylococcus-aureus-3
5s,test,5s_Staphylococcus-epidermidis-1
5s,test,5s_Staphylococcus-epidermidis-2
5s,test,5s_Staphylococcus-epidermidis-3
5s,test,5s_Staphylococcus-haemolyticus-1
5s,test,5s_Staphylococcus-haemolyticus-2
5s,test,5s_Starkeya-novella-1
5s,test,5s_Stella-humosa-1
5s,test,5s_Sterkiella-nova-1
5s,test,5s_Stilbum-vulgare-1
5s,test,5s_Streptococcus-agalactiae-1
5s,test,5s_Streptococcus-agalactiae-2
5s,test,5s_Streptococcus-mutans-1
5s,test,5s_Streptococcus-mutans-2
5s,test,5s_Streptococcus-mutans-3
5s,test,5s_Streptococcus-pneumoniae-1
5s,test,5s_Streptococcus-pneumoniae-2
5s,test,5s_Streptococcus-pyogenes-1
5s,test,5s_Streptococcus-pyogenes-2
5s,test,5s_Streptococcus-pyogenes-3
5s,test,5s_Streptococcus-pyogenes-4
5s,test,5s_Streptococcus-salivarius-1
5s,test,5s_Streptococcus-thermophilus-1
5s,test,5s_Streptococcus-thermophilus-2
5s,test,5s_Streptomyces-ambofaciens-1
5s,test,5s_Streptomyces-avermitilis-1
5s,test,5s_Streptomyces-avermitilis-2
5s,test,5s_Streptomyces-avermitilis-3
5s,test,5s_Streptomyces-avermitilis-4
5s,test,5s_Streptomyces-avermitilis-5
5s,test,5s_Streptomyces-brasiliensis-1
5s,test,5s_Streptomyces-cinereus-1
5s,test,5s_Streptomyces-coelicolor-1
5s,test,5s_Streptomyces-coelicolor-2
5s,test,5s_Streptomyces-coelicolor-3
5s,test,5s_Streptomyces-coelicolor-4
5s,test,5s_Streptomyces-coelicolor-5
5s,test,5s_Streptomyces-coelicolor-6
5s,test,5s_Streptomyces-diastaticus-1
5s,test,5s_Streptomyces-griseus-1
5s,test,5s_Streptomyces-griseus-2
5s,test,5s_Streptomyces-griseus-3
5s,test,5s_Streptomyces-lividans-1
5s,test,5s_Streptomyces-nodosus-1
5s,test,5s_Streptomyces-nodosus-2
5s,test,5s_Streptomyces-nodosus-3
5s,test,5s_Streptomyces-nodosus-4
5s,test,5s_Streptomyces-purpureus-1
5s,test,5s_Streptomyces-rimosus-2
5s,test,5s_Streptomyces-roseoverticillatus-1
5s,test,5s_Streptomyces-sclerotialus-1
5s,test,5s_Streptomyces-sp.-1
5s,test,5s_Streptomyces-sp.-2
5s,test,5s_Streptomyces-sp.-3
5s,test,5s_Streptomyces-sp.-4
5s,test,5s_Streptomyces-violaceus-1
5s,test,5s_Streptosporangium-roseum-1
5s,test,5s_Sulfolobus-tokodaii-1
5s,test,5s_Sulfurococcus-mirabilis-1
5s,test,5s_Symbiobacterium-thermophilum-1
5s,test,5s_Symbiobacterium-thermophilum-2
5s,test,5s_Symbiobacterium-thermophilum-3
5s,test,5s_Symbiobacterium-thermophilum-4
5s,test,5s_T_cruziE
5s,test,5s_Taphrina-deformans-1
5s,test,5s_Taxus-baccata-1
5s,test,5s_Tenebrio-molitor-1
5s,test,5s_Terrapene-carolina-1
5s,test,5s_Tetrahymena-pyriformis-1
5s,test,5s_Tetrahymena-thermophila-1
5s,test,5s_Tetrahymena-thermophila-3
5s,test,5s_Thermoactinomyces-vulgaris-1
5s,test,5s_Thermococcus-celer-1
5s,test,5s_Thermococcus-celer-2
5s,test,5s_Thermococcus-kodakarensis-1
5s,test,5s_Thermococcus-kodakarensis-2
5s,test,5s_Thermomicrobium-roseum-1
5s,test,5s_Thermomonospora-chromogena-1
5s,test,5s_Thermomyces-lanuginosus-1
5s,test,5s_Thermoplasma-acidophilum-1
5s,test,5s_Thermoplasma-volcanium-1
5s,test,5s_Thermotoga-maritima-1
5s,test,5s_Thermotoga-neapolitana-1
5s,test,5s_Thermotoga-neapolitana-2
5s,test,5s_Thermotoga-petrophila-1
5s,test,5s_Thermotoga-sp.-1
5s,test,5s_Thermotoga-sp.-2
5s,test,5s_Thermotoga-sp.-3
5s,test,5s_Thermus-aquaticus-1
5s,test,5s_Thermus-sp.-1
5s,test,5s_Thermus-sp.-2
5s,test,5s_Thermus-thermophilus-1
5s,test,5s_Thermus-thermophilus-2
5s,test,5s_Thermus-thermophilus-3
5s,test,5s_Thiobacillus-sp.-1
5s,test,5s_Thiobacillus-sp.-2
5s,test,5s_Thiobacillus-thioparus-1
5s,test,5s_Thiomicrospira-pelophila-1
5s,test,5s_Thiomicrospira-sp.-1
5s,test,5s_Thiomonas-cuprina-1
5s,test,5s_Thiomonas-intermedia-1
5s,test,5s_Thiomonas-perometabolis-1
5s,test,5s_Thiothrix-nivea-1
5s,test,5s_Thiothrix-sp.-1
5s,test,5s_Thiovulum-sp.-1
5s,test,5s_Thraustochytrium-visurgense-1
5s,test,5s_Thraustochytrium-visurgense-2
5s,test,5s_Tilletia-controversa-1
5s,test,5s_Tilletiaria-anomala-1
5s,test,5s_Tinca-tinca-1
5s,test,5s_Tinca-tinca-2
5s,test,5s_Toxoplasma-gondii-1
5s,test,5s_Toxoplasma-gondii-2
5s,test,5s_Tremella-encephala-1
5s,test,5s_Tremella-mesenterica-1
5s,test,5s_Tremella-mesenterica-2
5s,test,5s_Treponema-denticola-1
5s,test,5s_Tricharina-hiemalis-1
5s,test,5s_Tricholoma-matsutake-1
5s,test,5s_Trichoplax-adhaerens-1
5s,test,5s_Trichosporonoides-oedocephalis-1
5s,test,5s_Trichostrongylus-colubriformis-1
5s,test,5s_Trimorphomyces-papilionaceus-1
5s,test,5s_Triticum-aestivum-1
5s,test,5s_Tropheryma-whipplei-1
5s,test,5s_Tuberoidobacter-mutans-1
5s,test,5s_Tulasnella-violea-1
5s,test,5s_Ulva-pertusa-1
5s,test,5s_Ureaplasma-parvum-1
5s,test,5s_Ureaplasma-parvum-2
5s,test,5s_Ureaplasma-parvum-3
5s,test,5s_Ureaplasma-urealyticum-1
5s,test,5s_Ureaplasma-urealyticum-2
5s,test,5s_Ureaplasma-urealyticum-3
5s,test,5s_Urechis-unicinctus-1
5s,test,5s_Urocystis-primulicola-1
5s,test,5s_Ustilago-hordei-1
5s,test,5s_Ustilago-longissima-1
5s,test,5s_Ustilago-maydis-1
5s,test,5s_Ustilago-scabiosae-1
5s,test,5s_Ustilentyloma-fluitans-1
5s,test,5s_Uthatobasidium-fusisporum-1
5s,test,5s_Verrucomicrobium-spinosum-1
5s,test,5s_Vibrio-adaptatus-1
5s,test,5s_Vibrio-aestuarianus-1
5s,test,5s_Vibrio-alginolyticus-1
5s,test,5s_Vibrio-cholerae-1
5s,test,5s_Vibrio-cholerae-2
5s,test,5s_Vibrio-cholerae-3
5s,test,5s_Vibrio-cholerae-4
5s,test,5s_Vibrio-cincinnatiensis-1
5s,test,5s_Vibrio-cyclosites-1
5s,test,5s_Vibrio-diazotrophicus-1
5s,test,5s_Vibrio-fischeri-1
5s,test,5s_Vibrio-fischeri-2
5s,test,5s_Vibrio-fischeri-3
5s,test,5s_Vibrio-fluvialis-1
5s,test,5s_Vibrio-gazogenes-1
5s,test,5s_Vibrio-harveyi-1
5s,test,5s_Vibrio-harveyi-2
5s,test,5s_Vibrio-logei-1
5s,test,5s_Vibrio-mediterranei-1
5s,test,5s_Vibrio-metschnikovii-1
5s,test,5s_Vibrio-mimicus-1
5s,test,5s_Vibrio-natriegens-1
5s,test,5s_Vibrio-nereis-1
5s,test,5s_Vibrio-ordalii-1
5s,test,5s_Vibrio-parahaemolyticus-1
5s,test,5s_Vibrio-parahaemolyticus-2
5s,test,5s_Vibrio-parahaemolyticus-3
5s,test,5s_Vibrio-parahaemolyticus-4
5s,test,5s_Vibrio-parahaemolyticus-5
5s,test,5s_Vibrio-parahaemolyticus-6
5s,test,5s_Vibrio-proteolyticus-1
5s,test,5s_Vibrio-sp.-1
5s,test,5s_Vibrio-tubiashii-1
5s,test,5s_Vibrio-vulnificus-1
5s,test,5s_Vibrio-vulnificus-2
5s,test,5s_Vibrio-vulnificus-3
5s,test,5s_Vibrio-vulnificus-4
5s,test,5s_Vibrio-vulnificus-5
5s,test,5s_Vicia-faba-1
5s,test,5s_Vitreoscilla-beggiatoides-1
5s,test,5s_Vitreoscilla-filiformis-1
5s,test,5s_Vitreoscilla-stercoraria-1
5s,test,5s_Weissella-viridescens-1
5s,test,5s_Weissella-viridescens-2
5s,test,5s_Wigglesworthia-glossinidia-1
5s,test,5s_Wolbachia-endosymbiont-of-B.-malayi-1
5s,test,5s_Wolbachia-endosymbiont-of-D.-melanogaster-1
5s,test,5s_Wolbachia-pipientis-1
5s,test,5s_Wolinella-succinogenes-1
5s,test,5s_Wuchereria-bancrofti-1
5s,test,5s_Xanthobacter-viscosus-1
5s,test,5s_Xanthomonas-axonopodis-1
5s,test,5s_Xanthomonas-campestris-1
5s,test,5s_Xanthomonas-oryzae-1
5s,test,5s_Xenopus-borealis-1
5s,test,5s_Xenopus-borealis-2
5s,test,5s_Xenopus-borealis-3
5s,test,5s_Xenopus-borealis-4
5s,test,5s_Xenopus-laevis-1
5s,test,5s_Xenopus-laevis-2
5s,test,5s_Xenopus-laevis-3
5s,test,5s_Xenopus-laevis-4
5s,test,5s_Xenopus-laevis-5
5s,test,5s_Xenopus-laevis-6
5s,test,5s_Xenopus-laevis-7
5s,test,5s_Xenopus-laevis-8
5s,test,5s_Xenopus-laevis-9
5s,test,5s_Xenopus-tropicalis-1
5s,test,5s_Xenopus-tropicalis-2
5s,test,5s_Xylella-fastidiosa-1
5s,test,5s_Xylella-fastidiosa-2
5s,test,5s_Yersinia-pestis-1
5s,test,5s_Yersinia-pestis-5
5s,test,5s_Yersinia-pseudotuberculosis-1
5s,test,5s_Yersinia-pseudotuberculosis-3
5s,test,5s_Yersinia-pseudotuberculosis-5
5s,test,5s_Zea-mays-1
5s,test,5s_Zygoascus-hellenicus-1
5s,test,5s_Zymomonas-mobilis-1
5s,test,5s_uncultured-euryarchaeote-37F11-1
5s,train,16s_A.fulgidus_domain2
5s,train,16s_A.fulgidus_domain3
5s,train,16s_A.fulgidus_domain4
5s,train,16s_A.pyrophilus_domain2
5s,train,16s_A.pyrophilus_domain4
5s,train,16s_B.burgdorferi_domain2
5s,train,16s_B.burgdorferi_domain3
5s,train,16s_B.subtilis_domain2
5s,train,16s_B.subtilis_domain3
5s,train,16s_C.elegans_domain1
5s,train,16s_C.elegans_domain2
5s,train,16s_C.elegans_domain3
5s,train,16s_C.psittaci_domain2
5s,train,16s_C.psittaci_domain3
5s,train,16s_C.psittaci_domain4
5s,train,16s_C.reinhardtii.chloro_domain2
5s,train,16s_C.reinhardtii.chloro_domain4
5s,train,16s_C.reinhardtii.mito_domain3
5s,train,16s_C.reinhardtii.mito_domain4
5s,train,16s_D.melanogaster_domain4
5s,train,16s_E.coli_domain2
5s,train,16s_E.coli_domain3
5s,train,16s_E.coli_domain4
5s,train,16s_F.ananassa_domain3
5s,train,16s_F.ananassa_domain4
5s,train,16s_G.intestinalis_domain1
5s,train,16s_G.intestinalis_domain2
5s,train,16s_G.intestinalis_domain3
5s,train,16s_G.intestinalis_domain4
5s,train,16s_H.sapiens.mito_domain1
5s,train,16s_H.sapiens.mito_domain2
5s,train,16s_H.sapiens.mito_domain4
5s,train,16s_H.sapiens_domain3
5s,train,16s_H.sapiens_domain4
5s,train,16s_H.volcanii_domain2
5s,train,16s_H.volcanii_domain3
5s,train,16s_H.volcanii_domain4
5s,train,16s_M.polymorpha_domain2
5s,train,16s_M.polymorpha_domain3
5s,train,16s_M.polymorpha_domain4
5s,train,16s_P.occultum_domain2
5s,train,16s_P.occultum_domain3
5s,train,16s_P.staleyi_domain2
5s,train,16s_P.staleyi_domain3
5s,train,16s_P.staleyi_domain4
5s,train,16s_S.cerevisiae_domain4
5s,train,16s_T.gondii_domain4
5s,train,16s_T.maritima_domain2
5s,train,16s_T.maritima_domain4
5s,train,16s_Z.mays_domain1
5s,train,16s_Z.mays_domain2
5s,train,16s_Z.mays_domain3
5s,train,16s_Z.mays_domain4
5s,train,23s_B.subtilis_domain4
5s,train,23s_E.coli_domain3
5s,train,23s_E.coli_domain4
5s,train,23s_E.coli_domain6
5s,train,23s_H.pylori_domain3
5s,train,23s_H.pylori_domain4
5s,train,23s_H.pylori_domain6
5s,train,23s_S.aureus_domain3
5s,train,23s_S.aureus_domain4
5s,train,23s_S.aureus_domain6
5s,train,23s_T.thermophilus_domain3
5s,train,23s_T.thermophilus_domain4
5s,train,RNaseP_A.ambivalens
5s,train,RNaseP_A.brierleyi
5s,train,RNaseP_A.chroococcum
5s,train,RNaseP_A.ferrooxidans
5s,train,RNaseP_A.ferrooxidans-g
5s,train,RNaseP_A.fulgidus
5s,train,RNaseP_A.laidlawii
5s,train,RNaseP_A.obstetricans
5s,train,RNaseP_Anabaena-ATCC29413
5s,train,RNaseP_B.brevis
5s,train,RNaseP_B.bronchiseptica
5s,train,RNaseP_B.pertussis
5s,train,RNaseP_B.stearothermophilus
5s,train,RNaseP_B.subtilis
5s,train,RNaseP_B.subtilis-g
5s,train,RNaseP_Buchnera-APS
5s,train,RNaseP_C.acetobutylicum
5s,train,RNaseP_C.crescentus
5s,train,RNaseP_C.limicola
5s,train,RNaseP_C.pneumoniae-AR39
5s,train,RNaseP_C.pneumoniae-CWL029
5s,train,RNaseP_C.sporogenes
5s,train,RNaseP_C.tepidum-g
5s,train,RNaseP_C.vinosum
5s,train,RNaseP_CPA49
5s,train,RNaseP_CPB139
5s,train,RNaseP_CPB74
5s,train,RNaseP_CPB7776
5s,train,RNaseP_CPB86
5s,train,RNaseP_D.jeanneae
5s,train,RNaseP_Dermocarpa-PCC7437
5s,train,RNaseP_E.agglomerulans
5s,train,RNaseP_E.coli
5s,train,RNaseP_E.eschsholtzii
5s,train,RNaseP_E.faecalis
5s,train,RNaseP_E.faecalis-2
5s,train,RNaseP_E1B
5s,train,RNaseP_EM14b-9
5s,train,RNaseP_ERH
5s,train,RNaseP_ESH167F
5s,train,RNaseP_ESH20b-1
5s,train,RNaseP_ESH26-4
5s,train,RNaseP_ESH7-9
5s,train,RNaseP_G.gorilla
5s,train,RNaseP_H.aurantiacus
5s,train,RNaseP_H.chlorum-partial
5s,train,RNaseP_H.influenza
5s,train,RNaseP_H.pylori-26695
5s,train,RNaseP_H.pylori-48K
5s,train,RNaseP_H.pylori-J99
5s,train,RNaseP_H.trapanicum
5s,train,RNaseP_I.calvum
5s,train,RNaseP_K.pneumoniae
5s,train,RNaseP_L.acidophilus
5s,train,RNaseP_L.japonicus-IFO15385
5s,train,RNaseP_LGA1
5s,train,RNaseP_LGB27
5s,train,RNaseP_LGB32
5s,train,RNaseP_LGW113
5s,train,RNaseP_LGW18
5s,train,RNaseP_LGW46
5s,train,RNaseP_M.bovis
5s,train,RNaseP_M.hyopneumoniae
5s,train,RNaseP_M.leprae
5s,train,RNaseP_M.phosphovorus-JCM9380
5s,train,RNaseP_M.thermoautotrophicum-DH
5s,train,RNaseP_M.thermoautotrphicumMarb
5s,train,RNaseP_M.vannielli
5s,train,RNaseP_N.europaea
5s,train,RNaseP_N.fulvus-JCM3335
5s,train,RNaseP_N.gonnorhoeae
5s,train,RNaseP_N.meningitidis-Z2491
5s,train,RNaseP_Nocardiodes-NSP41
5s,train,RNaseP_Nostoc-PCC7413
5s,train,RNaseP_Onchorhynchus-1
5s,train,RNaseP_Onchorhynchus-2
5s,train,RNaseP_Onchorhynchus-sp-1
5s,train,RNaseP_Onchorhynchus-sp-2
5s,train,RNaseP_P.alcalifaciens
5s,train,RNaseP_P.azotoformans
5s,train,RNaseP_P.douglassii
5s,train,RNaseP_P.furiosus-2
5s,train,RNaseP_P.gingivalis
5s,train,RNaseP_P.purpurea-chloroplast
5s,train,RNaseP_P.putida
5s,train,RNaseP_P.staleyi
5s,train,RNaseP_P.strasburgensis
5s,train,RNaseP_P.stutzeri
5s,train,RNaseP_P.troglodytes
5s,train,RNaseP_P.vulgaris
5s,train,RNaseP_Prochlorococcus-PAC1B
5s,train,RNaseP_Prochlorococcus-TATL2
5s,train,RNaseP_Prochlorococcus-TATL2-2
5s,train,RNaseP_R.americana-mito
5s,train,RNaseP_R.norvegicus
5s,train,RNaseP_R.prowazekii
5s,train,RNaseP_S.acidocaldarius
5s,train,RNaseP_S.bayanus
5s,train,RNaseP_S.bikiniensis
5s,train,RNaseP_S.caesia-K182
5s,train,RNaseP_S.caesia-K200
5s,train,RNaseP_S.caesia-SB01
5s,train,RNaseP_S.carlsbergensis
5s,train,RNaseP_S.castellii
5s,train,RNaseP_S.diastaticus
5s,train,RNaseP_S.epidermidis
5s,train,RNaseP_S.glauca-K194
5s,train,RNaseP_S.globosus
5s,train,RNaseP_S.kluyveri
5s,train,RNaseP_S.lividans
5s,train,RNaseP_S.mutans
5s,train,RNaseP_S.pastorianus
5s,train,RNaseP_S.pyogenes
5s,train,RNaseP_S.servazzii
5s,train,RNaseP_S.typhi
5s,train,RNaseP_S.unisporus
5s,train,RNaseP_S.uvarum
5s,train,RNaseP_SL1-1
5s,train,RNaseP_SLC
5s,train,RNaseP_SM-A01
5s,train,RNaseP_SM-A03
5s,train,RNaseP_SM-A04
5s,train,RNaseP_SM-A05
5s,train,RNaseP_SM-A1012
5s,train,RNaseP_SM-A1113
5s,train,RNaseP_SM-A1214
5s,train,RNaseP_SM-A1315
5s,train,RNaseP_SM-A1519
5s,train,RNaseP_SM-A2642
5s,train,RNaseP_SM-A2946
5s,train,RNaseP_SM-A4065
5s,train,RNaseP_SM-A4775
5s,train,RNaseP_SM-A4876
5s,train,RNaseP_SM-A4977
5s,train,RNaseP_SM-A5179
5s,train,RNaseP_SM-A5382
5s,train,RNaseP_SM-A5888
5s,train,RNaseP_SM-A6090
5s,train,RNaseP_SM1
5s,train,RNaseP_SMB-A3
5s,train,RNaseP_SMB-A5
5s,train,RNaseP_SMB-B3
5s,train,RNaseP_SMB-B4
5s,train,RNaseP_Synechocystis-PCC6308
5s,train,RNaseP_Synechocystis-PCC6803
5s,train,RNaseP_T.acidophilum
5s,train,RNaseP_T.aquaticus
5s,train,RNaseP_T.celerAL1-2
5s,train,RNaseP_T.littoralis
5s,train,RNaseP_T.maritima-g
5s,train,RNaseP_T.pallidum
5s,train,RNaseP_T.syrichta
5s,train,RNaseP_T.thermophilus
5s,train,RNaseP_UK2
5s,train,RNaseP_UK5
5s,train,RNaseP_V.cholera
5s,train,RNaseP_V.spinosum
5s,train,RNaseP_VSDW
5s,train,RNaseP_WA1
5s,train,RNaseP_Z.bailii
5s,train,grp1_a.I1.b.Dermocarpa.sp.ATCC29371.C3.tMET
5s,train,grp1_a.I1.b.Phormidium.sp.N182.C3.tLEU
5s,train,grp1_a.I1.b.S.hofmanii.C3.tMET
5s,train,grp1_a.I1.c.A.cherimola.C3.tLEU
5s,train,grp1_a.I1.c.G.prostrata.C3.tLEU
5s,train,grp1_a.I1.c.S.bicolor.C3.tLEU
5s,train,grp1_a.I1.e.A.adeninivorans.C1.LSU.2449
5s,train,grp1_a.I1.e.A.capsulatus.CBS213.53.C1.SSU.943
5s,train,grp1_a.I1.e.A.capsulatus.FLs1.C1.SSU
5s,train,grp1_a.I1.e.A.capsulatus.G184B.C1.SSU
5s,train,grp1_a.I1.e.A.capsulatus.G186B.C1.SSU
5s,train,grp1_a.I1.e.A.stipitatus.C1.SSU.1046
5s,train,grp1_a.I1.e.B.ciliata.JCM6865.C1.SSU.943
5s,train,grp1_a.I1.e.B.yamatoana.JCM2896.C1.SSU.1506
5s,train,grp1_a.I1.e.B.yamatoana.JCM2896.C1.SSU.943
5s,train,grp1_a.I1.e.C.ellipsoidea.IAMC-87.C1.SSU.1506
5s,train,grp1_a.I1.e.C.grayi.UNK.SSU.1046
5s,train,grp1_a.I1.e.C.merochlorophea.UNK.SSU.1046
5s,train,grp1_a.I1.e.C.merochlorophea.UNK.SSU.1210
5s,train,grp1_a.I1.e.C.merochlorophea.UNK.SSU.1389
5s,train,grp1_a.I1.e.C.saccatum.C1.SSU.1512
5s,train,grp1_a.I1.e.C.saxonicum.C1.SSU.1506
5s,train,grp1_a.I1.e.D.parva.C1.SSU.1512
5s,train,grp1_a.I1.e.D.parva.C1.SSU.943
5s,train,grp1_a.I1.e.D.salina.C1.SSU.943
5s,train,grp1_a.I1.e.E.dermatitidis.C1.SSU.943
5s,train,grp1_a.I1.e.G.planctonica.C1.SSU.943
5s,train,grp1_a.I1.e.L.dispersa.UNK.SSU.1046
5s,train,grp1_a.I1.e.L.dispersa.UNK.SSU.1516
5s,train,grp1_a.I1.e.L.dispersa.UNK.SSU.516
5s,train,grp1_a.I1.e.L.dispersa.UNK.SSU.789
5s,train,grp1_a.I1.e.P.carinii.C1.SSU.1506
5s,train,grp1_a.I1.e.P.carinii.Pc1.C1.LSU.1921
5s,train,grp1_a.I1.e.P.carinii.Pc2.C1.LSU.1921
5s,train,grp1_a.I1.e.P.carinii.Pc3.C1.LSU.1921
5s,train,grp1_a.I1.e.P.clavariiformis.C1.SSU.943
5s,train,grp1_a.I1.e.P.inouyei.C1.SSU.1506
5s,train,grp1_a.I1.e.P.macrosporus.C1.SSU.1506
5s,train,grp1_a.I1.e.P.macrosporus.C1.SSU.943
5s,train,grp1_a.I1.e.P.pachydermus.C1.SSU.943
5s,train,grp1_a.I1.e.P.sarcinoidea.C1.SSU.943
5s,train,grp1_a.I1.e.S.granulatum.C1.SSU.1506
5s,train,grp1_a.I1.e.S.paniceum.UNK.SSU.114
5s,train,grp1_a.I1.e.S.paniceum.UNK.SSU.1210
5s,train,grp1_a.I1.e.S.paniceum.UNK.SSU.1506
5s,train,grp1_a.I1.e.S.paniceum.UNK.SSU.287
5s,train,grp1_a.I1.e.S.sclerotiorum_1837.C1.LSU.798
5s,train,grp1_a.I1.e.Staurastrum.sp.M752.C1.SSU.1506
5s,train,grp1_a.I1.e.T.cosmopolitanis.C1.LSU.1925
5s,train,grp1_a.I1.e.T.hyperangularis.C1.LSU.1925
5s,train,grp1_a.I1.e.T.malaccensis.C1.LSU.1925
5s,train,grp1_a.I1.m.M.grisea.B2.ND1
5s,train,grp1_a.I1.m.S.luteus.A1.LSU.2504
5s,train,grp1_a.I1.m.S.pombe.B1.OX1
5s,train,grp1_b.I1.e.C.saccharophila.C1.SSU.156
5s,train,grp1_b.I1.e.M.anisopliae.2.C1.LSU.1921
5s,train,grp1_b.I1.e.M.anisopliae.3.C1.LSU.1921
5s,train,grp1_b.I1.e.T.thermophila.C1.LSU.1925
5s,train,grp1_s.I1.e.T.thermophila.C1.LSU.1925.schem
5s,train,srp_Acin.spec._CR543861
5s,train,srp_Aede.aegy._DW714815
5s,train,srp_Anae.sp.._CP000769
5s,train,srp_Anto.locu._GSP-278021
5s,train,srp_Arab.thal._AC005275
5s,train,srp_Arab.thal._X72228
5s,train,srp_Ashb.goss._AE016819
5s,train,srp_Aspe.flav._GSP-332952
5s,train,srp_Aspe.terr._GSP-341663
5s,train,srp_Baci.alca._D11422
5s,train,srp_Baci.cere._CP000001
5s,train,srp_Baci.poly._D11421
5s,train,srp_Baci.subt._X06802
5s,train,srp_Baci.subt._X12642
5s,train,srp_Baci.thur._CP000485
5s,train,srp_Bdel.bact._BX842656
5s,train,srp_Bloc.flor._BX248585
5s,train,srp_Borr.burg._AE000783
5s,train,srp_Bos.taur._GSP-6282
5s,train,srp_Brad.japo._BA000040
5s,train,srp_Bras.napu._EE412262
5s,train,srp_Bruc.meli._AM040264
5s,train,srp_Bruc.ovis._CP000708
5s,train,srp_Burk.mall._CP000546
5s,train,srp_Burk.pseu._CP000124
5s,train,srp_Burk.pseu._CP000572
5s,train,srp_Camp.jeju._CP000025
5s,train,srp_Cand.Bloc._CP000016
5s,train,srp_Carb.hydr._CP000141
5s,train,srp_Caul.cres._AE005700
5s,train,srp_Chla.cavi._AE016995
5s,train,srp_Chla.muri._AE002160
5s,train,srp_Chla.pneu._AE001363
5s,train,srp_Chla.trac._AE001298
5s,train,srp_Chlo.vulg._AB001684
5s,train,srp_Cion.savi._BW551179
5s,train,srp_Citr.sine._CN181543
5s,train,srp_Clos.acet._AE001437
5s,train,srp_Clos.beij._CP000721
5s,train,srp_Clos.botu._AM412317
5s,train,srp_Clos.kluy._CP000673
5s,train,srp_Clos.perf._CP000246
5s,train,srp_Cocc.posa._GSP-222929
5s,train,srp_Cory.diph._BX248354
5s,train,srp_Cory.jeik._CR931997
5s,train,srp_Cryp.homi._GSP-353151
5s,train,srp_Cypr.carp._CF662133
5s,train,srp_Desu.vulg._CP000527
5s,train,srp_Dros.mela._AE014297
5s,train,srp_Dros.mela._X00952
5s,train,srp_Ence.cuni._AL590449
5s,train,srp_Ente.faec._AE016953
5s,train,srp_Ento.sulc._AF095839
5s,train,srp_Esch.coli._AE016756
5s,train,srp_Esch.coli._CP000243
5s,train,srp_Esch.coli._U00096
5s,train,srp_Esch.coli._X01074
5s,train,srp_Fran.tula._AM286280
5s,train,srp_Fran.tula._CP000437
5s,train,srp_Fran.tula._CP000439
5s,train,srp_Gibb.zeae._GSP-229533
5s,train,srp_Haem.infl._CP000672
5s,train,srp_Hahe.chej._CP000155
5s,train,srp_Halo.mari._AY596297
5s,train,srp_Halo.volc._AF395888
5s,train,srp_Heli.annu._AJ828095
5s,train,srp_Heli.pylo._AE001439
5s,train,srp_Heli.pylo._CP000241
5s,train,srp_Homo.sapi._AB061847
5s,train,srp_Homo.sapi._BF875598
5s,train,srp_Homo.sapi._BF909438
5s,train,srp_Homo.sapi._BF909560
5s,train,srp_Homo.sapi._BF909563
5s,train,srp_Homo.sapi._NR_002715
5s,train,srp_Humu.lupu._AJ236703
5s,train,srp_Humu.lupu._X65983
5s,train,srp_Hype.buty._CP000493
5s,train,srp_Kine.radi._CP000750
5s,train,srp_Kleb.pneu._CP000647
5s,train,srp_Kluy.lact._CR382126
5s,train,srp_Lact.case._CP000423
5s,train,srp_Lact.delb._CR954253
5s,train,srp_Legi.pneu._CR628337
5s,train,srp_Leis.braz._AY722724
5s,train,srp_Leis.dono._AY722734
5s,train,srp_Leis.infa._AM502223
5s,train,srp_Leis.infa._SDB-5671
5s,train,srp_Leis.majo._AY722715
5s,train,srp_Leis.majo._SDB-347515
5s,train,srp_List.wels._AM263198
5s,train,srp_Lyco.escu._Z29099
5s,train,srp_Mann.succ._AE016827
5s,train,srp_Mari.aqua._CP000514
5s,train,srp_Medi.trun._AC136507
5s,train,srp_Medi.trun._BE941271
5s,train,srp_Medi.trun._CX540689
5s,train,srp_Meth.acet._AE010299
5s,train,srp_Meth.jann._L77117
5s,train,srp_Meth.mari._CP000745
5s,train,srp_Meth.maze._AE008384
5s,train,srp_Mono.brev._GSP-81824
5s,train,srp_Myco.lepr._AL023596
5s,train,srp_Myco.syno._AE017245
5s,train,srp_Nitr.euro._AL954747
5s,train,srp_Nitr.euro._BX321857
5s,train,srp_Onch.volv._AI249203
5s,train,srp_Orni.anat._GSP-9258
5s,train,srp_Phyt.ramo._GSP-164328
5s,train,srp_Plas.gall._GSP-5849
5s,train,srp_Popu.bals._GSP-73824
5s,train,srp_Proc.mari._BX572093
5s,train,srp_Proc.mari._CP000551
5s,train,srp_Proc.mari._CP000576
5s,train,srp_Proc.spec._AJ011025
5s,train,srp_Pseu.syri._CP000075
5s,train,srp_Psyc.arct._CP000082
5s,train,srp_Psyc.sp.._CP000713
5s,train,srp_Pyro.hori._BA000001
5s,train,srp_Rick.typh._AE017197
5s,train,srp_Sacc.para._BN000251
5s,train,srp_Salm.ente._AE017220
5s,train,srp_Schm.medi._GSP-79327
5s,train,srp_Shew.balt._CP000563
5s,train,srp_Shig.flex._AE005674
5s,train,srp_Shig.flex._AE016979
5s,train,srp_Shig.flex._CP000266
5s,train,srp_Sili.spec._CP000377
5s,train,srp_Stap.aure._BX571857
5s,train,srp_Stap.aure._CP000703
5s,train,srp_Stap.epid._AF269814
5s,train,srp_Stre.agal._AL766845
5s,train,srp_Stre.muta._AE014133
5s,train,srp_Stre.pneu._AE007319
5s,train,srp_Stre.pneu._CP000410
5s,train,srp_Stre.pyog._AE009969
5s,train,srp_Stre.pyog._AE014139
5s,train,srp_Stre.pyog._CP000056
5s,train,srp_Stre.pyog._CP000260
5s,train,srp_Stre.pyog._CP000261
5s,train,srp_Sulf.solf._Y08257
5s,train,srp_Thal.pseu._EF067921
5s,train,srp_Thal.pseu._GSP-296543
5s,train,srp_Ther.acid._AL445063
5s,train,srp_Ther.koda._AP006878
5s,train,srp_Ther.mela._CP000716
5s,train,srp_Toxo.gond._GSP-398031
5s,train,srp_Tric.vagi._GSP-5722-2
5s,train,srp_Trit.aest._BE424647
5s,train,srp_Trit.aest._CD897082
5s,train,srp_Trop.whip._AE014184
5s,train,srp_Trop.whip._AE016852
5s,train,srp_Tryp.bruc._AF047723
5s,train,srp_Tryp.bruc._S56681
5s,train,srp_Tryp.bruc._X57047
5s,train,srp_Tryp.cong._SDB-5692
5s,train,srp_Vibr.chol._CP000627
5s,train,srp_Xant.oryz._AE013598
5s,train,srp_Yers.pest._AE017129
5s,train,srp_Yers.pest._AJ414155
5s,train,srp_Yers.pseu._BX936398
5s,train,tRNA_tdbR00000003-Haloferax_volcanii-2246-Ala-GGC
5s,train,tRNA_tdbR00000011-Neurospora_crassa-5141-Ala-UGC
5s,train,tRNA_tdbR00000013-Pichia_jadinii-4903-Ala-IGC
5s,train,tRNA_tdbR00000017-Homo_sapiens-9606-Ala-IGC
5s,train,tRNA_tdbR00000021-Saccharomyces_cerevisiae-4932-Cys-GCA
5s,train,tRNA_tdbR00000024-Mycoplasma_capricolum-2095-Asp-GUC
5s,train,tRNA_tdbR00000026-Escherichia_coli-562-Asp-QUC
5s,train,tRNA_tdbR00000030-Aedes_albopictus-7160-Asp-GUC
5s,train,tRNA_tdbR00000032-Rattus_norvegicus-10116-Asp-GUC
5s,train,tRNA_tdbR00000036-Euglena_gracilis-3039-Asp-GUC
5s,train,tRNA_tdbR00000042-Haloferax_volcanii-2246-Glu-MUC
5s,train,tRNA_tdbR00000043-Haloferax_volcanii-2246-Glu-NUC
5s,train,tRNA_tdbR00000059-Rattus_norvegicus-10116-Glu-3UC
5s,train,tRNA_tdbR00000063-Haloferax_volcanii-2246-Phe-GAA
5s,train,tRNA_tdbR00000067-Escherichia_coli-562-Phe-GAA
5s,train,tRNA_tdbR00000072-Phaseolus_vulgaris-3885-Phe-GAA
5s,train,tRNA_tdbR00000074-Tetrahymena_pyriformis-5908-Phe-GAA
5s,train,tRNA_tdbR00000078-Ascaris_suum-6253-Phe-GAA
5s,train,tRNA_tdbR00000090-Lupinus_luteus-3873-Phe-AA
5s,train,tRNA_tdbR00000092-Oryctolagus_cuniculus-9986-Phe-AA
5s,train,tRNA_tdbR00000093-Bombyx_mori-7091-Phe-AA
5s,train,tRNA_tdbR00000108-Haloferax_volcanii-2246-Gly-GCC
5s,train,tRNA_tdbR00000114-Staphylococcus_epidermidis-1282-Gly-UCC
5s,train,tRNA_tdbR00000115-Staphylococcus_epidermidis-1282-Gly-UCC
5s,train,tRNA_tdbR00000119-Escherichia_coli-562-Gly-NCC
5s,train,tRNA_tdbR00000125-Bos_taurus-9913-Gly-UCC
5s,train,tRNA_tdbR00000128-Halocynthia_roretzi-7729-Gly-GCU
5s,train,tRNA_tdbR00000132-Lupinus_luteus-3873-Gly-GCC
5s,train,tRNA_tdbR00000136-Homo_sapiens-9606-Gly-GCC
5s,train,tRNA_tdbR00000139-Mycoplasma_capricolum-2095-His-GUK
5s,train,tRNA_tdbR00000143-Asterias_amurensis-7602-His-QUG
5s,train,tRNA_tdbR00000151-Haloferax_volcanii-2246-Ile-GAU
5s,train,tRNA_tdbR00000155-Mycoplasma_mycoides-2102-Ile-GAU
5s,train,tRNA_tdbR00000164-Saccharomyces_cerevisiae-4932-Ile-GAU
5s,train,tRNA_tdbR00000170-Saccharomyces_cerevisiae-4932-Ile-IAU
5s,train,tRNA_tdbR00000172-Lupinus_luteus-3873-Ile-IAU
5s,train,tRNA_tdbR00000175-Haloferax_volcanii-2246-Lys-NUU
5s,train,tRNA_tdbR00000176-Haloferax_volcanii-2246-Lys-MUU
5s,train,tRNA_tdbR00000177-Mycoplasma_capricolum-2095-Lys-CUU
5s,train,tRNA_tdbR00000184-Asterias_amurensis-7602-Lys-CUU
5s,train,tRNA_tdbR00000192-Saccharomyces_cerevisiae-4932-Lys-CUU
5s,train,tRNA_tdbR00000194-Triticum_aestivum-4565-Lys-CUU
5s,train,tRNA_tdbR00000196-Rattus_norvegicus-10116-Lys-CUN
5s,train,tRNA_tdbR00000197-Rattus_norvegicus-10116-Lys-3UU
5s,train,tRNA_tdbR00000206-Loligo_bleekeri-6617-Lys-UUU
5s,train,tRNA_tdbR00000208-Mus_musculus-10090-Lys-CUN
5s,train,tRNA_tdbR00000209-Enterobacteria_phage_T4-10665-Leu-NAA
5s,train,tRNA_tdbR00000211-Haloferax_volcanii-2246-Leu-CAA
5s,train,tRNA_tdbR00000216-Mycoplasma_capricolum-2095-Leu-BAA
5s,train,tRNA_tdbR00000218-Mycoplasma_capricolum-2095-Leu-UAG
5s,train,tRNA_tdbR00000221-Escherichia_coli-562-Leu-CAG
5s,train,tRNA_tdbR00000222-Escherichia_coli-562-Leu-GAG
5s,train,tRNA_tdbR00000225-Synechococcus_elongatus_PCC_6301-269084-Leu-CAA
5s,train,tRNA_tdbR00000228-Glycine_max-3847-Leu-BAA
5s,train,tRNA_tdbR00000230-Glycine_max-3847-Leu-UA7
5s,train,tRNA_tdbR00000233-Phaseolus_vulgaris-3885-Leu-UA7
5s,train,tRNA_tdbR00000234-Spinacia_oleracea-3562-Leu-UA7
5s,train,tRNA_tdbR00000236-Neurospora_crassa-5141-Leu-UAG
5s,train,tRNA_tdbR00000237-Saccharomyces_cerevisiae-4932-Leu-AA
5s,train,tRNA_tdbR00000243-Rattus_norvegicus-10116-Leu-UAG
5s,train,tRNA_tdbR00000245-Rattus_norvegicus-10116-Leu-UAG
5s,train,tRNA_tdbR00000252-Pichia_jadinii-4903-Leu-BAA
5s,train,tRNA_tdbR00000254-Candida_cylindracea-44322-Leu-IAG
5s,train,tRNA_tdbR00000273-Mycoplasma_capricolum-2095-Met-CAU
5s,train,tRNA_tdbR00000277-Codium_fragile-3133-Met-CAU
5s,train,tRNA_tdbR00000278-Scenedesmus_obliquus-3088-Met-CAU
5s,train,tRNA_tdbR00000286-Lupinus_luteus-3873-Met-BAU
5s,train,tRNA_tdbR00000291-Halobacterium_salinarum-2242-Asn-GUU
5s,train,tRNA_tdbR00000300-Saccharomyces_cerevisiae-4932-Asn-GUU
5s,train,tRNA_tdbR00000301-Lupinus_luteus-3873-Asn-UU
5s,train,tRNA_tdbR00000309-Enterobacteria_phage_T4-10665-Pro-NGG
5s,train,tRNA_tdbR00000316-Bacillus_subtilis-1423-Pro-5GG
5s,train,tRNA_tdbR00000317-Salmonella_typhimurium-602-Pro-CGG
5s,train,tRNA_tdbR00000328-Enterobacteria_phage_T5-10726-Gln-UUG
5s,train,tRNA_tdbR00000333-Escherichia_coli-562-Gln-NUG
5s,train,tRNA_tdbR00000336-Aedes_albopictus-7160-Gln-NUG
5s,train,tRNA_tdbR00000337-Tetrahymena_thermophila-5911-Gln-CUA
5s,train,tRNA_tdbR00000338-Tetrahymena_thermophila-5911-Gln-JUA
5s,train,tRNA_tdbR00000342-Bos_taurus-9913-Gln-CUG
5s,train,tRNA_tdbR00000343-Mus_musculus-10090-Gln-CUG
5s,train,tRNA_tdbR00000347-Enterobacteria_phage_T4-10665-Arg-NCU
5s,train,tRNA_tdbR00000351-Haloferax_volcanii-2246-Arg-NCG
5s,train,tRNA_tdbR00000352-Mycoplasma_capricolum-2095-Arg-ICG
5s,train,tRNA_tdbR00000355-Escherichia_coli-562-Arg-ICG
5s,train,tRNA_tdbR00000360-Codium_fragile-3133-Arg-ICG
5s,train,tRNA_tdbR00000363-Ascaris_suum-6253-Arg-PCU
5s,train,tRNA_tdbR00000364-Ascaris_suum-6253-Arg-ACG
5s,train,tRNA_tdbR00000368-Mesocricetus_auratus-10036-Arg-UCG
5s,train,tRNA_tdbR00000375-Bos_taurus-9913-Arg-CCU
5s,train,tRNA_tdbR00000376-Bos_taurus-9913-Arg-3CP
5s,train,tRNA_tdbR00000377-Mus_musculus-10090-Arg-ICG
5s,train,tRNA_tdbR00000383-Haloferax_volcanii-2246-Ser-GGA
5s,train,tRNA_tdbR00000393-Escherichia_coli-562-Ser-GGA
5s,train,tRNA_tdbR00000396-Saccharomyces_cerevisiae-4932-Ser-UGA
5s,train,tRNA_tdbR00000397-Saccharomyces_cerevisiae-4932-Ser-UGA
5s,train,tRNA_tdbR00000400-Loligo_bleekeri-6617-Ser-7CU
5s,train,tRNA_tdbR00000403-Bos_taurus-9913-Ser-UGA
5s,train,tRNA_tdbR00000406-Saccharomyces_cerevisiae-4932-Ser-NGA
5s,train,tRNA_tdbR00000407-Saccharomyces_cerevisiae-4932-Ser-IGA
5s,train,tRNA_tdbR00000413-Candida_cylindracea-44322-Ser-GCU
5s,train,tRNA_tdbR00000415-Nicotiana_rustica-4093-Ser-GA
5s,train,tRNA_tdbR00000430-Halobacterium_salinarum-2242-Thr-GGU
5s,train,tRNA_tdbR00000431-Haloferax_volcanii-2246-Thr-CGU
5s,train,tRNA_tdbR00000432-Haloferax_volcanii-2246-Thr-GGU
5s,train,tRNA_tdbR00000439-Spinacia_oleracea-3562-Thr-GGU
5s,train,tRNA_tdbR00000443-Saccharomyces_cerevisiae-4932-Thr-IGU
5s,train,tRNA_tdbR00000446-Halobacterium_salinarum-2242-Val-CAC
5s,train,tRNA_tdbR00000448-Halobacterium_salinarum-2242-Val-GAC
5s,train,tRNA_tdbR00000451-Mycoplasma_capricolum-2095-Val-UAC
5s,train,tRNA_tdbR00000453-Bacillus_subtilis-1423-Val-5AC
5s,train,tRNA_tdbR00000455-Escherichia_coli-562-Val-GAC
5s,train,tRNA_tdbR00000461-Rattus_norvegicus-10116-Val-UAC
5s,train,tRNA_tdbR00000463-Bos_taurus-9913-Val-UAC
5s,train,tRNA_tdbR00000467-Pichia_jadinii-4903-Val-IAC
5s,train,tRNA_tdbR00000471-Oryctolagus_cuniculus-9986-Val-IAC
5s,train,tRNA_tdbR00000472-Drosophila_melanogaster-7227-Val-IAC
5s,train,tRNA_tdbR00000475-Mus_musculus-10090-Val-IAC
5s,train,tRNA_tdbR00000477-Avian_myeloblastosis_virus-11866-Trp-BCA
5s,train,tRNA_tdbR00000478-Haloferax_volcanii-2246-Trp-BCA
5s,train,tRNA_tdbR00000480-Mycoplasma_capricolum-2095-Trp-CA
5s,train,tRNA_tdbR00000482-Spiroplasma_citri-2133-Trp-CCA
5s,train,tRNA_tdbR00000486-Phaseolus_vulgaris-3885-Trp-BCA
5s,train,tRNA_tdbR00000488-Tetrahymena_thermophila-5911-Trp-CA
5s,train,tRNA_tdbR00000492-Rattus_norvegicus-10116-Trp-NCA
5s,train,tRNA_tdbR00000497-Bos_taurus-9913-Trp-BCA
5s,train,tRNA_tdbR00000498-Gallus_gallus-9031-Trp-BCA
5s,train,tRNA_tdbR00000499-Halobacterium_salinarum-2242-Ini-CAU
5s,train,tRNA_tdbR00000500-Haloferax_volcanii-2246-Ini-CAU
5s,train,tRNA_tdbR00000504-Mycoplasma_capricolum-2095-Ini-CAU
5s,train,tRNA_tdbR00000506-Streptomyces_griseus-1911-Ini-CAU
5s,train,tRNA_tdbR00000507-Bacillus_subtilis-1423-Ini-CAU
5s,train,tRNA_tdbR00000510-Escherichia_coli-562-Ini-CAU
5s,train,tRNA_tdbR00000512-Mycobacterium_smegmatis-1772-Ini-CAU
5s,train,tRNA_tdbR00000514-Scenedesmus_obliquus-3088-Ini-CAU
5s,train,tRNA_tdbR00000519-Phaseolus_vulgaris-3885-Ini-CAU
5s,train,tRNA_tdbR00000523-Tetrahymena_thermophila-5911-Ini-CAU
5s,train,tRNA_tdbR00000529-Triticum_aestivum-4565-Ini-CAU
5s,train,tRNA_tdbR00000532-Oryctolagus_cuniculus-9986-Ini-CAU
5s,train,tRNA_tdbR00000533-Drosophila_melanogaster-7227-Ini-CAU
5s,train,tRNA_tdbR00000534-Euphausia_superba-6819-Ini-CAU
5s,train,tRNA_tdbR00000535-Xenopus_laevis-8355-Ini-CAU
5s,train,tRNA_tdbR00000539-Ovis_aries-9940-Ini-CAU
5s,train,tRNA_tdbR00000546-Escherichia_coli-562-Tyr-QUA
5s,train,tRNA_tdbR00000548-Scenedesmus_obliquus-3088-Tyr-GUA
5s,train,tRNA_tdbR00000556-Schizosaccharomyces_pombe-4896-Tyr-GPA
5s,train,tRNA_tdbR00000559-Triticum_aestivum-4565-Tyr-GPA
5s,train,tRNA_tdbR00000560-Lupinus_luteus-3873-Tyr-GPA
5s,train,tRNA_tdbR00000565-Bos_taurus-9913-Tyr-9PA
5s,train,tRNA_tdbR00000572-Leishmania_tarentolae-5689-Lys-1UU
5s,train,tRNA_tdbR00000578-Leishmania_tarentolae-5689-Glu-3UC
5s,train,tRNA_tdbR00000581-Aeropyrum_pernix-56636-Lys-CUU
5s,train,tRNA_tdbR00000584-Aeropyrum_pernix-56636-Pro-GGG
5s,train,tRNA_tdbR00000587-Aeropyrum_pernix-56636-Met-CAU
5s,train,tRNA_tdbR00000590-Ascaris_suum-6253-Glu-UC
5s,train,tRNA_tdbR00000593-Ascaris_suum-6253-Trp-CA
5s,train,tRNA_tdbR00000605-Lupinus_luteus-3873-Leu-CAG
5s,train,tRNA_tdbR00000611-Sinorhizobium_meliloti-382-His-GUG
5s,train,tRNA_tdbR00000613-Nanoarchaeum_equitans-160232-Glu-CUC
5s,train,tRNA_tdbR00000617-Nanoarchaeum_equitans-160232-Gln-UUG
5s,train,tRNA_tdbR00000618-Candida_albicans-5476-Leu-CAG
5s,train,telomerase_AF147806.247-692
5s,train,telomerase_AF221908.136-584
5s,train,telomerase_AF221909.98-496
5s,train,telomerase_AF221910.112-554
5s,train,telomerase_AF221911.104-513
5s,train,telomerase_AF221912.98-564
5s,train,telomerase_AF221913.109-520
5s,train,telomerase_AF221914.112-589
5s,train,telomerase_AF221916.94-481
5s,train,telomerase_AF221918.97-547
5s,train,telomerase_AF221919.107-614
5s,train,telomerase_AF221920.99-541
5s,train,telomerase_AF221921.98-548
5s,train,telomerase_AF221923.106-554
5s,train,telomerase_AF221925.98-540
5s,train,telomerase_AF221926.103-507
5s,train,telomerase_AF221927.113-556
5s,train,telomerase_AF221928.95-476
5s,train,telomerase_AF221929.92-517
5s,train,telomerase_AF221930.94-546
5s,train,telomerase_AF221931.99-541
5s,train,telomerase_AF221935.112-602
5s,train,telomerase_AF221936.98-540
5s,train,telomerase_AF221937.99-545
5s,train,telomerase_AF221939.99-544
5s,train,telomerase_AF221940.103-499
5s,train,telomerase_AY058901.1-397
5s,train,telomerase_U85256.1-451
5s,train,tmRNA_Acin.spec._CR543861_1-360
5s,train,tmRNA_Acti.acti._TRW-272556_1-366
5s,train,tmRNA_Acti.naes._TRW-240017_1-371
5s,train,tmRNA_Acti.succ._TRW-339671_1-367
5s,train,tmRNA_Aero.hydr._AY442269_1-360
5s,train,tmRNA_Aero.hydr._CP000462_1-360
5s,train,tmRNA_Anab.vari._CP000117_1-390
5s,train,tmRNA_Aqui.aeol._TRW-63363_1-347
5s,train,tmRNA_Arth.spec._CP000454_1-369
5s,train,tmRNA_Azoa.spec._TRW-62928_1-378
5s,train,tmRNA_Baci.anth._AE016879_1-355
5s,train,tmRNA_Baci.thur._AE017355_1-355
5s,train,tmRNA_Bact.frag._CR626927_1-398
5s,train,tmRNA_Bact.frag._TRW-817_1-398
5s,train,tmRNA_Bdel.bact._BX842656_1-346
5s,train,tmRNA_Bord.bron._TRW-257310_1-387
5s,train,tmRNA_Bord.para._TRW-257311_1-387
5s,train,tmRNA_Borr.burg._AE001118_1-359
5s,train,tmRNA_Buch.aphi._AE013218_1-376
5s,train,tmRNA_Burk.spec._CP000151_1-370
5s,train,tmRNA_Camp.coli._TRW-306254_1-359
5s,train,tmRNA_Camp.fetu._AY211269_1-361
5s,train,tmRNA_Camp.lari._TRW-306263_1-359
5s,train,tmRNA_Camp.upsa._TRW-306264_1-359
5s,train,tmRNA_Carn.malt._AF275938_1-366
5s,train,tmRNA_Chla.abor._CR848038_1-425
5s,train,tmRNA_Chla.cavi._AE015925_1-425
5s,train,tmRNA_Chla.muri._AE002296_1-418
5s,train,tmRNA_Chla.pneu._TRW-83558_1-426
5s,train,tmRNA_Chla.trac._TRW-272561_1-420
5s,train,tmRNA_Chla.trac._TRW-813-1_1-420
5s,train,tmRNA_Chlo.chlo._CP000108_1-401
5s,train,tmRNA_Clav.mich._TRW-31964_1-376
5s,train,tmRNA_Clos.acet._AE001437_1-359
5s,train,tmRNA_Clos.diff._AM180355_1-350
5s,train,tmRNA_Clos.diff._TRW-367459_1-350
5s,train,tmRNA_Clos.ther._TRW-203119_1-387
5s,train,tmRNA_Copr.prot._TRW-351627_1-353
5s,train,tmRNA_Croc.wats._TRW-165597_1-386
5s,train,tmRNA_Cyan.mero._AY286123_1-236
5s,train,tmRNA_Desu.psyc._CR522870_1-366
5s,train,tmRNA_Emil.huxl._TRW-280463_1-291
5s,train,tmRNA_Ente.faec._BD193796_1-367
5s,train,tmRNA_Ente.faec._TRW-1352_1-367
5s,train,tmRNA_Erwi.caro._BX950851_1-363
5s,train,tmRNA_Esch.coli._AE005491_1-363
5s,train,tmRNA_Esch.coli._AP009048_1-363
5s,train,tmRNA_Esch.coli._BA000007_1-363
5s,train,tmRNA_Esch.coli._D90888_1-363
5s,train,tmRNA_Esch.coli._U36840_1-363
5s,train,tmRNA_Exig.sibi._TRW-262543_1-359
5s,train,tmRNA_Fran.tula._AM233362_1-421
5s,train,tmRNA_Fran.tula._AM286280_1-421
5s,train,tmRNA_Fran.tula._CP000437_1-421
5s,train,tmRNA_Fuso.nucl._AE010567_1-341
5s,train,tmRNA_Fuso.nucl._TRW-209882_1-344
5s,train,tmRNA_Gemm.obsc._TRW-214688_1-412
5s,train,tmRNA_Geob.meta._CP000148_1-356
5s,train,tmRNA_Geob.stea._TRW-1422_1-352
5s,train,tmRNA_Guil.thet._AF041468_1-327
5s,train,tmRNA_Haem.ducr._AE017143_1-367
5s,train,tmRNA_Haem.infl._AY599475_1-366
5s,train,tmRNA_Haem.infl._L42023_1-366
5s,train,tmRNA_Haem.infl._U32808_1-366
5s,train,tmRNA_Heli.hepa._AE017125_1-369
5s,train,tmRNA_Heli.must._DQ250625_1-366
5s,train,tmRNA_Heli.pylo._AE001503_1-383
5s,train,tmRNA_Heli.pylo._TRW-85962_1-386
5s,train,tmRNA_Heli.pylo._TRW-85963_1-386
5s,train,tmRNA_Kleb.pneu._TRW-272620_1-363
5s,train,tmRNA_Lact.john._TRW-257314_1-367
5s,train,tmRNA_Lact.lact._AE006373_1-359
5s,train,tmRNA_Lact.lact._AF176556_1-359
5s,train,tmRNA_Lact.plan._AL935259_1-372
5s,train,tmRNA_Leif.xyli._AE016822_1-394
5s,train,tmRNA_Lept.inte._AE016823_1-350
5s,train,tmRNA_Lept.spec._TRW-261385_1-359
5s,train,tmRNA_Lept.spec._TRW-261386_1-359
5s,train,tmRNA_Leuc.mese._AF375574_1-307
5s,train,tmRNA_Leuc.mese._CP000414_1-358
5s,train,tmRNA_List.mono._TRW-1639-1_1-370
5s,train,tmRNA_Mann.haem._TRW-272629_1-367
5s,train,tmRNA_Mann.succ._AE016827_1-367
5s,train,tmRNA_Meth.flag._CP000284_1-361
5s,train,tmRNA_Moor.ther._CP000232_1-358
5s,train,tmRNA_Mora.cata._AX067460_1-359
5s,train,tmRNA_Myco.Bxz1._AY129337_1-437
5s,train,tmRNA_Myco.afri._TRW-33894_1-368
5s,train,tmRNA_Myco.aviu._AE016958_1-368
5s,train,tmRNA_Myco.bovi._TRW-1765_1-368
5s,train,tmRNA_Myco.hyop._TRW-262719_1-433
5s,train,tmRNA_Myco.myco._BX842642_1-411
5s,train,tmRNA_Myco.pulm._AL445565_1-387
5s,train,tmRNA_Myco.smeg._CP000480_1-369
5s,train,tmRNA_Myco.tube._TRW-164513_1-368
5s,train,tmRNA_Myxo.xant._TRW-34_1-366
5s,train,tmRNA_Neis.gono._TRW-242231_1-363
5s,train,tmRNA_Neis.meni._TRW-272831_1-363
5s,train,tmRNA_Nitr.euro._BX321865_1-360
5s,train,tmRNA_Nitr.mult._CP000103_1-362
5s,train,tmRNA_Noca.farc._AP006618_1-368
5s,train,tmRNA_Nost.punc._TRW-63737_1-390
5s,train,tmRNA_Odon.sine._TRW-2839_1-371
5s,train,tmRNA_Para.symb._BX908798_1-405
5s,train,tmRNA_Pedi.pent._CP000422_1-369
5s,train,tmRNA_Pola.spec._CP000316_1-387
5s,train,tmRNA_Porp.purp._TRW-2787_1-323
5s,train,tmRNA_Prop.acne._AE017283_1-371
5s,train,tmRNA_Pseu.aeru._CP000438_1-353
5s,train,tmRNA_Pseu.ento._CT573326_1-392
5s,train,tmRNA_Pseu.fluo._CP000076_1-394
5s,train,tmRNA_Pseu.fluo._TRW-216595_1-397
5s,train,tmRNA_Pseu.syri._AE016853_1-388
5s,train,tmRNA_Rals.sola._AL646052_1-360
5s,train,tmRNA_Rubr.gela._TRW-279263_1-372
5s,train,tmRNA_Rumi.albu._TRW-246199_1-354
5s,train,tmRNA_Sali.rube._CP000159_1-369
5s,train,tmRNA_Salm.bong._TRW-218493_1-363
5s,train,tmRNA_Salm.ente._AE014613_1-363
5s,train,tmRNA_Salm.ente._AE017220_1-363
5s,train,tmRNA_Salm.typh._AY316313_1-363
5s,train,tmRNA_Shew.onei._AX048560_1-355
5s,train,tmRNA_Shew.putr._TRW-319224_1-356
5s,train,tmRNA_Shew.spec._CP000444_1-355
5s,train,tmRNA_Shew.spec._CP000446_1-355
5s,train,tmRNA_Shew.spec._CP000469_1-355
5s,train,tmRNA_Shew.spec._TRW-323850_1-356
5s,train,tmRNA_Shig.dyse._CP000034_1-363
5s,train,tmRNA_Shig.flex._AE014073_1-363
5s,train,tmRNA_Shig.sonn._CP000038_1-363
5s,train,tmRNA_Soda.glos._AP008232_1-384
5s,train,tmRNA_Stap.aure._AC074317_1-359
5s,train,tmRNA_Stap.aure._TRW-1280_1-362
5s,train,tmRNA_Stap.epid._TRW-1282-2_1-362
5s,train,tmRNA_Sten.malt._TRW-40324_1-354
5s,train,tmRNA_Stre.agal._AE014233_1-350
5s,train,tmRNA_Stre.aure._AY616521_1-382
5s,train,tmRNA_Stre.equi._TRW-1336_1-349
5s,train,tmRNA_Stre.pneu._AE008453_1-348
5s,train,tmRNA_Stre.scab._TRW-1883_1-402
5s,train,tmRNA_Stre.sobr._TRW-246202_1-349
5s,train,tmRNA_Sulf.azor._TRW-204536_1-351
5s,train,tmRNA_Syne.spec._D90916_1-396
5s,train,tmRNA_Synt.acid._CP000252_1-356
5s,train,tmRNA_Thal.pseu._EF067921_1-344
5s,train,tmRNA_Thal.weis._AF049491_1-348
5s,train,tmRNA_Ther.fusc._CP000088_1-372
5s,train,tmRNA_Ther.mari._TRW-243274-1_1-356
5s,train,tmRNA_Ther.teng._AE013063_1-351
5s,train,tmRNA_Trep.dent._AE017226_1-351
5s,train,tmRNA_Trep.pall._TRW-243276_1-354
5s,train,tmRNA_Xant.axon._AE011783_1-397
5s,train,tmRNA_Xyle.fast._TRW-155920_1-355
5s,train,tmRNA_Yers.ente._TRW-34054_1-381
5s,train,tmRNA_Yers.pest._CP000305_1-364
5s,train,tmRNA_envi.sequ._TRW-204433_1-356
5s,train,tmRNA_envi.sequ._TRW-259292_1-355
5s,train,tmRNA_envi.sequ._TRW-32045-1_1-355
5s,train,tmRNA_uncu.bact._TRW-32033-1_1-354
5s,train,tmRNA_uncu.bact._TRW-32045-4_1-369
5s,valid,16s_B.burgdorferi_domain4
5s,valid,16s_B.subtilis_domain4
5s,valid,16s_C.elegans_domain4
5s,valid,16s_C.reinhardtii.chloro_domain1
5s,valid,16s_C.reinhardtii.chloro_domain3
5s,valid,16s_C.reinhardtii.mito_domain1
5s,valid,16s_C.reinhardtii.mito_domain2
5s,valid,16s_H.sapiens.mito_domain3
5s,valid,16s_H.volcanii_domain1
5s,valid,16s_P.occultum_domain4
5s,valid,16s_S.cerevisiae_domain3
5s,valid,16s_T.gondii_domain3
5s,valid,16s_T.maritima_domain3
5s,valid,23s_B.subtilis_domain3
5s,valid,23s_B.subtilis_domain6
5s,valid,23s_T.thermophilus_domain6
5s,valid,RNaseP_A.salinestris-184
5s,valid,RNaseP_B.hermsii
5s,valid,RNaseP_B.megaterium
5s,valid,RNaseP_C.jejuni
5s,valid,RNaseP_C.trachomatis-2
5s,valid,RNaseP_C.trachomatis-D
5s,valid,RNaseP_CPA54
5s,valid,RNaseP_CPB80
5s,valid,RNaseP_D.desulfuricans
5s,valid,RNaseP_E.eschscholtzii-2
5s,valid,RNaseP_Fischerella-UTEX1829
5s,valid,RNaseP_H.pylori-RU1
5s,valid,RNaseP_LGB41
5s,valid,RNaseP_M.barkeri
5s,valid,RNaseP_M.capricolum
5s,valid,RNaseP_M.luteus
5s,valid,RNaseP_M.pneumoniae
5s,valid,RNaseP_M.sedula
5s,valid,RNaseP_M.tuberculosis
5s,valid,RNaseP_N.flavus
5s,valid,RNaseP_P.marinus
5s,valid,RNaseP_P.mississippiensis
5s,valid,RNaseP_P131
5s,valid,RNaseP_Prochlorococcus-PAC1A
5s,valid,RNaseP_Prochlorococcus-PCC9511
5s,valid,RNaseP_R.rubrum
5s,valid,RNaseP_S.caesia-K76T
5s,valid,RNaseP_S.japonicus
5s,valid,RNaseP_S.polymorpha
5s,valid,RNaseP_S.shibatae
5s,valid,RNaseP_S.typhimurium
5s,valid,RNaseP_S.viridis-K191
5s,valid,RNaseP_S.viridis-K73T
5s,valid,RNaseP_SM-A06
5s,valid,RNaseP_SM-A3862
5s,valid,RNaseP_SM-A5584
5s,valid,RNaseP_Synechococcus-PCC7942
5s,valid,RNaseP_T.neapolitana
5s,valid,RNaseP_Y.pestis
5s,valid,RNaseP_purpleX
5s,valid,grp1_a.I1.b.Synechococcus.sp2.C3.tLEU
5s,valid,grp1_a.I1.e.B.ciliata.JCM6865.C1.SSU.1506
5s,valid,grp1_a.I1.e.C.ellipsoidea.211-1a.C1.SSU.1506
5s,valid,grp1_a.I1.e.C.grayi.UNK.SSU.1516
5s,valid,grp1_a.I1.e.C.merochlorophea.UNK.SSU.1516
5s,valid,grp1_a.I1.e.G.spirotaenia.C1.SSU.1506
5s,valid,grp1_a.I1.e.L.dispersa.UNK.SSU.114
5s,valid,grp1_a.I1.e.L.dispersa.UNK.SSU.1210
5s,valid,grp1_a.I1.e.L.dispersa.UNK.SSU.287
5s,valid,grp1_a.I1.e.M.caldariorum.C1.SSU.1506
5s,valid,grp1_a.I1.e.P.inouyei.C1.SSU.943
5s,valid,grp1_a.I1.e.S.paniceum.UNK.SSU.1052
5s,valid,grp1_a.I1.e.Staurastrum.sp.M753.C1.SSU.1506
5s,valid,grp1_a.I1.e.T.pigmentosa.C1.LSU.1925
5s,valid,grp1_a.I1.e.U.maydis.C1.SSU.943
5s,valid,srp_Aero.pern._BA000002
5s,valid,srp_Alka.meta._CP000724
5s,valid,srp_Aspe.fumi._GSP-41122
5s,valid,srp_Caen.eleg._AY948607
5s,valid,srp_Chla.rein._SDB-3055
5s,valid,srp_Clos.diff._AM180355
5s,valid,srp_Cryp.parv._XM_626716
5s,valid,srp_Dani.rrer._BX469912
5s,valid,srp_Dros.moja._GSP-7230
5s,valid,srp_Esch.coli._CP000468
5s,valid,srp_Esch.coli._U82664
5s,valid,srp_Fran.tula._AJ749949
5s,valid,srp_Gald.sulp._GSP-130081
5s,valid,srp_Homo.sapi._BE083383
5s,valid,srp_Lact.john._AE017198
5s,valid,srp_Leis.guya._AY722728
5s,valid,srp_List.inno._AL596173
5s,valid,srp_List.mono._U15684
5s,valid,srp_Meth.burt._CP000300
5s,valid,srp_Meth.ferv._M32222
5s,valid,srp_Myco.bovi._BX248347
5s,valid,srp_Myco.geni._L43967
5s,valid,srp_Myco.hyop._AE017244
5s,valid,srp_Myco.myco._BX842642
5s,valid,srp_Myco.spec._CP000580
5s,valid,srp_Nitr.eutr._CP000450
5s,valid,srp_Para.bras._CN241137
5s,valid,srp_Picr.torr._AE017261
5s,valid,srp_Proc.mari._AE017165
5s,valid,srp_Pyro.cali._CP000561
5s,valid,srp_Shew.spec._CP000503
5s,valid,srp_Shig.flex._AE014073
5s,valid,srp_Sino.meli._AL591782
5s,valid,srp_Stap.aure._E36052
5s,valid,srp_Stre.pyog._AM295007
5s,valid,srp_Sulf.toko._BA000023
5s,valid,srp_Xant.camp._CP000050
5s,valid,srp_Yarr.lipo._X51658
5s,valid,srp_Yers.pest._AE017042
5s,valid,srp_Yers.pest._CP000305
5s,valid,tRNA_tdbR00000010-Escherichia_coli-562-Ala-VGC
5s,valid,tRNA_tdbR00000020-Escherichia_coli-562-Cys-GCA
5s,valid,tRNA_tdbR00000038-Rattus_norvegicus-10116-Asp-8UC
5s,valid,tRNA_tdbR00000053-Bos_taurus-9913-Glu-NUC
5s,valid,tRNA_tdbR00000089-Brassica_napus-3708-Phe-AA
5s,valid,tRNA_tdbR00000098-Xenopus_laevis-8355-Phe-AA
5s,valid,tRNA_tdbR00000109-Haloferax_volcanii-2246-Gly-NCC
5s,valid,tRNA_tdbR00000111-Mycoplasma_capricolum-2095-Gly-UCC
5s,valid,tRNA_tdbR00000140-Escherichia_coli-562-His-QUG
5s,valid,tRNA_tdbR00000142-Saccharomyces_cerevisiae-4932-His-GUG
5s,valid,tRNA_tdbR00000159-Escherichia_coli-562-Ile-GAU
5s,valid,tRNA_tdbR00000165-Solanum_tuberosum-4113-Ile-AU
5s,valid,tRNA_tdbR00000179-Bacillus_subtilis-1423-Lys-UU
5s,valid,tRNA_tdbR00000199-Oryctolagus_cuniculus-9986-Lys-CUU
5s,valid,tRNA_tdbR00000244-Rattus_norvegicus-10116-Leu-UAG
5s,valid,tRNA_tdbR00000270-Avian_myeloblastosis_virus-11866-Met-BAU
5s,valid,tRNA_tdbR00000282-Ascaris_suum-6253-Met-AU
5s,valid,tRNA_tdbR00000285-Triticum_aestivum-4565-Met-BAU
5s,valid,tRNA_tdbR00000294-Mycoplasma_capricolum-2095-Asn-GUU
5s,valid,tRNA_tdbR00000313-Haloferax_volcanii-2246-Pro-UGG
5s,valid,tRNA_tdbR00000346-Homo_sapiens-9606-Gln-NUG
5s,valid,tRNA_tdbR00000356-Escherichia_coli-562-Arg-ICG
5s,valid,tRNA_tdbR00000358-Escherichia_coli-562-Arg-CU
5s,valid,tRNA_tdbR00000365-Aedes_albopictus-7160-Arg-UCG
5s,valid,tRNA_tdbR00000371-Saccharomyces_cerevisiae-4932-Arg-1CU
5s,valid,tRNA_tdbR00000380-Halobacterium_salinarum-2242-Ser-MGA
5s,valid,tRNA_tdbR00000386-Mycoplasma_mycoides-2102-Ser-UGA
5s,valid,tRNA_tdbR00000394-Escherichia_coli-562-Ser-VGA
5s,valid,tRNA_tdbR00000408-Saccharomyces_cerevisiae-4932-Ser-IGA
5s,valid,tRNA_tdbR00000416-Nicotiana_rustica-4093-Ser-CGA
5s,valid,tRNA_tdbR00000424-Drosophila_melanogaster-7227-Ser-GCU
5s,valid,tRNA_tdbR00000445-Bos_taurus-9913-Thr-IGU
5s,valid,tRNA_tdbR00000459-Neurospora_crassa-5141-Val-UAC
5s,valid,tRNA_tdbR00000465-Saccharomyces_cerevisiae-4932-Val-CAC
5s,valid,tRNA_tdbR00000485-Nicotiana_tabacum-4097-Trp-BCA
5s,valid,tRNA_tdbR00000505-Mycoplasma_mycoides-2102-Ini-CAU
5s,valid,tRNA_tdbR00000522-Bos_taurus-9913-Ini-AU
5s,valid,tRNA_tdbR00000545-Escherichia_coli-562-Tyr-QUA
5s,valid,tRNA_tdbR00000575-Leishmania_tarentolae-5689-Thr-CGU
5s,valid,tRNA_tdbR00000616-Nanoarchaeum_equitans-160232-Lys-CUU
5s,valid,telomerase_AC121792.109554-109950
5s,valid,telomerase_AF221906.96-545
5s,valid,telomerase_AF221917.99-542
5s,valid,telomerase_AF221924.105-538
5s,valid,telomerase_AF221932.102-549
5s,valid,telomerase_AF221934.121-565
5s,valid,telomerase_AY312571.605-1069
5s,valid,tmRNA_Baci.G._TRW-12333_1-312
5s,valid,tmRNA_Baci.halo._BA000004_1-361
5s,valid,tmRNA_Buch.aphi._BD061520_1-369
5s,valid,tmRNA_Burk.ceno._CP000378_1-370
5s,valid,tmRNA_Burk.mall._CP000010_1-370
5s,valid,tmRNA_Burk.viet._TRW-269482_1-370
5s,valid,tmRNA_Clos.botu._TRW-36826_1-355
5s,valid,tmRNA_Dich.nodo._TRW-35819_1-352
5s,valid,tmRNA_Esch.coli._CP000247_1-363
5s,valid,tmRNA_Fibr.succ._TRW-59374_1-361
5s,valid,tmRNA_Haem.infl._TRW-262727_1-366
5s,valid,tmRNA_Haem.infl._TRW-262728_1-366
5s,valid,tmRNA_Heli.pylo._AE000511_1-386
5s,valid,tmRNA_Leuc.mese._TRW-1245_1-358
5s,valid,tmRNA_List.gray._AF440336_1-321
5s,valid,tmRNA_List.wels._AF440351_1-321
5s,valid,tmRNA_Meso.flor._AE017263_1-408
5s,valid,tmRNA_Myco.capr._D13067_1-411
5s,valid,tmRNA_Nost.spec._BA000019_1-390
5s,valid,tmRNA_Oeno.oeni._TRW-203123_1-350
5s,valid,tmRNA_Onio.yell._AP006628_1-423
5s,valid,tmRNA_Phot.lumi._BX571870_1-364
5s,valid,tmRNA_Phot.prof._CR378665_1-368
5s,valid,tmRNA_Porp.ging._TRW-242619_1-407
5s,valid,tmRNA_Prop.acne._TRW-1747-1_1-371
5s,valid,tmRNA_Pseu.aeru._AE004091_1-353
5s,valid,tmRNA_Rubr.xyla._CP000386_1-360
5s,valid,tmRNA_Salm.ente._TRW-59204_1-363
5s,valid,tmRNA_Salm.typh._AY319520_1-363
5s,valid,tmRNA_Serr.marc._TRW-273526_1-364
5s,valid,tmRNA_Stap.aure._BA000017_1-362
5s,valid,tmRNA_Stap.aure._BX571857_1-362
5s,valid,tmRNA_Stre.aver._BA000030_1-389
5s,valid,tmRNA_Tric.eryt._CP000393_1-398
5s,valid,tmRNA_Trop.whip._BX251411_1-369
5s,valid,tmRNA_Urea.parv._AE002154_1-413
5s,valid,tmRNA_Xyle.fast._AE003849_1-355
5s,valid,tmRNA_Xyle.fast._AE004078_1-355
5s,valid,tmRNA_Yers.inte._TRW-349965_1-381
5s,valid,tmRNA_envi.sequ._TRW-32045-2_1-345
RNaseP,test,RNaseP_A.ambivalens
RNaseP,test,RNaseP_A.brierleyi
RNaseP,test,RNaseP_A.chroococcum
RNaseP,test,RNaseP_A.erythreum
RNaseP,test,RNaseP_A.eutrophus
RNaseP,test,RNaseP_A.fastidiosum
RNaseP,test,RNaseP_A.ferrooxidans
RNaseP,test,RNaseP_A.ferrooxidans-g
RNaseP,test,RNaseP_A.fulgidus
RNaseP,test,RNaseP_A.laidlawii
RNaseP,test,RNaseP_A.macrocytogenes123
RNaseP,test,RNaseP_A.nidulans
RNaseP,test,RNaseP_A.obstetricans
RNaseP,test,RNaseP_A.paspali
RNaseP,test,RNaseP_A.pernix
RNaseP,test,RNaseP_A.salinestris-184
RNaseP,test,RNaseP_A.telluris
RNaseP,test,RNaseP_A.truei
RNaseP,test,RNaseP_A.tumefaciens
RNaseP,test,RNaseP_A.vinlandii-CA
RNaseP,test,RNaseP_Anabaena-ATCC29413
RNaseP,test,RNaseP_Anabaena-PCC7120
RNaseP,test,RNaseP_B.anthracis
RNaseP,test,RNaseP_B.brevis
RNaseP,test,RNaseP_B.bronchiseptica
RNaseP,test,RNaseP_B.bufo
RNaseP,test,RNaseP_B.burgdorferi
RNaseP,test,RNaseP_B.burgdorferi-g
RNaseP,test,RNaseP_B.calamita
RNaseP,test,RNaseP_B.halodurans
RNaseP,test,RNaseP_B.hermsii
RNaseP,test,RNaseP_B.megaterium
RNaseP,test,RNaseP_B.pertussis
RNaseP,test,RNaseP_B.stearothermophilus
RNaseP,test,RNaseP_B.subtilis
RNaseP,test,RNaseP_B.subtilis-g
RNaseP,test,RNaseP_B.thetaiotaomicron
RNaseP,test,RNaseP_BH145
RNaseP,test,RNaseP_Buchnera-APS
RNaseP,test,RNaseP_C.acetobutylicum
RNaseP,test,RNaseP_C.aurantiacus
RNaseP,test,RNaseP_C.crescentus
RNaseP,test,RNaseP_C.difficile
RNaseP,test,RNaseP_C.diphtheriae
RNaseP,test,RNaseP_C.hydrogenoformans
RNaseP,test,RNaseP_C.innocuum
RNaseP,test,RNaseP_C.jejuni
RNaseP,test,RNaseP_C.limicola
RNaseP,test,RNaseP_C.muridarum-g
RNaseP,test,RNaseP_C.opuntiae
RNaseP,test,RNaseP_C.paradoxa-cyanelle
RNaseP,test,RNaseP_C.pecorum-IPA
RNaseP,test,RNaseP_C.pneumoniae
RNaseP,test,RNaseP_C.pneumoniae-AR39
RNaseP,test,RNaseP_C.pneumoniae-CWL029
RNaseP,test,RNaseP_C.psittaci
RNaseP,test,RNaseP_C.psittaci-2
RNaseP,test,RNaseP_C.psittaci-R54
RNaseP,test,RNaseP_C.sporogenes
RNaseP,test,RNaseP_C.tepidum
RNaseP,test,RNaseP_C.tepidum-g
RNaseP,test,RNaseP_C.testosteroni
RNaseP,test,RNaseP_C.trachomatis
RNaseP,test,RNaseP_C.trachomatis-2
RNaseP,test,RNaseP_C.trachomatis-D
RNaseP,test,RNaseP_C.vinosum
RNaseP,test,RNaseP_CPA49
RNaseP,test,RNaseP_CPA54
RNaseP,test,RNaseP_CPA56
RNaseP,test,RNaseP_CPA58
RNaseP,test,RNaseP_CPA59
RNaseP,test,RNaseP_CPA61
RNaseP,test,RNaseP_CPA62
RNaseP,test,RNaseP_CPA63
RNaseP,test,RNaseP_CPB139
RNaseP,test,RNaseP_CPB141
RNaseP,test,RNaseP_CPB144
RNaseP,test,RNaseP_CPB147
RNaseP,test,RNaseP_CPB149
RNaseP,test,RNaseP_CPB69
RNaseP,test,RNaseP_CPB70
RNaseP,test,RNaseP_CPB72
RNaseP,test,RNaseP_CPB73
RNaseP,test,RNaseP_CPB74
RNaseP,test,RNaseP_CPB75
RNaseP,test,RNaseP_CPB7776
RNaseP,test,RNaseP_CPB80
RNaseP,test,RNaseP_CPB86
RNaseP,test,RNaseP_Calothrix-PCC7601
RNaseP,test,RNaseP_D.desulfuricans
RNaseP,test,RNaseP_D.jeanneae
RNaseP,test,RNaseP_D.radiodurans
RNaseP,test,RNaseP_D.radiodurans-g
RNaseP,test,RNaseP_D.vulgaris
RNaseP,test,RNaseP_DU1
RNaseP,test,RNaseP_Dermocarpa-PCC7437
RNaseP,test,RNaseP_E.agglomerulans
RNaseP,test,RNaseP_E.asper
RNaseP,test,RNaseP_E.coli
RNaseP,test,RNaseP_E.coli-JM109
RNaseP,test,RNaseP_E.coli-g
RNaseP,test,RNaseP_E.eschscholtzii-1
RNaseP,test,RNaseP_E.eschscholtzii-2
RNaseP,test,RNaseP_E.eschsholtzii
RNaseP,test,RNaseP_E.faecalis
RNaseP,test,RNaseP_E.faecalis-2
RNaseP,test,RNaseP_E.thermomarinus
RNaseP,test,RNaseP_E1B
RNaseP,test,RNaseP_EF
RNaseP,test,RNaseP_EM14b-11
RNaseP,test,RNaseP_EM14b-9
RNaseP,test,RNaseP_ERE
RNaseP,test,RNaseP_ERH
RNaseP,test,RNaseP_ESH167E
RNaseP,test,RNaseP_ESH167F
RNaseP,test,RNaseP_ESH17b-7
RNaseP,test,RNaseP_ESH183A
RNaseP,test,RNaseP_ESH183D
RNaseP,test,RNaseP_ESH20b-1
RNaseP,test,RNaseP_ESH20b-4
RNaseP,test,RNaseP_ESH210B
RNaseP,test,RNaseP_ESH212C
RNaseP,test,RNaseP_ESH21b-4
RNaseP,test,RNaseP_ESH26-4
RNaseP,test,RNaseP_ESH30-3
RNaseP,test,RNaseP_ESH46a-1
RNaseP,test,RNaseP_ESH7-16
RNaseP,test,RNaseP_ESH7-4
RNaseP,test,RNaseP_ESH7-9
RNaseP,test,RNaseP_F.antarctica
RNaseP,test,RNaseP_F.mortiferum
RNaseP,test,RNaseP_F.yabuuchiae
RNaseP,test,RNaseP_Fischerella-UTEX1829
RNaseP,test,RNaseP_G.gorilla
RNaseP,test,RNaseP_G.sulfurreducens
RNaseP,test,RNaseP_H.aurantiacus
RNaseP,test,RNaseP_H.chlorum
RNaseP,test,RNaseP_H.chlorum-partial
RNaseP,test,RNaseP_H.cutirubrum
RNaseP,test,RNaseP_H.influenza
RNaseP,test,RNaseP_H.mobilis
RNaseP,test,RNaseP_H.morrhuae
RNaseP,test,RNaseP_H.pylori-26695
RNaseP,test,RNaseP_H.pylori-48K
RNaseP,test,RNaseP_H.pylori-J99
RNaseP,test,RNaseP_H.pylori-RU1
RNaseP,test,RNaseP_H.sapiens
RNaseP,test,RNaseP_H.trapanicum
RNaseP,test,RNaseP_H.volcanii
RNaseP,test,RNaseP_Halobacterium-NRC1
RNaseP,test,RNaseP_I.calvum
RNaseP,test,RNaseP_K.pneumoniae
RNaseP,test,RNaseP_K.polysporus
RNaseP,test,RNaseP_K.thermotolerans
RNaseP,test,RNaseP_L.acidophilus
RNaseP,test,RNaseP_L.borgpetersenii
RNaseP,test,RNaseP_L.ferrooxidans-CF
RNaseP,test,RNaseP_L.ferrooxidans-MK
RNaseP,test,RNaseP_L.japonicus-IFO12422
RNaseP,test,RNaseP_L.japonicus-IFO15385
RNaseP,test,RNaseP_L.muta-1
RNaseP,test,RNaseP_L.muta-2
RNaseP,test,RNaseP_L.weilii
RNaseP,test,RNaseP_LGA1
RNaseP,test,RNaseP_LGA10
RNaseP,test,RNaseP_LGA2
RNaseP,test,RNaseP_LGA6
RNaseP,test,RNaseP_LGA8
RNaseP,test,RNaseP_LGB21
RNaseP,test,RNaseP_LGB23
RNaseP,test,RNaseP_LGB27
RNaseP,test,RNaseP_LGB32
RNaseP,test,RNaseP_LGB41
RNaseP,test,RNaseP_LGB5
RNaseP,test,RNaseP_LGW113
RNaseP,test,RNaseP_LGW116
RNaseP,test,RNaseP_LGW17
RNaseP,test,RNaseP_LGW18
RNaseP,test,RNaseP_LGW23
RNaseP,test,RNaseP_LGW46
RNaseP,test,RNaseP_M.avium
RNaseP,test,RNaseP_M.barkeri
RNaseP,test,RNaseP_M.bovis
RNaseP,test,RNaseP_M.capricolum
RNaseP,test,RNaseP_M.fermentans
RNaseP,test,RNaseP_M.fervidus
RNaseP,test,RNaseP_M.flocculare
RNaseP,test,RNaseP_M.formicicum
RNaseP,test,RNaseP_M.genitalium
RNaseP,test,RNaseP_M.hyopneumoniae
RNaseP,test,RNaseP_M.jannaschii
RNaseP,test,RNaseP_M.leprae
RNaseP,test,RNaseP_M.luteus
RNaseP,test,RNaseP_M.maripaludus
RNaseP,test,RNaseP_M.phosphovorus-JCM9379
RNaseP,test,RNaseP_M.phosphovorus-JCM9380
RNaseP,test,RNaseP_M.pneumoniae
RNaseP,test,RNaseP_M.sedula
RNaseP,test,RNaseP_M.thermoautotrophicum-DH
RNaseP,test,RNaseP_M.thermoautotrophicumDH-2
RNaseP,test,RNaseP_M.thermoautotrophicumDH-g
RNaseP,test,RNaseP_M.thermoautotrphicumMarb
RNaseP,test,RNaseP_M.thermolithotrophicus
RNaseP,test,RNaseP_M.tuberculosis
RNaseP,test,RNaseP_M.tuberculosis-g
RNaseP,test,RNaseP_M.vannielli
RNaseP,test,RNaseP_M.xanthus
RNaseP,test,RNaseP_Mxa1
RNaseP,test,RNaseP_N.albus
RNaseP,test,RNaseP_N.europaea
RNaseP,test,RNaseP_N.flavus
RNaseP,test,RNaseP_N.fulvus-JCM3335
RNaseP,test,RNaseP_N.fulvus-KCTC9580
RNaseP,test,RNaseP_N.gonnorhoeae
RNaseP,test,RNaseP_N.gregoryi
RNaseP,test,RNaseP_N.jensenii
RNaseP,test,RNaseP_N.luteus
RNaseP,test,RNaseP_N.meningitidis-Z2491
RNaseP,test,RNaseP_N.meningtidis-MC58
RNaseP,test,RNaseP_N.olivacea-chloroplast
RNaseP,test,RNaseP_N.plantarum
RNaseP,test,RNaseP_N.pyridinolyticus
RNaseP,test,RNaseP_N.simplex
RNaseP,test,RNaseP_Nocardiodes-ATCC39419
RNaseP,test,RNaseP_Nocardiodes-NSP41
RNaseP,test,RNaseP_Nostoc-PCC6705
RNaseP,test,RNaseP_Nostoc-PCC7107
RNaseP,test,RNaseP_Nostoc-PCC7413
RNaseP,test,RNaseP_Onchorhynchus-1
RNaseP,test,RNaseP_Onchorhynchus-2
RNaseP,test,RNaseP_Onchorhynchus-sp-1
RNaseP,test,RNaseP_Onchorhynchus-sp-2
RNaseP,test,RNaseP_Oscillatoria-PCC7515
RNaseP,test,RNaseP_P.abyssi
RNaseP,test,RNaseP_P.acanthamoebae
RNaseP,test,RNaseP_P.aerogenes
RNaseP,test,RNaseP_P.aeruginosa
RNaseP,test,RNaseP_P.alcalifaciens
RNaseP,test,RNaseP_P.azotoformans
RNaseP,test,RNaseP_P.canadensis
RNaseP,test,RNaseP_P.cultripes
RNaseP,test,RNaseP_P.douglassii
RNaseP,test,RNaseP_P.fluorescens
RNaseP,test,RNaseP_P.furiosus
RNaseP,test,RNaseP_P.furiosus-2
RNaseP,test,RNaseP_P.gingivalis
RNaseP,test,RNaseP_P.guilliermondii
RNaseP,test,RNaseP_P.hollandica
RNaseP,test,RNaseP_P.horikoshi
RNaseP,test,RNaseP_P.innocua
RNaseP,test,RNaseP_P.marinus
RNaseP,test,RNaseP_P.marinus-2
RNaseP,test,RNaseP_P.maris
RNaseP,test,RNaseP_P.mississippiensis
RNaseP,test,RNaseP_P.purpurea-chloroplast
RNaseP,test,RNaseP_P.putida
RNaseP,test,RNaseP_P.pygmaeus
RNaseP,test,RNaseP_P.shigelloides
RNaseP,test,RNaseP_P.staleyi
RNaseP,test,RNaseP_P.strasburgensis
RNaseP,test,RNaseP_P.stutzeri
RNaseP,test,RNaseP_P.troglodytes
RNaseP,test,RNaseP_P.vulgaris
RNaseP,test,RNaseP_P126
RNaseP,test,RNaseP_P131
RNaseP,test,RNaseP_PF101
RNaseP,test,RNaseP_PS1
RNaseP,test,RNaseP_PS2
RNaseP,test,RNaseP_PS22
RNaseP,test,RNaseP_PS24
RNaseP,test,RNaseP_PS26
RNaseP,test,RNaseP_PS27
RNaseP,test,RNaseP_PS31
RNaseP,test,RNaseP_PS33
RNaseP,test,RNaseP_PS4
RNaseP,test,RNaseP_PS6
RNaseP,test,RNaseP_PS8
RNaseP,test,RNaseP_Prochlorococcus-NATL1
RNaseP,test,RNaseP_Prochlorococcus-NATL2
RNaseP,test,RNaseP_Prochlorococcus-PAC1A
RNaseP,test,RNaseP_Prochlorococcus-PAC1B
RNaseP,test,RNaseP_Prochlorococcus-PCC9511
RNaseP,test,RNaseP_Prochlorococcus-TAK9803-2
RNaseP,test,RNaseP_Prochlorococcus-TATL2
RNaseP,test,RNaseP_Prochlorococcus-TATL2-2
RNaseP,test,RNaseP_Pseudoanabaena-PCC6903
RNaseP,test,RNaseP_R.americana-mito
RNaseP,test,RNaseP_R.capsulatus
RNaseP,test,RNaseP_R.norvegicus
RNaseP,test,RNaseP_R.palustris
RNaseP,test,RNaseP_R.prowazekii
RNaseP,test,RNaseP_R.rubrum
RNaseP,test,RNaseP_Rr327
RNaseP,test,RNaseP_Rr368
RNaseP,test,RNaseP_S.acidocaldarius
RNaseP,test,RNaseP_S.aureus
RNaseP,test,RNaseP_S.aureus-2
RNaseP,test,RNaseP_S.azurea-K161T
RNaseP,test,RNaseP_S.bayanus
RNaseP,test,RNaseP_S.bikiniensis
RNaseP,test,RNaseP_S.bovis
RNaseP,test,RNaseP_S.caesia-K163
RNaseP,test,RNaseP_S.caesia-K182
RNaseP,test,RNaseP_S.caesia-K200
RNaseP,test,RNaseP_S.caesia-K76T
RNaseP,test,RNaseP_S.caesia-SB01
RNaseP,test,RNaseP_S.caesia-SB22
RNaseP,test,RNaseP_S.carlsbergensis
RNaseP,test,RNaseP_S.castellii
RNaseP,test,RNaseP_S.cerevisiae
RNaseP,test,RNaseP_S.cyanea-K168T
RNaseP,test,RNaseP_S.dairensis
RNaseP,test,RNaseP_S.diastaticus
RNaseP,test,RNaseP_S.epidermidis
RNaseP,test,RNaseP_S.equi
RNaseP,test,RNaseP_S.equi-g
RNaseP,test,RNaseP_S.faciem
RNaseP,test,RNaseP_S.fibuligera
RNaseP,test,RNaseP_S.glauca-K194
RNaseP,test,RNaseP_S.glauca-K195
RNaseP,test,RNaseP_S.glauca-K202
RNaseP,test,RNaseP_S.glauca-L169T
RNaseP,test,RNaseP_S.globosus
RNaseP,test,RNaseP_S.gordonii
RNaseP,test,RNaseP_S.japonicus
RNaseP,test,RNaseP_S.kluyveri
RNaseP,test,RNaseP_S.liquefaciens
RNaseP,test,RNaseP_S.lividans
RNaseP,test,RNaseP_S.malidevorans
RNaseP,test,RNaseP_S.marcescens
RNaseP,test,RNaseP_S.mutans
RNaseP,test,RNaseP_S.negevensis
RNaseP,test,RNaseP_S.octosporus
RNaseP,test,RNaseP_S.pastorianus
RNaseP,test,RNaseP_S.pneumoniae
RNaseP,test,RNaseP_S.polymorpha
RNaseP,test,RNaseP_S.pombe
RNaseP,test,RNaseP_S.putrefaciens
RNaseP,test,RNaseP_S.pyogenes
RNaseP,test,RNaseP_S.servazzii
RNaseP,test,RNaseP_S.shibatae
RNaseP,test,RNaseP_S.solfataricus
RNaseP,test,RNaseP_S.solfataricus-P2
RNaseP,test,RNaseP_S.typhi
RNaseP,test,RNaseP_S.typhimurium
RNaseP,test,RNaseP_S.unisporus
RNaseP,test,RNaseP_S.uvarum
RNaseP,test,RNaseP_S.versatilis
RNaseP,test,RNaseP_S.viridis-K185
RNaseP,test,RNaseP_S.viridis-K191
RNaseP,test,RNaseP_S.viridis-K197
RNaseP,test,RNaseP_S.viridis-K73T
RNaseP,test,RNaseP_SL1-1
RNaseP,test,RNaseP_SL2D
RNaseP,test,RNaseP_SLC
RNaseP,test,RNaseP_SM-A01
RNaseP,test,RNaseP_SM-A02
RNaseP,test,RNaseP_SM-A03
RNaseP,test,RNaseP_SM-A04
RNaseP,test,RNaseP_SM-A05
RNaseP,test,RNaseP_SM-A06
RNaseP,test,RNaseP_SM-A07
RNaseP,test,RNaseP_SM-A0911
RNaseP,test,RNaseP_SM-A1012
RNaseP,test,RNaseP_SM-A1113
RNaseP,test,RNaseP_SM-A1214
RNaseP,test,RNaseP_SM-A1315
RNaseP,test,RNaseP_SM-A1417
RNaseP,test,RNaseP_SM-A1519
RNaseP,test,RNaseP_SM-A1621
RNaseP,test,RNaseP_SM-A1726
RNaseP,test,RNaseP_SM-A1831
RNaseP,test,RNaseP_SM-A1932
RNaseP,test,RNaseP_SM-A2033
RNaseP,test,RNaseP_SM-A2135
RNaseP,test,RNaseP_SM-A2237
RNaseP,test,RNaseP_SM-A2539
RNaseP,test,RNaseP_SM-A2642
RNaseP,test,RNaseP_SM-A2743
RNaseP,test,RNaseP_SM-A2946
RNaseP,test,RNaseP_SM-A3048
RNaseP,test,RNaseP_SM-A3153
RNaseP,test,RNaseP_SM-A3254
RNaseP,test,RNaseP_SM-A3355
RNaseP,test,RNaseP_SM-A3761
RNaseP,test,RNaseP_SM-A3862
RNaseP,test,RNaseP_SM-A4065
RNaseP,test,RNaseP_SM-A4674
RNaseP,test,RNaseP_SM-A4775
RNaseP,test,RNaseP_SM-A4876
RNaseP,test,RNaseP_SM-A4977
RNaseP,test,RNaseP_SM-A5179
RNaseP,test,RNaseP_SM-A5382
RNaseP,test,RNaseP_SM-A5584
RNaseP,test,RNaseP_SM-A5888
RNaseP,test,RNaseP_SM-A6090
RNaseP,test,RNaseP_SM-A6296
RNaseP,test,RNaseP_SM1
RNaseP,test,RNaseP_SM2
RNaseP,test,RNaseP_SMB-A3
RNaseP,test,RNaseP_SMB-A5
RNaseP,test,RNaseP_SMB-B1
RNaseP,test,RNaseP_SMB-B2
RNaseP,test,RNaseP_SMB-B3
RNaseP,test,RNaseP_SMB-B4
RNaseP,test,RNaseP_Saccharomonospora-K180
RNaseP,test,RNaseP_Synechococcus-MINOS1
RNaseP,test,RNaseP_Synechococcus-PCC6717
RNaseP,test,RNaseP_Synechococcus-PCC7001
RNaseP,test,RNaseP_Synechococcus-PCC7003
RNaseP,test,RNaseP_Synechococcus-PCC7942
RNaseP,test,RNaseP_Synechocystis-PCC6308
RNaseP,test,RNaseP_Synechocystis-PCC6803
RNaseP,test,RNaseP_T.acidophilum
RNaseP,test,RNaseP_T.album
RNaseP,test,RNaseP_T.aquaticus
RNaseP,test,RNaseP_T.celerAL1
RNaseP,test,RNaseP_T.celerAL1-2
RNaseP,test,RNaseP_T.commune
RNaseP,test,RNaseP_T.delbrueckii
RNaseP,test,RNaseP_T.littoralis
RNaseP,test,RNaseP_T.luteus
RNaseP,test,RNaseP_T.maritima
RNaseP,test,RNaseP_T.maritima-g
RNaseP,test,RNaseP_T.neapolitana
RNaseP,test,RNaseP_T.pallidum
RNaseP,test,RNaseP_T.roseum
RNaseP,test,RNaseP_T.syrichta
RNaseP,test,RNaseP_T.thermophilus
RNaseP,test,RNaseP_T.thioparus
RNaseP,test,RNaseP_T.tumescens
RNaseP,test,RNaseP_T.volcanum
RNaseP,test,RNaseP_TP1
RNaseP,test,RNaseP_U.stanburiana
RNaseP,test,RNaseP_U.stansburiana
RNaseP,test,RNaseP_U.urealyticum
RNaseP,test,RNaseP_UK2
RNaseP,test,RNaseP_UK5
RNaseP,test,RNaseP_V.cholera
RNaseP,test,RNaseP_V.spinosum
RNaseP,test,RNaseP_VSDW
RNaseP,test,RNaseP_W.fluorescens
RNaseP,test,RNaseP_WA1
RNaseP,test,RNaseP_WB3
RNaseP,test,RNaseP_WC1
RNaseP,test,RNaseP_Wolbachia-sp
RNaseP,test,RNaseP_X.fastidiosa
RNaseP,test,RNaseP_Y.pestis
RNaseP,test,RNaseP_Z.bailii
RNaseP,test,RNaseP_Z.florentinus
RNaseP,test,RNaseP_Z.rouxii
RNaseP,test,RNaseP_purpleX
RNaseP,test,RNaseP_vHge2
RNaseP,test,RNaseP_vHge3-5
RNaseP,train,16s_A.fulgidus_domain2
RNaseP,train,16s_A.fulgidus_domain3
RNaseP,train,16s_A.fulgidus_domain4
RNaseP,train,16s_A.pyrophilus_domain2
RNaseP,train,16s_A.pyrophilus_domain4
RNaseP,train,16s_B.burgdorferi_domain2
RNaseP,train,16s_B.burgdorferi_domain3
RNaseP,train,16s_B.subtilis_domain2
RNaseP,train,16s_B.subtilis_domain3
RNaseP,train,16s_C.elegans_domain1
RNaseP,train,16s_C.elegans_domain2
RNaseP,train,16s_C.elegans_domain3
RNaseP,train,16s_C.psittaci_domain2
RNaseP,train,16s_C.psittaci_domain3
RNaseP,train,16s_C.psittaci_domain4
RNaseP,train,16s_C.reinhardtii.chloro_domain2
RNaseP,train,16s_C.reinhardtii.chloro_domain4
RNaseP,train,16s_C.reinhardtii.mito_domain3
RNaseP,train,16s_C.reinhardtii.mito_domain4
RNaseP,train,16s_D.melanogaster_domain4
RNaseP,train,16s_E.coli_domain2
RNaseP,train,16s_E.coli_domain3
RNaseP,train,16s_E.coli_domain4
RNaseP,train,16s_F.ananassa_domain3
RNaseP,train,16s_F.ananassa_domain4
RNaseP,train,16s_G.intestinalis_domain1
RNaseP,train,16s_G.intestinalis_domain2
RNaseP,train,16s_G.intestinalis_domain3
RNaseP,train,16s_G.intestinalis_domain4
RNaseP,train,16s_H.sapiens.mito_domain1
RNaseP,train,16s_H.sapiens.mito_domain2
RNaseP,train,16s_H.sapiens.mito_domain4
RNaseP,train,16s_H.sapiens_domain3
RNaseP,train,16s_H.sapiens_domain4
RNaseP,train,16s_H.volcanii_domain2
RNaseP,train,16s_H.volcanii_domain3
RNaseP,train,16s_H.volcanii_domain4
RNaseP,train,16s_M.polymorpha_domain2
RNaseP,train,16s_M.polymorpha_domain3
RNaseP,train,16s_M.polymorpha_domain4
RNaseP,train,16s_P.occultum_domain2
RNaseP,train,16s_P.occultum_domain3
RNaseP,train,16s_P.staleyi_domain2
RNaseP,train,16s_P.staleyi_domain3
RNaseP,train,16s_P.staleyi_domain4
RNaseP,train,16s_S.cerevisiae_domain4
RNaseP,train,16s_T.gondii_domain4
RNaseP,train,16s_T.maritima_domain2
RNaseP,train,16s_T.maritima_domain4
RNaseP,train,16s_Z.mays_domain1
RNaseP,train,16s_Z.mays_domain2
RNaseP,train,16s_Z.mays_domain3
RNaseP,train,16s_Z.mays_domain4
RNaseP,train,23s_B.subtilis_domain4
RNaseP,train,23s_E.coli_domain3
RNaseP,train,23s_E.coli_domain4
RNaseP,train,23s_E.coli_domain6
RNaseP,train,23s_H.pylori_domain3
RNaseP,train,23s_H.pylori_domain4
RNaseP,train,23s_H.pylori_domain6
RNaseP,train,23s_S.aureus_domain3
RNaseP,train,23s_S.aureus_domain4
RNaseP,train,23s_S.aureus_domain6
RNaseP,train,23s_T.thermophilus_domain3
RNaseP,train,23s_T.thermophilus_domain4
RNaseP,train,5s_Acholeplasma-laidlawii-2
RNaseP,train,5s_Achromobacter-xylosoxidans-1
RNaseP,train,5s_Acidiphilium-acidophilum-1
RNaseP,train,5s_Acinetobacter-sp.-1
RNaseP,train,5s_Acremonium-chrysogenum-1
RNaseP,train,5s_Agaricus-edulis-1
RNaseP,train,5s_Akkesiphycus-lubricum-1
RNaseP,train,5s_Amycolatopsis-lactamdurans-1
RNaseP,train,5s_Ancylobacter-aquaticus-1
RNaseP,train,5s_Andrias-japonicus-1
RNaseP,train,5s_Antheraea-pernyi-1
RNaseP,train,5s_Aquifex-aeolicus-1
RNaseP,train,5s_Archaeoglobus-fulgidus-1
RNaseP,train,5s_Artemia-sp.-4
RNaseP,train,5s_Arthrobacter-polychromogenes-1
RNaseP,train,5s_Asellus-aquaticus-2
RNaseP,train,5s_Bacillus-anthracis-6
RNaseP,train,5s_Bacillus-clausii-1
RNaseP,train,5s_Bacillus-firmus-1
RNaseP,train,5s_Bacillus-halodurans-4
RNaseP,train,5s_Bacteroides-fragilis-3
RNaseP,train,5s_Bacteroides-fragilis-4
RNaseP,train,5s_Bacteroides-fragilis-6
RNaseP,train,5s_Bartonella-henselae-1
RNaseP,train,5s_Bifidobacterium-longum-1
RNaseP,train,5s_Blakeslea-trispora-1
RNaseP,train,5s_Blastocladiella-simplex-1
RNaseP,train,5s_Blepharisma-japonicum-1
RNaseP,train,5s_Bombyx-mori-1
RNaseP,train,5s_Bombyx-mori-2
RNaseP,train,5s_Brachionus-plicatilis-1
RNaseP,train,5s_Brevibacterium-helvolum-1
RNaseP,train,5s_C_paradoxE
RNaseP,train,5s_Caenorhabditis-elegans-3
RNaseP,train,5s_Campylobacter-jejuni-3
RNaseP,train,5s_Cancer-pagurus-1
RNaseP,train,5s_Candidatus-Tremblaya-princeps-1
RNaseP,train,5s_Caulobacter-sp.-5
RNaseP,train,5s_Caulobacter-sp.-6
RNaseP,train,5s_Cellulomonas-biazotea-1
RNaseP,train,5s_Chlamydophila-abortus-1
RNaseP,train,5s_Clostridium-acetobutylicum-5
RNaseP,train,5s_Coprinopsis-cinerea-1
RNaseP,train,5s_Corynebacterium-glutamicum-1
RNaseP,train,5s_Corynebacterium-glutamicum-2
RNaseP,train,5s_Cryptomonas-paramecium-1
RNaseP,train,5s_Cyclidiopsis-acus-1
RNaseP,train,5s_Cystobacter-fuscus-1
RNaseP,train,5s_Delftia-acidovorans-1
RNaseP,train,5s_Dirofilaria-immitis-1
RNaseP,train,5s_Drosophila-teissieri-1
RNaseP,train,5s_Dugesia-japonica-2
RNaseP,train,5s_Eimeria-tenella-1
RNaseP,train,5s_Emericella-nidulans-7
RNaseP,train,5s_Escherichia-coli-11
RNaseP,train,5s_Escherichia-coli-14
RNaseP,train,5s_Escherichia-coli-3
RNaseP,train,5s_Exidia-glandulosa-1
RNaseP,train,5s_Filobasidiella-depauperata-1
RNaseP,train,5s_Filobasidium-capsuligenum-1
RNaseP,train,5s_Fusarium-asiaticum-7
RNaseP,train,5s_Fusarium-lunulosporum-5
RNaseP,train,5s_Fusarium-pseudograminearum-1
RNaseP,train,5s_Fusarium-pseudograminearum-6
RNaseP,train,5s_Fusarium-sporotrichioides-1
RNaseP,train,5s_Fusobacterium-nucleatum-2
RNaseP,train,5s_Gallus-gallus-1
RNaseP,train,5s_Gelidium-amansii-1
RNaseP,train,5s_Gelidium-amansii-2
RNaseP,train,5s_Geobacillus-stearothermophilus-2
RNaseP,train,5s_Ginkgo-biloba-1
RNaseP,train,5s_Haloarcula-marismortui-2
RNaseP,train,5s_Halococcus-morrhuae-2
RNaseP,train,5s_Haloferax-volcanii-2
RNaseP,train,5s_Halorubrum-distributum-4
RNaseP,train,5s_Helicobacter-pylori-3
RNaseP,train,5s_Hyphomicrobium-sp.-3
RNaseP,train,5s_Hyphomicrobium-sp.-5
RNaseP,train,5s_Idiomarina-loihiensis-1
RNaseP,train,5s_Juniperus-media-1
RNaseP,train,5s_Kondoa-malvinella-1
RNaseP,train,5s_Kutzneria-viridogrisea-1
RNaseP,train,5s_Locusta-migratoria-1
RNaseP,train,5s_Microbacterium-testaceum-1
RNaseP,train,5s_Microtetraspora-glauca-1
RNaseP,train,5s_Mycobacterium-tuberculosis-3
RNaseP,train,5s_Mycoplasma-gallisepticum-1
RNaseP,train,5s_Mycoplasma-pneumoniae-1
RNaseP,train,5s_Myxococcus-coralloides-1
RNaseP,train,5s_Neurospora-crassa-12
RNaseP,train,5s_Neurospora-crassa-15
RNaseP,train,5s_Neurospora-crassa-2
RNaseP,train,5s_Nitrobacter-winogradskyi-1
RNaseP,train,5s_Notophthalmus-viridescens-1
RNaseP,train,5s_Oerskovia-turbata-1
RNaseP,train,5s_Paenibacillus-popilliae-1
RNaseP,train,5s_Parachlamydia-sp.-1
RNaseP,train,5s_Paramecium-tetraurelia-1
RNaseP,train,5s_Photobacterium-profundum-3
RNaseP,train,5s_Pichia-jadinii-2
RNaseP,train,5s_Pinus-contorta-1
RNaseP,train,5s_Pirellula-sp.-2
RNaseP,train,5s_Plasmodium-falciparum-1
RNaseP,train,5s_Pneumocystis-carinii-1
RNaseP,train,5s_Prasinocladus-sp.-1
RNaseP,train,5s_Propionibacterium-acnes-1
RNaseP,train,5s_Pseudomonas-aeruginosa-1
RNaseP,train,5s_Pseudomonas-aeruginosa-2
RNaseP,train,5s_Pseudomonas-stutzeri-2
RNaseP,train,5s_Puccinia-suaveolens-1
RNaseP,train,5s_Pyrococcus-horikoshii-1
RNaseP,train,5s_Pythium-torulosum-1
RNaseP,train,5s_Ralstonia-solanacearum-1
RNaseP,train,5s_Ralstonia-solanacearum-2
RNaseP,train,5s_Rhodobacter-sphaeroides-2
RNaseP,train,5s_Rhodococcus-erythropolis-2
RNaseP,train,5s_Rhodopseudomonas-palustris-2
RNaseP,train,5s_Roseococcus-thiosulfatophilus-1
RNaseP,train,5s_Roseococcus-thiosulfatophilus-2
RNaseP,train,5s_Rumex-acetosa-1
RNaseP,train,5s_Sabellastarte-japonica-1
RNaseP,train,5s_Saccharothrix-mutabilis-1
RNaseP,train,5s_Salmonella-typhi-1
RNaseP,train,5s_Saprolegnia-ferax-1
RNaseP,train,5s_Schizosaccharomyces-pombe-1
RNaseP,train,5s_Shewanella-oneidensis-1
RNaseP,train,5s_Spirobolus-sp-1
RNaseP,train,5s_Sporolactobacillus-nakayamae-1
RNaseP,train,5s_Streptococcus-mutans-2
RNaseP,train,5s_Streptococcus-pyogenes-2
RNaseP,train,5s_Streptococcus-salivarius-1
RNaseP,train,5s_Streptomyces-avermitilis-4
RNaseP,train,5s_Streptomyces-coelicolor-1
RNaseP,train,5s_Streptomyces-lividans-1
RNaseP,train,5s_Streptomyces-rimosus-2
RNaseP,train,5s_Streptomyces-violaceus-1
RNaseP,train,5s_T_cruziE
RNaseP,train,5s_Taxus-baccata-1
RNaseP,train,5s_Thermoactinomyces-vulgaris-1
RNaseP,train,5s_Thermomyces-lanuginosus-1
RNaseP,train,5s_Thermotoga-sp.-1
RNaseP,train,5s_Thermus-sp.-2
RNaseP,train,5s_Thermus-thermophilus-2
RNaseP,train,5s_Thiomonas-cuprina-1
RNaseP,train,5s_Thiothrix-nivea-1
RNaseP,train,5s_Thraustochytrium-visurgense-2
RNaseP,train,5s_Tremella-mesenterica-2
RNaseP,train,5s_Trimorphomyces-papilionaceus-1
RNaseP,train,5s_Ustilago-maydis-1
RNaseP,train,5s_Ustilentyloma-fluitans-1
RNaseP,train,5s_Vibrio-cyclosites-1
RNaseP,train,5s_Vibrio-fluvialis-1
RNaseP,train,5s_Vibrio-harveyi-1
RNaseP,train,5s_Vibrio-nereis-1
RNaseP,train,5s_Vibrio-parahaemolyticus-3
RNaseP,train,5s_Vibrio-vulnificus-4
RNaseP,train,5s_Vitreoscilla-stercoraria-1
RNaseP,train,5s_Xanthobacter-viscosus-1
RNaseP,train,5s_Yersinia-pestis-1
RNaseP,train,5s_uncultured-euryarchaeote-37F11-1
RNaseP,train,grp1_a.I1.b.Dermocarpa.sp.ATCC29371.C3.tMET
RNaseP,train,grp1_a.I1.b.Phormidium.sp.N182.C3.tLEU
RNaseP,train,grp1_a.I1.b.S.hofmanii.C3.tMET
RNaseP,train,grp1_a.I1.c.A.cherimola.C3.tLEU
RNaseP,train,grp1_a.I1.c.G.prostrata.C3.tLEU
RNaseP,train,grp1_a.I1.c.S.bicolor.C3.tLEU
RNaseP,train,grp1_a.I1.e.A.adeninivorans.C1.LSU.2449
RNaseP,train,grp1_a.I1.e.A.capsulatus.CBS213.53.C1.SSU.943
RNaseP,train,grp1_a.I1.e.A.capsulatus.FLs1.C1.SSU
RNaseP,train,grp1_a.I1.e.A.capsulatus.G184B.C1.SSU
RNaseP,train,grp1_a.I1.e.A.capsulatus.G186B.C1.SSU
RNaseP,train,grp1_a.I1.e.A.stipitatus.C1.SSU.1046
RNaseP,train,grp1_a.I1.e.B.ciliata.JCM6865.C1.SSU.943
RNaseP,train,grp1_a.I1.e.B.yamatoana.JCM2896.C1.SSU.1506
RNaseP,train,grp1_a.I1.e.B.yamatoana.JCM2896.C1.SSU.943
RNaseP,train,grp1_a.I1.e.C.ellipsoidea.IAMC-87.C1.SSU.1506
RNaseP,train,grp1_a.I1.e.C.grayi.UNK.SSU.1046
RNaseP,train,grp1_a.I1.e.C.merochlorophea.UNK.SSU.1046
RNaseP,train,grp1_a.I1.e.C.merochlorophea.UNK.SSU.1210
RNaseP,train,grp1_a.I1.e.C.merochlorophea.UNK.SSU.1389
RNaseP,train,grp1_a.I1.e.C.saccatum.C1.SSU.1512
RNaseP,train,grp1_a.I1.e.C.saxonicum.C1.SSU.1506
RNaseP,train,grp1_a.I1.e.D.parva.C1.SSU.1512
RNaseP,train,grp1_a.I1.e.D.parva.C1.SSU.943
RNaseP,train,grp1_a.I1.e.D.salina.C1.SSU.943
RNaseP,train,grp1_a.I1.e.E.dermatitidis.C1.SSU.943
RNaseP,train,grp1_a.I1.e.G.planctonica.C1.SSU.943
RNaseP,train,grp1_a.I1.e.L.dispersa.UNK.SSU.1046
RNaseP,train,grp1_a.I1.e.L.dispersa.UNK.SSU.1516
RNaseP,train,grp1_a.I1.e.L.dispersa.UNK.SSU.516
RNaseP,train,grp1_a.I1.e.L.dispersa.UNK.SSU.789
RNaseP,train,grp1_a.I1.e.P.carinii.C1.SSU.1506
RNaseP,train,grp1_a.I1.e.P.carinii.Pc1.C1.LSU.1921
RNaseP,train,grp1_a.I1.e.P.carinii.Pc2.C1.LSU.1921
RNaseP,train,grp1_a.I1.e.P.carinii.Pc3.C1.LSU.1921
RNaseP,train,grp1_a.I1.e.P.clavariiformis.C1.SSU.943
RNaseP,train,grp1_a.I1.e.P.inouyei.C1.SSU.1506
RNaseP,train,grp1_a.I1.e.P.macrosporus.C1.SSU.1506
RNaseP,train,grp1_a.I1.e.P.macrosporus.C1.SSU.943
RNaseP,train,grp1_a.I1.e.P.pachydermus.C1.SSU.943
RNaseP,train,grp1_a.I1.e.P.sarcinoidea.C1.SSU.943
RNaseP,train,grp1_a.I1.e.S.granulatum.C1.SSU.1506
RNaseP,train,grp1_a.I1.e.S.paniceum.UNK.SSU.114
RNaseP,train,grp1_a.I1.e.S.paniceum.UNK.SSU.1210
RNaseP,train,grp1_a.I1.e.S.paniceum.UNK.SSU.1506
RNaseP,train,grp1_a.I1.e.S.paniceum.UNK.SSU.287
RNaseP,train,grp1_a.I1.e.S.sclerotiorum_1837.C1.LSU.798
RNaseP,train,grp1_a.I1.e.Staurastrum.sp.M752.C1.SSU.1506
RNaseP,train,grp1_a.I1.e.T.cosmopolitanis.C1.LSU.1925
RNaseP,train,grp1_a.I1.e.T.hyperangularis.C1.LSU.1925
RNaseP,train,grp1_a.I1.e.T.malaccensis.C1.LSU.1925
RNaseP,train,grp1_a.I1.m.M.grisea.B2.ND1
RNaseP,train,grp1_a.I1.m.S.luteus.A1.LSU.2504
RNaseP,train,grp1_a.I1.m.S.pombe.B1.OX1
RNaseP,train,grp1_b.I1.e.C.saccharophila.C1.SSU.156
RNaseP,train,grp1_b.I1.e.M.anisopliae.2.C1.LSU.1921
RNaseP,train,grp1_b.I1.e.M.anisopliae.3.C1.LSU.1921
RNaseP,train,grp1_b.I1.e.T.thermophila.C1.LSU.1925
RNaseP,train,grp1_s.I1.e.T.thermophila.C1.LSU.1925.schem
RNaseP,train,srp_Acin.spec._CR543861
RNaseP,train,srp_Aede.aegy._DW714815
RNaseP,train,srp_Anae.sp.._CP000769
RNaseP,train,srp_Anto.locu._GSP-278021
RNaseP,train,srp_Arab.thal._AC005275
RNaseP,train,srp_Arab.thal._X72228
RNaseP,train,srp_Ashb.goss._AE016819
RNaseP,train,srp_Aspe.flav._GSP-332952
RNaseP,train,srp_Aspe.terr._GSP-341663
RNaseP,train,srp_Baci.alca._D11422
RNaseP,train,srp_Baci.cere._CP000001
RNaseP,train,srp_Baci.poly._D11421
RNaseP,train,srp_Baci.subt._X06802
RNaseP,train,srp_Baci.subt._X12642
RNaseP,train,srp_Baci.thur._CP000485
RNaseP,train,srp_Bdel.bact._BX842656
RNaseP,train,srp_Bloc.flor._BX248585
RNaseP,train,srp_Borr.burg._AE000783
RNaseP,train,srp_Bos.taur._GSP-6282
RNaseP,train,srp_Brad.japo._BA000040
RNaseP,train,srp_Bras.napu._EE412262
RNaseP,train,srp_Bruc.meli._AM040264
RNaseP,train,srp_Bruc.ovis._CP000708
RNaseP,train,srp_Burk.mall._CP000546
RNaseP,train,srp_Burk.pseu._CP000124
RNaseP,train,srp_Burk.pseu._CP000572
RNaseP,train,srp_Camp.jeju._CP000025
RNaseP,train,srp_Cand.Bloc._CP000016
RNaseP,train,srp_Carb.hydr._CP000141
RNaseP,train,srp_Caul.cres._AE005700
RNaseP,train,srp_Chla.cavi._AE016995
RNaseP,train,srp_Chla.muri._AE002160
RNaseP,train,srp_Chla.pneu._AE001363
RNaseP,train,srp_Chla.trac._AE001298
RNaseP,train,srp_Chlo.vulg._AB001684
RNaseP,train,srp_Cion.savi._BW551179
RNaseP,train,srp_Citr.sine._CN181543
RNaseP,train,srp_Clos.acet._AE001437
RNaseP,train,srp_Clos.beij._CP000721
RNaseP,train,srp_Clos.botu._AM412317
RNaseP,train,srp_Clos.kluy._CP000673
RNaseP,train,srp_Clos.perf._CP000246
RNaseP,train,srp_Cocc.posa._GSP-222929
RNaseP,train,srp_Cory.diph._BX248354
RNaseP,train,srp_Cory.jeik._CR931997
RNaseP,train,srp_Cryp.homi._GSP-353151
RNaseP,train,srp_Cypr.carp._CF662133
RNaseP,train,srp_Desu.vulg._CP000527
RNaseP,train,srp_Dros.mela._AE014297
RNaseP,train,srp_Dros.mela._X00952
RNaseP,train,srp_Ence.cuni._AL590449
RNaseP,train,srp_Ente.faec._AE016953
RNaseP,train,srp_Ento.sulc._AF095839
RNaseP,train,srp_Esch.coli._AE016756
RNaseP,train,srp_Esch.coli._CP000243
RNaseP,train,srp_Esch.coli._U00096
RNaseP,train,srp_Esch.coli._X01074
RNaseP,train,srp_Fran.tula._AM286280
RNaseP,train,srp_Fran.tula._CP000437
RNaseP,train,srp_Fran.tula._CP000439
RNaseP,train,srp_Gibb.zeae._GSP-229533
RNaseP,train,srp_Haem.infl._CP000672
RNaseP,train,srp_Hahe.chej._CP000155
RNaseP,train,srp_Halo.mari._AY596297
RNaseP,train,srp_Halo.volc._AF395888
RNaseP,train,srp_Heli.annu._AJ828095
RNaseP,train,srp_Heli.pylo._AE001439
RNaseP,train,srp_Heli.pylo._CP000241
RNaseP,train,srp_Homo.sapi._AB061847
RNaseP,train,srp_Homo.sapi._BF875598
RNaseP,train,srp_Homo.sapi._BF909438
RNaseP,train,srp_Homo.sapi._BF909560
RNaseP,train,srp_Homo.sapi._BF909563
RNaseP,train,srp_Homo.sapi._NR_002715
RNaseP,train,srp_Humu.lupu._AJ236703
RNaseP,train,srp_Humu.lupu._X65983
RNaseP,train,srp_Hype.buty._CP000493
RNaseP,train,srp_Kine.radi._CP000750
RNaseP,train,srp_Kleb.pneu._CP000647
RNaseP,train,srp_Kluy.lact._CR382126
RNaseP,train,srp_Lact.case._CP000423
RNaseP,train,srp_Lact.delb._CR954253
RNaseP,train,srp_Legi.pneu._CR628337
RNaseP,train,srp_Leis.braz._AY722724
RNaseP,train,srp_Leis.dono._AY722734
RNaseP,train,srp_Leis.infa._AM502223
RNaseP,train,srp_Leis.infa._SDB-5671
RNaseP,train,srp_Leis.majo._AY722715
RNaseP,train,srp_Leis.majo._SDB-347515
RNaseP,train,srp_List.wels._AM263198
RNaseP,train,srp_Lyco.escu._Z29099
RNaseP,train,srp_Mann.succ._AE016827
RNaseP,train,srp_Mari.aqua._CP000514
RNaseP,train,srp_Medi.trun._AC136507
RNaseP,train,srp_Medi.trun._BE941271
RNaseP,train,srp_Medi.trun._CX540689
RNaseP,train,srp_Meth.acet._AE010299
RNaseP,train,srp_Meth.jann._L77117
RNaseP,train,srp_Meth.mari._CP000745
RNaseP,train,srp_Meth.maze._AE008384
RNaseP,train,srp_Mono.brev._GSP-81824
RNaseP,train,srp_Myco.lepr._AL023596
RNaseP,train,srp_Myco.syno._AE017245
RNaseP,train,srp_Nitr.euro._AL954747
RNaseP,train,srp_Nitr.euro._BX321857
RNaseP,train,srp_Onch.volv._AI249203
RNaseP,train,srp_Orni.anat._GSP-9258
RNaseP,train,srp_Phyt.ramo._GSP-164328
RNaseP,train,srp_Plas.gall._GSP-5849
RNaseP,train,srp_Popu.bals._GSP-73824
RNaseP,train,srp_Proc.mari._BX572093
RNaseP,train,srp_Proc.mari._CP000551
RNaseP,train,srp_Proc.mari._CP000576
RNaseP,train,srp_Proc.spec._AJ011025
RNaseP,train,srp_Pseu.syri._CP000075
RNaseP,train,srp_Psyc.arct._CP000082
RNaseP,train,srp_Psyc.sp.._CP000713
RNaseP,train,srp_Pyro.hori._BA000001
RNaseP,train,srp_Rick.typh._AE017197
RNaseP,train,srp_Sacc.para._BN000251
RNaseP,train,srp_Salm.ente._AE017220
RNaseP,train,srp_Schm.medi._GSP-79327
RNaseP,train,srp_Shew.balt._CP000563
RNaseP,train,srp_Shig.flex._AE005674
RNaseP,train,srp_Shig.flex._AE016979
RNaseP,train,srp_Shig.flex._CP000266
RNaseP,train,srp_Sili.spec._CP000377
RNaseP,train,srp_Stap.aure._BX571857
RNaseP,train,srp_Stap.aure._CP000703
RNaseP,train,srp_Stap.epid._AF269814
RNaseP,train,srp_Stre.agal._AL766845
RNaseP,train,srp_Stre.muta._AE014133
RNaseP,train,srp_Stre.pneu._AE007319
RNaseP,train,srp_Stre.pneu._CP000410
RNaseP,train,srp_Stre.pyog._AE009969
RNaseP,train,srp_Stre.pyog._AE014139
RNaseP,train,srp_Stre.pyog._CP000056
RNaseP,train,srp_Stre.pyog._CP000260
RNaseP,train,srp_Stre.pyog._CP000261
RNaseP,train,srp_Sulf.solf._Y08257
RNaseP,train,srp_Thal.pseu._EF067921
RNaseP,train,srp_Thal.pseu._GSP-296543
RNaseP,train,srp_Ther.acid._AL445063
RNaseP,train,srp_Ther.koda._AP006878
RNaseP,train,srp_Ther.mela._CP000716
RNaseP,train,srp_Toxo.gond._GSP-398031
RNaseP,train,srp_Tric.vagi._GSP-5722-2
RNaseP,train,srp_Trit.aest._BE424647
RNaseP,train,srp_Trit.aest._CD897082
RNaseP,train,srp_Trop.whip._AE014184
RNaseP,train,srp_Trop.whip._AE016852
RNaseP,train,srp_Tryp.bruc._AF047723
RNaseP,train,srp_Tryp.bruc._S56681
RNaseP,train,srp_Tryp.bruc._X57047
RNaseP,train,srp_Tryp.cong._SDB-5692
RNaseP,train,srp_Vibr.chol._CP000627
RNaseP,train,srp_Xant.oryz._AE013598
RNaseP,train,srp_Yers.pest._AE017129
RNaseP,train,srp_Yers.pest._AJ414155
RNaseP,train,srp_Yers.pseu._BX936398
RNaseP,train,tRNA_tdbR00000003-Haloferax_volcanii-2246-Ala-GGC
RNaseP,train,tRNA_tdbR00000011-Neurospora_crassa-5141-Ala-UGC
RNaseP,train,tRNA_tdbR00000013-Pichia_jadinii-4903-Ala-IGC
RNaseP,train,tRNA_tdbR00000017-Homo_sapiens-9606-Ala-IGC
RNaseP,train,tRNA_tdbR00000021-Saccharomyces_cerevisiae-4932-Cys-GCA
RNaseP,train,tRNA_tdbR00000024-Mycoplasma_capricolum-2095-Asp-GUC
RNaseP,train,tRNA_tdbR00000026-Escherichia_coli-562-Asp-QUC
RNaseP,train,tRNA_tdbR00000030-Aedes_albopictus-7160-Asp-GUC
RNaseP,train,tRNA_tdbR00000032-Rattus_norvegicus-10116-Asp-GUC
RNaseP,train,tRNA_tdbR00000036-Euglena_gracilis-3039-Asp-GUC
RNaseP,train,tRNA_tdbR00000042-Haloferax_volcanii-2246-Glu-MUC
RNaseP,train,tRNA_tdbR00000043-Haloferax_volcanii-2246-Glu-NUC
RNaseP,train,tRNA_tdbR00000059-Rattus_norvegicus-10116-Glu-3UC
RNaseP,train,tRNA_tdbR00000063-Haloferax_volcanii-2246-Phe-GAA
RNaseP,train,tRNA_tdbR00000067-Escherichia_coli-562-Phe-GAA
RNaseP,train,tRNA_tdbR00000072-Phaseolus_vulgaris-3885-Phe-GAA
RNaseP,train,tRNA_tdbR00000074-Tetrahymena_pyriformis-5908-Phe-GAA
RNaseP,train,tRNA_tdbR00000078-Ascaris_suum-6253-Phe-GAA
RNaseP,train,tRNA_tdbR00000090-Lupinus_luteus-3873-Phe-AA
RNaseP,train,tRNA_tdbR00000092-Oryctolagus_cuniculus-9986-Phe-AA
RNaseP,train,tRNA_tdbR00000093-Bombyx_mori-7091-Phe-AA
RNaseP,train,tRNA_tdbR00000108-Haloferax_volcanii-2246-Gly-GCC
RNaseP,train,tRNA_tdbR00000114-Staphylococcus_epidermidis-1282-Gly-UCC
RNaseP,train,tRNA_tdbR00000115-Staphylococcus_epidermidis-1282-Gly-UCC
RNaseP,train,tRNA_tdbR00000119-Escherichia_coli-562-Gly-NCC
RNaseP,train,tRNA_tdbR00000125-Bos_taurus-9913-Gly-UCC
RNaseP,train,tRNA_tdbR00000128-Halocynthia_roretzi-7729-Gly-GCU
RNaseP,train,tRNA_tdbR00000132-Lupinus_luteus-3873-Gly-GCC
RNaseP,train,tRNA_tdbR00000136-Homo_sapiens-9606-Gly-GCC
RNaseP,train,tRNA_tdbR00000139-Mycoplasma_capricolum-2095-His-GUK
RNaseP,train,tRNA_tdbR00000143-Asterias_amurensis-7602-His-QUG
RNaseP,train,tRNA_tdbR00000151-Haloferax_volcanii-2246-Ile-GAU
RNaseP,train,tRNA_tdbR00000155-Mycoplasma_mycoides-2102-Ile-GAU
RNaseP,train,tRNA_tdbR00000164-Saccharomyces_cerevisiae-4932-Ile-GAU
RNaseP,train,tRNA_tdbR00000170-Saccharomyces_cerevisiae-4932-Ile-IAU
RNaseP,train,tRNA_tdbR00000172-Lupinus_luteus-3873-Ile-IAU
RNaseP,train,tRNA_tdbR00000175-Haloferax_volcanii-2246-Lys-NUU
RNaseP,train,tRNA_tdbR00000176-Haloferax_volcanii-2246-Lys-MUU
RNaseP,train,tRNA_tdbR00000177-Mycoplasma_capricolum-2095-Lys-CUU
RNaseP,train,tRNA_tdbR00000184-Asterias_amurensis-7602-Lys-CUU
RNaseP,train,tRNA_tdbR00000192-Saccharomyces_cerevisiae-4932-Lys-CUU
RNaseP,train,tRNA_tdbR00000194-Triticum_aestivum-4565-Lys-CUU
RNaseP,train,tRNA_tdbR00000196-Rattus_norvegicus-10116-Lys-CUN
RNaseP,train,tRNA_tdbR00000197-Rattus_norvegicus-10116-Lys-3UU
RNaseP,train,tRNA_tdbR00000206-Loligo_bleekeri-6617-Lys-UUU
RNaseP,train,tRNA_tdbR00000208-Mus_musculus-10090-Lys-CUN
RNaseP,train,tRNA_tdbR00000209-Enterobacteria_phage_T4-10665-Leu-NAA
RNaseP,train,tRNA_tdbR00000211-Haloferax_volcanii-2246-Leu-CAA
RNaseP,train,tRNA_tdbR00000216-Mycoplasma_capricolum-2095-Leu-BAA
RNaseP,train,tRNA_tdbR00000218-Mycoplasma_capricolum-2095-Leu-UAG
RNaseP,train,tRNA_tdbR00000221-Escherichia_coli-562-Leu-CAG
RNaseP,train,tRNA_tdbR00000222-Escherichia_coli-562-Leu-GAG
RNaseP,train,tRNA_tdbR00000225-Synechococcus_elongatus_PCC_6301-269084-Leu-CAA
RNaseP,train,tRNA_tdbR00000228-Glycine_max-3847-Leu-BAA
RNaseP,train,tRNA_tdbR00000230-Glycine_max-3847-Leu-UA7
RNaseP,train,tRNA_tdbR00000233-Phaseolus_vulgaris-3885-Leu-UA7
RNaseP,train,tRNA_tdbR00000234-Spinacia_oleracea-3562-Leu-UA7
RNaseP,train,tRNA_tdbR00000236-Neurospora_crassa-5141-Leu-UAG
RNaseP,train,tRNA_tdbR00000237-Saccharomyces_cerevisiae-4932-Leu-AA
RNaseP,train,tRNA_tdbR00000243-Rattus_norvegicus-10116-Leu-UAG
RNaseP,train,tRNA_tdbR00000245-Rattus_norvegicus-10116-Leu-UAG
RNaseP,train,tRNA_tdbR00000252-Pichia_jadinii-4903-Leu-BAA
RNaseP,train,tRNA_tdbR00000254-Candida_cylindracea-44322-Leu-IAG
RNaseP,train,tRNA_tdbR00000273-Mycoplasma_capricolum-2095-Met-CAU
RNaseP,train,tRNA_tdbR00000277-Codium_fragile-3133-Met-CAU
RNaseP,train,tRNA_tdbR00000278-Scenedesmus_obliquus-3088-Met-CAU
RNaseP,train,tRNA_tdbR00000286-Lupinus_luteus-3873-Met-BAU
RNaseP,train,tRNA_tdbR00000291-Halobacterium_salinarum-2242-Asn-GUU
RNaseP,train,tRNA_tdbR00000300-Saccharomyces_cerevisiae-4932-Asn-GUU
RNaseP,train,tRNA_tdbR00000301-Lupinus_luteus-3873-Asn-UU
RNaseP,train,tRNA_tdbR00000309-Enterobacteria_phage_T4-10665-Pro-NGG
RNaseP,train,tRNA_tdbR00000316-Bacillus_subtilis-1423-Pro-5GG
RNaseP,train,tRNA_tdbR00000317-Salmonella_typhimurium-602-Pro-CGG
RNaseP,train,tRNA_tdbR00000328-Enterobacteria_phage_T5-10726-Gln-UUG
RNaseP,train,tRNA_tdbR00000333-Escherichia_coli-562-Gln-NUG
RNaseP,train,tRNA_tdbR00000336-Aedes_albopictus-7160-Gln-NUG
RNaseP,train,tRNA_tdbR00000337-Tetrahymena_thermophila-5911-Gln-CUA
RNaseP,train,tRNA_tdbR00000338-Tetrahymena_thermophila-5911-Gln-JUA
RNaseP,train,tRNA_tdbR00000342-Bos_taurus-9913-Gln-CUG
RNaseP,train,tRNA_tdbR00000343-Mus_musculus-10090-Gln-CUG
RNaseP,train,tRNA_tdbR00000347-Enterobacteria_phage_T4-10665-Arg-NCU
RNaseP,train,tRNA_tdbR00000351-Haloferax_volcanii-2246-Arg-NCG
RNaseP,train,tRNA_tdbR00000352-Mycoplasma_capricolum-2095-Arg-ICG
RNaseP,train,tRNA_tdbR00000355-Escherichia_coli-562-Arg-ICG
RNaseP,train,tRNA_tdbR00000360-Codium_fragile-3133-Arg-ICG
RNaseP,train,tRNA_tdbR00000363-Ascaris_suum-6253-Arg-PCU
RNaseP,train,tRNA_tdbR00000364-Ascaris_suum-6253-Arg-ACG
RNaseP,train,tRNA_tdbR00000368-Mesocricetus_auratus-10036-Arg-UCG
RNaseP,train,tRNA_tdbR00000375-Bos_taurus-9913-Arg-CCU
RNaseP,train,tRNA_tdbR00000376-Bos_taurus-9913-Arg-3CP
RNaseP,train,tRNA_tdbR00000377-Mus_musculus-10090-Arg-ICG
RNaseP,train,tRNA_tdbR00000383-Haloferax_volcanii-2246-Ser-GGA
RNaseP,train,tRNA_tdbR00000393-Escherichia_coli-562-Ser-GGA
RNaseP,train,tRNA_tdbR00000396-Saccharomyces_cerevisiae-4932-Ser-UGA
RNaseP,train,tRNA_tdbR00000397-Saccharomyces_cerevisiae-4932-Ser-UGA
RNaseP,train,tRNA_tdbR00000400-Loligo_bleekeri-6617-Ser-7CU
RNaseP,train,tRNA_tdbR00000403-Bos_taurus-9913-Ser-UGA
RNaseP,train,tRNA_tdbR00000406-Saccharomyces_cerevisiae-4932-Ser-NGA
RNaseP,train,tRNA_tdbR00000407-Saccharomyces_cerevisiae-4932-Ser-IGA
RNaseP,train,tRNA_tdbR00000413-Candida_cylindracea-44322-Ser-GCU
RNaseP,train,tRNA_tdbR00000415-Nicotiana_rustica-4093-Ser-GA
RNaseP,train,tRNA_tdbR00000430-Halobacterium_salinarum-2242-Thr-GGU
RNaseP,train,tRNA_tdbR00000431-Haloferax_volcanii-2246-Thr-CGU
RNaseP,train,tRNA_tdbR00000432-Haloferax_volcanii-2246-Thr-GGU
RNaseP,train,tRNA_tdbR00000439-Spinacia_oleracea-3562-Thr-GGU
RNaseP,train,tRNA_tdbR00000443-Saccharomyces_cerevisiae-4932-Thr-IGU
RNaseP,train,tRNA_tdbR00000446-Halobacterium_salinarum-2242-Val-CAC
RNaseP,train,tRNA_tdbR00000448-Halobacterium_salinarum-2242-Val-GAC
RNaseP,train,tRNA_tdbR00000451-Mycoplasma_capricolum-2095-Val-UAC
RNaseP,train,tRNA_tdbR00000453-Bacillus_subtilis-1423-Val-5AC
RNaseP,train,tRNA_tdbR00000455-Escherichia_coli-562-Val-GAC
RNaseP,train,tRNA_tdbR00000461-Rattus_norvegicus-10116-Val-UAC
RNaseP,train,tRNA_tdbR00000463-Bos_taurus-9913-Val-UAC
RNaseP,train,tRNA_tdbR00000467-Pichia_jadinii-4903-Val-IAC
RNaseP,train,tRNA_tdbR00000471-Oryctolagus_cuniculus-9986-Val-IAC
RNaseP,train,tRNA_tdbR00000472-Drosophila_melanogaster-7227-Val-IAC
RNaseP,train,tRNA_tdbR00000475-Mus_musculus-10090-Val-IAC
RNaseP,train,tRNA_tdbR00000477-Avian_myeloblastosis_virus-11866-Trp-BCA
RNaseP,train,tRNA_tdbR00000478-Haloferax_volcanii-2246-Trp-BCA
RNaseP,train,tRNA_tdbR00000480-Mycoplasma_capricolum-2095-Trp-CA
RNaseP,train,tRNA_tdbR00000482-Spiroplasma_citri-2133-Trp-CCA
RNaseP,train,tRNA_tdbR00000486-Phaseolus_vulgaris-3885-Trp-BCA
RNaseP,train,tRNA_tdbR00000488-Tetrahymena_thermophila-5911-Trp-CA
RNaseP,train,tRNA_tdbR00000492-Rattus_norvegicus-10116-Trp-NCA
RNaseP,train,tRNA_tdbR00000497-Bos_taurus-9913-Trp-BCA
RNaseP,train,tRNA_tdbR00000498-Gallus_gallus-9031-Trp-BCA
RNaseP,train,tRNA_tdbR00000499-Halobacterium_salinarum-2242-Ini-CAU
RNaseP,train,tRNA_tdbR00000500-Haloferax_volcanii-2246-Ini-CAU
RNaseP,train,tRNA_tdbR00000504-Mycoplasma_capricolum-2095-Ini-CAU
RNaseP,train,tRNA_tdbR00000506-Streptomyces_griseus-1911-Ini-CAU
RNaseP,train,tRNA_tdbR00000507-Bacillus_subtilis-1423-Ini-CAU
RNaseP,train,tRNA_tdbR00000510-Escherichia_coli-562-Ini-CAU
RNaseP,train,tRNA_tdbR00000512-Mycobacterium_smegmatis-1772-Ini-CAU
RNaseP,train,tRNA_tdbR00000514-Scenedesmus_obliquus-3088-Ini-CAU
RNaseP,train,tRNA_tdbR00000519-Phaseolus_vulgaris-3885-Ini-CAU
RNaseP,train,tRNA_tdbR00000523-Tetrahymena_thermophila-5911-Ini-CAU
RNaseP,train,tRNA_tdbR00000529-Triticum_aestivum-4565-Ini-CAU
RNaseP,train,tRNA_tdbR00000532-Oryctolagus_cuniculus-9986-Ini-CAU
RNaseP,train,tRNA_tdbR00000533-Drosophila_melanogaster-7227-Ini-CAU
RNaseP,train,tRNA_tdbR00000534-Euphausia_superba-6819-Ini-CAU
RNaseP,train,tRNA_tdbR00000535-Xenopus_laevis-8355-Ini-CAU
RNaseP,train,tRNA_tdbR00000539-Ovis_aries-9940-Ini-CAU
RNaseP,train,tRNA_tdbR00000546-Escherichia_coli-562-Tyr-QUA
RNaseP,train,tRNA_tdbR00000548-Scenedesmus_obliquus-3088-Tyr-GUA
RNaseP,train,tRNA_tdbR00000556-Schizosaccharomyces_pombe-4896-Tyr-GPA
RNaseP,train,tRNA_tdbR00000559-Triticum_aestivum-4565-Tyr-GPA
RNaseP,train,tRNA_tdbR00000560-Lupinus_luteus-3873-Tyr-GPA
RNaseP,train,tRNA_tdbR00000565-Bos_taurus-9913-Tyr-9PA
RNaseP,train,tRNA_tdbR00000572-Leishmania_tarentolae-5689-Lys-1UU
RNaseP,train,tRNA_tdbR00000578-Leishmania_tarentolae-5689-Glu-3UC
RNaseP,train,tRNA_tdbR00000581-Aeropyrum_pernix-56636-Lys-CUU
RNaseP,train,tRNA_tdbR00000584-Aeropyrum_pernix-56636-Pro-GGG
RNaseP,train,tRNA_tdbR00000587-Aeropyrum_pernix-56636-Met-CAU
RNaseP,train,tRNA_tdbR00000590-Ascaris_suum-6253-Glu-UC
RNaseP,train,tRNA_tdbR00000593-Ascaris_suum-6253-Trp-CA
RNaseP,train,tRNA_tdbR00000605-Lupinus_luteus-3873-Leu-CAG
RNaseP,train,tRNA_tdbR00000611-Sinorhizobium_meliloti-382-His-GUG
RNaseP,train,tRNA_tdbR00000613-Nanoarchaeum_equitans-160232-Glu-CUC
RNaseP,train,tRNA_tdbR00000617-Nanoarchaeum_equitans-160232-Gln-UUG
RNaseP,train,tRNA_tdbR00000618-Candida_albicans-5476-Leu-CAG
RNaseP,train,telomerase_AF147806.247-692
RNaseP,train,telomerase_AF221908.136-584
RNaseP,train,telomerase_AF221909.98-496
RNaseP,train,telomerase_AF221910.112-554
RNaseP,train,telomerase_AF221911.104-513
RNaseP,train,telomerase_AF221912.98-564
RNaseP,train,telomerase_AF221913.109-520
RNaseP,train,telomerase_AF221914.112-589
RNaseP,train,telomerase_AF221916.94-481
RNaseP,train,telomerase_AF221918.97-547
RNaseP,train,telomerase_AF221919.107-614
RNaseP,train,telomerase_AF221920.99-541
RNaseP,train,telomerase_AF221921.98-548
RNaseP,train,telomerase_AF221923.106-554
RNaseP,train,telomerase_AF221925.98-540
RNaseP,train,telomerase_AF221926.103-507
RNaseP,train,telomerase_AF221927.113-556
RNaseP,train,telomerase_AF221928.95-476
RNaseP,train,telomerase_AF221929.92-517
RNaseP,train,telomerase_AF221930.94-546
RNaseP,train,telomerase_AF221931.99-541
RNaseP,train,telomerase_AF221935.112-602
RNaseP,train,telomerase_AF221936.98-540
RNaseP,train,telomerase_AF221937.99-545
RNaseP,train,telomerase_AF221939.99-544
RNaseP,train,telomerase_AF221940.103-499
RNaseP,train,telomerase_AY058901.1-397
RNaseP,train,telomerase_U85256.1-451
RNaseP,train,tmRNA_Acin.spec._CR543861_1-360
RNaseP,train,tmRNA_Acti.acti._TRW-272556_1-366
RNaseP,train,tmRNA_Acti.naes._TRW-240017_1-371
RNaseP,train,tmRNA_Acti.succ._TRW-339671_1-367
RNaseP,train,tmRNA_Aero.hydr._AY442269_1-360
RNaseP,train,tmRNA_Aero.hydr._CP000462_1-360
RNaseP,train,tmRNA_Anab.vari._CP000117_1-390
RNaseP,train,tmRNA_Aqui.aeol._TRW-63363_1-347
RNaseP,train,tmRNA_Arth.spec._CP000454_1-369
RNaseP,train,tmRNA_Azoa.spec._TRW-62928_1-378
RNaseP,train,tmRNA_Baci.anth._AE016879_1-355
RNaseP,train,tmRNA_Baci.thur._AE017355_1-355
RNaseP,train,tmRNA_Bact.frag._CR626927_1-398
RNaseP,train,tmRNA_Bact.frag._TRW-817_1-398
RNaseP,train,tmRNA_Bdel.bact._BX842656_1-346
RNaseP,train,tmRNA_Bord.bron._TRW-257310_1-387
RNaseP,train,tmRNA_Bord.para._TRW-257311_1-387
RNaseP,train,tmRNA_Borr.burg._AE001118_1-359
RNaseP,train,tmRNA_Buch.aphi._AE013218_1-376
RNaseP,train,tmRNA_Burk.spec._CP000151_1-370
RNaseP,train,tmRNA_Camp.coli._TRW-306254_1-359
RNaseP,train,tmRNA_Camp.fetu._AY211269_1-361
RNaseP,train,tmRNA_Camp.lari._TRW-306263_1-359
RNaseP,train,tmRNA_Camp.upsa._TRW-306264_1-359
RNaseP,train,tmRNA_Carn.malt._AF275938_1-366
RNaseP,train,tmRNA_Chla.abor._CR848038_1-425
RNaseP,train,tmRNA_Chla.cavi._AE015925_1-425
RNaseP,train,tmRNA_Chla.muri._AE002296_1-418
RNaseP,train,tmRNA_Chla.pneu._TRW-83558_1-426
RNaseP,train,tmRNA_Chla.trac._TRW-272561_1-420
RNaseP,train,tmRNA_Chla.trac._TRW-813-1_1-420
RNaseP,train,tmRNA_Chlo.chlo._CP000108_1-401
RNaseP,train,tmRNA_Clav.mich._TRW-31964_1-376
RNaseP,train,tmRNA_Clos.acet._AE001437_1-359
RNaseP,train,tmRNA_Clos.diff._AM180355_1-350
RNaseP,train,tmRNA_Clos.diff._TRW-367459_1-350
RNaseP,train,tmRNA_Clos.ther._TRW-203119_1-387
RNaseP,train,tmRNA_Copr.prot._TRW-351627_1-353
RNaseP,train,tmRNA_Croc.wats._TRW-165597_1-386
RNaseP,train,tmRNA_Cyan.mero._AY286123_1-236
RNaseP,train,tmRNA_Desu.psyc._CR522870_1-366
RNaseP,train,tmRNA_Emil.huxl._TRW-280463_1-291
RNaseP,train,tmRNA_Ente.faec._BD193796_1-367
RNaseP,train,tmRNA_Ente.faec._TRW-1352_1-367
RNaseP,train,tmRNA_Erwi.caro._BX950851_1-363
RNaseP,train,tmRNA_Esch.coli._AE005491_1-363
RNaseP,train,tmRNA_Esch.coli._AP009048_1-363
RNaseP,train,tmRNA_Esch.coli._BA000007_1-363
RNaseP,train,tmRNA_Esch.coli._D90888_1-363
RNaseP,train,tmRNA_Esch.coli._U36840_1-363
RNaseP,train,tmRNA_Exig.sibi._TRW-262543_1-359
RNaseP,train,tmRNA_Fran.tula._AM233362_1-421
RNaseP,train,tmRNA_Fran.tula._AM286280_1-421
RNaseP,train,tmRNA_Fran.tula._CP000437_1-421
RNaseP,train,tmRNA_Fuso.nucl._AE010567_1-341
RNaseP,train,tmRNA_Fuso.nucl._TRW-209882_1-344
RNaseP,train,tmRNA_Gemm.obsc._TRW-214688_1-412
RNaseP,train,tmRNA_Geob.meta._CP000148_1-356
RNaseP,train,tmRNA_Geob.stea._TRW-1422_1-352
RNaseP,train,tmRNA_Guil.thet._AF041468_1-327
RNaseP,train,tmRNA_Haem.ducr._AE017143_1-367
RNaseP,train,tmRNA_Haem.infl._AY599475_1-366
RNaseP,train,tmRNA_Haem.infl._L42023_1-366
RNaseP,train,tmRNA_Haem.infl._U32808_1-366
RNaseP,train,tmRNA_Heli.hepa._AE017125_1-369
RNaseP,train,tmRNA_Heli.must._DQ250625_1-366
RNaseP,train,tmRNA_Heli.pylo._AE001503_1-383
RNaseP,train,tmRNA_Heli.pylo._TRW-85962_1-386
RNaseP,train,tmRNA_Heli.pylo._TRW-85963_1-386
RNaseP,train,tmRNA_Kleb.pneu._TRW-272620_1-363
RNaseP,train,tmRNA_Lact.john._TRW-257314_1-367
RNaseP,train,tmRNA_Lact.lact._AE006373_1-359
RNaseP,train,tmRNA_Lact.lact._AF176556_1-359
RNaseP,train,tmRNA_Lact.plan._AL935259_1-372
RNaseP,train,tmRNA_Leif.xyli._AE016822_1-394
RNaseP,train,tmRNA_Lept.inte._AE016823_1-350
RNaseP,train,tmRNA_Lept.spec._TRW-261385_1-359
RNaseP,train,tmRNA_Lept.spec._TRW-261386_1-359
RNaseP,train,tmRNA_Leuc.mese._AF375574_1-307
RNaseP,train,tmRNA_Leuc.mese._CP000414_1-358
RNaseP,train,tmRNA_List.mono._TRW-1639-1_1-370
RNaseP,train,tmRNA_Mann.haem._TRW-272629_1-367
RNaseP,train,tmRNA_Mann.succ._AE016827_1-367
RNaseP,train,tmRNA_Meth.flag._CP000284_1-361
RNaseP,train,tmRNA_Moor.ther._CP000232_1-358
RNaseP,train,tmRNA_Mora.cata._AX067460_1-359
RNaseP,train,tmRNA_Myco.Bxz1._AY129337_1-437
RNaseP,train,tmRNA_Myco.afri._TRW-33894_1-368
RNaseP,train,tmRNA_Myco.aviu._AE016958_1-368
RNaseP,train,tmRNA_Myco.bovi._TRW-1765_1-368
RNaseP,train,tmRNA_Myco.hyop._TRW-262719_1-433
RNaseP,train,tmRNA_Myco.myco._BX842642_1-411
RNaseP,train,tmRNA_Myco.pulm._AL445565_1-387
RNaseP,train,tmRNA_Myco.smeg._CP000480_1-369
RNaseP,train,tmRNA_Myco.tube._TRW-164513_1-368
RNaseP,train,tmRNA_Myxo.xant._TRW-34_1-366
RNaseP,train,tmRNA_Neis.gono._TRW-242231_1-363
RNaseP,train,tmRNA_Neis.meni._TRW-272831_1-363
RNaseP,train,tmRNA_Nitr.euro._BX321865_1-360
RNaseP,train,tmRNA_Nitr.mult._CP000103_1-362
RNaseP,train,tmRNA_Noca.farc._AP006618_1-368
RNaseP,train,tmRNA_Nost.punc._TRW-63737_1-390
RNaseP,train,tmRNA_Odon.sine._TRW-2839_1-371
RNaseP,train,tmRNA_Para.symb._BX908798_1-405
RNaseP,train,tmRNA_Pedi.pent._CP000422_1-369
RNaseP,train,tmRNA_Pola.spec._CP000316_1-387
RNaseP,train,tmRNA_Porp.purp._TRW-2787_1-323
RNaseP,train,tmRNA_Prop.acne._AE017283_1-371
RNaseP,train,tmRNA_Pseu.aeru._CP000438_1-353
RNaseP,train,tmRNA_Pseu.ento._CT573326_1-392
RNaseP,train,tmRNA_Pseu.fluo._CP000076_1-394
RNaseP,train,tmRNA_Pseu.fluo._TRW-216595_1-397
RNaseP,train,tmRNA_Pseu.syri._AE016853_1-388
RNaseP,train,tmRNA_Rals.sola._AL646052_1-360
RNaseP,train,tmRNA_Rubr.gela._TRW-279263_1-372
RNaseP,train,tmRNA_Rumi.albu._TRW-246199_1-354
RNaseP,train,tmRNA_Sali.rube._CP000159_1-369
RNaseP,train,tmRNA_Salm.bong._TRW-218493_1-363
RNaseP,train,tmRNA_Salm.ente._AE014613_1-363
RNaseP,train,tmRNA_Salm.ente._AE017220_1-363
RNaseP,train,tmRNA_Salm.typh._AY316313_1-363
RNaseP,train,tmRNA_Shew.onei._AX048560_1-355
RNaseP,train,tmRNA_Shew.putr._TRW-319224_1-356
RNaseP,train,tmRNA_Shew.spec._CP000444_1-355
RNaseP,train,tmRNA_Shew.spec._CP000446_1-355
RNaseP,train,tmRNA_Shew.spec._CP000469_1-355
RNaseP,train,tmRNA_Shew.spec._TRW-323850_1-356
RNaseP,train,tmRNA_Shig.dyse._CP000034_1-363
RNaseP,train,tmRNA_Shig.flex._AE014073_1-363
RNaseP,train,tmRNA_Shig.sonn._CP000038_1-363
RNaseP,train,tmRNA_Soda.glos._AP008232_1-384
RNaseP,train,tmRNA_Stap.aure._AC074317_1-359
RNaseP,train,tmRNA_Stap.aure._TRW-1280_1-362
RNaseP,train,tmRNA_Stap.epid._TRW-1282-2_1-362
RNaseP,train,tmRNA_Sten.malt._TRW-40324_1-354
RNaseP,train,tmRNA_Stre.agal._AE014233_1-350
RNaseP,train,tmRNA_Stre.aure._AY616521_1-382
RNaseP,train,tmRNA_Stre.equi._TRW-1336_1-349
RNaseP,train,tmRNA_Stre.pneu._AE008453_1-348
RNaseP,train,tmRNA_Stre.scab._TRW-1883_1-402
RNaseP,train,tmRNA_Stre.sobr._TRW-246202_1-349
RNaseP,train,tmRNA_Sulf.azor._TRW-204536_1-351
RNaseP,train,tmRNA_Syne.spec._D90916_1-396
RNaseP,train,tmRNA_Synt.acid._CP000252_1-356
RNaseP,train,tmRNA_Thal.pseu._EF067921_1-344
RNaseP,train,tmRNA_Thal.weis._AF049491_1-348
RNaseP,train,tmRNA_Ther.fusc._CP000088_1-372
RNaseP,train,tmRNA_Ther.mari._TRW-243274-1_1-356
RNaseP,train,tmRNA_Ther.teng._AE013063_1-351
RNaseP,train,tmRNA_Trep.dent._AE017226_1-351
RNaseP,train,tmRNA_Trep.pall._TRW-243276_1-354
RNaseP,train,tmRNA_Xant.axon._AE011783_1-397
RNaseP,train,tmRNA_Xyle.fast._TRW-155920_1-355
RNaseP,train,tmRNA_Yers.ente._TRW-34054_1-381
RNaseP,train,tmRNA_Yers.pest._CP000305_1-364
RNaseP,train,tmRNA_envi.sequ._TRW-204433_1-356
RNaseP,train,tmRNA_envi.sequ._TRW-259292_1-355
RNaseP,train,tmRNA_envi.sequ._TRW-32045-1_1-355
RNaseP,train,tmRNA_uncu.bact._TRW-32033-1_1-354
RNaseP,train,tmRNA_uncu.bact._TRW-32045-4_1-369
RNaseP,valid,16s_B.burgdorferi_domain4
RNaseP,valid,16s_B.subtilis_domain4
RNaseP,valid,16s_C.elegans_domain4
RNaseP,valid,16s_C.reinhardtii.chloro_domain1
RNaseP,valid,16s_C.reinhardtii.chloro_domain3
RNaseP,valid,16s_C.reinhardtii.mito_domain1
RNaseP,valid,16s_C.reinhardtii.mito_domain2
RNaseP,valid,16s_H.sapiens.mito_domain3
RNaseP,valid,16s_H.volcanii_domain1
RNaseP,valid,16s_P.occultum_domain4
RNaseP,valid,16s_S.cerevisiae_domain3
RNaseP,valid,16s_T.gondii_domain3
RNaseP,valid,16s_T.maritima_domain3
RNaseP,valid,23s_B.subtilis_domain3
RNaseP,valid,23s_B.subtilis_domain6
RNaseP,valid,23s_T.thermophilus_domain6
RNaseP,valid,5s_Acanthamoeba-castellanii-2
RNaseP,valid,5s_Acinetospora-crinita-1
RNaseP,valid,5s_Agrobacterium-tumefaciens-6
RNaseP,valid,5s_Asterina-pectinifera-1
RNaseP,valid,5s_Auricularia-auricula-judae-1
RNaseP,valid,5s_Azotobacter-vinelandii-1
RNaseP,valid,5s_Bacillus-anthracis-10
RNaseP,valid,5s_Bacillus-thuringiensis-1
RNaseP,valid,5s_Bifidobacterium-longum-3
RNaseP,valid,5s_Brevibacillus-brevis-1
RNaseP,valid,5s_Caenorhabditis-briggsae-1
RNaseP,valid,5s_Cryptococcus-humicola-1
RNaseP,valid,5s_Dipsacomyces-acuminosporus-1
RNaseP,valid,5s_Dugesia-japonica-1
RNaseP,valid,5s_E_glandulE
RNaseP,valid,5s_Eisenia-bicyclis-1
RNaseP,valid,5s_Emericella-nidulans-3
RNaseP,valid,5s_Emericella-nidulans-8
RNaseP,valid,5s_Empedobacter-brevis-1
RNaseP,valid,5s_Escherichia-coli-6
RNaseP,valid,5s_Fusarium-lunulosporum-3
RNaseP,valid,5s_Fusobacterium-nucleatum-4
RNaseP,valid,5s_Grimontia-hollisae-1
RNaseP,valid,5s_Hyphomonas-oligotropha-1
RNaseP,valid,5s_Illex-illecebrosus-1
RNaseP,valid,5s_Kluyveromyces-delphensis-1
RNaseP,valid,5s_Lentinula-edodes-2
RNaseP,valid,5s_Mycoplasma-genitalium-1
RNaseP,valid,5s_Mycoplasma-penetrans-1
RNaseP,valid,5s_Paracentrotus-lividus-2
RNaseP,valid,5s_Pirellula-sp.-1
RNaseP,valid,5s_Pseudomonas-fluorescens-2
RNaseP,valid,5s_Pseudomonas-fluorescens-4
RNaseP,valid,5s_Puccinia-poarum-1
RNaseP,valid,5s_Pyrococcus-woesei-1
RNaseP,valid,5s_Staphylococcus-aureus-1
RNaseP,valid,5s_Streptomyces-roseoverticillatus-1
RNaseP,valid,5s_Ureaplasma-parvum-1
RNaseP,valid,5s_Urechis-unicinctus-1
RNaseP,valid,5s_Vitreoscilla-filiformis-1
RNaseP,valid,grp1_a.I1.b.Synechococcus.sp2.C3.tLEU
RNaseP,valid,grp1_a.I1.e.B.ciliata.JCM6865.C1.SSU.1506
RNaseP,valid,grp1_a.I1.e.C.ellipsoidea.211-1a.C1.SSU.1506
RNaseP,valid,grp1_a.I1.e.C.grayi.UNK.SSU.1516
RNaseP,valid,grp1_a.I1.e.C.merochlorophea.UNK.SSU.1516
RNaseP,valid,grp1_a.I1.e.G.spirotaenia.C1.SSU.1506
RNaseP,valid,grp1_a.I1.e.L.dispersa.UNK.SSU.114
RNaseP,valid,grp1_a.I1.e.L.dispersa.UNK.SSU.1210
RNaseP,valid,grp1_a.I1.e.L.dispersa.UNK.SSU.287
RNaseP,valid,grp1_a.I1.e.M.caldariorum.C1.SSU.1506
RNaseP,valid,grp1_a.I1.e.P.inouyei.C1.SSU.943
RNaseP,valid,grp1_a.I1.e.S.paniceum.UNK.SSU.1052
RNaseP,valid,grp1_a.I1.e.Staurastrum.sp.M753.C1.SSU.1506
RNaseP,valid,grp1_a.I1.e.T.pigmentosa.C1.LSU.1925
RNaseP,valid,grp1_a.I1.e.U.maydis.C1.SSU.943
RNaseP,valid,srp_Aero.pern._BA000002
RNaseP,valid,srp_Alka.meta._CP000724
RNaseP,valid,srp_Aspe.fumi._GSP-41122
RNaseP,valid,srp_Caen.eleg._AY948607
RNaseP,valid,srp_Chla.rein._SDB-3055
RNaseP,valid,srp_Clos.diff._AM180355
RNaseP,valid,srp_Cryp.parv._XM_626716
RNaseP,valid,srp_Dani.rrer._BX469912
RNaseP,valid,srp_Dros.moja._GSP-7230
RNaseP,valid,srp_Esch.coli._CP000468
RNaseP,valid,srp_Esch.coli._U82664
RNaseP,valid,srp_Fran.tula._AJ749949
RNaseP,valid,srp_Gald.sulp._GSP-130081
RNaseP,valid,srp_Homo.sapi._BE083383
RNaseP,valid,srp_Lact.john._AE017198
RNaseP,valid,srp_Leis.guya._AY722728
RNaseP,valid,srp_List.inno._AL596173
RNaseP,valid,srp_List.mono._U15684
RNaseP,valid,srp_Meth.burt._CP000300
RNaseP,valid,srp_Meth.ferv._M32222
RNaseP,valid,srp_Myco.bovi._BX248347
RNaseP,valid,srp_Myco.geni._L43967
RNaseP,valid,srp_Myco.hyop._AE017244
RNaseP,valid,srp_Myco.myco._BX842642
RNaseP,valid,srp_Myco.spec._CP000580
RNaseP,valid,srp_Nitr.eutr._CP000450
RNaseP,valid,srp_Para.bras._CN241137
RNaseP,valid,srp_Picr.torr._AE017261
RNaseP,valid,srp_Proc.mari._AE017165
RNaseP,valid,srp_Pyro.cali._CP000561
RNaseP,valid,srp_Shew.spec._CP000503
RNaseP,valid,srp_Shig.flex._AE014073
RNaseP,valid,srp_Sino.meli._AL591782
RNaseP,valid,srp_Stap.aure._E36052
RNaseP,valid,srp_Stre.pyog._AM295007
RNaseP,valid,srp_Sulf.toko._BA000023
RNaseP,valid,srp_Xant.camp._CP000050
RNaseP,valid,srp_Yarr.lipo._X51658
RNaseP,valid,srp_Yers.pest._AE017042
RNaseP,valid,srp_Yers.pest._CP000305
RNaseP,valid,tRNA_tdbR00000010-Escherichia_coli-562-Ala-VGC
RNaseP,valid,tRNA_tdbR00000020-Escherichia_coli-562-Cys-GCA
RNaseP,valid,tRNA_tdbR00000038-Rattus_norvegicus-10116-Asp-8UC
RNaseP,valid,tRNA_tdbR00000053-Bos_taurus-9913-Glu-NUC
RNaseP,valid,tRNA_tdbR00000089-Brassica_napus-3708-Phe-AA
RNaseP,valid,tRNA_tdbR00000098-Xenopus_laevis-8355-Phe-AA
RNaseP,valid,tRNA_tdbR00000109-Haloferax_volcanii-2246-Gly-NCC
RNaseP,valid,tRNA_tdbR00000111-Mycoplasma_capricolum-2095-Gly-UCC
RNaseP,valid,tRNA_tdbR00000140-Escherichia_coli-562-His-QUG
RNaseP,valid,tRNA_tdbR00000142-Saccharomyces_cerevisiae-4932-His-GUG
RNaseP,valid,tRNA_tdbR00000159-Escherichia_coli-562-Ile-GAU
RNaseP,valid,tRNA_tdbR00000165-Solanum_tuberosum-4113-Ile-AU
RNaseP,valid,tRNA_tdbR00000179-Bacillus_subtilis-1423-Lys-UU
RNaseP,valid,tRNA_tdbR00000199-Oryctolagus_cuniculus-9986-Lys-CUU
RNaseP,valid,tRNA_tdbR00000244-Rattus_norvegicus-10116-Leu-UAG
RNaseP,valid,tRNA_tdbR00000270-Avian_myeloblastosis_virus-11866-Met-BAU
RNaseP,valid,tRNA_tdbR00000282-Ascaris_suum-6253-Met-AU
RNaseP,valid,tRNA_tdbR00000285-Triticum_aestivum-4565-Met-BAU
RNaseP,valid,tRNA_tdbR00000294-Mycoplasma_capricolum-2095-Asn-GUU
RNaseP,valid,tRNA_tdbR00000313-Haloferax_volcanii-2246-Pro-UGG
RNaseP,valid,tRNA_tdbR00000346-Homo_sapiens-9606-Gln-NUG
RNaseP,valid,tRNA_tdbR00000356-Escherichia_coli-562-Arg-ICG
RNaseP,valid,tRNA_tdbR00000358-Escherichia_coli-562-Arg-CU
RNaseP,valid,tRNA_tdbR00000365-Aedes_albopictus-7160-Arg-UCG
RNaseP,valid,tRNA_tdbR00000371-Saccharomyces_cerevisiae-4932-Arg-1CU
RNaseP,valid,tRNA_tdbR00000380-Halobacterium_salinarum-2242-Ser-MGA
RNaseP,valid,tRNA_tdbR00000386-Mycoplasma_mycoides-2102-Ser-UGA
RNaseP,valid,tRNA_tdbR00000394-Escherichia_coli-562-Ser-VGA
RNaseP,valid,tRNA_tdbR00000408-Saccharomyces_cerevisiae-4932-Ser-IGA
RNaseP,valid,tRNA_tdbR00000416-Nicotiana_rustica-4093-Ser-CGA
RNaseP,valid,tRNA_tdbR00000424-Drosophila_melanogaster-7227-Ser-GCU
RNaseP,valid,tRNA_tdbR00000445-Bos_taurus-9913-Thr-IGU
RNaseP,valid,tRNA_tdbR00000459-Neurospora_crassa-5141-Val-UAC
RNaseP,valid,tRNA_tdbR00000465-Saccharomyces_cerevisiae-4932-Val-CAC
RNaseP,valid,tRNA_tdbR00000485-Nicotiana_tabacum-4097-Trp-BCA
RNaseP,valid,tRNA_tdbR00000505-Mycoplasma_mycoides-2102-Ini-CAU
RNaseP,valid,tRNA_tdbR00000522-Bos_taurus-9913-Ini-AU
RNaseP,valid,tRNA_tdbR00000545-Escherichia_coli-562-Tyr-QUA
RNaseP,valid,tRNA_tdbR00000575-Leishmania_tarentolae-5689-Thr-CGU
RNaseP,valid,tRNA_tdbR00000616-Nanoarchaeum_equitans-160232-Lys-CUU
RNaseP,valid,telomerase_AC121792.109554-109950
RNaseP,valid,telomerase_AF221906.96-545
RNaseP,valid,telomerase_AF221917.99-542
RNaseP,valid,telomerase_AF221924.105-538
RNaseP,valid,telomerase_AF221932.102-549
RNaseP,valid,telomerase_AF221934.121-565
RNaseP,valid,telomerase_AY312571.605-1069
RNaseP,valid,tmRNA_Baci.G._TRW-12333_1-312
RNaseP,valid,tmRNA_Baci.halo._BA000004_1-361
RNaseP,valid,tmRNA_Buch.aphi._BD061520_1-369
RNaseP,valid,tmRNA_Burk.ceno._CP000378_1-370
RNaseP,valid,tmRNA_Burk.mall._CP000010_1-370
RNaseP,valid,tmRNA_Burk.viet._TRW-269482_1-370
RNaseP,valid,tmRNA_Clos.botu._TRW-36826_1-355
RNaseP,valid,tmRNA_Dich.nodo._TRW-35819_1-352
RNaseP,valid,tmRNA_Esch.coli._CP000247_1-363
RNaseP,valid,tmRNA_Fibr.succ._TRW-59374_1-361
RNaseP,valid,tmRNA_Haem.infl._TRW-262727_1-366
RNaseP,valid,tmRNA_Haem.infl._TRW-262728_1-366
RNaseP,valid,tmRNA_Heli.pylo._AE000511_1-386
RNaseP,valid,tmRNA_Leuc.mese._TRW-1245_1-358
RNaseP,valid,tmRNA_List.gray._AF440336_1-321
RNaseP,valid,tmRNA_List.wels._AF440351_1-321
RNaseP,valid,tmRNA_Meso.flor._AE017263_1-408
RNaseP,valid,tmRNA_Myco.capr._D13067_1-411
RNaseP,valid,tmRNA_Nost.spec._BA000019_1-390
RNaseP,valid,tmRNA_Oeno.oeni._TRW-203123_1-350
RNaseP,valid,tmRNA_Onio.yell._AP006628_1-423
RNaseP,valid,tmRNA_Phot.lumi._BX571870_1-364
RNaseP,valid,tmRNA_Phot.prof._CR378665_1-368
RNaseP,valid,tmRNA_Porp.ging._TRW-242619_1-407
RNaseP,valid,tmRNA_Prop.acne._TRW-1747-1_1-371
RNaseP,valid,tmRNA_Pseu.aeru._AE004091_1-353
RNaseP,valid,tmRNA_Rubr.xyla._CP000386_1-360
RNaseP,valid,tmRNA_Salm.ente._TRW-59204_1-363
RNaseP,valid,tmRNA_Salm.typh._AY319520_1-363
RNaseP,valid,tmRNA_Serr.marc._TRW-273526_1-364
RNaseP,valid,tmRNA_Stap.aure._BA000017_1-362
RNaseP,valid,tmRNA_Stap.aure._BX571857_1-362
RNaseP,valid,tmRNA_Stre.aver._BA000030_1-389
RNaseP,valid,tmRNA_Tric.eryt._CP000393_1-398
RNaseP,valid,tmRNA_Trop.whip._BX251411_1-369
RNaseP,valid,tmRNA_Urea.parv._AE002154_1-413
RNaseP,valid,tmRNA_Xyle.fast._AE003849_1-355
RNaseP,valid,tmRNA_Xyle.fast._AE004078_1-355
RNaseP,valid,tmRNA_Yers.inte._TRW-349965_1-381
RNaseP,valid,tmRNA_envi.sequ._TRW-32045-2_1-345
grp1,test,grp1_a.I1.b.Dermocarpa.sp.ATCC29371.C3.tMET
grp1,test,grp1_a.I1.b.Phormidium.sp.N182.C3.tLEU
grp1,test,grp1_a.I1.b.S.hofmanii.C3.tMET
grp1,test,grp1_a.I1.b.Synechococcus.sp2.C3.tLEU
grp1,test,grp1_a.I1.c.A.cherimola.C3.tLEU
grp1,test,grp1_a.I1.c.G.prostrata.C3.tLEU
grp1,test,grp1_a.I1.c.S.bicolor.C3.tLEU
grp1,test,grp1_a.I1.e.A.adeninivorans.C1.LSU.2449
grp1,test,grp1_a.I1.e.A.capsulatus.CBS213.53.C1.SSU.943
grp1,test,grp1_a.I1.e.A.capsulatus.FLs1.C1.SSU
grp1,test,grp1_a.I1.e.A.capsulatus.G184B.C1.SSU
grp1,test,grp1_a.I1.e.A.capsulatus.G186B.C1.SSU
grp1,test,grp1_a.I1.e.A.stipitatus.C1.SSU.1046
grp1,test,grp1_a.I1.e.B.ciliata.JCM6865.C1.SSU.1506
grp1,test,grp1_a.I1.e.B.ciliata.JCM6865.C1.SSU.943
grp1,test,grp1_a.I1.e.B.yamatoana.JCM2896.C1.SSU.1506
grp1,test,grp1_a.I1.e.B.yamatoana.JCM2896.C1.SSU.943
grp1,test,grp1_a.I1.e.C.ellipsoidea.211-1a.C1.SSU.1506
grp1,test,grp1_a.I1.e.C.ellipsoidea.IAMC-87.C1.SSU.1506
grp1,test,grp1_a.I1.e.C.grayi.UNK.SSU.1046
grp1,test,grp1_a.I1.e.C.grayi.UNK.SSU.1516
grp1,test,grp1_a.I1.e.C.merochlorophea.UNK.SSU.1046
grp1,test,grp1_a.I1.e.C.merochlorophea.UNK.SSU.1210
grp1,test,grp1_a.I1.e.C.merochlorophea.UNK.SSU.1389
grp1,test,grp1_a.I1.e.C.merochlorophea.UNK.SSU.1516
grp1,test,grp1_a.I1.e.C.saccatum.C1.SSU.1512
grp1,test,grp1_a.I1.e.C.saxonicum.C1.SSU.1506
grp1,test,grp1_a.I1.e.D.parva.C1.SSU.1512
grp1,test,grp1_a.I1.e.D.parva.C1.SSU.943
grp1,test,grp1_a.I1.e.D.salina.C1.SSU.943
grp1,test,grp1_a.I1.e.E.dermatitidis.C1.SSU.943
grp1,test,grp1_a.I1.e.G.planctonica.C1.SSU.943
grp1,test,grp1_a.I1.e.G.spirotaenia.C1.SSU.1506
grp1,test,grp1_a.I1.e.L.dispersa.UNK.SSU.1046
grp1,test,grp1_a.I1.e.L.dispersa.UNK.SSU.114
grp1,test,grp1_a.I1.e.L.dispersa.UNK.SSU.1210
grp1,test,grp1_a.I1.e.L.dispersa.UNK.SSU.1516
grp1,test,grp1_a.I1.e.L.dispersa.UNK.SSU.287
grp1,test,grp1_a.I1.e.L.dispersa.UNK.SSU.516
grp1,test,grp1_a.I1.e.L.dispersa.UNK.SSU.789
grp1,test,grp1_a.I1.e.M.caldariorum.C1.SSU.1506
grp1,test,grp1_a.I1.e.P.carinii.C1.SSU.1506
grp1,test,grp1_a.I1.e.P.carinii.Pc1.C1.LSU.1921
grp1,test,grp1_a.I1.e.P.carinii.Pc2.C1.LSU.1921
grp1,test,grp1_a.I1.e.P.carinii.Pc3.C1.LSU.1921
grp1,test,grp1_a.I1.e.P.clavariiformis.C1.SSU.943
grp1,test,grp1_a.I1.e.P.inouyei.C1.SSU.1506
grp1,test,grp1_a.I1.e.P.inouyei.C1.SSU.943
grp1,test,grp1_a.I1.e.P.macrosporus.C1.SSU.1506
grp1,test,grp1_a.I1.e.P.macrosporus.C1.SSU.943
grp1,test,grp1_a.I1.e.P.pachydermus.C1.SSU.943
grp1,test,grp1_a.I1.e.P.sarcinoidea.C1.SSU.943
grp1,test,grp1_a.I1.e.S.granulatum.C1.SSU.1506
grp1,test,grp1_a.I1.e.S.paniceum.UNK.SSU.1052
grp1,test,grp1_a.I1.e.S.paniceum.UNK.SSU.114
grp1,test,grp1_a.I1.e.S.paniceum.UNK.SSU.1210
grp1,test,grp1_a.I1.e.S.paniceum.UNK.SSU.1506
grp1,test,grp1_a.I1.e.S.paniceum.UNK.SSU.287
grp1,test,grp1_a.I1.e.S.sclerotiorum_1837.C1.LSU.798
grp1,test,grp1_a.I1.e.Staurastrum.sp.M752.C1.SSU.1506
grp1,test,grp1_a.I1.e.Staurastrum.sp.M753.C1.SSU.1506
grp1,test,grp1_a.I1.e.T.cosmopolitanis.C1.LSU.1925
grp1,test,grp1_a.I1.e.T.hyperangularis.C1.LSU.1925
grp1,test,grp1_a.I1.e.T.malaccensis.C1.LSU.1925
grp1,test,grp1_a.I1.e.T.pigmentosa.C1.LSU.1925
grp1,test,grp1_a.I1.e.U.maydis.C1.SSU.943
grp1,test,grp1_a.I1.m.M.grisea.B2.ND1
grp1,test,grp1_a.I1.m.S.luteus.A1.LSU.2504
grp1,test,grp1_a.I1.m.S.pombe.B1.OX1
grp1,test,grp1_b.I1.e.C.saccharophila.C1.SSU.156
grp1,test,grp1_b.I1.e.M.anisopliae.2.C1.LSU.1921
grp1,test,grp1_b.I1.e.M.anisopliae.3.C1.LSU.1921
grp1,test,grp1_b.I1.e.T.thermophila.C1.LSU.1925
grp1,test,grp1_s.I1.e.T.thermophila.C1.LSU.1925.schem
grp1,train,16s_A.fulgidus_domain2
grp1,train,16s_A.fulgidus_domain3
grp1,train,16s_A.pyrophilus_domain2
grp1,train,16s_A.pyrophilus_domain4
grp1,train,16s_B.burgdorferi_domain2
grp1,train,16s_B.burgdorferi_domain3
grp1,train,16s_B.burgdorferi_domain4
grp1,train,16s_B.subtilis_domain2
grp1,train,16s_B.subtilis_domain3
grp1,train,16s_C.elegans_domain1
grp1,train,16s_C.elegans_domain2
grp1,train,16s_C.elegans_domain3
grp1,train,16s_C.elegans_domain4
grp1,train,16s_C.psittaci_domain2
grp1,train,16s_C.psittaci_domain3
grp1,train,16s_C.psittaci_domain4
grp1,train,16s_C.reinhardtii.chloro_domain2
grp1,train,16s_C.reinhardtii.chloro_domain4
grp1,train,16s_C.reinhardtii.mito_domain3
grp1,train,16s_C.reinhardtii.mito_domain4
grp1,train,16s_D.melanogaster_domain4
grp1,train,16s_E.coli_domain2
grp1,train,16s_E.coli_domain3
grp1,train,16s_E.coli_domain4
grp1,train,16s_F.ananassa_domain3
grp1,train,16s_F.ananassa_domain4
grp1,train,16s_G.intestinalis_domain1
grp1,train,16s_G.intestinalis_domain2
grp1,train,16s_G.intestinalis_domain3
grp1,train,16s_H.sapiens.mito_domain1
grp1,train,16s_H.sapiens.mito_domain2
grp1,train,16s_H.sapiens_domain3
grp1,train,16s_H.sapiens_domain4
grp1,train,16s_H.volcanii_domain1
grp1,train,16s_H.volcanii_domain2
grp1,train,16s_H.volcanii_domain3
grp1,train,16s_H.volcanii_domain4
grp1,train,16s_M.polymorpha_domain2
grp1,train,16s_M.polymorpha_domain3
grp1,train,16s_M.polymorpha_domain4
grp1,train,16s_P.occultum_domain2
grp1,train,16s_P.occultum_domain3
grp1,train,16s_P.occultum_domain4
grp1,train,16s_P.staleyi_domain3
grp1,train,16s_P.staleyi_domain4
grp1,train,16s_S.cerevisiae_domain3
grp1,train,16s_S.cerevisiae_domain4
grp1,train,16s_T.gondii_domain4
grp1,train,16s_T.maritima_domain4
grp1,train,16s_Z.mays_domain2
grp1,train,16s_Z.mays_domain3
grp1,train,16s_Z.mays_domain4
grp1,train,23s_B.subtilis_domain3
grp1,train,23s_B.subtilis_domain6
grp1,train,23s_E.coli_domain3
grp1,train,23s_E.coli_domain4
grp1,train,23s_E.coli_domain6
grp1,train,23s_H.pylori_domain3
grp1,train,23s_H.pylori_domain4
grp1,train,23s_H.pylori_domain6
grp1,train,23s_S.aureus_domain4
grp1,train,23s_S.aureus_domain6
grp1,train,23s_T.thermophilus_domain3
grp1,train,23s_T.thermophilus_domain4
grp1,train,5s_Acholeplasma-laidlawii-2
grp1,train,5s_Achromobacter-xylosoxidans-1
grp1,train,5s_Acidiphilium-acidophilum-1
grp1,train,5s_Acinetobacter-sp.-1
grp1,train,5s_Acremonium-chrysogenum-1
grp1,train,5s_Agaricus-edulis-1
grp1,train,5s_Agrobacterium-tumefaciens-6
grp1,train,5s_Akkesiphycus-lubricum-1
grp1,train,5s_Amycolatopsis-lactamdurans-1
grp1,train,5s_Ancylobacter-aquaticus-1
grp1,train,5s_Andrias-japonicus-1
grp1,train,5s_Antheraea-pernyi-1
grp1,train,5s_Aquifex-aeolicus-1
grp1,train,5s_Archaeoglobus-fulgidus-1
grp1,train,5s_Artemia-sp.-4
grp1,train,5s_Arthrobacter-polychromogenes-1
grp1,train,5s_Asellus-aquaticus-2
grp1,train,5s_Bacillus-anthracis-6
grp1,train,5s_Bacillus-clausii-1
grp1,train,5s_Bacillus-firmus-1
grp1,train,5s_Bacteroides-fragilis-3
grp1,train,5s_Bacteroides-fragilis-4
grp1,train,5s_Bacteroides-fragilis-6
grp1,train,5s_Bartonella-henselae-1
grp1,train,5s_Blakeslea-trispora-1
grp1,train,5s_Blastocladiella-simplex-1
grp1,train,5s_Blepharisma-japonicum-1
grp1,train,5s_Bombyx-mori-1
grp1,train,5s_Bombyx-mori-2
grp1,train,5s_Brachionus-plicatilis-1
grp1,train,5s_Brevibacterium-helvolum-1
grp1,train,5s_C_paradoxE
grp1,train,5s_Caenorhabditis-elegans-3
grp1,train,5s_Campylobacter-jejuni-3
grp1,train,5s_Cancer-pagurus-1
grp1,train,5s_Candidatus-Tremblaya-princeps-1
grp1,train,5s_Caulobacter-sp.-5
grp1,train,5s_Caulobacter-sp.-6
grp1,train,5s_Cellulomonas-biazotea-1
grp1,train,5s_Chlamydophila-abortus-1
grp1,train,5s_Clostridium-acetobutylicum-5
grp1,train,5s_Coprinopsis-cinerea-1
grp1,train,5s_Corynebacterium-glutamicum-1
grp1,train,5s_Corynebacterium-glutamicum-2
grp1,train,5s_Cryptococcus-humicola-1
grp1,train,5s_Cryptomonas-paramecium-1
grp1,train,5s_Cyclidiopsis-acus-1
grp1,train,5s_Delftia-acidovorans-1
grp1,train,5s_Dirofilaria-immitis-1
grp1,train,5s_Drosophila-teissieri-1
grp1,train,5s_Dugesia-japonica-2
grp1,train,5s_Eimeria-tenella-1
grp1,train,5s_Emericella-nidulans-3
grp1,train,5s_Emericella-nidulans-7
grp1,train,5s_Escherichia-coli-11
grp1,train,5s_Escherichia-coli-14
grp1,train,5s_Escherichia-coli-3
grp1,train,5s_Exidia-glandulosa-1
grp1,train,5s_Filobasidiella-depauperata-1
grp1,train,5s_Filobasidium-capsuligenum-1
grp1,train,5s_Fusarium-asiaticum-7
grp1,train,5s_Fusarium-lunulosporum-5
grp1,train,5s_Fusarium-pseudograminearum-1
grp1,train,5s_Fusarium-pseudograminearum-6
grp1,train,5s_Fusarium-sporotrichioides-1
grp1,train,5s_Fusobacterium-nucleatum-2
grp1,train,5s_Gallus-gallus-1
grp1,train,5s_Gelidium-amansii-1
grp1,train,5s_Gelidium-amansii-2
grp1,train,5s_Geobacillus-stearothermophilus-2
grp1,train,5s_Ginkgo-biloba-1
grp1,train,5s_Grimontia-hollisae-1
grp1,train,5s_Haloarcula-marismortui-2
grp1,train,5s_Halococcus-morrhuae-2
grp1,train,5s_Halorubrum-distributum-4
grp1,train,5s_Helicobacter-pylori-3
grp1,train,5s_Hyphomicrobium-sp.-3
grp1,train,5s_Hyphomicrobium-sp.-5
grp1,train,5s_Illex-illecebrosus-1
grp1,train,5s_Juniperus-media-1
grp1,train,5s_Kondoa-malvinella-1
grp1,train,5s_Kutzneria-viridogrisea-1
grp1,train,5s_Locusta-migratoria-1
grp1,train,5s_Microbacterium-testaceum-1
grp1,train,5s_Microtetraspora-glauca-1
grp1,train,5s_Mycobacterium-tuberculosis-3
grp1,train,5s_Mycoplasma-gallisepticum-1
grp1,train,5s_Mycoplasma-pneumoniae-1
grp1,train,5s_Myxococcus-coralloides-1
grp1,train,5s_Neurospora-crassa-12
grp1,train,5s_Neurospora-crassa-15
grp1,train,5s_Neurospora-crassa-2
grp1,train,5s_Nitrobacter-winogradskyi-1
grp1,train,5s_Notophthalmus-viridescens-1
grp1,train,5s_Oerskovia-turbata-1
grp1,train,5s_Paenibacillus-popilliae-1
grp1,train,5s_Parachlamydia-sp.-1
grp1,train,5s_Paramecium-tetraurelia-1
grp1,train,5s_Pichia-jadinii-2
grp1,train,5s_Pinus-contorta-1
grp1,train,5s_Pirellula-sp.-2
grp1,train,5s_Plasmodium-falciparum-1
grp1,train,5s_Pneumocystis-carinii-1
grp1,train,5s_Prasinocladus-sp.-1
grp1,train,5s_Pseudomonas-aeruginosa-1
grp1,train,5s_Pseudomonas-aeruginosa-2
grp1,train,5s_Pseudomonas-fluorescens-2
grp1,train,5s_Pseudomonas-fluorescens-4
grp1,train,5s_Pseudomonas-stutzeri-2
grp1,train,5s_Puccinia-poarum-1
grp1,train,5s_Puccinia-suaveolens-1
grp1,train,5s_Pyrococcus-horikoshii-1
grp1,train,5s_Pyrococcus-woesei-1
grp1,train,5s_Pythium-torulosum-1
grp1,train,5s_Ralstonia-solanacearum-1
grp1,train,5s_Ralstonia-solanacearum-2
grp1,train,5s_Rhodobacter-sphaeroides-2
grp1,train,5s_Rhodococcus-erythropolis-2
grp1,train,5s_Rhodopseudomonas-palustris-2
grp1,train,5s_Roseococcus-thiosulfatophilus-1
grp1,train,5s_Roseococcus-thiosulfatophilus-2
grp1,train,5s_Rumex-acetosa-1
grp1,train,5s_Sabellastarte-japonica-1
grp1,train,5s_Saccharothrix-mutabilis-1
grp1,train,5s_Salmonella-typhi-1
grp1,train,5s_Saprolegnia-ferax-1
grp1,train,5s_Schizosaccharomyces-pombe-1
grp1,train,5s_Shewanella-oneidensis-1
grp1,train,5s_Spirobolus-sp-1
grp1,train,5s_Sporolactobacillus-nakayamae-1
grp1,train,5s_Streptococcus-mutans-2
grp1,train,5s_Streptococcus-salivarius-1
grp1,train,5s_Streptomyces-avermitilis-4
grp1,train,5s_Streptomyces-coelicolor-1
grp1,train,5s_Streptomyces-lividans-1
grp1,train,5s_Streptomyces-rimosus-2
grp1,train,5s_Streptomyces-violaceus-1
grp1,train,5s_T_cruziE
grp1,train,5s_Taxus-baccata-1
grp1,train,5s_Thermoactinomyces-vulgaris-1
grp1,train,5s_Thermomyces-lanuginosus-1
grp1,train,5s_Thermotoga-sp.-1
grp1,train,5s_Thermus-sp.-2
grp1,train,5s_Thiothrix-nivea-1
grp1,train,5s_Thraustochytrium-visurgense-2
grp1,train,5s_Tremella-mesenterica-2
grp1,train,5s_Trimorphomyces-papilionaceus-1
grp1,train,5s_Ureaplasma-parvum-1
grp1,train,5s_Urechis-unicinctus-1
grp1,train,5s_Ustilentyloma-fluitans-1
grp1,train,5s_Vibrio-cyclosites-1
grp1,train,5s_Vibrio-fluvialis-1
grp1,train,5s_Vibrio-harveyi-1
grp1,train,5s_Vibrio-nereis-1
grp1,train,5s_Vibrio-parahaemolyticus-3
grp1,train,5s_Vibrio-vulnificus-4
grp1,train,5s_Vitreoscilla-stercoraria-1
grp1,train,5s_Xanthobacter-viscosus-1
grp1,train,5s_Yersinia-pestis-1
grp1,train,5s_uncultured-euryarchaeote-37F11-1
grp1,train,RNaseP_A.ambivalens
grp1,train,RNaseP_A.brierleyi
grp1,train,RNaseP_A.ferrooxidans
grp1,train,RNaseP_A.ferrooxidans-g
grp1,train,RNaseP_A.fulgidus
grp1,train,RNaseP_A.laidlawii
grp1,train,RNaseP_A.obstetricans
grp1,train,RNaseP_A.salinestris-184
grp1,train,RNaseP_Anabaena-ATCC29413
grp1,train,RNaseP_B.hermsii
grp1,train,RNaseP_B.megaterium
grp1,train,RNaseP_B.subtilis
grp1,train,RNaseP_B.subtilis-g
grp1,train,RNaseP_C.acetobutylicum
grp1,train,RNaseP_C.crescentus
grp1,train,RNaseP_C.jejuni
grp1,train,RNaseP_C.limicola
grp1,train,RNaseP_C.pneumoniae-AR39
grp1,train,RNaseP_C.pneumoniae-CWL029
grp1,train,RNaseP_C.tepidum-g
grp1,train,RNaseP_C.trachomatis-2
grp1,train,RNaseP_C.trachomatis-D
grp1,train,RNaseP_C.vinosum
grp1,train,RNaseP_CPA49
grp1,train,RNaseP_CPB139
grp1,train,RNaseP_CPB74
grp1,train,RNaseP_CPB7776
grp1,train,RNaseP_CPB80
grp1,train,RNaseP_CPB86
grp1,train,RNaseP_D.desulfuricans
grp1,train,RNaseP_D.jeanneae
grp1,train,RNaseP_Dermocarpa-PCC7437
grp1,train,RNaseP_E.agglomerulans
grp1,train,RNaseP_E.coli
grp1,train,RNaseP_E.eschscholtzii-2
grp1,train,RNaseP_E.eschsholtzii
grp1,train,RNaseP_E.faecalis
grp1,train,RNaseP_E.faecalis-2
grp1,train,RNaseP_EM14b-9
grp1,train,RNaseP_ERH
grp1,train,RNaseP_ESH167F
grp1,train,RNaseP_Fischerella-UTEX1829
grp1,train,RNaseP_G.gorilla
grp1,train,RNaseP_H.influenza
grp1,train,RNaseP_H.pylori-26695
grp1,train,RNaseP_H.pylori-48K
grp1,train,RNaseP_H.pylori-J99
grp1,train,RNaseP_H.trapanicum
grp1,train,RNaseP_I.calvum
grp1,train,RNaseP_K.pneumoniae
grp1,train,RNaseP_L.acidophilus
grp1,train,RNaseP_L.japonicus-IFO15385
grp1,train,RNaseP_LGA1
grp1,train,RNaseP_LGB27
grp1,train,RNaseP_LGB32
grp1,train,RNaseP_LGB41
grp1,train,RNaseP_LGW113
grp1,train,RNaseP_LGW18
grp1,train,RNaseP_LGW46
grp1,train,RNaseP_M.barkeri
grp1,train,RNaseP_M.bovis
grp1,train,RNaseP_M.capricolum
grp1,train,RNaseP_M.leprae
grp1,train,RNaseP_M.luteus
grp1,train,RNaseP_M.phosphovorus-JCM9380
grp1,train,RNaseP_M.sedula
grp1,train,RNaseP_M.thermoautotrophicum-DH
grp1,train,RNaseP_M.thermoautotrphicumMarb
grp1,train,RNaseP_M.tuberculosis
grp1,train,RNaseP_N.europaea
grp1,train,RNaseP_N.flavus
grp1,train,RNaseP_N.fulvus-JCM3335
grp1,train,RNaseP_N.gonnorhoeae
grp1,train,RNaseP_Nocardiodes-NSP41
grp1,train,RNaseP_Nostoc-PCC7413
grp1,train,RNaseP_Onchorhynchus-1
grp1,train,RNaseP_Onchorhynchus-sp-1
grp1,train,RNaseP_P.alcalifaciens
grp1,train,RNaseP_P.douglassii
grp1,train,RNaseP_P.gingivalis
grp1,train,RNaseP_P.marinus
grp1,train,RNaseP_P.mississippiensis
grp1,train,RNaseP_P.purpurea-chloroplast
grp1,train,RNaseP_P.staleyi
grp1,train,RNaseP_P.stutzeri
grp1,train,RNaseP_P.troglodytes
grp1,train,RNaseP_P.vulgaris
grp1,train,RNaseP_Prochlorococcus-PAC1B
grp1,train,RNaseP_Prochlorococcus-PCC9511
grp1,train,RNaseP_Prochlorococcus-TATL2
grp1,train,RNaseP_Prochlorococcus-TATL2-2
grp1,train,RNaseP_R.norvegicus
grp1,train,RNaseP_R.prowazekii
grp1,train,RNaseP_R.rubrum
grp1,train,RNaseP_S.acidocaldarius
grp1,train,RNaseP_S.bayanus
grp1,train,RNaseP_S.bikiniensis
grp1,train,RNaseP_S.caesia-K182
grp1,train,RNaseP_S.caesia-K76T
grp1,train,RNaseP_S.caesia-SB01
grp1,train,RNaseP_S.carlsbergensis
grp1,train,RNaseP_S.castellii
grp1,train,RNaseP_S.diastaticus
grp1,train,RNaseP_S.epidermidis
grp1,train,RNaseP_S.glauca-K194
grp1,train,RNaseP_S.globosus
grp1,train,RNaseP_S.japonicus
grp1,train,RNaseP_S.kluyveri
grp1,train,RNaseP_S.lividans
grp1,train,RNaseP_S.pastorianus
grp1,train,RNaseP_S.polymorpha
grp1,train,RNaseP_S.pyogenes
grp1,train,RNaseP_S.servazzii
grp1,train,RNaseP_S.shibatae
grp1,train,RNaseP_S.typhi
grp1,train,RNaseP_S.typhimurium
grp1,train,RNaseP_S.unisporus
grp1,train,RNaseP_S.uvarum
grp1,train,RNaseP_S.viridis-K73T
grp1,train,RNaseP_SL1-1
grp1,train,RNaseP_SLC
grp1,train,RNaseP_SM-A01
grp1,train,RNaseP_SM-A03
grp1,train,RNaseP_SM-A04
grp1,train,RNaseP_SM-A05
grp1,train,RNaseP_SM-A06
grp1,train,RNaseP_SM-A1012
grp1,train,RNaseP_SM-A1113
grp1,train,RNaseP_SM-A1315
grp1,train,RNaseP_SM-A1519
grp1,train,RNaseP_SM-A2642
grp1,train,RNaseP_SM-A2946
grp1,train,RNaseP_SM-A3862
grp1,train,RNaseP_SM-A4065
grp1,train,RNaseP_SM-A4775
grp1,train,RNaseP_SM-A4876
grp1,train,RNaseP_SM-A4977
grp1,train,RNaseP_SM-A5179
grp1,train,RNaseP_SM-A5382
grp1,train,RNaseP_SM-A5584
grp1,train,RNaseP_SM-A5888
grp1,train,RNaseP_SM-A6090
grp1,train,RNaseP_SM1
grp1,train,RNaseP_SMB-A3
grp1,train,RNaseP_SMB-A5
grp1,train,RNaseP_SMB-B3
grp1,train,RNaseP_SMB-B4
grp1,train,RNaseP_Synechococcus-PCC7942
grp1,train,RNaseP_Synechocystis-PCC6803
grp1,train,RNaseP_T.aquaticus
grp1,train,RNaseP_T.celerAL1-2
grp1,train,RNaseP_T.littoralis
grp1,train,RNaseP_T.pallidum
grp1,train,RNaseP_UK2
grp1,train,RNaseP_UK5
grp1,train,RNaseP_V.cholera
grp1,train,RNaseP_V.spinosum
grp1,train,RNaseP_WA1
grp1,train,RNaseP_Z.bailii
grp1,train,RNaseP_purpleX
grp1,train,srp_Acin.spec._CR543861
grp1,train,srp_Aede.aegy._DW714815
grp1,train,srp_Aero.pern._BA000002
grp1,train,srp_Alka.meta._CP000724
grp1,train,srp_Anae.sp.._CP000769
grp1,train,srp_Anto.locu._GSP-278021
grp1,train,srp_Arab.thal._AC005275
grp1,train,srp_Arab.thal._X72228
grp1,train,srp_Ashb.goss._AE016819
grp1,train,srp_Aspe.flav._GSP-332952
grp1,train,srp_Aspe.fumi._GSP-41122
grp1,train,srp_Aspe.terr._GSP-341663
grp1,train,srp_Baci.alca._D11422
grp1,train,srp_Baci.cere._CP000001
grp1,train,srp_Baci.poly._D11421
grp1,train,srp_Baci.subt._X06802
grp1,train,srp_Baci.subt._X12642
grp1,train,srp_Baci.thur._CP000485
grp1,train,srp_Bloc.flor._BX248585
grp1,train,srp_Borr.burg._AE000783
grp1,train,srp_Bos.taur._GSP-6282
grp1,train,srp_Brad.japo._BA000040
grp1,train,srp_Bras.napu._EE412262
grp1,train,srp_Bruc.meli._AM040264
grp1,train,srp_Bruc.ovis._CP000708
grp1,train,srp_Burk.mall._CP000546
grp1,train,srp_Burk.pseu._CP000124
grp1,train,srp_Caen.eleg._AY948607
grp1,train,srp_Camp.jeju._CP000025
grp1,train,srp_Carb.hydr._CP000141
grp1,train,srp_Caul.cres._AE005700
grp1,train,srp_Chla.cavi._AE016995
grp1,train,srp_Chla.muri._AE002160
grp1,train,srp_Chla.pneu._AE001363
grp1,train,srp_Chla.trac._AE001298
grp1,train,srp_Chlo.vulg._AB001684
grp1,train,srp_Cion.savi._BW551179
grp1,train,srp_Citr.sine._CN181543
grp1,train,srp_Clos.acet._AE001437
grp1,train,srp_Clos.beij._CP000721
grp1,train,srp_Clos.botu._AM412317
grp1,train,srp_Clos.diff._AM180355
grp1,train,srp_Clos.kluy._CP000673
grp1,train,srp_Clos.perf._CP000246
grp1,train,srp_Cocc.posa._GSP-222929
grp1,train,srp_Cryp.homi._GSP-353151
grp1,train,srp_Cryp.parv._XM_626716
grp1,train,srp_Cypr.carp._CF662133
grp1,train,srp_Dani.rrer._BX469912
grp1,train,srp_Desu.vulg._CP000527
grp1,train,srp_Dros.mela._AE014297
grp1,train,srp_Dros.mela._X00952
grp1,train,srp_Ence.cuni._AL590449
grp1,train,srp_Ente.faec._AE016953
grp1,train,srp_Ento.sulc._AF095839
grp1,train,srp_Esch.coli._AE016756
grp1,train,srp_Esch.coli._CP000243
grp1,train,srp_Esch.coli._CP000468
grp1,train,srp_Esch.coli._U82664
grp1,train,srp_Esch.coli._X01074
grp1,train,srp_Fran.tula._AJ749949
grp1,train,srp_Fran.tula._AM286280
grp1,train,srp_Fran.tula._CP000437
grp1,train,srp_Fran.tula._CP000439
grp1,train,srp_Gald.sulp._GSP-130081
grp1,train,srp_Gibb.zeae._GSP-229533
grp1,train,srp_Haem.infl._CP000672
grp1,train,srp_Hahe.chej._CP000155
grp1,train,srp_Halo.mari._AY596297
grp1,train,srp_Heli.annu._AJ828095
grp1,train,srp_Heli.pylo._AE001439
grp1,train,srp_Heli.pylo._CP000241
grp1,train,srp_Homo.sapi._AB061847
grp1,train,srp_Homo.sapi._BF875598
grp1,train,srp_Homo.sapi._BF909438
grp1,train,srp_Homo.sapi._BF909563
grp1,train,srp_Homo.sapi._NR_002715
grp1,train,srp_Humu.lupu._X65983
grp1,train,srp_Kleb.pneu._CP000647
grp1,train,srp_Kluy.lact._CR382126
grp1,train,srp_Lact.case._CP000423
grp1,train,srp_Lact.delb._CR954253
grp1,train,srp_Lact.john._AE017198
grp1,train,srp_Legi.pneu._CR628337
grp1,train,srp_Leis.braz._AY722724
grp1,train,srp_Leis.dono._AY722734
grp1,train,srp_Leis.guya._AY722728
grp1,train,srp_Leis.infa._SDB-5671
grp1,train,srp_Leis.majo._SDB-347515
grp1,train,srp_List.inno._AL596173
grp1,train,srp_List.mono._U15684
grp1,train,srp_List.wels._AM263198
grp1,train,srp_Mann.succ._AE016827
grp1,train,srp_Medi.trun._BE941271
grp1,train,srp_Medi.trun._CX540689
grp1,train,srp_Meth.acet._AE010299
grp1,train,srp_Meth.burt._CP000300
grp1,train,srp_Meth.jann._L77117
grp1,train,srp_Meth.mari._CP000745
grp1,train,srp_Meth.maze._AE008384
grp1,train,srp_Myco.bovi._BX248347
grp1,train,srp_Myco.hyop._AE017244
grp1,train,srp_Myco.lepr._AL023596
grp1,train,srp_Myco.myco._BX842642
grp1,train,srp_Myco.spec._CP000580
grp1,train,srp_Nitr.euro._AL954747
grp1,train,srp_Nitr.eutr._CP000450
grp1,train,srp_Para.bras._CN241137
grp1,train,srp_Phyt.ramo._GSP-164328
grp1,train,srp_Picr.torr._AE017261
grp1,train,srp_Plas.gall._GSP-5849
grp1,train,srp_Popu.bals._GSP-73824
grp1,train,srp_Proc.mari._AE017165
grp1,train,srp_Proc.mari._BX572093
grp1,train,srp_Proc.mari._CP000551
grp1,train,srp_Proc.mari._CP000576
grp1,train,srp_Proc.spec._AJ011025
grp1,train,srp_Pseu.syri._CP000075
grp1,train,srp_Psyc.arct._CP000082
grp1,train,srp_Psyc.sp.._CP000713
grp1,train,srp_Salm.ente._AE017220
grp1,train,srp_Schm.medi._GSP-79327
grp1,train,srp_Shew.spec._CP000503
grp1,train,srp_Shig.flex._AE005674
grp1,train,srp_Shig.flex._AE016979
grp1,train,srp_Shig.flex._CP000266
grp1,train,srp_Sili.spec._CP000377
grp1,train,srp_Sino.meli._AL591782
grp1,train,srp_Stap.aure._BX571857
grp1,train,srp_Stap.aure._CP000703
grp1,train,srp_Stap.aure._E36052
grp1,train,srp_Stap.epid._AF269814
grp1,train,srp_Stre.agal._AL766845
grp1,train,srp_Stre.muta._AE014133
grp1,train,srp_Stre.pneu._AE007319
grp1,train,srp_Stre.pneu._CP000410
grp1,train,srp_Stre.pyog._AE009969
grp1,train,srp_Stre.pyog._AE014139
grp1,train,srp_Stre.pyog._CP000056
grp1,train,srp_Stre.pyog._CP000260
grp1,train,srp_Stre.pyog._CP000261
grp1,train,srp_Sulf.solf._Y08257
grp1,train,srp_Sulf.toko._BA000023
grp1,train,srp_Ther.acid._AL445063
grp1,train,srp_Toxo.gond._GSP-398031
grp1,train,srp_Tric.vagi._GSP-5722-2
grp1,train,srp_Trit.aest._BE424647
grp1,train,srp_Trit.aest._CD897082
grp1,train,srp_Tryp.bruc._AF047723
grp1,train,srp_Tryp.bruc._S56681
grp1,train,srp_Tryp.bruc._X57047
grp1,train,srp_Tryp.cong._SDB-5692
grp1,train,srp_Vibr.chol._CP000627
grp1,train,srp_Xant.camp._CP000050
grp1,train,srp_Xant.oryz._AE013598
grp1,train,srp_Yarr.lipo._X51658
grp1,train,srp_Yers.pest._AE017042
grp1,train,srp_Yers.pest._AE017129
grp1,train,srp_Yers.pest._AJ414155
grp1,train,srp_Yers.pest._CP000305
grp1,train,tRNA_tdbR00000003-Haloferax_volcanii-2246-Ala-GGC
grp1,train,tRNA_tdbR00000010-Escherichia_coli-562-Ala-VGC
grp1,train,tRNA_tdbR00000013-Pichia_jadinii-4903-Ala-IGC
grp1,train,tRNA_tdbR00000017-Homo_sapiens-9606-Ala-IGC
grp1,train,tRNA_tdbR00000021-Saccharomyces_cerevisiae-4932-Cys-GCA
grp1,train,tRNA_tdbR00000024-Mycoplasma_capricolum-2095-Asp-GUC
grp1,train,tRNA_tdbR00000030-Aedes_albopictus-7160-Asp-GUC
grp1,train,tRNA_tdbR00000032-Rattus_norvegicus-10116-Asp-GUC
grp1,train,tRNA_tdbR00000036-Euglena_gracilis-3039-Asp-GUC
grp1,train,tRNA_tdbR00000038-Rattus_norvegicus-10116-Asp-8UC
grp1,train,tRNA_tdbR00000042-Haloferax_volcanii-2246-Glu-MUC
grp1,train,tRNA_tdbR00000043-Haloferax_volcanii-2246-Glu-NUC
grp1,train,tRNA_tdbR00000053-Bos_taurus-9913-Glu-NUC
grp1,train,tRNA_tdbR00000059-Rattus_norvegicus-10116-Glu-3UC
grp1,train,tRNA_tdbR00000063-Haloferax_volcanii-2246-Phe-GAA
grp1,train,tRNA_tdbR00000072-Phaseolus_vulgaris-3885-Phe-GAA
grp1,train,tRNA_tdbR00000074-Tetrahymena_pyriformis-5908-Phe-GAA
grp1,train,tRNA_tdbR00000089-Brassica_napus-3708-Phe-AA
grp1,train,tRNA_tdbR00000092-Oryctolagus_cuniculus-9986-Phe-AA
grp1,train,tRNA_tdbR00000093-Bombyx_mori-7091-Phe-AA
grp1,train,tRNA_tdbR00000098-Xenopus_laevis-8355-Phe-AA
grp1,train,tRNA_tdbR00000108-Haloferax_volcanii-2246-Gly-GCC
grp1,train,tRNA_tdbR00000109-Haloferax_volcanii-2246-Gly-NCC
grp1,train,tRNA_tdbR00000114-Staphylococcus_epidermidis-1282-Gly-UCC
grp1,train,tRNA_tdbR00000115-Staphylococcus_epidermidis-1282-Gly-UCC
grp1,train,tRNA_tdbR00000119-Escherichia_coli-562-Gly-NCC
grp1,train,tRNA_tdbR00000125-Bos_taurus-9913-Gly-UCC
grp1,train,tRNA_tdbR00000128-Halocynthia_roretzi-7729-Gly-GCU
grp1,train,tRNA_tdbR00000132-Lupinus_luteus-3873-Gly-GCC
grp1,train,tRNA_tdbR00000136-Homo_sapiens-9606-Gly-GCC
grp1,train,tRNA_tdbR00000139-Mycoplasma_capricolum-2095-His-GUK
grp1,train,tRNA_tdbR00000142-Saccharomyces_cerevisiae-4932-His-GUG
grp1,train,tRNA_tdbR00000143-Asterias_amurensis-7602-His-QUG
grp1,train,tRNA_tdbR00000151-Haloferax_volcanii-2246-Ile-GAU
grp1,train,tRNA_tdbR00000159-Escherichia_coli-562-Ile-GAU
grp1,train,tRNA_tdbR00000165-Solanum_tuberosum-4113-Ile-AU
grp1,train,tRNA_tdbR00000175-Haloferax_volcanii-2246-Lys-NUU
grp1,train,tRNA_tdbR00000177-Mycoplasma_capricolum-2095-Lys-CUU
grp1,train,tRNA_tdbR00000179-Bacillus_subtilis-1423-Lys-UU
grp1,train,tRNA_tdbR00000192-Saccharomyces_cerevisiae-4932-Lys-CUU
grp1,train,tRNA_tdbR00000194-Triticum_aestivum-4565-Lys-CUU
grp1,train,tRNA_tdbR00000196-Rattus_norvegicus-10116-Lys-CUN
grp1,train,tRNA_tdbR00000206-Loligo_bleekeri-6617-Lys-UUU
grp1,train,tRNA_tdbR00000208-Mus_musculus-10090-Lys-CUN
grp1,train,tRNA_tdbR00000209-Enterobacteria_phage_T4-10665-Leu-NAA
grp1,train,tRNA_tdbR00000216-Mycoplasma_capricolum-2095-Leu-BAA
grp1,train,tRNA_tdbR00000218-Mycoplasma_capricolum-2095-Leu-UAG
grp1,train,tRNA_tdbR00000221-Escherichia_coli-562-Leu-CAG
grp1,train,tRNA_tdbR00000222-Escherichia_coli-562-Leu-GAG
grp1,train,tRNA_tdbR00000228-Glycine_max-3847-Leu-BAA
grp1,train,tRNA_tdbR00000230-Glycine_max-3847-Leu-UA7
grp1,train,tRNA_tdbR00000233-Phaseolus_vulgaris-3885-Leu-UA7
grp1,train,tRNA_tdbR00000236-Neurospora_crassa-5141-Leu-UAG
grp1,train,tRNA_tdbR00000237-Saccharomyces_cerevisiae-4932-Leu-AA
grp1,train,tRNA_tdbR00000243-Rattus_norvegicus-10116-Leu-UAG
grp1,train,tRNA_tdbR00000244-Rattus_norvegicus-10116-Leu-UAG
grp1,train,tRNA_tdbR00000245-Rattus_norvegicus-10116-Leu-UAG
grp1,train,tRNA_tdbR00000252-Pichia_jadinii-4903-Leu-BAA
grp1,train,tRNA_tdbR00000254-Candida_cylindracea-44322-Leu-IAG
grp1,train,tRNA_tdbR00000270-Avian_myeloblastosis_virus-11866-Met-BAU
grp1,train,tRNA_tdbR00000273-Mycoplasma_capricolum-2095-Met-CAU
grp1,train,tRNA_tdbR00000277-Codium_fragile-3133-Met-CAU
grp1,train,tRNA_tdbR00000278-Scenedesmus_obliquus-3088-Met-CAU
grp1,train,tRNA_tdbR00000282-Ascaris_suum-6253-Met-AU
grp1,train,tRNA_tdbR00000285-Triticum_aestivum-4565-Met-BAU
grp1,train,tRNA_tdbR00000286-Lupinus_luteus-3873-Met-BAU
grp1,train,tRNA_tdbR00000291-Halobacterium_salinarum-2242-Asn-GUU
grp1,train,tRNA_tdbR00000294-Mycoplasma_capricolum-2095-Asn-GUU
grp1,train,tRNA_tdbR00000300-Saccharomyces_cerevisiae-4932-Asn-GUU
grp1,train,tRNA_tdbR00000301-Lupinus_luteus-3873-Asn-UU
grp1,train,tRNA_tdbR00000309-Enterobacteria_phage_T4-10665-Pro-NGG
grp1,train,tRNA_tdbR00000313-Haloferax_volcanii-2246-Pro-UGG
grp1,train,tRNA_tdbR00000316-Bacillus_subtilis-1423-Pro-5GG
grp1,train,tRNA_tdbR00000317-Salmonella_typhimurium-602-Pro-CGG
grp1,train,tRNA_tdbR00000328-Enterobacteria_phage_T5-10726-Gln-UUG
grp1,train,tRNA_tdbR00000333-Escherichia_coli-562-Gln-NUG
grp1,train,tRNA_tdbR00000336-Aedes_albopictus-7160-Gln-NUG
grp1,train,tRNA_tdbR00000337-Tetrahymena_thermophila-5911-Gln-CUA
grp1,train,tRNA_tdbR00000338-Tetrahymena_thermophila-5911-Gln-JUA
grp1,train,tRNA_tdbR00000346-Homo_sapiens-9606-Gln-NUG
grp1,train,tRNA_tdbR00000347-Enterobacteria_phage_T4-10665-Arg-NCU
grp1,train,tRNA_tdbR00000351-Haloferax_volcanii-2246-Arg-NCG
grp1,train,tRNA_tdbR00000352-Mycoplasma_capricolum-2095-Arg-ICG
grp1,train,tRNA_tdbR00000355-Escherichia_coli-562-Arg-ICG
grp1,train,tRNA_tdbR00000358-Escherichia_coli-562-Arg-CU
grp1,train,tRNA_tdbR00000360-Codium_fragile-3133-Arg-ICG
grp1,train,tRNA_tdbR00000363-Ascaris_suum-6253-Arg-PCU
grp1,train,tRNA_tdbR00000364-Ascaris_suum-6253-Arg-ACG
grp1,train,tRNA_tdbR00000365-Aedes_albopictus-7160-Arg-UCG
grp1,train,tRNA_tdbR00000368-Mesocricetus_auratus-10036-Arg-UCG
grp1,train,tRNA_tdbR00000371-Saccharomyces_cerevisiae-4932-Arg-1CU
grp1,train,tRNA_tdbR00000375-Bos_taurus-9913-Arg-CCU
grp1,train,tRNA_tdbR00000376-Bos_taurus-9913-Arg-3CP
grp1,train,tRNA_tdbR00000377-Mus_musculus-10090-Arg-ICG
grp1,train,tRNA_tdbR00000380-Halobacterium_salinarum-2242-Ser-MGA
grp1,train,tRNA_tdbR00000383-Haloferax_volcanii-2246-Ser-GGA
grp1,train,tRNA_tdbR00000386-Mycoplasma_mycoides-2102-Ser-UGA
grp1,train,tRNA_tdbR00000393-Escherichia_coli-562-Ser-GGA
grp1,train,tRNA_tdbR00000394-Escherichia_coli-562-Ser-VGA
grp1,train,tRNA_tdbR00000400-Loligo_bleekeri-6617-Ser-7CU
grp1,train,tRNA_tdbR00000403-Bos_taurus-9913-Ser-UGA
grp1,train,tRNA_tdbR00000407-Saccharomyces_cerevisiae-4932-Ser-IGA
grp1,train,tRNA_tdbR00000408-Saccharomyces_cerevisiae-4932-Ser-IGA
grp1,train,tRNA_tdbR00000413-Candida_cylindracea-44322-Ser-GCU
grp1,train,tRNA_tdbR00000415-Nicotiana_rustica-4093-Ser-GA
grp1,train,tRNA_tdbR00000416-Nicotiana_rustica-4093-Ser-CGA
grp1,train,tRNA_tdbR00000424-Drosophila_melanogaster-7227-Ser-GCU
grp1,train,tRNA_tdbR00000430-Halobacterium_salinarum-2242-Thr-GGU
grp1,train,tRNA_tdbR00000431-Haloferax_volcanii-2246-Thr-CGU
grp1,train,tRNA_tdbR00000432-Haloferax_volcanii-2246-Thr-GGU
grp1,train,tRNA_tdbR00000443-Saccharomyces_cerevisiae-4932-Thr-IGU
grp1,train,tRNA_tdbR00000448-Halobacterium_salinarum-2242-Val-GAC
grp1,train,tRNA_tdbR00000451-Mycoplasma_capricolum-2095-Val-UAC
grp1,train,tRNA_tdbR00000453-Bacillus_subtilis-1423-Val-5AC
grp1,train,tRNA_tdbR00000455-Escherichia_coli-562-Val-GAC
grp1,train,tRNA_tdbR00000459-Neurospora_crassa-5141-Val-UAC
grp1,train,tRNA_tdbR00000461-Rattus_norvegicus-10116-Val-UAC
grp1,train,tRNA_tdbR00000463-Bos_taurus-9913-Val-UAC
grp1,train,tRNA_tdbR00000465-Saccharomyces_cerevisiae-4932-Val-CAC
grp1,train,tRNA_tdbR00000467-Pichia_jadinii-4903-Val-IAC
grp1,train,tRNA_tdbR00000471-Oryctolagus_cuniculus-9986-Val-IAC
grp1,train,tRNA_tdbR00000472-Drosophila_melanogaster-7227-Val-IAC
grp1,train,tRNA_tdbR00000475-Mus_musculus-10090-Val-IAC
grp1,train,tRNA_tdbR00000477-Avian_myeloblastosis_virus-11866-Trp-BCA
grp1,train,tRNA_tdbR00000480-Mycoplasma_capricolum-2095-Trp-CA
grp1,train,tRNA_tdbR00000482-Spiroplasma_citri-2133-Trp-CCA
grp1,train,tRNA_tdbR00000485-Nicotiana_tabacum-4097-Trp-BCA
grp1,train,tRNA_tdbR00000486-Phaseolus_vulgaris-3885-Trp-BCA
grp1,train,tRNA_tdbR00000488-Tetrahymena_thermophila-5911-Trp-CA
grp1,train,tRNA_tdbR00000492-Rattus_norvegicus-10116-Trp-NCA
grp1,train,tRNA_tdbR00000498-Gallus_gallus-9031-Trp-BCA
grp1,train,tRNA_tdbR00000500-Haloferax_volcanii-2246-Ini-CAU
grp1,train,tRNA_tdbR00000504-Mycoplasma_capricolum-2095-Ini-CAU
grp1,train,tRNA_tdbR00000505-Mycoplasma_mycoides-2102-Ini-CAU
grp1,train,tRNA_tdbR00000510-Escherichia_coli-562-Ini-CAU
grp1,train,tRNA_tdbR00000512-Mycobacterium_smegmatis-1772-Ini-CAU
grp1,train,tRNA_tdbR00000519-Phaseolus_vulgaris-3885-Ini-CAU
grp1,train,tRNA_tdbR00000522-Bos_taurus-9913-Ini-AU
grp1,train,tRNA_tdbR00000529-Triticum_aestivum-4565-Ini-CAU
grp1,train,tRNA_tdbR00000532-Oryctolagus_cuniculus-9986-Ini-CAU
grp1,train,tRNA_tdbR00000533-Drosophila_melanogaster-7227-Ini-CAU
grp1,train,tRNA_tdbR00000534-Euphausia_superba-6819-Ini-CAU
grp1,train,tRNA_tdbR00000535-Xenopus_laevis-8355-Ini-CAU
grp1,train,tRNA_tdbR00000539-Ovis_aries-9940-Ini-CAU
grp1,train,tRNA_tdbR00000545-Escherichia_coli-562-Tyr-QUA
grp1,train,tRNA_tdbR00000546-Escherichia_coli-562-Tyr-QUA
grp1,train,tRNA_tdbR00000548-Scenedesmus_obliquus-3088-Tyr-GUA
grp1,train,tRNA_tdbR00000556-Schizosaccharomyces_pombe-4896-Tyr-GPA
grp1,train,tRNA_tdbR00000560-Lupinus_luteus-3873-Tyr-GPA
grp1,train,tRNA_tdbR00000575-Leishmania_tarentolae-5689-Thr-CGU
grp1,train,tRNA_tdbR00000578-Leishmania_tarentolae-5689-Glu-3UC
grp1,train,tRNA_tdbR00000581-Aeropyrum_pernix-56636-Lys-CUU
grp1,train,tRNA_tdbR00000584-Aeropyrum_pernix-56636-Pro-GGG
grp1,train,tRNA_tdbR00000587-Aeropyrum_pernix-56636-Met-CAU
grp1,train,tRNA_tdbR00000590-Ascaris_suum-6253-Glu-UC
grp1,train,tRNA_tdbR00000605-Lupinus_luteus-3873-Leu-CAG
grp1,train,tRNA_tdbR00000611-Sinorhizobium_meliloti-382-His-GUG
grp1,train,tRNA_tdbR00000613-Nanoarchaeum_equitans-160232-Glu-CUC
grp1,train,tRNA_tdbR00000617-Nanoarchaeum_equitans-160232-Gln-UUG
grp1,train,tRNA_tdbR00000618-Candida_albicans-5476-Leu-CAG
grp1,train,telomerase_AC121792.109554-109950
grp1,train,telomerase_AF147806.247-692
grp1,train,telomerase_AF221906.96-545
grp1,train,telomerase_AF221908.136-584
grp1,train,telomerase_AF221909.98-496
grp1,train,telomerase_AF221910.112-554
grp1,train,telomerase_AF221911.104-513
grp1,train,telomerase_AF221913.109-520
grp1,train,telomerase_AF221914.112-589
grp1,train,telomerase_AF221916.94-481
grp1,train,telomerase_AF221918.97-547
grp1,train,telomerase_AF221919.107-614
grp1,train,telomerase_AF221920.99-541
grp1,train,telomerase_AF221921.98-548
grp1,train,telomerase_AF221924.105-538
grp1,train,telomerase_AF221926.103-507
grp1,train,telomerase_AF221927.113-556
grp1,train,telomerase_AF221929.92-517
grp1,train,telomerase_AF221930.94-546
grp1,train,telomerase_AF221931.99-541
grp1,train,telomerase_AF221932.102-549
grp1,train,telomerase_AF221934.121-565
grp1,train,telomerase_AF221935.112-602
grp1,train,telomerase_AF221936.98-540
grp1,train,telomerase_AF221937.99-545
grp1,train,telomerase_AF221939.99-544
grp1,train,telomerase_AF221940.103-499
grp1,train,telomerase_U85256.1-451
grp1,train,tmRNA_Acti.acti._TRW-272556_1-366
grp1,train,tmRNA_Acti.naes._TRW-240017_1-371
grp1,train,tmRNA_Acti.succ._TRW-339671_1-367
grp1,train,tmRNA_Aero.hydr._AY442269_1-360
grp1,train,tmRNA_Aero.hydr._CP000462_1-360
grp1,train,tmRNA_Anab.vari._CP000117_1-390
grp1,train,tmRNA_Azoa.spec._TRW-62928_1-378
grp1,train,tmRNA_Baci.G._TRW-12333_1-312
grp1,train,tmRNA_Baci.anth._AE016879_1-355
grp1,train,tmRNA_Baci.halo._BA000004_1-361
grp1,train,tmRNA_Baci.thur._AE017355_1-355
grp1,train,tmRNA_Bact.frag._CR626927_1-398
grp1,train,tmRNA_Bact.frag._TRW-817_1-398
grp1,train,tmRNA_Bdel.bact._BX842656_1-346
grp1,train,tmRNA_Bord.bron._TRW-257310_1-387
grp1,train,tmRNA_Bord.para._TRW-257311_1-387
grp1,train,tmRNA_Borr.burg._AE001118_1-359
grp1,train,tmRNA_Buch.aphi._BD061520_1-369
grp1,train,tmRNA_Burk.ceno._CP000378_1-370
grp1,train,tmRNA_Burk.mall._CP000010_1-370
grp1,train,tmRNA_Burk.spec._CP000151_1-370
grp1,train,tmRNA_Camp.coli._TRW-306254_1-359
grp1,train,tmRNA_Camp.fetu._AY211269_1-361
grp1,train,tmRNA_Camp.lari._TRW-306263_1-359
grp1,train,tmRNA_Camp.upsa._TRW-306264_1-359
grp1,train,tmRNA_Carn.malt._AF275938_1-366
grp1,train,tmRNA_Chla.abor._CR848038_1-425
grp1,train,tmRNA_Chla.cavi._AE015925_1-425
grp1,train,tmRNA_Chla.muri._AE002296_1-418
grp1,train,tmRNA_Chla.trac._TRW-272561_1-420
grp1,train,tmRNA_Chlo.chlo._CP000108_1-401
grp1,train,tmRNA_Clav.mich._TRW-31964_1-376
grp1,train,tmRNA_Clos.acet._AE001437_1-359
grp1,train,tmRNA_Clos.botu._TRW-36826_1-355
grp1,train,tmRNA_Clos.diff._TRW-367459_1-350
grp1,train,tmRNA_Clos.ther._TRW-203119_1-387
grp1,train,tmRNA_Croc.wats._TRW-165597_1-386
grp1,train,tmRNA_Cyan.mero._AY286123_1-236
grp1,train,tmRNA_Desu.psyc._CR522870_1-366
grp1,train,tmRNA_Dich.nodo._TRW-35819_1-352
grp1,train,tmRNA_Emil.huxl._TRW-280463_1-291
grp1,train,tmRNA_Ente.faec._BD193796_1-367
grp1,train,tmRNA_Ente.faec._TRW-1352_1-367
grp1,train,tmRNA_Erwi.caro._BX950851_1-363
grp1,train,tmRNA_Esch.coli._AE005491_1-363
grp1,train,tmRNA_Esch.coli._AP009048_1-363
grp1,train,tmRNA_Esch.coli._BA000007_1-363
grp1,train,tmRNA_Esch.coli._CP000247_1-363
grp1,train,tmRNA_Esch.coli._D90888_1-363
grp1,train,tmRNA_Exig.sibi._TRW-262543_1-359
grp1,train,tmRNA_Fibr.succ._TRW-59374_1-361
grp1,train,tmRNA_Fran.tula._AM233362_1-421
grp1,train,tmRNA_Fran.tula._AM286280_1-421
grp1,train,tmRNA_Fran.tula._CP000437_1-421
grp1,train,tmRNA_Fuso.nucl._AE010567_1-341
grp1,train,tmRNA_Fuso.nucl._TRW-209882_1-344
grp1,train,tmRNA_Gemm.obsc._TRW-214688_1-412
grp1,train,tmRNA_Geob.meta._CP000148_1-356
grp1,train,tmRNA_Geob.stea._TRW-1422_1-352
grp1,train,tmRNA_Guil.thet._AF041468_1-327
grp1,train,tmRNA_Haem.ducr._AE017143_1-367
grp1,train,tmRNA_Haem.infl._AY599475_1-366
grp1,train,tmRNA_Haem.infl._TRW-262727_1-366
grp1,train,tmRNA_Haem.infl._TRW-262728_1-366
grp1,train,tmRNA_Haem.infl._U32808_1-366
grp1,train,tmRNA_Heli.must._DQ250625_1-366
grp1,train,tmRNA_Heli.pylo._AE000511_1-386
grp1,train,tmRNA_Heli.pylo._AE001503_1-383
grp1,train,tmRNA_Heli.pylo._TRW-85962_1-386
grp1,train,tmRNA_Heli.pylo._TRW-85963_1-386
grp1,train,tmRNA_Kleb.pneu._TRW-272620_1-363
grp1,train,tmRNA_Lact.lact._AE006373_1-359
grp1,train,tmRNA_Lact.lact._AF176556_1-359
grp1,train,tmRNA_Lact.plan._AL935259_1-372
grp1,train,tmRNA_Leif.xyli._AE016822_1-394
grp1,train,tmRNA_Lept.inte._AE016823_1-350
grp1,train,tmRNA_Lept.spec._TRW-261385_1-359
grp1,train,tmRNA_Lept.spec._TRW-261386_1-359
grp1,train,tmRNA_Leuc.mese._CP000414_1-358
grp1,train,tmRNA_Leuc.mese._TRW-1245_1-358
grp1,train,tmRNA_List.gray._AF440336_1-321
grp1,train,tmRNA_List.wels._AF440351_1-321
grp1,train,tmRNA_Mann.haem._TRW-272629_1-367
grp1,train,tmRNA_Mann.succ._AE016827_1-367
grp1,train,tmRNA_Moor.ther._CP000232_1-358
grp1,train,tmRNA_Mora.cata._AX067460_1-359
grp1,train,tmRNA_Myco.Bxz1._AY129337_1-437
grp1,train,tmRNA_Myco.afri._TRW-33894_1-368
grp1,train,tmRNA_Myco.bovi._TRW-1765_1-368
grp1,train,tmRNA_Myco.capr._D13067_1-411
grp1,train,tmRNA_Myco.myco._BX842642_1-411
grp1,train,tmRNA_Myco.pulm._AL445565_1-387
grp1,train,tmRNA_Myco.smeg._CP000480_1-369
grp1,train,tmRNA_Myco.tube._TRW-164513_1-368
grp1,train,tmRNA_Myxo.xant._TRW-34_1-366
grp1,train,tmRNA_Neis.gono._TRW-242231_1-363
grp1,train,tmRNA_Neis.meni._TRW-272831_1-363
grp1,train,tmRNA_Nitr.mult._CP000103_1-362
grp1,train,tmRNA_Nost.punc._TRW-63737_1-390
grp1,train,tmRNA_Nost.spec._BA000019_1-390
grp1,train,tmRNA_Odon.sine._TRW-2839_1-371
grp1,train,tmRNA_Oeno.oeni._TRW-203123_1-350
grp1,train,tmRNA_Onio.yell._AP006628_1-423
grp1,train,tmRNA_Para.symb._BX908798_1-405
grp1,train,tmRNA_Pedi.pent._CP000422_1-369
grp1,train,tmRNA_Porp.ging._TRW-242619_1-407
grp1,train,tmRNA_Porp.purp._TRW-2787_1-323
grp1,train,tmRNA_Prop.acne._AE017283_1-371
grp1,train,tmRNA_Prop.acne._TRW-1747-1_1-371
grp1,train,tmRNA_Pseu.aeru._AE004091_1-353
grp1,train,tmRNA_Pseu.aeru._CP000438_1-353
grp1,train,tmRNA_Pseu.fluo._CP000076_1-394
grp1,train,tmRNA_Pseu.syri._AE016853_1-388
grp1,train,tmRNA_Rals.sola._AL646052_1-360
grp1,train,tmRNA_Rubr.gela._TRW-279263_1-372
grp1,train,tmRNA_Rumi.albu._TRW-246199_1-354
grp1,train,tmRNA_Sali.rube._CP000159_1-369
grp1,train,tmRNA_Salm.bong._TRW-218493_1-363
grp1,train,tmRNA_Salm.ente._AE014613_1-363
grp1,train,tmRNA_Salm.typh._AY316313_1-363
grp1,train,tmRNA_Salm.typh._AY319520_1-363
grp1,train,tmRNA_Serr.marc._TRW-273526_1-364
grp1,train,tmRNA_Shew.onei._AX048560_1-355
grp1,train,tmRNA_Shew.putr._TRW-319224_1-356
grp1,train,tmRNA_Shew.spec._CP000444_1-355
grp1,train,tmRNA_Shew.spec._CP000446_1-355
grp1,train,tmRNA_Shew.spec._TRW-323850_1-356
grp1,train,tmRNA_Shig.dyse._CP000034_1-363
grp1,train,tmRNA_Stap.aure._AC074317_1-359
grp1,train,tmRNA_Stap.aure._BA000017_1-362
grp1,train,tmRNA_Stap.aure._BX571857_1-362
grp1,train,tmRNA_Stap.aure._TRW-1280_1-362
grp1,train,tmRNA_Stap.epid._TRW-1282-2_1-362
grp1,train,tmRNA_Sten.malt._TRW-40324_1-354
grp1,train,tmRNA_Stre.agal._AE014233_1-350
grp1,train,tmRNA_Stre.aure._AY616521_1-382
grp1,train,tmRNA_Stre.aver._BA000030_1-389
grp1,train,tmRNA_Stre.scab._TRW-1883_1-402
grp1,train,tmRNA_Stre.sobr._TRW-246202_1-349
grp1,train,tmRNA_Sulf.azor._TRW-204536_1-351
grp1,train,tmRNA_Syne.spec._D90916_1-396
grp1,train,tmRNA_Synt.acid._CP000252_1-356
grp1,train,tmRNA_Thal.pseu._EF067921_1-344
grp1,train,tmRNA_Thal.weis._AF049491_1-348
grp1,train,tmRNA_Trep.dent._AE017226_1-351
grp1,train,tmRNA_Tric.eryt._CP000393_1-398
grp1,train,tmRNA_Trop.whip._BX251411_1-369
grp1,train,tmRNA_Urea.parv._AE002154_1-413
grp1,train,tmRNA_Xant.axon._AE011783_1-397
grp1,train,tmRNA_Xyle.fast._AE003849_1-355
grp1,train,tmRNA_Xyle.fast._AE004078_1-355
grp1,train,tmRNA_Xyle.fast._TRW-155920_1-355
grp1,train,tmRNA_Yers.ente._TRW-34054_1-381
grp1,train,tmRNA_Yers.inte._TRW-349965_1-381
grp1,train,tmRNA_Yers.pest._CP000305_1-364
grp1,train,tmRNA_envi.sequ._TRW-259292_1-355
grp1,train,tmRNA_envi.sequ._TRW-32045-1_1-355
grp1,train,tmRNA_envi.sequ._TRW-32045-2_1-345
grp1,train,tmRNA_uncu.bact._TRW-32033-1_1-354
grp1,train,tmRNA_uncu.bact._TRW-32045-4_1-369
grp1,valid,16s_A.fulgidus_domain4
grp1,valid,16s_B.subtilis_domain4
grp1,valid,16s_C.reinhardtii.chloro_domain1
grp1,valid,16s_C.reinhardtii.chloro_domain3
grp1,valid,16s_C.reinhardtii.mito_domain1
grp1,valid,16s_C.reinhardtii.mito_domain2
grp1,valid,16s_G.intestinalis_domain4
grp1,valid,16s_H.sapiens.mito_domain3
grp1,valid,16s_H.sapiens.mito_domain4
grp1,valid,16s_P.staleyi_domain2
grp1,valid,16s_T.gondii_domain3
grp1,valid,16s_T.maritima_domain2
grp1,valid,16s_T.maritima_domain3
grp1,valid,16s_Z.mays_domain1
grp1,valid,23s_B.subtilis_domain4
grp1,valid,23s_S.aureus_domain3
grp1,valid,23s_T.thermophilus_domain6
grp1,valid,5s_Acanthamoeba-castellanii-2
grp1,valid,5s_Acinetospora-crinita-1
grp1,valid,5s_Asterina-pectinifera-1
grp1,valid,5s_Auricularia-auricula-judae-1
grp1,valid,5s_Azotobacter-vinelandii-1
grp1,valid,5s_Bacillus-anthracis-10
grp1,valid,5s_Bacillus-halodurans-4
grp1,valid,5s_Bacillus-thuringiensis-1
grp1,valid,5s_Bifidobacterium-longum-1
grp1,valid,5s_Bifidobacterium-longum-3
grp1,valid,5s_Brevibacillus-brevis-1
grp1,valid,5s_Caenorhabditis-briggsae-1
grp1,valid,5s_Cystobacter-fuscus-1
grp1,valid,5s_Dipsacomyces-acuminosporus-1
grp1,valid,5s_Dugesia-japonica-1
grp1,valid,5s_E_glandulE
grp1,valid,5s_Eisenia-bicyclis-1
grp1,valid,5s_Emericella-nidulans-8
grp1,valid,5s_Empedobacter-brevis-1
grp1,valid,5s_Escherichia-coli-6
grp1,valid,5s_Fusarium-lunulosporum-3
grp1,valid,5s_Fusobacterium-nucleatum-4
grp1,valid,5s_Haloferax-volcanii-2
grp1,valid,5s_Hyphomonas-oligotropha-1
grp1,valid,5s_Idiomarina-loihiensis-1
grp1,valid,5s_Kluyveromyces-delphensis-1
grp1,valid,5s_Lentinula-edodes-2
grp1,valid,5s_Mycoplasma-genitalium-1
grp1,valid,5s_Mycoplasma-penetrans-1
grp1,valid,5s_Paracentrotus-lividus-2
grp1,valid,5s_Photobacterium-profundum-3
grp1,valid,5s_Pirellula-sp.-1
grp1,valid,5s_Propionibacterium-acnes-1
grp1,valid,5s_Staphylococcus-aureus-1
grp1,valid,5s_Streptococcus-pyogenes-2
grp1,valid,5s_Streptomyces-roseoverticillatus-1
grp1,valid,5s_Thermus-thermophilus-2
grp1,valid,5s_Thiomonas-cuprina-1
grp1,valid,5s_Ustilago-maydis-1
grp1,valid,5s_Vitreoscilla-filiformis-1
grp1,valid,RNaseP_A.chroococcum
grp1,valid,RNaseP_B.brevis
grp1,valid,RNaseP_B.bronchiseptica
grp1,valid,RNaseP_B.pertussis
grp1,valid,RNaseP_B.stearothermophilus
grp1,valid,RNaseP_Buchnera-APS
grp1,valid,RNaseP_C.sporogenes
grp1,valid,RNaseP_CPA54
grp1,valid,RNaseP_E1B
grp1,valid,RNaseP_ESH20b-1
grp1,valid,RNaseP_ESH26-4
grp1,valid,RNaseP_ESH7-9
grp1,valid,RNaseP_H.aurantiacus
grp1,valid,RNaseP_H.chlorum-partial
grp1,valid,RNaseP_H.pylori-RU1
grp1,valid,RNaseP_M.hyopneumoniae
grp1,valid,RNaseP_M.pneumoniae
grp1,valid,RNaseP_M.vannielli
grp1,valid,RNaseP_N.meningitidis-Z2491
grp1,valid,RNaseP_Onchorhynchus-2
grp1,valid,RNaseP_Onchorhynchus-sp-2
grp1,valid,RNaseP_P.azotoformans
grp1,valid,RNaseP_P.furiosus-2
grp1,valid,RNaseP_P.putida
grp1,valid,RNaseP_P.strasburgensis
grp1,valid,RNaseP_P131
grp1,valid,RNaseP_Prochlorococcus-PAC1A
grp1,valid,RNaseP_R.americana-mito
grp1,valid,RNaseP_S.caesia-K200
grp1,valid,RNaseP_S.mutans
grp1,valid,RNaseP_S.viridis-K191
grp1,valid,RNaseP_SM-A1214
grp1,valid,RNaseP_Synechocystis-PCC6308
grp1,valid,RNaseP_T.acidophilum
grp1,valid,RNaseP_T.maritima-g
grp1,valid,RNaseP_T.neapolitana
grp1,valid,RNaseP_T.syrichta
grp1,valid,RNaseP_T.thermophilus
grp1,valid,RNaseP_VSDW
grp1,valid,RNaseP_Y.pestis
grp1,valid,srp_Bdel.bact._BX842656
grp1,valid,srp_Burk.pseu._CP000572
grp1,valid,srp_Cand.Bloc._CP000016
grp1,valid,srp_Chla.rein._SDB-3055
grp1,valid,srp_Cory.diph._BX248354
grp1,valid,srp_Cory.jeik._CR931997
grp1,valid,srp_Dros.moja._GSP-7230
grp1,valid,srp_Esch.coli._U00096
grp1,valid,srp_Halo.volc._AF395888
grp1,valid,srp_Homo.sapi._BE083383
grp1,valid,srp_Homo.sapi._BF909560
grp1,valid,srp_Humu.lupu._AJ236703
grp1,valid,srp_Hype.buty._CP000493
grp1,valid,srp_Kine.radi._CP000750
grp1,valid,srp_Leis.infa._AM502223
grp1,valid,srp_Leis.majo._AY722715
grp1,valid,srp_Lyco.escu._Z29099
grp1,valid,srp_Mari.aqua._CP000514
grp1,valid,srp_Medi.trun._AC136507
grp1,valid,srp_Meth.ferv._M32222
grp1,valid,srp_Mono.brev._GSP-81824
grp1,valid,srp_Myco.geni._L43967
grp1,valid,srp_Myco.syno._AE017245
grp1,valid,srp_Nitr.euro._BX321857
grp1,valid,srp_Onch.volv._AI249203
grp1,valid,srp_Orni.anat._GSP-9258
grp1,valid,srp_Pyro.cali._CP000561
grp1,valid,srp_Pyro.hori._BA000001
grp1,valid,srp_Rick.typh._AE017197
grp1,valid,srp_Sacc.para._BN000251
grp1,valid,srp_Shew.balt._CP000563
grp1,valid,srp_Shig.flex._AE014073
grp1,valid,srp_Stre.pyog._AM295007
grp1,valid,srp_Thal.pseu._EF067921
grp1,valid,srp_Thal.pseu._GSP-296543
grp1,valid,srp_Ther.koda._AP006878
grp1,valid,srp_Ther.mela._CP000716
grp1,valid,srp_Trop.whip._AE014184
grp1,valid,srp_Trop.whip._AE016852
grp1,valid,srp_Yers.pseu._BX936398
grp1,valid,tRNA_tdbR00000011-Neurospora_crassa-5141-Ala-UGC
grp1,valid,tRNA_tdbR00000020-Escherichia_coli-562-Cys-GCA
grp1,valid,tRNA_tdbR00000026-Escherichia_coli-562-Asp-QUC
grp1,valid,tRNA_tdbR00000067-Escherichia_coli-562-Phe-GAA
grp1,valid,tRNA_tdbR00000078-Ascaris_suum-6253-Phe-GAA
grp1,valid,tRNA_tdbR00000090-Lupinus_luteus-3873-Phe-AA
grp1,valid,tRNA_tdbR00000111-Mycoplasma_capricolum-2095-Gly-UCC
grp1,valid,tRNA_tdbR00000140-Escherichia_coli-562-His-QUG
grp1,valid,tRNA_tdbR00000155-Mycoplasma_mycoides-2102-Ile-GAU
grp1,valid,tRNA_tdbR00000164-Saccharomyces_cerevisiae-4932-Ile-GAU
grp1,valid,tRNA_tdbR00000170-Saccharomyces_cerevisiae-4932-Ile-IAU
grp1,valid,tRNA_tdbR00000172-Lupinus_luteus-3873-Ile-IAU
grp1,valid,tRNA_tdbR00000176-Haloferax_volcanii-2246-Lys-MUU
grp1,valid,tRNA_tdbR00000184-Asterias_amurensis-7602-Lys-CUU
grp1,valid,tRNA_tdbR00000197-Rattus_norvegicus-10116-Lys-3UU
grp1,valid,tRNA_tdbR00000199-Oryctolagus_cuniculus-9986-Lys-CUU
grp1,valid,tRNA_tdbR00000211-Haloferax_volcanii-2246-Leu-CAA
grp1,valid,tRNA_tdbR00000225-Synechococcus_elongatus_PCC_6301-269084-Leu-CAA
grp1,valid,tRNA_tdbR00000234-Spinacia_oleracea-3562-Leu-UA7
grp1,valid,tRNA_tdbR00000342-Bos_taurus-9913-Gln-CUG
grp1,valid,tRNA_tdbR00000343-Mus_musculus-10090-Gln-CUG
grp1,valid,tRNA_tdbR00000356-Escherichia_coli-562-Arg-ICG
grp1,valid,tRNA_tdbR00000396-Saccharomyces_cerevisiae-4932-Ser-UGA
grp1,valid,tRNA_tdbR00000397-Saccharomyces_cerevisiae-4932-Ser-UGA
grp1,valid,tRNA_tdbR00000406-Saccharomyces_cerevisiae-4932-Ser-NGA
grp1,valid,tRNA_tdbR00000439-Spinacia_oleracea-3562-Thr-GGU
grp1,valid,tRNA_tdbR00000445-Bos_taurus-9913-Thr-IGU
grp1,valid,tRNA_tdbR00000446-Halobacterium_salinarum-2242-Val-CAC
grp1,valid,tRNA_tdbR00000478-Haloferax_volcanii-2246-Trp-BCA
grp1,valid,tRNA_tdbR00000497-Bos_taurus-9913-Trp-BCA
grp1,valid,tRNA_tdbR00000499-Halobacterium_salinarum-2242-Ini-CAU
grp1,valid,tRNA_tdbR00000506-Streptomyces_griseus-1911-Ini-CAU
grp1,valid,tRNA_tdbR00000507-Bacillus_subtilis-1423-Ini-CAU
grp1,valid,tRNA_tdbR00000514-Scenedesmus_obliquus-3088-Ini-CAU
grp1,valid,tRNA_tdbR00000523-Tetrahymena_thermophila-5911-Ini-CAU
grp1,valid,tRNA_tdbR00000559-Triticum_aestivum-4565-Tyr-GPA
grp1,valid,tRNA_tdbR00000565-Bos_taurus-9913-Tyr-9PA
grp1,valid,tRNA_tdbR00000572-Leishmania_tarentolae-5689-Lys-1UU
grp1,valid,tRNA_tdbR00000593-Ascaris_suum-6253-Trp-CA
grp1,valid,tRNA_tdbR00000616-Nanoarchaeum_equitans-160232-Lys-CUU
grp1,valid,telomerase_AF221912.98-564
grp1,valid,telomerase_AF221917.99-542
grp1,valid,telomerase_AF221923.106-554
grp1,valid,telomerase_AF221925.98-540
grp1,valid,telomerase_AF221928.95-476
grp1,valid,telomerase_AY058901.1-397
grp1,valid,telomerase_AY312571.605-1069
grp1,valid,tmRNA_Acin.spec._CR543861_1-360
grp1,valid,tmRNA_Aqui.aeol._TRW-63363_1-347
grp1,valid,tmRNA_Arth.spec._CP000454_1-369
grp1,valid,tmRNA_Buch.aphi._AE013218_1-376
grp1,valid,tmRNA_Burk.viet._TRW-269482_1-370
grp1,valid,tmRNA_Chla.pneu._TRW-83558_1-426
grp1,valid,tmRNA_Chla.trac._TRW-813-1_1-420
grp1,valid,tmRNA_Clos.diff._AM180355_1-350
grp1,valid,tmRNA_Copr.prot._TRW-351627_1-353
grp1,valid,tmRNA_Esch.coli._U36840_1-363
grp1,valid,tmRNA_Haem.infl._L42023_1-366
grp1,valid,tmRNA_Heli.hepa._AE017125_1-369
grp1,valid,tmRNA_Lact.john._TRW-257314_1-367
grp1,valid,tmRNA_Leuc.mese._AF375574_1-307
grp1,valid,tmRNA_List.mono._TRW-1639-1_1-370
grp1,valid,tmRNA_Meso.flor._AE017263_1-408
grp1,valid,tmRNA_Meth.flag._CP000284_1-361
grp1,valid,tmRNA_Myco.aviu._AE016958_1-368
grp1,valid,tmRNA_Myco.hyop._TRW-262719_1-433
grp1,valid,tmRNA_Nitr.euro._BX321865_1-360
grp1,valid,tmRNA_Noca.farc._AP006618_1-368
grp1,valid,tmRNA_Phot.lumi._BX571870_1-364
grp1,valid,tmRNA_Phot.prof._CR378665_1-368
grp1,valid,tmRNA_Pola.spec._CP000316_1-387
grp1,valid,tmRNA_Pseu.ento._CT573326_1-392
grp1,valid,tmRNA_Pseu.fluo._TRW-216595_1-397
grp1,valid,tmRNA_Rubr.xyla._CP000386_1-360
grp1,valid,tmRNA_Salm.ente._AE017220_1-363
grp1,valid,tmRNA_Salm.ente._TRW-59204_1-363
grp1,valid,tmRNA_Shew.spec._CP000469_1-355
grp1,valid,tmRNA_Shig.flex._AE014073_1-363
grp1,valid,tmRNA_Shig.sonn._CP000038_1-363
grp1,valid,tmRNA_Soda.glos._AP008232_1-384
grp1,valid,tmRNA_Stre.equi._TRW-1336_1-349
grp1,valid,tmRNA_Stre.pneu._AE008453_1-348
grp1,valid,tmRNA_Ther.fusc._CP000088_1-372
grp1,valid,tmRNA_Ther.mari._TRW-243274-1_1-356
grp1,valid,tmRNA_Ther.teng._AE013063_1-351
grp1,valid,tmRNA_Trep.pall._TRW-243276_1-354
grp1,valid,tmRNA_envi.sequ._TRW-204433_1-356
srp,test,srp_Acin.baum._CP000521
srp,test,srp_Acin.spec._CR543861
srp,test,srp_Acti.succ._CP000746
srp,test,srp_Aede.aegy._DW714804
srp,test,srp_Aede.aegy._DW714815
srp,test,srp_Aede.aegy._GSP-7159
srp,test,srp_Aero.pern._BA000002
srp,test,srp_Agro.tume._AE007869
srp,test,srp_Agro.tume._AE007951
srp,test,srp_Agro.tume._AE008984
srp,test,srp_Ajel.caps._CV620298
srp,test,srp_Alca.bork._AM286690
srp,test,srp_Alka.meta._CP000724
srp,test,srp_Anab.vari._CP000117
srp,test,srp_Anae.sp.._CP000769
srp,test,srp_Anap.marg._CP000030
srp,test,srp_Anop.gamb._CD747410
srp,test,srp_Anop.gamb._SDB-377271
srp,test,srp_Anto.locu._GSP-278021
srp,test,srp_Aply.cali._GSP-6500
srp,test,srp_Aqui.aeol._AE000657
srp,test,srp_Aqui.aeol._AE000759
srp,test,srp_Arab.tha._X55111
srp,test,srp_Arab.thal._AC005275
srp,test,srp_Arab.thal._AC005311
srp,test,srp_Arab.thal._AC005662
srp,test,srp_Arab.thal._AF069442
srp,test,srp_Arab.thal._AL161495
srp,test,srp_Arab.thal._AL161496
srp,test,srp_Arab.thal._X69901
srp,test,srp_Arab.thal._X72228
srp,test,srp_Arab.thal._X72229
srp,test,srp_Arch.fulg._AE000782
srp,test,srp_Arch.fulg._X17237
srp,test,srp_Arth.aure._CP000474
srp,test,srp_Arth.sp.._CP000454
srp,test,srp_Asco.apis._GSP-392613
srp,test,srp_Ashb.goss._AE016819
srp,test,srp_Aspe.clav._GSP-344612
srp,test,srp_Aspe.flav._GSP-332952
srp,test,srp_Aspe.fumi._GSP-41122
srp,test,srp_Aspe.nidu._GSP-227321
srp,test,srp_Aspe.oryz._AP007169
srp,test,srp_Aspe.terr._GSP-341663
srp,test,srp_Azoa.spec._AM406670
srp,test,srp_Azoa.spec._CR555306
srp,test,srp_Babe.bige._GSP-5866
srp,test,srp_Baci.alca._D11422
srp,test,srp_Baci.amyl._CP000560
srp,test,srp_Baci.amyl._D11416
srp,test,srp_Baci.amyl._D13041
srp,test,srp_Baci.anth._AE016879
srp,test,srp_Baci.anth._AE017024
srp,test,srp_Baci.anth._AE017225
srp,test,srp_Baci.anth._AE017334
srp,test,srp_Baci.brev._D14472
srp,test,srp_Baci.cere._AE016877
srp,test,srp_Baci.cere._AE016998
srp,test,srp_Baci.cere._AE017194
srp,test,srp_Baci.cere._AE017264
srp,test,srp_Baci.cere._CP000001
srp,test,srp_Baci.cere._CP000764
srp,test,srp_Baci.cere._D11413
srp,test,srp_Baci.circ._D11419
srp,test,srp_Baci.clau._AP006627
srp,test,srp_Baci.halo._BA000004
srp,test,srp_Baci.lich._AE017333
srp,test,srp_Baci.lich._CP000002
srp,test,srp_Baci.mace._D11420
srp,test,srp_Baci.mega._D11414
srp,test,srp_Baci.poly._D11421
srp,test,srp_Baci.pumi._D11415
srp,test,srp_Baci.spha._D11418
srp,test,srp_Baci.subt._D11417
srp,test,srp_Baci.subt._D26185
srp,test,srp_Baci.subt._X06802
srp,test,srp_Baci.subt._X06803
srp,test,srp_Baci.subt._X12642
srp,test,srp_Baci.subt._X14796
srp,test,srp_Baci.subt._Z99104
srp,test,srp_Baci.thur._AE017355
srp,test,srp_Baci.thur._CP000485
srp,test,srp_Baci.thur._D11412
srp,test,srp_Bart.hens._BX897699
srp,test,srp_Bart.quin._BX897700
srp,test,srp_Batr.dend._GSP-403673
srp,test,srp_Bdel.bact._BX842656
srp,test,srp_Bifi.adol._AP009256
srp,test,srp_Bifi.long._AE014295
srp,test,srp_Bifi.long._AX492782
srp,test,srp_Bloc.flor._BX248583
srp,test,srp_Bloc.flor._BX248585
srp,test,srp_Bord.aviu._AM167904
srp,test,srp_Bord.para._BX640426
srp,test,srp_Bord.pert._BX640415
srp,test,srp_Borr.afze._CP000395
srp,test,srp_Borr.burg._AE000783
srp,test,srp_Borr.burg._AE001151
srp,test,srp_Borr.gari._CP000013
srp,test,srp_Bos.taur._GSP-6282
srp,test,srp_Brad.japo._BA000040
srp,test,srp_Brad.spec._CP000494
srp,test,srp_Brad.spec._CU234118
srp,test,srp_Bran.flor._GSP-7739
srp,test,srp_Bras.napu._EE400505
srp,test,srp_Bras.napu._EE409827
srp,test,srp_Bras.napu._EE410150
srp,test,srp_Bras.napu._EE411027
srp,test,srp_Bras.napu._EE411352
srp,test,srp_Bras.napu._EE411418
srp,test,srp_Bras.napu._EE412262
srp,test,srp_Bras.napu._EE416381
srp,test,srp_Bras.napu._EE416873
srp,test,srp_Bras.napu._EE537348
srp,test,srp_Bras.oler._GSP-109376
srp,test,srp_Brev.brev._D12926
srp,test,srp_Bruc.abor._AE017223
srp,test,srp_Bruc.meli._AE009624
srp,test,srp_Bruc.meli._AM040264
srp,test,srp_Bruc.ovis._CP000708
srp,test,srp_Bruc.suis._AE014291
srp,test,srp_Brug.mala._GSP-6279
srp,test,srp_Buch.aphi._AE013218
srp,test,srp_Buch.aphi._AE014017
srp,test,srp_Buch.aphi._AE014122
srp,test,srp_Buch.aphi._AE016826
srp,test,srp_Buch.aphi._BA000003
srp,test,srp_Burk.ceno._CP000380
srp,test,srp_Burk.ceno._CP000458
srp,test,srp_Burk.cepa._CP000440
srp,test,srp_Burk.mall._CP000010
srp,test,srp_Burk.mall._CP000526
srp,test,srp_Burk.mall._CP000546
srp,test,srp_Burk.mall._CP000548
srp,test,srp_Burk.pseu._CP000124
srp,test,srp_Burk.pseu._CP000570
srp,test,srp_Burk.pseu._CP000572
srp,test,srp_Burk.spec._CP000151
srp,test,srp_Caen.brig._AC084446
srp,test,srp_Caen.eleg._AY948606
srp,test,srp_Caen.eleg._AY948607
srp,test,srp_Caen.eleg._AY948608
srp,test,srp_Caen.eleg._U41993
srp,test,srp_Caen.eleg._Z30973
srp,test,srp_Caen.eleg._Z34533
srp,test,srp_Caen.rema._GSP-31234
srp,test,srp_Call.jacc._GSP-9483
srp,test,srp_Camp.curv._CP000767
srp,test,srp_Camp.jeju._AL111168
srp,test,srp_Camp.jeju._AL139074
srp,test,srp_Camp.jeju._CP000025
srp,test,srp_Camp.jeju._CP000538
srp,test,srp_Camp.jeju._CP000768
srp,test,srp_Cand.Bloc._CP000016
srp,test,srp_Cand.albi._GSP-237561
srp,test,srp_Cand.dubl._GSP-42374
srp,test,srp_Cand.glab._CR380957
srp,test,srp_Cand.trop._GSP-294747
srp,test,srp_Cani.spec._SDB-9616
srp,test,srp_Carb.hydr._CP000141
srp,test,srp_Caul.cres._AE005673
srp,test,srp_Caul.cres._AE005700
srp,test,srp_Caul.cres._U22036
srp,test,srp_Caul.cres._U49738
srp,test,srp_Chae.glob._GSP-306901
srp,test,srp_Chla.abor._CR848038
srp,test,srp_Chla.cavi._AE015925
srp,test,srp_Chla.cavi._AE016995
srp,test,srp_Chla.muri._AE002160
srp,test,srp_Chla.muri._AE002321
srp,test,srp_Chla.pneu._AE001363
srp,test,srp_Chla.pneu._AE001624
srp,test,srp_Chla.pneu._AE002161
srp,test,srp_Chla.pneu._AE002198
srp,test,srp_Chla.pneu._BA000008
srp,test,srp_Chla.rein._SDB-3055
srp,test,srp_Chla.rein._X71484
srp,test,srp_Chla.trac._AE001298
srp,test,srp_Chla.trac._CP000051
srp,test,srp_Chlo.tepi._AE006470
srp,test,srp_Chlo.vulg._AB001684
srp,test,srp_Chro.sale._CP000285
srp,test,srp_Chro.viol._AE016825
srp,test,srp_Chro.viol._AE016918
srp,test,srp_Cion.inte._BW088710
srp,test,srp_Cion.inte._BW223536
srp,test,srp_Cion.inte._BW230361
srp,test,srp_Cion.inte._GSP-7719
srp,test,srp_Cion.savi._BW520975
srp,test,srp_Cion.savi._BW551179
srp,test,srp_Citr.sine._CN181543
srp,test,srp_Citr.sine._CN181544
srp,test,srp_Clav.lusi._GSP-306902
srp,test,srp_Clos.acet._AE001437
srp,test,srp_Clos.acet._AE007525
srp,test,srp_Clos.beij._CP000721
srp,test,srp_Clos.botu._AM412317
srp,test,srp_Clos.botu._CP000726
srp,test,srp_Clos.botu._CP000727
srp,test,srp_Clos.botu._CP000728
srp,test,srp_Clos.diff._AM180355
srp,test,srp_Clos.kluy._CP000673
srp,test,srp_Clos.novy._CP000382
srp,test,srp_Clos.perf._BA000016
srp,test,srp_Clos.perf._CP000246
srp,test,srp_Clos.perf._CP000312
srp,test,srp_Clos.perf._D49784
srp,test,srp_Clos.teta._AE015927
srp,test,srp_Clos.teta._AE015936
srp,test,srp_Clos.ther._CP000568
srp,test,srp_Cocc.immi._GSP-396776
srp,test,srp_Cocc.posa._GSP-222929
srp,test,srp_Colw.psyc._CP000083
srp,test,srp_Cory.diph._BX248354
srp,test,srp_Cory.effi._BA000035
srp,test,srp_Cory.glut._AP009044
srp,test,srp_Cory.glut._BA000036
srp,test,srp_Cory.glut._BX927148
srp,test,srp_Cory.jeik._CR931997
srp,test,srp_Coxi.burn._AE016828
srp,test,srp_Coxi.burn._CP000733
srp,test,srp_Crit.fasc._AY781797
srp,test,srp_Crit.luci._AY781798
srp,test,srp_Cryp.homi._GSP-353151
srp,test,srp_Cryp.parv._AA532232
srp,test,srp_Cryp.parv._XM_626716
srp,test,srp_Cyan.cald._AF022186
srp,test,srp_Cyan.mero._AB002583
srp,test,srp_Cyan.mero._AY286123
srp,test,srp_Cypr.carp._CF662133
srp,test,srp_Dani.reri._BX649540
srp,test,srp_Dani.reri._CR854846
srp,test,srp_Dani.reri._EH487580
srp,test,srp_Dani.reri._EH513970
srp,test,srp_Dani.rrer._BX469912
srp,test,srp_Dani.rrer._BX470258
srp,test,srp_Dani.rrer._CR925739
srp,test,srp_Dani.rrer._CU179657
srp,test,srp_Dasy.nove._GSP-9361
srp,test,srp_Deba.hans._CR382138
srp,test,srp_Dech.arom._CP000089
srp,test,srp_Dein.geot._CP000359
srp,test,srp_Dein.radi._AE000513
srp,test,srp_Dein.radi._AE002056
srp,test,srp_Desu.psyc._CR522870
srp,test,srp_Desu.vulg._AE017285
srp,test,srp_Desu.vulg._AE017311
srp,test,srp_Desu.vulg._CP000527
srp,test,srp_Dich.nodo._CP000513
srp,test,srp_Dict.disc._AJ699381
srp,test,srp_Dict.disc._BJ360333
srp,test,srp_Dros.anan._CJ969290
srp,test,srp_Dros.anan._GSP-7217
srp,test,srp_Dros.erec._GSP-7220
srp,test,srp_Dros.mela._AC002512
srp,test,srp_Dros.mela._AC095014
srp,test,srp_Dros.mela._AE001572
srp,test,srp_Dros.mela._AE014297
srp,test,srp_Dros.mela._X00952
srp,test,srp_Dros.mela._X01056
srp,test,srp_Dros.moja._GSP-7230
srp,test,srp_Dros.simu._GSP-7240
srp,test,srp_Dros.viri._GSP-7244
srp,test,srp_Dros.will._GSP-7260
srp,test,srp_Dros.yaku._GSP-7245
srp,test,srp_Ehrl.cani._CP000107
srp,test,srp_Eime.tene._CD666347
srp,test,srp_Eime.tene._GSP-413949
srp,test,srp_Ence.cuni._AL590449
srp,test,srp_Enta.disp._GSP-370354
srp,test,srp_Enta.hist._AF487684
srp,test,srp_Enta.hist._BK005670
srp,test,srp_Enta.inva._GSP-370355
srp,test,srp_Enta.mosh._GSP-41668
srp,test,srp_Enta.terr._GSP-110771
srp,test,srp_Ente.faec._AE016830
srp,test,srp_Ente.faec._AE016953
srp,test,srp_Ente.faec._BD193435
srp,test,srp_Ento.sulc._AF095839
srp,test,srp_Erwi.caro._BX950851
srp,test,srp_Esch.coli._AE005174
srp,test,srp_Esch.coli._AE014075
srp,test,srp_Esch.coli._AE016756
srp,test,srp_Esch.coli._AP009048
srp,test,srp_Esch.coli._BA000007
srp,test,srp_Esch.coli._CP000243
srp,test,srp_Esch.coli._CP000247
srp,test,srp_Esch.coli._CP000468
srp,test,srp_Esch.coli._U00096
srp,test,srp_Esch.coli._U82664
srp,test,srp_Esch.coli._X01074
srp,test,srp_Ferr.acid._GSP-333146
srp,test,srp_Ferv.nodo._CP000771
srp,test,srp_Fran.alni._CT573213
srp,test,srp_Fran.spec._CP000249
srp,test,srp_Fran.tula._AJ749949
srp,test,srp_Fran.tula._AM233362
srp,test,srp_Fran.tula._AM286280
srp,test,srp_Fran.tula._CP000437
srp,test,srp_Fran.tula._CP000439
srp,test,srp_Fran.tula._CP000608
srp,test,srp_Fran.tula._CP000803
srp,test,srp_Fugu.rubr._U40756
srp,test,srp_Fuso.nucl._AE009951
srp,test,srp_Gald.sulp._GSP-130081
srp,test,srp_Gall.gall._AB073218
srp,test,srp_Geob.kaus._BA000043
srp,test,srp_Geob.meta._CP000148
srp,test,srp_Geob.sulf._AE017180
srp,test,srp_Geob.ther._CP000557
srp,test,srp_Geob.uran._CP000698
srp,test,srp_Giar.lamb._GSP-184922
srp,test,srp_Gibb.moni._GSP-334819
srp,test,srp_Gibb.zeae._GSP-229533
srp,test,srp_Gloe.viol._BA000045
srp,test,srp_Gluc.oxyd._CP000009
srp,test,srp_Grac.tenu._AY673996
srp,test,srp_Guil.thet._AF041468
srp,test,srp_Gynu.aura._SDB-109565
srp,test,srp_Haem.ducr._AE017143
srp,test,srp_Haem.ducr._AE017154
srp,test,srp_Haem.ducr._U32175
srp,test,srp_Haem.infl._BD426631
srp,test,srp_Haem.infl._CP000057
srp,test,srp_Haem.infl._CP000671
srp,test,srp_Haem.infl._CP000672
srp,test,srp_Haem.infl._L42023
srp,test,srp_Haem.infl._U32795
srp,test,srp_Haem.somn._CP000436
srp,test,srp_Hahe.chej._CP000155
srp,test,srp_Halo.halo._CP000544
srp,test,srp_Halo.halo._X01698
srp,test,srp_Halo.mari._AY596297
srp,test,srp_Halo.spec._AE004437
srp,test,srp_Halo.volc._AF395888
srp,test,srp_Heli.acin._AM260522
srp,test,srp_Heli.annu._AJ828095
srp,test,srp_Heli.exil._EE659686
srp,test,srp_Heli.hepa._AE017125
srp,test,srp_Heli.hepa._AE017149
srp,test,srp_Heli.pylo._AE000511
srp,test,srp_Heli.pylo._AE000524
srp,test,srp_Heli.pylo._AE001439
srp,test,srp_Heli.pylo._AE001441
srp,test,srp_Heli.pylo._BD010626
srp,test,srp_Heli.pylo._CP000241
srp,test,srp_Hist.caps._GSP-278162
srp,test,srp_Homo.sapi._AA559987
srp,test,srp_Homo.sapi._AB061847
srp,test,srp_Homo.sapi._AL139099
srp,test,srp_Homo.sapi._AL627171
srp,test,srp_Homo.sapi._BE083383
srp,test,srp_Homo.sapi._BF875598
srp,test,srp_Homo.sapi._BF908693
srp,test,srp_Homo.sapi._BF908765
srp,test,srp_Homo.sapi._BF908767
srp,test,srp_Homo.sapi._BF909425
srp,test,srp_Homo.sapi._BF909438
srp,test,srp_Homo.sapi._BF909560
srp,test,srp_Homo.sapi._BF909563
srp,test,srp_Homo.sapi._BU566619
srp,test,srp_Homo.sapi._BU566906
srp,test,srp_Homo.sapi._CK004881
srp,test,srp_Homo.sapi._M20910
srp,test,srp_Homo.sapi._NR_002715
srp,test,srp_Homo.sapi._X01037
srp,test,srp_Homo.sapi._X02067
srp,test,srp_Homo.sapi._X04249
srp,test,srp_Humu.japo._X65990
srp,test,srp_Humu.japo._X65991
srp,test,srp_Humu.lupu._AJ236703
srp,test,srp_Humu.lupu._AJ236705
srp,test,srp_Humu.lupu._AJ236706
srp,test,srp_Humu.lupu._X65983
srp,test,srp_Humu.lupu._X65984
srp,test,srp_Humu.lupu._X65985
srp,test,srp_Hype.buty._CP000493
srp,test,srp_Hypo.jeco._GSP-334564-2
srp,test,srp_Idio.loih._AE017340
srp,test,srp_Kine.radi._CP000750
srp,test,srp_Kleb.pneu._CP000647
srp,test,srp_Kluy.lact._CR382126
srp,test,srp_Kluy.walt._AADM01000319
srp,test,srp_Kluy.yarr._479647571
srp,test,srp_Lact.acid._CP000033
srp,test,srp_Lact.brev._CP000416
srp,test,srp_Lact.case._CP000423
srp,test,srp_Lact.delb._AF496545
srp,test,srp_Lact.delb._CP000412
srp,test,srp_Lact.delb._CR954253
srp,test,srp_Lact.gass._CP000413
srp,test,srp_Lact.john._AE017198
srp,test,srp_Lact.john._AE017201
srp,test,srp_Lact.john._AX926712
srp,test,srp_Lact.lact._AE006305
srp,test,srp_Lact.lact._AM406671
srp,test,srp_Lact.lact._CP000425
srp,test,srp_Lact.plan._AL935253
srp,test,srp_Lact.sali._CP000233
srp,test,srp_Legi.pneu._AE017354
srp,test,srp_Legi.pneu._CP000675
srp,test,srp_Legi.pneu._CR628336
srp,test,srp_Legi.pneu._CR628337
srp,test,srp_Legi.pneu._M31830
srp,test,srp_Leif.xyli._AE016822
srp,test,srp_Leis.aeth._AY722730
srp,test,srp_Leis.aeth._AY722731
srp,test,srp_Leis.aeth._AY722732
srp,test,srp_Leis.braz._AM494942
srp,test,srp_Leis.braz._AY722724
srp,test,srp_Leis.braz._AY722725
srp,test,srp_Leis.braz._AY722726
srp,test,srp_Leis.braz._AY781790
srp,test,srp_Leis.braz._AY781791
srp,test,srp_Leis.braz._SDB-87235
srp,test,srp_Leis.dono._AY722733
srp,test,srp_Leis.dono._AY722734
srp,test,srp_Leis.dono._AY722735
srp,test,srp_Leis.dono._AY781793
srp,test,srp_Leis.dono._AY781794
srp,test,srp_Leis.dono._AY781795
srp,test,srp_Leis.guya._AY722727
srp,test,srp_Leis.guya._AY722728
srp,test,srp_Leis.infa._AM502223
srp,test,srp_Leis.infa._AY781792
srp,test,srp_Leis.infa._SDB-5671
srp,test,srp_Leis.majo._AY722713
srp,test,srp_Leis.majo._AY722714
srp,test,srp_Leis.majo._AY722715
srp,test,srp_Leis.majo._SDB-347515
srp,test,srp_Leis.trop._AY722722
srp,test,srp_Leis.trop._AY722723
srp,test,srp_Leis.trop._AY781789
srp,test,srp_Lemu.catt._GSP-9447
srp,test,srp_Lept.coll._AF006750
srp,test,srp_List.inno._AL596173
srp,test,srp_List.mono._AE017262
srp,test,srp_List.mono._AE017331
srp,test,srp_List.mono._AL591984
srp,test,srp_List.mono._U15684
srp,test,srp_List.wels._AM263198
srp,test,srp_Lodd.elon._GSP-379508
srp,test,srp_Lott.giga._GSP-225164
srp,test,srp_Lotu.corn._AP006123
srp,test,srp_Lotu.corn._AP006364
srp,test,srp_Lotu.japo._BW598799
srp,test,srp_Loxo.afri._GSP-9785
srp,test,srp_Lyco.escu._X13958
srp,test,srp_Lyco.escu._Z29099
srp,test,srp_Lyco.escu._Z29100
srp,test,srp_Lyco.escu._Z29101
srp,test,srp_Lyco.escu._Z29103
srp,test,srp_Lyco.escu._Z29104
srp,test,srp_Lyco.escu._Z29105
srp,test,srp_Lyco.escu._Z29106
srp,test,srp_Lyco.escu._Z29107
srp,test,srp_Lyco.escu._Z29109
srp,test,srp_Lyco.escu._Z29110
srp,test,srp_Lyco.escu._Z29111
srp,test,srp_Lyco.escu._Z29112
srp,test,srp_Lyco.escu._Z29260
srp,test,srp_Lyco.escu._Z46744
srp,test,srp_Lyco.escu._Z46745
srp,test,srp_Lyco.escu._Z46746
srp,test,srp_Maca.mula._GSP-9544
srp,test,srp_Magn.magn._AP007255
srp,test,srp_Mann.succ._AE016827
srp,test,srp_Mari.aqua._CP000514
srp,test,srp_Mari.mari._CP000449
srp,test,srp_Medi.trun._AC136507
srp,test,srp_Medi.trun._AC136507-1
srp,test,srp_Medi.trun._AC136507-2
srp,test,srp_Medi.trun._AC146941
srp,test,srp_Medi.trun._AJ846712
srp,test,srp_Medi.trun._BE941271
srp,test,srp_Medi.trun._CT485797
srp,test,srp_Medi.trun._CX540689
srp,test,srp_Meso.flor._AE017263
srp,test,srp_Meso.loti._BA000012
srp,test,srp_Meso.viri._AF166114
srp,test,srp_Meth.acet._AE010299
srp,test,srp_Meth.acet._X17238
srp,test,srp_Meth.bark._CP000099
srp,test,srp_Meth.burt._CP000300
srp,test,srp_Meth.caps._AE017282
srp,test,srp_Meth.ferv._M32222
srp,test,srp_Meth.ferv._S49762
srp,test,srp_Meth.flag._CP000284
srp,test,srp_Meth.jann._L77117
srp,test,srp_Meth.kand._AE010387
srp,test,srp_Meth.mari._BX957223
srp,test,srp_Meth.mari._CP000609
srp,test,srp_Meth.mari._CP000745
srp,test,srp_Meth.maze._AE008384
srp,test,srp_Meth.ther._AE000666
srp,test,srp_Meth.ther._X15364
srp,test,srp_Meth.vann._CP000742
srp,test,srp_Meth.volt._M22560
srp,test,srp_Micr.lyso._M31831
srp,test,srp_Mono.brev._GSP-81824
srp,test,srp_Mono.dome._GSP-13616
srp,test,srp_Moor.ther._CP000232
srp,test,srp_Mus.musc._AC099934
srp,test,srp_Mus.musc._AC126244
srp,test,srp_Mus.musc._AC157822
srp,test,srp_Mus.musc._DQ285765
srp,test,srp_Myco.aviu._AE016958
srp,test,srp_Myco.aviu._AE017228
srp,test,srp_Myco.aviu._CP000479
srp,test,srp_Myco.bovi._BX248347
srp,test,srp_Myco.capr._CP000123
srp,test,srp_Myco.capr._D00560
srp,test,srp_Myco.capr._S67588
srp,test,srp_Myco.gall._AE015450
srp,test,srp_Myco.gall._AE016968
srp,test,srp_Myco.geni._BD439871
srp,test,srp_Myco.geni._L43967
srp,test,srp_Myco.geni._U39706
srp,test,srp_Myco.hyop._AE017243
srp,test,srp_Myco.hyop._AE017244
srp,test,srp_Myco.hyop._AE017332
srp,test,srp_Myco.lepr._AL023596
srp,test,srp_Myco.lepr._AL583925
srp,test,srp_Myco.mobi._AE017308
srp,test,srp_Myco.myco._BX293980
srp,test,srp_Myco.myco._BX842642
srp,test,srp_Myco.myco._X53678
srp,test,srp_Myco.pene._BA000026
srp,test,srp_Myco.pneu._AE000044
srp,test,srp_Myco.pneu._S76009
srp,test,srp_Myco.pneu._U00089
srp,test,srp_Myco.pulm._AL445565
srp,test,srp_Myco.pulm._U06833
srp,test,srp_Myco.smeg._CP000480
srp,test,srp_Myco.spec._CP000384
srp,test,srp_Myco.spec._CP000518
srp,test,srp_Myco.spec._CP000580
srp,test,srp_Myco.syno._AE017245
srp,test,srp_Myco.tube._AE000516
srp,test,srp_Myco.vanb._CP000511
srp,test,srp_Nect.haem._GSP-71109
srp,test,srp_Neis.gono._AE004969
srp,test,srp_Neis.gono._AF482014
srp,test,srp_Neis.gono._DD110233
srp,test,srp_Neis.meni._AE002098
srp,test,srp_Neis.meni._AL157959
srp,test,srp_Neis.meni._AL162755
srp,test,srp_Neis.meni._AM421808
srp,test,srp_Neis.meni._DD001104
srp,test,srp_Nema.vect._GSP-45351
srp,test,srp_Neos.fisc._GSP-331117
srp,test,srp_Neph.oliv._AF137379
srp,test,srp_Neur.cras._AL669999
srp,test,srp_Nitr.euro._AL954747
srp,test,srp_Nitr.euro._BX321857
srp,test,srp_Nitr.eutr._CP000450
srp,test,srp_Nitr.hamb._CP000319
srp,test,srp_Nitr.mult._CP000103
srp,test,srp_Nitr.wino._CP000115
srp,test,srp_Noca.farc._AP006618
srp,test,srp_Nost.spec._BA000019
srp,test,srp_Novo.arom._CP000248
srp,test,srp_Ocea.ihey._BA000028
srp,test,srp_Ochr.anth._CP000758
srp,test,srp_Odon.sine._Z67753
srp,test,srp_Onch.volv._AI249203
srp,test,srp_Onch.volv._BF727619
srp,test,srp_Onch.volv._GSP-6282
srp,test,srp_Orni.anat._GSP-9258
srp,test,srp_Oryc.cuni._AB021174
srp,test,srp_Oryz.sati._AC079888
srp,test,srp_Oryz.sati._AP003253
srp,test,srp_Oryz.sati._AP003333
srp,test,srp_Oryz.sati._AP008207
srp,test,srp_Oxyt.trif._GSP-99928
srp,test,srp_Pan.trog._GSP-37010
srp,test,srp_Para.bras._CN238860
srp,test,srp_Para.bras._CN239248
srp,test,srp_Para.bras._CN240152
srp,test,srp_Para.bras._CN240538
srp,test,srp_Para.bras._CN241137
srp,test,srp_Para.bras._CN241909
srp,test,srp_Para.bras._EH652573
srp,test,srp_Para.bras._EH655308
srp,test,srp_Para.bras._GSP-121759
srp,test,srp_Para.deni._CP000489
srp,test,srp_Para.symb._BX908798
srp,test,srp_Past.mult._AE006092
srp,test,srp_Pedi.pent._CP000422
srp,test,srp_Perk.mari._GSP-31276
srp,test,srp_Pers.amer._X65992
srp,test,srp_Phae.nodo._GSP-321614
srp,test,srp_Phak.meib._GSP-169999
srp,test,srp_Phak.pach._GSP-170000-1
srp,test,srp_Phak.pach._GSP-170000-2
srp,test,srp_Phot.lumi._BX571872
srp,test,srp_Phot.prof._CR378666
srp,test,srp_Phyt.infe._CV911012
srp,test,srp_Phyt.infe._CV919934
srp,test,srp_Phyt.ramo._GSP-164328
srp,test,srp_Phyt.soja._GSP-67593
srp,test,srp_Pich.guil._GSP-294746
srp,test,srp_Pich.stip._CP000502
srp,test,srp_Picr.torr._AE017261
srp,test,srp_Plas.berg._DC223490
srp,test,srp_Plas.berg._DC223613
srp,test,srp_Plas.berg._GSP-5823
srp,test,srp_Plas.chab._GSP-31271
srp,test,srp_Plas.falc._AE014819
srp,test,srp_Plas.falc._EF690554
srp,test,srp_Plas.gall._GSP-5849
srp,test,srp_Plas.know._GSP-5851
srp,test,srp_Plas.reic._GSP-5854
srp,test,srp_Plas.viva._GSP-31273
srp,test,srp_Plas.yoel._GSP-352914
srp,test,srp_Podo.anse._GSP-5145
srp,test,srp_Popu.bals._GSP-73824
srp,test,srp_Popu.trem._BU866844
srp,test,srp_Popu.trem._DN489028
srp,test,srp_Popu.trem._DN498769
srp,test,srp_Porp.purp._U38804
srp,test,srp_Porp.yezo._AP006715
srp,test,srp_Pris.paci._GSP-54126
srp,test,srp_Proc.mari._AE017126
srp,test,srp_Proc.mari._AE017165
srp,test,srp_Proc.mari._AJ237851
srp,test,srp_Proc.mari._BX572093
srp,test,srp_Proc.mari._BX572096
srp,test,srp_Proc.mari._CP000111
srp,test,srp_Proc.mari._CP000551
srp,test,srp_Proc.mari._CP000552
srp,test,srp_Proc.mari._CP000554
srp,test,srp_Proc.mari._CP000576
srp,test,srp_Proc.spec._AJ011025
srp,test,srp_Prop.acne._AE017283
srp,test,srp_Prun.arme._CB819242
srp,test,srp_Prun.arme._CV045835
srp,test,srp_Pseu.aeru._AE004091
srp,test,srp_Pseu.aeru._AE004581
srp,test,srp_Pseu.aeru._CP000438
srp,test,srp_Pseu.aeru._CP000744
srp,test,srp_Pseu.aeru._M31829
srp,test,srp_Pseu.aeru._X12644
srp,test,srp_Pseu.aeru._X14404
srp,test,srp_Pseu.ento._CT573326
srp,test,srp_Pseu.fluo._CP000076
srp,test,srp_Pseu.fluo._CP000094
srp,test,srp_Pseu.halo._CR954246
srp,test,srp_Pseu.mend._CP000680
srp,test,srp_Pseu.puti._AE015451
srp,test,srp_Pseu.puti._AE016790
srp,test,srp_Pseu.puti._CP000712
srp,test,srp_Pseu.stut._CP000304
srp,test,srp_Pseu.syri._AE016853
srp,test,srp_Pseu.syri._CP000058
srp,test,srp_Pseu.syri._CP000075
srp,test,srp_Psyc.arct._CP000082
srp,test,srp_Psyc.cryo._CP000323
srp,test,srp_Psyc.ingr._CP000510
srp,test,srp_Psyc.sp.._CP000713
srp,test,srp_Pyro.abys._AJ248283
srp,test,srp_Pyro.aero._AE009852
srp,test,srp_Pyro.arse._CP000660
srp,test,srp_Pyro.cali._CP000561
srp,test,srp_Pyro.furi._AE010126
srp,test,srp_Pyro.hori._BA000001
srp,test,srp_Pyro.isla._CP000504
srp,test,srp_Pyro.occu._M21085
srp,test,srp_Rals.eutr._AM260479
srp,test,srp_Rals.eutr._CP000090
srp,test,srp_Rals.meta._CP000352
srp,test,srp_Rals.sola._AL646052
srp,test,srp_Rals.sola._AL646063
srp,test,srp_Ratt.norv._AA923995
srp,test,srp_Ratt.norv._AC091616
srp,test,srp_Rhiz.etli._CP000133
srp,test,srp_Rhiz.legu._AM236080
srp,test,srp_Rhod.balt._BX294144
srp,test,srp_Rhod.palu._BX572594
srp,test,srp_Rhod.palu._CP000250
srp,test,srp_Rhod.palu._CP000283
srp,test,srp_Rhod.palu._CP000301
srp,test,srp_Rhod.palu._CP000463
srp,test,srp_Rhod.rubr._CP000230
srp,test,srp_Rhod.spec._CP000431
srp,test,srp_Rhod.spha._CP000143
srp,test,srp_Rhod.spha._CP000577
srp,test,srp_Rhod.spha._CP000661
srp,test,srp_Rick.cono._AE008680
srp,test,srp_Rick.feli._CP000053
srp,test,srp_Rick.prow._AJ235273
srp,test,srp_Rick.typh._AE017197
srp,test,srp_Sacc.cere._U18916
srp,test,srp_Sacc.cere._U18917
srp,test,srp_Sacc.degr._CP000282
srp,test,srp_Sacc.eryt._AM420293
srp,test,srp_Sacc.kluy._AJ550805
srp,test,srp_Sacc.kluy._SKAA0027M04.b1
srp,test,srp_Sacc.para._BN000251
srp,test,srp_Sali.trop._CP000667
srp,test,srp_Salm.ente._AE014613
srp,test,srp_Salm.ente._AE016842
srp,test,srp_Salm.ente._AE017220
srp,test,srp_Salm.ente._AL627266
srp,test,srp_Salm.ente._CP000026
srp,test,srp_Salm.typh._AE008717
srp,test,srp_Schi.japo._GSP-402676
srp,test,srp_Schi.mans._GSP-6183
srp,test,srp_Schi.pomb._AU010514
srp,test,srp_Schi.pomb._M20264
srp,test,srp_Schi.pomb._M20836
srp,test,srp_Schi.pomb._X15220
srp,test,srp_Schi.pomb._Z99259
srp,test,srp_Schm.medi._GSP-79327
srp,test,srp_Scle.scle._GSP-325569
srp,test,srp_Sene.crue._SDB-189209
srp,test,srp_Shew.balt._CP000563
srp,test,srp_Shew.balt._CP000753
srp,test,srp_Shew.deni._CP000302
srp,test,srp_Shew.loih._CP000606
srp,test,srp_Shew.onei._AE014299
srp,test,srp_Shew.onei._AE015625
srp,test,srp_Shew.putr._CP000681
srp,test,srp_Shew.spec._CP000444
srp,test,srp_Shew.spec._CP000446
srp,test,srp_Shew.spec._CP000469
srp,test,srp_Shew.spec._CP000503
srp,test,srp_Shig.flex._AE005674
srp,test,srp_Shig.flex._AE014073
srp,test,srp_Shig.flex._AE016979
srp,test,srp_Shig.flex._CP000266
srp,test,srp_Sili.pome._CP000031
srp,test,srp_Sili.spec._CP000377
srp,test,srp_Sino.medi._CP000738
srp,test,srp_Sino.meli._AL591782
srp,test,srp_Soda.glos._AP008232
srp,test,srp_Sola.tube._DR037645
srp,test,srp_Sola.tube._DR037646
srp,test,srp_Sorg.bico._BE594178
srp,test,srp_Sphi.alas._CP000356
srp,test,srp_Sphi.witt._CP000699
srp,test,srp_Spra.loph._GSP-51541
srp,test,srp_Stap.aure._AC025951
srp,test,srp_Stap.aure._AF368293
srp,test,srp_Stap.aure._AP009351
srp,test,srp_Stap.aure._BA000017
srp,test,srp_Stap.aure._BA000018
srp,test,srp_Stap.aure._BA000033
srp,test,srp_Stap.aure._BX571856
srp,test,srp_Stap.aure._BX571857
srp,test,srp_Stap.aure._CP000046
srp,test,srp_Stap.aure._CP000253
srp,test,srp_Stap.aure._CP000255
srp,test,srp_Stap.aure._CP000703
srp,test,srp_Stap.aure._CP000736
srp,test,srp_Stap.aure._E36052
srp,test,srp_Stap.epid._AE015929
srp,test,srp_Stap.epid._AE016751
srp,test,srp_Stap.epid._AF269814
srp,test,srp_Stap.epid._AF269831
srp,test,srp_Stap.epid._AX145149
srp,test,srp_Stap.epid._CP000029
srp,test,srp_Stap.haem._AP006716
srp,test,srp_Stap.sapr._AP008934
srp,test,srp_Stre.agal._AE014209
srp,test,srp_Stre.agal._AL766845
srp,test,srp_Stre.agal._CP000114
srp,test,srp_Stre.aver._BA000030
srp,test,srp_Stre.coel._AL939118
srp,test,srp_Stre.dysg._AJ489606
srp,test,srp_Stre.livi._AY081854
srp,test,srp_Stre.muta._AE014133
srp,test,srp_Stre.muta._AE014879
srp,test,srp_Stre.muta._AF132127
srp,test,srp_Stre.pneu._AE005672
srp,test,srp_Stre.pneu._AE007319
srp,test,srp_Stre.pneu._AE008386
srp,test,srp_Stre.pneu._CP000410
srp,test,srp_Stre.pyog._AE004092
srp,test,srp_Stre.pyog._AE006489
srp,test,srp_Stre.pyog._AE009969
srp,test,srp_Stre.pyog._AE014139
srp,test,srp_Stre.pyog._AM295007
srp,test,srp_Stre.pyog._BA000034
srp,test,srp_Stre.pyog._CP000003
srp,test,srp_Stre.pyog._CP000017
srp,test,srp_Stre.pyog._CP000056
srp,test,srp_Stre.pyog._CP000259
srp,test,srp_Stre.pyog._CP000260
srp,test,srp_Stre.pyog._CP000261
srp,test,srp_Stre.pyog._CP000262
srp,test,srp_Stre.sang._CP000387
srp,test,srp_Stre.suis._CP000407
srp,test,srp_Stre.suis._CP000408
srp,test,srp_Stre.ther._CP000024
srp,test,srp_Stro.purp._GSP-7668
srp,test,srp_Sulf.acid._CP000077
srp,test,srp_Sulf.solf._X17239
srp,test,srp_Sulf.solf._Y08257
srp,test,srp_Sulf.toko._BA000023
srp,test,srp_Sus.scro._BP459377
srp,test,srp_Symb.ther._AP006840
srp,test,srp_Syne.elon._AP008231
srp,test,srp_Syne.spec._BA000022
srp,test,srp_Syne.spec._BX569693
srp,test,srp_Syne.spec._CP000097
srp,test,srp_Synt.fuma._CP000478
srp,test,srp_Synt.wolf._CP000448
srp,test,srp_Taen.gutt._CK235759
srp,test,srp_Tetr.nigr._GSP-99883
srp,test,srp_Tetr.rost._SDB-5909
srp,test,srp_Tetr.ther._X56981
srp,test,srp_Thal.pseu._EF067921
srp,test,srp_Thal.pseu._GSP-296543
srp,test,srp_Thei.annu._NW_001091934
srp,test,srp_Thei.parv._GSP-333668
srp,test,srp_Ther.acid._AL445063
srp,test,srp_Ther.cele._X17240
srp,test,srp_Ther.elon._BA000039
srp,test,srp_Ther.fusc._CP000088
srp,test,srp_Ther.koda._AP006878
srp,test,srp_Ther.mari._AE000512
srp,test,srp_Ther.mela._CP000716
srp,test,srp_Ther.petr._CP000702
srp,test,srp_Ther.teng._AE012978
srp,test,srp_Ther.ther._AE017221
srp,test,srp_Ther.ther._AE017306
srp,test,srp_Ther.ther._AP008226
srp,test,srp_Ther.ther._X12643
srp,test,srp_Ther.volc._BA000011
srp,test,srp_Thio.deni._CP000116
srp,test,srp_Toxo.gond._CO743022
srp,test,srp_Toxo.gond._GSP-398031
srp,test,srp_Trep.dent._AE017226
srp,test,srp_Trep.dent._AE017246
srp,test,srp_Trep.pall._AE000520
srp,test,srp_Trep.pall._AE001187
srp,test,srp_Tric.eryt._CP000393
srp,test,srp_Tric.rees._GSP-334564-1
srp,test,srp_Tric.spir._GSP-6334
srp,test,srp_Tric.vagi._GSP-5722-1
srp,test,srp_Tric.vagi._GSP-5722-2
srp,test,srp_Trit.aest._BE424647
srp,test,srp_Trit.aest._BQ167677
srp,test,srp_Trit.aest._CA626434
srp,test,srp_Trit.aest._CA694528
srp,test,srp_Trit.aest._CA718249
srp,test,srp_Trit.aest._CD897082
srp,test,srp_Trit.aest._CJ572413
srp,test,srp_Trit.aest._CJ679223
srp,test,srp_Trit.aest._X13915
srp,test,srp_Trop.whip._AE014184
srp,test,srp_Trop.whip._AE016852
srp,test,srp_Trop.whip._BX251412
srp,test,srp_Tryp.bruc._AC159431
srp,test,srp_Tryp.bruc._AF047723
srp,test,srp_Tryp.bruc._M80262
srp,test,srp_Tryp.bruc._S56681
srp,test,srp_Tryp.bruc._X57047
srp,test,srp_Tryp.cong._SDB-5692
srp,test,srp_Tryp.viva._SDB-5699
srp,test,srp_Unci.rees._GSP-336963
srp,test,srp_Urea.parv._AE002112
srp,test,srp_Vibr.chol._AE003852
srp,test,srp_Vibr.chol._AE004188
srp,test,srp_Vibr.chol._CP000627
srp,test,srp_Vibr.fisc._CP000020
srp,test,srp_Vibr.harv._CP000789
srp,test,srp_Vibr.para._BA000031
srp,test,srp_Vibr.vuln._AE016795
srp,test,srp_Vibr.vuln._AE016807
srp,test,srp_Vibr.vuln._BA000037
srp,test,srp_Volv.cart._GSP-51971-1
srp,test,srp_Volv.cart._GSP-51971-2
srp,test,srp_Wigg.glos._BA000021
srp,test,srp_Wolb.endo._AB080664
srp,test,srp_Wolb.endo._AE017196
srp,test,srp_Wolb.endo._AE017259
srp,test,srp_Wolb.endo._AE017321
srp,test,srp_Woli.succ._BX571662
srp,test,srp_Xant.axon._AE011739
srp,test,srp_Xant.camp._AE012197
srp,test,srp_Xant.camp._AM039952
srp,test,srp_Xant.camp._CP000050
srp,test,srp_Xant.camp._DQ256493
srp,test,srp_Xant.oryz._AE013598
srp,test,srp_Xant.oryz._AP008229
srp,test,srp_Xeno.laev._X01055
srp,test,srp_Xyle.fast._AE003849
srp,test,srp_Xyle.fast._AE003940
srp,test,srp_Xyle.fast._AE009442
srp,test,srp_Xyle.fast._AE012554
srp,test,srp_Yarr.lipo._CR382127
srp,test,srp_Yarr.lipo._CR382130
srp,test,srp_Yarr.lipo._M20837
srp,test,srp_Yarr.lipo._X51658
srp,test,srp_Yers.ente._AM286415
srp,test,srp_Yers.pest._AE009952
srp,test,srp_Yers.pest._AE017042
srp,test,srp_Yers.pest._AE017129
srp,test,srp_Yers.pest._AJ414155
srp,test,srp_Yers.pest._AL590842
srp,test,srp_Yers.pest._CP000305
srp,test,srp_Yers.pest._CP000308
srp,test,srp_Yers.pest._CP000668
srp,test,srp_Yers.pseu._BX936398
srp,test,srp_Yers.pseu._CP000720
srp,test,srp_Zea.mays._AY108846
srp,test,srp_Zea.mays._CB179518
srp,test,srp_Zea.mays._CF602412
srp,test,srp_Zea.mays._CF919998
srp,test,srp_Zea.mays._CF974802
srp,test,srp_Zea.mays._CK327537
srp,test,srp_Zea.mays._CK700970
srp,test,srp_Zea.mays._X14661
srp,test,srp_Zygo.roux._BN000170
srp,test,srp_Zymo.mobi._AE008692
srp,test,srp_Zymo.mobi._AF203881
srp,train,16s_A.fulgidus_domain2
srp,train,16s_A.fulgidus_domain3
srp,train,16s_A.fulgidus_domain4
srp,train,16s_A.pyrophilus_domain2
srp,train,16s_A.pyrophilus_domain4
srp,train,16s_B.burgdorferi_domain2
srp,train,16s_B.burgdorferi_domain3
srp,train,16s_B.subtilis_domain2
srp,train,16s_B.subtilis_domain3
srp,train,16s_C.elegans_domain1
srp,train,16s_C.elegans_domain2
srp,train,16s_C.elegans_domain3
srp,train,16s_C.psittaci_domain2
srp,train,16s_C.psittaci_domain3
srp,train,16s_C.psittaci_domain4
srp,train,16s_C.reinhardtii.chloro_domain2
srp,train,16s_C.reinhardtii.chloro_domain4
srp,train,16s_C.reinhardtii.mito_domain3
srp,train,16s_C.reinhardtii.mito_domain4
srp,train,16s_D.melanogaster_domain4
srp,train,16s_E.coli_domain2
srp,train,16s_E.coli_domain3
srp,train,16s_E.coli_domain4
srp,train,16s_F.ananassa_domain3
srp,train,16s_F.ananassa_domain4
srp,train,16s_G.intestinalis_domain1
srp,train,16s_G.intestinalis_domain2
srp,train,16s_G.intestinalis_domain3
srp,train,16s_G.intestinalis_domain4
srp,train,16s_H.sapiens.mito_domain1
srp,train,16s_H.sapiens.mito_domain2
srp,train,16s_H.sapiens.mito_domain4
srp,train,16s_H.sapiens_domain3
srp,train,16s_H.sapiens_domain4
srp,train,16s_H.volcanii_domain2
srp,train,16s_H.volcanii_domain3
srp,train,16s_H.volcanii_domain4
srp,train,16s_M.polymorpha_domain2
srp,train,16s_M.polymorpha_domain3
srp,train,16s_M.polymorpha_domain4
srp,train,16s_P.occultum_domain2
srp,train,16s_P.occultum_domain3
srp,train,16s_P.staleyi_domain2
srp,train,16s_P.staleyi_domain3
srp,train,16s_P.staleyi_domain4
srp,train,16s_S.cerevisiae_domain4
srp,train,16s_T.gondii_domain4
srp,train,16s_T.maritima_domain2
srp,train,16s_T.maritima_domain4
srp,train,16s_Z.mays_domain1
srp,train,16s_Z.mays_domain2
srp,train,16s_Z.mays_domain3
srp,train,16s_Z.mays_domain4
srp,train,23s_B.subtilis_domain4
srp,train,23s_E.coli_domain3
srp,train,23s_E.coli_domain4
srp,train,23s_E.coli_domain6
srp,train,23s_H.pylori_domain3
srp,train,23s_H.pylori_domain4
srp,train,23s_H.pylori_domain6
srp,train,23s_S.aureus_domain3
srp,train,23s_S.aureus_domain4
srp,train,23s_S.aureus_domain6
srp,train,23s_T.thermophilus_domain3
srp,train,23s_T.thermophilus_domain4
srp,train,5s_Acholeplasma-laidlawii-2
srp,train,5s_Achromobacter-xylosoxidans-1
srp,train,5s_Acidiphilium-acidophilum-1
srp,train,5s_Acinetobacter-sp.-1
srp,train,5s_Acremonium-chrysogenum-1
srp,train,5s_Agaricus-edulis-1
srp,train,5s_Akkesiphycus-lubricum-1
srp,train,5s_Amycolatopsis-lactamdurans-1
srp,train,5s_Ancylobacter-aquaticus-1
srp,train,5s_Andrias-japonicus-1
srp,train,5s_Antheraea-pernyi-1
srp,train,5s_Aquifex-aeolicus-1
srp,train,5s_Archaeoglobus-fulgidus-1
srp,train,5s_Artemia-sp.-4
srp,train,5s_Arthrobacter-polychromogenes-1
srp,train,5s_Asellus-aquaticus-2
srp,train,5s_Bacillus-anthracis-6
srp,train,5s_Bacillus-clausii-1
srp,train,5s_Bacillus-firmus-1
srp,train,5s_Bacillus-halodurans-4
srp,train,5s_Bacteroides-fragilis-3
srp,train,5s_Bacteroides-fragilis-4
srp,train,5s_Bacteroides-fragilis-6
srp,train,5s_Bartonella-henselae-1
srp,train,5s_Bifidobacterium-longum-1
srp,train,5s_Blakeslea-trispora-1
srp,train,5s_Blastocladiella-simplex-1
srp,train,5s_Blepharisma-japonicum-1
srp,train,5s_Bombyx-mori-1
srp,train,5s_Bombyx-mori-2
srp,train,5s_Brachionus-plicatilis-1
srp,train,5s_Brevibacterium-helvolum-1
srp,train,5s_C_paradoxE
srp,train,5s_Caenorhabditis-elegans-3
srp,train,5s_Campylobacter-jejuni-3
srp,train,5s_Cancer-pagurus-1
srp,train,5s_Candidatus-Tremblaya-princeps-1
srp,train,5s_Caulobacter-sp.-5
srp,train,5s_Caulobacter-sp.-6
srp,train,5s_Cellulomonas-biazotea-1
srp,train,5s_Chlamydophila-abortus-1
srp,train,5s_Clostridium-acetobutylicum-5
srp,train,5s_Coprinopsis-cinerea-1
srp,train,5s_Corynebacterium-glutamicum-1
srp,train,5s_Corynebacterium-glutamicum-2
srp,train,5s_Cryptomonas-paramecium-1
srp,train,5s_Cyclidiopsis-acus-1
srp,train,5s_Cystobacter-fuscus-1
srp,train,5s_Delftia-acidovorans-1
srp,train,5s_Dirofilaria-immitis-1
srp,train,5s_Drosophila-teissieri-1
srp,train,5s_Dugesia-japonica-2
srp,train,5s_Eimeria-tenella-1
srp,train,5s_Emericella-nidulans-7
srp,train,5s_Escherichia-coli-11
srp,train,5s_Escherichia-coli-14
srp,train,5s_Escherichia-coli-3
srp,train,5s_Exidia-glandulosa-1
srp,train,5s_Filobasidiella-depauperata-1
srp,train,5s_Filobasidium-capsuligenum-1
srp,train,5s_Fusarium-asiaticum-7
srp,train,5s_Fusarium-lunulosporum-5
srp,train,5s_Fusarium-pseudograminearum-1
srp,train,5s_Fusarium-pseudograminearum-6
srp,train,5s_Fusarium-sporotrichioides-1
srp,train,5s_Fusobacterium-nucleatum-2
srp,train,5s_Gallus-gallus-1
srp,train,5s_Gelidium-amansii-1
srp,train,5s_Gelidium-amansii-2
srp,train,5s_Geobacillus-stearothermophilus-2
srp,train,5s_Ginkgo-biloba-1
srp,train,5s_Haloarcula-marismortui-2
srp,train,5s_Halococcus-morrhuae-2
srp,train,5s_Haloferax-volcanii-2
srp,train,5s_Halorubrum-distributum-4
srp,train,5s_Helicobacter-pylori-3
srp,train,5s_Hyphomicrobium-sp.-3
srp,train,5s_Hyphomicrobium-sp.-5
srp,train,5s_Idiomarina-loihiensis-1
srp,train,5s_Juniperus-media-1
srp,train,5s_Kondoa-malvinella-1
srp,train,5s_Kutzneria-viridogrisea-1
srp,train,5s_Locusta-migratoria-1
srp,train,5s_Microbacterium-testaceum-1
srp,train,5s_Microtetraspora-glauca-1
srp,train,5s_Mycobacterium-tuberculosis-3
srp,train,5s_Mycoplasma-gallisepticum-1
srp,train,5s_Mycoplasma-pneumoniae-1
srp,train,5s_Myxococcus-coralloides-1
srp,train,5s_Neurospora-crassa-12
srp,train,5s_Neurospora-crassa-15
srp,train,5s_Neurospora-crassa-2
srp,train,5s_Nitrobacter-winogradskyi-1
srp,train,5s_Notophthalmus-viridescens-1
srp,train,5s_Oerskovia-turbata-1
srp,train,5s_Paenibacillus-popilliae-1
srp,train,5s_Parachlamydia-sp.-1
srp,train,5s_Paramecium-tetraurelia-1
srp,train,5s_Photobacterium-profundum-3
srp,train,5s_Pichia-jadinii-2
srp,train,5s_Pinus-contorta-1
srp,train,5s_Pirellula-sp.-2
srp,train,5s_Plasmodium-falciparum-1
srp,train,5s_Pneumocystis-carinii-1
srp,train,5s_Prasinocladus-sp.-1
srp,train,5s_Propionibacterium-acnes-1
srp,train,5s_Pseudomonas-aeruginosa-1
srp,train,5s_Pseudomonas-aeruginosa-2
srp,train,5s_Pseudomonas-stutzeri-2
srp,train,5s_Puccinia-suaveolens-1
srp,train,5s_Pyrococcus-horikoshii-1
srp,train,5s_Pythium-torulosum-1
srp,train,5s_Ralstonia-solanacearum-1
srp,train,5s_Ralstonia-solanacearum-2
srp,train,5s_Rhodobacter-sphaeroides-2
srp,train,5s_Rhodococcus-erythropolis-2
srp,train,5s_Rhodopseudomonas-palustris-2
srp,train,5s_Roseococcus-thiosulfatophilus-1
srp,train,5s_Roseococcus-thiosulfatophilus-2
srp,train,5s_Rumex-acetosa-1
srp,train,5s_Sabellastarte-japonica-1
srp,train,5s_Saccharothrix-mutabilis-1
srp,train,5s_Salmonella-typhi-1
srp,train,5s_Saprolegnia-ferax-1
srp,train,5s_Schizosaccharomyces-pombe-1
srp,train,5s_Shewanella-oneidensis-1
srp,train,5s_Spirobolus-sp-1
srp,train,5s_Sporolactobacillus-nakayamae-1
srp,train,5s_Streptococcus-mutans-2
srp,train,5s_Streptococcus-pyogenes-2
srp,train,5s_Streptococcus-salivarius-1
srp,train,5s_Streptomyces-avermitilis-4
srp,train,5s_Streptomyces-coelicolor-1
srp,train,5s_Streptomyces-lividans-1
srp,train,5s_Streptomyces-rimosus-2
srp,train,5s_Streptomyces-violaceus-1
srp,train,5s_T_cruziE
srp,train,5s_Taxus-baccata-1
srp,train,5s_Thermoactinomyces-vulgaris-1
srp,train,5s_Thermomyces-lanuginosus-1
srp,train,5s_Thermotoga-sp.-1
srp,train,5s_Thermus-sp.-2
srp,train,5s_Thermus-thermophilus-2
srp,train,5s_Thiomonas-cuprina-1
srp,train,5s_Thiothrix-nivea-1
srp,train,5s_Thraustochytrium-visurgense-2
srp,train,5s_Tremella-mesenterica-2
srp,train,5s_Trimorphomyces-papilionaceus-1
srp,train,5s_Ustilago-maydis-1
srp,train,5s_Ustilentyloma-fluitans-1
srp,train,5s_Vibrio-cyclosites-1
srp,train,5s_Vibrio-fluvialis-1
srp,train,5s_Vibrio-harveyi-1
srp,train,5s_Vibrio-nereis-1
srp,train,5s_Vibrio-parahaemolyticus-3
srp,train,5s_Vibrio-vulnificus-4
srp,train,5s_Vitreoscilla-stercoraria-1
srp,train,5s_Xanthobacter-viscosus-1
srp,train,5s_Yersinia-pestis-1
srp,train,5s_uncultured-euryarchaeote-37F11-1
srp,train,RNaseP_A.ambivalens
srp,train,RNaseP_A.brierleyi
srp,train,RNaseP_A.chroococcum
srp,train,RNaseP_A.ferrooxidans
srp,train,RNaseP_A.fulgidus
srp,train,RNaseP_A.laidlawii
srp,train,RNaseP_A.obstetricans
srp,train,RNaseP_A.salinestris-184
srp,train,RNaseP_Anabaena-ATCC29413
srp,train,RNaseP_B.bronchiseptica
srp,train,RNaseP_B.hermsii
srp,train,RNaseP_B.megaterium
srp,train,RNaseP_B.pertussis
srp,train,RNaseP_B.stearothermophilus
srp,train,RNaseP_B.subtilis
srp,train,RNaseP_B.subtilis-g
srp,train,RNaseP_C.acetobutylicum
srp,train,RNaseP_C.crescentus
srp,train,RNaseP_C.jejuni
srp,train,RNaseP_C.limicola
srp,train,RNaseP_C.pneumoniae-AR39
srp,train,RNaseP_C.pneumoniae-CWL029
srp,train,RNaseP_C.sporogenes
srp,train,RNaseP_C.trachomatis-2
srp,train,RNaseP_C.trachomatis-D
srp,train,RNaseP_C.vinosum
srp,train,RNaseP_CPA49
srp,train,RNaseP_CPB139
srp,train,RNaseP_CPB74
srp,train,RNaseP_CPB7776
srp,train,RNaseP_CPB80
srp,train,RNaseP_CPB86
srp,train,RNaseP_D.desulfuricans
srp,train,RNaseP_D.jeanneae
srp,train,RNaseP_Dermocarpa-PCC7437
srp,train,RNaseP_E.agglomerulans
srp,train,RNaseP_E.coli
srp,train,RNaseP_E.eschscholtzii-2
srp,train,RNaseP_E.eschsholtzii
srp,train,RNaseP_E.faecalis
srp,train,RNaseP_E.faecalis-2
srp,train,RNaseP_E1B
srp,train,RNaseP_EM14b-9
srp,train,RNaseP_ERH
srp,train,RNaseP_ESH167F
srp,train,RNaseP_ESH20b-1
srp,train,RNaseP_ESH7-9
srp,train,RNaseP_G.gorilla
srp,train,RNaseP_H.chlorum-partial
srp,train,RNaseP_H.pylori-26695
srp,train,RNaseP_H.pylori-48K
srp,train,RNaseP_H.pylori-J99
srp,train,RNaseP_H.pylori-RU1
srp,train,RNaseP_H.trapanicum
srp,train,RNaseP_I.calvum
srp,train,RNaseP_K.pneumoniae
srp,train,RNaseP_L.acidophilus
srp,train,RNaseP_L.japonicus-IFO15385
srp,train,RNaseP_LGA1
srp,train,RNaseP_LGB27
srp,train,RNaseP_LGB32
srp,train,RNaseP_LGB41
srp,train,RNaseP_LGW113
srp,train,RNaseP_LGW18
srp,train,RNaseP_LGW46
srp,train,RNaseP_M.barkeri
srp,train,RNaseP_M.bovis
srp,train,RNaseP_M.capricolum
srp,train,RNaseP_M.leprae
srp,train,RNaseP_M.luteus
srp,train,RNaseP_M.phosphovorus-JCM9380
srp,train,RNaseP_M.sedula
srp,train,RNaseP_M.thermoautotrophicum-DH
srp,train,RNaseP_M.thermoautotrphicumMarb
srp,train,RNaseP_N.europaea
srp,train,RNaseP_N.flavus
srp,train,RNaseP_N.fulvus-JCM3335
srp,train,RNaseP_Nocardiodes-NSP41
srp,train,RNaseP_Nostoc-PCC7413
srp,train,RNaseP_Onchorhynchus-1
srp,train,RNaseP_Onchorhynchus-sp-1
srp,train,RNaseP_P.alcalifaciens
srp,train,RNaseP_P.douglassii
srp,train,RNaseP_P.gingivalis
srp,train,RNaseP_P.mississippiensis
srp,train,RNaseP_P.purpurea-chloroplast
srp,train,RNaseP_P.staleyi
srp,train,RNaseP_P.stutzeri
srp,train,RNaseP_P.troglodytes
srp,train,RNaseP_P.vulgaris
srp,train,RNaseP_Prochlorococcus-PAC1B
srp,train,RNaseP_Prochlorococcus-TATL2
srp,train,RNaseP_R.prowazekii
srp,train,RNaseP_R.rubrum
srp,train,RNaseP_S.acidocaldarius
srp,train,RNaseP_S.bayanus
srp,train,RNaseP_S.bikiniensis
srp,train,RNaseP_S.caesia-K182
srp,train,RNaseP_S.caesia-K76T
srp,train,RNaseP_S.caesia-SB01
srp,train,RNaseP_S.castellii
srp,train,RNaseP_S.epidermidis
srp,train,RNaseP_S.glauca-K194
srp,train,RNaseP_S.globosus
srp,train,RNaseP_S.japonicus
srp,train,RNaseP_S.kluyveri
srp,train,RNaseP_S.lividans
srp,train,RNaseP_S.pastorianus
srp,train,RNaseP_S.polymorpha
srp,train,RNaseP_S.pyogenes
srp,train,RNaseP_S.servazzii
srp,train,RNaseP_S.shibatae
srp,train,RNaseP_S.typhi
srp,train,RNaseP_S.typhimurium
srp,train,RNaseP_S.unisporus
srp,train,RNaseP_S.viridis-K191
srp,train,RNaseP_S.viridis-K73T
srp,train,RNaseP_SL1-1
srp,train,RNaseP_SLC
srp,train,RNaseP_SM-A01
srp,train,RNaseP_SM-A03
srp,train,RNaseP_SM-A04
srp,train,RNaseP_SM-A05
srp,train,RNaseP_SM-A06
srp,train,RNaseP_SM-A1012
srp,train,RNaseP_SM-A1214
srp,train,RNaseP_SM-A1315
srp,train,RNaseP_SM-A2946
srp,train,RNaseP_SM-A3862
srp,train,RNaseP_SM-A4065
srp,train,RNaseP_SM-A4775
srp,train,RNaseP_SM-A4876
srp,train,RNaseP_SM-A4977
srp,train,RNaseP_SM-A5179
srp,train,RNaseP_SM-A5382
srp,train,RNaseP_SM-A5584
srp,train,RNaseP_SM-A5888
srp,train,RNaseP_SM-A6090
srp,train,RNaseP_SM1
srp,train,RNaseP_SMB-A3
srp,train,RNaseP_SMB-A5
srp,train,RNaseP_SMB-B3
srp,train,RNaseP_SMB-B4
srp,train,RNaseP_Synechococcus-PCC7942
srp,train,RNaseP_Synechocystis-PCC6308
srp,train,RNaseP_Synechocystis-PCC6803
srp,train,RNaseP_T.acidophilum
srp,train,RNaseP_T.aquaticus
srp,train,RNaseP_T.celerAL1-2
srp,train,RNaseP_T.littoralis
srp,train,RNaseP_T.neapolitana
srp,train,RNaseP_T.pallidum
srp,train,RNaseP_UK2
srp,train,RNaseP_UK5
srp,train,RNaseP_V.cholera
srp,train,RNaseP_V.spinosum
srp,train,RNaseP_VSDW
srp,train,RNaseP_WA1
srp,train,RNaseP_Z.bailii
srp,train,RNaseP_purpleX
srp,train,grp1_a.I1.b.S.hofmanii.C3.tMET
srp,train,grp1_a.I1.c.A.cherimola.C3.tLEU
srp,train,grp1_a.I1.c.G.prostrata.C3.tLEU
srp,train,grp1_a.I1.c.S.bicolor.C3.tLEU
srp,train,grp1_a.I1.e.A.adeninivorans.C1.LSU.2449
srp,train,grp1_a.I1.e.A.capsulatus.CBS213.53.C1.SSU.943
srp,train,grp1_a.I1.e.A.capsulatus.FLs1.C1.SSU
srp,train,grp1_a.I1.e.A.capsulatus.G184B.C1.SSU
srp,train,grp1_a.I1.e.A.stipitatus.C1.SSU.1046
srp,train,grp1_a.I1.e.B.ciliata.JCM6865.C1.SSU.1506
srp,train,grp1_a.I1.e.B.ciliata.JCM6865.C1.SSU.943
srp,train,grp1_a.I1.e.B.yamatoana.JCM2896.C1.SSU.943
srp,train,grp1_a.I1.e.C.ellipsoidea.211-1a.C1.SSU.1506
srp,train,grp1_a.I1.e.C.grayi.UNK.SSU.1046
srp,train,grp1_a.I1.e.C.grayi.UNK.SSU.1516
srp,train,grp1_a.I1.e.C.merochlorophea.UNK.SSU.1046
srp,train,grp1_a.I1.e.C.merochlorophea.UNK.SSU.1210
srp,train,grp1_a.I1.e.C.merochlorophea.UNK.SSU.1516
srp,train,grp1_a.I1.e.C.saccatum.C1.SSU.1512
srp,train,grp1_a.I1.e.C.saxonicum.C1.SSU.1506
srp,train,grp1_a.I1.e.D.parva.C1.SSU.1512
srp,train,grp1_a.I1.e.D.parva.C1.SSU.943
srp,train,grp1_a.I1.e.D.salina.C1.SSU.943
srp,train,grp1_a.I1.e.E.dermatitidis.C1.SSU.943
srp,train,grp1_a.I1.e.L.dispersa.UNK.SSU.1046
srp,train,grp1_a.I1.e.L.dispersa.UNK.SSU.1210
srp,train,grp1_a.I1.e.L.dispersa.UNK.SSU.1516
srp,train,grp1_a.I1.e.L.dispersa.UNK.SSU.287
srp,train,grp1_a.I1.e.L.dispersa.UNK.SSU.516
srp,train,grp1_a.I1.e.L.dispersa.UNK.SSU.789
srp,train,grp1_a.I1.e.M.caldariorum.C1.SSU.1506
srp,train,grp1_a.I1.e.P.carinii.C1.SSU.1506
srp,train,grp1_a.I1.e.P.carinii.Pc1.C1.LSU.1921
srp,train,grp1_a.I1.e.P.carinii.Pc2.C1.LSU.1921
srp,train,grp1_a.I1.e.P.carinii.Pc3.C1.LSU.1921
srp,train,grp1_a.I1.e.P.clavariiformis.C1.SSU.943
srp,train,grp1_a.I1.e.P.inouyei.C1.SSU.1506
srp,train,grp1_a.I1.e.P.inouyei.C1.SSU.943
srp,train,grp1_a.I1.e.P.macrosporus.C1.SSU.1506
srp,train,grp1_a.I1.e.P.pachydermus.C1.SSU.943
srp,train,grp1_a.I1.e.P.sarcinoidea.C1.SSU.943
srp,train,grp1_a.I1.e.S.granulatum.C1.SSU.1506
srp,train,grp1_a.I1.e.S.paniceum.UNK.SSU.1052
srp,train,grp1_a.I1.e.S.paniceum.UNK.SSU.114
srp,train,grp1_a.I1.e.S.paniceum.UNK.SSU.1210
srp,train,grp1_a.I1.e.S.paniceum.UNK.SSU.1506
srp,train,grp1_a.I1.e.S.sclerotiorum_1837.C1.LSU.798
srp,train,grp1_a.I1.e.Staurastrum.sp.M753.C1.SSU.1506
srp,train,grp1_a.I1.e.T.cosmopolitanis.C1.LSU.1925
srp,train,grp1_a.I1.e.T.hyperangularis.C1.LSU.1925
srp,train,grp1_a.I1.e.T.malaccensis.C1.LSU.1925
srp,train,grp1_a.I1.e.T.pigmentosa.C1.LSU.1925
srp,train,grp1_a.I1.e.U.maydis.C1.SSU.943
srp,train,grp1_a.I1.m.M.grisea.B2.ND1
srp,train,grp1_b.I1.e.C.saccharophila.C1.SSU.156
srp,train,grp1_b.I1.e.M.anisopliae.2.C1.LSU.1921
srp,train,grp1_b.I1.e.M.anisopliae.3.C1.LSU.1921
srp,train,grp1_b.I1.e.T.thermophila.C1.LSU.1925
srp,train,grp1_s.I1.e.T.thermophila.C1.LSU.1925.schem
srp,train,tRNA_tdbR00000003-Haloferax_volcanii-2246-Ala-GGC
srp,train,tRNA_tdbR00000011-Neurospora_crassa-5141-Ala-UGC
srp,train,tRNA_tdbR00000013-Pichia_jadinii-4903-Ala-IGC
srp,train,tRNA_tdbR00000017-Homo_sapiens-9606-Ala-IGC
srp,train,tRNA_tdbR00000021-Saccharomyces_cerevisiae-4932-Cys-GCA
srp,train,tRNA_tdbR00000024-Mycoplasma_capricolum-2095-Asp-GUC
srp,train,tRNA_tdbR00000026-Escherichia_coli-562-Asp-QUC
srp,train,tRNA_tdbR00000030-Aedes_albopictus-7160-Asp-GUC
srp,train,tRNA_tdbR00000032-Rattus_norvegicus-10116-Asp-GUC
srp,train,tRNA_tdbR00000036-Euglena_gracilis-3039-Asp-GUC
srp,train,tRNA_tdbR00000042-Haloferax_volcanii-2246-Glu-MUC
srp,train,tRNA_tdbR00000043-Haloferax_volcanii-2246-Glu-NUC
srp,train,tRNA_tdbR00000059-Rattus_norvegicus-10116-Glu-3UC
srp,train,tRNA_tdbR00000063-Haloferax_volcanii-2246-Phe-GAA
srp,train,tRNA_tdbR00000067-Escherichia_coli-562-Phe-GAA
srp,train,tRNA_tdbR00000072-Phaseolus_vulgaris-3885-Phe-GAA
srp,train,tRNA_tdbR00000074-Tetrahymena_pyriformis-5908-Phe-GAA
srp,train,tRNA_tdbR00000078-Ascaris_suum-6253-Phe-GAA
srp,train,tRNA_tdbR00000090-Lupinus_luteus-3873-Phe-AA
srp,train,tRNA_tdbR00000092-Oryctolagus_cuniculus-9986-Phe-AA
srp,train,tRNA_tdbR00000093-Bombyx_mori-7091-Phe-AA
srp,train,tRNA_tdbR00000108-Haloferax_volcanii-2246-Gly-GCC
srp,train,tRNA_tdbR00000114-Staphylococcus_epidermidis-1282-Gly-UCC
srp,train,tRNA_tdbR00000115-Staphylococcus_epidermidis-1282-Gly-UCC
srp,train,tRNA_tdbR00000119-Escherichia_coli-562-Gly-NCC
srp,train,tRNA_tdbR00000125-Bos_taurus-9913-Gly-UCC
srp,train,tRNA_tdbR00000128-Halocynthia_roretzi-7729-Gly-GCU
srp,train,tRNA_tdbR00000132-Lupinus_luteus-3873-Gly-GCC
srp,train,tRNA_tdbR00000136-Homo_sapiens-9606-Gly-GCC
srp,train,tRNA_tdbR00000139-Mycoplasma_capricolum-2095-His-GUK
srp,train,tRNA_tdbR00000143-Asterias_amurensis-7602-His-QUG
srp,train,tRNA_tdbR00000151-Haloferax_volcanii-2246-Ile-GAU
srp,train,tRNA_tdbR00000155-Mycoplasma_mycoides-2102-Ile-GAU
srp,train,tRNA_tdbR00000164-Saccharomyces_cerevisiae-4932-Ile-GAU
srp,train,tRNA_tdbR00000170-Saccharomyces_cerevisiae-4932-Ile-IAU
srp,train,tRNA_tdbR00000172-Lupinus_luteus-3873-Ile-IAU
srp,train,tRNA_tdbR00000175-Haloferax_volcanii-2246-Lys-NUU
srp,train,tRNA_tdbR00000176-Haloferax_volcanii-2246-Lys-MUU
srp,train,tRNA_tdbR00000177-Mycoplasma_capricolum-2095-Lys-CUU
srp,train,tRNA_tdbR00000179-Bacillus_subtilis-1423-Lys-UU
srp,train,tRNA_tdbR00000184-Asterias_amurensis-7602-Lys-CUU
srp,train,tRNA_tdbR00000192-Saccharomyces_cerevisiae-4932-Lys-CUU
srp,train,tRNA_tdbR00000194-Triticum_aestivum-4565-Lys-CUU
srp,train,tRNA_tdbR00000196-Rattus_norvegicus-10116-Lys-CUN
srp,train,tRNA_tdbR00000197-Rattus_norvegicus-10116-Lys-3UU
srp,train,tRNA_tdbR00000206-Loligo_bleekeri-6617-Lys-UUU
srp,train,tRNA_tdbR00000208-Mus_musculus-10090-Lys-CUN
srp,train,tRNA_tdbR00000209-Enterobacteria_phage_T4-10665-Leu-NAA
srp,train,tRNA_tdbR00000211-Haloferax_volcanii-2246-Leu-CAA
srp,train,tRNA_tdbR00000216-Mycoplasma_capricolum-2095-Leu-BAA
srp,train,tRNA_tdbR00000218-Mycoplasma_capricolum-2095-Leu-UAG
srp,train,tRNA_tdbR00000221-Escherichia_coli-562-Leu-CAG
srp,train,tRNA_tdbR00000222-Escherichia_coli-562-Leu-GAG
srp,train,tRNA_tdbR00000225-Synechococcus_elongatus_PCC_6301-269084-Leu-CAA
srp,train,tRNA_tdbR00000228-Glycine_max-3847-Leu-BAA
srp,train,tRNA_tdbR00000230-Glycine_max-3847-Leu-UA7
srp,train,tRNA_tdbR00000233-Phaseolus_vulgaris-3885-Leu-UA7
srp,train,tRNA_tdbR00000234-Spinacia_oleracea-3562-Leu-UA7
srp,train,tRNA_tdbR00000236-Neurospora_crassa-5141-Leu-UAG
srp,train,tRNA_tdbR00000237-Saccharomyces_cerevisiae-4932-Leu-AA
srp,train,tRNA_tdbR00000243-Rattus_norvegicus-10116-Leu-UAG
srp,train,tRNA_tdbR00000245-Rattus_norvegicus-10116-Leu-UAG
srp,train,tRNA_tdbR00000252-Pichia_jadinii-4903-Leu-BAA
srp,train,tRNA_tdbR00000254-Candida_cylindracea-44322-Leu-IAG
srp,train,tRNA_tdbR00000273-Mycoplasma_capricolum-2095-Met-CAU
srp,train,tRNA_tdbR00000277-Codium_fragile-3133-Met-CAU
srp,train,tRNA_tdbR00000278-Scenedesmus_obliquus-3088-Met-CAU
srp,train,tRNA_tdbR00000286-Lupinus_luteus-3873-Met-BAU
srp,train,tRNA_tdbR00000291-Halobacterium_salinarum-2242-Asn-GUU
srp,train,tRNA_tdbR00000300-Saccharomyces_cerevisiae-4932-Asn-GUU
srp,train,tRNA_tdbR00000301-Lupinus_luteus-3873-Asn-UU
srp,train,tRNA_tdbR00000309-Enterobacteria_phage_T4-10665-Pro-NGG
srp,train,tRNA_tdbR00000316-Bacillus_subtilis-1423-Pro-5GG
srp,train,tRNA_tdbR00000317-Salmonella_typhimurium-602-Pro-CGG
srp,train,tRNA_tdbR00000328-Enterobacteria_phage_T5-10726-Gln-UUG
srp,train,tRNA_tdbR00000333-Escherichia_coli-562-Gln-NUG
srp,train,tRNA_tdbR00000336-Aedes_albopictus-7160-Gln-NUG
srp,train,tRNA_tdbR00000337-Tetrahymena_thermophila-5911-Gln-CUA
srp,train,tRNA_tdbR00000338-Tetrahymena_thermophila-5911-Gln-JUA
srp,train,tRNA_tdbR00000342-Bos_taurus-9913-Gln-CUG
srp,train,tRNA_tdbR00000343-Mus_musculus-10090-Gln-CUG
srp,train,tRNA_tdbR00000347-Enterobacteria_phage_T4-10665-Arg-NCU
srp,train,tRNA_tdbR00000351-Haloferax_volcanii-2246-Arg-NCG
srp,train,tRNA_tdbR00000352-Mycoplasma_capricolum-2095-Arg-ICG
srp,train,tRNA_tdbR00000355-Escherichia_coli-562-Arg-ICG
srp,train,tRNA_tdbR00000360-Codium_fragile-3133-Arg-ICG
srp,train,tRNA_tdbR00000364-Ascaris_suum-6253-Arg-ACG
srp,train,tRNA_tdbR00000365-Aedes_albopictus-7160-Arg-UCG
srp,train,tRNA_tdbR00000368-Mesocricetus_auratus-10036-Arg-UCG
srp,train,tRNA_tdbR00000371-Saccharomyces_cerevisiae-4932-Arg-1CU
srp,train,tRNA_tdbR00000375-Bos_taurus-9913-Arg-CCU
srp,train,tRNA_tdbR00000376-Bos_taurus-9913-Arg-3CP
srp,train,tRNA_tdbR00000377-Mus_musculus-10090-Arg-ICG
srp,train,tRNA_tdbR00000383-Haloferax_volcanii-2246-Ser-GGA
srp,train,tRNA_tdbR00000393-Escherichia_coli-562-Ser-GGA
srp,train,tRNA_tdbR00000396-Saccharomyces_cerevisiae-4932-Ser-UGA
srp,train,tRNA_tdbR00000397-Saccharomyces_cerevisiae-4932-Ser-UGA
srp,train,tRNA_tdbR00000400-Loligo_bleekeri-6617-Ser-7CU
srp,train,tRNA_tdbR00000403-Bos_taurus-9913-Ser-UGA
srp,train,tRNA_tdbR00000406-Saccharomyces_cerevisiae-4932-Ser-NGA
srp,train,tRNA_tdbR00000407-Saccharomyces_cerevisiae-4932-Ser-IGA
srp,train,tRNA_tdbR00000413-Candida_cylindracea-44322-Ser-GCU
srp,train,tRNA_tdbR00000415-Nicotiana_rustica-4093-Ser-GA
srp,train,tRNA_tdbR00000416-Nicotiana_rustica-4093-Ser-CGA
srp,train,tRNA_tdbR00000430-Halobacterium_salinarum-2242-Thr-GGU
srp,train,tRNA_tdbR00000431-Haloferax_volcanii-2246-Thr-CGU
srp,train,tRNA_tdbR00000432-Haloferax_volcanii-2246-Thr-GGU
srp,train,tRNA_tdbR00000439-Spinacia_oleracea-3562-Thr-GGU
srp,train,tRNA_tdbR00000443-Saccharomyces_cerevisiae-4932-Thr-IGU
srp,train,tRNA_tdbR00000446-Halobacterium_salinarum-2242-Val-CAC
srp,train,tRNA_tdbR00000448-Halobacterium_salinarum-2242-Val-GAC
srp,train,tRNA_tdbR00000451-Mycoplasma_capricolum-2095-Val-UAC
srp,train,tRNA_tdbR00000453-Bacillus_subtilis-1423-Val-5AC
srp,train,tRNA_tdbR00000455-Escherichia_coli-562-Val-GAC
srp,train,tRNA_tdbR00000459-Neurospora_crassa-5141-Val-UAC
srp,train,tRNA_tdbR00000463-Bos_taurus-9913-Val-UAC
srp,train,tRNA_tdbR00000467-Pichia_jadinii-4903-Val-IAC
srp,train,tRNA_tdbR00000471-Oryctolagus_cuniculus-9986-Val-IAC
srp,train,tRNA_tdbR00000472-Drosophila_melanogaster-7227-Val-IAC
srp,train,tRNA_tdbR00000475-Mus_musculus-10090-Val-IAC
srp,train,tRNA_tdbR00000477-Avian_myeloblastosis_virus-11866-Trp-BCA
srp,train,tRNA_tdbR00000478-Haloferax_volcanii-2246-Trp-BCA
srp,train,tRNA_tdbR00000480-Mycoplasma_capricolum-2095-Trp-CA
srp,train,tRNA_tdbR00000482-Spiroplasma_citri-2133-Trp-CCA
srp,train,tRNA_tdbR00000486-Phaseolus_vulgaris-3885-Trp-BCA
srp,train,tRNA_tdbR00000488-Tetrahymena_thermophila-5911-Trp-CA
srp,train,tRNA_tdbR00000492-Rattus_norvegicus-10116-Trp-NCA
srp,train,tRNA_tdbR00000497-Bos_taurus-9913-Trp-BCA
srp,train,tRNA_tdbR00000498-Gallus_gallus-9031-Trp-BCA
srp,train,tRNA_tdbR00000499-Halobacterium_salinarum-2242-Ini-CAU
srp,train,tRNA_tdbR00000500-Haloferax_volcanii-2246-Ini-CAU
srp,train,tRNA_tdbR00000504-Mycoplasma_capricolum-2095-Ini-CAU
srp,train,tRNA_tdbR00000506-Streptomyces_griseus-1911-Ini-CAU
srp,train,tRNA_tdbR00000507-Bacillus_subtilis-1423-Ini-CAU
srp,train,tRNA_tdbR00000510-Escherichia_coli-562-Ini-CAU
srp,train,tRNA_tdbR00000512-Mycobacterium_smegmatis-1772-Ini-CAU
srp,train,tRNA_tdbR00000514-Scenedesmus_obliquus-3088-Ini-CAU
srp,train,tRNA_tdbR00000519-Phaseolus_vulgaris-3885-Ini-CAU
srp,train,tRNA_tdbR00000523-Tetrahymena_thermophila-5911-Ini-CAU
srp,train,tRNA_tdbR00000529-Triticum_aestivum-4565-Ini-CAU
srp,train,tRNA_tdbR00000532-Oryctolagus_cuniculus-9986-Ini-CAU
srp,train,tRNA_tdbR00000533-Drosophila_melanogaster-7227-Ini-CAU
srp,train,tRNA_tdbR00000534-Euphausia_superba-6819-Ini-CAU
srp,train,tRNA_tdbR00000535-Xenopus_laevis-8355-Ini-CAU
srp,train,tRNA_tdbR00000546-Escherichia_coli-562-Tyr-QUA
srp,train,tRNA_tdbR00000548-Scenedesmus_obliquus-3088-Tyr-GUA
srp,train,tRNA_tdbR00000556-Schizosaccharomyces_pombe-4896-Tyr-GPA
srp,train,tRNA_tdbR00000559-Triticum_aestivum-4565-Tyr-GPA
srp,train,tRNA_tdbR00000560-Lupinus_luteus-3873-Tyr-GPA
srp,train,tRNA_tdbR00000565-Bos_taurus-9913-Tyr-9PA
srp,train,tRNA_tdbR00000572-Leishmania_tarentolae-5689-Lys-1UU
srp,train,tRNA_tdbR00000581-Aeropyrum_pernix-56636-Lys-CUU
srp,train,tRNA_tdbR00000584-Aeropyrum_pernix-56636-Pro-GGG
srp,train,tRNA_tdbR00000587-Aeropyrum_pernix-56636-Met-CAU
srp,train,tRNA_tdbR00000590-Ascaris_suum-6253-Glu-UC
srp,train,tRNA_tdbR00000593-Ascaris_suum-6253-Trp-CA
srp,train,tRNA_tdbR00000605-Lupinus_luteus-3873-Leu-CAG
srp,train,tRNA_tdbR00000611-Sinorhizobium_meliloti-382-His-GUG
srp,train,tRNA_tdbR00000613-Nanoarchaeum_equitans-160232-Glu-CUC
srp,train,tRNA_tdbR00000617-Nanoarchaeum_equitans-160232-Gln-UUG
srp,train,telomerase_AF147806.247-692
srp,train,telomerase_AF221908.136-584
srp,train,telomerase_AF221909.98-496
srp,train,telomerase_AF221910.112-554
srp,train,telomerase_AF221911.104-513
srp,train,telomerase_AF221912.98-564
srp,train,telomerase_AF221913.109-520
srp,train,telomerase_AF221914.112-589
srp,train,telomerase_AF221916.94-481
srp,train,telomerase_AF221918.97-547
srp,train,telomerase_AF221919.107-614
srp,train,telomerase_AF221920.99-541
srp,train,telomerase_AF221921.98-548
srp,train,telomerase_AF221923.106-554
srp,train,telomerase_AF221925.98-540
srp,train,telomerase_AF221926.103-507
srp,train,telomerase_AF221927.113-556
srp,train,telomerase_AF221928.95-476
srp,train,telomerase_AF221929.92-517
srp,train,telomerase_AF221930.94-546
srp,train,telomerase_AF221931.99-541
srp,train,telomerase_AF221935.112-602
srp,train,telomerase_AF221936.98-540
srp,train,telomerase_AF221937.99-545
srp,train,telomerase_AF221939.99-544
srp,train,telomerase_AF221940.103-499
srp,train,telomerase_AY058901.1-397
srp,train,telomerase_U85256.1-451
srp,train,tmRNA_Acin.spec._CR543861_1-360
srp,train,tmRNA_Acti.acti._TRW-272556_1-366
srp,train,tmRNA_Acti.naes._TRW-240017_1-371
srp,train,tmRNA_Acti.succ._TRW-339671_1-367
srp,train,tmRNA_Aero.hydr._AY442269_1-360
srp,train,tmRNA_Aero.hydr._CP000462_1-360
srp,train,tmRNA_Anab.vari._CP000117_1-390
srp,train,tmRNA_Aqui.aeol._TRW-63363_1-347
srp,train,tmRNA_Arth.spec._CP000454_1-369
srp,train,tmRNA_Azoa.spec._TRW-62928_1-378
srp,train,tmRNA_Baci.anth._AE016879_1-355
srp,train,tmRNA_Baci.thur._AE017355_1-355
srp,train,tmRNA_Bact.frag._CR626927_1-398
srp,train,tmRNA_Bact.frag._TRW-817_1-398
srp,train,tmRNA_Bdel.bact._BX842656_1-346
srp,train,tmRNA_Bord.bron._TRW-257310_1-387
srp,train,tmRNA_Bord.para._TRW-257311_1-387
srp,train,tmRNA_Borr.burg._AE001118_1-359
srp,train,tmRNA_Buch.aphi._AE013218_1-376
srp,train,tmRNA_Burk.spec._CP000151_1-370
srp,train,tmRNA_Camp.coli._TRW-306254_1-359
srp,train,tmRNA_Camp.fetu._AY211269_1-361
srp,train,tmRNA_Camp.lari._TRW-306263_1-359
srp,train,tmRNA_Camp.upsa._TRW-306264_1-359
srp,train,tmRNA_Carn.malt._AF275938_1-366
srp,train,tmRNA_Chla.abor._CR848038_1-425
srp,train,tmRNA_Chla.cavi._AE015925_1-425
srp,train,tmRNA_Chla.muri._AE002296_1-418
srp,train,tmRNA_Chla.pneu._TRW-83558_1-426
srp,train,tmRNA_Chla.trac._TRW-272561_1-420
srp,train,tmRNA_Chla.trac._TRW-813-1_1-420
srp,train,tmRNA_Chlo.chlo._CP000108_1-401
srp,train,tmRNA_Clav.mich._TRW-31964_1-376
srp,train,tmRNA_Clos.acet._AE001437_1-359
srp,train,tmRNA_Clos.diff._AM180355_1-350
srp,train,tmRNA_Clos.diff._TRW-367459_1-350
srp,train,tmRNA_Clos.ther._TRW-203119_1-387
srp,train,tmRNA_Copr.prot._TRW-351627_1-353
srp,train,tmRNA_Croc.wats._TRW-165597_1-386
srp,train,tmRNA_Cyan.mero._AY286123_1-236
srp,train,tmRNA_Desu.psyc._CR522870_1-366
srp,train,tmRNA_Emil.huxl._TRW-280463_1-291
srp,train,tmRNA_Ente.faec._BD193796_1-367
srp,train,tmRNA_Ente.faec._TRW-1352_1-367
srp,train,tmRNA_Erwi.caro._BX950851_1-363
srp,train,tmRNA_Esch.coli._AE005491_1-363
srp,train,tmRNA_Esch.coli._AP009048_1-363
srp,train,tmRNA_Esch.coli._BA000007_1-363
srp,train,tmRNA_Esch.coli._D90888_1-363
srp,train,tmRNA_Esch.coli._U36840_1-363
srp,train,tmRNA_Exig.sibi._TRW-262543_1-359
srp,train,tmRNA_Fran.tula._AM233362_1-421
srp,train,tmRNA_Fran.tula._AM286280_1-421
srp,train,tmRNA_Fran.tula._CP000437_1-421
srp,train,tmRNA_Fuso.nucl._AE010567_1-341
srp,train,tmRNA_Fuso.nucl._TRW-209882_1-344
srp,train,tmRNA_Gemm.obsc._TRW-214688_1-412
srp,train,tmRNA_Geob.meta._CP000148_1-356
srp,train,tmRNA_Geob.stea._TRW-1422_1-352
srp,train,tmRNA_Guil.thet._AF041468_1-327
srp,train,tmRNA_Haem.ducr._AE017143_1-367
srp,train,tmRNA_Haem.infl._AY599475_1-366
srp,train,tmRNA_Haem.infl._L42023_1-366
srp,train,tmRNA_Haem.infl._U32808_1-366
srp,train,tmRNA_Heli.hepa._AE017125_1-369
srp,train,tmRNA_Heli.must._DQ250625_1-366
srp,train,tmRNA_Heli.pylo._AE001503_1-383
srp,train,tmRNA_Heli.pylo._TRW-85962_1-386
srp,train,tmRNA_Heli.pylo._TRW-85963_1-386
srp,train,tmRNA_Kleb.pneu._TRW-272620_1-363
srp,train,tmRNA_Lact.john._TRW-257314_1-367
srp,train,tmRNA_Lact.lact._AE006373_1-359
srp,train,tmRNA_Lact.lact._AF176556_1-359
srp,train,tmRNA_Lact.plan._AL935259_1-372
srp,train,tmRNA_Leif.xyli._AE016822_1-394
srp,train,tmRNA_Lept.inte._AE016823_1-350
srp,train,tmRNA_Lept.spec._TRW-261385_1-359
srp,train,tmRNA_Lept.spec._TRW-261386_1-359
srp,train,tmRNA_Leuc.mese._AF375574_1-307
srp,train,tmRNA_Leuc.mese._CP000414_1-358
srp,train,tmRNA_List.mono._TRW-1639-1_1-370
srp,train,tmRNA_Mann.haem._TRW-272629_1-367
srp,train,tmRNA_Mann.succ._AE016827_1-367
srp,train,tmRNA_Meth.flag._CP000284_1-361
srp,train,tmRNA_Moor.ther._CP000232_1-358
srp,train,tmRNA_Mora.cata._AX067460_1-359
srp,train,tmRNA_Myco.Bxz1._AY129337_1-437
srp,train,tmRNA_Myco.afri._TRW-33894_1-368
srp,train,tmRNA_Myco.aviu._AE016958_1-368
srp,train,tmRNA_Myco.bovi._TRW-1765_1-368
srp,train,tmRNA_Myco.hyop._TRW-262719_1-433
srp,train,tmRNA_Myco.myco._BX842642_1-411
srp,train,tmRNA_Myco.pulm._AL445565_1-387
srp,train,tmRNA_Myco.smeg._CP000480_1-369
srp,train,tmRNA_Myco.tube._TRW-164513_1-368
srp,train,tmRNA_Myxo.xant._TRW-34_1-366
srp,train,tmRNA_Neis.gono._TRW-242231_1-363
srp,train,tmRNA_Neis.meni._TRW-272831_1-363
srp,train,tmRNA_Nitr.euro._BX321865_1-360
srp,train,tmRNA_Nitr.mult._CP000103_1-362
srp,train,tmRNA_Noca.farc._AP006618_1-368
srp,train,tmRNA_Nost.punc._TRW-63737_1-390
srp,train,tmRNA_Odon.sine._TRW-2839_1-371
srp,train,tmRNA_Para.symb._BX908798_1-405
srp,train,tmRNA_Pedi.pent._CP000422_1-369
srp,train,tmRNA_Pola.spec._CP000316_1-387
srp,train,tmRNA_Porp.purp._TRW-2787_1-323
srp,train,tmRNA_Prop.acne._AE017283_1-371
srp,train,tmRNA_Pseu.aeru._CP000438_1-353
srp,train,tmRNA_Pseu.ento._CT573326_1-392
srp,train,tmRNA_Pseu.fluo._CP000076_1-394
srp,train,tmRNA_Pseu.fluo._TRW-216595_1-397
srp,train,tmRNA_Pseu.syri._AE016853_1-388
srp,train,tmRNA_Rals.sola._AL646052_1-360
srp,train,tmRNA_Rubr.gela._TRW-279263_1-372
srp,train,tmRNA_Rumi.albu._TRW-246199_1-354
srp,train,tmRNA_Sali.rube._CP000159_1-369
srp,train,tmRNA_Salm.bong._TRW-218493_1-363
srp,train,tmRNA_Salm.ente._AE014613_1-363
srp,train,tmRNA_Salm.ente._AE017220_1-363
srp,train,tmRNA_Salm.typh._AY316313_1-363
srp,train,tmRNA_Shew.onei._AX048560_1-355
srp,train,tmRNA_Shew.putr._TRW-319224_1-356
srp,train,tmRNA_Shew.spec._CP000444_1-355
srp,train,tmRNA_Shew.spec._CP000446_1-355
srp,train,tmRNA_Shew.spec._CP000469_1-355
srp,train,tmRNA_Shew.spec._TRW-323850_1-356
srp,train,tmRNA_Shig.dyse._CP000034_1-363
srp,train,tmRNA_Shig.flex._AE014073_1-363
srp,train,tmRNA_Shig.sonn._CP000038_1-363
srp,train,tmRNA_Soda.glos._AP008232_1-384
srp,train,tmRNA_Stap.aure._AC074317_1-359
srp,train,tmRNA_Stap.aure._TRW-1280_1-362
srp,train,tmRNA_Stap.epid._TRW-1282-2_1-362
srp,train,tmRNA_Sten.malt._TRW-40324_1-354
srp,train,tmRNA_Stre.agal._AE014233_1-350
srp,train,tmRNA_Stre.aure._AY616521_1-382
srp,train,tmRNA_Stre.equi._TRW-1336_1-349
srp,train,tmRNA_Stre.pneu._AE008453_1-348
srp,train,tmRNA_Stre.scab._TRW-1883_1-402
srp,train,tmRNA_Stre.sobr._TRW-246202_1-349
srp,train,tmRNA_Sulf.azor._TRW-204536_1-351
srp,train,tmRNA_Syne.spec._D90916_1-396
srp,train,tmRNA_Synt.acid._CP000252_1-356
srp,train,tmRNA_Thal.pseu._EF067921_1-344
srp,train,tmRNA_Thal.weis._AF049491_1-348
srp,train,tmRNA_Ther.fusc._CP000088_1-372
srp,train,tmRNA_Ther.mari._TRW-243274-1_1-356
srp,train,tmRNA_Ther.teng._AE013063_1-351
srp,train,tmRNA_Trep.dent._AE017226_1-351
srp,train,tmRNA_Trep.pall._TRW-243276_1-354
srp,train,tmRNA_Xant.axon._AE011783_1-397
srp,train,tmRNA_Xyle.fast._TRW-155920_1-355
srp,train,tmRNA_Yers.ente._TRW-34054_1-381
srp,train,tmRNA_Yers.pest._CP000305_1-364
srp,train,tmRNA_envi.sequ._TRW-204433_1-356
srp,train,tmRNA_envi.sequ._TRW-259292_1-355
srp,train,tmRNA_envi.sequ._TRW-32045-1_1-355
srp,train,tmRNA_uncu.bact._TRW-32033-1_1-354
srp,train,tmRNA_uncu.bact._TRW-32045-4_1-369
srp,valid,16s_B.burgdorferi_domain4
srp,valid,16s_B.subtilis_domain4
srp,valid,16s_C.elegans_domain4
srp,valid,16s_C.reinhardtii.chloro_domain1
srp,valid,16s_C.reinhardtii.chloro_domain3
srp,valid,16s_C.reinhardtii.mito_domain1
srp,valid,16s_C.reinhardtii.mito_domain2
srp,valid,16s_H.sapiens.mito_domain3
srp,valid,16s_H.volcanii_domain1
srp,valid,16s_P.occultum_domain4
srp,valid,16s_S.cerevisiae_domain3
srp,valid,16s_T.gondii_domain3
srp,valid,16s_T.maritima_domain3
srp,valid,23s_B.subtilis_domain3
srp,valid,23s_B.subtilis_domain6
srp,valid,23s_T.thermophilus_domain6
srp,valid,5s_Acanthamoeba-castellanii-2
srp,valid,5s_Acinetospora-crinita-1
srp,valid,5s_Agrobacterium-tumefaciens-6
srp,valid,5s_Asterina-pectinifera-1
srp,valid,5s_Auricularia-auricula-judae-1
srp,valid,5s_Azotobacter-vinelandii-1
srp,valid,5s_Bacillus-anthracis-10
srp,valid,5s_Bacillus-thuringiensis-1
srp,valid,5s_Bifidobacterium-longum-3
srp,valid,5s_Brevibacillus-brevis-1
srp,valid,5s_Caenorhabditis-briggsae-1
srp,valid,5s_Cryptococcus-humicola-1
srp,valid,5s_Dipsacomyces-acuminosporus-1
srp,valid,5s_Dugesia-japonica-1
srp,valid,5s_E_glandulE
srp,valid,5s_Eisenia-bicyclis-1
srp,valid,5s_Emericella-nidulans-3
srp,valid,5s_Emericella-nidulans-8
srp,valid,5s_Empedobacter-brevis-1
srp,valid,5s_Escherichia-coli-6
srp,valid,5s_Fusarium-lunulosporum-3
srp,valid,5s_Fusobacterium-nucleatum-4
srp,valid,5s_Grimontia-hollisae-1
srp,valid,5s_Hyphomonas-oligotropha-1
srp,valid,5s_Illex-illecebrosus-1
srp,valid,5s_Kluyveromyces-delphensis-1
srp,valid,5s_Lentinula-edodes-2
srp,valid,5s_Mycoplasma-genitalium-1
srp,valid,5s_Mycoplasma-penetrans-1
srp,valid,5s_Paracentrotus-lividus-2
srp,valid,5s_Pirellula-sp.-1
srp,valid,5s_Pseudomonas-fluorescens-2
srp,valid,5s_Pseudomonas-fluorescens-4
srp,valid,5s_Puccinia-poarum-1
srp,valid,5s_Pyrococcus-woesei-1
srp,valid,5s_Staphylococcus-aureus-1
srp,valid,5s_Streptomyces-roseoverticillatus-1
srp,valid,5s_Ureaplasma-parvum-1
srp,valid,5s_Urechis-unicinctus-1
srp,valid,5s_Vitreoscilla-filiformis-1
srp,valid,RNaseP_A.ferrooxidans-g
srp,valid,RNaseP_B.brevis
srp,valid,RNaseP_Buchnera-APS
srp,valid,RNaseP_C.tepidum-g
srp,valid,RNaseP_CPA54
srp,valid,RNaseP_ESH26-4
srp,valid,RNaseP_Fischerella-UTEX1829
srp,valid,RNaseP_H.aurantiacus
srp,valid,RNaseP_H.influenza
srp,valid,RNaseP_M.hyopneumoniae
srp,valid,RNaseP_M.pneumoniae
srp,valid,RNaseP_M.tuberculosis
srp,valid,RNaseP_M.vannielli
srp,valid,RNaseP_N.gonnorhoeae
srp,valid,RNaseP_N.meningitidis-Z2491
srp,valid,RNaseP_Onchorhynchus-2
srp,valid,RNaseP_Onchorhynchus-sp-2
srp,valid,RNaseP_P.azotoformans
srp,valid,RNaseP_P.furiosus-2
srp,valid,RNaseP_P.marinus
srp,valid,RNaseP_P.putida
srp,valid,RNaseP_P.strasburgensis
srp,valid,RNaseP_P131
srp,valid,RNaseP_Prochlorococcus-PAC1A
srp,valid,RNaseP_Prochlorococcus-PCC9511
srp,valid,RNaseP_Prochlorococcus-TATL2-2
srp,valid,RNaseP_R.americana-mito
srp,valid,RNaseP_R.norvegicus
srp,valid,RNaseP_S.caesia-K200
srp,valid,RNaseP_S.carlsbergensis
srp,valid,RNaseP_S.diastaticus
srp,valid,RNaseP_S.mutans
srp,valid,RNaseP_S.uvarum
srp,valid,RNaseP_SM-A1113
srp,valid,RNaseP_SM-A1519
srp,valid,RNaseP_SM-A2642
srp,valid,RNaseP_T.maritima-g
srp,valid,RNaseP_T.syrichta
srp,valid,RNaseP_T.thermophilus
srp,valid,RNaseP_Y.pestis
srp,valid,grp1_a.I1.b.Dermocarpa.sp.ATCC29371.C3.tMET
srp,valid,grp1_a.I1.b.Phormidium.sp.N182.C3.tLEU
srp,valid,grp1_a.I1.b.Synechococcus.sp2.C3.tLEU
srp,valid,grp1_a.I1.e.A.capsulatus.G186B.C1.SSU
srp,valid,grp1_a.I1.e.B.yamatoana.JCM2896.C1.SSU.1506
srp,valid,grp1_a.I1.e.C.ellipsoidea.IAMC-87.C1.SSU.1506
srp,valid,grp1_a.I1.e.C.merochlorophea.UNK.SSU.1389
srp,valid,grp1_a.I1.e.G.planctonica.C1.SSU.943
srp,valid,grp1_a.I1.e.G.spirotaenia.C1.SSU.1506
srp,valid,grp1_a.I1.e.L.dispersa.UNK.SSU.114
srp,valid,grp1_a.I1.e.P.macrosporus.C1.SSU.943
srp,valid,grp1_a.I1.e.S.paniceum.UNK.SSU.287
srp,valid,grp1_a.I1.e.Staurastrum.sp.M752.C1.SSU.1506
srp,valid,grp1_a.I1.m.S.luteus.A1.LSU.2504
srp,valid,grp1_a.I1.m.S.pombe.B1.OX1
srp,valid,tRNA_tdbR00000010-Escherichia_coli-562-Ala-VGC
srp,valid,tRNA_tdbR00000020-Escherichia_coli-562-Cys-GCA
srp,valid,tRNA_tdbR00000038-Rattus_norvegicus-10116-Asp-8UC
srp,valid,tRNA_tdbR00000053-Bos_taurus-9913-Glu-NUC
srp,valid,tRNA_tdbR00000089-Brassica_napus-3708-Phe-AA
srp,valid,tRNA_tdbR00000098-Xenopus_laevis-8355-Phe-AA
srp,valid,tRNA_tdbR00000109-Haloferax_volcanii-2246-Gly-NCC
srp,valid,tRNA_tdbR00000111-Mycoplasma_capricolum-2095-Gly-UCC
srp,valid,tRNA_tdbR00000140-Escherichia_coli-562-His-QUG
srp,valid,tRNA_tdbR00000142-Saccharomyces_cerevisiae-4932-His-GUG
srp,valid,tRNA_tdbR00000159-Escherichia_coli-562-Ile-GAU
srp,valid,tRNA_tdbR00000165-Solanum_tuberosum-4113-Ile-AU
srp,valid,tRNA_tdbR00000199-Oryctolagus_cuniculus-9986-Lys-CUU
srp,valid,tRNA_tdbR00000244-Rattus_norvegicus-10116-Leu-UAG
srp,valid,tRNA_tdbR00000270-Avian_myeloblastosis_virus-11866-Met-BAU
srp,valid,tRNA_tdbR00000282-Ascaris_suum-6253-Met-AU
srp,valid,tRNA_tdbR00000285-Triticum_aestivum-4565-Met-BAU
srp,valid,tRNA_tdbR00000294-Mycoplasma_capricolum-2095-Asn-GUU
srp,valid,tRNA_tdbR00000313-Haloferax_volcanii-2246-Pro-UGG
srp,valid,tRNA_tdbR00000346-Homo_sapiens-9606-Gln-NUG
srp,valid,tRNA_tdbR00000356-Escherichia_coli-562-Arg-ICG
srp,valid,tRNA_tdbR00000358-Escherichia_coli-562-Arg-CU
srp,valid,tRNA_tdbR00000363-Ascaris_suum-6253-Arg-PCU
srp,valid,tRNA_tdbR00000380-Halobacterium_salinarum-2242-Ser-MGA
srp,valid,tRNA_tdbR00000386-Mycoplasma_mycoides-2102-Ser-UGA
srp,valid,tRNA_tdbR00000394-Escherichia_coli-562-Ser-VGA
srp,valid,tRNA_tdbR00000408-Saccharomyces_cerevisiae-4932-Ser-IGA
srp,valid,tRNA_tdbR00000424-Drosophila_melanogaster-7227-Ser-GCU
srp,valid,tRNA_tdbR00000445-Bos_taurus-9913-Thr-IGU
srp,valid,tRNA_tdbR00000461-Rattus_norvegicus-10116-Val-UAC
srp,valid,tRNA_tdbR00000465-Saccharomyces_cerevisiae-4932-Val-CAC
srp,valid,tRNA_tdbR00000485-Nicotiana_tabacum-4097-Trp-BCA
srp,valid,tRNA_tdbR00000505-Mycoplasma_mycoides-2102-Ini-CAU
srp,valid,tRNA_tdbR00000522-Bos_taurus-9913-Ini-AU
srp,valid,tRNA_tdbR00000539-Ovis_aries-9940-Ini-CAU
srp,valid,tRNA_tdbR00000545-Escherichia_coli-562-Tyr-QUA
srp,valid,tRNA_tdbR00000575-Leishmania_tarentolae-5689-Thr-CGU
srp,valid,tRNA_tdbR00000578-Leishmania_tarentolae-5689-Glu-3UC
srp,valid,tRNA_tdbR00000616-Nanoarchaeum_equitans-160232-Lys-CUU
srp,valid,tRNA_tdbR00000618-Candida_albicans-5476-Leu-CAG
srp,valid,telomerase_AC121792.109554-109950
srp,valid,telomerase_AF221906.96-545
srp,valid,telomerase_AF221917.99-542
srp,valid,telomerase_AF221924.105-538
srp,valid,telomerase_AF221932.102-549
srp,valid,telomerase_AF221934.121-565
srp,valid,telomerase_AY312571.605-1069
srp,valid,tmRNA_Baci.G._TRW-12333_1-312
srp,valid,tmRNA_Baci.halo._BA000004_1-361
srp,valid,tmRNA_Buch.aphi._BD061520_1-369
srp,valid,tmRNA_Burk.ceno._CP000378_1-370
srp,valid,tmRNA_Burk.mall._CP000010_1-370
srp,valid,tmRNA_Burk.viet._TRW-269482_1-370
srp,valid,tmRNA_Clos.botu._TRW-36826_1-355
srp,valid,tmRNA_Dich.nodo._TRW-35819_1-352
srp,valid,tmRNA_Esch.coli._CP000247_1-363
srp,valid,tmRNA_Fibr.succ._TRW-59374_1-361
srp,valid,tmRNA_Haem.infl._TRW-262727_1-366
srp,valid,tmRNA_Haem.infl._TRW-262728_1-366
srp,valid,tmRNA_Heli.pylo._AE000511_1-386
srp,valid,tmRNA_Leuc.mese._TRW-1245_1-358
srp,valid,tmRNA_List.gray._AF440336_1-321
srp,valid,tmRNA_List.wels._AF440351_1-321
srp,valid,tmRNA_Meso.flor._AE017263_1-408
srp,valid,tmRNA_Myco.capr._D13067_1-411
srp,valid,tmRNA_Nost.spec._BA000019_1-390
srp,valid,tmRNA_Oeno.oeni._TRW-203123_1-350
srp,valid,tmRNA_Onio.yell._AP006628_1-423
srp,valid,tmRNA_Phot.lumi._BX571870_1-364
srp,valid,tmRNA_Phot.prof._CR378665_1-368
srp,valid,tmRNA_Porp.ging._TRW-242619_1-407
srp,valid,tmRNA_Prop.acne._TRW-1747-1_1-371
srp,valid,tmRNA_Pseu.aeru._AE004091_1-353
srp,valid,tmRNA_Rubr.xyla._CP000386_1-360
srp,valid,tmRNA_Salm.ente._TRW-59204_1-363
srp,valid,tmRNA_Salm.typh._AY319520_1-363
srp,valid,tmRNA_Serr.marc._TRW-273526_1-364
srp,valid,tmRNA_Stap.aure._BA000017_1-362
srp,valid,tmRNA_Stap.aure._BX571857_1-362
srp,valid,tmRNA_Stre.aver._BA000030_1-389
srp,valid,tmRNA_Tric.eryt._CP000393_1-398
srp,valid,tmRNA_Trop.whip._BX251411_1-369
srp,valid,tmRNA_Urea.parv._AE002154_1-413
srp,valid,tmRNA_Xyle.fast._AE003849_1-355
srp,valid,tmRNA_Xyle.fast._AE004078_1-355
srp,valid,tmRNA_Yers.inte._TRW-349965_1-381
srp,valid,tmRNA_envi.sequ._TRW-32045-2_1-345
tRNA,test,tRNA_tdbR00000001-Halobacterium_salinarum-2242-Ala-CGC
tRNA,test,tRNA_tdbR00000002-Haloferax_volcanii-2246-Ala-CGC
tRNA,test,tRNA_tdbR00000003-Haloferax_volcanii-2246-Ala-GGC
tRNA,test,tRNA_tdbR00000004-Haloferax_volcanii-2246-Ala-UGC
tRNA,test,tRNA_tdbR00000005-Mycoplasma_capricolum-2095-Ala-UGC
tRNA,test,tRNA_tdbR00000006-Mycoplasma_mycoides-2102-Ala-UGC
tRNA,test,tRNA_tdbR00000007-Bacillus_subtilis-1423-Ala-5GC
tRNA,test,tRNA_tdbR00000008-Escherichia_coli-562-Ala-GGC
tRNA,test,tRNA_tdbR00000009-Escherichia_coli-562-Ala-VGC
tRNA,test,tRNA_tdbR00000010-Escherichia_coli-562-Ala-VGC
tRNA,test,tRNA_tdbR00000011-Neurospora_crassa-5141-Ala-UGC
tRNA,test,tRNA_tdbR00000012-Saccharomyces_cerevisiae-4932-Ala-IGC
tRNA,test,tRNA_tdbR00000013-Pichia_jadinii-4903-Ala-IGC
tRNA,test,tRNA_tdbR00000014-Bombyx_mori-7091-Ala-IGC
tRNA,test,tRNA_tdbR00000015-Bombyx_mori-7091-Ala-IGC
tRNA,test,tRNA_tdbR00000016-Homo_sapiens-9606-Ala-IGC
tRNA,test,tRNA_tdbR00000017-Homo_sapiens-9606-Ala-IGC
tRNA,test,tRNA_tdbR00000019-Mycoplasma_capricolum-2095-Cys-GCA
tRNA,test,tRNA_tdbR00000020-Escherichia_coli-562-Cys-GCA
tRNA,test,tRNA_tdbR00000021-Saccharomyces_cerevisiae-4932-Cys-GCA
tRNA,test,tRNA_tdbR00000022-Enterobacteria_phage_T5-10726-Asp-GUC
tRNA,test,tRNA_tdbR00000023-Haloferax_volcanii-2246-Asp-GUC
tRNA,test,tRNA_tdbR00000024-Mycoplasma_capricolum-2095-Asp-GUC
tRNA,test,tRNA_tdbR00000025-Thermus_thermophilus-274-Asp-GUC
tRNA,test,tRNA_tdbR00000026-Escherichia_coli-562-Asp-QUC
tRNA,test,tRNA_tdbR00000027-Hordeum_vulgare-4513-Asp-GUC
tRNA,test,tRNA_tdbR00000028-Hordeum_vulgare-4513-Asp-QUC
tRNA,test,tRNA_tdbR00000029-Asterias_amurensis-7602-Asp-QUC
tRNA,test,tRNA_tdbR00000030-Aedes_albopictus-7160-Asp-GUC
tRNA,test,tRNA_tdbR00000031-Rattus_norvegicus-10116-Asp-QUC
tRNA,test,tRNA_tdbR00000032-Rattus_norvegicus-10116-Asp-GUC
tRNA,test,tRNA_tdbR00000033-Didelphis_virginiana-9267-Asp-QUC
tRNA,test,tRNA_tdbR00000034-Mesocricetus_auratus-10036-Asp-GUC
tRNA,test,tRNA_tdbR00000035-Saccharomyces_cerevisiae-4932-Asp-GUC
tRNA,test,tRNA_tdbR00000036-Euglena_gracilis-3039-Asp-GUC
tRNA,test,tRNA_tdbR00000037-Rattus_norvegicus-10116-Asp-GUC
tRNA,test,tRNA_tdbR00000038-Rattus_norvegicus-10116-Asp-8UC
tRNA,test,tRNA_tdbR00000039-Oryctolagus_cuniculus-9986-Asp-8UC
tRNA,test,tRNA_tdbR00000041-Xenopus_laevis-8355-Asp-8UC
tRNA,test,tRNA_tdbR00000042-Haloferax_volcanii-2246-Glu-MUC
tRNA,test,tRNA_tdbR00000043-Haloferax_volcanii-2246-Glu-NUC
tRNA,test,tRNA_tdbR00000044-Mycoplasma_capricolum-2095-Glu-UC
tRNA,test,tRNA_tdbR00000045-Escherichia_coli-562-Glu-SUC
tRNA,test,tRNA_tdbR00000046-Escherichia_coli-562-Glu-SUC
tRNA,test,tRNA_tdbR00000047-Escherichia_coli-562-Glu-SUC
tRNA,test,tRNA_tdbR00000048-Synechocystis_sp.-1143-Glu-NUC
tRNA,test,tRNA_tdbR00000049-Chlamydomonas_reinhardtii-3055-Glu-NUC
tRNA,test,tRNA_tdbR00000050-Hordeum_vulgare-4513-Glu-SPC
tRNA,test,tRNA_tdbR00000051-Triticum_aestivum-4565-Glu-SPC
tRNA,test,tRNA_tdbR00000052-Aedes_albopictus-7160-Glu-NUC
tRNA,test,tRNA_tdbR00000053-Bos_taurus-9913-Glu-NUC
tRNA,test,tRNA_tdbR00000054-Saccharomyces_cerevisiae-4932-Glu-3UC
tRNA,test,tRNA_tdbR00000055-Schizosaccharomyces_pombe-4896-Glu-3UC
tRNA,test,tRNA_tdbR00000056-Hordeum_vulgare-4513-Glu-UPC
tRNA,test,tRNA_tdbR00000057-Hordeum_vulgare-4513-Glu-CPC
tRNA,test,tRNA_tdbR00000058-Lupinus_luteus-3873-Glu-CUC
tRNA,test,tRNA_tdbR00000059-Rattus_norvegicus-10116-Glu-3UC
tRNA,test,tRNA_tdbR00000060-Drosophila_melanogaster-7227-Glu-2UC
tRNA,test,tRNA_tdbR00000061-Mus_musculus-10090-Glu-CUC
tRNA,test,tRNA_tdbR00000062-Homo_sapiens-9606-Glu-CUC
tRNA,test,tRNA_tdbR00000063-Haloferax_volcanii-2246-Phe-GAA
tRNA,test,tRNA_tdbR00000064-Mycoplasma_capricolum-2095-Phe-GAA
tRNA,test,tRNA_tdbR00000065-Bacillus_subtilis-1423-Phe-AA
tRNA,test,tRNA_tdbR00000066-Thermus_thermophilus-274-Phe-GAA
tRNA,test,tRNA_tdbR00000067-Escherichia_coli-562-Phe-GAA
tRNA,test,tRNA_tdbR00000068-Rhodospirillum_rubrum-1085-Phe-GAA
tRNA,test,tRNA_tdbR00000069-Synechococcus_sp._PCC_7002-32049-Phe-GAA
tRNA,test,tRNA_tdbR00000070-Geobacillus_stearothermophilus-1422-Phe-AA
tRNA,test,tRNA_tdbR00000072-Phaseolus_vulgaris-3885-Phe-GAA
tRNA,test,tRNA_tdbR00000073-Spinacia_oleracea-3562-Phe-GAA
tRNA,test,tRNA_tdbR00000074-Tetrahymena_pyriformis-5908-Phe-GAA
tRNA,test,tRNA_tdbR00000078-Ascaris_suum-6253-Phe-GAA
tRNA,test,tRNA_tdbR00000079-Rattus_norvegicus-10116-Phe-GAA
tRNA,test,tRNA_tdbR00000080-Bos_taurus-9913-Phe-GAA
tRNA,test,tRNA_tdbR00000082-Neurospora_crassa-5141-Phe-AA
tRNA,test,tRNA_tdbR00000083-Saccharomyces_cerevisiae-4932-Phe-AA
tRNA,test,tRNA_tdbR00000084-Saccharomyces_cerevisiae-4932-Phe-AA
tRNA,test,tRNA_tdbR00000085-Schizosaccharomyces_pombe-4896-Phe-AA
tRNA,test,tRNA_tdbR00000086-Euglena_gracilis-3039-Phe-AA
tRNA,test,tRNA_tdbR00000087-Hordeum_vulgare-4513-Phe-AA
tRNA,test,tRNA_tdbR00000088-Triticum_aestivum-4565-Phe-AA
tRNA,test,tRNA_tdbR00000089-Brassica_napus-3708-Phe-AA
tRNA,test,tRNA_tdbR00000090-Lupinus_luteus-3873-Phe-AA
tRNA,test,tRNA_tdbR00000091-Pisum_sativum-3888-Phe-AA
tRNA,test,tRNA_tdbR00000092-Oryctolagus_cuniculus-9986-Phe-AA
tRNA,test,tRNA_tdbR00000093-Bombyx_mori-7091-Phe-AA
tRNA,test,tRNA_tdbR00000094-Bombyx_mori-7091-Phe-AA
tRNA,test,tRNA_tdbR00000095-Drosophila_melanogaster-7227-Phe-AA
tRNA,test,tRNA_tdbR00000096-Bos_taurus-9913-Phe-AA
tRNA,test,tRNA_tdbR00000097-Bos_taurus-9913-Phe-AA
tRNA,test,tRNA_tdbR00000098-Xenopus_laevis-8355-Phe-AA
tRNA,test,tRNA_tdbR00000099-Mus_musculus-10090-Phe-AA
tRNA,test,tRNA_tdbR00000100-Mus_musculus-10090-Phe-AA
tRNA,test,tRNA_tdbR00000101-Mus_musculus-10090-Phe-AA
tRNA,test,tRNA_tdbR00000102-Bos_taurus-9913-Phe-AA
tRNA,test,tRNA_tdbR00000103-Homo_sapiens-9606-Phe-AA
tRNA,test,tRNA_tdbR00000104-Enterobacteria_phage_T4-10665-Gly-NCC
tRNA,test,tRNA_tdbR00000105-Halobacterium_salinarum-2242-Gly-GCC
tRNA,test,tRNA_tdbR00000106-Haloferax_volcanii-2246-Gly-CCC
tRNA,test,tRNA_tdbR00000107-Haloferax_volcanii-2246-Gly-GCC
tRNA,test,tRNA_tdbR00000108-Haloferax_volcanii-2246-Gly-GCC
tRNA,test,tRNA_tdbR00000109-Haloferax_volcanii-2246-Gly-NCC
tRNA,test,tRNA_tdbR00000110-Methanobacterium_thermaggregans-83982-Gly-GCC
tRNA,test,tRNA_tdbR00000111-Mycoplasma_capricolum-2095-Gly-UCC
tRNA,test,tRNA_tdbR00000112-Mycoplasma_mycoides-2102-Gly-UCC
tRNA,test,tRNA_tdbR00000113-Streptomyces_coelicolor_A32-100226-Gly-CCC
tRNA,test,tRNA_tdbR00000114-Staphylococcus_epidermidis-1282-Gly-UCC
tRNA,test,tRNA_tdbR00000115-Staphylococcus_epidermidis-1282-Gly-UCC
tRNA,test,tRNA_tdbR00000116-Bacillus_subtilis-1423-Gly-CC
tRNA,test,tRNA_tdbR00000117-Escherichia_coli-562-Gly-CCC
tRNA,test,tRNA_tdbR00000118-Escherichia_coli-562-Gly-GCC
tRNA,test,tRNA_tdbR00000119-Escherichia_coli-562-Gly-NCC
tRNA,test,tRNA_tdbR00000120-Salmonella_typhimurium-602-Gly-CCC
tRNA,test,tRNA_tdbR00000121-Salmonella_typhimurium-602-Gly-NCC
tRNA,test,tRNA_tdbR00000122-Codium_fragile-3133-Gly-UCC
tRNA,test,tRNA_tdbR00000123-Saccharomyces_cerevisiae-4932-Gly-NCC
tRNA,test,tRNA_tdbR00000124-Aedes_albopictus-7160-Gly-UCC
tRNA,test,tRNA_tdbR00000125-Bos_taurus-9913-Gly-UCC
tRNA,test,tRNA_tdbR00000126-Halocynthia_roretzi-7729-Gly-NCU
tRNA,test,tRNA_tdbR00000127-Halocynthia_roretzi-7729-Gly-UCU
tRNA,test,tRNA_tdbR00000128-Halocynthia_roretzi-7729-Gly-GCU
tRNA,test,tRNA_tdbR00000129-Saccharomyces_cerevisiae-4932-Gly-GCC
tRNA,test,tRNA_tdbR00000131-Triticum_aestivum-4565-Gly-GCC
tRNA,test,tRNA_tdbR00000132-Lupinus_luteus-3873-Gly-GCC
tRNA,test,tRNA_tdbR00000133-Bombyx_mori-7091-Gly-GCC
tRNA,test,tRNA_tdbR00000134-Bombyx_mori-7091-Gly-CC
tRNA,test,tRNA_tdbR00000135-Homo_sapiens-9606-Gly-CCC
tRNA,test,tRNA_tdbR00000136-Homo_sapiens-9606-Gly-GCC
tRNA,test,tRNA_tdbR00000138-Haloferax_volcanii-2246-His-GUG
tRNA,test,tRNA_tdbR00000139-Mycoplasma_capricolum-2095-His-GUK
tRNA,test,tRNA_tdbR00000140-Escherichia_coli-562-His-QUG
tRNA,test,tRNA_tdbR00000141-Salmonella_typhimurium-602-His-QUG
tRNA,test,tRNA_tdbR00000142-Saccharomyces_cerevisiae-4932-His-GUG
tRNA,test,tRNA_tdbR00000143-Asterias_amurensis-7602-His-QUG
tRNA,test,tRNA_tdbR00000144-Saccharomyces_cerevisiae-4932-His-GUG
tRNA,test,tRNA_tdbR00000145-Saccharomyces_cerevisiae-4932-His-GUG
tRNA,test,tRNA_tdbR00000146-Lupinus_luteus-3873-His-GUG
tRNA,test,tRNA_tdbR00000147-Drosophila_melanogaster-7227-His-GUG
tRNA,test,tRNA_tdbR00000148-Ovis_aries-9940-His-QUG
tRNA,test,tRNA_tdbR00000149-Homo_sapiens-9606-His-GUG
tRNA,test,tRNA_tdbR00000151-Haloferax_volcanii-2246-Ile-GAU
tRNA,test,tRNA_tdbR00000152-Haloferax_volcanii-2246-Ile-NAU
tRNA,test,tRNA_tdbR00000153-Mycoplasma_capricolum-2095-Ile-AU
tRNA,test,tRNA_tdbR00000154-Mycoplasma_capricolum-2095-Ile-GAU
tRNA,test,tRNA_tdbR00000155-Mycoplasma_mycoides-2102-Ile-GAU
tRNA,test,tRNA_tdbR00000156-Bacillus_subtilis-1423-Ile-AU
tRNA,test,tRNA_tdbR00000157-Thermus_thermophilus-274-Ile-GAU
tRNA,test,tRNA_tdbR00000158-Escherichia_coli-562-Ile-GAU
tRNA,test,tRNA_tdbR00000159-Escherichia_coli-562-Ile-GAU
tRNA,test,tRNA_tdbR00000160-Escherichia_coli-562-Ile-AU
tRNA,test,tRNA_tdbR00000161-Zea_mays-4577-Ile-GAU
tRNA,test,tRNA_tdbR00000162-Spinacia_oleracea-3562-Ile-GAU
tRNA,test,tRNA_tdbR00000164-Saccharomyces_cerevisiae-4932-Ile-GAU
tRNA,test,tRNA_tdbR00000165-Solanum_tuberosum-4113-Ile-AU
tRNA,test,tRNA_tdbR00000167-Aedes_albopictus-7160-Ile-GAU
tRNA,test,tRNA_tdbR00000168-Bos_taurus-9913-Ile-GAU
tRNA,test,tRNA_tdbR00000169-Homo_sapiens-9606-Ile-GAU
tRNA,test,tRNA_tdbR00000170-Saccharomyces_cerevisiae-4932-Ile-IAU
tRNA,test,tRNA_tdbR00000171-Pichia_jadinii-4903-Ile-IAU
tRNA,test,tRNA_tdbR00000172-Lupinus_luteus-3873-Ile-IAU
tRNA,test,tRNA_tdbR00000173-Bombyx_mori-7091-Ile-IAU
tRNA,test,tRNA_tdbR00000174-Mus_musculus-10090-Ile-IAU
tRNA,test,tRNA_tdbR00000175-Haloferax_volcanii-2246-Lys-NUU
tRNA,test,tRNA_tdbR00000176-Haloferax_volcanii-2246-Lys-MUU
tRNA,test,tRNA_tdbR00000177-Mycoplasma_capricolum-2095-Lys-CUU
tRNA,test,tRNA_tdbR00000178-Mycoplasma_capricolum-2095-Lys-UU
tRNA,test,tRNA_tdbR00000179-Bacillus_subtilis-1423-Lys-UU
tRNA,test,tRNA_tdbR00000180-Bacillus_subtilis-1423-Lys-UU
tRNA,test,tRNA_tdbR00000181-Escherichia_coli-562-Lys-SUU
tRNA,test,tRNA_tdbR00000182-Codium_fragile-3133-Lys-NUU
tRNA,test,tRNA_tdbR00000184-Asterias_amurensis-7602-Lys-CUU
tRNA,test,tRNA_tdbR00000187-Loligo_bleekeri-6617-Lys-CUU
tRNA,test,tRNA_tdbR00000189-Rattus_norvegicus-10116-Lys-NUU
tRNA,test,tRNA_tdbR00000190-Bos_taurus-9913-Lys-NUU
tRNA,test,tRNA_tdbR00000191-Mesocricetus_auratus-10036-Lys-NUU
tRNA,test,tRNA_tdbR00000192-Saccharomyces_cerevisiae-4932-Lys-CUU
tRNA,test,tRNA_tdbR00000193-Saccharomyces_cerevisiae-4932-Lys-UU
tRNA,test,tRNA_tdbR00000194-Triticum_aestivum-4565-Lys-CUU
tRNA,test,tRNA_tdbR00000195-Rattus_norvegicus-10116-Lys-CUN
tRNA,test,tRNA_tdbR00000196-Rattus_norvegicus-10116-Lys-CUN
tRNA,test,tRNA_tdbR00000197-Rattus_norvegicus-10116-Lys-3UU
tRNA,test,tRNA_tdbR00000198-Oryctolagus_cuniculus-9986-Lys-CUU
tRNA,test,tRNA_tdbR00000199-Oryctolagus_cuniculus-9986-Lys-CUU
tRNA,test,tRNA_tdbR00000200-Oryctolagus_cuniculus-9986-Lys-3UU
tRNA,test,tRNA_tdbR00000201-Drosophila_melanogaster-7227-Lys-CUU
tRNA,test,tRNA_tdbR00000202-Drosophila_melanogaster-7227-Lys-UU
tRNA,test,tRNA_tdbR00000203-Loligo_bleekeri-6617-Lys-NUU
tRNA,test,tRNA_tdbR00000204-Loligo_bleekeri-6617-Lys-CUU
tRNA,test,tRNA_tdbR00000205-Loligo_bleekeri-6617-Lys-NUU
tRNA,test,tRNA_tdbR00000206-Loligo_bleekeri-6617-Lys-UUU
tRNA,test,tRNA_tdbR00000207-Mus_musculus-10090-Lys-CUU
tRNA,test,tRNA_tdbR00000208-Mus_musculus-10090-Lys-CUN
tRNA,test,tRNA_tdbR00000209-Enterobacteria_phage_T4-10665-Leu-NAA
tRNA,test,tRNA_tdbR00000210-Enterobacteria_phage_T5-10726-Leu-UAG
tRNA,test,tRNA_tdbR00000211-Haloferax_volcanii-2246-Leu-CAA
tRNA,test,tRNA_tdbR00000212-Haloferax_volcanii-2246-Leu-CAG
tRNA,test,tRNA_tdbR00000213-Haloferax_volcanii-2246-Leu-GAG
tRNA,test,tRNA_tdbR00000214-Haloferax_volcanii-2246-Leu-UAA
tRNA,test,tRNA_tdbR00000215-Haloferax_volcanii-2246-Leu-5AG
tRNA,test,tRNA_tdbR00000216-Mycoplasma_capricolum-2095-Leu-BAA
tRNA,test,tRNA_tdbR00000217-Mycoplasma_capricolum-2095-Leu-AA
tRNA,test,tRNA_tdbR00000218-Mycoplasma_capricolum-2095-Leu-UAG
tRNA,test,tRNA_tdbR00000219-Bacillus_subtilis-1423-Leu-CAG
tRNA,test,tRNA_tdbR00000220-Escherichia_coli-562-Leu-HAA
tRNA,test,tRNA_tdbR00000221-Escherichia_coli-562-Leu-CAG
tRNA,test,tRNA_tdbR00000222-Escherichia_coli-562-Leu-GAG
tRNA,test,tRNA_tdbR00000223-Salmonella_typhimurium-602-Leu-CAG
tRNA,test,tRNA_tdbR00000224-Rhodospirillum_rubrum-1085-Leu-CAA
tRNA,test,tRNA_tdbR00000225-Synechococcus_elongatus_PCC_6301-269084-Leu-CAA
tRNA,test,tRNA_tdbR00000226-Synechococcus_elongatus_PCC_6301-269084-Leu-CAG
tRNA,test,tRNA_tdbR00000227-Geobacillus_stearothermophilus-1422-Leu-BAA
tRNA,test,tRNA_tdbR00000228-Glycine_max-3847-Leu-BAA
tRNA,test,tRNA_tdbR00000229-Glycine_max-3847-Leu-JAA
tRNA,test,tRNA_tdbR00000230-Glycine_max-3847-Leu-UA7
tRNA,test,tRNA_tdbR00000231-Phaseolus_vulgaris-3885-Leu-BAA
tRNA,test,tRNA_tdbR00000232-Phaseolus_vulgaris-3885-Leu-NAA
tRNA,test,tRNA_tdbR00000233-Phaseolus_vulgaris-3885-Leu-UA7
tRNA,test,tRNA_tdbR00000234-Spinacia_oleracea-3562-Leu-UA7
tRNA,test,tRNA_tdbR00000235-Neurospora_crassa-5141-Leu-NAA
tRNA,test,tRNA_tdbR00000236-Neurospora_crassa-5141-Leu-UAG
tRNA,test,tRNA_tdbR00000237-Saccharomyces_cerevisiae-4932-Leu-AA
tRNA,test,tRNA_tdbR00000243-Rattus_norvegicus-10116-Leu-UAG
tRNA,test,tRNA_tdbR00000244-Rattus_norvegicus-10116-Leu-UAG
tRNA,test,tRNA_tdbR00000245-Rattus_norvegicus-10116-Leu-UAG
tRNA,test,tRNA_tdbR00000246-Bos_taurus-9913-Leu-NAA
tRNA,test,tRNA_tdbR00000247-Bos_taurus-9913-Leu-UAG
tRNA,test,tRNA_tdbR00000249-Saccharomyces_cerevisiae-4932-Leu-CAA
tRNA,test,tRNA_tdbR00000250-Saccharomyces_cerevisiae-4932-Leu-UAG
tRNA,test,tRNA_tdbR00000251-Saccharomyces_cerevisiae-4932-Leu-UAA
tRNA,test,tRNA_tdbR00000252-Pichia_jadinii-4903-Leu-BAA
tRNA,test,tRNA_tdbR00000253-Candida_cylindracea-44322-Leu-BAA
tRNA,test,tRNA_tdbR00000254-Candida_cylindracea-44322-Leu-IAG
tRNA,test,tRNA_tdbR00000255-Candida_cylindracea-44322-Leu-IAG
tRNA,test,tRNA_tdbR00000261-Cucumis_sativus-3659-Leu-NAA
tRNA,test,tRNA_tdbR00000262-Rattus_norvegicus-10116-Leu-AA
tRNA,test,tRNA_tdbR00000263-Rattus_norvegicus-10116-Leu-AA
tRNA,test,tRNA_tdbR00000264-Caenorhabditis_elegans-6239-Leu-IAG
tRNA,test,tRNA_tdbR00000265-Bos_taurus-9913-Leu-IAG
tRNA,test,tRNA_tdbR00000266-Bos_taurus-9913-Leu-AA
tRNA,test,tRNA_tdbR00000267-Bos_taurus-9913-Leu-IAG
tRNA,test,tRNA_tdbR00000270-Avian_myeloblastosis_virus-11866-Met-BAU
tRNA,test,tRNA_tdbR00000271-Haloferax_volcanii-2246-Met-BAU
tRNA,test,tRNA_tdbR00000272-Thermoplasma_acidophilum-2303-Met-CAU
tRNA,test,tRNA_tdbR00000273-Mycoplasma_capricolum-2095-Met-CAU
tRNA,test,tRNA_tdbR00000274-Bacillus_subtilis-1423-Met-CAU
tRNA,test,tRNA_tdbR00000275-Thermus_thermophilus-274-Met-CAU
tRNA,test,tRNA_tdbR00000276-Escherichia_coli-562-Met-MAU
tRNA,test,tRNA_tdbR00000277-Codium_fragile-3133-Met-CAU
tRNA,test,tRNA_tdbR00000278-Scenedesmus_obliquus-3088-Met-CAU
tRNA,test,tRNA_tdbR00000279-Spinacia_oleracea-3562-Met-CAU
tRNA,test,tRNA_tdbR00000280-Saccharomyces_cerevisiae-4932-Met-CAU
tRNA,test,tRNA_tdbR00000281-Phaseolus_vulgaris-3885-Met-CAU
tRNA,test,tRNA_tdbR00000282-Ascaris_suum-6253-Met-AU
tRNA,test,tRNA_tdbR00000283-Gallus_gallus-9031-Met-AU
tRNA,test,tRNA_tdbR00000284-Saccharomyces_cerevisiae-4932-Met-CAU
tRNA,test,tRNA_tdbR00000285-Triticum_aestivum-4565-Met-BAU
tRNA,test,tRNA_tdbR00000286-Lupinus_luteus-3873-Met-BAU
tRNA,test,tRNA_tdbR00000287-Oryctolagus_cuniculus-9986-Met-BAU
tRNA,test,tRNA_tdbR00000288-Mus_musculus-10090-Met-BAU
tRNA,test,tRNA_tdbR00000289-Homo_sapiens-9606-Met-BAU
tRNA,test,tRNA_tdbR00000290-Enterobacteria_phage_T5-10726-Asn-GUU
tRNA,test,tRNA_tdbR00000291-Halobacterium_salinarum-2242-Asn-GUU
tRNA,test,tRNA_tdbR00000292-Haloferax_volcanii-2246-Asn-GUU
tRNA,test,tRNA_tdbR00000293-Methanobacterium_thermaggregans-83982-Asn-UU
tRNA,test,tRNA_tdbR00000294-Mycoplasma_capricolum-2095-Asn-GUU
tRNA,test,tRNA_tdbR00000295-Escherichia_coli-562-Asn-QUU
tRNA,test,tRNA_tdbR00000296-Azospirillum_lipoferum-193-Asn-QUU
tRNA,test,tRNA_tdbR00000297-Azospirillum_lipoferum-193-Asn-QUU
tRNA,test,tRNA_tdbR00000298-Asterias_amurensis-7602-Asn-GUU
tRNA,test,tRNA_tdbR00000299-Asterias_amurensis-7602-Asn-GPU
tRNA,test,tRNA_tdbR00000300-Saccharomyces_cerevisiae-4932-Asn-GUU
tRNA,test,tRNA_tdbR00000301-Lupinus_luteus-3873-Asn-UU
tRNA,test,tRNA_tdbR00000307-Moloney_murine_leukemia_virus-11801-Pro-IGG
tRNA,test,tRNA_tdbR00000308-Moloney_murine_leukemia_virus-11801-Pro-NGG
tRNA,test,tRNA_tdbR00000309-Enterobacteria_phage_T4-10665-Pro-NGG
tRNA,test,tRNA_tdbR00000310-Enterobacteria_phage_T5-10726-Pro-UGG
tRNA,test,tRNA_tdbR00000311-Haloferax_volcanii-2246-Pro-MGG
tRNA,test,tRNA_tdbR00000312-Haloferax_volcanii-2246-Pro-GGG
tRNA,test,tRNA_tdbR00000313-Haloferax_volcanii-2246-Pro-UGG
tRNA,test,tRNA_tdbR00000314-Mycoplasma_capricolum-2095-Pro-UGG
tRNA,test,tRNA_tdbR00000315-Mycoplasma_mycoides-2102-Pro-UGG
tRNA,test,tRNA_tdbR00000316-Bacillus_subtilis-1423-Pro-5GG
tRNA,test,tRNA_tdbR00000317-Salmonella_typhimurium-602-Pro-CGG
tRNA,test,tRNA_tdbR00000318-Salmonella_typhimurium-602-Pro-GGG
tRNA,test,tRNA_tdbR00000319-Salmonella_typhimurium-602-Pro-VGG
tRNA,test,tRNA_tdbR00000320-Spinacia_oleracea-3562-Pro-NGG
tRNA,test,tRNA_tdbR00000321-Saccharomyces_cerevisiae-4932-Pro-UGG
tRNA,test,tRNA_tdbR00000322-Phaseolus_vulgaris-3885-Pro-UGG
tRNA,test,tRNA_tdbR00000323-Saccharomyces_cerevisiae-4932-Pro-NGG
tRNA,test,tRNA_tdbR00000324-Saccharomyces_cerevisiae-4932-Pro-NGG
tRNA,test,tRNA_tdbR00000325-Pichia_jadinii-4903-Pro-GG
tRNA,test,tRNA_tdbR00000326-Lupinus_luteus-3873-Pro-IGG
tRNA,test,tRNA_tdbR00000327-Enterobacteria_phage_T4-10665-Gln-NUG
tRNA,test,tRNA_tdbR00000328-Enterobacteria_phage_T5-10726-Gln-UUG
tRNA,test,tRNA_tdbR00000330-Haloferax_volcanii-2246-Gln-MUG
tRNA,test,tRNA_tdbR00000331-Mycoplasma_capricolum-2095-Gln-UG
tRNA,test,tRNA_tdbR00000332-Escherichia_coli-562-Gln-CUG
tRNA,test,tRNA_tdbR00000333-Escherichia_coli-562-Gln-NUG
tRNA,test,tRNA_tdbR00000334-Hordeum_vulgare-4513-Gln-UG
tRNA,test,tRNA_tdbR00000335-Nicotiana_rustica-4093-Gln-NUG
tRNA,test,tRNA_tdbR00000336-Aedes_albopictus-7160-Gln-NUG
tRNA,test,tRNA_tdbR00000337-Tetrahymena_thermophila-5911-Gln-CUA
tRNA,test,tRNA_tdbR00000338-Tetrahymena_thermophila-5911-Gln-JUA
tRNA,test,tRNA_tdbR00000339-Tetrahymena_thermophila-5911-Gln-JUG
tRNA,test,tRNA_tdbR00000340-Nicotiana_rustica-4093-Gln-JUG
tRNA,test,tRNA_tdbR00000341-Rattus_norvegicus-10116-Gln-CUG
tRNA,test,tRNA_tdbR00000342-Bos_taurus-9913-Gln-CUG
tRNA,test,tRNA_tdbR00000343-Mus_musculus-10090-Gln-CUG
tRNA,test,tRNA_tdbR00000344-Mus_musculus-10090-Gln-JUG
tRNA,test,tRNA_tdbR00000345-Homo_sapiens-9606-Gln-NUG
tRNA,test,tRNA_tdbR00000346-Homo_sapiens-9606-Gln-NUG
tRNA,test,tRNA_tdbR00000347-Enterobacteria_phage_T4-10665-Arg-NCU
tRNA,test,tRNA_tdbR00000348-Halobacterium_salinarum-2242-Arg-GCG
tRNA,test,tRNA_tdbR00000349-Haloferax_volcanii-2246-Arg-CCG
tRNA,test,tRNA_tdbR00000350-Haloferax_volcanii-2246-Arg-GCG
tRNA,test,tRNA_tdbR00000351-Haloferax_volcanii-2246-Arg-NCG
tRNA,test,tRNA_tdbR00000352-Mycoplasma_capricolum-2095-Arg-ICG
tRNA,test,tRNA_tdbR00000353-Mycoplasma_capricolum-2095-Arg-CU
tRNA,test,tRNA_tdbR00000354-Bacillus_subtilis-1423-Arg-ICG
tRNA,test,tRNA_tdbR00000355-Escherichia_coli-562-Arg-ICG
tRNA,test,tRNA_tdbR00000356-Escherichia_coli-562-Arg-ICG
tRNA,test,tRNA_tdbR00000357-Escherichia_coli-562-Arg-CU
tRNA,test,tRNA_tdbR00000358-Escherichia_coli-562-Arg-CU
tRNA,test,tRNA_tdbR00000359-Escherichia_coli-562-Arg-CCG
tRNA,test,tRNA_tdbR00000360-Codium_fragile-3133-Arg-ICG
tRNA,test,tRNA_tdbR00000361-Saccharomyces_cerevisiae-4932-Arg-ACG
tRNA,test,tRNA_tdbR00000362-Saccharomyces_cerevisiae-4932-Arg-NCU
tRNA,test,tRNA_tdbR00000363-Ascaris_suum-6253-Arg-PCU
tRNA,test,tRNA_tdbR00000364-Ascaris_suum-6253-Arg-ACG
tRNA,test,tRNA_tdbR00000365-Aedes_albopictus-7160-Arg-UCG
tRNA,test,tRNA_tdbR00000366-Rattus_norvegicus-10116-Arg-UCG
tRNA,test,tRNA_tdbR00000367-Bos_taurus-9913-Arg-UCG
tRNA,test,tRNA_tdbR00000368-Mesocricetus_auratus-10036-Arg-UCG
tRNA,test,tRNA_tdbR00000369-Saccharomyces_cerevisiae-4932-Arg-ICG
tRNA,test,tRNA_tdbR00000370-Saccharomyces_cerevisiae-4932-Arg-1CU
tRNA,test,tRNA_tdbR00000371-Saccharomyces_cerevisiae-4932-Arg-1CU
tRNA,test,tRNA_tdbR00000372-Triticum_aestivum-4565-Arg-CCG
tRNA,test,tRNA_tdbR00000373-Triticum_aestivum-4565-Arg-ICG
tRNA,test,tRNA_tdbR00000374-Bos_taurus-9913-Arg-CCG
tRNA,test,tRNA_tdbR00000375-Bos_taurus-9913-Arg-CCU
tRNA,test,tRNA_tdbR00000376-Bos_taurus-9913-Arg-3CP
tRNA,test,tRNA_tdbR00000377-Mus_musculus-10090-Arg-ICG
tRNA,test,tRNA_tdbR00000378-Mus_musculus-10090-Arg-ICG
tRNA,test,tRNA_tdbR00000379-Enterobacteria_phage_T4-10665-Ser-NGA
tRNA,test,tRNA_tdbR00000380-Halobacterium_salinarum-2242-Ser-MGA
tRNA,test,tRNA_tdbR00000381-Haloferax_volcanii-2246-Ser-GCU
tRNA,test,tRNA_tdbR00000382-Haloferax_volcanii-2246-Ser-MGA
tRNA,test,tRNA_tdbR00000383-Haloferax_volcanii-2246-Ser-GGA
tRNA,test,tRNA_tdbR00000384-Mycoplasma_capricolum-2095-Ser-GCU
tRNA,test,tRNA_tdbR00000385-Mycoplasma_capricolum-2095-Ser-UGA
tRNA,test,tRNA_tdbR00000386-Mycoplasma_mycoides-2102-Ser-UGA
tRNA,test,tRNA_tdbR00000387-Bacillus_subtilis-1423-Ser-5GA
tRNA,test,tRNA_tdbR00000389-Bacillus_subtilis-1423-Ser-GGA
tRNA,test,tRNA_tdbR00000390-Escherichia_coli-562-Ser-CGA
tRNA,test,tRNA_tdbR00000391-Escherichia_coli-562-Ser-GCU
tRNA,test,tRNA_tdbR00000392-Escherichia_coli-562-Ser-GGA
tRNA,test,tRNA_tdbR00000393-Escherichia_coli-562-Ser-GGA
tRNA,test,tRNA_tdbR00000394-Escherichia_coli-562-Ser-VGA
tRNA,test,tRNA_tdbR00000395-Saccharomyces_cerevisiae-4932-Ser-GCU
tRNA,test,tRNA_tdbR00000396-Saccharomyces_cerevisiae-4932-Ser-UGA
tRNA,test,tRNA_tdbR00000397-Saccharomyces_cerevisiae-4932-Ser-UGA
tRNA,test,tRNA_tdbR00000398-Ascaris_suum-6253-Ser-UCU
tRNA,test,tRNA_tdbR00000399-Aedes_albopictus-7160-Ser-GCU
tRNA,test,tRNA_tdbR00000400-Loligo_bleekeri-6617-Ser-7CU
tRNA,test,tRNA_tdbR00000403-Bos_taurus-9913-Ser-UGA
tRNA,test,tRNA_tdbR00000406-Saccharomyces_cerevisiae-4932-Ser-NGA
tRNA,test,tRNA_tdbR00000407-Saccharomyces_cerevisiae-4932-Ser-IGA
tRNA,test,tRNA_tdbR00000408-Saccharomyces_cerevisiae-4932-Ser-IGA
tRNA,test,tRNA_tdbR00000409-Candida_cylindracea-44322-Ser-CAG
tRNA,test,tRNA_tdbR00000410-Candida_cylindracea-44322-Ser-GA
tRNA,test,tRNA_tdbR00000411-Candida_cylindracea-44322-Ser-IGA
tRNA,test,tRNA_tdbR00000412-Candida_cylindracea-44322-Ser-CGA
tRNA,test,tRNA_tdbR00000413-Candida_cylindracea-44322-Ser-GCU
tRNA,test,tRNA_tdbR00000414-Lupinus_luteus-3873-Ser-CGA
tRNA,test,tRNA_tdbR00000415-Nicotiana_rustica-4093-Ser-GA
tRNA,test,tRNA_tdbR00000416-Nicotiana_rustica-4093-Ser-CGA
tRNA,test,tRNA_tdbR00000417-Nicotiana_rustica-4093-Ser-GCU
tRNA,test,tRNA_tdbR00000418-Nicotiana_rustica-4093-Ser-IGA
tRNA,test,tRNA_tdbR00000419-Nicotiana_rustica-4093-Ser-IGA
tRNA,test,tRNA_tdbR00000420-Spinacia_oleracea-3562-Ser-IGA
tRNA,test,tRNA_tdbR00000421-Rattus_norvegicus-10116-Ser-IGA
tRNA,test,tRNA_tdbR00000422-Rattus_norvegicus-10116-Ser-GCU
tRNA,test,tRNA_tdbR00000423-Rattus_norvegicus-10116-Ser-IGA
tRNA,test,tRNA_tdbR00000424-Drosophila_melanogaster-7227-Ser-GCU
tRNA,test,tRNA_tdbR00000425-Drosophila_melanogaster-7227-Ser-IGA
tRNA,test,tRNA_tdbR00000426-Drosophila_melanogaster-7227-Ser-CGA
tRNA,test,tRNA_tdbR00000427-Gallus_gallus-9031-Ser-UGA
tRNA,test,tRNA_tdbR00000428-Homo_sapiens-9606-Ser-UGA
tRNA,test,tRNA_tdbR00000429-Enterobacteria_phage_T4-10665-Thr-NGU
tRNA,test,tRNA_tdbR00000430-Halobacterium_salinarum-2242-Thr-GGU
tRNA,test,tRNA_tdbR00000431-Haloferax_volcanii-2246-Thr-CGU
tRNA,test,tRNA_tdbR00000432-Haloferax_volcanii-2246-Thr-GGU
tRNA,test,tRNA_tdbR00000433-Mycoplasma_capricolum-2095-Thr-AGU
tRNA,test,tRNA_tdbR00000434-Mycoplasma_capricolum-2095-Thr-UGU
tRNA,test,tRNA_tdbR00000435-Mycoplasma_mycoides-2102-Thr-UGU
tRNA,test,tRNA_tdbR00000436-Bacillus_subtilis-1423-Thr-5GU
tRNA,test,tRNA_tdbR00000437-Escherichia_coli-562-Thr-GGU
tRNA,test,tRNA_tdbR00000438-Escherichia_coli-562-Thr-GGU
tRNA,test,tRNA_tdbR00000439-Spinacia_oleracea-3562-Thr-GGU
tRNA,test,tRNA_tdbR00000440-Neurospora_crassa-5141-Thr-UGU
tRNA,test,tRNA_tdbR00000443-Saccharomyces_cerevisiae-4932-Thr-IGU
tRNA,test,tRNA_tdbR00000444-Saccharomyces_cerevisiae-4932-Thr-IGU
tRNA,test,tRNA_tdbR00000445-Bos_taurus-9913-Thr-IGU
tRNA,test,tRNA_tdbR00000446-Halobacterium_salinarum-2242-Val-CAC
tRNA,test,tRNA_tdbR00000447-Halobacterium_salinarum-2242-Val-CAC
tRNA,test,tRNA_tdbR00000448-Halobacterium_salinarum-2242-Val-GAC
tRNA,test,tRNA_tdbR00000449-Haloferax_volcanii-2246-Val-CAC
tRNA,test,tRNA_tdbR00000450-Haloferax_volcanii-2246-Val-GAC
tRNA,test,tRNA_tdbR00000451-Mycoplasma_capricolum-2095-Val-UAC
tRNA,test,tRNA_tdbR00000452-Mycoplasma_mycoides-2102-Val-UAC
tRNA,test,tRNA_tdbR00000453-Bacillus_subtilis-1423-Val-5AC
tRNA,test,tRNA_tdbR00000454-Escherichia_coli-562-Val-GAC
tRNA,test,tRNA_tdbR00000455-Escherichia_coli-562-Val-GAC
tRNA,test,tRNA_tdbR00000456-Escherichia_coli-562-Val-VAC
tRNA,test,tRNA_tdbR00000457-Geobacillus_stearothermophilus-1422-Val-GAC
tRNA,test,tRNA_tdbR00000459-Neurospora_crassa-5141-Val-UAC
tRNA,test,tRNA_tdbR00000460-Aedes_albopictus-7160-Val-UAC
tRNA,test,tRNA_tdbR00000461-Rattus_norvegicus-10116-Val-UAC
tRNA,test,tRNA_tdbR00000462-Rattus_norvegicus-10116-Val-UAC
tRNA,test,tRNA_tdbR00000463-Bos_taurus-9913-Val-UAC
tRNA,test,tRNA_tdbR00000464-Saccharomyces_cerevisiae-4932-Val-IAC
tRNA,test,tRNA_tdbR00000465-Saccharomyces_cerevisiae-4932-Val-CAC
tRNA,test,tRNA_tdbR00000466-Saccharomyces_cerevisiae-4932-Val-AC
tRNA,test,tRNA_tdbR00000467-Pichia_jadinii-4903-Val-IAC
tRNA,test,tRNA_tdbR00000468-Lupinus_luteus-3873-Val-IAC
tRNA,test,tRNA_tdbR00000469-Rattus_norvegicus-10116-Val-IAC
tRNA,test,tRNA_tdbR00000471-Oryctolagus_cuniculus-9986-Val-IAC
tRNA,test,tRNA_tdbR00000472-Drosophila_melanogaster-7227-Val-IAC
tRNA,test,tRNA_tdbR00000473-Drosophila_melanogaster-7227-Val-CAC
tRNA,test,tRNA_tdbR00000474-Drosophila_melanogaster-7227-Val-NAC
tRNA,test,tRNA_tdbR00000475-Mus_musculus-10090-Val-IAC
tRNA,test,tRNA_tdbR00000477-Avian_myeloblastosis_virus-11866-Trp-BCA
tRNA,test,tRNA_tdbR00000478-Haloferax_volcanii-2246-Trp-BCA
tRNA,test,tRNA_tdbR00000479-Mycoplasma_capricolum-2095-Trp-BCA
tRNA,test,tRNA_tdbR00000480-Mycoplasma_capricolum-2095-Trp-CA
tRNA,test,tRNA_tdbR00000481-Spiroplasma_citri-2133-Trp-NCA
tRNA,test,tRNA_tdbR00000482-Spiroplasma_citri-2133-Trp-CCA
tRNA,test,tRNA_tdbR00000483-Bacillus_subtilis-1423-Trp-CCA
tRNA,test,tRNA_tdbR00000484-Escherichia_coli-562-Trp-CCA
tRNA,test,tRNA_tdbR00000485-Nicotiana_tabacum-4097-Trp-BCA
tRNA,test,tRNA_tdbR00000486-Phaseolus_vulgaris-3885-Trp-BCA
tRNA,test,tRNA_tdbR00000488-Tetrahymena_thermophila-5911-Trp-CA
tRNA,test,tRNA_tdbR00000489-Neurospora_crassa-5141-Trp-NCA
tRNA,test,tRNA_tdbR00000490-Saccharomyces_cerevisiae-4932-Trp-CA
tRNA,test,tRNA_tdbR00000492-Rattus_norvegicus-10116-Trp-NCA
tRNA,test,tRNA_tdbR00000493-Bos_taurus-9913-Trp-NCA
tRNA,test,tRNA_tdbR00000494-Saccharomyces_cerevisiae-4932-Trp-BCA
tRNA,test,tRNA_tdbR00000495-Triticum_aestivum-4565-Trp-BCA
tRNA,test,tRNA_tdbR00000496-Nicotiana_tabacum-4097-Trp-BCA
tRNA,test,tRNA_tdbR00000497-Bos_taurus-9913-Trp-BCA
tRNA,test,tRNA_tdbR00000498-Gallus_gallus-9031-Trp-BCA
tRNA,test,tRNA_tdbR00000499-Halobacterium_salinarum-2242-Ini-CAU
tRNA,test,tRNA_tdbR00000500-Haloferax_volcanii-2246-Ini-CAU
tRNA,test,tRNA_tdbR00000503-Thermoplasma_acidophilum-2303-Ini-CAU
tRNA,test,tRNA_tdbR00000504-Mycoplasma_capricolum-2095-Ini-CAU
tRNA,test,tRNA_tdbR00000505-Mycoplasma_mycoides-2102-Ini-CAU
tRNA,test,tRNA_tdbR00000506-Streptomyces_griseus-1911-Ini-CAU
tRNA,test,tRNA_tdbR00000507-Bacillus_subtilis-1423-Ini-CAU
tRNA,test,tRNA_tdbR00000508-Thermus_thermophilus-274-Ini-CAU
tRNA,test,tRNA_tdbR00000509-Thermus_thermophilus-274-Ini-CAU
tRNA,test,tRNA_tdbR00000510-Escherichia_coli-562-Ini-CAU
tRNA,test,tRNA_tdbR00000511-Escherichia_coli-562-Ini-CAU
tRNA,test,tRNA_tdbR00000512-Mycobacterium_smegmatis-1772-Ini-CAU
tRNA,test,tRNA_tdbR00000513-Synechococcus_elongatus_PCC_6301-269084-Ini-CAU
tRNA,test,tRNA_tdbR00000514-Scenedesmus_obliquus-3088-Ini-CAU
tRNA,test,tRNA_tdbR00000515-Phaseolus_vulgaris-3885-Ini-CAU
tRNA,test,tRNA_tdbR00000516-Spinacia_oleracea-3562-Ini-CAU
tRNA,test,tRNA_tdbR00000517-Neurospora_crassa-5141-Ini-CAU
tRNA,test,tRNA_tdbR00000518-Saccharomyces_cerevisiae-4932-Ini-CAU
tRNA,test,tRNA_tdbR00000519-Phaseolus_vulgaris-3885-Ini-CAU
tRNA,test,tRNA_tdbR00000520-Aedes_albopictus-7160-Ini-CAU
tRNA,test,tRNA_tdbR00000521-Bos_taurus-9913-Ini-CAU
tRNA,test,tRNA_tdbR00000522-Bos_taurus-9913-Ini-AU
tRNA,test,tRNA_tdbR00000523-Tetrahymena_thermophila-5911-Ini-CAU
tRNA,test,tRNA_tdbR00000524-Scenedesmus_obliquus-3088-Ini-CAU
tRNA,test,tRNA_tdbR00000526-Saccharomyces_cerevisiae-4932-Ini-CAU
tRNA,test,tRNA_tdbR00000527-Schizosaccharomyces_pombe-4896-Ini-CAU
tRNA,test,tRNA_tdbR00000528-Pichia_jadinii-4903-Ini-CAU
tRNA,test,tRNA_tdbR00000529-Triticum_aestivum-4565-Ini-CAU
tRNA,test,tRNA_tdbR00000531-Phaseolus_vulgaris-3885-Ini-CAU
tRNA,test,tRNA_tdbR00000532-Oryctolagus_cuniculus-9986-Ini-CAU
tRNA,test,tRNA_tdbR00000533-Drosophila_melanogaster-7227-Ini-CAU
tRNA,test,tRNA_tdbR00000534-Euphausia_superba-6819-Ini-CAU
tRNA,test,tRNA_tdbR00000535-Xenopus_laevis-8355-Ini-CAU
tRNA,test,tRNA_tdbR00000536-Salmo_salar-8030-Ini-CAU
tRNA,test,tRNA_tdbR00000537-Mus_musculus-10090-Ini-CAU
tRNA,test,tRNA_tdbR00000538-Asterina_amurensis-69830-Ini-CAU
tRNA,test,tRNA_tdbR00000539-Ovis_aries-9940-Ini-CAU
tRNA,test,tRNA_tdbR00000540-Homo_sapiens-9606-Ini-CAU
tRNA,test,tRNA_tdbR00000541-Haloferax_volcanii-2246-Tyr-GUA
tRNA,test,tRNA_tdbR00000542-Mycoplasma_capricolum-2095-Tyr-GUA
tRNA,test,tRNA_tdbR00000543-Bacillus_subtilis-1423-Tyr-QUA
tRNA,test,tRNA_tdbR00000544-Bacillus_subtilis-1423-Tyr-QUA
tRNA,test,tRNA_tdbR00000545-Escherichia_coli-562-Tyr-QUA
tRNA,test,tRNA_tdbR00000546-Escherichia_coli-562-Tyr-QUA
tRNA,test,tRNA_tdbR00000547-Geobacillus_stearothermophilus-1422-Tyr-QUA
tRNA,test,tRNA_tdbR00000548-Scenedesmus_obliquus-3088-Tyr-GUA
tRNA,test,tRNA_tdbR00000549-Tetrahymena_pyriformis-5908-Tyr-QUA
tRNA,test,tRNA_tdbR00000550-Neurospora_crassa-5141-Tyr-GUA
tRNA,test,tRNA_tdbR00000551-Saccharomyces_cerevisiae-4932-Tyr-GUA
tRNA,test,tRNA_tdbR00000553-Asterias_amurensis-7602-Tyr-GUA
tRNA,test,tRNA_tdbR00000555-Saccharomyces_cerevisiae-4932-Tyr-GPA
tRNA,test,tRNA_tdbR00000556-Schizosaccharomyces_pombe-4896-Tyr-GPA
tRNA,test,tRNA_tdbR00000557-Pichia_jadinii-4903-Tyr-GPA
tRNA,test,tRNA_tdbR00000558-Triticum_aestivum-4565-Tyr-QPA
tRNA,test,tRNA_tdbR00000559-Triticum_aestivum-4565-Tyr-GPA
tRNA,test,tRNA_tdbR00000560-Lupinus_luteus-3873-Tyr-GPA
tRNA,test,tRNA_tdbR00000561-Nicotiana_rustica-4093-Tyr-GPA
tRNA,test,tRNA_tdbR00000562-Nicotiana_rustica-4093-Tyr-GPA
tRNA,test,tRNA_tdbR00000563-Lupinus_albus-3870-Tyr-GPA
tRNA,test,tRNA_tdbR00000564-Drosophila_melanogaster-7227-Tyr-QPA
tRNA,test,tRNA_tdbR00000565-Bos_taurus-9913-Tyr-9PA
tRNA,test,tRNA_tdbR00000566-Homo_sapiens-9606-Tyr-9PA
tRNA,test,tRNA_tdbR00000567-Homo_sapiens-9606-Tyr-9PA
tRNA,test,tRNA_tdbR00000572-Leishmania_tarentolae-5689-Lys-1UU
tRNA,test,tRNA_tdbR00000573-Leishmania_tarentolae-5689-Gln-3UG
tRNA,test,tRNA_tdbR00000574-Leishmania_tarentolae-5689-Trp-CCA
tRNA,test,tRNA_tdbR00000575-Leishmania_tarentolae-5689-Thr-CGU
tRNA,test,tRNA_tdbR00000576-Leishmania_tarentolae-5689-Asp-GUC
tRNA,test,tRNA_tdbR00000577-Leishmania_tarentolae-5689-Glu-CUC
tRNA,test,tRNA_tdbR00000578-Leishmania_tarentolae-5689-Glu-3UC
tRNA,test,tRNA_tdbR00000579-Aeropyrum_pernix-56636-Pro-CGG
tRNA,test,tRNA_tdbR00000580-Aeropyrum_pernix-56636-Lys-UUU
tRNA,test,tRNA_tdbR00000581-Aeropyrum_pernix-56636-Lys-CUU
tRNA,test,tRNA_tdbR00000582-Aeropyrum_pernix-56636-Tyr-GUA
tRNA,test,tRNA_tdbR00000583-Aeropyrum_pernix-56636-Cys-GCA
tRNA,test,tRNA_tdbR00000584-Aeropyrum_pernix-56636-Pro-GGG
tRNA,test,tRNA_tdbR00000585-Aeropyrum_pernix-56636-Thr-CGU
tRNA,test,tRNA_tdbR00000586-Aeropyrum_pernix-56636-Met-CAU
tRNA,test,tRNA_tdbR00000587-Aeropyrum_pernix-56636-Met-CAU
tRNA,test,tRNA_tdbR00000588-Aeropyrum_pernix-56636-Asp-GUC
tRNA,test,tRNA_tdbR00000589-Aeropyrum_pernix-56636-Arg-UCU
tRNA,test,tRNA_tdbR00000590-Ascaris_suum-6253-Glu-UC
tRNA,test,tRNA_tdbR00000591-Ascaris_suum-6253-Lys-UU
tRNA,test,tRNA_tdbR00000592-Ascaris_suum-6253-Gln-UG
tRNA,test,tRNA_tdbR00000593-Ascaris_suum-6253-Trp-CA
tRNA,test,tRNA_tdbR00000594-Ascaris_suum-6253-Leu-AA
tRNA,test,tRNA_tdbR00000595-Escherichia_coli-562-Leu-BAA
tRNA,test,tRNA_tdbR00000605-Lupinus_luteus-3873-Leu-CAG
tRNA,test,tRNA_tdbR00000606-Lupinus_luteus-3873-Leu-IAG
tRNA,test,tRNA_tdbR00000607-Lupinus_luteus-3873-Leu-IAG
tRNA,test,tRNA_tdbR00000608-Lupinus_luteus-3873-Leu-UAA
tRNA,test,tRNA_tdbR00000609-Chlamydomonas_reinhardtii-3055-Leu-UA7
tRNA,test,tRNA_tdbR00000610-Caulobacter_crescentus_CB15-190650-His-GUG
tRNA,test,tRNA_tdbR00000611-Sinorhizobium_meliloti-382-His-GUG
tRNA,test,tRNA_tdbR00000612-Sinorhizobium_meliloti-382-Trp-CCA
tRNA,test,tRNA_tdbR00000613-Nanoarchaeum_equitans-160232-Glu-CUC
tRNA,test,tRNA_tdbR00000614-Nanoarchaeum_equitans-160232-Ini-CAU
tRNA,test,tRNA_tdbR00000615-Nanoarchaeum_equitans-160232-Trp-CCA
tRNA,test,tRNA_tdbR00000616-Nanoarchaeum_equitans-160232-Lys-CUU
tRNA,test,tRNA_tdbR00000617-Nanoarchaeum_equitans-160232-Gln-UUG
tRNA,test,tRNA_tdbR00000618-Candida_albicans-5476-Leu-CAG
tRNA,test,tRNA_tdbR00000619-Toxoplasma_gondii-5811-Met-CAU
tRNA,test,tRNA_tdbR00000620-Toxoplasma_gondii-5811-Ini-CAU
tRNA,test,tRNA_tdbR00000621-Nicotiana_rustica-4093-Cys-GCA
tRNA,test,tRNA_tdbR00000622-Nicotiana_rustica-4093-Cys-GCA
tRNA,test,tRNA_tdbR00000623-Escherichia_coli-562-Pro-CGG
tRNA,train,16s_A.fulgidus_domain2
tRNA,train,16s_A.fulgidus_domain3
tRNA,train,16s_A.fulgidus_domain4
tRNA,train,16s_A.pyrophilus_domain2
tRNA,train,16s_A.pyrophilus_domain4
tRNA,train,16s_B.burgdorferi_domain2
tRNA,train,16s_B.burgdorferi_domain3
tRNA,train,16s_B.subtilis_domain2
tRNA,train,16s_B.subtilis_domain3
tRNA,train,16s_C.elegans_domain1
tRNA,train,16s_C.elegans_domain2
tRNA,train,16s_C.elegans_domain3
tRNA,train,16s_C.psittaci_domain2
tRNA,train,16s_C.psittaci_domain3
tRNA,train,16s_C.psittaci_domain4
tRNA,train,16s_C.reinhardtii.chloro_domain2
tRNA,train,16s_C.reinhardtii.chloro_domain4
tRNA,train,16s_C.reinhardtii.mito_domain3
tRNA,train,16s_C.reinhardtii.mito_domain4
tRNA,train,16s_D.melanogaster_domain4
tRNA,train,16s_E.coli_domain2
tRNA,train,16s_E.coli_domain3
tRNA,train,16s_E.coli_domain4
tRNA,train,16s_F.ananassa_domain3
tRNA,train,16s_F.ananassa_domain4
tRNA,train,16s_G.intestinalis_domain1
tRNA,train,16s_G.intestinalis_domain2
tRNA,train,16s_G.intestinalis_domain3
tRNA,train,16s_G.intestinalis_domain4
tRNA,train,16s_H.sapiens.mito_domain1
tRNA,train,16s_H.sapiens.mito_domain2
tRNA,train,16s_H.sapiens.mito_domain4
tRNA,train,16s_H.sapiens_domain3
tRNA,train,16s_H.sapiens_domain4
tRNA,train,16s_H.volcanii_domain2
tRNA,train,16s_H.volcanii_domain3
tRNA,train,16s_H.volcanii_domain4
tRNA,train,16s_M.polymorpha_domain2
tRNA,train,16s_M.polymorpha_domain3
tRNA,train,16s_M.polymorpha_domain4
tRNA,train,16s_P.occultum_domain2
tRNA,train,16s_P.occultum_domain3
tRNA,train,16s_P.staleyi_domain2
tRNA,train,16s_P.staleyi_domain3
tRNA,train,16s_P.staleyi_domain4
tRNA,train,16s_S.cerevisiae_domain4
tRNA,train,16s_T.gondii_domain4
tRNA,train,16s_T.maritima_domain2
tRNA,train,16s_T.maritima_domain4
tRNA,train,16s_Z.mays_domain1
tRNA,train,16s_Z.mays_domain2
tRNA,train,16s_Z.mays_domain3
tRNA,train,16s_Z.mays_domain4
tRNA,train,23s_B.subtilis_domain4
tRNA,train,23s_E.coli_domain3
tRNA,train,23s_E.coli_domain4
tRNA,train,23s_E.coli_domain6
tRNA,train,23s_H.pylori_domain3
tRNA,train,23s_H.pylori_domain4
tRNA,train,23s_H.pylori_domain6
tRNA,train,23s_S.aureus_domain3
tRNA,train,23s_S.aureus_domain4
tRNA,train,23s_S.aureus_domain6
tRNA,train,23s_T.thermophilus_domain3
tRNA,train,23s_T.thermophilus_domain4
tRNA,train,5s_Acholeplasma-laidlawii-2
tRNA,train,5s_Achromobacter-xylosoxidans-1
tRNA,train,5s_Acidiphilium-acidophilum-1
tRNA,train,5s_Acinetobacter-sp.-1
tRNA,train,5s_Acremonium-chrysogenum-1
tRNA,train,5s_Agaricus-edulis-1
tRNA,train,5s_Akkesiphycus-lubricum-1
tRNA,train,5s_Amycolatopsis-lactamdurans-1
tRNA,train,5s_Ancylobacter-aquaticus-1
tRNA,train,5s_Andrias-japonicus-1
tRNA,train,5s_Antheraea-pernyi-1
tRNA,train,5s_Aquifex-aeolicus-1
tRNA,train,5s_Archaeoglobus-fulgidus-1
tRNA,train,5s_Artemia-sp.-4
tRNA,train,5s_Arthrobacter-polychromogenes-1
tRNA,train,5s_Asellus-aquaticus-2
tRNA,train,5s_Bacillus-anthracis-6
tRNA,train,5s_Bacillus-clausii-1
tRNA,train,5s_Bacillus-firmus-1
tRNA,train,5s_Bacillus-halodurans-4
tRNA,train,5s_Bacteroides-fragilis-3
tRNA,train,5s_Bacteroides-fragilis-4
tRNA,train,5s_Bacteroides-fragilis-6
tRNA,train,5s_Bartonella-henselae-1
tRNA,train,5s_Bifidobacterium-longum-1
tRNA,train,5s_Blakeslea-trispora-1
tRNA,train,5s_Blastocladiella-simplex-1
tRNA,train,5s_Blepharisma-japonicum-1
tRNA,train,5s_Bombyx-mori-1
tRNA,train,5s_Bombyx-mori-2
tRNA,train,5s_Brachionus-plicatilis-1
tRNA,train,5s_Brevibacterium-helvolum-1
tRNA,train,5s_C_paradoxE
tRNA,train,5s_Caenorhabditis-elegans-3
tRNA,train,5s_Campylobacter-jejuni-3
tRNA,train,5s_Cancer-pagurus-1
tRNA,train,5s_Candidatus-Tremblaya-princeps-1
tRNA,train,5s_Caulobacter-sp.-5
tRNA,train,5s_Caulobacter-sp.-6
tRNA,train,5s_Cellulomonas-biazotea-1
tRNA,train,5s_Chlamydophila-abortus-1
tRNA,train,5s_Clostridium-acetobutylicum-5
tRNA,train,5s_Coprinopsis-cinerea-1
tRNA,train,5s_Corynebacterium-glutamicum-1
tRNA,train,5s_Corynebacterium-glutamicum-2
tRNA,train,5s_Cryptomonas-paramecium-1
tRNA,train,5s_Cyclidiopsis-acus-1
tRNA,train,5s_Cystobacter-fuscus-1
tRNA,train,5s_Delftia-acidovorans-1
tRNA,train,5s_Dirofilaria-immitis-1
tRNA,train,5s_Drosophila-teissieri-1
tRNA,train,5s_Dugesia-japonica-2
tRNA,train,5s_Eimeria-tenella-1
tRNA,train,5s_Emericella-nidulans-7
tRNA,train,5s_Escherichia-coli-11
tRNA,train,5s_Escherichia-coli-14
tRNA,train,5s_Escherichia-coli-3
tRNA,train,5s_Exidia-glandulosa-1
tRNA,train,5s_Filobasidiella-depauperata-1
tRNA,train,5s_Filobasidium-capsuligenum-1
tRNA,train,5s_Fusarium-asiaticum-7
tRNA,train,5s_Fusarium-lunulosporum-5
tRNA,train,5s_Fusarium-pseudograminearum-1
tRNA,train,5s_Fusarium-pseudograminearum-6
tRNA,train,5s_Fusarium-sporotrichioides-1
tRNA,train,5s_Fusobacterium-nucleatum-2
tRNA,train,5s_Gallus-gallus-1
tRNA,train,5s_Gelidium-amansii-1
tRNA,train,5s_Gelidium-amansii-2
tRNA,train,5s_Geobacillus-stearothermophilus-2
tRNA,train,5s_Ginkgo-biloba-1
tRNA,train,5s_Haloarcula-marismortui-2
tRNA,train,5s_Halococcus-morrhuae-2
tRNA,train,5s_Haloferax-volcanii-2
tRNA,train,5s_Halorubrum-distributum-4
tRNA,train,5s_Helicobacter-pylori-3
tRNA,train,5s_Hyphomicrobium-sp.-3
tRNA,train,5s_Hyphomicrobium-sp.-5
tRNA,train,5s_Idiomarina-loihiensis-1
tRNA,train,5s_Juniperus-media-1
tRNA,train,5s_Kondoa-malvinella-1
tRNA,train,5s_Kutzneria-viridogrisea-1
tRNA,train,5s_Locusta-migratoria-1
tRNA,train,5s_Microbacterium-testaceum-1
tRNA,train,5s_Microtetraspora-glauca-1
tRNA,train,5s_Mycobacterium-tuberculosis-3
tRNA,train,5s_Mycoplasma-gallisepticum-1
tRNA,train,5s_Mycoplasma-pneumoniae-1
tRNA,train,5s_Myxococcus-coralloides-1
tRNA,train,5s_Neurospora-crassa-12
tRNA,train,5s_Neurospora-crassa-15
tRNA,train,5s_Neurospora-crassa-2
tRNA,train,5s_Nitrobacter-winogradskyi-1
tRNA,train,5s_Notophthalmus-viridescens-1
tRNA,train,5s_Oerskovia-turbata-1
tRNA,train,5s_Paenibacillus-popilliae-1
tRNA,train,5s_Parachlamydia-sp.-1
tRNA,train,5s_Paramecium-tetraurelia-1
tRNA,train,5s_Photobacterium-profundum-3
tRNA,train,5s_Pichia-jadinii-2
tRNA,train,5s_Pinus-contorta-1
tRNA,train,5s_Pirellula-sp.-2
tRNA,train,5s_Plasmodium-falciparum-1
tRNA,train,5s_Pneumocystis-carinii-1
tRNA,train,5s_Prasinocladus-sp.-1
tRNA,train,5s_Propionibacterium-acnes-1
tRNA,train,5s_Pseudomonas-aeruginosa-1
tRNA,train,5s_Pseudomonas-aeruginosa-2
tRNA,train,5s_Pseudomonas-stutzeri-2
tRNA,train,5s_Puccinia-suaveolens-1
tRNA,train,5s_Pyrococcus-horikoshii-1
tRNA,train,5s_Pythium-torulosum-1
tRNA,train,5s_Ralstonia-solanacearum-1
tRNA,train,5s_Ralstonia-solanacearum-2
tRNA,train,5s_Rhodobacter-sphaeroides-2
tRNA,train,5s_Rhodococcus-erythropolis-2
tRNA,train,5s_Rhodopseudomonas-palustris-2
tRNA,train,5s_Roseococcus-thiosulfatophilus-1
tRNA,train,5s_Roseococcus-thiosulfatophilus-2
tRNA,train,5s_Rumex-acetosa-1
tRNA,train,5s_Sabellastarte-japonica-1
tRNA,train,5s_Saccharothrix-mutabilis-1
tRNA,train,5s_Salmonella-typhi-1
tRNA,train,5s_Saprolegnia-ferax-1
tRNA,train,5s_Schizosaccharomyces-pombe-1
tRNA,train,5s_Shewanella-oneidensis-1
tRNA,train,5s_Spirobolus-sp-1
tRNA,train,5s_Sporolactobacillus-nakayamae-1
tRNA,train,5s_Streptococcus-mutans-2
tRNA,train,5s_Streptococcus-pyogenes-2
tRNA,train,5s_Streptococcus-salivarius-1
tRNA,train,5s_Streptomyces-avermitilis-4
tRNA,train,5s_Streptomyces-coelicolor-1
tRNA,train,5s_Streptomyces-lividans-1
tRNA,train,5s_Streptomyces-rimosus-2
tRNA,train,5s_Streptomyces-violaceus-1
tRNA,train,5s_T_cruziE
tRNA,train,5s_Taxus-baccata-1
tRNA,train,5s_Thermoactinomyces-vulgaris-1
tRNA,train,5s_Thermomyces-lanuginosus-1
tRNA,train,5s_Thermotoga-sp.-1
tRNA,train,5s_Thermus-sp.-2
tRNA,train,5s_Thermus-thermophilus-2
tRNA,train,5s_Thiomonas-cuprina-1
tRNA,train,5s_Thiothrix-nivea-1
tRNA,train,5s_Thraustochytrium-visurgense-2
tRNA,train,5s_Tremella-mesenterica-2
tRNA,train,5s_Trimorphomyces-papilionaceus-1
tRNA,train,5s_Ustilago-maydis-1
tRNA,train,5s_Ustilentyloma-fluitans-1
tRNA,train,5s_Vibrio-cyclosites-1
tRNA,train,5s_Vibrio-fluvialis-1
tRNA,train,5s_Vibrio-harveyi-1
tRNA,train,5s_Vibrio-nereis-1
tRNA,train,5s_Vibrio-parahaemolyticus-3
tRNA,train,5s_Vibrio-vulnificus-4
tRNA,train,5s_Vitreoscilla-stercoraria-1
tRNA,train,5s_Xanthobacter-viscosus-1
tRNA,train,5s_Yersinia-pestis-1
tRNA,train,5s_uncultured-euryarchaeote-37F11-1
tRNA,train,RNaseP_A.ambivalens
tRNA,train,RNaseP_A.brierleyi
tRNA,train,RNaseP_A.chroococcum
tRNA,train,RNaseP_A.ferrooxidans
tRNA,train,RNaseP_A.fulgidus
tRNA,train,RNaseP_A.laidlawii
tRNA,train,RNaseP_A.obstetricans
tRNA,train,RNaseP_A.salinestris-184
tRNA,train,RNaseP_Anabaena-ATCC29413
tRNA,train,RNaseP_B.bronchiseptica
tRNA,train,RNaseP_B.hermsii
tRNA,train,RNaseP_B.megaterium
tRNA,train,RNaseP_B.pertussis
tRNA,train,RNaseP_B.stearothermophilus
tRNA,train,RNaseP_B.subtilis
tRNA,train,RNaseP_B.subtilis-g
tRNA,train,RNaseP_C.acetobutylicum
tRNA,train,RNaseP_C.crescentus
tRNA,train,RNaseP_C.jejuni
tRNA,train,RNaseP_C.limicola
tRNA,train,RNaseP_C.pneumoniae-AR39
tRNA,train,RNaseP_C.pneumoniae-CWL029
tRNA,train,RNaseP_C.sporogenes
tRNA,train,RNaseP_C.trachomatis-2
tRNA,train,RNaseP_C.trachomatis-D
tRNA,train,RNaseP_C.vinosum
tRNA,train,RNaseP_CPA49
tRNA,train,RNaseP_CPB139
tRNA,train,RNaseP_CPB74
tRNA,train,RNaseP_CPB7776
tRNA,train,RNaseP_CPB80
tRNA,train,RNaseP_CPB86
tRNA,train,RNaseP_D.desulfuricans
tRNA,train,RNaseP_D.jeanneae
tRNA,train,RNaseP_Dermocarpa-PCC7437
tRNA,train,RNaseP_E.agglomerulans
tRNA,train,RNaseP_E.coli
tRNA,train,RNaseP_E.eschscholtzii-2
tRNA,train,RNaseP_E.eschsholtzii
tRNA,train,RNaseP_E.faecalis
tRNA,train,RNaseP_E.faecalis-2
tRNA,train,RNaseP_E1B
tRNA,train,RNaseP_EM14b-9
tRNA,train,RNaseP_ERH
tRNA,train,RNaseP_ESH167F
tRNA,train,RNaseP_ESH20b-1
tRNA,train,RNaseP_ESH7-9
tRNA,train,RNaseP_G.gorilla
tRNA,train,RNaseP_H.chlorum-partial
tRNA,train,RNaseP_H.pylori-26695
tRNA,train,RNaseP_H.pylori-48K
tRNA,train,RNaseP_H.pylori-J99
tRNA,train,RNaseP_H.pylori-RU1
tRNA,train,RNaseP_H.trapanicum
tRNA,train,RNaseP_I.calvum
tRNA,train,RNaseP_K.pneumoniae
tRNA,train,RNaseP_L.acidophilus
tRNA,train,RNaseP_L.japonicus-IFO15385
tRNA,train,RNaseP_LGA1
tRNA,train,RNaseP_LGB27
tRNA,train,RNaseP_LGB32
tRNA,train,RNaseP_LGB41
tRNA,train,RNaseP_LGW113
tRNA,train,RNaseP_LGW18
tRNA,train,RNaseP_LGW46
tRNA,train,RNaseP_M.barkeri
tRNA,train,RNaseP_M.bovis
tRNA,train,RNaseP_M.capricolum
tRNA,train,RNaseP_M.leprae
tRNA,train,RNaseP_M.luteus
tRNA,train,RNaseP_M.phosphovorus-JCM9380
tRNA,train,RNaseP_M.sedula
tRNA,train,RNaseP_M.thermoautotrophicum-DH
tRNA,train,RNaseP_M.thermoautotrphicumMarb
tRNA,train,RNaseP_N.europaea
tRNA,train,RNaseP_N.flavus
tRNA,train,RNaseP_N.fulvus-JCM3335
tRNA,train,RNaseP_Nocardiodes-NSP41
tRNA,train,RNaseP_Nostoc-PCC7413
tRNA,train,RNaseP_Onchorhynchus-1
tRNA,train,RNaseP_Onchorhynchus-sp-1
tRNA,train,RNaseP_P.alcalifaciens
tRNA,train,RNaseP_P.douglassii
tRNA,train,RNaseP_P.gingivalis
tRNA,train,RNaseP_P.mississippiensis
tRNA,train,RNaseP_P.purpurea-chloroplast
tRNA,train,RNaseP_P.staleyi
tRNA,train,RNaseP_P.stutzeri
tRNA,train,RNaseP_P.troglodytes
tRNA,train,RNaseP_P.vulgaris
tRNA,train,RNaseP_Prochlorococcus-PAC1B
tRNA,train,RNaseP_Prochlorococcus-TATL2
tRNA,train,RNaseP_R.prowazekii
tRNA,train,RNaseP_R.rubrum
tRNA,train,RNaseP_S.acidocaldarius
tRNA,train,RNaseP_S.bayanus
tRNA,train,RNaseP_S.bikiniensis
tRNA,train,RNaseP_S.caesia-K182
tRNA,train,RNaseP_S.caesia-K76T
tRNA,train,RNaseP_S.caesia-SB01
tRNA,train,RNaseP_S.castellii
tRNA,train,RNaseP_S.epidermidis
tRNA,train,RNaseP_S.glauca-K194
tRNA,train,RNaseP_S.globosus
tRNA,train,RNaseP_S.japonicus
tRNA,train,RNaseP_S.kluyveri
tRNA,train,RNaseP_S.lividans
tRNA,train,RNaseP_S.pastorianus
tRNA,train,RNaseP_S.polymorpha
tRNA,train,RNaseP_S.pyogenes
tRNA,train,RNaseP_S.servazzii
tRNA,train,RNaseP_S.shibatae
tRNA,train,RNaseP_S.typhi
tRNA,train,RNaseP_S.typhimurium
tRNA,train,RNaseP_S.unisporus
tRNA,train,RNaseP_S.viridis-K191
tRNA,train,RNaseP_S.viridis-K73T
tRNA,train,RNaseP_SL1-1
tRNA,train,RNaseP_SLC
tRNA,train,RNaseP_SM-A01
tRNA,train,RNaseP_SM-A03
tRNA,train,RNaseP_SM-A04
tRNA,train,RNaseP_SM-A05
tRNA,train,RNaseP_SM-A06
tRNA,train,RNaseP_SM-A1012
tRNA,train,RNaseP_SM-A1214
tRNA,train,RNaseP_SM-A1315
tRNA,train,RNaseP_SM-A2946
tRNA,train,RNaseP_SM-A3862
tRNA,train,RNaseP_SM-A4065
tRNA,train,RNaseP_SM-A4775
tRNA,train,RNaseP_SM-A4876
tRNA,train,RNaseP_SM-A4977
tRNA,train,RNaseP_SM-A5179
tRNA,train,RNaseP_SM-A5382
tRNA,train,RNaseP_SM-A5584
tRNA,train,RNaseP_SM-A5888
tRNA,train,RNaseP_SM-A6090
tRNA,train,RNaseP_SM1
tRNA,train,RNaseP_SMB-A3
tRNA,train,RNaseP_SMB-A5
tRNA,train,RNaseP_SMB-B3
tRNA,train,RNaseP_SMB-B4
tRNA,train,RNaseP_Synechococcus-PCC7942
tRNA,train,RNaseP_Synechocystis-PCC6308
tRNA,train,RNaseP_Synechocystis-PCC6803
tRNA,train,RNaseP_T.acidophilum
tRNA,train,RNaseP_T.aquaticus
tRNA,train,RNaseP_T.celerAL1-2
tRNA,train,RNaseP_T.littoralis
tRNA,train,RNaseP_T.neapolitana
tRNA,train,RNaseP_T.pallidum
tRNA,train,RNaseP_UK2
tRNA,train,RNaseP_UK5
tRNA,train,RNaseP_V.cholera
tRNA,train,RNaseP_V.spinosum
tRNA,train,RNaseP_VSDW
tRNA,train,RNaseP_WA1
tRNA,train,RNaseP_Z.bailii
tRNA,train,RNaseP_purpleX
tRNA,train,grp1_a.I1.b.S.hofmanii.C3.tMET
tRNA,train,grp1_a.I1.c.A.cherimola.C3.tLEU
tRNA,train,grp1_a.I1.c.G.prostrata.C3.tLEU
tRNA,train,grp1_a.I1.c.S.bicolor.C3.tLEU
tRNA,train,grp1_a.I1.e.A.adeninivorans.C1.LSU.2449
tRNA,train,grp1_a.I1.e.A.capsulatus.CBS213.53.C1.SSU.943
tRNA,train,grp1_a.I1.e.A.capsulatus.FLs1.C1.SSU
tRNA,train,grp1_a.I1.e.A.capsulatus.G184B.C1.SSU
tRNA,train,grp1_a.I1.e.A.stipitatus.C1.SSU.1046
tRNA,train,grp1_a.I1.e.B.ciliata.JCM6865.C1.SSU.1506
tRNA,train,grp1_a.I1.e.B.ciliata.JCM6865.C1.SSU.943
tRNA,train,grp1_a.I1.e.B.yamatoana.JCM2896.C1.SSU.943
tRNA,train,grp1_a.I1.e.C.ellipsoidea.211-1a.C1.SSU.1506
tRNA,train,grp1_a.I1.e.C.grayi.UNK.SSU.1046
tRNA,train,grp1_a.I1.e.C.grayi.UNK.SSU.1516
tRNA,train,grp1_a.I1.e.C.merochlorophea.UNK.SSU.1046
tRNA,train,grp1_a.I1.e.C.merochlorophea.UNK.SSU.1210
tRNA,train,grp1_a.I1.e.C.merochlorophea.UNK.SSU.1516
tRNA,train,grp1_a.I1.e.C.saccatum.C1.SSU.1512
tRNA,train,grp1_a.I1.e.C.saxonicum.C1.SSU.1506
tRNA,train,grp1_a.I1.e.D.parva.C1.SSU.1512
tRNA,train,grp1_a.I1.e.D.parva.C1.SSU.943
tRNA,train,grp1_a.I1.e.D.salina.C1.SSU.943
tRNA,train,grp1_a.I1.e.E.dermatitidis.C1.SSU.943
tRNA,train,grp1_a.I1.e.L.dispersa.UNK.SSU.1046
tRNA,train,grp1_a.I1.e.L.dispersa.UNK.SSU.1210
tRNA,train,grp1_a.I1.e.L.dispersa.UNK.SSU.1516
tRNA,train,grp1_a.I1.e.L.dispersa.UNK.SSU.287
tRNA,train,grp1_a.I1.e.L.dispersa.UNK.SSU.516
tRNA,train,grp1_a.I1.e.L.dispersa.UNK.SSU.789
tRNA,train,grp1_a.I1.e.M.caldariorum.C1.SSU.1506
tRNA,train,grp1_a.I1.e.P.carinii.C1.SSU.1506
tRNA,train,grp1_a.I1.e.P.carinii.Pc1.C1.LSU.1921
tRNA,train,grp1_a.I1.e.P.carinii.Pc2.C1.LSU.1921
tRNA,train,grp1_a.I1.e.P.carinii.Pc3.C1.LSU.1921
tRNA,train,grp1_a.I1.e.P.clavariiformis.C1.SSU.943
tRNA,train,grp1_a.I1.e.P.inouyei.C1.SSU.1506
tRNA,train,grp1_a.I1.e.P.inouyei.C1.SSU.943
tRNA,train,grp1_a.I1.e.P.macrosporus.C1.SSU.1506
tRNA,train,grp1_a.I1.e.P.pachydermus.C1.SSU.943
tRNA,train,grp1_a.I1.e.P.sarcinoidea.C1.SSU.943
tRNA,train,grp1_a.I1.e.S.granulatum.C1.SSU.1506
tRNA,train,grp1_a.I1.e.S.paniceum.UNK.SSU.1052
tRNA,train,grp1_a.I1.e.S.paniceum.UNK.SSU.114
tRNA,train,grp1_a.I1.e.S.paniceum.UNK.SSU.1210
tRNA,train,grp1_a.I1.e.S.paniceum.UNK.SSU.1506
tRNA,train,grp1_a.I1.e.S.sclerotiorum_1837.C1.LSU.798
tRNA,train,grp1_a.I1.e.Staurastrum.sp.M753.C1.SSU.1506
tRNA,train,grp1_a.I1.e.T.cosmopolitanis.C1.LSU.1925
tRNA,train,grp1_a.I1.e.T.hyperangularis.C1.LSU.1925
tRNA,train,grp1_a.I1.e.T.malaccensis.C1.LSU.1925
tRNA,train,grp1_a.I1.e.T.pigmentosa.C1.LSU.1925
tRNA,train,grp1_a.I1.e.U.maydis.C1.SSU.943
tRNA,train,grp1_a.I1.m.M.grisea.B2.ND1
tRNA,train,grp1_b.I1.e.C.saccharophila.C1.SSU.156
tRNA,train,grp1_b.I1.e.M.anisopliae.2.C1.LSU.1921
tRNA,train,grp1_b.I1.e.M.anisopliae.3.C1.LSU.1921
tRNA,train,grp1_b.I1.e.T.thermophila.C1.LSU.1925
tRNA,train,grp1_s.I1.e.T.thermophila.C1.LSU.1925.schem
tRNA,train,srp_Acin.spec._CR543861
tRNA,train,srp_Aede.aegy._DW714815
tRNA,train,srp_Aero.pern._BA000002
tRNA,train,srp_Alka.meta._CP000724
tRNA,train,srp_Anae.sp.._CP000769
tRNA,train,srp_Anto.locu._GSP-278021
tRNA,train,srp_Arab.thal._X72228
tRNA,train,srp_Ashb.goss._AE016819
tRNA,train,srp_Aspe.flav._GSP-332952
tRNA,train,srp_Aspe.fumi._GSP-41122
tRNA,train,srp_Aspe.terr._GSP-341663
tRNA,train,srp_Baci.alca._D11422
tRNA,train,srp_Baci.poly._D11421
tRNA,train,srp_Baci.subt._X06802
tRNA,train,srp_Baci.subt._X12642
tRNA,train,srp_Bdel.bact._BX842656
tRNA,train,srp_Bloc.flor._BX248585
tRNA,train,srp_Borr.burg._AE000783
tRNA,train,srp_Brad.japo._BA000040
tRNA,train,srp_Bras.napu._EE412262
tRNA,train,srp_Bruc.meli._AM040264
tRNA,train,srp_Bruc.ovis._CP000708
tRNA,train,srp_Burk.pseu._CP000572
tRNA,train,srp_Camp.jeju._CP000025
tRNA,train,srp_Cand.Bloc._CP000016
tRNA,train,srp_Carb.hydr._CP000141
tRNA,train,srp_Caul.cres._AE005700
tRNA,train,srp_Chla.cavi._AE016995
tRNA,train,srp_Chla.muri._AE002160
tRNA,train,srp_Chla.pneu._AE001363
tRNA,train,srp_Chla.rein._SDB-3055
tRNA,train,srp_Chla.trac._AE001298
tRNA,train,srp_Citr.sine._CN181543
tRNA,train,srp_Clos.acet._AE001437
tRNA,train,srp_Clos.botu._AM412317
tRNA,train,srp_Clos.diff._AM180355
tRNA,train,srp_Clos.kluy._CP000673
tRNA,train,srp_Cocc.posa._GSP-222929
tRNA,train,srp_Cory.diph._BX248354
tRNA,train,srp_Cory.jeik._CR931997
tRNA,train,srp_Cryp.homi._GSP-353151
tRNA,train,srp_Cryp.parv._XM_626716
tRNA,train,srp_Dani.rrer._BX469912
tRNA,train,srp_Dros.mela._AE014297
tRNA,train,srp_Dros.mela._X00952
tRNA,train,srp_Dros.moja._GSP-7230
tRNA,train,srp_Ence.cuni._AL590449
tRNA,train,srp_Ente.faec._AE016953
tRNA,train,srp_Ento.sulc._AF095839
tRNA,train,srp_Esch.coli._AE016756
tRNA,train,srp_Esch.coli._CP000243
tRNA,train,srp_Esch.coli._U00096
tRNA,train,srp_Esch.coli._U82664
tRNA,train,srp_Esch.coli._X01074
tRNA,train,srp_Fran.tula._AM286280
tRNA,train,srp_Fran.tula._CP000437
tRNA,train,srp_Gald.sulp._GSP-130081
tRNA,train,srp_Gibb.zeae._GSP-229533
tRNA,train,srp_Haem.infl._CP000672
tRNA,train,srp_Hahe.chej._CP000155
tRNA,train,srp_Halo.mari._AY596297
tRNA,train,srp_Halo.volc._AF395888
tRNA,train,srp_Heli.annu._AJ828095
tRNA,train,srp_Heli.pylo._CP000241
tRNA,train,srp_Homo.sapi._AB061847
tRNA,train,srp_Homo.sapi._BE083383
tRNA,train,srp_Homo.sapi._BF875598
tRNA,train,srp_Homo.sapi._BF909438
tRNA,train,srp_Homo.sapi._BF909560
tRNA,train,srp_Homo.sapi._BF909563
tRNA,train,srp_Humu.lupu._AJ236703
tRNA,train,srp_Humu.lupu._X65983
tRNA,train,srp_Hype.buty._CP000493
tRNA,train,srp_Kine.radi._CP000750
tRNA,train,srp_Kleb.pneu._CP000647
tRNA,train,srp_Kluy.lact._CR382126
tRNA,train,srp_Lact.case._CP000423
tRNA,train,srp_Lact.john._AE017198
tRNA,train,srp_Legi.pneu._CR628337
tRNA,train,srp_Leis.braz._AY722724
tRNA,train,srp_Leis.guya._AY722728
tRNA,train,srp_Leis.infa._SDB-5671
tRNA,train,srp_Leis.majo._AY722715
tRNA,train,srp_Leis.majo._SDB-347515
tRNA,train,srp_List.inno._AL596173
tRNA,train,srp_List.mono._U15684
tRNA,train,srp_Lyco.escu._Z29099
tRNA,train,srp_Mann.succ._AE016827
tRNA,train,srp_Mari.aqua._CP000514
tRNA,train,srp_Medi.trun._AC136507
tRNA,train,srp_Medi.trun._CX540689
tRNA,train,srp_Meth.burt._CP000300
tRNA,train,srp_Meth.ferv._M32222
tRNA,train,srp_Meth.jann._L77117
tRNA,train,srp_Meth.mari._CP000745
tRNA,train,srp_Myco.bovi._BX248347
tRNA,train,srp_Myco.geni._L43967
tRNA,train,srp_Myco.hyop._AE017244
tRNA,train,srp_Myco.syno._AE017245
tRNA,train,srp_Nitr.euro._AL954747
tRNA,train,srp_Nitr.euro._BX321857
tRNA,train,srp_Nitr.eutr._CP000450
tRNA,train,srp_Onch.volv._AI249203
tRNA,train,srp_Orni.anat._GSP-9258
tRNA,train,srp_Para.bras._CN241137
tRNA,train,srp_Phyt.ramo._GSP-164328
tRNA,train,srp_Popu.bals._GSP-73824
tRNA,train,srp_Proc.mari._BX572093
tRNA,train,srp_Proc.mari._CP000551
tRNA,train,srp_Proc.mari._CP000576
tRNA,train,srp_Proc.spec._AJ011025
tRNA,train,srp_Pseu.syri._CP000075
tRNA,train,srp_Psyc.sp.._CP000713
tRNA,train,srp_Pyro.cali._CP000561
tRNA,train,srp_Pyro.hori._BA000001
tRNA,train,srp_Rick.typh._AE017197
tRNA,train,srp_Sacc.para._BN000251
tRNA,train,srp_Salm.ente._AE017220
tRNA,train,srp_Schm.medi._GSP-79327
tRNA,train,srp_Shew.balt._CP000563
tRNA,train,srp_Shew.spec._CP000503
tRNA,train,srp_Shig.flex._AE005674
tRNA,train,srp_Shig.flex._AE014073
tRNA,train,srp_Shig.flex._AE016979
tRNA,train,srp_Shig.flex._CP000266
tRNA,train,srp_Sili.spec._CP000377
tRNA,train,srp_Sino.meli._AL591782
tRNA,train,srp_Stap.aure._BX571857
tRNA,train,srp_Stap.aure._CP000703
tRNA,train,srp_Stap.aure._E36052
tRNA,train,srp_Stre.agal._AL766845
tRNA,train,srp_Stre.muta._AE014133
tRNA,train,srp_Stre.pyog._AE009969
tRNA,train,srp_Stre.pyog._AE014139
tRNA,train,srp_Stre.pyog._AM295007
tRNA,train,srp_Stre.pyog._CP000056
tRNA,train,srp_Stre.pyog._CP000260
tRNA,train,srp_Sulf.solf._Y08257
tRNA,train,srp_Sulf.toko._BA000023
tRNA,train,srp_Thal.pseu._EF067921
tRNA,train,srp_Thal.pseu._GSP-296543
tRNA,train,srp_Ther.acid._AL445063
tRNA,train,srp_Ther.mela._CP000716
tRNA,train,srp_Tric.vagi._GSP-5722-2
tRNA,train,srp_Trit.aest._BE424647
tRNA,train,srp_Trit.aest._CD897082
tRNA,train,srp_Trop.whip._AE014184
tRNA,train,srp_Trop.whip._AE016852
tRNA,train,srp_Tryp.bruc._AF047723
tRNA,train,srp_Tryp.bruc._S56681
tRNA,train,srp_Tryp.bruc._X57047
tRNA,train,srp_Tryp.cong._SDB-5692
tRNA,train,srp_Vibr.chol._CP000627
tRNA,train,srp_Xant.camp._CP000050
tRNA,train,srp_Xant.oryz._AE013598
tRNA,train,srp_Yarr.lipo._X51658
tRNA,train,srp_Yers.pest._AE017042
tRNA,train,srp_Yers.pest._AE017129
tRNA,train,srp_Yers.pest._AJ414155
tRNA,train,srp_Yers.pseu._BX936398
tRNA,train,telomerase_AF147806.247-692
tRNA,train,telomerase_AF221908.136-584
tRNA,train,telomerase_AF221909.98-496
tRNA,train,telomerase_AF221910.112-554
tRNA,train,telomerase_AF221911.104-513
tRNA,train,telomerase_AF221912.98-564
tRNA,train,telomerase_AF221913.109-520
tRNA,train,telomerase_AF221914.112-589
tRNA,train,telomerase_AF221916.94-481
tRNA,train,telomerase_AF221918.97-547
tRNA,train,telomerase_AF221919.107-614
tRNA,train,telomerase_AF221920.99-541
tRNA,train,telomerase_AF221921.98-548
tRNA,train,telomerase_AF221923.106-554
tRNA,train,telomerase_AF221925.98-540
tRNA,train,telomerase_AF221926.103-507
tRNA,train,telomerase_AF221927.113-556
tRNA,train,telomerase_AF221928.95-476
tRNA,train,telomerase_AF221929.92-517
tRNA,train,telomerase_AF221930.94-546
tRNA,train,telomerase_AF221931.99-541
tRNA,train,telomerase_AF221935.112-602
tRNA,train,telomerase_AF221936.98-540
tRNA,train,telomerase_AF221937.99-545
tRNA,train,telomerase_AF221939.99-544
tRNA,train,telomerase_AF221940.103-499
tRNA,train,telomerase_AY058901.1-397
tRNA,train,telomerase_U85256.1-451
tRNA,train,tmRNA_Acin.spec._CR543861_1-360
tRNA,train,tmRNA_Acti.acti._TRW-272556_1-366
tRNA,train,tmRNA_Acti.naes._TRW-240017_1-371
tRNA,train,tmRNA_Acti.succ._TRW-339671_1-367
tRNA,train,tmRNA_Aero.hydr._AY442269_1-360
tRNA,train,tmRNA_Aero.hydr._CP000462_1-360
tRNA,train,tmRNA_Anab.vari._CP000117_1-390
tRNA,train,tmRNA_Aqui.aeol._TRW-63363_1-347
tRNA,train,tmRNA_Arth.spec._CP000454_1-369
tRNA,train,tmRNA_Azoa.spec._TRW-62928_1-378
tRNA,train,tmRNA_Baci.anth._AE016879_1-355
tRNA,train,tmRNA_Baci.thur._AE017355_1-355
tRNA,train,tmRNA_Bact.frag._CR626927_1-398
tRNA,train,tmRNA_Bact.frag._TRW-817_1-398
tRNA,train,tmRNA_Bdel.bact._BX842656_1-346
tRNA,train,tmRNA_Bord.bron._TRW-257310_1-387
tRNA,train,tmRNA_Bord.para._TRW-257311_1-387
tRNA,train,tmRNA_Borr.burg._AE001118_1-359
tRNA,train,tmRNA_Buch.aphi._AE013218_1-376
tRNA,train,tmRNA_Burk.spec._CP000151_1-370
tRNA,train,tmRNA_Camp.coli._TRW-306254_1-359
tRNA,train,tmRNA_Camp.fetu._AY211269_1-361
tRNA,train,tmRNA_Camp.lari._TRW-306263_1-359
tRNA,train,tmRNA_Camp.upsa._TRW-306264_1-359
tRNA,train,tmRNA_Carn.malt._AF275938_1-366
tRNA,train,tmRNA_Chla.abor._CR848038_1-425
tRNA,train,tmRNA_Chla.cavi._AE015925_1-425
tRNA,train,tmRNA_Chla.muri._AE002296_1-418
tRNA,train,tmRNA_Chla.pneu._TRW-83558_1-426
tRNA,train,tmRNA_Chla.trac._TRW-272561_1-420
tRNA,train,tmRNA_Chla.trac._TRW-813-1_1-420
tRNA,train,tmRNA_Chlo.chlo._CP000108_1-401
tRNA,train,tmRNA_Clav.mich._TRW-31964_1-376
tRNA,train,tmRNA_Clos.acet._AE001437_1-359
tRNA,train,tmRNA_Clos.diff._AM180355_1-350
tRNA,train,tmRNA_Clos.diff._TRW-367459_1-350
tRNA,train,tmRNA_Clos.ther._TRW-203119_1-387
tRNA,train,tmRNA_Copr.prot._TRW-351627_1-353
tRNA,train,tmRNA_Croc.wats._TRW-165597_1-386
tRNA,train,tmRNA_Cyan.mero._AY286123_1-236
tRNA,train,tmRNA_Desu.psyc._CR522870_1-366
tRNA,train,tmRNA_Emil.huxl._TRW-280463_1-291
tRNA,train,tmRNA_Ente.faec._BD193796_1-367
tRNA,train,tmRNA_Ente.faec._TRW-1352_1-367
tRNA,train,tmRNA_Erwi.caro._BX950851_1-363
tRNA,train,tmRNA_Esch.coli._AE005491_1-363
tRNA,train,tmRNA_Esch.coli._AP009048_1-363
tRNA,train,tmRNA_Esch.coli._BA000007_1-363
tRNA,train,tmRNA_Esch.coli._D90888_1-363
tRNA,train,tmRNA_Esch.coli._U36840_1-363
tRNA,train,tmRNA_Exig.sibi._TRW-262543_1-359
tRNA,train,tmRNA_Fran.tula._AM233362_1-421
tRNA,train,tmRNA_Fran.tula._AM286280_1-421
tRNA,train,tmRNA_Fran.tula._CP000437_1-421
tRNA,train,tmRNA_Fuso.nucl._AE010567_1-341
tRNA,train,tmRNA_Fuso.nucl._TRW-209882_1-344
tRNA,train,tmRNA_Gemm.obsc._TRW-214688_1-412
tRNA,train,tmRNA_Geob.meta._CP000148_1-356
tRNA,train,tmRNA_Geob.stea._TRW-1422_1-352
tRNA,train,tmRNA_Guil.thet._AF041468_1-327
tRNA,train,tmRNA_Haem.ducr._AE017143_1-367
tRNA,train,tmRNA_Haem.infl._AY599475_1-366
tRNA,train,tmRNA_Haem.infl._L42023_1-366
tRNA,train,tmRNA_Haem.infl._U32808_1-366
tRNA,train,tmRNA_Heli.hepa._AE017125_1-369
tRNA,train,tmRNA_Heli.must._DQ250625_1-366
tRNA,train,tmRNA_Heli.pylo._AE001503_1-383
tRNA,train,tmRNA_Heli.pylo._TRW-85962_1-386
tRNA,train,tmRNA_Heli.pylo._TRW-85963_1-386
tRNA,train,tmRNA_Kleb.pneu._TRW-272620_1-363
tRNA,train,tmRNA_Lact.john._TRW-257314_1-367
tRNA,train,tmRNA_Lact.lact._AE006373_1-359
tRNA,train,tmRNA_Lact.lact._AF176556_1-359
tRNA,train,tmRNA_Lact.plan._AL935259_1-372
tRNA,train,tmRNA_Leif.xyli._AE016822_1-394
tRNA,train,tmRNA_Lept.inte._AE016823_1-350
tRNA,train,tmRNA_Lept.spec._TRW-261385_1-359
tRNA,train,tmRNA_Lept.spec._TRW-261386_1-359
tRNA,train,tmRNA_Leuc.mese._AF375574_1-307
tRNA,train,tmRNA_Leuc.mese._CP000414_1-358
tRNA,train,tmRNA_List.mono._TRW-1639-1_1-370
tRNA,train,tmRNA_Mann.haem._TRW-272629_1-367
tRNA,train,tmRNA_Mann.succ._AE016827_1-367
tRNA,train,tmRNA_Meth.flag._CP000284_1-361
tRNA,train,tmRNA_Moor.ther._CP000232_1-358
tRNA,train,tmRNA_Mora.cata._AX067460_1-359
tRNA,train,tmRNA_Myco.Bxz1._AY129337_1-437
tRNA,train,tmRNA_Myco.afri._TRW-33894_1-368
tRNA,train,tmRNA_Myco.aviu._AE016958_1-368
tRNA,train,tmRNA_Myco.bovi._TRW-1765_1-368
tRNA,train,tmRNA_Myco.hyop._TRW-262719_1-433
tRNA,train,tmRNA_Myco.myco._BX842642_1-411
tRNA,train,tmRNA_Myco.pulm._AL445565_1-387
tRNA,train,tmRNA_Myco.smeg._CP000480_1-369
tRNA,train,tmRNA_Myco.tube._TRW-164513_1-368
tRNA,train,tmRNA_Myxo.xant._TRW-34_1-366
tRNA,train,tmRNA_Neis.gono._TRW-242231_1-363
tRNA,train,tmRNA_Neis.meni._TRW-272831_1-363
tRNA,train,tmRNA_Nitr.euro._BX321865_1-360
tRNA,train,tmRNA_Nitr.mult._CP000103_1-362
tRNA,train,tmRNA_Noca.farc._AP006618_1-368
tRNA,train,tmRNA_Nost.punc._TRW-63737_1-390
tRNA,train,tmRNA_Odon.sine._TRW-2839_1-371
tRNA,train,tmRNA_Para.symb._BX908798_1-405
tRNA,train,tmRNA_Pedi.pent._CP000422_1-369
tRNA,train,tmRNA_Pola.spec._CP000316_1-387
tRNA,train,tmRNA_Porp.purp._TRW-2787_1-323
tRNA,train,tmRNA_Prop.acne._AE017283_1-371
tRNA,train,tmRNA_Pseu.aeru._CP000438_1-353
tRNA,train,tmRNA_Pseu.ento._CT573326_1-392
tRNA,train,tmRNA_Pseu.fluo._CP000076_1-394
tRNA,train,tmRNA_Pseu.fluo._TRW-216595_1-397
tRNA,train,tmRNA_Pseu.syri._AE016853_1-388
tRNA,train,tmRNA_Rals.sola._AL646052_1-360
tRNA,train,tmRNA_Rubr.gela._TRW-279263_1-372
tRNA,train,tmRNA_Rumi.albu._TRW-246199_1-354
tRNA,train,tmRNA_Sali.rube._CP000159_1-369
tRNA,train,tmRNA_Salm.bong._TRW-218493_1-363
tRNA,train,tmRNA_Salm.ente._AE014613_1-363
tRNA,train,tmRNA_Salm.ente._AE017220_1-363
tRNA,train,tmRNA_Salm.typh._AY316313_1-363
tRNA,train,tmRNA_Shew.onei._AX048560_1-355
tRNA,train,tmRNA_Shew.putr._TRW-319224_1-356
tRNA,train,tmRNA_Shew.spec._CP000444_1-355
tRNA,train,tmRNA_Shew.spec._CP000446_1-355
tRNA,train,tmRNA_Shew.spec._CP000469_1-355
tRNA,train,tmRNA_Shew.spec._TRW-323850_1-356
tRNA,train,tmRNA_Shig.dyse._CP000034_1-363
tRNA,train,tmRNA_Shig.flex._AE014073_1-363
tRNA,train,tmRNA_Shig.sonn._CP000038_1-363
tRNA,train,tmRNA_Soda.glos._AP008232_1-384
tRNA,train,tmRNA_Stap.aure._AC074317_1-359
tRNA,train,tmRNA_Stap.aure._TRW-1280_1-362
tRNA,train,tmRNA_Stap.epid._TRW-1282-2_1-362
tRNA,train,tmRNA_Sten.malt._TRW-40324_1-354
tRNA,train,tmRNA_Stre.agal._AE014233_1-350
tRNA,train,tmRNA_Stre.aure._AY616521_1-382
tRNA,train,tmRNA_Stre.equi._TRW-1336_1-349
tRNA,train,tmRNA_Stre.pneu._AE008453_1-348
tRNA,train,tmRNA_Stre.scab._TRW-1883_1-402
tRNA,train,tmRNA_Stre.sobr._TRW-246202_1-349
tRNA,train,tmRNA_Sulf.azor._TRW-204536_1-351
tRNA,train,tmRNA_Syne.spec._D90916_1-396
tRNA,train,tmRNA_Synt.acid._CP000252_1-356
tRNA,train,tmRNA_Thal.pseu._EF067921_1-344
tRNA,train,tmRNA_Thal.weis._AF049491_1-348
tRNA,train,tmRNA_Ther.fusc._CP000088_1-372
tRNA,train,tmRNA_Ther.mari._TRW-243274-1_1-356
tRNA,train,tmRNA_Ther.teng._AE013063_1-351
tRNA,train,tmRNA_Trep.dent._AE017226_1-351
tRNA,train,tmRNA_Trep.pall._TRW-243276_1-354
tRNA,train,tmRNA_Xant.axon._AE011783_1-397
tRNA,train,tmRNA_Xyle.fast._TRW-155920_1-355
tRNA,train,tmRNA_Yers.ente._TRW-34054_1-381
tRNA,train,tmRNA_Yers.pest._CP000305_1-364
tRNA,train,tmRNA_envi.sequ._TRW-204433_1-356
tRNA,train,tmRNA_envi.sequ._TRW-259292_1-355
tRNA,train,tmRNA_envi.sequ._TRW-32045-1_1-355
tRNA,train,tmRNA_uncu.bact._TRW-32033-1_1-354
tRNA,train,tmRNA_uncu.bact._TRW-32045-4_1-369
tRNA,valid,16s_B.burgdorferi_domain4
tRNA,valid,16s_B.subtilis_domain4
tRNA,valid,16s_C.elegans_domain4
tRNA,valid,16s_C.reinhardtii.chloro_domain1
tRNA,valid,16s_C.reinhardtii.chloro_domain3
tRNA,valid,16s_C.reinhardtii.mito_domain1
tRNA,valid,16s_C.reinhardtii.mito_domain2
tRNA,valid,16s_H.sapiens.mito_domain3
tRNA,valid,16s_H.volcanii_domain1
tRNA,valid,16s_P.occultum_domain4
tRNA,valid,16s_S.cerevisiae_domain3
tRNA,valid,16s_T.gondii_domain3
tRNA,valid,16s_T.maritima_domain3
tRNA,valid,23s_B.subtilis_domain3
tRNA,valid,23s_B.subtilis_domain6
tRNA,valid,23s_T.thermophilus_domain6
tRNA,valid,5s_Acanthamoeba-castellanii-2
tRNA,valid,5s_Acinetospora-crinita-1
tRNA,valid,5s_Agrobacterium-tumefaciens-6
tRNA,valid,5s_Asterina-pectinifera-1
tRNA,valid,5s_Auricularia-auricula-judae-1
tRNA,valid,5s_Azotobacter-vinelandii-1
tRNA,valid,5s_Bacillus-anthracis-10
tRNA,valid,5s_Bacillus-thuringiensis-1
tRNA,valid,5s_Bifidobacterium-longum-3
tRNA,valid,5s_Brevibacillus-brevis-1
tRNA,valid,5s_Caenorhabditis-briggsae-1
tRNA,valid,5s_Cryptococcus-humicola-1
tRNA,valid,5s_Dipsacomyces-acuminosporus-1
tRNA,valid,5s_Dugesia-japonica-1
tRNA,valid,5s_E_glandulE
tRNA,valid,5s_Eisenia-bicyclis-1
tRNA,valid,5s_Emericella-nidulans-3
tRNA,valid,5s_Emericella-nidulans-8
tRNA,valid,5s_Empedobacter-brevis-1
tRNA,valid,5s_Escherichia-coli-6
tRNA,valid,5s_Fusarium-lunulosporum-3
tRNA,valid,5s_Fusobacterium-nucleatum-4
tRNA,valid,5s_Grimontia-hollisae-1
tRNA,valid,5s_Hyphomonas-oligotropha-1
tRNA,valid,5s_Illex-illecebrosus-1
tRNA,valid,5s_Kluyveromyces-delphensis-1
tRNA,valid,5s_Lentinula-edodes-2
tRNA,valid,5s_Mycoplasma-genitalium-1
tRNA,valid,5s_Mycoplasma-penetrans-1
tRNA,valid,5s_Paracentrotus-lividus-2
tRNA,valid,5s_Pirellula-sp.-1
tRNA,valid,5s_Pseudomonas-fluorescens-2
tRNA,valid,5s_Pseudomonas-fluorescens-4
tRNA,valid,5s_Puccinia-poarum-1
tRNA,valid,5s_Pyrococcus-woesei-1
tRNA,valid,5s_Staphylococcus-aureus-1
tRNA,valid,5s_Streptomyces-roseoverticillatus-1
tRNA,valid,5s_Ureaplasma-parvum-1
tRNA,valid,5s_Urechis-unicinctus-1
tRNA,valid,5s_Vitreoscilla-filiformis-1
tRNA,valid,RNaseP_A.ferrooxidans-g
tRNA,valid,RNaseP_B.brevis
tRNA,valid,RNaseP_Buchnera-APS
tRNA,valid,RNaseP_C.tepidum-g
tRNA,valid,RNaseP_CPA54
tRNA,valid,RNaseP_ESH26-4
tRNA,valid,RNaseP_Fischerella-UTEX1829
tRNA,valid,RNaseP_H.aurantiacus
tRNA,valid,RNaseP_H.influenza
tRNA,valid,RNaseP_M.hyopneumoniae
tRNA,valid,RNaseP_M.pneumoniae
tRNA,valid,RNaseP_M.tuberculosis
tRNA,valid,RNaseP_M.vannielli
tRNA,valid,RNaseP_N.gonnorhoeae
tRNA,valid,RNaseP_N.meningitidis-Z2491
tRNA,valid,RNaseP_Onchorhynchus-2
tRNA,valid,RNaseP_Onchorhynchus-sp-2
tRNA,valid,RNaseP_P.azotoformans
tRNA,valid,RNaseP_P.furiosus-2
tRNA,valid,RNaseP_P.marinus
tRNA,valid,RNaseP_P.putida
tRNA,valid,RNaseP_P.strasburgensis
tRNA,valid,RNaseP_P131
tRNA,valid,RNaseP_Prochlorococcus-PAC1A
tRNA,valid,RNaseP_Prochlorococcus-PCC9511
tRNA,valid,RNaseP_Prochlorococcus-TATL2-2
tRNA,valid,RNaseP_R.americana-mito
tRNA,valid,RNaseP_R.norvegicus
tRNA,valid,RNaseP_S.caesia-K200
tRNA,valid,RNaseP_S.carlsbergensis
tRNA,valid,RNaseP_S.diastaticus
tRNA,valid,RNaseP_S.mutans
tRNA,valid,RNaseP_S.uvarum
tRNA,valid,RNaseP_SM-A1113
tRNA,valid,RNaseP_SM-A1519
tRNA,valid,RNaseP_SM-A2642
tRNA,valid,RNaseP_T.maritima-g
tRNA,valid,RNaseP_T.syrichta
tRNA,valid,RNaseP_T.thermophilus
tRNA,valid,RNaseP_Y.pestis
tRNA,valid,grp1_a.I1.b.Dermocarpa.sp.ATCC29371.C3.tMET
tRNA,valid,grp1_a.I1.b.Phormidium.sp.N182.C3.tLEU
tRNA,valid,grp1_a.I1.b.Synechococcus.sp2.C3.tLEU
tRNA,valid,grp1_a.I1.e.A.capsulatus.G186B.C1.SSU
tRNA,valid,grp1_a.I1.e.B.yamatoana.JCM2896.C1.SSU.1506
tRNA,valid,grp1_a.I1.e.C.ellipsoidea.IAMC-87.C1.SSU.1506
tRNA,valid,grp1_a.I1.e.C.merochlorophea.UNK.SSU.1389
tRNA,valid,grp1_a.I1.e.G.planctonica.C1.SSU.943
tRNA,valid,grp1_a.I1.e.G.spirotaenia.C1.SSU.1506
tRNA,valid,grp1_a.I1.e.L.dispersa.UNK.SSU.114
tRNA,valid,grp1_a.I1.e.P.macrosporus.C1.SSU.943
tRNA,valid,grp1_a.I1.e.S.paniceum.UNK.SSU.287
tRNA,valid,grp1_a.I1.e.Staurastrum.sp.M752.C1.SSU.1506
tRNA,valid,grp1_a.I1.m.S.luteus.A1.LSU.2504
tRNA,valid,grp1_a.I1.m.S.pombe.B1.OX1
tRNA,valid,srp_Arab.thal._AC005275
tRNA,valid,srp_Baci.cere._CP000001
tRNA,valid,srp_Baci.thur._CP000485
tRNA,valid,srp_Bos.taur._GSP-6282
tRNA,valid,srp_Burk.mall._CP000546
tRNA,valid,srp_Burk.pseu._CP000124
tRNA,valid,srp_Caen.eleg._AY948607
tRNA,valid,srp_Chlo.vulg._AB001684
tRNA,valid,srp_Cion.savi._BW551179
tRNA,valid,srp_Clos.beij._CP000721
tRNA,valid,srp_Clos.perf._CP000246
tRNA,valid,srp_Cypr.carp._CF662133
tRNA,valid,srp_Desu.vulg._CP000527
tRNA,valid,srp_Esch.coli._CP000468
tRNA,valid,srp_Fran.tula._AJ749949
tRNA,valid,srp_Fran.tula._CP000439
tRNA,valid,srp_Heli.pylo._AE001439
tRNA,valid,srp_Homo.sapi._NR_002715
tRNA,valid,srp_Lact.delb._CR954253
tRNA,valid,srp_Leis.dono._AY722734
tRNA,valid,srp_Leis.infa._AM502223
tRNA,valid,srp_List.wels._AM263198
tRNA,valid,srp_Medi.trun._BE941271
tRNA,valid,srp_Meth.acet._AE010299
tRNA,valid,srp_Meth.maze._AE008384
tRNA,valid,srp_Mono.brev._GSP-81824
tRNA,valid,srp_Myco.lepr._AL023596
tRNA,valid,srp_Myco.myco._BX842642
tRNA,valid,srp_Myco.spec._CP000580
tRNA,valid,srp_Picr.torr._AE017261
tRNA,valid,srp_Plas.gall._GSP-5849
tRNA,valid,srp_Proc.mari._AE017165
tRNA,valid,srp_Psyc.arct._CP000082
tRNA,valid,srp_Stap.epid._AF269814
tRNA,valid,srp_Stre.pneu._AE007319
tRNA,valid,srp_Stre.pneu._CP000410
tRNA,valid,srp_Stre.pyog._CP000261
tRNA,valid,srp_Ther.koda._AP006878
tRNA,valid,srp_Toxo.gond._GSP-398031
tRNA,valid,srp_Yers.pest._CP000305
tRNA,valid,telomerase_AC121792.109554-109950
tRNA,valid,telomerase_AF221906.96-545
tRNA,valid,telomerase_AF221917.99-542
tRNA,valid,telomerase_AF221924.105-538
tRNA,valid,telomerase_AF221932.102-549
tRNA,valid,telomerase_AF221934.121-565
tRNA,valid,telomerase_AY312571.605-1069
tRNA,valid,tmRNA_Baci.G._TRW-12333_1-312
tRNA,valid,tmRNA_Baci.halo._BA000004_1-361
tRNA,valid,tmRNA_Buch.aphi._BD061520_1-369
tRNA,valid,tmRNA_Burk.ceno._CP000378_1-370
tRNA,valid,tmRNA_Burk.mall._CP000010_1-370
tRNA,valid,tmRNA_Burk.viet._TRW-269482_1-370
tRNA,valid,tmRNA_Clos.botu._TRW-36826_1-355
tRNA,valid,tmRNA_Dich.nodo._TRW-35819_1-352
tRNA,valid,tmRNA_Esch.coli._CP000247_1-363
tRNA,valid,tmRNA_Fibr.succ._TRW-59374_1-361
tRNA,valid,tmRNA_Haem.infl._TRW-262727_1-366
tRNA,valid,tmRNA_Haem.infl._TRW-262728_1-366
tRNA,valid,tmRNA_Heli.pylo._AE000511_1-386
tRNA,valid,tmRNA_Leuc.mese._TRW-1245_1-358
tRNA,valid,tmRNA_List.gray._AF440336_1-321
tRNA,valid,tmRNA_List.wels._AF440351_1-321
tRNA,valid,tmRNA_Meso.flor._AE017263_1-408
tRNA,valid,tmRNA_Myco.capr._D13067_1-411
tRNA,valid,tmRNA_Nost.spec._BA000019_1-390
tRNA,valid,tmRNA_Oeno.oeni._TRW-203123_1-350
tRNA,valid,tmRNA_Onio.yell._AP006628_1-423
tRNA,valid,tmRNA_Phot.lumi._BX571870_1-364
tRNA,valid,tmRNA_Phot.prof._CR378665_1-368
tRNA,valid,tmRNA_Porp.ging._TRW-242619_1-407
tRNA,valid,tmRNA_Prop.acne._TRW-1747-1_1-371
tRNA,valid,tmRNA_Pseu.aeru._AE004091_1-353
tRNA,valid,tmRNA_Rubr.xyla._CP000386_1-360
tRNA,valid,tmRNA_Salm.ente._TRW-59204_1-363
tRNA,valid,tmRNA_Salm.typh._AY319520_1-363
tRNA,valid,tmRNA_Serr.marc._TRW-273526_1-364
tRNA,valid,tmRNA_Stap.aure._BA000017_1-362
tRNA,valid,tmRNA_Stap.aure._BX571857_1-362
tRNA,valid,tmRNA_Stre.aver._BA000030_1-389
tRNA,valid,tmRNA_Tric.eryt._CP000393_1-398
tRNA,valid,tmRNA_Trop.whip._BX251411_1-369
tRNA,valid,tmRNA_Urea.parv._AE002154_1-413
tRNA,valid,tmRNA_Xyle.fast._AE003849_1-355
tRNA,valid,tmRNA_Xyle.fast._AE004078_1-355
tRNA,valid,tmRNA_Yers.inte._TRW-349965_1-381
tRNA,valid,tmRNA_envi.sequ._TRW-32045-2_1-345
telomerase,test,telomerase_AC121792.109554-109950
telomerase,test,telomerase_AF147806.247-692
telomerase,test,telomerase_AF221906.96-545
telomerase,test,telomerase_AF221908.136-584
telomerase,test,telomerase_AF221909.98-496
telomerase,test,telomerase_AF221910.112-554
telomerase,test,telomerase_AF221911.104-513
telomerase,test,telomerase_AF221912.98-564
telomerase,test,telomerase_AF221913.109-520
telomerase,test,telomerase_AF221914.112-589
telomerase,test,telomerase_AF221916.94-481
telomerase,test,telomerase_AF221917.99-542
telomerase,test,telomerase_AF221918.97-547
telomerase,test,telomerase_AF221919.107-614
telomerase,test,telomerase_AF221920.99-541
telomerase,test,telomerase_AF221921.98-548
telomerase,test,telomerase_AF221923.106-554
telomerase,test,telomerase_AF221924.105-538
telomerase,test,telomerase_AF221925.98-540
telomerase,test,telomerase_AF221926.103-507
telomerase,test,telomerase_AF221927.113-556
telomerase,test,telomerase_AF221928.95-476
telomerase,test,telomerase_AF221929.92-517
telomerase,test,telomerase_AF221930.94-546
telomerase,test,telomerase_AF221931.99-541
telomerase,test,telomerase_AF221932.102-549
telomerase,test,telomerase_AF221934.121-565
telomerase,test,telomerase_AF221935.112-602
telomerase,test,telomerase_AF221936.98-540
telomerase,test,telomerase_AF221937.99-545
telomerase,test,telomerase_AF221939.99-544
telomerase,test,telomerase_AF221940.103-499
telomerase,test,telomerase_AY058901.1-397
telomerase,test,telomerase_AY312571.605-1069
telomerase,test,telomerase_U85256.1-451
telomerase,train,16s_A.fulgidus_domain2
telomerase,train,16s_A.fulgidus_domain3
telomerase,train,16s_A.fulgidus_domain4
telomerase,train,16s_A.pyrophilus_domain2
telomerase,train,16s_A.pyrophilus_domain4
telomerase,train,16s_B.burgdorferi_domain2
telomerase,train,16s_B.burgdorferi_domain3
telomerase,train,16s_B.subtilis_domain2
telomerase,train,16s_B.subtilis_domain3
telomerase,train,16s_C.elegans_domain1
telomerase,train,16s_C.elegans_domain2
telomerase,train,16s_C.elegans_domain3
telomerase,train,16s_C.psittaci_domain2
telomerase,train,16s_C.psittaci_domain3
telomerase,train,16s_C.psittaci_domain4
telomerase,train,16s_C.reinhardtii.chloro_domain2
telomerase,train,16s_C.reinhardtii.chloro_domain4
telomerase,train,16s_C.reinhardtii.mito_domain3
telomerase,train,16s_C.reinhardtii.mito_domain4
telomerase,train,16s_D.melanogaster_domain4
telomerase,train,16s_E.coli_domain2
telomerase,train,16s_E.coli_domain3
telomerase,train,16s_E.coli_domain4
telomerase,train,16s_F.ananassa_domain3
telomerase,train,16s_F.ananassa_domain4
telomerase,train,16s_G.intestinalis_domain1
telomerase,train,16s_G.intestinalis_domain2
telomerase,train,16s_G.intestinalis_domain3
telomerase,train,16s_G.intestinalis_domain4
telomerase,train,16s_H.sapiens.mito_domain1
telomerase,train,16s_H.sapiens.mito_domain2
telomerase,train,16s_H.sapiens.mito_domain4
telomerase,train,16s_H.sapiens_domain3
telomerase,train,16s_H.sapiens_domain4
telomerase,train,16s_H.volcanii_domain2
telomerase,train,16s_H.volcanii_domain3
telomerase,train,16s_H.volcanii_domain4
telomerase,train,16s_M.polymorpha_domain2
telomerase,train,16s_M.polymorpha_domain3
telomerase,train,16s_M.polymorpha_domain4
telomerase,train,16s_P.occultum_domain2
telomerase,train,16s_P.occultum_domain3
telomerase,train,16s_P.staleyi_domain2
telomerase,train,16s_P.staleyi_domain3
telomerase,train,16s_P.staleyi_domain4
telomerase,train,16s_S.cerevisiae_domain4
telomerase,train,16s_T.gondii_domain4
telomerase,train,16s_T.maritima_domain2
telomerase,train,16s_T.maritima_domain4
telomerase,train,16s_Z.mays_domain1
telomerase,train,16s_Z.mays_domain2
telomerase,train,16s_Z.mays_domain3
telomerase,train,16s_Z.mays_domain4
telomerase,train,23s_B.subtilis_domain4
telomerase,train,23s_E.coli_domain3
telomerase,train,23s_E.coli_domain4
telomerase,train,23s_E.coli_domain6
telomerase,train,23s_H.pylori_domain3
telomerase,train,23s_H.pylori_domain4
telomerase,train,23s_H.pylori_domain6
telomerase,train,23s_S.aureus_domain3
telomerase,train,23s_S.aureus_domain4
telomerase,train,23s_S.aureus_domain6
telomerase,train,23s_T.thermophilus_domain3
telomerase,train,23s_T.thermophilus_domain4
telomerase,train,5s_Acholeplasma-laidlawii-2
telomerase,train,5s_Achromobacter-xylosoxidans-1
telomerase,train,5s_Acidiphilium-acidophilum-1
telomerase,train,5s_Acinetobacter-sp.-1
telomerase,train,5s_Acremonium-chrysogenum-1
telomerase,train,5s_Agaricus-edulis-1
telomerase,train,5s_Akkesiphycus-lubricum-1
telomerase,train,5s_Amycolatopsis-lactamdurans-1
telomerase,train,5s_Ancylobacter-aquaticus-1
telomerase,train,5s_Andrias-japonicus-1
telomerase,train,5s_Antheraea-pernyi-1
telomerase,train,5s_Aquifex-aeolicus-1
telomerase,train,5s_Archaeoglobus-fulgidus-1
telomerase,train,5s_Artemia-sp.-4
telomerase,train,5s_Arthrobacter-polychromogenes-1
telomerase,train,5s_Asellus-aquaticus-2
telomerase,train,5s_Bacillus-anthracis-6
telomerase,train,5s_Bacillus-clausii-1
telomerase,train,5s_Bacillus-firmus-1
telomerase,train,5s_Bacillus-halodurans-4
telomerase,train,5s_Bacteroides-fragilis-3
telomerase,train,5s_Bacteroides-fragilis-4
telomerase,train,5s_Bacteroides-fragilis-6
telomerase,train,5s_Bartonella-henselae-1
telomerase,train,5s_Bifidobacterium-longum-1
telomerase,train,5s_Blakeslea-trispora-1
telomerase,train,5s_Blastocladiella-simplex-1
telomerase,train,5s_Blepharisma-japonicum-1
telomerase,train,5s_Bombyx-mori-1
telomerase,train,5s_Bombyx-mori-2
telomerase,train,5s_Brachionus-plicatilis-1
telomerase,train,5s_Brevibacterium-helvolum-1
telomerase,train,5s_C_paradoxE
telomerase,train,5s_Caenorhabditis-elegans-3
telomerase,train,5s_Campylobacter-jejuni-3
telomerase,train,5s_Cancer-pagurus-1
telomerase,train,5s_Candidatus-Tremblaya-princeps-1
telomerase,train,5s_Caulobacter-sp.-5
telomerase,train,5s_Caulobacter-sp.-6
telomerase,train,5s_Cellulomonas-biazotea-1
telomerase,train,5s_Chlamydophila-abortus-1
telomerase,train,5s_Clostridium-acetobutylicum-5
telomerase,train,5s_Coprinopsis-cinerea-1
telomerase,train,5s_Corynebacterium-glutamicum-1
telomerase,train,5s_Corynebacterium-glutamicum-2
telomerase,train,5s_Cryptomonas-paramecium-1
telomerase,train,5s_Cyclidiopsis-acus-1
telomerase,train,5s_Cystobacter-fuscus-1
telomerase,train,5s_Delftia-acidovorans-1
telomerase,train,5s_Dirofilaria-immitis-1
telomerase,train,5s_Drosophila-teissieri-1
telomerase,train,5s_Dugesia-japonica-2
telomerase,train,5s_Eimeria-tenella-1
telomerase,train,5s_Emericella-nidulans-7
telomerase,train,5s_Escherichia-coli-11
telomerase,train,5s_Escherichia-coli-14
telomerase,train,5s_Escherichia-coli-3
telomerase,train,5s_Exidia-glandulosa-1
telomerase,train,5s_Filobasidiella-depauperata-1
telomerase,train,5s_Filobasidium-capsuligenum-1
telomerase,train,5s_Fusarium-asiaticum-7
telomerase,train,5s_Fusarium-lunulosporum-5
telomerase,train,5s_Fusarium-pseudograminearum-1
telomerase,train,5s_Fusarium-pseudograminearum-6
telomerase,train,5s_Fusarium-sporotrichioides-1
telomerase,train,5s_Fusobacterium-nucleatum-2
telomerase,train,5s_Gallus-gallus-1
telomerase,train,5s_Gelidium-amansii-1
telomerase,train,5s_Gelidium-amansii-2
telomerase,train,5s_Geobacillus-stearothermophilus-2
telomerase,train,5s_Ginkgo-biloba-1
telomerase,train,5s_Haloarcula-marismortui-2
telomerase,train,5s_Halococcus-morrhuae-2
telomerase,train,5s_Haloferax-volcanii-2
telomerase,train,5s_Halorubrum-distributum-4
telomerase,train,5s_Helicobacter-pylori-3
telomerase,train,5s_Hyphomicrobium-sp.-3
telomerase,train,5s_Hyphomicrobium-sp.-5
telomerase,train,5s_Idiomarina-loihiensis-1
telomerase,train,5s_Juniperus-media-1
telomerase,train,5s_Kondoa-malvinella-1
telomerase,train,5s_Kutzneria-viridogrisea-1
telomerase,train,5s_Locusta-migratoria-1
telomerase,train,5s_Microbacterium-testaceum-1
telomerase,train,5s_Microtetraspora-glauca-1
telomerase,train,5s_Mycobacterium-tuberculosis-3
telomerase,train,5s_Mycoplasma-gallisepticum-1
telomerase,train,5s_Mycoplasma-pneumoniae-1
telomerase,train,5s_Myxococcus-coralloides-1
telomerase,train,5s_Neurospora-crassa-12
telomerase,train,5s_Neurospora-crassa-15
telomerase,train,5s_Neurospora-crassa-2
telomerase,train,5s_Nitrobacter-winogradskyi-1
telomerase,train,5s_Notophthalmus-viridescens-1
telomerase,train,5s_Oerskovia-turbata-1
telomerase,train,5s_Paenibacillus-popilliae-1
telomerase,train,5s_Parachlamydia-sp.-1
telomerase,train,5s_Paramecium-tetraurelia-1
telomerase,train,5s_Photobacterium-profundum-3
telomerase,train,5s_Pichia-jadinii-2
telomerase,train,5s_Pinus-contorta-1
telomerase,train,5s_Pirellula-sp.-2
telomerase,train,5s_Plasmodium-falciparum-1
telomerase,train,5s_Pneumocystis-carinii-1
telomerase,train,5s_Prasinocladus-sp.-1
telomerase,train,5s_Propionibacterium-acnes-1
telomerase,train,5s_Pseudomonas-aeruginosa-1
telomerase,train,5s_Pseudomonas-aeruginosa-2
telomerase,train,5s_Pseudomonas-stutzeri-2
telomerase,train,5s_Puccinia-suaveolens-1
telomerase,train,5s_Pyrococcus-horikoshii-1
telomerase,train,5s_Pythium-torulosum-1
telomerase,train,5s_Ralstonia-solanacearum-1
telomerase,train,5s_Ralstonia-solanacearum-2
telomerase,train,5s_Rhodobacter-sphaeroides-2
telomerase,train,5s_Rhodococcus-erythropolis-2
telomerase,train,5s_Rhodopseudomonas-palustris-2
telomerase,train,5s_Roseococcus-thiosulfatophilus-1
telomerase,train,5s_Roseococcus-thiosulfatophilus-2
telomerase,train,5s_Rumex-acetosa-1
telomerase,train,5s_Sabellastarte-japonica-1
telomerase,train,5s_Saccharothrix-mutabilis-1
telomerase,train,5s_Salmonella-typhi-1
telomerase,train,5s_Saprolegnia-ferax-1
telomerase,train,5s_Schizosaccharomyces-pombe-1
telomerase,train,5s_Shewanella-oneidensis-1
telomerase,train,5s_Spirobolus-sp-1
telomerase,train,5s_Sporolactobacillus-nakayamae-1
telomerase,train,5s_Streptococcus-mutans-2
telomerase,train,5s_Streptococcus-pyogenes-2
telomerase,train,5s_Streptococcus-salivarius-1
telomerase,train,5s_Streptomyces-avermitilis-4
telomerase,train,5s_Streptomyces-coelicolor-1
telomerase,train,5s_Streptomyces-lividans-1
telomerase,train,5s_Streptomyces-rimosus-2
telomerase,train,5s_Streptomyces-violaceus-1
telomerase,train,5s_T_cruziE
telomerase,train,5s_Taxus-baccata-1
telomerase,train,5s_Thermoactinomyces-vulgaris-1
telomerase,train,5s_Thermomyces-lanuginosus-1
telomerase,train,5s_Thermotoga-sp.-1
telomerase,train,5s_Thermus-sp.-2
telomerase,train,5s_Thermus-thermophilus-2
telomerase,train,5s_Thiomonas-cuprina-1
telomerase,train,5s_Thiothrix-nivea-1
telomerase,train,5s_Thraustochytrium-visurgense-2
telomerase,train,5s_Tremella-mesenterica-2
telomerase,train,5s_Trimorphomyces-papilionaceus-1
telomerase,train,5s_Ustilago-maydis-1
telomerase,train,5s_Ustilentyloma-fluitans-1
telomerase,train,5s_Vibrio-cyclosites-1
telomerase,train,5s_Vibrio-fluvialis-1
telomerase,train,5s_Vibrio-harveyi-1
telomerase,train,5s_Vibrio-nereis-1
telomerase,train,5s_Vibrio-parahaemolyticus-3
telomerase,train,5s_Vibrio-vulnificus-4
telomerase,train,5s_Vitreoscilla-stercoraria-1
telomerase,train,5s_Xanthobacter-viscosus-1
telomerase,train,5s_Yersinia-pestis-1
telomerase,train,5s_uncultured-euryarchaeote-37F11-1
telomerase,train,RNaseP_A.ambivalens
telomerase,train,RNaseP_A.brierleyi
telomerase,train,RNaseP_A.chroococcum
telomerase,train,RNaseP_A.ferrooxidans
telomerase,train,RNaseP_A.fulgidus
telomerase,train,RNaseP_A.laidlawii
telomerase,train,RNaseP_A.obstetricans
telomerase,train,RNaseP_A.salinestris-184
telomerase,train,RNaseP_Anabaena-ATCC29413
telomerase,train,RNaseP_B.bronchiseptica
telomerase,train,RNaseP_B.hermsii
telomerase,train,RNaseP_B.megaterium
telomerase,train,RNaseP_B.pertussis
telomerase,train,RNaseP_B.stearothermophilus
telomerase,train,RNaseP_B.subtilis
telomerase,train,RNaseP_B.subtilis-g
telomerase,train,RNaseP_C.acetobutylicum
telomerase,train,RNaseP_C.crescentus
telomerase,train,RNaseP_C.jejuni
telomerase,train,RNaseP_C.limicola
telomerase,train,RNaseP_C.pneumoniae-AR39
telomerase,train,RNaseP_C.pneumoniae-CWL029
telomerase,train,RNaseP_C.sporogenes
telomerase,train,RNaseP_C.trachomatis-2
telomerase,train,RNaseP_C.trachomatis-D
telomerase,train,RNaseP_C.vinosum
telomerase,train,RNaseP_CPA49
telomerase,train,RNaseP_CPB139
telomerase,train,RNaseP_CPB74
telomerase,train,RNaseP_CPB7776
telomerase,train,RNaseP_CPB80
telomerase,train,RNaseP_CPB86
telomerase,train,RNaseP_D.desulfuricans
telomerase,train,RNaseP_D.jeanneae
telomerase,train,RNaseP_Dermocarpa-PCC7437
telomerase,train,RNaseP_E.agglomerulans
telomerase,train,RNaseP_E.coli
telomerase,train,RNaseP_E.eschscholtzii-2
telomerase,train,RNaseP_E.eschsholtzii
telomerase,train,RNaseP_E.faecalis
telomerase,train,RNaseP_E.faecalis-2
telomerase,train,RNaseP_E1B
telomerase,train,RNaseP_EM14b-9
telomerase,train,RNaseP_ERH
telomerase,train,RNaseP_ESH167F
telomerase,train,RNaseP_ESH20b-1
telomerase,train,RNaseP_ESH7-9
telomerase,train,RNaseP_G.gorilla
telomerase,train,RNaseP_H.chlorum-partial
telomerase,train,RNaseP_H.pylori-26695
telomerase,train,RNaseP_H.pylori-48K
telomerase,train,RNaseP_H.pylori-J99
telomerase,train,RNaseP_H.pylori-RU1
telomerase,train,RNaseP_H.trapanicum
telomerase,train,RNaseP_I.calvum
telomerase,train,RNaseP_K.pneumoniae
telomerase,train,RNaseP_L.acidophilus
telomerase,train,RNaseP_L.japonicus-IFO15385
telomerase,train,RNaseP_LGA1
telomerase,train,RNaseP_LGB27
telomerase,train,RNaseP_LGB32
telomerase,train,RNaseP_LGB41
telomerase,train,RNaseP_LGW113
telomerase,train,RNaseP_LGW18
telomerase,train,RNaseP_LGW46
telomerase,train,RNaseP_M.barkeri
telomerase,train,RNaseP_M.bovis
telomerase,train,RNaseP_M.capricolum
telomerase,train,RNaseP_M.leprae
telomerase,train,RNaseP_M.luteus
telomerase,train,RNaseP_M.phosphovorus-JCM9380
telomerase,train,RNaseP_M.sedula
telomerase,train,RNaseP_M.thermoautotrophicum-DH
telomerase,train,RNaseP_M.thermoautotrphicumMarb
telomerase,train,RNaseP_N.europaea
telomerase,train,RNaseP_N.flavus
telomerase,train,RNaseP_N.fulvus-JCM3335
telomerase,train,RNaseP_Nocardiodes-NSP41
telomerase,train,RNaseP_Nostoc-PCC7413
telomerase,train,RNaseP_Onchorhynchus-1
telomerase,train,RNaseP_Onchorhynchus-sp-1
telomerase,train,RNaseP_P.alcalifaciens
telomerase,train,RNaseP_P.douglassii
telomerase,train,RNaseP_P.gingivalis
telomerase,train,RNaseP_P.mississippiensis
telomerase,train,RNaseP_P.purpurea-chloroplast
telomerase,train,RNaseP_P.staleyi
telomerase,train,RNaseP_P.stutzeri
telomerase,train,RNaseP_P.troglodytes
telomerase,train,RNaseP_P.vulgaris
telomerase,train,RNaseP_Prochlorococcus-PAC1B
telomerase,train,RNaseP_Prochlorococcus-TATL2
telomerase,train,RNaseP_R.prowazekii
telomerase,train,RNaseP_R.rubrum
telomerase,train,RNaseP_S.acidocaldarius
telomerase,train,RNaseP_S.bayanus
telomerase,train,RNaseP_S.bikiniensis
telomerase,train,RNaseP_S.caesia-K182
telomerase,train,RNaseP_S.caesia-K76T
telomerase,train,RNaseP_S.caesia-SB01
telomerase,train,RNaseP_S.castellii
telomerase,train,RNaseP_S.epidermidis
telomerase,train,RNaseP_S.glauca-K194
telomerase,train,RNaseP_S.globosus
telomerase,train,RNaseP_S.japonicus
telomerase,train,RNaseP_S.kluyveri
telomerase,train,RNaseP_S.lividans
telomerase,train,RNaseP_S.pastorianus
telomerase,train,RNaseP_S.polymorpha
telomerase,train,RNaseP_S.pyogenes
telomerase,train,RNaseP_S.servazzii
telomerase,train,RNaseP_S.shibatae
telomerase,train,RNaseP_S.typhi
telomerase,train,RNaseP_S.typhimurium
telomerase,train,RNaseP_S.unisporus
telomerase,train,RNaseP_S.viridis-K191
telomerase,train,RNaseP_S.viridis-K73T
telomerase,train,RNaseP_SL1-1
telomerase,train,RNaseP_SLC
telomerase,train,RNaseP_SM-A01
telomerase,train,RNaseP_SM-A03
telomerase,train,RNaseP_SM-A04
telomerase,train,RNaseP_SM-A05
telomerase,train,RNaseP_SM-A06
telomerase,train,RNaseP_SM-A1012
telomerase,train,RNaseP_SM-A1214
telomerase,train,RNaseP_SM-A1315
telomerase,train,RNaseP_SM-A2946
telomerase,train,RNaseP_SM-A3862
telomerase,train,RNaseP_SM-A4065
telomerase,train,RNaseP_SM-A4775
telomerase,train,RNaseP_SM-A4876
telomerase,train,RNaseP_SM-A4977
telomerase,train,RNaseP_SM-A5179
telomerase,train,RNaseP_SM-A5382
telomerase,train,RNaseP_SM-A5584
telomerase,train,RNaseP_SM-A5888
telomerase,train,RNaseP_SM-A6090
telomerase,train,RNaseP_SM1
telomerase,train,RNaseP_SMB-A3
telomerase,train,RNaseP_SMB-A5
telomerase,train,RNaseP_SMB-B3
telomerase,train,RNaseP_SMB-B4
telomerase,train,RNaseP_Synechococcus-PCC7942
telomerase,train,RNaseP_Synechocystis-PCC6308
telomerase,train,RNaseP_Synechocystis-PCC6803
telomerase,train,RNaseP_T.acidophilum
telomerase,train,RNaseP_T.aquaticus
telomerase,train,RNaseP_T.celerAL1-2
telomerase,train,RNaseP_T.littoralis
telomerase,train,RNaseP_T.neapolitana
telomerase,train,RNaseP_T.pallidum
telomerase,train,RNaseP_UK2
telomerase,train,RNaseP_UK5
telomerase,train,RNaseP_V.cholera
telomerase,train,RNaseP_V.spinosum
telomerase,train,RNaseP_VSDW
telomerase,train,RNaseP_WA1
telomerase,train,RNaseP_Z.bailii
telomerase,train,RNaseP_purpleX
telomerase,train,grp1_a.I1.b.S.hofmanii.C3.tMET
telomerase,train,grp1_a.I1.c.A.cherimola.C3.tLEU
telomerase,train,grp1_a.I1.c.G.prostrata.C3.tLEU
telomerase,train,grp1_a.I1.c.S.bicolor.C3.tLEU
telomerase,train,grp1_a.I1.e.A.adeninivorans.C1.LSU.2449
telomerase,train,grp1_a.I1.e.A.capsulatus.CBS213.53.C1.SSU.943
telomerase,train,grp1_a.I1.e.A.capsulatus.FLs1.C1.SSU
telomerase,train,grp1_a.I1.e.A.capsulatus.G184B.C1.SSU
telomerase,train,grp1_a.I1.e.A.stipitatus.C1.SSU.1046
telomerase,train,grp1_a.I1.e.B.ciliata.JCM6865.C1.SSU.1506
telomerase,train,grp1_a.I1.e.B.ciliata.JCM6865.C1.SSU.943
telomerase,train,grp1_a.I1.e.B.yamatoana.JCM2896.C1.SSU.943
telomerase,train,grp1_a.I1.e.C.ellipsoidea.211-1a.C1.SSU.1506
telomerase,train,grp1_a.I1.e.C.grayi.UNK.SSU.1046
telomerase,train,grp1_a.I1.e.C.grayi.UNK.SSU.1516
telomerase,train,grp1_a.I1.e.C.merochlorophea.UNK.SSU.1046
telomerase,train,grp1_a.I1.e.C.merochlorophea.UNK.SSU.1210
telomerase,train,grp1_a.I1.e.C.merochlorophea.UNK.SSU.1516
telomerase,train,grp1_a.I1.e.C.saccatum.C1.SSU.1512
telomerase,train,grp1_a.I1.e.C.saxonicum.C1.SSU.1506
telomerase,train,grp1_a.I1.e.D.parva.C1.SSU.1512
telomerase,train,grp1_a.I1.e.D.parva.C1.SSU.943
telomerase,train,grp1_a.I1.e.D.salina.C1.SSU.943
telomerase,train,grp1_a.I1.e.E.dermatitidis.C1.SSU.943
telomerase,train,grp1_a.I1.e.L.dispersa.UNK.SSU.1046
telomerase,train,grp1_a.I1.e.L.dispersa.UNK.SSU.1210
telomerase,train,grp1_a.I1.e.L.dispersa.UNK.SSU.1516
telomerase,train,grp1_a.I1.e.L.dispersa.UNK.SSU.287
telomerase,train,grp1_a.I1.e.L.dispersa.UNK.SSU.516
telomerase,train,grp1_a.I1.e.L.dispersa.UNK.SSU.789
telomerase,train,grp1_a.I1.e.M.caldariorum.C1.SSU.1506
telomerase,train,grp1_a.I1.e.P.carinii.C1.SSU.1506
telomerase,train,grp1_a.I1.e.P.carinii.Pc1.C1.LSU.1921
telomerase,train,grp1_a.I1.e.P.carinii.Pc2.C1.LSU.1921
telomerase,train,grp1_a.I1.e.P.carinii.Pc3.C1.LSU.1921
telomerase,train,grp1_a.I1.e.P.clavariiformis.C1.SSU.943
telomerase,train,grp1_a.I1.e.P.inouyei.C1.SSU.1506
telomerase,train,grp1_a.I1.e.P.inouyei.C1.SSU.943
telomerase,train,grp1_a.I1.e.P.macrosporus.C1.SSU.1506
telomerase,train,grp1_a.I1.e.P.pachydermus.C1.SSU.943
telomerase,train,grp1_a.I1.e.P.sarcinoidea.C1.SSU.943
telomerase,train,grp1_a.I1.e.S.granulatum.C1.SSU.1506
telomerase,train,grp1_a.I1.e.S.paniceum.UNK.SSU.1052
telomerase,train,grp1_a.I1.e.S.paniceum.UNK.SSU.114
telomerase,train,grp1_a.I1.e.S.paniceum.UNK.SSU.1210
telomerase,train,grp1_a.I1.e.S.paniceum.UNK.SSU.1506
telomerase,train,grp1_a.I1.e.S.sclerotiorum_1837.C1.LSU.798
telomerase,train,grp1_a.I1.e.Staurastrum.sp.M753.C1.SSU.1506
telomerase,train,grp1_a.I1.e.T.cosmopolitanis.C1.LSU.1925
telomerase,train,grp1_a.I1.e.T.hyperangularis.C1.LSU.1925
telomerase,train,grp1_a.I1.e.T.malaccensis.C1.LSU.1925
telomerase,train,grp1_a.I1.e.T.pigmentosa.C1.LSU.1925
telomerase,train,grp1_a.I1.e.U.maydis.C1.SSU.943
telomerase,train,grp1_a.I1.m.M.grisea.B2.ND1
telomerase,train,grp1_b.I1.e.C.saccharophila.C1.SSU.156
telomerase,train,grp1_b.I1.e.M.anisopliae.2.C1.LSU.1921
telomerase,train,grp1_b.I1.e.M.anisopliae.3.C1.LSU.1921
telomerase,train,grp1_b.I1.e.T.thermophila.C1.LSU.1925
telomerase,train,grp1_s.I1.e.T.thermophila.C1.LSU.1925.schem
telomerase,train,srp_Acin.spec._CR543861
telomerase,train,srp_Aede.aegy._DW714815
telomerase,train,srp_Aero.pern._BA000002
telomerase,train,srp_Alka.meta._CP000724
telomerase,train,srp_Anae.sp.._CP000769
telomerase,train,srp_Anto.locu._GSP-278021
telomerase,train,srp_Arab.thal._X72228
telomerase,train,srp_Ashb.goss._AE016819
telomerase,train,srp_Aspe.flav._GSP-332952
telomerase,train,srp_Aspe.fumi._GSP-41122
telomerase,train,srp_Aspe.terr._GSP-341663
telomerase,train,srp_Baci.alca._D11422
telomerase,train,srp_Baci.poly._D11421
telomerase,train,srp_Baci.subt._X06802
telomerase,train,srp_Baci.subt._X12642
telomerase,train,srp_Bdel.bact._BX842656
telomerase,train,srp_Bloc.flor._BX248585
telomerase,train,srp_Borr.burg._AE000783
telomerase,train,srp_Brad.japo._BA000040
telomerase,train,srp_Bras.napu._EE412262
telomerase,train,srp_Bruc.meli._AM040264
telomerase,train,srp_Bruc.ovis._CP000708
telomerase,train,srp_Burk.pseu._CP000572
telomerase,train,srp_Camp.jeju._CP000025
telomerase,train,srp_Cand.Bloc._CP000016
telomerase,train,srp_Carb.hydr._CP000141
telomerase,train,srp_Caul.cres._AE005700
telomerase,train,srp_Chla.cavi._AE016995
telomerase,train,srp_Chla.muri._AE002160
telomerase,train,srp_Chla.pneu._AE001363
telomerase,train,srp_Chla.rein._SDB-3055
telomerase,train,srp_Chla.trac._AE001298
telomerase,train,srp_Citr.sine._CN181543
telomerase,train,srp_Clos.acet._AE001437
telomerase,train,srp_Clos.botu._AM412317
telomerase,train,srp_Clos.diff._AM180355
telomerase,train,srp_Clos.kluy._CP000673
telomerase,train,srp_Cocc.posa._GSP-222929
telomerase,train,srp_Cory.diph._BX248354
telomerase,train,srp_Cory.jeik._CR931997
telomerase,train,srp_Cryp.homi._GSP-353151
telomerase,train,srp_Cryp.parv._XM_626716
telomerase,train,srp_Dani.rrer._BX469912
telomerase,train,srp_Dros.mela._AE014297
telomerase,train,srp_Dros.mela._X00952
telomerase,train,srp_Dros.moja._GSP-7230
telomerase,train,srp_Ence.cuni._AL590449
telomerase,train,srp_Ente.faec._AE016953
telomerase,train,srp_Ento.sulc._AF095839
telomerase,train,srp_Esch.coli._AE016756
telomerase,train,srp_Esch.coli._CP000243
telomerase,train,srp_Esch.coli._U00096
telomerase,train,srp_Esch.coli._U82664
telomerase,train,srp_Esch.coli._X01074
telomerase,train,srp_Fran.tula._AM286280
telomerase,train,srp_Fran.tula._CP000437
telomerase,train,srp_Gald.sulp._GSP-130081
telomerase,train,srp_Gibb.zeae._GSP-229533
telomerase,train,srp_Haem.infl._CP000672
telomerase,train,srp_Hahe.chej._CP000155
telomerase,train,srp_Halo.mari._AY596297
telomerase,train,srp_Halo.volc._AF395888
telomerase,train,srp_Heli.annu._AJ828095
telomerase,train,srp_Heli.pylo._CP000241
telomerase,train,srp_Homo.sapi._AB061847
telomerase,train,srp_Homo.sapi._BE083383
telomerase,train,srp_Homo.sapi._BF875598
telomerase,train,srp_Homo.sapi._BF909438
telomerase,train,srp_Homo.sapi._BF909560
telomerase,train,srp_Homo.sapi._BF909563
telomerase,train,srp_Humu.lupu._AJ236703
telomerase,train,srp_Humu.lupu._X65983
telomerase,train,srp_Hype.buty._CP000493
telomerase,train,srp_Kine.radi._CP000750
telomerase,train,srp_Kleb.pneu._CP000647
telomerase,train,srp_Kluy.lact._CR382126
telomerase,train,srp_Lact.case._CP000423
telomerase,train,srp_Lact.john._AE017198
telomerase,train,srp_Legi.pneu._CR628337
telomerase,train,srp_Leis.braz._AY722724
telomerase,train,srp_Leis.guya._AY722728
telomerase,train,srp_Leis.infa._SDB-5671
telomerase,train,srp_Leis.majo._AY722715
telomerase,train,srp_Leis.majo._SDB-347515
telomerase,train,srp_List.inno._AL596173
telomerase,train,srp_List.mono._U15684
telomerase,train,srp_Lyco.escu._Z29099
telomerase,train,srp_Mann.succ._AE016827
telomerase,train,srp_Mari.aqua._CP000514
telomerase,train,srp_Medi.trun._AC136507
telomerase,train,srp_Medi.trun._CX540689
telomerase,train,srp_Meth.burt._CP000300
telomerase,train,srp_Meth.ferv._M32222
telomerase,train,srp_Meth.jann._L77117
telomerase,train,srp_Meth.mari._CP000745
telomerase,train,srp_Myco.bovi._BX248347
telomerase,train,srp_Myco.geni._L43967
telomerase,train,srp_Myco.hyop._AE017244
telomerase,train,srp_Myco.syno._AE017245
telomerase,train,srp_Nitr.euro._AL954747
telomerase,train,srp_Nitr.euro._BX321857
telomerase,train,srp_Nitr.eutr._CP000450
telomerase,train,srp_Onch.volv._AI249203
telomerase,train,srp_Orni.anat._GSP-9258
telomerase,train,srp_Para.bras._CN241137
telomerase,train,srp_Phyt.ramo._GSP-164328
telomerase,train,srp_Popu.bals._GSP-73824
telomerase,train,srp_Proc.mari._BX572093
telomerase,train,srp_Proc.mari._CP000551
telomerase,train,srp_Proc.mari._CP000576
telomerase,train,srp_Proc.spec._AJ011025
telomerase,train,srp_Pseu.syri._CP000075
telomerase,train,srp_Psyc.sp.._CP000713
telomerase,train,srp_Pyro.cali._CP000561
telomerase,train,srp_Pyro.hori._BA000001
telomerase,train,srp_Rick.typh._AE017197
telomerase,train,srp_Sacc.para._BN000251
telomerase,train,srp_Salm.ente._AE017220
telomerase,train,srp_Schm.medi._GSP-79327
telomerase,train,srp_Shew.balt._CP000563
telomerase,train,srp_Shew.spec._CP000503
telomerase,train,srp_Shig.flex._AE005674
telomerase,train,srp_Shig.flex._AE014073
telomerase,train,srp_Shig.flex._AE016979
telomerase,train,srp_Shig.flex._CP000266
telomerase,train,srp_Sili.spec._CP000377
telomerase,train,srp_Sino.meli._AL591782
telomerase,train,srp_Stap.aure._BX571857
telomerase,train,srp_Stap.aure._CP000703
telomerase,train,srp_Stap.aure._E36052
telomerase,train,srp_Stre.agal._AL766845
telomerase,train,srp_Stre.muta._AE014133
telomerase,train,srp_Stre.pyog._AE009969
telomerase,train,srp_Stre.pyog._AE014139
telomerase,train,srp_Stre.pyog._AM295007
telomerase,train,srp_Stre.pyog._CP000056
telomerase,train,srp_Stre.pyog._CP000260
telomerase,train,srp_Sulf.solf._Y08257
telomerase,train,srp_Sulf.toko._BA000023
telomerase,train,srp_Thal.pseu._EF067921
telomerase,train,srp_Thal.pseu._GSP-296543
telomerase,train,srp_Ther.acid._AL445063
telomerase,train,srp_Ther.mela._CP000716
telomerase,train,srp_Tric.vagi._GSP-5722-2
telomerase,train,srp_Trit.aest._BE424647
telomerase,train,srp_Trit.aest._CD897082
telomerase,train,srp_Trop.whip._AE014184
telomerase,train,srp_Trop.whip._AE016852
telomerase,train,srp_Tryp.bruc._AF047723
telomerase,train,srp_Tryp.bruc._S56681
telomerase,train,srp_Tryp.bruc._X57047
telomerase,train,srp_Tryp.cong._SDB-5692
telomerase,train,srp_Vibr.chol._CP000627
telomerase,train,srp_Xant.camp._CP000050
telomerase,train,srp_Xant.oryz._AE013598
telomerase,train,srp_Yarr.lipo._X51658
telomerase,train,srp_Yers.pest._AE017042
telomerase,train,srp_Yers.pest._AE017129
telomerase,train,srp_Yers.pest._AJ414155
telomerase,train,srp_Yers.pseu._BX936398
telomerase,train,tRNA_tdbR00000003-Haloferax_volcanii-2246-Ala-GGC
telomerase,train,tRNA_tdbR00000011-Neurospora_crassa-5141-Ala-UGC
telomerase,train,tRNA_tdbR00000017-Homo_sapiens-9606-Ala-IGC
telomerase,train,tRNA_tdbR00000020-Escherichia_coli-562-Cys-GCA
telomerase,train,tRNA_tdbR00000021-Saccharomyces_cerevisiae-4932-Cys-GCA
telomerase,train,tRNA_tdbR00000024-Mycoplasma_capricolum-2095-Asp-GUC
telomerase,train,tRNA_tdbR00000026-Escherichia_coli-562-Asp-QUC
telomerase,train,tRNA_tdbR00000030-Aedes_albopictus-7160-Asp-GUC
telomerase,train,tRNA_tdbR00000032-Rattus_norvegicus-10116-Asp-GUC
telomerase,train,tRNA_tdbR00000036-Euglena_gracilis-3039-Asp-GUC
telomerase,train,tRNA_tdbR00000038-Rattus_norvegicus-10116-Asp-8UC
telomerase,train,tRNA_tdbR00000042-Haloferax_volcanii-2246-Glu-MUC
telomerase,train,tRNA_tdbR00000043-Haloferax_volcanii-2246-Glu-NUC
telomerase,train,tRNA_tdbR00000059-Rattus_norvegicus-10116-Glu-3UC
telomerase,train,tRNA_tdbR00000063-Haloferax_volcanii-2246-Phe-GAA
telomerase,train,tRNA_tdbR00000067-Escherichia_coli-562-Phe-GAA
telomerase,train,tRNA_tdbR00000072-Phaseolus_vulgaris-3885-Phe-GAA
telomerase,train,tRNA_tdbR00000074-Tetrahymena_pyriformis-5908-Phe-GAA
telomerase,train,tRNA_tdbR00000089-Brassica_napus-3708-Phe-AA
telomerase,train,tRNA_tdbR00000090-Lupinus_luteus-3873-Phe-AA
telomerase,train,tRNA_tdbR00000093-Bombyx_mori-7091-Phe-AA
telomerase,train,tRNA_tdbR00000098-Xenopus_laevis-8355-Phe-AA
telomerase,train,tRNA_tdbR00000108-Haloferax_volcanii-2246-Gly-GCC
telomerase,train,tRNA_tdbR00000109-Haloferax_volcanii-2246-Gly-NCC
telomerase,train,tRNA_tdbR00000111-Mycoplasma_capricolum-2095-Gly-UCC
telomerase,train,tRNA_tdbR00000114-Staphylococcus_epidermidis-1282-Gly-UCC
telomerase,train,tRNA_tdbR00000115-Staphylococcus_epidermidis-1282-Gly-UCC
telomerase,train,tRNA_tdbR00000119-Escherichia_coli-562-Gly-NCC
telomerase,train,tRNA_tdbR00000125-Bos_taurus-9913-Gly-UCC
telomerase,train,tRNA_tdbR00000128-Halocynthia_roretzi-7729-Gly-GCU
telomerase,train,tRNA_tdbR00000136-Homo_sapiens-9606-Gly-GCC
telomerase,train,tRNA_tdbR00000139-Mycoplasma_capricolum-2095-His-GUK
telomerase,train,tRNA_tdbR00000140-Escherichia_coli-562-His-QUG
telomerase,train,tRNA_tdbR00000142-Saccharomyces_cerevisiae-4932-His-GUG
telomerase,train,tRNA_tdbR00000143-Asterias_amurensis-7602-His-QUG
telomerase,train,tRNA_tdbR00000151-Haloferax_volcanii-2246-Ile-GAU
telomerase,train,tRNA_tdbR00000159-Escherichia_coli-562-Ile-GAU
telomerase,train,tRNA_tdbR00000164-Saccharomyces_cerevisiae-4932-Ile-GAU
telomerase,train,tRNA_tdbR00000165-Solanum_tuberosum-4113-Ile-AU
telomerase,train,tRNA_tdbR00000170-Saccharomyces_cerevisiae-4932-Ile-IAU
telomerase,train,tRNA_tdbR00000172-Lupinus_luteus-3873-Ile-IAU
telomerase,train,tRNA_tdbR00000175-Haloferax_volcanii-2246-Lys-NUU
telomerase,train,tRNA_tdbR00000176-Haloferax_volcanii-2246-Lys-MUU
telomerase,train,tRNA_tdbR00000177-Mycoplasma_capricolum-2095-Lys-CUU
telomerase,train,tRNA_tdbR00000179-Bacillus_subtilis-1423-Lys-UU
telomerase,train,tRNA_tdbR00000192-Saccharomyces_cerevisiae-4932-Lys-CUU
telomerase,train,tRNA_tdbR00000194-Triticum_aestivum-4565-Lys-CUU
telomerase,train,tRNA_tdbR00000196-Rattus_norvegicus-10116-Lys-CUN
telomerase,train,tRNA_tdbR00000197-Rattus_norvegicus-10116-Lys-3UU
telomerase,train,tRNA_tdbR00000199-Oryctolagus_cuniculus-9986-Lys-CUU
telomerase,train,tRNA_tdbR00000206-Loligo_bleekeri-6617-Lys-UUU
telomerase,train,tRNA_tdbR00000208-Mus_musculus-10090-Lys-CUN
telomerase,train,tRNA_tdbR00000209-Enterobacteria_phage_T4-10665-Leu-NAA
telomerase,train,tRNA_tdbR00000216-Mycoplasma_capricolum-2095-Leu-BAA
telomerase,train,tRNA_tdbR00000218-Mycoplasma_capricolum-2095-Leu-UAG
telomerase,train,tRNA_tdbR00000221-Escherichia_coli-562-Leu-CAG
telomerase,train,tRNA_tdbR00000222-Escherichia_coli-562-Leu-GAG
telomerase,train,tRNA_tdbR00000225-Synechococcus_elongatus_PCC_6301-269084-Leu-CAA
telomerase,train,tRNA_tdbR00000230-Glycine_max-3847-Leu-UA7
telomerase,train,tRNA_tdbR00000233-Phaseolus_vulgaris-3885-Leu-UA7
telomerase,train,tRNA_tdbR00000237-Saccharomyces_cerevisiae-4932-Leu-AA
telomerase,train,tRNA_tdbR00000243-Rattus_norvegicus-10116-Leu-UAG
telomerase,train,tRNA_tdbR00000244-Rattus_norvegicus-10116-Leu-UAG
telomerase,train,tRNA_tdbR00000245-Rattus_norvegicus-10116-Leu-UAG
telomerase,train,tRNA_tdbR00000254-Candida_cylindracea-44322-Leu-IAG
telomerase,train,tRNA_tdbR00000273-Mycoplasma_capricolum-2095-Met-CAU
telomerase,train,tRNA_tdbR00000277-Codium_fragile-3133-Met-CAU
telomerase,train,tRNA_tdbR00000278-Scenedesmus_obliquus-3088-Met-CAU
telomerase,train,tRNA_tdbR00000282-Ascaris_suum-6253-Met-AU
telomerase,train,tRNA_tdbR00000285-Triticum_aestivum-4565-Met-BAU
telomerase,train,tRNA_tdbR00000286-Lupinus_luteus-3873-Met-BAU
telomerase,train,tRNA_tdbR00000291-Halobacterium_salinarum-2242-Asn-GUU
telomerase,train,tRNA_tdbR00000300-Saccharomyces_cerevisiae-4932-Asn-GUU
telomerase,train,tRNA_tdbR00000301-Lupinus_luteus-3873-Asn-UU
telomerase,train,tRNA_tdbR00000309-Enterobacteria_phage_T4-10665-Pro-NGG
telomerase,train,tRNA_tdbR00000313-Haloferax_volcanii-2246-Pro-UGG
telomerase,train,tRNA_tdbR00000316-Bacillus_subtilis-1423-Pro-5GG
telomerase,train,tRNA_tdbR00000317-Salmonella_typhimurium-602-Pro-CGG
telomerase,train,tRNA_tdbR00000328-Enterobacteria_phage_T5-10726-Gln-UUG
telomerase,train,tRNA_tdbR00000333-Escherichia_coli-562-Gln-NUG
telomerase,train,tRNA_tdbR00000336-Aedes_albopictus-7160-Gln-NUG
telomerase,train,tRNA_tdbR00000338-Tetrahymena_thermophila-5911-Gln-JUA
telomerase,train,tRNA_tdbR00000342-Bos_taurus-9913-Gln-CUG
telomerase,train,tRNA_tdbR00000343-Mus_musculus-10090-Gln-CUG
telomerase,train,tRNA_tdbR00000346-Homo_sapiens-9606-Gln-NUG
telomerase,train,tRNA_tdbR00000347-Enterobacteria_phage_T4-10665-Arg-NCU
telomerase,train,tRNA_tdbR00000351-Haloferax_volcanii-2246-Arg-NCG
telomerase,train,tRNA_tdbR00000352-Mycoplasma_capricolum-2095-Arg-ICG
telomerase,train,tRNA_tdbR00000355-Escherichia_coli-562-Arg-ICG
telomerase,train,tRNA_tdbR00000356-Escherichia_coli-562-Arg-ICG
telomerase,train,tRNA_tdbR00000358-Escherichia_coli-562-Arg-CU
telomerase,train,tRNA_tdbR00000360-Codium_fragile-3133-Arg-ICG
telomerase,train,tRNA_tdbR00000363-Ascaris_suum-6253-Arg-PCU
telomerase,train,tRNA_tdbR00000368-Mesocricetus_auratus-10036-Arg-UCG
telomerase,train,tRNA_tdbR00000371-Saccharomyces_cerevisiae-4932-Arg-1CU
telomerase,train,tRNA_tdbR00000377-Mus_musculus-10090-Arg-ICG
telomerase,train,tRNA_tdbR00000393-Escherichia_coli-562-Ser-GGA
telomerase,train,tRNA_tdbR00000394-Escherichia_coli-562-Ser-VGA
telomerase,train,tRNA_tdbR00000396-Saccharomyces_cerevisiae-4932-Ser-UGA
telomerase,train,tRNA_tdbR00000397-Saccharomyces_cerevisiae-4932-Ser-UGA
telomerase,train,tRNA_tdbR00000400-Loligo_bleekeri-6617-Ser-7CU
telomerase,train,tRNA_tdbR00000406-Saccharomyces_cerevisiae-4932-Ser-NGA
telomerase,train,tRNA_tdbR00000407-Saccharomyces_cerevisiae-4932-Ser-IGA
telomerase,train,tRNA_tdbR00000415-Nicotiana_rustica-4093-Ser-GA
telomerase,train,tRNA_tdbR00000416-Nicotiana_rustica-4093-Ser-CGA
telomerase,train,tRNA_tdbR00000424-Drosophila_melanogaster-7227-Ser-GCU
telomerase,train,tRNA_tdbR00000430-Halobacterium_salinarum-2242-Thr-GGU
telomerase,train,tRNA_tdbR00000431-Haloferax_volcanii-2246-Thr-CGU
telomerase,train,tRNA_tdbR00000432-Haloferax_volcanii-2246-Thr-GGU
telomerase,train,tRNA_tdbR00000439-Spinacia_oleracea-3562-Thr-GGU
telomerase,train,tRNA_tdbR00000443-Saccharomyces_cerevisiae-4932-Thr-IGU
telomerase,train,tRNA_tdbR00000445-Bos_taurus-9913-Thr-IGU
telomerase,train,tRNA_tdbR00000446-Halobacterium_salinarum-2242-Val-CAC
telomerase,train,tRNA_tdbR00000448-Halobacterium_salinarum-2242-Val-GAC
telomerase,train,tRNA_tdbR00000451-Mycoplasma_capricolum-2095-Val-UAC
telomerase,train,tRNA_tdbR00000453-Bacillus_subtilis-1423-Val-5AC
telomerase,train,tRNA_tdbR00000455-Escherichia_coli-562-Val-GAC
telomerase,train,tRNA_tdbR00000461-Rattus_norvegicus-10116-Val-UAC
telomerase,train,tRNA_tdbR00000463-Bos_taurus-9913-Val-UAC
telomerase,train,tRNA_tdbR00000467-Pichia_jadinii-4903-Val-IAC
telomerase,train,tRNA_tdbR00000471-Oryctolagus_cuniculus-9986-Val-IAC
telomerase,train,tRNA_tdbR00000472-Drosophila_melanogaster-7227-Val-IAC
telomerase,train,tRNA_tdbR00000475-Mus_musculus-10090-Val-IAC
telomerase,train,tRNA_tdbR00000477-Avian_myeloblastosis_virus-11866-Trp-BCA
telomerase,train,tRNA_tdbR00000478-Haloferax_volcanii-2246-Trp-BCA
telomerase,train,tRNA_tdbR00000480-Mycoplasma_capricolum-2095-Trp-CA
telomerase,train,tRNA_tdbR00000482-Spiroplasma_citri-2133-Trp-CCA
telomerase,train,tRNA_tdbR00000485-Nicotiana_tabacum-4097-Trp-BCA
telomerase,train,tRNA_tdbR00000488-Tetrahymena_thermophila-5911-Trp-CA
telomerase,train,tRNA_tdbR00000500-Haloferax_volcanii-2246-Ini-CAU
telomerase,train,tRNA_tdbR00000504-Mycoplasma_capricolum-2095-Ini-CAU
telomerase,train,tRNA_tdbR00000505-Mycoplasma_mycoides-2102-Ini-CAU
telomerase,train,tRNA_tdbR00000506-Streptomyces_griseus-1911-Ini-CAU
telomerase,train,tRNA_tdbR00000507-Bacillus_subtilis-1423-Ini-CAU
telomerase,train,tRNA_tdbR00000510-Escherichia_coli-562-Ini-CAU
telomerase,train,tRNA_tdbR00000514-Scenedesmus_obliquus-3088-Ini-CAU
telomerase,train,tRNA_tdbR00000519-Phaseolus_vulgaris-3885-Ini-CAU
telomerase,train,tRNA_tdbR00000522-Bos_taurus-9913-Ini-AU
telomerase,train,tRNA_tdbR00000523-Tetrahymena_thermophila-5911-Ini-CAU
telomerase,train,tRNA_tdbR00000529-Triticum_aestivum-4565-Ini-CAU
telomerase,train,tRNA_tdbR00000532-Oryctolagus_cuniculus-9986-Ini-CAU
telomerase,train,tRNA_tdbR00000533-Drosophila_melanogaster-7227-Ini-CAU
telomerase,train,tRNA_tdbR00000534-Euphausia_superba-6819-Ini-CAU
telomerase,train,tRNA_tdbR00000535-Xenopus_laevis-8355-Ini-CAU
telomerase,train,tRNA_tdbR00000539-Ovis_aries-9940-Ini-CAU
telomerase,train,tRNA_tdbR00000545-Escherichia_coli-562-Tyr-QUA
telomerase,train,tRNA_tdbR00000546-Escherichia_coli-562-Tyr-QUA
telomerase,train,tRNA_tdbR00000556-Schizosaccharomyces_pombe-4896-Tyr-GPA
telomerase,train,tRNA_tdbR00000559-Triticum_aestivum-4565-Tyr-GPA
telomerase,train,tRNA_tdbR00000560-Lupinus_luteus-3873-Tyr-GPA
telomerase,train,tRNA_tdbR00000565-Bos_taurus-9913-Tyr-9PA
telomerase,train,tRNA_tdbR00000572-Leishmania_tarentolae-5689-Lys-1UU
telomerase,train,tRNA_tdbR00000575-Leishmania_tarentolae-5689-Thr-CGU
telomerase,train,tRNA_tdbR00000578-Leishmania_tarentolae-5689-Glu-3UC
telomerase,train,tRNA_tdbR00000584-Aeropyrum_pernix-56636-Pro-GGG
telomerase,train,tRNA_tdbR00000590-Ascaris_suum-6253-Glu-UC
telomerase,train,tRNA_tdbR00000593-Ascaris_suum-6253-Trp-CA
telomerase,train,tRNA_tdbR00000611-Sinorhizobium_meliloti-382-His-GUG
telomerase,train,tRNA_tdbR00000617-Nanoarchaeum_equitans-160232-Gln-UUG
telomerase,train,tRNA_tdbR00000618-Candida_albicans-5476-Leu-CAG
telomerase,train,tmRNA_Acin.spec._CR543861_1-360
telomerase,train,tmRNA_Acti.acti._TRW-272556_1-366
telomerase,train,tmRNA_Acti.naes._TRW-240017_1-371
telomerase,train,tmRNA_Acti.succ._TRW-339671_1-367
telomerase,train,tmRNA_Aero.hydr._AY442269_1-360
telomerase,train,tmRNA_Aero.hydr._CP000462_1-360
telomerase,train,tmRNA_Anab.vari._CP000117_1-390
telomerase,train,tmRNA_Aqui.aeol._TRW-63363_1-347
telomerase,train,tmRNA_Azoa.spec._TRW-62928_1-378
telomerase,train,tmRNA_Baci.anth._AE016879_1-355
telomerase,train,tmRNA_Baci.halo._BA000004_1-361
telomerase,train,tmRNA_Baci.thur._AE017355_1-355
telomerase,train,tmRNA_Bact.frag._TRW-817_1-398
telomerase,train,tmRNA_Bdel.bact._BX842656_1-346
telomerase,train,tmRNA_Bord.bron._TRW-257310_1-387
telomerase,train,tmRNA_Bord.para._TRW-257311_1-387
telomerase,train,tmRNA_Borr.burg._AE001118_1-359
telomerase,train,tmRNA_Buch.aphi._AE013218_1-376
telomerase,train,tmRNA_Buch.aphi._BD061520_1-369
telomerase,train,tmRNA_Burk.ceno._CP000378_1-370
telomerase,train,tmRNA_Burk.spec._CP000151_1-370
telomerase,train,tmRNA_Burk.viet._TRW-269482_1-370
telomerase,train,tmRNA_Camp.fetu._AY211269_1-361
telomerase,train,tmRNA_Camp.lari._TRW-306263_1-359
telomerase,train,tmRNA_Carn.malt._AF275938_1-366
telomerase,train,tmRNA_Chla.cavi._AE015925_1-425
telomerase,train,tmRNA_Chla.muri._AE002296_1-418
telomerase,train,tmRNA_Chla.pneu._TRW-83558_1-426
telomerase,train,tmRNA_Chla.trac._TRW-272561_1-420
telomerase,train,tmRNA_Chlo.chlo._CP000108_1-401
telomerase,train,tmRNA_Clos.acet._AE001437_1-359
telomerase,train,tmRNA_Clos.botu._TRW-36826_1-355
telomerase,train,tmRNA_Clos.diff._AM180355_1-350
telomerase,train,tmRNA_Clos.diff._TRW-367459_1-350
telomerase,train,tmRNA_Clos.ther._TRW-203119_1-387
telomerase,train,tmRNA_Croc.wats._TRW-165597_1-386
telomerase,train,tmRNA_Desu.psyc._CR522870_1-366
telomerase,train,tmRNA_Dich.nodo._TRW-35819_1-352
telomerase,train,tmRNA_Emil.huxl._TRW-280463_1-291
telomerase,train,tmRNA_Ente.faec._BD193796_1-367
telomerase,train,tmRNA_Ente.faec._TRW-1352_1-367
telomerase,train,tmRNA_Erwi.caro._BX950851_1-363
telomerase,train,tmRNA_Esch.coli._AE005491_1-363
telomerase,train,tmRNA_Esch.coli._AP009048_1-363
telomerase,train,tmRNA_Esch.coli._BA000007_1-363
telomerase,train,tmRNA_Esch.coli._CP000247_1-363
telomerase,train,tmRNA_Esch.coli._D90888_1-363
telomerase,train,tmRNA_Exig.sibi._TRW-262543_1-359
telomerase,train,tmRNA_Fibr.succ._TRW-59374_1-361
telomerase,train,tmRNA_Fran.tula._AM233362_1-421
telomerase,train,tmRNA_Fran.tula._AM286280_1-421
telomerase,train,tmRNA_Fran.tula._CP000437_1-421
telomerase,train,tmRNA_Fuso.nucl._AE010567_1-341
telomerase,train,tmRNA_Fuso.nucl._TRW-209882_1-344
telomerase,train,tmRNA_Gemm.obsc._TRW-214688_1-412
telomerase,train,tmRNA_Geob.meta._CP000148_1-356
telomerase,train,tmRNA_Geob.stea._TRW-1422_1-352
telomerase,train,tmRNA_Guil.thet._AF041468_1-327
telomerase,train,tmRNA_Haem.ducr._AE017143_1-367
telomerase,train,tmRNA_Haem.infl._AY599475_1-366
telomerase,train,tmRNA_Haem.infl._L42023_1-366
telomerase,train,tmRNA_Haem.infl._TRW-262727_1-366
telomerase,train,tmRNA_Haem.infl._TRW-262728_1-366
telomerase,train,tmRNA_Haem.infl._U32808_1-366
telomerase,train,tmRNA_Heli.must._DQ250625_1-366
telomerase,train,tmRNA_Heli.pylo._AE000511_1-386
telomerase,train,tmRNA_Heli.pylo._AE001503_1-383
telomerase,train,tmRNA_Heli.pylo._TRW-85962_1-386
telomerase,train,tmRNA_Heli.pylo._TRW-85963_1-386
telomerase,train,tmRNA_Kleb.pneu._TRW-272620_1-363
telomerase,train,tmRNA_Lact.lact._AE006373_1-359
telomerase,train,tmRNA_Lact.lact._AF176556_1-359
telomerase,train,tmRNA_Lact.plan._AL935259_1-372
telomerase,train,tmRNA_Leif.xyli._AE016822_1-394
telomerase,train,tmRNA_Lept.inte._AE016823_1-350
telomerase,train,tmRNA_Lept.spec._TRW-261385_1-359
telomerase,train,tmRNA_Lept.spec._TRW-261386_1-359
telomerase,train,tmRNA_Leuc.mese._CP000414_1-358
telomerase,train,tmRNA_Leuc.mese._TRW-1245_1-358
telomerase,train,tmRNA_List.gray._AF440336_1-321
telomerase,train,tmRNA_List.mono._TRW-1639-1_1-370
telomerase,train,tmRNA_List.wels._AF440351_1-321
telomerase,train,tmRNA_Mann.haem._TRW-272629_1-367
telomerase,train,tmRNA_Mann.succ._AE016827_1-367
telomerase,train,tmRNA_Myco.Bxz1._AY129337_1-437
telomerase,train,tmRNA_Myco.afri._TRW-33894_1-368
telomerase,train,tmRNA_Myco.bovi._TRW-1765_1-368
telomerase,train,tmRNA_Myco.capr._D13067_1-411
telomerase,train,tmRNA_Myco.hyop._TRW-262719_1-433
telomerase,train,tmRNA_Myco.pulm._AL445565_1-387
telomerase,train,tmRNA_Myco.smeg._CP000480_1-369
telomerase,train,tmRNA_Myco.tube._TRW-164513_1-368
telomerase,train,tmRNA_Myxo.xant._TRW-34_1-366
telomerase,train,tmRNA_Neis.gono._TRW-242231_1-363
telomerase,train,tmRNA_Neis.meni._TRW-272831_1-363
telomerase,train,tmRNA_Nitr.mult._CP000103_1-362
telomerase,train,tmRNA_Nost.punc._TRW-63737_1-390
telomerase,train,tmRNA_Nost.spec._BA000019_1-390
telomerase,train,tmRNA_Odon.sine._TRW-2839_1-371
telomerase,train,tmRNA_Oeno.oeni._TRW-203123_1-350
telomerase,train,tmRNA_Onio.yell._AP006628_1-423
telomerase,train,tmRNA_Para.symb._BX908798_1-405
telomerase,train,tmRNA_Pedi.pent._CP000422_1-369
telomerase,train,tmRNA_Phot.lumi._BX571870_1-364
telomerase,train,tmRNA_Pola.spec._CP000316_1-387
telomerase,train,tmRNA_Porp.ging._TRW-242619_1-407
telomerase,train,tmRNA_Porp.purp._TRW-2787_1-323
telomerase,train,tmRNA_Prop.acne._AE017283_1-371
telomerase,train,tmRNA_Prop.acne._TRW-1747-1_1-371
telomerase,train,tmRNA_Pseu.aeru._CP000438_1-353
telomerase,train,tmRNA_Pseu.ento._CT573326_1-392
telomerase,train,tmRNA_Pseu.fluo._CP000076_1-394
telomerase,train,tmRNA_Pseu.fluo._TRW-216595_1-397
telomerase,train,tmRNA_Pseu.syri._AE016853_1-388
telomerase,train,tmRNA_Rals.sola._AL646052_1-360
telomerase,train,tmRNA_Rubr.gela._TRW-279263_1-372
telomerase,train,tmRNA_Rubr.xyla._CP000386_1-360
telomerase,train,tmRNA_Rumi.albu._TRW-246199_1-354
telomerase,train,tmRNA_Sali.rube._CP000159_1-369
telomerase,train,tmRNA_Salm.bong._TRW-218493_1-363
telomerase,train,tmRNA_Salm.ente._AE014613_1-363
telomerase,train,tmRNA_Salm.ente._TRW-59204_1-363
telomerase,train,tmRNA_Salm.typh._AY319520_1-363
telomerase,train,tmRNA_Shew.putr._TRW-319224_1-356
telomerase,train,tmRNA_Shew.spec._CP000444_1-355
telomerase,train,tmRNA_Shew.spec._CP000446_1-355
telomerase,train,tmRNA_Shew.spec._CP000469_1-355
telomerase,train,tmRNA_Shig.dyse._CP000034_1-363
telomerase,train,tmRNA_Shig.flex._AE014073_1-363
telomerase,train,tmRNA_Soda.glos._AP008232_1-384
telomerase,train,tmRNA_Stap.aure._AC074317_1-359
telomerase,train,tmRNA_Stap.aure._BA000017_1-362
telomerase,train,tmRNA_Stap.aure._BX571857_1-362
telomerase,train,tmRNA_Stap.aure._TRW-1280_1-362
telomerase,train,tmRNA_Stap.epid._TRW-1282-2_1-362
telomerase,train,tmRNA_Stre.agal._AE014233_1-350
telomerase,train,tmRNA_Stre.aure._AY616521_1-382
telomerase,train,tmRNA_Stre.aver._BA000030_1-389
telomerase,train,tmRNA_Stre.scab._TRW-1883_1-402
telomerase,train,tmRNA_Sulf.azor._TRW-204536_1-351
telomerase,train,tmRNA_Syne.spec._D90916_1-396
telomerase,train,tmRNA_Synt.acid._CP000252_1-356
telomerase,train,tmRNA_Thal.pseu._EF067921_1-344
telomerase,train,tmRNA_Thal.weis._AF049491_1-348
telomerase,train,tmRNA_Trep.dent._AE017226_1-351
telomerase,train,tmRNA_Tric.eryt._CP000393_1-398
telomerase,train,tmRNA_Trop.whip._BX251411_1-369
telomerase,train,tmRNA_Urea.parv._AE002154_1-413
telomerase,train,tmRNA_Xant.axon._AE011783_1-397
telomerase,train,tmRNA_Xyle.fast._AE003849_1-355
telomerase,train,tmRNA_Xyle.fast._AE004078_1-355
telomerase,train,tmRNA_Xyle.fast._TRW-155920_1-355
telomerase,train,tmRNA_Yers.ente._TRW-34054_1-381
telomerase,train,tmRNA_Yers.inte._TRW-349965_1-381
telomerase,train,tmRNA_Yers.pest._CP000305_1-364
telomerase,train,tmRNA_envi.sequ._TRW-259292_1-355
telomerase,train,tmRNA_envi.sequ._TRW-32045-1_1-355
telomerase,train,tmRNA_envi.sequ._TRW-32045-2_1-345
telomerase,train,tmRNA_uncu.bact._TRW-32033-1_1-354
telomerase,train,tmRNA_uncu.bact._TRW-32045-4_1-369
telomerase,valid,16s_B.burgdorferi_domain4
telomerase,valid,16s_B.subtilis_domain4
telomerase,valid,16s_C.elegans_domain4
telomerase,valid,16s_C.reinhardtii.chloro_domain1
telomerase,valid,16s_C.reinhardtii.chloro_domain3
telomerase,valid,16s_C.reinhardtii.mito_domain1
telomerase,valid,16s_C.reinhardtii.mito_domain2
telomerase,valid,16s_H.sapiens.mito_domain3
telomerase,valid,16s_H.volcanii_domain1
telomerase,valid,16s_P.occultum_domain4
telomerase,valid,16s_S.cerevisiae_domain3
telomerase,valid,16s_T.gondii_domain3
telomerase,valid,16s_T.maritima_domain3
telomerase,valid,23s_B.subtilis_domain3
telomerase,valid,23s_B.subtilis_domain6
telomerase,valid,23s_T.thermophilus_domain6
telomerase,valid,5s_Acanthamoeba-castellanii-2
telomerase,valid,5s_Acinetospora-crinita-1
telomerase,valid,5s_Agrobacterium-tumefaciens-6
telomerase,valid,5s_Asterina-pectinifera-1
telomerase,valid,5s_Auricularia-auricula-judae-1
telomerase,valid,5s_Azotobacter-vinelandii-1
telomerase,valid,5s_Bacillus-anthracis-10
telomerase,valid,5s_Bacillus-thuringiensis-1
telomerase,valid,5s_Bifidobacterium-longum-3
telomerase,valid,5s_Brevibacillus-brevis-1
telomerase,valid,5s_Caenorhabditis-briggsae-1
telomerase,valid,5s_Cryptococcus-humicola-1
telomerase,valid,5s_Dipsacomyces-acuminosporus-1
telomerase,valid,5s_Dugesia-japonica-1
telomerase,valid,5s_E_glandulE
telomerase,valid,5s_Eisenia-bicyclis-1
telomerase,valid,5s_Emericella-nidulans-3
telomerase,valid,5s_Emericella-nidulans-8
telomerase,valid,5s_Empedobacter-brevis-1
telomerase,valid,5s_Escherichia-coli-6
telomerase,valid,5s_Fusarium-lunulosporum-3
telomerase,valid,5s_Fusobacterium-nucleatum-4
telomerase,valid,5s_Grimontia-hollisae-1
telomerase,valid,5s_Hyphomonas-oligotropha-1
telomerase,valid,5s_Illex-illecebrosus-1
telomerase,valid,5s_Kluyveromyces-delphensis-1
telomerase,valid,5s_Lentinula-edodes-2
telomerase,valid,5s_Mycoplasma-genitalium-1
telomerase,valid,5s_Mycoplasma-penetrans-1
telomerase,valid,5s_Paracentrotus-lividus-2
telomerase,valid,5s_Pirellula-sp.-1
telomerase,valid,5s_Pseudomonas-fluorescens-2
telomerase,valid,5s_Pseudomonas-fluorescens-4
telomerase,valid,5s_Puccinia-poarum-1
telomerase,valid,5s_Pyrococcus-woesei-1
telomerase,valid,5s_Staphylococcus-aureus-1
telomerase,valid,5s_Streptomyces-roseoverticillatus-1
telomerase,valid,5s_Ureaplasma-parvum-1
telomerase,valid,5s_Urechis-unicinctus-1
telomerase,valid,5s_Vitreoscilla-filiformis-1
telomerase,valid,RNaseP_A.ferrooxidans-g
telomerase,valid,RNaseP_B.brevis
telomerase,valid,RNaseP_Buchnera-APS
telomerase,valid,RNaseP_C.tepidum-g
telomerase,valid,RNaseP_CPA54
telomerase,valid,RNaseP_ESH26-4
telomerase,valid,RNaseP_Fischerella-UTEX1829
telomerase,valid,RNaseP_H.aurantiacus
telomerase,valid,RNaseP_H.influenza
telomerase,valid,RNaseP_M.hyopneumoniae
telomerase,valid,RNaseP_M.pneumoniae
telomerase,valid,RNaseP_M.tuberculosis
telomerase,valid,RNaseP_M.vannielli
telomerase,valid,RNaseP_N.gonnorhoeae
telomerase,valid,RNaseP_N.meningitidis-Z2491
telomerase,valid,RNaseP_Onchorhynchus-2
telomerase,valid,RNaseP_Onchorhynchus-sp-2
telomerase,valid,RNaseP_P.azotoformans
telomerase,valid,RNaseP_P.furiosus-2
telomerase,valid,RNaseP_P.marinus
telomerase,valid,RNaseP_P.putida
telomerase,valid,RNaseP_P.strasburgensis
telomerase,valid,RNaseP_P131
telomerase,valid,RNaseP_Prochlorococcus-PAC1A
telomerase,valid,RNaseP_Prochlorococcus-PCC9511
telomerase,valid,RNaseP_Prochlorococcus-TATL2-2
telomerase,valid,RNaseP_R.americana-mito
telomerase,valid,RNaseP_R.norvegicus
telomerase,valid,RNaseP_S.caesia-K200
telomerase,valid,RNaseP_S.carlsbergensis
telomerase,valid,RNaseP_S.diastaticus
telomerase,valid,RNaseP_S.mutans
telomerase,valid,RNaseP_S.uvarum
telomerase,valid,RNaseP_SM-A1113
telomerase,valid,RNaseP_SM-A1519
telomerase,valid,RNaseP_SM-A2642
telomerase,valid,RNaseP_T.maritima-g
telomerase,valid,RNaseP_T.syrichta
telomerase,valid,RNaseP_T.thermophilus
telomerase,valid,RNaseP_Y.pestis
telomerase,valid,grp1_a.I1.b.Dermocarpa.sp.ATCC29371.C3.tMET
telomerase,valid,grp1_a.I1.b.Phormidium.sp.N182.C3.tLEU
telomerase,valid,grp1_a.I1.b.Synechococcus.sp2.C3.tLEU
telomerase,valid,grp1_a.I1.e.A.capsulatus.G186B.C1.SSU
telomerase,valid,grp1_a.I1.e.B.yamatoana.JCM2896.C1.SSU.1506
telomerase,valid,grp1_a.I1.e.C.ellipsoidea.IAMC-87.C1.SSU.1506
telomerase,valid,grp1_a.I1.e.C.merochlorophea.UNK.SSU.1389
telomerase,valid,grp1_a.I1.e.G.planctonica.C1.SSU.943
telomerase,valid,grp1_a.I1.e.G.spirotaenia.C1.SSU.1506
telomerase,valid,grp1_a.I1.e.L.dispersa.UNK.SSU.114
telomerase,valid,grp1_a.I1.e.P.macrosporus.C1.SSU.943
telomerase,valid,grp1_a.I1.e.S.paniceum.UNK.SSU.287
telomerase,valid,grp1_a.I1.e.Staurastrum.sp.M752.C1.SSU.1506
telomerase,valid,grp1_a.I1.m.S.luteus.A1.LSU.2504
telomerase,valid,grp1_a.I1.m.S.pombe.B1.OX1
telomerase,valid,srp_Arab.thal._AC005275
telomerase,valid,srp_Baci.cere._CP000001
telomerase,valid,srp_Baci.thur._CP000485
telomerase,valid,srp_Bos.taur._GSP-6282
telomerase,valid,srp_Burk.mall._CP000546
telomerase,valid,srp_Burk.pseu._CP000124
telomerase,valid,srp_Caen.eleg._AY948607
telomerase,valid,srp_Chlo.vulg._AB001684
telomerase,valid,srp_Cion.savi._BW551179
telomerase,valid,srp_Clos.beij._CP000721
telomerase,valid,srp_Clos.perf._CP000246
telomerase,valid,srp_Cypr.carp._CF662133
telomerase,valid,srp_Desu.vulg._CP000527
telomerase,valid,srp_Esch.coli._CP000468
telomerase,valid,srp_Fran.tula._AJ749949
telomerase,valid,srp_Fran.tula._CP000439
telomerase,valid,srp_Heli.pylo._AE001439
telomerase,valid,srp_Homo.sapi._NR_002715
telomerase,valid,srp_Lact.delb._CR954253
telomerase,valid,srp_Leis.dono._AY722734
telomerase,valid,srp_Leis.infa._AM502223
telomerase,valid,srp_List.wels._AM263198
telomerase,valid,srp_Medi.trun._BE941271
telomerase,valid,srp_Meth.acet._AE010299
telomerase,valid,srp_Meth.maze._AE008384
telomerase,valid,srp_Mono.brev._GSP-81824
telomerase,valid,srp_Myco.lepr._AL023596
telomerase,valid,srp_Myco.myco._BX842642
telomerase,valid,srp_Myco.spec._CP000580
telomerase,valid,srp_Picr.torr._AE017261
telomerase,valid,srp_Plas.gall._GSP-5849
telomerase,valid,srp_Proc.mari._AE017165
telomerase,valid,srp_Psyc.arct._CP000082
telomerase,valid,srp_Stap.epid._AF269814
telomerase,valid,srp_Stre.pneu._AE007319
telomerase,valid,srp_Stre.pneu._CP000410
telomerase,valid,srp_Stre.pyog._CP000261
telomerase,valid,srp_Ther.koda._AP006878
telomerase,valid,srp_Toxo.gond._GSP-398031
telomerase,valid,srp_Yers.pest._CP000305
telomerase,valid,tRNA_tdbR00000010-Escherichia_coli-562-Ala-VGC
telomerase,valid,tRNA_tdbR00000013-Pichia_jadinii-4903-Ala-IGC
telomerase,valid,tRNA_tdbR00000053-Bos_taurus-9913-Glu-NUC
telomerase,valid,tRNA_tdbR00000078-Ascaris_suum-6253-Phe-GAA
telomerase,valid,tRNA_tdbR00000092-Oryctolagus_cuniculus-9986-Phe-AA
telomerase,valid,tRNA_tdbR00000132-Lupinus_luteus-3873-Gly-GCC
telomerase,valid,tRNA_tdbR00000155-Mycoplasma_mycoides-2102-Ile-GAU
telomerase,valid,tRNA_tdbR00000184-Asterias_amurensis-7602-Lys-CUU
telomerase,valid,tRNA_tdbR00000211-Haloferax_volcanii-2246-Leu-CAA
telomerase,valid,tRNA_tdbR00000228-Glycine_max-3847-Leu-BAA
telomerase,valid,tRNA_tdbR00000234-Spinacia_oleracea-3562-Leu-UA7
telomerase,valid,tRNA_tdbR00000236-Neurospora_crassa-5141-Leu-UAG
telomerase,valid,tRNA_tdbR00000252-Pichia_jadinii-4903-Leu-BAA
telomerase,valid,tRNA_tdbR00000270-Avian_myeloblastosis_virus-11866-Met-BAU
telomerase,valid,tRNA_tdbR00000294-Mycoplasma_capricolum-2095-Asn-GUU
telomerase,valid,tRNA_tdbR00000337-Tetrahymena_thermophila-5911-Gln-CUA
telomerase,valid,tRNA_tdbR00000364-Ascaris_suum-6253-Arg-ACG
telomerase,valid,tRNA_tdbR00000365-Aedes_albopictus-7160-Arg-UCG
telomerase,valid,tRNA_tdbR00000375-Bos_taurus-9913-Arg-CCU
telomerase,valid,tRNA_tdbR00000376-Bos_taurus-9913-Arg-3CP
telomerase,valid,tRNA_tdbR00000380-Halobacterium_salinarum-2242-Ser-MGA
telomerase,valid,tRNA_tdbR00000383-Haloferax_volcanii-2246-Ser-GGA
telomerase,valid,tRNA_tdbR00000386-Mycoplasma_mycoides-2102-Ser-UGA
telomerase,valid,tRNA_tdbR00000403-Bos_taurus-9913-Ser-UGA
telomerase,valid,tRNA_tdbR00000408-Saccharomyces_cerevisiae-4932-Ser-IGA
telomerase,valid,tRNA_tdbR00000413-Candida_cylindracea-44322-Ser-GCU
telomerase,valid,tRNA_tdbR00000459-Neurospora_crassa-5141-Val-UAC
telomerase,valid,tRNA_tdbR00000465-Saccharomyces_cerevisiae-4932-Val-CAC
telomerase,valid,tRNA_tdbR00000486-Phaseolus_vulgaris-3885-Trp-BCA
telomerase,valid,tRNA_tdbR00000492-Rattus_norvegicus-10116-Trp-NCA
telomerase,valid,tRNA_tdbR00000497-Bos_taurus-9913-Trp-BCA
telomerase,valid,tRNA_tdbR00000498-Gallus_gallus-9031-Trp-BCA
telomerase,valid,tRNA_tdbR00000499-Halobacterium_salinarum-2242-Ini-CAU
telomerase,valid,tRNA_tdbR00000512-Mycobacterium_smegmatis-1772-Ini-CAU
telomerase,valid,tRNA_tdbR00000548-Scenedesmus_obliquus-3088-Tyr-GUA
telomerase,valid,tRNA_tdbR00000581-Aeropyrum_pernix-56636-Lys-CUU
telomerase,valid,tRNA_tdbR00000587-Aeropyrum_pernix-56636-Met-CAU
telomerase,valid,tRNA_tdbR00000605-Lupinus_luteus-3873-Leu-CAG
telomerase,valid,tRNA_tdbR00000613-Nanoarchaeum_equitans-160232-Glu-CUC
telomerase,valid,tRNA_tdbR00000616-Nanoarchaeum_equitans-160232-Lys-CUU
telomerase,valid,tmRNA_Arth.spec._CP000454_1-369
telomerase,valid,tmRNA_Baci.G._TRW-12333_1-312
telomerase,valid,tmRNA_Bact.frag._CR626927_1-398
telomerase,valid,tmRNA_Burk.mall._CP000010_1-370
telomerase,valid,tmRNA_Camp.coli._TRW-306254_1-359
telomerase,valid,tmRNA_Camp.upsa._TRW-306264_1-359
telomerase,valid,tmRNA_Chla.abor._CR848038_1-425
telomerase,valid,tmRNA_Chla.trac._TRW-813-1_1-420
telomerase,valid,tmRNA_Clav.mich._TRW-31964_1-376
telomerase,valid,tmRNA_Copr.prot._TRW-351627_1-353
telomerase,valid,tmRNA_Cyan.mero._AY286123_1-236
telomerase,valid,tmRNA_Esch.coli._U36840_1-363
telomerase,valid,tmRNA_Heli.hepa._AE017125_1-369
telomerase,valid,tmRNA_Lact.john._TRW-257314_1-367
telomerase,valid,tmRNA_Leuc.mese._AF375574_1-307
telomerase,valid,tmRNA_Meso.flor._AE017263_1-408
telomerase,valid,tmRNA_Meth.flag._CP000284_1-361
telomerase,valid,tmRNA_Moor.ther._CP000232_1-358
telomerase,valid,tmRNA_Mora.cata._AX067460_1-359
telomerase,valid,tmRNA_Myco.aviu._AE016958_1-368
telomerase,valid,tmRNA_Myco.myco._BX842642_1-411
telomerase,valid,tmRNA_Nitr.euro._BX321865_1-360
telomerase,valid,tmRNA_Noca.farc._AP006618_1-368
telomerase,valid,tmRNA_Phot.prof._CR378665_1-368
telomerase,valid,tmRNA_Pseu.aeru._AE004091_1-353
telomerase,valid,tmRNA_Salm.ente._AE017220_1-363
telomerase,valid,tmRNA_Salm.typh._AY316313_1-363
telomerase,valid,tmRNA_Serr.marc._TRW-273526_1-364
telomerase,valid,tmRNA_Shew.onei._AX048560_1-355
telomerase,valid,tmRNA_Shew.spec._TRW-323850_1-356
telomerase,valid,tmRNA_Shig.sonn._CP000038_1-363
telomerase,valid,tmRNA_Sten.malt._TRW-40324_1-354
telomerase,valid,tmRNA_Stre.equi._TRW-1336_1-349
telomerase,valid,tmRNA_Stre.pneu._AE008453_1-348
telomerase,valid,tmRNA_Stre.sobr._TRW-246202_1-349
telomerase,valid,tmRNA_Ther.fusc._CP000088_1-372
telomerase,valid,tmRNA_Ther.mari._TRW-243274-1_1-356
telomerase,valid,tmRNA_Ther.teng._AE013063_1-351
telomerase,valid,tmRNA_Trep.pall._TRW-243276_1-354
telomerase,valid,tmRNA_envi.sequ._TRW-204433_1-356
tmRNA,test,tmRNA_Acid.caps._TRW-240015_1-352
tmRNA,test,tmRNA_Acid.ferr._TRW-133824_1-364
tmRNA,test,tmRNA_Acid.ferr._TRW-243159_1-364
tmRNA,test,tmRNA_Acid.ferr._TRW-920_1-341
tmRNA,test,tmRNA_Acin.spec._CR543861_1-360
tmRNA,test,tmRNA_Acti.acti._TRW-272556_1-366
tmRNA,test,tmRNA_Acti.naes._TRW-240017_1-371
tmRNA,test,tmRNA_Acti.pleu._TRW-228399_1-366
tmRNA,test,tmRNA_Acti.pleu._TRW-44294_1-366
tmRNA,test,tmRNA_Acti.succ._TRW-339671_1-367
tmRNA,test,tmRNA_Aero.hydr._AY442269_1-360
tmRNA,test,tmRNA_Aero.hydr._CP000462_1-360
tmRNA,test,tmRNA_Alka.meta._TRW-293826_1-355
tmRNA,test,tmRNA_Anab.vari._CP000117_1-390
tmRNA,test,tmRNA_Aqui.aeol._AE000749_1-344
tmRNA,test,tmRNA_Aqui.aeol._TRW-63363_1-347
tmRNA,test,tmRNA_Arth.spec._CP000454_1-369
tmRNA,test,tmRNA_Aste.yell._CP000061_1-426
tmRNA,test,tmRNA_Aste.yell._TRW-322098_1-426
tmRNA,test,tmRNA_Azoa.spec._TRW-62928_1-378
tmRNA,test,tmRNA_Azot.vine._TRW-354_1-352
tmRNA,test,tmRNA_Baci.G._TRW-12333_1-312
tmRNA,test,tmRNA_Baci.anth._AE016879_1-355
tmRNA,test,tmRNA_Baci.cere._AE017194_1-355
tmRNA,test,tmRNA_Baci.cere._TRW-226900_1-355
tmRNA,test,tmRNA_Baci.cere._TRW-288681_1-355
tmRNA,test,tmRNA_Baci.clau._AP006627_1-355
tmRNA,test,tmRNA_Baci.halo._BA000004_1-361
tmRNA,test,tmRNA_Baci.lich._CP000002_1-356
tmRNA,test,tmRNA_Baci.subt._TRW-1423_1-363
tmRNA,test,tmRNA_Baci.subt._Z99121_1-360
tmRNA,test,tmRNA_Baci.thur._AE017355_1-355
tmRNA,test,tmRNA_Bact.frag._CR626927_1-398
tmRNA,test,tmRNA_Bact.frag._TRW-817_1-398
tmRNA,test,tmRNA_Bact.mari._TRW-97084_1-385
tmRNA,test,tmRNA_Bact.thet._AE015928_1-397
tmRNA,test,tmRNA_Bdel.bact._BX842656_1-346
tmRNA,test,tmRNA_Bifi.long._TRW-205913_1-397
tmRNA,test,tmRNA_Bifi.long._TRW-206672_1-397
tmRNA,test,tmRNA_Bloc.flor._BX248583_1-393
tmRNA,test,tmRNA_Bloc.penn._CP000016_1-392
tmRNA,test,tmRNA_Bord.aviu._AM167904_1-406
tmRNA,test,tmRNA_Bord.bron._TRW-257310_1-387
tmRNA,test,tmRNA_Bord.para._TRW-257311_1-387
tmRNA,test,tmRNA_Bord.pert._TRW-257313_1-387
tmRNA,test,tmRNA_Borr.burg._AE001118_1-359
tmRNA,test,tmRNA_Borr.burg._TRW-224326_1-362
tmRNA,test,tmRNA_Borr.gari._CP000013_1-363
tmRNA,test,tmRNA_Brev.line._TRW-321955_1-377
tmRNA,test,tmRNA_Buch.aphi._AE013218_1-376
tmRNA,test,tmRNA_Buch.aphi._AE016826_1-367
tmRNA,test,tmRNA_Buch.aphi._BD061520_1-369
tmRNA,test,tmRNA_Burk.ceno._CP000378_1-370
tmRNA,test,tmRNA_Burk.ceno._TRW-216591_1-370
tmRNA,test,tmRNA_Burk.fung._TRW-266265_1-370
tmRNA,test,tmRNA_Burk.mall._CP000010_1-370
tmRNA,test,tmRNA_Burk.pseu._TRW-28450_1-370
tmRNA,test,tmRNA_Burk.spec._CP000151_1-370
tmRNA,test,tmRNA_Burk.thai._CP000086_1-370
tmRNA,test,tmRNA_Burk.viet._TRW-269482_1-370
tmRNA,test,tmRNA_Burk.xeno._CP000270_1-370
tmRNA,test,tmRNA_Cald.sacc._TRW-351627_1-368
tmRNA,test,tmRNA_Camp.coli._AL111168_1-359
tmRNA,test,tmRNA_Camp.coli._TRW-306254_1-359
tmRNA,test,tmRNA_Camp.fetu._AY211269_1-361
tmRNA,test,tmRNA_Camp.jeju._AL139078_1-356
tmRNA,test,tmRNA_Camp.jeju._AX048472_1-359
tmRNA,test,tmRNA_Camp.jeju._CP000025_1-359
tmRNA,test,tmRNA_Camp.lari._TRW-306263_1-359
tmRNA,test,tmRNA_Camp.upsa._TRW-306264_1-359
tmRNA,test,tmRNA_Carb.hydr._CP000141_1-359
tmRNA,test,tmRNA_Carn.malt._AF275938_1-366
tmRNA,test,tmRNA_Chla.abor._CR848038_1-425
tmRNA,test,tmRNA_Chla.cavi._AE015925_1-425
tmRNA,test,tmRNA_Chla.muri._AE002296_1-418
tmRNA,test,tmRNA_Chla.muri._TRW-83560_1-421
tmRNA,test,tmRNA_Chla.pneu._AE002224_1-423
tmRNA,test,tmRNA_Chla.pneu._TRW-83558_1-426
tmRNA,test,tmRNA_Chla.trac._AE001276_1-417
tmRNA,test,tmRNA_Chla.trac._TRW-272561_1-420
tmRNA,test,tmRNA_Chla.trac._TRW-813-1_1-420
tmRNA,test,tmRNA_Chla.trac._TRW-813-2_1-420
tmRNA,test,tmRNA_Chlo.aura._AY040836_1-361
tmRNA,test,tmRNA_Chlo.chlo._CP000108_1-401
tmRNA,test,tmRNA_Chlo.tepi._TRW-194439_1-404
tmRNA,test,tmRNA_Chro.sale._CP000285_1-380
tmRNA,test,tmRNA_Chro.viol._AE016825_1-365
tmRNA,test,tmRNA_Citr.rode._TRW-67825_1-365
tmRNA,test,tmRNA_Clav.mich._TRW-31964_1-376
tmRNA,test,tmRNA_Clos.acet._AE001437_1-359
tmRNA,test,tmRNA_Clos.acet._AE007587_1-356
tmRNA,test,tmRNA_Clos.botu._TRW-36826_1-355
tmRNA,test,tmRNA_Clos.diff._AM180355_1-350
tmRNA,test,tmRNA_Clos.diff._TRW-367459_1-350
tmRNA,test,tmRNA_Clos.perf._AP003190_1-358
tmRNA,test,tmRNA_Clos.perf._CP000246_1-361
tmRNA,test,tmRNA_Clos.perf._CP000312_1-361
tmRNA,test,tmRNA_Clos.perf._TRW-195102_1-361
tmRNA,test,tmRNA_Clos.teta._AE015927_1-355
tmRNA,test,tmRNA_Clos.ther._TRW-203119_1-387
tmRNA,test,tmRNA_Colw.psyc._CP000083_1-350
tmRNA,test,tmRNA_Copr.prot._TRW-351627_1-353
tmRNA,test,tmRNA_Cory.diph._BX248356_1-385
tmRNA,test,tmRNA_Cory.effi._BA000035_1-376
tmRNA,test,tmRNA_Cory.glut._BX927150_1-377
tmRNA,test,tmRNA_Coxi.burn._AE016828_1-360
tmRNA,test,tmRNA_Croc.wats._TRW-165597_1-386
tmRNA,test,tmRNA_Cyan.cald._AF022186_1-254
tmRNA,test,tmRNA_Cyan.mero._AY286123_1-236
tmRNA,test,tmRNA_Cyan.mero._TRW-45157_1-236
tmRNA,test,tmRNA_Cyan.para._TRW-2762_1-294
tmRNA,test,tmRNA_Cyan.para._U30821_1-291
tmRNA,test,tmRNA_Cyto.hutc._CP000383_1-404
tmRNA,test,tmRNA_Deha.ethe._CP000027_1-352
tmRNA,test,tmRNA_Dein.geot._CP000359_1-348
tmRNA,test,tmRNA_Dein.radi._AE001939_1-346
tmRNA,test,tmRNA_Dein.radi._TRW-243230_1-349
tmRNA,test,tmRNA_Desu.acet._TRW-281689_1-353
tmRNA,test,tmRNA_Desu.desu._CP000112_1-360
tmRNA,test,tmRNA_Desu.psyc._CR522870_1-366
tmRNA,test,tmRNA_Desu.vulg._AE017285_1-352
tmRNA,test,tmRNA_Dich.nodo._TRW-35819_1-352
tmRNA,test,tmRNA_Dict.ther._TRW-14_1-350
tmRNA,test,tmRNA_Emil.huxl._AY741371_1-291
tmRNA,test,tmRNA_Emil.huxl._TRW-280463_1-291
tmRNA,test,tmRNA_Ente.faec._BD193796_1-367
tmRNA,test,tmRNA_Ente.faec._TRW-1352_1-367
tmRNA,test,tmRNA_Ente.saka._TRW-28141_1-364
tmRNA,test,tmRNA_Erwi.amyl._TRW-552_1-381
tmRNA,test,tmRNA_Erwi.caro._BX950851_1-363
tmRNA,test,tmRNA_Erwi.chry._TRW-198628_1-381
tmRNA,test,tmRNA_Esch.coli._AE005491_1-363
tmRNA,test,tmRNA_Esch.coli._AP009048_1-363
tmRNA,test,tmRNA_Esch.coli._BA000007_1-363
tmRNA,test,tmRNA_Esch.coli._CP000243_1-363
tmRNA,test,tmRNA_Esch.coli._CP000247_1-363
tmRNA,test,tmRNA_Esch.coli._CP000468_1-363
tmRNA,test,tmRNA_Esch.coli._D12501_1-363
tmRNA,test,tmRNA_Esch.coli._D90888_1-363
tmRNA,test,tmRNA_Esch.coli._TRW-331111_1-363
tmRNA,test,tmRNA_Esch.coli._U00096_1-363
tmRNA,test,tmRNA_Esch.coli._U36840_1-363
tmRNA,test,tmRNA_Exig.sibi._TRW-262543_1-359
tmRNA,test,tmRNA_Fibr.succ._TRW-59374_1-361
tmRNA,test,tmRNA_Fran.spec._CP000249_1-374
tmRNA,test,tmRNA_Fran.spec._TRW-298653_1-375
tmRNA,test,tmRNA_Fran.tula._AJ749949_1-421
tmRNA,test,tmRNA_Fran.tula._AM233362_1-421
tmRNA,test,tmRNA_Fran.tula._AM286280_1-421
tmRNA,test,tmRNA_Fran.tula._CP000437_1-421
tmRNA,test,tmRNA_Fuso.nucl._AE009951_1-344
tmRNA,test,tmRNA_Fuso.nucl._AE010567_1-341
tmRNA,test,tmRNA_Fuso.nucl._TRW-209882_1-344
tmRNA,test,tmRNA_Fuso.nucl._TRW-393480_1-344
tmRNA,test,tmRNA_Gemm.obsc._TRW-214688_1-412
tmRNA,test,tmRNA_Geob.kaus._BA000043_1-352
tmRNA,test,tmRNA_Geob.meta._CP000148_1-356
tmRNA,test,tmRNA_Geob.stea._TRW-1422_1-352
tmRNA,test,tmRNA_Geob.sulf._AE017180_1-356
tmRNA,test,tmRNA_Grac.tenu._AY673996_1-396
tmRNA,test,tmRNA_Guil.thet._AF041468_1-327
tmRNA,test,tmRNA_Guil.thet._TRW-55529_1-330
tmRNA,test,tmRNA_Haem.ducr._AE017143_1-367
tmRNA,test,tmRNA_Haem.infl._AY599475_1-366
tmRNA,test,tmRNA_Haem.infl._CP000057_1-366
tmRNA,test,tmRNA_Haem.infl._L42023_1-366
tmRNA,test,tmRNA_Haem.infl._TRW-262727_1-366
tmRNA,test,tmRNA_Haem.infl._TRW-262728_1-366
tmRNA,test,tmRNA_Haem.infl._U32808_1-366
tmRNA,test,tmRNA_Haem.somn._CP000436_1-367
tmRNA,test,tmRNA_Heli.hepa._AE017125_1-369
tmRNA,test,tmRNA_Heli.must._DQ250625_1-366
tmRNA,test,tmRNA_Heli.pylo._AE000511_1-386
tmRNA,test,tmRNA_Heli.pylo._AE000590_1-383
tmRNA,test,tmRNA_Heli.pylo._AE001503_1-383
tmRNA,test,tmRNA_Heli.pylo._TRW-85962_1-386
tmRNA,test,tmRNA_Heli.pylo._TRW-85963_1-386
tmRNA,test,tmRNA_Idio.loih._AE017340_1-359
tmRNA,test,tmRNA_Jako.libe._TRW-143017_1-102
tmRNA,test,tmRNA_Kine.radi._TRW-266940_1-366
tmRNA,test,tmRNA_Kleb.pneu._TRW-272620_1-363
tmRNA,test,tmRNA_Lact.acid._CP000033_1-369
tmRNA,test,tmRNA_Lact.brev._CP000416_1-372
tmRNA,test,tmRNA_Lact.case._CP000423_1-364
tmRNA,test,tmRNA_Lact.delb._AF440335_1-316
tmRNA,test,tmRNA_Lact.delb._TRW-321956_1-362
tmRNA,test,tmRNA_Lact.gass._CP000413_1-366
tmRNA,test,tmRNA_Lact.gass._TRW-1596_1-366
tmRNA,test,tmRNA_Lact.john._TRW-257314_1-367
tmRNA,test,tmRNA_Lact.lact._AE006373_1-359
tmRNA,test,tmRNA_Lact.lact._AF176556_1-359
tmRNA,test,tmRNA_Lact.plan._AL935259_1-372
tmRNA,test,tmRNA_Lact.sake._AF400065_1-370
tmRNA,test,tmRNA_Lact.sake._TRW-314315_1-370
tmRNA,test,tmRNA_Laws.intr._AM180252_1-376
tmRNA,test,tmRNA_Legi.pneu._CR628337_1-406
tmRNA,test,tmRNA_Leif.xyli._AE016822_1-394
tmRNA,test,tmRNA_Lept.inte._AE016823_1-350
tmRNA,test,tmRNA_Lept.spec._TRW-261385_1-359
tmRNA,test,tmRNA_Lept.spec._TRW-261386_1-359
tmRNA,test,tmRNA_Leuc.mese._AF375574_1-307
tmRNA,test,tmRNA_Leuc.mese._CP000414_1-358
tmRNA,test,tmRNA_Leuc.mese._TRW-1245_1-358
tmRNA,test,tmRNA_List.gray._AF440336_1-321
tmRNA,test,tmRNA_List.inno._TRW-1642-1_1-370
tmRNA,test,tmRNA_List.inno._TRW-1642-2_1-370
tmRNA,test,tmRNA_List.ivan._AF440342_1-321
tmRNA,test,tmRNA_List.mono._AL591983_1-370
tmRNA,test,tmRNA_List.mono._TRW-1639-1_1-370
tmRNA,test,tmRNA_List.mono._TRW-169963_1-370
tmRNA,test,tmRNA_List.seel._AF440350_1-321
tmRNA,test,tmRNA_List.wels._AF440351_1-321
tmRNA,test,tmRNA_Magn.spec._CP000471_1-366
tmRNA,test,tmRNA_Mann.haem._TRW-272629_1-367
tmRNA,test,tmRNA_Mann.succ._AE016827_1-367
tmRNA,test,tmRNA_Mari.aqua._TRW-351348_1-366
tmRNA,test,tmRNA_Meso.flor._AE017263_1-408
tmRNA,test,tmRNA_Meso.viri._AF166114_1-359
tmRNA,test,tmRNA_Meth.caps._AE017282_1-356
tmRNA,test,tmRNA_Meth.flag._CP000284_1-361
tmRNA,test,tmRNA_Moor.ther._CP000232_1-358
tmRNA,test,tmRNA_Mora.cata._AX067460_1-359
tmRNA,test,tmRNA_Myco.Bxz1._AY129337_1-437
tmRNA,test,tmRNA_Myco.afri._TRW-33894_1-368
tmRNA,test,tmRNA_Myco.arth._TRW-243272_1-394
tmRNA,test,tmRNA_Myco.aviu._AE016958_1-368
tmRNA,test,tmRNA_Myco.aviu._TRW-243243_1-368
tmRNA,test,tmRNA_Myco.bovi._TRW-1765_1-368
tmRNA,test,tmRNA_Myco.capr._D13067_1-411
tmRNA,test,tmRNA_Myco.capr._S67602_1-408
tmRNA,test,tmRNA_Myco.gall._AE015450_1-408
tmRNA,test,tmRNA_Myco.geni._TRW-243273_1-388
tmRNA,test,tmRNA_Myco.geni._U39713_1-385
tmRNA,test,tmRNA_Myco.hyop._TRW-262719_1-433
tmRNA,test,tmRNA_Myco.hyop._TRW-295358_1-424
tmRNA,test,tmRNA_Myco.lepr._AL583919_1-366
tmRNA,test,tmRNA_Myco.lepr._TRW-272631_1-369
tmRNA,test,tmRNA_Myco.mari._TRW-1781-1_1-368
tmRNA,test,tmRNA_Myco.micr._TRW-1806-1_1-368
tmRNA,test,tmRNA_Myco.mobi._TRW-267748_1-376
tmRNA,test,tmRNA_Myco.myco._BX842642_1-411
tmRNA,test,tmRNA_Myco.pene._BA000026_1-405
tmRNA,test,tmRNA_Myco.pneu._AE000035_1-384
tmRNA,test,tmRNA_Myco.pulm._AL445565_1-387
tmRNA,test,tmRNA_Myco.smeg._CP000480_1-369
tmRNA,test,tmRNA_Myco.tube._TRW-164513_1-368
tmRNA,test,tmRNA_Myco.tube._TRW-1773_1-368
tmRNA,test,tmRNA_Myxo.xant._TRW-34_1-366
tmRNA,test,tmRNA_Neis.gono._TRW-242231_1-363
tmRNA,test,tmRNA_Neis.lact._TRW-486_1-362
tmRNA,test,tmRNA_Neis.meni._AE002452_1-360
tmRNA,test,tmRNA_Neis.meni._AL162755_1-360
tmRNA,test,tmRNA_Neis.meni._TRW-122586_1-363
tmRNA,test,tmRNA_Neis.meni._TRW-122587_1-363
tmRNA,test,tmRNA_Neis.meni._TRW-272831_1-363
tmRNA,test,tmRNA_Neph.oliv._AF137379-1_1-327
tmRNA,test,tmRNA_Neph.oliv._AF137379-2_1-327
tmRNA,test,tmRNA_Nitr.euro._BX321865_1-360
tmRNA,test,tmRNA_Nitr.mult._CP000103_1-362
tmRNA,test,tmRNA_Nitr.ocea._CP000127_1-361
tmRNA,test,tmRNA_Noca.farc._AP006618_1-368
tmRNA,test,tmRNA_Nost.punc._TRW-63737_1-390
tmRNA,test,tmRNA_Nost.spec._BA000019_1-390
tmRNA,test,tmRNA_Ocea.ihey._BA000028_1-364
tmRNA,test,tmRNA_Odon.sine._TRW-2839_1-371
tmRNA,test,tmRNA_Odon.sine._Z67753_1-368
tmRNA,test,tmRNA_Oeno.oeni._TRW-203123_1-350
tmRNA,test,tmRNA_Onio.yell._AP006628_1-423
tmRNA,test,tmRNA_Paen.larv._TRW-1464_1-367
tmRNA,test,tmRNA_Pant.stew._TRW-66269_1-363
tmRNA,test,tmRNA_Para.symb._BX908798_1-405
tmRNA,test,tmRNA_Past.mult._AE006115_1-367
tmRNA,test,tmRNA_Pedi.pent._CP000422_1-369
tmRNA,test,tmRNA_Pelo.carb._CP000142_1-358
tmRNA,test,tmRNA_Phot.asym._TRW-291112_1-364
tmRNA,test,tmRNA_Phot.lumi._BX571870_1-364
tmRNA,test,tmRNA_Phot.prof._CR378665_1-368
tmRNA,test,tmRNA_Pola.spec._CP000316_1-387
tmRNA,test,tmRNA_Porp.ging._TRW-242619_1-407
tmRNA,test,tmRNA_Porp.purp._TRW-2787_1-323
tmRNA,test,tmRNA_Prev.inte._TRW-246198_1-400
tmRNA,test,tmRNA_Prev.rumi._TRW-264731_1-401
tmRNA,test,tmRNA_Prop.acne._AE017283_1-371
tmRNA,test,tmRNA_Prop.acne._TRW-1747-1_1-371
tmRNA,test,tmRNA_Prop.acne._TRW-1747-2_1-353
tmRNA,test,tmRNA_Prop.acne._TRW-1747-3_1-353
tmRNA,test,tmRNA_Prot.mira._TRW-584_1-367
tmRNA,test,tmRNA_Pseu.aeru._AE004091_1-353
tmRNA,test,tmRNA_Pseu.aeru._CP000438_1-353
tmRNA,test,tmRNA_Pseu.atla._CP000388_1-357
tmRNA,test,tmRNA_Pseu.ento._CT573326_1-392
tmRNA,test,tmRNA_Pseu.fluo._CP000076_1-394
tmRNA,test,tmRNA_Pseu.fluo._CP000094_1-390
tmRNA,test,tmRNA_Pseu.fluo._TRW-216595_1-397
tmRNA,test,tmRNA_Pseu.halo._CR954246_1-357
tmRNA,test,tmRNA_Pseu.puti._AE015451_1-399
tmRNA,test,tmRNA_Pseu.syri._AE016853_1-388
tmRNA,test,tmRNA_Pseu.syri._CP000058_1-388
tmRNA,test,tmRNA_Pseu.syri._CP000075_1-392
tmRNA,test,tmRNA_Psyc.arct._CP000082_1-359
tmRNA,test,tmRNA_Psyc.cryo._CP000323_1-359
tmRNA,test,tmRNA_Rals.eutr._CP000090_1-360
tmRNA,test,tmRNA_Rals.meta._CP000352_1-360
tmRNA,test,tmRNA_Rals.sola._AL646052_1-360
tmRNA,test,tmRNA_Rals.sola._AL646061_1-357
tmRNA,test,tmRNA_Rhod.balt._BX294141_1-380
tmRNA,test,tmRNA_Rubr.gela._TRW-279263_1-372
tmRNA,test,tmRNA_Rubr.xyla._CP000386_1-360
tmRNA,test,tmRNA_Rubr.xyla._TRW-266117_1-360
tmRNA,test,tmRNA_Rumi.albu._TRW-246199_1-354
tmRNA,test,tmRNA_Sacc.degr._CP000282_1-389
tmRNA,test,tmRNA_Sali.rube._CP000159_1-369
tmRNA,test,tmRNA_Salm.bong._TRW-218493_1-363
tmRNA,test,tmRNA_Salm.ente._AE014613_1-363
tmRNA,test,tmRNA_Salm.ente._AE017220_1-363
tmRNA,test,tmRNA_Salm.ente._AL627276_1-363
tmRNA,test,tmRNA_Salm.ente._CP000026_1-363
tmRNA,test,tmRNA_Salm.ente._TRW-149539_1-363
tmRNA,test,tmRNA_Salm.ente._TRW-295319_1-363
tmRNA,test,tmRNA_Salm.ente._TRW-321314_1-363
tmRNA,test,tmRNA_Salm.ente._TRW-59204_1-363
tmRNA,test,tmRNA_Salm.typh._AY316313_1-363
tmRNA,test,tmRNA_Salm.typh._AY319520_1-363
tmRNA,test,tmRNA_Serr.marc._TRW-273526_1-364
tmRNA,test,tmRNA_Shew.amaz._CP000507_1-356
tmRNA,test,tmRNA_Shew.balt._TRW-325240_1-356
tmRNA,test,tmRNA_Shew.deni._CP000302_1-355
tmRNA,test,tmRNA_Shew.frig._CP000447_1-356
tmRNA,test,tmRNA_Shew.onei._AX048560_1-355
tmRNA,test,tmRNA_Shew.putr._TRW-319224_1-356
tmRNA,test,tmRNA_Shew.spec._CP000444_1-355
tmRNA,test,tmRNA_Shew.spec._CP000446_1-355
tmRNA,test,tmRNA_Shew.spec._CP000469_1-355
tmRNA,test,tmRNA_Shew.spec._TRW-323850_1-356
tmRNA,test,tmRNA_Shig.boyd._CP000036_1-363
tmRNA,test,tmRNA_Shig.dyse._CP000034_1-363
tmRNA,test,tmRNA_Shig.dyse._TRW-358708_1-363
tmRNA,test,tmRNA_Shig.flex._AE005674_1-363
tmRNA,test,tmRNA_Shig.flex._AE014073_1-363
tmRNA,test,tmRNA_Shig.flex._CP000266_1-363
tmRNA,test,tmRNA_Shig.sonn._CP000038_1-363
tmRNA,test,tmRNA_Soda.glos._AP008232_1-384
tmRNA,test,tmRNA_Soli.usit._CP000473_1-352
tmRNA,test,tmRNA_Spir.citr._AM285321_1-424
tmRNA,test,tmRNA_Spir.kunk._TRW-273035_1-424
tmRNA,test,tmRNA_Stap.aure._AC074317_1-359
tmRNA,test,tmRNA_Stap.aure._BA000017_1-362
tmRNA,test,tmRNA_Stap.aure._BA000018_1-362
tmRNA,test,tmRNA_Stap.aure._BA000033_1-362
tmRNA,test,tmRNA_Stap.aure._BX571856_1-362
tmRNA,test,tmRNA_Stap.aure._BX571857_1-362
tmRNA,test,tmRNA_Stap.aure._TRW-1280_1-362
tmRNA,test,tmRNA_Stap.epid._AF375586_1-311
tmRNA,test,tmRNA_Stap.epid._TRW-1282-1_1-361
tmRNA,test,tmRNA_Stap.epid._TRW-1282-2_1-362
tmRNA,test,tmRNA_Stap.epid._TRW-176280_1-361
tmRNA,test,tmRNA_Sten.malt._TRW-40324_1-354
tmRNA,test,tmRNA_Stre.agal._AE014233_1-350
tmRNA,test,tmRNA_Stre.agal._TRW-1311_1-350
tmRNA,test,tmRNA_Stre.aure._AY616521_1-382
tmRNA,test,tmRNA_Stre.aver._BA000030_1-389
tmRNA,test,tmRNA_Stre.coll._AY485228_1-386
tmRNA,test,tmRNA_Stre.equi._TRW-1336_1-349
tmRNA,test,tmRNA_Stre.equi._TRW-40041_1-349
tmRNA,test,tmRNA_Stre.gord._TRW-29390_1-349
tmRNA,test,tmRNA_Stre.miti._TRW-246201_1-348
tmRNA,test,tmRNA_Stre.muta._TRW-210007_1-349
tmRNA,test,tmRNA_Stre.pneu._AE008453_1-348
tmRNA,test,tmRNA_Stre.pneu._TRW-1313_1-348
tmRNA,test,tmRNA_Stre.pneu._TRW-216600_1-348
tmRNA,test,tmRNA_Stre.pyog._AE006568_1-345
tmRNA,test,tmRNA_Stre.pyog._AE010048_1-348
tmRNA,test,tmRNA_Stre.pyog._TRW-1314-1_1-348
tmRNA,test,tmRNA_Stre.pyog._TRW-1314-2_1-350
tmRNA,test,tmRNA_Stre.scab._TRW-1883_1-402
tmRNA,test,tmRNA_Stre.sobr._TRW-246202_1-349
tmRNA,test,tmRNA_Stre.suis._TRW-218494_1-354
tmRNA,test,tmRNA_Stre.suis._TRW-286604_1-348
tmRNA,test,tmRNA_Stre.ther._CP000024_1-350
tmRNA,test,tmRNA_Stre.ther._CP000419_1-350
tmRNA,test,tmRNA_Stre.uber._TRW-218495_1-350
tmRNA,test,tmRNA_Sulf.azor._TRW-204536_1-351
tmRNA,test,tmRNA_Syne.elon._TRW-32046_1-394
tmRNA,test,tmRNA_Syne.spec._AB003477_1-394
tmRNA,test,tmRNA_Syne.spec._D90916_1-396
tmRNA,test,tmRNA_Syne.spec._TRW-1131_1-399
tmRNA,test,tmRNA_Syne.spec._TRW-32049_1-396
tmRNA,test,tmRNA_Synt.acid._CP000252_1-356
tmRNA,test,tmRNA_Tann.fors._TRW-203275_1-400
tmRNA,test,tmRNA_Thal.pseu._EF067921_1-344
tmRNA,test,tmRNA_Thal.pseu._TRW-296543_1-344
tmRNA,test,tmRNA_Thal.weis._AF049491_1-348
tmRNA,test,tmRNA_Ther.comm._TRW-289377_1-355
tmRNA,test,tmRNA_Ther.elon._BA000039_1-386
tmRNA,test,tmRNA_Ther.fusc._CP000088_1-372
tmRNA,test,tmRNA_Ther.mari._TRW-243274-1_1-356
tmRNA,test,tmRNA_Ther.neap._TRW-309803_1-357
tmRNA,test,tmRNA_Ther.rose._TRW-309801_1-353
tmRNA,test,tmRNA_Ther.teng._AE013063_1-351
tmRNA,test,tmRNA_Ther.ther._TRW-300852_1-349
tmRNA,test,tmRNA_Ther.ther._Y15063_1-349
tmRNA,test,tmRNA_Ther.yell._TRW-289376_1-350
tmRNA,test,tmRNA_Thio.crun._CP000109_1-358
tmRNA,test,tmRNA_Thio.deni._CP000116_1-367
tmRNA,test,tmRNA_Trem.prin._AF481102_1-264
tmRNA,test,tmRNA_Trep.dent._AE017226_1-351
tmRNA,test,tmRNA_Trep.pall._TRW-243276_1-354
tmRNA,test,tmRNA_Tric.eryt._CP000393_1-398
tmRNA,test,tmRNA_Trop.whip._BX251411_1-369
tmRNA,test,tmRNA_Urea.parv._AE002154_1-413
tmRNA,test,tmRNA_Verr.spin._TRW-240016_1-356
tmRNA,test,tmRNA_Vibr.chol._AE004170_1-367
tmRNA,test,tmRNA_Vibr.chol._U39068_1-367
tmRNA,test,tmRNA_Vibr.fisc._CP000020_1-367
tmRNA,test,tmRNA_Vibr.para._BA000031_1-368
tmRNA,test,tmRNA_Vibr.spec._TRW-345075_1-368
tmRNA,test,tmRNA_Vibr.vuln._AE016795_1-367
tmRNA,test,tmRNA_Wigg.glos._BA000021_1-365
tmRNA,test,tmRNA_Woli.succ._BX571661_1-369
tmRNA,test,tmRNA_Xant.axon._AE011783_1-397
tmRNA,test,tmRNA_Xant.camp._AE012247_1-397
tmRNA,test,tmRNA_Xant.camp._AM039952_1-397
tmRNA,test,tmRNA_Xant.oryz._AE013598_1-397
tmRNA,test,tmRNA_Xyle.fast._AE003849_1-355
tmRNA,test,tmRNA_Xyle.fast._AE004078_1-355
tmRNA,test,tmRNA_Xyle.fast._AE009442_1-355
tmRNA,test,tmRNA_Xyle.fast._TRW-155919_1-355
tmRNA,test,tmRNA_Xyle.fast._TRW-155920_1-355
tmRNA,test,tmRNA_Yers.berc._TRW-349968_1-381
tmRNA,test,tmRNA_Yers.ente._TRW-34054_1-381
tmRNA,test,tmRNA_Yers.fred._TRW-349966_1-363
tmRNA,test,tmRNA_Yers.inte._TRW-349965_1-381
tmRNA,test,tmRNA_Yers.moll._TRW-349967_1-381
tmRNA,test,tmRNA_Yers.pest._AE009952_1-364
tmRNA,test,tmRNA_Yers.pest._AE017042_1-364
tmRNA,test,tmRNA_Yers.pest._AL590842_1-364
tmRNA,test,tmRNA_Yers.pest._CP000305_1-364
tmRNA,test,tmRNA_Yers.pest._CP000308_1-364
tmRNA,test,tmRNA_Yers.pseu._AR948532_1-364
tmRNA,test,tmRNA_envi.sequ._TRW-2-1_1-365
tmRNA,test,tmRNA_envi.sequ._TRW-2-2_1-356
tmRNA,test,tmRNA_envi.sequ._TRW-204433_1-356
tmRNA,test,tmRNA_envi.sequ._TRW-259291_1-355
tmRNA,test,tmRNA_envi.sequ._TRW-259292_1-355
tmRNA,test,tmRNA_envi.sequ._TRW-300695-2_1-345
tmRNA,test,tmRNA_envi.sequ._TRW-32045-1_1-355
tmRNA,test,tmRNA_envi.sequ._TRW-32045-2_1-345
tmRNA,test,tmRNA_envi.sequ._TRW-32045-3_1-350
tmRNA,test,tmRNA_envi.sequ._TRW-351057-3_1-355
tmRNA,test,tmRNA_envi.sequ._TRW-356-1_1-289
tmRNA,test,tmRNA_envi.sequ._TRW-363179_1-348
tmRNA,test,tmRNA_uncu.bact._TRW-135621-1_1-397
tmRNA,test,tmRNA_uncu.bact._TRW-32033-1_1-354
tmRNA,test,tmRNA_uncu.bact._TRW-32045-4_1-369
tmRNA,test,tmRNA_uncu.bact._TRW-383630-1_1-364
tmRNA,test,tmRNA_uncu.bact._TRW-45456_1-408
tmRNA,test,tmRNA_uncu.bact._TRW-72274-1_1-359
tmRNA,test,tmRNA_uncu.bact._TRW-72274-2_1-359
tmRNA,test,tmRNA_uncu.bact._TRW-80840-1_1-378
tmRNA,test,tmRNA_uncu.bact._TRW-80840-2_1-379
tmRNA,test,tmRNA_uncu.bact._TRW-80840-3_1-379
tmRNA,test,tmRNA_uncu.mari._TRW-363180_1-347
tmRNA,train,16s_A.fulgidus_domain2
tmRNA,train,16s_A.fulgidus_domain3
tmRNA,train,16s_A.fulgidus_domain4
tmRNA,train,16s_A.pyrophilus_domain2
tmRNA,train,16s_A.pyrophilus_domain4
tmRNA,train,16s_B.burgdorferi_domain2
tmRNA,train,16s_B.burgdorferi_domain3
tmRNA,train,16s_B.subtilis_domain2
tmRNA,train,16s_B.subtilis_domain3
tmRNA,train,16s_C.elegans_domain1
tmRNA,train,16s_C.elegans_domain2
tmRNA,train,16s_C.elegans_domain3
tmRNA,train,16s_C.psittaci_domain2
tmRNA,train,16s_C.psittaci_domain3
tmRNA,train,16s_C.psittaci_domain4
tmRNA,train,16s_C.reinhardtii.chloro_domain2
tmRNA,train,16s_C.reinhardtii.chloro_domain4
tmRNA,train,16s_C.reinhardtii.mito_domain3
tmRNA,train,16s_C.reinhardtii.mito_domain4
tmRNA,train,16s_D.melanogaster_domain4
tmRNA,train,16s_E.coli_domain2
tmRNA,train,16s_E.coli_domain3
tmRNA,train,16s_E.coli_domain4
tmRNA,train,16s_F.ananassa_domain3
tmRNA,train,16s_F.ananassa_domain4
tmRNA,train,16s_G.intestinalis_domain1
tmRNA,train,16s_G.intestinalis_domain2
tmRNA,train,16s_G.intestinalis_domain3
tmRNA,train,16s_G.intestinalis_domain4
tmRNA,train,16s_H.sapiens.mito_domain1
tmRNA,train,16s_H.sapiens.mito_domain2
tmRNA,train,16s_H.sapiens.mito_domain4
tmRNA,train,16s_H.sapiens_domain3
tmRNA,train,16s_H.sapiens_domain4
tmRNA,train,16s_H.volcanii_domain2
tmRNA,train,16s_H.volcanii_domain3
tmRNA,train,16s_H.volcanii_domain4
tmRNA,train,16s_M.polymorpha_domain2
tmRNA,train,16s_M.polymorpha_domain3
tmRNA,train,16s_M.polymorpha_domain4
tmRNA,train,16s_P.occultum_domain2
tmRNA,train,16s_P.occultum_domain3
tmRNA,train,16s_P.staleyi_domain2
tmRNA,train,16s_P.staleyi_domain3
tmRNA,train,16s_P.staleyi_domain4
tmRNA,train,16s_S.cerevisiae_domain4
tmRNA,train,16s_T.gondii_domain4
tmRNA,train,16s_T.maritima_domain2
tmRNA,train,16s_T.maritima_domain4
tmRNA,train,16s_Z.mays_domain1
tmRNA,train,16s_Z.mays_domain2
tmRNA,train,16s_Z.mays_domain3
tmRNA,train,16s_Z.mays_domain4
tmRNA,train,23s_B.subtilis_domain4
tmRNA,train,23s_E.coli_domain3
tmRNA,train,23s_E.coli_domain4
tmRNA,train,23s_E.coli_domain6
tmRNA,train,23s_H.pylori_domain3
tmRNA,train,23s_H.pylori_domain4
tmRNA,train,23s_H.pylori_domain6
tmRNA,train,23s_S.aureus_domain3
tmRNA,train,23s_S.aureus_domain4
tmRNA,train,23s_S.aureus_domain6
tmRNA,train,23s_T.thermophilus_domain3
tmRNA,train,23s_T.thermophilus_domain4
tmRNA,train,5s_Acholeplasma-laidlawii-2
tmRNA,train,5s_Achromobacter-xylosoxidans-1
tmRNA,train,5s_Acidiphilium-acidophilum-1
tmRNA,train,5s_Acinetobacter-sp.-1
tmRNA,train,5s_Acremonium-chrysogenum-1
tmRNA,train,5s_Agaricus-edulis-1
tmRNA,train,5s_Akkesiphycus-lubricum-1
tmRNA,train,5s_Amycolatopsis-lactamdurans-1
tmRNA,train,5s_Ancylobacter-aquaticus-1
tmRNA,train,5s_Andrias-japonicus-1
tmRNA,train,5s_Antheraea-pernyi-1
tmRNA,train,5s_Aquifex-aeolicus-1
tmRNA,train,5s_Archaeoglobus-fulgidus-1
tmRNA,train,5s_Artemia-sp.-4
tmRNA,train,5s_Arthrobacter-polychromogenes-1
tmRNA,train,5s_Asellus-aquaticus-2
tmRNA,train,5s_Bacillus-anthracis-6
tmRNA,train,5s_Bacillus-clausii-1
tmRNA,train,5s_Bacillus-firmus-1
tmRNA,train,5s_Bacillus-halodurans-4
tmRNA,train,5s_Bacteroides-fragilis-3
tmRNA,train,5s_Bacteroides-fragilis-4
tmRNA,train,5s_Bacteroides-fragilis-6
tmRNA,train,5s_Bartonella-henselae-1
tmRNA,train,5s_Bifidobacterium-longum-1
tmRNA,train,5s_Blakeslea-trispora-1
tmRNA,train,5s_Blastocladiella-simplex-1
tmRNA,train,5s_Blepharisma-japonicum-1
tmRNA,train,5s_Bombyx-mori-1
tmRNA,train,5s_Bombyx-mori-2
tmRNA,train,5s_Brachionus-plicatilis-1
tmRNA,train,5s_Brevibacterium-helvolum-1
tmRNA,train,5s_C_paradoxE
tmRNA,train,5s_Caenorhabditis-elegans-3
tmRNA,train,5s_Campylobacter-jejuni-3
tmRNA,train,5s_Cancer-pagurus-1
tmRNA,train,5s_Candidatus-Tremblaya-princeps-1
tmRNA,train,5s_Caulobacter-sp.-5
tmRNA,train,5s_Caulobacter-sp.-6
tmRNA,train,5s_Cellulomonas-biazotea-1
tmRNA,train,5s_Chlamydophila-abortus-1
tmRNA,train,5s_Clostridium-acetobutylicum-5
tmRNA,train,5s_Coprinopsis-cinerea-1
tmRNA,train,5s_Corynebacterium-glutamicum-1
tmRNA,train,5s_Corynebacterium-glutamicum-2
tmRNA,train,5s_Cryptomonas-paramecium-1
tmRNA,train,5s_Cyclidiopsis-acus-1
tmRNA,train,5s_Cystobacter-fuscus-1
tmRNA,train,5s_Delftia-acidovorans-1
tmRNA,train,5s_Dirofilaria-immitis-1
tmRNA,train,5s_Drosophila-teissieri-1
tmRNA,train,5s_Dugesia-japonica-2
tmRNA,train,5s_Eimeria-tenella-1
tmRNA,train,5s_Emericella-nidulans-7
tmRNA,train,5s_Escherichia-coli-11
tmRNA,train,5s_Escherichia-coli-14
tmRNA,train,5s_Escherichia-coli-3
tmRNA,train,5s_Exidia-glandulosa-1
tmRNA,train,5s_Filobasidiella-depauperata-1
tmRNA,train,5s_Filobasidium-capsuligenum-1
tmRNA,train,5s_Fusarium-asiaticum-7
tmRNA,train,5s_Fusarium-lunulosporum-5
tmRNA,train,5s_Fusarium-pseudograminearum-1
tmRNA,train,5s_Fusarium-pseudograminearum-6
tmRNA,train,5s_Fusarium-sporotrichioides-1
tmRNA,train,5s_Fusobacterium-nucleatum-2
tmRNA,train,5s_Gallus-gallus-1
tmRNA,train,5s_Gelidium-amansii-1
tmRNA,train,5s_Gelidium-amansii-2
tmRNA,train,5s_Geobacillus-stearothermophilus-2
tmRNA,train,5s_Ginkgo-biloba-1
tmRNA,train,5s_Haloarcula-marismortui-2
tmRNA,train,5s_Halococcus-morrhuae-2
tmRNA,train,5s_Haloferax-volcanii-2
tmRNA,train,5s_Halorubrum-distributum-4
tmRNA,train,5s_Helicobacter-pylori-3
tmRNA,train,5s_Hyphomicrobium-sp.-3
tmRNA,train,5s_Hyphomicrobium-sp.-5
tmRNA,train,5s_Idiomarina-loihiensis-1
tmRNA,train,5s_Juniperus-media-1
tmRNA,train,5s_Kondoa-malvinella-1
tmRNA,train,5s_Kutzneria-viridogrisea-1
tmRNA,train,5s_Locusta-migratoria-1
tmRNA,train,5s_Microbacterium-testaceum-1
tmRNA,train,5s_Microtetraspora-glauca-1
tmRNA,train,5s_Mycobacterium-tuberculosis-3
tmRNA,train,5s_Mycoplasma-gallisepticum-1
tmRNA,train,5s_Mycoplasma-pneumoniae-1
tmRNA,train,5s_Myxococcus-coralloides-1
tmRNA,train,5s_Neurospora-crassa-12
tmRNA,train,5s_Neurospora-crassa-15
tmRNA,train,5s_Neurospora-crassa-2
tmRNA,train,5s_Nitrobacter-winogradskyi-1
tmRNA,train,5s_Notophthalmus-viridescens-1
tmRNA,train,5s_Oerskovia-turbata-1
tmRNA,train,5s_Paenibacillus-popilliae-1
tmRNA,train,5s_Parachlamydia-sp.-1
tmRNA,train,5s_Paramecium-tetraurelia-1
tmRNA,train,5s_Photobacterium-profundum-3
tmRNA,train,5s_Pichia-jadinii-2
tmRNA,train,5s_Pinus-contorta-1
tmRNA,train,5s_Pirellula-sp.-2
tmRNA,train,5s_Plasmodium-falciparum-1
tmRNA,train,5s_Pneumocystis-carinii-1
tmRNA,train,5s_Prasinocladus-sp.-1
tmRNA,train,5s_Propionibacterium-acnes-1
tmRNA,train,5s_Pseudomonas-aeruginosa-1
tmRNA,train,5s_Pseudomonas-aeruginosa-2
tmRNA,train,5s_Pseudomonas-stutzeri-2
tmRNA,train,5s_Puccinia-suaveolens-1
tmRNA,train,5s_Pyrococcus-horikoshii-1
tmRNA,train,5s_Pythium-torulosum-1
tmRNA,train,5s_Ralstonia-solanacearum-1
tmRNA,train,5s_Ralstonia-solanacearum-2
tmRNA,train,5s_Rhodobacter-sphaeroides-2
tmRNA,train,5s_Rhodococcus-erythropolis-2
tmRNA,train,5s_Rhodopseudomonas-palustris-2
tmRNA,train,5s_Roseococcus-thiosulfatophilus-1
tmRNA,train,5s_Roseococcus-thiosulfatophilus-2
tmRNA,train,5s_Rumex-acetosa-1
tmRNA,train,5s_Sabellastarte-japonica-1
tmRNA,train,5s_Saccharothrix-mutabilis-1
tmRNA,train,5s_Salmonella-typhi-1
tmRNA,train,5s_Saprolegnia-ferax-1
tmRNA,train,5s_Schizosaccharomyces-pombe-1
tmRNA,train,5s_Shewanella-oneidensis-1
tmRNA,train,5s_Spirobolus-sp-1
tmRNA,train,5s_Sporolactobacillus-nakayamae-1
tmRNA,train,5s_Streptococcus-mutans-2
tmRNA,train,5s_Streptococcus-pyogenes-2
tmRNA,train,5s_Streptococcus-salivarius-1
tmRNA,train,5s_Streptomyces-avermitilis-4
tmRNA,train,5s_Streptomyces-coelicolor-1
tmRNA,train,5s_Streptomyces-lividans-1
tmRNA,train,5s_Streptomyces-rimosus-2
tmRNA,train,5s_Streptomyces-violaceus-1
tmRNA,train,5s_T_cruziE
tmRNA,train,5s_Taxus-baccata-1
tmRNA,train,5s_Thermoactinomyces-vulgaris-1
tmRNA,train,5s_Thermomyces-lanuginosus-1
tmRNA,train,5s_Thermotoga-sp.-1
tmRNA,train,5s_Thermus-sp.-2
tmRNA,train,5s_Thermus-thermophilus-2
tmRNA,train,5s_Thiomonas-cuprina-1
tmRNA,train,5s_Thiothrix-nivea-1
tmRNA,train,5s_Thraustochytrium-visurgense-2
tmRNA,train,5s_Tremella-mesenterica-2
tmRNA,train,5s_Trimorphomyces-papilionaceus-1
tmRNA,train,5s_Ustilago-maydis-1
tmRNA,train,5s_Ustilentyloma-fluitans-1
tmRNA,train,5s_Vibrio-cyclosites-1
tmRNA,train,5s_Vibrio-fluvialis-1
tmRNA,train,5s_Vibrio-harveyi-1
tmRNA,train,5s_Vibrio-nereis-1
tmRNA,train,5s_Vibrio-parahaemolyticus-3
tmRNA,train,5s_Vibrio-vulnificus-4
tmRNA,train,5s_Vitreoscilla-stercoraria-1
tmRNA,train,5s_Xanthobacter-viscosus-1
tmRNA,train,5s_Yersinia-pestis-1
tmRNA,train,5s_uncultured-euryarchaeote-37F11-1
tmRNA,train,RNaseP_A.ambivalens
tmRNA,train,RNaseP_A.brierleyi
tmRNA,train,RNaseP_A.chroococcum
tmRNA,train,RNaseP_A.ferrooxidans
tmRNA,train,RNaseP_A.fulgidus
tmRNA,train,RNaseP_A.laidlawii
tmRNA,train,RNaseP_A.obstetricans
tmRNA,train,RNaseP_A.salinestris-184
tmRNA,train,RNaseP_Anabaena-ATCC29413
tmRNA,train,RNaseP_B.bronchiseptica
tmRNA,train,RNaseP_B.hermsii
tmRNA,train,RNaseP_B.megaterium
tmRNA,train,RNaseP_B.pertussis
tmRNA,train,RNaseP_B.stearothermophilus
tmRNA,train,RNaseP_B.subtilis
tmRNA,train,RNaseP_B.subtilis-g
tmRNA,train,RNaseP_C.acetobutylicum
tmRNA,train,RNaseP_C.crescentus
tmRNA,train,RNaseP_C.jejuni
tmRNA,train,RNaseP_C.limicola
tmRNA,train,RNaseP_C.pneumoniae-AR39
tmRNA,train,RNaseP_C.pneumoniae-CWL029
tmRNA,train,RNaseP_C.sporogenes
tmRNA,train,RNaseP_C.trachomatis-2
tmRNA,train,RNaseP_C.trachomatis-D
tmRNA,train,RNaseP_C.vinosum
tmRNA,train,RNaseP_CPA49
tmRNA,train,RNaseP_CPB139
tmRNA,train,RNaseP_CPB74
tmRNA,train,RNaseP_CPB7776
tmRNA,train,RNaseP_CPB80
tmRNA,train,RNaseP_CPB86
tmRNA,train,RNaseP_D.desulfuricans
tmRNA,train,RNaseP_D.jeanneae
tmRNA,train,RNaseP_Dermocarpa-PCC7437
tmRNA,train,RNaseP_E.agglomerulans
tmRNA,train,RNaseP_E.coli
tmRNA,train,RNaseP_E.eschscholtzii-2
tmRNA,train,RNaseP_E.eschsholtzii
tmRNA,train,RNaseP_E.faecalis
tmRNA,train,RNaseP_E.faecalis-2
tmRNA,train,RNaseP_E1B
tmRNA,train,RNaseP_EM14b-9
tmRNA,train,RNaseP_ERH
tmRNA,train,RNaseP_ESH167F
tmRNA,train,RNaseP_ESH20b-1
tmRNA,train,RNaseP_ESH7-9
tmRNA,train,RNaseP_G.gorilla
tmRNA,train,RNaseP_H.chlorum-partial
tmRNA,train,RNaseP_H.pylori-26695
tmRNA,train,RNaseP_H.pylori-48K
tmRNA,train,RNaseP_H.pylori-J99
tmRNA,train,RNaseP_H.pylori-RU1
tmRNA,train,RNaseP_H.trapanicum
tmRNA,train,RNaseP_I.calvum
tmRNA,train,RNaseP_K.pneumoniae
tmRNA,train,RNaseP_L.acidophilus
tmRNA,train,RNaseP_L.japonicus-IFO15385
tmRNA,train,RNaseP_LGA1
tmRNA,train,RNaseP_LGB27
tmRNA,train,RNaseP_LGB32
tmRNA,train,RNaseP_LGB41
tmRNA,train,RNaseP_LGW113
tmRNA,train,RNaseP_LGW18
tmRNA,train,RNaseP_LGW46
tmRNA,train,RNaseP_M.barkeri
tmRNA,train,RNaseP_M.bovis
tmRNA,train,RNaseP_M.capricolum
tmRNA,train,RNaseP_M.leprae
tmRNA,train,RNaseP_M.luteus
tmRNA,train,RNaseP_M.phosphovorus-JCM9380
tmRNA,train,RNaseP_M.sedula
tmRNA,train,RNaseP_M.thermoautotrophicum-DH
tmRNA,train,RNaseP_M.thermoautotrphicumMarb
tmRNA,train,RNaseP_N.europaea
tmRNA,train,RNaseP_N.flavus
tmRNA,train,RNaseP_N.fulvus-JCM3335
tmRNA,train,RNaseP_Nocardiodes-NSP41
tmRNA,train,RNaseP_Nostoc-PCC7413
tmRNA,train,RNaseP_Onchorhynchus-1
tmRNA,train,RNaseP_Onchorhynchus-sp-1
tmRNA,train,RNaseP_P.alcalifaciens
tmRNA,train,RNaseP_P.douglassii
tmRNA,train,RNaseP_P.gingivalis
tmRNA,train,RNaseP_P.mississippiensis
tmRNA,train,RNaseP_P.purpurea-chloroplast
tmRNA,train,RNaseP_P.staleyi
tmRNA,train,RNaseP_P.stutzeri
tmRNA,train,RNaseP_P.troglodytes
tmRNA,train,RNaseP_P.vulgaris
tmRNA,train,RNaseP_Prochlorococcus-PAC1B
tmRNA,train,RNaseP_Prochlorococcus-TATL2
tmRNA,train,RNaseP_R.prowazekii
tmRNA,train,RNaseP_R.rubrum
tmRNA,train,RNaseP_S.acidocaldarius
tmRNA,train,RNaseP_S.bayanus
tmRNA,train,RNaseP_S.bikiniensis
tmRNA,train,RNaseP_S.caesia-K182
tmRNA,train,RNaseP_S.caesia-K76T
tmRNA,train,RNaseP_S.caesia-SB01
tmRNA,train,RNaseP_S.castellii
tmRNA,train,RNaseP_S.epidermidis
tmRNA,train,RNaseP_S.glauca-K194
tmRNA,train,RNaseP_S.globosus
tmRNA,train,RNaseP_S.japonicus
tmRNA,train,RNaseP_S.kluyveri
tmRNA,train,RNaseP_S.lividans
tmRNA,train,RNaseP_S.pastorianus
tmRNA,train,RNaseP_S.polymorpha
tmRNA,train,RNaseP_S.pyogenes
tmRNA,train,RNaseP_S.servazzii
tmRNA,train,RNaseP_S.shibatae
tmRNA,train,RNaseP_S.typhi
tmRNA,train,RNaseP_S.typhimurium
tmRNA,train,RNaseP_S.unisporus
tmRNA,train,RNaseP_S.viridis-K191
tmRNA,train,RNaseP_S.viridis-K73T
tmRNA,train,RNaseP_SL1-1
tmRNA,train,RNaseP_SLC
tmRNA,train,RNaseP_SM-A01
tmRNA,train,RNaseP_SM-A03
tmRNA,train,RNaseP_SM-A04
tmRNA,train,RNaseP_SM-A05
tmRNA,train,RNaseP_SM-A06
tmRNA,train,RNaseP_SM-A1012
tmRNA,train,RNaseP_SM-A1214
tmRNA,train,RNaseP_SM-A1315
tmRNA,train,RNaseP_SM-A2946
tmRNA,train,RNaseP_SM-A3862
tmRNA,train,RNaseP_SM-A4065
tmRNA,train,RNaseP_SM-A4775
tmRNA,train,RNaseP_SM-A4876
tmRNA,train,RNaseP_SM-A4977
tmRNA,train,RNaseP_SM-A5179
tmRNA,train,RNaseP_SM-A5382
tmRNA,train,RNaseP_SM-A5584
tmRNA,train,RNaseP_SM-A5888
tmRNA,train,RNaseP_SM-A6090
tmRNA,train,RNaseP_SM1
tmRNA,train,RNaseP_SMB-A3
tmRNA,train,RNaseP_SMB-A5
tmRNA,train,RNaseP_SMB-B3
tmRNA,train,RNaseP_SMB-B4
tmRNA,train,RNaseP_Synechococcus-PCC7942
tmRNA,train,RNaseP_Synechocystis-PCC6308
tmRNA,train,RNaseP_Synechocystis-PCC6803
tmRNA,train,RNaseP_T.acidophilum
tmRNA,train,RNaseP_T.aquaticus
tmRNA,train,RNaseP_T.celerAL1-2
tmRNA,train,RNaseP_T.littoralis
tmRNA,train,RNaseP_T.neapolitana
tmRNA,train,RNaseP_T.pallidum
tmRNA,train,RNaseP_UK2
tmRNA,train,RNaseP_UK5
tmRNA,train,RNaseP_V.cholera
tmRNA,train,RNaseP_V.spinosum
tmRNA,train,RNaseP_VSDW
tmRNA,train,RNaseP_WA1
tmRNA,train,RNaseP_Z.bailii
tmRNA,train,RNaseP_purpleX
tmRNA,train,grp1_a.I1.b.S.hofmanii.C3.tMET
tmRNA,train,grp1_a.I1.c.A.cherimola.C3.tLEU
tmRNA,train,grp1_a.I1.c.G.prostrata.C3.tLEU
tmRNA,train,grp1_a.I1.c.S.bicolor.C3.tLEU
tmRNA,train,grp1_a.I1.e.A.adeninivorans.C1.LSU.2449
tmRNA,train,grp1_a.I1.e.A.capsulatus.CBS213.53.C1.SSU.943
tmRNA,train,grp1_a.I1.e.A.capsulatus.FLs1.C1.SSU
tmRNA,train,grp1_a.I1.e.A.capsulatus.G184B.C1.SSU
tmRNA,train,grp1_a.I1.e.A.stipitatus.C1.SSU.1046
tmRNA,train,grp1_a.I1.e.B.ciliata.JCM6865.C1.SSU.1506
tmRNA,train,grp1_a.I1.e.B.ciliata.JCM6865.C1.SSU.943
tmRNA,train,grp1_a.I1.e.B.yamatoana.JCM2896.C1.SSU.943
tmRNA,train,grp1_a.I1.e.C.ellipsoidea.211-1a.C1.SSU.1506
tmRNA,train,grp1_a.I1.e.C.grayi.UNK.SSU.1046
tmRNA,train,grp1_a.I1.e.C.grayi.UNK.SSU.1516
tmRNA,train,grp1_a.I1.e.C.merochlorophea.UNK.SSU.1046
tmRNA,train,grp1_a.I1.e.C.merochlorophea.UNK.SSU.1210
tmRNA,train,grp1_a.I1.e.C.merochlorophea.UNK.SSU.1516
tmRNA,train,grp1_a.I1.e.C.saccatum.C1.SSU.1512
tmRNA,train,grp1_a.I1.e.C.saxonicum.C1.SSU.1506
tmRNA,train,grp1_a.I1.e.D.parva.C1.SSU.1512
tmRNA,train,grp1_a.I1.e.D.parva.C1.SSU.943
tmRNA,train,grp1_a.I1.e.D.salina.C1.SSU.943
tmRNA,train,grp1_a.I1.e.E.dermatitidis.C1.SSU.943
tmRNA,train,grp1_a.I1.e.L.dispersa.UNK.SSU.1046
tmRNA,train,grp1_a.I1.e.L.dispersa.UNK.SSU.1210
tmRNA,train,grp1_a.I1.e.L.dispersa.UNK.SSU.1516
tmRNA,train,grp1_a.I1.e.L.dispersa.UNK.SSU.287
tmRNA,train,grp1_a.I1.e.L.dispersa.UNK.SSU.516
tmRNA,train,grp1_a.I1.e.L.dispersa.UNK.SSU.789
tmRNA,train,grp1_a.I1.e.M.caldariorum.C1.SSU.1506
tmRNA,train,grp1_a.I1.e.P.carinii.C1.SSU.1506
tmRNA,train,grp1_a.I1.e.P.carinii.Pc1.C1.LSU.1921
tmRNA,train,grp1_a.I1.e.P.carinii.Pc2.C1.LSU.1921
tmRNA,train,grp1_a.I1.e.P.carinii.Pc3.C1.LSU.1921
tmRNA,train,grp1_a.I1.e.P.clavariiformis.C1.SSU.943
tmRNA,train,grp1_a.I1.e.P.inouyei.C1.SSU.1506
tmRNA,train,grp1_a.I1.e.P.inouyei.C1.SSU.943
tmRNA,train,grp1_a.I1.e.P.macrosporus.C1.SSU.1506
tmRNA,train,grp1_a.I1.e.P.pachydermus.C1.SSU.943
tmRNA,train,grp1_a.I1.e.P.sarcinoidea.C1.SSU.943
tmRNA,train,grp1_a.I1.e.S.granulatum.C1.SSU.1506
tmRNA,train,grp1_a.I1.e.S.paniceum.UNK.SSU.1052
tmRNA,train,grp1_a.I1.e.S.paniceum.UNK.SSU.114
tmRNA,train,grp1_a.I1.e.S.paniceum.UNK.SSU.1210
tmRNA,train,grp1_a.I1.e.S.paniceum.UNK.SSU.1506
tmRNA,train,grp1_a.I1.e.S.sclerotiorum_1837.C1.LSU.798
tmRNA,train,grp1_a.I1.e.Staurastrum.sp.M753.C1.SSU.1506
tmRNA,train,grp1_a.I1.e.T.cosmopolitanis.C1.LSU.1925
tmRNA,train,grp1_a.I1.e.T.hyperangularis.C1.LSU.1925
tmRNA,train,grp1_a.I1.e.T.malaccensis.C1.LSU.1925
tmRNA,train,grp1_a.I1.e.T.pigmentosa.C1.LSU.1925
tmRNA,train,grp1_a.I1.e.U.maydis.C1.SSU.943
tmRNA,train,grp1_a.I1.m.M.grisea.B2.ND1
tmRNA,train,grp1_b.I1.e.C.saccharophila.C1.SSU.156
tmRNA,train,grp1_b.I1.e.M.anisopliae.2.C1.LSU.1921
tmRNA,train,grp1_b.I1.e.M.anisopliae.3.C1.LSU.1921
tmRNA,train,grp1_b.I1.e.T.thermophila.C1.LSU.1925
tmRNA,train,grp1_s.I1.e.T.thermophila.C1.LSU.1925.schem
tmRNA,train,srp_Acin.spec._CR543861
tmRNA,train,srp_Aede.aegy._DW714815
tmRNA,train,srp_Aero.pern._BA000002
tmRNA,train,srp_Alka.meta._CP000724
tmRNA,train,srp_Anae.sp.._CP000769
tmRNA,train,srp_Anto.locu._GSP-278021
tmRNA,train,srp_Arab.thal._X72228
tmRNA,train,srp_Ashb.goss._AE016819
tmRNA,train,srp_Aspe.flav._GSP-332952
tmRNA,train,srp_Aspe.fumi._GSP-41122
tmRNA,train,srp_Aspe.terr._GSP-341663
tmRNA,train,srp_Baci.alca._D11422
tmRNA,train,srp_Baci.poly._D11421
tmRNA,train,srp_Baci.subt._X06802
tmRNA,train,srp_Baci.subt._X12642
tmRNA,train,srp_Bdel.bact._BX842656
tmRNA,train,srp_Bloc.flor._BX248585
tmRNA,train,srp_Borr.burg._AE000783
tmRNA,train,srp_Brad.japo._BA000040
tmRNA,train,srp_Bras.napu._EE412262
tmRNA,train,srp_Bruc.meli._AM040264
tmRNA,train,srp_Bruc.ovis._CP000708
tmRNA,train,srp_Burk.pseu._CP000572
tmRNA,train,srp_Camp.jeju._CP000025
tmRNA,train,srp_Cand.Bloc._CP000016
tmRNA,train,srp_Carb.hydr._CP000141
tmRNA,train,srp_Caul.cres._AE005700
tmRNA,train,srp_Chla.cavi._AE016995
tmRNA,train,srp_Chla.muri._AE002160
tmRNA,train,srp_Chla.pneu._AE001363
tmRNA,train,srp_Chla.rein._SDB-3055
tmRNA,train,srp_Chla.trac._AE001298
tmRNA,train,srp_Citr.sine._CN181543
tmRNA,train,srp_Clos.acet._AE001437
tmRNA,train,srp_Clos.botu._AM412317
tmRNA,train,srp_Clos.diff._AM180355
tmRNA,train,srp_Clos.kluy._CP000673
tmRNA,train,srp_Cocc.posa._GSP-222929
tmRNA,train,srp_Cory.diph._BX248354
tmRNA,train,srp_Cory.jeik._CR931997
tmRNA,train,srp_Cryp.homi._GSP-353151
tmRNA,train,srp_Cryp.parv._XM_626716
tmRNA,train,srp_Dani.rrer._BX469912
tmRNA,train,srp_Dros.mela._AE014297
tmRNA,train,srp_Dros.mela._X00952
tmRNA,train,srp_Dros.moja._GSP-7230
tmRNA,train,srp_Ence.cuni._AL590449
tmRNA,train,srp_Ente.faec._AE016953
tmRNA,train,srp_Ento.sulc._AF095839
tmRNA,train,srp_Esch.coli._AE016756
tmRNA,train,srp_Esch.coli._CP000243
tmRNA,train,srp_Esch.coli._U00096
tmRNA,train,srp_Esch.coli._U82664
tmRNA,train,srp_Esch.coli._X01074
tmRNA,train,srp_Fran.tula._AM286280
tmRNA,train,srp_Fran.tula._CP000437
tmRNA,train,srp_Gald.sulp._GSP-130081
tmRNA,train,srp_Gibb.zeae._GSP-229533
tmRNA,train,srp_Haem.infl._CP000672
tmRNA,train,srp_Hahe.chej._CP000155
tmRNA,train,srp_Halo.mari._AY596297
tmRNA,train,srp_Halo.volc._AF395888
tmRNA,train,srp_Heli.annu._AJ828095
tmRNA,train,srp_Heli.pylo._CP000241
tmRNA,train,srp_Homo.sapi._AB061847
tmRNA,train,srp_Homo.sapi._BE083383
tmRNA,train,srp_Homo.sapi._BF875598
tmRNA,train,srp_Homo.sapi._BF909438
tmRNA,train,srp_Homo.sapi._BF909560
tmRNA,train,srp_Homo.sapi._BF909563
tmRNA,train,srp_Humu.lupu._AJ236703
tmRNA,train,srp_Humu.lupu._X65983
tmRNA,train,srp_Hype.buty._CP000493
tmRNA,train,srp_Kine.radi._CP000750
tmRNA,train,srp_Kleb.pneu._CP000647
tmRNA,train,srp_Kluy.lact._CR382126
tmRNA,train,srp_Lact.case._CP000423
tmRNA,train,srp_Lact.john._AE017198
tmRNA,train,srp_Legi.pneu._CR628337
tmRNA,train,srp_Leis.braz._AY722724
tmRNA,train,srp_Leis.guya._AY722728
tmRNA,train,srp_Leis.infa._SDB-5671
tmRNA,train,srp_Leis.majo._AY722715
tmRNA,train,srp_Leis.majo._SDB-347515
tmRNA,train,srp_List.inno._AL596173
tmRNA,train,srp_List.mono._U15684
tmRNA,train,srp_Lyco.escu._Z29099
tmRNA,train,srp_Mann.succ._AE016827
tmRNA,train,srp_Mari.aqua._CP000514
tmRNA,train,srp_Medi.trun._AC136507
tmRNA,train,srp_Medi.trun._CX540689
tmRNA,train,srp_Meth.burt._CP000300
tmRNA,train,srp_Meth.ferv._M32222
tmRNA,train,srp_Meth.jann._L77117
tmRNA,train,srp_Meth.mari._CP000745
tmRNA,train,srp_Myco.bovi._BX248347
tmRNA,train,srp_Myco.geni._L43967
tmRNA,train,srp_Myco.hyop._AE017244
tmRNA,train,srp_Myco.syno._AE017245
tmRNA,train,srp_Nitr.euro._AL954747
tmRNA,train,srp_Nitr.euro._BX321857
tmRNA,train,srp_Nitr.eutr._CP000450
tmRNA,train,srp_Onch.volv._AI249203
tmRNA,train,srp_Orni.anat._GSP-9258
tmRNA,train,srp_Para.bras._CN241137
tmRNA,train,srp_Phyt.ramo._GSP-164328
tmRNA,train,srp_Popu.bals._GSP-73824
tmRNA,train,srp_Proc.mari._BX572093
tmRNA,train,srp_Proc.mari._CP000551
tmRNA,train,srp_Proc.mari._CP000576
tmRNA,train,srp_Proc.spec._AJ011025
tmRNA,train,srp_Pseu.syri._CP000075
tmRNA,train,srp_Psyc.sp.._CP000713
tmRNA,train,srp_Pyro.cali._CP000561
tmRNA,train,srp_Pyro.hori._BA000001
tmRNA,train,srp_Rick.typh._AE017197
tmRNA,train,srp_Sacc.para._BN000251
tmRNA,train,srp_Salm.ente._AE017220
tmRNA,train,srp_Schm.medi._GSP-79327
tmRNA,train,srp_Shew.balt._CP000563
tmRNA,train,srp_Shew.spec._CP000503
tmRNA,train,srp_Shig.flex._AE005674
tmRNA,train,srp_Shig.flex._AE014073
tmRNA,train,srp_Shig.flex._AE016979
tmRNA,train,srp_Shig.flex._CP000266
tmRNA,train,srp_Sili.spec._CP000377
tmRNA,train,srp_Sino.meli._AL591782
tmRNA,train,srp_Stap.aure._BX571857
tmRNA,train,srp_Stap.aure._CP000703
tmRNA,train,srp_Stap.aure._E36052
tmRNA,train,srp_Stre.agal._AL766845
tmRNA,train,srp_Stre.muta._AE014133
tmRNA,train,srp_Stre.pyog._AE009969
tmRNA,train,srp_Stre.pyog._AE014139
tmRNA,train,srp_Stre.pyog._AM295007
tmRNA,train,srp_Stre.pyog._CP000056
tmRNA,train,srp_Stre.pyog._CP000260
tmRNA,train,srp_Sulf.solf._Y08257
tmRNA,train,srp_Sulf.toko._BA000023
tmRNA,train,srp_Thal.pseu._EF067921
tmRNA,train,srp_Thal.pseu._GSP-296543
tmRNA,train,srp_Ther.acid._AL445063
tmRNA,train,srp_Ther.mela._CP000716
tmRNA,train,srp_Tric.vagi._GSP-5722-2
tmRNA,train,srp_Trit.aest._BE424647
tmRNA,train,srp_Trit.aest._CD897082
tmRNA,train,srp_Trop.whip._AE014184
tmRNA,train,srp_Trop.whip._AE016852
tmRNA,train,srp_Tryp.bruc._AF047723
tmRNA,train,srp_Tryp.bruc._S56681
tmRNA,train,srp_Tryp.bruc._X57047
tmRNA,train,srp_Tryp.cong._SDB-5692
tmRNA,train,srp_Vibr.chol._CP000627
tmRNA,train,srp_Xant.camp._CP000050
tmRNA,train,srp_Xant.oryz._AE013598
tmRNA,train,srp_Yarr.lipo._X51658
tmRNA,train,srp_Yers.pest._AE017042
tmRNA,train,srp_Yers.pest._AE017129
tmRNA,train,srp_Yers.pest._AJ414155
tmRNA,train,srp_Yers.pseu._BX936398
tmRNA,train,tRNA_tdbR00000003-Haloferax_volcanii-2246-Ala-GGC
tmRNA,train,tRNA_tdbR00000011-Neurospora_crassa-5141-Ala-UGC
tmRNA,train,tRNA_tdbR00000017-Homo_sapiens-9606-Ala-IGC
tmRNA,train,tRNA_tdbR00000020-Escherichia_coli-562-Cys-GCA
tmRNA,train,tRNA_tdbR00000021-Saccharomyces_cerevisiae-4932-Cys-GCA
tmRNA,train,tRNA_tdbR00000024-Mycoplasma_capricolum-2095-Asp-GUC
tmRNA,train,tRNA_tdbR00000026-Escherichia_coli-562-Asp-QUC
tmRNA,train,tRNA_tdbR00000030-Aedes_albopictus-7160-Asp-GUC
tmRNA,train,tRNA_tdbR00000032-Rattus_norvegicus-10116-Asp-GUC
tmRNA,train,tRNA_tdbR00000036-Euglena_gracilis-3039-Asp-GUC
tmRNA,train,tRNA_tdbR00000038-Rattus_norvegicus-10116-Asp-8UC
tmRNA,train,tRNA_tdbR00000042-Haloferax_volcanii-2246-Glu-MUC
tmRNA,train,tRNA_tdbR00000043-Haloferax_volcanii-2246-Glu-NUC
tmRNA,train,tRNA_tdbR00000059-Rattus_norvegicus-10116-Glu-3UC
tmRNA,train,tRNA_tdbR00000063-Haloferax_volcanii-2246-Phe-GAA
tmRNA,train,tRNA_tdbR00000067-Escherichia_coli-562-Phe-GAA
tmRNA,train,tRNA_tdbR00000072-Phaseolus_vulgaris-3885-Phe-GAA
tmRNA,train,tRNA_tdbR00000074-Tetrahymena_pyriformis-5908-Phe-GAA
tmRNA,train,tRNA_tdbR00000089-Brassica_napus-3708-Phe-AA
tmRNA,train,tRNA_tdbR00000090-Lupinus_luteus-3873-Phe-AA
tmRNA,train,tRNA_tdbR00000093-Bombyx_mori-7091-Phe-AA
tmRNA,train,tRNA_tdbR00000098-Xenopus_laevis-8355-Phe-AA
tmRNA,train,tRNA_tdbR00000108-Haloferax_volcanii-2246-Gly-GCC
tmRNA,train,tRNA_tdbR00000109-Haloferax_volcanii-2246-Gly-NCC
tmRNA,train,tRNA_tdbR00000111-Mycoplasma_capricolum-2095-Gly-UCC
tmRNA,train,tRNA_tdbR00000114-Staphylococcus_epidermidis-1282-Gly-UCC
tmRNA,train,tRNA_tdbR00000115-Staphylococcus_epidermidis-1282-Gly-UCC
tmRNA,train,tRNA_tdbR00000119-Escherichia_coli-562-Gly-NCC
tmRNA,train,tRNA_tdbR00000125-Bos_taurus-9913-Gly-UCC
tmRNA,train,tRNA_tdbR00000128-Halocynthia_roretzi-7729-Gly-GCU
tmRNA,train,tRNA_tdbR00000136-Homo_sapiens-9606-Gly-GCC
tmRNA,train,tRNA_tdbR00000139-Mycoplasma_capricolum-2095-His-GUK
tmRNA,train,tRNA_tdbR00000140-Escherichia_coli-562-His-QUG
tmRNA,train,tRNA_tdbR00000142-Saccharomyces_cerevisiae-4932-His-GUG
tmRNA,train,tRNA_tdbR00000143-Asterias_amurensis-7602-His-QUG
tmRNA,train,tRNA_tdbR00000151-Haloferax_volcanii-2246-Ile-GAU
tmRNA,train,tRNA_tdbR00000159-Escherichia_coli-562-Ile-GAU
tmRNA,train,tRNA_tdbR00000164-Saccharomyces_cerevisiae-4932-Ile-GAU
tmRNA,train,tRNA_tdbR00000165-Solanum_tuberosum-4113-Ile-AU
tmRNA,train,tRNA_tdbR00000170-Saccharomyces_cerevisiae-4932-Ile-IAU
tmRNA,train,tRNA_tdbR00000172-Lupinus_luteus-3873-Ile-IAU
tmRNA,train,tRNA_tdbR00000175-Haloferax_volcanii-2246-Lys-NUU
tmRNA,train,tRNA_tdbR00000176-Haloferax_volcanii-2246-Lys-MUU
tmRNA,train,tRNA_tdbR00000177-Mycoplasma_capricolum-2095-Lys-CUU
tmRNA,train,tRNA_tdbR00000179-Bacillus_subtilis-1423-Lys-UU
tmRNA,train,tRNA_tdbR00000192-Saccharomyces_cerevisiae-4932-Lys-CUU
tmRNA,train,tRNA_tdbR00000194-Triticum_aestivum-4565-Lys-CUU
tmRNA,train,tRNA_tdbR00000196-Rattus_norvegicus-10116-Lys-CUN
tmRNA,train,tRNA_tdbR00000197-Rattus_norvegicus-10116-Lys-3UU
tmRNA,train,tRNA_tdbR00000199-Oryctolagus_cuniculus-9986-Lys-CUU
tmRNA,train,tRNA_tdbR00000206-Loligo_bleekeri-6617-Lys-UUU
tmRNA,train,tRNA_tdbR00000208-Mus_musculus-10090-Lys-CUN
tmRNA,train,tRNA_tdbR00000209-Enterobacteria_phage_T4-10665-Leu-NAA
tmRNA,train,tRNA_tdbR00000216-Mycoplasma_capricolum-2095-Leu-BAA
tmRNA,train,tRNA_tdbR00000218-Mycoplasma_capricolum-2095-Leu-UAG
tmRNA,train,tRNA_tdbR00000221-Escherichia_coli-562-Leu-CAG
tmRNA,train,tRNA_tdbR00000222-Escherichia_coli-562-Leu-GAG
tmRNA,train,tRNA_tdbR00000225-Synechococcus_elongatus_PCC_6301-269084-Leu-CAA
tmRNA,train,tRNA_tdbR00000230-Glycine_max-3847-Leu-UA7
tmRNA,train,tRNA_tdbR00000233-Phaseolus_vulgaris-3885-Leu-UA7
tmRNA,train,tRNA_tdbR00000237-Saccharomyces_cerevisiae-4932-Leu-AA
tmRNA,train,tRNA_tdbR00000243-Rattus_norvegicus-10116-Leu-UAG
tmRNA,train,tRNA_tdbR00000244-Rattus_norvegicus-10116-Leu-UAG
tmRNA,train,tRNA_tdbR00000245-Rattus_norvegicus-10116-Leu-UAG
tmRNA,train,tRNA_tdbR00000254-Candida_cylindracea-44322-Leu-IAG
tmRNA,train,tRNA_tdbR00000273-Mycoplasma_capricolum-2095-Met-CAU
tmRNA,train,tRNA_tdbR00000277-Codium_fragile-3133-Met-CAU
tmRNA,train,tRNA_tdbR00000278-Scenedesmus_obliquus-3088-Met-CAU
tmRNA,train,tRNA_tdbR00000282-Ascaris_suum-6253-Met-AU
tmRNA,train,tRNA_tdbR00000285-Triticum_aestivum-4565-Met-BAU
tmRNA,train,tRNA_tdbR00000286-Lupinus_luteus-3873-Met-BAU
tmRNA,train,tRNA_tdbR00000291-Halobacterium_salinarum-2242-Asn-GUU
tmRNA,train,tRNA_tdbR00000300-Saccharomyces_cerevisiae-4932-Asn-GUU
tmRNA,train,tRNA_tdbR00000301-Lupinus_luteus-3873-Asn-UU
tmRNA,train,tRNA_tdbR00000309-Enterobacteria_phage_T4-10665-Pro-NGG
tmRNA,train,tRNA_tdbR00000313-Haloferax_volcanii-2246-Pro-UGG
tmRNA,train,tRNA_tdbR00000316-Bacillus_subtilis-1423-Pro-5GG
tmRNA,train,tRNA_tdbR00000317-Salmonella_typhimurium-602-Pro-CGG
tmRNA,train,tRNA_tdbR00000328-Enterobacteria_phage_T5-10726-Gln-UUG
tmRNA,train,tRNA_tdbR00000333-Escherichia_coli-562-Gln-NUG
tmRNA,train,tRNA_tdbR00000336-Aedes_albopictus-7160-Gln-NUG
tmRNA,train,tRNA_tdbR00000338-Tetrahymena_thermophila-5911-Gln-JUA
tmRNA,train,tRNA_tdbR00000342-Bos_taurus-9913-Gln-CUG
tmRNA,train,tRNA_tdbR00000343-Mus_musculus-10090-Gln-CUG
tmRNA,train,tRNA_tdbR00000346-Homo_sapiens-9606-Gln-NUG
tmRNA,train,tRNA_tdbR00000347-Enterobacteria_phage_T4-10665-Arg-NCU
tmRNA,train,tRNA_tdbR00000351-Haloferax_volcanii-2246-Arg-NCG
tmRNA,train,tRNA_tdbR00000352-Mycoplasma_capricolum-2095-Arg-ICG
tmRNA,train,tRNA_tdbR00000355-Escherichia_coli-562-Arg-ICG
tmRNA,train,tRNA_tdbR00000356-Escherichia_coli-562-Arg-ICG
tmRNA,train,tRNA_tdbR00000358-Escherichia_coli-562-Arg-CU
tmRNA,train,tRNA_tdbR00000360-Codium_fragile-3133-Arg-ICG
tmRNA,train,tRNA_tdbR00000363-Ascaris_suum-6253-Arg-PCU
tmRNA,train,tRNA_tdbR00000368-Mesocricetus_auratus-10036-Arg-UCG
tmRNA,train,tRNA_tdbR00000371-Saccharomyces_cerevisiae-4932-Arg-1CU
tmRNA,train,tRNA_tdbR00000377-Mus_musculus-10090-Arg-ICG
tmRNA,train,tRNA_tdbR00000393-Escherichia_coli-562-Ser-GGA
tmRNA,train,tRNA_tdbR00000394-Escherichia_coli-562-Ser-VGA
tmRNA,train,tRNA_tdbR00000396-Saccharomyces_cerevisiae-4932-Ser-UGA
tmRNA,train,tRNA_tdbR00000397-Saccharomyces_cerevisiae-4932-Ser-UGA
tmRNA,train,tRNA_tdbR00000400-Loligo_bleekeri-6617-Ser-7CU
tmRNA,train,tRNA_tdbR00000406-Saccharomyces_cerevisiae-4932-Ser-NGA
tmRNA,train,tRNA_tdbR00000407-Saccharomyces_cerevisiae-4932-Ser-IGA
tmRNA,train,tRNA_tdbR00000415-Nicotiana_rustica-4093-Ser-GA
tmRNA,train,tRNA_tdbR00000416-Nicotiana_rustica-4093-Ser-CGA
tmRNA,train,tRNA_tdbR00000424-Drosophila_melanogaster-7227-Ser-GCU
tmRNA,train,tRNA_tdbR00000430-Halobacterium_salinarum-2242-Thr-GGU
tmRNA,train,tRNA_tdbR00000431-Haloferax_volcanii-2246-Thr-CGU
tmRNA,train,tRNA_tdbR00000432-Haloferax_volcanii-2246-Thr-GGU
tmRNA,train,tRNA_tdbR00000439-Spinacia_oleracea-3562-Thr-GGU
tmRNA,train,tRNA_tdbR00000443-Saccharomyces_cerevisiae-4932-Thr-IGU
tmRNA,train,tRNA_tdbR00000445-Bos_taurus-9913-Thr-IGU
tmRNA,train,tRNA_tdbR00000446-Halobacterium_salinarum-2242-Val-CAC
tmRNA,train,tRNA_tdbR00000448-Halobacterium_salinarum-2242-Val-GAC
tmRNA,train,tRNA_tdbR00000451-Mycoplasma_capricolum-2095-Val-UAC
tmRNA,train,tRNA_tdbR00000453-Bacillus_subtilis-1423-Val-5AC
tmRNA,train,tRNA_tdbR00000455-Escherichia_coli-562-Val-GAC
tmRNA,train,tRNA_tdbR00000461-Rattus_norvegicus-10116-Val-UAC
tmRNA,train,tRNA_tdbR00000463-Bos_taurus-9913-Val-UAC
tmRNA,train,tRNA_tdbR00000467-Pichia_jadinii-4903-Val-IAC
tmRNA,train,tRNA_tdbR00000471-Oryctolagus_cuniculus-9986-Val-IAC
tmRNA,train,tRNA_tdbR00000472-Drosophila_melanogaster-7227-Val-IAC
tmRNA,train,tRNA_tdbR00000475-Mus_musculus-10090-Val-IAC
tmRNA,train,tRNA_tdbR00000477-Avian_myeloblastosis_virus-11866-Trp-BCA
tmRNA,train,tRNA_tdbR00000478-Haloferax_volcanii-2246-Trp-BCA
tmRNA,train,tRNA_tdbR00000480-Mycoplasma_capricolum-2095-Trp-CA
tmRNA,train,tRNA_tdbR00000482-Spiroplasma_citri-2133-Trp-CCA
tmRNA,train,tRNA_tdbR00000485-Nicotiana_tabacum-4097-Trp-BCA
tmRNA,train,tRNA_tdbR00000488-Tetrahymena_thermophila-5911-Trp-CA
tmRNA,train,tRNA_tdbR00000500-Haloferax_volcanii-2246-Ini-CAU
tmRNA,train,tRNA_tdbR00000504-Mycoplasma_capricolum-2095-Ini-CAU
tmRNA,train,tRNA_tdbR00000505-Mycoplasma_mycoides-2102-Ini-CAU
tmRNA,train,tRNA_tdbR00000506-Streptomyces_griseus-1911-Ini-CAU
tmRNA,train,tRNA_tdbR00000507-Bacillus_subtilis-1423-Ini-CAU
tmRNA,train,tRNA_tdbR00000510-Escherichia_coli-562-Ini-CAU
tmRNA,train,tRNA_tdbR00000514-Scenedesmus_obliquus-3088-Ini-CAU
tmRNA,train,tRNA_tdbR00000519-Phaseolus_vulgaris-3885-Ini-CAU
tmRNA,train,tRNA_tdbR00000522-Bos_taurus-9913-Ini-AU
tmRNA,train,tRNA_tdbR00000523-Tetrahymena_thermophila-5911-Ini-CAU
tmRNA,train,tRNA_tdbR00000529-Triticum_aestivum-4565-Ini-CAU
tmRNA,train,tRNA_tdbR00000532-Oryctolagus_cuniculus-9986-Ini-CAU
tmRNA,train,tRNA_tdbR00000533-Drosophila_melanogaster-7227-Ini-CAU
tmRNA,train,tRNA_tdbR00000534-Euphausia_superba-6819-Ini-CAU
tmRNA,train,tRNA_tdbR00000535-Xenopus_laevis-8355-Ini-CAU
tmRNA,train,tRNA_tdbR00000539-Ovis_aries-9940-Ini-CAU
tmRNA,train,tRNA_tdbR00000545-Escherichia_coli-562-Tyr-QUA
tmRNA,train,tRNA_tdbR00000546-Escherichia_coli-562-Tyr-QUA
tmRNA,train,tRNA_tdbR00000556-Schizosaccharomyces_pombe-4896-Tyr-GPA
tmRNA,train,tRNA_tdbR00000559-Triticum_aestivum-4565-Tyr-GPA
tmRNA,train,tRNA_tdbR00000560-Lupinus_luteus-3873-Tyr-GPA
tmRNA,train,tRNA_tdbR00000565-Bos_taurus-9913-Tyr-9PA
tmRNA,train,tRNA_tdbR00000572-Leishmania_tarentolae-5689-Lys-1UU
tmRNA,train,tRNA_tdbR00000575-Leishmania_tarentolae-5689-Thr-CGU
tmRNA,train,tRNA_tdbR00000578-Leishmania_tarentolae-5689-Glu-3UC
tmRNA,train,tRNA_tdbR00000584-Aeropyrum_pernix-56636-Pro-GGG
tmRNA,train,tRNA_tdbR00000590-Ascaris_suum-6253-Glu-UC
tmRNA,train,tRNA_tdbR00000593-Ascaris_suum-6253-Trp-CA
tmRNA,train,tRNA_tdbR00000611-Sinorhizobium_meliloti-382-His-GUG
tmRNA,train,tRNA_tdbR00000617-Nanoarchaeum_equitans-160232-Gln-UUG
tmRNA,train,tRNA_tdbR00000618-Candida_albicans-5476-Leu-CAG
tmRNA,train,telomerase_AF147806.247-692
tmRNA,train,telomerase_AF221906.96-545
tmRNA,train,telomerase_AF221909.98-496
tmRNA,train,telomerase_AF221910.112-554
tmRNA,train,telomerase_AF221911.104-513
tmRNA,train,telomerase_AF221912.98-564
tmRNA,train,telomerase_AF221913.109-520
tmRNA,train,telomerase_AF221914.112-589
tmRNA,train,telomerase_AF221916.94-481
tmRNA,train,telomerase_AF221917.99-542
tmRNA,train,telomerase_AF221918.97-547
tmRNA,train,telomerase_AF221919.107-614
tmRNA,train,telomerase_AF221920.99-541
tmRNA,train,telomerase_AF221921.98-548
tmRNA,train,telomerase_AF221924.105-538
tmRNA,train,telomerase_AF221927.113-556
tmRNA,train,telomerase_AF221928.95-476
tmRNA,train,telomerase_AF221929.92-517
tmRNA,train,telomerase_AF221930.94-546
tmRNA,train,telomerase_AF221931.99-541
tmRNA,train,telomerase_AF221934.121-565
tmRNA,train,telomerase_AF221935.112-602
tmRNA,train,telomerase_AF221936.98-540
tmRNA,train,telomerase_AF221937.99-545
tmRNA,train,telomerase_AF221939.99-544
tmRNA,train,telomerase_AY058901.1-397
tmRNA,train,telomerase_AY312571.605-1069
tmRNA,train,telomerase_U85256.1-451
tmRNA,valid,16s_B.burgdorferi_domain4
tmRNA,valid,16s_B.subtilis_domain4
tmRNA,valid,16s_C.elegans_domain4
tmRNA,valid,16s_C.reinhardtii.chloro_domain1
tmRNA,valid,16s_C.reinhardtii.chloro_domain3
tmRNA,valid,16s_C.reinhardtii.mito_domain1
tmRNA,valid,16s_C.reinhardtii.mito_domain2
tmRNA,valid,16s_H.sapiens.mito_domain3
tmRNA,valid,16s_H.volcanii_domain1
tmRNA,valid,16s_P.occultum_domain4
tmRNA,valid,16s_S.cerevisiae_domain3
tmRNA,valid,16s_T.gondii_domain3
tmRNA,valid,16s_T.maritima_domain3
tmRNA,valid,23s_B.subtilis_domain3
tmRNA,valid,23s_B.subtilis_domain6
tmRNA,valid,23s_T.thermophilus_domain6
tmRNA,valid,5s_Acanthamoeba-castellanii-2
tmRNA,valid,5s_Acinetospora-crinita-1
tmRNA,valid,5s_Agrobacterium-tumefaciens-6
tmRNA,valid,5s_Asterina-pectinifera-1
tmRNA,valid,5s_Auricularia-auricula-judae-1
tmRNA,valid,5s_Azotobacter-vinelandii-1
tmRNA,valid,5s_Bacillus-anthracis-10
tmRNA,valid,5s_Bacillus-thuringiensis-1
tmRNA,valid,5s_Bifidobacterium-longum-3
tmRNA,valid,5s_Brevibacillus-brevis-1
tmRNA,valid,5s_Caenorhabditis-briggsae-1
tmRNA,valid,5s_Cryptococcus-humicola-1
tmRNA,valid,5s_Dipsacomyces-acuminosporus-1
tmRNA,valid,5s_Dugesia-japonica-1
tmRNA,valid,5s_E_glandulE
tmRNA,valid,5s_Eisenia-bicyclis-1
tmRNA,valid,5s_Emericella-nidulans-3
tmRNA,valid,5s_Emericella-nidulans-8
tmRNA,valid,5s_Empedobacter-brevis-1
tmRNA,valid,5s_Escherichia-coli-6
tmRNA,valid,5s_Fusarium-lunulosporum-3
tmRNA,valid,5s_Fusobacterium-nucleatum-4
tmRNA,valid,5s_Grimontia-hollisae-1
tmRNA,valid,5s_Hyphomonas-oligotropha-1
tmRNA,valid,5s_Illex-illecebrosus-1
tmRNA,valid,5s_Kluyveromyces-delphensis-1
tmRNA,valid,5s_Lentinula-edodes-2
tmRNA,valid,5s_Mycoplasma-genitalium-1
tmRNA,valid,5s_Mycoplasma-penetrans-1
tmRNA,valid,5s_Paracentrotus-lividus-2
tmRNA,valid,5s_Pirellula-sp.-1
tmRNA,valid,5s_Pseudomonas-fluorescens-2
tmRNA,valid,5s_Pseudomonas-fluorescens-4
tmRNA,valid,5s_Puccinia-poarum-1
tmRNA,valid,5s_Pyrococcus-woesei-1
tmRNA,valid,5s_Staphylococcus-aureus-1
tmRNA,valid,5s_Streptomyces-roseoverticillatus-1
tmRNA,valid,5s_Ureaplasma-parvum-1
tmRNA,valid,5s_Urechis-unicinctus-1
tmRNA,valid,5s_Vitreoscilla-filiformis-1
tmRNA,valid,RNaseP_A.ferrooxidans-g
tmRNA,valid,RNaseP_B.brevis
tmRNA,valid,RNaseP_Buchnera-APS
tmRNA,valid,RNaseP_C.tepidum-g
tmRNA,valid,RNaseP_CPA54
tmRNA,valid,RNaseP_ESH26-4
tmRNA,valid,RNaseP_Fischerella-UTEX1829
tmRNA,valid,RNaseP_H.aurantiacus
tmRNA,valid,RNaseP_H.influenza
tmRNA,valid,RNaseP_M.hyopneumoniae
tmRNA,valid,RNaseP_M.pneumoniae
tmRNA,valid,RNaseP_M.tuberculosis
tmRNA,valid,RNaseP_M.vannielli
tmRNA,valid,RNaseP_N.gonnorhoeae
tmRNA,valid,RNaseP_N.meningitidis-Z2491
tmRNA,valid,RNaseP_Onchorhynchus-2
tmRNA,valid,RNaseP_Onchorhynchus-sp-2
tmRNA,valid,RNaseP_P.azotoformans
tmRNA,valid,RNaseP_P.furiosus-2
tmRNA,valid,RNaseP_P.marinus
tmRNA,valid,RNaseP_P.putida
tmRNA,valid,RNaseP_P.strasburgensis
tmRNA,valid,RNaseP_P131
tmRNA,valid,RNaseP_Prochlorococcus-PAC1A
tmRNA,valid,RNaseP_Prochlorococcus-PCC9511
tmRNA,valid,RNaseP_Prochlorococcus-TATL2-2
tmRNA,valid,RNaseP_R.americana-mito
tmRNA,valid,RNaseP_R.norvegicus
tmRNA,valid,RNaseP_S.caesia-K200
tmRNA,valid,RNaseP_S.carlsbergensis
tmRNA,valid,RNaseP_S.diastaticus
tmRNA,valid,RNaseP_S.mutans
tmRNA,valid,RNaseP_S.uvarum
tmRNA,valid,RNaseP_SM-A1113
tmRNA,valid,RNaseP_SM-A1519
tmRNA,valid,RNaseP_SM-A2642
tmRNA,valid,RNaseP_T.maritima-g
tmRNA,valid,RNaseP_T.syrichta
tmRNA,valid,RNaseP_T.thermophilus
tmRNA,valid,RNaseP_Y.pestis
tmRNA,valid,grp1_a.I1.b.Dermocarpa.sp.ATCC29371.C3.tMET
tmRNA,valid,grp1_a.I1.b.Phormidium.sp.N182.C3.tLEU
tmRNA,valid,grp1_a.I1.b.Synechococcus.sp2.C3.tLEU
tmRNA,valid,grp1_a.I1.e.A.capsulatus.G186B.C1.SSU
tmRNA,valid,grp1_a.I1.e.B.yamatoana.JCM2896.C1.SSU.1506
tmRNA,valid,grp1_a.I1.e.C.ellipsoidea.IAMC-87.C1.SSU.1506
tmRNA,valid,grp1_a.I1.e.C.merochlorophea.UNK.SSU.1389
tmRNA,valid,grp1_a.I1.e.G.planctonica.C1.SSU.943
tmRNA,valid,grp1_a.I1.e.G.spirotaenia.C1.SSU.1506
tmRNA,valid,grp1_a.I1.e.L.dispersa.UNK.SSU.114
tmRNA,valid,grp1_a.I1.e.P.macrosporus.C1.SSU.943
tmRNA,valid,grp1_a.I1.e.S.paniceum.UNK.SSU.287
tmRNA,valid,grp1_a.I1.e.Staurastrum.sp.M752.C1.SSU.1506
tmRNA,valid,grp1_a.I1.m.S.luteus.A1.LSU.2504
tmRNA,valid,grp1_a.I1.m.S.pombe.B1.OX1
tmRNA,valid,srp_Arab.thal._AC005275
tmRNA,valid,srp_Baci.cere._CP000001
tmRNA,valid,srp_Baci.thur._CP000485
tmRNA,valid,srp_Bos.taur._GSP-6282
tmRNA,valid,srp_Burk.mall._CP000546
tmRNA,valid,srp_Burk.pseu._CP000124
tmRNA,valid,srp_Caen.eleg._AY948607
tmRNA,valid,srp_Chlo.vulg._AB001684
tmRNA,valid,srp_Cion.savi._BW551179
tmRNA,valid,srp_Clos.beij._CP000721
tmRNA,valid,srp_Clos.perf._CP000246
tmRNA,valid,srp_Cypr.carp._CF662133
tmRNA,valid,srp_Desu.vulg._CP000527
tmRNA,valid,srp_Esch.coli._CP000468
tmRNA,valid,srp_Fran.tula._AJ749949
tmRNA,valid,srp_Fran.tula._CP000439
tmRNA,valid,srp_Heli.pylo._AE001439
tmRNA,valid,srp_Homo.sapi._NR_002715
tmRNA,valid,srp_Lact.delb._CR954253
tmRNA,valid,srp_Leis.dono._AY722734
tmRNA,valid,srp_Leis.infa._AM502223
tmRNA,valid,srp_List.wels._AM263198
tmRNA,valid,srp_Medi.trun._BE941271
tmRNA,valid,srp_Meth.acet._AE010299
tmRNA,valid,srp_Meth.maze._AE008384
tmRNA,valid,srp_Mono.brev._GSP-81824
tmRNA,valid,srp_Myco.lepr._AL023596
tmRNA,valid,srp_Myco.myco._BX842642
tmRNA,valid,srp_Myco.spec._CP000580
tmRNA,valid,srp_Picr.torr._AE017261
tmRNA,valid,srp_Plas.gall._GSP-5849
tmRNA,valid,srp_Proc.mari._AE017165
tmRNA,valid,srp_Psyc.arct._CP000082
tmRNA,valid,srp_Stap.epid._AF269814
tmRNA,valid,srp_Stre.pneu._AE007319
tmRNA,valid,srp_Stre.pneu._CP000410
tmRNA,valid,srp_Stre.pyog._CP000261
tmRNA,valid,srp_Ther.koda._AP006878
tmRNA,valid,srp_Toxo.gond._GSP-398031
tmRNA,valid,srp_Yers.pest._CP000305
tmRNA,valid,tRNA_tdbR00000010-Escherichia_coli-562-Ala-VGC
tmRNA,valid,tRNA_tdbR00000013-Pichia_jadinii-4903-Ala-IGC
tmRNA,valid,tRNA_tdbR00000053-Bos_taurus-9913-Glu-NUC
tmRNA,valid,tRNA_tdbR00000078-Ascaris_suum-6253-Phe-GAA
tmRNA,valid,tRNA_tdbR00000092-Oryctolagus_cuniculus-9986-Phe-AA
tmRNA,valid,tRNA_tdbR00000132-Lupinus_luteus-3873-Gly-GCC
tmRNA,valid,tRNA_tdbR00000155-Mycoplasma_mycoides-2102-Ile-GAU
tmRNA,valid,tRNA_tdbR00000184-Asterias_amurensis-7602-Lys-CUU
tmRNA,valid,tRNA_tdbR00000211-Haloferax_volcanii-2246-Leu-CAA
tmRNA,valid,tRNA_tdbR00000228-Glycine_max-3847-Leu-BAA
tmRNA,valid,tRNA_tdbR00000234-Spinacia_oleracea-3562-Leu-UA7
tmRNA,valid,tRNA_tdbR00000236-Neurospora_crassa-5141-Leu-UAG
tmRNA,valid,tRNA_tdbR00000252-Pichia_jadinii-4903-Leu-BAA
tmRNA,valid,tRNA_tdbR00000270-Avian_myeloblastosis_virus-11866-Met-BAU
tmRNA,valid,tRNA_tdbR00000294-Mycoplasma_capricolum-2095-Asn-GUU
tmRNA,valid,tRNA_tdbR00000337-Tetrahymena_thermophila-5911-Gln-CUA
tmRNA,valid,tRNA_tdbR00000364-Ascaris_suum-6253-Arg-ACG
tmRNA,valid,tRNA_tdbR00000365-Aedes_albopictus-7160-Arg-UCG
tmRNA,valid,tRNA_tdbR00000375-Bos_taurus-9913-Arg-CCU
tmRNA,valid,tRNA_tdbR00000376-Bos_taurus-9913-Arg-3CP
tmRNA,valid,tRNA_tdbR00000380-Halobacterium_salinarum-2242-Ser-MGA
tmRNA,valid,tRNA_tdbR00000383-Haloferax_volcanii-2246-Ser-GGA
tmRNA,valid,tRNA_tdbR00000386-Mycoplasma_mycoides-2102-Ser-UGA
tmRNA,valid,tRNA_tdbR00000403-Bos_taurus-9913-Ser-UGA
tmRNA,valid,tRNA_tdbR00000408-Saccharomyces_cerevisiae-4932-Ser-IGA
tmRNA,valid,tRNA_tdbR00000413-Candida_cylindracea-44322-Ser-GCU
tmRNA,valid,tRNA_tdbR00000459-Neurospora_crassa-5141-Val-UAC
tmRNA,valid,tRNA_tdbR00000465-Saccharomyces_cerevisiae-4932-Val-CAC
tmRNA,valid,tRNA_tdbR00000486-Phaseolus_vulgaris-3885-Trp-BCA
tmRNA,valid,tRNA_tdbR00000492-Rattus_norvegicus-10116-Trp-NCA
tmRNA,valid,tRNA_tdbR00000497-Bos_taurus-9913-Trp-BCA
tmRNA,valid,tRNA_tdbR00000498-Gallus_gallus-9031-Trp-BCA
tmRNA,valid,tRNA_tdbR00000499-Halobacterium_salinarum-2242-Ini-CAU
tmRNA,valid,tRNA_tdbR00000512-Mycobacterium_smegmatis-1772-Ini-CAU
tmRNA,valid,tRNA_tdbR00000548-Scenedesmus_obliquus-3088-Tyr-GUA
tmRNA,valid,tRNA_tdbR00000581-Aeropyrum_pernix-56636-Lys-CUU
tmRNA,valid,tRNA_tdbR00000587-Aeropyrum_pernix-56636-Met-CAU
tmRNA,valid,tRNA_tdbR00000605-Lupinus_luteus-3873-Leu-CAG
tmRNA,valid,tRNA_tdbR00000613-Nanoarchaeum_equitans-160232-Glu-CUC
tmRNA,valid,tRNA_tdbR00000616-Nanoarchaeum_equitans-160232-Lys-CUU
tmRNA,valid,telomerase_AC121792.109554-109950
tmRNA,valid,telomerase_AF221908.136-584
tmRNA,valid,telomerase_AF221923.106-554
tmRNA,valid,telomerase_AF221925.98-540
tmRNA,valid,telomerase_AF221926.103-507
tmRNA,valid,telomerase_AF221932.102-549
tmRNA,valid,telomerase_AF221940.103-499
