fold,partition,id
16s,test,16s_A.fulgidus_domain2
16s,test,16s_A.fulgidus_domain3
16s,test,16s_A.fulgidus_domain4
16s,test,16s_A.pyrophilus_domain2
16s,test,16s_A.pyrophilus_domain4
16s,test,16s_B.burgdorferi_domain2
16s,test,16s_B.burgdorferi_domain3
16s,test,16s_B.burgdorferi_domain4
16s,test,16s_B.subtilis_domain2
16s,test,16s_B.subtilis_domain3
16s,test,16s_B.subtilis_domain4
16s,test,16s_C.elegans_domain1
16s,test,16s_C.elegans_domain2
16s,test,16s_C.elegans_domain3
16s,test,16s_C.elegans_domain4
16s,test,16s_C.psittaci_domain2
16s,test,16s_C.psittaci_domain3
16s,test,16s_C.psittaci_domain4
16s,test,16s_C.reinhardtii.chloro_domain1
16s,test,16s_C.reinhardtii.chloro_domain2
16s,test,16s_C.reinhardtii.chloro_domain3
16s,test,16s_C.reinhardtii.chloro_domain4
16s,test,16s_C.reinhardtii.mito_domain1
16s,test,16s_C.reinhardtii.mito_domain2
16s,test,16s_C.reinhardtii.mito_domain3
16s,test,16s_C.reinhardtii.mito_domain4
16s,test,16s_D.melanogaster_domain4
16s,test,16s_E.coli_domain2
16s,test,16s_E.coli_domain3
16s,test,16s_E.coli_domain4
16s,test,16s_F.ananassa_domain3
16s,test,16s_F.ananassa_domain4
16s,test,16s_G.intestinalis_domain1
16s,test,16s_G.intestinalis_domain2
16s,test,16s_G.intestinalis_domain3
16s,test,16s_G.intestinalis_domain4
16s,test,16s_H.sapiens.mito_domain1
16s,test,16s_H.sapiens.mito_domain2
16s,test,16s_H.sapiens.mito_domain3
16s,test,16s_H.sapiens.mito_domain4
16s,test,16s_H.sapiens_domain3
16s,test,16s_H.sapiens_domain4
16s,test,16s_H.volcanii_domain1
16s,test,16s_H.volcanii_domain2
16s,test,16s_H.volcanii_domain3
16s,test,16s_H.volcanii_domain4
16s,test,16s_M.polymorpha_domain2
16s,test,16s_M.polymorpha_domain3
16s,test,16s_M.polymorpha_domain4
16s,test,16s_P.occultum_domain2
16s,test,16s_P.occultum_domain3
16s,test,16s_P.occultum_domain4
16s,test,16s_P.staleyi_domain2
16s,test,16s_P.staleyi_domain3
16s,test,16s_P.staleyi_domain4
16s,test,16s_S.cerevisiae_domain3
16s,test,16s_S.cerevisiae_domain4
16s,test,16s_T.gondii_domain3
16s,test,16s_T.gondii_domain4
16s,test,16s_T.maritima_domain2
16s,test,16s_T.maritima_domain3
16s,test,16s_T.maritima_domain4
16s,test,16s_Z.mays_domain1
16s,test,16s_Z.mays_domain2
16s,test,16s_Z.mays_domain3
16s,test,16s_Z.mays_domain4
16s,train,23s_B.subtilis_domain3
16s,train,23s_B.subtilis_domain4
16s,train,23s_B.subtilis_domain6
16s,train,23s_E.coli_domain3
16s,train,23s_E.coli_domain6
16s,train,23s_H.pylori_domain3
16s,train,23s_H.pylori_domain6
16s,train,23s_S.aureus_domain3
16s,train,23s_S.aureus_domain4
16s,train,23s_S.aureus_domain6
16s,train,23s_T.thermophilus_domain4
16s,train,23s_T.thermophilus_domain6
16s,train,5s_Andrias-davidianus-1
16s,train,5s_Ascobolus-immersus-1
16s,train,5s_Asterias-vulgaris-1
16s,train,5s_Aurelia_aurita-1
16s,train,5s_Azospirillum-lipoferum-1
16s,train,5s_Bacillus-amyloliquefaciens-1
16s,train,5s_Bacteroides-capillosus-1
16s,train,5s_Bacteroides-fragilis-5
16s,train,5s_Brucella-suis-1
16s,train,5s_Buchnera-aphidicola-1
16s,train,5s_Bursaphelenchus-xylophilus-1
16s,train,5s_Candidatus-Phytoplasma-asteris-1
16s,train,5s_Candidatus-Tremblaya-princeps-5
16s,train,5s_Chlorella-pyrenoidosa-1
16s,train,5s_Chlorobium-tepidum-1
16s,train,5s_Clostridium-acetobutylicum-3
16s,train,5s_Coxiella-burnetii-2
16s,train,5s_Cryptococcus-laurentii-1
16s,train,5s_Desulfurococcus-mobilis-1
16s,train,5s_Drosophila-melanogaster-2
16s,train,5s_Ehrlichia-ruminantium-1
16s,train,5s_Erythromicrobium-ezovicum-1
16s,train,5s_Erythromicrobium-hydrolyticum-1
16s,train,5s_Erythromicrobium-ramosum-1
16s,train,5s_Filobasidiella-depauperata-1
16s,train,5s_Fusarium-culmorum-6
16s,train,5s_Fusobacterium-nucleatum-5
16s,train,5s_Gracilaria-compressa-2
16s,train,5s_Halobacterium-sp.-2
16s,train,5s_Halococcus-morrhuae-2
16s,train,5s_Halorubrum-distributum-3
16s,train,5s_Lactobacillus-johnsonii-1
16s,train,5s_Lactococcus-lactis-2
16s,train,5s_Limulus-polyphemus-1
16s,train,5s_Meloidogyne-arenaria-2
16s,train,5s_Methanobrevibacter-ruminantium-1
16s,train,5s_Methanopyrus-kandleri-1
16s,train,5s_Methanosarcina-mazei-2
16s,train,5s_Methanosarcina-vacuolata-1
16s,train,5s_Methanospirillum-hungatei-1
16s,train,5s_Mycoplasma-gallisepticum-4
16s,train,5s_Mycoplasma-genitalium-1
16s,train,5s_Mycoplasma-mobile-1
16s,train,5s_Mycoplasma-sp.-2
16s,train,5s_Nanoarchaeum-equitans-1
16s,train,5s_Neurospora-crassa-12
16s,train,5s_Neurospora-intermedia-1
16s,train,5s_Paenibacillus-popilliae-1
16s,train,5s_Plasmodium-falciparum-1
16s,train,5s_Porphyromonas-gingivalis-2
16s,train,5s_Pseudomonas-stutzeri-2
16s,train,5s_Pyrenophora-graminea-1
16s,train,5s_Pyrococcus-abyssi-1
16s,train,5s_Pyrococcus-horikoshii-2
16s,train,5s_Rhodobacter-sphaeroides-3
16s,train,5s_Rhodococcus-fascians-2
16s,train,5s_Rhodopirellula-baltica-1
16s,train,5s_Roseococcus-thiosulfatophilus-1
16s,train,5s_Roseococcus-thiosulfatophilus-2
16s,train,5s_Sandaracinobacter-sibiricus-1
16s,train,5s_Sphingomonas-ursincola-1
16s,train,5s_Spirosoma-sp.-1
16s,train,5s_Streptococcus-salivarius-1
16s,train,5s_Streptomyces-violaceus-1
16s,train,5s_Sulfolobus-tokodaii-1
16s,train,5s_Sulfurococcus-mirabilis-1
16s,train,5s_Thermomicrobium-roseum-1
16s,train,5s_Thermoplasma-volcanium-1
16s,train,5s_Thermotoga-sp.-3
16s,train,5s_Thermus-aquaticus-1
16s,train,5s_Trichoplax-adhaerens-1
16s,train,5s_Triticum-aestivum-1
16s,train,5s_Ulva-pertusa-1
16s,train,5s_Ureaplasma-urealyticum-3
16s,train,5s_Vitreoscilla-stercoraria-1
16s,train,5s_Wolbachia-endosymbiont-of-D.-melanogaster-1
16s,train,5s_Wolbachia-pipientis-1
16s,train,5s_Wolinella-succinogenes-1
16s,train,5s_Xenopus-borealis-3
16s,train,5s_uncultured-euryarchaeote-37F11-1
16s,train,RNaseP_A.eutrophus
16s,train,RNaseP_A.telluris
16s,train,RNaseP_B.bronchiseptica
16s,train,RNaseP_B.pertussis
16s,train,RNaseP_C.pneumoniae-CWL029
16s,train,RNaseP_C.tepidum-g
16s,train,RNaseP_CPA58
16s,train,RNaseP_CPA61
16s,train,RNaseP_CPB144
16s,train,RNaseP_CPB7776
16s,train,RNaseP_D.jeanneae
16s,train,RNaseP_D.radiodurans-g
16s,train,RNaseP_EM14b-11
16s,train,RNaseP_EM14b-9
16s,train,RNaseP_H.chlorum-partial
16s,train,RNaseP_H.morrhuae
16s,train,RNaseP_H.trapanicum
16s,train,RNaseP_H.volcanii
16s,train,RNaseP_Halobacterium-NRC1
16s,train,RNaseP_L.weilii
16s,train,RNaseP_LGB21
16s,train,RNaseP_LGB23
16s,train,RNaseP_LGW17
16s,train,RNaseP_M.fermentans
16s,train,RNaseP_M.hyopneumoniae
16s,train,RNaseP_M.pneumoniae
16s,train,RNaseP_M.vannielli
16s,train,RNaseP_Nostoc-PCC7413
16s,train,RNaseP_P.canadensis
16s,train,RNaseP_P.cultripes
16s,train,RNaseP_P.gingivalis
16s,train,RNaseP_P.innocua
16s,train,RNaseP_P.marinus-2
16s,train,RNaseP_P.purpurea-chloroplast
16s,train,RNaseP_P.strasburgensis
16s,train,RNaseP_PS24
16s,train,RNaseP_Prochlorococcus-NATL2
16s,train,RNaseP_Pseudoanabaena-PCC6903
16s,train,RNaseP_R.americana-mito
16s,train,RNaseP_R.norvegicus
16s,train,RNaseP_R.palustris
16s,train,RNaseP_R.prowazekii
16s,train,RNaseP_R.rubrum
16s,train,RNaseP_Rr327
16s,train,RNaseP_Rr368
16s,train,RNaseP_S.dairensis
16s,train,RNaseP_S.faciem
16s,train,RNaseP_S.fibuligera
16s,train,RNaseP_S.lividans
16s,train,RNaseP_S.pastorianus
16s,train,RNaseP_S.pombe
16s,train,RNaseP_S.pyogenes
16s,train,RNaseP_S.solfataricus
16s,train,RNaseP_S.unisporus
16s,train,RNaseP_S.uvarum
16s,train,RNaseP_S.versatilis
16s,train,RNaseP_SM-A3048
16s,train,RNaseP_SM-A5888
16s,train,RNaseP_SMB-B1
16s,train,RNaseP_SMB-B2
16s,train,RNaseP_Saccharomonospora-K180
16s,train,RNaseP_Synechocystis-PCC6308
16s,train,RNaseP_Synechocystis-PCC6803
16s,train,RNaseP_T.celerAL1
16s,train,RNaseP_T.delbrueckii
16s,train,RNaseP_T.littoralis
16s,train,RNaseP_T.pallidum
16s,train,RNaseP_T.syrichta
16s,train,RNaseP_T.tumescens
16s,train,RNaseP_T.volcanum
16s,train,RNaseP_U.stansburiana
16s,train,RNaseP_U.urealyticum
16s,train,RNaseP_V.spinosum
16s,train,RNaseP_W.fluorescens
16s,train,RNaseP_Y.pestis
16s,train,RNaseP_Z.bailii
16s,train,RNaseP_Z.florentinus
16s,train,RNaseP_Z.rouxii
16s,train,RNaseP_vHge2
16s,train,RNaseP_vHge3-5
16s,train,grp1_a.I1.b.Dermocarpa.sp.ATCC29371.C3.tMET
16s,train,grp1_a.I1.b.S.hofmanii.C3.tMET
16s,train,grp1_a.I1.b.Synechococcus.sp2.C3.tLEU
16s,train,grp1_a.I1.c.G.prostrata.C3.tLEU
16s,train,grp1_a.I1.c.S.bicolor.C3.tLEU
16s,train,grp1_a.I1.e.A.adeninivorans.C1.LSU.2449
16s,train,grp1_a.I1.e.A.capsulatus.CBS213.53.C1.SSU.943
16s,train,grp1_a.I1.e.A.capsulatus.FLs1.C1.SSU
16s,train,grp1_a.I1.e.A.capsulatus.G184B.C1.SSU
16s,train,grp1_a.I1.e.A.capsulatus.G186B.C1.SSU
16s,train,grp1_a.I1.e.A.stipitatus.C1.SSU.1046
16s,train,grp1_a.I1.e.B.ciliata.JCM6865.C1.SSU.1506
16s,train,grp1_a.I1.e.B.ciliata.JCM6865.C1.SSU.943
16s,train,grp1_a.I1.e.B.yamatoana.JCM2896.C1.SSU.1506
16s,train,grp1_a.I1.e.C.ellipsoidea.211-1a.C1.SSU.1506
16s,train,grp1_a.I1.e.C.grayi.UNK.SSU.1046
16s,train,grp1_a.I1.e.C.grayi.UNK.SSU.1516
16s,train,grp1_a.I1.e.C.merochlorophea.UNK.SSU.1046
16s,train,grp1_a.I1.e.C.merochlorophea.UNK.SSU.1210
16s,train,grp1_a.I1.e.C.merochlorophea.UNK.SSU.1516
16s,train,grp1_a.I1.e.C.saccatum.C1.SSU.1512
16s,train,grp1_a.I1.e.C.saxonicum.C1.SSU.1506
16s,train,grp1_a.I1.e.D.parva.C1.SSU.1512
16s,train,grp1_a.I1.e.D.parva.C1.SSU.943
16s,train,grp1_a.I1.e.D.salina.C1.SSU.943
16s,train,grp1_a.I1.e.E.dermatitidis.C1.SSU.943
16s,train,grp1_a.I1.e.G.spirotaenia.C1.SSU.1506
16s,train,grp1_a.I1.e.L.dispersa.UNK.SSU.1046
16s,train,grp1_a.I1.e.L.dispersa.UNK.SSU.114
16s,train,grp1_a.I1.e.L.dispersa.UNK.SSU.1210
16s,train,grp1_a.I1.e.L.dispersa.UNK.SSU.1516
16s,train,grp1_a.I1.e.L.dispersa.UNK.SSU.516
16s,train,grp1_a.I1.e.L.dispersa.UNK.SSU.789
16s,train,grp1_a.I1.e.M.caldariorum.C1.SSU.1506
16s,train,grp1_a.I1.e.P.carinii.C1.SSU.1506
16s,train,grp1_a.I1.e.P.carinii.Pc1.C1.LSU.1921
16s,train,grp1_a.I1.e.P.carinii.Pc3.C1.LSU.1921
16s,train,grp1_a.I1.e.P.clavariiformis.C1.SSU.943
16s,train,grp1_a.I1.e.P.inouyei.C1.SSU.1506
16s,train,grp1_a.I1.e.P.inouyei.C1.SSU.943
16s,train,grp1_a.I1.e.P.macrosporus.C1.SSU.1506
16s,train,grp1_a.I1.e.P.macrosporus.C1.SSU.943
16s,train,grp1_a.I1.e.P.pachydermus.C1.SSU.943
16s,train,grp1_a.I1.e.S.paniceum.UNK.SSU.1052
16s,train,grp1_a.I1.e.S.paniceum.UNK.SSU.1506
16s,train,grp1_a.I1.e.S.paniceum.UNK.SSU.287
16s,train,grp1_a.I1.e.S.sclerotiorum_1837.C1.LSU.798
16s,train,grp1_a.I1.e.Staurastrum.sp.M752.C1.SSU.1506
16s,train,grp1_a.I1.e.Staurastrum.sp.M753.C1.SSU.1506
16s,train,grp1_a.I1.e.T.cosmopolitanis.C1.LSU.1925
16s,train,grp1_a.I1.e.T.malaccensis.C1.LSU.1925
16s,train,grp1_a.I1.e.T.pigmentosa.C1.LSU.1925
16s,train,grp1_a.I1.e.U.maydis.C1.SSU.943
16s,train,grp1_a.I1.m.M.grisea.B2.ND1
16s,train,grp1_a.I1.m.S.pombe.B1.OX1
16s,train,grp1_b.I1.e.M.anisopliae.2.C1.LSU.1921
16s,train,grp1_b.I1.e.M.anisopliae.3.C1.LSU.1921
16s,train,grp1_b.I1.e.T.thermophila.C1.LSU.1925
16s,train,grp1_s.I1.e.T.thermophila.C1.LSU.1925.schem
16s,train,srp_Aero.pern._BA000002
16s,train,srp_Ajel.caps._CV620298
16s,train,srp_Ashb.goss._AE016819
16s,train,srp_Baci.anth._AE017334
16s,train,srp_Bdel.bact._BX842656
16s,train,srp_Cand.glab._CR380957
16s,train,srp_Cand.trop._GSP-294747
16s,train,srp_Citr.sine._CN181544
16s,train,srp_Clav.lusi._GSP-306902
16s,train,srp_Clos.novy._CP000382
16s,train,srp_Cryp.parv._XM_626716
16s,train,srp_Deba.hans._CR382138
16s,train,srp_Desu.psyc._CR522870
16s,train,srp_Ence.cuni._AL590449
16s,train,srp_Enta.hist._AF487684
16s,train,srp_Enta.terr._GSP-110771
16s,train,srp_Giar.lamb._GSP-184922
16s,train,srp_Gibb.zeae._GSP-229533
16s,train,srp_Hist.caps._GSP-278162
16s,train,srp_Hype.buty._CP000493
16s,train,srp_Kluy.lact._CR382126
16s,train,srp_Lept.coll._AF006750
16s,train,srp_List.mono._AE017262
16s,train,srp_Lodd.elon._GSP-379508
16s,train,srp_Meso.viri._AF166114
16s,train,srp_Meth.ferv._S49762
16s,train,srp_Meth.mari._CP000745
16s,train,srp_Meth.volt._M22560
16s,train,srp_Myco.hyop._AE017244
16s,train,srp_Nect.haem._GSP-71109
16s,train,srp_Onch.volv._BF727619
16s,train,srp_Oryz.sati._AP008207
16s,train,srp_Para.bras._EH655308
16s,train,srp_Para.bras._GSP-121759
16s,train,srp_Perk.mari._GSP-31276
16s,train,srp_Pers.amer._X65992
16s,train,srp_Phae.nodo._GSP-321614
16s,train,srp_Phak.pach._GSP-170000-2
16s,train,srp_Phyt.soja._GSP-67593
16s,train,srp_Pich.guil._GSP-294746
16s,train,srp_Pich.stip._CP000502
16s,train,srp_Plas.falc._EF690554
16s,train,srp_Plas.yoel._GSP-352914
16s,train,srp_Pseu.syri._CP000058
16s,train,srp_Psyc.arct._CP000082
16s,train,srp_Psyc.ingr._CP000510
16s,train,srp_Pyro.isla._CP000504
16s,train,srp_Rhod.balt._BX294144
16s,train,srp_Sacc.cere._U18916
16s,train,srp_Sacc.para._BN000251
16s,train,srp_Schi.pomb._AU010514
16s,train,srp_Schi.pomb._Z99259
16s,train,srp_Scle.scle._GSP-325569
16s,train,srp_Shig.flex._AE016979
16s,train,srp_Sorg.bico._BE594178
16s,train,srp_Spra.loph._GSP-51541
16s,train,srp_Stap.epid._AX145149
16s,train,srp_Stre.coel._AL939118
16s,train,srp_Stre.pyog._AM295007
16s,train,srp_Stre.sang._CP000387
16s,train,srp_Synt.wolf._CP000448
16s,train,srp_Taen.gutt._CK235759
16s,train,srp_Tetr.ther._X56981
16s,train,srp_Thal.pseu._GSP-296543
16s,train,srp_Thei.parv._GSP-333668
16s,train,srp_Ther.petr._CP000702
16s,train,srp_Ther.volc._BA000011
16s,train,srp_Toxo.gond._GSP-398031
16s,train,srp_Trep.pall._AE000520
16s,train,srp_Tric.rees._GSP-334564-1
16s,train,srp_Trit.aest._CJ679223
16s,train,srp_Trit.aest._X13915
16s,train,srp_Tryp.viva._SDB-5699
16s,train,srp_Vibr.vuln._BA000037
16s,train,srp_Xant.camp._AM039952
16s,train,srp_Xeno.laev._X01055
16s,train,srp_Yarr.lipo._X51658
16s,train,srp_Yers.pseu._CP000720
16s,train,srp_Zygo.roux._BN000170
16s,train,srp_Zymo.mobi._AF203881
16s,train,tRNA_tdbR00000009-Escherichia_coli-562-Ala-VGC
16s,train,tRNA_tdbR00000013-Pichia_jadinii-4903-Ala-IGC
16s,train,tRNA_tdbR00000034-Mesocricetus_auratus-10036-Asp-GUC
16s,train,tRNA_tdbR00000046-Escherichia_coli-562-Glu-SUC
16s,train,tRNA_tdbR00000069-Synechococcus_sp._PCC_7002-32049-Phe-GAA
16s,train,tRNA_tdbR00000074-Tetrahymena_pyriformis-5908-Phe-GAA
16s,train,tRNA_tdbR00000104-Enterobacteria_phage_T4-10665-Gly-NCC
16s,train,tRNA_tdbR00000114-Staphylococcus_epidermidis-1282-Gly-UCC
16s,train,tRNA_tdbR00000124-Aedes_albopictus-7160-Gly-UCC
16s,train,tRNA_tdbR00000126-Halocynthia_roretzi-7729-Gly-NCU
16s,train,tRNA_tdbR00000127-Halocynthia_roretzi-7729-Gly-UCU
16s,train,tRNA_tdbR00000167-Aedes_albopictus-7160-Ile-GAU
16s,train,tRNA_tdbR00000168-Bos_taurus-9913-Ile-GAU
16s,train,tRNA_tdbR00000169-Homo_sapiens-9606-Ile-GAU
16s,train,tRNA_tdbR00000177-Mycoplasma_capricolum-2095-Lys-CUU
16s,train,tRNA_tdbR00000184-Asterias_amurensis-7602-Lys-CUU
16s,train,tRNA_tdbR00000189-Rattus_norvegicus-10116-Lys-NUU
16s,train,tRNA_tdbR00000190-Bos_taurus-9913-Lys-NUU
16s,train,tRNA_tdbR00000194-Triticum_aestivum-4565-Lys-CUU
16s,train,tRNA_tdbR00000206-Loligo_bleekeri-6617-Lys-UUU
16s,train,tRNA_tdbR00000210-Enterobacteria_phage_T5-10726-Leu-UAG
16s,train,tRNA_tdbR00000211-Haloferax_volcanii-2246-Leu-CAA
16s,train,tRNA_tdbR00000223-Salmonella_typhimurium-602-Leu-CAG
16s,train,tRNA_tdbR00000237-Saccharomyces_cerevisiae-4932-Leu-AA
16s,train,tRNA_tdbR00000245-Rattus_norvegicus-10116-Leu-UAG
16s,train,tRNA_tdbR00000246-Bos_taurus-9913-Leu-NAA
16s,train,tRNA_tdbR00000247-Bos_taurus-9913-Leu-UAG
16s,train,tRNA_tdbR00000263-Rattus_norvegicus-10116-Leu-AA
16s,train,tRNA_tdbR00000266-Bos_taurus-9913-Leu-AA
16s,train,tRNA_tdbR00000280-Saccharomyces_cerevisiae-4932-Met-CAU
16s,train,tRNA_tdbR00000282-Ascaris_suum-6253-Met-AU
16s,train,tRNA_tdbR00000283-Gallus_gallus-9031-Met-AU
16s,train,tRNA_tdbR00000290-Enterobacteria_phage_T5-10726-Asn-GUU
16s,train,tRNA_tdbR00000318-Salmonella_typhimurium-602-Pro-GGG
16s,train,tRNA_tdbR00000321-Saccharomyces_cerevisiae-4932-Pro-UGG
16s,train,tRNA_tdbR00000328-Enterobacteria_phage_T5-10726-Gln-UUG
16s,train,tRNA_tdbR00000334-Hordeum_vulgare-4513-Gln-UG
16s,train,tRNA_tdbR00000335-Nicotiana_rustica-4093-Gln-NUG
16s,train,tRNA_tdbR00000345-Homo_sapiens-9606-Gln-NUG
16s,train,tRNA_tdbR00000347-Enterobacteria_phage_T4-10665-Arg-NCU
16s,train,tRNA_tdbR00000359-Escherichia_coli-562-Arg-CCG
16s,train,tRNA_tdbR00000363-Ascaris_suum-6253-Arg-PCU
16s,train,tRNA_tdbR00000364-Ascaris_suum-6253-Arg-ACG
16s,train,tRNA_tdbR00000365-Aedes_albopictus-7160-Arg-UCG
16s,train,tRNA_tdbR00000366-Rattus_norvegicus-10116-Arg-UCG
16s,train,tRNA_tdbR00000395-Saccharomyces_cerevisiae-4932-Ser-GCU
16s,train,tRNA_tdbR00000397-Saccharomyces_cerevisiae-4932-Ser-UGA
16s,train,tRNA_tdbR00000398-Ascaris_suum-6253-Ser-UCU
16s,train,tRNA_tdbR00000406-Saccharomyces_cerevisiae-4932-Ser-NGA
16s,train,tRNA_tdbR00000440-Neurospora_crassa-5141-Thr-UGU
16s,train,tRNA_tdbR00000460-Aedes_albopictus-7160-Val-UAC
16s,train,tRNA_tdbR00000461-Rattus_norvegicus-10116-Val-UAC
16s,train,tRNA_tdbR00000462-Rattus_norvegicus-10116-Val-UAC
16s,train,tRNA_tdbR00000463-Bos_taurus-9913-Val-UAC
16s,train,tRNA_tdbR00000489-Neurospora_crassa-5141-Trp-NCA
16s,train,tRNA_tdbR00000492-Rattus_norvegicus-10116-Trp-NCA
16s,train,tRNA_tdbR00000493-Bos_taurus-9913-Trp-NCA
16s,train,tRNA_tdbR00000494-Saccharomyces_cerevisiae-4932-Trp-BCA
16s,train,tRNA_tdbR00000518-Saccharomyces_cerevisiae-4932-Ini-CAU
16s,train,tRNA_tdbR00000520-Aedes_albopictus-7160-Ini-CAU
16s,train,tRNA_tdbR00000522-Bos_taurus-9913-Ini-AU
16s,train,tRNA_tdbR00000549-Tetrahymena_pyriformis-5908-Tyr-QUA
16s,train,tRNA_tdbR00000551-Saccharomyces_cerevisiae-4932-Tyr-GUA
16s,train,tRNA_tdbR00000556-Schizosaccharomyces_pombe-4896-Tyr-GPA
16s,train,tRNA_tdbR00000572-Leishmania_tarentolae-5689-Lys-1UU
16s,train,tRNA_tdbR00000573-Leishmania_tarentolae-5689-Gln-3UG
16s,train,tRNA_tdbR00000578-Leishmania_tarentolae-5689-Glu-3UC
16s,train,tRNA_tdbR00000583-Aeropyrum_pernix-56636-Cys-GCA
16s,train,tRNA_tdbR00000590-Ascaris_suum-6253-Glu-UC
16s,train,tRNA_tdbR00000591-Ascaris_suum-6253-Lys-UU
16s,train,tRNA_tdbR00000593-Ascaris_suum-6253-Trp-CA
16s,train,tRNA_tdbR00000594-Ascaris_suum-6253-Leu-AA
16s,train,tRNA_tdbR00000595-Escherichia_coli-562-Leu-BAA
16s,train,tRNA_tdbR00000609-Chlamydomonas_reinhardtii-3055-Leu-UA7
16s,train,tRNA_tdbR00000611-Sinorhizobium_meliloti-382-His-GUG
16s,train,tRNA_tdbR00000618-Candida_albicans-5476-Leu-CAG
16s,train,tRNA_tdbR00000619-Toxoplasma_gondii-5811-Met-CAU
16s,train,tRNA_tdbR00000620-Toxoplasma_gondii-5811-Ini-CAU
16s,train,tRNA_tdbR00000621-Nicotiana_rustica-4093-Cys-GCA
16s,train,tRNA_tdbR00000622-Nicotiana_rustica-4093-Cys-GCA
16s,train,telomerase_AF147806.247-692
16s,train,telomerase_AF221906.96-545
16s,train,telomerase_AF221910.112-554
16s,train,telomerase_AF221911.104-513
16s,train,telomerase_AF221912.98-564
16s,train,telomerase_AF221913.109-520
16s,train,telomerase_AF221914.112-589
16s,train,telomerase_AF221916.94-481
16s,train,telomerase_AF221917.99-542
16s,train,telomerase_AF221919.107-614
16s,train,telomerase_AF221920.99-541
16s,train,telomerase_AF221921.98-548
16s,train,telomerase_AF221923.106-554
16s,train,telomerase_AF221924.105-538
16s,train,telomerase_AF221926.103-507
16s,train,telomerase_AF221927.113-556
16s,train,telomerase_AF221928.95-476
16s,train,telomerase_AF221929.92-517
16s,train,telomerase_AF221931.99-541
16s,train,telomerase_AF221932.102-549
16s,train,telomerase_AF221934.121-565
16s,train,telomerase_AF221935.112-602
16s,train,telomerase_AF221936.98-540
16s,train,telomerase_AF221937.99-545
16s,train,telomerase_AF221939.99-544
16s,train,telomerase_AY058901.1-397
16s,train,telomerase_AY312571.605-1069
16s,train,telomerase_U85256.1-451
16s,train,tmRNA_Acid.ferr._TRW-243159_1-364
16s,train,tmRNA_Acin.spec._CR543861_1-360
16s,train,tmRNA_Baci.G._TRW-12333_1-312
16s,train,tmRNA_Bact.mari._TRW-97084_1-385
16s,train,tmRNA_Bdel.bact._BX842656_1-346
16s,train,tmRNA_Bloc.penn._CP000016_1-392
16s,train,tmRNA_Bord.pert._TRW-257313_1-387
16s,train,tmRNA_Borr.gari._CP000013_1-363
16s,train,tmRNA_Cald.sacc._TRW-351627_1-368
16s,train,tmRNA_Camp.fetu._AY211269_1-361
16s,train,tmRNA_Carn.malt._AF275938_1-366
16s,train,tmRNA_Chla.trac._TRW-813-2_1-420
16s,train,tmRNA_Chlo.tepi._TRW-194439_1-404
16s,train,tmRNA_Chro.viol._AE016825_1-365
16s,train,tmRNA_Clos.ther._TRW-203119_1-387
16s,train,tmRNA_Cyan.cald._AF022186_1-254
16s,train,tmRNA_Cyan.mero._TRW-45157_1-236
16s,train,tmRNA_Dict.ther._TRW-14_1-350
16s,train,tmRNA_Emil.huxl._TRW-280463_1-291
16s,train,tmRNA_Fran.tula._CP000437_1-421
16s,train,tmRNA_Gemm.obsc._TRW-214688_1-412
16s,train,tmRNA_Grac.tenu._AY673996_1-396
16s,train,tmRNA_Guil.thet._TRW-55529_1-330
16s,train,tmRNA_Heli.pylo._TRW-85963_1-386
16s,train,tmRNA_Jako.libe._TRW-143017_1-102
16s,train,tmRNA_Lact.john._TRW-257314_1-367
16s,train,tmRNA_Lact.sake._TRW-314315_1-370
16s,train,tmRNA_List.wels._AF440351_1-321
16s,train,tmRNA_Magn.spec._CP000471_1-366
16s,train,tmRNA_Meso.flor._AE017263_1-408
16s,train,tmRNA_Meso.viri._AF166114_1-359
16s,train,tmRNA_Mora.cata._AX067460_1-359
16s,train,tmRNA_Myco.Bxz1._AY129337_1-437
16s,train,tmRNA_Myco.arth._TRW-243272_1-394
16s,train,tmRNA_Myco.gall._AE015450_1-408
16s,train,tmRNA_Myco.geni._U39713_1-385
16s,train,tmRNA_Myco.myco._BX842642_1-411
16s,train,tmRNA_Myco.pene._BA000026_1-405
16s,train,tmRNA_Myxo.xant._TRW-34_1-366
16s,train,tmRNA_Neph.oliv._AF137379-2_1-327
16s,train,tmRNA_Nitr.ocea._CP000127_1-361
16s,train,tmRNA_Ocea.ihey._BA000028_1-364
16s,train,tmRNA_Oeno.oeni._TRW-203123_1-350
16s,train,tmRNA_Onio.yell._AP006628_1-423
16s,train,tmRNA_Para.symb._BX908798_1-405
16s,train,tmRNA_Pelo.carb._CP000142_1-358
16s,train,tmRNA_Phot.prof._CR378665_1-368
16s,train,tmRNA_Porp.purp._TRW-2787_1-323
16s,train,tmRNA_Prev.rumi._TRW-264731_1-401
16s,train,tmRNA_Prop.acne._TRW-1747-3_1-353
16s,train,tmRNA_Pseu.atla._CP000388_1-357
16s,train,tmRNA_Rhod.balt._BX294141_1-380
16s,train,tmRNA_Rubr.gela._TRW-279263_1-372
16s,train,tmRNA_Rumi.albu._TRW-246199_1-354
16s,train,tmRNA_Sacc.degr._CP000282_1-389
16s,train,tmRNA_Spir.kunk._TRW-273035_1-424
16s,train,tmRNA_Stre.scab._TRW-1883_1-402
16s,train,tmRNA_Syne.spec._AB003477_1-394
16s,train,tmRNA_Syne.spec._TRW-32049_1-396
16s,train,tmRNA_Synt.acid._CP000252_1-356
16s,train,tmRNA_Tann.fors._TRW-203275_1-400
16s,train,tmRNA_Ther.rose._TRW-309801_1-353
16s,train,tmRNA_Ther.teng._AE013063_1-351
16s,train,tmRNA_Thio.deni._CP000116_1-367
16s,train,tmRNA_Trem.prin._AF481102_1-264
16s,train,tmRNA_Trep.pall._TRW-243276_1-354
16s,train,tmRNA_Urea.parv._AE002154_1-413
16s,train,tmRNA_Woli.succ._BX571661_1-369
16s,train,tmRNA_envi.sequ._TRW-2-1_1-365
16s,train,tmRNA_envi.sequ._TRW-204433_1-356
16s,train,tmRNA_envi.sequ._TRW-300695-2_1-345
16s,train,tmRNA_envi.sequ._TRW-32045-3_1-350
16s,train,tmRNA_envi.sequ._TRW-356-1_1-289
16s,train,tmRNA_uncu.bact._TRW-135621-1_1-397
16s,train,tmRNA_uncu.bact._TRW-32033-1_1-354
16s,train,tmRNA_uncu.bact._TRW-45456_1-408
16s,train,tmRNA_uncu.bact._TRW-72274-1_1-359
16s,train,tmRNA_uncu.bact._TRW-72274-2_1-359
16s,train,tmRNA_uncu.bact._TRW-80840-3_1-379
16s,train,tmRNA_uncu.mari._TRW-363180_1-347
16s,valid,23s_E.coli_domain4
16s,valid,23s_H.pylori_domain4
16s,valid,23s_T.thermophilus_domain3
16s,valid,5s_Ascaris-suum-1
16s,valid,5s_Chlamydia-trachomatis-1
16s,valid,5s_Cryptomonas-paramecium-1
16s,valid,5s_Dehalococcoides-ethenogenes-1
16s,valid,5s_Flectobacillus-major-1
16s,valid,5s_Geobacillus-kaustophilus-7
16s,valid,5s_Hyphomicrobium-vulgare-1
16s,valid,5s_Loofah-witches-broom-phytoplasma-1
16s,valid,5s_Methanothermococcus-thermolithotrophicus-1
16s,valid,5s_Mycoplasma-pulmonis-1
16s,valid,5s_Notophthalmus-viridescens-1
16s,valid,5s_Oceanobacillus-iheyensis-4
16s,valid,5s_Onchocerca-volvulus-1
16s,valid,5s_Paracentrotus-lividus-2
16s,valid,5s_Porphyra-yezoensis-1
16s,valid,5s_Silicibacter-pomeroyi-1
16s,valid,5s_Streptomyces-coelicolor-5
16s,valid,5s_Thraustochytrium-visurgense-2
16s,valid,5s_Verrucomicrobium-spinosum-1
16s,valid,5s_Xylella-fastidiosa-2
16s,valid,RNaseP_Anabaena-PCC7120
16s,valid,RNaseP_C.psittaci-R54
16s,valid,RNaseP_CPB149
16s,valid,RNaseP_K.polysporus
16s,valid,RNaseP_M.barkeri
16s,valid,RNaseP_Mxa1
16s,valid,RNaseP_N.gregoryi
16s,valid,RNaseP_N.olivacea-chloroplast
16s,valid,RNaseP_P.acanthamoebae
16s,valid,RNaseP_P.guilliermondii
16s,valid,RNaseP_P.mississippiensis
16s,valid,RNaseP_P.troglodytes
16s,valid,RNaseP_PF101
16s,valid,RNaseP_S.globosus
16s,valid,RNaseP_S.polymorpha
16s,valid,RNaseP_SM-A01
16s,valid,RNaseP_SM-A2539
16s,valid,RNaseP_SMB-B3
16s,valid,RNaseP_T.roseum
16s,valid,RNaseP_T.thioparus
16s,valid,grp1_a.I1.b.Phormidium.sp.N182.C3.tLEU
16s,valid,grp1_a.I1.c.A.cherimola.C3.tLEU
16s,valid,grp1_a.I1.e.B.yamatoana.JCM2896.C1.SSU.943
16s,valid,grp1_a.I1.e.C.ellipsoidea.IAMC-87.C1.SSU.1506
16s,valid,grp1_a.I1.e.C.merochlorophea.UNK.SSU.1389
16s,valid,grp1_a.I1.e.G.planctonica.C1.SSU.943
16s,valid,grp1_a.I1.e.L.dispersa.UNK.SSU.287
16s,valid,grp1_a.I1.e.P.carinii.Pc2.C1.LSU.1921
16s,valid,grp1_a.I1.e.P.sarcinoidea.C1.SSU.943
16s,valid,grp1_a.I1.e.S.granulatum.C1.SSU.1506
16s,valid,grp1_a.I1.e.S.paniceum.UNK.SSU.114
16s,valid,grp1_a.I1.e.S.paniceum.UNK.SSU.1210
16s,valid,grp1_a.I1.e.T.hyperangularis.C1.LSU.1925
16s,valid,grp1_a.I1.m.S.luteus.A1.LSU.2504
16s,valid,grp1_b.I1.e.C.saccharophila.C1.SSU.156
16s,valid,srp_Dict.disc._BJ360333
16s,valid,srp_Gald.sulp._GSP-130081
16s,valid,srp_Halo.halo._CP000544
16s,valid,srp_Kluy.yarr._479647571
16s,valid,srp_Myco.hyop._AE017243
16s,valid,srp_Myco.spec._CP000384
16s,valid,srp_Myco.spec._CP000580
16s,valid,srp_Neur.cras._AL669999
16s,valid,srp_Oxyt.trif._GSP-99928
16s,valid,srp_Phyt.infe._CV911012
16s,valid,srp_Podo.anse._GSP-5145
16s,valid,srp_Sacc.kluy._SKAA0027M04.b1
16s,valid,srp_Shew.balt._CP000753
16s,valid,srp_Sola.tube._DR037646
16s,valid,srp_Ther.mela._CP000716
16s,valid,srp_Ther.teng._AE012978
16s,valid,srp_Toxo.gond._CO743022
16s,valid,srp_Trep.dent._AE017246
16s,valid,srp_Trit.aest._BE424647
16s,valid,srp_Unci.rees._GSP-336963
16s,valid,tRNA_tdbR00000078-Ascaris_suum-6253-Phe-GAA
16s,valid,tRNA_tdbR00000080-Bos_taurus-9913-Phe-GAA
16s,valid,tRNA_tdbR00000128-Halocynthia_roretzi-7729-Gly-GCU
16s,valid,tRNA_tdbR00000143-Asterias_amurensis-7602-His-QUG
16s,valid,tRNA_tdbR00000149-Homo_sapiens-9606-His-GUG
16s,valid,tRNA_tdbR00000174-Mus_musculus-10090-Ile-IAU
16s,valid,tRNA_tdbR00000191-Mesocricetus_auratus-10036-Lys-NUU
16s,valid,tRNA_tdbR00000244-Rattus_norvegicus-10116-Leu-UAG
16s,valid,tRNA_tdbR00000251-Saccharomyces_cerevisiae-4932-Leu-UAA
16s,valid,tRNA_tdbR00000325-Pichia_jadinii-4903-Pro-GG
16s,valid,tRNA_tdbR00000350-Haloferax_volcanii-2246-Arg-GCG
16s,valid,tRNA_tdbR00000367-Bos_taurus-9913-Arg-UCG
16s,valid,tRNA_tdbR00000381-Haloferax_volcanii-2246-Ser-GCU
16s,valid,tRNA_tdbR00000399-Aedes_albopictus-7160-Ser-GCU
16s,valid,tRNA_tdbR00000400-Loligo_bleekeri-6617-Ser-7CU
16s,valid,tRNA_tdbR00000409-Candida_cylindracea-44322-Ser-CAG
16s,valid,tRNA_tdbR00000414-Lupinus_luteus-3873-Ser-CGA
16s,valid,tRNA_tdbR00000517-Neurospora_crassa-5141-Ini-CAU
16s,valid,tRNA_tdbR00000580-Aeropyrum_pernix-56636-Lys-UUU
16s,valid,tRNA_tdbR00000581-Aeropyrum_pernix-56636-Lys-CUU
16s,valid,telomerase_AC121792.109554-109950
16s,valid,telomerase_AF221908.136-584
16s,valid,telomerase_AF221909.98-496
16s,valid,telomerase_AF221918.97-547
16s,valid,telomerase_AF221925.98-540
16s,valid,telomerase_AF221930.94-546
16s,valid,telomerase_AF221940.103-499
16s,valid,tmRNA_Acid.ferr._TRW-920_1-341
16s,valid,tmRNA_Bifi.long._TRW-206672_1-397
16s,valid,tmRNA_Bloc.flor._BX248583_1-393
16s,valid,tmRNA_Desu.psyc._CR522870_1-366
16s,valid,tmRNA_Geob.sulf._AE017180_1-356
16s,valid,tmRNA_Heli.hepa._AE017125_1-369
16s,valid,tmRNA_Laws.intr._AM180252_1-376
16s,valid,tmRNA_Legi.pneu._CR628337_1-406
16s,valid,tmRNA_Leif.xyli._AE016822_1-394
16s,valid,tmRNA_Myco.hyop._TRW-295358_1-424
16s,valid,tmRNA_Porp.ging._TRW-242619_1-407
16s,valid,tmRNA_Stre.coll._AY485228_1-386
16s,valid,tmRNA_Thal.weis._AF049491_1-348
16s,valid,tmRNA_Ther.elon._BA000039_1-386
16s,valid,tmRNA_Trop.whip._BX251411_1-369
16s,valid,tmRNA_Verr.spin._TRW-240016_1-356
16s,valid,tmRNA_envi.sequ._TRW-259292_1-355
16s,valid,tmRNA_envi.sequ._TRW-351057-3_1-355
16s,valid,tmRNA_uncu.bact._TRW-32045-4_1-369
16s,valid,tmRNA_uncu.bact._TRW-383630-1_1-364
23s,test,23s_B.subtilis_domain3
23s,test,23s_B.subtilis_domain4
23s,test,23s_B.subtilis_domain6
23s,test,23s_E.coli_domain3
23s,test,23s_E.coli_domain4
23s,test,23s_E.coli_domain6
23s,test,23s_H.pylori_domain3
23s,test,23s_H.pylori_domain4
23s,test,23s_H.pylori_domain6
23s,test,23s_S.aureus_domain3
23s,test,23s_S.aureus_domain4
23s,test,23s_S.aureus_domain6
23s,test,23s_T.thermophilus_domain3
23s,test,23s_T.thermophilus_domain4
23s,test,23s_T.thermophilus_domain6
23s,train,16s_A.fulgidus_domain2
23s,train,16s_A.fulgidus_domain3
23s,train,16s_A.fulgidus_domain4
23s,train,16s_A.pyrophilus_domain2
23s,train,16s_A.pyrophilus_domain4
23s,train,16s_B.burgdorferi_domain2
23s,train,16s_B.burgdorferi_domain3
23s,train,16s_B.subtilis_domain2
23s,train,16s_B.subtilis_domain3
23s,train,16s_C.elegans_domain1
23s,train,16s_C.elegans_domain2
23s,train,16s_C.elegans_domain3
23s,train,16s_C.psittaci_domain2
23s,train,16s_C.psittaci_domain3
23s,train,16s_C.psittaci_domain4
23s,train,16s_C.reinhardtii.chloro_domain2
23s,train,16s_C.reinhardtii.chloro_domain4
23s,train,16s_C.reinhardtii.mito_domain3
23s,train,16s_C.reinhardtii.mito_domain4
23s,train,16s_D.melanogaster_domain4
23s,train,16s_E.coli_domain2
23s,train,16s_E.coli_domain3
23s,train,16s_E.coli_domain4
23s,train,16s_F.ananassa_domain3
23s,train,16s_F.ananassa_domain4
23s,train,16s_G.intestinalis_domain1
23s,train,16s_G.intestinalis_domain2
23s,train,16s_G.intestinalis_domain3
23s,train,16s_G.intestinalis_domain4
23s,train,16s_H.sapiens.mito_domain1
23s,train,16s_H.sapiens.mito_domain2
23s,train,16s_H.sapiens.mito_domain4
23s,train,16s_H.sapiens_domain3
23s,train,16s_H.sapiens_domain4
23s,train,16s_H.volcanii_domain2
23s,train,16s_H.volcanii_domain3
23s,train,16s_H.volcanii_domain4
23s,train,16s_M.polymorpha_domain2
23s,train,16s_M.polymorpha_domain3
23s,train,16s_M.polymorpha_domain4
23s,train,16s_P.occultum_domain2
23s,train,16s_P.occultum_domain3
23s,train,16s_P.staleyi_domain2
23s,train,16s_P.staleyi_domain3
23s,train,16s_P.staleyi_domain4
23s,train,16s_S.cerevisiae_domain4
23s,train,16s_T.gondii_domain4
23s,train,16s_T.maritima_domain2
23s,train,16s_T.maritima_domain4
23s,train,16s_Z.mays_domain1
23s,train,16s_Z.mays_domain2
23s,train,16s_Z.mays_domain3
23s,train,16s_Z.mays_domain4
23s,train,5s_Andrias-davidianus-1
23s,train,5s_Ascobolus-immersus-1
23s,train,5s_Aurelia_aurita-1
23s,train,5s_Bacillus-amyloliquefaciens-1
23s,train,5s_Bacteroides-capillosus-1
23s,train,5s_Bacteroides-fragilis-5
23s,train,5s_Brucella-suis-1
23s,train,5s_Buchnera-aphidicola-1
23s,train,5s_Bursaphelenchus-xylophilus-1
23s,train,5s_Candidatus-Phytoplasma-asteris-1
23s,train,5s_Chlamydia-trachomatis-1
23s,train,5s_Chlorella-pyrenoidosa-1
23s,train,5s_Chlorobium-tepidum-1
23s,train,5s_Coxiella-burnetii-2
23s,train,5s_Cryptococcus-laurentii-1
23s,train,5s_Cryptomonas-paramecium-1
23s,train,5s_Dehalococcoides-ethenogenes-1
23s,train,5s_Desulfurococcus-mobilis-1
23s,train,5s_Drosophila-melanogaster-2
23s,train,5s_Ehrlichia-ruminantium-1
23s,train,5s_Erythromicrobium-ezovicum-1
23s,train,5s_Erythromicrobium-hydrolyticum-1
23s,train,5s_Erythromicrobium-ramosum-1
23s,train,5s_Filobasidiella-depauperata-1
23s,train,5s_Flectobacillus-major-1
23s,train,5s_Fusarium-culmorum-6
23s,train,5s_Fusobacterium-nucleatum-5
23s,train,5s_Geobacillus-kaustophilus-7
23s,train,5s_Halorubrum-distributum-3
23s,train,5s_Hyphomicrobium-vulgare-1
23s,train,5s_Lactobacillus-johnsonii-1
23s,train,5s_Lactococcus-lactis-2
23s,train,5s_Limulus-polyphemus-1
23s,train,5s_Loofah-witches-broom-phytoplasma-1
23s,train,5s_Meloidogyne-arenaria-2
23s,train,5s_Methanopyrus-kandleri-1
23s,train,5s_Methanosarcina-mazei-2
23s,train,5s_Methanothermococcus-thermolithotrophicus-1
23s,train,5s_Mycoplasma-genitalium-1
23s,train,5s_Mycoplasma-mobile-1
23s,train,5s_Mycoplasma-pulmonis-1
23s,train,5s_Nanoarchaeum-equitans-1
23s,train,5s_Neurospora-crassa-12
23s,train,5s_Neurospora-intermedia-1
23s,train,5s_Notophthalmus-viridescens-1
23s,train,5s_Oceanobacillus-iheyensis-4
23s,train,5s_Onchocerca-volvulus-1
23s,train,5s_Paenibacillus-popilliae-1
23s,train,5s_Porphyra-yezoensis-1
23s,train,5s_Porphyromonas-gingivalis-2
23s,train,5s_Pseudomonas-stutzeri-2
23s,train,5s_Pyrenophora-graminea-1
23s,train,5s_Pyrococcus-abyssi-1
23s,train,5s_Pyrococcus-horikoshii-2
23s,train,5s_Rhodobacter-sphaeroides-3
23s,train,5s_Rhodococcus-fascians-2
23s,train,5s_Rhodopirellula-baltica-1
23s,train,5s_Roseococcus-thiosulfatophilus-1
23s,train,5s_Sandaracinobacter-sibiricus-1
23s,train,5s_Silicibacter-pomeroyi-1
23s,train,5s_Sphingomonas-ursincola-1
23s,train,5s_Streptococcus-salivarius-1
23s,train,5s_Streptomyces-coelicolor-5
23s,train,5s_Sulfolobus-tokodaii-1
23s,train,5s_Sulfurococcus-mirabilis-1
23s,train,5s_Thermomicrobium-roseum-1
23s,train,5s_Thermoplasma-volcanium-1
23s,train,5s_Thermotoga-sp.-3
23s,train,5s_Thermus-aquaticus-1
23s,train,5s_Thraustochytrium-visurgense-2
23s,train,5s_Trichoplax-adhaerens-1
23s,train,5s_Triticum-aestivum-1
23s,train,5s_Ureaplasma-urealyticum-3
23s,train,5s_Verrucomicrobium-spinosum-1
23s,train,5s_Wolbachia-endosymbiont-of-D.-melanogaster-1
23s,train,5s_Wolbachia-pipientis-1
23s,train,5s_Wolinella-succinogenes-1
23s,train,5s_Xenopus-borealis-3
23s,train,5s_Xylella-fastidiosa-2
23s,train,5s_uncultured-euryarchaeote-37F11-1
23s,train,RNaseP_A.telluris
23s,train,RNaseP_B.bronchiseptica
23s,train,RNaseP_B.pertussis
23s,train,RNaseP_C.psittaci-R54
23s,train,RNaseP_C.tepidum-g
23s,train,RNaseP_CPA61
23s,train,RNaseP_CPB144
23s,train,RNaseP_CPB149
23s,train,RNaseP_CPB7776
23s,train,RNaseP_D.jeanneae
23s,train,RNaseP_D.radiodurans-g
23s,train,RNaseP_EM14b-11
23s,train,RNaseP_EM14b-9
23s,train,RNaseP_H.chlorum-partial
23s,train,RNaseP_H.morrhuae
23s,train,RNaseP_H.trapanicum
23s,train,RNaseP_H.volcanii
23s,train,RNaseP_Halobacterium-NRC1
23s,train,RNaseP_K.polysporus
23s,train,RNaseP_L.weilii
23s,train,RNaseP_LGB21
23s,train,RNaseP_LGB23
23s,train,RNaseP_M.fermentans
23s,train,RNaseP_M.pneumoniae
23s,train,RNaseP_M.vannielli
23s,train,RNaseP_Mxa1
23s,train,RNaseP_N.gregoryi
23s,train,RNaseP_N.olivacea-chloroplast
23s,train,RNaseP_Nostoc-PCC7413
23s,train,RNaseP_P.acanthamoebae
23s,train,RNaseP_P.canadensis
23s,train,RNaseP_P.cultripes
23s,train,RNaseP_P.gingivalis
23s,train,RNaseP_P.guilliermondii
23s,train,RNaseP_P.innocua
23s,train,RNaseP_P.marinus-2
23s,train,RNaseP_P.purpurea-chloroplast
23s,train,RNaseP_P.strasburgensis
23s,train,RNaseP_P.troglodytes
23s,train,RNaseP_PF101
23s,train,RNaseP_PS24
23s,train,RNaseP_Prochlorococcus-NATL2
23s,train,RNaseP_Pseudoanabaena-PCC6903
23s,train,RNaseP_R.americana-mito
23s,train,RNaseP_R.norvegicus
23s,train,RNaseP_R.palustris
23s,train,RNaseP_R.prowazekii
23s,train,RNaseP_R.rubrum
23s,train,RNaseP_Rr327
23s,train,RNaseP_Rr368
23s,train,RNaseP_S.dairensis
23s,train,RNaseP_S.faciem
23s,train,RNaseP_S.fibuligera
23s,train,RNaseP_S.lividans
23s,train,RNaseP_S.pastorianus
23s,train,RNaseP_S.polymorpha
23s,train,RNaseP_S.pombe
23s,train,RNaseP_S.pyogenes
23s,train,RNaseP_S.solfataricus
23s,train,RNaseP_S.unisporus
23s,train,RNaseP_S.versatilis
23s,train,RNaseP_SM-A2539
23s,train,RNaseP_SM-A3048
23s,train,RNaseP_SMB-B1
23s,train,RNaseP_SMB-B3
23s,train,RNaseP_Saccharomonospora-K180
23s,train,RNaseP_Synechocystis-PCC6308
23s,train,RNaseP_Synechocystis-PCC6803
23s,train,RNaseP_T.celerAL1
23s,train,RNaseP_T.delbrueckii
23s,train,RNaseP_T.pallidum
23s,train,RNaseP_T.roseum
23s,train,RNaseP_T.syrichta
23s,train,RNaseP_U.stansburiana
23s,train,RNaseP_V.spinosum
23s,train,RNaseP_Y.pestis
23s,train,RNaseP_Z.bailii
23s,train,RNaseP_Z.florentinus
23s,train,RNaseP_Z.rouxii
23s,train,RNaseP_vHge3-5
23s,train,grp1_a.I1.b.Synechococcus.sp2.C3.tLEU
23s,train,grp1_a.I1.c.A.cherimola.C3.tLEU
23s,train,grp1_a.I1.c.G.prostrata.C3.tLEU
23s,train,grp1_a.I1.c.S.bicolor.C3.tLEU
23s,train,grp1_a.I1.e.A.adeninivorans.C1.LSU.2449
23s,train,grp1_a.I1.e.A.capsulatus.FLs1.C1.SSU
23s,train,grp1_a.I1.e.A.capsulatus.G184B.C1.SSU
23s,train,grp1_a.I1.e.A.stipitatus.C1.SSU.1046
23s,train,grp1_a.I1.e.B.ciliata.JCM6865.C1.SSU.1506
23s,train,grp1_a.I1.e.B.ciliata.JCM6865.C1.SSU.943
23s,train,grp1_a.I1.e.B.yamatoana.JCM2896.C1.SSU.943
23s,train,grp1_a.I1.e.C.ellipsoidea.211-1a.C1.SSU.1506
23s,train,grp1_a.I1.e.C.grayi.UNK.SSU.1516
23s,train,grp1_a.I1.e.C.merochlorophea.UNK.SSU.1046
23s,train,grp1_a.I1.e.C.merochlorophea.UNK.SSU.1210
23s,train,grp1_a.I1.e.C.merochlorophea.UNK.SSU.1516
23s,train,grp1_a.I1.e.C.saccatum.C1.SSU.1512
23s,train,grp1_a.I1.e.C.saxonicum.C1.SSU.1506
23s,train,grp1_a.I1.e.D.parva.C1.SSU.1512
23s,train,grp1_a.I1.e.D.parva.C1.SSU.943
23s,train,grp1_a.I1.e.D.salina.C1.SSU.943
23s,train,grp1_a.I1.e.E.dermatitidis.C1.SSU.943
23s,train,grp1_a.I1.e.G.spirotaenia.C1.SSU.1506
23s,train,grp1_a.I1.e.L.dispersa.UNK.SSU.1046
23s,train,grp1_a.I1.e.L.dispersa.UNK.SSU.114
23s,train,grp1_a.I1.e.L.dispersa.UNK.SSU.1210
23s,train,grp1_a.I1.e.L.dispersa.UNK.SSU.287
23s,train,grp1_a.I1.e.L.dispersa.UNK.SSU.516
23s,train,grp1_a.I1.e.L.dispersa.UNK.SSU.789
23s,train,grp1_a.I1.e.M.caldariorum.C1.SSU.1506
23s,train,grp1_a.I1.e.P.carinii.C1.SSU.1506
23s,train,grp1_a.I1.e.P.carinii.Pc1.C1.LSU.1921
23s,train,grp1_a.I1.e.P.carinii.Pc2.C1.LSU.1921
23s,train,grp1_a.I1.e.P.carinii.Pc3.C1.LSU.1921
23s,train,grp1_a.I1.e.P.clavariiformis.C1.SSU.943
23s,train,grp1_a.I1.e.P.inouyei.C1.SSU.1506
23s,train,grp1_a.I1.e.P.macrosporus.C1.SSU.1506
23s,train,grp1_a.I1.e.P.macrosporus.C1.SSU.943
23s,train,grp1_a.I1.e.P.pachydermus.C1.SSU.943
23s,train,grp1_a.I1.e.P.sarcinoidea.C1.SSU.943
23s,train,grp1_a.I1.e.S.granulatum.C1.SSU.1506
23s,train,grp1_a.I1.e.S.paniceum.UNK.SSU.1052
23s,train,grp1_a.I1.e.S.paniceum.UNK.SSU.114
23s,train,grp1_a.I1.e.S.paniceum.UNK.SSU.1210
23s,train,grp1_a.I1.e.S.paniceum.UNK.SSU.1506
23s,train,grp1_a.I1.e.S.paniceum.UNK.SSU.287
23s,train,grp1_a.I1.e.S.sclerotiorum_1837.C1.LSU.798
23s,train,grp1_a.I1.e.Staurastrum.sp.M753.C1.SSU.1506
23s,train,grp1_a.I1.e.T.cosmopolitanis.C1.LSU.1925
23s,train,grp1_a.I1.e.T.hyperangularis.C1.LSU.1925
23s,train,grp1_a.I1.e.T.malaccensis.C1.LSU.1925
23s,train,grp1_a.I1.e.T.pigmentosa.C1.LSU.1925
23s,train,grp1_a.I1.e.U.maydis.C1.SSU.943
23s,train,grp1_a.I1.m.M.grisea.B2.ND1
23s,train,grp1_a.I1.m.S.luteus.A1.LSU.2504
23s,train,grp1_a.I1.m.S.pombe.B1.OX1
23s,train,grp1_b.I1.e.M.anisopliae.2.C1.LSU.1921
23s,train,grp1_b.I1.e.M.anisopliae.3.C1.LSU.1921
23s,train,grp1_b.I1.e.T.thermophila.C1.LSU.1925
23s,train,srp_Aero.pern._BA000002
23s,train,srp_Ajel.caps._CV620298
23s,train,srp_Ashb.goss._AE016819
23s,train,srp_Bdel.bact._BX842656
23s,train,srp_Cand.trop._GSP-294747
23s,train,srp_Citr.sine._CN181544
23s,train,srp_Clav.lusi._GSP-306902
23s,train,srp_Clos.novy._CP000382
23s,train,srp_Cryp.parv._XM_626716
23s,train,srp_Deba.hans._CR382138
23s,train,srp_Desu.psyc._CR522870
23s,train,srp_Dict.disc._BJ360333
23s,train,srp_Ence.cuni._AL590449
23s,train,srp_Enta.hist._AF487684
23s,train,srp_Gald.sulp._GSP-130081
23s,train,srp_Gibb.zeae._GSP-229533
23s,train,srp_Halo.halo._CP000544
23s,train,srp_Hist.caps._GSP-278162
23s,train,srp_Hype.buty._CP000493
23s,train,srp_Kluy.yarr._479647571
23s,train,srp_Lept.coll._AF006750
23s,train,srp_List.mono._AE017262
23s,train,srp_Lodd.elon._GSP-379508
23s,train,srp_Meso.viri._AF166114
23s,train,srp_Meth.mari._CP000745
23s,train,srp_Myco.hyop._AE017244
23s,train,srp_Myco.spec._CP000580
23s,train,srp_Neur.cras._AL669999
23s,train,srp_Onch.volv._BF727619
23s,train,srp_Oryz.sati._AP008207
23s,train,srp_Oxyt.trif._GSP-99928
23s,train,srp_Para.bras._EH655308
23s,train,srp_Para.bras._GSP-121759
23s,train,srp_Pers.amer._X65992
23s,train,srp_Phak.pach._GSP-170000-2
23s,train,srp_Phyt.infe._CV911012
23s,train,srp_Pich.guil._GSP-294746
23s,train,srp_Pich.stip._CP000502
23s,train,srp_Plas.falc._EF690554
23s,train,srp_Podo.anse._GSP-5145
23s,train,srp_Pseu.syri._CP000058
23s,train,srp_Psyc.arct._CP000082
23s,train,srp_Psyc.ingr._CP000510
23s,train,srp_Pyro.isla._CP000504
23s,train,srp_Rhod.balt._BX294144
23s,train,srp_Sacc.kluy._SKAA0027M04.b1
23s,train,srp_Sacc.para._BN000251
23s,train,srp_Scle.scle._GSP-325569
23s,train,srp_Shew.balt._CP000753
23s,train,srp_Sola.tube._DR037646
23s,train,srp_Sorg.bico._BE594178
23s,train,srp_Spra.loph._GSP-51541
23s,train,srp_Stap.epid._AX145149
23s,train,srp_Stre.coel._AL939118
23s,train,srp_Stre.pyog._AM295007
23s,train,srp_Stre.sang._CP000387
23s,train,srp_Synt.wolf._CP000448
23s,train,srp_Taen.gutt._CK235759
23s,train,srp_Tetr.ther._X56981
23s,train,srp_Thal.pseu._GSP-296543
23s,train,srp_Thei.parv._GSP-333668
23s,train,srp_Ther.mela._CP000716
23s,train,srp_Ther.petr._CP000702
23s,train,srp_Ther.teng._AE012978
23s,train,srp_Ther.volc._BA000011
23s,train,srp_Toxo.gond._CO743022
23s,train,srp_Toxo.gond._GSP-398031
23s,train,srp_Trep.dent._AE017246
23s,train,srp_Trep.pall._AE000520
23s,train,srp_Tric.rees._GSP-334564-1
23s,train,srp_Trit.aest._BE424647
23s,train,srp_Trit.aest._CJ679223
23s,train,srp_Unci.rees._GSP-336963
23s,train,srp_Vibr.vuln._BA000037
23s,train,srp_Xant.camp._AM039952
23s,train,srp_Xeno.laev._X01055
23s,train,srp_Yarr.lipo._X51658
23s,train,srp_Yers.pseu._CP000720
23s,train,srp_Zygo.roux._BN000170
23s,train,srp_Zymo.mobi._AF203881
23s,train,tRNA_tdbR00000013-Pichia_jadinii-4903-Ala-IGC
23s,train,tRNA_tdbR00000034-Mesocricetus_auratus-10036-Asp-GUC
23s,train,tRNA_tdbR00000046-Escherichia_coli-562-Glu-SUC
23s,train,tRNA_tdbR00000069-Synechococcus_sp._PCC_7002-32049-Phe-GAA
23s,train,tRNA_tdbR00000074-Tetrahymena_pyriformis-5908-Phe-GAA
23s,train,tRNA_tdbR00000078-Ascaris_suum-6253-Phe-GAA
23s,train,tRNA_tdbR00000080-Bos_taurus-9913-Phe-GAA
23s,train,tRNA_tdbR00000114-Staphylococcus_epidermidis-1282-Gly-UCC
23s,train,tRNA_tdbR00000124-Aedes_albopictus-7160-Gly-UCC
23s,train,tRNA_tdbR00000127-Halocynthia_roretzi-7729-Gly-UCU
23s,train,tRNA_tdbR00000128-Halocynthia_roretzi-7729-Gly-GCU
23s,train,tRNA_tdbR00000143-Asterias_amurensis-7602-His-QUG
23s,train,tRNA_tdbR00000168-Bos_taurus-9913-Ile-GAU
23s,train,tRNA_tdbR00000174-Mus_musculus-10090-Ile-IAU
23s,train,tRNA_tdbR00000177-Mycoplasma_capricolum-2095-Lys-CUU
23s,train,tRNA_tdbR00000184-Asterias_amurensis-7602-Lys-CUU
23s,train,tRNA_tdbR00000190-Bos_taurus-9913-Lys-NUU
23s,train,tRNA_tdbR00000191-Mesocricetus_auratus-10036-Lys-NUU
23s,train,tRNA_tdbR00000194-Triticum_aestivum-4565-Lys-CUU
23s,train,tRNA_tdbR00000206-Loligo_bleekeri-6617-Lys-UUU
23s,train,tRNA_tdbR00000210-Enterobacteria_phage_T5-10726-Leu-UAG
23s,train,tRNA_tdbR00000211-Haloferax_volcanii-2246-Leu-CAA
23s,train,tRNA_tdbR00000223-Salmonella_typhimurium-602-Leu-CAG
23s,train,tRNA_tdbR00000237-Saccharomyces_cerevisiae-4932-Leu-AA
23s,train,tRNA_tdbR00000244-Rattus_norvegicus-10116-Leu-UAG
23s,train,tRNA_tdbR00000245-Rattus_norvegicus-10116-Leu-UAG
23s,train,tRNA_tdbR00000247-Bos_taurus-9913-Leu-UAG
23s,train,tRNA_tdbR00000251-Saccharomyces_cerevisiae-4932-Leu-UAA
23s,train,tRNA_tdbR00000263-Rattus_norvegicus-10116-Leu-AA
23s,train,tRNA_tdbR00000266-Bos_taurus-9913-Leu-AA
23s,train,tRNA_tdbR00000280-Saccharomyces_cerevisiae-4932-Met-CAU
23s,train,tRNA_tdbR00000282-Ascaris_suum-6253-Met-AU
23s,train,tRNA_tdbR00000283-Gallus_gallus-9031-Met-AU
23s,train,tRNA_tdbR00000290-Enterobacteria_phage_T5-10726-Asn-GUU
23s,train,tRNA_tdbR00000318-Salmonella_typhimurium-602-Pro-GGG
23s,train,tRNA_tdbR00000321-Saccharomyces_cerevisiae-4932-Pro-UGG
23s,train,tRNA_tdbR00000325-Pichia_jadinii-4903-Pro-GG
23s,train,tRNA_tdbR00000328-Enterobacteria_phage_T5-10726-Gln-UUG
23s,train,tRNA_tdbR00000334-Hordeum_vulgare-4513-Gln-UG
23s,train,tRNA_tdbR00000345-Homo_sapiens-9606-Gln-NUG
23s,train,tRNA_tdbR00000347-Enterobacteria_phage_T4-10665-Arg-NCU
23s,train,tRNA_tdbR00000350-Haloferax_volcanii-2246-Arg-GCG
23s,train,tRNA_tdbR00000359-Escherichia_coli-562-Arg-CCG
23s,train,tRNA_tdbR00000363-Ascaris_suum-6253-Arg-PCU
23s,train,tRNA_tdbR00000364-Ascaris_suum-6253-Arg-ACG
23s,train,tRNA_tdbR00000366-Rattus_norvegicus-10116-Arg-UCG
23s,train,tRNA_tdbR00000367-Bos_taurus-9913-Arg-UCG
23s,train,tRNA_tdbR00000395-Saccharomyces_cerevisiae-4932-Ser-GCU
23s,train,tRNA_tdbR00000397-Saccharomyces_cerevisiae-4932-Ser-UGA
23s,train,tRNA_tdbR00000406-Saccharomyces_cerevisiae-4932-Ser-NGA
23s,train,tRNA_tdbR00000409-Candida_cylindracea-44322-Ser-CAG
23s,train,tRNA_tdbR00000414-Lupinus_luteus-3873-Ser-CGA
23s,train,tRNA_tdbR00000440-Neurospora_crassa-5141-Thr-UGU
23s,train,tRNA_tdbR00000460-Aedes_albopictus-7160-Val-UAC
23s,train,tRNA_tdbR00000461-Rattus_norvegicus-10116-Val-UAC
23s,train,tRNA_tdbR00000462-Rattus_norvegicus-10116-Val-UAC
23s,train,tRNA_tdbR00000463-Bos_taurus-9913-Val-UAC
23s,train,tRNA_tdbR00000489-Neurospora_crassa-5141-Trp-NCA
23s,train,tRNA_tdbR00000492-Rattus_norvegicus-10116-Trp-NCA
23s,train,tRNA_tdbR00000493-Bos_taurus-9913-Trp-NCA
23s,train,tRNA_tdbR00000494-Saccharomyces_cerevisiae-4932-Trp-BCA
23s,train,tRNA_tdbR00000517-Neurospora_crassa-5141-Ini-CAU
23s,train,tRNA_tdbR00000518-Saccharomyces_cerevisiae-4932-Ini-CAU
23s,train,tRNA_tdbR00000520-Aedes_albopictus-7160-Ini-CAU
23s,train,tRNA_tdbR00000522-Bos_taurus-9913-Ini-AU
23s,train,tRNA_tdbR00000549-Tetrahymena_pyriformis-5908-Tyr-QUA
23s,train,tRNA_tdbR00000551-Saccharomyces_cerevisiae-4932-Tyr-GUA
23s,train,tRNA_tdbR00000556-Schizosaccharomyces_pombe-4896-Tyr-GPA
23s,train,tRNA_tdbR00000572-Leishmania_tarentolae-5689-Lys-1UU
23s,train,tRNA_tdbR00000573-Leishmania_tarentolae-5689-Gln-3UG
23s,train,tRNA_tdbR00000578-Leishmania_tarentolae-5689-Glu-3UC
23s,train,tRNA_tdbR00000581-Aeropyrum_pernix-56636-Lys-CUU
23s,train,tRNA_tdbR00000590-Ascaris_suum-6253-Glu-UC
23s,train,tRNA_tdbR00000593-Ascaris_suum-6253-Trp-CA
23s,train,tRNA_tdbR00000595-Escherichia_coli-562-Leu-BAA
23s,train,tRNA_tdbR00000611-Sinorhizobium_meliloti-382-His-GUG
23s,train,tRNA_tdbR00000619-Toxoplasma_gondii-5811-Met-CAU
23s,train,tRNA_tdbR00000620-Toxoplasma_gondii-5811-Ini-CAU
23s,train,tRNA_tdbR00000621-Nicotiana_rustica-4093-Cys-GCA
23s,train,tRNA_tdbR00000622-Nicotiana_rustica-4093-Cys-GCA
23s,train,telomerase_AC121792.109554-109950
23s,train,telomerase_AF147806.247-692
23s,train,telomerase_AF221906.96-545
23s,train,telomerase_AF221909.98-496
23s,train,telomerase_AF221910.112-554
23s,train,telomerase_AF221912.98-564
23s,train,telomerase_AF221913.109-520
23s,train,telomerase_AF221914.112-589
23s,train,telomerase_AF221917.99-542
23s,train,telomerase_AF221918.97-547
23s,train,telomerase_AF221919.107-614
23s,train,telomerase_AF221920.99-541
23s,train,telomerase_AF221921.98-548
23s,train,telomerase_AF221923.106-554
23s,train,telomerase_AF221924.105-538
23s,train,telomerase_AF221925.98-540
23s,train,telomerase_AF221926.103-507
23s,train,telomerase_AF221927.113-556
23s,train,telomerase_AF221928.95-476
23s,train,telomerase_AF221929.92-517
23s,train,telomerase_AF221932.102-549
23s,train,telomerase_AF221934.121-565
23s,train,telomerase_AF221935.112-602
23s,train,telomerase_AF221937.99-545
23s,train,telomerase_AF221939.99-544
23s,train,telomerase_AF221940.103-499
23s,train,telomerase_AY058901.1-397
23s,train,telomerase_U85256.1-451
23s,train,tmRNA_Acid.ferr._TRW-243159_1-364
23s,train,tmRNA_Acid.ferr._TRW-920_1-341
23s,train,tmRNA_Acin.spec._CR543861_1-360
23s,train,tmRNA_Baci.G._TRW-12333_1-312
23s,train,tmRNA_Bact.mari._TRW-97084_1-385
23s,train,tmRNA_Bdel.bact._BX842656_1-346
23s,train,tmRNA_Bifi.long._TRW-206672_1-397
23s,train,tmRNA_Bloc.flor._BX248583_1-393
23s,train,tmRNA_Bord.pert._TRW-257313_1-387
23s,train,tmRNA_Borr.gari._CP000013_1-363
23s,train,tmRNA_Carn.malt._AF275938_1-366
23s,train,tmRNA_Chla.trac._TRW-813-2_1-420
23s,train,tmRNA_Chro.viol._AE016825_1-365
23s,train,tmRNA_Clos.ther._TRW-203119_1-387
23s,train,tmRNA_Cyan.mero._TRW-45157_1-236
23s,train,tmRNA_Desu.psyc._CR522870_1-366
23s,train,tmRNA_Dict.ther._TRW-14_1-350
23s,train,tmRNA_Emil.huxl._TRW-280463_1-291
23s,train,tmRNA_Fran.tula._CP000437_1-421
23s,train,tmRNA_Geob.sulf._AE017180_1-356
23s,train,tmRNA_Grac.tenu._AY673996_1-396
23s,train,tmRNA_Heli.hepa._AE017125_1-369
23s,train,tmRNA_Heli.pylo._TRW-85963_1-386
23s,train,tmRNA_Jako.libe._TRW-143017_1-102
23s,train,tmRNA_Lact.john._TRW-257314_1-367
23s,train,tmRNA_Lact.sake._TRW-314315_1-370
23s,train,tmRNA_Laws.intr._AM180252_1-376
23s,train,tmRNA_Legi.pneu._CR628337_1-406
23s,train,tmRNA_Leif.xyli._AE016822_1-394
23s,train,tmRNA_List.wels._AF440351_1-321
23s,train,tmRNA_Magn.spec._CP000471_1-366
23s,train,tmRNA_Meso.flor._AE017263_1-408
23s,train,tmRNA_Meso.viri._AF166114_1-359
23s,train,tmRNA_Mora.cata._AX067460_1-359
23s,train,tmRNA_Myco.Bxz1._AY129337_1-437
23s,train,tmRNA_Myco.arth._TRW-243272_1-394
23s,train,tmRNA_Myco.gall._AE015450_1-408
23s,train,tmRNA_Myco.geni._U39713_1-385
23s,train,tmRNA_Myco.hyop._TRW-295358_1-424
23s,train,tmRNA_Myco.myco._BX842642_1-411
23s,train,tmRNA_Myco.pene._BA000026_1-405
23s,train,tmRNA_Neph.oliv._AF137379-2_1-327
23s,train,tmRNA_Nitr.ocea._CP000127_1-361
23s,train,tmRNA_Oeno.oeni._TRW-203123_1-350
23s,train,tmRNA_Onio.yell._AP006628_1-423
23s,train,tmRNA_Para.symb._BX908798_1-405
23s,train,tmRNA_Pelo.carb._CP000142_1-358
23s,train,tmRNA_Phot.prof._CR378665_1-368
23s,train,tmRNA_Porp.ging._TRW-242619_1-407
23s,train,tmRNA_Prev.rumi._TRW-264731_1-401
23s,train,tmRNA_Pseu.atla._CP000388_1-357
23s,train,tmRNA_Rhod.balt._BX294141_1-380
23s,train,tmRNA_Rubr.gela._TRW-279263_1-372
23s,train,tmRNA_Rumi.albu._TRW-246199_1-354
23s,train,tmRNA_Sacc.degr._CP000282_1-389
23s,train,tmRNA_Spir.kunk._TRW-273035_1-424
23s,train,tmRNA_Stre.coll._AY485228_1-386
23s,train,tmRNA_Syne.spec._AB003477_1-394
23s,train,tmRNA_Synt.acid._CP000252_1-356
23s,train,tmRNA_Tann.fors._TRW-203275_1-400
23s,train,tmRNA_Thal.weis._AF049491_1-348
23s,train,tmRNA_Ther.elon._BA000039_1-386
23s,train,tmRNA_Ther.teng._AE013063_1-351
23s,train,tmRNA_Trem.prin._AF481102_1-264
23s,train,tmRNA_Trep.pall._TRW-243276_1-354
23s,train,tmRNA_Trop.whip._BX251411_1-369
23s,train,tmRNA_Urea.parv._AE002154_1-413
23s,train,tmRNA_Woli.succ._BX571661_1-369
23s,train,tmRNA_envi.sequ._TRW-2-1_1-365
23s,train,tmRNA_envi.sequ._TRW-259292_1-355
23s,train,tmRNA_envi.sequ._TRW-300695-2_1-345
23s,train,tmRNA_envi.sequ._TRW-351057-3_1-355
23s,train,tmRNA_envi.sequ._TRW-356-1_1-289
23s,train,tmRNA_uncu.bact._TRW-135621-1_1-397
23s,train,tmRNA_uncu.bact._TRW-32033-1_1-354
23s,train,tmRNA_uncu.bact._TRW-383630-1_1-364
23s,train,tmRNA_uncu.bact._TRW-72274-1_1-359
23s,train,tmRNA_uncu.bact._TRW-72274-2_1-359
23s,train,tmRNA_uncu.bact._TRW-80840-3_1-379
23s,train,tmRNA_uncu.mari._TRW-363180_1-347
23s,valid,16s_B.burgdorferi_domain4
23s,valid,16s_B.subtilis_domain4
23s,valid,16s_C.elegans_domain4
23s,valid,16s_C.reinhardtii.chloro_domain1
23s,valid,16s_C.reinhardtii.chloro_domain3
23s,valid,16s_C.reinhardtii.mito_domain1
23s,valid,16s_C.reinhardtii.mito_domain2
23s,valid,16s_H.sapiens.mito_domain3
23s,valid,16s_H.volcanii_domain1
23s,valid,16s_P.occultum_domain4
23s,valid,16s_S.cerevisiae_domain3
23s,valid,16s_T.gondii_domain3
23s,valid,16s_T.maritima_domain3
23s,valid,5s_Ascaris-suum-1
23s,valid,5s_Asterias-vulgaris-1
23s,valid,5s_Azospirillum-lipoferum-1
23s,valid,5s_Candidatus-Tremblaya-princeps-5
23s,valid,5s_Clostridium-acetobutylicum-3
23s,valid,5s_Gracilaria-compressa-2
23s,valid,5s_Halobacterium-sp.-2
23s,valid,5s_Halococcus-morrhuae-2
23s,valid,5s_Methanobrevibacter-ruminantium-1
23s,valid,5s_Methanosarcina-vacuolata-1
23s,valid,5s_Methanospirillum-hungatei-1
23s,valid,5s_Mycoplasma-gallisepticum-4
23s,valid,5s_Mycoplasma-sp.-2
23s,valid,5s_Paracentrotus-lividus-2
23s,valid,5s_Plasmodium-falciparum-1
23s,valid,5s_Roseococcus-thiosulfatophilus-2
23s,valid,5s_Spirosoma-sp.-1
23s,valid,5s_Streptomyces-violaceus-1
23s,valid,5s_Ulva-pertusa-1
23s,valid,5s_Vitreoscilla-stercoraria-1
23s,valid,RNaseP_A.eutrophus
23s,valid,RNaseP_Anabaena-PCC7120
23s,valid,RNaseP_C.pneumoniae-CWL029
23s,valid,RNaseP_CPA58
23s,valid,RNaseP_LGW17
23s,valid,RNaseP_M.barkeri
23s,valid,RNaseP_M.hyopneumoniae
23s,valid,RNaseP_P.mississippiensis
23s,valid,RNaseP_S.globosus
23s,valid,RNaseP_S.uvarum
23s,valid,RNaseP_SM-A01
23s,valid,RNaseP_SM-A5888
23s,valid,RNaseP_SMB-B2
23s,valid,RNaseP_T.littoralis
23s,valid,RNaseP_T.thioparus
23s,valid,RNaseP_T.tumescens
23s,valid,RNaseP_T.volcanum
23s,valid,RNaseP_U.urealyticum
23s,valid,RNaseP_W.fluorescens
23s,valid,RNaseP_vHge2
23s,valid,grp1_a.I1.b.Dermocarpa.sp.ATCC29371.C3.tMET
23s,valid,grp1_a.I1.b.Phormidium.sp.N182.C3.tLEU
23s,valid,grp1_a.I1.b.S.hofmanii.C3.tMET
23s,valid,grp1_a.I1.e.A.capsulatus.CBS213.53.C1.SSU.943
23s,valid,grp1_a.I1.e.A.capsulatus.G186B.C1.SSU
23s,valid,grp1_a.I1.e.B.yamatoana.JCM2896.C1.SSU.1506
23s,valid,grp1_a.I1.e.C.ellipsoidea.IAMC-87.C1.SSU.1506
23s,valid,grp1_a.I1.e.C.grayi.UNK.SSU.1046
23s,valid,grp1_a.I1.e.C.merochlorophea.UNK.SSU.1389
23s,valid,grp1_a.I1.e.G.planctonica.C1.SSU.943
23s,valid,grp1_a.I1.e.L.dispersa.UNK.SSU.1516
23s,valid,grp1_a.I1.e.P.inouyei.C1.SSU.943
23s,valid,grp1_a.I1.e.Staurastrum.sp.M752.C1.SSU.1506
23s,valid,grp1_b.I1.e.C.saccharophila.C1.SSU.156
23s,valid,grp1_s.I1.e.T.thermophila.C1.LSU.1925.schem
23s,valid,srp_Baci.anth._AE017334
23s,valid,srp_Cand.glab._CR380957
23s,valid,srp_Enta.terr._GSP-110771
23s,valid,srp_Giar.lamb._GSP-184922
23s,valid,srp_Kluy.lact._CR382126
23s,valid,srp_Meth.ferv._S49762
23s,valid,srp_Meth.volt._M22560
23s,valid,srp_Myco.hyop._AE017243
23s,valid,srp_Myco.spec._CP000384
23s,valid,srp_Nect.haem._GSP-71109
23s,valid,srp_Perk.mari._GSP-31276
23s,valid,srp_Phae.nodo._GSP-321614
23s,valid,srp_Phyt.soja._GSP-67593
23s,valid,srp_Plas.yoel._GSP-352914
23s,valid,srp_Sacc.cere._U18916
23s,valid,srp_Schi.pomb._AU010514
23s,valid,srp_Schi.pomb._Z99259
23s,valid,srp_Shig.flex._AE016979
23s,valid,srp_Trit.aest._X13915
23s,valid,srp_Tryp.viva._SDB-5699
23s,valid,tRNA_tdbR00000009-Escherichia_coli-562-Ala-VGC
23s,valid,tRNA_tdbR00000104-Enterobacteria_phage_T4-10665-Gly-NCC
23s,valid,tRNA_tdbR00000126-Halocynthia_roretzi-7729-Gly-NCU
23s,valid,tRNA_tdbR00000149-Homo_sapiens-9606-His-GUG
23s,valid,tRNA_tdbR00000167-Aedes_albopictus-7160-Ile-GAU
23s,valid,tRNA_tdbR00000169-Homo_sapiens-9606-Ile-GAU
23s,valid,tRNA_tdbR00000189-Rattus_norvegicus-10116-Lys-NUU
23s,valid,tRNA_tdbR00000246-Bos_taurus-9913-Leu-NAA
23s,valid,tRNA_tdbR00000335-Nicotiana_rustica-4093-Gln-NUG
23s,valid,tRNA_tdbR00000365-Aedes_albopictus-7160-Arg-UCG
23s,valid,tRNA_tdbR00000381-Haloferax_volcanii-2246-Ser-GCU
23s,valid,tRNA_tdbR00000398-Ascaris_suum-6253-Ser-UCU
23s,valid,tRNA_tdbR00000399-Aedes_albopictus-7160-Ser-GCU
23s,valid,tRNA_tdbR00000400-Loligo_bleekeri-6617-Ser-7CU
23s,valid,tRNA_tdbR00000580-Aeropyrum_pernix-56636-Lys-UUU
23s,valid,tRNA_tdbR00000583-Aeropyrum_pernix-56636-Cys-GCA
23s,valid,tRNA_tdbR00000591-Ascaris_suum-6253-Lys-UU
23s,valid,tRNA_tdbR00000594-Ascaris_suum-6253-Leu-AA
23s,valid,tRNA_tdbR00000609-Chlamydomonas_reinhardtii-3055-Leu-UA7
23s,valid,tRNA_tdbR00000618-Candida_albicans-5476-Leu-CAG
23s,valid,telomerase_AF221908.136-584
23s,valid,telomerase_AF221911.104-513
23s,valid,telomerase_AF221916.94-481
23s,valid,telomerase_AF221930.94-546
23s,valid,telomerase_AF221931.99-541
23s,valid,telomerase_AF221936.98-540
23s,valid,telomerase_AY312571.605-1069
23s,valid,tmRNA_Bloc.penn._CP000016_1-392
23s,valid,tmRNA_Cald.sacc._TRW-351627_1-368
23s,valid,tmRNA_Camp.fetu._AY211269_1-361
23s,valid,tmRNA_Chlo.tepi._TRW-194439_1-404
23s,valid,tmRNA_Cyan.cald._AF022186_1-254
23s,valid,tmRNA_Gemm.obsc._TRW-214688_1-412
23s,valid,tmRNA_Guil.thet._TRW-55529_1-330
23s,valid,tmRNA_Myxo.xant._TRW-34_1-366
23s,valid,tmRNA_Ocea.ihey._BA000028_1-364
23s,valid,tmRNA_Porp.purp._TRW-2787_1-323
23s,valid,tmRNA_Prop.acne._TRW-1747-3_1-353
23s,valid,tmRNA_Stre.scab._TRW-1883_1-402
23s,valid,tmRNA_Syne.spec._TRW-32049_1-396
23s,valid,tmRNA_Ther.rose._TRW-309801_1-353
23s,valid,tmRNA_Thio.deni._CP000116_1-367
23s,valid,tmRNA_Verr.spin._TRW-240016_1-356
23s,valid,tmRNA_envi.sequ._TRW-204433_1-356
23s,valid,tmRNA_envi.sequ._TRW-32045-3_1-350
23s,valid,tmRNA_uncu.bact._TRW-32045-4_1-369
23s,valid,tmRNA_uncu.bact._TRW-45456_1-408
5s,test,5s_Acanthamoeba-castellanii-1
5s,test,5s_Acanthamoeba-castellanii-2
5s,test,5s_Acetobacter-aceti-2
5s,test,5s_Acetobacter-sp.-1
5s,test,5s_Acheta-domesticus-1
5s,test,5s_Acholeplasma-laidlawii-1
5s,test,5s_Acholeplasma-laidlawii-2
5s,test,5s_Acholeplasma-laidlawii-3
5s,test,5s_Achromobacter-cycloclastes-1
5s,test,5s_Achromobacter-denitrificans-1
5s,test,5s_Achromobacter-xylosoxidans-1
5s,test,5s_Acidiphilium-acidophilum-1
5s,test,5s_Acidiphilium-cryptum-1
5s,test,5s_Acidithiobacillus-ferrooxidans-1
5s,test,5s_Acidithiobacillus-ferrooxidans-2
5s,test,5s_Acidithiobacillus-ferrooxidans-3
5s,test,5s_Acidithiobacillus-thiooxidans-1
5s,test,5s_Acidovorax-delafieldii-1
5s,test,5s_Acidovorax-facilis-1
5s,test,5s_Acidovorax-temperans-1
5s,test,5s_Acinetobacter-sp.-1
5s,test,5s_Acinetospora-crinita-1
5s,test,5s_Acremonium-chrysogenum-1
5s,test,5s_Acremonium-persicinum-1
5s,test,5s_Acremonium-persicinum-2
5s,test,5s_Acremonium-persicinum-3
5s,test,5s_Actinia-equina-1
5s,test,5s_Actinokineospora-riparia-1
5s,test,5s_Actinomadura-madurae-1
5s,test,5s_Acyrthosiphon-magnoliae-1
5s,test,5s_Aeromonas-hydrophila-1
5s,test,5s_Aeromonas-media-1
5s,test,5s_Aeromonas-salmonicida-1
5s,test,5s_Agaricostilbum-pulcherrimum-1
5s,test,5s_Agaricostilbum-pulcherrimum-2
5s,test,5s_Agaricus-edulis-1
5s,test,5s_Agrobacterium-tumefaciens-1
5s,test,5s_Agrobacterium-tumefaciens-2
5s,test,5s_Agrobacterium-tumefaciens-3
5s,test,5s_Agrobacterium-tumefaciens-4
5s,test,5s_Agrobacterium-tumefaciens-6
5s,test,5s_Agrobacterium-tumefaciens-7
5s,test,5s_Agrobacterium-tumefaciens-8
5s,test,5s_Agrobacterium-vitis-1
5s,test,5s_Akkesiphycus-lubricum-1
5s,test,5s_Alcaligenes-faecalis-1
5s,test,5s_Alcaligenes-faecalis-2
5s,test,5s_Alcaligenes-faecalis-3
5s,test,5s_Alcaligenes-sp.-1
5s,test,5s_Ambystoma-salmoides-1
5s,test,5s_Amoebidium-parasiticum-1
5s,test,5s_Amphibacillus-xylanus-1
5s,test,5s_Amycolatopsis-lactamdurans-1
5s,test,5s_Amycolatopsis-mediterranei-1
5s,test,5s_Amycolatopsis-methanolica-1
5s,test,5s_Amycolatopsis-orientalis-1
5s,test,5s_Anaerorhabdus-furcosa-1
5s,test,5s_Anaplasma-marginale-1
5s,test,5s_Anaplasma-phagocytophilum-1
5s,test,5s_Ancylobacter-aquaticus-1
5s,test,5s_Andrias-davidianus-1
5s,test,5s_Andrias-japonicus-1
5s,test,5s_Andrias-japonicus-2
5s,test,5s_Antheraea-pernyi-1
5s,test,5s_Anthoceros-punctatus-1
5s,test,5s_Anthopleura-japonica-1
5s,test,5s_Aplysia-kurodai-1
5s,test,5s_Aquaspirillum-serpens-1
5s,test,5s_Aquifex-aeolicus-1
5s,test,5s_Arabidopsis-thaliana-1
5s,test,5s_Araneus-diadematus-1
5s,test,5s_Archaeoglobus-fulgidus-1
5s,test,5s_Arion-rufus-1
5s,test,5s_Artemia-salina-1
5s,test,5s_Artemia-sp.-1
5s,test,5s_Artemia-sp.-2
5s,test,5s_Artemia-sp.-3
5s,test,5s_Artemia-sp.-4
5s,test,5s_Arthrobacter-globiformis-1
5s,test,5s_Arthrobacter-globiformis-2
5s,test,5s_Arthrobacter-luteus-1
5s,test,5s_Arthrobacter-oxydans-1
5s,test,5s_Arthrobacter-polychromogenes-1
5s,test,5s_Ascaris-lumbricoides-1
5s,test,5s_Ascaris-suum-1
5s,test,5s_Ascobolus-immersus-1
5s,test,5s_Ascobolus-immersus-2
5s,test,5s_Ascobolus-immersus-3
5s,test,5s_Ascobolus-immersus-4
5s,test,5s_Asellus-aquaticus-1
5s,test,5s_Asellus-aquaticus-2
5s,test,5s_Aspergillus-flavus-1
5s,test,5s_Aspergillus-niger-1
5s,test,5s_Aspergillus-unguis-1
5s,test,5s_Aspergillus-versicolor-1
5s,test,5s_Asterias-vulgaris-1
5s,test,5s_Asterina-pectinifera-1
5s,test,5s_Atractiella-solani-1
5s,test,5s_Aurelia_aurita-1
5s,test,5s_Auricularia-auricula-judae-1
5s,test,5s_Azoarcus-sp.-1
5s,test,5s_Azospirillum-lipoferum-1
5s,test,5s_Azotobacter-vinelandii-1
5s,test,5s_Bacillus-amyloliquefaciens-1
5s,test,5s_Bacillus-anthracis-1
5s,test,5s_Bacillus-anthracis-10
5s,test,5s_Bacillus-anthracis-2
5s,test,5s_Bacillus-anthracis-3
5s,test,5s_Bacillus-anthracis-4
5s,test,5s_Bacillus-anthracis-5
5s,test,5s_Bacillus-anthracis-6
5s,test,5s_Bacillus-anthracis-7
5s,test,5s_Bacillus-anthracis-8
5s,test,5s_Bacillus-anthracis-9
5s,test,5s_Bacillus-cereus-1
5s,test,5s_Bacillus-cereus-10
5s,test,5s_Bacillus-cereus-11
5s,test,5s_Bacillus-cereus-2
5s,test,5s_Bacillus-cereus-4
5s,test,5s_Bacillus-cereus-5
5s,test,5s_Bacillus-cereus-6
5s,test,5s_Bacillus-cereus-7
5s,test,5s_Bacillus-cereus-8
5s,test,5s_Bacillus-cereus-9
5s,test,5s_Bacillus-clausii-1
5s,test,5s_Bacillus-clausii-2
5s,test,5s_Bacillus-clausii-3
5s,test,5s_Bacillus-firmus-1
5s,test,5s_Bacillus-halodurans-1
5s,test,5s_Bacillus-halodurans-2
5s,test,5s_Bacillus-halodurans-3
5s,test,5s_Bacillus-halodurans-4
5s,test,5s_Bacillus-halodurans-5
5s,test,5s_Bacillus-halodurans-6
5s,test,5s_Bacillus-licheniformis-1
5s,test,5s_Bacillus-licheniformis-2
5s,test,5s_Bacillus-licheniformis-5
5s,test,5s_Bacillus-licheniformis-6
5s,test,5s_Bacillus-megaterium-1
5s,test,5s_Bacillus-megaterium-2
5s,test,5s_Bacillus-methanolicus-7
5s,test,5s_Bacillus-methanolicus-8
5s,test,5s_Bacillus-methanolicus-9
5s,test,5s_Bacillus-sp.-1
5s,test,5s_Bacillus-sp.-2
5s,test,5s_Bacillus-subtilis-1
5s,test,5s_Bacillus-subtilis-2
5s,test,5s_Bacillus-subtilis-4
5s,test,5s_Bacillus-subtilis-5
5s,test,5s_Bacillus-subtilis-6
5s,test,5s_Bacillus-thuringiensis-1
5s,test,5s_Bacillus-thuringiensis-2
5s,test,5s_Bacillus-thuringiensis-3
5s,test,5s_Bacillus-thuringiensis-4
5s,test,5s_Bacillus-thuringiensis-5
5s,test,5s_Bacillus-thuringiensis-6
5s,test,5s_Bacteroides-capillosus-1
5s,test,5s_Bacteroides-fragilis-1
5s,test,5s_Bacteroides-fragilis-2
5s,test,5s_Bacteroides-fragilis-3
5s,test,5s_Bacteroides-fragilis-4
5s,test,5s_Bacteroides-fragilis-5
5s,test,5s_Bacteroides-fragilis-6
5s,test,5s_Bacteroides-thetaiotaomicron-1
5s,test,5s_Bacteroides-veroralis-1
5s,test,5s_Bartonella-bacilliformis-1
5s,test,5s_Bartonella-henselae-1
5s,test,5s_Bartonella-henselae-2
5s,test,5s_Bartonella-quintana-1
5s,test,5s_Bartonella-quintana-2
5s,test,5s_Basidiobolus-magnus-1
5s,test,5s_Batrachospermum-ectocarpum-1
5s,test,5s_Beggiatoa-alba-1
5s,test,5s_Beta-vulgaris-1
5s,test,5s_Bifidobacterium-longum-1
5s,test,5s_Bifidobacterium-longum-2
5s,test,5s_Bifidobacterium-longum-3
5s,test,5s_Bjerkandera-adusta-1
5s,test,5s_Blakeslea-trispora-1
5s,test,5s_Blastocladiella-simplex-1
5s,test,5s_Blastopirellula-marina-1
5s,test,5s_Blepharisma-japonicum-1
5s,test,5s_Bombyx-mori-1
5s,test,5s_Bombyx-mori-2
5s,test,5s_Bombyx-mori-3
5s,test,5s_Bombyx-mori-4
5s,test,5s_Bordetella-bronchiseptica-1
5s,test,5s_Bordetella-parapertussis-1
5s,test,5s_Bordetella-pertussis-1
5s,test,5s_Borrelia-burgdorferi-1
5s,test,5s_Bos-taurus-1
5s,test,5s_Brachionus-plicatilis-1
5s,test,5s_Bradyrhizobium-japonicum-1
5s,test,5s_Branchiostoma-belcheri-1
5s,test,5s_Brassica-napus-1
5s,test,5s_Bresslaua-vorax-1
5s,test,5s_Brevibacillus-brevis-1
5s,test,5s_Brevibacterium-casei-1
5s,test,5s_Brevibacterium-helvolum-1
5s,test,5s_Brevibacterium-linens-1
5s,test,5s_Brevibacterium-linens-2
5s,test,5s_Brucella-abortus-1
5s,test,5s_Brucella-melitensis-1
5s,test,5s_Brucella-melitensis-2
5s,test,5s_Brucella-melitensis-3
5s,test,5s_Brucella-suis-1
5s,test,5s_Brucella-suis-2
5s,test,5s_Brugia-malayi-1
5s,test,5s_Buchnera-aphidicola-1
5s,test,5s_Buchnera-aphidicola-2
5s,test,5s_Buchnera-aphidicola-3
5s,test,5s_Bufo-americanus-1
5s,test,5s_Bugula-neritina-1
5s,test,5s_Bullera-alba-1
5s,test,5s_Burkholderia-caryophylli-1
5s,test,5s_Burkholderia-cepacia-1
5s,test,5s_Burkholderia-cepacia-2
5s,test,5s_Burkholderia-cepacia-3
5s,test,5s_Burkholderia-mallei-1
5s,test,5s_Burkholderia-pseudomallei-1
5s,test,5s_Bursaphelenchus-mucronatus-1
5s,test,5s_Bursaphelenchus-xylophilus-1
5s,test,5s_C_paradoxE
5s,test,5s_Caenorhabditis-briggsae-1
5s,test,5s_Caenorhabditis-elegans-1
5s,test,5s_Caenorhabditis-elegans-3
5s,test,5s_Calanus-finmarchicus-1
5s,test,5s_Calliphora-vicina-1
5s,test,5s_Calyptogena-magnifica-1
5s,test,5s_Campylobacter-jejuni-3
5s,test,5s_Cancer-pagurus-1
5s,test,5s_Candida-albicans-1
5s,test,5s_Candida-antarctica-1
5s,test,5s_Candida-azyma-1
5s,test,5s_Candida-cylindracea-1
5s,test,5s_Candida-diversa-1
5s,test,5s_Candida-glabrata-1
5s,test,5s_Candida-magnoliae-1
5s,test,5s_Candida-melibiosica-1
5s,test,5s_Candida-parapsilosis-1
5s,test,5s_Candida-rugopelliculosa-1
5s,test,5s_Candida-rugosa-1
5s,test,5s_Candida-zeylanoides-1
5s,test,5s_Candidatus-Fritschea-bemisiae-1
5s,test,5s_Candidatus-Pelagibacter-ubique-1
5s,test,5s_Candidatus-Phytoplasma-asteris-1
5s,test,5s_Candidatus-Portiera-aleyrodidarum-1
5s,test,5s_Candidatus-Tremblaya-princeps-1
5s,test,5s_Candidatus-Tremblaya-princeps-2
5s,test,5s_Candidatus-Tremblaya-princeps-3
5s,test,5s_Candidatus-Tremblaya-princeps-5
5s,test,5s_Candidatus-Tremblaya-princeps-6
5s,test,5s_Capniomyces-stellatus-1
5s,test,5s_Carpopeltis-crispata-1
5s,test,5s_Caulobacter-crescentus-1
5s,test,5s_Caulobacter-crescentus-2
5s,test,5s_Caulobacter-sp.-1
5s,test,5s_Caulobacter-sp.-2
5s,test,5s_Caulobacter-sp.-3
5s,test,5s_Caulobacter-sp.-4
5s,test,5s_Caulobacter-sp.-5
5s,test,5s_Caulobacter-sp.-6
5s,test,5s_Caulobacter-sp.-7
5s,test,5s_Caulobacter-spinosum-1
5s,test,5s_Cellulomonas-biazotea-1
5s,test,5s_Cellulosimicrobium-cellulans-1
5s,test,5s_Cerastoderma-edule-1
5s,test,5s_Cerastoderma-glaucum-1
5s,test,5s_Ceratobasidium-cornigerum-1
5s,test,5s_Chaetomorpha-moniligera-1
5s,test,5s_Chlamydia-muridarum-1
5s,test,5s_Chlamydia-muridarum-2
5s,test,5s_Chlamydia-trachomatis-1
5s,test,5s_Chlamydomonas-reinhardtii-1
5s,test,5s_Chlamydomonas-reinhardtii-2
5s,test,5s_Chlamydomonas-sp.-1
5s,test,5s_Chlamydophila-abortus-1
5s,test,5s_Chlamydophila-caviae-1
5s,test,5s_Chlamydophila-pneumoniae-1
5s,test,5s_Chlamydophila-pneumoniae-2
5s,test,5s_Chlamydophila-pneumoniae-3
5s,test,5s_Chlorella-pyrenoidosa-1
5s,test,5s_Chlorella-sp.-1
5s,test,5s_Chlorobium-limicola-1
5s,test,5s_Chlorobium-limicola-2
5s,test,5s_Chlorobium-phaeobacteroides-1
5s,test,5s_Chlorobium-tepidum-1
5s,test,5s_Chordaria-flagelliformis-1
5s,test,5s_Christiansenia-pallida-1
5s,test,5s_Chrysaora-quinquecirrha-1
5s,test,5s_Clavibacter-michiganensis-1
5s,test,5s_Clavispora-opuntiae-1
5s,test,5s_Clavispora-opuntiae-3
5s,test,5s_Clostridium-acetobutylicum-1
5s,test,5s_Clostridium-acetobutylicum-2
5s,test,5s_Clostridium-acetobutylicum-3
5s,test,5s_Clostridium-acetobutylicum-4
5s,test,5s_Clostridium-acetobutylicum-5
5s,test,5s_Clostridium-butyricum-1
5s,test,5s_Clostridium-butyricum-2
5s,test,5s_Clostridium-carnis-1
5s,test,5s_Clostridium-innocuum-1
5s,test,5s_Clostridium-pasteurianum-1
5s,test,5s_Clostridium-tyrobutyricum-4
5s,test,5s_Coemansia-mojavensis-1
5s,test,5s_Colacogloea-peniophorae-1
5s,test,5s_Coleochaete-scutata-1
5s,test,5s_Coleosporium-tussilaginis-1
5s,test,5s_Colwellia-hadaliensis-1
5s,test,5s_Colwellia-psychrerythraea-1
5s,test,5s_Colwellia-psychrerythraea-2
5s,test,5s_Colwellia-psychrerythraea-3
5s,test,5s_Comamonas-terrigena-1
5s,test,5s_Comamonas-terrigena-2
5s,test,5s_Comamonas-testosteroni-1
5s,test,5s_Coprinopsis-cinerea-1
5s,test,5s_Coprinopsis-radiata-1
5s,test,5s_Corynebacterium-diphtheriae-1
5s,test,5s_Corynebacterium-diphtheriae-2
5s,test,5s_Corynebacterium-efficiens-1
5s,test,5s_Corynebacterium-glutamicum-1
5s,test,5s_Corynebacterium-glutamicum-2
5s,test,5s_Corynebacterium-jeikeium-1
5s,test,5s_Corynebacterium-jeikeium-2
5s,test,5s_Corynebacterium-variabile-1
5s,test,5s_Corynebacterium-xerosis-1
5s,test,5s_Corynebacterium-xerosis-2
5s,test,5s_Coxiella-burnetii-1
5s,test,5s_Coxiella-burnetii-2
5s,test,5s_Crithidia-fasciculata-1
5s,test,5s_Crossiella-cryophila-1
5s,test,5s_Crypthecodinium-cohnii-1
5s,test,5s_Cryptobranchus-alleganiensis-1
5s,test,5s_Cryptococcus-albidus-1
5s,test,5s_Cryptococcus-bacillisporus-1
5s,test,5s_Cryptococcus-humicola-1
5s,test,5s_Cryptococcus-laurentii-1
5s,test,5s_Cryptococcus-neoformans-1
5s,test,5s_Cryptococcus-neoformans-2
5s,test,5s_Cryptomonas-paramecium-1
5s,test,5s_Cryptosporidium-parvum-1
5s,test,5s_Cryptosporidium-parvum-2
5s,test,5s_Cunninghamella-elegans-1
5s,test,5s_Cupriavidus-necator-1
5s,test,5s_Curtobacterium-citreum-1
5s,test,5s_Cyanidium-caldarium-1
5s,test,5s_Cyanophora-paradoxa-1
5s,test,5s_Cycas-revoluta-1
5s,test,5s_Cyclidiopsis-acus-1
5s,test,5s_Cystobacter-fuscus-1
5s,test,5s_Dactylosporangium-aurantiacum-1
5s,test,5s_Daphnia-magna-1
5s,test,5s_Dehalococcoides-ethenogenes-1
5s,test,5s_Deinococcus-radiodurans-1
5s,test,5s_Deinococcus-radiodurans-2
5s,test,5s_Deinococcus-radiodurans-3
5s,test,5s_Deinococcus-radiophilus-1
5s,test,5s_Delftia-acidovorans-1
5s,test,5s_Desulfovibrio-vulgaris-1
5s,test,5s_Desulfovibrio-vulgaris-2
5s,test,5s_Desulfurococcus-mobilis-1
5s,test,5s_Diatoma-tenue-1
5s,test,5s_Dichelobacter-nodosus-1
5s,test,5s_Dictyostelium-discoideum-1
5s,test,5s_Dicyema-misakiense-1
5s,test,5s_Diplonema-papillatum-1
5s,test,5s_Diplonema-papillatum-2
5s,test,5s_Dipsacomyces-acuminosporus-1
5s,test,5s_Dirofilaria-immitis-1
5s,test,5s_Distigma-proteus-1
5s,test,5s_Drosophila-erecta-1
5s,test,5s_Drosophila-mauritiana-1
5s,test,5s_Drosophila-melanogaster-1
5s,test,5s_Drosophila-melanogaster-2
5s,test,5s_Drosophila-sechellia-1
5s,test,5s_Drosophila-simulans-1
5s,test,5s_Drosophila-takahashii-1
5s,test,5s_Drosophila-teissieri-1
5s,test,5s_Drosophila-yakuba-1
5s,test,5s_Dryopteris-acuminata-1
5s,test,5s_Dugesia-japonica-1
5s,test,5s_Dugesia-japonica-2
5s,test,5s_E_glandulE
5s,test,5s_Ectothiorhodospira-mobilis-1
5s,test,5s_Ectothiorhodospira-shaposhnikovii-1
5s,test,5s_Efibulobasidium-albescens-1
5s,test,5s_Ehrlichia-chaffeensis-1
5s,test,5s_Ehrlichia-ruminantium-1
5s,test,5s_Eimeria-tenella-1
5s,test,5s_Eisenia-bicyclis-1
5s,test,5s_Emericella-heterothallica-1
5s,test,5s_Emericella-nidulans-1
5s,test,5s_Emericella-nidulans-2
5s,test,5s_Emericella-nidulans-3
5s,test,5s_Emericella-nidulans-4
5s,test,5s_Emericella-nidulans-5
5s,test,5s_Emericella-nidulans-6
5s,test,5s_Emericella-nidulans-7
5s,test,5s_Emericella-nidulans-8
5s,test,5s_Empedobacter-brevis-1
5s,test,5s_Emplectonema-gracile-2
5s,test,5s_Enchytraeus-albidus-1
5s,test,5s_Endophyllum-sempervivi-1
5s,test,5s_Enterococcus-faecalis-1
5s,test,5s_Enterococcus-faecalis-2
5s,test,5s_Entosiphon-sulcatum-1
5s,test,5s_Ephedra-kokanica-1
5s,test,5s_Equisetum-arvense-1
5s,test,5s_Erwinia-carotovora-1
5s,test,5s_Erwinia-carotovora-2
5s,test,5s_Erysipelothrix-rhusiopathiae-1
5s,test,5s_Erysipelothrix-rhusiopathiae-2
5s,test,5s_Erysipelothrix-rhusiopathiae-3
5s,test,5s_Erysipelothrix-tonsillarum-1
5s,test,5s_Erythrobacter-longus-1
5s,test,5s_Erythromicrobium-ezovicum-1
5s,test,5s_Erythromicrobium-hydrolyticum-1
5s,test,5s_Erythromicrobium-ramosum-1
5s,test,5s_Esch_coli2B
5s,test,5s_Esch_coli5B
5s,test,5s_Escherichia-coli-1
5s,test,5s_Escherichia-coli-10
5s,test,5s_Escherichia-coli-11
5s,test,5s_Escherichia-coli-13
5s,test,5s_Escherichia-coli-14
5s,test,5s_Escherichia-coli-15
5s,test,5s_Escherichia-coli-2
5s,test,5s_Escherichia-coli-3
5s,test,5s_Escherichia-coli-4
5s,test,5s_Escherichia-coli-5
5s,test,5s_Escherichia-coli-6
5s,test,5s_Escherichia-coli-8
5s,test,5s_Euglena-gracilis-1
5s,test,5s_Euglena-gracilis-2
5s,test,5s_Euplotes-aediculatus-1
5s,test,5s_Euplotes-eurystomus-1
5s,test,5s_Euplotes-octocarinatus-1
5s,test,5s_Euplotes-vannus-1
5s,test,5s_Euplotes-woodruffi-1
5s,test,5s_Eurypelma-californica-1
5s,test,5s_Exidia-glandulosa-1
5s,test,5s_Exobasidium-vaccinii-1
5s,test,5s_F_florifoWE
5s,test,5s_Farysia-thuemenii-1
5s,test,5s_Fellomyces-penicillatus-1
5s,test,5s_Filobasidiella-depauperata-1
5s,test,5s_Filobasidiella-neoformans-1
5s,test,5s_Filobasidium-capsuligenum-1
5s,test,5s_Filobasidium-floriforme-1
5s,test,5s_Filobasidium-floriforme-2
5s,test,5s_Finegoldia-magna-1
5s,test,5s_Finegoldia-magna-2
5s,test,5s_Flavobacterium-hydatis-1
5s,test,5s_Flavobacterium-johnsoniae-1
5s,test,5s_Flectobacillus-major-1
5s,test,5s_Flexibacter-sp.-1
5s,test,5s_Fluoribacter-bozemanae-1
5s,test,5s_Frankia-sp.-1
5s,test,5s_Frankia-sp.-2
5s,test,5s_Frankia-sp.-3
5s,test,5s_Fusarium-asiaticum-1
5s,test,5s_Fusarium-asiaticum-2
5s,test,5s_Fusarium-asiaticum-3
5s,test,5s_Fusarium-asiaticum-4
5s,test,5s_Fusarium-asiaticum-5
5s,test,5s_Fusarium-asiaticum-6
5s,test,5s_Fusarium-asiaticum-7
5s,test,5s_Fusarium-asiaticum-8
5s,test,5s_Fusarium-cerealis-1
5s,test,5s_Fusarium-cerealis-2
5s,test,5s_Fusarium-cerealis-3
5s,test,5s_Fusarium-cerealis-4
5s,test,5s_Fusarium-cerealis-5
5s,test,5s_Fusarium-cerealis-6
5s,test,5s_Fusarium-cerealis-7
5s,test,5s_Fusarium-cerealis-8
5s,test,5s_Fusarium-cerealis-9
5s,test,5s_Fusarium-culmorum-1
5s,test,5s_Fusarium-culmorum-2
5s,test,5s_Fusarium-culmorum-3
5s,test,5s_Fusarium-culmorum-4
5s,test,5s_Fusarium-culmorum-5
5s,test,5s_Fusarium-culmorum-6
5s,test,5s_Fusarium-culmorum-7
5s,test,5s_Fusarium-culmorum-8
5s,test,5s_Fusarium-lunulosporum-1
5s,test,5s_Fusarium-lunulosporum-10
5s,test,5s_Fusarium-lunulosporum-2
5s,test,5s_Fusarium-lunulosporum-3
5s,test,5s_Fusarium-lunulosporum-4
5s,test,5s_Fusarium-lunulosporum-5
5s,test,5s_Fusarium-lunulosporum-6
5s,test,5s_Fusarium-lunulosporum-7
5s,test,5s_Fusarium-lunulosporum-8
5s,test,5s_Fusarium-lunulosporum-9
5s,test,5s_Fusarium-pseudograminearum-1
5s,test,5s_Fusarium-pseudograminearum-2
5s,test,5s_Fusarium-pseudograminearum-3
5s,test,5s_Fusarium-pseudograminearum-4
5s,test,5s_Fusarium-pseudograminearum-5
5s,test,5s_Fusarium-pseudograminearum-6
5s,test,5s_Fusarium-pseudograminearum-7
5s,test,5s_Fusarium-pseudograminearum-8
5s,test,5s_Fusarium-sporotrichioides-1
5s,test,5s_Fusarium-sporotrichioides-2
5s,test,5s_Fusarium-sporotrichioides-3
5s,test,5s_Fusarium-sporotrichioides-4
5s,test,5s_Fusarium-sporotrichioides-5
5s,test,5s_Fusobacterium-mortiferum-1
5s,test,5s_Fusobacterium-mortiferum-2
5s,test,5s_Fusobacterium-nucleatum-1
5s,test,5s_Fusobacterium-nucleatum-2
5s,test,5s_Fusobacterium-nucleatum-3
5s,test,5s_Fusobacterium-nucleatum-4
5s,test,5s_Fusobacterium-nucleatum-5
5s,test,5s_Fusobacterium-varium-1
5s,test,5s_Gallus-gallus-1
5s,test,5s_Gallus-gallus-2
5s,test,5s_Ganoderma-applanatum-1
5s,test,5s_Gastrotheca-riobambae-1
5s,test,5s_Gelidium-amansii-1
5s,test,5s_Gelidium-amansii-2
5s,test,5s_Gemm_obscuB
5s,test,5s_Genistelloides-hibernus-1
5s,test,5s_Geobacillus-kaustophilus-1
5s,test,5s_Geobacillus-kaustophilus-2
5s,test,5s_Geobacillus-kaustophilus-3
5s,test,5s_Geobacillus-kaustophilus-4
5s,test,5s_Geobacillus-kaustophilus-6
5s,test,5s_Geobacillus-kaustophilus-7
5s,test,5s_Geobacillus-stearothermophilus-1
5s,test,5s_Geobacillus-stearothermophilus-2
5s,test,5s_Geobacillus-stearothermophilus-3
5s,test,5s_Geobacillus-stearothermophilus-4
5s,test,5s_Geodermatophilus-obscurus-1
5s,test,5s_Ginkgo-biloba-1
5s,test,5s_Gloiopeltis-complanata-1
5s,test,5s_Gluconacetobacter-xylinus-1
5s,test,5s_Gluconobacter-oxydans-3
5s,test,5s_Gnetum-gnemon-1
5s,test,5s_Gossypium-hirsutum-1
5s,test,5s_Gracilaria-compressa-1
5s,test,5s_Gracilaria-compressa-2
5s,test,5s_Graphiola-phoenicis-1
5s,test,5s_Grimontia-hollisae-1
5s,test,5s_Gymnosporangium-clavariaeforme-1
5s,test,5s_Gymnosporangium-sabinae-1
5s,test,5s_Haemonchus-contortus-1
5s,test,5s_Haemophilus-aegyptius-1
5s,test,5s_Haemophilus-influenzae-1
5s,test,5s_Haemophilus-influenzae-4
5s,test,5s_Haemophilus-influenzae-6
5s,test,5s_Halichondria-japonica-1
5s,test,5s_Halichondria-panicea-1
5s,test,5s_Haliclona-oculata-1
5s,test,5s_Haloarcula-marismortui-1
5s,test,5s_Haloarcula-marismortui-2
5s,test,5s_Haloarcula-marismortui-3
5s,test,5s_Halobacterium-salinarum-1
5s,test,5s_Halobacterium-salinarum-2
5s,test,5s_Halobacterium-salinarum-3
5s,test,5s_Halobacterium-sp.-1
5s,test,5s_Halobacterium-sp.-2
5s,test,5s_Halococcus-morrhuae-1
5s,test,5s_Halococcus-morrhuae-2
5s,test,5s_Halocynthia-roretzi-1
5s,test,5s_Haloferax-mediterranei-1
5s,test,5s_Haloferax-mediterranei-2
5s,test,5s_Haloferax-volcanii-1
5s,test,5s_Haloferax-volcanii-2
5s,test,5s_Haloferax-volcanii-3
5s,test,5s_Halorhodospira-halophila-1
5s,test,5s_Halorubrum-distributum-1
5s,test,5s_Halorubrum-distributum-3
5s,test,5s_Halorubrum-distributum-4
5s,test,5s_Halorubrum-distributum-5
5s,test,5s_Halorubrum-distributum-6
5s,test,5s_Halorubrum-distributum-7
5s,test,5s_Halorubrum-saccharovorum-1
5s,test,5s_Halorubrum-terrestre-1
5s,test,5s_Halorubrum-terrestre-2
5s,test,5s_Halothiobacillus-neapolitanus-1
5s,test,5s_Harpalus-rufipes-1
5s,test,5s_Helianthus-annuus-1
5s,test,5s_Helicobacter-hepaticus-1
5s,test,5s_Helicobacter-pylori-2
5s,test,5s_Helicobacter-pylori-3
5s,test,5s_Helicobasidium-purpureum-1
5s,test,5s_Helix-pomatia-1
5s,test,5s_Hemicentrotus-sp.-1
5s,test,5s_Herbidospora-cretacea-1
5s,test,5s_Herpetosiphon-aurantiacus-1
5s,test,5s_Homarus-gammarus-1
5s,test,5s_Homo-sapiens-1
5s,test,5s_Hydrurus-foetidus-1
5s,test,5s_Hymeniacidon-sanguinea-1
5s,test,5s_Hyphodontia-paradoxa-1
5s,test,5s_Hyphomicrobium-sp.-1
5s,test,5s_Hyphomicrobium-sp.-2
5s,test,5s_Hyphomicrobium-sp.-3
5s,test,5s_Hyphomicrobium-sp.-4
5s,test,5s_Hyphomicrobium-sp.-5
5s,test,5s_Hyphomicrobium-sp.-6
5s,test,5s_Hyphomicrobium-sp.-7
5s,test,5s_Hyphomicrobium-vulgare-1
5s,test,5s_Hyphomicrobium-vulgare-2
5s,test,5s_Hyphomonas-oligotropha-1
5s,test,5s_Hyphomonas-polymorpha-1
5s,test,5s_Idiomarina-loihiensis-1
5s,test,5s_Idiomarina-loihiensis-2
5s,test,5s_Iguana-iguana-1
5s,test,5s_Illex-illecebrosus-1
5s,test,5s_Isosphaera-pallida-1
5s,test,5s_Itersonilia-perplexans-1
5s,test,5s_Juniperus-media-1
5s,test,5s_Kibdelosporangium-aridum-1
5s,test,5s_Klebsormidium-flaccidum-1
5s,test,5s_Kluyveromyces-delphensis-1
5s,test,5s_Kondoa-malvinella-1
5s,test,5s_Kutzneria-albida-1
5s,test,5s_Kutzneria-viridogrisea-1
5s,test,5s_Laccaria-bicolor-1
5s,test,5s_Lactobacillus-acidophilus-1
5s,test,5s_Lactobacillus-brevis-1
5s,test,5s_Lactobacillus-delbrueckii-1
5s,test,5s_Lactobacillus-delbrueckii-2
5s,test,5s_Lactobacillus-johnsonii-1
5s,test,5s_Lactobacillus-plantarum-1
5s,test,5s_Lactobacillus-plantarum-2
5s,test,5s_Lactobacillus-plantarum-3
5s,test,5s_Lactococcus-lactis-1
5s,test,5s_Lactococcus-lactis-2
5s,test,5s_Lactococcus-lactis-3
5s,test,5s_Lactococcus-lactis-4
5s,test,5s_Lactococcus-lactis-5
5s,test,5s_Lactuca-sativa-1
5s,test,5s_Legionella-dumoffii-1
5s,test,5s_Legionella-longbeachae-1
5s,test,5s_Legionella-pneumophila-1
5s,test,5s_Legionella-pneumophila-2
5s,test,5s_Legionella-pneumophila-3
5s,test,5s_Leifsonia-aquatica-1
5s,test,5s_Leifsonia-xyli-1
5s,test,5s_Lemna-minor-1
5s,test,5s_Lentinula-edodes-1
5s,test,5s_Lentinula-edodes-2
5s,test,5s_Leptospira-biflexa-1
5s,test,5s_Leptospira-interrogans-1
5s,test,5s_Leptospira-interrogans-2
5s,test,5s_Leptothrix-discophora-1
5s,test,5s_Lethenteron-japonicum-1
5s,test,5s_Lethenteron-japonicum-2
5s,test,5s_Lethenteron-reissneri-1
5s,test,5s_Leuconostoc-mesenteroides-1
5s,test,5s_Ligia-oceanica-1
5s,test,5s_Limulus-polyphemus-1
5s,test,5s_Linderina-macrospora-1
5s,test,5s_Lineus-geniculatus-1
5s,test,5s_Lingula-anatina-1
5s,test,5s_Lingula-anatina-2
5s,test,5s_Listeria-innocua-2
5s,test,5s_Listeria-ivanovii-1
5s,test,5s_Listeria-monocytogenes-2
5s,test,5s_Listeria-monocytogenes-3
5s,test,5s_Listonella-anguillarum-1
5s,test,5s_Listonella-pelagia-1
5s,test,5s_Locusta-migratoria-1
5s,test,5s_Loofah-witches-broom-phytoplasma-1
5s,test,5s_Lophocolea-heterophylla-1
5s,test,5s_Lupinus-angustifolius-1
5s,test,5s_Lupinus-luteus-1
5s,test,5s_Lycoperdon-pyriforme-1
5s,test,5s_Lycopersicon-esculentum-1
5s,test,5s_Lycopodium-clavatum-1
5s,test,5s_Lytechinus-variegatus-1
5s,test,5s_Magnolia-kobus-1
5s,test,5s_Magnolia-stellata-1
5s,test,5s_Mannheimia-succiniciproducens-1
5s,test,5s_Mannheimia-succiniciproducens-2
5s,test,5s_Mannheimia-succiniciproducens-3
5s,test,5s_Marchantia-polymorpha-1
5s,test,5s_Medicago-sativa-1
5s,test,5s_Meloidogyne-arenaria-1
5s,test,5s_Meloidogyne-arenaria-2
5s,test,5s_Meloidogyne-arenaria-3
5s,test,5s_Meloidogyne-arenaria-4
5s,test,5s_Meloidogyne-artiellia-1
5s,test,5s_Meloidogyne-chitwoodi-1
5s,test,5s_Menoidium-pellucidum-1
5s,test,5s_Mesorhizobium-loti-1
5s,test,5s_Metasequoia-glyptostroboides-1
5s,test,5s_Methanobacterium-formicicum-1
5s,test,5s_Methanobrevibacter-ruminantium-1
5s,test,5s_Methanocaldococcus-jannaschii-1
5s,test,5s_Methanocaldococcus-jannaschii-2
5s,test,5s_Methanococcus-maripaludis-1
5s,test,5s_Methanococcus-vannielii-1
5s,test,5s_Methanococcus-vannielii-2
5s,test,5s_Methanococcus-voltae-1
5s,test,5s_Methanococcus-voltae-2
5s,test,5s_Methanolobus-tindarius-1
5s,test,5s_Methanolobus-tindarius-2
5s,test,5s_Methanopyrus-kandleri-1
5s,test,5s_Methanosarcina-acetivorans-1
5s,test,5s_Methanosarcina-acetivorans-2
5s,test,5s_Methanosarcina-barkeri-1
5s,test,5s_Methanosarcina-mazei-1
5s,test,5s_Methanosarcina-mazei-2
5s,test,5s_Methanosarcina-vacuolata-1
5s,test,5s_Methanospirillum-hungatei-1
5s,test,5s_Methanothermobacter-thermautotrophicus-1
5s,test,5s_Methanothermobacter-thermautotrophicus-2
5s,test,5s_Methanothermobacter-thermautotrophicus-3
5s,test,5s_Methanothermobacter-thermautotrophicus-4
5s,test,5s_Methanothermobacter-thermautotrophicus-5
5s,test,5s_Methanothermobacter-thermautotrophicus-6
5s,test,5s_Methanothermobacter-thermautotrophicus-7
5s,test,5s_Methanothermococcus-thermolithotrophicus-1
5s,test,5s_Methanothermus-fervidus-1
5s,test,5s_Methylobacterium-extorquens-1
5s,test,5s_Methylobacterium-organophilum-1
5s,test,5s_Methylobacterium-sp.-1
5s,test,5s_Methylococcus-capsulatus-1
5s,test,5s_Methylococcus-capsulatus-3
5s,test,5s_Methylomicrobium-album-1
5s,test,5s_Methylomicrobium-clara-1
5s,test,5s_Methylophilus-methylotrophus-1
5s,test,5s_Microbacterium-testaceum-1
5s,test,5s_Microbotryum-violaceum-1
5s,test,5s_Micrococcus-luteus-1
5s,test,5s_Micrococcus-luteus-2
5s,test,5s_Micrococcus-luteus-4
5s,test,5s_Microstroma-juglandis-1
5s,test,5s_Microtetraspora-glauca-1
5s,test,5s_Misgurnus-fossilis-1
5s,test,5s_Misgurnus-fossilis-14
5s,test,5s_Moniliella-acetoabutans-1
5s,test,5s_Moritella-marina-1
5s,test,5s_Mortierella-formosensis-1
5s,test,5s_Mus-musculus-1
5s,test,5s_Mycobacterium-avium-1
5s,test,5s_Mycobacterium-bovis-1
5s,test,5s_Mycobacterium-bovis-2
5s,test,5s_Mycobacterium-bovis-3
5s,test,5s_Mycobacterium-flavescens-1
5s,test,5s_Mycobacterium-leprae-1
5s,test,5s_Mycobacterium-leprae-2
5s,test,5s_Mycobacterium-phlei-1
5s,test,5s_Mycobacterium-phlei-2
5s,test,5s_Mycobacterium-smegmatis-1
5s,test,5s_Mycobacterium-smegmatis-2
5s,test,5s_Mycobacterium-smegmatis-3
5s,test,5s_Mycobacterium-tuberculosis-1
5s,test,5s_Mycobacterium-tuberculosis-2
5s,test,5s_Mycobacterium-tuberculosis-3
5s,test,5s_Mycobacterium-tuberculosis-4
5s,test,5s_Mycoplasma-capricolum-1
5s,test,5s_Mycoplasma-flocculare-1
5s,test,5s_Mycoplasma-gallisepticum-1
5s,test,5s_Mycoplasma-gallisepticum-2
5s,test,5s_Mycoplasma-gallisepticum-3
5s,test,5s_Mycoplasma-gallisepticum-4
5s,test,5s_Mycoplasma-genitalium-1
5s,test,5s_Mycoplasma-haemofelis-1
5s,test,5s_Mycoplasma-hyopneumoniae-1
5s,test,5s_Mycoplasma-hyopneumoniae-2
5s,test,5s_Mycoplasma-mobile-1
5s,test,5s_Mycoplasma-mycoides-1
5s,test,5s_Mycoplasma-mycoides-2
5s,test,5s_Mycoplasma-mycoides-3
5s,test,5s_Mycoplasma-penetrans-1
5s,test,5s_Mycoplasma-pneumoniae-1
5s,test,5s_Mycoplasma-pulmonis-1
5s,test,5s_Mycoplasma-sp.-1
5s,test,5s_Mycoplasma-sp.-2
5s,test,5s_Mytilus-edulis-1
5s,test,5s_Mytilus-edulis-2
5s,test,5s_Mytilus-galloprovincialis-2
5s,test,5s_Mytilus-galloprovincialis-3
5s,test,5s_Myxococcus-coralloides-1
5s,test,5s_Nadsonia-fulvescens-1
5s,test,5s_Nannocystis-exedens-1
5s,test,5s_Nanoarchaeum-equitans-1
5s,test,5s_Natrialba-magadii-1
5s,test,5s_Natrinema-sp.-1
5s,test,5s_Natronococcus-occultus-1
5s,test,5s_Natronomonas-pharaonis-1
5s,test,5s_Natronomonas-pharaonis-2
5s,test,5s_Neisseria-gonorrhoeae-1
5s,test,5s_Neisseria-meningitidis-1
5s,test,5s_Nemopsis-dofleini-1
5s,test,5s_Nephila-clavipes-1
5s,test,5s_Neurospora-africana-1
5s,test,5s_Neurospora-africana-2
5s,test,5s_Neurospora-crassa-1
5s,test,5s_Neurospora-crassa-10
5s,test,5s_Neurospora-crassa-11
5s,test,5s_Neurospora-crassa-12
5s,test,5s_Neurospora-crassa-13
5s,test,5s_Neurospora-crassa-14
5s,test,5s_Neurospora-crassa-15
5s,test,5s_Neurospora-crassa-2
5s,test,5s_Neurospora-crassa-6
5s,test,5s_Neurospora-crassa-9
5s,test,5s_Neurospora-intermedia-1
5s,test,5s_Neurospora-intermedia-2
5s,test,5s_Neurospora-intermedia-3
5s,test,5s_Nicotiana-tabacum-1
5s,test,5s_Nitella-flexilis-1
5s,test,5s_Nitrobacter-winogradskyi-1
5s,test,5s_Nocardia-asteroides-1
5s,test,5s_Nocardia-farcinica-1
5s,test,5s_Nocardioides-albus-1
5s,test,5s_Nocardiopsis-dassonvillei-1
5s,test,5s_Notophthalmus-viridescens-1
5s,test,5s_Oceanobacillus-iheyensis-1
5s,test,5s_Oceanobacillus-iheyensis-2
5s,test,5s_Oceanobacillus-iheyensis-3
5s,test,5s_Oceanobacillus-iheyensis-4
5s,test,5s_Octopus-vulgaris-1
5s,test,5s_Oenococcus-oeni-1
5s,test,5s_Oerskovia-turbata-1
5s,test,5s_Onchocerca-cervicalis-1
5s,test,5s_Onchocerca-volvulus-1
5s,test,5s_Oryctolagus-cuniculus-1
5s,test,5s_Oryza-sativa-1
5s,test,5s_Oryza-sativa-2
5s,test,5s_P_cynthiaE
5s,test,5s_Paenibacillus-popilliae-1
5s,test,5s_Palmaria-palmata-1
5s,test,5s_Paracentrotus-lividus-1
5s,test,5s_Paracentrotus-lividus-2
5s,test,5s_Parachlamydia-sp.-1
5s,test,5s_Paracoccus-denitrificans-1
5s,test,5s_Paracoccus-denitrificans-2
5s,test,5s_Paracoccus-sp.-1
5s,test,5s_Paracoccus-versutus-1
5s,test,5s_Paramecium-tetraurelia-1
5s,test,5s_Pasteurella-multocida-1
5s,test,5s_Pasteurella-multocida-2
5s,test,5s_Pedinomonas-minor-1
5s,test,5s_Pedobacter-heparinus-1
5s,test,5s_Penicillium-chrysogenum-1
5s,test,5s_Penicillium-griseofulvum-1
5s,test,5s_Perinereis-brevicirris-1
5s,test,5s_Perkinsus-andrewsi-1
5s,test,5s_Perkinsus-andrewsi-2
5s,test,5s_Perkinsus-olseni-1
5s,test,5s_Phacus-curvicauda-1
5s,test,5s_Phaffia-rhodozyma-1
5s,test,5s_Phascolopsis-gouldii-1
5s,test,5s_Phaseolus-vulgaris-1
5s,test,5s_Phaseolus-vulgaris-2
5s,test,5s_Phleogena-faginea-1
5s,test,5s_Phlyctochytrium-irregulare-1
5s,test,5s_Photobacterium-angustum-1
5s,test,5s_Photobacterium-damselae-1
5s,test,5s_Photobacterium-damselae-2
5s,test,5s_Photobacterium-leiognathi-1
5s,test,5s_Photobacterium-profundum-1
5s,test,5s_Photobacterium-profundum-2
5s,test,5s_Photobacterium-profundum-3
5s,test,5s_Photobacterium-sp.-1
5s,test,5s_Photorhabdus-luminescens-1
5s,test,5s_Photorhabdus-luminescens-2
5s,test,5s_Photorhabdus-luminescens-3
5s,test,5s_Phycomyces-blakesleeanus-1
5s,test,5s_Physarum-polycephalum-1
5s,test,5s_Pichia-angusta-1
5s,test,5s_Pichia-jadinii-1
5s,test,5s_Pichia-jadinii-2
5s,test,5s_Pichia-membranifaciens-1
5s,test,5s_Pimelobacter-simplex-1
5s,test,5s_Pinus-contorta-1
5s,test,5s_Pinus-silvestris-1
5s,test,5s_Pirellula-sp.-1
5s,test,5s_Pirellula-sp.-2
5s,test,5s_Plagiomnium-trichomanes-1
5s,test,5s_Planctomyces-brasiliensis-1
5s,test,5s_Planctomyces-limnophilus-1
5s,test,5s_Planobispora-longispora-1
5s,test,5s_Planocera-reticulata-1
5s,test,5s_Planococcus-citreus-1
5s,test,5s_Planococcus-kocurii-1
5s,test,5s_Plasmodium-falciparum-1
5s,test,5s_Platymonas-subcordiformis-1
5s,test,5s_Plesiomonas-shigelloides-1
5s,test,5s_Pleurodeles-waltl-1
5s,test,5s_Pleurodeles-waltl-3
5s,test,5s_Pleurotus-ostreatus-1
5s,test,5s_Pneumocystis-carinii-1
5s,test,5s_Pneumocystis-carinii-2
5s,test,5s_Polyangium-cellulosum-1
5s,test,5s_Porphyra-tenera-1
5s,test,5s_Porphyra-umbilicalis-1
5s,test,5s_Porphyra-yezoensis-1
5s,test,5s_Porphyromonas-gingivalis-1
5s,test,5s_Porphyromonas-gingivalis-2
5s,test,5s_Prasinocladus-sp.-1
5s,test,5s_Prauserella-rugosa-1
5s,test,5s_Proasellus-coxalis-1
5s,test,5s_Propionibacterium-acnes-1
5s,test,5s_Prosthecochloris-aestuarii-1
5s,test,5s_Prosthecomicrobium-enhydrum-1
5s,test,5s_Proteus-vulgaris-1
5s,test,5s_Protomyces-inundatus-1
5s,test,5s_Pseudocentrotus-depressus-1
5s,test,5s_Pseudomonas-aeruginosa-1
5s,test,5s_Pseudomonas-aeruginosa-2
5s,test,5s_Pseudomonas-aeruginosa-3
5s,test,5s_Pseudomonas-denitrificans-1
5s,test,5s_Pseudomonas-fluorescens-1
5s,test,5s_Pseudomonas-fluorescens-2
5s,test,5s_Pseudomonas-fluorescens-3
5s,test,5s_Pseudomonas-fluorescens-4
5s,test,5s_Pseudomonas-putida-1
5s,test,5s_Pseudomonas-putida-2
5s,test,5s_Pseudomonas-stutzeri-1
5s,test,5s_Pseudomonas-stutzeri-2
5s,test,5s_Pseudomonas-syringae-1
5s,test,5s_Pseudomonas-syringae-2
5s,test,5s_Pseudomonas-syringae-3
5s,test,5s_Pseudomonas-syringae-4
5s,test,5s_Pseudonocardia-compacta-1
5s,test,5s_Pseudonocardia-halophobica-1
5s,test,5s_Pseudonocardia-hydrocarbonoxydans-1
5s,test,5s_Pseudonocardia-thermophila-1
5s,test,5s_Psilotum-nudum-1
5s,test,5s_Pteridium-aquilinum-1
5s,test,5s_Puccinia-poarum-1
5s,test,5s_Puccinia-suaveolens-1
5s,test,5s_Pyrenophora-graminea-1
5s,test,5s_Pyrococcus-abyssi-1
5s,test,5s_Pyrococcus-furiosus-1
5s,test,5s_Pyrococcus-furiosus-2
5s,test,5s_Pyrococcus-horikoshii-1
5s,test,5s_Pyrococcus-horikoshii-2
5s,test,5s_Pyrococcus-woesei-1
5s,test,5s_Pythium-hydnosporum-1
5s,test,5s_Pythium-pachycaule-1
5s,test,5s_Pythium-torulosum-1
5s,test,5s_Ralstonia-pickettii-1
5s,test,5s_Ralstonia-solanacearum-1
5s,test,5s_Ralstonia-solanacearum-2
5s,test,5s_Rana-catesbeiana-1
5s,test,5s_Rana-pipiens-1
5s,test,5s_Rattus-norvegicus-1
5s,test,5s_Renibacterium-salmoninarum-1
5s,test,5s_Renobacter-vaculatum-1
5s,test,5s_Rhabditis-tokai-1
5s,test,5s_Rhabdomonas-costata-1
5s,test,5s_Rhcoc_fas1B
5s,test,5s_Rhizoctonia-globularis-1
5s,test,5s_Rhodobacter-capsulatus-1
5s,test,5s_Rhodobacter-capsulatus-2
5s,test,5s_Rhodobacter-capsulatus-3
5s,test,5s_Rhodobacter-sphaeroides-1
5s,test,5s_Rhodobacter-sphaeroides-2
5s,test,5s_Rhodobacter-sphaeroides-3
5s,test,5s_Rhodococcus-erythropolis-1
5s,test,5s_Rhodococcus-erythropolis-2
5s,test,5s_Rhodococcus-fascians-1
5s,test,5s_Rhodococcus-fascians-2
5s,test,5s_Rhodococcus-rhodochrous-1
5s,test,5s_Rhodopirellula-baltica-1
5s,test,5s_Rhodopseudomonas-palustris-2
5s,test,5s_Rhodopseudomonas-palustris-3
5s,test,5s_Rhodospirillum-rubrum-1
5s,test,5s_Rhodosporidium-toruloides-1
5s,test,5s_Rickettsia-conorii-1
5s,test,5s_Rickettsia-felis-1
5s,test,5s_Rickettsia-moozeri-1
5s,test,5s_Rickettsia-prowazekii-1
5s,test,5s_Roseococcus-thiosulfatophilus-1
5s,test,5s_Roseococcus-thiosulfatophilus-2
5s,test,5s_Rubrivivax-gelatinosus-1
5s,test,5s_Rumex-acetosa-1
5s,test,5s_Russula-cyanoxantha-1
5s,test,5s_S_kowalev2E
5s,test,5s_Sabellastarte-japonica-1
5s,test,5s_Saccharomonospora-azurea-1
5s,test,5s_Saccharomonospora-cyanea-1
5s,test,5s_Saccharomonospora-glauca-1
5s,test,5s_Saccharomonospora-sp.-1
5s,test,5s_Saccharomyces-cerevisiae-1
5s,test,5s_Saccharomyces-cerevisiae-3
5s,test,5s_Saccharomyces-cerevisiae-4
5s,test,5s_Saccharomyces-cerevisiae-5
5s,test,5s_Saccharomyces-cerevisiae-6
5s,test,5s_Saccharomyces-cerevisiae-7
5s,test,5s_Saccharomyces-pastorianus-1
5s,test,5s_Saccharopolyspora-erythraea-1
5s,test,5s_Saccharopolyspora-gregorii-1
5s,test,5s_Saccharopolyspora-hirsuta-1
5s,test,5s_Saccharopolyspora-hordei-1
5s,test,5s_Saccharopolyspora-rectivirgula-1
5s,test,5s_Saccharothrix-australiensis-1
5s,test,5s_Saccharothrix-mutabilis-1
5s,test,5s_Saccoglossus-kowalevskii-1
5s,test,5s_Salmonella-enterica-1
5s,test,5s_Salmonella-enterica-3
5s,test,5s_Salmonella-enterica-4
5s,test,5s_Salmonella-enterica-5
5s,test,5s_Salmonella-enterica-6
5s,test,5s_Salmonella-enterica-7
5s,test,5s_Salmonella-enterica-8
5s,test,5s_Salmonella-typhi-1
5s,test,5s_Salmonella-typhimurium-1
5s,test,5s_Salmonella-typhimurium-2
5s,test,5s_Salmonella-typhimurium-3
5s,test,5s_Salmonella-typhimurium-4
5s,test,5s_Samia-cynthia-1
5s,test,5s_Samia-cynthia-ricini-1
5s,test,5s_Samia-cynthia-ricini-x-Bombyx-mori-1
5s,test,5s_Sandaracinobacter-sibiricus-1
5s,test,5s_Saprolegnia-ferax-1
5s,test,5s_Saprospira-grandis-1
5s,test,5s_Sargassum-fulvellum-1
5s,test,5s_Scenedesmus-obliquus-1
5s,test,5s_Schizochytrium-aggregatum-1
5s,test,5s_Schizophyllum-commune-1
5s,test,5s_Schizosaccharomyces-pombe-1
5s,test,5s_Schizosaccharomyces-pombe-2
5s,test,5s_Schizosaccharomyces-pombe-3
5s,test,5s_Schizosaccharomyces-pombe-4
5s,test,5s_Scyliorhinus-canicula-1
5s,test,5s_Scytosiphon-lomentaria-1
5s,test,5s_Secale-cereale-2
5s,test,5s_Seliberia-stellata-1
5s,test,5s_Sepia-officinalis-1
5s,test,5s_Septobasidium-carestianum-1
5s,test,5s_Shewanella-colwelliana-1
5s,test,5s_Shewanella-hanedai-1
5s,test,5s_Shewanella-oneidensis-1
5s,test,5s_Shewanella-oneidensis-2
5s,test,5s_Shewanella-putrefaciens-1
5s,test,5s_Shigella-flexneri-1
5s,test,5s_Shigella-flexneri-2
5s,test,5s_Shigella-flexneri-3
5s,test,5s_Silicibacter-pomeroyi-1
5s,test,5s_Sinorhizobium-meliloti-1
5s,test,5s_Smittium-culisetae-1
5s,test,5s_Solemya-velum-1
5s,test,5s_Sphacelotheca-polygoni-persicariae-1
5s,test,5s_Sphingomonas-ursincola-1
5s,test,5s_Spinacia-oleracea-1
5s,test,5s_Spirobolus-sp-1
5s,test,5s_Spirochaeta-aurantia-1
5s,test,5s_Spirocodon-saltatrix-1
5s,test,5s_Spirogyra-grevilleana-1
5s,test,5s_Spirogyra-sp.-1
5s,test,5s_Spiroplasma-melliferum-1
5s,test,5s_Spirosoma-sp.-1
5s,test,5s_Sporidiobolus-salmonicolor-1
5s,test,5s_Sporolactobacillus-inulinus-1
5s,test,5s_Sporolactobacillus-nakayamae-1
5s,test,5s_Sporosarcina-pasteurii-1
5s,test,5s_Sporosarcina-ureae-1
5s,test,5s_Staphylococcus-aureus-1
5s,test,5s_Staphylococcus-aureus-2
5s,test,5s_Staphylococcus-aureus-3
5s,test,5s_Staphylococcus-epidermidis-1
5s,test,5s_Staphylococcus-epidermidis-2
5s,test,5s_Staphylococcus-epidermidis-3
5s,test,5s_Staphylococcus-haemolyticus-1
5s,test,5s_Staphylococcus-haemolyticus-2
5s,test,5s_Starkeya-novella-1
5s,test,5s_Stella-humosa-1
5s,test,5s_Sterkiella-nova-1
5s,test,5s_Stilbum-vulgare-1
5s,test,5s_Streptococcus-agalactiae-1
5s,test,5s_Streptococcus-agalactiae-2
5s,test,5s_Streptococcus-mutans-1
5s,test,5s_Streptococcus-mutans-2
5s,test,5s_Streptococcus-mutans-3
5s,test,5s_Streptococcus-pneumoniae-1
5s,test,5s_Streptococcus-pneumoniae-2
5s,test,5s_Streptococcus-pyogenes-1
5s,test,5s_Streptococcus-pyogenes-2
5s,test,5s_Streptococcus-pyogenes-3
5s,test,5s_Streptococcus-pyogenes-4
5s,test,5s_Streptococcus-salivarius-1
5s,test,5s_Streptococcus-thermophilus-1
5s,test,5s_Streptococcus-thermophilus-2
5s,test,5s_Streptomyces-ambofaciens-1
5s,test,5s_Streptomyces-avermitilis-1
5s,test,5s_Streptomyces-avermitilis-2
5s,test,5s_Streptomyces-avermitilis-3
5s,test,5s_Streptomyces-avermitilis-4
5s,test,5s_Streptomyces-avermitilis-5
5s,test,5s_Streptomyces-brasiliensis-1
5s,test,5s_Streptomyces-cinereus-1
5s,test,5s_Streptomyces-coelicolor-1
5s,test,5s_Streptomyces-coelicolor-2
5s,test,5s_Streptomyces-coelicolor-3
5s,test,5s_Streptomyces-coelicolor-4
5s,test,5s_Streptomyces-coelicolor-5
5s,test,5s_Streptomyces-coelicolor-6
5s,test,5s_Streptomyces-diastaticus-1
5s,test,5s_Streptomyces-griseus-1
5s,test,5s_Streptomyces-griseus-2
5s,test,5s_Streptomyces-griseus-3
5s,test,5s_Streptomyces-lividans-1
5s,test,5s_Streptomyces-nodosus-1
5s,test,5s_Streptomyces-nodosus-2
5s,test,5s_Streptomyces-nodosus-3
5s,test,5s_Streptomyces-nodosus-4
5s,test,5s_Streptomyces-purpureus-1
5s,test,5s_Streptomyces-rimosus-2
5s,test,5s_Streptomyces-roseoverticillatus-1
5s,test,5s_Streptomyces-sclerotialus-1
5s,test,5s_Streptomyces-sp.-1
5s,test,5s_Streptomyces-sp.-2
5s,test,5s_Streptomyces-sp.-3
5s,test,5s_Streptomyces-sp.-4
5s,test,5s_Streptomyces-violaceus-1
5s,test,5s_Streptosporangium-roseum-1
5s,test,5s_Sulfolobus-tokodaii-1
5s,test,5s_Sulfurococcus-mirabilis-1
5s,test,5s_Symbiobacterium-thermophilum-1
5s,test,5s_Symbiobacterium-thermophilum-2
5s,test,5s_Symbiobacterium-thermophilum-3
5s,test,5s_Symbiobacterium-thermophilum-4
5s,test,5s_T_cruziE
5s,test,5s_Taphrina-deformans-1
5s,test,5s_Taxus-baccata-1
5s,test,5s_Tenebrio-molitor-1
5s,test,5s_Terrapene-carolina-1
5s,test,5s_Tetrahymena-pyriformis-1
5s,test,5s_Tetrahymena-thermophila-1
5s,test,5s_Tetrahymena-thermophila-3
5s,test,5s_Thermoactinomyces-vulgaris-1
5s,test,5s_Thermococcus-celer-1
5s,test,5s_Thermococcus-celer-2
5s,test,5s_Thermococcus-kodakarensis-1
5s,test,5s_Thermococcus-kodakarensis-2
5s,test,5s_Thermomicrobium-roseum-1
5s,test,5s_Thermomonospora-chromogena-1
5s,test,5s_Thermomyces-lanuginosus-1
5s,test,5s_Thermoplasma-acidophilum-1
5s,test,5s_Thermoplasma-volcanium-1
5s,test,5s_Thermotoga-maritima-1
5s,test,5s_Thermotoga-neapolitana-1
5s,test,5s_Thermotoga-neapolitana-2
5s,test,5s_Thermotoga-petrophila-1
5s,test,5s_Thermotoga-sp.-1
5s,test,5s_Thermotoga-sp.-2
5s,test,5s_Thermotoga-sp.-3
5s,test,5s_Thermus-aquaticus-1
5s,test,5s_Thermus-sp.-1
5s,test,5s_Thermus-sp.-2
5s,test,5s_Thermus-thermophilus-1
5s,test,5s_Thermus-thermophilus-2
5s,test,5s_Thermus-thermophilus-3
5s,test,5s_Thiobacillus-sp.-1
5s,test,5s_Thiobacillus-sp.-2
5s,test,5s_Thiobacillus-thioparus-1
5s,test,5s_Thiomicrospira-pelophila-1
5s,test,5s_Thiomicrospira-sp.-1
5s,test,5s_Thiomonas-cuprina-1
5s,test,5s_Thiomonas-intermedia-1
5s,test,5s_Thiomonas-perometabolis-1
5s,test,5s_Thiothrix-nivea-1
5s,test,5s_Thiothrix-sp.-1
5s,test,5s_Thiovulum-sp.-1
5s,test,5s_Thraustochytrium-visurgense-1
5s,test,5s_Thraustochytrium-visurgense-2
5s,test,5s_Tilletia-controversa-1
5s,test,5s_Tilletiaria-anomala-1
5s,test,5s_Tinca-tinca-1
5s,test,5s_Tinca-tinca-2
5s,test,5s_Toxoplasma-gondii-1
5s,test,5s_Toxoplasma-gondii-2
5s,test,5s_Tremella-encephala-1
5s,test,5s_Tremella-mesenterica-1
5s,test,5s_Tremella-mesenterica-2
5s,test,5s_Treponema-denticola-1
5s,test,5s_Tricharina-hiemalis-1
5s,test,5s_Tricholoma-matsutake-1
5s,test,5s_Trichoplax-adhaerens-1
5s,test,5s_Trichosporonoides-oedocephalis-1
5s,test,5s_Trichostrongylus-colubriformis-1
5s,test,5s_Trimorphomyces-papilionaceus-1
5s,test,5s_Triticum-aestivum-1
5s,test,5s_Tropheryma-whipplei-1
5s,test,5s_Tuberoidobacter-mutans-1
5s,test,5s_Tulasnella-violea-1
5s,test,5s_Ulva-pertusa-1
5s,test,5s_Ureaplasma-parvum-1
5s,test,5s_Ureaplasma-parvum-2
5s,test,5s_Ureaplasma-parvum-3
5s,test,5s_Ureaplasma-urealyticum-1
5s,test,5s_Ureaplasma-urealyticum-2
5s,test,5s_Ureaplasma-urealyticum-3
5s,test,5s_Urechis-unicinctus-1
5s,test,5s_Urocystis-primulicola-1
5s,test,5s_Ustilago-hordei-1
5s,test,5s_Ustilago-longissima-1
5s,test,5s_Ustilago-maydis-1
5s,test,5s_Ustilago-scabiosae-1
5s,test,5s_Ustilentyloma-fluitans-1
5s,test,5s_Uthatobasidium-fusisporum-1
5s,test,5s_Verrucomicrobium-spinosum-1
5s,test,5s_Vibrio-adaptatus-1
5s,test,5s_Vibrio-aestuarianus-1
5s,test,5s_Vibrio-alginolyticus-1
5s,test,5s_Vibrio-cholerae-1
5s,test,5s_Vibrio-cholerae-2
5s,test,5s_Vibrio-cholerae-3
5s,test,5s_Vibrio-cholerae-4
5s,test,5s_Vibrio-cincinnatiensis-1
5s,test,5s_Vibrio-cyclosites-1
5s,test,5s_Vibrio-diazotrophicus-1
5s,test,5s_Vibrio-fischeri-1
5s,test,5s_Vibrio-fischeri-2
5s,test,5s_Vibrio-fischeri-3
5s,test,5s_Vibrio-fluvialis-1
5s,test,5s_Vibrio-gazogenes-1
5s,test,5s_Vibrio-harveyi-1
5s,test,5s_Vibrio-harveyi-2
5s,test,5s_Vibrio-logei-1
5s,test,5s_Vibrio-mediterranei-1
5s,test,5s_Vibrio-metschnikovii-1
5s,test,5s_Vibrio-mimicus-1
5s,test,5s_Vibrio-natriegens-1
5s,test,5s_Vibrio-nereis-1
5s,test,5s_Vibrio-ordalii-1
5s,test,5s_Vibrio-parahaemolyticus-1
5s,test,5s_Vibrio-parahaemolyticus-2
5s,test,5s_Vibrio-parahaemolyticus-3
5s,test,5s_Vibrio-parahaemolyticus-4
5s,test,5s_Vibrio-parahaemolyticus-5
5s,test,5s_Vibrio-parahaemolyticus-6
5s,test,5s_Vibrio-proteolyticus-1
5s,test,5s_Vibrio-sp.-1
5s,test,5s_Vibrio-tubiashii-1
5s,test,5s_Vibrio-vulnificus-1
5s,test,5s_Vibrio-vulnificus-2
5s,test,5s_Vibrio-vulnificus-3
5s,test,5s_Vibrio-vulnificus-4
5s,test,5s_Vibrio-vulnificus-5
5s,test,5s_Vicia-faba-1
5s,test,5s_Vitreoscilla-beggiatoides-1
5s,test,5s_Vitreoscilla-filiformis-1
5s,test,5s_Vitreoscilla-stercoraria-1
5s,test,5s_Weissella-viridescens-1
5s,test,5s_Weissella-viridescens-2
5s,test,5s_Wigglesworthia-glossinidia-1
5s,test,5s_Wolbachia-endosymbiont-of-B.-malayi-1
5s,test,5s_Wolbachia-endosymbiont-of-D.-melanogaster-1
5s,test,5s_Wolbachia-pipientis-1
5s,test,5s_Wolinella-succinogenes-1
5s,test,5s_Wuchereria-bancrofti-1
5s,test,5s_Xanthobacter-viscosus-1
5s,test,5s_Xanthomonas-axonopodis-1
5s,test,5s_Xanthomonas-campestris-1
5s,test,5s_Xanthomonas-oryzae-1
5s,test,5s_Xenopus-borealis-1
5s,test,5s_Xenopus-borealis-2
5s,test,5s_Xenopus-borealis-3
5s,test,5s_Xenopus-borealis-4
5s,test,5s_Xenopus-laevis-1
5s,test,5s_Xenopus-laevis-2
5s,test,5s_Xenopus-laevis-3
5s,test,5s_Xenopus-laevis-4
5s,test,5s_Xenopus-laevis-5
5s,test,5s_Xenopus-laevis-6
5s,test,5s_Xenopus-laevis-7
5s,test,5s_Xenopus-laevis-8
5s,test,5s_Xenopus-laevis-9
5s,test,5s_Xenopus-tropicalis-1
5s,test,5s_Xenopus-tropicalis-2
5s,test,5s_Xylella-fastidiosa-1
5s,test,5s_Xylella-fastidiosa-2
5s,test,5s_Yersinia-pestis-1
5s,test,5s_Yersinia-pestis-5
5s,test,5s_Yersinia-pseudotuberculosis-1
5s,test,5s_Yersinia-pseudotuberculosis-3
5s,test,5s_Yersinia-pseudotuberculosis-5
5s,test,5s_Zea-mays-1
5s,test,5s_Zygoascus-hellenicus-1
5s,test,5s_Zymomonas-mobilis-1
5s,test,5s_uncultured-euryarchaeote-37F11-1
5s,train,16s_A.fulgidus_domain2
5s,train,16s_A.fulgidus_domain3
5s,train,16s_A.fulgidus_domain4
5s,train,16s_A.pyrophilus_domain2
5s,train,16s_A.pyrophilus_domain4
5s,train,16s_B.burgdorferi_domain2
5s,train,16s_B.burgdorferi_domain3
5s,train,16s_B.subtilis_domain2
5s,train,16s_B.subtilis_domain3
5s,train,16s_C.elegans_domain1
5s,train,16s_C.elegans_domain2
5s,train,16s_C.elegans_domain3
5s,train,16s_C.psittaci_domain2
5s,train,16s_C.psittaci_domain3
5s,train,16s_C.psittaci_domain4
5s,train,16s_C.reinhardtii.chloro_domain2
5s,train,16s_C.reinhardtii.chloro_domain4
5s,train,16s_C.reinhardtii.mito_domain3
5s,train,16s_C.reinhardtii.mito_domain4
5s,train,16s_D.melanogaster_domain4
5s,train,16s_E.coli_domain2
5s,train,16s_E.coli_domain3
5s,train,16s_E.coli_domain4
5s,train,16s_F.ananassa_domain3
5s,train,16s_F.ananassa_domain4
5s,train,16s_G.intestinalis_domain1
5s,train,16s_G.intestinalis_domain2
5s,train,16s_G.intestinalis_domain3
5s,train,16s_G.intestinalis_domain4
5s,train,16s_H.sapiens.mito_domain1
5s,train,16s_H.sapiens.mito_domain2
5s,train,16s_H.sapiens.mito_domain4
5s,train,16s_H.sapiens_domain3
5s,train,16s_H.sapiens_domain4
5s,train,16s_H.volcanii_domain2
5s,train,16s_H.volcanii_domain3
5s,train,16s_H.volcanii_domain4
5s,train,16s_M.polymorpha_domain2
5s,train,16s_M.polymorpha_domain3
5s,train,16s_M.polymorpha_domain4
5s,train,16s_P.occultum_domain2
5s,train,16s_P.occultum_domain3
5s,train,16s_P.staleyi_domain2
5s,train,16s_P.staleyi_domain3
5s,train,16s_P.staleyi_domain4
5s,train,16s_S.cerevisiae_domain4
5s,train,16s_T.gondii_domain4
5s,train,16s_T.maritima_domain2
5s,train,16s_T.maritima_domain4
5s,train,16s_Z.mays_domain1
5s,train,16s_Z.mays_domain2
5s,train,16s_Z.mays_domain3
5s,train,16s_Z.mays_domain4
5s,train,23s_B.subtilis_domain4
5s,train,23s_E.coli_domain3
5s,train,23s_E.coli_domain4
5s,train,23s_E.coli_domain6
5s,train,23s_H.pylori_domain3
5s,train,23s_H.pylori_domain4
5s,train,23s_H.pylori_domain6
5s,train,23s_S.aureus_domain3
5s,train,23s_S.aureus_domain4
5s,train,23s_S.aureus_domain6
5s,train,23s_T.thermophilus_domain3
5s,train,23s_T.thermophilus_domain4
5s,train,RNaseP_A.eutrophus
5s,train,RNaseP_A.telluris
5s,train,RNaseP_Anabaena-PCC7120
5s,train,RNaseP_B.bronchiseptica
5s,train,RNaseP_B.pertussis
5s,train,RNaseP_C.pneumoniae-CWL029
5s,train,RNaseP_C.psittaci-R54
5s,train,RNaseP_C.tepidum-g
5s,train,RNaseP_CPA58
5s,train,RNaseP_CPA61
5s,train,RNaseP_CPB144
5s,train,RNaseP_CPB149
5s,train,RNaseP_CPB7776
5s,train,RNaseP_EM14b-11
5s,train,RNaseP_EM14b-9
5s,train,RNaseP_H.morrhuae
5s,train,RNaseP_H.trapanicum
5s,train,RNaseP_H.volcanii
5s,train,RNaseP_Halobacterium-NRC1
5s,train,RNaseP_K.polysporus
5s,train,RNaseP_LGB21
5s,train,RNaseP_LGB23
5s,train,RNaseP_LGW17
5s,train,RNaseP_M.barkeri
5s,train,RNaseP_M.fermentans
5s,train,RNaseP_M.hyopneumoniae
5s,train,RNaseP_M.pneumoniae
5s,train,RNaseP_M.vannielli
5s,train,RNaseP_Mxa1
5s,train,RNaseP_N.olivacea-chloroplast
5s,train,RNaseP_Nostoc-PCC7413
5s,train,RNaseP_P.acanthamoebae
5s,train,RNaseP_P.canadensis
5s,train,RNaseP_P.cultripes
5s,train,RNaseP_P.guilliermondii
5s,train,RNaseP_P.innocua
5s,train,RNaseP_P.marinus-2
5s,train,RNaseP_P.purpurea-chloroplast
5s,train,RNaseP_P.strasburgensis
5s,train,RNaseP_P.troglodytes
5s,train,RNaseP_PS24
5s,train,RNaseP_Prochlorococcus-NATL2
5s,train,RNaseP_Pseudoanabaena-PCC6903
5s,train,RNaseP_R.americana-mito
5s,train,RNaseP_R.palustris
5s,train,RNaseP_R.prowazekii
5s,train,RNaseP_R.rubrum
5s,train,RNaseP_Rr327
5s,train,RNaseP_Rr368
5s,train,RNaseP_S.dairensis
5s,train,RNaseP_S.faciem
5s,train,RNaseP_S.fibuligera
5s,train,RNaseP_S.pastorianus
5s,train,RNaseP_S.polymorpha
5s,train,RNaseP_S.pombe
5s,train,RNaseP_S.pyogenes
5s,train,RNaseP_S.solfataricus
5s,train,RNaseP_S.unisporus
5s,train,RNaseP_S.uvarum
5s,train,RNaseP_S.versatilis
5s,train,RNaseP_SM-A2539
5s,train,RNaseP_SM-A5888
5s,train,RNaseP_SMB-B1
5s,train,RNaseP_SMB-B2
5s,train,RNaseP_Saccharomonospora-K180
5s,train,RNaseP_Synechocystis-PCC6803
5s,train,RNaseP_T.delbrueckii
5s,train,RNaseP_T.littoralis
5s,train,RNaseP_T.roseum
5s,train,RNaseP_T.thioparus
5s,train,RNaseP_T.tumescens
5s,train,RNaseP_U.stansburiana
5s,train,RNaseP_U.urealyticum
5s,train,RNaseP_V.spinosum
5s,train,RNaseP_Y.pestis
5s,train,RNaseP_Z.bailii
5s,train,RNaseP_Z.florentinus
5s,train,RNaseP_Z.rouxii
5s,train,RNaseP_vHge2
5s,train,RNaseP_vHge3-5
5s,train,grp1_a.I1.b.Phormidium.sp.N182.C3.tLEU
5s,train,grp1_a.I1.b.Synechococcus.sp2.C3.tLEU
5s,train,grp1_a.I1.c.A.cherimola.C3.tLEU
5s,train,grp1_a.I1.c.S.bicolor.C3.tLEU
5s,train,grp1_a.I1.e.A.adeninivorans.C1.LSU.2449
5s,train,grp1_a.I1.e.A.capsulatus.CBS213.53.C1.SSU.943
5s,train,grp1_a.I1.e.A.capsulatus.FLs1.C1.SSU
5s,train,grp1_a.I1.e.A.capsulatus.G184B.C1.SSU
5s,train,grp1_a.I1.e.A.capsulatus.G186B.C1.SSU
5s,train,grp1_a.I1.e.B.ciliata.JCM6865.C1.SSU.1506
5s,train,grp1_a.I1.e.B.ciliata.JCM6865.C1.SSU.943
5s,train,grp1_a.I1.e.B.yamatoana.JCM2896.C1.SSU.1506
5s,train,grp1_a.I1.e.B.yamatoana.JCM2896.C1.SSU.943
5s,train,grp1_a.I1.e.C.ellipsoidea.211-1a.C1.SSU.1506
5s,train,grp1_a.I1.e.C.ellipsoidea.IAMC-87.C1.SSU.1506
5s,train,grp1_a.I1.e.C.grayi.UNK.SSU.1046
5s,train,grp1_a.I1.e.C.grayi.UNK.SSU.1516
5s,train,grp1_a.I1.e.C.merochlorophea.UNK.SSU.1046
5s,train,grp1_a.I1.e.C.merochlorophea.UNK.SSU.1210
5s,train,grp1_a.I1.e.C.merochlorophea.UNK.SSU.1389
5s,train,grp1_a.I1.e.C.merochlorophea.UNK.SSU.1516
5s,train,grp1_a.I1.e.C.saccatum.C1.SSU.1512
5s,train,grp1_a.I1.e.D.parva.C1.SSU.943
5s,train,grp1_a.I1.e.E.dermatitidis.C1.SSU.943
5s,train,grp1_a.I1.e.G.planctonica.C1.SSU.943
5s,train,grp1_a.I1.e.G.spirotaenia.C1.SSU.1506
5s,train,grp1_a.I1.e.L.dispersa.UNK.SSU.1046
5s,train,grp1_a.I1.e.L.dispersa.UNK.SSU.114
5s,train,grp1_a.I1.e.L.dispersa.UNK.SSU.1210
5s,train,grp1_a.I1.e.L.dispersa.UNK.SSU.1516
5s,train,grp1_a.I1.e.L.dispersa.UNK.SSU.287
5s,train,grp1_a.I1.e.L.dispersa.UNK.SSU.516
5s,train,grp1_a.I1.e.L.dispersa.UNK.SSU.789
5s,train,grp1_a.I1.e.P.carinii.C1.SSU.1506
5s,train,grp1_a.I1.e.P.carinii.Pc1.C1.LSU.1921
5s,train,grp1_a.I1.e.P.carinii.Pc3.C1.LSU.1921
5s,train,grp1_a.I1.e.P.clavariiformis.C1.SSU.943
5s,train,grp1_a.I1.e.P.inouyei.C1.SSU.1506
5s,train,grp1_a.I1.e.P.inouyei.C1.SSU.943
5s,train,grp1_a.I1.e.P.macrosporus.C1.SSU.1506
5s,train,grp1_a.I1.e.P.macrosporus.C1.SSU.943
5s,train,grp1_a.I1.e.P.pachydermus.C1.SSU.943
5s,train,grp1_a.I1.e.S.granulatum.C1.SSU.1506
5s,train,grp1_a.I1.e.S.paniceum.UNK.SSU.1052
5s,train,grp1_a.I1.e.S.paniceum.UNK.SSU.114
5s,train,grp1_a.I1.e.S.paniceum.UNK.SSU.1210
5s,train,grp1_a.I1.e.S.paniceum.UNK.SSU.287
5s,train,grp1_a.I1.e.S.sclerotiorum_1837.C1.LSU.798
5s,train,grp1_a.I1.e.Staurastrum.sp.M752.C1.SSU.1506
5s,train,grp1_a.I1.e.Staurastrum.sp.M753.C1.SSU.1506
5s,train,grp1_a.I1.e.T.hyperangularis.C1.LSU.1925
5s,train,grp1_a.I1.e.T.malaccensis.C1.LSU.1925
5s,train,grp1_a.I1.e.T.pigmentosa.C1.LSU.1925
5s,train,grp1_a.I1.e.U.maydis.C1.SSU.943
5s,train,grp1_a.I1.m.M.grisea.B2.ND1
5s,train,grp1_b.I1.e.C.saccharophila.C1.SSU.156
5s,train,grp1_b.I1.e.M.anisopliae.2.C1.LSU.1921
5s,train,grp1_b.I1.e.M.anisopliae.3.C1.LSU.1921
5s,train,grp1_s.I1.e.T.thermophila.C1.LSU.1925.schem
5s,train,srp_Ashb.goss._AE016819
5s,train,srp_Baci.anth._AE017334
5s,train,srp_Bdel.bact._BX842656
5s,train,srp_Cand.glab._CR380957
5s,train,srp_Citr.sine._CN181544
5s,train,srp_Clav.lusi._GSP-306902
5s,train,srp_Clos.novy._CP000382
5s,train,srp_Deba.hans._CR382138
5s,train,srp_Desu.psyc._CR522870
5s,train,srp_Dict.disc._BJ360333
5s,train,srp_Ence.cuni._AL590449
5s,train,srp_Enta.terr._GSP-110771
5s,train,srp_Gald.sulp._GSP-130081
5s,train,srp_Halo.halo._CP000544
5s,train,srp_Hist.caps._GSP-278162
5s,train,srp_Kluy.lact._CR382126
5s,train,srp_Kluy.yarr._479647571
5s,train,srp_Lept.coll._AF006750
5s,train,srp_List.mono._AE017262
5s,train,srp_Lodd.elon._GSP-379508
5s,train,srp_Meso.viri._AF166114
5s,train,srp_Meth.ferv._S49762
5s,train,srp_Meth.volt._M22560
5s,train,srp_Myco.hyop._AE017244
5s,train,srp_Myco.spec._CP000384
5s,train,srp_Myco.spec._CP000580
5s,train,srp_Nect.haem._GSP-71109
5s,train,srp_Neur.cras._AL669999
5s,train,srp_Oxyt.trif._GSP-99928
5s,train,srp_Para.bras._GSP-121759
5s,train,srp_Perk.mari._GSP-31276
5s,train,srp_Pers.amer._X65992
5s,train,srp_Phae.nodo._GSP-321614
5s,train,srp_Phak.pach._GSP-170000-2
5s,train,srp_Phyt.infe._CV911012
5s,train,srp_Phyt.soja._GSP-67593
5s,train,srp_Pich.stip._CP000502
5s,train,srp_Plas.yoel._GSP-352914
5s,train,srp_Podo.anse._GSP-5145
5s,train,srp_Pseu.syri._CP000058
5s,train,srp_Psyc.arct._CP000082
5s,train,srp_Pyro.isla._CP000504
5s,train,srp_Rhod.balt._BX294144
5s,train,srp_Sacc.kluy._SKAA0027M04.b1
5s,train,srp_Sacc.para._BN000251
5s,train,srp_Schi.pomb._AU010514
5s,train,srp_Schi.pomb._Z99259
5s,train,srp_Scle.scle._GSP-325569
5s,train,srp_Shew.balt._CP000753
5s,train,srp_Shig.flex._AE016979
5s,train,srp_Sola.tube._DR037646
5s,train,srp_Sorg.bico._BE594178
5s,train,srp_Spra.loph._GSP-51541
5s,train,srp_Stre.coel._AL939118
5s,train,srp_Stre.pyog._AM295007
5s,train,srp_Stre.sang._CP000387
5s,train,srp_Synt.wolf._CP000448
5s,train,srp_Taen.gutt._CK235759
5s,train,srp_Tetr.ther._X56981
5s,train,srp_Thal.pseu._GSP-296543
5s,train,srp_Thei.parv._GSP-333668
5s,train,srp_Ther.mela._CP000716
5s,train,srp_Ther.petr._CP000702
5s,train,srp_Ther.volc._BA000011
5s,train,srp_Toxo.gond._CO743022
5s,train,srp_Toxo.gond._GSP-398031
5s,train,srp_Trep.dent._AE017246
5s,train,srp_Trep.pall._AE000520
5s,train,srp_Tric.rees._GSP-334564-1
5s,train,srp_Trit.aest._BE424647
5s,train,srp_Trit.aest._CJ679223
5s,train,srp_Trit.aest._X13915
5s,train,srp_Tryp.viva._SDB-5699
5s,train,srp_Unci.rees._GSP-336963
5s,train,srp_Vibr.vuln._BA000037
5s,train,srp_Xant.camp._AM039952
5s,train,srp_Yarr.lipo._X51658
5s,train,srp_Yers.pseu._CP000720
5s,train,srp_Zygo.roux._BN000170
5s,train,srp_Zymo.mobi._AF203881
5s,train,tRNA_tdbR00000009-Escherichia_coli-562-Ala-VGC
5s,train,tRNA_tdbR00000013-Pichia_jadinii-4903-Ala-IGC
5s,train,tRNA_tdbR00000034-Mesocricetus_auratus-10036-Asp-GUC
5s,train,tRNA_tdbR00000046-Escherichia_coli-562-Glu-SUC
5s,train,tRNA_tdbR00000069-Synechococcus_sp._PCC_7002-32049-Phe-GAA
5s,train,tRNA_tdbR00000074-Tetrahymena_pyriformis-5908-Phe-GAA
5s,train,tRNA_tdbR00000078-Ascaris_suum-6253-Phe-GAA
5s,train,tRNA_tdbR00000080-Bos_taurus-9913-Phe-GAA
5s,train,tRNA_tdbR00000104-Enterobacteria_phage_T4-10665-Gly-NCC
5s,train,tRNA_tdbR00000114-Staphylococcus_epidermidis-1282-Gly-UCC
5s,train,tRNA_tdbR00000124-Aedes_albopictus-7160-Gly-UCC
5s,train,tRNA_tdbR00000126-Halocynthia_roretzi-7729-Gly-NCU
5s,train,tRNA_tdbR00000127-Halocynthia_roretzi-7729-Gly-UCU
5s,train,tRNA_tdbR00000128-Halocynthia_roretzi-7729-Gly-GCU
5s,train,tRNA_tdbR00000143-Asterias_amurensis-7602-His-QUG
5s,train,tRNA_tdbR00000149-Homo_sapiens-9606-His-GUG
5s,train,tRNA_tdbR00000167-Aedes_albopictus-7160-Ile-GAU
5s,train,tRNA_tdbR00000169-Homo_sapiens-9606-Ile-GAU
5s,train,tRNA_tdbR00000174-Mus_musculus-10090-Ile-IAU
5s,train,tRNA_tdbR00000177-Mycoplasma_capricolum-2095-Lys-CUU
5s,train,tRNA_tdbR00000184-Asterias_amurensis-7602-Lys-CUU
5s,train,tRNA_tdbR00000194-Triticum_aestivum-4565-Lys-CUU
5s,train,tRNA_tdbR00000206-Loligo_bleekeri-6617-Lys-UUU
5s,train,tRNA_tdbR00000210-Enterobacteria_phage_T5-10726-Leu-UAG
5s,train,tRNA_tdbR00000211-Haloferax_volcanii-2246-Leu-CAA
5s,train,tRNA_tdbR00000223-Salmonella_typhimurium-602-Leu-CAG
5s,train,tRNA_tdbR00000237-Saccharomyces_cerevisiae-4932-Leu-AA
5s,train,tRNA_tdbR00000246-Bos_taurus-9913-Leu-NAA
5s,train,tRNA_tdbR00000247-Bos_taurus-9913-Leu-UAG
5s,train,tRNA_tdbR00000251-Saccharomyces_cerevisiae-4932-Leu-UAA
5s,train,tRNA_tdbR00000263-Rattus_norvegicus-10116-Leu-AA
5s,train,tRNA_tdbR00000266-Bos_taurus-9913-Leu-AA
5s,train,tRNA_tdbR00000280-Saccharomyces_cerevisiae-4932-Met-CAU
5s,train,tRNA_tdbR00000282-Ascaris_suum-6253-Met-AU
5s,train,tRNA_tdbR00000283-Gallus_gallus-9031-Met-AU
5s,train,tRNA_tdbR00000290-Enterobacteria_phage_T5-10726-Asn-GUU
5s,train,tRNA_tdbR00000318-Salmonella_typhimurium-602-Pro-GGG
5s,train,tRNA_tdbR00000321-Saccharomyces_cerevisiae-4932-Pro-UGG
5s,train,tRNA_tdbR00000325-Pichia_jadinii-4903-Pro-GG
5s,train,tRNA_tdbR00000335-Nicotiana_rustica-4093-Gln-NUG
5s,train,tRNA_tdbR00000345-Homo_sapiens-9606-Gln-NUG
5s,train,tRNA_tdbR00000347-Enterobacteria_phage_T4-10665-Arg-NCU
5s,train,tRNA_tdbR00000350-Haloferax_volcanii-2246-Arg-GCG
5s,train,tRNA_tdbR00000359-Escherichia_coli-562-Arg-CCG
5s,train,tRNA_tdbR00000363-Ascaris_suum-6253-Arg-PCU
5s,train,tRNA_tdbR00000365-Aedes_albopictus-7160-Arg-UCG
5s,train,tRNA_tdbR00000366-Rattus_norvegicus-10116-Arg-UCG
5s,train,tRNA_tdbR00000367-Bos_taurus-9913-Arg-UCG
5s,train,tRNA_tdbR00000395-Saccharomyces_cerevisiae-4932-Ser-GCU
5s,train,tRNA_tdbR00000398-Ascaris_suum-6253-Ser-UCU
5s,train,tRNA_tdbR00000399-Aedes_albopictus-7160-Ser-GCU
5s,train,tRNA_tdbR00000406-Saccharomyces_cerevisiae-4932-Ser-NGA
5s,train,tRNA_tdbR00000409-Candida_cylindracea-44322-Ser-CAG
5s,train,tRNA_tdbR00000414-Lupinus_luteus-3873-Ser-CGA
5s,train,tRNA_tdbR00000460-Aedes_albopictus-7160-Val-UAC
5s,train,tRNA_tdbR00000461-Rattus_norvegicus-10116-Val-UAC
5s,train,tRNA_tdbR00000462-Rattus_norvegicus-10116-Val-UAC
5s,train,tRNA_tdbR00000463-Bos_taurus-9913-Val-UAC
5s,train,tRNA_tdbR00000489-Neurospora_crassa-5141-Trp-NCA
5s,train,tRNA_tdbR00000492-Rattus_norvegicus-10116-Trp-NCA
5s,train,tRNA_tdbR00000493-Bos_taurus-9913-Trp-NCA
5s,train,tRNA_tdbR00000494-Saccharomyces_cerevisiae-4932-Trp-BCA
5s,train,tRNA_tdbR00000517-Neurospora_crassa-5141-Ini-CAU
5s,train,tRNA_tdbR00000518-Saccharomyces_cerevisiae-4932-Ini-CAU
5s,train,tRNA_tdbR00000520-Aedes_albopictus-7160-Ini-CAU
5s,train,tRNA_tdbR00000522-Bos_taurus-9913-Ini-AU
5s,train,tRNA_tdbR00000549-Tetrahymena_pyriformis-5908-Tyr-QUA
5s,train,tRNA_tdbR00000551-Saccharomyces_cerevisiae-4932-Tyr-GUA
5s,train,tRNA_tdbR00000556-Schizosaccharomyces_pombe-4896-Tyr-GPA
5s,train,tRNA_tdbR00000572-Leishmania_tarentolae-5689-Lys-1UU
5s,train,tRNA_tdbR00000573-Leishmania_tarentolae-5689-Gln-3UG
5s,train,tRNA_tdbR00000580-Aeropyrum_pernix-56636-Lys-UUU
5s,train,tRNA_tdbR00000583-Aeropyrum_pernix-56636-Cys-GCA
5s,train,tRNA_tdbR00000590-Ascaris_suum-6253-Glu-UC
5s,train,tRNA_tdbR00000591-Ascaris_suum-6253-Lys-UU
5s,train,tRNA_tdbR00000594-Ascaris_suum-6253-Leu-AA
5s,train,tRNA_tdbR00000595-Escherichia_coli-562-Leu-BAA
5s,train,tRNA_tdbR00000618-Candida_albicans-5476-Leu-CAG
5s,train,tRNA_tdbR00000620-Toxoplasma_gondii-5811-Ini-CAU
5s,train,tRNA_tdbR00000622-Nicotiana_rustica-4093-Cys-GCA
5s,train,telomerase_AC121792.109554-109950
5s,train,telomerase_AF147806.247-692
5s,train,telomerase_AF221908.136-584
5s,train,telomerase_AF221910.112-554
5s,train,telomerase_AF221911.104-513
5s,train,telomerase_AF221912.98-564
5s,train,telomerase_AF221913.109-520
5s,train,telomerase_AF221914.112-589
5s,train,telomerase_AF221916.94-481
5s,train,telomerase_AF221918.97-547
5s,train,telomerase_AF221919.107-614
5s,train,telomerase_AF221920.99-541
5s,train,telomerase_AF221921.98-548
5s,train,telomerase_AF221923.106-554
5s,train,telomerase_AF221924.105-538
5s,train,telomerase_AF221925.98-540
5s,train,telomerase_AF221926.103-507
5s,train,telomerase_AF221927.113-556
5s,train,telomerase_AF221930.94-546
5s,train,telomerase_AF221931.99-541
5s,train,telomerase_AF221934.121-565
5s,train,telomerase_AF221935.112-602
5s,train,telomerase_AF221937.99-545
5s,train,telomerase_AF221939.99-544
5s,train,telomerase_AF221940.103-499
5s,train,telomerase_AY058901.1-397
5s,train,telomerase_AY312571.605-1069
5s,train,telomerase_U85256.1-451
5s,train,tmRNA_Acin.spec._CR543861_1-360
5s,train,tmRNA_Bact.mari._TRW-97084_1-385
5s,train,tmRNA_Bdel.bact._BX842656_1-346
5s,train,tmRNA_Bifi.long._TRW-206672_1-397
5s,train,tmRNA_Bloc.flor._BX248583_1-393
5s,train,tmRNA_Bloc.penn._CP000016_1-392
5s,train,tmRNA_Borr.gari._CP000013_1-363
5s,train,tmRNA_Camp.fetu._AY211269_1-361
5s,train,tmRNA_Carn.malt._AF275938_1-366
5s,train,tmRNA_Chla.trac._TRW-813-2_1-420
5s,train,tmRNA_Chro.viol._AE016825_1-365
5s,train,tmRNA_Clos.ther._TRW-203119_1-387
5s,train,tmRNA_Cyan.mero._TRW-45157_1-236
5s,train,tmRNA_Desu.psyc._CR522870_1-366
5s,train,tmRNA_Dict.ther._TRW-14_1-350
5s,train,tmRNA_Emil.huxl._TRW-280463_1-291
5s,train,tmRNA_Gemm.obsc._TRW-214688_1-412
5s,train,tmRNA_Geob.sulf._AE017180_1-356
5s,train,tmRNA_Grac.tenu._AY673996_1-396
5s,train,tmRNA_Guil.thet._TRW-55529_1-330
5s,train,tmRNA_Heli.hepa._AE017125_1-369
5s,train,tmRNA_Heli.pylo._TRW-85963_1-386
5s,train,tmRNA_Jako.libe._TRW-143017_1-102
5s,train,tmRNA_Laws.intr._AM180252_1-376
5s,train,tmRNA_Leif.xyli._AE016822_1-394
5s,train,tmRNA_List.wels._AF440351_1-321
5s,train,tmRNA_Magn.spec._CP000471_1-366
5s,train,tmRNA_Meso.flor._AE017263_1-408
5s,train,tmRNA_Meso.viri._AF166114_1-359
5s,train,tmRNA_Mora.cata._AX067460_1-359
5s,train,tmRNA_Myco.Bxz1._AY129337_1-437
5s,train,tmRNA_Myco.arth._TRW-243272_1-394
5s,train,tmRNA_Myco.gall._AE015450_1-408
5s,train,tmRNA_Myco.geni._U39713_1-385
5s,train,tmRNA_Myco.hyop._TRW-295358_1-424
5s,train,tmRNA_Myco.myco._BX842642_1-411
5s,train,tmRNA_Myco.pene._BA000026_1-405
5s,train,tmRNA_Myxo.xant._TRW-34_1-366
5s,train,tmRNA_Nitr.ocea._CP000127_1-361
5s,train,tmRNA_Ocea.ihey._BA000028_1-364
5s,train,tmRNA_Oeno.oeni._TRW-203123_1-350
5s,train,tmRNA_Onio.yell._AP006628_1-423
5s,train,tmRNA_Para.symb._BX908798_1-405
5s,train,tmRNA_Pelo.carb._CP000142_1-358
5s,train,tmRNA_Phot.prof._CR378665_1-368
5s,train,tmRNA_Porp.purp._TRW-2787_1-323
5s,train,tmRNA_Prev.rumi._TRW-264731_1-401
5s,train,tmRNA_Prop.acne._TRW-1747-3_1-353
5s,train,tmRNA_Pseu.atla._CP000388_1-357
5s,train,tmRNA_Rhod.balt._BX294141_1-380
5s,train,tmRNA_Rubr.gela._TRW-279263_1-372
5s,train,tmRNA_Rumi.albu._TRW-246199_1-354
5s,train,tmRNA_Sacc.degr._CP000282_1-389
5s,train,tmRNA_Spir.kunk._TRW-273035_1-424
5s,train,tmRNA_Stre.coll._AY485228_1-386
5s,train,tmRNA_Syne.spec._AB003477_1-394
5s,train,tmRNA_Syne.spec._TRW-32049_1-396
5s,train,tmRNA_Synt.acid._CP000252_1-356
5s,train,tmRNA_Tann.fors._TRW-203275_1-400
5s,train,tmRNA_Thal.weis._AF049491_1-348
5s,train,tmRNA_Ther.elon._BA000039_1-386
5s,train,tmRNA_Ther.rose._TRW-309801_1-353
5s,train,tmRNA_Ther.teng._AE013063_1-351
5s,train,tmRNA_Thio.deni._CP000116_1-367
5s,train,tmRNA_Trem.prin._AF481102_1-264
5s,train,tmRNA_Trop.whip._BX251411_1-369
5s,train,tmRNA_Verr.spin._TRW-240016_1-356
5s,train,tmRNA_envi.sequ._TRW-2-1_1-365
5s,train,tmRNA_envi.sequ._TRW-204433_1-356
5s,train,tmRNA_envi.sequ._TRW-259292_1-355
5s,train,tmRNA_envi.sequ._TRW-300695-2_1-345
5s,train,tmRNA_envi.sequ._TRW-32045-3_1-350
5s,train,tmRNA_envi.sequ._TRW-351057-3_1-355
5s,train,tmRNA_uncu.bact._TRW-135621-1_1-397
5s,train,tmRNA_uncu.bact._TRW-32033-1_1-354
5s,train,tmRNA_uncu.bact._TRW-32045-4_1-369
5s,train,tmRNA_uncu.bact._TRW-72274-1_1-359
5s,train,tmRNA_uncu.bact._TRW-72274-2_1-359
5s,train,tmRNA_uncu.bact._TRW-80840-3_1-379
5s,train,tmRNA_uncu.mari._TRW-363180_1-347
5s,valid,16s_B.burgdorferi_domain4
5s,valid,16s_B.subtilis_domain4
5s,valid,16s_C.elegans_domain4
5s,valid,16s_C.reinhardtii.chloro_domain1
5s,valid,16s_C.reinhardtii.chloro_domain3
5s,valid,16s_C.reinhardtii.mito_domain1
5s,valid,16s_C.reinhardtii.mito_domain2
5s,valid,16s_H.sapiens.mito_domain3
5s,valid,16s_H.volcanii_domain1
5s,valid,16s_P.occultum_domain4
5s,valid,16s_S.cerevisiae_domain3
5s,valid,16s_T.gondii_domain3
5s,valid,16s_T.maritima_domain3
5s,valid,23s_B.subtilis_domain3
5s,valid,23s_B.subtilis_domain6
5s,valid,23s_T.thermophilus_domain6
5s,valid,RNaseP_D.jeanneae
5s,valid,RNaseP_D.radiodurans-g
5s,valid,RNaseP_H.chlorum-partial
5s,valid,RNaseP_L.weilii
5s,valid,RNaseP_N.gregoryi
5s,valid,RNaseP_P.gingivalis
5s,valid,RNaseP_P.mississippiensis
5s,valid,RNaseP_PF101
5s,valid,RNaseP_R.norvegicus
5s,valid,RNaseP_S.globosus
5s,valid,RNaseP_S.lividans
5s,valid,RNaseP_SM-A01
5s,valid,RNaseP_SM-A3048
5s,valid,RNaseP_SMB-B3
5s,valid,RNaseP_Synechocystis-PCC6308
5s,valid,RNaseP_T.celerAL1
5s,valid,RNaseP_T.pallidum
5s,valid,RNaseP_T.syrichta
5s,valid,RNaseP_T.volcanum
5s,valid,RNaseP_W.fluorescens
5s,valid,grp1_a.I1.b.Dermocarpa.sp.ATCC29371.C3.tMET
5s,valid,grp1_a.I1.b.S.hofmanii.C3.tMET
5s,valid,grp1_a.I1.c.G.prostrata.C3.tLEU
5s,valid,grp1_a.I1.e.A.stipitatus.C1.SSU.1046
5s,valid,grp1_a.I1.e.C.saxonicum.C1.SSU.1506
5s,valid,grp1_a.I1.e.D.parva.C1.SSU.1512
5s,valid,grp1_a.I1.e.D.salina.C1.SSU.943
5s,valid,grp1_a.I1.e.M.caldariorum.C1.SSU.1506
5s,valid,grp1_a.I1.e.P.carinii.Pc2.C1.LSU.1921
5s,valid,grp1_a.I1.e.P.sarcinoidea.C1.SSU.943
5s,valid,grp1_a.I1.e.S.paniceum.UNK.SSU.1506
5s,valid,grp1_a.I1.e.T.cosmopolitanis.C1.LSU.1925
5s,valid,grp1_a.I1.m.S.luteus.A1.LSU.2504
5s,valid,grp1_a.I1.m.S.pombe.B1.OX1
5s,valid,grp1_b.I1.e.T.thermophila.C1.LSU.1925
5s,valid,srp_Aero.pern._BA000002
5s,valid,srp_Ajel.caps._CV620298
5s,valid,srp_Cand.trop._GSP-294747
5s,valid,srp_Cryp.parv._XM_626716
5s,valid,srp_Enta.hist._AF487684
5s,valid,srp_Giar.lamb._GSP-184922
5s,valid,srp_Gibb.zeae._GSP-229533
5s,valid,srp_Hype.buty._CP000493
5s,valid,srp_Meth.mari._CP000745
5s,valid,srp_Myco.hyop._AE017243
5s,valid,srp_Onch.volv._BF727619
5s,valid,srp_Oryz.sati._AP008207
5s,valid,srp_Para.bras._EH655308
5s,valid,srp_Pich.guil._GSP-294746
5s,valid,srp_Plas.falc._EF690554
5s,valid,srp_Psyc.ingr._CP000510
5s,valid,srp_Sacc.cere._U18916
5s,valid,srp_Stap.epid._AX145149
5s,valid,srp_Ther.teng._AE012978
5s,valid,srp_Xeno.laev._X01055
5s,valid,tRNA_tdbR00000168-Bos_taurus-9913-Ile-GAU
5s,valid,tRNA_tdbR00000189-Rattus_norvegicus-10116-Lys-NUU
5s,valid,tRNA_tdbR00000190-Bos_taurus-9913-Lys-NUU
5s,valid,tRNA_tdbR00000191-Mesocricetus_auratus-10036-Lys-NUU
5s,valid,tRNA_tdbR00000244-Rattus_norvegicus-10116-Leu-UAG
5s,valid,tRNA_tdbR00000245-Rattus_norvegicus-10116-Leu-UAG
5s,valid,tRNA_tdbR00000328-Enterobacteria_phage_T5-10726-Gln-UUG
5s,valid,tRNA_tdbR00000334-Hordeum_vulgare-4513-Gln-UG
5s,valid,tRNA_tdbR00000364-Ascaris_suum-6253-Arg-ACG
5s,valid,tRNA_tdbR00000381-Haloferax_volcanii-2246-Ser-GCU
5s,valid,tRNA_tdbR00000397-Saccharomyces_cerevisiae-4932-Ser-UGA
5s,valid,tRNA_tdbR00000400-Loligo_bleekeri-6617-Ser-7CU
5s,valid,tRNA_tdbR00000440-Neurospora_crassa-5141-Thr-UGU
5s,valid,tRNA_tdbR00000578-Leishmania_tarentolae-5689-Glu-3UC
5s,valid,tRNA_tdbR00000581-Aeropyrum_pernix-56636-Lys-CUU
5s,valid,tRNA_tdbR00000593-Ascaris_suum-6253-Trp-CA
5s,valid,tRNA_tdbR00000609-Chlamydomonas_reinhardtii-3055-Leu-UA7
5s,valid,tRNA_tdbR00000611-Sinorhizobium_meliloti-382-His-GUG
5s,valid,tRNA_tdbR00000619-Toxoplasma_gondii-5811-Met-CAU
5s,valid,tRNA_tdbR00000621-Nicotiana_rustica-4093-Cys-GCA
5s,valid,telomerase_AF221906.96-545
5s,valid,telomerase_AF221909.98-496
5s,valid,telomerase_AF221917.99-542
5s,valid,telomerase_AF221928.95-476
5s,valid,telomerase_AF221929.92-517
5s,valid,telomerase_AF221932.102-549
5s,valid,telomerase_AF221936.98-540
5s,valid,tmRNA_Acid.ferr._TRW-243159_1-364
5s,valid,tmRNA_Acid.ferr._TRW-920_1-341
5s,valid,tmRNA_Baci.G._TRW-12333_1-312
5s,valid,tmRNA_Bord.pert._TRW-257313_1-387
5s,valid,tmRNA_Cald.sacc._TRW-351627_1-368
5s,valid,tmRNA_Chlo.tepi._TRW-194439_1-404
5s,valid,tmRNA_Cyan.cald._AF022186_1-254
5s,valid,tmRNA_Fran.tula._CP000437_1-421
5s,valid,tmRNA_Lact.john._TRW-257314_1-367
5s,valid,tmRNA_Lact.sake._TRW-314315_1-370
5s,valid,tmRNA_Legi.pneu._CR628337_1-406
5s,valid,tmRNA_Neph.oliv._AF137379-2_1-327
5s,valid,tmRNA_Porp.ging._TRW-242619_1-407
5s,valid,tmRNA_Stre.scab._TRW-1883_1-402
5s,valid,tmRNA_Trep.pall._TRW-243276_1-354
5s,valid,tmRNA_Urea.parv._AE002154_1-413
5s,valid,tmRNA_Woli.succ._BX571661_1-369
5s,valid,tmRNA_envi.sequ._TRW-356-1_1-289
5s,valid,tmRNA_uncu.bact._TRW-383630-1_1-364
5s,valid,tmRNA_uncu.bact._TRW-45456_1-408
RNaseP,test,RNaseP_A.ambivalens
RNaseP,test,RNaseP_A.brierleyi
RNaseP,test,RNaseP_A.chroococcum
RNaseP,test,RNaseP_A.erythreum
RNaseP,test,RNaseP_A.eutrophus
RNaseP,test,RNaseP_A.fastidiosum
RNaseP,test,RNaseP_A.ferrooxidans
RNaseP,test,RNaseP_A.ferrooxidans-g
RNaseP,test,RNaseP_A.fulgidus
RNaseP,test,RNaseP_A.laidlawii
RNaseP,test,RNaseP_A.macrocytogenes123
RNaseP,test,RNaseP_A.nidulans
RNaseP,test,RNaseP_A.obstetricans
RNaseP,test,RNaseP_A.paspali
RNaseP,test,RNaseP_A.pernix
RNaseP,test,RNaseP_A.salinestris-184
RNaseP,test,RNaseP_A.telluris
RNaseP,test,RNaseP_A.truei
RNaseP,test,RNaseP_A.tumefaciens
RNaseP,test,RNaseP_A.vinlandii-CA
RNaseP,test,RNaseP_Anabaena-ATCC29413
RNaseP,test,RNaseP_Anabaena-PCC7120
RNaseP,test,RNaseP_B.anthracis
RNaseP,test,RNaseP_B.brevis
RNaseP,test,RNaseP_B.bronchiseptica
RNaseP,test,RNaseP_B.bufo
RNaseP,test,RNaseP_B.burgdorferi
RNaseP,test,RNaseP_B.burgdorferi-g
RNaseP,test,RNaseP_B.calamita
RNaseP,test,RNaseP_B.halodurans
RNaseP,test,RNaseP_B.hermsii
RNaseP,test,RNaseP_B.megaterium
RNaseP,test,RNaseP_B.pertussis
RNaseP,test,RNaseP_B.stearothermophilus
RNaseP,test,RNaseP_B.subtilis
RNaseP,test,RNaseP_B.subtilis-g
RNaseP,test,RNaseP_B.thetaiotaomicron
RNaseP,test,RNaseP_BH145
RNaseP,test,RNaseP_Buchnera-APS
RNaseP,test,RNaseP_C.acetobutylicum
RNaseP,test,RNaseP_C.aurantiacus
RNaseP,test,RNaseP_C.crescentus
RNaseP,test,RNaseP_C.difficile
RNaseP,test,RNaseP_C.diphtheriae
RNaseP,test,RNaseP_C.hydrogenoformans
RNaseP,test,RNaseP_C.innocuum
RNaseP,test,RNaseP_C.jejuni
RNaseP,test,RNaseP_C.limicola
RNaseP,test,RNaseP_C.muridarum-g
RNaseP,test,RNaseP_C.opuntiae
RNaseP,test,RNaseP_C.paradoxa-cyanelle
RNaseP,test,RNaseP_C.pecorum-IPA
RNaseP,test,RNaseP_C.pneumoniae
RNaseP,test,RNaseP_C.pneumoniae-AR39
RNaseP,test,RNaseP_C.pneumoniae-CWL029
RNaseP,test,RNaseP_C.psittaci
RNaseP,test,RNaseP_C.psittaci-2
RNaseP,test,RNaseP_C.psittaci-R54
RNaseP,test,RNaseP_C.sporogenes
RNaseP,test,RNaseP_C.tepidum
RNaseP,test,RNaseP_C.tepidum-g
RNaseP,test,RNaseP_C.testosteroni
RNaseP,test,RNaseP_C.trachomatis
RNaseP,test,RNaseP_C.trachomatis-2
RNaseP,test,RNaseP_C.trachomatis-D
RNaseP,test,RNaseP_C.vinosum
RNaseP,test,RNaseP_CPA49
RNaseP,test,RNaseP_CPA54
RNaseP,test,RNaseP_CPA56
RNaseP,test,RNaseP_CPA58
RNaseP,test,RNaseP_CPA59
RNaseP,test,RNaseP_CPA61
RNaseP,test,RNaseP_CPA62
RNaseP,test,RNaseP_CPA63
RNaseP,test,RNaseP_CPB139
RNaseP,test,RNaseP_CPB141
RNaseP,test,RNaseP_CPB144
RNaseP,test,RNaseP_CPB147
RNaseP,test,RNaseP_CPB149
RNaseP,test,RNaseP_CPB69
RNaseP,test,RNaseP_CPB70
RNaseP,test,RNaseP_CPB72
RNaseP,test,RNaseP_CPB73
RNaseP,test,RNaseP_CPB74
RNaseP,test,RNaseP_CPB75
RNaseP,test,RNaseP_CPB7776
RNaseP,test,RNaseP_CPB80
RNaseP,test,RNaseP_CPB86
RNaseP,test,RNaseP_Calothrix-PCC7601
RNaseP,test,RNaseP_D.desulfuricans
RNaseP,test,RNaseP_D.jeanneae
RNaseP,test,RNaseP_D.radiodurans
RNaseP,test,RNaseP_D.radiodurans-g
RNaseP,test,RNaseP_D.vulgaris
RNaseP,test,RNaseP_DU1
RNaseP,test,RNaseP_Dermocarpa-PCC7437
RNaseP,test,RNaseP_E.agglomerulans
RNaseP,test,RNaseP_E.asper
RNaseP,test,RNaseP_E.coli
RNaseP,test,RNaseP_E.coli-JM109
RNaseP,test,RNaseP_E.coli-g
RNaseP,test,RNaseP_E.eschscholtzii-1
RNaseP,test,RNaseP_E.eschscholtzii-2
RNaseP,test,RNaseP_E.eschsholtzii
RNaseP,test,RNaseP_E.faecalis
RNaseP,test,RNaseP_E.faecalis-2
RNaseP,test,RNaseP_E.thermomarinus
RNaseP,test,RNaseP_E1B
RNaseP,test,RNaseP_EF
RNaseP,test,RNaseP_EM14b-11
RNaseP,test,RNaseP_EM14b-9
RNaseP,test,RNaseP_ERE
RNaseP,test,RNaseP_ERH
RNaseP,test,RNaseP_ESH167E
RNaseP,test,RNaseP_ESH167F
RNaseP,test,RNaseP_ESH17b-7
RNaseP,test,RNaseP_ESH183A
RNaseP,test,RNaseP_ESH183D
RNaseP,test,RNaseP_ESH20b-1
RNaseP,test,RNaseP_ESH20b-4
RNaseP,test,RNaseP_ESH210B
RNaseP,test,RNaseP_ESH212C
RNaseP,test,RNaseP_ESH21b-4
RNaseP,test,RNaseP_ESH26-4
RNaseP,test,RNaseP_ESH30-3
RNaseP,test,RNaseP_ESH46a-1
RNaseP,test,RNaseP_ESH7-16
RNaseP,test,RNaseP_ESH7-4
RNaseP,test,RNaseP_ESH7-9
RNaseP,test,RNaseP_F.antarctica
RNaseP,test,RNaseP_F.mortiferum
RNaseP,test,RNaseP_F.yabuuchiae
RNaseP,test,RNaseP_Fischerella-UTEX1829
RNaseP,test,RNaseP_G.gorilla
RNaseP,test,RNaseP_G.sulfurreducens
RNaseP,test,RNaseP_H.aurantiacus
RNaseP,test,RNaseP_H.chlorum
RNaseP,test,RNaseP_H.chlorum-partial
RNaseP,test,RNaseP_H.cutirubrum
RNaseP,test,RNaseP_H.influenza
RNaseP,test,RNaseP_H.mobilis
RNaseP,test,RNaseP_H.morrhuae
RNaseP,test,RNaseP_H.pylori-26695
RNaseP,test,RNaseP_H.pylori-48K
RNaseP,test,RNaseP_H.pylori-J99
RNaseP,test,RNaseP_H.pylori-RU1
RNaseP,test,RNaseP_H.sapiens
RNaseP,test,RNaseP_H.trapanicum
RNaseP,test,RNaseP_H.volcanii
RNaseP,test,RNaseP_Halobacterium-NRC1
RNaseP,test,RNaseP_I.calvum
RNaseP,test,RNaseP_K.pneumoniae
RNaseP,test,RNaseP_K.polysporus
RNaseP,test,RNaseP_K.thermotolerans
RNaseP,test,RNaseP_L.acidophilus
RNaseP,test,RNaseP_L.borgpetersenii
RNaseP,test,RNaseP_L.ferrooxidans-CF
RNaseP,test,RNaseP_L.ferrooxidans-MK
RNaseP,test,RNaseP_L.japonicus-IFO12422
RNaseP,test,RNaseP_L.japonicus-IFO15385
RNaseP,test,RNaseP_L.muta-1
RNaseP,test,RNaseP_L.muta-2
RNaseP,test,RNaseP_L.weilii
RNaseP,test,RNaseP_LGA1
RNaseP,test,RNaseP_LGA10
RNaseP,test,RNaseP_LGA2
RNaseP,test,RNaseP_LGA6
RNaseP,test,RNaseP_LGA8
RNaseP,test,RNaseP_LGB21
RNaseP,test,RNaseP_LGB23
RNaseP,test,RNaseP_LGB27
RNaseP,test,RNaseP_LGB32
RNaseP,test,RNaseP_LGB41
RNaseP,test,RNaseP_LGB5
RNaseP,test,RNaseP_LGW113
RNaseP,test,RNaseP_LGW116
RNaseP,test,RNaseP_LGW17
RNaseP,test,RNaseP_LGW18
RNaseP,test,RNaseP_LGW23
RNaseP,test,RNaseP_LGW46
RNaseP,test,RNaseP_M.avium
RNaseP,test,RNaseP_M.barkeri
RNaseP,test,RNaseP_M.bovis
RNaseP,test,RNaseP_M.capricolum
RNaseP,test,RNaseP_M.fermentans
RNaseP,test,RNaseP_M.fervidus
RNaseP,test,RNaseP_M.flocculare
RNaseP,test,RNaseP_M.formicicum
RNaseP,test,RNaseP_M.genitalium
RNaseP,test,RNaseP_M.hyopneumoniae
RNaseP,test,RNaseP_M.jannaschii
RNaseP,test,RNaseP_M.leprae
RNaseP,test,RNaseP_M.luteus
RNaseP,test,RNaseP_M.maripaludus
RNaseP,test,RNaseP_M.phosphovorus-JCM9379
RNaseP,test,RNaseP_M.phosphovorus-JCM9380
RNaseP,test,RNaseP_M.pneumoniae
RNaseP,test,RNaseP_M.sedula
RNaseP,test,RNaseP_M.thermoautotrophicum-DH
RNaseP,test,RNaseP_M.thermoautotrophicumDH-2
RNaseP,test,RNaseP_M.thermoautotrophicumDH-g
RNaseP,test,RNaseP_M.thermoautotrphicumMarb
RNaseP,test,RNaseP_M.thermolithotrophicus
RNaseP,test,RNaseP_M.tuberculosis
RNaseP,test,RNaseP_M.tuberculosis-g
RNaseP,test,RNaseP_M.vannielli
RNaseP,test,RNaseP_M.xanthus
RNaseP,test,RNaseP_Mxa1
RNaseP,test,RNaseP_N.albus
RNaseP,test,RNaseP_N.europaea
RNaseP,test,RNaseP_N.flavus
RNaseP,test,RNaseP_N.fulvus-JCM3335
RNaseP,test,RNaseP_N.fulvus-KCTC9580
RNaseP,test,RNaseP_N.gonnorhoeae
RNaseP,test,RNaseP_N.gregoryi
RNaseP,test,RNaseP_N.jensenii
RNaseP,test,RNaseP_N.luteus
RNaseP,test,RNaseP_N.meningitidis-Z2491
RNaseP,test,RNaseP_N.meningtidis-MC58
RNaseP,test,RNaseP_N.olivacea-chloroplast
RNaseP,test,RNaseP_N.plantarum
RNaseP,test,RNaseP_N.pyridinolyticus
RNaseP,test,RNaseP_N.simplex
RNaseP,test,RNaseP_Nocardiodes-ATCC39419
RNaseP,test,RNaseP_Nocardiodes-NSP41
RNaseP,test,RNaseP_Nostoc-PCC6705
RNaseP,test,RNaseP_Nostoc-PCC7107
RNaseP,test,RNaseP_Nostoc-PCC7413
RNaseP,test,RNaseP_Onchorhynchus-1
RNaseP,test,RNaseP_Onchorhynchus-2
RNaseP,test,RNaseP_Onchorhynchus-sp-1
RNaseP,test,RNaseP_Onchorhynchus-sp-2
RNaseP,test,RNaseP_Oscillatoria-PCC7515
RNaseP,test,RNaseP_P.abyssi
RNaseP,test,RNaseP_P.acanthamoebae
RNaseP,test,RNaseP_P.aerogenes
RNaseP,test,RNaseP_P.aeruginosa
RNaseP,test,RNaseP_P.alcalifaciens
RNaseP,test,RNaseP_P.azotoformans
RNaseP,test,RNaseP_P.canadensis
RNaseP,test,RNaseP_P.cultripes
RNaseP,test,RNaseP_P.douglassii
RNaseP,test,RNaseP_P.fluorescens
RNaseP,test,RNaseP_P.furiosus
RNaseP,test,RNaseP_P.furiosus-2
RNaseP,test,RNaseP_P.gingivalis
RNaseP,test,RNaseP_P.guilliermondii
RNaseP,test,RNaseP_P.hollandica
RNaseP,test,RNaseP_P.horikoshi
RNaseP,test,RNaseP_P.innocua
RNaseP,test,RNaseP_P.marinus
RNaseP,test,RNaseP_P.marinus-2
RNaseP,test,RNaseP_P.maris
RNaseP,test,RNaseP_P.mississippiensis
RNaseP,test,RNaseP_P.purpurea-chloroplast
RNaseP,test,RNaseP_P.putida
RNaseP,test,RNaseP_P.pygmaeus
RNaseP,test,RNaseP_P.shigelloides
RNaseP,test,RNaseP_P.staleyi
RNaseP,test,RNaseP_P.strasburgensis
RNaseP,test,RNaseP_P.stutzeri
RNaseP,test,RNaseP_P.troglodytes
RNaseP,test,RNaseP_P.vulgaris
RNaseP,test,RNaseP_P126
RNaseP,test,RNaseP_P131
RNaseP,test,RNaseP_PF101
RNaseP,test,RNaseP_PS1
RNaseP,test,RNaseP_PS2
RNaseP,test,RNaseP_PS22
RNaseP,test,RNaseP_PS24
RNaseP,test,RNaseP_PS26
RNaseP,test,RNaseP_PS27
RNaseP,test,RNaseP_PS31
RNaseP,test,RNaseP_PS33
RNaseP,test,RNaseP_PS4
RNaseP,test,RNaseP_PS6
RNaseP,test,RNaseP_PS8
RNaseP,test,RNaseP_Prochlorococcus-NATL1
RNaseP,test,RNaseP_Prochlorococcus-NATL2
RNaseP,test,RNaseP_Prochlorococcus-PAC1A
RNaseP,test,RNaseP_Prochlorococcus-PAC1B
RNaseP,test,RNaseP_Prochlorococcus-PCC9511
RNaseP,test,RNaseP_Prochlorococcus-TAK9803-2
RNaseP,test,RNaseP_Prochlorococcus-TATL2
RNaseP,test,RNaseP_Prochlorococcus-TATL2-2
RNaseP,test,RNaseP_Pseudoanabaena-PCC6903
RNaseP,test,RNaseP_R.americana-mito
RNaseP,test,RNaseP_R.capsulatus
RNaseP,test,RNaseP_R.norvegicus
RNaseP,test,RNaseP_R.palustris
RNaseP,test,RNaseP_R.prowazekii
RNaseP,test,RNaseP_R.rubrum
RNaseP,test,RNaseP_Rr327
RNaseP,test,RNaseP_Rr368
RNaseP,test,RNaseP_S.acidocaldarius
RNaseP,test,RNaseP_S.aureus
RNaseP,test,RNaseP_S.aureus-2
RNaseP,test,RNaseP_S.azurea-K161T
RNaseP,test,RNaseP_S.bayanus
RNaseP,test,RNaseP_S.bikiniensis
RNaseP,test,RNaseP_S.bovis
RNaseP,test,RNaseP_S.caesia-K163
RNaseP,test,RNaseP_S.caesia-K182
RNaseP,test,RNaseP_S.caesia-K200
RNaseP,test,RNaseP_S.caesia-K76T
RNaseP,test,RNaseP_S.caesia-SB01
RNaseP,test,RNaseP_S.caesia-SB22
RNaseP,test,RNaseP_S.carlsbergensis
RNaseP,test,RNaseP_S.castellii
RNaseP,test,RNaseP_S.cerevisiae
RNaseP,test,RNaseP_S.cyanea-K168T
RNaseP,test,RNaseP_S.dairensis
RNaseP,test,RNaseP_S.diastaticus
RNaseP,test,RNaseP_S.epidermidis
RNaseP,test,RNaseP_S.equi
RNaseP,test,RNaseP_S.equi-g
RNaseP,test,RNaseP_S.faciem
RNaseP,test,RNaseP_S.fibuligera
RNaseP,test,RNaseP_S.glauca-K194
RNaseP,test,RNaseP_S.glauca-K195
RNaseP,test,RNaseP_S.glauca-K202
RNaseP,test,RNaseP_S.glauca-L169T
RNaseP,test,RNaseP_S.globosus
RNaseP,test,RNaseP_S.gordonii
RNaseP,test,RNaseP_S.japonicus
RNaseP,test,RNaseP_S.kluyveri
RNaseP,test,RNaseP_S.liquefaciens
RNaseP,test,RNaseP_S.lividans
RNaseP,test,RNaseP_S.malidevorans
RNaseP,test,RNaseP_S.marcescens
RNaseP,test,RNaseP_S.mutans
RNaseP,test,RNaseP_S.negevensis
RNaseP,test,RNaseP_S.octosporus
RNaseP,test,RNaseP_S.pastorianus
RNaseP,test,RNaseP_S.pneumoniae
RNaseP,test,RNaseP_S.polymorpha
RNaseP,test,RNaseP_S.pombe
RNaseP,test,RNaseP_S.putrefaciens
RNaseP,test,RNaseP_S.pyogenes
RNaseP,test,RNaseP_S.servazzii
RNaseP,test,RNaseP_S.shibatae
RNaseP,test,RNaseP_S.solfataricus
RNaseP,test,RNaseP_S.solfataricus-P2
RNaseP,test,RNaseP_S.typhi
RNaseP,test,RNaseP_S.typhimurium
RNaseP,test,RNaseP_S.unisporus
RNaseP,test,RNaseP_S.uvarum
RNaseP,test,RNaseP_S.versatilis
RNaseP,test,RNaseP_S.viridis-K185
RNaseP,test,RNaseP_S.viridis-K191
RNaseP,test,RNaseP_S.viridis-K197
RNaseP,test,RNaseP_S.viridis-K73T
RNaseP,test,RNaseP_SL1-1
RNaseP,test,RNaseP_SL2D
RNaseP,test,RNaseP_SLC
RNaseP,test,RNaseP_SM-A01
RNaseP,test,RNaseP_SM-A02
RNaseP,test,RNaseP_SM-A03
RNaseP,test,RNaseP_SM-A04
RNaseP,test,RNaseP_SM-A05
RNaseP,test,RNaseP_SM-A06
RNaseP,test,RNaseP_SM-A07
RNaseP,test,RNaseP_SM-A0911
RNaseP,test,RNaseP_SM-A1012
RNaseP,test,RNaseP_SM-A1113
RNaseP,test,RNaseP_SM-A1214
RNaseP,test,RNaseP_SM-A1315
RNaseP,test,RNaseP_SM-A1417
RNaseP,test,RNaseP_SM-A1519
RNaseP,test,RNaseP_SM-A1621
RNaseP,test,RNaseP_SM-A1726
RNaseP,test,RNaseP_SM-A1831
RNaseP,test,RNaseP_SM-A1932
RNaseP,test,RNaseP_SM-A2033
RNaseP,test,RNaseP_SM-A2135
RNaseP,test,RNaseP_SM-A2237
RNaseP,test,RNaseP_SM-A2539
RNaseP,test,RNaseP_SM-A2642
RNaseP,test,RNaseP_SM-A2743
RNaseP,test,RNaseP_SM-A2946
RNaseP,test,RNaseP_SM-A3048
RNaseP,test,RNaseP_SM-A3153
RNaseP,test,RNaseP_SM-A3254
RNaseP,test,RNaseP_SM-A3355
RNaseP,test,RNaseP_SM-A3761
RNaseP,test,RNaseP_SM-A3862
RNaseP,test,RNaseP_SM-A4065
RNaseP,test,RNaseP_SM-A4674
RNaseP,test,RNaseP_SM-A4775
RNaseP,test,RNaseP_SM-A4876
RNaseP,test,RNaseP_SM-A4977
RNaseP,test,RNaseP_SM-A5179
RNaseP,test,RNaseP_SM-A5382
RNaseP,test,RNaseP_SM-A5584
RNaseP,test,RNaseP_SM-A5888
RNaseP,test,RNaseP_SM-A6090
RNaseP,test,RNaseP_SM-A6296
RNaseP,test,RNaseP_SM1
RNaseP,test,RNaseP_SM2
RNaseP,test,RNaseP_SMB-A3
RNaseP,test,RNaseP_SMB-A5
RNaseP,test,RNaseP_SMB-B1
RNaseP,test,RNaseP_SMB-B2
RNaseP,test,RNaseP_SMB-B3
RNaseP,test,RNaseP_SMB-B4
RNaseP,test,RNaseP_Saccharomonospora-K180
RNaseP,test,RNaseP_Synechococcus-MINOS1
RNaseP,test,RNaseP_Synechococcus-PCC6717
RNaseP,test,RNaseP_Synechococcus-PCC7001
RNaseP,test,RNaseP_Synechococcus-PCC7003
RNaseP,test,RNaseP_Synechococcus-PCC7942
RNaseP,test,RNaseP_Synechocystis-PCC6308
RNaseP,test,RNaseP_Synechocystis-PCC6803
RNaseP,test,RNaseP_T.acidophilum
RNaseP,test,RNaseP_T.album
RNaseP,test,RNaseP_T.aquaticus
RNaseP,test,RNaseP_T.celerAL1
RNaseP,test,RNaseP_T.celerAL1-2
RNaseP,test,RNaseP_T.commune
RNaseP,test,RNaseP_T.delbrueckii
RNaseP,test,RNaseP_T.littoralis
RNaseP,test,RNaseP_T.luteus
RNaseP,test,RNaseP_T.maritima
RNaseP,test,RNaseP_T.maritima-g
RNaseP,test,RNaseP_T.neapolitana
RNaseP,test,RNaseP_T.pallidum
RNaseP,test,RNaseP_T.roseum
RNaseP,test,RNaseP_T.syrichta
RNaseP,test,RNaseP_T.thermophilus
RNaseP,test,RNaseP_T.thioparus
RNaseP,test,RNaseP_T.tumescens
RNaseP,test,RNaseP_T.volcanum
RNaseP,test,RNaseP_TP1
RNaseP,test,RNaseP_U.stanburiana
RNaseP,test,RNaseP_U.stansburiana
RNaseP,test,RNaseP_U.urealyticum
RNaseP,test,RNaseP_UK2
RNaseP,test,RNaseP_UK5
RNaseP,test,RNaseP_V.cholera
RNaseP,test,RNaseP_V.spinosum
RNaseP,test,RNaseP_VSDW
RNaseP,test,RNaseP_W.fluorescens
RNaseP,test,RNaseP_WA1
RNaseP,test,RNaseP_WB3
RNaseP,test,RNaseP_WC1
RNaseP,test,RNaseP_Wolbachia-sp
RNaseP,test,RNaseP_X.fastidiosa
RNaseP,test,RNaseP_Y.pestis
RNaseP,test,RNaseP_Z.bailii
RNaseP,test,RNaseP_Z.florentinus
RNaseP,test,RNaseP_Z.rouxii
RNaseP,test,RNaseP_purpleX
RNaseP,test,RNaseP_vHge2
RNaseP,test,RNaseP_vHge3-5
RNaseP,train,16s_A.fulgidus_domain2
RNaseP,train,16s_A.fulgidus_domain3
RNaseP,train,16s_A.fulgidus_domain4
RNaseP,train,16s_A.pyrophilus_domain2
RNaseP,train,16s_A.pyrophilus_domain4
RNaseP,train,16s_B.burgdorferi_domain2
RNaseP,train,16s_B.burgdorferi_domain3
RNaseP,train,16s_B.subtilis_domain2
RNaseP,train,16s_B.subtilis_domain3
RNaseP,train,16s_C.elegans_domain1
RNaseP,train,16s_C.elegans_domain2
RNaseP,train,16s_C.elegans_domain3
RNaseP,train,16s_C.psittaci_domain2
RNaseP,train,16s_C.psittaci_domain3
RNaseP,train,16s_C.psittaci_domain4
RNaseP,train,16s_C.reinhardtii.chloro_domain2
RNaseP,train,16s_C.reinhardtii.chloro_domain4
RNaseP,train,16s_C.reinhardtii.mito_domain3
RNaseP,train,16s_C.reinhardtii.mito_domain4
RNaseP,train,16s_D.melanogaster_domain4
RNaseP,train,16s_E.coli_domain2
RNaseP,train,16s_E.coli_domain3
RNaseP,train,16s_E.coli_domain4
RNaseP,train,16s_F.ananassa_domain3
RNaseP,train,16s_F.ananassa_domain4
RNaseP,train,16s_G.intestinalis_domain1
RNaseP,train,16s_G.intestinalis_domain2
RNaseP,train,16s_G.intestinalis_domain3
RNaseP,train,16s_G.intestinalis_domain4
RNaseP,train,16s_H.sapiens.mito_domain1
RNaseP,train,16s_H.sapiens.mito_domain2
RNaseP,train,16s_H.sapiens.mito_domain4
RNaseP,train,16s_H.sapiens_domain3
RNaseP,train,16s_H.sapiens_domain4
RNaseP,train,16s_H.volcanii_domain2
RNaseP,train,16s_H.volcanii_domain3
RNaseP,train,16s_H.volcanii_domain4
RNaseP,train,16s_M.polymorpha_domain2
RNaseP,train,16s_M.polymorpha_domain3
RNaseP,train,16s_M.polymorpha_domain4
RNaseP,train,16s_P.occultum_domain2
RNaseP,train,16s_P.occultum_domain3
RNaseP,train,16s_P.staleyi_domain2
RNaseP,train,16s_P.staleyi_domain3
RNaseP,train,16s_P.staleyi_domain4
RNaseP,train,16s_S.cerevisiae_domain4
RNaseP,train,16s_T.gondii_domain4
RNaseP,train,16s_T.maritima_domain2
RNaseP,train,16s_T.maritima_domain4
RNaseP,train,16s_Z.mays_domain1
RNaseP,train,16s_Z.mays_domain2
RNaseP,train,16s_Z.mays_domain3
RNaseP,train,16s_Z.mays_domain4
RNaseP,train,23s_B.subtilis_domain4
RNaseP,train,23s_E.coli_domain3
RNaseP,train,23s_E.coli_domain4
RNaseP,train,23s_E.coli_domain6
RNaseP,train,23s_H.pylori_domain3
RNaseP,train,23s_H.pylori_domain4
RNaseP,train,23s_H.pylori_domain6
RNaseP,train,23s_S.aureus_domain3
RNaseP,train,23s_S.aureus_domain4
RNaseP,train,23s_S.aureus_domain6
RNaseP,train,23s_T.thermophilus_domain3
RNaseP,train,23s_T.thermophilus_domain4
RNaseP,train,5s_Andrias-davidianus-1
RNaseP,train,5s_Ascaris-suum-1
RNaseP,train,5s_Ascobolus-immersus-1
RNaseP,train,5s_Asterias-vulgaris-1
RNaseP,train,5s_Aurelia_aurita-1
RNaseP,train,5s_Azospirillum-lipoferum-1
RNaseP,train,5s_Bacillus-amyloliquefaciens-1
RNaseP,train,5s_Bacteroides-capillosus-1
RNaseP,train,5s_Bacteroides-fragilis-5
RNaseP,train,5s_Brucella-suis-1
RNaseP,train,5s_Buchnera-aphidicola-1
RNaseP,train,5s_Bursaphelenchus-xylophilus-1
RNaseP,train,5s_Candidatus-Phytoplasma-asteris-1
RNaseP,train,5s_Chlorella-pyrenoidosa-1
RNaseP,train,5s_Chlorobium-tepidum-1
RNaseP,train,5s_Coxiella-burnetii-2
RNaseP,train,5s_Cryptococcus-laurentii-1
RNaseP,train,5s_Cryptomonas-paramecium-1
RNaseP,train,5s_Dehalococcoides-ethenogenes-1
RNaseP,train,5s_Desulfurococcus-mobilis-1
RNaseP,train,5s_Ehrlichia-ruminantium-1
RNaseP,train,5s_Erythromicrobium-ezovicum-1
RNaseP,train,5s_Erythromicrobium-hydrolyticum-1
RNaseP,train,5s_Erythromicrobium-ramosum-1
RNaseP,train,5s_Filobasidiella-depauperata-1
RNaseP,train,5s_Flectobacillus-major-1
RNaseP,train,5s_Fusarium-culmorum-6
RNaseP,train,5s_Fusobacterium-nucleatum-5
RNaseP,train,5s_Geobacillus-kaustophilus-7
RNaseP,train,5s_Halobacterium-sp.-2
RNaseP,train,5s_Halococcus-morrhuae-2
RNaseP,train,5s_Halorubrum-distributum-3
RNaseP,train,5s_Hyphomicrobium-vulgare-1
RNaseP,train,5s_Lactobacillus-johnsonii-1
RNaseP,train,5s_Limulus-polyphemus-1
RNaseP,train,5s_Loofah-witches-broom-phytoplasma-1
RNaseP,train,5s_Meloidogyne-arenaria-2
RNaseP,train,5s_Methanopyrus-kandleri-1
RNaseP,train,5s_Methanosarcina-mazei-2
RNaseP,train,5s_Methanosarcina-vacuolata-1
RNaseP,train,5s_Methanothermococcus-thermolithotrophicus-1
RNaseP,train,5s_Mycoplasma-gallisepticum-4
RNaseP,train,5s_Mycoplasma-genitalium-1
RNaseP,train,5s_Mycoplasma-mobile-1
RNaseP,train,5s_Mycoplasma-sp.-2
RNaseP,train,5s_Nanoarchaeum-equitans-1
RNaseP,train,5s_Neurospora-crassa-12
RNaseP,train,5s_Neurospora-intermedia-1
RNaseP,train,5s_Notophthalmus-viridescens-1
RNaseP,train,5s_Oceanobacillus-iheyensis-4
RNaseP,train,5s_Onchocerca-volvulus-1
RNaseP,train,5s_Paenibacillus-popilliae-1
RNaseP,train,5s_Porphyra-yezoensis-1
RNaseP,train,5s_Porphyromonas-gingivalis-2
RNaseP,train,5s_Pseudomonas-stutzeri-2
RNaseP,train,5s_Pyrenophora-graminea-1
RNaseP,train,5s_Pyrococcus-abyssi-1
RNaseP,train,5s_Pyrococcus-horikoshii-2
RNaseP,train,5s_Rhodobacter-sphaeroides-3
RNaseP,train,5s_Rhodococcus-fascians-2
RNaseP,train,5s_Roseococcus-thiosulfatophilus-1
RNaseP,train,5s_Sandaracinobacter-sibiricus-1
RNaseP,train,5s_Silicibacter-pomeroyi-1
RNaseP,train,5s_Sphingomonas-ursincola-1
RNaseP,train,5s_Streptococcus-salivarius-1
RNaseP,train,5s_Streptomyces-violaceus-1
RNaseP,train,5s_Sulfurococcus-mirabilis-1
RNaseP,train,5s_Thermomicrobium-roseum-1
RNaseP,train,5s_Thermotoga-sp.-3
RNaseP,train,5s_Thraustochytrium-visurgense-2
RNaseP,train,5s_Trichoplax-adhaerens-1
RNaseP,train,5s_Ulva-pertusa-1
RNaseP,train,5s_Ureaplasma-urealyticum-3
RNaseP,train,5s_Verrucomicrobium-spinosum-1
RNaseP,train,5s_Wolbachia-endosymbiont-of-D.-melanogaster-1
RNaseP,train,5s_Wolbachia-pipientis-1
RNaseP,train,5s_Wolinella-succinogenes-1
RNaseP,train,5s_Xenopus-borealis-3
RNaseP,train,5s_Xylella-fastidiosa-2
RNaseP,train,5s_uncultured-euryarchaeote-37F11-1
RNaseP,train,grp1_a.I1.b.Phormidium.sp.N182.C3.tLEU
RNaseP,train,grp1_a.I1.b.Synechococcus.sp2.C3.tLEU
RNaseP,train,grp1_a.I1.c.A.cherimola.C3.tLEU
RNaseP,train,grp1_a.I1.c.S.bicolor.C3.tLEU
RNaseP,train,grp1_a.I1.e.A.adeninivorans.C1.LSU.2449
RNaseP,train,grp1_a.I1.e.A.capsulatus.CBS213.53.C1.SSU.943
RNaseP,train,grp1_a.I1.e.A.capsulatus.FLs1.C1.SSU
RNaseP,train,grp1_a.I1.e.A.capsulatus.G184B.C1.SSU
RNaseP,train,grp1_a.I1.e.A.capsulatus.G186B.C1.SSU
RNaseP,train,grp1_a.I1.e.B.ciliata.JCM6865.C1.SSU.1506
RNaseP,train,grp1_a.I1.e.B.ciliata.JCM6865.C1.SSU.943
RNaseP,train,grp1_a.I1.e.B.yamatoana.JCM2896.C1.SSU.1506
RNaseP,train,grp1_a.I1.e.B.yamatoana.JCM2896.C1.SSU.943
RNaseP,train,grp1_a.I1.e.C.ellipsoidea.211-1a.C1.SSU.1506
RNaseP,train,grp1_a.I1.e.C.ellipsoidea.IAMC-87.C1.SSU.1506
RNaseP,train,grp1_a.I1.e.C.grayi.UNK.SSU.1046
RNaseP,train,grp1_a.I1.e.C.grayi.UNK.SSU.1516
RNaseP,train,grp1_a.I1.e.C.merochlorophea.UNK.SSU.1046
RNaseP,train,grp1_a.I1.e.C.merochlorophea.UNK.SSU.1210
RNaseP,train,grp1_a.I1.e.C.merochlorophea.UNK.SSU.1389
RNaseP,train,grp1_a.I1.e.C.merochlorophea.UNK.SSU.1516
RNaseP,train,grp1_a.I1.e.C.saccatum.C1.SSU.1512
RNaseP,train,grp1_a.I1.e.D.parva.C1.SSU.943
RNaseP,train,grp1_a.I1.e.E.dermatitidis.C1.SSU.943
RNaseP,train,grp1_a.I1.e.G.planctonica.C1.SSU.943
RNaseP,train,grp1_a.I1.e.G.spirotaenia.C1.SSU.1506
RNaseP,train,grp1_a.I1.e.L.dispersa.UNK.SSU.1046
RNaseP,train,grp1_a.I1.e.L.dispersa.UNK.SSU.114
RNaseP,train,grp1_a.I1.e.L.dispersa.UNK.SSU.1210
RNaseP,train,grp1_a.I1.e.L.dispersa.UNK.SSU.1516
RNaseP,train,grp1_a.I1.e.L.dispersa.UNK.SSU.287
RNaseP,train,grp1_a.I1.e.L.dispersa.UNK.SSU.516
RNaseP,train,grp1_a.I1.e.L.dispersa.UNK.SSU.789
RNaseP,train,grp1_a.I1.e.P.carinii.C1.SSU.1506
RNaseP,train,grp1_a.I1.e.P.carinii.Pc1.C1.LSU.1921
RNaseP,train,grp1_a.I1.e.P.carinii.Pc3.C1.LSU.1921
RNaseP,train,grp1_a.I1.e.P.clavariiformis.C1.SSU.943
RNaseP,train,grp1_a.I1.e.P.inouyei.C1.SSU.1506
RNaseP,train,grp1_a.I1.e.P.inouyei.C1.SSU.943
RNaseP,train,grp1_a.I1.e.P.macrosporus.C1.SSU.1506
RNaseP,train,grp1_a.I1.e.P.macrosporus.C1.SSU.943
RNaseP,train,grp1_a.I1.e.P.pachydermus.C1.SSU.943
RNaseP,train,grp1_a.I1.e.S.granulatum.C1.SSU.1506
RNaseP,train,grp1_a.I1.e.S.paniceum.UNK.SSU.1052
RNaseP,train,grp1_a.I1.e.S.paniceum.UNK.SSU.114
RNaseP,train,grp1_a.I1.e.S.paniceum.UNK.SSU.1210
RNaseP,train,grp1_a.I1.e.S.paniceum.UNK.SSU.287
RNaseP,train,grp1_a.I1.e.S.sclerotiorum_1837.C1.LSU.798
RNaseP,train,grp1_a.I1.e.Staurastrum.sp.M752.C1.SSU.1506
RNaseP,train,grp1_a.I1.e.Staurastrum.sp.M753.C1.SSU.1506
RNaseP,train,grp1_a.I1.e.T.hyperangularis.C1.LSU.1925
RNaseP,train,grp1_a.I1.e.T.malaccensis.C1.LSU.1925
RNaseP,train,grp1_a.I1.e.T.pigmentosa.C1.LSU.1925
RNaseP,train,grp1_a.I1.e.U.maydis.C1.SSU.943
RNaseP,train,grp1_a.I1.m.M.grisea.B2.ND1
RNaseP,train,grp1_b.I1.e.C.saccharophila.C1.SSU.156
RNaseP,train,grp1_b.I1.e.M.anisopliae.2.C1.LSU.1921
RNaseP,train,grp1_b.I1.e.M.anisopliae.3.C1.LSU.1921
RNaseP,train,grp1_s.I1.e.T.thermophila.C1.LSU.1925.schem
RNaseP,train,srp_Ashb.goss._AE016819
RNaseP,train,srp_Baci.anth._AE017334
RNaseP,train,srp_Bdel.bact._BX842656
RNaseP,train,srp_Cand.glab._CR380957
RNaseP,train,srp_Citr.sine._CN181544
RNaseP,train,srp_Clav.lusi._GSP-306902
RNaseP,train,srp_Clos.novy._CP000382
RNaseP,train,srp_Deba.hans._CR382138
RNaseP,train,srp_Desu.psyc._CR522870
RNaseP,train,srp_Dict.disc._BJ360333
RNaseP,train,srp_Ence.cuni._AL590449
RNaseP,train,srp_Enta.terr._GSP-110771
RNaseP,train,srp_Gald.sulp._GSP-130081
RNaseP,train,srp_Halo.halo._CP000544
RNaseP,train,srp_Hist.caps._GSP-278162
RNaseP,train,srp_Kluy.lact._CR382126
RNaseP,train,srp_Kluy.yarr._479647571
RNaseP,train,srp_Lept.coll._AF006750
RNaseP,train,srp_List.mono._AE017262
RNaseP,train,srp_Lodd.elon._GSP-379508
RNaseP,train,srp_Meso.viri._AF166114
RNaseP,train,srp_Meth.ferv._S49762
RNaseP,train,srp_Meth.volt._M22560
RNaseP,train,srp_Myco.hyop._AE017244
RNaseP,train,srp_Myco.spec._CP000384
RNaseP,train,srp_Myco.spec._CP000580
RNaseP,train,srp_Nect.haem._GSP-71109
RNaseP,train,srp_Neur.cras._AL669999
RNaseP,train,srp_Oxyt.trif._GSP-99928
RNaseP,train,srp_Para.bras._GSP-121759
RNaseP,train,srp_Perk.mari._GSP-31276
RNaseP,train,srp_Pers.amer._X65992
RNaseP,train,srp_Phae.nodo._GSP-321614
RNaseP,train,srp_Phak.pach._GSP-170000-2
RNaseP,train,srp_Phyt.infe._CV911012
RNaseP,train,srp_Phyt.soja._GSP-67593
RNaseP,train,srp_Pich.stip._CP000502
RNaseP,train,srp_Plas.yoel._GSP-352914
RNaseP,train,srp_Podo.anse._GSP-5145
RNaseP,train,srp_Pseu.syri._CP000058
RNaseP,train,srp_Psyc.arct._CP000082
RNaseP,train,srp_Pyro.isla._CP000504
RNaseP,train,srp_Rhod.balt._BX294144
RNaseP,train,srp_Sacc.kluy._SKAA0027M04.b1
RNaseP,train,srp_Sacc.para._BN000251
RNaseP,train,srp_Schi.pomb._AU010514
RNaseP,train,srp_Schi.pomb._Z99259
RNaseP,train,srp_Scle.scle._GSP-325569
RNaseP,train,srp_Shew.balt._CP000753
RNaseP,train,srp_Shig.flex._AE016979
RNaseP,train,srp_Sola.tube._DR037646
RNaseP,train,srp_Sorg.bico._BE594178
RNaseP,train,srp_Spra.loph._GSP-51541
RNaseP,train,srp_Stre.coel._AL939118
RNaseP,train,srp_Stre.pyog._AM295007
RNaseP,train,srp_Stre.sang._CP000387
RNaseP,train,srp_Synt.wolf._CP000448
RNaseP,train,srp_Taen.gutt._CK235759
RNaseP,train,srp_Tetr.ther._X56981
RNaseP,train,srp_Thal.pseu._GSP-296543
RNaseP,train,srp_Thei.parv._GSP-333668
RNaseP,train,srp_Ther.mela._CP000716
RNaseP,train,srp_Ther.petr._CP000702
RNaseP,train,srp_Ther.volc._BA000011
RNaseP,train,srp_Toxo.gond._CO743022
RNaseP,train,srp_Toxo.gond._GSP-398031
RNaseP,train,srp_Trep.dent._AE017246
RNaseP,train,srp_Trep.pall._AE000520
RNaseP,train,srp_Tric.rees._GSP-334564-1
RNaseP,train,srp_Trit.aest._BE424647
RNaseP,train,srp_Trit.aest._CJ679223
RNaseP,train,srp_Trit.aest._X13915
RNaseP,train,srp_Tryp.viva._SDB-5699
RNaseP,train,srp_Unci.rees._GSP-336963
RNaseP,train,srp_Vibr.vuln._BA000037
RNaseP,train,srp_Xant.camp._AM039952
RNaseP,train,srp_Yarr.lipo._X51658
RNaseP,train,srp_Yers.pseu._CP000720
RNaseP,train,srp_Zygo.roux._BN000170
RNaseP,train,srp_Zymo.mobi._AF203881
RNaseP,train,tRNA_tdbR00000009-Escherichia_coli-562-Ala-VGC
RNaseP,train,tRNA_tdbR00000013-Pichia_jadinii-4903-Ala-IGC
RNaseP,train,tRNA_tdbR00000034-Mesocricetus_auratus-10036-Asp-GUC
RNaseP,train,tRNA_tdbR00000046-Escherichia_coli-562-Glu-SUC
RNaseP,train,tRNA_tdbR00000069-Synechococcus_sp._PCC_7002-32049-Phe-GAA
RNaseP,train,tRNA_tdbR00000074-Tetrahymena_pyriformis-5908-Phe-GAA
RNaseP,train,tRNA_tdbR00000078-Ascaris_suum-6253-Phe-GAA
RNaseP,train,tRNA_tdbR00000080-Bos_taurus-9913-Phe-GAA
RNaseP,train,tRNA_tdbR00000104-Enterobacteria_phage_T4-10665-Gly-NCC
RNaseP,train,tRNA_tdbR00000114-Staphylococcus_epidermidis-1282-Gly-UCC
RNaseP,train,tRNA_tdbR00000124-Aedes_albopictus-7160-Gly-UCC
RNaseP,train,tRNA_tdbR00000126-Halocynthia_roretzi-7729-Gly-NCU
RNaseP,train,tRNA_tdbR00000127-Halocynthia_roretzi-7729-Gly-UCU
RNaseP,train,tRNA_tdbR00000128-Halocynthia_roretzi-7729-Gly-GCU
RNaseP,train,tRNA_tdbR00000143-Asterias_amurensis-7602-His-QUG
RNaseP,train,tRNA_tdbR00000149-Homo_sapiens-9606-His-GUG
RNaseP,train,tRNA_tdbR00000167-Aedes_albopictus-7160-Ile-GAU
RNaseP,train,tRNA_tdbR00000169-Homo_sapiens-9606-Ile-GAU
RNaseP,train,tRNA_tdbR00000174-Mus_musculus-10090-Ile-IAU
RNaseP,train,tRNA_tdbR00000177-Mycoplasma_capricolum-2095-Lys-CUU
RNaseP,train,tRNA_tdbR00000184-Asterias_amurensis-7602-Lys-CUU
RNaseP,train,tRNA_tdbR00000194-Triticum_aestivum-4565-Lys-CUU
RNaseP,train,tRNA_tdbR00000206-Loligo_bleekeri-6617-Lys-UUU
RNaseP,train,tRNA_tdbR00000210-Enterobacteria_phage_T5-10726-Leu-UAG
RNaseP,train,tRNA_tdbR00000211-Haloferax_volcanii-2246-Leu-CAA
RNaseP,train,tRNA_tdbR00000223-Salmonella_typhimurium-602-Leu-CAG
RNaseP,train,tRNA_tdbR00000237-Saccharomyces_cerevisiae-4932-Leu-AA
RNaseP,train,tRNA_tdbR00000246-Bos_taurus-9913-Leu-NAA
RNaseP,train,tRNA_tdbR00000247-Bos_taurus-9913-Leu-UAG
RNaseP,train,tRNA_tdbR00000251-Saccharomyces_cerevisiae-4932-Leu-UAA
RNaseP,train,tRNA_tdbR00000263-Rattus_norvegicus-10116-Leu-AA
RNaseP,train,tRNA_tdbR00000266-Bos_taurus-9913-Leu-AA
RNaseP,train,tRNA_tdbR00000280-Saccharomyces_cerevisiae-4932-Met-CAU
RNaseP,train,tRNA_tdbR00000282-Ascaris_suum-6253-Met-AU
RNaseP,train,tRNA_tdbR00000283-Gallus_gallus-9031-Met-AU
RNaseP,train,tRNA_tdbR00000290-Enterobacteria_phage_T5-10726-Asn-GUU
RNaseP,train,tRNA_tdbR00000318-Salmonella_typhimurium-602-Pro-GGG
RNaseP,train,tRNA_tdbR00000321-Saccharomyces_cerevisiae-4932-Pro-UGG
RNaseP,train,tRNA_tdbR00000325-Pichia_jadinii-4903-Pro-GG
RNaseP,train,tRNA_tdbR00000335-Nicotiana_rustica-4093-Gln-NUG
RNaseP,train,tRNA_tdbR00000345-Homo_sapiens-9606-Gln-NUG
RNaseP,train,tRNA_tdbR00000347-Enterobacteria_phage_T4-10665-Arg-NCU
RNaseP,train,tRNA_tdbR00000350-Haloferax_volcanii-2246-Arg-GCG
RNaseP,train,tRNA_tdbR00000359-Escherichia_coli-562-Arg-CCG
RNaseP,train,tRNA_tdbR00000363-Ascaris_suum-6253-Arg-PCU
RNaseP,train,tRNA_tdbR00000365-Aedes_albopictus-7160-Arg-UCG
RNaseP,train,tRNA_tdbR00000366-Rattus_norvegicus-10116-Arg-UCG
RNaseP,train,tRNA_tdbR00000367-Bos_taurus-9913-Arg-UCG
RNaseP,train,tRNA_tdbR00000395-Saccharomyces_cerevisiae-4932-Ser-GCU
RNaseP,train,tRNA_tdbR00000398-Ascaris_suum-6253-Ser-UCU
RNaseP,train,tRNA_tdbR00000399-Aedes_albopictus-7160-Ser-GCU
RNaseP,train,tRNA_tdbR00000406-Saccharomyces_cerevisiae-4932-Ser-NGA
RNaseP,train,tRNA_tdbR00000409-Candida_cylindracea-44322-Ser-CAG
RNaseP,train,tRNA_tdbR00000414-Lupinus_luteus-3873-Ser-CGA
RNaseP,train,tRNA_tdbR00000460-Aedes_albopictus-7160-Val-UAC
RNaseP,train,tRNA_tdbR00000461-Rattus_norvegicus-10116-Val-UAC
RNaseP,train,tRNA_tdbR00000462-Rattus_norvegicus-10116-Val-UAC
RNaseP,train,tRNA_tdbR00000463-Bos_taurus-9913-Val-UAC
RNaseP,train,tRNA_tdbR00000489-Neurospora_crassa-5141-Trp-NCA
RNaseP,train,tRNA_tdbR00000492-Rattus_norvegicus-10116-Trp-NCA
RNaseP,train,tRNA_tdbR00000493-Bos_taurus-9913-Trp-NCA
RNaseP,train,tRNA_tdbR00000494-Saccharomyces_cerevisiae-4932-Trp-BCA
RNaseP,train,tRNA_tdbR00000517-Neurospora_crassa-5141-Ini-CAU
RNaseP,train,tRNA_tdbR00000518-Saccharomyces_cerevisiae-4932-Ini-CAU
RNaseP,train,tRNA_tdbR00000520-Aedes_albopictus-7160-Ini-CAU
RNaseP,train,tRNA_tdbR00000522-Bos_taurus-9913-Ini-AU
RNaseP,train,tRNA_tdbR00000549-Tetrahymena_pyriformis-5908-Tyr-QUA
RNaseP,train,tRNA_tdbR00000551-Saccharomyces_cerevisiae-4932-Tyr-GUA
RNaseP,train,tRNA_tdbR00000556-Schizosaccharomyces_pombe-4896-Tyr-GPA
RNaseP,train,tRNA_tdbR00000572-Leishmania_tarentolae-5689-Lys-1UU
RNaseP,train,tRNA_tdbR00000573-Leishmania_tarentolae-5689-Gln-3UG
RNaseP,train,tRNA_tdbR00000580-Aeropyrum_pernix-56636-Lys-UUU
RNaseP,train,tRNA_tdbR00000583-Aeropyrum_pernix-56636-Cys-GCA
RNaseP,train,tRNA_tdbR00000590-Ascaris_suum-6253-Glu-UC
RNaseP,train,tRNA_tdbR00000591-Ascaris_suum-6253-Lys-UU
RNaseP,train,tRNA_tdbR00000594-Ascaris_suum-6253-Leu-AA
RNaseP,train,tRNA_tdbR00000595-Escherichia_coli-562-Leu-BAA
RNaseP,train,tRNA_tdbR00000618-Candida_albicans-5476-Leu-CAG
RNaseP,train,tRNA_tdbR00000620-Toxoplasma_gondii-5811-Ini-CAU
RNaseP,train,tRNA_tdbR00000622-Nicotiana_rustica-4093-Cys-GCA
RNaseP,train,telomerase_AC121792.109554-109950
RNaseP,train,telomerase_AF147806.247-692
RNaseP,train,telomerase_AF221908.136-584
RNaseP,train,telomerase_AF221910.112-554
RNaseP,train,telomerase_AF221911.104-513
RNaseP,train,telomerase_AF221912.98-564
RNaseP,train,telomerase_AF221913.109-520
RNaseP,train,telomerase_AF221914.112-589
RNaseP,train,telomerase_AF221916.94-481
RNaseP,train,telomerase_AF221918.97-547
RNaseP,train,telomerase_AF221919.107-614
RNaseP,train,telomerase_AF221920.99-541
RNaseP,train,telomerase_AF221921.98-548
RNaseP,train,telomerase_AF221923.106-554
RNaseP,train,telomerase_AF221924.105-538
RNaseP,train,telomerase_AF221925.98-540
RNaseP,train,telomerase_AF221926.103-507
RNaseP,train,telomerase_AF221927.113-556
RNaseP,train,telomerase_AF221930.94-546
RNaseP,train,telomerase_AF221931.99-541
RNaseP,train,telomerase_AF221934.121-565
RNaseP,train,telomerase_AF221935.112-602
RNaseP,train,telomerase_AF221937.99-545
RNaseP,train,telomerase_AF221939.99-544
RNaseP,train,telomerase_AF221940.103-499
RNaseP,train,telomerase_AY058901.1-397
RNaseP,train,telomerase_AY312571.605-1069
RNaseP,train,telomerase_U85256.1-451
RNaseP,train,tmRNA_Acin.spec._CR543861_1-360
RNaseP,train,tmRNA_Bact.mari._TRW-97084_1-385
RNaseP,train,tmRNA_Bdel.bact._BX842656_1-346
RNaseP,train,tmRNA_Bifi.long._TRW-206672_1-397
RNaseP,train,tmRNA_Bloc.flor._BX248583_1-393
RNaseP,train,tmRNA_Bloc.penn._CP000016_1-392
RNaseP,train,tmRNA_Borr.gari._CP000013_1-363
RNaseP,train,tmRNA_Camp.fetu._AY211269_1-361
RNaseP,train,tmRNA_Carn.malt._AF275938_1-366
RNaseP,train,tmRNA_Chla.trac._TRW-813-2_1-420
RNaseP,train,tmRNA_Chro.viol._AE016825_1-365
RNaseP,train,tmRNA_Clos.ther._TRW-203119_1-387
RNaseP,train,tmRNA_Cyan.mero._TRW-45157_1-236
RNaseP,train,tmRNA_Desu.psyc._CR522870_1-366
RNaseP,train,tmRNA_Dict.ther._TRW-14_1-350
RNaseP,train,tmRNA_Emil.huxl._TRW-280463_1-291
RNaseP,train,tmRNA_Gemm.obsc._TRW-214688_1-412
RNaseP,train,tmRNA_Geob.sulf._AE017180_1-356
RNaseP,train,tmRNA_Grac.tenu._AY673996_1-396
RNaseP,train,tmRNA_Guil.thet._TRW-55529_1-330
RNaseP,train,tmRNA_Heli.hepa._AE017125_1-369
RNaseP,train,tmRNA_Heli.pylo._TRW-85963_1-386
RNaseP,train,tmRNA_Jako.libe._TRW-143017_1-102
RNaseP,train,tmRNA_Laws.intr._AM180252_1-376
RNaseP,train,tmRNA_Leif.xyli._AE016822_1-394
RNaseP,train,tmRNA_List.wels._AF440351_1-321
RNaseP,train,tmRNA_Magn.spec._CP000471_1-366
RNaseP,train,tmRNA_Meso.flor._AE017263_1-408
RNaseP,train,tmRNA_Meso.viri._AF166114_1-359
RNaseP,train,tmRNA_Mora.cata._AX067460_1-359
RNaseP,train,tmRNA_Myco.Bxz1._AY129337_1-437
RNaseP,train,tmRNA_Myco.arth._TRW-243272_1-394
RNaseP,train,tmRNA_Myco.gall._AE015450_1-408
RNaseP,train,tmRNA_Myco.geni._U39713_1-385
RNaseP,train,tmRNA_Myco.hyop._TRW-295358_1-424
RNaseP,train,tmRNA_Myco.myco._BX842642_1-411
RNaseP,train,tmRNA_Myco.pene._BA000026_1-405
RNaseP,train,tmRNA_Myxo.xant._TRW-34_1-366
RNaseP,train,tmRNA_Nitr.ocea._CP000127_1-361
RNaseP,train,tmRNA_Ocea.ihey._BA000028_1-364
RNaseP,train,tmRNA_Oeno.oeni._TRW-203123_1-350
RNaseP,train,tmRNA_Onio.yell._AP006628_1-423
RNaseP,train,tmRNA_Para.symb._BX908798_1-405
RNaseP,train,tmRNA_Pelo.carb._CP000142_1-358
RNaseP,train,tmRNA_Phot.prof._CR378665_1-368
RNaseP,train,tmRNA_Porp.purp._TRW-2787_1-323
RNaseP,train,tmRNA_Prev.rumi._TRW-264731_1-401
RNaseP,train,tmRNA_Prop.acne._TRW-1747-3_1-353
RNaseP,train,tmRNA_Pseu.atla._CP000388_1-357
RNaseP,train,tmRNA_Rhod.balt._BX294141_1-380
RNaseP,train,tmRNA_Rubr.gela._TRW-279263_1-372
RNaseP,train,tmRNA_Rumi.albu._TRW-246199_1-354
RNaseP,train,tmRNA_Sacc.degr._CP000282_1-389
RNaseP,train,tmRNA_Spir.kunk._TRW-273035_1-424
RNaseP,train,tmRNA_Stre.coll._AY485228_1-386
RNaseP,train,tmRNA_Syne.spec._AB003477_1-394
RNaseP,train,tmRNA_Syne.spec._TRW-32049_1-396
RNaseP,train,tmRNA_Synt.acid._CP000252_1-356
RNaseP,train,tmRNA_Tann.fors._TRW-203275_1-400
RNaseP,train,tmRNA_Thal.weis._AF049491_1-348
RNaseP,train,tmRNA_Ther.elon._BA000039_1-386
RNaseP,train,tmRNA_Ther.rose._TRW-309801_1-353
RNaseP,train,tmRNA_Ther.teng._AE013063_1-351
RNaseP,train,tmRNA_Thio.deni._CP000116_1-367
RNaseP,train,tmRNA_Trem.prin._AF481102_1-264
RNaseP,train,tmRNA_Trop.whip._BX251411_1-369
RNaseP,train,tmRNA_Verr.spin._TRW-240016_1-356
RNaseP,train,tmRNA_envi.sequ._TRW-2-1_1-365
RNaseP,train,tmRNA_envi.sequ._TRW-204433_1-356
RNaseP,train,tmRNA_envi.sequ._TRW-259292_1-355
RNaseP,train,tmRNA_envi.sequ._TRW-300695-2_1-345
RNaseP,train,tmRNA_envi.sequ._TRW-32045-3_1-350
RNaseP,train,tmRNA_envi.sequ._TRW-351057-3_1-355
RNaseP,train,tmRNA_uncu.bact._TRW-135621-1_1-397
RNaseP,train,tmRNA_uncu.bact._TRW-32033-1_1-354
RNaseP,train,tmRNA_uncu.bact._TRW-32045-4_1-369
RNaseP,train,tmRNA_uncu.bact._TRW-72274-1_1-359
RNaseP,train,tmRNA_uncu.bact._TRW-72274-2_1-359
RNaseP,train,tmRNA_uncu.bact._TRW-80840-3_1-379
RNaseP,train,tmRNA_uncu.mari._TRW-363180_1-347
RNaseP,valid,16s_B.burgdorferi_domain4
RNaseP,valid,16s_B.subtilis_domain4
RNaseP,valid,16s_C.elegans_domain4
RNaseP,valid,16s_C.reinhardtii.chloro_domain1
RNaseP,valid,16s_C.reinhardtii.chloro_domain3
RNaseP,valid,16s_C.reinhardtii.mito_domain1
RNaseP,valid,16s_C.reinhardtii.mito_domain2
RNaseP,valid,16s_H.sapiens.mito_domain3
RNaseP,valid,16s_H.volcanii_domain1
RNaseP,valid,16s_P.occultum_domain4
RNaseP,valid,16s_S.cerevisiae_domain3
RNaseP,valid,16s_T.gondii_domain3
RNaseP,valid,16s_T.maritima_domain3
RNaseP,valid,23s_B.subtilis_domain3
RNaseP,valid,23s_B.subtilis_domain6
RNaseP,valid,23s_T.thermophilus_domain6
RNaseP,valid,5s_Candidatus-Tremblaya-princeps-5
RNaseP,valid,5s_Chlamydia-trachomatis-1
RNaseP,valid,5s_Clostridium-acetobutylicum-3
RNaseP,valid,5s_Drosophila-melanogaster-2
RNaseP,valid,5s_Gracilaria-compressa-2
RNaseP,valid,5s_Lactococcus-lactis-2
RNaseP,valid,5s_Methanobrevibacter-ruminantium-1
RNaseP,valid,5s_Methanospirillum-hungatei-1
RNaseP,valid,5s_Mycoplasma-pulmonis-1
RNaseP,valid,5s_Paracentrotus-lividus-2
RNaseP,valid,5s_Plasmodium-falciparum-1
RNaseP,valid,5s_Rhodopirellula-baltica-1
RNaseP,valid,5s_Roseococcus-thiosulfatophilus-2
RNaseP,valid,5s_Spirosoma-sp.-1
RNaseP,valid,5s_Streptomyces-coelicolor-5
RNaseP,valid,5s_Sulfolobus-tokodaii-1
RNaseP,valid,5s_Thermoplasma-volcanium-1
RNaseP,valid,5s_Thermus-aquaticus-1
RNaseP,valid,5s_Triticum-aestivum-1
RNaseP,valid,5s_Vitreoscilla-stercoraria-1
RNaseP,valid,grp1_a.I1.b.Dermocarpa.sp.ATCC29371.C3.tMET
RNaseP,valid,grp1_a.I1.b.S.hofmanii.C3.tMET
RNaseP,valid,grp1_a.I1.c.G.prostrata.C3.tLEU
RNaseP,valid,grp1_a.I1.e.A.stipitatus.C1.SSU.1046
RNaseP,valid,grp1_a.I1.e.C.saxonicum.C1.SSU.1506
RNaseP,valid,grp1_a.I1.e.D.parva.C1.SSU.1512
RNaseP,valid,grp1_a.I1.e.D.salina.C1.SSU.943
RNaseP,valid,grp1_a.I1.e.M.caldariorum.C1.SSU.1506
RNaseP,valid,grp1_a.I1.e.P.carinii.Pc2.C1.LSU.1921
RNaseP,valid,grp1_a.I1.e.P.sarcinoidea.C1.SSU.943
RNaseP,valid,grp1_a.I1.e.S.paniceum.UNK.SSU.1506
RNaseP,valid,grp1_a.I1.e.T.cosmopolitanis.C1.LSU.1925
RNaseP,valid,grp1_a.I1.m.S.luteus.A1.LSU.2504
RNaseP,valid,grp1_a.I1.m.S.pombe.B1.OX1
RNaseP,valid,grp1_b.I1.e.T.thermophila.C1.LSU.1925
RNaseP,valid,srp_Aero.pern._BA000002
RNaseP,valid,srp_Ajel.caps._CV620298
RNaseP,valid,srp_Cand.trop._GSP-294747
RNaseP,valid,srp_Cryp.parv._XM_626716
RNaseP,valid,srp_Enta.hist._AF487684
RNaseP,valid,srp_Giar.lamb._GSP-184922
RNaseP,valid,srp_Gibb.zeae._GSP-229533
RNaseP,valid,srp_Hype.buty._CP000493
RNaseP,valid,srp_Meth.mari._CP000745
RNaseP,valid,srp_Myco.hyop._AE017243
RNaseP,valid,srp_Onch.volv._BF727619
RNaseP,valid,srp_Oryz.sati._AP008207
RNaseP,valid,srp_Para.bras._EH655308
RNaseP,valid,srp_Pich.guil._GSP-294746
RNaseP,valid,srp_Plas.falc._EF690554
RNaseP,valid,srp_Psyc.ingr._CP000510
RNaseP,valid,srp_Sacc.cere._U18916
RNaseP,valid,srp_Stap.epid._AX145149
RNaseP,valid,srp_Ther.teng._AE012978
RNaseP,valid,srp_Xeno.laev._X01055
RNaseP,valid,tRNA_tdbR00000168-Bos_taurus-9913-Ile-GAU
RNaseP,valid,tRNA_tdbR00000189-Rattus_norvegicus-10116-Lys-NUU
RNaseP,valid,tRNA_tdbR00000190-Bos_taurus-9913-Lys-NUU
RNaseP,valid,tRNA_tdbR00000191-Mesocricetus_auratus-10036-Lys-NUU
RNaseP,valid,tRNA_tdbR00000244-Rattus_norvegicus-10116-Leu-UAG
RNaseP,valid,tRNA_tdbR00000245-Rattus_norvegicus-10116-Leu-UAG
RNaseP,valid,tRNA_tdbR00000328-Enterobacteria_phage_T5-10726-Gln-UUG
RNaseP,valid,tRNA_tdbR00000334-Hordeum_vulgare-4513-Gln-UG
RNaseP,valid,tRNA_tdbR00000364-Ascaris_suum-6253-Arg-ACG
RNaseP,valid,tRNA_tdbR00000381-Haloferax_volcanii-2246-Ser-GCU
RNaseP,valid,tRNA_tdbR00000397-Saccharomyces_cerevisiae-4932-Ser-UGA
RNaseP,valid,tRNA_tdbR00000400-Loligo_bleekeri-6617-Ser-7CU
RNaseP,valid,tRNA_tdbR00000440-Neurospora_crassa-5141-Thr-UGU
RNaseP,valid,tRNA_tdbR00000578-Leishmania_tarentolae-5689-Glu-3UC
RNaseP,valid,tRNA_tdbR00000581-Aeropyrum_pernix-56636-Lys-CUU
RNaseP,valid,tRNA_tdbR00000593-Ascaris_suum-6253-Trp-CA
RNaseP,valid,tRNA_tdbR00000609-Chlamydomonas_reinhardtii-3055-Leu-UA7
RNaseP,valid,tRNA_tdbR00000611-Sinorhizobium_meliloti-382-His-GUG
RNaseP,valid,tRNA_tdbR00000619-Toxoplasma_gondii-5811-Met-CAU
RNaseP,valid,tRNA_tdbR00000621-Nicotiana_rustica-4093-Cys-GCA
RNaseP,valid,telomerase_AF221906.96-545
RNaseP,valid,telomerase_AF221909.98-496
RNaseP,valid,telomerase_AF221917.99-542
RNaseP,valid,telomerase_AF221928.95-476
RNaseP,valid,telomerase_AF221929.92-517
RNaseP,valid,telomerase_AF221932.102-549
RNaseP,valid,telomerase_AF221936.98-540
RNaseP,valid,tmRNA_Acid.ferr._TRW-243159_1-364
RNaseP,valid,tmRNA_Acid.ferr._TRW-920_1-341
RNaseP,valid,tmRNA_Baci.G._TRW-12333_1-312
RNaseP,valid,tmRNA_Bord.pert._TRW-257313_1-387
RNaseP,valid,tmRNA_Cald.sacc._TRW-351627_1-368
RNaseP,valid,tmRNA_Chlo.tepi._TRW-194439_1-404
RNaseP,valid,tmRNA_Cyan.cald._AF022186_1-254
RNaseP,valid,tmRNA_Fran.tula._CP000437_1-421
RNaseP,valid,tmRNA_Lact.john._TRW-257314_1-367
RNaseP,valid,tmRNA_Lact.sake._TRW-314315_1-370
RNaseP,valid,tmRNA_Legi.pneu._CR628337_1-406
RNaseP,valid,tmRNA_Neph.oliv._AF137379-2_1-327
RNaseP,valid,tmRNA_Porp.ging._TRW-242619_1-407
RNaseP,valid,tmRNA_Stre.scab._TRW-1883_1-402
RNaseP,valid,tmRNA_Trep.pall._TRW-243276_1-354
RNaseP,valid,tmRNA_Urea.parv._AE002154_1-413
RNaseP,valid,tmRNA_Woli.succ._BX571661_1-369
RNaseP,valid,tmRNA_envi.sequ._TRW-356-1_1-289
RNaseP,valid,tmRNA_uncu.bact._TRW-383630-1_1-364
RNaseP,valid,tmRNA_uncu.bact._TRW-45456_1-408
grp1,test,grp1_a.I1.b.Dermocarpa.sp.ATCC29371.C3.tMET
grp1,test,grp1_a.I1.b.Phormidium.sp.N182.C3.tLEU
grp1,test,grp1_a.I1.b.S.hofmanii.C3.tMET
grp1,test,grp1_a.I1.b.Synechococcus.sp2.C3.tLEU
grp1,test,grp1_a.I1.c.A.cherimola.C3.tLEU
grp1,test,grp1_a.I1.c.G.prostrata.C3.tLEU
grp1,test,grp1_a.I1.c.S.bicolor.C3.tLEU
grp1,test,grp1_a.I1.e.A.adeninivorans.C1.LSU.2449
grp1,test,grp1_a.I1.e.A.capsulatus.CBS213.53.C1.SSU.943
grp1,test,grp1_a.I1.e.A.capsulatus.FLs1.C1.SSU
grp1,test,grp1_a.I1.e.A.capsulatus.G184B.C1.SSU
grp1,test,grp1_a.I1.e.A.capsulatus.G186B.C1.SSU
grp1,test,grp1_a.I1.e.A.stipitatus.C1.SSU.1046
grp1,test,grp1_a.I1.e.B.ciliata.JCM6865.C1.SSU.1506
grp1,test,grp1_a.I1.e.B.ciliata.JCM6865.C1.SSU.943
grp1,test,grp1_a.I1.e.B.yamatoana.JCM2896.C1.SSU.1506
grp1,test,grp1_a.I1.e.B.yamatoana.JCM2896.C1.SSU.943
grp1,test,grp1_a.I1.e.C.ellipsoidea.211-1a.C1.SSU.1506
grp1,test,grp1_a.I1.e.C.ellipsoidea.IAMC-87.C1.SSU.1506
grp1,test,grp1_a.I1.e.C.grayi.UNK.SSU.1046
grp1,test,grp1_a.I1.e.C.grayi.UNK.SSU.1516
grp1,test,grp1_a.I1.e.C.merochlorophea.UNK.SSU.1046
grp1,test,grp1_a.I1.e.C.merochlorophea.UNK.SSU.1210
grp1,test,grp1_a.I1.e.C.merochlorophea.UNK.SSU.1389
grp1,test,grp1_a.I1.e.C.merochlorophea.UNK.SSU.1516
grp1,test,grp1_a.I1.e.C.saccatum.C1.SSU.1512
grp1,test,grp1_a.I1.e.C.saxonicum.C1.SSU.1506
grp1,test,grp1_a.I1.e.D.parva.C1.SSU.1512
grp1,test,grp1_a.I1.e.D.parva.C1.SSU.943
grp1,test,grp1_a.I1.e.D.salina.C1.SSU.943
grp1,test,grp1_a.I1.e.E.dermatitidis.C1.SSU.943
grp1,test,grp1_a.I1.e.G.planctonica.C1.SSU.943
grp1,test,grp1_a.I1.e.G.spirotaenia.C1.SSU.1506
grp1,test,grp1_a.I1.e.L.dispersa.UNK.SSU.1046
grp1,test,grp1_a.I1.e.L.dispersa.UNK.SSU.114
grp1,test,grp1_a.I1.e.L.dispersa.UNK.SSU.1210
grp1,test,grp1_a.I1.e.L.dispersa.UNK.SSU.1516
grp1,test,grp1_a.I1.e.L.dispersa.UNK.SSU.287
grp1,test,grp1_a.I1.e.L.dispersa.UNK.SSU.516
grp1,test,grp1_a.I1.e.L.dispersa.UNK.SSU.789
grp1,test,grp1_a.I1.e.M.caldariorum.C1.SSU.1506
grp1,test,grp1_a.I1.e.P.carinii.C1.SSU.1506
grp1,test,grp1_a.I1.e.P.carinii.Pc1.C1.LSU.1921
grp1,test,grp1_a.I1.e.P.carinii.Pc2.C1.LSU.1921
grp1,test,grp1_a.I1.e.P.carinii.Pc3.C1.LSU.1921
grp1,test,grp1_a.I1.e.P.clavariiformis.C1.SSU.943
grp1,test,grp1_a.I1.e.P.inouyei.C1.SSU.1506
grp1,test,grp1_a.I1.e.P.inouyei.C1.SSU.943
grp1,test,grp1_a.I1.e.P.macrosporus.C1.SSU.1506
grp1,test,grp1_a.I1.e.P.macrosporus.C1.SSU.943
grp1,test,grp1_a.I1.e.P.pachydermus.C1.SSU.943
grp1,test,grp1_a.I1.e.P.sarcinoidea.C1.SSU.943
grp1,test,grp1_a.I1.e.S.granulatum.C1.SSU.1506
grp1,test,grp1_a.I1.e.S.paniceum.UNK.SSU.1052
grp1,test,grp1_a.I1.e.S.paniceum.UNK.SSU.114
grp1,test,grp1_a.I1.e.S.paniceum.UNK.SSU.1210
grp1,test,grp1_a.I1.e.S.paniceum.UNK.SSU.1506
grp1,test,grp1_a.I1.e.S.paniceum.UNK.SSU.287
grp1,test,grp1_a.I1.e.S.sclerotiorum_1837.C1.LSU.798
grp1,test,grp1_a.I1.e.Staurastrum.sp.M752.C1.SSU.1506
grp1,test,grp1_a.I1.e.Staurastrum.sp.M753.C1.SSU.1506
grp1,test,grp1_a.I1.e.T.cosmopolitanis.C1.LSU.1925
grp1,test,grp1_a.I1.e.T.hyperangularis.C1.LSU.1925
grp1,test,grp1_a.I1.e.T.malaccensis.C1.LSU.1925
grp1,test,grp1_a.I1.e.T.pigmentosa.C1.LSU.1925
grp1,test,grp1_a.I1.e.U.maydis.C1.SSU.943
grp1,test,grp1_a.I1.m.M.grisea.B2.ND1
grp1,test,grp1_a.I1.m.S.luteus.A1.LSU.2504
grp1,test,grp1_a.I1.m.S.pombe.B1.OX1
grp1,test,grp1_b.I1.e.C.saccharophila.C1.SSU.156
grp1,test,grp1_b.I1.e.M.anisopliae.2.C1.LSU.1921
grp1,test,grp1_b.I1.e.M.anisopliae.3.C1.LSU.1921
grp1,test,grp1_b.I1.e.T.thermophila.C1.LSU.1925
grp1,test,grp1_s.I1.e.T.thermophila.C1.LSU.1925.schem
grp1,train,16s_A.fulgidus_domain2
grp1,train,16s_A.fulgidus_domain3
grp1,train,16s_A.pyrophilus_domain2
grp1,train,16s_A.pyrophilus_domain4
grp1,train,16s_B.burgdorferi_domain2
grp1,train,16s_B.burgdorferi_domain3
grp1,train,16s_B.burgdorferi_domain4
grp1,train,16s_B.subtilis_domain2
grp1,train,16s_B.subtilis_domain3
grp1,train,16s_C.elegans_domain1
grp1,train,16s_C.elegans_domain2
grp1,train,16s_C.elegans_domain3
grp1,train,16s_C.elegans_domain4
grp1,train,16s_C.psittaci_domain2
grp1,train,16s_C.psittaci_domain3
grp1,train,16s_C.psittaci_domain4
grp1,train,16s_C.reinhardtii.chloro_domain2
grp1,train,16s_C.reinhardtii.chloro_domain4
grp1,train,16s_C.reinhardtii.mito_domain3
grp1,train,16s_C.reinhardtii.mito_domain4
grp1,train,16s_D.melanogaster_domain4
grp1,train,16s_E.coli_domain2
grp1,train,16s_E.coli_domain3
grp1,train,16s_E.coli_domain4
grp1,train,16s_F.ananassa_domain3
grp1,train,16s_F.ananassa_domain4
grp1,train,16s_G.intestinalis_domain1
grp1,train,16s_G.intestinalis_domain2
grp1,train,16s_G.intestinalis_domain3
grp1,train,16s_H.sapiens.mito_domain1
grp1,train,16s_H.sapiens.mito_domain2
grp1,train,16s_H.sapiens_domain3
grp1,train,16s_H.sapiens_domain4
grp1,train,16s_H.volcanii_domain1
grp1,train,16s_H.volcanii_domain2
grp1,train,16s_H.volcanii_domain3
grp1,train,16s_H.volcanii_domain4
grp1,train,16s_M.polymorpha_domain2
grp1,train,16s_M.polymorpha_domain3
grp1,train,16s_M.polymorpha_domain4
grp1,train,16s_P.occultum_domain2
grp1,train,16s_P.occultum_domain3
grp1,train,16s_P.occultum_domain4
grp1,train,16s_P.staleyi_domain3
grp1,train,16s_P.staleyi_domain4
grp1,train,16s_S.cerevisiae_domain3
grp1,train,16s_S.cerevisiae_domain4
grp1,train,16s_T.gondii_domain4
grp1,train,16s_T.maritima_domain4
grp1,train,16s_Z.mays_domain2
grp1,train,16s_Z.mays_domain3
grp1,train,16s_Z.mays_domain4
grp1,train,23s_B.subtilis_domain3
grp1,train,23s_B.subtilis_domain6
grp1,train,23s_E.coli_domain3
grp1,train,23s_E.coli_domain4
grp1,train,23s_E.coli_domain6
grp1,train,23s_H.pylori_domain3
grp1,train,23s_H.pylori_domain4
grp1,train,23s_H.pylori_domain6
grp1,train,23s_S.aureus_domain4
grp1,train,23s_S.aureus_domain6
grp1,train,23s_T.thermophilus_domain3
grp1,train,23s_T.thermophilus_domain4
grp1,train,5s_Ascaris-suum-1
grp1,train,5s_Ascobolus-immersus-1
grp1,train,5s_Asterias-vulgaris-1
grp1,train,5s_Aurelia_aurita-1
grp1,train,5s_Azospirillum-lipoferum-1
grp1,train,5s_Bacillus-amyloliquefaciens-1
grp1,train,5s_Brucella-suis-1
grp1,train,5s_Bursaphelenchus-xylophilus-1
grp1,train,5s_Candidatus-Phytoplasma-asteris-1
grp1,train,5s_Candidatus-Tremblaya-princeps-5
grp1,train,5s_Chlorella-pyrenoidosa-1
grp1,train,5s_Chlorobium-tepidum-1
grp1,train,5s_Clostridium-acetobutylicum-3
grp1,train,5s_Coxiella-burnetii-2
grp1,train,5s_Cryptococcus-laurentii-1
grp1,train,5s_Cryptomonas-paramecium-1
grp1,train,5s_Dehalococcoides-ethenogenes-1
grp1,train,5s_Desulfurococcus-mobilis-1
grp1,train,5s_Ehrlichia-ruminantium-1
grp1,train,5s_Erythromicrobium-hydrolyticum-1
grp1,train,5s_Erythromicrobium-ramosum-1
grp1,train,5s_Flectobacillus-major-1
grp1,train,5s_Fusarium-culmorum-6
grp1,train,5s_Fusobacterium-nucleatum-5
grp1,train,5s_Geobacillus-kaustophilus-7
grp1,train,5s_Gracilaria-compressa-2
grp1,train,5s_Halobacterium-sp.-2
grp1,train,5s_Halococcus-morrhuae-2
grp1,train,5s_Halorubrum-distributum-3
grp1,train,5s_Hyphomicrobium-vulgare-1
grp1,train,5s_Lactobacillus-johnsonii-1
grp1,train,5s_Lactococcus-lactis-2
grp1,train,5s_Loofah-witches-broom-phytoplasma-1
grp1,train,5s_Meloidogyne-arenaria-2
grp1,train,5s_Methanobrevibacter-ruminantium-1
grp1,train,5s_Methanosarcina-mazei-2
grp1,train,5s_Methanosarcina-vacuolata-1
grp1,train,5s_Methanospirillum-hungatei-1
grp1,train,5s_Methanothermococcus-thermolithotrophicus-1
grp1,train,5s_Mycoplasma-gallisepticum-4
grp1,train,5s_Mycoplasma-genitalium-1
grp1,train,5s_Mycoplasma-mobile-1
grp1,train,5s_Mycoplasma-sp.-2
grp1,train,5s_Nanoarchaeum-equitans-1
grp1,train,5s_Neurospora-crassa-12
grp1,train,5s_Neurospora-intermedia-1
grp1,train,5s_Notophthalmus-viridescens-1
grp1,train,5s_Oceanobacillus-iheyensis-4
grp1,train,5s_Paenibacillus-popilliae-1
grp1,train,5s_Paracentrotus-lividus-2
grp1,train,5s_Porphyra-yezoensis-1
grp1,train,5s_Pseudomonas-stutzeri-2
grp1,train,5s_Pyrenophora-graminea-1
grp1,train,5s_Pyrococcus-abyssi-1
grp1,train,5s_Pyrococcus-horikoshii-2
grp1,train,5s_Rhodobacter-sphaeroides-3
grp1,train,5s_Rhodopirellula-baltica-1
grp1,train,5s_Roseococcus-thiosulfatophilus-1
grp1,train,5s_Roseococcus-thiosulfatophilus-2
grp1,train,5s_Sandaracinobacter-sibiricus-1
grp1,train,5s_Silicibacter-pomeroyi-1
grp1,train,5s_Sphingomonas-ursincola-1
grp1,train,5s_Spirosoma-sp.-1
grp1,train,5s_Streptococcus-salivarius-1
grp1,train,5s_Sulfurococcus-mirabilis-1
grp1,train,5s_Thermomicrobium-roseum-1
grp1,train,5s_Thermotoga-sp.-3
grp1,train,5s_Thermus-aquaticus-1
grp1,train,5s_Thraustochytrium-visurgense-2
grp1,train,5s_Triticum-aestivum-1
grp1,train,5s_Ulva-pertusa-1
grp1,train,5s_Ureaplasma-urealyticum-3
grp1,train,5s_Verrucomicrobium-spinosum-1
grp1,train,5s_Vitreoscilla-stercoraria-1
grp1,train,5s_Wolbachia-endosymbiont-of-D.-melanogaster-1
grp1,train,5s_Wolbachia-pipientis-1
grp1,train,5s_Wolinella-succinogenes-1
grp1,train,5s_Xenopus-borealis-3
grp1,train,5s_Xylella-fastidiosa-2
grp1,train,5s_uncultured-euryarchaeote-37F11-1
grp1,train,RNaseP_A.eutrophus
grp1,train,RNaseP_B.bronchiseptica
grp1,train,RNaseP_B.pertussis
grp1,train,RNaseP_C.pneumoniae-CWL029
grp1,train,RNaseP_C.psittaci-R54
grp1,train,RNaseP_C.tepidum-g
grp1,train,RNaseP_CPA58
grp1,train,RNaseP_CPA61
grp1,train,RNaseP_CPB144
grp1,train,RNaseP_CPB7776
grp1,train,RNaseP_D.jeanneae
grp1,train,RNaseP_D.radiodurans-g
grp1,train,RNaseP_EM14b-11
grp1,train,RNaseP_EM14b-9
grp1,train,RNaseP_H.chlorum-partial
grp1,train,RNaseP_H.morrhuae
grp1,train,RNaseP_H.trapanicum
grp1,train,RNaseP_H.volcanii
grp1,train,RNaseP_Halobacterium-NRC1
grp1,train,RNaseP_K.polysporus
grp1,train,RNaseP_LGB21
grp1,train,RNaseP_LGB23
grp1,train,RNaseP_LGW17
grp1,train,RNaseP_M.barkeri
grp1,train,RNaseP_M.fermentans
grp1,train,RNaseP_M.hyopneumoniae
grp1,train,RNaseP_M.pneumoniae
grp1,train,RNaseP_Mxa1
grp1,train,RNaseP_N.gregoryi
grp1,train,RNaseP_N.olivacea-chloroplast
grp1,train,RNaseP_Nostoc-PCC7413
grp1,train,RNaseP_P.acanthamoebae
grp1,train,RNaseP_P.canadensis
grp1,train,RNaseP_P.gingivalis
grp1,train,RNaseP_P.guilliermondii
grp1,train,RNaseP_P.innocua
grp1,train,RNaseP_P.marinus-2
grp1,train,RNaseP_P.purpurea-chloroplast
grp1,train,RNaseP_P.strasburgensis
grp1,train,RNaseP_P.troglodytes
grp1,train,RNaseP_PF101
grp1,train,RNaseP_PS24
grp1,train,RNaseP_Prochlorococcus-NATL2
grp1,train,RNaseP_Pseudoanabaena-PCC6903
grp1,train,RNaseP_R.norvegicus
grp1,train,RNaseP_R.prowazekii
grp1,train,RNaseP_Rr327
grp1,train,RNaseP_S.faciem
grp1,train,RNaseP_S.fibuligera
grp1,train,RNaseP_S.lividans
grp1,train,RNaseP_S.pastorianus
grp1,train,RNaseP_S.polymorpha
grp1,train,RNaseP_S.pombe
grp1,train,RNaseP_S.pyogenes
grp1,train,RNaseP_S.solfataricus
grp1,train,RNaseP_S.unisporus
grp1,train,RNaseP_S.uvarum
grp1,train,RNaseP_S.versatilis
grp1,train,RNaseP_SM-A01
grp1,train,RNaseP_SM-A2539
grp1,train,RNaseP_SM-A3048
grp1,train,RNaseP_SM-A5888
grp1,train,RNaseP_SMB-B1
grp1,train,RNaseP_SMB-B2
grp1,train,RNaseP_SMB-B3
grp1,train,RNaseP_Synechocystis-PCC6308
grp1,train,RNaseP_T.celerAL1
grp1,train,RNaseP_T.littoralis
grp1,train,RNaseP_T.pallidum
grp1,train,RNaseP_T.roseum
grp1,train,RNaseP_T.syrichta
grp1,train,RNaseP_T.tumescens
grp1,train,RNaseP_T.volcanum
grp1,train,RNaseP_U.stansburiana
grp1,train,RNaseP_U.urealyticum
grp1,train,RNaseP_V.spinosum
grp1,train,RNaseP_Z.bailii
grp1,train,RNaseP_Z.rouxii
grp1,train,RNaseP_vHge2
grp1,train,RNaseP_vHge3-5
grp1,train,srp_Aero.pern._BA000002
grp1,train,srp_Ajel.caps._CV620298
grp1,train,srp_Ashb.goss._AE016819
grp1,train,srp_Baci.anth._AE017334
grp1,train,srp_Bdel.bact._BX842656
grp1,train,srp_Cand.glab._CR380957
grp1,train,srp_Cand.trop._GSP-294747
grp1,train,srp_Clav.lusi._GSP-306902
grp1,train,srp_Clos.novy._CP000382
grp1,train,srp_Cryp.parv._XM_626716
grp1,train,srp_Deba.hans._CR382138
grp1,train,srp_Desu.psyc._CR522870
grp1,train,srp_Ence.cuni._AL590449
grp1,train,srp_Enta.hist._AF487684
grp1,train,srp_Enta.terr._GSP-110771
grp1,train,srp_Giar.lamb._GSP-184922
grp1,train,srp_Hist.caps._GSP-278162
grp1,train,srp_Hype.buty._CP000493
grp1,train,srp_Kluy.lact._CR382126
grp1,train,srp_Lept.coll._AF006750
grp1,train,srp_List.mono._AE017262
grp1,train,srp_Lodd.elon._GSP-379508
grp1,train,srp_Meso.viri._AF166114
grp1,train,srp_Meth.ferv._S49762
grp1,train,srp_Meth.mari._CP000745
grp1,train,srp_Meth.volt._M22560
grp1,train,srp_Myco.hyop._AE017244
grp1,train,srp_Myco.spec._CP000580
grp1,train,srp_Nect.haem._GSP-71109
grp1,train,srp_Neur.cras._AL669999
grp1,train,srp_Onch.volv._BF727619
grp1,train,srp_Oryz.sati._AP008207
grp1,train,srp_Para.bras._EH655308
grp1,train,srp_Para.bras._GSP-121759
grp1,train,srp_Perk.mari._GSP-31276
grp1,train,srp_Pers.amer._X65992
grp1,train,srp_Phae.nodo._GSP-321614
grp1,train,srp_Phak.pach._GSP-170000-2
grp1,train,srp_Phyt.soja._GSP-67593
grp1,train,srp_Pich.guil._GSP-294746
grp1,train,srp_Pich.stip._CP000502
grp1,train,srp_Plas.falc._EF690554
grp1,train,srp_Plas.yoel._GSP-352914
grp1,train,srp_Pseu.syri._CP000058
grp1,train,srp_Psyc.arct._CP000082
grp1,train,srp_Psyc.ingr._CP000510
grp1,train,srp_Pyro.isla._CP000504
grp1,train,srp_Rhod.balt._BX294144
grp1,train,srp_Sacc.cere._U18916
grp1,train,srp_Sacc.para._BN000251
grp1,train,srp_Schi.pomb._AU010514
grp1,train,srp_Schi.pomb._Z99259
grp1,train,srp_Scle.scle._GSP-325569
grp1,train,srp_Shig.flex._AE016979
grp1,train,srp_Sorg.bico._BE594178
grp1,train,srp_Spra.loph._GSP-51541
grp1,train,srp_Stap.epid._AX145149
grp1,train,srp_Stre.coel._AL939118
grp1,train,srp_Stre.pyog._AM295007
grp1,train,srp_Stre.sang._CP000387
grp1,train,srp_Synt.wolf._CP000448
grp1,train,srp_Taen.gutt._CK235759
grp1,train,srp_Tetr.ther._X56981
grp1,train,srp_Thal.pseu._GSP-296543
grp1,train,srp_Thei.parv._GSP-333668
grp1,train,srp_Ther.petr._CP000702
grp1,train,srp_Ther.volc._BA000011
grp1,train,srp_Toxo.gond._CO743022
grp1,train,srp_Toxo.gond._GSP-398031
grp1,train,srp_Trep.dent._AE017246
grp1,train,srp_Trep.pall._AE000520
grp1,train,srp_Trit.aest._CJ679223
grp1,train,srp_Trit.aest._X13915
grp1,train,srp_Tryp.viva._SDB-5699
grp1,train,srp_Vibr.vuln._BA000037
grp1,train,srp_Xant.camp._AM039952
grp1,train,srp_Xeno.laev._X01055
grp1,train,srp_Yarr.lipo._X51658
grp1,train,srp_Yers.pseu._CP000720
grp1,train,srp_Zymo.mobi._AF203881
grp1,train,tRNA_tdbR00000009-Escherichia_coli-562-Ala-VGC
grp1,train,tRNA_tdbR00000013-Pichia_jadinii-4903-Ala-IGC
grp1,train,tRNA_tdbR00000034-Mesocricetus_auratus-10036-Asp-GUC
grp1,train,tRNA_tdbR00000046-Escherichia_coli-562-Glu-SUC
grp1,train,tRNA_tdbR00000069-Synechococcus_sp._PCC_7002-32049-Phe-GAA
grp1,train,tRNA_tdbR00000074-Tetrahymena_pyriformis-5908-Phe-GAA
grp1,train,tRNA_tdbR00000078-Ascaris_suum-6253-Phe-GAA
grp1,train,tRNA_tdbR00000104-Enterobacteria_phage_T4-10665-Gly-NCC
grp1,train,tRNA_tdbR00000114-Staphylococcus_epidermidis-1282-Gly-UCC
grp1,train,tRNA_tdbR00000124-Aedes_albopictus-7160-Gly-UCC
grp1,train,tRNA_tdbR00000126-Halocynthia_roretzi-7729-Gly-NCU
grp1,train,tRNA_tdbR00000127-Halocynthia_roretzi-7729-Gly-UCU
grp1,train,tRNA_tdbR00000167-Aedes_albopictus-7160-Ile-GAU
grp1,train,tRNA_tdbR00000168-Bos_taurus-9913-Ile-GAU
grp1,train,tRNA_tdbR00000169-Homo_sapiens-9606-Ile-GAU
grp1,train,tRNA_tdbR00000177-Mycoplasma_capricolum-2095-Lys-CUU
grp1,train,tRNA_tdbR00000184-Asterias_amurensis-7602-Lys-CUU
grp1,train,tRNA_tdbR00000189-Rattus_norvegicus-10116-Lys-NUU
grp1,train,tRNA_tdbR00000190-Bos_taurus-9913-Lys-NUU
grp1,train,tRNA_tdbR00000194-Triticum_aestivum-4565-Lys-CUU
grp1,train,tRNA_tdbR00000206-Loligo_bleekeri-6617-Lys-UUU
grp1,train,tRNA_tdbR00000210-Enterobacteria_phage_T5-10726-Leu-UAG
grp1,train,tRNA_tdbR00000211-Haloferax_volcanii-2246-Leu-CAA
grp1,train,tRNA_tdbR00000223-Salmonella_typhimurium-602-Leu-CAG
grp1,train,tRNA_tdbR00000237-Saccharomyces_cerevisiae-4932-Leu-AA
grp1,train,tRNA_tdbR00000245-Rattus_norvegicus-10116-Leu-UAG
grp1,train,tRNA_tdbR00000246-Bos_taurus-9913-Leu-NAA
grp1,train,tRNA_tdbR00000247-Bos_taurus-9913-Leu-UAG
grp1,train,tRNA_tdbR00000263-Rattus_norvegicus-10116-Leu-AA
grp1,train,tRNA_tdbR00000266-Bos_taurus-9913-Leu-AA
grp1,train,tRNA_tdbR00000280-Saccharomyces_cerevisiae-4932-Met-CAU
grp1,train,tRNA_tdbR00000282-Ascaris_suum-6253-Met-AU
grp1,train,tRNA_tdbR00000283-Gallus_gallus-9031-Met-AU
grp1,train,tRNA_tdbR00000290-Enterobacteria_phage_T5-10726-Asn-GUU
grp1,train,tRNA_tdbR00000318-Salmonella_typhimurium-602-Pro-GGG
grp1,train,tRNA_tdbR00000321-Saccharomyces_cerevisiae-4932-Pro-UGG
grp1,train,tRNA_tdbR00000328-Enterobacteria_phage_T5-10726-Gln-UUG
grp1,train,tRNA_tdbR00000334-Hordeum_vulgare-4513-Gln-UG
grp1,train,tRNA_tdbR00000335-Nicotiana_rustica-4093-Gln-NUG
grp1,train,tRNA_tdbR00000345-Homo_sapiens-9606-Gln-NUG
grp1,train,tRNA_tdbR00000347-Enterobacteria_phage_T4-10665-Arg-NCU
grp1,train,tRNA_tdbR00000359-Escherichia_coli-562-Arg-CCG
grp1,train,tRNA_tdbR00000363-Ascaris_suum-6253-Arg-PCU
grp1,train,tRNA_tdbR00000364-Ascaris_suum-6253-Arg-ACG
grp1,train,tRNA_tdbR00000365-Aedes_albopictus-7160-Arg-UCG
grp1,train,tRNA_tdbR00000366-Rattus_norvegicus-10116-Arg-UCG
grp1,train,tRNA_tdbR00000367-Bos_taurus-9913-Arg-UCG
grp1,train,tRNA_tdbR00000395-Saccharomyces_cerevisiae-4932-Ser-GCU
grp1,train,tRNA_tdbR00000397-Saccharomyces_cerevisiae-4932-Ser-UGA
grp1,train,tRNA_tdbR00000398-Ascaris_suum-6253-Ser-UCU
grp1,train,tRNA_tdbR00000406-Saccharomyces_cerevisiae-4932-Ser-NGA
grp1,train,tRNA_tdbR00000440-Neurospora_crassa-5141-Thr-UGU
grp1,train,tRNA_tdbR00000460-Aedes_albopictus-7160-Val-UAC
grp1,train,tRNA_tdbR00000461-Rattus_norvegicus-10116-Val-UAC
grp1,train,tRNA_tdbR00000462-Rattus_norvegicus-10116-Val-UAC
grp1,train,tRNA_tdbR00000463-Bos_taurus-9913-Val-UAC
grp1,train,tRNA_tdbR00000489-Neurospora_crassa-5141-Trp-NCA
grp1,train,tRNA_tdbR00000492-Rattus_norvegicus-10116-Trp-NCA
grp1,train,tRNA_tdbR00000493-Bos_taurus-9913-Trp-NCA
grp1,train,tRNA_tdbR00000494-Saccharomyces_cerevisiae-4932-Trp-BCA
grp1,train,tRNA_tdbR00000518-Saccharomyces_cerevisiae-4932-Ini-CAU
grp1,train,tRNA_tdbR00000520-Aedes_albopictus-7160-Ini-CAU
grp1,train,tRNA_tdbR00000522-Bos_taurus-9913-Ini-AU
grp1,train,tRNA_tdbR00000549-Tetrahymena_pyriformis-5908-Tyr-QUA
grp1,train,tRNA_tdbR00000551-Saccharomyces_cerevisiae-4932-Tyr-GUA
grp1,train,tRNA_tdbR00000556-Schizosaccharomyces_pombe-4896-Tyr-GPA
grp1,train,tRNA_tdbR00000572-Leishmania_tarentolae-5689-Lys-1UU
grp1,train,tRNA_tdbR00000573-Leishmania_tarentolae-5689-Gln-3UG
grp1,train,tRNA_tdbR00000578-Leishmania_tarentolae-5689-Glu-3UC
grp1,train,tRNA_tdbR00000590-Ascaris_suum-6253-Glu-UC
grp1,train,tRNA_tdbR00000591-Ascaris_suum-6253-Lys-UU
grp1,train,tRNA_tdbR00000593-Ascaris_suum-6253-Trp-CA
grp1,train,tRNA_tdbR00000595-Escherichia_coli-562-Leu-BAA
grp1,train,tRNA_tdbR00000609-Chlamydomonas_reinhardtii-3055-Leu-UA7
grp1,train,tRNA_tdbR00000611-Sinorhizobium_meliloti-382-His-GUG
grp1,train,tRNA_tdbR00000618-Candida_albicans-5476-Leu-CAG
grp1,train,tRNA_tdbR00000619-Toxoplasma_gondii-5811-Met-CAU
grp1,train,tRNA_tdbR00000620-Toxoplasma_gondii-5811-Ini-CAU
grp1,train,tRNA_tdbR00000621-Nicotiana_rustica-4093-Cys-GCA
grp1,train,tRNA_tdbR00000622-Nicotiana_rustica-4093-Cys-GCA
grp1,train,telomerase_AF147806.247-692
grp1,train,telomerase_AF221906.96-545
grp1,train,telomerase_AF221910.112-554
grp1,train,telomerase_AF221911.104-513
grp1,train,telomerase_AF221912.98-564
grp1,train,telomerase_AF221913.109-520
grp1,train,telomerase_AF221914.112-589
grp1,train,telomerase_AF221916.94-481
grp1,train,telomerase_AF221917.99-542
grp1,train,telomerase_AF221919.107-614
grp1,train,telomerase_AF221920.99-541
grp1,train,telomerase_AF221921.98-548
grp1,train,telomerase_AF221923.106-554
grp1,train,telomerase_AF221924.105-538
grp1,train,telomerase_AF221926.103-507
grp1,train,telomerase_AF221927.113-556
grp1,train,telomerase_AF221928.95-476
grp1,train,telomerase_AF221929.92-517
grp1,train,telomerase_AF221931.99-541
grp1,train,telomerase_AF221932.102-549
grp1,train,telomerase_AF221934.121-565
grp1,train,telomerase_AF221935.112-602
grp1,train,telomerase_AF221936.98-540
grp1,train,telomerase_AF221937.99-545
grp1,train,telomerase_AF221939.99-544
grp1,train,telomerase_AY058901.1-397
grp1,train,telomerase_AY312571.605-1069
grp1,train,telomerase_U85256.1-451
grp1,train,tmRNA_Acid.ferr._TRW-243159_1-364
grp1,train,tmRNA_Acin.spec._CR543861_1-360
grp1,train,tmRNA_Baci.G._TRW-12333_1-312
grp1,train,tmRNA_Bact.mari._TRW-97084_1-385
grp1,train,tmRNA_Bdel.bact._BX842656_1-346
grp1,train,tmRNA_Bloc.penn._CP000016_1-392
grp1,train,tmRNA_Bord.pert._TRW-257313_1-387
grp1,train,tmRNA_Borr.gari._CP000013_1-363
grp1,train,tmRNA_Cald.sacc._TRW-351627_1-368
grp1,train,tmRNA_Camp.fetu._AY211269_1-361
grp1,train,tmRNA_Carn.malt._AF275938_1-366
grp1,train,tmRNA_Chla.trac._TRW-813-2_1-420
grp1,train,tmRNA_Chlo.tepi._TRW-194439_1-404
grp1,train,tmRNA_Chro.viol._AE016825_1-365
grp1,train,tmRNA_Clos.ther._TRW-203119_1-387
grp1,train,tmRNA_Cyan.cald._AF022186_1-254
grp1,train,tmRNA_Cyan.mero._TRW-45157_1-236
grp1,train,tmRNA_Dict.ther._TRW-14_1-350
grp1,train,tmRNA_Emil.huxl._TRW-280463_1-291
grp1,train,tmRNA_Fran.tula._CP000437_1-421
grp1,train,tmRNA_Gemm.obsc._TRW-214688_1-412
grp1,train,tmRNA_Grac.tenu._AY673996_1-396
grp1,train,tmRNA_Guil.thet._TRW-55529_1-330
grp1,train,tmRNA_Heli.pylo._TRW-85963_1-386
grp1,train,tmRNA_Jako.libe._TRW-143017_1-102
grp1,train,tmRNA_Lact.john._TRW-257314_1-367
grp1,train,tmRNA_Lact.sake._TRW-314315_1-370
grp1,train,tmRNA_List.wels._AF440351_1-321
grp1,train,tmRNA_Magn.spec._CP000471_1-366
grp1,train,tmRNA_Meso.flor._AE017263_1-408
grp1,train,tmRNA_Meso.viri._AF166114_1-359
grp1,train,tmRNA_Mora.cata._AX067460_1-359
grp1,train,tmRNA_Myco.Bxz1._AY129337_1-437
grp1,train,tmRNA_Myco.arth._TRW-243272_1-394
grp1,train,tmRNA_Myco.gall._AE015450_1-408
grp1,train,tmRNA_Myco.geni._U39713_1-385
grp1,train,tmRNA_Myco.myco._BX842642_1-411
grp1,train,tmRNA_Myco.pene._BA000026_1-405
grp1,train,tmRNA_Myxo.xant._TRW-34_1-366
grp1,train,tmRNA_Neph.oliv._AF137379-2_1-327
grp1,train,tmRNA_Nitr.ocea._CP000127_1-361
grp1,train,tmRNA_Ocea.ihey._BA000028_1-364
grp1,train,tmRNA_Oeno.oeni._TRW-203123_1-350
grp1,train,tmRNA_Onio.yell._AP006628_1-423
grp1,train,tmRNA_Para.symb._BX908798_1-405
grp1,train,tmRNA_Pelo.carb._CP000142_1-358
grp1,train,tmRNA_Phot.prof._CR378665_1-368
grp1,train,tmRNA_Porp.purp._TRW-2787_1-323
grp1,train,tmRNA_Prev.rumi._TRW-264731_1-401
grp1,train,tmRNA_Prop.acne._TRW-1747-3_1-353
grp1,train,tmRNA_Pseu.atla._CP000388_1-357
grp1,train,tmRNA_Rhod.balt._BX294141_1-380
grp1,train,tmRNA_Rubr.gela._TRW-279263_1-372
grp1,train,tmRNA_Rumi.albu._TRW-246199_1-354
grp1,train,tmRNA_Sacc.degr._CP000282_1-389
grp1,train,tmRNA_Spir.kunk._TRW-273035_1-424
grp1,train,tmRNA_Stre.scab._TRW-1883_1-402
grp1,train,tmRNA_Syne.spec._AB003477_1-394
grp1,train,tmRNA_Syne.spec._TRW-32049_1-396
grp1,train,tmRNA_Synt.acid._CP000252_1-356
grp1,train,tmRNA_Tann.fors._TRW-203275_1-400
grp1,train,tmRNA_Ther.rose._TRW-309801_1-353
grp1,train,tmRNA_Ther.teng._AE013063_1-351
grp1,train,tmRNA_Thio.deni._CP000116_1-367
grp1,train,tmRNA_Trem.prin._AF481102_1-264
grp1,train,tmRNA_Trep.pall._TRW-243276_1-354
grp1,train,tmRNA_Urea.parv._AE002154_1-413
grp1,train,tmRNA_Woli.succ._BX571661_1-369
grp1,train,tmRNA_envi.sequ._TRW-2-1_1-365
grp1,train,tmRNA_envi.sequ._TRW-204433_1-356
grp1,train,tmRNA_envi.sequ._TRW-300695-2_1-345
grp1,train,tmRNA_envi.sequ._TRW-32045-3_1-350
grp1,train,tmRNA_envi.sequ._TRW-356-1_1-289
grp1,train,tmRNA_uncu.bact._TRW-135621-1_1-397
grp1,train,tmRNA_uncu.bact._TRW-32033-1_1-354
grp1,train,tmRNA_uncu.bact._TRW-45456_1-408
grp1,train,tmRNA_uncu.bact._TRW-72274-1_1-359
grp1,train,tmRNA_uncu.bact._TRW-72274-2_1-359
grp1,train,tmRNA_uncu.bact._TRW-80840-3_1-379
grp1,train,tmRNA_uncu.mari._TRW-363180_1-347
grp1,valid,16s_A.fulgidus_domain4
grp1,valid,16s_B.subtilis_domain4
grp1,valid,16s_C.reinhardtii.chloro_domain1
grp1,valid,16s_C.reinhardtii.chloro_domain3
grp1,valid,16s_C.reinhardtii.mito_domain1
grp1,valid,16s_C.reinhardtii.mito_domain2
grp1,valid,16s_G.intestinalis_domain4
grp1,valid,16s_H.sapiens.mito_domain3
grp1,valid,16s_H.sapiens.mito_domain4
grp1,valid,16s_P.staleyi_domain2
grp1,valid,16s_T.gondii_domain3
grp1,valid,16s_T.maritima_domain2
grp1,valid,16s_T.maritima_domain3
grp1,valid,16s_Z.mays_domain1
grp1,valid,23s_B.subtilis_domain4
grp1,valid,23s_S.aureus_domain3
grp1,valid,23s_T.thermophilus_domain6
grp1,valid,5s_Andrias-davidianus-1
grp1,valid,5s_Bacteroides-capillosus-1
grp1,valid,5s_Bacteroides-fragilis-5
grp1,valid,5s_Buchnera-aphidicola-1
grp1,valid,5s_Chlamydia-trachomatis-1
grp1,valid,5s_Drosophila-melanogaster-2
grp1,valid,5s_Erythromicrobium-ezovicum-1
grp1,valid,5s_Filobasidiella-depauperata-1
grp1,valid,5s_Limulus-polyphemus-1
grp1,valid,5s_Methanopyrus-kandleri-1
grp1,valid,5s_Mycoplasma-pulmonis-1
grp1,valid,5s_Onchocerca-volvulus-1
grp1,valid,5s_Plasmodium-falciparum-1
grp1,valid,5s_Porphyromonas-gingivalis-2
grp1,valid,5s_Rhodococcus-fascians-2
grp1,valid,5s_Streptomyces-coelicolor-5
grp1,valid,5s_Streptomyces-violaceus-1
grp1,valid,5s_Sulfolobus-tokodaii-1
grp1,valid,5s_Thermoplasma-volcanium-1
grp1,valid,5s_Trichoplax-adhaerens-1
grp1,valid,RNaseP_A.telluris
grp1,valid,RNaseP_Anabaena-PCC7120
grp1,valid,RNaseP_CPB149
grp1,valid,RNaseP_L.weilii
grp1,valid,RNaseP_M.vannielli
grp1,valid,RNaseP_P.cultripes
grp1,valid,RNaseP_P.mississippiensis
grp1,valid,RNaseP_R.americana-mito
grp1,valid,RNaseP_R.palustris
grp1,valid,RNaseP_R.rubrum
grp1,valid,RNaseP_Rr368
grp1,valid,RNaseP_S.dairensis
grp1,valid,RNaseP_S.globosus
grp1,valid,RNaseP_Saccharomonospora-K180
grp1,valid,RNaseP_Synechocystis-PCC6803
grp1,valid,RNaseP_T.delbrueckii
grp1,valid,RNaseP_T.thioparus
grp1,valid,RNaseP_W.fluorescens
grp1,valid,RNaseP_Y.pestis
grp1,valid,RNaseP_Z.florentinus
grp1,valid,srp_Citr.sine._CN181544
grp1,valid,srp_Dict.disc._BJ360333
grp1,valid,srp_Gald.sulp._GSP-130081
grp1,valid,srp_Gibb.zeae._GSP-229533
grp1,valid,srp_Halo.halo._CP000544
grp1,valid,srp_Kluy.yarr._479647571
grp1,valid,srp_Myco.hyop._AE017243
grp1,valid,srp_Myco.spec._CP000384
grp1,valid,srp_Oxyt.trif._GSP-99928
grp1,valid,srp_Phyt.infe._CV911012
grp1,valid,srp_Podo.anse._GSP-5145
grp1,valid,srp_Sacc.kluy._SKAA0027M04.b1
grp1,valid,srp_Shew.balt._CP000753
grp1,valid,srp_Sola.tube._DR037646
grp1,valid,srp_Ther.mela._CP000716
grp1,valid,srp_Ther.teng._AE012978
grp1,valid,srp_Tric.rees._GSP-334564-1
grp1,valid,srp_Trit.aest._BE424647
grp1,valid,srp_Unci.rees._GSP-336963
grp1,valid,srp_Zygo.roux._BN000170
grp1,valid,tRNA_tdbR00000080-Bos_taurus-9913-Phe-GAA
grp1,valid,tRNA_tdbR00000128-Halocynthia_roretzi-7729-Gly-GCU
grp1,valid,tRNA_tdbR00000143-Asterias_amurensis-7602-His-QUG
grp1,valid,tRNA_tdbR00000149-Homo_sapiens-9606-His-GUG
grp1,valid,tRNA_tdbR00000174-Mus_musculus-10090-Ile-IAU
grp1,valid,tRNA_tdbR00000191-Mesocricetus_auratus-10036-Lys-NUU
grp1,valid,tRNA_tdbR00000244-Rattus_norvegicus-10116-Leu-UAG
grp1,valid,tRNA_tdbR00000251-Saccharomyces_cerevisiae-4932-Leu-UAA
grp1,valid,tRNA_tdbR00000325-Pichia_jadinii-4903-Pro-GG
grp1,valid,tRNA_tdbR00000350-Haloferax_volcanii-2246-Arg-GCG
grp1,valid,tRNA_tdbR00000381-Haloferax_volcanii-2246-Ser-GCU
grp1,valid,tRNA_tdbR00000399-Aedes_albopictus-7160-Ser-GCU
grp1,valid,tRNA_tdbR00000400-Loligo_bleekeri-6617-Ser-7CU
grp1,valid,tRNA_tdbR00000409-Candida_cylindracea-44322-Ser-CAG
grp1,valid,tRNA_tdbR00000414-Lupinus_luteus-3873-Ser-CGA
grp1,valid,tRNA_tdbR00000517-Neurospora_crassa-5141-Ini-CAU
grp1,valid,tRNA_tdbR00000580-Aeropyrum_pernix-56636-Lys-UUU
grp1,valid,tRNA_tdbR00000581-Aeropyrum_pernix-56636-Lys-CUU
grp1,valid,tRNA_tdbR00000583-Aeropyrum_pernix-56636-Cys-GCA
grp1,valid,tRNA_tdbR00000594-Ascaris_suum-6253-Leu-AA
grp1,valid,telomerase_AC121792.109554-109950
grp1,valid,telomerase_AF221908.136-584
grp1,valid,telomerase_AF221909.98-496
grp1,valid,telomerase_AF221918.97-547
grp1,valid,telomerase_AF221925.98-540
grp1,valid,telomerase_AF221930.94-546
grp1,valid,telomerase_AF221940.103-499
grp1,valid,tmRNA_Acid.ferr._TRW-920_1-341
grp1,valid,tmRNA_Bifi.long._TRW-206672_1-397
grp1,valid,tmRNA_Bloc.flor._BX248583_1-393
grp1,valid,tmRNA_Desu.psyc._CR522870_1-366
grp1,valid,tmRNA_Geob.sulf._AE017180_1-356
grp1,valid,tmRNA_Heli.hepa._AE017125_1-369
grp1,valid,tmRNA_Laws.intr._AM180252_1-376
grp1,valid,tmRNA_Legi.pneu._CR628337_1-406
grp1,valid,tmRNA_Leif.xyli._AE016822_1-394
grp1,valid,tmRNA_Myco.hyop._TRW-295358_1-424
grp1,valid,tmRNA_Porp.ging._TRW-242619_1-407
grp1,valid,tmRNA_Stre.coll._AY485228_1-386
grp1,valid,tmRNA_Thal.weis._AF049491_1-348
grp1,valid,tmRNA_Ther.elon._BA000039_1-386
grp1,valid,tmRNA_Trop.whip._BX251411_1-369
grp1,valid,tmRNA_Verr.spin._TRW-240016_1-356
grp1,valid,tmRNA_envi.sequ._TRW-259292_1-355
grp1,valid,tmRNA_envi.sequ._TRW-351057-3_1-355
grp1,valid,tmRNA_uncu.bact._TRW-32045-4_1-369
grp1,valid,tmRNA_uncu.bact._TRW-383630-1_1-364
srp,test,srp_Acin.baum._CP000521
srp,test,srp_Acin.spec._CR543861
srp,test,srp_Acti.succ._CP000746
srp,test,srp_Aede.aegy._DW714804
srp,test,srp_Aede.aegy._DW714815
srp,test,srp_Aede.aegy._GSP-7159
srp,test,srp_Aero.pern._BA000002
srp,test,srp_Agro.tume._AE007869
srp,test,srp_Agro.tume._AE007951
srp,test,srp_Agro.tume._AE008984
srp,test,srp_Ajel.caps._CV620298
srp,test,srp_Alca.bork._AM286690
srp,test,srp_Alka.meta._CP000724
srp,test,srp_Anab.vari._CP000117
srp,test,srp_Anae.sp.._CP000769
srp,test,srp_Anap.marg._CP000030
srp,test,srp_Anop.gamb._CD747410
srp,test,srp_Anop.gamb._SDB-377271
srp,test,srp_Anto.locu._GSP-278021
srp,test,srp_Aply.cali._GSP-6500
srp,test,srp_Aqui.aeol._AE000657
srp,test,srp_Aqui.aeol._AE000759
srp,test,srp_Arab.tha._X55111
srp,test,srp_Arab.thal._AC005275
srp,test,srp_Arab.thal._AC005311
srp,test,srp_Arab.thal._AC005662
srp,test,srp_Arab.thal._AF069442
srp,test,srp_Arab.thal._AL161495
srp,test,srp_Arab.thal._AL161496
srp,test,srp_Arab.thal._X69901
srp,test,srp_Arab.thal._X72228
srp,test,srp_Arab.thal._X72229
srp,test,srp_Arch.fulg._AE000782
srp,test,srp_Arch.fulg._X17237
srp,test,srp_Arth.aure._CP000474
srp,test,srp_Arth.sp.._CP000454
srp,test,srp_Asco.apis._GSP-392613
srp,test,srp_Ashb.goss._AE016819
srp,test,srp_Aspe.clav._GSP-344612
srp,test,srp_Aspe.flav._GSP-332952
srp,test,srp_Aspe.fumi._GSP-41122
srp,test,srp_Aspe.nidu._GSP-227321
srp,test,srp_Aspe.oryz._AP007169
srp,test,srp_Aspe.terr._GSP-341663
srp,test,srp_Azoa.spec._AM406670
srp,test,srp_Azoa.spec._CR555306
srp,test,srp_Babe.bige._GSP-5866
srp,test,srp_Baci.alca._D11422
srp,test,srp_Baci.amyl._CP000560
srp,test,srp_Baci.amyl._D11416
srp,test,srp_Baci.amyl._D13041
srp,test,srp_Baci.anth._AE016879
srp,test,srp_Baci.anth._AE017024
srp,test,srp_Baci.anth._AE017225
srp,test,srp_Baci.anth._AE017334
srp,test,srp_Baci.brev._D14472
srp,test,srp_Baci.cere._AE016877
srp,test,srp_Baci.cere._AE016998
srp,test,srp_Baci.cere._AE017194
srp,test,srp_Baci.cere._AE017264
srp,test,srp_Baci.cere._CP000001
srp,test,srp_Baci.cere._CP000764
srp,test,srp_Baci.cere._D11413
srp,test,srp_Baci.circ._D11419
srp,test,srp_Baci.clau._AP006627
srp,test,srp_Baci.halo._BA000004
srp,test,srp_Baci.lich._AE017333
srp,test,srp_Baci.lich._CP000002
srp,test,srp_Baci.mace._D11420
srp,test,srp_Baci.mega._D11414
srp,test,srp_Baci.poly._D11421
srp,test,srp_Baci.pumi._D11415
srp,test,srp_Baci.spha._D11418
srp,test,srp_Baci.subt._D11417
srp,test,srp_Baci.subt._D26185
srp,test,srp_Baci.subt._X06802
srp,test,srp_Baci.subt._X06803
srp,test,srp_Baci.subt._X12642
srp,test,srp_Baci.subt._X14796
srp,test,srp_Baci.subt._Z99104
srp,test,srp_Baci.thur._AE017355
srp,test,srp_Baci.thur._CP000485
srp,test,srp_Baci.thur._D11412
srp,test,srp_Bart.hens._BX897699
srp,test,srp_Bart.quin._BX897700
srp,test,srp_Batr.dend._GSP-403673
srp,test,srp_Bdel.bact._BX842656
srp,test,srp_Bifi.adol._AP009256
srp,test,srp_Bifi.long._AE014295
srp,test,srp_Bifi.long._AX492782
srp,test,srp_Bloc.flor._BX248583
srp,test,srp_Bloc.flor._BX248585
srp,test,srp_Bord.aviu._AM167904
srp,test,srp_Bord.para._BX640426
srp,test,srp_Bord.pert._BX640415
srp,test,srp_Borr.afze._CP000395
srp,test,srp_Borr.burg._AE000783
srp,test,srp_Borr.burg._AE001151
srp,test,srp_Borr.gari._CP000013
srp,test,srp_Bos.taur._GSP-6282
srp,test,srp_Brad.japo._BA000040
srp,test,srp_Brad.spec._CP000494
srp,test,srp_Brad.spec._CU234118
srp,test,srp_Bran.flor._GSP-7739
srp,test,srp_Bras.napu._EE400505
srp,test,srp_Bras.napu._EE409827
srp,test,srp_Bras.napu._EE410150
srp,test,srp_Bras.napu._EE411027
srp,test,srp_Bras.napu._EE411352
srp,test,srp_Bras.napu._EE411418
srp,test,srp_Bras.napu._EE412262
srp,test,srp_Bras.napu._EE416381
srp,test,srp_Bras.napu._EE416873
srp,test,srp_Bras.napu._EE537348
srp,test,srp_Bras.oler._GSP-109376
srp,test,srp_Brev.brev._D12926
srp,test,srp_Bruc.abor._AE017223
srp,test,srp_Bruc.meli._AE009624
srp,test,srp_Bruc.meli._AM040264
srp,test,srp_Bruc.ovis._CP000708
srp,test,srp_Bruc.suis._AE014291
srp,test,srp_Brug.mala._GSP-6279
srp,test,srp_Buch.aphi._AE013218
srp,test,srp_Buch.aphi._AE014017
srp,test,srp_Buch.aphi._AE014122
srp,test,srp_Buch.aphi._AE016826
srp,test,srp_Buch.aphi._BA000003
srp,test,srp_Burk.ceno._CP000380
srp,test,srp_Burk.ceno._CP000458
srp,test,srp_Burk.cepa._CP000440
srp,test,srp_Burk.mall._CP000010
srp,test,srp_Burk.mall._CP000526
srp,test,srp_Burk.mall._CP000546
srp,test,srp_Burk.mall._CP000548
srp,test,srp_Burk.pseu._CP000124
srp,test,srp_Burk.pseu._CP000570
srp,test,srp_Burk.pseu._CP000572
srp,test,srp_Burk.spec._CP000151
srp,test,srp_Caen.brig._AC084446
srp,test,srp_Caen.eleg._AY948606
srp,test,srp_Caen.eleg._AY948607
srp,test,srp_Caen.eleg._AY948608
srp,test,srp_Caen.eleg._U41993
srp,test,srp_Caen.eleg._Z30973
srp,test,srp_Caen.eleg._Z34533
srp,test,srp_Caen.rema._GSP-31234
srp,test,srp_Call.jacc._GSP-9483
srp,test,srp_Camp.curv._CP000767
srp,test,srp_Camp.jeju._AL111168
srp,test,srp_Camp.jeju._AL139074
srp,test,srp_Camp.jeju._CP000025
srp,test,srp_Camp.jeju._CP000538
srp,test,srp_Camp.jeju._CP000768
srp,test,srp_Cand.Bloc._CP000016
srp,test,srp_Cand.albi._GSP-237561
srp,test,srp_Cand.dubl._GSP-42374
srp,test,srp_Cand.glab._CR380957
srp,test,srp_Cand.trop._GSP-294747
srp,test,srp_Cani.spec._SDB-9616
srp,test,srp_Carb.hydr._CP000141
srp,test,srp_Caul.cres._AE005673
srp,test,srp_Caul.cres._AE005700
srp,test,srp_Caul.cres._U22036
srp,test,srp_Caul.cres._U49738
srp,test,srp_Chae.glob._GSP-306901
srp,test,srp_Chla.abor._CR848038
srp,test,srp_Chla.cavi._AE015925
srp,test,srp_Chla.cavi._AE016995
srp,test,srp_Chla.muri._AE002160
srp,test,srp_Chla.muri._AE002321
srp,test,srp_Chla.pneu._AE001363
srp,test,srp_Chla.pneu._AE001624
srp,test,srp_Chla.pneu._AE002161
srp,test,srp_Chla.pneu._AE002198
srp,test,srp_Chla.pneu._BA000008
srp,test,srp_Chla.rein._SDB-3055
srp,test,srp_Chla.rein._X71484
srp,test,srp_Chla.trac._AE001298
srp,test,srp_Chla.trac._CP000051
srp,test,srp_Chlo.tepi._AE006470
srp,test,srp_Chlo.vulg._AB001684
srp,test,srp_Chro.sale._CP000285
srp,test,srp_Chro.viol._AE016825
srp,test,srp_Chro.viol._AE016918
srp,test,srp_Cion.inte._BW088710
srp,test,srp_Cion.inte._BW223536
srp,test,srp_Cion.inte._BW230361
srp,test,srp_Cion.inte._GSP-7719
srp,test,srp_Cion.savi._BW520975
srp,test,srp_Cion.savi._BW551179
srp,test,srp_Citr.sine._CN181543
srp,test,srp_Citr.sine._CN181544
srp,test,srp_Clav.lusi._GSP-306902
srp,test,srp_Clos.acet._AE001437
srp,test,srp_Clos.acet._AE007525
srp,test,srp_Clos.beij._CP000721
srp,test,srp_Clos.botu._AM412317
srp,test,srp_Clos.botu._CP000726
srp,test,srp_Clos.botu._CP000727
srp,test,srp_Clos.botu._CP000728
srp,test,srp_Clos.diff._AM180355
srp,test,srp_Clos.kluy._CP000673
srp,test,srp_Clos.novy._CP000382
srp,test,srp_Clos.perf._BA000016
srp,test,srp_Clos.perf._CP000246
srp,test,srp_Clos.perf._CP000312
srp,test,srp_Clos.perf._D49784
srp,test,srp_Clos.teta._AE015927
srp,test,srp_Clos.teta._AE015936
srp,test,srp_Clos.ther._CP000568
srp,test,srp_Cocc.immi._GSP-396776
srp,test,srp_Cocc.posa._GSP-222929
srp,test,srp_Colw.psyc._CP000083
srp,test,srp_Cory.diph._BX248354
srp,test,srp_Cory.effi._BA000035
srp,test,srp_Cory.glut._AP009044
srp,test,srp_Cory.glut._BA000036
srp,test,srp_Cory.glut._BX927148
srp,test,srp_Cory.jeik._CR931997
srp,test,srp_Coxi.burn._AE016828
srp,test,srp_Coxi.burn._CP000733
srp,test,srp_Crit.fasc._AY781797
srp,test,srp_Crit.luci._AY781798
srp,test,srp_Cryp.homi._GSP-353151
srp,test,srp_Cryp.parv._AA532232
srp,test,srp_Cryp.parv._XM_626716
srp,test,srp_Cyan.cald._AF022186
srp,test,srp_Cyan.mero._AB002583
srp,test,srp_Cyan.mero._AY286123
srp,test,srp_Cypr.carp._CF662133
srp,test,srp_Dani.reri._BX649540
srp,test,srp_Dani.reri._CR854846
srp,test,srp_Dani.reri._EH487580
srp,test,srp_Dani.reri._EH513970
srp,test,srp_Dani.rrer._BX469912
srp,test,srp_Dani.rrer._BX470258
srp,test,srp_Dani.rrer._CR925739
srp,test,srp_Dani.rrer._CU179657
srp,test,srp_Dasy.nove._GSP-9361
srp,test,srp_Deba.hans._CR382138
srp,test,srp_Dech.arom._CP000089
srp,test,srp_Dein.geot._CP000359
srp,test,srp_Dein.radi._AE000513
srp,test,srp_Dein.radi._AE002056
srp,test,srp_Desu.psyc._CR522870
srp,test,srp_Desu.vulg._AE017285
srp,test,srp_Desu.vulg._AE017311
srp,test,srp_Desu.vulg._CP000527
srp,test,srp_Dich.nodo._CP000513
srp,test,srp_Dict.disc._AJ699381
srp,test,srp_Dict.disc._BJ360333
srp,test,srp_Dros.anan._CJ969290
srp,test,srp_Dros.anan._GSP-7217
srp,test,srp_Dros.erec._GSP-7220
srp,test,srp_Dros.mela._AC002512
srp,test,srp_Dros.mela._AC095014
srp,test,srp_Dros.mela._AE001572
srp,test,srp_Dros.mela._AE014297
srp,test,srp_Dros.mela._X00952
srp,test,srp_Dros.mela._X01056
srp,test,srp_Dros.moja._GSP-7230
srp,test,srp_Dros.simu._GSP-7240
srp,test,srp_Dros.viri._GSP-7244
srp,test,srp_Dros.will._GSP-7260
srp,test,srp_Dros.yaku._GSP-7245
srp,test,srp_Ehrl.cani._CP000107
srp,test,srp_Eime.tene._CD666347
srp,test,srp_Eime.tene._GSP-413949
srp,test,srp_Ence.cuni._AL590449
srp,test,srp_Enta.disp._GSP-370354
srp,test,srp_Enta.hist._AF487684
srp,test,srp_Enta.hist._BK005670
srp,test,srp_Enta.inva._GSP-370355
srp,test,srp_Enta.mosh._GSP-41668
srp,test,srp_Enta.terr._GSP-110771
srp,test,srp_Ente.faec._AE016830
srp,test,srp_Ente.faec._AE016953
srp,test,srp_Ente.faec._BD193435
srp,test,srp_Ento.sulc._AF095839
srp,test,srp_Erwi.caro._BX950851
srp,test,srp_Esch.coli._AE005174
srp,test,srp_Esch.coli._AE014075
srp,test,srp_Esch.coli._AE016756
srp,test,srp_Esch.coli._AP009048
srp,test,srp_Esch.coli._BA000007
srp,test,srp_Esch.coli._CP000243
srp,test,srp_Esch.coli._CP000247
srp,test,srp_Esch.coli._CP000468
srp,test,srp_Esch.coli._U00096
srp,test,srp_Esch.coli._U82664
srp,test,srp_Esch.coli._X01074
srp,test,srp_Ferr.acid._GSP-333146
srp,test,srp_Ferv.nodo._CP000771
srp,test,srp_Fran.alni._CT573213
srp,test,srp_Fran.spec._CP000249
srp,test,srp_Fran.tula._AJ749949
srp,test,srp_Fran.tula._AM233362
srp,test,srp_Fran.tula._AM286280
srp,test,srp_Fran.tula._CP000437
srp,test,srp_Fran.tula._CP000439
srp,test,srp_Fran.tula._CP000608
srp,test,srp_Fran.tula._CP000803
srp,test,srp_Fugu.rubr._U40756
srp,test,srp_Fuso.nucl._AE009951
srp,test,srp_Gald.sulp._GSP-130081
srp,test,srp_Gall.gall._AB073218
srp,test,srp_Geob.kaus._BA000043
srp,test,srp_Geob.meta._CP000148
srp,test,srp_Geob.sulf._AE017180
srp,test,srp_Geob.ther._CP000557
srp,test,srp_Geob.uran._CP000698
srp,test,srp_Giar.lamb._GSP-184922
srp,test,srp_Gibb.moni._GSP-334819
srp,test,srp_Gibb.zeae._GSP-229533
srp,test,srp_Gloe.viol._BA000045
srp,test,srp_Gluc.oxyd._CP000009
srp,test,srp_Grac.tenu._AY673996
srp,test,srp_Guil.thet._AF041468
srp,test,srp_Gynu.aura._SDB-109565
srp,test,srp_Haem.ducr._AE017143
srp,test,srp_Haem.ducr._AE017154
srp,test,srp_Haem.ducr._U32175
srp,test,srp_Haem.infl._BD426631
srp,test,srp_Haem.infl._CP000057
srp,test,srp_Haem.infl._CP000671
srp,test,srp_Haem.infl._CP000672
srp,test,srp_Haem.infl._L42023
srp,test,srp_Haem.infl._U32795
srp,test,srp_Haem.somn._CP000436
srp,test,srp_Hahe.chej._CP000155
srp,test,srp_Halo.halo._CP000544
srp,test,srp_Halo.halo._X01698
srp,test,srp_Halo.mari._AY596297
srp,test,srp_Halo.spec._AE004437
srp,test,srp_Halo.volc._AF395888
srp,test,srp_Heli.acin._AM260522
srp,test,srp_Heli.annu._AJ828095
srp,test,srp_Heli.exil._EE659686
srp,test,srp_Heli.hepa._AE017125
srp,test,srp_Heli.hepa._AE017149
srp,test,srp_Heli.pylo._AE000511
srp,test,srp_Heli.pylo._AE000524
srp,test,srp_Heli.pylo._AE001439
srp,test,srp_Heli.pylo._AE001441
srp,test,srp_Heli.pylo._BD010626
srp,test,srp_Heli.pylo._CP000241
srp,test,srp_Hist.caps._GSP-278162
srp,test,srp_Homo.sapi._AA559987
srp,test,srp_Homo.sapi._AB061847
srp,test,srp_Homo.sapi._AL139099
srp,test,srp_Homo.sapi._AL627171
srp,test,srp_Homo.sapi._BE083383
srp,test,srp_Homo.sapi._BF875598
srp,test,srp_Homo.sapi._BF908693
srp,test,srp_Homo.sapi._BF908765
srp,test,srp_Homo.sapi._BF908767
srp,test,srp_Homo.sapi._BF909425
srp,test,srp_Homo.sapi._BF909438
srp,test,srp_Homo.sapi._BF909560
srp,test,srp_Homo.sapi._BF909563
srp,test,srp_Homo.sapi._BU566619
srp,test,srp_Homo.sapi._BU566906
srp,test,srp_Homo.sapi._CK004881
srp,test,srp_Homo.sapi._M20910
srp,test,srp_Homo.sapi._NR_002715
srp,test,srp_Homo.sapi._X01037
srp,test,srp_Homo.sapi._X02067
srp,test,srp_Homo.sapi._X04249
srp,test,srp_Humu.japo._X65990
srp,test,srp_Humu.japo._X65991
srp,test,srp_Humu.lupu._AJ236703
srp,test,srp_Humu.lupu._AJ236705
srp,test,srp_Humu.lupu._AJ236706
srp,test,srp_Humu.lupu._X65983
srp,test,srp_Humu.lupu._X65984
srp,test,srp_Humu.lupu._X65985
srp,test,srp_Hype.buty._CP000493
srp,test,srp_Hypo.jeco._GSP-334564-2
srp,test,srp_Idio.loih._AE017340
srp,test,srp_Kine.radi._CP000750
srp,test,srp_Kleb.pneu._CP000647
srp,test,srp_Kluy.lact._CR382126
srp,test,srp_Kluy.walt._AADM01000319
srp,test,srp_Kluy.yarr._479647571
srp,test,srp_Lact.acid._CP000033
srp,test,srp_Lact.brev._CP000416
srp,test,srp_Lact.case._CP000423
srp,test,srp_Lact.delb._AF496545
srp,test,srp_Lact.delb._CP000412
srp,test,srp_Lact.delb._CR954253
srp,test,srp_Lact.gass._CP000413
srp,test,srp_Lact.john._AE017198
srp,test,srp_Lact.john._AE017201
srp,test,srp_Lact.john._AX926712
srp,test,srp_Lact.lact._AE006305
srp,test,srp_Lact.lact._AM406671
srp,test,srp_Lact.lact._CP000425
srp,test,srp_Lact.plan._AL935253
srp,test,srp_Lact.sali._CP000233
srp,test,srp_Legi.pneu._AE017354
srp,test,srp_Legi.pneu._CP000675
srp,test,srp_Legi.pneu._CR628336
srp,test,srp_Legi.pneu._CR628337
srp,test,srp_Legi.pneu._M31830
srp,test,srp_Leif.xyli._AE016822
srp,test,srp_Leis.aeth._AY722730
srp,test,srp_Leis.aeth._AY722731
srp,test,srp_Leis.aeth._AY722732
srp,test,srp_Leis.braz._AM494942
srp,test,srp_Leis.braz._AY722724
srp,test,srp_Leis.braz._AY722725
srp,test,srp_Leis.braz._AY722726
srp,test,srp_Leis.braz._AY781790
srp,test,srp_Leis.braz._AY781791
srp,test,srp_Leis.braz._SDB-87235
srp,test,srp_Leis.dono._AY722733
srp,test,srp_Leis.dono._AY722734
srp,test,srp_Leis.dono._AY722735
srp,test,srp_Leis.dono._AY781793
srp,test,srp_Leis.dono._AY781794
srp,test,srp_Leis.dono._AY781795
srp,test,srp_Leis.guya._AY722727
srp,test,srp_Leis.guya._AY722728
srp,test,srp_Leis.infa._AM502223
srp,test,srp_Leis.infa._AY781792
srp,test,srp_Leis.infa._SDB-5671
srp,test,srp_Leis.majo._AY722713
srp,test,srp_Leis.majo._AY722714
srp,test,srp_Leis.majo._AY722715
srp,test,srp_Leis.majo._SDB-347515
srp,test,srp_Leis.trop._AY722722
srp,test,srp_Leis.trop._AY722723
srp,test,srp_Leis.trop._AY781789
srp,test,srp_Lemu.catt._GSP-9447
srp,test,srp_Lept.coll._AF006750
srp,test,srp_List.inno._AL596173
srp,test,srp_List.mono._AE017262
srp,test,srp_List.mono._AE017331
srp,test,srp_List.mono._AL591984
srp,test,srp_List.mono._U15684
srp,test,srp_List.wels._AM263198
srp,test,srp_Lodd.elon._GSP-379508
srp,test,srp_Lott.giga._GSP-225164
srp,test,srp_Lotu.corn._AP006123
srp,test,srp_Lotu.corn._AP006364
srp,test,srp_Lotu.japo._BW598799
srp,test,srp_Loxo.afri._GSP-9785
srp,test,srp_Lyco.escu._X13958
srp,test,srp_Lyco.escu._Z29099
srp,test,srp_Lyco.escu._Z29100
srp,test,srp_Lyco.escu._Z29101
srp,test,srp_Lyco.escu._Z29103
srp,test,srp_Lyco.escu._Z29104
srp,test,srp_Lyco.escu._Z29105
srp,test,srp_Lyco.escu._Z29106
srp,test,srp_Lyco.escu._Z29107
srp,test,srp_Lyco.escu._Z29109
srp,test,srp_Lyco.escu._Z29110
srp,test,srp_Lyco.escu._Z29111
srp,test,srp_Lyco.escu._Z29112
srp,test,srp_Lyco.escu._Z29260
srp,test,srp_Lyco.escu._Z46744
srp,test,srp_Lyco.escu._Z46745
srp,test,srp_Lyco.escu._Z46746
srp,test,srp_Maca.mula._GSP-9544
srp,test,srp_Magn.magn._AP007255
srp,test,srp_Mann.succ._AE016827
srp,test,srp_Mari.aqua._CP000514
srp,test,srp_Mari.mari._CP000449
srp,test,srp_Medi.trun._AC136507
srp,test,srp_Medi.trun._AC136507-1
srp,test,srp_Medi.trun._AC136507-2
srp,test,srp_Medi.trun._AC146941
srp,test,srp_Medi.trun._AJ846712
srp,test,srp_Medi.trun._BE941271
srp,test,srp_Medi.trun._CT485797
srp,test,srp_Medi.trun._CX540689
srp,test,srp_Meso.flor._AE017263
srp,test,srp_Meso.loti._BA000012
srp,test,srp_Meso.viri._AF166114
srp,test,srp_Meth.acet._AE010299
srp,test,srp_Meth.acet._X17238
srp,test,srp_Meth.bark._CP000099
srp,test,srp_Meth.burt._CP000300
srp,test,srp_Meth.caps._AE017282
srp,test,srp_Meth.ferv._M32222
srp,test,srp_Meth.ferv._S49762
srp,test,srp_Meth.flag._CP000284
srp,test,srp_Meth.jann._L77117
srp,test,srp_Meth.kand._AE010387
srp,test,srp_Meth.mari._BX957223
srp,test,srp_Meth.mari._CP000609
srp,test,srp_Meth.mari._CP000745
srp,test,srp_Meth.maze._AE008384
srp,test,srp_Meth.ther._AE000666
srp,test,srp_Meth.ther._X15364
srp,test,srp_Meth.vann._CP000742
srp,test,srp_Meth.volt._M22560
srp,test,srp_Micr.lyso._M31831
srp,test,srp_Mono.brev._GSP-81824
srp,test,srp_Mono.dome._GSP-13616
srp,test,srp_Moor.ther._CP000232
srp,test,srp_Mus.musc._AC099934
srp,test,srp_Mus.musc._AC126244
srp,test,srp_Mus.musc._AC157822
srp,test,srp_Mus.musc._DQ285765
srp,test,srp_Myco.aviu._AE016958
srp,test,srp_Myco.aviu._AE017228
srp,test,srp_Myco.aviu._CP000479
srp,test,srp_Myco.bovi._BX248347
srp,test,srp_Myco.capr._CP000123
srp,test,srp_Myco.capr._D00560
srp,test,srp_Myco.capr._S67588
srp,test,srp_Myco.gall._AE015450
srp,test,srp_Myco.gall._AE016968
srp,test,srp_Myco.geni._BD439871
srp,test,srp_Myco.geni._L43967
srp,test,srp_Myco.geni._U39706
srp,test,srp_Myco.hyop._AE017243
srp,test,srp_Myco.hyop._AE017244
srp,test,srp_Myco.hyop._AE017332
srp,test,srp_Myco.lepr._AL023596
srp,test,srp_Myco.lepr._AL583925
srp,test,srp_Myco.mobi._AE017308
srp,test,srp_Myco.myco._BX293980
srp,test,srp_Myco.myco._BX842642
srp,test,srp_Myco.myco._X53678
srp,test,srp_Myco.pene._BA000026
srp,test,srp_Myco.pneu._AE000044
srp,test,srp_Myco.pneu._S76009
srp,test,srp_Myco.pneu._U00089
srp,test,srp_Myco.pulm._AL445565
srp,test,srp_Myco.pulm._U06833
srp,test,srp_Myco.smeg._CP000480
srp,test,srp_Myco.spec._CP000384
srp,test,srp_Myco.spec._CP000518
srp,test,srp_Myco.spec._CP000580
srp,test,srp_Myco.syno._AE017245
srp,test,srp_Myco.tube._AE000516
srp,test,srp_Myco.vanb._CP000511
srp,test,srp_Nect.haem._GSP-71109
srp,test,srp_Neis.gono._AE004969
srp,test,srp_Neis.gono._AF482014
srp,test,srp_Neis.gono._DD110233
srp,test,srp_Neis.meni._AE002098
srp,test,srp_Neis.meni._AL157959
srp,test,srp_Neis.meni._AL162755
srp,test,srp_Neis.meni._AM421808
srp,test,srp_Neis.meni._DD001104
srp,test,srp_Nema.vect._GSP-45351
srp,test,srp_Neos.fisc._GSP-331117
srp,test,srp_Neph.oliv._AF137379
srp,test,srp_Neur.cras._AL669999
srp,test,srp_Nitr.euro._AL954747
srp,test,srp_Nitr.euro._BX321857
srp,test,srp_Nitr.eutr._CP000450
srp,test,srp_Nitr.hamb._CP000319
srp,test,srp_Nitr.mult._CP000103
srp,test,srp_Nitr.wino._CP000115
srp,test,srp_Noca.farc._AP006618
srp,test,srp_Nost.spec._BA000019
srp,test,srp_Novo.arom._CP000248
srp,test,srp_Ocea.ihey._BA000028
srp,test,srp_Ochr.anth._CP000758
srp,test,srp_Odon.sine._Z67753
srp,test,srp_Onch.volv._AI249203
srp,test,srp_Onch.volv._BF727619
srp,test,srp_Onch.volv._GSP-6282
srp,test,srp_Orni.anat._GSP-9258
srp,test,srp_Oryc.cuni._AB021174
srp,test,srp_Oryz.sati._AC079888
srp,test,srp_Oryz.sati._AP003253
srp,test,srp_Oryz.sati._AP003333
srp,test,srp_Oryz.sati._AP008207
srp,test,srp_Oxyt.trif._GSP-99928
srp,test,srp_Pan.trog._GSP-37010
srp,test,srp_Para.bras._CN238860
srp,test,srp_Para.bras._CN239248
srp,test,srp_Para.bras._CN240152
srp,test,srp_Para.bras._CN240538
srp,test,srp_Para.bras._CN241137
srp,test,srp_Para.bras._CN241909
srp,test,srp_Para.bras._EH652573
srp,test,srp_Para.bras._EH655308
srp,test,srp_Para.bras._GSP-121759
srp,test,srp_Para.deni._CP000489
srp,test,srp_Para.symb._BX908798
srp,test,srp_Past.mult._AE006092
srp,test,srp_Pedi.pent._CP000422
srp,test,srp_Perk.mari._GSP-31276
srp,test,srp_Pers.amer._X65992
srp,test,srp_Phae.nodo._GSP-321614
srp,test,srp_Phak.meib._GSP-169999
srp,test,srp_Phak.pach._GSP-170000-1
srp,test,srp_Phak.pach._GSP-170000-2
srp,test,srp_Phot.lumi._BX571872
srp,test,srp_Phot.prof._CR378666
srp,test,srp_Phyt.infe._CV911012
srp,test,srp_Phyt.infe._CV919934
srp,test,srp_Phyt.ramo._GSP-164328
srp,test,srp_Phyt.soja._GSP-67593
srp,test,srp_Pich.guil._GSP-294746
srp,test,srp_Pich.stip._CP000502
srp,test,srp_Picr.torr._AE017261
srp,test,srp_Plas.berg._DC223490
srp,test,srp_Plas.berg._DC223613
srp,test,srp_Plas.berg._GSP-5823
srp,test,srp_Plas.chab._GSP-31271
srp,test,srp_Plas.falc._AE014819
srp,test,srp_Plas.falc._EF690554
srp,test,srp_Plas.gall._GSP-5849
srp,test,srp_Plas.know._GSP-5851
srp,test,srp_Plas.reic._GSP-5854
srp,test,srp_Plas.viva._GSP-31273
srp,test,srp_Plas.yoel._GSP-352914
srp,test,srp_Podo.anse._GSP-5145
srp,test,srp_Popu.bals._GSP-73824
srp,test,srp_Popu.trem._BU866844
srp,test,srp_Popu.trem._DN489028
srp,test,srp_Popu.trem._DN498769
srp,test,srp_Porp.purp._U38804
srp,test,srp_Porp.yezo._AP006715
srp,test,srp_Pris.paci._GSP-54126
srp,test,srp_Proc.mari._AE017126
srp,test,srp_Proc.mari._AE017165
srp,test,srp_Proc.mari._AJ237851
srp,test,srp_Proc.mari._BX572093
srp,test,srp_Proc.mari._BX572096
srp,test,srp_Proc.mari._CP000111
srp,test,srp_Proc.mari._CP000551
srp,test,srp_Proc.mari._CP000552
srp,test,srp_Proc.mari._CP000554
srp,test,srp_Proc.mari._CP000576
srp,test,srp_Proc.spec._AJ011025
srp,test,srp_Prop.acne._AE017283
srp,test,srp_Prun.arme._CB819242
srp,test,srp_Prun.arme._CV045835
srp,test,srp_Pseu.aeru._AE004091
srp,test,srp_Pseu.aeru._AE004581
srp,test,srp_Pseu.aeru._CP000438
srp,test,srp_Pseu.aeru._CP000744
srp,test,srp_Pseu.aeru._M31829
srp,test,srp_Pseu.aeru._X12644
srp,test,srp_Pseu.aeru._X14404
srp,test,srp_Pseu.ento._CT573326
srp,test,srp_Pseu.fluo._CP000076
srp,test,srp_Pseu.fluo._CP000094
srp,test,srp_Pseu.halo._CR954246
srp,test,srp_Pseu.mend._CP000680
srp,test,srp_Pseu.puti._AE015451
srp,test,srp_Pseu.puti._AE016790
srp,test,srp_Pseu.puti._CP000712
srp,test,srp_Pseu.stut._CP000304
srp,test,srp_Pseu.syri._AE016853
srp,test,srp_Pseu.syri._CP000058
srp,test,srp_Pseu.syri._CP000075
srp,test,srp_Psyc.arct._CP000082
srp,test,srp_Psyc.cryo._CP000323
srp,test,srp_Psyc.ingr._CP000510
srp,test,srp_Psyc.sp.._CP000713
srp,test,srp_Pyro.abys._AJ248283
srp,test,srp_Pyro.aero._AE009852
srp,test,srp_Pyro.arse._CP000660
srp,test,srp_Pyro.cali._CP000561
srp,test,srp_Pyro.furi._AE010126
srp,test,srp_Pyro.hori._BA000001
srp,test,srp_Pyro.isla._CP000504
srp,test,srp_Pyro.occu._M21085
srp,test,srp_Rals.eutr._AM260479
srp,test,srp_Rals.eutr._CP000090
srp,test,srp_Rals.meta._CP000352
srp,test,srp_Rals.sola._AL646052
srp,test,srp_Rals.sola._AL646063
srp,test,srp_Ratt.norv._AA923995
srp,test,srp_Ratt.norv._AC091616
srp,test,srp_Rhiz.etli._CP000133
srp,test,srp_Rhiz.legu._AM236080
srp,test,srp_Rhod.balt._BX294144
srp,test,srp_Rhod.palu._BX572594
srp,test,srp_Rhod.palu._CP000250
srp,test,srp_Rhod.palu._CP000283
srp,test,srp_Rhod.palu._CP000301
srp,test,srp_Rhod.palu._CP000463
srp,test,srp_Rhod.rubr._CP000230
srp,test,srp_Rhod.spec._CP000431
srp,test,srp_Rhod.spha._CP000143
srp,test,srp_Rhod.spha._CP000577
srp,test,srp_Rhod.spha._CP000661
srp,test,srp_Rick.cono._AE008680
srp,test,srp_Rick.feli._CP000053
srp,test,srp_Rick.prow._AJ235273
srp,test,srp_Rick.typh._AE017197
srp,test,srp_Sacc.cere._U18916
srp,test,srp_Sacc.cere._U18917
srp,test,srp_Sacc.degr._CP000282
srp,test,srp_Sacc.eryt._AM420293
srp,test,srp_Sacc.kluy._AJ550805
srp,test,srp_Sacc.kluy._SKAA0027M04.b1
srp,test,srp_Sacc.para._BN000251
srp,test,srp_Sali.trop._CP000667
srp,test,srp_Salm.ente._AE014613
srp,test,srp_Salm.ente._AE016842
srp,test,srp_Salm.ente._AE017220
srp,test,srp_Salm.ente._AL627266
srp,test,srp_Salm.ente._CP000026
srp,test,srp_Salm.typh._AE008717
srp,test,srp_Schi.japo._GSP-402676
srp,test,srp_Schi.mans._GSP-6183
srp,test,srp_Schi.pomb._AU010514
srp,test,srp_Schi.pomb._M20264
srp,test,srp_Schi.pomb._M20836
srp,test,srp_Schi.pomb._X15220
srp,test,srp_Schi.pomb._Z99259
srp,test,srp_Schm.medi._GSP-79327
srp,test,srp_Scle.scle._GSP-325569
srp,test,srp_Sene.crue._SDB-189209
srp,test,srp_Shew.balt._CP000563
srp,test,srp_Shew.balt._CP000753
srp,test,srp_Shew.deni._CP000302
srp,test,srp_Shew.loih._CP000606
srp,test,srp_Shew.onei._AE014299
srp,test,srp_Shew.onei._AE015625
srp,test,srp_Shew.putr._CP000681
srp,test,srp_Shew.spec._CP000444
srp,test,srp_Shew.spec._CP000446
srp,test,srp_Shew.spec._CP000469
srp,test,srp_Shew.spec._CP000503
srp,test,srp_Shig.flex._AE005674
srp,test,srp_Shig.flex._AE014073
srp,test,srp_Shig.flex._AE016979
srp,test,srp_Shig.flex._CP000266
srp,test,srp_Sili.pome._CP000031
srp,test,srp_Sili.spec._CP000377
srp,test,srp_Sino.medi._CP000738
srp,test,srp_Sino.meli._AL591782
srp,test,srp_Soda.glos._AP008232
srp,test,srp_Sola.tube._DR037645
srp,test,srp_Sola.tube._DR037646
srp,test,srp_Sorg.bico._BE594178
srp,test,srp_Sphi.alas._CP000356
srp,test,srp_Sphi.witt._CP000699
srp,test,srp_Spra.loph._GSP-51541
srp,test,srp_Stap.aure._AC025951
srp,test,srp_Stap.aure._AF368293
srp,test,srp_Stap.aure._AP009351
srp,test,srp_Stap.aure._BA000017
srp,test,srp_Stap.aure._BA000018
srp,test,srp_Stap.aure._BA000033
srp,test,srp_Stap.aure._BX571856
srp,test,srp_Stap.aure._BX571857
srp,test,srp_Stap.aure._CP000046
srp,test,srp_Stap.aure._CP000253
srp,test,srp_Stap.aure._CP000255
srp,test,srp_Stap.aure._CP000703
srp,test,srp_Stap.aure._CP000736
srp,test,srp_Stap.aure._E36052
srp,test,srp_Stap.epid._AE015929
srp,test,srp_Stap.epid._AE016751
srp,test,srp_Stap.epid._AF269814
srp,test,srp_Stap.epid._AF269831
srp,test,srp_Stap.epid._AX145149
srp,test,srp_Stap.epid._CP000029
srp,test,srp_Stap.haem._AP006716
srp,test,srp_Stap.sapr._AP008934
srp,test,srp_Stre.agal._AE014209
srp,test,srp_Stre.agal._AL766845
srp,test,srp_Stre.agal._CP000114
srp,test,srp_Stre.aver._BA000030
srp,test,srp_Stre.coel._AL939118
srp,test,srp_Stre.dysg._AJ489606
srp,test,srp_Stre.livi._AY081854
srp,test,srp_Stre.muta._AE014133
srp,test,srp_Stre.muta._AE014879
srp,test,srp_Stre.muta._AF132127
srp,test,srp_Stre.pneu._AE005672
srp,test,srp_Stre.pneu._AE007319
srp,test,srp_Stre.pneu._AE008386
srp,test,srp_Stre.pneu._CP000410
srp,test,srp_Stre.pyog._AE004092
srp,test,srp_Stre.pyog._AE006489
srp,test,srp_Stre.pyog._AE009969
srp,test,srp_Stre.pyog._AE014139
srp,test,srp_Stre.pyog._AM295007
srp,test,srp_Stre.pyog._BA000034
srp,test,srp_Stre.pyog._CP000003
srp,test,srp_Stre.pyog._CP000017
srp,test,srp_Stre.pyog._CP000056
srp,test,srp_Stre.pyog._CP000259
srp,test,srp_Stre.pyog._CP000260
srp,test,srp_Stre.pyog._CP000261
srp,test,srp_Stre.pyog._CP000262
srp,test,srp_Stre.sang._CP000387
srp,test,srp_Stre.suis._CP000407
srp,test,srp_Stre.suis._CP000408
srp,test,srp_Stre.ther._CP000024
srp,test,srp_Stro.purp._GSP-7668
srp,test,srp_Sulf.acid._CP000077
srp,test,srp_Sulf.solf._X17239
srp,test,srp_Sulf.solf._Y08257
srp,test,srp_Sulf.toko._BA000023
srp,test,srp_Sus.scro._BP459377
srp,test,srp_Symb.ther._AP006840
srp,test,srp_Syne.elon._AP008231
srp,test,srp_Syne.spec._BA000022
srp,test,srp_Syne.spec._BX569693
srp,test,srp_Syne.spec._CP000097
srp,test,srp_Synt.fuma._CP000478
srp,test,srp_Synt.wolf._CP000448
srp,test,srp_Taen.gutt._CK235759
srp,test,srp_Tetr.nigr._GSP-99883
srp,test,srp_Tetr.rost._SDB-5909
srp,test,srp_Tetr.ther._X56981
srp,test,srp_Thal.pseu._EF067921
srp,test,srp_Thal.pseu._GSP-296543
srp,test,srp_Thei.annu._NW_001091934
srp,test,srp_Thei.parv._GSP-333668
srp,test,srp_Ther.acid._AL445063
srp,test,srp_Ther.cele._X17240
srp,test,srp_Ther.elon._BA000039
srp,test,srp_Ther.fusc._CP000088
srp,test,srp_Ther.koda._AP006878
srp,test,srp_Ther.mari._AE000512
srp,test,srp_Ther.mela._CP000716
srp,test,srp_Ther.petr._CP000702
srp,test,srp_Ther.teng._AE012978
srp,test,srp_Ther.ther._AE017221
srp,test,srp_Ther.ther._AE017306
srp,test,srp_Ther.ther._AP008226
srp,test,srp_Ther.ther._X12643
srp,test,srp_Ther.volc._BA000011
srp,test,srp_Thio.deni._CP000116
srp,test,srp_Toxo.gond._CO743022
srp,test,srp_Toxo.gond._GSP-398031
srp,test,srp_Trep.dent._AE017226
srp,test,srp_Trep.dent._AE017246
srp,test,srp_Trep.pall._AE000520
srp,test,srp_Trep.pall._AE001187
srp,test,srp_Tric.eryt._CP000393
srp,test,srp_Tric.rees._GSP-334564-1
srp,test,srp_Tric.spir._GSP-6334
srp,test,srp_Tric.vagi._GSP-5722-1
srp,test,srp_Tric.vagi._GSP-5722-2
srp,test,srp_Trit.aest._BE424647
srp,test,srp_Trit.aest._BQ167677
srp,test,srp_Trit.aest._CA626434
srp,test,srp_Trit.aest._CA694528
srp,test,srp_Trit.aest._CA718249
srp,test,srp_Trit.aest._CD897082
srp,test,srp_Trit.aest._CJ572413
srp,test,srp_Trit.aest._CJ679223
srp,test,srp_Trit.aest._X13915
srp,test,srp_Trop.whip._AE014184
srp,test,srp_Trop.whip._AE016852
srp,test,srp_Trop.whip._BX251412
srp,test,srp_Tryp.bruc._AC159431
srp,test,srp_Tryp.bruc._AF047723
srp,test,srp_Tryp.bruc._M80262
srp,test,srp_Tryp.bruc._S56681
srp,test,srp_Tryp.bruc._X57047
srp,test,srp_Tryp.cong._SDB-5692
srp,test,srp_Tryp.viva._SDB-5699
srp,test,srp_Unci.rees._GSP-336963
srp,test,srp_Urea.parv._AE002112
srp,test,srp_Vibr.chol._AE003852
srp,test,srp_Vibr.chol._AE004188
srp,test,srp_Vibr.chol._CP000627
srp,test,srp_Vibr.fisc._CP000020
srp,test,srp_Vibr.harv._CP000789
srp,test,srp_Vibr.para._BA000031
srp,test,srp_Vibr.vuln._AE016795
srp,test,srp_Vibr.vuln._AE016807
srp,test,srp_Vibr.vuln._BA000037
srp,test,srp_Volv.cart._GSP-51971-1
srp,test,srp_Volv.cart._GSP-51971-2
srp,test,srp_Wigg.glos._BA000021
srp,test,srp_Wolb.endo._AB080664
srp,test,srp_Wolb.endo._AE017196
srp,test,srp_Wolb.endo._AE017259
srp,test,srp_Wolb.endo._AE017321
srp,test,srp_Woli.succ._BX571662
srp,test,srp_Xant.axon._AE011739
srp,test,srp_Xant.camp._AE012197
srp,test,srp_Xant.camp._AM039952
srp,test,srp_Xant.camp._CP000050
srp,test,srp_Xant.camp._DQ256493
srp,test,srp_Xant.oryz._AE013598
srp,test,srp_Xant.oryz._AP008229
srp,test,srp_Xeno.laev._X01055
srp,test,srp_Xyle.fast._AE003849
srp,test,srp_Xyle.fast._AE003940
srp,test,srp_Xyle.fast._AE009442
srp,test,srp_Xyle.fast._AE012554
srp,test,srp_Yarr.lipo._CR382127
srp,test,srp_Yarr.lipo._CR382130
srp,test,srp_Yarr.lipo._M20837
srp,test,srp_Yarr.lipo._X51658
srp,test,srp_Yers.ente._AM286415
srp,test,srp_Yers.pest._AE009952
srp,test,srp_Yers.pest._AE017042
srp,test,srp_Yers.pest._AE017129
srp,test,srp_Yers.pest._AJ414155
srp,test,srp_Yers.pest._AL590842
srp,test,srp_Yers.pest._CP000305
srp,test,srp_Yers.pest._CP000308
srp,test,srp_Yers.pest._CP000668
srp,test,srp_Yers.pseu._BX936398
srp,test,srp_Yers.pseu._CP000720
srp,test,srp_Zea.mays._AY108846
srp,test,srp_Zea.mays._CB179518
srp,test,srp_Zea.mays._CF602412
srp,test,srp_Zea.mays._CF919998
srp,test,srp_Zea.mays._CF974802
srp,test,srp_Zea.mays._CK327537
srp,test,srp_Zea.mays._CK700970
srp,test,srp_Zea.mays._X14661
srp,test,srp_Zygo.roux._BN000170
srp,test,srp_Zymo.mobi._AE008692
srp,test,srp_Zymo.mobi._AF203881
srp,train,16s_A.fulgidus_domain2
srp,train,16s_A.fulgidus_domain3
srp,train,16s_A.fulgidus_domain4
srp,train,16s_A.pyrophilus_domain2
srp,train,16s_A.pyrophilus_domain4
srp,train,16s_B.burgdorferi_domain2
srp,train,16s_B.burgdorferi_domain3
srp,train,16s_B.subtilis_domain2
srp,train,16s_B.subtilis_domain3
srp,train,16s_C.elegans_domain1
srp,train,16s_C.elegans_domain2
srp,train,16s_C.elegans_domain3
srp,train,16s_C.psittaci_domain2
srp,train,16s_C.psittaci_domain3
srp,train,16s_C.psittaci_domain4
srp,train,16s_C.reinhardtii.chloro_domain2
srp,train,16s_C.reinhardtii.chloro_domain4
srp,train,16s_C.reinhardtii.mito_domain3
srp,train,16s_C.reinhardtii.mito_domain4
srp,train,16s_D.melanogaster_domain4
srp,train,16s_E.coli_domain2
srp,train,16s_E.coli_domain3
srp,train,16s_E.coli_domain4
srp,train,16s_F.ananassa_domain3
srp,train,16s_F.ananassa_domain4
srp,train,16s_G.intestinalis_domain1
srp,train,16s_G.intestinalis_domain2
srp,train,16s_G.intestinalis_domain3
srp,train,16s_G.intestinalis_domain4
srp,train,16s_H.sapiens.mito_domain1
srp,train,16s_H.sapiens.mito_domain2
srp,train,16s_H.sapiens.mito_domain4
srp,train,16s_H.sapiens_domain3
srp,train,16s_H.sapiens_domain4
srp,train,16s_H.volcanii_domain2
srp,train,16s_H.volcanii_domain3
srp,train,16s_H.volcanii_domain4
srp,train,16s_M.polymorpha_domain2
srp,train,16s_M.polymorpha_domain3
srp,train,16s_M.polymorpha_domain4
srp,train,16s_P.occultum_domain2
srp,train,16s_P.occultum_domain3
srp,train,16s_P.staleyi_domain2
srp,train,16s_P.staleyi_domain3
srp,train,16s_P.staleyi_domain4
srp,train,16s_S.cerevisiae_domain4
srp,train,16s_T.gondii_domain4
srp,train,16s_T.maritima_domain2
srp,train,16s_T.maritima_domain4
srp,train,16s_Z.mays_domain1
srp,train,16s_Z.mays_domain2
srp,train,16s_Z.mays_domain3
srp,train,16s_Z.mays_domain4
srp,train,23s_B.subtilis_domain4
srp,train,23s_E.coli_domain3
srp,train,23s_E.coli_domain4
srp,train,23s_E.coli_domain6
srp,train,23s_H.pylori_domain3
srp,train,23s_H.pylori_domain4
srp,train,23s_H.pylori_domain6
srp,train,23s_S.aureus_domain3
srp,train,23s_S.aureus_domain4
srp,train,23s_S.aureus_domain6
srp,train,23s_T.thermophilus_domain3
srp,train,23s_T.thermophilus_domain4
srp,train,5s_Andrias-davidianus-1
srp,train,5s_Ascaris-suum-1
srp,train,5s_Ascobolus-immersus-1
srp,train,5s_Asterias-vulgaris-1
srp,train,5s_Aurelia_aurita-1
srp,train,5s_Azospirillum-lipoferum-1
srp,train,5s_Bacillus-amyloliquefaciens-1
srp,train,5s_Bacteroides-capillosus-1
srp,train,5s_Bacteroides-fragilis-5
srp,train,5s_Brucella-suis-1
srp,train,5s_Buchnera-aphidicola-1
srp,train,5s_Bursaphelenchus-xylophilus-1
srp,train,5s_Candidatus-Phytoplasma-asteris-1
srp,train,5s_Chlorella-pyrenoidosa-1
srp,train,5s_Chlorobium-tepidum-1
srp,train,5s_Coxiella-burnetii-2
srp,train,5s_Cryptococcus-laurentii-1
srp,train,5s_Cryptomonas-paramecium-1
srp,train,5s_Dehalococcoides-ethenogenes-1
srp,train,5s_Desulfurococcus-mobilis-1
srp,train,5s_Ehrlichia-ruminantium-1
srp,train,5s_Erythromicrobium-ezovicum-1
srp,train,5s_Erythromicrobium-hydrolyticum-1
srp,train,5s_Erythromicrobium-ramosum-1
srp,train,5s_Filobasidiella-depauperata-1
srp,train,5s_Flectobacillus-major-1
srp,train,5s_Fusarium-culmorum-6
srp,train,5s_Fusobacterium-nucleatum-5
srp,train,5s_Geobacillus-kaustophilus-7
srp,train,5s_Halobacterium-sp.-2
srp,train,5s_Halococcus-morrhuae-2
srp,train,5s_Halorubrum-distributum-3
srp,train,5s_Hyphomicrobium-vulgare-1
srp,train,5s_Lactobacillus-johnsonii-1
srp,train,5s_Limulus-polyphemus-1
srp,train,5s_Loofah-witches-broom-phytoplasma-1
srp,train,5s_Meloidogyne-arenaria-2
srp,train,5s_Methanopyrus-kandleri-1
srp,train,5s_Methanosarcina-mazei-2
srp,train,5s_Methanosarcina-vacuolata-1
srp,train,5s_Methanothermococcus-thermolithotrophicus-1
srp,train,5s_Mycoplasma-gallisepticum-4
srp,train,5s_Mycoplasma-genitalium-1
srp,train,5s_Mycoplasma-mobile-1
srp,train,5s_Mycoplasma-sp.-2
srp,train,5s_Nanoarchaeum-equitans-1
srp,train,5s_Neurospora-crassa-12
srp,train,5s_Neurospora-intermedia-1
srp,train,5s_Notophthalmus-viridescens-1
srp,train,5s_Oceanobacillus-iheyensis-4
srp,train,5s_Onchocerca-volvulus-1
srp,train,5s_Paenibacillus-popilliae-1
srp,train,5s_Porphyra-yezoensis-1
srp,train,5s_Porphyromonas-gingivalis-2
srp,train,5s_Pseudomonas-stutzeri-2
srp,train,5s_Pyrenophora-graminea-1
srp,train,5s_Pyrococcus-abyssi-1
srp,train,5s_Pyrococcus-horikoshii-2
srp,train,5s_Rhodobacter-sphaeroides-3
srp,train,5s_Rhodococcus-fascians-2
srp,train,5s_Roseococcus-thiosulfatophilus-1
srp,train,5s_Sandaracinobacter-sibiricus-1
srp,train,5s_Silicibacter-pomeroyi-1
srp,train,5s_Sphingomonas-ursincola-1
srp,train,5s_Streptococcus-salivarius-1
srp,train,5s_Streptomyces-violaceus-1
srp,train,5s_Sulfurococcus-mirabilis-1
srp,train,5s_Thermomicrobium-roseum-1
srp,train,5s_Thermotoga-sp.-3
srp,train,5s_Thraustochytrium-visurgense-2
srp,train,5s_Trichoplax-adhaerens-1
srp,train,5s_Ulva-pertusa-1
srp,train,5s_Ureaplasma-urealyticum-3
srp,train,5s_Verrucomicrobium-spinosum-1
srp,train,5s_Wolbachia-endosymbiont-of-D.-melanogaster-1
srp,train,5s_Wolbachia-pipientis-1
srp,train,5s_Wolinella-succinogenes-1
srp,train,5s_Xenopus-borealis-3
srp,train,5s_Xylella-fastidiosa-2
srp,train,5s_uncultured-euryarchaeote-37F11-1
srp,train,RNaseP_A.telluris
srp,train,RNaseP_B.bronchiseptica
srp,train,RNaseP_B.pertussis
srp,train,RNaseP_C.psittaci-R54
srp,train,RNaseP_C.tepidum-g
srp,train,RNaseP_CPA61
srp,train,RNaseP_CPB144
srp,train,RNaseP_CPB149
srp,train,RNaseP_CPB7776
srp,train,RNaseP_D.jeanneae
srp,train,RNaseP_D.radiodurans-g
srp,train,RNaseP_EM14b-11
srp,train,RNaseP_EM14b-9
srp,train,RNaseP_H.chlorum-partial
srp,train,RNaseP_H.morrhuae
srp,train,RNaseP_H.trapanicum
srp,train,RNaseP_H.volcanii
srp,train,RNaseP_Halobacterium-NRC1
srp,train,RNaseP_K.polysporus
srp,train,RNaseP_L.weilii
srp,train,RNaseP_LGB21
srp,train,RNaseP_LGB23
srp,train,RNaseP_M.fermentans
srp,train,RNaseP_M.pneumoniae
srp,train,RNaseP_M.vannielli
srp,train,RNaseP_Mxa1
srp,train,RNaseP_N.gregoryi
srp,train,RNaseP_N.olivacea-chloroplast
srp,train,RNaseP_Nostoc-PCC7413
srp,train,RNaseP_P.acanthamoebae
srp,train,RNaseP_P.canadensis
srp,train,RNaseP_P.cultripes
srp,train,RNaseP_P.gingivalis
srp,train,RNaseP_P.guilliermondii
srp,train,RNaseP_P.innocua
srp,train,RNaseP_P.marinus-2
srp,train,RNaseP_P.purpurea-chloroplast
srp,train,RNaseP_P.strasburgensis
srp,train,RNaseP_P.troglodytes
srp,train,RNaseP_PF101
srp,train,RNaseP_PS24
srp,train,RNaseP_Prochlorococcus-NATL2
srp,train,RNaseP_Pseudoanabaena-PCC6903
srp,train,RNaseP_R.americana-mito
srp,train,RNaseP_R.norvegicus
srp,train,RNaseP_R.palustris
srp,train,RNaseP_R.prowazekii
srp,train,RNaseP_R.rubrum
srp,train,RNaseP_Rr327
srp,train,RNaseP_Rr368
srp,train,RNaseP_S.dairensis
srp,train,RNaseP_S.faciem
srp,train,RNaseP_S.fibuligera
srp,train,RNaseP_S.lividans
srp,train,RNaseP_S.pastorianus
srp,train,RNaseP_S.polymorpha
srp,train,RNaseP_S.pombe
srp,train,RNaseP_S.pyogenes
srp,train,RNaseP_S.solfataricus
srp,train,RNaseP_S.unisporus
srp,train,RNaseP_S.versatilis
srp,train,RNaseP_SM-A2539
srp,train,RNaseP_SM-A3048
srp,train,RNaseP_SMB-B1
srp,train,RNaseP_SMB-B3
srp,train,RNaseP_Saccharomonospora-K180
srp,train,RNaseP_Synechocystis-PCC6308
srp,train,RNaseP_Synechocystis-PCC6803
srp,train,RNaseP_T.celerAL1
srp,train,RNaseP_T.delbrueckii
srp,train,RNaseP_T.pallidum
srp,train,RNaseP_T.roseum
srp,train,RNaseP_T.syrichta
srp,train,RNaseP_U.stansburiana
srp,train,RNaseP_V.spinosum
srp,train,RNaseP_Y.pestis
srp,train,RNaseP_Z.bailii
srp,train,RNaseP_Z.florentinus
srp,train,RNaseP_Z.rouxii
srp,train,RNaseP_vHge3-5
srp,train,grp1_a.I1.b.Synechococcus.sp2.C3.tLEU
srp,train,grp1_a.I1.c.A.cherimola.C3.tLEU
srp,train,grp1_a.I1.c.G.prostrata.C3.tLEU
srp,train,grp1_a.I1.c.S.bicolor.C3.tLEU
srp,train,grp1_a.I1.e.A.adeninivorans.C1.LSU.2449
srp,train,grp1_a.I1.e.A.capsulatus.FLs1.C1.SSU
srp,train,grp1_a.I1.e.A.capsulatus.G184B.C1.SSU
srp,train,grp1_a.I1.e.A.stipitatus.C1.SSU.1046
srp,train,grp1_a.I1.e.B.ciliata.JCM6865.C1.SSU.1506
srp,train,grp1_a.I1.e.B.ciliata.JCM6865.C1.SSU.943
srp,train,grp1_a.I1.e.B.yamatoana.JCM2896.C1.SSU.943
srp,train,grp1_a.I1.e.C.ellipsoidea.211-1a.C1.SSU.1506
srp,train,grp1_a.I1.e.C.grayi.UNK.SSU.1516
srp,train,grp1_a.I1.e.C.merochlorophea.UNK.SSU.1046
srp,train,grp1_a.I1.e.C.merochlorophea.UNK.SSU.1210
srp,train,grp1_a.I1.e.C.merochlorophea.UNK.SSU.1516
srp,train,grp1_a.I1.e.C.saccatum.C1.SSU.1512
srp,train,grp1_a.I1.e.C.saxonicum.C1.SSU.1506
srp,train,grp1_a.I1.e.D.parva.C1.SSU.1512
srp,train,grp1_a.I1.e.D.parva.C1.SSU.943
srp,train,grp1_a.I1.e.D.salina.C1.SSU.943
srp,train,grp1_a.I1.e.E.dermatitidis.C1.SSU.943
srp,train,grp1_a.I1.e.G.spirotaenia.C1.SSU.1506
srp,train,grp1_a.I1.e.L.dispersa.UNK.SSU.1046
srp,train,grp1_a.I1.e.L.dispersa.UNK.SSU.114
srp,train,grp1_a.I1.e.L.dispersa.UNK.SSU.1210
srp,train,grp1_a.I1.e.L.dispersa.UNK.SSU.287
srp,train,grp1_a.I1.e.L.dispersa.UNK.SSU.516
srp,train,grp1_a.I1.e.L.dispersa.UNK.SSU.789
srp,train,grp1_a.I1.e.M.caldariorum.C1.SSU.1506
srp,train,grp1_a.I1.e.P.carinii.C1.SSU.1506
srp,train,grp1_a.I1.e.P.carinii.Pc1.C1.LSU.1921
srp,train,grp1_a.I1.e.P.carinii.Pc2.C1.LSU.1921
srp,train,grp1_a.I1.e.P.carinii.Pc3.C1.LSU.1921
srp,train,grp1_a.I1.e.P.clavariiformis.C1.SSU.943
srp,train,grp1_a.I1.e.P.inouyei.C1.SSU.1506
srp,train,grp1_a.I1.e.P.macrosporus.C1.SSU.1506
srp,train,grp1_a.I1.e.P.macrosporus.C1.SSU.943
srp,train,grp1_a.I1.e.P.pachydermus.C1.SSU.943
srp,train,grp1_a.I1.e.P.sarcinoidea.C1.SSU.943
srp,train,grp1_a.I1.e.S.granulatum.C1.SSU.1506
srp,train,grp1_a.I1.e.S.paniceum.UNK.SSU.1052
srp,train,grp1_a.I1.e.S.paniceum.UNK.SSU.114
srp,train,grp1_a.I1.e.S.paniceum.UNK.SSU.1210
srp,train,grp1_a.I1.e.S.paniceum.UNK.SSU.1506
srp,train,grp1_a.I1.e.S.paniceum.UNK.SSU.287
srp,train,grp1_a.I1.e.S.sclerotiorum_1837.C1.LSU.798
srp,train,grp1_a.I1.e.Staurastrum.sp.M753.C1.SSU.1506
srp,train,grp1_a.I1.e.T.cosmopolitanis.C1.LSU.1925
srp,train,grp1_a.I1.e.T.hyperangularis.C1.LSU.1925
srp,train,grp1_a.I1.e.T.malaccensis.C1.LSU.1925
srp,train,grp1_a.I1.e.T.pigmentosa.C1.LSU.1925
srp,train,grp1_a.I1.e.U.maydis.C1.SSU.943
srp,train,grp1_a.I1.m.M.grisea.B2.ND1
srp,train,grp1_a.I1.m.S.luteus.A1.LSU.2504
srp,train,grp1_a.I1.m.S.pombe.B1.OX1
srp,train,grp1_b.I1.e.M.anisopliae.2.C1.LSU.1921
srp,train,grp1_b.I1.e.M.anisopliae.3.C1.LSU.1921
srp,train,grp1_b.I1.e.T.thermophila.C1.LSU.1925
srp,train,tRNA_tdbR00000009-Escherichia_coli-562-Ala-VGC
srp,train,tRNA_tdbR00000013-Pichia_jadinii-4903-Ala-IGC
srp,train,tRNA_tdbR00000034-Mesocricetus_auratus-10036-Asp-GUC
srp,train,tRNA_tdbR00000069-Synechococcus_sp._PCC_7002-32049-Phe-GAA
srp,train,tRNA_tdbR00000078-Ascaris_suum-6253-Phe-GAA
srp,train,tRNA_tdbR00000080-Bos_taurus-9913-Phe-GAA
srp,train,tRNA_tdbR00000104-Enterobacteria_phage_T4-10665-Gly-NCC
srp,train,tRNA_tdbR00000114-Staphylococcus_epidermidis-1282-Gly-UCC
srp,train,tRNA_tdbR00000124-Aedes_albopictus-7160-Gly-UCC
srp,train,tRNA_tdbR00000126-Halocynthia_roretzi-7729-Gly-NCU
srp,train,tRNA_tdbR00000127-Halocynthia_roretzi-7729-Gly-UCU
srp,train,tRNA_tdbR00000128-Halocynthia_roretzi-7729-Gly-GCU
srp,train,tRNA_tdbR00000143-Asterias_amurensis-7602-His-QUG
srp,train,tRNA_tdbR00000149-Homo_sapiens-9606-His-GUG
srp,train,tRNA_tdbR00000168-Bos_taurus-9913-Ile-GAU
srp,train,tRNA_tdbR00000174-Mus_musculus-10090-Ile-IAU
srp,train,tRNA_tdbR00000177-Mycoplasma_capricolum-2095-Lys-CUU
srp,train,tRNA_tdbR00000184-Asterias_amurensis-7602-Lys-CUU
srp,train,tRNA_tdbR00000189-Rattus_norvegicus-10116-Lys-NUU
srp,train,tRNA_tdbR00000191-Mesocricetus_auratus-10036-Lys-NUU
srp,train,tRNA_tdbR00000194-Triticum_aestivum-4565-Lys-CUU
srp,train,tRNA_tdbR00000206-Loligo_bleekeri-6617-Lys-UUU
srp,train,tRNA_tdbR00000210-Enterobacteria_phage_T5-10726-Leu-UAG
srp,train,tRNA_tdbR00000211-Haloferax_volcanii-2246-Leu-CAA
srp,train,tRNA_tdbR00000237-Saccharomyces_cerevisiae-4932-Leu-AA
srp,train,tRNA_tdbR00000246-Bos_taurus-9913-Leu-NAA
srp,train,tRNA_tdbR00000251-Saccharomyces_cerevisiae-4932-Leu-UAA
srp,train,tRNA_tdbR00000266-Bos_taurus-9913-Leu-AA
srp,train,tRNA_tdbR00000280-Saccharomyces_cerevisiae-4932-Met-CAU
srp,train,tRNA_tdbR00000282-Ascaris_suum-6253-Met-AU
srp,train,tRNA_tdbR00000283-Gallus_gallus-9031-Met-AU
srp,train,tRNA_tdbR00000290-Enterobacteria_phage_T5-10726-Asn-GUU
srp,train,tRNA_tdbR00000318-Salmonella_typhimurium-602-Pro-GGG
srp,train,tRNA_tdbR00000325-Pichia_jadinii-4903-Pro-GG
srp,train,tRNA_tdbR00000334-Hordeum_vulgare-4513-Gln-UG
srp,train,tRNA_tdbR00000335-Nicotiana_rustica-4093-Gln-NUG
srp,train,tRNA_tdbR00000347-Enterobacteria_phage_T4-10665-Arg-NCU
srp,train,tRNA_tdbR00000350-Haloferax_volcanii-2246-Arg-GCG
srp,train,tRNA_tdbR00000359-Escherichia_coli-562-Arg-CCG
srp,train,tRNA_tdbR00000364-Ascaris_suum-6253-Arg-ACG
srp,train,tRNA_tdbR00000365-Aedes_albopictus-7160-Arg-UCG
srp,train,tRNA_tdbR00000366-Rattus_norvegicus-10116-Arg-UCG
srp,train,tRNA_tdbR00000367-Bos_taurus-9913-Arg-UCG
srp,train,tRNA_tdbR00000381-Haloferax_volcanii-2246-Ser-GCU
srp,train,tRNA_tdbR00000395-Saccharomyces_cerevisiae-4932-Ser-GCU
srp,train,tRNA_tdbR00000398-Ascaris_suum-6253-Ser-UCU
srp,train,tRNA_tdbR00000399-Aedes_albopictus-7160-Ser-GCU
srp,train,tRNA_tdbR00000409-Candida_cylindracea-44322-Ser-CAG
srp,train,tRNA_tdbR00000414-Lupinus_luteus-3873-Ser-CGA
srp,train,tRNA_tdbR00000460-Aedes_albopictus-7160-Val-UAC
srp,train,tRNA_tdbR00000461-Rattus_norvegicus-10116-Val-UAC
srp,train,tRNA_tdbR00000462-Rattus_norvegicus-10116-Val-UAC
srp,train,tRNA_tdbR00000463-Bos_taurus-9913-Val-UAC
srp,train,tRNA_tdbR00000489-Neurospora_crassa-5141-Trp-NCA
srp,train,tRNA_tdbR00000492-Rattus_norvegicus-10116-Trp-NCA
srp,train,tRNA_tdbR00000493-Bos_taurus-9913-Trp-NCA
srp,train,tRNA_tdbR00000494-Saccharomyces_cerevisiae-4932-Trp-BCA
srp,train,tRNA_tdbR00000517-Neurospora_crassa-5141-Ini-CAU
srp,train,tRNA_tdbR00000518-Saccharomyces_cerevisiae-4932-Ini-CAU
srp,train,tRNA_tdbR00000520-Aedes_albopictus-7160-Ini-CAU
srp,train,tRNA_tdbR00000522-Bos_taurus-9913-Ini-AU
srp,train,tRNA_tdbR00000549-Tetrahymena_pyriformis-5908-Tyr-QUA
srp,train,tRNA_tdbR00000551-Saccharomyces_cerevisiae-4932-Tyr-GUA
srp,train,tRNA_tdbR00000556-Schizosaccharomyces_pombe-4896-Tyr-GPA
srp,train,tRNA_tdbR00000572-Leishmania_tarentolae-5689-Lys-1UU
srp,train,tRNA_tdbR00000573-Leishmania_tarentolae-5689-Gln-3UG
srp,train,tRNA_tdbR00000578-Leishmania_tarentolae-5689-Glu-3UC
srp,train,tRNA_tdbR00000580-Aeropyrum_pernix-56636-Lys-UUU
srp,train,tRNA_tdbR00000581-Aeropyrum_pernix-56636-Lys-CUU
srp,train,tRNA_tdbR00000583-Aeropyrum_pernix-56636-Cys-GCA
srp,train,tRNA_tdbR00000590-Ascaris_suum-6253-Glu-UC
srp,train,tRNA_tdbR00000591-Ascaris_suum-6253-Lys-UU
srp,train,tRNA_tdbR00000595-Escherichia_coli-562-Leu-BAA
srp,train,tRNA_tdbR00000609-Chlamydomonas_reinhardtii-3055-Leu-UA7
srp,train,tRNA_tdbR00000611-Sinorhizobium_meliloti-382-His-GUG
srp,train,tRNA_tdbR00000618-Candida_albicans-5476-Leu-CAG
srp,train,tRNA_tdbR00000619-Toxoplasma_gondii-5811-Met-CAU
srp,train,tRNA_tdbR00000620-Toxoplasma_gondii-5811-Ini-CAU
srp,train,tRNA_tdbR00000621-Nicotiana_rustica-4093-Cys-GCA
srp,train,tRNA_tdbR00000622-Nicotiana_rustica-4093-Cys-GCA
srp,train,telomerase_AC121792.109554-109950
srp,train,telomerase_AF147806.247-692
srp,train,telomerase_AF221906.96-545
srp,train,telomerase_AF221908.136-584
srp,train,telomerase_AF221910.112-554
srp,train,telomerase_AF221911.104-513
srp,train,telomerase_AF221912.98-564
srp,train,telomerase_AF221913.109-520
srp,train,telomerase_AF221914.112-589
srp,train,telomerase_AF221916.94-481
srp,train,telomerase_AF221917.99-542
srp,train,telomerase_AF221918.97-547
srp,train,telomerase_AF221919.107-614
srp,train,telomerase_AF221920.99-541
srp,train,telomerase_AF221921.98-548
srp,train,telomerase_AF221924.105-538
srp,train,telomerase_AF221926.103-507
srp,train,telomerase_AF221927.113-556
srp,train,telomerase_AF221928.95-476
srp,train,telomerase_AF221930.94-546
srp,train,telomerase_AF221931.99-541
srp,train,telomerase_AF221934.121-565
srp,train,telomerase_AF221936.98-540
srp,train,telomerase_AF221937.99-545
srp,train,telomerase_AF221939.99-544
srp,train,telomerase_AY058901.1-397
srp,train,telomerase_AY312571.605-1069
srp,train,telomerase_U85256.1-451
srp,train,tmRNA_Acid.ferr._TRW-243159_1-364
srp,train,tmRNA_Acid.ferr._TRW-920_1-341
srp,train,tmRNA_Acin.spec._CR543861_1-360
srp,train,tmRNA_Baci.G._TRW-12333_1-312
srp,train,tmRNA_Bact.mari._TRW-97084_1-385
srp,train,tmRNA_Bdel.bact._BX842656_1-346
srp,train,tmRNA_Bifi.long._TRW-206672_1-397
srp,train,tmRNA_Bloc.flor._BX248583_1-393
srp,train,tmRNA_Bloc.penn._CP000016_1-392
srp,train,tmRNA_Borr.gari._CP000013_1-363
srp,train,tmRNA_Cald.sacc._TRW-351627_1-368
srp,train,tmRNA_Camp.fetu._AY211269_1-361
srp,train,tmRNA_Carn.malt._AF275938_1-366
srp,train,tmRNA_Chla.trac._TRW-813-2_1-420
srp,train,tmRNA_Chro.viol._AE016825_1-365
srp,train,tmRNA_Clos.ther._TRW-203119_1-387
srp,train,tmRNA_Cyan.cald._AF022186_1-254
srp,train,tmRNA_Cyan.mero._TRW-45157_1-236
srp,train,tmRNA_Desu.psyc._CR522870_1-366
srp,train,tmRNA_Dict.ther._TRW-14_1-350
srp,train,tmRNA_Fran.tula._CP000437_1-421
srp,train,tmRNA_Gemm.obsc._TRW-214688_1-412
srp,train,tmRNA_Geob.sulf._AE017180_1-356
srp,train,tmRNA_Grac.tenu._AY673996_1-396
srp,train,tmRNA_Guil.thet._TRW-55529_1-330
srp,train,tmRNA_Heli.pylo._TRW-85963_1-386
srp,train,tmRNA_Jako.libe._TRW-143017_1-102
srp,train,tmRNA_Lact.john._TRW-257314_1-367
srp,train,tmRNA_Legi.pneu._CR628337_1-406
srp,train,tmRNA_Leif.xyli._AE016822_1-394
srp,train,tmRNA_List.wels._AF440351_1-321
srp,train,tmRNA_Magn.spec._CP000471_1-366
srp,train,tmRNA_Meso.viri._AF166114_1-359
srp,train,tmRNA_Mora.cata._AX067460_1-359
srp,train,tmRNA_Myco.Bxz1._AY129337_1-437
srp,train,tmRNA_Myco.arth._TRW-243272_1-394
srp,train,tmRNA_Myco.gall._AE015450_1-408
srp,train,tmRNA_Myco.geni._U39713_1-385
srp,train,tmRNA_Myco.hyop._TRW-295358_1-424
srp,train,tmRNA_Myxo.xant._TRW-34_1-366
srp,train,tmRNA_Neph.oliv._AF137379-2_1-327
srp,train,tmRNA_Nitr.ocea._CP000127_1-361
srp,train,tmRNA_Oeno.oeni._TRW-203123_1-350
srp,train,tmRNA_Onio.yell._AP006628_1-423
srp,train,tmRNA_Para.symb._BX908798_1-405
srp,train,tmRNA_Pelo.carb._CP000142_1-358
srp,train,tmRNA_Phot.prof._CR378665_1-368
srp,train,tmRNA_Porp.ging._TRW-242619_1-407
srp,train,tmRNA_Porp.purp._TRW-2787_1-323
srp,train,tmRNA_Prev.rumi._TRW-264731_1-401
srp,train,tmRNA_Prop.acne._TRW-1747-3_1-353
srp,train,tmRNA_Rhod.balt._BX294141_1-380
srp,train,tmRNA_Rubr.gela._TRW-279263_1-372
srp,train,tmRNA_Rumi.albu._TRW-246199_1-354
srp,train,tmRNA_Sacc.degr._CP000282_1-389
srp,train,tmRNA_Spir.kunk._TRW-273035_1-424
srp,train,tmRNA_Stre.coll._AY485228_1-386
srp,train,tmRNA_Syne.spec._AB003477_1-394
srp,train,tmRNA_Syne.spec._TRW-32049_1-396
srp,train,tmRNA_Synt.acid._CP000252_1-356
srp,train,tmRNA_Tann.fors._TRW-203275_1-400
srp,train,tmRNA_Thal.weis._AF049491_1-348
srp,train,tmRNA_Ther.elon._BA000039_1-386
srp,train,tmRNA_Ther.teng._AE013063_1-351
srp,train,tmRNA_Trem.prin._AF481102_1-264
srp,train,tmRNA_Trep.pall._TRW-243276_1-354
srp,train,tmRNA_Trop.whip._BX251411_1-369
srp,train,tmRNA_Urea.parv._AE002154_1-413
srp,train,tmRNA_Verr.spin._TRW-240016_1-356
srp,train,tmRNA_Woli.succ._BX571661_1-369
srp,train,tmRNA_envi.sequ._TRW-204433_1-356
srp,train,tmRNA_envi.sequ._TRW-259292_1-355
srp,train,tmRNA_envi.sequ._TRW-300695-2_1-345
srp,train,tmRNA_envi.sequ._TRW-32045-3_1-350
srp,train,tmRNA_envi.sequ._TRW-356-1_1-289
srp,train,tmRNA_uncu.bact._TRW-383630-1_1-364
srp,train,tmRNA_uncu.bact._TRW-45456_1-408
srp,train,tmRNA_uncu.bact._TRW-72274-2_1-359
srp,train,tmRNA_uncu.bact._TRW-80840-3_1-379
srp,train,tmRNA_uncu.mari._TRW-363180_1-347
srp,valid,16s_B.burgdorferi_domain4
srp,valid,16s_B.subtilis_domain4
srp,valid,16s_C.elegans_domain4
srp,valid,16s_C.reinhardtii.chloro_domain1
srp,valid,16s_C.reinhardtii.chloro_domain3
srp,valid,16s_C.reinhardtii.mito_domain1
srp,valid,16s_C.reinhardtii.mito_domain2
srp,valid,16s_H.sapiens.mito_domain3
srp,valid,16s_H.volcanii_domain1
srp,valid,16s_P.occultum_domain4
srp,valid,16s_S.cerevisiae_domain3
srp,valid,16s_T.gondii_domain3
srp,valid,16s_T.maritima_domain3
srp,valid,23s_B.subtilis_domain3
srp,valid,23s_B.subtilis_domain6
srp,valid,23s_T.thermophilus_domain6
srp,valid,5s_Candidatus-Tremblaya-princeps-5
srp,valid,5s_Chlamydia-trachomatis-1
srp,valid,5s_Clostridium-acetobutylicum-3
srp,valid,5s_Drosophila-melanogaster-2
srp,valid,5s_Gracilaria-compressa-2
srp,valid,5s_Lactococcus-lactis-2
srp,valid,5s_Methanobrevibacter-ruminantium-1
srp,valid,5s_Methanospirillum-hungatei-1
srp,valid,5s_Mycoplasma-pulmonis-1
srp,valid,5s_Paracentrotus-lividus-2
srp,valid,5s_Plasmodium-falciparum-1
srp,valid,5s_Rhodopirellula-baltica-1
srp,valid,5s_Roseococcus-thiosulfatophilus-2
srp,valid,5s_Spirosoma-sp.-1
srp,valid,5s_Streptomyces-coelicolor-5
srp,valid,5s_Sulfolobus-tokodaii-1
srp,valid,5s_Thermoplasma-volcanium-1
srp,valid,5s_Thermus-aquaticus-1
srp,valid,5s_Triticum-aestivum-1
srp,valid,5s_Vitreoscilla-stercoraria-1
srp,valid,RNaseP_A.eutrophus
srp,valid,RNaseP_Anabaena-PCC7120
srp,valid,RNaseP_C.pneumoniae-CWL029
srp,valid,RNaseP_CPA58
srp,valid,RNaseP_LGW17
srp,valid,RNaseP_M.barkeri
srp,valid,RNaseP_M.hyopneumoniae
srp,valid,RNaseP_P.mississippiensis
srp,valid,RNaseP_S.globosus
srp,valid,RNaseP_S.uvarum
srp,valid,RNaseP_SM-A01
srp,valid,RNaseP_SM-A5888
srp,valid,RNaseP_SMB-B2
srp,valid,RNaseP_T.littoralis
srp,valid,RNaseP_T.thioparus
srp,valid,RNaseP_T.tumescens
srp,valid,RNaseP_T.volcanum
srp,valid,RNaseP_U.urealyticum
srp,valid,RNaseP_W.fluorescens
srp,valid,RNaseP_vHge2
srp,valid,grp1_a.I1.b.Dermocarpa.sp.ATCC29371.C3.tMET
srp,valid,grp1_a.I1.b.Phormidium.sp.N182.C3.tLEU
srp,valid,grp1_a.I1.b.S.hofmanii.C3.tMET
srp,valid,grp1_a.I1.e.A.capsulatus.CBS213.53.C1.SSU.943
srp,valid,grp1_a.I1.e.A.capsulatus.G186B.C1.SSU
srp,valid,grp1_a.I1.e.B.yamatoana.JCM2896.C1.SSU.1506
srp,valid,grp1_a.I1.e.C.ellipsoidea.IAMC-87.C1.SSU.1506
srp,valid,grp1_a.I1.e.C.grayi.UNK.SSU.1046
srp,valid,grp1_a.I1.e.C.merochlorophea.UNK.SSU.1389
srp,valid,grp1_a.I1.e.G.planctonica.C1.SSU.943
srp,valid,grp1_a.I1.e.L.dispersa.UNK.SSU.1516
srp,valid,grp1_a.I1.e.P.inouyei.C1.SSU.943
srp,valid,grp1_a.I1.e.Staurastrum.sp.M752.C1.SSU.1506
srp,valid,grp1_b.I1.e.C.saccharophila.C1.SSU.156
srp,valid,grp1_s.I1.e.T.thermophila.C1.LSU.1925.schem
srp,valid,tRNA_tdbR00000046-Escherichia_coli-562-Glu-SUC
srp,valid,tRNA_tdbR00000074-Tetrahymena_pyriformis-5908-Phe-GAA
srp,valid,tRNA_tdbR00000167-Aedes_albopictus-7160-Ile-GAU
srp,valid,tRNA_tdbR00000169-Homo_sapiens-9606-Ile-GAU
srp,valid,tRNA_tdbR00000190-Bos_taurus-9913-Lys-NUU
srp,valid,tRNA_tdbR00000223-Salmonella_typhimurium-602-Leu-CAG
srp,valid,tRNA_tdbR00000244-Rattus_norvegicus-10116-Leu-UAG
srp,valid,tRNA_tdbR00000245-Rattus_norvegicus-10116-Leu-UAG
srp,valid,tRNA_tdbR00000247-Bos_taurus-9913-Leu-UAG
srp,valid,tRNA_tdbR00000263-Rattus_norvegicus-10116-Leu-AA
srp,valid,tRNA_tdbR00000321-Saccharomyces_cerevisiae-4932-Pro-UGG
srp,valid,tRNA_tdbR00000328-Enterobacteria_phage_T5-10726-Gln-UUG
srp,valid,tRNA_tdbR00000345-Homo_sapiens-9606-Gln-NUG
srp,valid,tRNA_tdbR00000363-Ascaris_suum-6253-Arg-PCU
srp,valid,tRNA_tdbR00000397-Saccharomyces_cerevisiae-4932-Ser-UGA
srp,valid,tRNA_tdbR00000400-Loligo_bleekeri-6617-Ser-7CU
srp,valid,tRNA_tdbR00000406-Saccharomyces_cerevisiae-4932-Ser-NGA
srp,valid,tRNA_tdbR00000440-Neurospora_crassa-5141-Thr-UGU
srp,valid,tRNA_tdbR00000593-Ascaris_suum-6253-Trp-CA
srp,valid,tRNA_tdbR00000594-Ascaris_suum-6253-Leu-AA
srp,valid,telomerase_AF221909.98-496
srp,valid,telomerase_AF221923.106-554
srp,valid,telomerase_AF221925.98-540
srp,valid,telomerase_AF221929.92-517
srp,valid,telomerase_AF221932.102-549
srp,valid,telomerase_AF221935.112-602
srp,valid,telomerase_AF221940.103-499
srp,valid,tmRNA_Bord.pert._TRW-257313_1-387
srp,valid,tmRNA_Chlo.tepi._TRW-194439_1-404
srp,valid,tmRNA_Emil.huxl._TRW-280463_1-291
srp,valid,tmRNA_Heli.hepa._AE017125_1-369
srp,valid,tmRNA_Lact.sake._TRW-314315_1-370
srp,valid,tmRNA_Laws.intr._AM180252_1-376
srp,valid,tmRNA_Meso.flor._AE017263_1-408
srp,valid,tmRNA_Myco.myco._BX842642_1-411
srp,valid,tmRNA_Myco.pene._BA000026_1-405
srp,valid,tmRNA_Ocea.ihey._BA000028_1-364
srp,valid,tmRNA_Pseu.atla._CP000388_1-357
srp,valid,tmRNA_Stre.scab._TRW-1883_1-402
srp,valid,tmRNA_Ther.rose._TRW-309801_1-353
srp,valid,tmRNA_Thio.deni._CP000116_1-367
srp,valid,tmRNA_envi.sequ._TRW-2-1_1-365
srp,valid,tmRNA_envi.sequ._TRW-351057-3_1-355
srp,valid,tmRNA_uncu.bact._TRW-135621-1_1-397
srp,valid,tmRNA_uncu.bact._TRW-32033-1_1-354
srp,valid,tmRNA_uncu.bact._TRW-32045-4_1-369
srp,valid,tmRNA_uncu.bact._TRW-72274-1_1-359
tRNA,test,tRNA_tdbR00000001-Halobacterium_salinarum-2242-Ala-CGC
tRNA,test,tRNA_tdbR00000002-Haloferax_volcanii-2246-Ala-CGC
tRNA,test,tRNA_tdbR00000003-Haloferax_volcanii-2246-Ala-GGC
tRNA,test,tRNA_tdbR00000004-Haloferax_volcanii-2246-Ala-UGC
tRNA,test,tRNA_tdbR00000005-Mycoplasma_capricolum-2095-Ala-UGC
tRNA,test,tRNA_tdbR00000006-Mycoplasma_mycoides-2102-Ala-UGC
tRNA,test,tRNA_tdbR00000007-Bacillus_subtilis-1423-Ala-5GC
tRNA,test,tRNA_tdbR00000008-Escherichia_coli-562-Ala-GGC
tRNA,test,tRNA_tdbR00000009-Escherichia_coli-562-Ala-VGC
tRNA,test,tRNA_tdbR00000010-Escherichia_coli-562-Ala-VGC
tRNA,test,tRNA_tdbR00000011-Neurospora_crassa-5141-Ala-UGC
tRNA,test,tRNA_tdbR00000012-Saccharomyces_cerevisiae-4932-Ala-IGC
tRNA,test,tRNA_tdbR00000013-Pichia_jadinii-4903-Ala-IGC
tRNA,test,tRNA_tdbR00000014-Bombyx_mori-7091-Ala-IGC
tRNA,test,tRNA_tdbR00000015-Bombyx_mori-7091-Ala-IGC
tRNA,test,tRNA_tdbR00000016-Homo_sapiens-9606-Ala-IGC
tRNA,test,tRNA_tdbR00000017-Homo_sapiens-9606-Ala-IGC
tRNA,test,tRNA_tdbR00000019-Mycoplasma_capricolum-2095-Cys-GCA
tRNA,test,tRNA_tdbR00000020-Escherichia_coli-562-Cys-GCA
tRNA,test,tRNA_tdbR00000021-Saccharomyces_cerevisiae-4932-Cys-GCA
tRNA,test,tRNA_tdbR00000022-Enterobacteria_phage_T5-10726-Asp-GUC
tRNA,test,tRNA_tdbR00000023-Haloferax_volcanii-2246-Asp-GUC
tRNA,test,tRNA_tdbR00000024-Mycoplasma_capricolum-2095-Asp-GUC
tRNA,test,tRNA_tdbR00000025-Thermus_thermophilus-274-Asp-GUC
tRNA,test,tRNA_tdbR00000026-Escherichia_coli-562-Asp-QUC
tRNA,test,tRNA_tdbR00000027-Hordeum_vulgare-4513-Asp-GUC
tRNA,test,tRNA_tdbR00000028-Hordeum_vulgare-4513-Asp-QUC
tRNA,test,tRNA_tdbR00000029-Asterias_amurensis-7602-Asp-QUC
tRNA,test,tRNA_tdbR00000030-Aedes_albopictus-7160-Asp-GUC
tRNA,test,tRNA_tdbR00000031-Rattus_norvegicus-10116-Asp-QUC
tRNA,test,tRNA_tdbR00000032-Rattus_norvegicus-10116-Asp-GUC
tRNA,test,tRNA_tdbR00000033-Didelphis_virginiana-9267-Asp-QUC
tRNA,test,tRNA_tdbR00000034-Mesocricetus_auratus-10036-Asp-GUC
tRNA,test,tRNA_tdbR00000035-Saccharomyces_cerevisiae-4932-Asp-GUC
tRNA,test,tRNA_tdbR00000036-Euglena_gracilis-3039-Asp-GUC
tRNA,test,tRNA_tdbR00000037-Rattus_norvegicus-10116-Asp-GUC
tRNA,test,tRNA_tdbR00000038-Rattus_norvegicus-10116-Asp-8UC
tRNA,test,tRNA_tdbR00000039-Oryctolagus_cuniculus-9986-Asp-8UC
tRNA,test,tRNA_tdbR00000041-Xenopus_laevis-8355-Asp-8UC
tRNA,test,tRNA_tdbR00000042-Haloferax_volcanii-2246-Glu-MUC
tRNA,test,tRNA_tdbR00000043-Haloferax_volcanii-2246-Glu-NUC
tRNA,test,tRNA_tdbR00000044-Mycoplasma_capricolum-2095-Glu-UC
tRNA,test,tRNA_tdbR00000045-Escherichia_coli-562-Glu-SUC
tRNA,test,tRNA_tdbR00000046-Escherichia_coli-562-Glu-SUC
tRNA,test,tRNA_tdbR00000047-Escherichia_coli-562-Glu-SUC
tRNA,test,tRNA_tdbR00000048-Synechocystis_sp.-1143-Glu-NUC
tRNA,test,tRNA_tdbR00000049-Chlamydomonas_reinhardtii-3055-Glu-NUC
tRNA,test,tRNA_tdbR00000050-Hordeum_vulgare-4513-Glu-SPC
tRNA,test,tRNA_tdbR00000051-Triticum_aestivum-4565-Glu-SPC
tRNA,test,tRNA_tdbR00000052-Aedes_albopictus-7160-Glu-NUC
tRNA,test,tRNA_tdbR00000053-Bos_taurus-9913-Glu-NUC
tRNA,test,tRNA_tdbR00000054-Saccharomyces_cerevisiae-4932-Glu-3UC
tRNA,test,tRNA_tdbR00000055-Schizosaccharomyces_pombe-4896-Glu-3UC
tRNA,test,tRNA_tdbR00000056-Hordeum_vulgare-4513-Glu-UPC
tRNA,test,tRNA_tdbR00000057-Hordeum_vulgare-4513-Glu-CPC
tRNA,test,tRNA_tdbR00000058-Lupinus_luteus-3873-Glu-CUC
tRNA,test,tRNA_tdbR00000059-Rattus_norvegicus-10116-Glu-3UC
tRNA,test,tRNA_tdbR00000060-Drosophila_melanogaster-7227-Glu-2UC
tRNA,test,tRNA_tdbR00000061-Mus_musculus-10090-Glu-CUC
tRNA,test,tRNA_tdbR00000062-Homo_sapiens-9606-Glu-CUC
tRNA,test,tRNA_tdbR00000063-Haloferax_volcanii-2246-Phe-GAA
tRNA,test,tRNA_tdbR00000064-Mycoplasma_capricolum-2095-Phe-GAA
tRNA,test,tRNA_tdbR00000065-Bacillus_subtilis-1423-Phe-AA
tRNA,test,tRNA_tdbR00000066-Thermus_thermophilus-274-Phe-GAA
tRNA,test,tRNA_tdbR00000067-Escherichia_coli-562-Phe-GAA
tRNA,test,tRNA_tdbR00000068-Rhodospirillum_rubrum-1085-Phe-GAA
tRNA,test,tRNA_tdbR00000069-Synechococcus_sp._PCC_7002-32049-Phe-GAA
tRNA,test,tRNA_tdbR00000070-Geobacillus_stearothermophilus-1422-Phe-AA
tRNA,test,tRNA_tdbR00000072-Phaseolus_vulgaris-3885-Phe-GAA
tRNA,test,tRNA_tdbR00000073-Spinacia_oleracea-3562-Phe-GAA
tRNA,test,tRNA_tdbR00000074-Tetrahymena_pyriformis-5908-Phe-GAA
tRNA,test,tRNA_tdbR00000078-Ascaris_suum-6253-Phe-GAA
tRNA,test,tRNA_tdbR00000079-Rattus_norvegicus-10116-Phe-GAA
tRNA,test,tRNA_tdbR00000080-Bos_taurus-9913-Phe-GAA
tRNA,test,tRNA_tdbR00000082-Neurospora_crassa-5141-Phe-AA
tRNA,test,tRNA_tdbR00000083-Saccharomyces_cerevisiae-4932-Phe-AA
tRNA,test,tRNA_tdbR00000084-Saccharomyces_cerevisiae-4932-Phe-AA
tRNA,test,tRNA_tdbR00000085-Schizosaccharomyces_pombe-4896-Phe-AA
tRNA,test,tRNA_tdbR00000086-Euglena_gracilis-3039-Phe-AA
tRNA,test,tRNA_tdbR00000087-Hordeum_vulgare-4513-Phe-AA
tRNA,test,tRNA_tdbR00000088-Triticum_aestivum-4565-Phe-AA
tRNA,test,tRNA_tdbR00000089-Brassica_napus-3708-Phe-AA
tRNA,test,tRNA_tdbR00000090-Lupinus_luteus-3873-Phe-AA
tRNA,test,tRNA_tdbR00000091-Pisum_sativum-3888-Phe-AA
tRNA,test,tRNA_tdbR00000092-Oryctolagus_cuniculus-9986-Phe-AA
tRNA,test,tRNA_tdbR00000093-Bombyx_mori-7091-Phe-AA
tRNA,test,tRNA_tdbR00000094-Bombyx_mori-7091-Phe-AA
tRNA,test,tRNA_tdbR00000095-Drosophila_melanogaster-7227-Phe-AA
tRNA,test,tRNA_tdbR00000096-Bos_taurus-9913-Phe-AA
tRNA,test,tRNA_tdbR00000097-Bos_taurus-9913-Phe-AA
tRNA,test,tRNA_tdbR00000098-Xenopus_laevis-8355-Phe-AA
tRNA,test,tRNA_tdbR00000099-Mus_musculus-10090-Phe-AA
tRNA,test,tRNA_tdbR00000100-Mus_musculus-10090-Phe-AA
tRNA,test,tRNA_tdbR00000101-Mus_musculus-10090-Phe-AA
tRNA,test,tRNA_tdbR00000102-Bos_taurus-9913-Phe-AA
tRNA,test,tRNA_tdbR00000103-Homo_sapiens-9606-Phe-AA
tRNA,test,tRNA_tdbR00000104-Enterobacteria_phage_T4-10665-Gly-NCC
tRNA,test,tRNA_tdbR00000105-Halobacterium_salinarum-2242-Gly-GCC
tRNA,test,tRNA_tdbR00000106-Haloferax_volcanii-2246-Gly-CCC
tRNA,test,tRNA_tdbR00000107-Haloferax_volcanii-2246-Gly-GCC
tRNA,test,tRNA_tdbR00000108-Haloferax_volcanii-2246-Gly-GCC
tRNA,test,tRNA_tdbR00000109-Haloferax_volcanii-2246-Gly-NCC
tRNA,test,tRNA_tdbR00000110-Methanobacterium_thermaggregans-83982-Gly-GCC
tRNA,test,tRNA_tdbR00000111-Mycoplasma_capricolum-2095-Gly-UCC
tRNA,test,tRNA_tdbR00000112-Mycoplasma_mycoides-2102-Gly-UCC
tRNA,test,tRNA_tdbR00000113-Streptomyces_coelicolor_A32-100226-Gly-CCC
tRNA,test,tRNA_tdbR00000114-Staphylococcus_epidermidis-1282-Gly-UCC
tRNA,test,tRNA_tdbR00000115-Staphylococcus_epidermidis-1282-Gly-UCC
tRNA,test,tRNA_tdbR00000116-Bacillus_subtilis-1423-Gly-CC
tRNA,test,tRNA_tdbR00000117-Escherichia_coli-562-Gly-CCC
tRNA,test,tRNA_tdbR00000118-Escherichia_coli-562-Gly-GCC
tRNA,test,tRNA_tdbR00000119-Escherichia_coli-562-Gly-NCC
tRNA,test,tRNA_tdbR00000120-Salmonella_typhimurium-602-Gly-CCC
tRNA,test,tRNA_tdbR00000121-Salmonella_typhimurium-602-Gly-NCC
tRNA,test,tRNA_tdbR00000122-Codium_fragile-3133-Gly-UCC
tRNA,test,tRNA_tdbR00000123-Saccharomyces_cerevisiae-4932-Gly-NCC
tRNA,test,tRNA_tdbR00000124-Aedes_albopictus-7160-Gly-UCC
tRNA,test,tRNA_tdbR00000125-Bos_taurus-9913-Gly-UCC
tRNA,test,tRNA_tdbR00000126-Halocynthia_roretzi-7729-Gly-NCU
tRNA,test,tRNA_tdbR00000127-Halocynthia_roretzi-7729-Gly-UCU
tRNA,test,tRNA_tdbR00000128-Halocynthia_roretzi-7729-Gly-GCU
tRNA,test,tRNA_tdbR00000129-Saccharomyces_cerevisiae-4932-Gly-GCC
tRNA,test,tRNA_tdbR00000131-Triticum_aestivum-4565-Gly-GCC
tRNA,test,tRNA_tdbR00000132-Lupinus_luteus-3873-Gly-GCC
tRNA,test,tRNA_tdbR00000133-Bombyx_mori-7091-Gly-GCC
tRNA,test,tRNA_tdbR00000134-Bombyx_mori-7091-Gly-CC
tRNA,test,tRNA_tdbR00000135-Homo_sapiens-9606-Gly-CCC
tRNA,test,tRNA_tdbR00000136-Homo_sapiens-9606-Gly-GCC
tRNA,test,tRNA_tdbR00000138-Haloferax_volcanii-2246-His-GUG
tRNA,test,tRNA_tdbR00000139-Mycoplasma_capricolum-2095-His-GUK
tRNA,test,tRNA_tdbR00000140-Escherichia_coli-562-His-QUG
tRNA,test,tRNA_tdbR00000141-Salmonella_typhimurium-602-His-QUG
tRNA,test,tRNA_tdbR00000142-Saccharomyces_cerevisiae-4932-His-GUG
tRNA,test,tRNA_tdbR00000143-Asterias_amurensis-7602-His-QUG
tRNA,test,tRNA_tdbR00000144-Saccharomyces_cerevisiae-4932-His-GUG
tRNA,test,tRNA_tdbR00000145-Saccharomyces_cerevisiae-4932-His-GUG
tRNA,test,tRNA_tdbR00000146-Lupinus_luteus-3873-His-GUG
tRNA,test,tRNA_tdbR00000147-Drosophila_melanogaster-7227-His-GUG
tRNA,test,tRNA_tdbR00000148-Ovis_aries-9940-His-QUG
tRNA,test,tRNA_tdbR00000149-Homo_sapiens-9606-His-GUG
tRNA,test,tRNA_tdbR00000151-Haloferax_volcanii-2246-Ile-GAU
tRNA,test,tRNA_tdbR00000152-Haloferax_volcanii-2246-Ile-NAU
tRNA,test,tRNA_tdbR00000153-Mycoplasma_capricolum-2095-Ile-AU
tRNA,test,tRNA_tdbR00000154-Mycoplasma_capricolum-2095-Ile-GAU
tRNA,test,tRNA_tdbR00000155-Mycoplasma_mycoides-2102-Ile-GAU
tRNA,test,tRNA_tdbR00000156-Bacillus_subtilis-1423-Ile-AU
tRNA,test,tRNA_tdbR00000157-Thermus_thermophilus-274-Ile-GAU
tRNA,test,tRNA_tdbR00000158-Escherichia_coli-562-Ile-GAU
tRNA,test,tRNA_tdbR00000159-Escherichia_coli-562-Ile-GAU
tRNA,test,tRNA_tdbR00000160-Escherichia_coli-562-Ile-AU
tRNA,test,tRNA_tdbR00000161-Zea_mays-4577-Ile-GAU
tRNA,test,tRNA_tdbR00000162-Spinacia_oleracea-3562-Ile-GAU
tRNA,test,tRNA_tdbR00000164-Saccharomyces_cerevisiae-4932-Ile-GAU
tRNA,test,tRNA_tdbR00000165-Solanum_tuberosum-4113-Ile-AU
tRNA,test,tRNA_tdbR00000167-Aedes_albopictus-7160-Ile-GAU
tRNA,test,tRNA_tdbR00000168-Bos_taurus-9913-Ile-GAU
tRNA,test,tRNA_tdbR00000169-Homo_sapiens-9606-Ile-GAU
tRNA,test,tRNA_tdbR00000170-Saccharomyces_cerevisiae-4932-Ile-IAU
tRNA,test,tRNA_tdbR00000171-Pichia_jadinii-4903-Ile-IAU
tRNA,test,tRNA_tdbR00000172-Lupinus_luteus-3873-Ile-IAU
tRNA,test,tRNA_tdbR00000173-Bombyx_mori-7091-Ile-IAU
tRNA,test,tRNA_tdbR00000174-Mus_musculus-10090-Ile-IAU
tRNA,test,tRNA_tdbR00000175-Haloferax_volcanii-2246-Lys-NUU
tRNA,test,tRNA_tdbR00000176-Haloferax_volcanii-2246-Lys-MUU
tRNA,test,tRNA_tdbR00000177-Mycoplasma_capricolum-2095-Lys-CUU
tRNA,test,tRNA_tdbR00000178-Mycoplasma_capricolum-2095-Lys-UU
tRNA,test,tRNA_tdbR00000179-Bacillus_subtilis-1423-Lys-UU
tRNA,test,tRNA_tdbR00000180-Bacillus_subtilis-1423-Lys-UU
tRNA,test,tRNA_tdbR00000181-Escherichia_coli-562-Lys-SUU
tRNA,test,tRNA_tdbR00000182-Codium_fragile-3133-Lys-NUU
tRNA,test,tRNA_tdbR00000184-Asterias_amurensis-7602-Lys-CUU
tRNA,test,tRNA_tdbR00000187-Loligo_bleekeri-6617-Lys-CUU
tRNA,test,tRNA_tdbR00000189-Rattus_norvegicus-10116-Lys-NUU
tRNA,test,tRNA_tdbR00000190-Bos_taurus-9913-Lys-NUU
tRNA,test,tRNA_tdbR00000191-Mesocricetus_auratus-10036-Lys-NUU
tRNA,test,tRNA_tdbR00000192-Saccharomyces_cerevisiae-4932-Lys-CUU
tRNA,test,tRNA_tdbR00000193-Saccharomyces_cerevisiae-4932-Lys-UU
tRNA,test,tRNA_tdbR00000194-Triticum_aestivum-4565-Lys-CUU
tRNA,test,tRNA_tdbR00000195-Rattus_norvegicus-10116-Lys-CUN
tRNA,test,tRNA_tdbR00000196-Rattus_norvegicus-10116-Lys-CUN
tRNA,test,tRNA_tdbR00000197-Rattus_norvegicus-10116-Lys-3UU
tRNA,test,tRNA_tdbR00000198-Oryctolagus_cuniculus-9986-Lys-CUU
tRNA,test,tRNA_tdbR00000199-Oryctolagus_cuniculus-9986-Lys-CUU
tRNA,test,tRNA_tdbR00000200-Oryctolagus_cuniculus-9986-Lys-3UU
tRNA,test,tRNA_tdbR00000201-Drosophila_melanogaster-7227-Lys-CUU
tRNA,test,tRNA_tdbR00000202-Drosophila_melanogaster-7227-Lys-UU
tRNA,test,tRNA_tdbR00000203-Loligo_bleekeri-6617-Lys-NUU
tRNA,test,tRNA_tdbR00000204-Loligo_bleekeri-6617-Lys-CUU
tRNA,test,tRNA_tdbR00000205-Loligo_bleekeri-6617-Lys-NUU
tRNA,test,tRNA_tdbR00000206-Loligo_bleekeri-6617-Lys-UUU
tRNA,test,tRNA_tdbR00000207-Mus_musculus-10090-Lys-CUU
tRNA,test,tRNA_tdbR00000208-Mus_musculus-10090-Lys-CUN
tRNA,test,tRNA_tdbR00000209-Enterobacteria_phage_T4-10665-Leu-NAA
tRNA,test,tRNA_tdbR00000210-Enterobacteria_phage_T5-10726-Leu-UAG
tRNA,test,tRNA_tdbR00000211-Haloferax_volcanii-2246-Leu-CAA
tRNA,test,tRNA_tdbR00000212-Haloferax_volcanii-2246-Leu-CAG
tRNA,test,tRNA_tdbR00000213-Haloferax_volcanii-2246-Leu-GAG
tRNA,test,tRNA_tdbR00000214-Haloferax_volcanii-2246-Leu-UAA
tRNA,test,tRNA_tdbR00000215-Haloferax_volcanii-2246-Leu-5AG
tRNA,test,tRNA_tdbR00000216-Mycoplasma_capricolum-2095-Leu-BAA
tRNA,test,tRNA_tdbR00000217-Mycoplasma_capricolum-2095-Leu-AA
tRNA,test,tRNA_tdbR00000218-Mycoplasma_capricolum-2095-Leu-UAG
tRNA,test,tRNA_tdbR00000219-Bacillus_subtilis-1423-Leu-CAG
tRNA,test,tRNA_tdbR00000220-Escherichia_coli-562-Leu-HAA
tRNA,test,tRNA_tdbR00000221-Escherichia_coli-562-Leu-CAG
tRNA,test,tRNA_tdbR00000222-Escherichia_coli-562-Leu-GAG
tRNA,test,tRNA_tdbR00000223-Salmonella_typhimurium-602-Leu-CAG
tRNA,test,tRNA_tdbR00000224-Rhodospirillum_rubrum-1085-Leu-CAA
tRNA,test,tRNA_tdbR00000225-Synechococcus_elongatus_PCC_6301-269084-Leu-CAA
tRNA,test,tRNA_tdbR00000226-Synechococcus_elongatus_PCC_6301-269084-Leu-CAG
tRNA,test,tRNA_tdbR00000227-Geobacillus_stearothermophilus-1422-Leu-BAA
tRNA,test,tRNA_tdbR00000228-Glycine_max-3847-Leu-BAA
tRNA,test,tRNA_tdbR00000229-Glycine_max-3847-Leu-JAA
tRNA,test,tRNA_tdbR00000230-Glycine_max-3847-Leu-UA7
tRNA,test,tRNA_tdbR00000231-Phaseolus_vulgaris-3885-Leu-BAA
tRNA,test,tRNA_tdbR00000232-Phaseolus_vulgaris-3885-Leu-NAA
tRNA,test,tRNA_tdbR00000233-Phaseolus_vulgaris-3885-Leu-UA7
tRNA,test,tRNA_tdbR00000234-Spinacia_oleracea-3562-Leu-UA7
tRNA,test,tRNA_tdbR00000235-Neurospora_crassa-5141-Leu-NAA
tRNA,test,tRNA_tdbR00000236-Neurospora_crassa-5141-Leu-UAG
tRNA,test,tRNA_tdbR00000237-Saccharomyces_cerevisiae-4932-Leu-AA
tRNA,test,tRNA_tdbR00000243-Rattus_norvegicus-10116-Leu-UAG
tRNA,test,tRNA_tdbR00000244-Rattus_norvegicus-10116-Leu-UAG
tRNA,test,tRNA_tdbR00000245-Rattus_norvegicus-10116-Leu-UAG
tRNA,test,tRNA_tdbR00000246-Bos_taurus-9913-Leu-NAA
tRNA,test,tRNA_tdbR00000247-Bos_taurus-9913-Leu-UAG
tRNA,test,tRNA_tdbR00000249-Saccharomyces_cerevisiae-4932-Leu-CAA
tRNA,test,tRNA_tdbR00000250-Saccharomyces_cerevisiae-4932-Leu-UAG
tRNA,test,tRNA_tdbR00000251-Saccharomyces_cerevisiae-4932-Leu-UAA
tRNA,test,tRNA_tdbR00000252-Pichia_jadinii-4903-Leu-BAA
tRNA,test,tRNA_tdbR00000253-Candida_cylindracea-44322-Leu-BAA
tRNA,test,tRNA_tdbR00000254-Candida_cylindracea-44322-Leu-IAG
tRNA,test,tRNA_tdbR00000255-Candida_cylindracea-44322-Leu-IAG
tRNA,test,tRNA_tdbR00000261-Cucumis_sativus-3659-Leu-NAA
tRNA,test,tRNA_tdbR00000262-Rattus_norvegicus-10116-Leu-AA
tRNA,test,tRNA_tdbR00000263-Rattus_norvegicus-10116-Leu-AA
tRNA,test,tRNA_tdbR00000264-Caenorhabditis_elegans-6239-Leu-IAG
tRNA,test,tRNA_tdbR00000265-Bos_taurus-9913-Leu-IAG
tRNA,test,tRNA_tdbR00000266-Bos_taurus-9913-Leu-AA
tRNA,test,tRNA_tdbR00000267-Bos_taurus-9913-Leu-IAG
tRNA,test,tRNA_tdbR00000270-Avian_myeloblastosis_virus-11866-Met-BAU
tRNA,test,tRNA_tdbR00000271-Haloferax_volcanii-2246-Met-BAU
tRNA,test,tRNA_tdbR00000272-Thermoplasma_acidophilum-2303-Met-CAU
tRNA,test,tRNA_tdbR00000273-Mycoplasma_capricolum-2095-Met-CAU
tRNA,test,tRNA_tdbR00000274-Bacillus_subtilis-1423-Met-CAU
tRNA,test,tRNA_tdbR00000275-Thermus_thermophilus-274-Met-CAU
tRNA,test,tRNA_tdbR00000276-Escherichia_coli-562-Met-MAU
tRNA,test,tRNA_tdbR00000277-Codium_fragile-3133-Met-CAU
tRNA,test,tRNA_tdbR00000278-Scenedesmus_obliquus-3088-Met-CAU
tRNA,test,tRNA_tdbR00000279-Spinacia_oleracea-3562-Met-CAU
tRNA,test,tRNA_tdbR00000280-Saccharomyces_cerevisiae-4932-Met-CAU
tRNA,test,tRNA_tdbR00000281-Phaseolus_vulgaris-3885-Met-CAU
tRNA,test,tRNA_tdbR00000282-Ascaris_suum-6253-Met-AU
tRNA,test,tRNA_tdbR00000283-Gallus_gallus-9031-Met-AU
tRNA,test,tRNA_tdbR00000284-Saccharomyces_cerevisiae-4932-Met-CAU
tRNA,test,tRNA_tdbR00000285-Triticum_aestivum-4565-Met-BAU
tRNA,test,tRNA_tdbR00000286-Lupinus_luteus-3873-Met-BAU
tRNA,test,tRNA_tdbR00000287-Oryctolagus_cuniculus-9986-Met-BAU
tRNA,test,tRNA_tdbR00000288-Mus_musculus-10090-Met-BAU
tRNA,test,tRNA_tdbR00000289-Homo_sapiens-9606-Met-BAU
tRNA,test,tRNA_tdbR00000290-Enterobacteria_phage_T5-10726-Asn-GUU
tRNA,test,tRNA_tdbR00000291-Halobacterium_salinarum-2242-Asn-GUU
tRNA,test,tRNA_tdbR00000292-Haloferax_volcanii-2246-Asn-GUU
tRNA,test,tRNA_tdbR00000293-Methanobacterium_thermaggregans-83982-Asn-UU
tRNA,test,tRNA_tdbR00000294-Mycoplasma_capricolum-2095-Asn-GUU
tRNA,test,tRNA_tdbR00000295-Escherichia_coli-562-Asn-QUU
tRNA,test,tRNA_tdbR00000296-Azospirillum_lipoferum-193-Asn-QUU
tRNA,test,tRNA_tdbR00000297-Azospirillum_lipoferum-193-Asn-QUU
tRNA,test,tRNA_tdbR00000298-Asterias_amurensis-7602-Asn-GUU
tRNA,test,tRNA_tdbR00000299-Asterias_amurensis-7602-Asn-GPU
tRNA,test,tRNA_tdbR00000300-Saccharomyces_cerevisiae-4932-Asn-GUU
tRNA,test,tRNA_tdbR00000301-Lupinus_luteus-3873-Asn-UU
tRNA,test,tRNA_tdbR00000307-Moloney_murine_leukemia_virus-11801-Pro-IGG
tRNA,test,tRNA_tdbR00000308-Moloney_murine_leukemia_virus-11801-Pro-NGG
tRNA,test,tRNA_tdbR00000309-Enterobacteria_phage_T4-10665-Pro-NGG
tRNA,test,tRNA_tdbR00000310-Enterobacteria_phage_T5-10726-Pro-UGG
tRNA,test,tRNA_tdbR00000311-Haloferax_volcanii-2246-Pro-MGG
tRNA,test,tRNA_tdbR00000312-Haloferax_volcanii-2246-Pro-GGG
tRNA,test,tRNA_tdbR00000313-Haloferax_volcanii-2246-Pro-UGG
tRNA,test,tRNA_tdbR00000314-Mycoplasma_capricolum-2095-Pro-UGG
tRNA,test,tRNA_tdbR00000315-Mycoplasma_mycoides-2102-Pro-UGG
tRNA,test,tRNA_tdbR00000316-Bacillus_subtilis-1423-Pro-5GG
tRNA,test,tRNA_tdbR00000317-Salmonella_typhimurium-602-Pro-CGG
tRNA,test,tRNA_tdbR00000318-Salmonella_typhimurium-602-Pro-GGG
tRNA,test,tRNA_tdbR00000319-Salmonella_typhimurium-602-Pro-VGG
tRNA,test,tRNA_tdbR00000320-Spinacia_oleracea-3562-Pro-NGG
tRNA,test,tRNA_tdbR00000321-Saccharomyces_cerevisiae-4932-Pro-UGG
tRNA,test,tRNA_tdbR00000322-Phaseolus_vulgaris-3885-Pro-UGG
tRNA,test,tRNA_tdbR00000323-Saccharomyces_cerevisiae-4932-Pro-NGG
tRNA,test,tRNA_tdbR00000324-Saccharomyces_cerevisiae-4932-Pro-NGG
tRNA,test,tRNA_tdbR00000325-Pichia_jadinii-4903-Pro-GG
tRNA,test,tRNA_tdbR00000326-Lupinus_luteus-3873-Pro-IGG
tRNA,test,tRNA_tdbR00000327-Enterobacteria_phage_T4-10665-Gln-NUG
tRNA,test,tRNA_tdbR00000328-Enterobacteria_phage_T5-10726-Gln-UUG
tRNA,test,tRNA_tdbR00000330-Haloferax_volcanii-2246-Gln-MUG
tRNA,test,tRNA_tdbR00000331-Mycoplasma_capricolum-2095-Gln-UG
tRNA,test,tRNA_tdbR00000332-Escherichia_coli-562-Gln-CUG
tRNA,test,tRNA_tdbR00000333-Escherichia_coli-562-Gln-NUG
tRNA,test,tRNA_tdbR00000334-Hordeum_vulgare-4513-Gln-UG
tRNA,test,tRNA_tdbR00000335-Nicotiana_rustica-4093-Gln-NUG
tRNA,test,tRNA_tdbR00000336-Aedes_albopictus-7160-Gln-NUG
tRNA,test,tRNA_tdbR00000337-Tetrahymena_thermophila-5911-Gln-CUA
tRNA,test,tRNA_tdbR00000338-Tetrahymena_thermophila-5911-Gln-JUA
tRNA,test,tRNA_tdbR00000339-Tetrahymena_thermophila-5911-Gln-JUG
tRNA,test,tRNA_tdbR00000340-Nicotiana_rustica-4093-Gln-JUG
tRNA,test,tRNA_tdbR00000341-Rattus_norvegicus-10116-Gln-CUG
tRNA,test,tRNA_tdbR00000342-Bos_taurus-9913-Gln-CUG
tRNA,test,tRNA_tdbR00000343-Mus_musculus-10090-Gln-CUG
tRNA,test,tRNA_tdbR00000344-Mus_musculus-10090-Gln-JUG
tRNA,test,tRNA_tdbR00000345-Homo_sapiens-9606-Gln-NUG
tRNA,test,tRNA_tdbR00000346-Homo_sapiens-9606-Gln-NUG
tRNA,test,tRNA_tdbR00000347-Enterobacteria_phage_T4-10665-Arg-NCU
tRNA,test,tRNA_tdbR00000348-Halobacterium_salinarum-2242-Arg-GCG
tRNA,test,tRNA_tdbR00000349-Haloferax_volcanii-2246-Arg-CCG
tRNA,test,tRNA_tdbR00000350-Haloferax_volcanii-2246-Arg-GCG
tRNA,test,tRNA_tdbR00000351-Haloferax_volcanii-2246-Arg-NCG
tRNA,test,tRNA_tdbR00000352-Mycoplasma_capricolum-2095-Arg-ICG
tRNA,test,tRNA_tdbR00000353-Mycoplasma_capricolum-2095-Arg-CU
tRNA,test,tRNA_tdbR00000354-Bacillus_subtilis-1423-Arg-ICG
tRNA,test,tRNA_tdbR00000355-Escherichia_coli-562-Arg-ICG
tRNA,test,tRNA_tdbR00000356-Escherichia_coli-562-Arg-ICG
tRNA,test,tRNA_tdbR00000357-Escherichia_coli-562-Arg-CU
tRNA,test,tRNA_tdbR00000358-Escherichia_coli-562-Arg-CU
tRNA,test,tRNA_tdbR00000359-Escherichia_coli-562-Arg-CCG
tRNA,test,tRNA_tdbR00000360-Codium_fragile-3133-Arg-ICG
tRNA,test,tRNA_tdbR00000361-Saccharomyces_cerevisiae-4932-Arg-ACG
tRNA,test,tRNA_tdbR00000362-Saccharomyces_cerevisiae-4932-Arg-NCU
tRNA,test,tRNA_tdbR00000363-Ascaris_suum-6253-Arg-PCU
tRNA,test,tRNA_tdbR00000364-Ascaris_suum-6253-Arg-ACG
tRNA,test,tRNA_tdbR00000365-Aedes_albopictus-7160-Arg-UCG
tRNA,test,tRNA_tdbR00000366-Rattus_norvegicus-10116-Arg-UCG
tRNA,test,tRNA_tdbR00000367-Bos_taurus-9913-Arg-UCG
tRNA,test,tRNA_tdbR00000368-Mesocricetus_auratus-10036-Arg-UCG
tRNA,test,tRNA_tdbR00000369-Saccharomyces_cerevisiae-4932-Arg-ICG
tRNA,test,tRNA_tdbR00000370-Saccharomyces_cerevisiae-4932-Arg-1CU
tRNA,test,tRNA_tdbR00000371-Saccharomyces_cerevisiae-4932-Arg-1CU
tRNA,test,tRNA_tdbR00000372-Triticum_aestivum-4565-Arg-CCG
tRNA,test,tRNA_tdbR00000373-Triticum_aestivum-4565-Arg-ICG
tRNA,test,tRNA_tdbR00000374-Bos_taurus-9913-Arg-CCG
tRNA,test,tRNA_tdbR00000375-Bos_taurus-9913-Arg-CCU
tRNA,test,tRNA_tdbR00000376-Bos_taurus-9913-Arg-3CP
tRNA,test,tRNA_tdbR00000377-Mus_musculus-10090-Arg-ICG
tRNA,test,tRNA_tdbR00000378-Mus_musculus-10090-Arg-ICG
tRNA,test,tRNA_tdbR00000379-Enterobacteria_phage_T4-10665-Ser-NGA
tRNA,test,tRNA_tdbR00000380-Halobacterium_salinarum-2242-Ser-MGA
tRNA,test,tRNA_tdbR00000381-Haloferax_volcanii-2246-Ser-GCU
tRNA,test,tRNA_tdbR00000382-Haloferax_volcanii-2246-Ser-MGA
tRNA,test,tRNA_tdbR00000383-Haloferax_volcanii-2246-Ser-GGA
tRNA,test,tRNA_tdbR00000384-Mycoplasma_capricolum-2095-Ser-GCU
tRNA,test,tRNA_tdbR00000385-Mycoplasma_capricolum-2095-Ser-UGA
tRNA,test,tRNA_tdbR00000386-Mycoplasma_mycoides-2102-Ser-UGA
tRNA,test,tRNA_tdbR00000387-Bacillus_subtilis-1423-Ser-5GA
tRNA,test,tRNA_tdbR00000389-Bacillus_subtilis-1423-Ser-GGA
tRNA,test,tRNA_tdbR00000390-Escherichia_coli-562-Ser-CGA
tRNA,test,tRNA_tdbR00000391-Escherichia_coli-562-Ser-GCU
tRNA,test,tRNA_tdbR00000392-Escherichia_coli-562-Ser-GGA
tRNA,test,tRNA_tdbR00000393-Escherichia_coli-562-Ser-GGA
tRNA,test,tRNA_tdbR00000394-Escherichia_coli-562-Ser-VGA
tRNA,test,tRNA_tdbR00000395-Saccharomyces_cerevisiae-4932-Ser-GCU
tRNA,test,tRNA_tdbR00000396-Saccharomyces_cerevisiae-4932-Ser-UGA
tRNA,test,tRNA_tdbR00000397-Saccharomyces_cerevisiae-4932-Ser-UGA
tRNA,test,tRNA_tdbR00000398-Ascaris_suum-6253-Ser-UCU
tRNA,test,tRNA_tdbR00000399-Aedes_albopictus-7160-Ser-GCU
tRNA,test,tRNA_tdbR00000400-Loligo_bleekeri-6617-Ser-7CU
tRNA,test,tRNA_tdbR00000403-Bos_taurus-9913-Ser-UGA
tRNA,test,tRNA_tdbR00000406-Saccharomyces_cerevisiae-4932-Ser-NGA
tRNA,test,tRNA_tdbR00000407-Saccharomyces_cerevisiae-4932-Ser-IGA
tRNA,test,tRNA_tdbR00000408-Saccharomyces_cerevisiae-4932-Ser-IGA
tRNA,test,tRNA_tdbR00000409-Candida_cylindracea-44322-Ser-CAG
tRNA,test,tRNA_tdbR00000410-Candida_cylindracea-44322-Ser-GA
tRNA,test,tRNA_tdbR00000411-Candida_cylindracea-44322-Ser-IGA
tRNA,test,tRNA_tdbR00000412-Candida_cylindracea-44322-Ser-CGA
tRNA,test,tRNA_tdbR00000413-Candida_cylindracea-44322-Ser-GCU
tRNA,test,tRNA_tdbR00000414-Lupinus_luteus-3873-Ser-CGA
tRNA,test,tRNA_tdbR00000415-Nicotiana_rustica-4093-Ser-GA
tRNA,test,tRNA_tdbR00000416-Nicotiana_rustica-4093-Ser-CGA
tRNA,test,tRNA_tdbR00000417-Nicotiana_rustica-4093-Ser-GCU
tRNA,test,tRNA_tdbR00000418-Nicotiana_rustica-4093-Ser-IGA
tRNA,test,tRNA_tdbR00000419-Nicotiana_rustica-4093-Ser-IGA
tRNA,test,tRNA_tdbR00000420-Spinacia_oleracea-3562-Ser-IGA
tRNA,test,tRNA_tdbR00000421-Rattus_norvegicus-10116-Ser-IGA
tRNA,test,tRNA_tdbR00000422-Rattus_norvegicus-10116-Ser-GCU
tRNA,test,tRNA_tdbR00000423-Rattus_norvegicus-10116-Ser-IGA
tRNA,test,tRNA_tdbR00000424-Drosophila_melanogaster-7227-Ser-GCU
tRNA,test,tRNA_tdbR00000425-Drosophila_melanogaster-7227-Ser-IGA
tRNA,test,tRNA_tdbR00000426-Drosophila_melanogaster-7227-Ser-CGA
tRNA,test,tRNA_tdbR00000427-Gallus_gallus-9031-Ser-UGA
tRNA,test,tRNA_tdbR00000428-Homo_sapiens-9606-Ser-UGA
tRNA,test,tRNA_tdbR00000429-Enterobacteria_phage_T4-10665-Thr-NGU
tRNA,test,tRNA_tdbR00000430-Halobacterium_salinarum-2242-Thr-GGU
tRNA,test,tRNA_tdbR00000431-Haloferax_volcanii-2246-Thr-CGU
tRNA,test,tRNA_tdbR00000432-Haloferax_volcanii-2246-Thr-GGU
tRNA,test,tRNA_tdbR00000433-Mycoplasma_capricolum-2095-Thr-AGU
tRNA,test,tRNA_tdbR00000434-Mycoplasma_capricolum-2095-Thr-UGU
tRNA,test,tRNA_tdbR00000435-Mycoplasma_mycoides-2102-Thr-UGU
tRNA,test,tRNA_tdbR00000436-Bacillus_subtilis-1423-Thr-5GU
tRNA,test,tRNA_tdbR00000437-Escherichia_coli-562-Thr-GGU
tRNA,test,tRNA_tdbR00000438-Escherichia_coli-562-Thr-GGU
tRNA,test,tRNA_tdbR00000439-Spinacia_oleracea-3562-Thr-GGU
tRNA,test,tRNA_tdbR00000440-Neurospora_crassa-5141-Thr-UGU
tRNA,test,tRNA_tdbR00000443-Saccharomyces_cerevisiae-4932-Thr-IGU
tRNA,test,tRNA_tdbR00000444-Saccharomyces_cerevisiae-4932-Thr-IGU
tRNA,test,tRNA_tdbR00000445-Bos_taurus-9913-Thr-IGU
tRNA,test,tRNA_tdbR00000446-Halobacterium_salinarum-2242-Val-CAC
tRNA,test,tRNA_tdbR00000447-Halobacterium_salinarum-2242-Val-CAC
tRNA,test,tRNA_tdbR00000448-Halobacterium_salinarum-2242-Val-GAC
tRNA,test,tRNA_tdbR00000449-Haloferax_volcanii-2246-Val-CAC
tRNA,test,tRNA_tdbR00000450-Haloferax_volcanii-2246-Val-GAC
tRNA,test,tRNA_tdbR00000451-Mycoplasma_capricolum-2095-Val-UAC
tRNA,test,tRNA_tdbR00000452-Mycoplasma_mycoides-2102-Val-UAC
tRNA,test,tRNA_tdbR00000453-Bacillus_subtilis-1423-Val-5AC
tRNA,test,tRNA_tdbR00000454-Escherichia_coli-562-Val-GAC
tRNA,test,tRNA_tdbR00000455-Escherichia_coli-562-Val-GAC
tRNA,test,tRNA_tdbR00000456-Escherichia_coli-562-Val-VAC
tRNA,test,tRNA_tdbR00000457-Geobacillus_stearothermophilus-1422-Val-GAC
tRNA,test,tRNA_tdbR00000459-Neurospora_crassa-5141-Val-UAC
tRNA,test,tRNA_tdbR00000460-Aedes_albopictus-7160-Val-UAC
tRNA,test,tRNA_tdbR00000461-Rattus_norvegicus-10116-Val-UAC
tRNA,test,tRNA_tdbR00000462-Rattus_norvegicus-10116-Val-UAC
tRNA,test,tRNA_tdbR00000463-Bos_taurus-9913-Val-UAC
tRNA,test,tRNA_tdbR00000464-Saccharomyces_cerevisiae-4932-Val-IAC
tRNA,test,tRNA_tdbR00000465-Saccharomyces_cerevisiae-4932-Val-CAC
tRNA,test,tRNA_tdbR00000466-Saccharomyces_cerevisiae-4932-Val-AC
tRNA,test,tRNA_tdbR00000467-Pichia_jadinii-4903-Val-IAC
tRNA,test,tRNA_tdbR00000468-Lupinus_luteus-3873-Val-IAC
tRNA,test,tRNA_tdbR00000469-Rattus_norvegicus-10116-Val-IAC
tRNA,test,tRNA_tdbR00000471-Oryctolagus_cuniculus-9986-Val-IAC
tRNA,test,tRNA_tdbR00000472-Drosophila_melanogaster-7227-Val-IAC
tRNA,test,tRNA_tdbR00000473-Drosophila_melanogaster-7227-Val-CAC
tRNA,test,tRNA_tdbR00000474-Drosophila_melanogaster-7227-Val-NAC
tRNA,test,tRNA_tdbR00000475-Mus_musculus-10090-Val-IAC
tRNA,test,tRNA_tdbR00000477-Avian_myeloblastosis_virus-11866-Trp-BCA
tRNA,test,tRNA_tdbR00000478-Haloferax_volcanii-2246-Trp-BCA
tRNA,test,tRNA_tdbR00000479-Mycoplasma_capricolum-2095-Trp-BCA
tRNA,test,tRNA_tdbR00000480-Mycoplasma_capricolum-2095-Trp-CA
tRNA,test,tRNA_tdbR00000481-Spiroplasma_citri-2133-Trp-NCA
tRNA,test,tRNA_tdbR00000482-Spiroplasma_citri-2133-Trp-CCA
tRNA,test,tRNA_tdbR00000483-Bacillus_subtilis-1423-Trp-CCA
tRNA,test,tRNA_tdbR00000484-Escherichia_coli-562-Trp-CCA
tRNA,test,tRNA_tdbR00000485-Nicotiana_tabacum-4097-Trp-BCA
tRNA,test,tRNA_tdbR00000486-Phaseolus_vulgaris-3885-Trp-BCA
tRNA,test,tRNA_tdbR00000488-Tetrahymena_thermophila-5911-Trp-CA
tRNA,test,tRNA_tdbR00000489-Neurospora_crassa-5141-Trp-NCA
tRNA,test,tRNA_tdbR00000490-Saccharomyces_cerevisiae-4932-Trp-CA
tRNA,test,tRNA_tdbR00000492-Rattus_norvegicus-10116-Trp-NCA
tRNA,test,tRNA_tdbR00000493-Bos_taurus-9913-Trp-NCA
tRNA,test,tRNA_tdbR00000494-Saccharomyces_cerevisiae-4932-Trp-BCA
tRNA,test,tRNA_tdbR00000495-Triticum_aestivum-4565-Trp-BCA
tRNA,test,tRNA_tdbR00000496-Nicotiana_tabacum-4097-Trp-BCA
tRNA,test,tRNA_tdbR00000497-Bos_taurus-9913-Trp-BCA
tRNA,test,tRNA_tdbR00000498-Gallus_gallus-9031-Trp-BCA
tRNA,test,tRNA_tdbR00000499-Halobacterium_salinarum-2242-Ini-CAU
tRNA,test,tRNA_tdbR00000500-Haloferax_volcanii-2246-Ini-CAU
tRNA,test,tRNA_tdbR00000503-Thermoplasma_acidophilum-2303-Ini-CAU
tRNA,test,tRNA_tdbR00000504-Mycoplasma_capricolum-2095-Ini-CAU
tRNA,test,tRNA_tdbR00000505-Mycoplasma_mycoides-2102-Ini-CAU
tRNA,test,tRNA_tdbR00000506-Streptomyces_griseus-1911-Ini-CAU
tRNA,test,tRNA_tdbR00000507-Bacillus_subtilis-1423-Ini-CAU
tRNA,test,tRNA_tdbR00000508-Thermus_thermophilus-274-Ini-CAU
tRNA,test,tRNA_tdbR00000509-Thermus_thermophilus-274-Ini-CAU
tRNA,test,tRNA_tdbR00000510-Escherichia_coli-562-Ini-CAU
tRNA,test,tRNA_tdbR00000511-Escherichia_coli-562-Ini-CAU
tRNA,test,tRNA_tdbR00000512-Mycobacterium_smegmatis-1772-Ini-CAU
tRNA,test,tRNA_tdbR00000513-Synechococcus_elongatus_PCC_6301-269084-Ini-CAU
tRNA,test,tRNA_tdbR00000514-Scenedesmus_obliquus-3088-Ini-CAU
tRNA,test,tRNA_tdbR00000515-Phaseolus_vulgaris-3885-Ini-CAU
tRNA,test,tRNA_tdbR00000516-Spinacia_oleracea-3562-Ini-CAU
tRNA,test,tRNA_tdbR00000517-Neurospora_crassa-5141-Ini-CAU
tRNA,test,tRNA_tdbR00000518-Saccharomyces_cerevisiae-4932-Ini-CAU
tRNA,test,tRNA_tdbR00000519-Phaseolus_vulgaris-3885-Ini-CAU
tRNA,test,tRNA_tdbR00000520-Aedes_albopictus-7160-Ini-CAU
tRNA,test,tRNA_tdbR00000521-Bos_taurus-9913-Ini-CAU
tRNA,test,tRNA_tdbR00000522-Bos_taurus-9913-Ini-AU
tRNA,test,tRNA_tdbR00000523-Tetrahymena_thermophila-5911-Ini-CAU
tRNA,test,tRNA_tdbR00000524-Scenedesmus_obliquus-3088-Ini-CAU
tRNA,test,tRNA_tdbR00000526-Saccharomyces_cerevisiae-4932-Ini-CAU
tRNA,test,tRNA_tdbR00000527-Schizosaccharomyces_pombe-4896-Ini-CAU
tRNA,test,tRNA_tdbR00000528-Pichia_jadinii-4903-Ini-CAU
tRNA,test,tRNA_tdbR00000529-Triticum_aestivum-4565-Ini-CAU
tRNA,test,tRNA_tdbR00000531-Phaseolus_vulgaris-3885-Ini-CAU
tRNA,test,tRNA_tdbR00000532-Oryctolagus_cuniculus-9986-Ini-CAU
tRNA,test,tRNA_tdbR00000533-Drosophila_melanogaster-7227-Ini-CAU
tRNA,test,tRNA_tdbR00000534-Euphausia_superba-6819-Ini-CAU
tRNA,test,tRNA_tdbR00000535-Xenopus_laevis-8355-Ini-CAU
tRNA,test,tRNA_tdbR00000536-Salmo_salar-8030-Ini-CAU
tRNA,test,tRNA_tdbR00000537-Mus_musculus-10090-Ini-CAU
tRNA,test,tRNA_tdbR00000538-Asterina_amurensis-69830-Ini-CAU
tRNA,test,tRNA_tdbR00000539-Ovis_aries-9940-Ini-CAU
tRNA,test,tRNA_tdbR00000540-Homo_sapiens-9606-Ini-CAU
tRNA,test,tRNA_tdbR00000541-Haloferax_volcanii-2246-Tyr-GUA
tRNA,test,tRNA_tdbR00000542-Mycoplasma_capricolum-2095-Tyr-GUA
tRNA,test,tRNA_tdbR00000543-Bacillus_subtilis-1423-Tyr-QUA
tRNA,test,tRNA_tdbR00000544-Bacillus_subtilis-1423-Tyr-QUA
tRNA,test,tRNA_tdbR00000545-Escherichia_coli-562-Tyr-QUA
tRNA,test,tRNA_tdbR00000546-Escherichia_coli-562-Tyr-QUA
tRNA,test,tRNA_tdbR00000547-Geobacillus_stearothermophilus-1422-Tyr-QUA
tRNA,test,tRNA_tdbR00000548-Scenedesmus_obliquus-3088-Tyr-GUA
tRNA,test,tRNA_tdbR00000549-Tetrahymena_pyriformis-5908-Tyr-QUA
tRNA,test,tRNA_tdbR00000550-Neurospora_crassa-5141-Tyr-GUA
tRNA,test,tRNA_tdbR00000551-Saccharomyces_cerevisiae-4932-Tyr-GUA
tRNA,test,tRNA_tdbR00000553-Asterias_amurensis-7602-Tyr-GUA
tRNA,test,tRNA_tdbR00000555-Saccharomyces_cerevisiae-4932-Tyr-GPA
tRNA,test,tRNA_tdbR00000556-Schizosaccharomyces_pombe-4896-Tyr-GPA
tRNA,test,tRNA_tdbR00000557-Pichia_jadinii-4903-Tyr-GPA
tRNA,test,tRNA_tdbR00000558-Triticum_aestivum-4565-Tyr-QPA
tRNA,test,tRNA_tdbR00000559-Triticum_aestivum-4565-Tyr-GPA
tRNA,test,tRNA_tdbR00000560-Lupinus_luteus-3873-Tyr-GPA
tRNA,test,tRNA_tdbR00000561-Nicotiana_rustica-4093-Tyr-GPA
tRNA,test,tRNA_tdbR00000562-Nicotiana_rustica-4093-Tyr-GPA
tRNA,test,tRNA_tdbR00000563-Lupinus_albus-3870-Tyr-GPA
tRNA,test,tRNA_tdbR00000564-Drosophila_melanogaster-7227-Tyr-QPA
tRNA,test,tRNA_tdbR00000565-Bos_taurus-9913-Tyr-9PA
tRNA,test,tRNA_tdbR00000566-Homo_sapiens-9606-Tyr-9PA
tRNA,test,tRNA_tdbR00000567-Homo_sapiens-9606-Tyr-9PA
tRNA,test,tRNA_tdbR00000572-Leishmania_tarentolae-5689-Lys-1UU
tRNA,test,tRNA_tdbR00000573-Leishmania_tarentolae-5689-Gln-3UG
tRNA,test,tRNA_tdbR00000574-Leishmania_tarentolae-5689-Trp-CCA
tRNA,test,tRNA_tdbR00000575-Leishmania_tarentolae-5689-Thr-CGU
tRNA,test,tRNA_tdbR00000576-Leishmania_tarentolae-5689-Asp-GUC
tRNA,test,tRNA_tdbR00000577-Leishmania_tarentolae-5689-Glu-CUC
tRNA,test,tRNA_tdbR00000578-Leishmania_tarentolae-5689-Glu-3UC
tRNA,test,tRNA_tdbR00000579-Aeropyrum_pernix-56636-Pro-CGG
tRNA,test,tRNA_tdbR00000580-Aeropyrum_pernix-56636-Lys-UUU
tRNA,test,tRNA_tdbR00000581-Aeropyrum_pernix-56636-Lys-CUU
tRNA,test,tRNA_tdbR00000582-Aeropyrum_pernix-56636-Tyr-GUA
tRNA,test,tRNA_tdbR00000583-Aeropyrum_pernix-56636-Cys-GCA
tRNA,test,tRNA_tdbR00000584-Aeropyrum_pernix-56636-Pro-GGG
tRNA,test,tRNA_tdbR00000585-Aeropyrum_pernix-56636-Thr-CGU
tRNA,test,tRNA_tdbR00000586-Aeropyrum_pernix-56636-Met-CAU
tRNA,test,tRNA_tdbR00000587-Aeropyrum_pernix-56636-Met-CAU
tRNA,test,tRNA_tdbR00000588-Aeropyrum_pernix-56636-Asp-GUC
tRNA,test,tRNA_tdbR00000589-Aeropyrum_pernix-56636-Arg-UCU
tRNA,test,tRNA_tdbR00000590-Ascaris_suum-6253-Glu-UC
tRNA,test,tRNA_tdbR00000591-Ascaris_suum-6253-Lys-UU
tRNA,test,tRNA_tdbR00000592-Ascaris_suum-6253-Gln-UG
tRNA,test,tRNA_tdbR00000593-Ascaris_suum-6253-Trp-CA
tRNA,test,tRNA_tdbR00000594-Ascaris_suum-6253-Leu-AA
tRNA,test,tRNA_tdbR00000595-Escherichia_coli-562-Leu-BAA
tRNA,test,tRNA_tdbR00000605-Lupinus_luteus-3873-Leu-CAG
tRNA,test,tRNA_tdbR00000606-Lupinus_luteus-3873-Leu-IAG
tRNA,test,tRNA_tdbR00000607-Lupinus_luteus-3873-Leu-IAG
tRNA,test,tRNA_tdbR00000608-Lupinus_luteus-3873-Leu-UAA
tRNA,test,tRNA_tdbR00000609-Chlamydomonas_reinhardtii-3055-Leu-UA7
tRNA,test,tRNA_tdbR00000610-Caulobacter_crescentus_CB15-190650-His-GUG
tRNA,test,tRNA_tdbR00000611-Sinorhizobium_meliloti-382-His-GUG
tRNA,test,tRNA_tdbR00000612-Sinorhizobium_meliloti-382-Trp-CCA
tRNA,test,tRNA_tdbR00000613-Nanoarchaeum_equitans-160232-Glu-CUC
tRNA,test,tRNA_tdbR00000614-Nanoarchaeum_equitans-160232-Ini-CAU
tRNA,test,tRNA_tdbR00000615-Nanoarchaeum_equitans-160232-Trp-CCA
tRNA,test,tRNA_tdbR00000616-Nanoarchaeum_equitans-160232-Lys-CUU
tRNA,test,tRNA_tdbR00000617-Nanoarchaeum_equitans-160232-Gln-UUG
tRNA,test,tRNA_tdbR00000618-Candida_albicans-5476-Leu-CAG
tRNA,test,tRNA_tdbR00000619-Toxoplasma_gondii-5811-Met-CAU
tRNA,test,tRNA_tdbR00000620-Toxoplasma_gondii-5811-Ini-CAU
tRNA,test,tRNA_tdbR00000621-Nicotiana_rustica-4093-Cys-GCA
tRNA,test,tRNA_tdbR00000622-Nicotiana_rustica-4093-Cys-GCA
tRNA,test,tRNA_tdbR00000623-Escherichia_coli-562-Pro-CGG
tRNA,train,16s_A.fulgidus_domain2
tRNA,train,16s_A.fulgidus_domain3
tRNA,train,16s_A.fulgidus_domain4
tRNA,train,16s_A.pyrophilus_domain2
tRNA,train,16s_A.pyrophilus_domain4
tRNA,train,16s_B.burgdorferi_domain2
tRNA,train,16s_B.burgdorferi_domain3
tRNA,train,16s_B.subtilis_domain2
tRNA,train,16s_B.subtilis_domain3
tRNA,train,16s_C.elegans_domain1
tRNA,train,16s_C.elegans_domain2
tRNA,train,16s_C.elegans_domain3
tRNA,train,16s_C.psittaci_domain2
tRNA,train,16s_C.psittaci_domain3
tRNA,train,16s_C.psittaci_domain4
tRNA,train,16s_C.reinhardtii.chloro_domain2
tRNA,train,16s_C.reinhardtii.chloro_domain4
tRNA,train,16s_C.reinhardtii.mito_domain3
tRNA,train,16s_C.reinhardtii.mito_domain4
tRNA,train,16s_D.melanogaster_domain4
tRNA,train,16s_E.coli_domain2
tRNA,train,16s_E.coli_domain3
tRNA,train,16s_E.coli_domain4
tRNA,train,16s_F.ananassa_domain3
tRNA,train,16s_F.ananassa_domain4
tRNA,train,16s_G.intestinalis_domain1
tRNA,train,16s_G.intestinalis_domain2
tRNA,train,16s_G.intestinalis_domain3
tRNA,train,16s_G.intestinalis_domain4
tRNA,train,16s_H.sapiens.mito_domain1
tRNA,train,16s_H.sapiens.mito_domain2
tRNA,train,16s_H.sapiens.mito_domain4
tRNA,train,16s_H.sapiens_domain3
tRNA,train,16s_H.sapiens_domain4
tRNA,train,16s_H.volcanii_domain2
tRNA,train,16s_H.volcanii_domain3
tRNA,train,16s_H.volcanii_domain4
tRNA,train,16s_M.polymorpha_domain2
tRNA,train,16s_M.polymorpha_domain3
tRNA,train,16s_M.polymorpha_domain4
tRNA,train,16s_P.occultum_domain2
tRNA,train,16s_P.occultum_domain3
tRNA,train,16s_P.staleyi_domain2
tRNA,train,16s_P.staleyi_domain3
tRNA,train,16s_P.staleyi_domain4
tRNA,train,16s_S.cerevisiae_domain4
tRNA,train,16s_T.gondii_domain4
tRNA,train,16s_T.maritima_domain2
tRNA,train,16s_T.maritima_domain4
tRNA,train,16s_Z.mays_domain1
tRNA,train,16s_Z.mays_domain2
tRNA,train,16s_Z.mays_domain3
tRNA,train,16s_Z.mays_domain4
tRNA,train,23s_B.subtilis_domain4
tRNA,train,23s_E.coli_domain3
tRNA,train,23s_E.coli_domain4
tRNA,train,23s_E.coli_domain6
tRNA,train,23s_H.pylori_domain3
tRNA,train,23s_H.pylori_domain4
tRNA,train,23s_H.pylori_domain6
tRNA,train,23s_S.aureus_domain3
tRNA,train,23s_S.aureus_domain4
tRNA,train,23s_S.aureus_domain6
tRNA,train,23s_T.thermophilus_domain3
tRNA,train,23s_T.thermophilus_domain4
tRNA,train,5s_Andrias-davidianus-1
tRNA,train,5s_Ascaris-suum-1
tRNA,train,5s_Ascobolus-immersus-1
tRNA,train,5s_Asterias-vulgaris-1
tRNA,train,5s_Aurelia_aurita-1
tRNA,train,5s_Azospirillum-lipoferum-1
tRNA,train,5s_Bacillus-amyloliquefaciens-1
tRNA,train,5s_Bacteroides-capillosus-1
tRNA,train,5s_Bacteroides-fragilis-5
tRNA,train,5s_Brucella-suis-1
tRNA,train,5s_Buchnera-aphidicola-1
tRNA,train,5s_Bursaphelenchus-xylophilus-1
tRNA,train,5s_Candidatus-Phytoplasma-asteris-1
tRNA,train,5s_Chlorella-pyrenoidosa-1
tRNA,train,5s_Chlorobium-tepidum-1
tRNA,train,5s_Coxiella-burnetii-2
tRNA,train,5s_Cryptococcus-laurentii-1
tRNA,train,5s_Cryptomonas-paramecium-1
tRNA,train,5s_Dehalococcoides-ethenogenes-1
tRNA,train,5s_Desulfurococcus-mobilis-1
tRNA,train,5s_Ehrlichia-ruminantium-1
tRNA,train,5s_Erythromicrobium-ezovicum-1
tRNA,train,5s_Erythromicrobium-hydrolyticum-1
tRNA,train,5s_Erythromicrobium-ramosum-1
tRNA,train,5s_Filobasidiella-depauperata-1
tRNA,train,5s_Flectobacillus-major-1
tRNA,train,5s_Fusarium-culmorum-6
tRNA,train,5s_Fusobacterium-nucleatum-5
tRNA,train,5s_Geobacillus-kaustophilus-7
tRNA,train,5s_Halobacterium-sp.-2
tRNA,train,5s_Halococcus-morrhuae-2
tRNA,train,5s_Halorubrum-distributum-3
tRNA,train,5s_Hyphomicrobium-vulgare-1
tRNA,train,5s_Lactobacillus-johnsonii-1
tRNA,train,5s_Limulus-polyphemus-1
tRNA,train,5s_Loofah-witches-broom-phytoplasma-1
tRNA,train,5s_Meloidogyne-arenaria-2
tRNA,train,5s_Methanopyrus-kandleri-1
tRNA,train,5s_Methanosarcina-mazei-2
tRNA,train,5s_Methanosarcina-vacuolata-1
tRNA,train,5s_Methanothermococcus-thermolithotrophicus-1
tRNA,train,5s_Mycoplasma-gallisepticum-4
tRNA,train,5s_Mycoplasma-genitalium-1
tRNA,train,5s_Mycoplasma-mobile-1
tRNA,train,5s_Mycoplasma-sp.-2
tRNA,train,5s_Nanoarchaeum-equitans-1
tRNA,train,5s_Neurospora-crassa-12
tRNA,train,5s_Neurospora-intermedia-1
tRNA,train,5s_Notophthalmus-viridescens-1
tRNA,train,5s_Oceanobacillus-iheyensis-4
tRNA,train,5s_Onchocerca-volvulus-1
tRNA,train,5s_Paenibacillus-popilliae-1
tRNA,train,5s_Porphyra-yezoensis-1
tRNA,train,5s_Porphyromonas-gingivalis-2
tRNA,train,5s_Pseudomonas-stutzeri-2
tRNA,train,5s_Pyrenophora-graminea-1
tRNA,train,5s_Pyrococcus-abyssi-1
tRNA,train,5s_Pyrococcus-horikoshii-2
tRNA,train,5s_Rhodobacter-sphaeroides-3
tRNA,train,5s_Rhodococcus-fascians-2
tRNA,train,5s_Roseococcus-thiosulfatophilus-1
tRNA,train,5s_Sandaracinobacter-sibiricus-1
tRNA,train,5s_Silicibacter-pomeroyi-1
tRNA,train,5s_Sphingomonas-ursincola-1
tRNA,train,5s_Streptococcus-salivarius-1
tRNA,train,5s_Streptomyces-violaceus-1
tRNA,train,5s_Sulfurococcus-mirabilis-1
tRNA,train,5s_Thermomicrobium-roseum-1
tRNA,train,5s_Thermotoga-sp.-3
tRNA,train,5s_Thraustochytrium-visurgense-2
tRNA,train,5s_Trichoplax-adhaerens-1
tRNA,train,5s_Ulva-pertusa-1
tRNA,train,5s_Ureaplasma-urealyticum-3
tRNA,train,5s_Verrucomicrobium-spinosum-1
tRNA,train,5s_Wolbachia-endosymbiont-of-D.-melanogaster-1
tRNA,train,5s_Wolbachia-pipientis-1
tRNA,train,5s_Wolinella-succinogenes-1
tRNA,train,5s_Xenopus-borealis-3
tRNA,train,5s_Xylella-fastidiosa-2
tRNA,train,5s_uncultured-euryarchaeote-37F11-1
tRNA,train,RNaseP_A.telluris
tRNA,train,RNaseP_B.bronchiseptica
tRNA,train,RNaseP_B.pertussis
tRNA,train,RNaseP_C.psittaci-R54
tRNA,train,RNaseP_C.tepidum-g
tRNA,train,RNaseP_CPA61
tRNA,train,RNaseP_CPB144
tRNA,train,RNaseP_CPB149
tRNA,train,RNaseP_CPB7776
tRNA,train,RNaseP_D.jeanneae
tRNA,train,RNaseP_D.radiodurans-g
tRNA,train,RNaseP_EM14b-11
tRNA,train,RNaseP_EM14b-9
tRNA,train,RNaseP_H.chlorum-partial
tRNA,train,RNaseP_H.morrhuae
tRNA,train,RNaseP_H.trapanicum
tRNA,train,RNaseP_H.volcanii
tRNA,train,RNaseP_Halobacterium-NRC1
tRNA,train,RNaseP_K.polysporus
tRNA,train,RNaseP_L.weilii
tRNA,train,RNaseP_LGB21
tRNA,train,RNaseP_LGB23
tRNA,train,RNaseP_M.fermentans
tRNA,train,RNaseP_M.pneumoniae
tRNA,train,RNaseP_M.vannielli
tRNA,train,RNaseP_Mxa1
tRNA,train,RNaseP_N.gregoryi
tRNA,train,RNaseP_N.olivacea-chloroplast
tRNA,train,RNaseP_Nostoc-PCC7413
tRNA,train,RNaseP_P.acanthamoebae
tRNA,train,RNaseP_P.canadensis
tRNA,train,RNaseP_P.cultripes
tRNA,train,RNaseP_P.gingivalis
tRNA,train,RNaseP_P.guilliermondii
tRNA,train,RNaseP_P.innocua
tRNA,train,RNaseP_P.marinus-2
tRNA,train,RNaseP_P.purpurea-chloroplast
tRNA,train,RNaseP_P.strasburgensis
tRNA,train,RNaseP_P.troglodytes
tRNA,train,RNaseP_PF101
tRNA,train,RNaseP_PS24
tRNA,train,RNaseP_Prochlorococcus-NATL2
tRNA,train,RNaseP_Pseudoanabaena-PCC6903
tRNA,train,RNaseP_R.americana-mito
tRNA,train,RNaseP_R.norvegicus
tRNA,train,RNaseP_R.palustris
tRNA,train,RNaseP_R.prowazekii
tRNA,train,RNaseP_R.rubrum
tRNA,train,RNaseP_Rr327
tRNA,train,RNaseP_Rr368
tRNA,train,RNaseP_S.dairensis
tRNA,train,RNaseP_S.faciem
tRNA,train,RNaseP_S.fibuligera
tRNA,train,RNaseP_S.lividans
tRNA,train,RNaseP_S.pastorianus
tRNA,train,RNaseP_S.polymorpha
tRNA,train,RNaseP_S.pombe
tRNA,train,RNaseP_S.pyogenes
tRNA,train,RNaseP_S.solfataricus
tRNA,train,RNaseP_S.unisporus
tRNA,train,RNaseP_S.versatilis
tRNA,train,RNaseP_SM-A2539
tRNA,train,RNaseP_SM-A3048
tRNA,train,RNaseP_SMB-B1
tRNA,train,RNaseP_SMB-B3
tRNA,train,RNaseP_Saccharomonospora-K180
tRNA,train,RNaseP_Synechocystis-PCC6308
tRNA,train,RNaseP_Synechocystis-PCC6803
tRNA,train,RNaseP_T.celerAL1
tRNA,train,RNaseP_T.delbrueckii
tRNA,train,RNaseP_T.pallidum
tRNA,train,RNaseP_T.roseum
tRNA,train,RNaseP_T.syrichta
tRNA,train,RNaseP_U.stansburiana
tRNA,train,RNaseP_V.spinosum
tRNA,train,RNaseP_Y.pestis
tRNA,train,RNaseP_Z.bailii
tRNA,train,RNaseP_Z.florentinus
tRNA,train,RNaseP_Z.rouxii
tRNA,train,RNaseP_vHge3-5
tRNA,train,grp1_a.I1.b.Synechococcus.sp2.C3.tLEU
tRNA,train,grp1_a.I1.c.A.cherimola.C3.tLEU
tRNA,train,grp1_a.I1.c.G.prostrata.C3.tLEU
tRNA,train,grp1_a.I1.c.S.bicolor.C3.tLEU
tRNA,train,grp1_a.I1.e.A.adeninivorans.C1.LSU.2449
tRNA,train,grp1_a.I1.e.A.capsulatus.FLs1.C1.SSU
tRNA,train,grp1_a.I1.e.A.capsulatus.G184B.C1.SSU
tRNA,train,grp1_a.I1.e.A.stipitatus.C1.SSU.1046
tRNA,train,grp1_a.I1.e.B.ciliata.JCM6865.C1.SSU.1506
tRNA,train,grp1_a.I1.e.B.ciliata.JCM6865.C1.SSU.943
tRNA,train,grp1_a.I1.e.B.yamatoana.JCM2896.C1.SSU.943
tRNA,train,grp1_a.I1.e.C.ellipsoidea.211-1a.C1.SSU.1506
tRNA,train,grp1_a.I1.e.C.grayi.UNK.SSU.1516
tRNA,train,grp1_a.I1.e.C.merochlorophea.UNK.SSU.1046
tRNA,train,grp1_a.I1.e.C.merochlorophea.UNK.SSU.1210
tRNA,train,grp1_a.I1.e.C.merochlorophea.UNK.SSU.1516
tRNA,train,grp1_a.I1.e.C.saccatum.C1.SSU.1512
tRNA,train,grp1_a.I1.e.C.saxonicum.C1.SSU.1506
tRNA,train,grp1_a.I1.e.D.parva.C1.SSU.1512
tRNA,train,grp1_a.I1.e.D.parva.C1.SSU.943
tRNA,train,grp1_a.I1.e.D.salina.C1.SSU.943
tRNA,train,grp1_a.I1.e.E.dermatitidis.C1.SSU.943
tRNA,train,grp1_a.I1.e.G.spirotaenia.C1.SSU.1506
tRNA,train,grp1_a.I1.e.L.dispersa.UNK.SSU.1046
tRNA,train,grp1_a.I1.e.L.dispersa.UNK.SSU.114
tRNA,train,grp1_a.I1.e.L.dispersa.UNK.SSU.1210
tRNA,train,grp1_a.I1.e.L.dispersa.UNK.SSU.287
tRNA,train,grp1_a.I1.e.L.dispersa.UNK.SSU.516
tRNA,train,grp1_a.I1.e.L.dispersa.UNK.SSU.789
tRNA,train,grp1_a.I1.e.M.caldariorum.C1.SSU.1506
tRNA,train,grp1_a.I1.e.P.carinii.C1.SSU.1506
tRNA,train,grp1_a.I1.e.P.carinii.Pc1.C1.LSU.1921
tRNA,train,grp1_a.I1.e.P.carinii.Pc2.C1.LSU.1921
tRNA,train,grp1_a.I1.e.P.carinii.Pc3.C1.LSU.1921
tRNA,train,grp1_a.I1.e.P.clavariiformis.C1.SSU.943
tRNA,train,grp1_a.I1.e.P.inouyei.C1.SSU.1506
tRNA,train,grp1_a.I1.e.P.macrosporus.C1.SSU.1506
tRNA,train,grp1_a.I1.e.P.macrosporus.C1.SSU.943
tRNA,train,grp1_a.I1.e.P.pachydermus.C1.SSU.943
tRNA,train,grp1_a.I1.e.P.sarcinoidea.C1.SSU.943
tRNA,train,grp1_a.I1.e.S.granulatum.C1.SSU.1506
tRNA,train,grp1_a.I1.e.S.paniceum.UNK.SSU.1052
tRNA,train,grp1_a.I1.e.S.paniceum.UNK.SSU.114
tRNA,train,grp1_a.I1.e.S.paniceum.UNK.SSU.1210
tRNA,train,grp1_a.I1.e.S.paniceum.UNK.SSU.1506
tRNA,train,grp1_a.I1.e.S.paniceum.UNK.SSU.287
tRNA,train,grp1_a.I1.e.S.sclerotiorum_1837.C1.LSU.798
tRNA,train,grp1_a.I1.e.Staurastrum.sp.M753.C1.SSU.1506
tRNA,train,grp1_a.I1.e.T.cosmopolitanis.C1.LSU.1925
tRNA,train,grp1_a.I1.e.T.hyperangularis.C1.LSU.1925
tRNA,train,grp1_a.I1.e.T.malaccensis.C1.LSU.1925
tRNA,train,grp1_a.I1.e.T.pigmentosa.C1.LSU.1925
tRNA,train,grp1_a.I1.e.U.maydis.C1.SSU.943
tRNA,train,grp1_a.I1.m.M.grisea.B2.ND1
tRNA,train,grp1_a.I1.m.S.luteus.A1.LSU.2504
tRNA,train,grp1_a.I1.m.S.pombe.B1.OX1
tRNA,train,grp1_b.I1.e.M.anisopliae.2.C1.LSU.1921
tRNA,train,grp1_b.I1.e.M.anisopliae.3.C1.LSU.1921
tRNA,train,grp1_b.I1.e.T.thermophila.C1.LSU.1925
tRNA,train,srp_Aero.pern._BA000002
tRNA,train,srp_Ajel.caps._CV620298
tRNA,train,srp_Ashb.goss._AE016819
tRNA,train,srp_Bdel.bact._BX842656
tRNA,train,srp_Cand.trop._GSP-294747
tRNA,train,srp_Citr.sine._CN181544
tRNA,train,srp_Clav.lusi._GSP-306902
tRNA,train,srp_Clos.novy._CP000382
tRNA,train,srp_Cryp.parv._XM_626716
tRNA,train,srp_Deba.hans._CR382138
tRNA,train,srp_Desu.psyc._CR522870
tRNA,train,srp_Dict.disc._BJ360333
tRNA,train,srp_Ence.cuni._AL590449
tRNA,train,srp_Enta.hist._AF487684
tRNA,train,srp_Gald.sulp._GSP-130081
tRNA,train,srp_Gibb.zeae._GSP-229533
tRNA,train,srp_Halo.halo._CP000544
tRNA,train,srp_Hist.caps._GSP-278162
tRNA,train,srp_Hype.buty._CP000493
tRNA,train,srp_Kluy.yarr._479647571
tRNA,train,srp_Lept.coll._AF006750
tRNA,train,srp_List.mono._AE017262
tRNA,train,srp_Lodd.elon._GSP-379508
tRNA,train,srp_Meso.viri._AF166114
tRNA,train,srp_Meth.mari._CP000745
tRNA,train,srp_Myco.hyop._AE017244
tRNA,train,srp_Myco.spec._CP000580
tRNA,train,srp_Neur.cras._AL669999
tRNA,train,srp_Onch.volv._BF727619
tRNA,train,srp_Oryz.sati._AP008207
tRNA,train,srp_Oxyt.trif._GSP-99928
tRNA,train,srp_Para.bras._EH655308
tRNA,train,srp_Para.bras._GSP-121759
tRNA,train,srp_Pers.amer._X65992
tRNA,train,srp_Phak.pach._GSP-170000-2
tRNA,train,srp_Phyt.infe._CV911012
tRNA,train,srp_Pich.guil._GSP-294746
tRNA,train,srp_Pich.stip._CP000502
tRNA,train,srp_Plas.falc._EF690554
tRNA,train,srp_Podo.anse._GSP-5145
tRNA,train,srp_Pseu.syri._CP000058
tRNA,train,srp_Psyc.arct._CP000082
tRNA,train,srp_Psyc.ingr._CP000510
tRNA,train,srp_Pyro.isla._CP000504
tRNA,train,srp_Rhod.balt._BX294144
tRNA,train,srp_Sacc.kluy._SKAA0027M04.b1
tRNA,train,srp_Sacc.para._BN000251
tRNA,train,srp_Scle.scle._GSP-325569
tRNA,train,srp_Shew.balt._CP000753
tRNA,train,srp_Sola.tube._DR037646
tRNA,train,srp_Sorg.bico._BE594178
tRNA,train,srp_Spra.loph._GSP-51541
tRNA,train,srp_Stap.epid._AX145149
tRNA,train,srp_Stre.coel._AL939118
tRNA,train,srp_Stre.pyog._AM295007
tRNA,train,srp_Stre.sang._CP000387
tRNA,train,srp_Synt.wolf._CP000448
tRNA,train,srp_Taen.gutt._CK235759
tRNA,train,srp_Tetr.ther._X56981
tRNA,train,srp_Thal.pseu._GSP-296543
tRNA,train,srp_Thei.parv._GSP-333668
tRNA,train,srp_Ther.mela._CP000716
tRNA,train,srp_Ther.petr._CP000702
tRNA,train,srp_Ther.teng._AE012978
tRNA,train,srp_Ther.volc._BA000011
tRNA,train,srp_Toxo.gond._CO743022
tRNA,train,srp_Toxo.gond._GSP-398031
tRNA,train,srp_Trep.dent._AE017246
tRNA,train,srp_Trep.pall._AE000520
tRNA,train,srp_Tric.rees._GSP-334564-1
tRNA,train,srp_Trit.aest._BE424647
tRNA,train,srp_Trit.aest._CJ679223
tRNA,train,srp_Unci.rees._GSP-336963
tRNA,train,srp_Vibr.vuln._BA000037
tRNA,train,srp_Xant.camp._AM039952
tRNA,train,srp_Xeno.laev._X01055
tRNA,train,srp_Yarr.lipo._X51658
tRNA,train,srp_Yers.pseu._CP000720
tRNA,train,srp_Zygo.roux._BN000170
tRNA,train,srp_Zymo.mobi._AF203881
tRNA,train,telomerase_AC121792.109554-109950
tRNA,train,telomerase_AF147806.247-692
tRNA,train,telomerase_AF221906.96-545
tRNA,train,telomerase_AF221908.136-584
tRNA,train,telomerase_AF221910.112-554
tRNA,train,telomerase_AF221911.104-513
tRNA,train,telomerase_AF221912.98-564
tRNA,train,telomerase_AF221913.109-520
tRNA,train,telomerase_AF221914.112-589
tRNA,train,telomerase_AF221916.94-481
tRNA,train,telomerase_AF221917.99-542
tRNA,train,telomerase_AF221918.97-547
tRNA,train,telomerase_AF221919.107-614
tRNA,train,telomerase_AF221920.99-541
tRNA,train,telomerase_AF221921.98-548
tRNA,train,telomerase_AF221924.105-538
tRNA,train,telomerase_AF221926.103-507
tRNA,train,telomerase_AF221927.113-556
tRNA,train,telomerase_AF221928.95-476
tRNA,train,telomerase_AF221930.94-546
tRNA,train,telomerase_AF221931.99-541
tRNA,train,telomerase_AF221934.121-565
tRNA,train,telomerase_AF221936.98-540
tRNA,train,telomerase_AF221937.99-545
tRNA,train,telomerase_AF221939.99-544
tRNA,train,telomerase_AY058901.1-397
tRNA,train,telomerase_AY312571.605-1069
tRNA,train,telomerase_U85256.1-451
tRNA,train,tmRNA_Acid.ferr._TRW-243159_1-364
tRNA,train,tmRNA_Acid.ferr._TRW-920_1-341
tRNA,train,tmRNA_Acin.spec._CR543861_1-360
tRNA,train,tmRNA_Baci.G._TRW-12333_1-312
tRNA,train,tmRNA_Bact.mari._TRW-97084_1-385
tRNA,train,tmRNA_Bdel.bact._BX842656_1-346
tRNA,train,tmRNA_Bifi.long._TRW-206672_1-397
tRNA,train,tmRNA_Bloc.flor._BX248583_1-393
tRNA,train,tmRNA_Bloc.penn._CP000016_1-392
tRNA,train,tmRNA_Borr.gari._CP000013_1-363
tRNA,train,tmRNA_Cald.sacc._TRW-351627_1-368
tRNA,train,tmRNA_Camp.fetu._AY211269_1-361
tRNA,train,tmRNA_Carn.malt._AF275938_1-366
tRNA,train,tmRNA_Chla.trac._TRW-813-2_1-420
tRNA,train,tmRNA_Chro.viol._AE016825_1-365
tRNA,train,tmRNA_Clos.ther._TRW-203119_1-387
tRNA,train,tmRNA_Cyan.cald._AF022186_1-254
tRNA,train,tmRNA_Cyan.mero._TRW-45157_1-236
tRNA,train,tmRNA_Desu.psyc._CR522870_1-366
tRNA,train,tmRNA_Dict.ther._TRW-14_1-350
tRNA,train,tmRNA_Fran.tula._CP000437_1-421
tRNA,train,tmRNA_Gemm.obsc._TRW-214688_1-412
tRNA,train,tmRNA_Geob.sulf._AE017180_1-356
tRNA,train,tmRNA_Grac.tenu._AY673996_1-396
tRNA,train,tmRNA_Guil.thet._TRW-55529_1-330
tRNA,train,tmRNA_Heli.pylo._TRW-85963_1-386
tRNA,train,tmRNA_Jako.libe._TRW-143017_1-102
tRNA,train,tmRNA_Lact.john._TRW-257314_1-367
tRNA,train,tmRNA_Legi.pneu._CR628337_1-406
tRNA,train,tmRNA_Leif.xyli._AE016822_1-394
tRNA,train,tmRNA_List.wels._AF440351_1-321
tRNA,train,tmRNA_Magn.spec._CP000471_1-366
tRNA,train,tmRNA_Meso.viri._AF166114_1-359
tRNA,train,tmRNA_Mora.cata._AX067460_1-359
tRNA,train,tmRNA_Myco.Bxz1._AY129337_1-437
tRNA,train,tmRNA_Myco.arth._TRW-243272_1-394
tRNA,train,tmRNA_Myco.gall._AE015450_1-408
tRNA,train,tmRNA_Myco.geni._U39713_1-385
tRNA,train,tmRNA_Myco.hyop._TRW-295358_1-424
tRNA,train,tmRNA_Myxo.xant._TRW-34_1-366
tRNA,train,tmRNA_Neph.oliv._AF137379-2_1-327
tRNA,train,tmRNA_Nitr.ocea._CP000127_1-361
tRNA,train,tmRNA_Oeno.oeni._TRW-203123_1-350
tRNA,train,tmRNA_Onio.yell._AP006628_1-423
tRNA,train,tmRNA_Para.symb._BX908798_1-405
tRNA,train,tmRNA_Pelo.carb._CP000142_1-358
tRNA,train,tmRNA_Phot.prof._CR378665_1-368
tRNA,train,tmRNA_Porp.ging._TRW-242619_1-407
tRNA,train,tmRNA_Porp.purp._TRW-2787_1-323
tRNA,train,tmRNA_Prev.rumi._TRW-264731_1-401
tRNA,train,tmRNA_Prop.acne._TRW-1747-3_1-353
tRNA,train,tmRNA_Rhod.balt._BX294141_1-380
tRNA,train,tmRNA_Rubr.gela._TRW-279263_1-372
tRNA,train,tmRNA_Rumi.albu._TRW-246199_1-354
tRNA,train,tmRNA_Sacc.degr._CP000282_1-389
tRNA,train,tmRNA_Spir.kunk._TRW-273035_1-424
tRNA,train,tmRNA_Stre.coll._AY485228_1-386
tRNA,train,tmRNA_Syne.spec._AB003477_1-394
tRNA,train,tmRNA_Syne.spec._TRW-32049_1-396
tRNA,train,tmRNA_Synt.acid._CP000252_1-356
tRNA,train,tmRNA_Tann.fors._TRW-203275_1-400
tRNA,train,tmRNA_Thal.weis._AF049491_1-348
tRNA,train,tmRNA_Ther.elon._BA000039_1-386
tRNA,train,tmRNA_Ther.teng._AE013063_1-351
tRNA,train,tmRNA_Trem.prin._AF481102_1-264
tRNA,train,tmRNA_Trep.pall._TRW-243276_1-354
tRNA,train,tmRNA_Trop.whip._BX251411_1-369
tRNA,train,tmRNA_Urea.parv._AE002154_1-413
tRNA,train,tmRNA_Verr.spin._TRW-240016_1-356
tRNA,train,tmRNA_Woli.succ._BX571661_1-369
tRNA,train,tmRNA_envi.sequ._TRW-204433_1-356
tRNA,train,tmRNA_envi.sequ._TRW-259292_1-355
tRNA,train,tmRNA_envi.sequ._TRW-300695-2_1-345
tRNA,train,tmRNA_envi.sequ._TRW-32045-3_1-350
tRNA,train,tmRNA_envi.sequ._TRW-356-1_1-289
tRNA,train,tmRNA_uncu.bact._TRW-383630-1_1-364
tRNA,train,tmRNA_uncu.bact._TRW-45456_1-408
tRNA,train,tmRNA_uncu.bact._TRW-72274-2_1-359
tRNA,train,tmRNA_uncu.bact._TRW-80840-3_1-379
tRNA,train,tmRNA_uncu.mari._TRW-363180_1-347
tRNA,valid,16s_B.burgdorferi_domain4
tRNA,valid,16s_B.subtilis_domain4
tRNA,valid,16s_C.elegans_domain4
tRNA,valid,16s_C.reinhardtii.chloro_domain1
tRNA,valid,16s_C.reinhardtii.chloro_domain3
tRNA,valid,16s_C.reinhardtii.mito_domain1
tRNA,valid,16s_C.reinhardtii.mito_domain2
tRNA,valid,16s_H.sapiens.mito_domain3
tRNA,valid,16s_H.volcanii_domain1
tRNA,valid,16s_P.occultum_domain4
tRNA,valid,16s_S.cerevisiae_domain3
tRNA,valid,16s_T.gondii_domain3
tRNA,valid,16s_T.maritima_domain3
tRNA,valid,23s_B.subtilis_domain3
tRNA,valid,23s_B.subtilis_domain6
tRNA,valid,23s_T.thermophilus_domain6
tRNA,valid,5s_Candidatus-Tremblaya-princeps-5
tRNA,valid,5s_Chlamydia-trachomatis-1
tRNA,valid,5s_Clostridium-acetobutylicum-3
tRNA,valid,5s_Drosophila-melanogaster-2
tRNA,valid,5s_Gracilaria-compressa-2
tRNA,valid,5s_Lactococcus-lactis-2
tRNA,valid,5s_Methanobrevibacter-ruminantium-1
tRNA,valid,5s_Methanospirillum-hungatei-1
tRNA,valid,5s_Mycoplasma-pulmonis-1
tRNA,valid,5s_Paracentrotus-lividus-2
tRNA,valid,5s_Plasmodium-falciparum-1
tRNA,valid,5s_Rhodopirellula-baltica-1
tRNA,valid,5s_Roseococcus-thiosulfatophilus-2
tRNA,valid,5s_Spirosoma-sp.-1
tRNA,valid,5s_Streptomyces-coelicolor-5
tRNA,valid,5s_Sulfolobus-tokodaii-1
tRNA,valid,5s_Thermoplasma-volcanium-1
tRNA,valid,5s_Thermus-aquaticus-1
tRNA,valid,5s_Triticum-aestivum-1
tRNA,valid,5s_Vitreoscilla-stercoraria-1
tRNA,valid,RNaseP_A.eutrophus
tRNA,valid,RNaseP_Anabaena-PCC7120
tRNA,valid,RNaseP_C.pneumoniae-CWL029
tRNA,valid,RNaseP_CPA58
tRNA,valid,RNaseP_LGW17
tRNA,valid,RNaseP_M.barkeri
tRNA,valid,RNaseP_M.hyopneumoniae
tRNA,valid,RNaseP_P.mississippiensis
tRNA,valid,RNaseP_S.globosus
tRNA,valid,RNaseP_S.uvarum
tRNA,valid,RNaseP_SM-A01
tRNA,valid,RNaseP_SM-A5888
tRNA,valid,RNaseP_SMB-B2
tRNA,valid,RNaseP_T.littoralis
tRNA,valid,RNaseP_T.thioparus
tRNA,valid,RNaseP_T.tumescens
tRNA,valid,RNaseP_T.volcanum
tRNA,valid,RNaseP_U.urealyticum
tRNA,valid,RNaseP_W.fluorescens
tRNA,valid,RNaseP_vHge2
tRNA,valid,grp1_a.I1.b.Dermocarpa.sp.ATCC29371.C3.tMET
tRNA,valid,grp1_a.I1.b.Phormidium.sp.N182.C3.tLEU
tRNA,valid,grp1_a.I1.b.S.hofmanii.C3.tMET
tRNA,valid,grp1_a.I1.e.A.capsulatus.CBS213.53.C1.SSU.943
tRNA,valid,grp1_a.I1.e.A.capsulatus.G186B.C1.SSU
tRNA,valid,grp1_a.I1.e.B.yamatoana.JCM2896.C1.SSU.1506
tRNA,valid,grp1_a.I1.e.C.ellipsoidea.IAMC-87.C1.SSU.1506
tRNA,valid,grp1_a.I1.e.C.grayi.UNK.SSU.1046
tRNA,valid,grp1_a.I1.e.C.merochlorophea.UNK.SSU.1389
tRNA,valid,grp1_a.I1.e.G.planctonica.C1.SSU.943
tRNA,valid,grp1_a.I1.e.L.dispersa.UNK.SSU.1516
tRNA,valid,grp1_a.I1.e.P.inouyei.C1.SSU.943
tRNA,valid,grp1_a.I1.e.Staurastrum.sp.M752.C1.SSU.1506
tRNA,valid,grp1_b.I1.e.C.saccharophila.C1.SSU.156
tRNA,valid,grp1_s.I1.e.T.thermophila.C1.LSU.1925.schem
tRNA,valid,srp_Baci.anth._AE017334
tRNA,valid,srp_Cand.glab._CR380957
tRNA,valid,srp_Enta.terr._GSP-110771
tRNA,valid,srp_Giar.lamb._GSP-184922
tRNA,valid,srp_Kluy.lact._CR382126
tRNA,valid,srp_Meth.ferv._S49762
tRNA,valid,srp_Meth.volt._M22560
tRNA,valid,srp_Myco.hyop._AE017243
tRNA,valid,srp_Myco.spec._CP000384
tRNA,valid,srp_Nect.haem._GSP-71109
tRNA,valid,srp_Perk.mari._GSP-31276
tRNA,valid,srp_Phae.nodo._GSP-321614
tRNA,valid,srp_Phyt.soja._GSP-67593
tRNA,valid,srp_Plas.yoel._GSP-352914
tRNA,valid,srp_Sacc.cere._U18916
tRNA,valid,srp_Schi.pomb._AU010514
tRNA,valid,srp_Schi.pomb._Z99259
tRNA,valid,srp_Shig.flex._AE016979
tRNA,valid,srp_Trit.aest._X13915
tRNA,valid,srp_Tryp.viva._SDB-5699
tRNA,valid,telomerase_AF221909.98-496
tRNA,valid,telomerase_AF221923.106-554
tRNA,valid,telomerase_AF221925.98-540
tRNA,valid,telomerase_AF221929.92-517
tRNA,valid,telomerase_AF221932.102-549
tRNA,valid,telomerase_AF221935.112-602
tRNA,valid,telomerase_AF221940.103-499
tRNA,valid,tmRNA_Bord.pert._TRW-257313_1-387
tRNA,valid,tmRNA_Chlo.tepi._TRW-194439_1-404
tRNA,valid,tmRNA_Emil.huxl._TRW-280463_1-291
tRNA,valid,tmRNA_Heli.hepa._AE017125_1-369
tRNA,valid,tmRNA_Lact.sake._TRW-314315_1-370
tRNA,valid,tmRNA_Laws.intr._AM180252_1-376
tRNA,valid,tmRNA_Meso.flor._AE017263_1-408
tRNA,valid,tmRNA_Myco.myco._BX842642_1-411
tRNA,valid,tmRNA_Myco.pene._BA000026_1-405
tRNA,valid,tmRNA_Ocea.ihey._BA000028_1-364
tRNA,valid,tmRNA_Pseu.atla._CP000388_1-357
tRNA,valid,tmRNA_Stre.scab._TRW-1883_1-402
tRNA,valid,tmRNA_Ther.rose._TRW-309801_1-353
tRNA,valid,tmRNA_Thio.deni._CP000116_1-367
tRNA,valid,tmRNA_envi.sequ._TRW-2-1_1-365
tRNA,valid,tmRNA_envi.sequ._TRW-351057-3_1-355
tRNA,valid,tmRNA_uncu.bact._TRW-135621-1_1-397
tRNA,valid,tmRNA_uncu.bact._TRW-32033-1_1-354
tRNA,valid,tmRNA_uncu.bact._TRW-32045-4_1-369
tRNA,valid,tmRNA_uncu.bact._TRW-72274-1_1-359
telomerase,test,telomerase_AC121792.109554-109950
telomerase,test,telomerase_AF147806.247-692
telomerase,test,telomerase_AF221906.96-545
telomerase,test,telomerase_AF221908.136-584
telomerase,test,telomerase_AF221909.98-496
telomerase,test,telomerase_AF221910.112-554
telomerase,test,telomerase_AF221911.104-513
telomerase,test,telomerase_AF221912.98-564
telomerase,test,telomerase_AF221913.109-520
telomerase,test,telomerase_AF221914.112-589
telomerase,test,telomerase_AF221916.94-481
telomerase,test,telomerase_AF221917.99-542
telomerase,test,telomerase_AF221918.97-547
telomerase,test,telomerase_AF221919.107-614
telomerase,test,telomerase_AF221920.99-541
telomerase,test,telomerase_AF221921.98-548
telomerase,test,telomerase_AF221923.106-554
telomerase,test,telomerase_AF221924.105-538
telomerase,test,telomerase_AF221925.98-540
telomerase,test,telomerase_AF221926.103-507
telomerase,test,telomerase_AF221927.113-556
telomerase,test,telomerase_AF221928.95-476
telomerase,test,telomerase_AF221929.92-517
telomerase,test,telomerase_AF221930.94-546
telomerase,test,telomerase_AF221931.99-541
telomerase,test,telomerase_AF221932.102-549
telomerase,test,telomerase_AF221934.121-565
telomerase,test,telomerase_AF221935.112-602
telomerase,test,telomerase_AF221936.98-540
telomerase,test,telomerase_AF221937.99-545
telomerase,test,telomerase_AF221939.99-544
telomerase,test,telomerase_AF221940.103-499
telomerase,test,telomerase_AY058901.1-397
telomerase,test,telomerase_AY312571.605-1069
telomerase,test,telomerase_U85256.1-451
telomerase,train,16s_A.fulgidus_domain2
telomerase,train,16s_A.fulgidus_domain3
telomerase,train,16s_A.fulgidus_domain4
telomerase,train,16s_A.pyrophilus_domain2
telomerase,train,16s_A.pyrophilus_domain4
telomerase,train,16s_B.burgdorferi_domain2
telomerase,train,16s_B.burgdorferi_domain3
telomerase,train,16s_B.subtilis_domain2
telomerase,train,16s_B.subtilis_domain3
telomerase,train,16s_C.elegans_domain1
telomerase,train,16s_C.elegans_domain2
telomerase,train,16s_C.elegans_domain3
telomerase,train,16s_C.psittaci_domain2
telomerase,train,16s_C.psittaci_domain3
telomerase,train,16s_C.psittaci_domain4
telomerase,train,16s_C.reinhardtii.chloro_domain2
telomerase,train,16s_C.reinhardtii.chloro_domain4
telomerase,train,16s_C.reinhardtii.mito_domain3
telomerase,train,16s_C.reinhardtii.mito_domain4
telomerase,train,16s_D.melanogaster_domain4
telomerase,train,16s_E.coli_domain2
telomerase,train,16s_E.coli_domain3
telomerase,train,16s_E.coli_domain4
telomerase,train,16s_F.ananassa_domain3
telomerase,train,16s_F.ananassa_domain4
telomerase,train,16s_G.intestinalis_domain1
telomerase,train,16s_G.intestinalis_domain2
telomerase,train,16s_G.intestinalis_domain3
telomerase,train,16s_G.intestinalis_domain4
telomerase,train,16s_H.sapiens.mito_domain1
telomerase,train,16s_H.sapiens.mito_domain2
telomerase,train,16s_H.sapiens.mito_domain4
telomerase,train,16s_H.sapiens_domain3
telomerase,train,16s_H.sapiens_domain4
telomerase,train,16s_H.volcanii_domain2
telomerase,train,16s_H.volcanii_domain3
telomerase,train,16s_H.volcanii_domain4
telomerase,train,16s_M.polymorpha_domain2
telomerase,train,16s_M.polymorpha_domain3
telomerase,train,16s_M.polymorpha_domain4
telomerase,train,16s_P.occultum_domain2
telomerase,train,16s_P.occultum_domain3
telomerase,train,16s_P.staleyi_domain2
telomerase,train,16s_P.staleyi_domain3
telomerase,train,16s_P.staleyi_domain4
telomerase,train,16s_S.cerevisiae_domain4
telomerase,train,16s_T.gondii_domain4
telomerase,train,16s_T.maritima_domain2
telomerase,train,16s_T.maritima_domain4
telomerase,train,16s_Z.mays_domain1
telomerase,train,16s_Z.mays_domain2
telomerase,train,16s_Z.mays_domain3
telomerase,train,16s_Z.mays_domain4
telomerase,train,23s_B.subtilis_domain4
telomerase,train,23s_E.coli_domain3
telomerase,train,23s_E.coli_domain4
telomerase,train,23s_E.coli_domain6
telomerase,train,23s_H.pylori_domain3
telomerase,train,23s_H.pylori_domain4
telomerase,train,23s_H.pylori_domain6
telomerase,train,23s_S.aureus_domain3
telomerase,train,23s_S.aureus_domain4
telomerase,train,23s_S.aureus_domain6
telomerase,train,23s_T.thermophilus_domain3
telomerase,train,23s_T.thermophilus_domain4
telomerase,train,5s_Andrias-davidianus-1
telomerase,train,5s_Ascaris-suum-1
telomerase,train,5s_Ascobolus-immersus-1
telomerase,train,5s_Asterias-vulgaris-1
telomerase,train,5s_Aurelia_aurita-1
telomerase,train,5s_Azospirillum-lipoferum-1
telomerase,train,5s_Bacillus-amyloliquefaciens-1
telomerase,train,5s_Bacteroides-capillosus-1
telomerase,train,5s_Bacteroides-fragilis-5
telomerase,train,5s_Brucella-suis-1
telomerase,train,5s_Buchnera-aphidicola-1
telomerase,train,5s_Bursaphelenchus-xylophilus-1
telomerase,train,5s_Candidatus-Phytoplasma-asteris-1
telomerase,train,5s_Chlorella-pyrenoidosa-1
telomerase,train,5s_Chlorobium-tepidum-1
telomerase,train,5s_Coxiella-burnetii-2
telomerase,train,5s_Cryptococcus-laurentii-1
telomerase,train,5s_Cryptomonas-paramecium-1
telomerase,train,5s_Dehalococcoides-ethenogenes-1
telomerase,train,5s_Desulfurococcus-mobilis-1
telomerase,train,5s_Ehrlichia-ruminantium-1
telomerase,train,5s_Erythromicrobium-ezovicum-1
telomerase,train,5s_Erythromicrobium-hydrolyticum-1
telomerase,train,5s_Erythromicrobium-ramosum-1
telomerase,train,5s_Filobasidiella-depauperata-1
telomerase,train,5s_Flectobacillus-major-1
telomerase,train,5s_Fusarium-culmorum-6
telomerase,train,5s_Fusobacterium-nucleatum-5
telomerase,train,5s_Geobacillus-kaustophilus-7
telomerase,train,5s_Halobacterium-sp.-2
telomerase,train,5s_Halococcus-morrhuae-2
telomerase,train,5s_Halorubrum-distributum-3
telomerase,train,5s_Hyphomicrobium-vulgare-1
telomerase,train,5s_Lactobacillus-johnsonii-1
telomerase,train,5s_Limulus-polyphemus-1
telomerase,train,5s_Loofah-witches-broom-phytoplasma-1
telomerase,train,5s_Meloidogyne-arenaria-2
telomerase,train,5s_Methanopyrus-kandleri-1
telomerase,train,5s_Methanosarcina-mazei-2
telomerase,train,5s_Methanosarcina-vacuolata-1
telomerase,train,5s_Methanothermococcus-thermolithotrophicus-1
telomerase,train,5s_Mycoplasma-gallisepticum-4
telomerase,train,5s_Mycoplasma-genitalium-1
telomerase,train,5s_Mycoplasma-mobile-1
telomerase,train,5s_Mycoplasma-sp.-2
telomerase,train,5s_Nanoarchaeum-equitans-1
telomerase,train,5s_Neurospora-crassa-12
telomerase,train,5s_Neurospora-intermedia-1
telomerase,train,5s_Notophthalmus-viridescens-1
telomerase,train,5s_Oceanobacillus-iheyensis-4
telomerase,train,5s_Onchocerca-volvulus-1
telomerase,train,5s_Paenibacillus-popilliae-1
telomerase,train,5s_Porphyra-yezoensis-1
telomerase,train,5s_Porphyromonas-gingivalis-2
telomerase,train,5s_Pseudomonas-stutzeri-2
telomerase,train,5s_Pyrenophora-graminea-1
telomerase,train,5s_Pyrococcus-abyssi-1
telomerase,train,5s_Pyrococcus-horikoshii-2
telomerase,train,5s_Rhodobacter-sphaeroides-3
telomerase,train,5s_Rhodococcus-fascians-2
telomerase,train,5s_Roseococcus-thiosulfatophilus-1
telomerase,train,5s_Sandaracinobacter-sibiricus-1
telomerase,train,5s_Silicibacter-pomeroyi-1
telomerase,train,5s_Sphingomonas-ursincola-1
telomerase,train,5s_Streptococcus-salivarius-1
telomerase,train,5s_Streptomyces-violaceus-1
telomerase,train,5s_Sulfurococcus-mirabilis-1
telomerase,train,5s_Thermomicrobium-roseum-1
telomerase,train,5s_Thermotoga-sp.-3
telomerase,train,5s_Thraustochytrium-visurgense-2
telomerase,train,5s_Trichoplax-adhaerens-1
telomerase,train,5s_Ulva-pertusa-1
telomerase,train,5s_Ureaplasma-urealyticum-3
telomerase,train,5s_Verrucomicrobium-spinosum-1
telomerase,train,5s_Wolbachia-endosymbiont-of-D.-melanogaster-1
telomerase,train,5s_Wolbachia-pipientis-1
telomerase,train,5s_Wolinella-succinogenes-1
telomerase,train,5s_Xenopus-borealis-3
telomerase,train,5s_Xylella-fastidiosa-2
telomerase,train,5s_uncultured-euryarchaeote-37F11-1
telomerase,train,RNaseP_A.telluris
telomerase,train,RNaseP_B.bronchiseptica
telomerase,train,RNaseP_B.pertussis
telomerase,train,RNaseP_C.psittaci-R54
telomerase,train,RNaseP_C.tepidum-g
telomerase,train,RNaseP_CPA61
telomerase,train,RNaseP_CPB144
telomerase,train,RNaseP_CPB149
telomerase,train,RNaseP_CPB7776
telomerase,train,RNaseP_D.jeanneae
telomerase,train,RNaseP_D.radiodurans-g
telomerase,train,RNaseP_EM14b-11
telomerase,train,RNaseP_EM14b-9
telomerase,train,RNaseP_H.chlorum-partial
telomerase,train,RNaseP_H.morrhuae
telomerase,train,RNaseP_H.trapanicum
telomerase,train,RNaseP_H.volcanii
telomerase,train,RNaseP_Halobacterium-NRC1
telomerase,train,RNaseP_K.polysporus
telomerase,train,RNaseP_L.weilii
telomerase,train,RNaseP_LGB21
telomerase,train,RNaseP_LGB23
telomerase,train,RNaseP_M.fermentans
telomerase,train,RNaseP_M.pneumoniae
telomerase,train,RNaseP_M.vannielli
telomerase,train,RNaseP_Mxa1
telomerase,train,RNaseP_N.gregoryi
telomerase,train,RNaseP_N.olivacea-chloroplast
telomerase,train,RNaseP_Nostoc-PCC7413
telomerase,train,RNaseP_P.acanthamoebae
telomerase,train,RNaseP_P.canadensis
telomerase,train,RNaseP_P.cultripes
telomerase,train,RNaseP_P.gingivalis
telomerase,train,RNaseP_P.guilliermondii
telomerase,train,RNaseP_P.innocua
telomerase,train,RNaseP_P.marinus-2
telomerase,train,RNaseP_P.purpurea-chloroplast
telomerase,train,RNaseP_P.strasburgensis
telomerase,train,RNaseP_P.troglodytes
telomerase,train,RNaseP_PF101
telomerase,train,RNaseP_PS24
telomerase,train,RNaseP_Prochlorococcus-NATL2
telomerase,train,RNaseP_Pseudoanabaena-PCC6903
telomerase,train,RNaseP_R.americana-mito
telomerase,train,RNaseP_R.norvegicus
telomerase,train,RNaseP_R.palustris
telomerase,train,RNaseP_R.prowazekii
telomerase,train,RNaseP_R.rubrum
telomerase,train,RNaseP_Rr327
telomerase,train,RNaseP_Rr368
telomerase,train,RNaseP_S.dairensis
telomerase,train,RNaseP_S.faciem
telomerase,train,RNaseP_S.fibuligera
telomerase,train,RNaseP_S.lividans
telomerase,train,RNaseP_S.pastorianus
telomerase,train,RNaseP_S.polymorpha
telomerase,train,RNaseP_S.pombe
telomerase,train,RNaseP_S.pyogenes
telomerase,train,RNaseP_S.solfataricus
telomerase,train,RNaseP_S.unisporus
telomerase,train,RNaseP_S.versatilis
telomerase,train,RNaseP_SM-A2539
telomerase,train,RNaseP_SM-A3048
telomerase,train,RNaseP_SMB-B1
telomerase,train,RNaseP_SMB-B3
telomerase,train,RNaseP_Saccharomonospora-K180
telomerase,train,RNaseP_Synechocystis-PCC6308
telomerase,train,RNaseP_Synechocystis-PCC6803
telomerase,train,RNaseP_T.celerAL1
telomerase,train,RNaseP_T.delbrueckii
telomerase,train,RNaseP_T.pallidum
telomerase,train,RNaseP_T.roseum
telomerase,train,RNaseP_T.syrichta
telomerase,train,RNaseP_U.stansburiana
telomerase,train,RNaseP_V.spinosum
telomerase,train,RNaseP_Y.pestis
telomerase,train,RNaseP_Z.bailii
telomerase,train,RNaseP_Z.florentinus
telomerase,train,RNaseP_Z.rouxii
telomerase,train,RNaseP_vHge3-5
telomerase,train,grp1_a.I1.b.Synechococcus.sp2.C3.tLEU
telomerase,train,grp1_a.I1.c.A.cherimola.C3.tLEU
telomerase,train,grp1_a.I1.c.G.prostrata.C3.tLEU
telomerase,train,grp1_a.I1.c.S.bicolor.C3.tLEU
telomerase,train,grp1_a.I1.e.A.adeninivorans.C1.LSU.2449
telomerase,train,grp1_a.I1.e.A.capsulatus.FLs1.C1.SSU
telomerase,train,grp1_a.I1.e.A.capsulatus.G184B.C1.SSU
telomerase,train,grp1_a.I1.e.A.stipitatus.C1.SSU.1046
telomerase,train,grp1_a.I1.e.B.ciliata.JCM6865.C1.SSU.1506
telomerase,train,grp1_a.I1.e.B.ciliata.JCM6865.C1.SSU.943
telomerase,train,grp1_a.I1.e.B.yamatoana.JCM2896.C1.SSU.943
telomerase,train,grp1_a.I1.e.C.ellipsoidea.211-1a.C1.SSU.1506
telomerase,train,grp1_a.I1.e.C.grayi.UNK.SSU.1516
telomerase,train,grp1_a.I1.e.C.merochlorophea.UNK.SSU.1046
telomerase,train,grp1_a.I1.e.C.merochlorophea.UNK.SSU.1210
telomerase,train,grp1_a.I1.e.C.merochlorophea.UNK.SSU.1516
telomerase,train,grp1_a.I1.e.C.saccatum.C1.SSU.1512
telomerase,train,grp1_a.I1.e.C.saxonicum.C1.SSU.1506
telomerase,train,grp1_a.I1.e.D.parva.C1.SSU.1512
telomerase,train,grp1_a.I1.e.D.parva.C1.SSU.943
telomerase,train,grp1_a.I1.e.D.salina.C1.SSU.943
telomerase,train,grp1_a.I1.e.E.dermatitidis.C1.SSU.943
telomerase,train,grp1_a.I1.e.G.spirotaenia.C1.SSU.1506
telomerase,train,grp1_a.I1.e.L.dispersa.UNK.SSU.1046
telomerase,train,grp1_a.I1.e.L.dispersa.UNK.SSU.114
telomerase,train,grp1_a.I1.e.L.dispersa.UNK.SSU.1210
telomerase,train,grp1_a.I1.e.L.dispersa.UNK.SSU.287
telomerase,train,grp1_a.I1.e.L.dispersa.UNK.SSU.516
telomerase,train,grp1_a.I1.e.L.dispersa.UNK.SSU.789
telomerase,train,grp1_a.I1.e.M.caldariorum.C1.SSU.1506
telomerase,train,grp1_a.I1.e.P.carinii.C1.SSU.1506
telomerase,train,grp1_a.I1.e.P.carinii.Pc1.C1.LSU.1921
telomerase,train,grp1_a.I1.e.P.carinii.Pc2.C1.LSU.1921
telomerase,train,grp1_a.I1.e.P.carinii.Pc3.C1.LSU.1921
telomerase,train,grp1_a.I1.e.P.clavariiformis.C1.SSU.943
telomerase,train,grp1_a.I1.e.P.inouyei.C1.SSU.1506
telomerase,train,grp1_a.I1.e.P.macrosporus.C1.SSU.1506
telomerase,train,grp1_a.I1.e.P.macrosporus.C1.SSU.943
telomerase,train,grp1_a.I1.e.P.pachydermus.C1.SSU.943
telomerase,train,grp1_a.I1.e.P.sarcinoidea.C1.SSU.943
telomerase,train,grp1_a.I1.e.S.granulatum.C1.SSU.1506
telomerase,train,grp1_a.I1.e.S.paniceum.UNK.SSU.1052
telomerase,train,grp1_a.I1.e.S.paniceum.UNK.SSU.114
telomerase,train,grp1_a.I1.e.S.paniceum.UNK.SSU.1210
telomerase,train,grp1_a.I1.e.S.paniceum.UNK.SSU.1506
telomerase,train,grp1_a.I1.e.S.paniceum.UNK.SSU.287
telomerase,train,grp1_a.I1.e.S.sclerotiorum_1837.C1.LSU.798
telomerase,train,grp1_a.I1.e.Staurastrum.sp.M753.C1.SSU.1506
telomerase,train,grp1_a.I1.e.T.cosmopolitanis.C1.LSU.1925
telomerase,train,grp1_a.I1.e.T.hyperangularis.C1.LSU.1925
telomerase,train,grp1_a.I1.e.T.malaccensis.C1.LSU.1925
telomerase,train,grp1_a.I1.e.T.pigmentosa.C1.LSU.1925
telomerase,train,grp1_a.I1.e.U.maydis.C1.SSU.943
telomerase,train,grp1_a.I1.m.M.grisea.B2.ND1
telomerase,train,grp1_a.I1.m.S.luteus.A1.LSU.2504
telomerase,train,grp1_a.I1.m.S.pombe.B1.OX1
telomerase,train,grp1_b.I1.e.M.anisopliae.2.C1.LSU.1921
telomerase,train,grp1_b.I1.e.M.anisopliae.3.C1.LSU.1921
telomerase,train,grp1_b.I1.e.T.thermophila.C1.LSU.1925
telomerase,train,srp_Aero.pern._BA000002
telomerase,train,srp_Ajel.caps._CV620298
telomerase,train,srp_Ashb.goss._AE016819
telomerase,train,srp_Bdel.bact._BX842656
telomerase,train,srp_Cand.trop._GSP-294747
telomerase,train,srp_Citr.sine._CN181544
telomerase,train,srp_Clav.lusi._GSP-306902
telomerase,train,srp_Clos.novy._CP000382
telomerase,train,srp_Cryp.parv._XM_626716
telomerase,train,srp_Deba.hans._CR382138
telomerase,train,srp_Desu.psyc._CR522870
telomerase,train,srp_Dict.disc._BJ360333
telomerase,train,srp_Ence.cuni._AL590449
telomerase,train,srp_Enta.hist._AF487684
telomerase,train,srp_Gald.sulp._GSP-130081
telomerase,train,srp_Gibb.zeae._GSP-229533
telomerase,train,srp_Halo.halo._CP000544
telomerase,train,srp_Hist.caps._GSP-278162
telomerase,train,srp_Hype.buty._CP000493
telomerase,train,srp_Kluy.yarr._479647571
telomerase,train,srp_Lept.coll._AF006750
telomerase,train,srp_List.mono._AE017262
telomerase,train,srp_Lodd.elon._GSP-379508
telomerase,train,srp_Meso.viri._AF166114
telomerase,train,srp_Meth.mari._CP000745
telomerase,train,srp_Myco.hyop._AE017244
telomerase,train,srp_Myco.spec._CP000580
telomerase,train,srp_Neur.cras._AL669999
telomerase,train,srp_Onch.volv._BF727619
telomerase,train,srp_Oryz.sati._AP008207
telomerase,train,srp_Oxyt.trif._GSP-99928
telomerase,train,srp_Para.bras._EH655308
telomerase,train,srp_Para.bras._GSP-121759
telomerase,train,srp_Pers.amer._X65992
telomerase,train,srp_Phak.pach._GSP-170000-2
telomerase,train,srp_Phyt.infe._CV911012
telomerase,train,srp_Pich.guil._GSP-294746
telomerase,train,srp_Pich.stip._CP000502
telomerase,train,srp_Plas.falc._EF690554
telomerase,train,srp_Podo.anse._GSP-5145
telomerase,train,srp_Pseu.syri._CP000058
telomerase,train,srp_Psyc.arct._CP000082
telomerase,train,srp_Psyc.ingr._CP000510
telomerase,train,srp_Pyro.isla._CP000504
telomerase,train,srp_Rhod.balt._BX294144
telomerase,train,srp_Sacc.kluy._SKAA0027M04.b1
telomerase,train,srp_Sacc.para._BN000251
telomerase,train,srp_Scle.scle._GSP-325569
telomerase,train,srp_Shew.balt._CP000753
telomerase,train,srp_Sola.tube._DR037646
telomerase,train,srp_Sorg.bico._BE594178
telomerase,train,srp_Spra.loph._GSP-51541
telomerase,train,srp_Stap.epid._AX145149
telomerase,train,srp_Stre.coel._AL939118
telomerase,train,srp_Stre.pyog._AM295007
telomerase,train,srp_Stre.sang._CP000387
telomerase,train,srp_Synt.wolf._CP000448
telomerase,train,srp_Taen.gutt._CK235759
telomerase,train,srp_Tetr.ther._X56981
telomerase,train,srp_Thal.pseu._GSP-296543
telomerase,train,srp_Thei.parv._GSP-333668
telomerase,train,srp_Ther.mela._CP000716
telomerase,train,srp_Ther.petr._CP000702
telomerase,train,srp_Ther.teng._AE012978
telomerase,train,srp_Ther.volc._BA000011
telomerase,train,srp_Toxo.gond._CO743022
telomerase,train,srp_Toxo.gond._GSP-398031
telomerase,train,srp_Trep.dent._AE017246
telomerase,train,srp_Trep.pall._AE000520
telomerase,train,srp_Tric.rees._GSP-334564-1
telomerase,train,srp_Trit.aest._BE424647
telomerase,train,srp_Trit.aest._CJ679223
telomerase,train,srp_Unci.rees._GSP-336963
telomerase,train,srp_Vibr.vuln._BA000037
telomerase,train,srp_Xant.camp._AM039952
telomerase,train,srp_Xeno.laev._X01055
telomerase,train,srp_Yarr.lipo._X51658
telomerase,train,srp_Yers.pseu._CP000720
telomerase,train,srp_Zygo.roux._BN000170
telomerase,train,srp_Zymo.mobi._AF203881
telomerase,train,tRNA_tdbR00000013-Pichia_jadinii-4903-Ala-IGC
telomerase,train,tRNA_tdbR00000034-Mesocricetus_auratus-10036-Asp-GUC
telomerase,train,tRNA_tdbR00000046-Escherichia_coli-562-Glu-SUC
telomerase,train,tRNA_tdbR00000069-Synechococcus_sp._PCC_7002-32049-Phe-GAA
telomerase,train,tRNA_tdbR00000074-Tetrahymena_pyriformis-5908-Phe-GAA
telomerase,train,tRNA_tdbR00000078-Ascaris_suum-6253-Phe-GAA
telomerase,train,tRNA_tdbR00000080-Bos_taurus-9913-Phe-GAA
telomerase,train,tRNA_tdbR00000114-Staphylococcus_epidermidis-1282-Gly-UCC
telomerase,train,tRNA_tdbR00000124-Aedes_albopictus-7160-Gly-UCC
telomerase,train,tRNA_tdbR00000127-Halocynthia_roretzi-7729-Gly-UCU
telomerase,train,tRNA_tdbR00000128-Halocynthia_roretzi-7729-Gly-GCU
telomerase,train,tRNA_tdbR00000143-Asterias_amurensis-7602-His-QUG
telomerase,train,tRNA_tdbR00000168-Bos_taurus-9913-Ile-GAU
telomerase,train,tRNA_tdbR00000174-Mus_musculus-10090-Ile-IAU
telomerase,train,tRNA_tdbR00000177-Mycoplasma_capricolum-2095-Lys-CUU
telomerase,train,tRNA_tdbR00000184-Asterias_amurensis-7602-Lys-CUU
telomerase,train,tRNA_tdbR00000190-Bos_taurus-9913-Lys-NUU
telomerase,train,tRNA_tdbR00000191-Mesocricetus_auratus-10036-Lys-NUU
telomerase,train,tRNA_tdbR00000194-Triticum_aestivum-4565-Lys-CUU
telomerase,train,tRNA_tdbR00000206-Loligo_bleekeri-6617-Lys-UUU
telomerase,train,tRNA_tdbR00000210-Enterobacteria_phage_T5-10726-Leu-UAG
telomerase,train,tRNA_tdbR00000211-Haloferax_volcanii-2246-Leu-CAA
telomerase,train,tRNA_tdbR00000223-Salmonella_typhimurium-602-Leu-CAG
telomerase,train,tRNA_tdbR00000237-Saccharomyces_cerevisiae-4932-Leu-AA
telomerase,train,tRNA_tdbR00000244-Rattus_norvegicus-10116-Leu-UAG
telomerase,train,tRNA_tdbR00000245-Rattus_norvegicus-10116-Leu-UAG
telomerase,train,tRNA_tdbR00000247-Bos_taurus-9913-Leu-UAG
telomerase,train,tRNA_tdbR00000251-Saccharomyces_cerevisiae-4932-Leu-UAA
telomerase,train,tRNA_tdbR00000263-Rattus_norvegicus-10116-Leu-AA
telomerase,train,tRNA_tdbR00000266-Bos_taurus-9913-Leu-AA
telomerase,train,tRNA_tdbR00000280-Saccharomyces_cerevisiae-4932-Met-CAU
telomerase,train,tRNA_tdbR00000282-Ascaris_suum-6253-Met-AU
telomerase,train,tRNA_tdbR00000283-Gallus_gallus-9031-Met-AU
telomerase,train,tRNA_tdbR00000290-Enterobacteria_phage_T5-10726-Asn-GUU
telomerase,train,tRNA_tdbR00000318-Salmonella_typhimurium-602-Pro-GGG
telomerase,train,tRNA_tdbR00000321-Saccharomyces_cerevisiae-4932-Pro-UGG
telomerase,train,tRNA_tdbR00000325-Pichia_jadinii-4903-Pro-GG
telomerase,train,tRNA_tdbR00000328-Enterobacteria_phage_T5-10726-Gln-UUG
telomerase,train,tRNA_tdbR00000334-Hordeum_vulgare-4513-Gln-UG
telomerase,train,tRNA_tdbR00000345-Homo_sapiens-9606-Gln-NUG
telomerase,train,tRNA_tdbR00000347-Enterobacteria_phage_T4-10665-Arg-NCU
telomerase,train,tRNA_tdbR00000350-Haloferax_volcanii-2246-Arg-GCG
telomerase,train,tRNA_tdbR00000359-Escherichia_coli-562-Arg-CCG
telomerase,train,tRNA_tdbR00000363-Ascaris_suum-6253-Arg-PCU
telomerase,train,tRNA_tdbR00000364-Ascaris_suum-6253-Arg-ACG
telomerase,train,tRNA_tdbR00000366-Rattus_norvegicus-10116-Arg-UCG
telomerase,train,tRNA_tdbR00000367-Bos_taurus-9913-Arg-UCG
telomerase,train,tRNA_tdbR00000395-Saccharomyces_cerevisiae-4932-Ser-GCU
telomerase,train,tRNA_tdbR00000397-Saccharomyces_cerevisiae-4932-Ser-UGA
telomerase,train,tRNA_tdbR00000406-Saccharomyces_cerevisiae-4932-Ser-NGA
telomerase,train,tRNA_tdbR00000409-Candida_cylindracea-44322-Ser-CAG
telomerase,train,tRNA_tdbR00000414-Lupinus_luteus-3873-Ser-CGA
telomerase,train,tRNA_tdbR00000440-Neurospora_crassa-5141-Thr-UGU
telomerase,train,tRNA_tdbR00000460-Aedes_albopictus-7160-Val-UAC
telomerase,train,tRNA_tdbR00000461-Rattus_norvegicus-10116-Val-UAC
telomerase,train,tRNA_tdbR00000462-Rattus_norvegicus-10116-Val-UAC
telomerase,train,tRNA_tdbR00000463-Bos_taurus-9913-Val-UAC
telomerase,train,tRNA_tdbR00000489-Neurospora_crassa-5141-Trp-NCA
telomerase,train,tRNA_tdbR00000492-Rattus_norvegicus-10116-Trp-NCA
telomerase,train,tRNA_tdbR00000493-Bos_taurus-9913-Trp-NCA
telomerase,train,tRNA_tdbR00000494-Saccharomyces_cerevisiae-4932-Trp-BCA
telomerase,train,tRNA_tdbR00000517-Neurospora_crassa-5141-Ini-CAU
telomerase,train,tRNA_tdbR00000518-Saccharomyces_cerevisiae-4932-Ini-CAU
telomerase,train,tRNA_tdbR00000520-Aedes_albopictus-7160-Ini-CAU
telomerase,train,tRNA_tdbR00000522-Bos_taurus-9913-Ini-AU
telomerase,train,tRNA_tdbR00000549-Tetrahymena_pyriformis-5908-Tyr-QUA
telomerase,train,tRNA_tdbR00000551-Saccharomyces_cerevisiae-4932-Tyr-GUA
telomerase,train,tRNA_tdbR00000556-Schizosaccharomyces_pombe-4896-Tyr-GPA
telomerase,train,tRNA_tdbR00000572-Leishmania_tarentolae-5689-Lys-1UU
telomerase,train,tRNA_tdbR00000573-Leishmania_tarentolae-5689-Gln-3UG
telomerase,train,tRNA_tdbR00000578-Leishmania_tarentolae-5689-Glu-3UC
telomerase,train,tRNA_tdbR00000581-Aeropyrum_pernix-56636-Lys-CUU
telomerase,train,tRNA_tdbR00000590-Ascaris_suum-6253-Glu-UC
telomerase,train,tRNA_tdbR00000593-Ascaris_suum-6253-Trp-CA
telomerase,train,tRNA_tdbR00000595-Escherichia_coli-562-Leu-BAA
telomerase,train,tRNA_tdbR00000611-Sinorhizobium_meliloti-382-His-GUG
telomerase,train,tRNA_tdbR00000619-Toxoplasma_gondii-5811-Met-CAU
telomerase,train,tRNA_tdbR00000620-Toxoplasma_gondii-5811-Ini-CAU
telomerase,train,tRNA_tdbR00000621-Nicotiana_rustica-4093-Cys-GCA
telomerase,train,tRNA_tdbR00000622-Nicotiana_rustica-4093-Cys-GCA
telomerase,train,tmRNA_Acid.ferr._TRW-243159_1-364
telomerase,train,tmRNA_Acid.ferr._TRW-920_1-341
telomerase,train,tmRNA_Acin.spec._CR543861_1-360
telomerase,train,tmRNA_Baci.G._TRW-12333_1-312
telomerase,train,tmRNA_Bact.mari._TRW-97084_1-385
telomerase,train,tmRNA_Bdel.bact._BX842656_1-346
telomerase,train,tmRNA_Bloc.flor._BX248583_1-393
telomerase,train,tmRNA_Bloc.penn._CP000016_1-392
telomerase,train,tmRNA_Borr.gari._CP000013_1-363
telomerase,train,tmRNA_Cald.sacc._TRW-351627_1-368
telomerase,train,tmRNA_Camp.fetu._AY211269_1-361
telomerase,train,tmRNA_Carn.malt._AF275938_1-366
telomerase,train,tmRNA_Chla.trac._TRW-813-2_1-420
telomerase,train,tmRNA_Chlo.tepi._TRW-194439_1-404
telomerase,train,tmRNA_Chro.viol._AE016825_1-365
telomerase,train,tmRNA_Clos.ther._TRW-203119_1-387
telomerase,train,tmRNA_Cyan.cald._AF022186_1-254
telomerase,train,tmRNA_Cyan.mero._TRW-45157_1-236
telomerase,train,tmRNA_Dict.ther._TRW-14_1-350
telomerase,train,tmRNA_Gemm.obsc._TRW-214688_1-412
telomerase,train,tmRNA_Geob.sulf._AE017180_1-356
telomerase,train,tmRNA_Grac.tenu._AY673996_1-396
telomerase,train,tmRNA_Guil.thet._TRW-55529_1-330
telomerase,train,tmRNA_Heli.pylo._TRW-85963_1-386
telomerase,train,tmRNA_Jako.libe._TRW-143017_1-102
telomerase,train,tmRNA_Lact.john._TRW-257314_1-367
telomerase,train,tmRNA_Lact.sake._TRW-314315_1-370
telomerase,train,tmRNA_Laws.intr._AM180252_1-376
telomerase,train,tmRNA_Legi.pneu._CR628337_1-406
telomerase,train,tmRNA_Magn.spec._CP000471_1-366
telomerase,train,tmRNA_Meso.flor._AE017263_1-408
telomerase,train,tmRNA_Meso.viri._AF166114_1-359
telomerase,train,tmRNA_Mora.cata._AX067460_1-359
telomerase,train,tmRNA_Myco.Bxz1._AY129337_1-437
telomerase,train,tmRNA_Myco.arth._TRW-243272_1-394
telomerase,train,tmRNA_Myco.gall._AE015450_1-408
telomerase,train,tmRNA_Myco.geni._U39713_1-385
telomerase,train,tmRNA_Myco.hyop._TRW-295358_1-424
telomerase,train,tmRNA_Myco.myco._BX842642_1-411
telomerase,train,tmRNA_Myco.pene._BA000026_1-405
telomerase,train,tmRNA_Neph.oliv._AF137379-2_1-327
telomerase,train,tmRNA_Nitr.ocea._CP000127_1-361
telomerase,train,tmRNA_Ocea.ihey._BA000028_1-364
telomerase,train,tmRNA_Oeno.oeni._TRW-203123_1-350
telomerase,train,tmRNA_Onio.yell._AP006628_1-423
telomerase,train,tmRNA_Para.symb._BX908798_1-405
telomerase,train,tmRNA_Pelo.carb._CP000142_1-358
telomerase,train,tmRNA_Phot.prof._CR378665_1-368
telomerase,train,tmRNA_Porp.purp._TRW-2787_1-323
telomerase,train,tmRNA_Prev.rumi._TRW-264731_1-401
telomerase,train,tmRNA_Prop.acne._TRW-1747-3_1-353
telomerase,train,tmRNA_Rhod.balt._BX294141_1-380
telomerase,train,tmRNA_Rumi.albu._TRW-246199_1-354
telomerase,train,tmRNA_Sacc.degr._CP000282_1-389
telomerase,train,tmRNA_Spir.kunk._TRW-273035_1-424
telomerase,train,tmRNA_Stre.scab._TRW-1883_1-402
telomerase,train,tmRNA_Syne.spec._AB003477_1-394
telomerase,train,tmRNA_Syne.spec._TRW-32049_1-396
telomerase,train,tmRNA_Synt.acid._CP000252_1-356
telomerase,train,tmRNA_Thal.weis._AF049491_1-348
telomerase,train,tmRNA_Ther.rose._TRW-309801_1-353
telomerase,train,tmRNA_Ther.teng._AE013063_1-351
telomerase,train,tmRNA_Thio.deni._CP000116_1-367
telomerase,train,tmRNA_Trem.prin._AF481102_1-264
telomerase,train,tmRNA_Trep.pall._TRW-243276_1-354
telomerase,train,tmRNA_Trop.whip._BX251411_1-369
telomerase,train,tmRNA_Verr.spin._TRW-240016_1-356
telomerase,train,tmRNA_Woli.succ._BX571661_1-369
telomerase,train,tmRNA_envi.sequ._TRW-2-1_1-365
telomerase,train,tmRNA_envi.sequ._TRW-204433_1-356
telomerase,train,tmRNA_envi.sequ._TRW-259292_1-355
telomerase,train,tmRNA_envi.sequ._TRW-300695-2_1-345
telomerase,train,tmRNA_envi.sequ._TRW-351057-3_1-355
telomerase,train,tmRNA_envi.sequ._TRW-356-1_1-289
telomerase,train,tmRNA_uncu.bact._TRW-32033-1_1-354
telomerase,train,tmRNA_uncu.bact._TRW-45456_1-408
telomerase,train,tmRNA_uncu.bact._TRW-72274-1_1-359
telomerase,train,tmRNA_uncu.bact._TRW-72274-2_1-359
telomerase,train,tmRNA_uncu.bact._TRW-80840-3_1-379
telomerase,train,tmRNA_uncu.mari._TRW-363180_1-347
telomerase,valid,16s_B.burgdorferi_domain4
telomerase,valid,16s_B.subtilis_domain4
telomerase,valid,16s_C.elegans_domain4
telomerase,valid,16s_C.reinhardtii.chloro_domain1
telomerase,valid,16s_C.reinhardtii.chloro_domain3
telomerase,valid,16s_C.reinhardtii.mito_domain1
telomerase,valid,16s_C.reinhardtii.mito_domain2
telomerase,valid,16s_H.sapiens.mito_domain3
telomerase,valid,16s_H.volcanii_domain1
telomerase,valid,16s_P.occultum_domain4
telomerase,valid,16s_S.cerevisiae_domain3
telomerase,valid,16s_T.gondii_domain3
telomerase,valid,16s_T.maritima_domain3
telomerase,valid,23s_B.subtilis_domain3
telomerase,valid,23s_B.subtilis_domain6
telomerase,valid,23s_T.thermophilus_domain6
telomerase,valid,5s_Candidatus-Tremblaya-princeps-5
telomerase,valid,5s_Chlamydia-trachomatis-1
telomerase,valid,5s_Clostridium-acetobutylicum-3
telomerase,valid,5s_Drosophila-melanogaster-2
telomerase,valid,5s_Gracilaria-compressa-2
telomerase,valid,5s_Lactococcus-lactis-2
telomerase,valid,5s_Methanobrevibacter-ruminantium-1
telomerase,valid,5s_Methanospirillum-hungatei-1
telomerase,valid,5s_Mycoplasma-pulmonis-1
telomerase,valid,5s_Paracentrotus-lividus-2
telomerase,valid,5s_Plasmodium-falciparum-1
telomerase,valid,5s_Rhodopirellula-baltica-1
telomerase,valid,5s_Roseococcus-thiosulfatophilus-2
telomerase,valid,5s_Spirosoma-sp.-1
telomerase,valid,5s_Streptomyces-coelicolor-5
telomerase,valid,5s_Sulfolobus-tokodaii-1
telomerase,valid,5s_Thermoplasma-volcanium-1
telomerase,valid,5s_Thermus-aquaticus-1
telomerase,valid,5s_Triticum-aestivum-1
telomerase,valid,5s_Vitreoscilla-stercoraria-1
telomerase,valid,RNaseP_A.eutrophus
telomerase,valid,RNaseP_Anabaena-PCC7120
telomerase,valid,RNaseP_C.pneumoniae-CWL029
telomerase,valid,RNaseP_CPA58
telomerase,valid,RNaseP_LGW17
telomerase,valid,RNaseP_M.barkeri
telomerase,valid,RNaseP_M.hyopneumoniae
telomerase,valid,RNaseP_P.mississippiensis
telomerase,valid,RNaseP_S.globosus
telomerase,valid,RNaseP_S.uvarum
telomerase,valid,RNaseP_SM-A01
telomerase,valid,RNaseP_SM-A5888
telomerase,valid,RNaseP_SMB-B2
telomerase,valid,RNaseP_T.littoralis
telomerase,valid,RNaseP_T.thioparus
telomerase,valid,RNaseP_T.tumescens
telomerase,valid,RNaseP_T.volcanum
telomerase,valid,RNaseP_U.urealyticum
telomerase,valid,RNaseP_W.fluorescens
telomerase,valid,RNaseP_vHge2
telomerase,valid,grp1_a.I1.b.Dermocarpa.sp.ATCC29371.C3.tMET
telomerase,valid,grp1_a.I1.b.Phormidium.sp.N182.C3.tLEU
telomerase,valid,grp1_a.I1.b.S.hofmanii.C3.tMET
telomerase,valid,grp1_a.I1.e.A.capsulatus.CBS213.53.C1.SSU.943
telomerase,valid,grp1_a.I1.e.A.capsulatus.G186B.C1.SSU
telomerase,valid,grp1_a.I1.e.B.yamatoana.JCM2896.C1.SSU.1506
telomerase,valid,grp1_a.I1.e.C.ellipsoidea.IAMC-87.C1.SSU.1506
telomerase,valid,grp1_a.I1.e.C.grayi.UNK.SSU.1046
telomerase,valid,grp1_a.I1.e.C.merochlorophea.UNK.SSU.1389
telomerase,valid,grp1_a.I1.e.G.planctonica.C1.SSU.943
telomerase,valid,grp1_a.I1.e.L.dispersa.UNK.SSU.1516
telomerase,valid,grp1_a.I1.e.P.inouyei.C1.SSU.943
telomerase,valid,grp1_a.I1.e.Staurastrum.sp.M752.C1.SSU.1506
telomerase,valid,grp1_b.I1.e.C.saccharophila.C1.SSU.156
telomerase,valid,grp1_s.I1.e.T.thermophila.C1.LSU.1925.schem
telomerase,valid,srp_Baci.anth._AE017334
telomerase,valid,srp_Cand.glab._CR380957
telomerase,valid,srp_Enta.terr._GSP-110771
telomerase,valid,srp_Giar.lamb._GSP-184922
telomerase,valid,srp_Kluy.lact._CR382126
telomerase,valid,srp_Meth.ferv._S49762
telomerase,valid,srp_Meth.volt._M22560
telomerase,valid,srp_Myco.hyop._AE017243
telomerase,valid,srp_Myco.spec._CP000384
telomerase,valid,srp_Nect.haem._GSP-71109
telomerase,valid,srp_Perk.mari._GSP-31276
telomerase,valid,srp_Phae.nodo._GSP-321614
telomerase,valid,srp_Phyt.soja._GSP-67593
telomerase,valid,srp_Plas.yoel._GSP-352914
telomerase,valid,srp_Sacc.cere._U18916
telomerase,valid,srp_Schi.pomb._AU010514
telomerase,valid,srp_Schi.pomb._Z99259
telomerase,valid,srp_Shig.flex._AE016979
telomerase,valid,srp_Trit.aest._X13915
telomerase,valid,srp_Tryp.viva._SDB-5699
telomerase,valid,tRNA_tdbR00000009-Escherichia_coli-562-Ala-VGC
telomerase,valid,tRNA_tdbR00000104-Enterobacteria_phage_T4-10665-Gly-NCC
telomerase,valid,tRNA_tdbR00000126-Halocynthia_roretzi-7729-Gly-NCU
telomerase,valid,tRNA_tdbR00000149-Homo_sapiens-9606-His-GUG
telomerase,valid,tRNA_tdbR00000167-Aedes_albopictus-7160-Ile-GAU
telomerase,valid,tRNA_tdbR00000169-Homo_sapiens-9606-Ile-GAU
telomerase,valid,tRNA_tdbR00000189-Rattus_norvegicus-10116-Lys-NUU
telomerase,valid,tRNA_tdbR00000246-Bos_taurus-9913-Leu-NAA
telomerase,valid,tRNA_tdbR00000335-Nicotiana_rustica-4093-Gln-NUG
telomerase,valid,tRNA_tdbR00000365-Aedes_albopictus-7160-Arg-UCG
telomerase,valid,tRNA_tdbR00000381-Haloferax_volcanii-2246-Ser-GCU
telomerase,valid,tRNA_tdbR00000398-Ascaris_suum-6253-Ser-UCU
telomerase,valid,tRNA_tdbR00000399-Aedes_albopictus-7160-Ser-GCU
telomerase,valid,tRNA_tdbR00000400-Loligo_bleekeri-6617-Ser-7CU
telomerase,valid,tRNA_tdbR00000580-Aeropyrum_pernix-56636-Lys-UUU
telomerase,valid,tRNA_tdbR00000583-Aeropyrum_pernix-56636-Cys-GCA
telomerase,valid,tRNA_tdbR00000591-Ascaris_suum-6253-Lys-UU
telomerase,valid,tRNA_tdbR00000594-Ascaris_suum-6253-Leu-AA
telomerase,valid,tRNA_tdbR00000609-Chlamydomonas_reinhardtii-3055-Leu-UA7
telomerase,valid,tRNA_tdbR00000618-Candida_albicans-5476-Leu-CAG
telomerase,valid,tmRNA_Bifi.long._TRW-206672_1-397
telomerase,valid,tmRNA_Bord.pert._TRW-257313_1-387
telomerase,valid,tmRNA_Desu.psyc._CR522870_1-366
telomerase,valid,tmRNA_Emil.huxl._TRW-280463_1-291
telomerase,valid,tmRNA_Fran.tula._CP000437_1-421
telomerase,valid,tmRNA_Heli.hepa._AE017125_1-369
telomerase,valid,tmRNA_Leif.xyli._AE016822_1-394
telomerase,valid,tmRNA_List.wels._AF440351_1-321
telomerase,valid,tmRNA_Myxo.xant._TRW-34_1-366
telomerase,valid,tmRNA_Porp.ging._TRW-242619_1-407
telomerase,valid,tmRNA_Pseu.atla._CP000388_1-357
telomerase,valid,tmRNA_Rubr.gela._TRW-279263_1-372
telomerase,valid,tmRNA_Stre.coll._AY485228_1-386
telomerase,valid,tmRNA_Tann.fors._TRW-203275_1-400
telomerase,valid,tmRNA_Ther.elon._BA000039_1-386
telomerase,valid,tmRNA_Urea.parv._AE002154_1-413
telomerase,valid,tmRNA_envi.sequ._TRW-32045-3_1-350
telomerase,valid,tmRNA_uncu.bact._TRW-135621-1_1-397
telomerase,valid,tmRNA_uncu.bact._TRW-32045-4_1-369
telomerase,valid,tmRNA_uncu.bact._TRW-383630-1_1-364
tmRNA,test,tmRNA_Acid.caps._TRW-240015_1-352
tmRNA,test,tmRNA_Acid.ferr._TRW-133824_1-364
tmRNA,test,tmRNA_Acid.ferr._TRW-243159_1-364
tmRNA,test,tmRNA_Acid.ferr._TRW-920_1-341
tmRNA,test,tmRNA_Acin.spec._CR543861_1-360
tmRNA,test,tmRNA_Acti.acti._TRW-272556_1-366
tmRNA,test,tmRNA_Acti.naes._TRW-240017_1-371
tmRNA,test,tmRNA_Acti.pleu._TRW-228399_1-366
tmRNA,test,tmRNA_Acti.pleu._TRW-44294_1-366
tmRNA,test,tmRNA_Acti.succ._TRW-339671_1-367
tmRNA,test,tmRNA_Aero.hydr._AY442269_1-360
tmRNA,test,tmRNA_Aero.hydr._CP000462_1-360
tmRNA,test,tmRNA_Alka.meta._TRW-293826_1-355
tmRNA,test,tmRNA_Anab.vari._CP000117_1-390
tmRNA,test,tmRNA_Aqui.aeol._AE000749_1-344
tmRNA,test,tmRNA_Aqui.aeol._TRW-63363_1-347
tmRNA,test,tmRNA_Arth.spec._CP000454_1-369
tmRNA,test,tmRNA_Aste.yell._CP000061_1-426
tmRNA,test,tmRNA_Aste.yell._TRW-322098_1-426
tmRNA,test,tmRNA_Azoa.spec._TRW-62928_1-378
tmRNA,test,tmRNA_Azot.vine._TRW-354_1-352
tmRNA,test,tmRNA_Baci.G._TRW-12333_1-312
tmRNA,test,tmRNA_Baci.anth._AE016879_1-355
tmRNA,test,tmRNA_Baci.cere._AE017194_1-355
tmRNA,test,tmRNA_Baci.cere._TRW-226900_1-355
tmRNA,test,tmRNA_Baci.cere._TRW-288681_1-355
tmRNA,test,tmRNA_Baci.clau._AP006627_1-355
tmRNA,test,tmRNA_Baci.halo._BA000004_1-361
tmRNA,test,tmRNA_Baci.lich._CP000002_1-356
tmRNA,test,tmRNA_Baci.subt._TRW-1423_1-363
tmRNA,test,tmRNA_Baci.subt._Z99121_1-360
tmRNA,test,tmRNA_Baci.thur._AE017355_1-355
tmRNA,test,tmRNA_Bact.frag._CR626927_1-398
tmRNA,test,tmRNA_Bact.frag._TRW-817_1-398
tmRNA,test,tmRNA_Bact.mari._TRW-97084_1-385
tmRNA,test,tmRNA_Bact.thet._AE015928_1-397
tmRNA,test,tmRNA_Bdel.bact._BX842656_1-346
tmRNA,test,tmRNA_Bifi.long._TRW-205913_1-397
tmRNA,test,tmRNA_Bifi.long._TRW-206672_1-397
tmRNA,test,tmRNA_Bloc.flor._BX248583_1-393
tmRNA,test,tmRNA_Bloc.penn._CP000016_1-392
tmRNA,test,tmRNA_Bord.aviu._AM167904_1-406
tmRNA,test,tmRNA_Bord.bron._TRW-257310_1-387
tmRNA,test,tmRNA_Bord.para._TRW-257311_1-387
tmRNA,test,tmRNA_Bord.pert._TRW-257313_1-387
tmRNA,test,tmRNA_Borr.burg._AE001118_1-359
tmRNA,test,tmRNA_Borr.burg._TRW-224326_1-362
tmRNA,test,tmRNA_Borr.gari._CP000013_1-363
tmRNA,test,tmRNA_Brev.line._TRW-321955_1-377
tmRNA,test,tmRNA_Buch.aphi._AE013218_1-376
tmRNA,test,tmRNA_Buch.aphi._AE016826_1-367
tmRNA,test,tmRNA_Buch.aphi._BD061520_1-369
tmRNA,test,tmRNA_Burk.ceno._CP000378_1-370
tmRNA,test,tmRNA_Burk.ceno._TRW-216591_1-370
tmRNA,test,tmRNA_Burk.fung._TRW-266265_1-370
tmRNA,test,tmRNA_Burk.mall._CP000010_1-370
tmRNA,test,tmRNA_Burk.pseu._TRW-28450_1-370
tmRNA,test,tmRNA_Burk.spec._CP000151_1-370
tmRNA,test,tmRNA_Burk.thai._CP000086_1-370
tmRNA,test,tmRNA_Burk.viet._TRW-269482_1-370
tmRNA,test,tmRNA_Burk.xeno._CP000270_1-370
tmRNA,test,tmRNA_Cald.sacc._TRW-351627_1-368
tmRNA,test,tmRNA_Camp.coli._AL111168_1-359
tmRNA,test,tmRNA_Camp.coli._TRW-306254_1-359
tmRNA,test,tmRNA_Camp.fetu._AY211269_1-361
tmRNA,test,tmRNA_Camp.jeju._AL139078_1-356
tmRNA,test,tmRNA_Camp.jeju._AX048472_1-359
tmRNA,test,tmRNA_Camp.jeju._CP000025_1-359
tmRNA,test,tmRNA_Camp.lari._TRW-306263_1-359
tmRNA,test,tmRNA_Camp.upsa._TRW-306264_1-359
tmRNA,test,tmRNA_Carb.hydr._CP000141_1-359
tmRNA,test,tmRNA_Carn.malt._AF275938_1-366
tmRNA,test,tmRNA_Chla.abor._CR848038_1-425
tmRNA,test,tmRNA_Chla.cavi._AE015925_1-425
tmRNA,test,tmRNA_Chla.muri._AE002296_1-418
tmRNA,test,tmRNA_Chla.muri._TRW-83560_1-421
tmRNA,test,tmRNA_Chla.pneu._AE002224_1-423
tmRNA,test,tmRNA_Chla.pneu._TRW-83558_1-426
tmRNA,test,tmRNA_Chla.trac._AE001276_1-417
tmRNA,test,tmRNA_Chla.trac._TRW-272561_1-420
tmRNA,test,tmRNA_Chla.trac._TRW-813-1_1-420
tmRNA,test,tmRNA_Chla.trac._TRW-813-2_1-420
tmRNA,test,tmRNA_Chlo.aura._AY040836_1-361
tmRNA,test,tmRNA_Chlo.chlo._CP000108_1-401
tmRNA,test,tmRNA_Chlo.tepi._TRW-194439_1-404
tmRNA,test,tmRNA_Chro.sale._CP000285_1-380
tmRNA,test,tmRNA_Chro.viol._AE016825_1-365
tmRNA,test,tmRNA_Citr.rode._TRW-67825_1-365
tmRNA,test,tmRNA_Clav.mich._TRW-31964_1-376
tmRNA,test,tmRNA_Clos.acet._AE001437_1-359
tmRNA,test,tmRNA_Clos.acet._AE007587_1-356
tmRNA,test,tmRNA_Clos.botu._TRW-36826_1-355
tmRNA,test,tmRNA_Clos.diff._AM180355_1-350
tmRNA,test,tmRNA_Clos.diff._TRW-367459_1-350
tmRNA,test,tmRNA_Clos.perf._AP003190_1-358
tmRNA,test,tmRNA_Clos.perf._CP000246_1-361
tmRNA,test,tmRNA_Clos.perf._CP000312_1-361
tmRNA,test,tmRNA_Clos.perf._TRW-195102_1-361
tmRNA,test,tmRNA_Clos.teta._AE015927_1-355
tmRNA,test,tmRNA_Clos.ther._TRW-203119_1-387
tmRNA,test,tmRNA_Colw.psyc._CP000083_1-350
tmRNA,test,tmRNA_Copr.prot._TRW-351627_1-353
tmRNA,test,tmRNA_Cory.diph._BX248356_1-385
tmRNA,test,tmRNA_Cory.effi._BA000035_1-376
tmRNA,test,tmRNA_Cory.glut._BX927150_1-377
tmRNA,test,tmRNA_Coxi.burn._AE016828_1-360
tmRNA,test,tmRNA_Croc.wats._TRW-165597_1-386
tmRNA,test,tmRNA_Cyan.cald._AF022186_1-254
tmRNA,test,tmRNA_Cyan.mero._AY286123_1-236
tmRNA,test,tmRNA_Cyan.mero._TRW-45157_1-236
tmRNA,test,tmRNA_Cyan.para._TRW-2762_1-294
tmRNA,test,tmRNA_Cyan.para._U30821_1-291
tmRNA,test,tmRNA_Cyto.hutc._CP000383_1-404
tmRNA,test,tmRNA_Deha.ethe._CP000027_1-352
tmRNA,test,tmRNA_Dein.geot._CP000359_1-348
tmRNA,test,tmRNA_Dein.radi._AE001939_1-346
tmRNA,test,tmRNA_Dein.radi._TRW-243230_1-349
tmRNA,test,tmRNA_Desu.acet._TRW-281689_1-353
tmRNA,test,tmRNA_Desu.desu._CP000112_1-360
tmRNA,test,tmRNA_Desu.psyc._CR522870_1-366
tmRNA,test,tmRNA_Desu.vulg._AE017285_1-352
tmRNA,test,tmRNA_Dich.nodo._TRW-35819_1-352
tmRNA,test,tmRNA_Dict.ther._TRW-14_1-350
tmRNA,test,tmRNA_Emil.huxl._AY741371_1-291
tmRNA,test,tmRNA_Emil.huxl._TRW-280463_1-291
tmRNA,test,tmRNA_Ente.faec._BD193796_1-367
tmRNA,test,tmRNA_Ente.faec._TRW-1352_1-367
tmRNA,test,tmRNA_Ente.saka._TRW-28141_1-364
tmRNA,test,tmRNA_Erwi.amyl._TRW-552_1-381
tmRNA,test,tmRNA_Erwi.caro._BX950851_1-363
tmRNA,test,tmRNA_Erwi.chry._TRW-198628_1-381
tmRNA,test,tmRNA_Esch.coli._AE005491_1-363
tmRNA,test,tmRNA_Esch.coli._AP009048_1-363
tmRNA,test,tmRNA_Esch.coli._BA000007_1-363
tmRNA,test,tmRNA_Esch.coli._CP000243_1-363
tmRNA,test,tmRNA_Esch.coli._CP000247_1-363
tmRNA,test,tmRNA_Esch.coli._CP000468_1-363
tmRNA,test,tmRNA_Esch.coli._D12501_1-363
tmRNA,test,tmRNA_Esch.coli._D90888_1-363
tmRNA,test,tmRNA_Esch.coli._TRW-331111_1-363
tmRNA,test,tmRNA_Esch.coli._U00096_1-363
tmRNA,test,tmRNA_Esch.coli._U36840_1-363
tmRNA,test,tmRNA_Exig.sibi._TRW-262543_1-359
tmRNA,test,tmRNA_Fibr.succ._TRW-59374_1-361
tmRNA,test,tmRNA_Fran.spec._CP000249_1-374
tmRNA,test,tmRNA_Fran.spec._TRW-298653_1-375
tmRNA,test,tmRNA_Fran.tula._AJ749949_1-421
tmRNA,test,tmRNA_Fran.tula._AM233362_1-421
tmRNA,test,tmRNA_Fran.tula._AM286280_1-421
tmRNA,test,tmRNA_Fran.tula._CP000437_1-421
tmRNA,test,tmRNA_Fuso.nucl._AE009951_1-344
tmRNA,test,tmRNA_Fuso.nucl._AE010567_1-341
tmRNA,test,tmRNA_Fuso.nucl._TRW-209882_1-344
tmRNA,test,tmRNA_Fuso.nucl._TRW-393480_1-344
tmRNA,test,tmRNA_Gemm.obsc._TRW-214688_1-412
tmRNA,test,tmRNA_Geob.kaus._BA000043_1-352
tmRNA,test,tmRNA_Geob.meta._CP000148_1-356
tmRNA,test,tmRNA_Geob.stea._TRW-1422_1-352
tmRNA,test,tmRNA_Geob.sulf._AE017180_1-356
tmRNA,test,tmRNA_Grac.tenu._AY673996_1-396
tmRNA,test,tmRNA_Guil.thet._AF041468_1-327
tmRNA,test,tmRNA_Guil.thet._TRW-55529_1-330
tmRNA,test,tmRNA_Haem.ducr._AE017143_1-367
tmRNA,test,tmRNA_Haem.infl._AY599475_1-366
tmRNA,test,tmRNA_Haem.infl._CP000057_1-366
tmRNA,test,tmRNA_Haem.infl._L42023_1-366
tmRNA,test,tmRNA_Haem.infl._TRW-262727_1-366
tmRNA,test,tmRNA_Haem.infl._TRW-262728_1-366
tmRNA,test,tmRNA_Haem.infl._U32808_1-366
tmRNA,test,tmRNA_Haem.somn._CP000436_1-367
tmRNA,test,tmRNA_Heli.hepa._AE017125_1-369
tmRNA,test,tmRNA_Heli.must._DQ250625_1-366
tmRNA,test,tmRNA_Heli.pylo._AE000511_1-386
tmRNA,test,tmRNA_Heli.pylo._AE000590_1-383
tmRNA,test,tmRNA_Heli.pylo._AE001503_1-383
tmRNA,test,tmRNA_Heli.pylo._TRW-85962_1-386
tmRNA,test,tmRNA_Heli.pylo._TRW-85963_1-386
tmRNA,test,tmRNA_Idio.loih._AE017340_1-359
tmRNA,test,tmRNA_Jako.libe._TRW-143017_1-102
tmRNA,test,tmRNA_Kine.radi._TRW-266940_1-366
tmRNA,test,tmRNA_Kleb.pneu._TRW-272620_1-363
tmRNA,test,tmRNA_Lact.acid._CP000033_1-369
tmRNA,test,tmRNA_Lact.brev._CP000416_1-372
tmRNA,test,tmRNA_Lact.case._CP000423_1-364
tmRNA,test,tmRNA_Lact.delb._AF440335_1-316
tmRNA,test,tmRNA_Lact.delb._TRW-321956_1-362
tmRNA,test,tmRNA_Lact.gass._CP000413_1-366
tmRNA,test,tmRNA_Lact.gass._TRW-1596_1-366
tmRNA,test,tmRNA_Lact.john._TRW-257314_1-367
tmRNA,test,tmRNA_Lact.lact._AE006373_1-359
tmRNA,test,tmRNA_Lact.lact._AF176556_1-359
tmRNA,test,tmRNA_Lact.plan._AL935259_1-372
tmRNA,test,tmRNA_Lact.sake._AF400065_1-370
tmRNA,test,tmRNA_Lact.sake._TRW-314315_1-370
tmRNA,test,tmRNA_Laws.intr._AM180252_1-376
tmRNA,test,tmRNA_Legi.pneu._CR628337_1-406
tmRNA,test,tmRNA_Leif.xyli._AE016822_1-394
tmRNA,test,tmRNA_Lept.inte._AE016823_1-350
tmRNA,test,tmRNA_Lept.spec._TRW-261385_1-359
tmRNA,test,tmRNA_Lept.spec._TRW-261386_1-359
tmRNA,test,tmRNA_Leuc.mese._AF375574_1-307
tmRNA,test,tmRNA_Leuc.mese._CP000414_1-358
tmRNA,test,tmRNA_Leuc.mese._TRW-1245_1-358
tmRNA,test,tmRNA_List.gray._AF440336_1-321
tmRNA,test,tmRNA_List.inno._TRW-1642-1_1-370
tmRNA,test,tmRNA_List.inno._TRW-1642-2_1-370
tmRNA,test,tmRNA_List.ivan._AF440342_1-321
tmRNA,test,tmRNA_List.mono._AL591983_1-370
tmRNA,test,tmRNA_List.mono._TRW-1639-1_1-370
tmRNA,test,tmRNA_List.mono._TRW-169963_1-370
tmRNA,test,tmRNA_List.seel._AF440350_1-321
tmRNA,test,tmRNA_List.wels._AF440351_1-321
tmRNA,test,tmRNA_Magn.spec._CP000471_1-366
tmRNA,test,tmRNA_Mann.haem._TRW-272629_1-367
tmRNA,test,tmRNA_Mann.succ._AE016827_1-367
tmRNA,test,tmRNA_Mari.aqua._TRW-351348_1-366
tmRNA,test,tmRNA_Meso.flor._AE017263_1-408
tmRNA,test,tmRNA_Meso.viri._AF166114_1-359
tmRNA,test,tmRNA_Meth.caps._AE017282_1-356
tmRNA,test,tmRNA_Meth.flag._CP000284_1-361
tmRNA,test,tmRNA_Moor.ther._CP000232_1-358
tmRNA,test,tmRNA_Mora.cata._AX067460_1-359
tmRNA,test,tmRNA_Myco.Bxz1._AY129337_1-437
tmRNA,test,tmRNA_Myco.afri._TRW-33894_1-368
tmRNA,test,tmRNA_Myco.arth._TRW-243272_1-394
tmRNA,test,tmRNA_Myco.aviu._AE016958_1-368
tmRNA,test,tmRNA_Myco.aviu._TRW-243243_1-368
tmRNA,test,tmRNA_Myco.bovi._TRW-1765_1-368
tmRNA,test,tmRNA_Myco.capr._D13067_1-411
tmRNA,test,tmRNA_Myco.capr._S67602_1-408
tmRNA,test,tmRNA_Myco.gall._AE015450_1-408
tmRNA,test,tmRNA_Myco.geni._TRW-243273_1-388
tmRNA,test,tmRNA_Myco.geni._U39713_1-385
tmRNA,test,tmRNA_Myco.hyop._TRW-262719_1-433
tmRNA,test,tmRNA_Myco.hyop._TRW-295358_1-424
tmRNA,test,tmRNA_Myco.lepr._AL583919_1-366
tmRNA,test,tmRNA_Myco.lepr._TRW-272631_1-369
tmRNA,test,tmRNA_Myco.mari._TRW-1781-1_1-368
tmRNA,test,tmRNA_Myco.micr._TRW-1806-1_1-368
tmRNA,test,tmRNA_Myco.mobi._TRW-267748_1-376
tmRNA,test,tmRNA_Myco.myco._BX842642_1-411
tmRNA,test,tmRNA_Myco.pene._BA000026_1-405
tmRNA,test,tmRNA_Myco.pneu._AE000035_1-384
tmRNA,test,tmRNA_Myco.pulm._AL445565_1-387
tmRNA,test,tmRNA_Myco.smeg._CP000480_1-369
tmRNA,test,tmRNA_Myco.tube._TRW-164513_1-368
tmRNA,test,tmRNA_Myco.tube._TRW-1773_1-368
tmRNA,test,tmRNA_Myxo.xant._TRW-34_1-366
tmRNA,test,tmRNA_Neis.gono._TRW-242231_1-363
tmRNA,test,tmRNA_Neis.lact._TRW-486_1-362
tmRNA,test,tmRNA_Neis.meni._AE002452_1-360
tmRNA,test,tmRNA_Neis.meni._AL162755_1-360
tmRNA,test,tmRNA_Neis.meni._TRW-122586_1-363
tmRNA,test,tmRNA_Neis.meni._TRW-122587_1-363
tmRNA,test,tmRNA_Neis.meni._TRW-272831_1-363
tmRNA,test,tmRNA_Neph.oliv._AF137379-1_1-327
tmRNA,test,tmRNA_Neph.oliv._AF137379-2_1-327
tmRNA,test,tmRNA_Nitr.euro._BX321865_1-360
tmRNA,test,tmRNA_Nitr.mult._CP000103_1-362
tmRNA,test,tmRNA_Nitr.ocea._CP000127_1-361
tmRNA,test,tmRNA_Noca.farc._AP006618_1-368
tmRNA,test,tmRNA_Nost.punc._TRW-63737_1-390
tmRNA,test,tmRNA_Nost.spec._BA000019_1-390
tmRNA,test,tmRNA_Ocea.ihey._BA000028_1-364
tmRNA,test,tmRNA_Odon.sine._TRW-2839_1-371
tmRNA,test,tmRNA_Odon.sine._Z67753_1-368
tmRNA,test,tmRNA_Oeno.oeni._TRW-203123_1-350
tmRNA,test,tmRNA_Onio.yell._AP006628_1-423
tmRNA,test,tmRNA_Paen.larv._TRW-1464_1-367
tmRNA,test,tmRNA_Pant.stew._TRW-66269_1-363
tmRNA,test,tmRNA_Para.symb._BX908798_1-405
tmRNA,test,tmRNA_Past.mult._AE006115_1-367
tmRNA,test,tmRNA_Pedi.pent._CP000422_1-369
tmRNA,test,tmRNA_Pelo.carb._CP000142_1-358
tmRNA,test,tmRNA_Phot.asym._TRW-291112_1-364
tmRNA,test,tmRNA_Phot.lumi._BX571870_1-364
tmRNA,test,tmRNA_Phot.prof._CR378665_1-368
tmRNA,test,tmRNA_Pola.spec._CP000316_1-387
tmRNA,test,tmRNA_Porp.ging._TRW-242619_1-407
tmRNA,test,tmRNA_Porp.purp._TRW-2787_1-323
tmRNA,test,tmRNA_Prev.inte._TRW-246198_1-400
tmRNA,test,tmRNA_Prev.rumi._TRW-264731_1-401
tmRNA,test,tmRNA_Prop.acne._AE017283_1-371
tmRNA,test,tmRNA_Prop.acne._TRW-1747-1_1-371
tmRNA,test,tmRNA_Prop.acne._TRW-1747-2_1-353
tmRNA,test,tmRNA_Prop.acne._TRW-1747-3_1-353
tmRNA,test,tmRNA_Prot.mira._TRW-584_1-367
tmRNA,test,tmRNA_Pseu.aeru._AE004091_1-353
tmRNA,test,tmRNA_Pseu.aeru._CP000438_1-353
tmRNA,test,tmRNA_Pseu.atla._CP000388_1-357
tmRNA,test,tmRNA_Pseu.ento._CT573326_1-392
tmRNA,test,tmRNA_Pseu.fluo._CP000076_1-394
tmRNA,test,tmRNA_Pseu.fluo._CP000094_1-390
tmRNA,test,tmRNA_Pseu.fluo._TRW-216595_1-397
tmRNA,test,tmRNA_Pseu.halo._CR954246_1-357
tmRNA,test,tmRNA_Pseu.puti._AE015451_1-399
tmRNA,test,tmRNA_Pseu.syri._AE016853_1-388
tmRNA,test,tmRNA_Pseu.syri._CP000058_1-388
tmRNA,test,tmRNA_Pseu.syri._CP000075_1-392
tmRNA,test,tmRNA_Psyc.arct._CP000082_1-359
tmRNA,test,tmRNA_Psyc.cryo._CP000323_1-359
tmRNA,test,tmRNA_Rals.eutr._CP000090_1-360
tmRNA,test,tmRNA_Rals.meta._CP000352_1-360
tmRNA,test,tmRNA_Rals.sola._AL646052_1-360
tmRNA,test,tmRNA_Rals.sola._AL646061_1-357
tmRNA,test,tmRNA_Rhod.balt._BX294141_1-380
tmRNA,test,tmRNA_Rubr.gela._TRW-279263_1-372
tmRNA,test,tmRNA_Rubr.xyla._CP000386_1-360
tmRNA,test,tmRNA_Rubr.xyla._TRW-266117_1-360
tmRNA,test,tmRNA_Rumi.albu._TRW-246199_1-354
tmRNA,test,tmRNA_Sacc.degr._CP000282_1-389
tmRNA,test,tmRNA_Sali.rube._CP000159_1-369
tmRNA,test,tmRNA_Salm.bong._TRW-218493_1-363
tmRNA,test,tmRNA_Salm.ente._AE014613_1-363
tmRNA,test,tmRNA_Salm.ente._AE017220_1-363
tmRNA,test,tmRNA_Salm.ente._AL627276_1-363
tmRNA,test,tmRNA_Salm.ente._CP000026_1-363
tmRNA,test,tmRNA_Salm.ente._TRW-149539_1-363
tmRNA,test,tmRNA_Salm.ente._TRW-295319_1-363
tmRNA,test,tmRNA_Salm.ente._TRW-321314_1-363
tmRNA,test,tmRNA_Salm.ente._TRW-59204_1-363
tmRNA,test,tmRNA_Salm.typh._AY316313_1-363
tmRNA,test,tmRNA_Salm.typh._AY319520_1-363
tmRNA,test,tmRNA_Serr.marc._TRW-273526_1-364
tmRNA,test,tmRNA_Shew.amaz._CP000507_1-356
tmRNA,test,tmRNA_Shew.balt._TRW-325240_1-356
tmRNA,test,tmRNA_Shew.deni._CP000302_1-355
tmRNA,test,tmRNA_Shew.frig._CP000447_1-356
tmRNA,test,tmRNA_Shew.onei._AX048560_1-355
tmRNA,test,tmRNA_Shew.putr._TRW-319224_1-356
tmRNA,test,tmRNA_Shew.spec._CP000444_1-355
tmRNA,test,tmRNA_Shew.spec._CP000446_1-355
tmRNA,test,tmRNA_Shew.spec._CP000469_1-355
tmRNA,test,tmRNA_Shew.spec._TRW-323850_1-356
tmRNA,test,tmRNA_Shig.boyd._CP000036_1-363
tmRNA,test,tmRNA_Shig.dyse._CP000034_1-363
tmRNA,test,tmRNA_Shig.dyse._TRW-358708_1-363
tmRNA,test,tmRNA_Shig.flex._AE005674_1-363
tmRNA,test,tmRNA_Shig.flex._AE014073_1-363
tmRNA,test,tmRNA_Shig.flex._CP000266_1-363
tmRNA,test,tmRNA_Shig.sonn._CP000038_1-363
tmRNA,test,tmRNA_Soda.glos._AP008232_1-384
tmRNA,test,tmRNA_Soli.usit._CP000473_1-352
tmRNA,test,tmRNA_Spir.citr._AM285321_1-424
tmRNA,test,tmRNA_Spir.kunk._TRW-273035_1-424
tmRNA,test,tmRNA_Stap.aure._AC074317_1-359
tmRNA,test,tmRNA_Stap.aure._BA000017_1-362
tmRNA,test,tmRNA_Stap.aure._BA000018_1-362
tmRNA,test,tmRNA_Stap.aure._BA000033_1-362
tmRNA,test,tmRNA_Stap.aure._BX571856_1-362
tmRNA,test,tmRNA_Stap.aure._BX571857_1-362
tmRNA,test,tmRNA_Stap.aure._TRW-1280_1-362
tmRNA,test,tmRNA_Stap.epid._AF375586_1-311
tmRNA,test,tmRNA_Stap.epid._TRW-1282-1_1-361
tmRNA,test,tmRNA_Stap.epid._TRW-1282-2_1-362
tmRNA,test,tmRNA_Stap.epid._TRW-176280_1-361
tmRNA,test,tmRNA_Sten.malt._TRW-40324_1-354
tmRNA,test,tmRNA_Stre.agal._AE014233_1-350
tmRNA,test,tmRNA_Stre.agal._TRW-1311_1-350
tmRNA,test,tmRNA_Stre.aure._AY616521_1-382
tmRNA,test,tmRNA_Stre.aver._BA000030_1-389
tmRNA,test,tmRNA_Stre.coll._AY485228_1-386
tmRNA,test,tmRNA_Stre.equi._TRW-1336_1-349
tmRNA,test,tmRNA_Stre.equi._TRW-40041_1-349
tmRNA,test,tmRNA_Stre.gord._TRW-29390_1-349
tmRNA,test,tmRNA_Stre.miti._TRW-246201_1-348
tmRNA,test,tmRNA_Stre.muta._TRW-210007_1-349
tmRNA,test,tmRNA_Stre.pneu._AE008453_1-348
tmRNA,test,tmRNA_Stre.pneu._TRW-1313_1-348
tmRNA,test,tmRNA_Stre.pneu._TRW-216600_1-348
tmRNA,test,tmRNA_Stre.pyog._AE006568_1-345
tmRNA,test,tmRNA_Stre.pyog._AE010048_1-348
tmRNA,test,tmRNA_Stre.pyog._TRW-1314-1_1-348
tmRNA,test,tmRNA_Stre.pyog._TRW-1314-2_1-350
tmRNA,test,tmRNA_Stre.scab._TRW-1883_1-402
tmRNA,test,tmRNA_Stre.sobr._TRW-246202_1-349
tmRNA,test,tmRNA_Stre.suis._TRW-218494_1-354
tmRNA,test,tmRNA_Stre.suis._TRW-286604_1-348
tmRNA,test,tmRNA_Stre.ther._CP000024_1-350
tmRNA,test,tmRNA_Stre.ther._CP000419_1-350
tmRNA,test,tmRNA_Stre.uber._TRW-218495_1-350
tmRNA,test,tmRNA_Sulf.azor._TRW-204536_1-351
tmRNA,test,tmRNA_Syne.elon._TRW-32046_1-394
tmRNA,test,tmRNA_Syne.spec._AB003477_1-394
tmRNA,test,tmRNA_Syne.spec._D90916_1-396
tmRNA,test,tmRNA_Syne.spec._TRW-1131_1-399
tmRNA,test,tmRNA_Syne.spec._TRW-32049_1-396
tmRNA,test,tmRNA_Synt.acid._CP000252_1-356
tmRNA,test,tmRNA_Tann.fors._TRW-203275_1-400
tmRNA,test,tmRNA_Thal.pseu._EF067921_1-344
tmRNA,test,tmRNA_Thal.pseu._TRW-296543_1-344
tmRNA,test,tmRNA_Thal.weis._AF049491_1-348
tmRNA,test,tmRNA_Ther.comm._TRW-289377_1-355
tmRNA,test,tmRNA_Ther.elon._BA000039_1-386
tmRNA,test,tmRNA_Ther.fusc._CP000088_1-372
tmRNA,test,tmRNA_Ther.mari._TRW-243274-1_1-356
tmRNA,test,tmRNA_Ther.neap._TRW-309803_1-357
tmRNA,test,tmRNA_Ther.rose._TRW-309801_1-353
tmRNA,test,tmRNA_Ther.teng._AE013063_1-351
tmRNA,test,tmRNA_Ther.ther._TRW-300852_1-349
tmRNA,test,tmRNA_Ther.ther._Y15063_1-349
tmRNA,test,tmRNA_Ther.yell._TRW-289376_1-350
tmRNA,test,tmRNA_Thio.crun._CP000109_1-358
tmRNA,test,tmRNA_Thio.deni._CP000116_1-367
tmRNA,test,tmRNA_Trem.prin._AF481102_1-264
tmRNA,test,tmRNA_Trep.dent._AE017226_1-351
tmRNA,test,tmRNA_Trep.pall._TRW-243276_1-354
tmRNA,test,tmRNA_Tric.eryt._CP000393_1-398
tmRNA,test,tmRNA_Trop.whip._BX251411_1-369
tmRNA,test,tmRNA_Urea.parv._AE002154_1-413
tmRNA,test,tmRNA_Verr.spin._TRW-240016_1-356
tmRNA,test,tmRNA_Vibr.chol._AE004170_1-367
tmRNA,test,tmRNA_Vibr.chol._U39068_1-367
tmRNA,test,tmRNA_Vibr.fisc._CP000020_1-367
tmRNA,test,tmRNA_Vibr.para._BA000031_1-368
tmRNA,test,tmRNA_Vibr.spec._TRW-345075_1-368
tmRNA,test,tmRNA_Vibr.vuln._AE016795_1-367
tmRNA,test,tmRNA_Wigg.glos._BA000021_1-365
tmRNA,test,tmRNA_Woli.succ._BX571661_1-369
tmRNA,test,tmRNA_Xant.axon._AE011783_1-397
tmRNA,test,tmRNA_Xant.camp._AE012247_1-397
tmRNA,test,tmRNA_Xant.camp._AM039952_1-397
tmRNA,test,tmRNA_Xant.oryz._AE013598_1-397
tmRNA,test,tmRNA_Xyle.fast._AE003849_1-355
tmRNA,test,tmRNA_Xyle.fast._AE004078_1-355
tmRNA,test,tmRNA_Xyle.fast._AE009442_1-355
tmRNA,test,tmRNA_Xyle.fast._TRW-155919_1-355
tmRNA,test,tmRNA_Xyle.fast._TRW-155920_1-355
tmRNA,test,tmRNA_Yers.berc._TRW-349968_1-381
tmRNA,test,tmRNA_Yers.ente._TRW-34054_1-381
tmRNA,test,tmRNA_Yers.fred._TRW-349966_1-363
tmRNA,test,tmRNA_Yers.inte._TRW-349965_1-381
tmRNA,test,tmRNA_Yers.moll._TRW-349967_1-381
tmRNA,test,tmRNA_Yers.pest._AE009952_1-364
tmRNA,test,tmRNA_Yers.pest._AE017042_1-364
tmRNA,test,tmRNA_Yers.pest._AL590842_1-364
tmRNA,test,tmRNA_Yers.pest._CP000305_1-364
tmRNA,test,tmRNA_Yers.pest._CP000308_1-364
tmRNA,test,tmRNA_Yers.pseu._AR948532_1-364
tmRNA,test,tmRNA_envi.sequ._TRW-2-1_1-365
tmRNA,test,tmRNA_envi.sequ._TRW-2-2_1-356
tmRNA,test,tmRNA_envi.sequ._TRW-204433_1-356
tmRNA,test,tmRNA_envi.sequ._TRW-259291_1-355
tmRNA,test,tmRNA_envi.sequ._TRW-259292_1-355
tmRNA,test,tmRNA_envi.sequ._TRW-300695-2_1-345
tmRNA,test,tmRNA_envi.sequ._TRW-32045-1_1-355
tmRNA,test,tmRNA_envi.sequ._TRW-32045-2_1-345
tmRNA,test,tmRNA_envi.sequ._TRW-32045-3_1-350
tmRNA,test,tmRNA_envi.sequ._TRW-351057-3_1-355
tmRNA,test,tmRNA_envi.sequ._TRW-356-1_1-289
tmRNA,test,tmRNA_envi.sequ._TRW-363179_1-348
tmRNA,test,tmRNA_uncu.bact._TRW-135621-1_1-397
tmRNA,test,tmRNA_uncu.bact._TRW-32033-1_1-354
tmRNA,test,tmRNA_uncu.bact._TRW-32045-4_1-369
tmRNA,test,tmRNA_uncu.bact._TRW-383630-1_1-364
tmRNA,test,tmRNA_uncu.bact._TRW-45456_1-408
tmRNA,test,tmRNA_uncu.bact._TRW-72274-1_1-359
tmRNA,test,tmRNA_uncu.bact._TRW-72274-2_1-359
tmRNA,test,tmRNA_uncu.bact._TRW-80840-1_1-378
tmRNA,test,tmRNA_uncu.bact._TRW-80840-2_1-379
tmRNA,test,tmRNA_uncu.bact._TRW-80840-3_1-379
tmRNA,test,tmRNA_uncu.mari._TRW-363180_1-347
tmRNA,train,16s_A.fulgidus_domain2
tmRNA,train,16s_A.fulgidus_domain3
tmRNA,train,16s_A.fulgidus_domain4
tmRNA,train,16s_A.pyrophilus_domain2
tmRNA,train,16s_A.pyrophilus_domain4
tmRNA,train,16s_B.burgdorferi_domain2
tmRNA,train,16s_B.burgdorferi_domain3
tmRNA,train,16s_B.subtilis_domain2
tmRNA,train,16s_B.subtilis_domain3
tmRNA,train,16s_C.elegans_domain1
tmRNA,train,16s_C.elegans_domain2
tmRNA,train,16s_C.elegans_domain3
tmRNA,train,16s_C.psittaci_domain2
tmRNA,train,16s_C.psittaci_domain3
tmRNA,train,16s_C.psittaci_domain4
tmRNA,train,16s_C.reinhardtii.chloro_domain2
tmRNA,train,16s_C.reinhardtii.chloro_domain4
tmRNA,train,16s_C.reinhardtii.mito_domain3
tmRNA,train,16s_C.reinhardtii.mito_domain4
tmRNA,train,16s_D.melanogaster_domain4
tmRNA,train,16s_E.coli_domain2
tmRNA,train,16s_E.coli_domain3
tmRNA,train,16s_E.coli_domain4
tmRNA,train,16s_F.ananassa_domain3
tmRNA,train,16s_F.ananassa_domain4
tmRNA,train,16s_G.intestinalis_domain1
tmRNA,train,16s_G.intestinalis_domain2
tmRNA,train,16s_G.intestinalis_domain3
tmRNA,train,16s_G.intestinalis_domain4
tmRNA,train,16s_H.sapiens.mito_domain1
tmRNA,train,16s_H.sapiens.mito_domain2
tmRNA,train,16s_H.sapiens.mito_domain4
tmRNA,train,16s_H.sapiens_domain3
tmRNA,train,16s_H.sapiens_domain4
tmRNA,train,16s_H.volcanii_domain2
tmRNA,train,16s_H.volcanii_domain3
tmRNA,train,16s_H.volcanii_domain4
tmRNA,train,16s_M.polymorpha_domain2
tmRNA,train,16s_M.polymorpha_domain3
tmRNA,train,16s_M.polymorpha_domain4
tmRNA,train,16s_P.occultum_domain2
tmRNA,train,16s_P.occultum_domain3
tmRNA,train,16s_P.staleyi_domain2
tmRNA,train,16s_P.staleyi_domain3
tmRNA,train,16s_P.staleyi_domain4
tmRNA,train,16s_S.cerevisiae_domain4
tmRNA,train,16s_T.gondii_domain4
tmRNA,train,16s_T.maritima_domain2
tmRNA,train,16s_T.maritima_domain4
tmRNA,train,16s_Z.mays_domain1
tmRNA,train,16s_Z.mays_domain2
tmRNA,train,16s_Z.mays_domain3
tmRNA,train,16s_Z.mays_domain4
tmRNA,train,23s_B.subtilis_domain4
tmRNA,train,23s_E.coli_domain3
tmRNA,train,23s_E.coli_domain4
tmRNA,train,23s_E.coli_domain6
tmRNA,train,23s_H.pylori_domain3
tmRNA,train,23s_H.pylori_domain4
tmRNA,train,23s_H.pylori_domain6
tmRNA,train,23s_S.aureus_domain3
tmRNA,train,23s_S.aureus_domain4
tmRNA,train,23s_S.aureus_domain6
tmRNA,train,23s_T.thermophilus_domain3
tmRNA,train,23s_T.thermophilus_domain4
tmRNA,train,5s_Andrias-davidianus-1
tmRNA,train,5s_Ascaris-suum-1
tmRNA,train,5s_Ascobolus-immersus-1
tmRNA,train,5s_Asterias-vulgaris-1
tmRNA,train,5s_Aurelia_aurita-1
tmRNA,train,5s_Azospirillum-lipoferum-1
tmRNA,train,5s_Bacillus-amyloliquefaciens-1
tmRNA,train,5s_Bacteroides-capillosus-1
tmRNA,train,5s_Bacteroides-fragilis-5
tmRNA,train,5s_Brucella-suis-1
tmRNA,train,5s_Buchnera-aphidicola-1
tmRNA,train,5s_Bursaphelenchus-xylophilus-1
tmRNA,train,5s_Candidatus-Phytoplasma-asteris-1
tmRNA,train,5s_Chlorella-pyrenoidosa-1
tmRNA,train,5s_Chlorobium-tepidum-1
tmRNA,train,5s_Coxiella-burnetii-2
tmRNA,train,5s_Cryptococcus-laurentii-1
tmRNA,train,5s_Cryptomonas-paramecium-1
tmRNA,train,5s_Dehalococcoides-ethenogenes-1
tmRNA,train,5s_Desulfurococcus-mobilis-1
tmRNA,train,5s_Ehrlichia-ruminantium-1
tmRNA,train,5s_Erythromicrobium-ezovicum-1
tmRNA,train,5s_Erythromicrobium-hydrolyticum-1
tmRNA,train,5s_Erythromicrobium-ramosum-1
tmRNA,train,5s_Filobasidiella-depauperata-1
tmRNA,train,5s_Flectobacillus-major-1
tmRNA,train,5s_Fusarium-culmorum-6
tmRNA,train,5s_Fusobacterium-nucleatum-5
tmRNA,train,5s_Geobacillus-kaustophilus-7
tmRNA,train,5s_Halobacterium-sp.-2
tmRNA,train,5s_Halococcus-morrhuae-2
tmRNA,train,5s_Halorubrum-distributum-3
tmRNA,train,5s_Hyphomicrobium-vulgare-1
tmRNA,train,5s_Lactobacillus-johnsonii-1
tmRNA,train,5s_Limulus-polyphemus-1
tmRNA,train,5s_Loofah-witches-broom-phytoplasma-1
tmRNA,train,5s_Meloidogyne-arenaria-2
tmRNA,train,5s_Methanopyrus-kandleri-1
tmRNA,train,5s_Methanosarcina-mazei-2
tmRNA,train,5s_Methanosarcina-vacuolata-1
tmRNA,train,5s_Methanothermococcus-thermolithotrophicus-1
tmRNA,train,5s_Mycoplasma-gallisepticum-4
tmRNA,train,5s_Mycoplasma-genitalium-1
tmRNA,train,5s_Mycoplasma-mobile-1
tmRNA,train,5s_Mycoplasma-sp.-2
tmRNA,train,5s_Nanoarchaeum-equitans-1
tmRNA,train,5s_Neurospora-crassa-12
tmRNA,train,5s_Neurospora-intermedia-1
tmRNA,train,5s_Notophthalmus-viridescens-1
tmRNA,train,5s_Oceanobacillus-iheyensis-4
tmRNA,train,5s_Onchocerca-volvulus-1
tmRNA,train,5s_Paenibacillus-popilliae-1
tmRNA,train,5s_Porphyra-yezoensis-1
tmRNA,train,5s_Porphyromonas-gingivalis-2
tmRNA,train,5s_Pseudomonas-stutzeri-2
tmRNA,train,5s_Pyrenophora-graminea-1
tmRNA,train,5s_Pyrococcus-abyssi-1
tmRNA,train,5s_Pyrococcus-horikoshii-2
tmRNA,train,5s_Rhodobacter-sphaeroides-3
tmRNA,train,5s_Rhodococcus-fascians-2
tmRNA,train,5s_Roseococcus-thiosulfatophilus-1
tmRNA,train,5s_Sandaracinobacter-sibiricus-1
tmRNA,train,5s_Silicibacter-pomeroyi-1
tmRNA,train,5s_Sphingomonas-ursincola-1
tmRNA,train,5s_Streptococcus-salivarius-1
tmRNA,train,5s_Streptomyces-violaceus-1
tmRNA,train,5s_Sulfurococcus-mirabilis-1
tmRNA,train,5s_Thermomicrobium-roseum-1
tmRNA,train,5s_Thermotoga-sp.-3
tmRNA,train,5s_Thraustochytrium-visurgense-2
tmRNA,train,5s_Trichoplax-adhaerens-1
tmRNA,train,5s_Ulva-pertusa-1
tmRNA,train,5s_Ureaplasma-urealyticum-3
tmRNA,train,5s_Verrucomicrobium-spinosum-1
tmRNA,train,5s_Wolbachia-endosymbiont-of-D.-melanogaster-1
tmRNA,train,5s_Wolbachia-pipientis-1
tmRNA,train,5s_Wolinella-succinogenes-1
tmRNA,train,5s_Xenopus-borealis-3
tmRNA,train,5s_Xylella-fastidiosa-2
tmRNA,train,5s_uncultured-euryarchaeote-37F11-1
tmRNA,train,RNaseP_A.telluris
tmRNA,train,RNaseP_B.bronchiseptica
tmRNA,train,RNaseP_B.pertussis
tmRNA,train,RNaseP_C.psittaci-R54
tmRNA,train,RNaseP_C.tepidum-g
tmRNA,train,RNaseP_CPA61
tmRNA,train,RNaseP_CPB144
tmRNA,train,RNaseP_CPB149
tmRNA,train,RNaseP_CPB7776
tmRNA,train,RNaseP_D.jeanneae
tmRNA,train,RNaseP_D.radiodurans-g
tmRNA,train,RNaseP_EM14b-11
tmRNA,train,RNaseP_EM14b-9
tmRNA,train,RNaseP_H.chlorum-partial
tmRNA,train,RNaseP_H.morrhuae
tmRNA,train,RNaseP_H.trapanicum
tmRNA,train,RNaseP_H.volcanii
tmRNA,train,RNaseP_Halobacterium-NRC1
tmRNA,train,RNaseP_K.polysporus
tmRNA,train,RNaseP_L.weilii
tmRNA,train,RNaseP_LGB21
tmRNA,train,RNaseP_LGB23
tmRNA,train,RNaseP_M.fermentans
tmRNA,train,RNaseP_M.pneumoniae
tmRNA,train,RNaseP_M.vannielli
tmRNA,train,RNaseP_Mxa1
tmRNA,train,RNaseP_N.gregoryi
tmRNA,train,RNaseP_N.olivacea-chloroplast
tmRNA,train,RNaseP_Nostoc-PCC7413
tmRNA,train,RNaseP_P.acanthamoebae
tmRNA,train,RNaseP_P.canadensis
tmRNA,train,RNaseP_P.cultripes
tmRNA,train,RNaseP_P.gingivalis
tmRNA,train,RNaseP_P.guilliermondii
tmRNA,train,RNaseP_P.innocua
tmRNA,train,RNaseP_P.marinus-2
tmRNA,train,RNaseP_P.purpurea-chloroplast
tmRNA,train,RNaseP_P.strasburgensis
tmRNA,train,RNaseP_P.troglodytes
tmRNA,train,RNaseP_PF101
tmRNA,train,RNaseP_PS24
tmRNA,train,RNaseP_Prochlorococcus-NATL2
tmRNA,train,RNaseP_Pseudoanabaena-PCC6903
tmRNA,train,RNaseP_R.americana-mito
tmRNA,train,RNaseP_R.norvegicus
tmRNA,train,RNaseP_R.palustris
tmRNA,train,RNaseP_R.prowazekii
tmRNA,train,RNaseP_R.rubrum
tmRNA,train,RNaseP_Rr327
tmRNA,train,RNaseP_Rr368
tmRNA,train,RNaseP_S.dairensis
tmRNA,train,RNaseP_S.faciem
tmRNA,train,RNaseP_S.fibuligera
tmRNA,train,RNaseP_S.lividans
tmRNA,train,RNaseP_S.pastorianus
tmRNA,train,RNaseP_S.polymorpha
tmRNA,train,RNaseP_S.pombe
tmRNA,train,RNaseP_S.pyogenes
tmRNA,train,RNaseP_S.solfataricus
tmRNA,train,RNaseP_S.unisporus
tmRNA,train,RNaseP_S.versatilis
tmRNA,train,RNaseP_SM-A2539
tmRNA,train,RNaseP_SM-A3048
tmRNA,train,RNaseP_SMB-B1
tmRNA,train,RNaseP_SMB-B3
tmRNA,train,RNaseP_Saccharomonospora-K180
tmRNA,train,RNaseP_Synechocystis-PCC6308
tmRNA,train,RNaseP_Synechocystis-PCC6803
tmRNA,train,RNaseP_T.celerAL1
tmRNA,train,RNaseP_T.delbrueckii
tmRNA,train,RNaseP_T.pallidum
tmRNA,train,RNaseP_T.roseum
tmRNA,train,RNaseP_T.syrichta
tmRNA,train,RNaseP_U.stansburiana
tmRNA,train,RNaseP_V.spinosum
tmRNA,train,RNaseP_Y.pestis
tmRNA,train,RNaseP_Z.bailii
tmRNA,train,RNaseP_Z.florentinus
tmRNA,train,RNaseP_Z.rouxii
tmRNA,train,RNaseP_vHge3-5
tmRNA,train,grp1_a.I1.b.Synechococcus.sp2.C3.tLEU
tmRNA,train,grp1_a.I1.c.A.cherimola.C3.tLEU
tmRNA,train,grp1_a.I1.c.G.prostrata.C3.tLEU
tmRNA,train,grp1_a.I1.c.S.bicolor.C3.tLEU
tmRNA,train,grp1_a.I1.e.A.adeninivorans.C1.LSU.2449
tmRNA,train,grp1_a.I1.e.A.capsulatus.FLs1.C1.SSU
tmRNA,train,grp1_a.I1.e.A.capsulatus.G184B.C1.SSU
tmRNA,train,grp1_a.I1.e.A.stipitatus.C1.SSU.1046
tmRNA,train,grp1_a.I1.e.B.ciliata.JCM6865.C1.SSU.1506
tmRNA,train,grp1_a.I1.e.B.ciliata.JCM6865.C1.SSU.943
tmRNA,train,grp1_a.I1.e.B.yamatoana.JCM2896.C1.SSU.943
tmRNA,train,grp1_a.I1.e.C.ellipsoidea.211-1a.C1.SSU.1506
tmRNA,train,grp1_a.I1.e.C.grayi.UNK.SSU.1516
tmRNA,train,grp1_a.I1.e.C.merochlorophea.UNK.SSU.1046
tmRNA,train,grp1_a.I1.e.C.merochlorophea.UNK.SSU.1210
tmRNA,train,grp1_a.I1.e.C.merochlorophea.UNK.SSU.1516
tmRNA,train,grp1_a.I1.e.C.saccatum.C1.SSU.1512
tmRNA,train,grp1_a.I1.e.C.saxonicum.C1.SSU.1506
tmRNA,train,grp1_a.I1.e.D.parva.C1.SSU.1512
tmRNA,train,grp1_a.I1.e.D.parva.C1.SSU.943
tmRNA,train,grp1_a.I1.e.D.salina.C1.SSU.943
tmRNA,train,grp1_a.I1.e.E.dermatitidis.C1.SSU.943
tmRNA,train,grp1_a.I1.e.G.spirotaenia.C1.SSU.1506
tmRNA,train,grp1_a.I1.e.L.dispersa.UNK.SSU.1046
tmRNA,train,grp1_a.I1.e.L.dispersa.UNK.SSU.114
tmRNA,train,grp1_a.I1.e.L.dispersa.UNK.SSU.1210
tmRNA,train,grp1_a.I1.e.L.dispersa.UNK.SSU.287
tmRNA,train,grp1_a.I1.e.L.dispersa.UNK.SSU.516
tmRNA,train,grp1_a.I1.e.L.dispersa.UNK.SSU.789
tmRNA,train,grp1_a.I1.e.M.caldariorum.C1.SSU.1506
tmRNA,train,grp1_a.I1.e.P.carinii.C1.SSU.1506
tmRNA,train,grp1_a.I1.e.P.carinii.Pc1.C1.LSU.1921
tmRNA,train,grp1_a.I1.e.P.carinii.Pc2.C1.LSU.1921
tmRNA,train,grp1_a.I1.e.P.carinii.Pc3.C1.LSU.1921
tmRNA,train,grp1_a.I1.e.P.clavariiformis.C1.SSU.943
tmRNA,train,grp1_a.I1.e.P.inouyei.C1.SSU.1506
tmRNA,train,grp1_a.I1.e.P.macrosporus.C1.SSU.1506
tmRNA,train,grp1_a.I1.e.P.macrosporus.C1.SSU.943
tmRNA,train,grp1_a.I1.e.P.pachydermus.C1.SSU.943
tmRNA,train,grp1_a.I1.e.P.sarcinoidea.C1.SSU.943
tmRNA,train,grp1_a.I1.e.S.granulatum.C1.SSU.1506
tmRNA,train,grp1_a.I1.e.S.paniceum.UNK.SSU.1052
tmRNA,train,grp1_a.I1.e.S.paniceum.UNK.SSU.114
tmRNA,train,grp1_a.I1.e.S.paniceum.UNK.SSU.1210
tmRNA,train,grp1_a.I1.e.S.paniceum.UNK.SSU.1506
tmRNA,train,grp1_a.I1.e.S.paniceum.UNK.SSU.287
tmRNA,train,grp1_a.I1.e.S.sclerotiorum_1837.C1.LSU.798
tmRNA,train,grp1_a.I1.e.Staurastrum.sp.M753.C1.SSU.1506
tmRNA,train,grp1_a.I1.e.T.cosmopolitanis.C1.LSU.1925
tmRNA,train,grp1_a.I1.e.T.hyperangularis.C1.LSU.1925
tmRNA,train,grp1_a.I1.e.T.malaccensis.C1.LSU.1925
tmRNA,train,grp1_a.I1.e.T.pigmentosa.C1.LSU.1925
tmRNA,train,grp1_a.I1.e.U.maydis.C1.SSU.943
tmRNA,train,grp1_a.I1.m.M.grisea.B2.ND1
tmRNA,train,grp1_a.I1.m.S.luteus.A1.LSU.2504
tmRNA,train,grp1_a.I1.m.S.pombe.B1.OX1
tmRNA,train,grp1_b.I1.e.M.anisopliae.2.C1.LSU.1921
tmRNA,train,grp1_b.I1.e.M.anisopliae.3.C1.LSU.1921
tmRNA,train,grp1_b.I1.e.T.thermophila.C1.LSU.1925
tmRNA,train,srp_Aero.pern._BA000002
tmRNA,train,srp_Ajel.caps._CV620298
tmRNA,train,srp_Ashb.goss._AE016819
tmRNA,train,srp_Bdel.bact._BX842656
tmRNA,train,srp_Cand.trop._GSP-294747
tmRNA,train,srp_Citr.sine._CN181544
tmRNA,train,srp_Clav.lusi._GSP-306902
tmRNA,train,srp_Clos.novy._CP000382
tmRNA,train,srp_Cryp.parv._XM_626716
tmRNA,train,srp_Deba.hans._CR382138
tmRNA,train,srp_Desu.psyc._CR522870
tmRNA,train,srp_Dict.disc._BJ360333
tmRNA,train,srp_Ence.cuni._AL590449
tmRNA,train,srp_Enta.hist._AF487684
tmRNA,train,srp_Gald.sulp._GSP-130081
tmRNA,train,srp_Gibb.zeae._GSP-229533
tmRNA,train,srp_Halo.halo._CP000544
tmRNA,train,srp_Hist.caps._GSP-278162
tmRNA,train,srp_Hype.buty._CP000493
tmRNA,train,srp_Kluy.yarr._479647571
tmRNA,train,srp_Lept.coll._AF006750
tmRNA,train,srp_List.mono._AE017262
tmRNA,train,srp_Lodd.elon._GSP-379508
tmRNA,train,srp_Meso.viri._AF166114
tmRNA,train,srp_Meth.mari._CP000745
tmRNA,train,srp_Myco.hyop._AE017244
tmRNA,train,srp_Myco.spec._CP000580
tmRNA,train,srp_Neur.cras._AL669999
tmRNA,train,srp_Onch.volv._BF727619
tmRNA,train,srp_Oryz.sati._AP008207
tmRNA,train,srp_Oxyt.trif._GSP-99928
tmRNA,train,srp_Para.bras._EH655308
tmRNA,train,srp_Para.bras._GSP-121759
tmRNA,train,srp_Pers.amer._X65992
tmRNA,train,srp_Phak.pach._GSP-170000-2
tmRNA,train,srp_Phyt.infe._CV911012
tmRNA,train,srp_Pich.guil._GSP-294746
tmRNA,train,srp_Pich.stip._CP000502
tmRNA,train,srp_Plas.falc._EF690554
tmRNA,train,srp_Podo.anse._GSP-5145
tmRNA,train,srp_Pseu.syri._CP000058
tmRNA,train,srp_Psyc.arct._CP000082
tmRNA,train,srp_Psyc.ingr._CP000510
tmRNA,train,srp_Pyro.isla._CP000504
tmRNA,train,srp_Rhod.balt._BX294144
tmRNA,train,srp_Sacc.kluy._SKAA0027M04.b1
tmRNA,train,srp_Sacc.para._BN000251
tmRNA,train,srp_Scle.scle._GSP-325569
tmRNA,train,srp_Shew.balt._CP000753
tmRNA,train,srp_Sola.tube._DR037646
tmRNA,train,srp_Sorg.bico._BE594178
tmRNA,train,srp_Spra.loph._GSP-51541
tmRNA,train,srp_Stap.epid._AX145149
tmRNA,train,srp_Stre.coel._AL939118
tmRNA,train,srp_Stre.pyog._AM295007
tmRNA,train,srp_Stre.sang._CP000387
tmRNA,train,srp_Synt.wolf._CP000448
tmRNA,train,srp_Taen.gutt._CK235759
tmRNA,train,srp_Tetr.ther._X56981
tmRNA,train,srp_Thal.pseu._GSP-296543
tmRNA,train,srp_Thei.parv._GSP-333668
tmRNA,train,srp_Ther.mela._CP000716
tmRNA,train,srp_Ther.petr._CP000702
tmRNA,train,srp_Ther.teng._AE012978
tmRNA,train,srp_Ther.volc._BA000011
tmRNA,train,srp_Toxo.gond._CO743022
tmRNA,train,srp_Toxo.gond._GSP-398031
tmRNA,train,srp_Trep.dent._AE017246
tmRNA,train,srp_Trep.pall._AE000520
tmRNA,train,srp_Tric.rees._GSP-334564-1
tmRNA,train,srp_Trit.aest._BE424647
tmRNA,train,srp_Trit.aest._CJ679223
tmRNA,train,srp_Unci.rees._GSP-336963
tmRNA,train,srp_Vibr.vuln._BA000037
tmRNA,train,srp_Xant.camp._AM039952
tmRNA,train,srp_Xeno.laev._X01055
tmRNA,train,srp_Yarr.lipo._X51658
tmRNA,train,srp_Yers.pseu._CP000720
tmRNA,train,srp_Zygo.roux._BN000170
tmRNA,train,srp_Zymo.mobi._AF203881
tmRNA,train,tRNA_tdbR00000013-Pichia_jadinii-4903-Ala-IGC
tmRNA,train,tRNA_tdbR00000034-Mesocricetus_auratus-10036-Asp-GUC
tmRNA,train,tRNA_tdbR00000046-Escherichia_coli-562-Glu-SUC
tmRNA,train,tRNA_tdbR00000069-Synechococcus_sp._PCC_7002-32049-Phe-GAA
tmRNA,train,tRNA_tdbR00000074-Tetrahymena_pyriformis-5908-Phe-GAA
tmRNA,train,tRNA_tdbR00000078-Ascaris_suum-6253-Phe-GAA
tmRNA,train,tRNA_tdbR00000080-Bos_taurus-9913-Phe-GAA
tmRNA,train,tRNA_tdbR00000114-Staphylococcus_epidermidis-1282-Gly-UCC
tmRNA,train,tRNA_tdbR00000124-Aedes_albopictus-7160-Gly-UCC
tmRNA,train,tRNA_tdbR00000127-Halocynthia_roretzi-7729-Gly-UCU
tmRNA,train,tRNA_tdbR00000128-Halocynthia_roretzi-7729-Gly-GCU
tmRNA,train,tRNA_tdbR00000143-Asterias_amurensis-7602-His-QUG
tmRNA,train,tRNA_tdbR00000168-Bos_taurus-9913-Ile-GAU
tmRNA,train,tRNA_tdbR00000174-Mus_musculus-10090-Ile-IAU
tmRNA,train,tRNA_tdbR00000177-Mycoplasma_capricolum-2095-Lys-CUU
tmRNA,train,tRNA_tdbR00000184-Asterias_amurensis-7602-Lys-CUU
tmRNA,train,tRNA_tdbR00000190-Bos_taurus-9913-Lys-NUU
tmRNA,train,tRNA_tdbR00000191-Mesocricetus_auratus-10036-Lys-NUU
tmRNA,train,tRNA_tdbR00000194-Triticum_aestivum-4565-Lys-CUU
tmRNA,train,tRNA_tdbR00000206-Loligo_bleekeri-6617-Lys-UUU
tmRNA,train,tRNA_tdbR00000210-Enterobacteria_phage_T5-10726-Leu-UAG
tmRNA,train,tRNA_tdbR00000211-Haloferax_volcanii-2246-Leu-CAA
tmRNA,train,tRNA_tdbR00000223-Salmonella_typhimurium-602-Leu-CAG
tmRNA,train,tRNA_tdbR00000237-Saccharomyces_cerevisiae-4932-Leu-AA
tmRNA,train,tRNA_tdbR00000244-Rattus_norvegicus-10116-Leu-UAG
tmRNA,train,tRNA_tdbR00000245-Rattus_norvegicus-10116-Leu-UAG
tmRNA,train,tRNA_tdbR00000247-Bos_taurus-9913-Leu-UAG
tmRNA,train,tRNA_tdbR00000251-Saccharomyces_cerevisiae-4932-Leu-UAA
tmRNA,train,tRNA_tdbR00000263-Rattus_norvegicus-10116-Leu-AA
tmRNA,train,tRNA_tdbR00000266-Bos_taurus-9913-Leu-AA
tmRNA,train,tRNA_tdbR00000280-Saccharomyces_cerevisiae-4932-Met-CAU
tmRNA,train,tRNA_tdbR00000282-Ascaris_suum-6253-Met-AU
tmRNA,train,tRNA_tdbR00000283-Gallus_gallus-9031-Met-AU
tmRNA,train,tRNA_tdbR00000290-Enterobacteria_phage_T5-10726-Asn-GUU
tmRNA,train,tRNA_tdbR00000318-Salmonella_typhimurium-602-Pro-GGG
tmRNA,train,tRNA_tdbR00000321-Saccharomyces_cerevisiae-4932-Pro-UGG
tmRNA,train,tRNA_tdbR00000325-Pichia_jadinii-4903-Pro-GG
tmRNA,train,tRNA_tdbR00000328-Enterobacteria_phage_T5-10726-Gln-UUG
tmRNA,train,tRNA_tdbR00000334-Hordeum_vulgare-4513-Gln-UG
tmRNA,train,tRNA_tdbR00000345-Homo_sapiens-9606-Gln-NUG
tmRNA,train,tRNA_tdbR00000347-Enterobacteria_phage_T4-10665-Arg-NCU
tmRNA,train,tRNA_tdbR00000350-Haloferax_volcanii-2246-Arg-GCG
tmRNA,train,tRNA_tdbR00000359-Escherichia_coli-562-Arg-CCG
tmRNA,train,tRNA_tdbR00000363-Ascaris_suum-6253-Arg-PCU
tmRNA,train,tRNA_tdbR00000364-Ascaris_suum-6253-Arg-ACG
tmRNA,train,tRNA_tdbR00000366-Rattus_norvegicus-10116-Arg-UCG
tmRNA,train,tRNA_tdbR00000367-Bos_taurus-9913-Arg-UCG
tmRNA,train,tRNA_tdbR00000395-Saccharomyces_cerevisiae-4932-Ser-GCU
tmRNA,train,tRNA_tdbR00000397-Saccharomyces_cerevisiae-4932-Ser-UGA
tmRNA,train,tRNA_tdbR00000406-Saccharomyces_cerevisiae-4932-Ser-NGA
tmRNA,train,tRNA_tdbR00000409-Candida_cylindracea-44322-Ser-CAG
tmRNA,train,tRNA_tdbR00000414-Lupinus_luteus-3873-Ser-CGA
tmRNA,train,tRNA_tdbR00000440-Neurospora_crassa-5141-Thr-UGU
tmRNA,train,tRNA_tdbR00000460-Aedes_albopictus-7160-Val-UAC
tmRNA,train,tRNA_tdbR00000461-Rattus_norvegicus-10116-Val-UAC
tmRNA,train,tRNA_tdbR00000462-Rattus_norvegicus-10116-Val-UAC
tmRNA,train,tRNA_tdbR00000463-Bos_taurus-9913-Val-UAC
tmRNA,train,tRNA_tdbR00000489-Neurospora_crassa-5141-Trp-NCA
tmRNA,train,tRNA_tdbR00000492-Rattus_norvegicus-10116-Trp-NCA
tmRNA,train,tRNA_tdbR00000493-Bos_taurus-9913-Trp-NCA
tmRNA,train,tRNA_tdbR00000494-Saccharomyces_cerevisiae-4932-Trp-BCA
tmRNA,train,tRNA_tdbR00000517-Neurospora_crassa-5141-Ini-CAU
tmRNA,train,tRNA_tdbR00000518-Saccharomyces_cerevisiae-4932-Ini-CAU
tmRNA,train,tRNA_tdbR00000520-Aedes_albopictus-7160-Ini-CAU
tmRNA,train,tRNA_tdbR00000522-Bos_taurus-9913-Ini-AU
tmRNA,train,tRNA_tdbR00000549-Tetrahymena_pyriformis-5908-Tyr-QUA
tmRNA,train,tRNA_tdbR00000551-Saccharomyces_cerevisiae-4932-Tyr-GUA
tmRNA,train,tRNA_tdbR00000556-Schizosaccharomyces_pombe-4896-Tyr-GPA
tmRNA,train,tRNA_tdbR00000572-Leishmania_tarentolae-5689-Lys-1UU
tmRNA,train,tRNA_tdbR00000573-Leishmania_tarentolae-5689-Gln-3UG
tmRNA,train,tRNA_tdbR00000578-Leishmania_tarentolae-5689-Glu-3UC
tmRNA,train,tRNA_tdbR00000581-Aeropyrum_pernix-56636-Lys-CUU
tmRNA,train,tRNA_tdbR00000590-Ascaris_suum-6253-Glu-UC
tmRNA,train,tRNA_tdbR00000593-Ascaris_suum-6253-Trp-CA
tmRNA,train,tRNA_tdbR00000595-Escherichia_coli-562-Leu-BAA
tmRNA,train,tRNA_tdbR00000611-Sinorhizobium_meliloti-382-His-GUG
tmRNA,train,tRNA_tdbR00000619-Toxoplasma_gondii-5811-Met-CAU
tmRNA,train,tRNA_tdbR00000620-Toxoplasma_gondii-5811-Ini-CAU
tmRNA,train,tRNA_tdbR00000621-Nicotiana_rustica-4093-Cys-GCA
tmRNA,train,tRNA_tdbR00000622-Nicotiana_rustica-4093-Cys-GCA
tmRNA,train,telomerase_AC121792.109554-109950
tmRNA,train,telomerase_AF147806.247-692
tmRNA,train,telomerase_AF221906.96-545
tmRNA,train,telomerase_AF221909.98-496
tmRNA,train,telomerase_AF221910.112-554
tmRNA,train,telomerase_AF221912.98-564
tmRNA,train,telomerase_AF221913.109-520
tmRNA,train,telomerase_AF221914.112-589
tmRNA,train,telomerase_AF221917.99-542
tmRNA,train,telomerase_AF221918.97-547
tmRNA,train,telomerase_AF221919.107-614
tmRNA,train,telomerase_AF221920.99-541
tmRNA,train,telomerase_AF221921.98-548
tmRNA,train,telomerase_AF221923.106-554
tmRNA,train,telomerase_AF221924.105-538
tmRNA,train,telomerase_AF221925.98-540
tmRNA,train,telomerase_AF221926.103-507
tmRNA,train,telomerase_AF221927.113-556
tmRNA,train,telomerase_AF221928.95-476
tmRNA,train,telomerase_AF221929.92-517
tmRNA,train,telomerase_AF221932.102-549
tmRNA,train,telomerase_AF221934.121-565
tmRNA,train,telomerase_AF221935.112-602
tmRNA,train,telomerase_AF221937.99-545
tmRNA,train,telomerase_AF221939.99-544
tmRNA,train,telomerase_AF221940.103-499
tmRNA,train,telomerase_AY058901.1-397
tmRNA,train,telomerase_U85256.1-451
tmRNA,valid,16s_B.burgdorferi_domain4
tmRNA,valid,16s_B.subtilis_domain4
tmRNA,valid,16s_C.elegans_domain4
tmRNA,valid,16s_C.reinhardtii.chloro_domain1
tmRNA,valid,16s_C.reinhardtii.chloro_domain3
tmRNA,valid,16s_C.reinhardtii.mito_domain1
tmRNA,valid,16s_C.reinhardtii.mito_domain2
tmRNA,valid,16s_H.sapiens.mito_domain3
tmRNA,valid,16s_H.volcanii_domain1
tmRNA,valid,16s_P.occultum_domain4
tmRNA,valid,16s_S.cerevisiae_domain3
tmRNA,valid,16s_T.gondii_domain3
tmRNA,valid,16s_T.maritima_domain3
tmRNA,valid,23s_B.subtilis_domain3
tmRNA,valid,23s_B.subtilis_domain6
tmRNA,valid,23s_T.thermophilus_domain6
tmRNA,valid,5s_Candidatus-Tremblaya-princeps-5
tmRNA,valid,5s_Chlamydia-trachomatis-1
tmRNA,valid,5s_Clostridium-acetobutylicum-3
tmRNA,valid,5s_Drosophila-melanogaster-2
tmRNA,valid,5s_Gracilaria-compressa-2
tmRNA,valid,5s_Lactococcus-lactis-2
tmRNA,valid,5s_Methanobrevibacter-ruminantium-1
tmRNA,valid,5s_Methanospirillum-hungatei-1
tmRNA,valid,5s_Mycoplasma-pulmonis-1
tmRNA,valid,5s_Paracentrotus-lividus-2
tmRNA,valid,5s_Plasmodium-falciparum-1
tmRNA,valid,5s_Rhodopirellula-baltica-1
tmRNA,valid,5s_Roseococcus-thiosulfatophilus-2
tmRNA,valid,5s_Spirosoma-sp.-1
tmRNA,valid,5s_Streptomyces-coelicolor-5
tmRNA,valid,5s_Sulfolobus-tokodaii-1
tmRNA,valid,5s_Thermoplasma-volcanium-1
tmRNA,valid,5s_Thermus-aquaticus-1
tmRNA,valid,5s_Triticum-aestivum-1
tmRNA,valid,5s_Vitreoscilla-stercoraria-1
tmRNA,valid,RNaseP_A.eutrophus
tmRNA,valid,RNaseP_Anabaena-PCC7120
tmRNA,valid,RNaseP_C.pneumoniae-CWL029
tmRNA,valid,RNaseP_CPA58
tmRNA,valid,RNaseP_LGW17
tmRNA,valid,RNaseP_M.barkeri
tmRNA,valid,RNaseP_M.hyopneumoniae
tmRNA,valid,RNaseP_P.mississippiensis
tmRNA,valid,RNaseP_S.globosus
tmRNA,valid,RNaseP_S.uvarum
tmRNA,valid,RNaseP_SM-A01
tmRNA,valid,RNaseP_SM-A5888
tmRNA,valid,RNaseP_SMB-B2
tmRNA,valid,RNaseP_T.littoralis
tmRNA,valid,RNaseP_T.thioparus
tmRNA,valid,RNaseP_T.tumescens
tmRNA,valid,RNaseP_T.volcanum
tmRNA,valid,RNaseP_U.urealyticum
tmRNA,valid,RNaseP_W.fluorescens
tmRNA,valid,RNaseP_vHge2
tmRNA,valid,grp1_a.I1.b.Dermocarpa.sp.ATCC29371.C3.tMET
tmRNA,valid,grp1_a.I1.b.Phormidium.sp.N182.C3.tLEU
tmRNA,valid,grp1_a.I1.b.S.hofmanii.C3.tMET
tmRNA,valid,grp1_a.I1.e.A.capsulatus.CBS213.53.C1.SSU.943
tmRNA,valid,grp1_a.I1.e.A.capsulatus.G186B.C1.SSU
tmRNA,valid,grp1_a.I1.e.B.yamatoana.JCM2896.C1.SSU.1506
tmRNA,valid,grp1_a.I1.e.C.ellipsoidea.IAMC-87.C1.SSU.1506
tmRNA,valid,grp1_a.I1.e.C.grayi.UNK.SSU.1046
tmRNA,valid,grp1_a.I1.e.C.merochlorophea.UNK.SSU.1389
tmRNA,valid,grp1_a.I1.e.G.planctonica.C1.SSU.943
tmRNA,valid,grp1_a.I1.e.L.dispersa.UNK.SSU.1516
tmRNA,valid,grp1_a.I1.e.P.inouyei.C1.SSU.943
tmRNA,valid,grp1_a.I1.e.Staurastrum.sp.M752.C1.SSU.1506
tmRNA,valid,grp1_b.I1.e.C.saccharophila.C1.SSU.156
tmRNA,valid,grp1_s.I1.e.T.thermophila.C1.LSU.1925.schem
tmRNA,valid,srp_Baci.anth._AE017334
tmRNA,valid,srp_Cand.glab._CR380957
tmRNA,valid,srp_Enta.terr._GSP-110771
tmRNA,valid,srp_Giar.lamb._GSP-184922
tmRNA,valid,srp_Kluy.lact._CR382126
tmRNA,valid,srp_Meth.ferv._S49762
tmRNA,valid,srp_Meth.volt._M22560
tmRNA,valid,srp_Myco.hyop._AE017243
tmRNA,valid,srp_Myco.spec._CP000384
tmRNA,valid,srp_Nect.haem._GSP-71109
tmRNA,valid,srp_Perk.mari._GSP-31276
tmRNA,valid,srp_Phae.nodo._GSP-321614
tmRNA,valid,srp_Phyt.soja._GSP-67593
tmRNA,valid,srp_Plas.yoel._GSP-352914
tmRNA,valid,srp_Sacc.cere._U18916
tmRNA,valid,srp_Schi.pomb._AU010514
tmRNA,valid,srp_Schi.pomb._Z99259
tmRNA,valid,srp_Shig.flex._AE016979
tmRNA,valid,srp_Trit.aest._X13915
tmRNA,valid,srp_Tryp.viva._SDB-5699
tmRNA,valid,tRNA_tdbR00000009-Escherichia_coli-562-Ala-VGC
tmRNA,valid,tRNA_tdbR00000104-Enterobacteria_phage_T4-10665-Gly-NCC
tmRNA,valid,tRNA_tdbR00000126-Halocynthia_roretzi-7729-Gly-NCU
tmRNA,valid,tRNA_tdbR00000149-Homo_sapiens-9606-His-GUG
tmRNA,valid,tRNA_tdbR00000167-Aedes_albopictus-7160-Ile-GAU
tmRNA,valid,tRNA_tdbR00000169-Homo_sapiens-9606-Ile-GAU
tmRNA,valid,tRNA_tdbR00000189-Rattus_norvegicus-10116-Lys-NUU
tmRNA,valid,tRNA_tdbR00000246-Bos_taurus-9913-Leu-NAA
tmRNA,valid,tRNA_tdbR00000335-Nicotiana_rustica-4093-Gln-NUG
tmRNA,valid,tRNA_tdbR00000365-Aedes_albopictus-7160-Arg-UCG
tmRNA,valid,tRNA_tdbR00000381-Haloferax_volcanii-2246-Ser-GCU
tmRNA,valid,tRNA_tdbR00000398-Ascaris_suum-6253-Ser-UCU
tmRNA,valid,tRNA_tdbR00000399-Aedes_albopictus-7160-Ser-GCU
tmRNA,valid,tRNA_tdbR00000400-Loligo_bleekeri-6617-Ser-7CU
tmRNA,valid,tRNA_tdbR00000580-Aeropyrum_pernix-56636-Lys-UUU
tmRNA,valid,tRNA_tdbR00000583-Aeropyrum_pernix-56636-Cys-GCA
tmRNA,valid,tRNA_tdbR00000591-Ascaris_suum-6253-Lys-UU
tmRNA,valid,tRNA_tdbR00000594-Ascaris_suum-6253-Leu-AA
tmRNA,valid,tRNA_tdbR00000609-Chlamydomonas_reinhardtii-3055-Leu-UA7
tmRNA,valid,tRNA_tdbR00000618-Candida_albicans-5476-Leu-CAG
tmRNA,valid,telomerase_AF221908.136-584
tmRNA,valid,telomerase_AF221911.104-513
tmRNA,valid,telomerase_AF221916.94-481
tmRNA,valid,telomerase_AF221930.94-546
tmRNA,valid,telomerase_AF221931.99-541
tmRNA,valid,telomerase_AF221936.98-540
tmRNA,valid,telomerase_AY312571.605-1069
