seq_name:5s_Fusobacterium-nucleatum-5
seq_len:116
current processing 1/3446
seq_name:5s_Salmonella-typhimurium-2
seq_len:120
seq_name:RNaseP_ESH17b-7
seq_len:293
seq_name:5s_Bordetella-bronchiseptica-1
seq_len:115
seq_name:5s_Desulfurococcus-mobilis-1
seq_len:129
seq_name:tmRNA_Trep.dent._AE017226_1-351
seq_len:351
seq_name:5s_Arthrobacter-polychromogenes-1
seq_len:121
seq_name:5s_Uthatobasidium-fusisporum-1
seq_len:118
seq_name:tRNA_tdbR00000503-Thermoplasma_acidophilum-2303-Ini-CAU
seq_len:77
seq_name:tmRNA_Salm.ente._CP000026_1-363
seq_len:363
seq_name:RNaseP_CPA58
seq_len:379
seq_name:5s_Neurospora-crassa-6
seq_len:120
seq_name:tRNA_tdbR00000449-Haloferax_volcanii-2246-Val-CAC
seq_len:78
seq_name:5s_Streptococcus-pneumoniae-2
seq_len:116
seq_name:tRNA_tdbR00000391-Escherichia_coli-562-Ser-GCU
seq_len:93
seq_name:5s_Thermococcus-celer-2
seq_len:127
seq_name:grp1_a.I1.e.L.dispersa.UNK.SSU.516
seq_len:328
seq_name:5s_Lethenteron-japonicum-2
seq_len:121
seq_name:srp_Psyc.sp.._CP000713
seq_len:90
seq_name:tRNA_tdbR00000527-Schizosaccharomyces_pombe-4896-Ini-CAU
seq_len:75
seq_name:RNaseP_U.stanburiana
seq_len:319
seq_name:5s_Coemansia-mojavensis-1
seq_len:120
seq_name:tRNA_tdbR00000483-Bacillus_subtilis-1423-Trp-CCA
seq_len:74
seq_name:5s_Escherichia-coli-2
seq_len:120
seq_name:16s_H.sapiens_domain3
seq_len:504
seq_name:tmRNA_Desu.psyc._CR522870_1-366
seq_len:366
seq_name:5s_Bifidobacterium-longum-3
seq_len:120
seq_name:srp_Stre.pyog._AE006489
seq_len:98
seq_name:5s_Photorhabdus-luminescens-3
seq_len:118
seq_name:tRNA_tdbR00000430-Halobacterium_salinarum-2242-Thr-GGU
seq_len:75
seq_name:5s_Acremonium-persicinum-3
seq_len:119
seq_name:RNaseP_PS4
seq_len:297
seq_name:tRNA_tdbR00000553-Asterias_amurensis-7602-Tyr-GUA
seq_len:74
seq_name:RNaseP_LGA1
seq_len:339
seq_name:5s_Nocardioides-albus-1
seq_len:120
seq_name:tRNA_tdbR00000212-Haloferax_volcanii-2246-Leu-CAG
seq_len:88
seq_name:5s_Saccharomyces-cerevisiae-3
seq_len:121
seq_name:tRNA_tdbR00000253-Candida_cylindracea-44322-Leu-BAA
seq_len:85
seq_name:5s_Emericella-nidulans-5
seq_len:119
seq_name:srp_Esch.coli._X01074
seq_len:98
seq_name:srp_Arab.thal._AF069442
seq_len:306
seq_name:5s_Ascobolus-immersus-3
seq_len:119
seq_name:tRNA_tdbR00000198-Oryctolagus_cuniculus-9986-Lys-CUU
seq_len:76
seq_name:tmRNA_Clav.mich._TRW-31964_1-376
seq_len:376
seq_name:tmRNA_Yers.berc._TRW-349968_1-381
seq_len:381
seq_name:tRNA_tdbR00000539-Ovis_aries-9940-Ini-CAU
seq_len:75
seq_name:RNaseP_N.simplex
seq_len:273
seq_name:tRNA_tdbR00000195-Rattus_norvegicus-10116-Lys-CUN
seq_len:76
seq_name:srp_Pseu.aeru._X12644
seq_len:98
seq_name:RNaseP_S.cyanea-K168T
seq_len:339
seq_name:srp_Homo.sapi._BF909438
seq_len:284
seq_name:tRNA_tdbR00000009-Escherichia_coli-562-Ala-VGC
seq_len:76
seq_name:srp_Stre.ther._CP000024
seq_len:77
seq_name:RNaseP_Halobacterium-NRC1
seq_len:375
seq_name:5s_Nocardiopsis-dassonvillei-1
seq_len:118
seq_name:srp_Ther.mari._AE000512
seq_len:117
seq_name:tRNA_tdbR00000025-Thermus_thermophilus-274-Asp-GUC
seq_len:77
seq_name:srp_Pseu.syri._CP000058
seq_len:90
seq_name:5s_Acidiphilium-acidophilum-1
seq_len:120
seq_name:5s_Erythromicrobium-hydrolyticum-1
seq_len:120
seq_name:5s_Fusobacterium-mortiferum-1
seq_len:117
seq_name:RNaseP_SM-A5179
seq_len:335
seq_name:5s_Desulfovibrio-vulgaris-2
seq_len:120
seq_name:tmRNA_Aqui.aeol._TRW-63363_1-347
seq_len:347
seq_name:tmRNA_Xant.oryz._AE013598_1-397
seq_len:397
seq_name:RNaseP_Prochlorococcus-TATL2
seq_len:308
seq_name:5s_Fusarium-culmorum-2
seq_len:119
seq_name:5s_Legionella-pneumophila-3
seq_len:118
seq_name:5s_Bartonella-henselae-2
seq_len:119
seq_name:tmRNA_Vibr.fisc._CP000020_1-367
seq_len:367
seq_name:tRNA_tdbR00000291-Halobacterium_salinarum-2242-Asn-GUU
seq_len:76
seq_name:srp_Lyco.escu._Z29099
seq_len:304
seq_name:tRNA_tdbR00000178-Mycoplasma_capricolum-2095-Lys-UU
seq_len:76
seq_name:srp_Lact.lact._AE006305
seq_len:77
seq_name:srp_Homo.sapi._BF909425
seq_len:284
seq_name:srp_Lact.john._AE017198
seq_len:89
seq_name:srp_Chla.pneu._BA000008
seq_len:116
seq_name:16s_H.sapiens.mito_domain1
seq_len:282
seq_name:5s_Aspergillus-flavus-1
seq_len:119
seq_name:srp_Pseu.syri._AE016853
seq_len:95
seq_name:5s_Lineus-geniculatus-1
seq_len:120
seq_name:5s_Streptomyces-coelicolor-4
seq_len:121
seq_name:16s_E.coli_domain4
seq_len:145
seq_name:5s_Capniomyces-stellatus-1
seq_len:121
seq_name:5s_Thiothrix-nivea-1
seq_len:122
seq_name:srp_Legi.pneu._CR628336
seq_len:98
seq_name:srp_Trit.aest._CJ679223
seq_len:272
seq_name:5s_Hyphomicrobium-vulgare-1
seq_len:118
seq_name:5s_Vibrio-parahaemolyticus-3
seq_len:121
seq_name:16s_Z.mays_domain4
seq_len:146
seq_name:5s_Arthrobacter-luteus-1
seq_len:122
seq_name:tRNA_tdbR00000414-Lupinus_luteus-3873-Ser-CGA
seq_len:86
seq_name:tRNA_tdbR00000336-Aedes_albopictus-7160-Gln-NUG
seq_len:72
seq_name:tmRNA_Prev.rumi._TRW-264731_1-401
seq_len:401
seq_name:tRNA_tdbR00000159-Escherichia_coli-562-Ile-GAU
seq_len:77
seq_name:5s_Schizosaccharomyces-pombe-3
seq_len:119
seq_name:tRNA_tdbR00000023-Haloferax_volcanii-2246-Asp-GUC
seq_len:76
seq_name:srp_Dich.nodo._CP000513
seq_len:107
seq_name:srp_Stre.pyog._BA000034
seq_len:99
seq_name:5s_Dactylosporangium-aurantiacum-1
seq_len:121
seq_name:RNaseP_A.telluris
seq_len:364
current processing 101/3446
seq_name:RNaseP_CPB7776
seq_len:357
seq_name:srp_Homo.sapi._BF875598
seq_len:288
seq_name:5s_Brevibacterium-linens-1
seq_len:123
seq_name:5s_Bacillus-anthracis-1
seq_len:116
seq_name:5s_Brachionus-plicatilis-1
seq_len:120
seq_name:srp_Clos.teta._AE015936
seq_len:103
seq_name:RNaseP_S.faciem
seq_len:331
seq_name:5s_Bartonella-quintana-2
seq_len:119
seq_name:5s_Sepia-officinalis-1
seq_len:120
seq_name:tRNA_tdbR00000042-Haloferax_volcanii-2246-Glu-MUC
seq_len:78
seq_name:tRNA_tdbR00000589-Aeropyrum_pernix-56636-Arg-UCU
seq_len:78
seq_name:srp_Haem.infl._L42023
seq_len:32
seq_name:srp_Lyco.escu._Z29109
seq_len:250
seq_name:5s_Pseudomonas-fluorescens-2
seq_len:119
seq_name:5s_Rickettsia-prowazekii-1
seq_len:119
seq_name:tRNA_tdbR00000131-Triticum_aestivum-4565-Gly-GCC
seq_len:74
seq_name:5s_Fusarium-pseudograminearum-6
seq_len:119
seq_name:srp_Neis.meni._AL157959
seq_len:92
seq_name:tmRNA_uncu.bact._TRW-135621-1_1-397
seq_len:397
seq_name:tRNA_tdbR00000410-Candida_cylindracea-44322-Ser-GA
seq_len:85
seq_name:srp_Camp.jeju._CP000025
seq_len:91
seq_name:tmRNA_envi.sequ._TRW-2-2_1-356
seq_len:356
seq_name:5s_Acidiphilium-cryptum-1
seq_len:122
seq_name:5s_Streptomyces-brasiliensis-1
seq_len:120
seq_name:srp_Neos.fisc._GSP-331117
seq_len:277
seq_name:RNaseP_P.cultripes
seq_len:311
seq_name:5s_Alcaligenes-faecalis-2
seq_len:115
seq_name:srp_List.mono._AE017262
seq_len:215
seq_name:5s_Mycobacterium-flavescens-1
seq_len:119
seq_name:tRNA_tdbR00000249-Saccharomyces_cerevisiae-4932-Leu-CAA
seq_len:85
seq_name:5s_Harpalus-rufipes-1
seq_len:120
seq_name:RNaseP_SM-A3355
seq_len:303
seq_name:5s_Bacillus-anthracis-7
seq_len:119
seq_name:tmRNA_Pseu.syri._CP000058_1-388
seq_len:388
seq_name:5s_Emericella-nidulans-7
seq_len:119
seq_name:5s_Bacillus-megaterium-2
seq_len:116
seq_name:srp_Baci.subt._X12642
seq_len:270
seq_name:5s_Streptomyces-nodosus-2
seq_len:120
seq_name:tmRNA_envi.sequ._TRW-259292_1-355
seq_len:355
seq_name:RNaseP_Nocardiodes-ATCC39419
seq_len:310
seq_name:5s_Nocardia-asteroides-1
seq_len:121
seq_name:5s_Gelidium-amansii-1
seq_len:120
seq_name:5s_Pseudonocardia-halophobica-1
seq_len:118
seq_name:5s_Idiomarina-loihiensis-1
seq_len:119
seq_name:srp_Sino.meli._AL591782
seq_len:33
seq_name:tmRNA_Buch.aphi._AE013218_1-376
seq_len:376
seq_name:tRNA_tdbR00000038-Rattus_norvegicus-10116-Asp-8UC
seq_len:75
seq_name:RNaseP_H.trapanicum
seq_len:362
seq_name:5s_Brucella-suis-1
seq_len:125
seq_name:RNaseP_C.diphtheriae
seq_len:425
seq_name:srp_Neur.cras._AL669999
seq_len:282
seq_name:tRNA_tdbR00000559-Triticum_aestivum-4565-Tyr-GPA
seq_len:76
seq_name:grp1_a.I1.b.Phormidium.sp.N182.C3.tLEU
seq_len:270
seq_name:RNaseP_SM-A2135
seq_len:332
seq_name:tmRNA_Sali.rube._CP000159_1-369
seq_len:369
seq_name:tRNA_tdbR00000141-Salmonella_typhimurium-602-His-QUG
seq_len:77
seq_name:5s_Acanthamoeba-castellanii-1
seq_len:119
seq_name:5s_Caulobacter-sp.-1
seq_len:119
seq_name:5s_Lupinus-luteus-1
seq_len:119
seq_name:5s_Salmonella-enterica-6
seq_len:120
seq_name:5s_Neisseria-gonorrhoeae-1
seq_len:117
seq_name:tmRNA_Carb.hydr._CP000141_1-359
seq_len:359
seq_name:srp_Ther.teng._AE012978
seq_len:267
seq_name:tmRNA_Leuc.mese._CP000414_1-358
seq_len:358
seq_name:srp_Pseu.aeru._CP000438
seq_len:104
seq_name:tmRNA_Trem.prin._AF481102_1-264
seq_len:264
seq_name:5s_Pichia-membranifaciens-1
seq_len:120
seq_name:tmRNA_Camp.coli._AL111168_1-359
seq_len:359
seq_name:5s_Hyphodontia-paradoxa-1
seq_len:118
seq_name:16s_G.intestinalis_domain4
seq_len:134
seq_name:5s_Geobacillus-kaustophilus-4
seq_len:117
seq_name:tRNA_tdbR00000551-Saccharomyces_cerevisiae-4932-Tyr-GUA
seq_len:88
seq_name:srp_Zea.mays._CF602412
seq_len:303
seq_name:16s_H.sapiens.mito_domain2
seq_len:237
seq_name:5s_Asellus-aquaticus-1
seq_len:120
seq_name:tmRNA_Neis.gono._TRW-242231_1-363
seq_len:363
seq_name:srp_Zea.mays._CK700970
seq_len:303
seq_name:grp1_a.I1.e.P.inouyei.C1.SSU.1506
seq_len:409
seq_name:tRNA_tdbR00000218-Mycoplasma_capricolum-2095-Leu-UAG
seq_len:84
seq_name:5s_Achromobacter-denitrificans-1
seq_len:115
seq_name:5s_T_cruziE
seq_len:121
seq_name:srp_Stre.pyog._AE004092
seq_len:73
seq_name:tmRNA_Myco.capr._D13067_1-411
seq_len:411
seq_name:5s_Ulva-pertusa-1
seq_len:120
seq_name:RNaseP_A.obstetricans
seq_len:404
seq_name:tRNA_tdbR00000277-Codium_fragile-3133-Met-CAU
seq_len:77
seq_name:tmRNA_Dein.radi._TRW-243230_1-349
seq_len:349
seq_name:tmRNA_Clos.diff._AM180355_1-350
seq_len:350
seq_name:srp_Clos.botu._AM412317
seq_len:244
seq_name:RNaseP_T.thioparus
seq_len:238
seq_name:5s_Plasmodium-falciparum-1
seq_len:119
seq_name:srp_Syne.spec._BX569693
seq_len:97
seq_name:5s_F_florifoWE
seq_len:119
seq_name:5s_Halobacterium-salinarum-1
seq_len:121
seq_name:RNaseP_R.capsulatus
seq_len:405
seq_name:tRNA_tdbR00000450-Haloferax_volcanii-2246-Val-GAC
seq_len:78
seq_name:tmRNA_Xant.axon._AE011783_1-397
seq_len:397
seq_name:5s_Methanocaldococcus-jannaschii-1
seq_len:120
seq_name:srp_Shig.flex._CP000266
seq_len:28
seq_name:tRNA_tdbR00000265-Bos_taurus-9913-Leu-IAG
seq_len:85
current processing 201/3446
seq_name:5s_Streptomyces-avermitilis-3
seq_len:118
seq_name:5s_Listeria-innocua-2
seq_len:116
seq_name:5s_Cupriavidus-necator-1
seq_len:115
seq_name:srp_Oxyt.trif._GSP-99928
seq_len:304
seq_name:5s_P_cynthiaE
seq_len:119
seq_name:tmRNA_Psyc.cryo._CP000323_1-359
seq_len:359
seq_name:5s_Pseudomonas-syringae-1
seq_len:120
seq_name:RNaseP_H.chlorum-partial
seq_len:120
seq_name:5s_Burkholderia-caryophylli-1
seq_len:116
seq_name:RNaseP_S.solfataricus
seq_len:259
seq_name:srp_Stre.pneu._AE007319
seq_len:82
seq_name:tRNA_tdbR00000592-Ascaris_suum-6253-Gln-UG
seq_len:58
seq_name:tRNA_tdbR00000514-Scenedesmus_obliquus-3088-Ini-CAU
seq_len:77
seq_name:srp_Agro.tume._AE008984
seq_len:98
seq_name:grp1_a.I1.b.S.hofmanii.C3.tMET
seq_len:251
seq_name:5s_Sandaracinobacter-sibiricus-1
seq_len:120
seq_name:grp1_a.I1.m.S.luteus.A1.LSU.2504
seq_len:373
seq_name:tmRNA_Past.mult._AE006115_1-367
seq_len:367
seq_name:srp_Trep.pall._AE001187
seq_len:98
seq_name:tRNA_tdbR00000557-Pichia_jadinii-4903-Tyr-GPA
seq_len:78
seq_name:RNaseP_C.aurantiacus
seq_len:328
seq_name:tmRNA_Myco.pneu._AE000035_1-384
seq_len:384
seq_name:RNaseP_P.marinus-2
seq_len:387
seq_name:tRNA_tdbR00000062-Homo_sapiens-9606-Glu-CUC
seq_len:75
seq_name:5s_Magnolia-kobus-1
seq_len:119
seq_name:grp1_a.I1.e.P.pachydermus.C1.SSU.943
seq_len:392
seq_name:5s_Bordetella-pertussis-1
seq_len:115
seq_name:5s_Saprospira-grandis-1
seq_len:121
seq_name:srp_Cion.inte._BW088710
seq_len:269
seq_name:srp_Zea.mays._CB179518
seq_len:307
seq_name:RNaseP_T.syrichta
seq_len:286
seq_name:srp_Cocc.immi._GSP-396776
seq_len:326
seq_name:tRNA_tdbR00000155-Mycoplasma_mycoides-2102-Ile-GAU
seq_len:77
seq_name:tmRNA_Vibr.chol._U39068_1-367
seq_len:367
seq_name:tRNA_tdbR00000001-Halobacterium_salinarum-2242-Ala-CGC
seq_len:75
seq_name:5s_Legionella-dumoffii-1
seq_len:118
seq_name:srp_Burk.pseu._CP000570
seq_len:79
seq_name:RNaseP_SLC
seq_len:243
seq_name:5s_Vibrio-metschnikovii-1
seq_len:120
seq_name:tRNA_tdbR00000343-Mus_musculus-10090-Gln-CUG
seq_len:75
seq_name:tmRNA_Stap.epid._TRW-176280_1-361
seq_len:361
seq_name:5s_Leifsonia-xyli-1
seq_len:121
seq_name:tRNA_tdbR00000127-Halocynthia_roretzi-7729-Gly-UCU
seq_len:65
seq_name:5s_Juniperus-media-1
seq_len:120
seq_name:RNaseP_Onchorhynchus-sp-1
seq_len:299
seq_name:RNaseP_F.antarctica
seq_len:312
seq_name:tmRNA_Acin.spec._CR543861_1-360
seq_len:360
seq_name:5s_Methanococcus-maripaludis-1
seq_len:115
seq_name:RNaseP_Calothrix-PCC7601
seq_len:467
seq_name:srp_Halo.spec._AE004437
seq_len:305
seq_name:srp_Bdel.bact._BX842656
seq_len:56
seq_name:5s_Methanothermobacter-thermautotrophicus-4
seq_len:123
seq_name:RNaseP_M.pneumoniae
seq_len:369
seq_name:5s_Clostridium-acetobutylicum-2
seq_len:117
seq_name:5s_Prauserella-rugosa-1
seq_len:120
seq_name:srp_Lyco.escu._Z29105
seq_len:304
seq_name:tmRNA_Cyan.mero._AY286123_1-236
seq_len:236
seq_name:srp_Stap.aure._BA000033
seq_len:101
seq_name:tmRNA_Phot.lumi._BX571870_1-364
seq_len:364
seq_name:5s_Escherichia-coli-3
seq_len:120
seq_name:srp_Dros.simu._GSP-7240
seq_len:300
seq_name:5s_Xenopus-borealis-2
seq_len:120
seq_name:5s_Herpetosiphon-aurantiacus-1
seq_len:117
seq_name:5s_Fusarium-pseudograminearum-8
seq_len:119
seq_name:srp_Plas.berg._DC223613
seq_len:293
seq_name:5s_Bartonella-henselae-1
seq_len:119
seq_name:tRNA_tdbR00000301-Lupinus_luteus-3873-Asn-UU
seq_len:76
seq_name:tmRNA_Baci.halo._BA000004_1-361
seq_len:361
seq_name:grp1_b.I1.e.T.thermophila.C1.LSU.1925
seq_len:506
seq_name:5s_Pasteurella-multocida-2
seq_len:119
seq_name:tRNA_tdbR00000535-Xenopus_laevis-8355-Ini-CAU
seq_len:75
seq_name:srp_Ther.ther._AE017306
seq_len:102
seq_name:5s_Deinococcus-radiodurans-1
seq_len:122
seq_name:tRNA_tdbR00000384-Mycoplasma_capricolum-2095-Ser-GCU
seq_len:90
seq_name:16s_A.fulgidus_domain3
seq_len:488
seq_name:tRNA_tdbR00000080-Bos_taurus-9913-Phe-GAA
seq_len:70
seq_name:5s_Toxoplasma-gondii-2
seq_len:123
seq_name:5s_Bacillus-subtilis-6
seq_len:116
seq_name:srp_Arab.thal._AC005311
seq_len:305
seq_name:srp_Clos.botu._CP000726
seq_len:244
seq_name:tRNA_tdbR00000445-Bos_taurus-9913-Thr-IGU
seq_len:76
seq_name:RNaseP_M.thermoautotrophicumDH-2
seq_len:293
seq_name:5s_Lycoperdon-pyriforme-1
seq_len:118
seq_name:tRNA_tdbR00000488-Tetrahymena_thermophila-5911-Trp-CA
seq_len:74
seq_name:RNaseP_P.marinus
seq_len:387
seq_name:srp_Meth.ther._X15364
seq_len:310
seq_name:tmRNA_Yers.moll._TRW-349967_1-381
seq_len:381
seq_name:tRNA_tdbR00000335-Nicotiana_rustica-4093-Gln-NUG
seq_len:75
seq_name:23s_E.coli_domain6
seq_len:262
seq_name:5s_Lactococcus-lactis-1
seq_len:116
seq_name:srp_Trit.aest._BQ167677
seq_len:242
seq_name:tRNA_tdbR00000011-Neurospora_crassa-5141-Ala-UGC
seq_len:75
seq_name:srp_Lact.brev._CP000416
seq_len:55
seq_name:srp_Zea.mays._X14661
seq_len:308
seq_name:srp_Sola.tube._DR037646
seq_len:251
seq_name:tmRNA_Esch.coli._D12501_1-363
seq_len:363
seq_name:5s_Fusarium-sporotrichioides-2
seq_len:119
seq_name:5s_Emericella-nidulans-1
seq_len:119
seq_name:5s_Thiomonas-perometabolis-1
seq_len:116
seq_name:RNaseP_H.influenza
seq_len:377
current processing 301/3446
seq_name:tRNA_tdbR00000413-Candida_cylindracea-44322-Ser-GCU
seq_len:86
seq_name:5s_Pythium-pachycaule-1
seq_len:118
seq_name:tRNA_tdbR00000479-Mycoplasma_capricolum-2095-Trp-BCA
seq_len:75
seq_name:srp_Lyco.escu._Z29106
seq_len:302
seq_name:16s_S.cerevisiae_domain3
seq_len:498
seq_name:RNaseP_WB3
seq_len:294
seq_name:srp_Phyt.ramo._GSP-164328
seq_len:314
seq_name:5s_Alcaligenes-faecalis-1
seq_len:115
seq_name:5s_Blepharisma-japonicum-1
seq_len:120
seq_name:RNaseP_CPB147
seq_len:298
seq_name:tRNA_tdbR00000189-Rattus_norvegicus-10116-Lys-NUU
seq_len:67
seq_name:RNaseP_E.agglomerulans
seq_len:383
seq_name:5s_Photobacterium-angustum-1
seq_len:120
seq_name:tRNA_tdbR00000157-Thermus_thermophilus-274-Ile-GAU
seq_len:77
seq_name:tmRNA_Erwi.caro._BX950851_1-363
seq_len:363
seq_name:tRNA_tdbR00000017-Homo_sapiens-9606-Ala-IGC
seq_len:76
seq_name:srp_Pyro.aero._AE009852
seq_len:322
seq_name:srp_Rhod.spec._CP000431
seq_len:97
seq_name:tmRNA_Lact.gass._CP000413_1-366
seq_len:366
seq_name:tmRNA_Ente.faec._BD193796_1-367
seq_len:367
seq_name:srp_Xant.camp._AE012197
seq_len:98
seq_name:tRNA_tdbR00000049-Chlamydomonas_reinhardtii-3055-Glu-NUC
seq_len:76
seq_name:5s_Clostridium-acetobutylicum-5
seq_len:117
seq_name:5s_Euplotes-woodruffi-1
seq_len:120
seq_name:5s_Paracentrotus-lividus-2
seq_len:121
seq_name:RNaseP_B.megaterium
seq_len:408
seq_name:5s_Agrobacterium-tumefaciens-3
seq_len:118
seq_name:tRNA_tdbR00000585-Aeropyrum_pernix-56636-Thr-CGU
seq_len:75
seq_name:srp_Aede.aegy._DW714804
seq_len:302
seq_name:RNaseP_vHge2
seq_len:311
seq_name:RNaseP_V.spinosum
seq_len:364
seq_name:RNaseP_SM-A01
seq_len:389
seq_name:srp_Perk.mari._GSP-31276
seq_len:287
seq_name:5s_Bifidobacterium-longum-2
seq_len:121
seq_name:5s_Rhodococcus-erythropolis-2
seq_len:120
seq_name:5s_Bacillus-halodurans-5
seq_len:116
seq_name:5s_Fusarium-cerealis-7
seq_len:119
seq_name:srp_Homo.sapi._BU566619
seq_len:302
seq_name:5s_Xenopus-tropicalis-2
seq_len:121
seq_name:5s_Streptomyces-sp.-4
seq_len:120
seq_name:tRNA_tdbR00000111-Mycoplasma_capricolum-2095-Gly-UCC
seq_len:74
seq_name:5s_Spirochaeta-aurantia-1
seq_len:110
seq_name:tRNA_tdbR00000226-Synechococcus_elongatus_PCC_6301-269084-Leu-CAG
seq_len:87
seq_name:5s_Brucella-suis-2
seq_len:119
seq_name:srp_Humu.lupu._AJ236705
seq_len:268
seq_name:5s_Colwellia-psychrerythraea-1
seq_len:119
seq_name:5s_Amoebidium-parasiticum-1
seq_len:119
seq_name:5s_Filobasidiella-depauperata-1
seq_len:119
seq_name:tRNA_tdbR00000575-Leishmania_tarentolae-5689-Thr-CGU
seq_len:72
seq_name:srp_Wolb.endo._AB080664
seq_len:83
seq_name:RNaseP_SM-A1315
seq_len:323
seq_name:srp_Ento.sulc._AF095839
seq_len:318
seq_name:RNaseP_R.prowazekii
seq_len:385
seq_name:srp_Plas.yoel._GSP-352914
seq_len:304
seq_name:5s_Misgurnus-fossilis-1
seq_len:120
seq_name:5s_Methanobacterium-formicicum-1
seq_len:126
seq_name:5s_Acetobacter-sp.-1
seq_len:119
seq_name:5s_Neurospora-crassa-11
seq_len:120
seq_name:srp_Rhod.palu._CP000283
seq_len:98
seq_name:5s_Thermococcus-kodakarensis-2
seq_len:126
seq_name:5s_Bacillus-clausii-2
seq_len:116
seq_name:5s_Candidatus-Tremblaya-princeps-1
seq_len:117
seq_name:5s_Shewanella-colwelliana-1
seq_len:120
seq_name:srp_Gald.sulp._GSP-130081
seq_len:299
seq_name:tRNA_tdbR00000005-Mycoplasma_capricolum-2095-Ala-UGC
seq_len:76
seq_name:RNaseP_SM-A2237
seq_len:301
seq_name:srp_Picr.torr._AE017261
seq_len:309
seq_name:RNaseP_ESH183D
seq_len:281
seq_name:5s_Fusarium-sporotrichioides-1
seq_len:119
seq_name:srp_Pyro.furi._AE010126
seq_len:319
seq_name:srp_Leis.braz._AY722725
seq_len:139
seq_name:tRNA_tdbR00000537-Mus_musculus-10090-Ini-CAU
seq_len:75
seq_name:tmRNA_Spir.citr._AM285321_1-424
seq_len:424
seq_name:5s_Leptothrix-discophora-1
seq_len:117
seq_name:srp_Arab.thal._AC005662
seq_len:304
seq_name:RNaseP_S.caesia-K163
seq_len:339
seq_name:srp_Myco.pulm._U06833
seq_len:77
seq_name:RNaseP_SM-A04
seq_len:330
seq_name:RNaseP_S.epidermidis
seq_len:401
seq_name:srp_Grac.tenu._AY673996
seq_len:108
seq_name:srp_Yarr.lipo._CR382130
seq_len:266
seq_name:tRNA_tdbR00000063-Haloferax_volcanii-2246-Phe-GAA
seq_len:77
seq_name:grp1_a.I1.e.G.spirotaenia.C1.SSU.1506
seq_len:387
seq_name:tRNA_tdbR00000378-Mus_musculus-10090-Arg-ICG
seq_len:76
seq_name:tmRNA_Bact.frag._TRW-817_1-398
seq_len:398
seq_name:srp_Pich.stip._CP000502
seq_len:98
seq_name:tmRNA_Stre.pneu._TRW-216600_1-348
seq_len:348
seq_name:tmRNA_Yers.pest._CP000305_1-364
seq_len:364
seq_name:RNaseP_L.japonicus-IFO12422
seq_len:326
seq_name:srp_Soda.glos._AP008232
seq_len:118
seq_name:grp1_a.I1.e.S.sclerotiorum_1837.C1.LSU.798
seq_len:371
seq_name:tRNA_tdbR00000528-Pichia_jadinii-4903-Ini-CAU
seq_len:75
seq_name:5s_Streptococcus-salivarius-1
seq_len:116
seq_name:tmRNA_Ente.faec._TRW-1352_1-367
seq_len:367
seq_name:srp_Chla.rein._SDB-3055
seq_len:290
seq_name:tmRNA_Stre.ther._CP000024_1-350
seq_len:350
seq_name:5s_Bacteroides-fragilis-3
seq_len:103
seq_name:srp_Hahe.chej._CP000155
seq_len:100
seq_name:RNaseP_P.guilliermondii
seq_len:189
seq_name:tRNA_tdbR00000416-Nicotiana_rustica-4093-Ser-CGA
seq_len:85
current processing 401/3446
seq_name:tRNA_tdbR00000194-Triticum_aestivum-4565-Lys-CUU
seq_len:76
seq_name:srp_Trep.pall._AE000520
seq_len:96
seq_name:tmRNA_Fran.tula._AM233362_1-421
seq_len:421
seq_name:tRNA_tdbR00000153-Mycoplasma_capricolum-2095-Ile-AU
seq_len:77
seq_name:tRNA_tdbR00000056-Hordeum_vulgare-4513-Glu-UPC
seq_len:76
seq_name:srp_Caen.eleg._AY948607
seq_len:300
seq_name:5s_Listonella-pelagia-1
seq_len:120
seq_name:srp_Hype.buty._CP000493
seq_len:274
seq_name:5s_Streptomyces-griseus-3
seq_len:120
seq_name:5s_Salmonella-enterica-5
seq_len:120
seq_name:srp_Caul.cres._AE005700
seq_len:102
seq_name:srp_Tetr.ther._X56981
seq_len:283
seq_name:tRNA_tdbR00000073-Spinacia_oleracea-3562-Phe-GAA
seq_len:76
seq_name:5s_Dirofilaria-immitis-1
seq_len:119
seq_name:5s_Aeromonas-media-1
seq_len:119
seq_name:tmRNA_Esch.coli._CP000247_1-363
seq_len:363
seq_name:tmRNA_Clos.botu._TRW-36826_1-355
seq_len:355
seq_name:5s_Paracoccus-versutus-1
seq_len:116
seq_name:5s_Gallus-gallus-1
seq_len:120
seq_name:tRNA_tdbR00000059-Rattus_norvegicus-10116-Glu-3UC
seq_len:75
seq_name:5s_Trichosporonoides-oedocephalis-1
seq_len:118
seq_name:tmRNA_Stre.aver._BA000030_1-389
seq_len:389
seq_name:5s_Pleurotus-ostreatus-1
seq_len:118
seq_name:5s_Bacillus-halodurans-3
seq_len:116
seq_name:tmRNA_Myco.mari._TRW-1781-1_1-368
seq_len:368
seq_name:tRNA_tdbR00000029-Asterias_amurensis-7602-Asp-QUC
seq_len:73
seq_name:RNaseP_Wolbachia-sp
seq_len:348
seq_name:tmRNA_Shig.boyd._CP000036_1-363
seq_len:363
seq_name:srp_Tric.vagi._GSP-5722-2
seq_len:306
seq_name:tmRNA_Tann.fors._TRW-203275_1-400
seq_len:400
seq_name:srp_Esch.coli._CP000247
seq_len:118
seq_name:tmRNA_Myco.lepr._AL583919_1-366
seq_len:366
seq_name:tmRNA_Baci.G._TRW-12333_1-312
seq_len:312
seq_name:srp_Spra.loph._GSP-51541
seq_len:161
seq_name:tmRNA_Shew.putr._TRW-319224_1-356
seq_len:356
seq_name:5s_Planctomyces-brasiliensis-1
seq_len:110
seq_name:RNaseP_A.eutrophus
seq_len:341
seq_name:tmRNA_Heli.pylo._TRW-85963_1-386
seq_len:386
seq_name:tRNA_tdbR00000523-Tetrahymena_thermophila-5911-Ini-CAU
seq_len:75
seq_name:5s_Acidovorax-temperans-1
seq_len:115
seq_name:tmRNA_Baci.clau._AP006627_1-355
seq_len:355
seq_name:srp_Sulf.solf._X17239
seq_len:309
seq_name:tRNA_tdbR00000013-Pichia_jadinii-4903-Ala-IGC
seq_len:76
seq_name:tmRNA_Stap.aure._BX571857_1-362
seq_len:362
seq_name:srp_Lyco.escu._Z29110
seq_len:274
seq_name:srp_Dros.anan._CJ969290
seq_len:284
seq_name:srp_Trop.whip._BX251412
seq_len:89
seq_name:tmRNA_Psyc.arct._CP000082_1-359
seq_len:359
seq_name:tmRNA_Esch.coli._D90888_1-363
seq_len:363
seq_name:5s_Rhodococcus-rhodochrous-1
seq_len:120
seq_name:tmRNA_Baci.anth._AE016879_1-355
seq_len:355
seq_name:grp1_a.I1.e.C.merochlorophea.UNK.SSU.1516
seq_len:274
seq_name:RNaseP_M.thermoautotrphicumMarb
seq_len:294
seq_name:tmRNA_Fuso.nucl._AE009951_1-344
seq_len:344
seq_name:tRNA_tdbR00000548-Scenedesmus_obliquus-3088-Tyr-GUA
seq_len:85
seq_name:5s_Hyphomicrobium-sp.-7
seq_len:119
seq_name:5s_Methanopyrus-kandleri-1
seq_len:131
seq_name:srp_Pan.trog._GSP-37010
seq_len:299
seq_name:RNaseP_SM-A4674
seq_len:307
seq_name:srp_Pyro.occu._M21085
seq_len:304
seq_name:srp_Zygo.roux._BN000170
seq_len:243
seq_name:tRNA_tdbR00000608-Lupinus_luteus-3873-Leu-UAA
seq_len:85
seq_name:srp_Crit.luci._AY781798
seq_len:58
seq_name:tRNA_tdbR00000533-Drosophila_melanogaster-7227-Ini-CAU
seq_len:75
seq_name:5s_Emericella-nidulans-6
seq_len:120
seq_name:5s_Lupinus-angustifolius-1
seq_len:119
seq_name:srp_Bruc.abor._AE017223
seq_len:33
seq_name:RNaseP_Synechococcus-PCC7942
seq_len:312
seq_name:tmRNA_Pedi.pent._CP000422_1-369
seq_len:369
seq_name:tRNA_tdbR00000069-Synechococcus_sp._PCC_7002-32049-Phe-GAA
seq_len:76
seq_name:tmRNA_Trep.pall._TRW-243276_1-354
seq_len:354
seq_name:5s_Erwinia-carotovora-2
seq_len:121
seq_name:RNaseP_C.sporogenes
seq_len:302
seq_name:RNaseP_LGA8
seq_len:339
seq_name:5s_Saccharopolyspora-rectivirgula-1
seq_len:122
seq_name:srp_Homo.sapi._M20910
seq_len:299
seq_name:tmRNA_Chla.trac._TRW-813-1_1-420
seq_len:420
seq_name:5s_Erysipelothrix-rhusiopathiae-2
seq_len:114
seq_name:5s_Oryza-sativa-2
seq_len:119
seq_name:5s_Lactobacillus-plantarum-3
seq_len:117
seq_name:5s_Saccharomonospora-cyanea-1
seq_len:121
seq_name:5s_Cryptococcus-laurentii-1
seq_len:118
seq_name:tmRNA_Shew.spec._TRW-323850_1-356
seq_len:356
seq_name:RNaseP_E.coli
seq_len:377
seq_name:tRNA_tdbR00000109-Haloferax_volcanii-2246-Gly-NCC
seq_len:74
seq_name:5s_Xenopus-laevis-3
seq_len:120
seq_name:srp_Dech.arom._CP000089
seq_len:113
seq_name:srp_Rick.cono._AE008680
seq_len:87
seq_name:srp_Meth.ferv._M32222
seq_len:310
seq_name:5s_Escherichia-coli-10
seq_len:120
seq_name:tmRNA_List.gray._AF440336_1-321
seq_len:321
seq_name:tRNA_tdbR00000065-Bacillus_subtilis-1423-Phe-AA
seq_len:76
seq_name:srp_Bruc.suis._AE014291
seq_len:99
seq_name:RNaseP_CPB144
seq_len:421
seq_name:srp_Myco.pene._BA000026
seq_len:77
seq_name:tRNA_tdbR00000285-Triticum_aestivum-4565-Met-BAU
seq_len:77
seq_name:srp_Phak.pach._GSP-170000-1
seq_len:308
seq_name:5s_Oerskovia-turbata-1
seq_len:120
seq_name:RNaseP_UK5
seq_len:294
seq_name:5s_Thermoactinomyces-vulgaris-1
seq_len:115
current processing 501/3446
seq_name:tmRNA_Thal.weis._AF049491_1-348
seq_len:348
seq_name:5s_Acidovorax-facilis-1
seq_len:115
seq_name:tmRNA_Salm.ente._TRW-59204_1-363
seq_len:363
seq_name:5s_Schizosaccharomyces-pombe-2
seq_len:119
seq_name:tmRNA_Rubr.xyla._CP000386_1-360
seq_len:360
seq_name:5s_Andrias-japonicus-1
seq_len:121
seq_name:5s_Mycobacterium-smegmatis-2
seq_len:118
seq_name:srp_Myco.capr._S67588
seq_len:81
seq_name:5s_Eurypelma-californica-1
seq_len:120
seq_name:srp_Volv.cart._GSP-51971-2
seq_len:290
seq_name:5s_Amycolatopsis-lactamdurans-1
seq_len:120
seq_name:srp_Oryz.sati._AP008207
seq_len:318
seq_name:RNaseP_I.calvum
seq_len:289
seq_name:5s_Ascobolus-immersus-4
seq_len:119
seq_name:5s_Vibrio-harveyi-1
seq_len:120
seq_name:tRNA_tdbR00000192-Saccharomyces_cerevisiae-4932-Lys-CUU
seq_len:76
seq_name:5s_Prosthecomicrobium-enhydrum-1
seq_len:119
seq_name:srp_Meth.jann._L77117
seq_len:330
seq_name:5s_Mycoplasma-pneumoniae-1
seq_len:108
seq_name:srp_Baci.amyl._D13041
seq_len:270
seq_name:tRNA_tdbR00000098-Xenopus_laevis-8355-Phe-AA
seq_len:76
seq_name:5s_Thermus-thermophilus-1
seq_len:122
seq_name:5s_Smittium-culisetae-1
seq_len:121
seq_name:tmRNA_Syne.spec._TRW-32049_1-396
seq_len:396
seq_name:tRNA_tdbR00000314-Mycoplasma_capricolum-2095-Pro-UGG
seq_len:77
seq_name:RNaseP_LGA2
seq_len:312
seq_name:16s_Z.mays_domain2
seq_len:355
seq_name:5s_Streptomyces-ambofaciens-1
seq_len:120
seq_name:srp_Medi.trun._CX540689
seq_len:286
seq_name:5s_Arabidopsis-thaliana-1
seq_len:120
seq_name:RNaseP_N.europaea
seq_len:285
seq_name:srp_Burk.mall._CP000526
seq_len:105
seq_name:5s_Acidithiobacillus-thiooxidans-1
seq_len:121
seq_name:5s_Thermotoga-neapolitana-2
seq_len:124
seq_name:tmRNA_Yers.pseu._AR948532_1-364
seq_len:364
seq_name:tmRNA_Borr.burg._TRW-224326_1-362
seq_len:362
seq_name:tRNA_tdbR00000043-Haloferax_volcanii-2246-Glu-NUC
seq_len:78
seq_name:16s_C.reinhardtii.chloro_domain1
seq_len:510
seq_name:5s_Legionella-pneumophila-1
seq_len:118
seq_name:RNaseP_N.gregoryi
seq_len:474
seq_name:RNaseP_D.radiodurans
seq_len:486
seq_name:grp1_a.I1.e.Staurastrum.sp.M753.C1.SSU.1506
seq_len:415
seq_name:5s_Asterina-pectinifera-1
seq_len:120
seq_name:5s_Caenorhabditis-elegans-1
seq_len:119
seq_name:16s_M.polymorpha_domain4
seq_len:143
seq_name:tRNA_tdbR00000089-Brassica_napus-3708-Phe-AA
seq_len:76
seq_name:16s_P.occultum_domain2
seq_len:358
seq_name:RNaseP_Dermocarpa-PCC7437
seq_len:359
seq_name:5s_Yersinia-pseudotuberculosis-1
seq_len:120
seq_name:srp_Lact.john._AX926712
seq_len:76
seq_name:tmRNA_Stre.gord._TRW-29390_1-349
seq_len:349
seq_name:tRNA_tdbR00000581-Aeropyrum_pernix-56636-Lys-CUU
seq_len:85
seq_name:5s_Yersinia-pestis-5
seq_len:120
seq_name:tRNA_tdbR00000117-Escherichia_coli-562-Gly-CCC
seq_len:74
seq_name:RNaseP_Onchorhynchus-2
seq_len:308
seq_name:srp_Myco.lepr._AL023596
seq_len:103
seq_name:tRNA_tdbR00000173-Bombyx_mori-7091-Ile-IAU
seq_len:77
seq_name:srp_Citr.sine._CN181543
seq_len:78
seq_name:srp_Haem.infl._CP000057
seq_len:115
seq_name:srp_Tryp.bruc._AC159431
seq_len:273
seq_name:srp_Orni.anat._GSP-9258
seq_len:302
seq_name:RNaseP_T.roseum
seq_len:350
seq_name:srp_Phae.nodo._GSP-321614
seq_len:264
seq_name:5s_Candidatus-Phytoplasma-asteris-1
seq_len:109
seq_name:5s_Halorubrum-distributum-6
seq_len:122
seq_name:grp1_a.I1.e.A.capsulatus.G184B.C1.SSU
seq_len:425
seq_name:16s_T.gondii_domain4
seq_len:159
seq_name:5s_Fusarium-culmorum-3
seq_len:119
seq_name:srp_Myco.mobi._AE017308
seq_len:91
seq_name:5s_Anaerorhabdus-furcosa-1
seq_len:114
seq_name:srp_Leis.dono._AY722735
seq_len:138
seq_name:RNaseP_WA1
seq_len:294
seq_name:srp_Leis.majo._SDB-347515
seq_len:275
seq_name:RNaseP_purpleX
seq_len:300
seq_name:tRNA_tdbR00000344-Mus_musculus-10090-Gln-JUG
seq_len:75
seq_name:tmRNA_Desu.acet._TRW-281689_1-353
seq_len:353
seq_name:5s_Hyphomicrobium-sp.-1
seq_len:119
seq_name:RNaseP_M.tuberculosis-g
seq_len:433
seq_name:srp_Dros.moja._GSP-7230
seq_len:297
seq_name:RNaseP_A.paspali
seq_len:294
seq_name:srp_Stre.pyog._CP000056
seq_len:98
seq_name:grp1_a.I1.e.L.dispersa.UNK.SSU.789
seq_len:218
seq_name:srp_Tryp.bruc._M80262
seq_len:273
seq_name:5s_Mannheimia-succiniciproducens-3
seq_len:111
seq_name:RNaseP_SM-A06
seq_len:343
seq_name:5s_Gallus-gallus-2
seq_len:120
seq_name:5s_Tilletiaria-anomala-1
seq_len:118
seq_name:tRNA_tdbR00000255-Candida_cylindracea-44322-Leu-IAG
seq_len:85
seq_name:5s_Planocera-reticulata-1
seq_len:120
seq_name:tmRNA_Noca.farc._AP006618_1-368
seq_len:368
seq_name:srp_Esch.coli._AP009048
seq_len:117
seq_name:srp_Stre.suis._CP000407
seq_len:78
seq_name:tRNA_tdbR00000507-Bacillus_subtilis-1423-Ini-CAU
seq_len:77
seq_name:5s_Acremonium-chrysogenum-1
seq_len:119
seq_name:5s_Drosophila-melanogaster-1
seq_len:120
seq_name:RNaseP_CPB70
seq_len:334
seq_name:srp_Schm.medi._GSP-79327
seq_len:298
seq_name:tRNA_tdbR00000398-Ascaris_suum-6253-Ser-UCU
seq_len:54
seq_name:srp_Shew.onei._AE014299
seq_len:114
seq_name:5s_Thermomyces-lanuginosus-1
seq_len:119
current processing 601/3446
seq_name:5s_Bacillus-sp.-1
seq_len:116
seq_name:5s_Haemonchus-contortus-1
seq_len:121
seq_name:tmRNA_Salm.ente._AE014613_1-363
seq_len:363
seq_name:RNaseP_P.alcalifaciens
seq_len:301
seq_name:RNaseP_B.anthracis
seq_len:408
seq_name:tmRNA_Nitr.euro._BX321865_1-360
seq_len:360
seq_name:srp_Esch.coli._AE005174
seq_len:118
seq_name:5s_Tropheryma-whipplei-1
seq_len:120
seq_name:5s_Solemya-velum-1
seq_len:120
seq_name:srp_Stre.pneu._CP000410
seq_len:77
seq_name:RNaseP_T.album
seq_len:332
seq_name:tRNA_tdbR00000204-Loligo_bleekeri-6617-Lys-CUU
seq_len:76
seq_name:5s_Mycoplasma-capricolum-1
seq_len:107
seq_name:5s_Halorubrum-distributum-7
seq_len:119
seq_name:tRNA_tdbR00000578-Leishmania_tarentolae-5689-Glu-3UC
seq_len:72
seq_name:tmRNA_Pelo.carb._CP000142_1-358
seq_len:358
seq_name:tRNA_tdbR00000489-Neurospora_crassa-5141-Trp-NCA
seq_len:74
seq_name:5s_Euglena-gracilis-2
seq_len:119
seq_name:5s_Paenibacillus-popilliae-1
seq_len:117
seq_name:tRNA_tdbR00000429-Enterobacteria_phage_T4-10665-Thr-NGU
seq_len:76
seq_name:5s_Rana-pipiens-1
seq_len:119
seq_name:tRNA_tdbR00000369-Saccharomyces_cerevisiae-4932-Arg-ICG
seq_len:76
seq_name:srp_Proc.mari._CP000551
seq_len:97
seq_name:srp_Noca.farc._AP006618
seq_len:98
seq_name:RNaseP_S.lividans
seq_len:405
seq_name:5s_Loofah-witches-broom-phytoplasma-1
seq_len:113
seq_name:5s_Vibrio-vulnificus-2
seq_len:121
seq_name:RNaseP_S.negevensis
seq_len:249
seq_name:srp_Caen.rema._GSP-31234
seq_len:299
seq_name:tRNA_tdbR00000512-Mycobacterium_smegmatis-1772-Ini-CAU
seq_len:77
seq_name:tRNA_tdbR00000424-Drosophila_melanogaster-7227-Ser-GCU
seq_len:85
seq_name:tRNA_tdbR00000008-Escherichia_coli-562-Ala-GGC
seq_len:76
seq_name:srp_Fran.spec._CP000249
seq_len:88
seq_name:5s_Drosophila-simulans-1
seq_len:120
seq_name:5s_Xenopus-laevis-9
seq_len:120
seq_name:5s_Asterias-vulgaris-1
seq_len:120
seq_name:5s_Methanolobus-tindarius-1
seq_len:124
seq_name:5s_Fusarium-pseudograminearum-2
seq_len:119
seq_name:srp_Bloc.flor._BX248583
seq_len:118
seq_name:tRNA_tdbR00000474-Drosophila_melanogaster-7227-Val-NAC
seq_len:76
seq_name:srp_Gynu.aura._SDB-109565
seq_len:66
seq_name:5s_Bacillus-methanolicus-7
seq_len:116
seq_name:5s_Coleochaete-scutata-1
seq_len:118
seq_name:srp_Haem.ducr._AE017143
seq_len:100
seq_name:srp_Fran.tula._AJ749949
seq_len:100
seq_name:5s_Lethenteron-japonicum-1
seq_len:120
seq_name:srp_Baci.amyl._CP000560
seq_len:30
seq_name:RNaseP_CPB86
seq_len:301
seq_name:tmRNA_Burk.xeno._CP000270_1-370
seq_len:370
seq_name:srp_Dani.reri._EH487580
seq_len:296
seq_name:5s_Gnetum-gnemon-1
seq_len:120
seq_name:5s_Tetrahymena-thermophila-3
seq_len:120
seq_name:RNaseP_M.genitalium
seq_len:384
seq_name:grp1_a.I1.m.M.grisea.B2.ND1
seq_len:285
seq_name:srp_Pyro.isla._CP000504
seq_len:244
seq_name:5s_Rhabditis-tokai-1
seq_len:119
seq_name:srp_Myco.spec._CP000518
seq_len:53
seq_name:tRNA_tdbR00000174-Mus_musculus-10090-Ile-IAU
seq_len:77
seq_name:srp_Proc.mari._CP000552
seq_len:81
seq_name:srp_Sili.spec._CP000377
seq_len:62
seq_name:srp_Sacc.cere._U18916
seq_len:429
seq_name:RNaseP_A.macrocytogenes123
seq_len:294
seq_name:5s_Clostridium-acetobutylicum-3
seq_len:117
seq_name:RNaseP_S.viridis-K185
seq_len:341
seq_name:16s_A.pyrophilus_domain4
seq_len:137
seq_name:RNaseP_P.hollandica
seq_len:481
seq_name:RNaseP_CPB74
seq_len:305
seq_name:srp_Myco.pneu._AE000044
seq_len:77
seq_name:5s_Ustilago-longissima-1
seq_len:119
seq_name:srp_Homo.sapi._BE083383
seq_len:298
seq_name:5s_Drosophila-mauritiana-1
seq_len:120
seq_name:srp_Bras.napu._EE412262
seq_len:308
seq_name:5s_Chlorella-pyrenoidosa-1
seq_len:119
seq_name:5s_Rickettsia-conorii-1
seq_len:119
seq_name:5s_Photobacterium-damselae-1
seq_len:120
seq_name:5s_Weissella-viridescens-2
seq_len:117
seq_name:5s_Zymomonas-mobilis-1
seq_len:121
seq_name:srp_Bras.napu._EE537348
seq_len:308
seq_name:tmRNA_Heli.must._DQ250625_1-366
seq_len:366
seq_name:srp_Geob.meta._CP000148
seq_len:91
seq_name:tRNA_tdbR00000170-Saccharomyces_cerevisiae-4932-Ile-IAU
seq_len:77
seq_name:5s_Vibrio-cholerae-4
seq_len:119
seq_name:tRNA_tdbR00000231-Phaseolus_vulgaris-3885-Leu-BAA
seq_len:85
seq_name:tmRNA_Esch.coli._U00096_1-363
seq_len:363
seq_name:tRNA_tdbR00000016-Homo_sapiens-9606-Ala-IGC
seq_len:76
seq_name:5s_Mycoplasma-mycoides-1
seq_len:108
seq_name:5s_Bacteroides-fragilis-6
seq_len:107
seq_name:tmRNA_Bdel.bact._BX842656_1-346
seq_len:346
seq_name:tRNA_tdbR00000084-Saccharomyces_cerevisiae-4932-Phe-AA
seq_len:76
seq_name:5s_Mycoplasma-pulmonis-1
seq_len:103
seq_name:srp_Camp.jeju._AL139074
seq_len:36
seq_name:tRNA_tdbR00000498-Gallus_gallus-9031-Trp-BCA
seq_len:75
seq_name:RNaseP_S.glauca-K194
seq_len:340
seq_name:5s_Staphylococcus-aureus-3
seq_len:115
seq_name:5s_Basidiobolus-magnus-1
seq_len:120
seq_name:RNaseP_Saccharomonospora-K180
seq_len:337
seq_name:5s_Pseudomonas-aeruginosa-2
seq_len:120
seq_name:tmRNA_Shig.sonn._CP000038_1-363
seq_len:363
seq_name:5s_Rhodopirellula-baltica-1
seq_len:110
seq_name:srp_Myco.pneu._U00089
seq_len:77
current processing 701/3446
seq_name:5s_Saccharomonospora-azurea-1
seq_len:120
seq_name:srp_Cion.inte._BW230361
seq_len:286
seq_name:5s_Alcaligenes-faecalis-3
seq_len:120
seq_name:srp_Yers.pseu._BX936398
seq_len:103
seq_name:5s_Bacillus-methanolicus-9
seq_len:116
seq_name:5s_Chordaria-flagelliformis-1
seq_len:118
seq_name:RNaseP_V.cholera
seq_len:399
seq_name:5s_Cryptosporidium-parvum-2
seq_len:122
seq_name:srp_Bifi.long._AX492782
seq_len:90
seq_name:5s_Fusarium-lunulosporum-8
seq_len:119
seq_name:srp_Lyco.escu._Z29103
seq_len:304
seq_name:tRNA_tdbR00000224-Rhodospirillum_rubrum-1085-Leu-CAA
seq_len:85
seq_name:tRNA_tdbR00000083-Saccharomyces_cerevisiae-4932-Phe-AA
seq_len:76
seq_name:grp1_a.I1.e.C.ellipsoidea.IAMC-87.C1.SSU.1506
seq_len:504
seq_name:tRNA_tdbR00000156-Bacillus_subtilis-1423-Ile-AU
seq_len:77
seq_name:5s_Erythromicrobium-ezovicum-1
seq_len:120
seq_name:5s_Bacteroides-thetaiotaomicron-1
seq_len:111
seq_name:RNaseP_E.asper
seq_len:307
seq_name:RNaseP_B.burgdorferi
seq_len:346
seq_name:RNaseP_EM14b-11
seq_len:349
seq_name:5s_Porphyra-yezoensis-1
seq_len:121
seq_name:srp_Lyco.escu._Z46746
seq_len:303
seq_name:5s_Pseudonocardia-compacta-1
seq_len:120
seq_name:tRNA_tdbR00000221-Escherichia_coli-562-Leu-CAG
seq_len:87
seq_name:5s_Haloferax-volcanii-1
seq_len:125
seq_name:tmRNA_Thal.pseu._EF067921_1-344
seq_len:344
seq_name:16s_T.maritima_domain3
seq_len:406
seq_name:srp_Cory.glut._BX927148
seq_len:89
seq_name:tmRNA_uncu.bact._TRW-80840-1_1-378
seq_len:378
seq_name:RNaseP_H.cutirubrum
seq_len:375
seq_name:5s_Pseudomonas-aeruginosa-3
seq_len:120
seq_name:srp_Shew.spec._CP000446
seq_len:114
seq_name:5s_Symbiobacterium-thermophilum-1
seq_len:110
seq_name:5s_Methanothermobacter-thermautotrophicus-6
seq_len:128
seq_name:srp_Clos.kluy._CP000673
seq_len:234
seq_name:tmRNA_Chla.cavi._AE015925_1-425
seq_len:425
seq_name:srp_Syne.elon._AP008231
seq_len:102
seq_name:5s_Mycobacterium-leprae-1
seq_len:116
seq_name:tmRNA_Heli.pylo._AE001503_1-383
seq_len:383
seq_name:tRNA_tdbR00000389-Bacillus_subtilis-1423-Ser-GGA
seq_len:92
seq_name:5s_Caenorhabditis-briggsae-1
seq_len:119
seq_name:5s_Ceratobasidium-cornigerum-1
seq_len:118
seq_name:5s_Chlamydophila-abortus-1
seq_len:117
seq_name:5s_Geobacillus-kaustophilus-7
seq_len:113
seq_name:RNaseP_SM-A4065
seq_len:310
seq_name:srp_Pseu.halo._CR954246
seq_len:98
seq_name:5s_Cystobacter-fuscus-1
seq_len:116
seq_name:5s_Mycobacterium-smegmatis-1
seq_len:118
seq_name:RNaseP_U.urealyticum
seq_len:370
seq_name:tRNA_tdbR00000197-Rattus_norvegicus-10116-Lys-3UU
seq_len:76
seq_name:5s_Saccharomyces-cerevisiae-7
seq_len:121
seq_name:5s_Penicillium-chrysogenum-1
seq_len:119
seq_name:tmRNA_Dein.geot._CP000359_1-348
seq_len:348
seq_name:srp_Lyco.escu._Z29104
seq_len:304
seq_name:grp1_a.I1.e.E.dermatitidis.C1.SSU.943
seq_len:426
seq_name:5s_Salmonella-typhi-1
seq_len:116
seq_name:16s_A.fulgidus_domain2
seq_len:359
seq_name:tmRNA_Erwi.amyl._TRW-552_1-381
seq_len:381
seq_name:RNaseP_M.hyopneumoniae
seq_len:416
seq_name:srp_Nitr.wino._CP000115
seq_len:39
seq_name:srp_Burk.mall._CP000548
seq_len:105
seq_name:5s_Bacillus-thuringiensis-4
seq_len:118
seq_name:srp_Homo.sapi._AL139099
seq_len:302
seq_name:tmRNA_Thio.deni._CP000116_1-367
seq_len:367
seq_name:5s_Fusarium-cerealis-1
seq_len:119
seq_name:5s_Mycoplasma-hyopneumoniae-2
seq_len:107
seq_name:srp_Agro.tume._AE007951
seq_len:103
seq_name:5s_Thermoplasma-acidophilum-1
seq_len:123
seq_name:tmRNA_Rals.eutr._CP000090_1-360
seq_len:360
seq_name:grp1_a.I1.e.C.ellipsoidea.211-1a.C1.SSU.1506
seq_len:479
seq_name:tRNA_tdbR00000047-Escherichia_coli-562-Glu-SUC
seq_len:75
seq_name:srp_Baci.thur._CP000485
seq_len:269
seq_name:5s_Ascaris-lumbricoides-1
seq_len:121
seq_name:tRNA_tdbR00000561-Nicotiana_rustica-4093-Tyr-GPA
seq_len:76
seq_name:5s_Russula-cyanoxantha-1
seq_len:119
seq_name:tmRNA_Synt.acid._CP000252_1-356
seq_len:356
seq_name:tmRNA_Laws.intr._AM180252_1-376
seq_len:376
seq_name:5s_Aeromonas-salmonicida-1
seq_len:119
seq_name:5s_Escherichia-coli-13
seq_len:117
seq_name:tmRNA_Myco.geni._U39713_1-385
seq_len:385
seq_name:srp_Baci.circ._D11419
seq_len:272
seq_name:5s_Ehrlichia-ruminantium-1
seq_len:119
seq_name:srp_Dict.disc._BJ360333
seq_len:278
seq_name:RNaseP_CPB75
seq_len:301
seq_name:5s_Haloarcula-marismortui-1
seq_len:122
seq_name:5s_Aurelia_aurita-1
seq_len:120
seq_name:tRNA_tdbR00000187-Loligo_bleekeri-6617-Lys-CUU
seq_len:76
seq_name:RNaseP_S.shibatae
seq_len:260
seq_name:5s_Bacillus-anthracis-6
seq_len:119
seq_name:RNaseP_L.muta-2
seq_len:349
seq_name:5s_Onchocerca-cervicalis-1
seq_len:121
seq_name:5s_Crossiella-cryophila-1
seq_len:120
seq_name:tRNA_tdbR00000496-Nicotiana_tabacum-4097-Trp-BCA
seq_len:75
seq_name:5s_Aspergillus-unguis-1
seq_len:119
seq_name:srp_Lact.acid._CP000033
seq_len:101
seq_name:tRNA_tdbR00000411-Candida_cylindracea-44322-Ser-IGA
seq_len:85
seq_name:5s_Verrucomicrobium-spinosum-1
seq_len:116
seq_name:srp_Meso.loti._BA000012
seq_len:104
seq_name:RNaseP_S.solfataricus-P2
seq_len:311
seq_name:srp_Fran.tula._CP000439
seq_len:103
current processing 801/3446
seq_name:RNaseP_L.borgpetersenii
seq_len:336
seq_name:tRNA_tdbR00000320-Spinacia_oleracea-3562-Pro-NGG
seq_len:77
seq_name:tRNA_tdbR00000615-Nanoarchaeum_equitans-160232-Trp-CCA
seq_len:77
seq_name:5s_Vibrio-fischeri-2
seq_len:119
seq_name:5s_Pinus-contorta-1
seq_len:121
seq_name:grp1_a.I1.e.T.malaccensis.C1.LSU.1925
seq_len:447
seq_name:tRNA_tdbR00000579-Aeropyrum_pernix-56636-Pro-CGG
seq_len:78
seq_name:tmRNA_Mann.haem._TRW-272629_1-367
seq_len:367
seq_name:5s_Neurospora-africana-2
seq_len:119
seq_name:RNaseP_LGW116
seq_len:340
seq_name:RNaseP_H.pylori-J99
seq_len:323
seq_name:5s_Mycobacterium-tuberculosis-4
seq_len:116
seq_name:5s_Pasteurella-multocida-1
seq_len:119
seq_name:tRNA_tdbR00000033-Didelphis_virginiana-9267-Asp-QUC
seq_len:73
seq_name:tRNA_tdbR00000171-Pichia_jadinii-4903-Ile-IAU
seq_len:77
seq_name:5s_Paracoccus-denitrificans-2
seq_len:117
seq_name:tmRNA_Stre.pyog._TRW-1314-2_1-350
seq_len:350
seq_name:tmRNA_List.inno._TRW-1642-2_1-370
seq_len:370
seq_name:tmRNA_Borr.gari._CP000013_1-363
seq_len:363
seq_name:tmRNA_Chla.muri._AE002296_1-418
seq_len:418
seq_name:5s_Bacillus-cereus-9
seq_len:118
seq_name:RNaseP_N.pyridinolyticus
seq_len:292
seq_name:RNaseP_SMB-A3
seq_len:313
seq_name:5s_Halorubrum-distributum-1
seq_len:123
seq_name:srp_Enta.hist._BK005670
seq_len:271
seq_name:RNaseP_S.bayanus
seq_len:369
seq_name:5s_Pseudomonas-aeruginosa-1
seq_len:120
seq_name:5s_Urechis-unicinctus-1
seq_len:120
seq_name:srp_Clos.botu._CP000728
seq_len:244
seq_name:tRNA_tdbR00000520-Aedes_albopictus-7160-Ini-CAU
seq_len:72
seq_name:RNaseP_SM-A3254
seq_len:335
seq_name:tmRNA_Shig.dyse._TRW-358708_1-363
seq_len:363
seq_name:5s_Rhodopseudomonas-palustris-2
seq_len:119
seq_name:srp_Dein.geot._CP000359
seq_len:32
seq_name:tmRNA_Aste.yell._CP000061_1-426
seq_len:426
seq_name:grp1_a.I1.e.L.dispersa.UNK.SSU.1516
seq_len:240
seq_name:5s_Acyrthosiphon-magnoliae-1
seq_len:120
seq_name:srp_Para.bras._CN240152
seq_len:127
seq_name:5s_Bacteroides-fragilis-1
seq_len:103
seq_name:srp_Toxo.gond._GSP-398031
seq_len:288
seq_name:srp_Magn.magn._AP007255
seq_len:58
seq_name:5s_Agrobacterium-tumefaciens-1
seq_len:126
seq_name:5s_Fusarium-lunulosporum-6
seq_len:119
seq_name:tmRNA_Haem.infl._CP000057_1-366
seq_len:366
seq_name:tmRNA_uncu.bact._TRW-80840-3_1-379
seq_len:379
seq_name:tmRNA_Xyle.fast._TRW-155920_1-355
seq_len:355
seq_name:srp_Zea.mays._CK327537
seq_len:280
seq_name:tRNA_tdbR00000086-Euglena_gracilis-3039-Phe-AA
seq_len:76
seq_name:5s_Acidovorax-delafieldii-1
seq_len:115
seq_name:5s_Bacillus-halodurans-4
seq_len:116
seq_name:srp_Gibb.zeae._GSP-229533
seq_len:298
seq_name:srp_Myco.smeg._CP000480
seq_len:88
seq_name:5s_Coxiella-burnetii-2
seq_len:118
seq_name:5s_Pseudomonas-fluorescens-1
seq_len:120
seq_name:RNaseP_A.chroococcum
seq_len:294
seq_name:5s_Spiroplasma-melliferum-1
seq_len:107
seq_name:tmRNA_Myco.capr._S67602_1-408
seq_len:408
seq_name:tmRNA_Xyle.fast._TRW-155919_1-355
seq_len:355
seq_name:5s_Bacillus-anthracis-2
seq_len:116
seq_name:RNaseP_C.psittaci-R54
seq_len:351
seq_name:5s_Neurospora-crassa-13
seq_len:119
seq_name:srp_Heli.pylo._AE001439
seq_len:101
seq_name:srp_Enta.terr._GSP-110771
seq_len:271
seq_name:RNaseP_M.formicicum
seq_len:301
seq_name:23s_E.coli_domain3
seq_len:372
seq_name:srp_Proc.mari._BX572096
seq_len:97
seq_name:5s_Corynebacterium-efficiens-1
seq_len:120
seq_name:grp1_a.I1.e.L.dispersa.UNK.SSU.114
seq_len:211
seq_name:srp_Erwi.caro._BX950851
seq_len:30
seq_name:srp_Nect.haem._GSP-71109
seq_len:302
seq_name:5s_Bacillus-methanolicus-8
seq_len:116
seq_name:5s_Vibrio-logei-1
seq_len:120
seq_name:5s_Ralstonia-solanacearum-1
seq_len:114
seq_name:srp_Leis.braz._AY781791
seq_len:139
seq_name:srp_Cyan.mero._AY286123
seq_len:85
seq_name:tRNA_tdbR00000164-Saccharomyces_cerevisiae-4932-Ile-GAU
seq_len:76
seq_name:srp_Chae.glob._GSP-306901
seq_len:280
seq_name:srp_Stre.pyog._CP000261
seq_len:73
seq_name:srp_Clos.perf._BA000016
seq_len:268
seq_name:5s_Geobacillus-stearothermophilus-4
seq_len:119
seq_name:5s_Halorubrum-saccharovorum-1
seq_len:123
seq_name:srp_Stre.pyog._CP000262
seq_len:84
seq_name:srp_Leis.majo._AY722715
seq_len:137
seq_name:srp_Cocc.posa._GSP-222929
seq_len:326
seq_name:RNaseP_SMB-B3
seq_len:287
seq_name:srp_Burk.ceno._CP000380
seq_len:96
seq_name:tRNA_tdbR00000168-Bos_taurus-9913-Ile-GAU
seq_len:72
seq_name:tmRNA_Stre.equi._TRW-40041_1-349
seq_len:349
seq_name:5s_Amycolatopsis-methanolica-1
seq_len:120
seq_name:5s_Spirobolus-sp-1
seq_len:121
seq_name:RNaseP_E.thermomarinus
seq_len:331
seq_name:5s_Photorhabdus-luminescens-2
seq_len:118
seq_name:5s_Campylobacter-jejuni-3
seq_len:120
seq_name:5s_Isosphaera-pallida-1
seq_len:111
seq_name:srp_Rhod.palu._BX572594
seq_len:105
seq_name:tRNA_tdbR00000472-Drosophila_melanogaster-7227-Val-IAC
seq_len:76
seq_name:RNaseP_Synechococcus-PCC6717
seq_len:315
seq_name:srp_Dros.erec._GSP-7220
seq_len:300
seq_name:5s_Vibrio-vulnificus-5
seq_len:120
seq_name:5s_Xenopus-borealis-4
seq_len:120
current processing 901/3446
seq_name:5s_Natronomonas-pharaonis-1
seq_len:119
seq_name:5s_Ligia-oceanica-1
seq_len:120
seq_name:srp_Lact.sali._CP000233
seq_len:31
seq_name:srp_Enta.disp._GSP-370354
seq_len:274
seq_name:tRNA_tdbR00000469-Rattus_norvegicus-10116-Val-IAC
seq_len:77
seq_name:5s_Rhodopseudomonas-palustris-3
seq_len:120
seq_name:tmRNA_Acti.succ._TRW-339671_1-367
seq_len:367
seq_name:5s_Chrysaora-quinquecirrha-1
seq_len:120
seq_name:5s_Caenorhabditis-elegans-3
seq_len:120
seq_name:srp_Baci.halo._BA000004
seq_len:273
seq_name:srp_Rhod.spha._CP000577
seq_len:42
seq_name:RNaseP_T.littoralis
seq_len:331
seq_name:5s_Vicia-faba-1
seq_len:119
seq_name:RNaseP_A.pernix
seq_len:330
seq_name:srp_Cani.spec._SDB-9616
seq_len:299
seq_name:tRNA_tdbR00000322-Phaseolus_vulgaris-3885-Pro-UGG
seq_len:78
seq_name:tRNA_tdbR00000461-Rattus_norvegicus-10116-Val-UAC
seq_len:71
seq_name:5s_Cyanidium-caldarium-1
seq_len:124
seq_name:RNaseP_M.barkeri
seq_len:371
seq_name:tRNA_tdbR00000363-Ascaris_suum-6253-Arg-PCU
seq_len:54
seq_name:srp_Ratt.norv._AA923995
seq_len:290
seq_name:tmRNA_Dein.radi._AE001939_1-346
seq_len:346
seq_name:16s_F.ananassa_domain4
seq_len:172
seq_name:tRNA_tdbR00000517-Neurospora_crassa-5141-Ini-CAU
seq_len:74
seq_name:srp_Ente.faec._BD193435
seq_len:93
seq_name:5s_Thiovulum-sp.-1
seq_len:123
seq_name:5s_Anthopleura-japonica-1
seq_len:120
seq_name:5s_Acidithiobacillus-ferrooxidans-1
seq_len:118
seq_name:5s_Rhodosporidium-toruloides-1
seq_len:119
seq_name:srp_Homo.sapi._BU566906
seq_len:302
seq_name:tRNA_tdbR00000333-Escherichia_coli-562-Gln-NUG
seq_len:75
seq_name:5s_Blakeslea-trispora-1
seq_len:120
seq_name:5s_Mytilus-edulis-2
seq_len:119
seq_name:tmRNA_Salm.bong._TRW-218493_1-363
seq_len:363
seq_name:tRNA_tdbR00000312-Haloferax_volcanii-2246-Pro-GGG
seq_len:74
seq_name:5s_Halobacterium-sp.-2
seq_len:120
seq_name:RNaseP_ESH210B
seq_len:327
seq_name:RNaseP_B.halodurans
seq_len:412
seq_name:tmRNA_Ther.ther._Y15063_1-349
seq_len:349
seq_name:5s_Plagiomnium-trichomanes-1
seq_len:119
seq_name:tmRNA_Ocea.ihey._BA000028_1-364
seq_len:364
seq_name:tRNA_tdbR00000509-Thermus_thermophilus-274-Ini-CAU
seq_len:77
seq_name:RNaseP_Rr327
seq_len:326
seq_name:RNaseP_P.pygmaeus
seq_len:320
seq_name:tRNA_tdbR00000136-Homo_sapiens-9606-Gly-GCC
seq_len:74
seq_name:5s_C_paradoxE
seq_len:119
seq_name:tmRNA_Camp.fetu._AY211269_1-361
seq_len:361
seq_name:5s_Halorubrum-terrestre-2
seq_len:122
seq_name:5s_Fusarium-cerealis-8
seq_len:119
seq_name:srp_Cyan.cald._AF022186
seq_len:90
seq_name:tmRNA_Acti.naes._TRW-240017_1-371
seq_len:371
seq_name:tmRNA_Croc.wats._TRW-165597_1-386
seq_len:386
seq_name:5s_Psilotum-nudum-1
seq_len:121
seq_name:tRNA_tdbR00000104-Enterobacteria_phage_T4-10665-Gly-NCC
seq_len:74
seq_name:RNaseP_LGA6
seq_len:344
seq_name:RNaseP_T.maritima-g
seq_len:338
seq_name:grp1_a.I1.c.S.bicolor.C3.tLEU
seq_len:510
seq_name:5s_Kluyveromyces-delphensis-1
seq_len:121
seq_name:5s_Clavibacter-michiganensis-1
seq_len:120
seq_name:5s_Pythium-torulosum-1
seq_len:118
seq_name:tRNA_tdbR00000586-Aeropyrum_pernix-56636-Met-CAU
seq_len:77
seq_name:tRNA_tdbR00000094-Bombyx_mori-7091-Phe-AA
seq_len:76
seq_name:5s_Pinus-silvestris-1
seq_len:119
seq_name:5s_Thermus-sp.-2
seq_len:120
seq_name:5s_Fusobacterium-nucleatum-2
seq_len:116
seq_name:tmRNA_List.mono._TRW-169963_1-370
seq_len:370
seq_name:tRNA_tdbR00000031-Rattus_norvegicus-10116-Asp-QUC
seq_len:71
seq_name:tmRNA_Odon.sine._Z67753_1-368
seq_len:368
seq_name:RNaseP_Prochlorococcus-PAC1A
seq_len:333
seq_name:5s_Fusarium-lunulosporum-10
seq_len:119
seq_name:srp_Bras.napu._EE411418
seq_len:306
seq_name:RNaseP_SMB-B1
seq_len:255
seq_name:srp_Oryc.cuni._AB021174
seq_len:299
seq_name:tmRNA_Erwi.chry._TRW-198628_1-381
seq_len:381
seq_name:srp_Clos.perf._D49784
seq_len:268
seq_name:srp_Enta.hist._AF487684
seq_len:210
seq_name:5s_Pedobacter-heparinus-1
seq_len:114
seq_name:srp_Aspe.terr._GSP-341663
seq_len:283
seq_name:RNaseP_SM-A2033
seq_len:304
seq_name:5s_Photobacterium-leiognathi-1
seq_len:120
seq_name:5s_Ustilago-scabiosae-1
seq_len:119
seq_name:RNaseP_PS1
seq_len:327
seq_name:tmRNA_Bord.para._TRW-257311_1-387
seq_len:387
seq_name:tmRNA_Chla.pneu._TRW-83558_1-426
seq_len:426
seq_name:RNaseP_PS22
seq_len:299
seq_name:srp_Colw.psyc._CP000083
seq_len:98
seq_name:5s_Meloidogyne-arenaria-1
seq_len:118
seq_name:5s_Bacillus-cereus-11
seq_len:116
seq_name:tRNA_tdbR00000032-Rattus_norvegicus-10116-Asp-GUC
seq_len:72
seq_name:srp_Heli.pylo._CP000241
seq_len:99
seq_name:srp_Medi.trun._AC146941
seq_len:297
seq_name:tRNA_tdbR00000205-Loligo_bleekeri-6617-Lys-NUU
seq_len:76
seq_name:5s_Streptomyces-sclerotialus-1
seq_len:121
seq_name:5s_Sulfolobus-tokodaii-1
seq_len:126
seq_name:srp_Caen.eleg._AY948606
seq_len:300
seq_name:tRNA_tdbR00000392-Escherichia_coli-562-Ser-GGA
seq_len:88
seq_name:5s_Beta-vulgaris-1
seq_len:120
seq_name:RNaseP_P.putida
seq_len:295
seq_name:5s_Vibrio-harveyi-2
seq_len:122
seq_name:tmRNA_Prot.mira._TRW-584_1-367
seq_len:367
current processing 1001/3446
seq_name:tRNA_tdbR00000262-Rattus_norvegicus-10116-Leu-AA
seq_len:86
seq_name:5s_Lophocolea-heterophylla-1
seq_len:119
seq_name:RNaseP_M.phosphovorus-JCM9379
seq_len:305
seq_name:tmRNA_Buch.aphi._AE016826_1-367
seq_len:367
seq_name:5s_Geobacillus-stearothermophilus-2
seq_len:117
seq_name:5s_Streptococcus-thermophilus-2
seq_len:116
seq_name:tRNA_tdbR00000464-Saccharomyces_cerevisiae-4932-Val-IAC
seq_len:77
seq_name:5s_Cryptobranchus-alleganiensis-1
seq_len:121
seq_name:16s_H.volcanii_domain4
seq_len:128
seq_name:5s_Achromobacter-xylosoxidans-1
seq_len:114
seq_name:srp_Stap.aure._CP000253
seq_len:270
seq_name:srp_Schi.pomb._AU010514
seq_len:95
seq_name:srp_Xant.oryz._AE013598
seq_len:119
seq_name:RNaseP_WC1
seq_len:294
seq_name:tRNA_tdbR00000313-Haloferax_volcanii-2246-Pro-UGG
seq_len:76
seq_name:tRNA_tdbR00000348-Halobacterium_salinarum-2242-Arg-GCG
seq_len:76
seq_name:5s_Shigella-flexneri-3
seq_len:113
seq_name:5s_Bacteroides-veroralis-1
seq_len:112
seq_name:5s_Erysipelothrix-rhusiopathiae-1
seq_len:114
seq_name:srp_Cyan.mero._AB002583
seq_len:86
seq_name:5s_Mycoplasma-flocculare-1
seq_len:107
seq_name:grp1_a.I1.e.M.caldariorum.C1.SSU.1506
seq_len:439
seq_name:5s_Rubrivivax-gelatinosus-1
seq_len:114
seq_name:tmRNA_Pola.spec._CP000316_1-387
seq_len:387
seq_name:srp_Yers.pseu._CP000720
seq_len:97
seq_name:srp_Coxi.burn._AE016828
seq_len:64
seq_name:srp_Neph.oliv._AF137379
seq_len:101
seq_name:16s_C.reinhardtii.chloro_domain2
seq_len:347
seq_name:tRNA_tdbR00000299-Asterias_amurensis-7602-Asn-GPU
seq_len:75
seq_name:tRNA_tdbR00000567-Homo_sapiens-9606-Tyr-9PA
seq_len:76
seq_name:5s_Thermus-aquaticus-1
seq_len:120
seq_name:tRNA_tdbR00000418-Nicotiana_rustica-4093-Ser-IGA
seq_len:85
seq_name:tmRNA_Fran.tula._AJ749949_1-421
seq_len:421
seq_name:5s_Ustilago-maydis-1
seq_len:118
seq_name:srp_Borr.burg._AE000783
seq_len:100
seq_name:5s_Thermus-thermophilus-2
seq_len:122
seq_name:5s_Halothiobacillus-neapolitanus-1
seq_len:119
seq_name:srp_Alka.meta._CP000724
seq_len:175
seq_name:5s_Microstroma-juglandis-1
seq_len:121
seq_name:tmRNA_envi.sequ._TRW-351057-3_1-355
seq_len:355
seq_name:tRNA_tdbR00000053-Bos_taurus-9913-Glu-NUC
seq_len:72
seq_name:5s_Taxus-baccata-1
seq_len:121
seq_name:tRNA_tdbR00000133-Bombyx_mori-7091-Gly-GCC
seq_len:74
seq_name:tRNA_tdbR00000366-Rattus_norvegicus-10116-Arg-UCG
seq_len:72
seq_name:srp_Homo.sapi._BF909560
seq_len:280
seq_name:RNaseP_S.azurea-K161T
seq_len:339
seq_name:5s_Streptomyces-purpureus-1
seq_len:120
seq_name:tRNA_tdbR00000315-Mycoplasma_mycoides-2102-Pro-UGG
seq_len:77
seq_name:5s_Methanothermus-fervidus-1
seq_len:123
seq_name:srp_Nitr.hamb._CP000319
seq_len:101
seq_name:5s_Thermus-thermophilus-3
seq_len:120
seq_name:5s_Schizochytrium-aggregatum-1
seq_len:119
seq_name:5s_Vibrio-parahaemolyticus-1
seq_len:120
seq_name:tmRNA_Pant.stew._TRW-66269_1-363
seq_len:363
seq_name:srp_Trep.dent._AE017246
seq_len:103
seq_name:23s_T.thermophilus_domain3
seq_len:373
seq_name:tmRNA_Heli.hepa._AE017125_1-369
seq_len:369
seq_name:5s_Sargassum-fulvellum-1
seq_len:118
seq_name:5s_Filobasidiella-neoformans-1
seq_len:118
seq_name:srp_Anto.locu._GSP-278021
seq_len:155
seq_name:16s_A.fulgidus_domain4
seq_len:133
seq_name:5s_Burkholderia-cepacia-3
seq_len:115
seq_name:5s_Bacillus-cereus-5
seq_len:118
seq_name:grp1_a.I1.b.Dermocarpa.sp.ATCC29371.C3.tMET
seq_len:268
seq_name:16s_Z.mays_domain3
seq_len:483
seq_name:5s_Mycoplasma-gallisepticum-4
seq_len:113
seq_name:5s_Escherichia-coli-4
seq_len:120
seq_name:srp_Past.mult._AE006092
seq_len:108
seq_name:tmRNA_Stap.epid._TRW-1282-1_1-361
seq_len:361
seq_name:5s_Mortierella-formosensis-1
seq_len:120
seq_name:srp_Caul.cres._U49738
seq_len:87
seq_name:RNaseP_C.vinosum
seq_len:369
seq_name:5s_Mycobacterium-tuberculosis-3
seq_len:117
seq_name:tmRNA_Myco.aviu._TRW-243243_1-368
seq_len:368
seq_name:srp_Myco.spec._CP000580
seq_len:104
seq_name:5s_Fusarium-culmorum-1
seq_len:119
seq_name:tRNA_tdbR00000266-Bos_taurus-9913-Leu-AA
seq_len:87
seq_name:srp_Meth.ferv._S49762
seq_len:154
seq_name:5s_Streptosporangium-roseum-1
seq_len:120
seq_name:23s_H.pylori_domain6
seq_len:242
seq_name:srp_Fran.tula._CP000608
seq_len:99
seq_name:tmRNA_Bloc.flor._BX248583_1-393
seq_len:393
seq_name:tmRNA_Haem.infl._L42023_1-366
seq_len:366
seq_name:srp_Meth.bark._CP000099
seq_len:320
seq_name:tmRNA_Borr.burg._AE001118_1-359
seq_len:359
seq_name:5s_Vibrio-mimicus-1
seq_len:120
seq_name:srp_Stap.haem._AP006716
seq_len:101
seq_name:5s_Acremonium-persicinum-1
seq_len:119
seq_name:RNaseP_P.troglodytes
seq_len:320
seq_name:5s_Hyphomicrobium-sp.-4
seq_len:118
seq_name:RNaseP_LGA10
seq_len:313
seq_name:srp_Baci.cere._CP000001
seq_len:103
seq_name:tmRNA_Thio.crun._CP000109_1-358
seq_len:358
seq_name:tmRNA_Leuc.mese._AF375574_1-307
seq_len:307
seq_name:srp_Dani.reri._EH513970
seq_len:297
seq_name:5s_Schizophyllum-commune-1
seq_len:118
seq_name:5s_Porphyra-tenera-1
seq_len:121
seq_name:5s_Tremella-encephala-1
seq_len:118
seq_name:grp1_a.I1.e.A.capsulatus.FLs1.C1.SSU
seq_len:428
seq_name:srp_Pseu.puti._AE016790
seq_len:100
current processing 1101/3446
seq_name:srp_Geob.kaus._BA000043
seq_len:103
seq_name:tmRNA_Pseu.puti._AE015451_1-399
seq_len:399
seq_name:RNaseP_S.uvarum
seq_len:369
seq_name:tRNA_tdbR00000134-Bombyx_mori-7091-Gly-CC
seq_len:75
seq_name:5s_Corynebacterium-diphtheriae-1
seq_len:121
seq_name:RNaseP_A.ferrooxidans-g
seq_len:346
seq_name:srp_Aede.aegy._GSP-7159
seq_len:301
seq_name:srp_Sorg.bico._BE594178
seq_len:305
seq_name:tRNA_tdbR00000233-Phaseolus_vulgaris-3885-Leu-UA7
seq_len:83
seq_name:tmRNA_envi.sequ._TRW-363179_1-348
seq_len:348
seq_name:srp_Chla.rein._X71484
seq_len:290
seq_name:srp_Yers.pest._AJ414155
seq_len:98
seq_name:srp_Eime.tene._CD666347
seq_len:269
seq_name:5s_Empedobacter-brevis-1
seq_len:121
seq_name:srp_Baci.poly._D11421
seq_len:272
seq_name:tRNA_tdbR00000497-Bos_taurus-9913-Trp-BCA
seq_len:75
seq_name:5s_Bacillus-subtilis-1
seq_len:116
seq_name:RNaseP_Buchnera-APS
seq_len:376
seq_name:RNaseP_C.paradoxa-cyanelle
seq_len:351
seq_name:tmRNA_Cory.glut._BX927150_1-377
seq_len:377
seq_name:srp_Heli.hepa._AE017149
seq_len:99
seq_name:srp_Stre.pyog._CP000003
seq_len:98
seq_name:srp_Bos.taur._GSP-6282
seq_len:301
seq_name:srp_Coxi.burn._CP000733
seq_len:108
seq_name:5s_Helicobacter-pylori-3
seq_len:135
seq_name:tmRNA_Acti.pleu._TRW-44294_1-366
seq_len:366
seq_name:RNaseP_C.pneumoniae
seq_len:336
seq_name:5s_Natronomonas-pharaonis-2
seq_len:119
seq_name:RNaseP_P.canadensis
seq_len:333
seq_name:grp1_a.I1.e.S.paniceum.UNK.SSU.1506
seq_len:259
seq_name:tmRNA_Neis.lact._TRW-486_1-362
seq_len:362
seq_name:5s_Rhodobacter-sphaeroides-1
seq_len:115
seq_name:tmRNA_Salm.ente._TRW-321314_1-363
seq_len:363
seq_name:tmRNA_Shew.onei._AX048560_1-355
seq_len:355
seq_name:5s_Saccharothrix-australiensis-1
seq_len:120
seq_name:tRNA_tdbR00000310-Enterobacteria_phage_T5-10726-Pro-UGG
seq_len:77
seq_name:5s_Phaffia-rhodozyma-1
seq_len:118
seq_name:tRNA_tdbR00000372-Triticum_aestivum-4565-Arg-CCG
seq_len:76
seq_name:5s_Archaeoglobus-fulgidus-1
seq_len:124
seq_name:5s_Streptomyces-nodosus-3
seq_len:120
seq_name:tmRNA_Pseu.aeru._CP000438_1-353
seq_len:353
seq_name:RNaseP_S.unisporus
seq_len:244
seq_name:16s_C.reinhardtii.chloro_domain3
seq_len:472
seq_name:5s_Pseudomonas-stutzeri-1
seq_len:118
seq_name:tRNA_tdbR00000003-Haloferax_volcanii-2246-Ala-GGC
seq_len:75
seq_name:5s_Gastrotheca-riobambae-1
seq_len:120
seq_name:tmRNA_Yers.inte._TRW-349965_1-381
seq_len:381
seq_name:5s_Pedinomonas-minor-1
seq_len:120
seq_name:RNaseP_A.nidulans
seq_len:385
seq_name:tRNA_tdbR00000473-Drosophila_melanogaster-7227-Val-CAC
seq_len:76
seq_name:RNaseP_S.putrefaciens
seq_len:354
seq_name:16s_C.reinhardtii.mito_domain3
seq_len:387
seq_name:5s_Vibrio-natriegens-1
seq_len:121
seq_name:5s_Blastocladiella-simplex-1
seq_len:118
seq_name:srp_Synt.wolf._CP000448
seq_len:65
seq_name:RNaseP_H.pylori-RU1
seq_len:317
seq_name:5s_Roseococcus-thiosulfatophilus-1
seq_len:119
seq_name:5s_Geodermatophilus-obscurus-1
seq_len:120
seq_name:srp_Legi.pneu._AE017354
seq_len:114
seq_name:tRNA_tdbR00000409-Candida_cylindracea-44322-Ser-CAG
seq_len:84
seq_name:tRNA_tdbR00000385-Mycoplasma_capricolum-2095-Ser-UGA
seq_len:92
seq_name:srp_Lact.delb._AF496545
seq_len:88
seq_name:tmRNA_Ther.elon._BA000039_1-386
seq_len:386
seq_name:tmRNA_Neph.oliv._AF137379-1_1-327
seq_len:327
seq_name:srp_Chlo.tepi._AE006470
seq_len:106
seq_name:RNaseP_LGW113
seq_len:321
seq_name:tmRNA_Guil.thet._AF041468_1-327
seq_len:327
seq_name:5s_Penicillium-griseofulvum-1
seq_len:119
seq_name:5s_Methylobacterium-organophilum-1
seq_len:115
seq_name:5s_Moniliella-acetoabutans-1
seq_len:118
seq_name:RNaseP_M.thermoautotrophicum-DH
seq_len:293
seq_name:RNaseP_S.caesia-SB22
seq_len:339
seq_name:tRNA_tdbR00000162-Spinacia_oleracea-3562-Ile-GAU
seq_len:75
seq_name:RNaseP_PS6
seq_len:332
seq_name:5s_Burkholderia-cepacia-2
seq_len:116
seq_name:tmRNA_Burk.ceno._TRW-216591_1-370
seq_len:370
seq_name:tRNA_tdbR00000095-Drosophila_melanogaster-7227-Phe-AA
seq_len:76
seq_name:tRNA_tdbR00000206-Loligo_bleekeri-6617-Lys-UUU
seq_len:76
seq_name:srp_Baci.brev._D14472
seq_len:275
seq_name:srp_Trit.aest._CD897082
seq_len:259
seq_name:tRNA_tdbR00000210-Enterobacteria_phage_T5-10726-Leu-UAG
seq_len:85
seq_name:5s_Buchnera-aphidicola-2
seq_len:120
seq_name:tRNA_tdbR00000360-Codium_fragile-3133-Arg-ICG
seq_len:77
seq_name:tmRNA_Pseu.syri._CP000075_1-392
seq_len:392
seq_name:RNaseP_Z.bailii
seq_len:205
seq_name:srp_Stap.aure._BX571857
seq_len:101
seq_name:5s_Tricholoma-matsutake-1
seq_len:118
seq_name:tRNA_tdbR00000448-Halobacterium_salinarum-2242-Val-GAC
seq_len:78
seq_name:srp_Wolb.endo._AE017196
seq_len:100
seq_name:5s_Diplonema-papillatum-1
seq_len:120
seq_name:srp_Carb.hydr._CP000141
seq_len:36
seq_name:srp_Esch.coli._U00096
seq_len:118
seq_name:5s_Neurospora-intermedia-1
seq_len:119
seq_name:5s_Halorubrum-distributum-3
seq_len:121
seq_name:srp_Tric.rees._GSP-334564-1
seq_len:293
seq_name:srp_Yarr.lipo._CR382127
seq_len:270
seq_name:5s_Thiomicrospira-pelophila-1
seq_len:118
seq_name:5s_Bacillus-licheniformis-2
seq_len:116
seq_name:5s_Pleurodeles-waltl-1
seq_len:120
seq_name:srp_Xant.axon._AE011739
seq_len:118
current processing 1201/3446
seq_name:5s_Geobacillus-stearothermophilus-1
seq_len:117
seq_name:srp_Hypo.jeco._GSP-334564-2
seq_len:298
seq_name:5s_Drosophila-takahashii-1
seq_len:120
seq_name:tmRNA_Baci.thur._AE017355_1-355
seq_len:355
seq_name:srp_Leis.braz._SDB-87235
seq_len:279
seq_name:srp_Esch.coli._CP000468
seq_len:117
seq_name:tmRNA_Thal.pseu._TRW-296543_1-344
seq_len:344
seq_name:5s_Brugia-malayi-1
seq_len:121
seq_name:tmRNA_Chlo.tepi._TRW-194439_1-404
seq_len:404
seq_name:5s_Enterococcus-faecalis-2
seq_len:117
seq_name:5s_Burkholderia-cepacia-1
seq_len:116
seq_name:tRNA_tdbR00000274-Bacillus_subtilis-1423-Met-CAU
seq_len:76
seq_name:5s_Vibrio-fluvialis-1
seq_len:120
seq_name:tRNA_tdbR00000319-Salmonella_typhimurium-602-Pro-VGG
seq_len:77
seq_name:tmRNA_Rubr.xyla._TRW-266117_1-360
seq_len:360
seq_name:srp_Thal.pseu._EF067921
seq_len:90
seq_name:5s_Fusarium-cerealis-5
seq_len:119
seq_name:5s_Brucella-melitensis-2
seq_len:119
seq_name:5s_Microbacterium-testaceum-1
seq_len:120
seq_name:5s_Neisseria-meningitidis-1
seq_len:117
seq_name:5s_Thermotoga-sp.-1
seq_len:124
seq_name:srp_Arab.thal._AL161495
seq_len:306
seq_name:RNaseP_SM-A4977
seq_len:331
seq_name:RNaseP_E.eschscholtzii-2
seq_len:326
seq_name:srp_Brug.mala._GSP-6279
seq_len:301
seq_name:srp_Leis.infa._AM502223
seq_len:279
seq_name:srp_Pseu.ento._CT573326
seq_len:91
seq_name:5s_Fellomyces-penicillatus-1
seq_len:118
seq_name:RNaseP_SM-A03
seq_len:321
seq_name:5s_Clostridium-acetobutylicum-4
seq_len:117
seq_name:srp_Dani.rrer._BX469912
seq_len:282
seq_name:tRNA_tdbR00000359-Escherichia_coli-562-Arg-CCG
seq_len:77
seq_name:tRNA_tdbR00000490-Saccharomyces_cerevisiae-4932-Trp-CA
seq_len:74
seq_name:tmRNA_Pseu.atla._CP000388_1-357
seq_len:357
seq_name:5s_Natrialba-magadii-1
seq_len:125
seq_name:16s_P.occultum_domain4
seq_len:137
seq_name:5s_Bacillus-subtilis-4
seq_len:116
seq_name:5s_Lactobacillus-brevis-1
seq_len:117
seq_name:5s_Ehrlichia-chaffeensis-1
seq_len:120
seq_name:tmRNA_Aero.hydr._CP000462_1-360
seq_len:360
seq_name:srp_Anop.gamb._SDB-377271
seq_len:303
seq_name:5s_Bacillus-sp.-2
seq_len:116
seq_name:tRNA_tdbR00000140-Escherichia_coli-562-His-QUG
seq_len:77
seq_name:srp_Baci.cere._AE017194
seq_len:269
seq_name:5s_Renobacter-vaculatum-1
seq_len:116
seq_name:tmRNA_uncu.bact._TRW-32033-1_1-354
seq_len:354
seq_name:5s_Fusarium-lunulosporum-9
seq_len:119
seq_name:tmRNA_Ther.teng._AE013063_1-351
seq_len:351
seq_name:srp_Vibr.chol._AE003852
seq_len:113
seq_name:RNaseP_CPA56
seq_len:334
seq_name:srp_Syne.spec._CP000097
seq_len:98
seq_name:5s_Staphylococcus-epidermidis-3
seq_len:115
seq_name:23s_H.pylori_domain3
seq_len:380
seq_name:5s_Caulobacter-sp.-3
seq_len:119
seq_name:5s_Neurospora-africana-1
seq_len:119
seq_name:RNaseP_K.polysporus
seq_len:265
seq_name:5s_Filobasidium-floriforme-2
seq_len:118
seq_name:5s_Wigglesworthia-glossinidia-1
seq_len:120
seq_name:5s_Planococcus-kocurii-1
seq_len:116
seq_name:grp1_a.I1.e.T.pigmentosa.C1.LSU.1925
seq_len:451
seq_name:16s_C.psittaci_domain2
seq_len:355
seq_name:srp_Pich.guil._GSP-294746
seq_len:255
seq_name:tmRNA_Rubr.gela._TRW-279263_1-372
seq_len:372
seq_name:srp_Thei.annu._NW_001091934
seq_len:275
seq_name:RNaseP_L.japonicus-IFO15385
seq_len:326
seq_name:5s_Thiomicrospira-sp.-1
seq_len:117
seq_name:RNaseP_Y.pestis
seq_len:377
seq_name:tmRNA_Pseu.aeru._AE004091_1-353
seq_len:353
seq_name:5s_Oceanobacillus-iheyensis-2
seq_len:116
seq_name:RNaseP_M.leprae
seq_len:423
seq_name:srp_Neis.meni._AE002098
seq_len:102
seq_name:5s_Dugesia-japonica-1
seq_len:120
seq_name:srp_Ratt.norv._AC091616
seq_len:298
seq_name:tRNA_tdbR00000622-Nicotiana_rustica-4093-Cys-GCA
seq_len:75
seq_name:16s_B.subtilis_domain2
seq_len:355
seq_name:RNaseP_M.jannaschii
seq_len:252
seq_name:srp_Rals.eutr._AM260479
seq_len:111
seq_name:5s_Eimeria-tenella-1
seq_len:123
seq_name:tRNA_tdbR00000582-Aeropyrum_pernix-56636-Tyr-GUA
seq_len:75
seq_name:srp_Cion.savi._BW520975
seq_len:293
seq_name:grp1_a.I1.e.A.capsulatus.CBS213.53.C1.SSU.943
seq_len:408
seq_name:srp_Burk.ceno._CP000458
seq_len:96
seq_name:srp_Haem.ducr._U32175
seq_len:100
seq_name:5s_Candida-diversa-1
seq_len:120
seq_name:RNaseP_CPB72
seq_len:357
seq_name:tRNA_tdbR00000500-Haloferax_volcanii-2246-Ini-CAU
seq_len:78
seq_name:5s_Nadsonia-fulvescens-1
seq_len:121
seq_name:srp_Para.bras._EH655308
seq_len:127
seq_name:tRNA_tdbR00000215-Haloferax_volcanii-2246-Leu-5AG
seq_len:86
seq_name:5s_Escherichia-coli-1
seq_len:120
seq_name:srp_Geob.ther._CP000557
seq_len:266
seq_name:srp_Stre.pneu._AE005672
seq_len:77
seq_name:5s_Haloarcula-marismortui-2
seq_len:122
seq_name:tRNA_tdbR00000425-Drosophila_melanogaster-7227-Ser-IGA
seq_len:85
seq_name:5s_Aquifex-aeolicus-1
seq_len:120
seq_name:srp_Zea.mays._CF974802
seq_len:307
seq_name:tRNA_tdbR00000583-Aeropyrum_pernix-56636-Cys-GCA
seq_len:78
seq_name:srp_Brad.spec._CU234118
seq_len:106
seq_name:5s_Thermotoga-petrophila-1
seq_len:124
seq_name:srp_Tryp.bruc._X57047
seq_len:273
current processing 1301/3446
seq_name:tRNA_tdbR00000092-Oryctolagus_cuniculus-9986-Phe-AA
seq_len:76
seq_name:RNaseP_UK2
seq_len:294
seq_name:5s_Yersinia-pestis-1
seq_len:120
seq_name:5s_Hyphomicrobium-sp.-5
seq_len:120
seq_name:srp_Mus.musc._DQ285765
seq_len:290
seq_name:srp_Lotu.japo._BW598799
seq_len:281
seq_name:srp_Popu.trem._DN489028
seq_len:297
seq_name:tRNA_tdbR00000015-Bombyx_mori-7091-Ala-IGC
seq_len:76
seq_name:RNaseP_S.equi
seq_len:331
seq_name:srp_Baci.anth._AE017024
seq_len:103
seq_name:5s_Nocardia-farcinica-1
seq_len:123
seq_name:tRNA_tdbR00000296-Azospirillum_lipoferum-193-Asn-QUU
seq_len:75
seq_name:srp_Meth.kand._AE010387
seq_len:313
seq_name:srp_Dros.mela._AC002512
seq_len:299
seq_name:tRNA_tdbR00000082-Neurospora_crassa-5141-Phe-AA
seq_len:76
seq_name:tRNA_tdbR00000433-Mycoplasma_capricolum-2095-Thr-AGU
seq_len:76
seq_name:5s_Phleogena-faginea-1
seq_len:119
seq_name:srp_Chlo.vulg._AB001684
seq_len:67
seq_name:tmRNA_Burk.fung._TRW-266265_1-370
seq_len:370
seq_name:tRNA_tdbR00000354-Bacillus_subtilis-1423-Arg-ICG
seq_len:76
seq_name:5s_Batrachospermum-ectocarpum-1
seq_len:121
seq_name:srp_Proc.mari._CP000554
seq_len:81
seq_name:5s_Gemm_obscuB
seq_len:109
seq_name:srp_Baci.amyl._D11416
seq_len:271
seq_name:5s_Clavispora-opuntiae-1
seq_len:123
seq_name:5s_Thermotoga-sp.-3
seq_len:124
seq_name:5s_Schizosaccharomyces-pombe-4
seq_len:119
seq_name:RNaseP_F.mortiferum
seq_len:285
seq_name:RNaseP_N.meningtidis-MC58
seq_len:360
seq_name:5s_Saccoglossus-kowalevskii-1
seq_len:120
seq_name:tRNA_tdbR00000273-Mycoplasma_capricolum-2095-Met-CAU
seq_len:77
seq_name:5s_Buchnera-aphidicola-3
seq_len:115
seq_name:tRNA_tdbR00000123-Saccharomyces_cerevisiae-4932-Gly-NCC
seq_len:75
seq_name:RNaseP_S.bovis
seq_len:331
seq_name:5s_Tricharina-hiemalis-1
seq_len:119
seq_name:tmRNA_envi.sequ._TRW-32045-3_1-350
seq_len:350
seq_name:RNaseP_SMB-B4
seq_len:320
seq_name:5s_Frankia-sp.-3
seq_len:119
seq_name:srp_Stre.pneu._AE008386
seq_len:77
seq_name:srp_Asco.apis._GSP-392613
seq_len:259
seq_name:5s_Helicobacter-pylori-2
seq_len:135
seq_name:5s_Auricularia-auricula-judae-1
seq_len:118
seq_name:5s_Vitreoscilla-stercoraria-1
seq_len:118
seq_name:5s_Hyphomicrobium-sp.-2
seq_len:119
seq_name:5s_Agrobacterium-tumefaciens-8
seq_len:125
seq_name:tmRNA_envi.sequ._TRW-300695-2_1-345
seq_len:345
seq_name:RNaseP_F.yabuuchiae
seq_len:330
seq_name:5s_Bacillus-megaterium-1
seq_len:116
seq_name:tRNA_tdbR00000397-Saccharomyces_cerevisiae-4932-Ser-UGA
seq_len:90
seq_name:srp_Bloc.flor._BX248585
seq_len:114
seq_name:RNaseP_A.truei
seq_len:320
seq_name:srp_Trop.whip._AE016852
seq_len:105
seq_name:5s_Calanus-finmarchicus-1
seq_len:121
seq_name:5s_Streptomyces-violaceus-1
seq_len:120
seq_name:srp_Clos.beij._CP000721
seq_len:232
seq_name:5s_Drosophila-yakuba-1
seq_len:120
seq_name:5s_Candida-cylindracea-1
seq_len:121
seq_name:tRNA_tdbR00000181-Escherichia_coli-562-Lys-SUU
seq_len:76
seq_name:srp_Meth.maze._AE008384
seq_len:315
seq_name:tmRNA_Burk.pseu._TRW-28450_1-370
seq_len:370
seq_name:tmRNA_Alka.meta._TRW-293826_1-355
seq_len:355
seq_name:16s_E.coli_domain2
seq_len:354
seq_name:srp_Halo.halo._CP000544
seq_len:101
seq_name:RNaseP_Nocardiodes-NSP41
seq_len:278
seq_name:tRNA_tdbR00000267-Bos_taurus-9913-Leu-IAG
seq_len:85
seq_name:tmRNA_Fran.spec._CP000249_1-374
seq_len:374
seq_name:RNaseP_C.trachomatis-D
seq_len:408
seq_name:srp_Plas.chab._GSP-31271
seq_len:319
seq_name:5s_Candida-rugopelliculosa-1
seq_len:120
seq_name:RNaseP_Prochlorococcus-TATL2-2
seq_len:311
seq_name:srp_Aede.aegy._DW714815
seq_len:302
seq_name:tRNA_tdbR00000311-Haloferax_volcanii-2246-Pro-MGG
seq_len:76
seq_name:srp_Lyco.escu._Z29101
seq_len:304
seq_name:srp_Rhod.palu._CP000250
seq_len:100
seq_name:grp1_a.I1.e.T.cosmopolitanis.C1.LSU.1925
seq_len:451
seq_name:srp_Rick.prow._AJ235273
seq_len:99
seq_name:5s_Gracilaria-compressa-2
seq_len:121
seq_name:tmRNA_Camp.upsa._TRW-306264_1-359
seq_len:359
seq_name:grp1_a.I1.e.S.paniceum.UNK.SSU.287
seq_len:234
seq_name:RNaseP_S.bikiniensis
seq_len:398
seq_name:5s_Lactobacillus-delbrueckii-1
seq_len:117
seq_name:5s_Artemia-salina-1
seq_len:120
seq_name:RNaseP_P.aerogenes
seq_len:297
seq_name:16s_E.coli_domain3
seq_len:484
seq_name:srp_Sacc.eryt._AM420293
seq_len:53
seq_name:5s_Vibrio-cholerae-1
seq_len:118
seq_name:5s_Neurospora-crassa-14
seq_len:119
seq_name:srp_Buch.aphi._BA000003
seq_len:118
seq_name:tmRNA_Salm.ente._AL627276_1-363
seq_len:363
seq_name:tRNA_tdbR00000290-Enterobacteria_phage_T5-10726-Asn-GUU
seq_len:77
seq_name:tmRNA_Trop.whip._BX251411_1-369
seq_len:369
seq_name:srp_Trit.aest._CJ572413
seq_len:272
seq_name:srp_Cryp.parv._XM_626716
seq_len:300
seq_name:tRNA_tdbR00000244-Rattus_norvegicus-10116-Leu-UAG
seq_len:75
seq_name:5s_Saccharopolyspora-hirsuta-1
seq_len:122
seq_name:srp_Oryz.sati._AP003333
seq_len:318
seq_name:srp_Caen.eleg._Z30973
seq_len:299
seq_name:5s_Ustilentyloma-fluitans-1
seq_len:119
seq_name:5s_Streptomyces-griseus-1
seq_len:120
seq_name:5s_Halobacterium-sp.-1
seq_len:123
current processing 1401/3446
seq_name:5s_Atractiella-solani-1
seq_len:120
seq_name:5s_Methanosarcina-barkeri-1
seq_len:130
seq_name:5s_Propionibacterium-acnes-1
seq_len:122
seq_name:RNaseP_A.vinlandii-CA
seq_len:294
seq_name:grp1_a.I1.e.P.carinii.C1.SSU.1506
seq_len:442
seq_name:5s_Saccharomonospora-glauca-1
seq_len:120
seq_name:5s_Nemopsis-dofleini-1
seq_len:120
seq_name:tmRNA_uncu.bact._TRW-80840-2_1-379
seq_len:379
seq_name:RNaseP_N.luteus
seq_len:266
seq_name:5s_Homarus-gammarus-1
seq_len:120
seq_name:tmRNA_Rals.sola._AL646052_1-360
seq_len:360
seq_name:srp_Tric.vagi._GSP-5722-1
seq_len:307
seq_name:srp_Haem.infl._BD426631
seq_len:113
seq_name:srp_Acin.baum._CP000521
seq_len:104
seq_name:5s_Hyphomonas-oligotropha-1
seq_len:119
seq_name:RNaseP_Onchorhynchus-1
seq_len:312
seq_name:5s_Emplectonema-gracile-2
seq_len:119
seq_name:RNaseP_T.commune
seq_len:332
seq_name:5s_Vibrio-vulnificus-3
seq_len:120
seq_name:srp_Medi.trun._BE941271
seq_len:272
seq_name:tmRNA_uncu.bact._TRW-72274-1_1-359
seq_len:359
seq_name:16s_C.reinhardtii.chloro_domain4
seq_len:145
seq_name:tRNA_tdbR00000298-Asterias_amurensis-7602-Asn-GUU
seq_len:75
seq_name:srp_Psyc.arct._CP000082
seq_len:116
seq_name:RNaseP_P.strasburgensis
seq_len:314
seq_name:tRNA_tdbR00000147-Drosophila_melanogaster-7227-His-GUG
seq_len:76
seq_name:tRNA_tdbR00000169-Homo_sapiens-9606-Ile-GAU
seq_len:72
seq_name:5s_Rhodobacter-sphaeroides-3
seq_len:116
seq_name:5s_Streptomyces-sp.-3
seq_len:120
seq_name:srp_Homo.sapi._CK004881
seq_len:301
seq_name:srp_Leis.trop._AY722723
seq_len:134
seq_name:tRNA_tdbR00000331-Mycoplasma_capricolum-2095-Gln-UG
seq_len:75
seq_name:5s_Candidatus-Portiera-aleyrodidarum-1
seq_len:121
seq_name:tRNA_tdbR00000457-Geobacillus_stearothermophilus-1422-Val-GAC
seq_len:76
seq_name:5s_Thiobacillus-sp.-2
seq_len:117
seq_name:5s_Bjerkandera-adusta-1
seq_len:118
seq_name:5s_Neurospora-crassa-1
seq_len:120
seq_name:srp_Cion.savi._BW551179
seq_len:293
seq_name:5s_Ureaplasma-urealyticum-2
seq_len:104
seq_name:5s_Cryptomonas-paramecium-1
seq_len:121
seq_name:tRNA_tdbR00000223-Salmonella_typhimurium-602-Leu-CAG
seq_len:87
seq_name:tmRNA_Idio.loih._AE017340_1-359
seq_len:359
seq_name:23s_B.subtilis_domain6
seq_len:258
seq_name:tmRNA_Myco.afri._TRW-33894_1-368
seq_len:368
seq_name:srp_Aqui.aeol._AE000759
seq_len:91
seq_name:srp_Chro.sale._CP000285
seq_len:103
seq_name:grp1_a.I1.e.D.salina.C1.SSU.943
seq_len:423
seq_name:RNaseP_CPB139
seq_len:301
seq_name:tRNA_tdbR00000079-Rattus_norvegicus-10116-Phe-GAA
seq_len:71
seq_name:tmRNA_Haem.infl._U32808_1-366
seq_len:366
seq_name:5s_Saccharomonospora-sp.-1
seq_len:120
seq_name:5s_Thermomicrobium-roseum-1
seq_len:127
seq_name:5s_Urocystis-primulicola-1
seq_len:119
seq_name:tRNA_tdbR00000050-Hordeum_vulgare-4513-Glu-SPC
seq_len:76
seq_name:5s_Phascolopsis-gouldii-1
seq_len:120
seq_name:5s_Streptomyces-nodosus-4
seq_len:120
seq_name:srp_Stre.suis._CP000408
seq_len:78
seq_name:5s_Limulus-polyphemus-1
seq_len:120
seq_name:5s_Lycopodium-clavatum-1
seq_len:121
seq_name:tmRNA_Sacc.degr._CP000282_1-389
seq_len:389
seq_name:srp_Clos.acet._AE007525
seq_len:103
seq_name:tRNA_tdbR00000144-Saccharomyces_cerevisiae-4932-His-GUG
seq_len:76
seq_name:srp_Plas.berg._GSP-5823
seq_len:320
seq_name:RNaseP_R.americana-mito
seq_len:312
seq_name:tRNA_tdbR00000427-Gallus_gallus-9031-Ser-UGA
seq_len:78
seq_name:tRNA_tdbR00000562-Nicotiana_rustica-4093-Tyr-GPA
seq_len:76
seq_name:RNaseP_T.tumescens
seq_len:307
seq_name:5s_Corynebacterium-glutamicum-2
seq_len:121
seq_name:5s_Methylococcus-capsulatus-1
seq_len:117
seq_name:RNaseP_N.flavus
seq_len:266
seq_name:srp_Vibr.para._BA000031
seq_len:98
seq_name:tRNA_tdbR00000504-Mycoplasma_capricolum-2095-Ini-CAU
seq_len:76
seq_name:RNaseP_N.fulvus-JCM3335
seq_len:266
seq_name:srp_Trop.whip._AE014184
seq_len:89
seq_name:5s_Enchytraeus-albidus-1
seq_len:120
seq_name:5s_Protomyces-inundatus-1
seq_len:119
seq_name:5s_Chlorobium-limicola-1
seq_len:111
seq_name:tmRNA_Esch.coli._U36840_1-363
seq_len:363
seq_name:5s_Methylobacterium-extorquens-1
seq_len:118
seq_name:tmRNA_Stap.aure._BA000017_1-362
seq_len:362
seq_name:tRNA_tdbR00000036-Euglena_gracilis-3039-Asp-GUC
seq_len:75
seq_name:tmRNA_Tric.eryt._CP000393_1-398
seq_len:398
seq_name:5s_Photobacterium-profundum-3
seq_len:118
seq_name:RNaseP_SL1-1
seq_len:252
seq_name:srp_Stap.aure._CP000703
seq_len:270
seq_name:srp_Oryz.sati._AP003253
seq_len:318
seq_name:srp_Vibr.harv._CP000789
seq_len:98
seq_name:5s_Coxiella-burnetii-1
seq_len:117
seq_name:5s_Streptococcus-thermophilus-1
seq_len:116
seq_name:tmRNA_Lept.inte._AE016823_1-350
seq_len:350
seq_name:srp_Taen.gutt._CK235759
seq_len:270
seq_name:tRNA_tdbR00000368-Mesocricetus_auratus-10036-Arg-UCG
seq_len:71
seq_name:5s_Trichostrongylus-colubriformis-1
seq_len:121
seq_name:5s_Asellus-aquaticus-2
seq_len:120
seq_name:tRNA_tdbR00000193-Saccharomyces_cerevisiae-4932-Lys-UU
seq_len:76
seq_name:5s_Shewanella-hanedai-1
seq_len:120
seq_name:5s_Salmonella-enterica-3
seq_len:120
seq_name:srp_Rhiz.legu._AM236080
seq_len:41
seq_name:5s_Coleosporium-tussilaginis-1
seq_len:118
seq_name:5s_Pneumocystis-carinii-1
seq_len:120
current processing 1501/3446
seq_name:tRNA_tdbR00000284-Saccharomyces_cerevisiae-4932-Met-CAU
seq_len:76
seq_name:srp_Esch.coli._BA000007
seq_len:118
seq_name:5s_Caulobacter-sp.-7
seq_len:119
seq_name:srp_Chla.trac._AE001298
seq_len:102
seq_name:RNaseP_C.pecorum-IPA
seq_len:249
seq_name:5s_Geobacillus-kaustophilus-3
seq_len:115
seq_name:RNaseP_S.cerevisiae
seq_len:369
seq_name:tRNA_tdbR00000139-Mycoplasma_capricolum-2095-His-GUK
seq_len:77
seq_name:tmRNA_Onio.yell._AP006628_1-423
seq_len:423
seq_name:5s_Vibrio-cholerae-3
seq_len:118
seq_name:5s_Fusarium-asiaticum-5
seq_len:119
seq_name:tRNA_tdbR00000415-Nicotiana_rustica-4093-Ser-GA
seq_len:85
seq_name:tRNA_tdbR00000251-Saccharomyces_cerevisiae-4932-Leu-UAA
seq_len:87
seq_name:tmRNA_Bact.frag._CR626927_1-398
seq_len:398
seq_name:5s_Cryptococcus-bacillisporus-1
seq_len:118
seq_name:RNaseP_SM-A05
seq_len:302
seq_name:5s_Diatoma-tenue-1
seq_len:118
seq_name:RNaseP_N.fulvus-KCTC9580
seq_len:308
seq_name:srp_Pseu.aeru._X14404
seq_len:113
seq_name:srp_Rhod.balt._BX294144
seq_len:93
seq_name:5s_Euplotes-octocarinatus-1
seq_len:121
seq_name:srp_Ence.cuni._AL590449
seq_len:162
seq_name:tmRNA_Salm.ente._TRW-295319_1-363
seq_len:363
seq_name:5s_Methylomicrobium-album-1
seq_len:120
seq_name:tRNA_tdbR00000118-Escherichia_coli-562-Gly-GCC
seq_len:76
seq_name:RNaseP_ESH20b-1
seq_len:285
seq_name:5s_Haloferax-mediterranei-1
seq_len:118
seq_name:5s_Dictyostelium-discoideum-1
seq_len:119
seq_name:srp_Chla.pneu._AE001624
seq_len:104
seq_name:RNaseP_Prochlorococcus-NATL1
seq_len:333
seq_name:tRNA_tdbR00000245-Rattus_norvegicus-10116-Leu-UAG
seq_len:75
seq_name:tmRNA_Bact.mari._TRW-97084_1-385
seq_len:385
seq_name:tRNA_tdbR00000493-Bos_taurus-9913-Trp-NCA
seq_len:70
seq_name:srp_Baci.alca._D11422
seq_len:268
seq_name:5s_Caulobacter-sp.-6
seq_len:119
seq_name:5s_Saccharomyces-cerevisiae-1
seq_len:118
seq_name:tmRNA_Chro.viol._AE016825_1-365
seq_len:365
seq_name:5s_Fusarium-cerealis-6
seq_len:119
seq_name:tmRNA_Burk.spec._CP000151_1-370
seq_len:370
seq_name:srp_Myco.aviu._AE016958
seq_len:88
seq_name:srp_Proc.mari._CP000111
seq_len:74
seq_name:srp_Humu.lupu._AJ236703
seq_len:268
seq_name:5s_Mycoplasma-mycoides-3
seq_len:107
seq_name:5s_Methanospirillum-hungatei-1
seq_len:126
seq_name:5s_Geobacillus-kaustophilus-6
seq_len:117
seq_name:srp_Haem.somn._CP000436
seq_len:101
seq_name:srp_Bart.hens._BX897699
seq_len:101
seq_name:tRNA_tdbR00000342-Bos_taurus-9913-Gln-CUG
seq_len:75
seq_name:RNaseP_P.staleyi
seq_len:376
seq_name:5s_Achromobacter-cycloclastes-1
seq_len:120
seq_name:5s_Mycobacterium-bovis-3
seq_len:116
seq_name:tmRNA_Syne.spec._D90916_1-396
seq_len:396
seq_name:RNaseP_BH145
seq_len:293
seq_name:tRNA_tdbR00000124-Aedes_albopictus-7160-Gly-UCC
seq_len:70
seq_name:tRNA_tdbR00000621-Nicotiana_rustica-4093-Cys-GCA
seq_len:75
seq_name:tmRNA_Nitr.mult._CP000103_1-362
seq_len:362
seq_name:5s_Meloidogyne-arenaria-2
seq_len:121
seq_name:5s_Halorhodospira-halophila-1
seq_len:121
seq_name:RNaseP_T.thermophilus
seq_len:392
seq_name:RNaseP_B.pertussis
seq_len:414
seq_name:tRNA_tdbR00000584-Aeropyrum_pernix-56636-Pro-GGG
seq_len:78
seq_name:srp_Salm.ente._AE017220
seq_len:116
seq_name:5s_Bacillus-thuringiensis-3
seq_len:118
seq_name:srp_Vibr.chol._CP000627
seq_len:111
seq_name:5s_Saprolegnia-ferax-1
seq_len:118
seq_name:srp_Yers.pest._AE017042
seq_len:98
seq_name:tRNA_tdbR00000070-Geobacillus_stearothermophilus-1422-Phe-AA
seq_len:76
seq_name:16s_G.intestinalis_domain3
seq_len:441
seq_name:srp_Phak.meib._GSP-169999
seq_len:308
seq_name:tmRNA_Acti.pleu._TRW-228399_1-366
seq_len:366
seq_name:srp_Homo.sapi._BF908693
seq_len:280
seq_name:tRNA_tdbR00000039-Oryctolagus_cuniculus-9986-Asp-8UC
seq_len:76
seq_name:5s_Pichia-jadinii-1
seq_len:121
seq_name:srp_Caen.brig._AC084446
seq_len:299
seq_name:tmRNA_Geob.kaus._BA000043_1-352
seq_len:352
seq_name:5s_Homo-sapiens-1
seq_len:120
seq_name:RNaseP_P.shigelloides
seq_len:303
seq_name:5s_Planctomyces-limnophilus-1
seq_len:111
seq_name:tmRNA_Citr.rode._TRW-67825_1-365
seq_len:365
seq_name:5s_Streptomyces-avermitilis-5
seq_len:118
seq_name:tmRNA_Myco.hyop._TRW-295358_1-424
seq_len:424
seq_name:tmRNA_Carn.malt._AF275938_1-366
seq_len:366
seq_name:tRNA_tdbR00000105-Halobacterium_salinarum-2242-Gly-GCC
seq_len:74
seq_name:srp_Neis.meni._AL162755
seq_len:92
seq_name:srp_Bruc.ovis._CP000708
seq_len:103
seq_name:5s_Linderina-macrospora-1
seq_len:119
seq_name:5s_Streptococcus-mutans-1
seq_len:116
seq_name:5s_Cyclidiopsis-acus-1
seq_len:118
seq_name:RNaseP_Prochlorococcus-PAC1B
seq_len:334
seq_name:srp_Lact.delb._CR954253
seq_len:91
seq_name:5s_Methanosarcina-acetivorans-1
seq_len:129
seq_name:tmRNA_Yers.pest._AL590842_1-364
seq_len:364
seq_name:5s_Neurospora-crassa-9
seq_len:120
seq_name:tmRNA_Rals.meta._CP000352_1-360
seq_len:360
seq_name:tmRNA_Esch.coli._TRW-331111_1-363
seq_len:363
seq_name:tRNA_tdbR00000526-Saccharomyces_cerevisiae-4932-Ini-CAU
seq_len:75
seq_name:5s_Thermus-sp.-1
seq_len:123
seq_name:RNaseP_CPB73
seq_len:302
seq_name:tmRNA_List.mono._AL591983_1-370
seq_len:370
seq_name:5s_Tilletia-controversa-1
seq_len:118
current processing 1601/3446
seq_name:tRNA_tdbR00000087-Hordeum_vulgare-4513-Phe-AA
seq_len:76
seq_name:RNaseP_T.acidophilum
seq_len:305
seq_name:srp_Homo.sapi._BF909563
seq_len:280
seq_name:RNaseP_ESH21b-4
seq_len:293
seq_name:srp_Stre.pyog._CP000259
seq_len:73
seq_name:5s_Oceanobacillus-iheyensis-3
seq_len:116
seq_name:RNaseP_D.radiodurans-g
seq_len:447
seq_name:tmRNA_Magn.spec._CP000471_1-366
seq_len:366
seq_name:srp_Salm.ente._CP000026
seq_len:118
seq_name:RNaseP_S.pneumoniae
seq_len:401
seq_name:srp_Clos.botu._CP000727
seq_len:244
seq_name:srp_Kine.radi._CP000750
seq_len:53
seq_name:tRNA_tdbR00000463-Bos_taurus-9913-Val-UAC
seq_len:70
seq_name:tmRNA_Ther.rose._TRW-309801_1-353
seq_len:353
seq_name:tmRNA_Geob.stea._TRW-1422_1-352
seq_len:352
seq_name:5s_Haloferax-mediterranei-2
seq_len:122
seq_name:tRNA_tdbR00000263-Rattus_norvegicus-10116-Leu-AA
seq_len:86
seq_name:grp1_b.I1.e.M.anisopliae.2.C1.LSU.1921
seq_len:456
seq_name:5s_Symbiobacterium-thermophilum-2
seq_len:110
seq_name:5s_Salmonella-typhimurium-1
seq_len:120
seq_name:srp_Geob.sulf._AE017180
seq_len:91
seq_name:5s_Porphyromonas-gingivalis-1
seq_len:111
seq_name:srp_Dros.anan._GSP-7217
seq_len:300
seq_name:srp_Heli.pylo._AE000524
seq_len:113
seq_name:srp_Ther.ther._X12643
seq_len:105
seq_name:tmRNA_Shew.spec._CP000446_1-355
seq_len:355
seq_name:5s_Lactobacillus-plantarum-2
seq_len:119
seq_name:srp_Mari.mari._CP000449
seq_len:105
seq_name:tRNA_tdbR00000609-Chlamydomonas_reinhardtii-3055-Leu-UA7
seq_len:84
seq_name:5s_Vibrio-alginolyticus-1
seq_len:121
seq_name:grp1_a.I1.c.A.cherimola.C3.tLEU
seq_len:494
seq_name:5s_Geobacillus-stearothermophilus-3
seq_len:117
seq_name:tRNA_tdbR00000167-Aedes_albopictus-7160-Ile-GAU
seq_len:72
seq_name:tRNA_tdbR00000468-Lupinus_luteus-3873-Val-IAC
seq_len:76
seq_name:srp_Burk.spec._CP000151
seq_len:99
seq_name:srp_Stap.aure._CP000046
seq_len:101
seq_name:srp_Para.symb._BX908798
seq_len:102
seq_name:srp_Esch.coli._CP000243
seq_len:117
seq_name:5s_Pseudomonas-denitrificans-1
seq_len:120
seq_name:tRNA_tdbR00000055-Schizosaccharomyces_pombe-4896-Glu-3UC
seq_len:75
seq_name:5s_Spirosoma-sp.-1
seq_len:111
seq_name:tmRNA_Rals.sola._AL646061_1-357
seq_len:357
seq_name:tRNA_tdbR00000447-Halobacterium_salinarum-2242-Val-CAC
seq_len:78
seq_name:5s_Mannheimia-succiniciproducens-2
seq_len:115
seq_name:tmRNA_Jako.libe._TRW-143017_1-102
seq_len:102
seq_name:5s_Methanothermobacter-thermautotrophicus-2
seq_len:129
seq_name:RNaseP_M.sedula
seq_len:304
seq_name:srp_Sacc.cere._U18917
seq_len:493
seq_name:srp_Pseu.aeru._M31829
seq_len:113
seq_name:srp_Phot.prof._CR378666
seq_len:118
seq_name:tRNA_tdbR00000138-Haloferax_volcanii-2246-His-GUG
seq_len:77
seq_name:5s_Perkinsus-olseni-1
seq_len:124
seq_name:grp1_a.I1.e.S.paniceum.UNK.SSU.114
seq_len:210
seq_name:srp_Myco.myco._BX842642
seq_len:96
seq_name:5s_Cunninghamella-elegans-1
seq_len:120
seq_name:5s_Meloidogyne-arenaria-3
seq_len:120
seq_name:5s_Pteridium-aquilinum-1
seq_len:121
seq_name:tmRNA_Aqui.aeol._AE000749_1-344
seq_len:344
seq_name:5s_Fusobacterium-nucleatum-4
seq_len:116
seq_name:tRNA_tdbR00000349-Haloferax_volcanii-2246-Arg-CCG
seq_len:76
seq_name:srp_Ferv.nodo._CP000771
seq_len:35
seq_name:tRNA_tdbR00000090-Lupinus_luteus-3873-Phe-AA
seq_len:76
seq_name:tmRNA_Lact.delb._TRW-321956_1-362
seq_len:362
seq_name:srp_Ashb.goss._AE016819
seq_len:381
seq_name:5s_Proasellus-coxalis-1
seq_len:120
seq_name:tmRNA_Nost.punc._TRW-63737_1-390
seq_len:390
seq_name:srp_Ther.ther._AP008226
seq_len:105
seq_name:srp_Homo.sapi._AB061847
seq_len:302
seq_name:tRNA_tdbR00000057-Hordeum_vulgare-4513-Glu-CPC
seq_len:76
seq_name:RNaseP_PF101
seq_len:381
seq_name:5s_Listonella-anguillarum-1
seq_len:120
seq_name:srp_Pseu.aeru._AE004091
seq_len:116
seq_name:srp_Ther.volc._BA000011
seq_len:299
seq_name:5s_Thiomonas-intermedia-1
seq_len:117
seq_name:srp_Heli.exil._EE659686
seq_len:64
seq_name:5s_Equisetum-arvense-1
seq_len:120
seq_name:srp_Haem.infl._CP000672
seq_len:98
seq_name:tmRNA_Fibr.succ._TRW-59374_1-361
seq_len:361
seq_name:srp_Acin.spec._CR543861
seq_len:47
seq_name:5s_Clostridium-butyricum-2
seq_len:117
seq_name:5s_Lingula-anatina-1
seq_len:120
seq_name:5s_Curtobacterium-citreum-1
seq_len:122
seq_name:RNaseP_Z.florentinus
seq_len:262
seq_name:5s_Fusarium-cerealis-4
seq_len:119
seq_name:tRNA_tdbR00000564-Drosophila_melanogaster-7227-Tyr-QPA
seq_len:76
seq_name:5s_Chlamydophila-caviae-1
seq_len:119
seq_name:tmRNA_Myco.mobi._TRW-267748_1-376
seq_len:376
seq_name:5s_Meloidogyne-arenaria-4
seq_len:121
seq_name:5s_Fusarium-pseudograminearum-7
seq_len:119
seq_name:RNaseP_N.meningitidis-Z2491
seq_len:360
seq_name:srp_Cory.glut._BA000036
seq_len:52
seq_name:srp_Clav.lusi._GSP-306902
seq_len:274
seq_name:RNaseP_DU1
seq_len:294
seq_name:srp_Plas.reic._GSP-5854
seq_len:312
seq_name:srp_Para.bras._GSP-121759
seq_len:338
seq_name:tmRNA_Moor.ther._CP000232_1-358
seq_len:358
seq_name:RNaseP_Mxa1
seq_len:312
seq_name:5s_Fusarium-sporotrichioides-3
seq_len:119
seq_name:5s_Bursaphelenchus-mucronatus-1
seq_len:119
seq_name:5s_Rumex-acetosa-1
seq_len:120
current processing 1701/3446
seq_name:tmRNA_Camp.jeju._AL139078_1-356
seq_len:356
seq_name:5s_Staphylococcus-haemolyticus-2
seq_len:115
seq_name:srp_Meth.mari._CP000609
seq_len:218
seq_name:srp_Sacc.para._BN000251
seq_len:509
seq_name:5s_Streptomyces-avermitilis-1
seq_len:118
seq_name:srp_Psyc.ingr._CP000510
seq_len:114
seq_name:RNaseP_CPB69
seq_len:348
seq_name:tRNA_tdbR00000451-Mycoplasma_capricolum-2095-Val-UAC
seq_len:76
seq_name:tRNA_tdbR00000355-Escherichia_coli-562-Arg-ICG
seq_len:76
seq_name:5s_Vibrio-ordalii-1
seq_len:120
seq_name:srp_Sulf.solf._Y08257
seq_len:312
seq_name:16s_H.volcanii_domain1
seq_len:497
seq_name:tRNA_tdbR00000119-Escherichia_coli-562-Gly-NCC
seq_len:75
seq_name:tmRNA_Stap.epid._TRW-1282-2_1-362
seq_len:362
seq_name:tRNA_tdbR00000358-Escherichia_coli-562-Arg-CU
seq_len:77
seq_name:5s_Fusarium-asiaticum-1
seq_len:119
seq_name:srp_Bras.napu._EE411352
seq_len:309
seq_name:5s_Bombyx-mori-4
seq_len:119
seq_name:srp_Cand.glab._CR380957
seq_len:504
seq_name:grp1_a.I1.e.P.carinii.Pc3.C1.LSU.1921
seq_len:381
seq_name:5s_Haemophilus-aegyptius-1
seq_len:116
seq_name:srp_Odon.sine._Z67753
seq_len:97
seq_name:srp_Pers.amer._X65992
seq_len:162
seq_name:16s_H.volcanii_domain3
seq_len:490
seq_name:5s_Deinococcus-radiophilus-1
seq_len:125
seq_name:srp_Pseu.aeru._CP000744
seq_len:100
seq_name:srp_Myco.capr._D00560
seq_len:77
seq_name:5s_Bacillus-cereus-6
seq_len:114
seq_name:srp_Dict.disc._AJ699381
seq_len:278
seq_name:5s_Candidatus-Fritschea-bemisiae-1
seq_len:117
seq_name:5s_Scytosiphon-lomentaria-1
seq_len:118
seq_name:5s_Streptococcus-pneumoniae-1
seq_len:115
seq_name:RNaseP_M.fervidus
seq_len:244
seq_name:srp_Enta.inva._GSP-370355
seq_len:271
seq_name:5s_Fusarium-lunulosporum-7
seq_len:119
seq_name:srp_Porp.purp._U38804
seq_len:92
seq_name:RNaseP_S.pyogenes
seq_len:409
seq_name:16s_M.polymorpha_domain3
seq_len:486
seq_name:RNaseP_ESH30-3
seq_len:318
seq_name:srp_Idio.loih._AE017340
seq_len:117
seq_name:srp_Stap.epid._AF269831
seq_len:101
seq_name:srp_Cand.albi._GSP-237561
seq_len:260
seq_name:srp_Baci.subt._X06802
seq_len:270
seq_name:srp_Yarr.lipo._X51658
seq_len:270
seq_name:tRNA_tdbR00000467-Pichia_jadinii-4903-Val-IAC
seq_len:77
seq_name:5s_Sulfurococcus-mirabilis-1
seq_len:124
seq_name:5s_Rhabdomonas-costata-1
seq_len:118
seq_name:RNaseP_Fischerella-UTEX1829
seq_len:377
seq_name:5s_Bacillus-halodurans-6
seq_len:115
seq_name:RNaseP_S.viridis-K197
seq_len:341
seq_name:5s_Erysipelothrix-tonsillarum-1
seq_len:114
seq_name:5s_Spirocodon-saltatrix-1
seq_len:121
seq_name:5s_Menoidium-pellucidum-1
seq_len:118
seq_name:srp_Prop.acne._AE017283
seq_len:89
seq_name:tmRNA_Woli.succ._BX571661_1-369
seq_len:369
seq_name:tRNA_tdbR00000177-Mycoplasma_capricolum-2095-Lys-CUU
seq_len:76
seq_name:tmRNA_Clos.acet._AE007587_1-356
seq_len:356
seq_name:srp_Homo.sapi._NR_002715
seq_len:301
seq_name:tmRNA_Myco.geni._TRW-243273_1-388
seq_len:388
seq_name:tRNA_tdbR00000126-Halocynthia_roretzi-7729-Gly-NCU
seq_len:68
seq_name:16s_G.intestinalis_domain1
seq_len:485
seq_name:tmRNA_Bord.aviu._AM167904_1-406
seq_len:406
seq_name:5s_Fusobacterium-varium-1
seq_len:117
seq_name:5s_Fusarium-culmorum-4
seq_len:119
seq_name:5s_Rhodobacter-capsulatus-2
seq_len:118
seq_name:5s_Xenopus-laevis-1
seq_len:120
seq_name:tmRNA_Cyto.hutc._CP000383_1-404
seq_len:404
seq_name:srp_Ferr.acid._GSP-333146
seq_len:316
seq_name:RNaseP_R.palustris
seq_len:479
seq_name:RNaseP_S.typhi
seq_len:374
seq_name:tRNA_tdbR00000316-Bacillus_subtilis-1423-Pro-5GG
seq_len:77
seq_name:RNaseP_C.tepidum
seq_len:381
seq_name:srp_Sola.tube._DR037645
seq_len:251
seq_name:5s_Chlamydophila-pneumoniae-2
seq_len:119
seq_name:5s_Thermotoga-neapolitana-1
seq_len:123
seq_name:srp_Mann.succ._AE016827
seq_len:118
seq_name:5s_Saccharomyces-cerevisiae-5
seq_len:122
seq_name:5s_Cyanophora-paradoxa-1
seq_len:119
seq_name:5s_Mycobacterium-tuberculosis-1
seq_len:115
seq_name:srp_Baci.cere._AE017264
seq_len:103
seq_name:RNaseP_P.horikoshi
seq_len:329
seq_name:srp_Stap.aure._AP009351
seq_len:270
seq_name:5s_Saccharomyces-cerevisiae-4
seq_len:121
seq_name:5s_Streptomyces-coelicolor-3
seq_len:120
seq_name:srp_Tryp.cong._SDB-5692
seq_len:279
seq_name:5s_Pyrococcus-woesei-1
seq_len:124
seq_name:5s_Ralstonia-pickettii-1
seq_len:115
seq_name:5s_Bacillus-subtilis-5
seq_len:115
seq_name:5s_Tetrahymena-pyriformis-1
seq_len:120
seq_name:srp_Stap.epid._AE016751
seq_len:101
seq_name:5s_Mycoplasma-gallisepticum-2
seq_len:112
seq_name:tmRNA_Ther.yell._TRW-289376_1-350
seq_len:350
seq_name:srp_Yers.pest._AE009952
seq_len:98
seq_name:5s_Plesiomonas-shigelloides-1
seq_len:120
seq_name:srp_Sili.pome._CP000031
seq_len:99
seq_name:tmRNA_Baci.cere._AE017194_1-355
seq_len:355
seq_name:5s_Methanococcus-voltae-2
seq_len:120
seq_name:tRNA_tdbR00000516-Spinacia_oleracea-3562-Ini-CAU
seq_len:77
seq_name:5s_Candida-antarctica-1
seq_len:118
seq_name:tRNA_tdbR00000337-Tetrahymena_thermophila-5911-Gln-CUA
seq_len:75
current processing 1801/3446
seq_name:srp_Woli.succ._BX571662
seq_len:107
seq_name:5s_Photobacterium-profundum-2
seq_len:118
seq_name:srp_Pseu.syri._CP000075
seq_len:117
seq_name:5s_Actinokineospora-riparia-1
seq_len:120
seq_name:srp_Myco.gall._AE015450
seq_len:83
seq_name:5s_Bacillus-licheniformis-1
seq_len:116
seq_name:tmRNA_Lact.lact._AE006373_1-359
seq_len:359
seq_name:tmRNA_Pseu.syri._AE016853_1-388
seq_len:388
seq_name:srp_Schi.pomb._Z99259
seq_len:256
seq_name:srp_Anop.gamb._CD747410
seq_len:295
seq_name:5s_Graphiola-phoenicis-1
seq_len:118
seq_name:5s_Salmonella-typhimurium-3
seq_len:118
seq_name:tRNA_tdbR00000035-Saccharomyces_cerevisiae-4932-Asp-GUC
seq_len:75
seq_name:srp_Cory.diph._BX248354
seq_len:89
seq_name:5s_Seliberia-stellata-1
seq_len:118
seq_name:srp_Fugu.rubr._U40756
seq_len:298
seq_name:5s_Prasinocladus-sp.-1
seq_len:120
seq_name:tRNA_tdbR00000051-Triticum_aestivum-4565-Glu-SPC
seq_len:76
seq_name:srp_Salm.ente._AE014613
seq_len:116
seq_name:srp_Clos.diff._AM180355
seq_len:238
seq_name:srp_Xant.camp._CP000050
seq_len:112
seq_name:5s_Thiothrix-sp.-1
seq_len:120
seq_name:5s_Perkinsus-andrewsi-1
seq_len:121
seq_name:srp_Baci.subt._D11417
seq_len:270
seq_name:tmRNA_List.inno._TRW-1642-1_1-370
seq_len:370
seq_name:tRNA_tdbR00000434-Mycoplasma_capricolum-2095-Thr-UGU
seq_len:76
seq_name:srp_Camp.curv._CP000767
seq_len:110
seq_name:tmRNA_Myco.arth._TRW-243272_1-394
seq_len:394
seq_name:srp_Stre.agal._AL766845
seq_len:77
seq_name:tmRNA_Stre.coll._AY485228_1-386
seq_len:386
seq_name:5s_Saccharopolyspora-erythraea-1
seq_len:122
seq_name:tRNA_tdbR00000547-Geobacillus_stearothermophilus-1422-Tyr-QUA
seq_len:85
seq_name:RNaseP_CPA63
seq_len:328
seq_name:tRNA_tdbR00000085-Schizosaccharomyces_pombe-4896-Phe-AA
seq_len:76
seq_name:srp_Agro.tume._AE007869
seq_len:90
seq_name:5s_Rhodococcus-fascians-2
seq_len:121
seq_name:5s_Thraustochytrium-visurgense-1
seq_len:119
seq_name:tmRNA_Stre.equi._TRW-1336_1-349
seq_len:349
seq_name:tRNA_tdbR00000272-Thermoplasma_acidophilum-2303-Met-CAU
seq_len:76
seq_name:5s_Thiobacillus-sp.-1
seq_len:120
seq_name:tRNA_tdbR00000612-Sinorhizobium_meliloti-382-Trp-CCA
seq_len:76
seq_name:srp_Azoa.spec._AM406670
seq_len:95
seq_name:5s_Samia-cynthia-ricini-1
seq_len:120
seq_name:5s_Microbotryum-violaceum-1
seq_len:119
seq_name:tmRNA_Pseu.fluo._CP000076_1-394
seq_len:394
seq_name:RNaseP_CPB141
seq_len:301
seq_name:23s_S.aureus_domain4
seq_len:347
seq_name:RNaseP_Nostoc-PCC6705
seq_len:393
seq_name:tRNA_tdbR00000334-Hordeum_vulgare-4513-Gln-UG
seq_len:75
seq_name:tRNA_tdbR00000356-Escherichia_coli-562-Arg-ICG
seq_len:77
seq_name:5s_Christiansenia-pallida-1
seq_len:120
seq_name:srp_Zea.mays._CF919998
seq_len:303
seq_name:srp_Heli.pylo._BD010626
seq_len:99
seq_name:RNaseP_Prochlorococcus-PCC9511
seq_len:307
seq_name:srp_Leis.aeth._AY722731
seq_len:130
seq_name:srp_Popu.bals._GSP-73824
seq_len:303
seq_name:5s_Actinomadura-madurae-1
seq_len:121
seq_name:srp_Pyro.cali._CP000561
seq_len:240
seq_name:tRNA_tdbR00000540-Homo_sapiens-9606-Ini-CAU
seq_len:75
seq_name:srp_Baci.lich._CP000002
seq_len:271
seq_name:srp_Arab.thal._AL161496
seq_len:305
seq_name:5s_Leptospira-biflexa-1
seq_len:117
seq_name:RNaseP_S.pastorianus
seq_len:365
seq_name:tRNA_tdbR00000623-Escherichia_coli-562-Pro-CGG
seq_len:77
seq_name:tRNA_tdbR00000495-Triticum_aestivum-4565-Trp-BCA
seq_len:76
seq_name:tRNA_tdbR00000250-Saccharomyces_cerevisiae-4932-Leu-UAG
seq_len:85
seq_name:tmRNA_Prop.acne._TRW-1747-3_1-353
seq_len:353
seq_name:srp_Phyt.infe._CV911012
seq_len:91
seq_name:tRNA_tdbR00000478-Haloferax_volcanii-2246-Trp-BCA
seq_len:77
seq_name:5s_Listeria-ivanovii-1
seq_len:116
seq_name:RNaseP_PS24
seq_len:395
seq_name:RNaseP_SM-A1214
seq_len:293
seq_name:RNaseP_A.tumefaciens
seq_len:402
seq_name:tmRNA_Porp.ging._TRW-242619_1-407
seq_len:407
seq_name:srp_Stap.epid._AE015929
seq_len:270
seq_name:tmRNA_Clos.acet._AE001437_1-359
seq_len:359
seq_name:5s_Rhodococcus-fascians-1
seq_len:121
seq_name:srp_Schi.pomb._M20836
seq_len:256
seq_name:5s_Chlamydia-muridarum-1
seq_len:115
seq_name:5s_Halococcus-morrhuae-2
seq_len:125
seq_name:5s_Gluconobacter-oxydans-3
seq_len:120
seq_name:5s_Cycas-revoluta-1
seq_len:120
seq_name:5s_Xanthomonas-axonopodis-1
seq_len:119
seq_name:5s_Efibulobasidium-albescens-1
seq_len:118
seq_name:5s_Lytechinus-variegatus-1
seq_len:120
seq_name:tRNA_tdbR00000217-Mycoplasma_capricolum-2095-Leu-AA
seq_len:89
seq_name:5s_Candidatus-Tremblaya-princeps-3
seq_len:116
seq_name:srp_Desu.vulg._AE017311
seq_len:82
seq_name:5s_Haloferax-volcanii-2
seq_len:125
seq_name:grp1_a.I1.e.P.macrosporus.C1.SSU.1506
seq_len:433
seq_name:srp_Tetr.rost._SDB-5909
seq_len:282
seq_name:5s_Listeria-monocytogenes-2
seq_len:116
seq_name:5s_Xenopus-borealis-1
seq_len:120
seq_name:tRNA_tdbR00000574-Leishmania_tarentolae-5689-Trp-CCA
seq_len:72
seq_name:5s_Bacillus-halodurans-1
seq_len:116
seq_name:5s_Rickettsia-felis-1
seq_len:119
seq_name:5s_Pyrococcus-furiosus-1
seq_len:122
seq_name:srp_Stre.pyog._AM295007
seq_len:57
seq_name:tmRNA_Lact.acid._CP000033_1-369
seq_len:369
seq_name:tRNA_tdbR00000494-Saccharomyces_cerevisiae-4932-Trp-BCA
seq_len:75
current processing 1901/3446
seq_name:tmRNA_Shig.flex._CP000266_1-363
seq_len:363
seq_name:5s_Azotobacter-vinelandii-1
seq_len:120
seq_name:tRNA_tdbR00000440-Neurospora_crassa-5141-Thr-UGU
seq_len:74
seq_name:srp_Tetr.nigr._GSP-99883
seq_len:299
seq_name:5s_Bacillus-clausii-1
seq_len:116
seq_name:srp_Aero.pern._BA000002
seq_len:304
seq_name:5s_Saccharomyces-pastorianus-1
seq_len:121
seq_name:srp_Lyco.escu._Z29260
seq_len:300
seq_name:grp1_a.I1.e.P.inouyei.C1.SSU.943
seq_len:390
seq_name:tmRNA_Colw.psyc._CP000083_1-350
seq_len:350
seq_name:RNaseP_A.ferrooxidans
seq_len:344
seq_name:srp_Neis.gono._DD110233
seq_len:92
seq_name:5s_Pseudomonas-syringae-2
seq_len:120
seq_name:tRNA_tdbR00000435-Mycoplasma_mycoides-2102-Thr-UGU
seq_len:76
seq_name:tRNA_tdbR00000590-Ascaris_suum-6253-Glu-UC
seq_len:62
seq_name:tmRNA_Syne.spec._AB003477_1-394
seq_len:394
seq_name:tRNA_tdbR00000443-Saccharomyces_cerevisiae-4932-Thr-IGU
seq_len:76
seq_name:RNaseP_Synechococcus-PCC7001
seq_len:342
seq_name:tRNA_tdbR00000340-Nicotiana_rustica-4093-Gln-JUG
seq_len:75
seq_name:tRNA_tdbR00000611-Sinorhizobium_meliloti-382-His-GUG
seq_len:77
seq_name:RNaseP_S.castellii
seq_len:354
seq_name:5s_Branchiostoma-belcheri-1
seq_len:120
seq_name:srp_Xyle.fast._AE012554
seq_len:114
seq_name:tmRNA_Fran.tula._AM286280_1-421
seq_len:421
seq_name:tmRNA_uncu.mari._TRW-363180_1-347
seq_len:347
seq_name:srp_Nema.vect._GSP-45351
seq_len:302
seq_name:tmRNA_Fran.spec._TRW-298653_1-375
seq_len:375
seq_name:RNaseP_SM-A1932
seq_len:301
seq_name:srp_Leis.dono._AY781795
seq_len:138
seq_name:srp_Pris.paci._GSP-54126
seq_len:299
seq_name:srp_Deba.hans._CR382138
seq_len:263
seq_name:tRNA_tdbR00000381-Haloferax_volcanii-2246-Ser-GCU
seq_len:88
seq_name:srp_Pyro.arse._CP000660
seq_len:244
seq_name:tmRNA_Para.symb._BX908798_1-405
seq_len:405
seq_name:5s_Ureaplasma-parvum-3
seq_len:104
seq_name:grp1_a.I1.e.T.hyperangularis.C1.LSU.1925
seq_len:451
seq_name:srp_Dros.yaku._GSP-7245
seq_len:302
seq_name:5s_Tulasnella-violea-1
seq_len:119
seq_name:RNaseP_SMB-B2
seq_len:334
seq_name:16s_F.ananassa_domain3
seq_len:493
seq_name:tmRNA_Leuc.mese._TRW-1245_1-358
seq_len:358
seq_name:5s_Bacillus-cereus-2
seq_len:116
seq_name:RNaseP_P.vulgaris
seq_len:301
seq_name:srp_Trit.aest._X13915
seq_len:204
seq_name:tRNA_tdbR00000382-Haloferax_volcanii-2246-Ser-MGA
seq_len:88
seq_name:tRNA_tdbR00000376-Bos_taurus-9913-Arg-3CP
seq_len:76
seq_name:5s_Rhodobacter-sphaeroides-2
seq_len:118
seq_name:srp_Geob.uran._CP000698
seq_len:33
seq_name:tRNA_tdbR00000060-Drosophila_melanogaster-7227-Glu-2UC
seq_len:75
seq_name:5s_Bacteroides-fragilis-5
seq_len:103
seq_name:5s_Oryctolagus-cuniculus-1
seq_len:120
seq_name:grp1_a.I1.e.C.merochlorophea.UNK.SSU.1046
seq_len:267
seq_name:5s_Streptomyces-coelicolor-1
seq_len:121
seq_name:srp_Neis.meni._DD001104
seq_len:105
seq_name:5s_Saccharopolyspora-hordei-1
seq_len:122
seq_name:tRNA_tdbR00000283-Gallus_gallus-9031-Met-AU
seq_len:72
seq_name:tmRNA_Buch.aphi._BD061520_1-369
seq_len:369
seq_name:RNaseP_C.muridarum-g
seq_len:395
seq_name:tRNA_tdbR00000088-Triticum_aestivum-4565-Phe-AA
seq_len:76
seq_name:srp_Proc.mari._AE017126
seq_len:51
seq_name:srp_Brad.spec._CP000494
seq_len:33
seq_name:srp_Heli.hepa._AE017125
seq_len:108
seq_name:RNaseP_SM-A5888
seq_len:393
seq_name:srp_Caen.eleg._U41993
seq_len:293
seq_name:srp_Fuso.nucl._AE009951
seq_len:99
seq_name:5s_Bacillus-licheniformis-6
seq_len:115
seq_name:RNaseP_S.dairensis
seq_len:465
seq_name:RNaseP_ESH183A
seq_len:294
seq_name:srp_Sulf.acid._CP000077
seq_len:309
seq_name:5s_Octopus-vulgaris-1
seq_len:120
seq_name:5s_Marchantia-polymorpha-1
seq_len:119
seq_name:5s_Yersinia-pseudotuberculosis-3
seq_len:120
seq_name:srp_Shew.spec._CP000469
seq_len:101
seq_name:5s_Bombyx-mori-1
seq_len:121
seq_name:RNaseP_C.psittaci
seq_len:333
seq_name:srp_Prun.arme._CB819242
seq_len:67
seq_name:RNaseP_SM-A1113
seq_len:290
seq_name:5s_Chlorobium-limicola-2
seq_len:111
seq_name:srp_Arab.tha._X55111
seq_len:306
seq_name:5s_Emericella-nidulans-3
seq_len:119
seq_name:5s_Spinacia-oleracea-1
seq_len:120
seq_name:srp_Arch.fulg._X17237
seq_len:310
seq_name:tRNA_tdbR00000006-Mycoplasma_mycoides-2102-Ala-UGC
seq_len:76
seq_name:srp_Zea.mays._AY108846
seq_len:287
seq_name:5s_Caulobacter-crescentus-2
seq_len:116
seq_name:tRNA_tdbR00000318-Salmonella_typhimurium-602-Pro-GGG
seq_len:77
seq_name:5s_Saccharothrix-mutabilis-1
seq_len:120
seq_name:srp_Leif.xyli._AE016822
seq_len:88
seq_name:tRNA_tdbR00000347-Enterobacteria_phage_T4-10665-Arg-NCU
seq_len:75
seq_name:srp_Arab.thal._X69901
seq_len:306
seq_name:srp_Baci.anth._AE017334
seq_len:205
seq_name:srp_Leis.guya._AY722728
seq_len:137
seq_name:srp_Sphi.alas._CP000356
seq_len:92
seq_name:tmRNA_Neis.meni._AE002452_1-360
seq_len:360
seq_name:5s_Deinococcus-radiodurans-3
seq_len:125
seq_name:5s_Xanthomonas-campestris-1
seq_len:119
seq_name:RNaseP_C.opuntiae
seq_len:196
seq_name:srp_Babe.bige._GSP-5866
seq_len:280
seq_name:srp_Heli.acin._AM260522
seq_len:99
seq_name:tmRNA_Chla.trac._AE001276_1-417
seq_len:417
current processing 2001/3446
seq_name:5s_Thiobacillus-thioparus-1
seq_len:118
seq_name:5s_Enterococcus-faecalis-1
seq_len:116
seq_name:RNaseP_E.faecalis
seq_len:331
seq_name:srp_Sus.scro._BP459377
seq_len:284
seq_name:srp_Chla.cavi._AE016995
seq_len:102
seq_name:tRNA_tdbR00000064-Mycoplasma_capricolum-2095-Phe-GAA
seq_len:76
seq_name:srp_Stap.aure._AC025951
seq_len:101
seq_name:5s_Meloidogyne-artiellia-1
seq_len:118
seq_name:tRNA_tdbR00000261-Cucumis_sativus-3659-Leu-NAA
seq_len:87
seq_name:5s_Tenebrio-molitor-1
seq_len:120
seq_name:srp_Humu.lupu._X65983
seq_len:306
seq_name:srp_Desu.psyc._CR522870
seq_len:86
seq_name:5s_Vibrio-diazotrophicus-1
seq_len:120
seq_name:srp_Myco.geni._U39706
seq_len:83
seq_name:RNaseP_S.pombe
seq_len:284
seq_name:5s_Exobasidium-vaccinii-1
seq_len:118
seq_name:tRNA_tdbR00000247-Bos_taurus-9913-Leu-UAG
seq_len:74
seq_name:RNaseP_Prochlorococcus-TAK9803-2
seq_len:308
seq_name:RNaseP_E.faecalis-2
seq_len:389
seq_name:tmRNA_Chlo.aura._AY040836_1-361
seq_len:361
seq_name:5s_Streptomyces-rimosus-2
seq_len:120
seq_name:srp_Nitr.euro._BX321857
seq_len:96
seq_name:5s_Hyphomicrobium-sp.-3
seq_len:119
seq_name:srp_Rhod.palu._CP000301
seq_len:105
seq_name:5s_Candida-melibiosica-1
seq_len:121
seq_name:tRNA_tdbR00000190-Bos_taurus-9913-Lys-NUU
seq_len:70
seq_name:tRNA_tdbR00000510-Escherichia_coli-562-Ini-CAU
seq_len:77
seq_name:RNaseP_Oscillatoria-PCC7515
seq_len:359
seq_name:srp_Lept.coll._AF006750
seq_len:280
seq_name:srp_Haem.infl._U32795
seq_len:113
seq_name:RNaseP_SM2
seq_len:294
seq_name:srp_Stre.aver._BA000030
seq_len:90
seq_name:5s_Arthrobacter-globiformis-1
seq_len:121
seq_name:tmRNA_Shew.amaz._CP000507_1-356
seq_len:356
seq_name:RNaseP_P.acanthamoebae
seq_len:306
seq_name:5s_Pseudonocardia-hydrocarbonoxydans-1
seq_len:120
seq_name:tmRNA_Shig.flex._AE005674_1-363
seq_len:363
seq_name:5s_Methanosarcina-acetivorans-2
seq_len:130
seq_name:RNaseP_P126
seq_len:293
seq_name:tmRNA_Stre.pneu._AE008453_1-348
seq_len:348
seq_name:tmRNA_Phot.prof._CR378665_1-368
seq_len:368
seq_name:tRNA_tdbR00000471-Oryctolagus_cuniculus-9986-Val-IAC
seq_len:76
seq_name:tmRNA_Stre.pneu._TRW-1313_1-348
seq_len:348
seq_name:5s_Zygoascus-hellenicus-1
seq_len:120
seq_name:srp_Plas.falc._AE014819
seq_len:307
seq_name:5s_Haemophilus-influenzae-4
seq_len:115
seq_name:RNaseP_N.plantarum
seq_len:307
seq_name:tRNA_tdbR00000146-Lupinus_luteus-3873-His-GUG
seq_len:76
seq_name:5s_Schizosaccharomyces-pombe-1
seq_len:119
seq_name:16s_C.elegans_domain4
seq_len:73
seq_name:5s_Hymeniacidon-sanguinea-1
seq_len:120
seq_name:5s_Corynebacterium-xerosis-2
seq_len:121
seq_name:5s_Agrobacterium-tumefaciens-4
seq_len:122
seq_name:16s_P.occultum_domain3
seq_len:485
seq_name:tmRNA_List.seel._AF440350_1-321
seq_len:321
seq_name:5s_Clostridium-butyricum-1
seq_len:117
seq_name:tmRNA_Heli.pylo._AE000511_1-386
seq_len:386
seq_name:srp_Buch.aphi._AE014122
seq_len:118
seq_name:5s_Kibdelosporangium-aridum-1
seq_len:120
seq_name:tRNA_tdbR00000365-Aedes_albopictus-7160-Arg-UCG
seq_len:67
seq_name:srp_Caen.eleg._AY948608
seq_len:299
seq_name:5s_Pyrococcus-horikoshii-1
seq_len:122
seq_name:tmRNA_List.mono._TRW-1639-1_1-370
seq_len:370
seq_name:srp_Prun.arme._CV045835
seq_len:67
seq_name:tRNA_tdbR00000103-Homo_sapiens-9606-Phe-AA
seq_len:76
seq_name:5s_Bugula-neritina-1
seq_len:120
seq_name:srp_Gloe.viol._BA000045
seq_len:99
seq_name:srp_Sphi.witt._CP000699
seq_len:105
seq_name:tmRNA_Soli.usit._CP000473_1-352
seq_len:352
seq_name:16s_T.maritima_domain4
seq_len:151
seq_name:5s_Phacus-curvicauda-1
seq_len:118
seq_name:5s_Samia-cynthia-ricini-x-Bombyx-mori-1
seq_len:120
seq_name:tRNA_tdbR00000330-Haloferax_volcanii-2246-Gln-MUG
seq_len:76
seq_name:tmRNA_uncu.bact._TRW-32045-4_1-369
seq_len:369
seq_name:srp_Brev.brev._D12926
seq_len:103
seq_name:5s_Acidithiobacillus-ferrooxidans-2
seq_len:120
seq_name:tmRNA_Yers.pest._AE017042_1-364
seq_len:364
seq_name:tmRNA_Shig.flex._AE014073_1-363
seq_len:363
seq_name:RNaseP_ERH
seq_len:301
seq_name:RNaseP_SM-A1621
seq_len:348
seq_name:srp_Clos.teta._AE015927
seq_len:267
seq_name:tmRNA_Xyle.fast._AE009442_1-355
seq_len:355
seq_name:5s_Escherichia-coli-5
seq_len:120
seq_name:srp_Stre.dysg._AJ489606
seq_len:89
seq_name:srp_Stre.livi._AY081854
seq_len:90
seq_name:5s_Pyrococcus-horikoshii-2
seq_len:122
seq_name:5s_Perkinsus-andrewsi-2
seq_len:121
seq_name:tRNA_tdbR00000466-Saccharomyces_cerevisiae-4932-Val-AC
seq_len:77
seq_name:tRNA_tdbR00000565-Bos_taurus-9913-Tyr-9PA
seq_len:77
seq_name:5s_Staphylococcus-aureus-2
seq_len:115
seq_name:5s_Sinorhizobium-meliloti-1
seq_len:120
seq_name:5s_Kondoa-malvinella-1
seq_len:119
seq_name:srp_Gibb.moni._GSP-334819
seq_len:298
seq_name:tmRNA_Clos.perf._CP000312_1-361
seq_len:361
seq_name:srp_Myco.hyop._AE017244
seq_len:81
seq_name:5s_Helicobacter-hepaticus-1
seq_len:132
seq_name:srp_Stre.pyog._AE009969
seq_len:78
seq_name:tRNA_tdbR00000020-Escherichia_coli-562-Cys-GCA
seq_len:74
seq_name:tRNA_tdbR00000214-Haloferax_volcanii-2246-Leu-UAA
seq_len:88
seq_name:5s_Ascobolus-immersus-2
seq_len:119
current processing 2101/3446
seq_name:tRNA_tdbR00000499-Halobacterium_salinarum-2242-Ini-CAU
seq_len:78
seq_name:tmRNA_Urea.parv._AE002154_1-413
seq_len:413
seq_name:tmRNA_Camp.coli._TRW-306254_1-359
seq_len:359
seq_name:tRNA_tdbR00000580-Aeropyrum_pernix-56636-Lys-UUU
seq_len:80
seq_name:srp_Homo.sapi._X01037
seq_len:299
seq_name:srp_Porp.yezo._AP006715
seq_len:108
seq_name:5s_Lentinula-edodes-1
seq_len:120
seq_name:16s_B.burgdorferi_domain4
seq_len:147
seq_name:RNaseP_P.fluorescens
seq_len:354
seq_name:tRNA_tdbR00000511-Escherichia_coli-562-Ini-CAU
seq_len:77
seq_name:srp_Stap.epid._AF269814
seq_len:101
seq_name:srp_Dros.mela._X00952
seq_len:298
seq_name:srp_Shew.deni._CP000302
seq_len:114
seq_name:tmRNA_Myco.pulm._AL445565_1-387
seq_len:387
seq_name:RNaseP_S.caesia-SB01
seq_len:339
seq_name:5s_Ectothiorhodospira-shaposhnikovii-1
seq_len:120
seq_name:srp_Bifi.adol._AP009256
seq_len:98
seq_name:tRNA_tdbR00000216-Mycoplasma_capricolum-2095-Leu-BAA
seq_len:85
seq_name:5s_Xenopus-laevis-4
seq_len:120
seq_name:RNaseP_A.fastidiosum
seq_len:309
seq_name:srp_Cryp.parv._AA532232
seq_len:278
seq_name:tRNA_tdbR00000374-Bos_taurus-9913-Arg-CCG
seq_len:76
seq_name:tmRNA_Ther.ther._TRW-300852_1-349
seq_len:349
seq_name:5s_Pseudomonas-putida-2
seq_len:120
seq_name:5s_Planococcus-citreus-1
seq_len:116
seq_name:srp_Myco.gall._AE016968
seq_len:82
seq_name:RNaseP_LGW23
seq_len:331
seq_name:RNaseP_Nostoc-PCC7107
seq_len:389
seq_name:tRNA_tdbR00000395-Saccharomyces_cerevisiae-4932-Ser-GCU
seq_len:86
seq_name:RNaseP_E.eschsholtzii
seq_len:317
seq_name:5s_Corynebacterium-variabile-1
seq_len:121
seq_name:tmRNA_Vibr.spec._TRW-345075_1-368
seq_len:368
seq_name:srp_Stre.agal._AE014209
seq_len:77
seq_name:srp_Brad.japo._BA000040
seq_len:33
seq_name:RNaseP_ESH167F
seq_len:278
seq_name:srp_List.mono._U15684
seq_len:279
seq_name:5s_Fusarium-pseudograminearum-1
seq_len:119
seq_name:tRNA_tdbR00000505-Mycoplasma_mycoides-2102-Ini-CAU
seq_len:76
seq_name:grp1_a.I1.e.B.ciliata.JCM6865.C1.SSU.1506
seq_len:357
seq_name:5s_Neurospora-crassa-12
seq_len:120
seq_name:5s_Pseudomonas-fluorescens-3
seq_len:120
seq_name:5s_Yersinia-pseudotuberculosis-5
seq_len:120
seq_name:5s_Platymonas-subcordiformis-1
seq_len:120
seq_name:RNaseP_ESH26-4
seq_len:281
seq_name:5s_Thermoplasma-volcanium-1
seq_len:123
seq_name:5s_Ureaplasma-parvum-1
seq_len:102
seq_name:5s_Desulfovibrio-vulgaris-1
seq_len:117
seq_name:5s_Phaseolus-vulgaris-2
seq_len:119
seq_name:grp1_b.I1.e.C.saccharophila.C1.SSU.156
seq_len:454
seq_name:5s_Exidia-glandulosa-1
seq_len:118
seq_name:5s_Lactobacillus-johnsonii-1
seq_len:116
seq_name:grp1_a.I1.e.C.saccatum.C1.SSU.1512
seq_len:476
seq_name:16s_P.staleyi_domain4
seq_len:147
seq_name:tRNA_tdbR00000364-Ascaris_suum-6253-Arg-ACG
seq_len:57
seq_name:RNaseP_E.coli-g
seq_len:377
seq_name:5s_Sterkiella-nova-1
seq_len:120
seq_name:5s_Agrobacterium-tumefaciens-7
seq_len:126
seq_name:5s_Methanosarcina-mazei-1
seq_len:128
seq_name:5s_Fusarium-pseudograminearum-3
seq_len:119
seq_name:16s_G.intestinalis_domain2
seq_len:392
seq_name:5s_Streptococcus-pyogenes-3
seq_len:116
seq_name:srp_Halo.halo._X01698
seq_len:304
seq_name:5s_Arthrobacter-globiformis-2
seq_len:122
seq_name:5s_Mycobacterium-avium-1
seq_len:115
seq_name:tRNA_tdbR00000254-Candida_cylindracea-44322-Leu-IAG
seq_len:85
seq_name:5s_Streptomyces-nodosus-1
seq_len:120
seq_name:grp1_a.I1.e.D.parva.C1.SSU.1512
seq_len:436
seq_name:srp_Meth.acet._X17238
seq_len:315
seq_name:RNaseP_L.ferrooxidans-MK
seq_len:327
seq_name:5s_Methanothermobacter-thermautotrophicus-1
seq_len:129
seq_name:srp_Burk.pseu._CP000572
seq_len:79
seq_name:5s_Crithidia-fasciculata-1
seq_len:120
seq_name:srp_Haem.ducr._AE017154
seq_len:113
seq_name:tRNA_tdbR00000179-Bacillus_subtilis-1423-Lys-UU
seq_len:76
seq_name:tRNA_tdbR00000572-Leishmania_tarentolae-5689-Lys-1UU
seq_len:73
seq_name:tRNA_tdbR00000492-Rattus_norvegicus-10116-Trp-NCA
seq_len:70
seq_name:srp_Lact.lact._CP000425
seq_len:36
seq_name:srp_Humu.lupu._AJ236706
seq_len:299
seq_name:srp_List.inno._AL596173
seq_len:277
seq_name:RNaseP_ESH7-4
seq_len:356
seq_name:5s_Silicibacter-pomeroyi-1
seq_len:118
seq_name:tmRNA_Chro.sale._CP000285_1-380
seq_len:380
seq_name:tmRNA_Haem.ducr._AE017143_1-367
seq_len:367
seq_name:5s_Pseudocentrotus-depressus-1
seq_len:120
seq_name:tmRNA_Clos.perf._TRW-195102_1-361
seq_len:361
seq_name:5s_Gymnosporangium-clavariaeforme-1
seq_len:118
seq_name:16s_T.gondii_domain3
seq_len:500
seq_name:tRNA_tdbR00000593-Ascaris_suum-6253-Trp-CA
seq_len:60
seq_name:5s_Fluoribacter-bozemanae-1
seq_len:118
seq_name:srp_Salm.ente._AL627266
seq_len:98
seq_name:5s_Aeromonas-hydrophila-1
seq_len:118
seq_name:srp_Meth.mari._BX957223
seq_len:314
seq_name:5s_Spirogyra-sp.-1
seq_len:120
seq_name:tRNA_tdbR00000399-Aedes_albopictus-7160-Ser-GCU
seq_len:67
seq_name:srp_Stro.purp._GSP-7668
seq_len:301
seq_name:tmRNA_Esch.coli._AP009048_1-363
seq_len:363
seq_name:tmRNA_Nitr.ocea._CP000127_1-361
seq_len:361
seq_name:5s_Rickettsia-moozeri-1
seq_len:119
seq_name:tRNA_tdbR00000328-Enterobacteria_phage_T5-10726-Gln-UUG
seq_len:78
seq_name:5s_Lactococcus-lactis-4
seq_len:116
current processing 2201/3446
seq_name:5s_Candida-zeylanoides-1
seq_len:121
seq_name:5s_Bacillus-cereus-4
seq_len:119
seq_name:tRNA_tdbR00000074-Tetrahymena_pyriformis-5908-Phe-GAA
seq_len:76
seq_name:5s_Illex-illecebrosus-1
seq_len:120
seq_name:srp_Humu.japo._X65990
seq_len:301
seq_name:5s_Xanthomonas-oryzae-1
seq_len:117
seq_name:tmRNA_Phot.asym._TRW-291112_1-364
seq_len:364
seq_name:srp_Baci.mega._D11414
seq_len:270
seq_name:RNaseP_P.aeruginosa
seq_len:350
seq_name:5s_Chlamydomonas-reinhardtii-2
seq_len:121
seq_name:tmRNA_Salm.typh._AY319520_1-363
seq_len:363
seq_name:5s_Sphingomonas-ursincola-1
seq_len:118
seq_name:RNaseP_D.vulgaris
seq_len:359
seq_name:5s_Ustilago-hordei-1
seq_len:119
seq_name:tRNA_tdbR00000421-Rattus_norvegicus-10116-Ser-IGA
seq_len:85
seq_name:tRNA_tdbR00000549-Tetrahymena_pyriformis-5908-Tyr-QUA
seq_len:83
seq_name:5s_Halocynthia-roretzi-1
seq_len:119
seq_name:srp_Chla.trac._CP000051
seq_len:106
seq_name:srp_Baci.thur._AE017355
seq_len:269
seq_name:5s_Pichia-jadinii-2
seq_len:121
seq_name:RNaseP_M.fermentans
seq_len:302
seq_name:grp1_a.I1.e.L.dispersa.UNK.SSU.1046
seq_len:255
seq_name:5s_Bombyx-mori-3
seq_len:120
seq_name:srp_Stap.sapr._AP008934
seq_len:101
seq_name:grp1_a.I1.e.B.ciliata.JCM6865.C1.SSU.943
seq_len:360
seq_name:tmRNA_Camp.lari._TRW-306263_1-359
seq_len:359
seq_name:16s_Z.mays_domain1
seq_len:506
seq_name:srp_Urea.parv._AE002112
seq_len:102
seq_name:tRNA_tdbR00000132-Lupinus_luteus-3873-Gly-GCC
seq_len:74
seq_name:srp_Tryp.bruc._AF047723
seq_len:273
seq_name:5s_Vibrio-cholerae-2
seq_len:118
seq_name:srp_Clos.ther._CP000568
seq_len:175
seq_name:srp_Ther.koda._AP006878
seq_len:318
seq_name:srp_Vibr.chol._AE004188
seq_len:100
seq_name:tmRNA_Meth.caps._AE017282_1-356
seq_len:356
seq_name:5s_Ralstonia-solanacearum-2
seq_len:115
seq_name:5s_Pseudomonas-syringae-4
seq_len:115
seq_name:srp_Thei.parv._GSP-333668
seq_len:280
seq_name:srp_Leis.trop._AY781789
seq_len:134
seq_name:16s_B.subtilis_domain3
seq_len:483
seq_name:5s_Lycopersicon-esculentum-1
seq_len:120
seq_name:5s_Pseudomonas-putida-1
seq_len:120
seq_name:5s_Drosophila-teissieri-1
seq_len:120
seq_name:srp_Bruc.meli._AE009624
seq_len:106
seq_name:tmRNA_Chla.muri._TRW-83560_1-421
seq_len:421
seq_name:tRNA_tdbR00000220-Escherichia_coli-562-Leu-HAA
seq_len:87
seq_name:srp_Dros.will._GSP-7260
seq_len:301
seq_name:5s_Methylobacterium-sp.-1
seq_len:116
seq_name:srp_Myco.bovi._BX248347
seq_len:59
seq_name:srp_Rals.sola._AL646052
seq_len:101
seq_name:RNaseP_ESH167E
seq_len:295
seq_name:RNaseP_SM-A1519
seq_len:300
seq_name:tmRNA_Camp.jeju._CP000025_1-359
seq_len:359
seq_name:tRNA_tdbR00000227-Geobacillus_stearothermophilus-1422-Leu-BAA
seq_len:86
seq_name:5s_Leptospira-interrogans-2
seq_len:120
seq_name:srp_Arab.thal._AC005275
seq_len:305
seq_name:tmRNA_Aste.yell._TRW-322098_1-426
seq_len:426
seq_name:RNaseP_S.polymorpha
seq_len:304
seq_name:5s_Escherichia-coli-14
seq_len:120
seq_name:srp_Cypr.carp._CF662133
seq_len:297
seq_name:tmRNA_Haem.infl._TRW-262728_1-366
seq_len:366
seq_name:5s_Puccinia-poarum-1
seq_len:118
seq_name:srp_Shew.spec._CP000444
seq_len:116
seq_name:RNaseP_S.acidocaldarius
seq_len:315
seq_name:srp_Pseu.fluo._CP000076
seq_len:100
seq_name:5s_Vitreoscilla-filiformis-1
seq_len:116
seq_name:tRNA_tdbR00000309-Enterobacteria_phage_T4-10665-Pro-NGG
seq_len:77
seq_name:srp_Shew.balt._CP000753
seq_len:93
seq_name:tmRNA_Fuso.nucl._TRW-209882_1-344
seq_len:344
seq_name:5s_Photorhabdus-luminescens-1
seq_len:118
seq_name:srp_Baci.clau._AP006627
seq_len:103
seq_name:tRNA_tdbR00000444-Saccharomyces_cerevisiae-4932-Thr-IGU
seq_len:76
seq_name:tmRNA_Grac.tenu._AY673996_1-396
seq_len:396
seq_name:tRNA_tdbR00000423-Rattus_norvegicus-10116-Ser-IGA
seq_len:86
seq_name:tRNA_tdbR00000165-Solanum_tuberosum-4113-Ile-AU
seq_len:77
seq_name:tmRNA_Burk.ceno._CP000378_1-370
seq_len:370
seq_name:tmRNA_Stre.miti._TRW-246201_1-348
seq_len:348
seq_name:grp1_b.I1.e.M.anisopliae.3.C1.LSU.1921
seq_len:394
seq_name:srp_Pseu.fluo._CP000094
seq_len:117
seq_name:tmRNA_Nost.spec._BA000019_1-390
seq_len:390
seq_name:srp_Trit.aest._CA694528
seq_len:259
seq_name:RNaseP_SL2D
seq_len:293
seq_name:RNaseP_LGB5
seq_len:298
seq_name:tRNA_tdbR00000286-Lupinus_luteus-3873-Met-BAU
seq_len:77
seq_name:tRNA_tdbR00000390-Escherichia_coli-562-Ser-CGA
seq_len:90
seq_name:tmRNA_Legi.pneu._CR628337_1-406
seq_len:406
seq_name:srp_Schi.japo._GSP-402676
seq_len:257
seq_name:tmRNA_Neis.meni._TRW-122586_1-363
seq_len:363
seq_name:srp_Bord.aviu._AM167904
seq_len:103
seq_name:5s_Deinococcus-radiodurans-2
seq_len:124
seq_name:5s_Fusarium-lunulosporum-1
seq_len:119
seq_name:5s_Helianthus-annuus-1
seq_len:120
seq_name:5s_Helicobasidium-purpureum-1
seq_len:119
seq_name:srp_Chla.pneu._AE001363
seq_len:116
seq_name:5s_Neurospora-crassa-10
seq_len:120
seq_name:tmRNA_Myco.lepr._TRW-272631_1-369
seq_len:369
seq_name:tmRNA_Stap.aure._TRW-1280_1-362
seq_len:362
seq_name:5s_Acheta-domesticus-1
seq_len:120
seq_name:RNaseP_S.servazzii
seq_len:234
seq_name:5s_Filobasidium-capsuligenum-1
seq_len:118
current processing 2301/3446
seq_name:tmRNA_Myco.tube._TRW-164513_1-368
seq_len:368
seq_name:tRNA_tdbR00000125-Bos_taurus-9913-Gly-UCC
seq_len:72
seq_name:5s_Fusarium-asiaticum-8
seq_len:119
seq_name:tmRNA_Stre.aure._AY616521_1-382
seq_len:382
seq_name:tRNA_tdbR00000577-Leishmania_tarentolae-5689-Glu-CUC
seq_len:72
seq_name:srp_Yers.pest._AL590842
seq_len:98
seq_name:srp_Baci.cere._AE016998
seq_len:103
seq_name:23s_T.thermophilus_domain4
seq_len:339
seq_name:tmRNA_Meth.flag._CP000284_1-361
seq_len:361
seq_name:srp_Citr.sine._CN181544
seq_len:78
seq_name:RNaseP_SM-A2539
seq_len:329
seq_name:5s_Arthrobacter-oxydans-1
seq_len:121
seq_name:tRNA_tdbR00000619-Toxoplasma_gondii-5811-Met-CAU
seq_len:73
seq_name:RNaseP_M.avium
seq_len:398
seq_name:tRNA_tdbR00000041-Xenopus_laevis-8355-Asp-8UC
seq_len:75
seq_name:5s_Streptomyces-sp.-2
seq_len:120
seq_name:grp1_a.I1.e.P.clavariiformis.C1.SSU.943
seq_len:448
seq_name:tmRNA_Lact.lact._AF176556_1-359
seq_len:359
seq_name:5s_Vibrio-fischeri-1
seq_len:121
seq_name:5s_Neurospora-crassa-15
seq_len:119
seq_name:tmRNA_Shig.dyse._CP000034_1-363
seq_len:363
seq_name:5s_Shigella-flexneri-2
seq_len:119
seq_name:srp_Cory.jeik._CR931997
seq_len:91
seq_name:srp_Myco.capr._CP000123
seq_len:98
seq_name:RNaseP_vHge3-5
seq_len:359
seq_name:grp1_a.I1.e.Staurastrum.sp.M752.C1.SSU.1506
seq_len:423
seq_name:srp_Trit.aest._CA718249
seq_len:240
seq_name:RNaseP_H.volcanii
seq_len:433
seq_name:5s_Fusarium-lunulosporum-3
seq_len:119
seq_name:tmRNA_Chla.pneu._AE002224_1-423
seq_len:423
seq_name:5s_Salmonella-enterica-7
seq_len:120
seq_name:tRNA_tdbR00000519-Phaseolus_vulgaris-3885-Ini-CAU
seq_len:77
seq_name:srp_Medi.trun._AC136507
seq_len:295
seq_name:5s_Fusarium-culmorum-5
seq_len:119
seq_name:srp_Myco.myco._BX293980
seq_len:96
seq_name:srp_Rhod.rubr._CP000230
seq_len:105
seq_name:tmRNA_Arth.spec._CP000454_1-369
seq_len:369
seq_name:5s_Idiomarina-loihiensis-2
seq_len:123
seq_name:tRNA_tdbR00000230-Glycine_max-3847-Leu-UA7
seq_len:83
seq_name:5s_Methylophilus-methylotrophus-1
seq_len:115
seq_name:5s_Mycobacterium-bovis-1
seq_len:117
seq_name:srp_Pyro.abys._AJ248283
seq_len:297
seq_name:5s_Proteus-vulgaris-1
seq_len:120
seq_name:grp1_a.I1.e.P.carinii.Pc2.C1.LSU.1921
seq_len:355
seq_name:srp_Plas.viva._GSP-31273
seq_len:312
seq_name:5s_Methanococcus-vannielii-1
seq_len:120
seq_name:srp_Humu.japo._X65991
seq_len:303
seq_name:tRNA_tdbR00000225-Synechococcus_elongatus_PCC_6301-269084-Leu-CAA
seq_len:87
seq_name:tmRNA_Xant.camp._AE012247_1-397
seq_len:397
seq_name:RNaseP_S.liquefaciens
seq_len:303
seq_name:5s_Acholeplasma-laidlawii-2
seq_len:111
seq_name:srp_Lyco.escu._Z29112
seq_len:303
seq_name:tmRNA_envi.sequ._TRW-2-1_1-365
seq_len:365
seq_name:tRNA_tdbR00000387-Bacillus_subtilis-1423-Ser-5GA
seq_len:92
seq_name:5s_Ectothiorhodospira-mobilis-1
seq_len:119
seq_name:srp_Stre.pyog._AE014139
seq_len:99
seq_name:5s_Ephedra-kokanica-1
seq_len:120
seq_name:tRNA_tdbR00000112-Mycoplasma_mycoides-2102-Gly-UCC
seq_len:74
seq_name:tmRNA_Clos.perf._CP000246_1-361
seq_len:361
seq_name:5s_Xenopus-laevis-2
seq_len:120
seq_name:srp_Baci.subt._D26185
seq_len:270
seq_name:srp_Dein.radi._AE002056
seq_len:100
seq_name:tRNA_tdbR00000594-Ascaris_suum-6253-Leu-AA
seq_len:58
seq_name:16s_B.subtilis_domain4
seq_len:148
seq_name:srp_Arth.aure._CP000474
seq_len:92
seq_name:tmRNA_Xyle.fast._AE003849_1-355
seq_len:355
seq_name:tRNA_tdbR00000160-Escherichia_coli-562-Ile-AU
seq_len:76
seq_name:5s_Mycoplasma-gallisepticum-3
seq_len:112
seq_name:srp_Micr.lyso._M31831
seq_len:88
seq_name:5s_Erythromicrobium-ramosum-1
seq_len:120
seq_name:srp_Clos.novy._CP000382
seq_len:231
seq_name:RNaseP_C.psittaci-2
seq_len:332
seq_name:RNaseP_B.bronchiseptica
seq_len:243
seq_name:5s_Methanothermococcus-thermolithotrophicus-1
seq_len:120
seq_name:tRNA_tdbR00000573-Leishmania_tarentolae-5689-Gln-3UG
seq_len:72
seq_name:tRNA_tdbR00000300-Saccharomyces_cerevisiae-4932-Asn-GUU
seq_len:77
seq_name:5s_Mycoplasma-sp.-1
seq_len:109
seq_name:srp_Heli.pylo._AE001441
seq_len:103
seq_name:5s_Fusarium-lunulosporum-5
seq_len:119
seq_name:srp_Arab.thal._X72228
seq_len:306
seq_name:16s_H.sapiens.mito_domain4
seq_len:120
seq_name:srp_Stap.aure._E36052
seq_len:270
seq_name:srp_Para.deni._CP000489
seq_len:33
seq_name:RNaseP_A.erythreum
seq_len:310
seq_name:tmRNA_Xyle.fast._AE004078_1-355
seq_len:355
seq_name:tmRNA_Odon.sine._TRW-2839_1-371
seq_len:371
seq_name:RNaseP_SM-A3761
seq_len:392
seq_name:5s_Escherichia-coli-6
seq_len:120
seq_name:5s_Calliphora-vicina-1
seq_len:120
seq_name:tRNA_tdbR00000403-Bos_taurus-9913-Ser-UGA
seq_len:72
seq_name:5s_Acanthamoeba-castellanii-2
seq_len:119
seq_name:tRNA_tdbR00000460-Aedes_albopictus-7160-Val-UAC
seq_len:75
seq_name:5s_Roseococcus-thiosulfatophilus-2
seq_len:120
seq_name:5s_Bacillus-firmus-1
seq_len:116
seq_name:srp_Wolb.endo._AE017321
seq_len:103
seq_name:srp_Ehrl.cani._CP000107
seq_len:82
seq_name:tRNA_tdbR00000237-Saccharomyces_cerevisiae-4932-Leu-AA
seq_len:85
seq_name:5s_Legionella-longbeachae-1
seq_len:118
seq_name:tRNA_tdbR00000149-Homo_sapiens-9606-His-GUG
seq_len:76
seq_name:5s_Mycoplasma-mycoides-2
seq_len:110
current processing 2401/3446
seq_name:5s_Puccinia-suaveolens-1
seq_len:119
seq_name:5s_Halichondria-panicea-1
seq_len:120
seq_name:srp_Salm.typh._AE008717
seq_len:116
seq_name:5s_Amycolatopsis-orientalis-1
seq_len:120
seq_name:5s_Hemicentrotus-sp.-1
seq_len:120
seq_name:tRNA_tdbR00000419-Nicotiana_rustica-4093-Ser-IGA
seq_len:85
seq_name:tRNA_tdbR00000100-Mus_musculus-10090-Phe-AA
seq_len:76
seq_name:tmRNA_Esch.coli._BA000007_1-363
seq_len:363
seq_name:tRNA_tdbR00000252-Pichia_jadinii-4903-Leu-BAA
seq_len:85
seq_name:srp_Lact.case._CP000423
seq_len:79
seq_name:5s_Bacillus-cereus-7
seq_len:118
seq_name:srp_Bruc.meli._AM040264
seq_len:106
seq_name:5s_Pseudomonas-stutzeri-2
seq_len:120
seq_name:tmRNA_Neph.oliv._AF137379-2_1-327
seq_len:327
seq_name:5s_Lactobacillus-delbrueckii-2
seq_len:117
seq_name:5s_Escherichia-coli-11
seq_len:122
seq_name:srp_Burk.cepa._CP000440
seq_len:96
seq_name:RNaseP_B.thetaiotaomicron
seq_len:361
seq_name:5s_Acinetobacter-sp.-1
seq_len:116
seq_name:srp_Lodd.elon._GSP-379508
seq_len:299
seq_name:5s_Lethenteron-reissneri-1
seq_len:120
seq_name:tRNA_tdbR00000361-Saccharomyces_cerevisiae-4932-Arg-ACG
seq_len:74
seq_name:srp_Baci.pumi._D11415
seq_len:270
seq_name:srp_Camp.jeju._CP000768
seq_len:103
seq_name:RNaseP_S.kluyveri
seq_len:336
seq_name:5s_Lactobacillus-plantarum-1
seq_len:119
seq_name:srp_List.mono._AL591984
seq_len:103
seq_name:srp_Alca.bork._AM286690
seq_len:104
seq_name:5s_Cancer-pagurus-1
seq_len:120
seq_name:5s_Geobacillus-kaustophilus-1
seq_len:117
seq_name:tRNA_tdbR00000148-Ovis_aries-9940-His-QUG
seq_len:76
seq_name:RNaseP_ERE
seq_len:307
seq_name:5s_Stilbum-vulgare-1
seq_len:118
seq_name:srp_Pseu.puti._CP000712
seq_len:98
seq_name:5s_Vibrio-vulnificus-4
seq_len:120
seq_name:srp_Zymo.mobi._AF203881
seq_len:99
seq_name:RNaseP_C.trachomatis-2
seq_len:408
seq_name:srp_Pedi.pent._CP000422
seq_len:59
seq_name:srp_Xant.camp._AM039952
seq_len:118
seq_name:srp_Ther.cele._X17240
seq_len:318
seq_name:tRNA_tdbR00000054-Saccharomyces_cerevisiae-4932-Glu-3UC
seq_len:75
seq_name:tmRNA_Verr.spin._TRW-240016_1-356
seq_len:356
seq_name:tRNA_tdbR00000393-Escherichia_coli-562-Ser-GGA
seq_len:88
seq_name:tRNA_tdbR00000353-Mycoplasma_capricolum-2095-Arg-CU
seq_len:77
seq_name:srp_Esch.coli._AE014075
seq_len:117
seq_name:tRNA_tdbR00000045-Escherichia_coli-562-Glu-SUC
seq_len:76
seq_name:5s_Diplonema-papillatum-2
seq_len:117
seq_name:5s_Candida-magnoliae-1
seq_len:120
seq_name:RNaseP_C.limicola
seq_len:386
seq_name:23s_S.aureus_domain3
seq_len:379
seq_name:tRNA_tdbR00000078-Ascaris_suum-6253-Phe-GAA
seq_len:62
seq_name:RNaseP_EF
seq_len:296
seq_name:5s_Haliclona-oculata-1
seq_len:120
seq_name:5s_Brassica-napus-1
seq_len:120
seq_name:tmRNA_Salm.typh._AY316313_1-363
seq_len:363
seq_name:5s_Araneus-diadematus-1
seq_len:120
seq_name:5s_Planobispora-longispora-1
seq_len:120
seq_name:srp_Arch.fulg._AE000782
seq_len:310
seq_name:srp_Lyco.escu._Z46745
seq_len:303
seq_name:tRNA_tdbR00000370-Saccharomyces_cerevisiae-4932-Arg-1CU
seq_len:75
seq_name:tmRNA_Myco.myco._BX842642_1-411
seq_len:411
seq_name:tmRNA_Myco.Bxz1._AY129337_1-437
seq_len:437
seq_name:tRNA_tdbR00000453-Bacillus_subtilis-1423-Val-5AC
seq_len:76
seq_name:5s_Methanothermobacter-thermautotrophicus-3
seq_len:127
seq_name:5s_Lentinula-edodes-2
seq_len:120
seq_name:srp_Yers.pest._CP000668
seq_len:114
seq_name:srp_Stre.agal._CP000114
seq_len:77
seq_name:srp_Heli.pylo._AE000511
seq_len:103
seq_name:srp_Legi.pneu._CP000675
seq_len:113
seq_name:tRNA_tdbR00000542-Mycoplasma_capricolum-2095-Tyr-GUA
seq_len:84
seq_name:5s_Rhcoc_fas1B
seq_len:120
seq_name:srp_Xeno.laev._X01055
seq_len:297
seq_name:RNaseP_P.abyssi
seq_len:330
seq_name:tRNA_tdbR00000524-Scenedesmus_obliquus-3088-Ini-CAU
seq_len:75
seq_name:RNaseP_ESH7-16
seq_len:318
seq_name:srp_Rals.eutr._CP000090
seq_len:106
seq_name:tRNA_tdbR00000518-Saccharomyces_cerevisiae-4932-Ini-CAU
seq_len:76
seq_name:5s_Haemophilus-influenzae-1
seq_len:115
seq_name:srp_Rhod.spha._CP000143
seq_len:41
seq_name:srp_Novo.arom._CP000248
seq_len:41
seq_name:tRNA_tdbR00000452-Mycoplasma_mycoides-2102-Val-UAC
seq_len:76
seq_name:5s_Euglena-gracilis-1
seq_len:120
seq_name:tRNA_tdbR00000386-Mycoplasma_mycoides-2102-Ser-UGA
seq_len:93
seq_name:tRNA_tdbR00000560-Lupinus_luteus-3873-Tyr-GPA
seq_len:76
seq_name:tmRNA_Mann.succ._AE016827_1-367
seq_len:367
seq_name:tmRNA_Emil.huxl._AY741371_1-291
seq_len:291
seq_name:5s_Terrapene-carolina-1
seq_len:120
seq_name:tRNA_tdbR00000294-Mycoplasma_capricolum-2095-Asn-GUU
seq_len:76
seq_name:RNaseP_SM-A2743
seq_len:331
seq_name:tRNA_tdbR00000097-Bos_taurus-9913-Phe-AA
seq_len:76
seq_name:RNaseP_P.furiosus
seq_len:331
seq_name:5s_Fusarium-lunulosporum-2
seq_len:119
seq_name:RNaseP_K.thermotolerans
seq_len:219
seq_name:5s_Xenopus-tropicalis-1
seq_len:120
seq_name:tmRNA_Ther.mari._TRW-243274-1_1-356
seq_len:356
seq_name:srp_Ente.faec._AE016953
seq_len:105
seq_name:tmRNA_Haem.somn._CP000436_1-367
seq_len:367
seq_name:RNaseP_Nostoc-PCC7413
seq_len:391
seq_name:srp_Lact.lact._AM406671
seq_len:36
seq_name:tmRNA_Soda.glos._AP008232_1-384
seq_len:384
current processing 2501/3446
seq_name:tmRNA_Stap.aure._BX571856_1-362
seq_len:362
seq_name:srp_Lotu.corn._AP006123
seq_len:304
seq_name:srp_Rals.meta._CP000352
seq_len:111
seq_name:RNaseP_SM-A1417
seq_len:302
seq_name:5s_Coprinopsis-cinerea-1
seq_len:118
seq_name:5s_Vibrio-gazogenes-1
seq_len:120
seq_name:tRNA_tdbR00000618-Candida_albicans-5476-Leu-CAG
seq_len:85
seq_name:tmRNA_Shew.frig._CP000447_1-356
seq_len:356
seq_name:5s_Artemia-sp.-3
seq_len:119
seq_name:srp_Meth.acet._AE010299
seq_len:316
seq_name:5s_Comamonas-terrigena-1
seq_len:115
seq_name:RNaseP_S.aureus-2
seq_len:397
seq_name:srp_Xant.camp._DQ256493
seq_len:98
seq_name:tRNA_tdbR00000438-Escherichia_coli-562-Thr-GGU
seq_len:75
seq_name:srp_Psyc.cryo._CP000323
seq_len:111
seq_name:srp_Bifi.long._AE014295
seq_len:89
seq_name:5s_Ascaris-suum-1
seq_len:119
seq_name:tmRNA_Stap.aure._BA000018_1-362
seq_len:362
seq_name:RNaseP_C.difficile
seq_len:340
seq_name:5s_Vibrio-parahaemolyticus-2
seq_len:120
seq_name:tRNA_tdbR00000486-Phaseolus_vulgaris-3885-Trp-BCA
seq_len:77
seq_name:5s_Grimontia-hollisae-1
seq_len:121
seq_name:tmRNA_Stre.sobr._TRW-246202_1-349
seq_len:349
seq_name:5s_Locusta-migratoria-1
seq_len:120
seq_name:tmRNA_Pseu.fluo._TRW-216595_1-397
seq_len:397
seq_name:srp_Sacc.degr._CP000282
seq_len:98
seq_name:tRNA_tdbR00000200-Oryctolagus_cuniculus-9986-Lys-3UU
seq_len:76
seq_name:5s_Agaricostilbum-pulcherrimum-2
seq_len:119
seq_name:RNaseP_E.eschscholtzii-1
seq_len:326
seq_name:tRNA_tdbR00000044-Mycoplasma_capricolum-2095-Glu-UC
seq_len:76
seq_name:tmRNA_envi.sequ._TRW-356-1_1-289
seq_len:289
seq_name:srp_Vibr.fisc._CP000020
seq_len:111
seq_name:tRNA_tdbR00000281-Phaseolus_vulgaris-3885-Met-CAU
seq_len:76
seq_name:srp_Humu.lupu._X65985
seq_len:303
seq_name:srp_Esch.coli._U82664
seq_len:118
seq_name:5s_Escherichia-coli-15
seq_len:121
seq_name:RNaseP_P.purpurea-chloroplast
seq_len:383
seq_name:RNaseP_C.acetobutylicum
seq_len:345
seq_name:tmRNA_Yers.fred._TRW-349966_1-363
seq_len:363
seq_name:tRNA_tdbR00000229-Glycine_max-3847-Leu-JAA
seq_len:88
seq_name:5s_Clostridium-tyrobutyricum-4
seq_len:116
seq_name:5s_Dehalococcoides-ethenogenes-1
seq_len:123
seq_name:tRNA_tdbR00000431-Haloferax_volcanii-2246-Thr-CGU
seq_len:76
seq_name:RNaseP_PS2
seq_len:323
seq_name:RNaseP_SM-A2946
seq_len:312
seq_name:5s_Chlorella-sp.-1
seq_len:120
seq_name:16s_P.staleyi_domain2
seq_len:353
seq_name:5s_Comamonas-terrigena-2
seq_len:115
seq_name:RNaseP_T.celerAL1-2
seq_len:331
seq_name:srp_Tryp.viva._SDB-5699
seq_len:290
seq_name:srp_Medi.trun._AJ846712
seq_len:205
seq_name:tRNA_tdbR00000219-Bacillus_subtilis-1423-Leu-CAG
seq_len:87
seq_name:tmRNA_Ente.saka._TRW-28141_1-364
seq_len:364
seq_name:srp_Baci.cere._AE016877
seq_len:269
seq_name:RNaseP_C.crescentus
seq_len:398
seq_name:RNaseP_Z.rouxii
seq_len:295
seq_name:tmRNA_Neis.meni._TRW-272831_1-363
seq_len:363
seq_name:5s_Streptomyces-diastaticus-1
seq_len:120
seq_name:srp_Lemu.catt._GSP-9447
seq_len:302
seq_name:tmRNA_Bifi.long._TRW-205913_1-397
seq_len:397
seq_name:5s_Caulobacter-sp.-2
seq_len:119
seq_name:5s_Streptomyces-avermitilis-4
seq_len:118
seq_name:5s_Symbiobacterium-thermophilum-3
seq_len:113
seq_name:5s_Pirellula-sp.-2
seq_len:111
seq_name:5s_Perinereis-brevicirris-1
seq_len:120
seq_name:srp_List.wels._AM263198
seq_len:30
seq_name:srp_Meth.mari._CP000745
seq_len:218
seq_name:srp_Dani.rrer._CR925739
seq_len:282
seq_name:srp_Lyco.escu._Z46744
seq_len:303
seq_name:RNaseP_LGB32
seq_len:313
seq_name:RNaseP_N.olivacea-chloroplast
seq_len:398
seq_name:5s_Bacillus-thuringiensis-2
seq_len:114
seq_name:tRNA_tdbR00000211-Haloferax_volcanii-2246-Leu-CAA
seq_len:87
seq_name:5s_Thermococcus-kodakarensis-1
seq_len:126
seq_name:tmRNA_Prop.acne._TRW-1747-1_1-371
seq_len:371
seq_name:srp_Maca.mula._GSP-9544
seq_len:302
seq_name:grp1_a.I1.e.P.macrosporus.C1.SSU.943
seq_len:380
seq_name:srp_Yers.pest._AE017129
seq_len:117
seq_name:5s_Colwellia-psychrerythraea-3
seq_len:119
seq_name:srp_Meth.vann._CP000742
seq_len:36
seq_name:tRNA_tdbR00000048-Synechocystis_sp.-1143-Glu-NUC
seq_len:76
seq_name:srp_Homo.sapi._AL627171
seq_len:299
seq_name:RNaseP_A.brierleyi
seq_len:267
seq_name:srp_Gluc.oxyd._CP000009
seq_len:81
seq_name:srp_Zymo.mobi._AE008692
seq_len:103
seq_name:tmRNA_Spir.kunk._TRW-273035_1-424
seq_len:424
seq_name:5s_Taphrina-deformans-1
seq_len:119
seq_name:5s_Gracilaria-compressa-1
seq_len:121
seq_name:16s_C.reinhardtii.mito_domain2
seq_len:256
seq_name:16s_C.elegans_domain2
seq_len:162
seq_name:5s_Streptococcus-pyogenes-1
seq_len:116
seq_name:RNaseP_Synechococcus-MINOS1
seq_len:305
seq_name:tRNA_tdbR00000350-Haloferax_volcanii-2246-Arg-GCG
seq_len:76
seq_name:5s_Bacillus-anthracis-9
seq_len:119
seq_name:5s_Chlamydomonas-sp.-1
seq_len:118
seq_name:tmRNA_Vibr.para._BA000031_1-368
seq_len:368
seq_name:5s_Xenopus-laevis-5
seq_len:120
seq_name:tRNA_tdbR00000129-Saccharomyces_cerevisiae-4932-Gly-GCC
seq_len:73
seq_name:tmRNA_Lact.gass._TRW-1596_1-366
seq_len:366
seq_name:5s_Mus-musculus-1
seq_len:120
current processing 2601/3446
seq_name:tRNA_tdbR00000610-Caulobacter_crescentus_CB15-190650-His-GUG
seq_len:77
seq_name:tRNA_tdbR00000332-Escherichia_coli-562-Gln-CUG
seq_len:75
seq_name:tmRNA_envi.sequ._TRW-204433_1-356
seq_len:356
seq_name:srp_Leis.majo._AY722714
seq_len:137
seq_name:tRNA_tdbR00000121-Salmonella_typhimurium-602-Gly-NCC
seq_len:75
seq_name:5s_Gluconacetobacter-xylinus-1
seq_len:120
seq_name:RNaseP_M.luteus
seq_len:325
seq_name:RNaseP_B.hermsii
seq_len:285
seq_name:tRNA_tdbR00000576-Leishmania_tarentolae-5689-Asp-GUC
seq_len:72
seq_name:srp_Fran.alni._CT573213
seq_len:91
seq_name:tRNA_tdbR00000287-Oryctolagus_cuniculus-9986-Met-BAU
seq_len:76
seq_name:tRNA_tdbR00000339-Tetrahymena_thermophila-5911-Gln-JUG
seq_len:75
seq_name:RNaseP_C.tepidum-g
seq_len:381
seq_name:srp_Scle.scle._GSP-325569
seq_len:289
seq_name:srp_Dros.viri._GSP-7244
seq_len:297
seq_name:5s_Streptococcus-pyogenes-4
seq_len:116
seq_name:tmRNA_Stap.epid._AF375586_1-311
seq_len:311
seq_name:5s_Neurospora-intermedia-2
seq_len:119
seq_name:5s_Nitrobacter-winogradskyi-1
seq_len:117
seq_name:tmRNA_Prop.acne._TRW-1747-2_1-353
seq_len:353
seq_name:tmRNA_Cyan.mero._TRW-45157_1-236
seq_len:236
seq_name:RNaseP_M.flocculare
seq_len:412
seq_name:srp_Lyco.escu._Z29100
seq_len:213
seq_name:tmRNA_Pseu.fluo._CP000094_1-390
seq_len:390
seq_name:tRNA_tdbR00000595-Escherichia_coli-562-Leu-BAA
seq_len:85
seq_name:srp_Sacc.kluy._AJ550805
seq_len:448
seq_name:srp_Sulf.toko._BA000023
seq_len:308
seq_name:5s_Emericella-nidulans-2
seq_len:119
seq_name:srp_Dros.mela._AC095014
seq_len:299
seq_name:grp1_a.I1.e.P.sarcinoidea.C1.SSU.943
seq_len:476
seq_name:tmRNA_Serr.marc._TRW-273526_1-364
seq_len:364
seq_name:5s_Bacillus-cereus-10
seq_len:124
seq_name:5s_Flectobacillus-major-1
seq_len:114
seq_name:srp_Ochr.anth._CP000758
seq_len:98
seq_name:tmRNA_Sten.malt._TRW-40324_1-354
seq_len:354
seq_name:srp_Cory.glut._AP009044
seq_len:52
seq_name:5s_Mytilus-galloprovincialis-3
seq_len:119
seq_name:5s_Staphylococcus-haemolyticus-1
seq_len:115
seq_name:5s_Tremella-mesenterica-1
seq_len:118
seq_name:5s_Lingula-anatina-2
seq_len:119
seq_name:srp_Pseu.aeru._AE004581
seq_len:114
seq_name:RNaseP_B.brevis
seq_len:411
seq_name:5s_Cryptococcus-neoformans-2
seq_len:117
seq_name:tmRNA_Stre.suis._TRW-218494_1-354
seq_len:354
seq_name:16s_D.melanogaster_domain4
seq_len:169
seq_name:RNaseP_SM-A0911
seq_len:291
seq_name:RNaseP_S.glauca-K202
seq_len:340
seq_name:5s_Paracoccus-denitrificans-1
seq_len:117
seq_name:tmRNA_Paen.larv._TRW-1464_1-367
seq_len:367
seq_name:srp_Desu.vulg._CP000527
seq_len:82
seq_name:tRNA_tdbR00000323-Saccharomyces_cerevisiae-4932-Pro-NGG
seq_len:75
seq_name:srp_Meth.volt._M22560
seq_len:306
seq_name:RNaseP_LGW46
seq_len:384
seq_name:tmRNA_Haem.infl._AY599475_1-366
seq_len:366
seq_name:RNaseP_CPA59
seq_len:316
seq_name:srp_Lott.giga._GSP-225164
seq_len:305
seq_name:srp_Myco.myco._X53678
seq_len:82
seq_name:5s_Agrobacterium-tumefaciens-6
seq_len:120
seq_name:tRNA_tdbR00000352-Mycoplasma_capricolum-2095-Arg-ICG
seq_len:77
seq_name:srp_Stre.muta._AF132127
seq_len:73
seq_name:srp_Homo.sapi._X02067
seq_len:302
seq_name:5s_Drosophila-sechellia-1
seq_len:120
seq_name:5s_Candida-rugosa-1
seq_len:121
seq_name:tRNA_tdbR00000004-Haloferax_volcanii-2246-Ala-UGC
seq_len:75
seq_name:srp_Onch.volv._GSP-6282
seq_len:293
seq_name:5s_Hydrurus-foetidus-1
seq_len:118
seq_name:tRNA_tdbR00000394-Escherichia_coli-562-Ser-VGA
seq_len:88
seq_name:5s_Candida-albicans-1
seq_len:121
seq_name:5s_Stella-humosa-1
seq_len:117
seq_name:5s_Parachlamydia-sp.-1
seq_len:117
seq_name:5s_Coprinopsis-radiata-1
seq_len:118
seq_name:RNaseP_L.acidophilus
seq_len:328
seq_name:5s_Porphyra-umbilicalis-1
seq_len:121
seq_name:srp_Trit.aest._BE424647
seq_len:223
seq_name:5s_Streptococcus-agalactiae-1
seq_len:116
seq_name:5s_Rana-catesbeiana-1
seq_len:119
seq_name:tmRNA_List.wels._AF440351_1-321
seq_len:321
seq_name:tmRNA_Stre.scab._TRW-1883_1-402
seq_len:402
seq_name:tRNA_tdbR00000477-Avian_myeloblastosis_virus-11866-Trp-BCA
seq_len:75
seq_name:RNaseP_N.jensenii
seq_len:326
seq_name:tRNA_tdbR00000396-Saccharomyces_cerevisiae-4932-Ser-UGA
seq_len:90
seq_name:5s_Candidatus-Tremblaya-princeps-2
seq_len:117
seq_name:RNaseP_U.stansburiana
seq_len:327
seq_name:5s_Dichelobacter-nodosus-1
seq_len:120
seq_name:srp_Sino.medi._CP000738
seq_len:33
seq_name:tmRNA_Lact.sake._TRW-314315_1-370
seq_len:370
seq_name:tRNA_tdbR00000506-Streptomyces_griseus-1911-Ini-CAU
seq_len:77
seq_name:srp_Enta.mosh._GSP-41668
seq_len:273
seq_name:srp_Caen.eleg._Z34533
seq_len:290
seq_name:grp1_a.I1.e.A.adeninivorans.C1.LSU.2449
seq_len:450
seq_name:23s_H.pylori_domain4
seq_len:337
seq_name:5s_Alcaligenes-sp.-1
seq_len:118
seq_name:tRNA_tdbR00000271-Haloferax_volcanii-2246-Met-BAU
seq_len:77
seq_name:tmRNA_Rhod.balt._BX294141_1-380
seq_len:380
seq_name:tmRNA_Cory.effi._BA000035_1-376
seq_len:376
seq_name:srp_Stap.aure._BA000018
seq_len:101
seq_name:srp_Xyle.fast._AE009442
seq_len:103
seq_name:5s_Vibrio-mediterranei-1
seq_len:120
seq_name:5s_Pimelobacter-simplex-1
seq_len:120
seq_name:srp_Dros.mela._X01056
seq_len:295
current processing 2701/3446
seq_name:tRNA_tdbR00000428-Homo_sapiens-9606-Ser-UGA
seq_len:85
seq_name:tRNA_tdbR00000367-Bos_taurus-9913-Arg-UCG
seq_len:72
seq_name:srp_Burk.mall._CP000546
seq_len:79
seq_name:5s_Mytilus-edulis-1
seq_len:119
seq_name:srp_Baci.cere._D11413
seq_len:266
seq_name:srp_Myco.vanb._CP000511
seq_len:92
seq_name:srp_Aply.cali._GSP-6500
seq_len:303
seq_name:5s_Sporidiobolus-salmonicolor-1
seq_len:119
seq_name:5s_Fusarium-asiaticum-3
seq_len:119
seq_name:5s_Micrococcus-luteus-2
seq_len:119
seq_name:srp_Stre.muta._AE014133
seq_len:73
seq_name:srp_Proc.mari._BX572093
seq_len:100
seq_name:tmRNA_Esch.coli._CP000468_1-363
seq_len:363
seq_name:16s_H.volcanii_domain2
seq_len:359
seq_name:srp_Shew.spec._CP000503
seq_len:118
seq_name:5s_Erythrobacter-longus-1
seq_len:119
seq_name:5s_Erwinia-carotovora-1
seq_len:120
seq_name:5s_Finegoldia-magna-2
seq_len:117
seq_name:tRNA_tdbR00000324-Saccharomyces_cerevisiae-4932-Pro-NGG
seq_len:75
seq_name:tRNA_tdbR00000605-Lupinus_luteus-3873-Leu-CAG
seq_len:85
seq_name:srp_Pseu.stut._CP000304
seq_len:118
seq_name:5s_Chlamydophila-pneumoniae-3
seq_len:117
seq_name:RNaseP_SM-A02
seq_len:311
seq_name:srp_Lyco.escu._Z29111
seq_len:302
seq_name:tRNA_tdbR00000007-Bacillus_subtilis-1423-Ala-5GC
seq_len:76
seq_name:5s_Spirogyra-grevilleana-1
seq_len:119
seq_name:tRNA_tdbR00000280-Saccharomyces_cerevisiae-4932-Met-CAU
seq_len:77
seq_name:srp_Stap.aure._AF368293
seq_len:101
seq_name:tmRNA_Burk.viet._TRW-269482_1-370
seq_len:370
seq_name:tRNA_tdbR00000114-Staphylococcus_epidermidis-1282-Gly-UCC
seq_len:75
seq_name:tmRNA_Pseu.halo._CR954246_1-357
seq_len:357
seq_name:5s_Anthoceros-punctatus-1
seq_len:118
seq_name:RNaseP_B.calamita
seq_len:397
seq_name:tmRNA_Heli.pylo._TRW-85962_1-386
seq_len:386
seq_name:5s_Pirellula-sp.-1
seq_len:111
seq_name:srp_Bras.napu._EE416381
seq_len:308
seq_name:5s_Mycoplasma-genitalium-1
seq_len:104
seq_name:tRNA_tdbR00000400-Loligo_bleekeri-6617-Ser-7CU
seq_len:71
seq_name:RNaseP_CPA62
seq_len:354
seq_name:srp_Leis.braz._AY781790
seq_len:139
seq_name:5s_Gloiopeltis-complanata-1
seq_len:120
seq_name:srp_Trit.aest._CA626434
seq_len:269
seq_name:srp_Leis.braz._AM494942
seq_len:279
seq_name:tRNA_tdbR00000588-Aeropyrum_pernix-56636-Asp-GUC
seq_len:78
seq_name:tRNA_tdbR00000232-Phaseolus_vulgaris-3885-Leu-NAA
seq_len:88
seq_name:srp_Phyt.infe._CV919934
seq_len:255
seq_name:srp_Xyle.fast._AE003849
seq_len:117
seq_name:srp_Arth.sp.._CP000454
seq_len:88
seq_name:tmRNA_Vibr.chol._AE004170_1-367
seq_len:367
seq_name:tmRNA_Chla.trac._TRW-272561_1-420
seq_len:420
seq_name:5s_Ambystoma-salmoides-1
seq_len:119
seq_name:RNaseP_M.maripaludus
seq_len:233
seq_name:srp_Meth.caps._AE017282
seq_len:118
seq_name:RNaseP_PS27
seq_len:342
seq_name:5s_Crypthecodinium-cohnii-1
seq_len:122
seq_name:5s_Blastopirellula-marina-1
seq_len:110
seq_name:tmRNA_Mora.cata._AX067460_1-359
seq_len:359
seq_name:tRNA_tdbR00000288-Mus_musculus-10090-Met-BAU
seq_len:76
seq_name:16s_C.elegans_domain3
seq_len:290
seq_name:srp_Chla.pneu._AE002161
seq_len:110
seq_name:srp_Baci.spha._D11418
seq_len:271
seq_name:srp_Shig.flex._AE016979
seq_len:54
seq_name:5s_Caulobacter-sp.-4
seq_len:119
seq_name:tmRNA_Lact.john._TRW-257314_1-367
seq_len:367
seq_name:tRNA_tdbR00000026-Escherichia_coli-562-Asp-QUC
seq_len:77
seq_name:5s_Chlorobium-tepidum-1
seq_len:109
seq_name:5s_Caulobacter-sp.-5
seq_len:119
seq_name:tmRNA_Salm.ente._TRW-149539_1-363
seq_len:363
seq_name:5s_Xenopus-laevis-6
seq_len:121
seq_name:srp_Stap.aure._BX571856
seq_len:101
seq_name:5s_Flavobacterium-hydatis-1
seq_len:111
seq_name:5s_Bacillus-thuringiensis-6
seq_len:114
seq_name:RNaseP_M.phosphovorus-JCM9380
seq_len:306
seq_name:srp_Aspe.fumi._GSP-41122
seq_len:278
seq_name:RNaseP_CPB80
seq_len:301
seq_name:5s_Rhodospirillum-rubrum-1
seq_len:120
seq_name:srp_Buch.aphi._AE014017
seq_len:118
seq_name:5s_Fusobacterium-mortiferum-2
seq_len:117
seq_name:5s_Cryptococcus-albidus-1
seq_len:118
seq_name:5s_Pseudomonas-syringae-3
seq_len:115
seq_name:tRNA_tdbR00000068-Rhodospirillum_rubrum-1085-Phe-GAA
seq_len:76
seq_name:RNaseP_M.tuberculosis
seq_len:434
seq_name:RNaseP_Onchorhynchus-sp-2
seq_len:303
seq_name:srp_Tric.eryt._CP000393
seq_len:94
seq_name:srp_Para.bras._CN241137
seq_len:128
seq_name:srp_Heli.annu._AJ828095
seq_len:64
seq_name:srp_Para.bras._CN241909
seq_len:127
seq_name:tmRNA_Fran.tula._CP000437_1-421
seq_len:421
seq_name:tmRNA_Yers.pest._CP000308_1-364
seq_len:364
seq_name:srp_Phak.pach._GSP-170000-2
seq_len:308
seq_name:RNaseP_T.luteus
seq_len:307
seq_name:srp_Ther.elon._BA000039
seq_len:102
seq_name:5s_Halorubrum-distributum-5
seq_len:122
seq_name:5s_Saccharopolyspora-gregorii-1
seq_len:123
seq_name:RNaseP_Rr368
seq_len:368
seq_name:5s_Methylomicrobium-clara-1
seq_len:116
seq_name:5s_Vibrio-nereis-1
seq_len:121
seq_name:5s_Agaricus-edulis-1
seq_len:118
seq_name:srp_Wigg.glos._BA000021
seq_len:98
seq_name:srp_Hist.caps._GSP-278162
seq_len:317
current processing 2801/3446
seq_name:5s_Physarum-polycephalum-1
seq_len:120
seq_name:srp_Salm.ente._AE016842
seq_len:116
seq_name:tRNA_tdbR00000120-Salmonella_typhimurium-602-Gly-CCC
seq_len:74
seq_name:tRNA_tdbR00000058-Lupinus_luteus-3873-Glu-CUC
seq_len:76
seq_name:tmRNA_Esch.coli._AE005491_1-363
seq_len:363
seq_name:tmRNA_Cyan.cald._AF022186_1-254
seq_len:254
seq_name:5s_Magnolia-stellata-1
seq_len:119
seq_name:tRNA_tdbR00000546-Escherichia_coli-562-Tyr-QUA
seq_len:85
seq_name:5s_Bacillus-halodurans-2
seq_len:116
seq_name:5s_Acetobacter-aceti-2
seq_len:120
seq_name:RNaseP_C.hydrogenoformans
seq_len:331
seq_name:srp_Fran.tula._CP000437
seq_len:103
seq_name:RNaseP_SM-A1831
seq_len:340
seq_name:5s_Aquaspirillum-serpens-1
seq_len:116
seq_name:tmRNA_Syne.spec._TRW-1131_1-399
seq_len:399
seq_name:srp_Yers.ente._AM286415
seq_len:114
seq_name:RNaseP_LGB21
seq_len:350
seq_name:srp_Nitr.euro._AL954747
seq_len:102
seq_name:5s_Nanoarchaeum-equitans-1
seq_len:121
seq_name:RNaseP_S.octosporus
seq_len:281
seq_name:tmRNA_Clos.diff._TRW-367459_1-350
seq_len:350
seq_name:tRNA_tdbR00000383-Haloferax_volcanii-2246-Ser-GGA
seq_len:84
seq_name:tRNA_tdbR00000327-Enterobacteria_phage_T4-10665-Gln-NUG
seq_len:76
seq_name:tRNA_tdbR00000455-Escherichia_coli-562-Val-GAC
seq_len:77
seq_name:srp_Leis.aeth._AY722730
seq_len:58
seq_name:srp_Baci.lich._AE017333
seq_len:271
seq_name:5s_Thiomonas-cuprina-1
seq_len:118
seq_name:tmRNA_Geob.sulf._AE017180_1-356
seq_len:356
seq_name:srp_Lact.gass._CP000413
seq_len:89
seq_name:5s_Distigma-proteus-1
seq_len:118
seq_name:5s_Clostridium-pasteurianum-1
seq_len:117
seq_name:tRNA_tdbR00000024-Mycoplasma_capricolum-2095-Asp-GUC
seq_len:77
seq_name:5s_Erysipelothrix-rhusiopathiae-3
seq_len:114
seq_name:srp_Stap.aure._CP000255
seq_len:270
seq_name:tRNA_tdbR00000066-Thermus_thermophilus-274-Phe-GAA
seq_len:76
seq_name:RNaseP_N.gonnorhoeae
seq_len:360
seq_name:tRNA_tdbR00000293-Methanobacterium_thermaggregans-83982-Asn-UU
seq_len:78
seq_name:tmRNA_List.ivan._AF440342_1-321
seq_len:321
seq_name:srp_Bran.flor._GSP-7739
seq_len:300
seq_name:srp_Medi.trun._CT485797
seq_len:301
seq_name:16s_H.sapiens_domain4
seq_len:171
seq_name:5s_Halorubrum-distributum-4
seq_len:122
seq_name:5s_Fusarium-culmorum-8
seq_len:119
seq_name:5s_Phaseolus-vulgaris-1
seq_len:120
seq_name:5s_Fusarium-culmorum-6
seq_len:119
seq_name:tRNA_tdbR00000482-Spiroplasma_citri-2133-Trp-CCA
seq_len:75
seq_name:tRNA_tdbR00000325-Pichia_jadinii-4903-Pro-GG
seq_len:75
seq_name:srp_Pseu.puti._AE015451
seq_len:100
seq_name:5s_Ureaplasma-parvum-2
seq_len:102
seq_name:srp_Clos.perf._CP000312
seq_len:268
seq_name:5s_Natronococcus-occultus-1
seq_len:121
seq_name:5s_Streptococcus-pyogenes-2
seq_len:116
seq_name:5s_Frankia-sp.-1
seq_len:121
seq_name:5s_Cellulomonas-biazotea-1
seq_len:120
seq_name:srp_Acti.succ._CP000746
seq_len:104
seq_name:srp_Rick.typh._AE017197
seq_len:98
seq_name:16s_C.psittaci_domain4
seq_len:147
seq_name:srp_Caul.cres._AE005673
seq_len:93
seq_name:23s_B.subtilis_domain3
seq_len:377
seq_name:tRNA_tdbR00000022-Enterobacteria_phage_T5-10726-Asp-GUC
seq_len:77
seq_name:5s_Oenococcus-oeni-1
seq_len:116
seq_name:srp_Guil.thet._AF041468
seq_len:97
seq_name:5s_Micrococcus-luteus-1
seq_len:121
seq_name:5s_Brevibacterium-helvolum-1
seq_len:120
seq_name:tmRNA_Haem.infl._TRW-262727_1-366
seq_len:366
seq_name:srp_Kluy.walt._AADM01000319
seq_len:411
seq_name:tRNA_tdbR00000122-Codium_fragile-3133-Gly-UCC
seq_len:75
seq_name:RNaseP_G.sulfurreducens
seq_len:367
seq_name:5s_Bacillus-anthracis-10
seq_len:119
seq_name:16s_B.burgdorferi_domain2
seq_len:349
seq_name:srp_Wolb.endo._AE017259
seq_len:101
seq_name:5s_Anaplasma-marginale-1
seq_len:119
seq_name:5s_Bacteroides-fragilis-2
seq_len:110
seq_name:grp1_a.I1.e.P.carinii.Pc1.C1.LSU.1921
seq_len:375
seq_name:srp_Chla.cavi._AE015925
seq_len:115
seq_name:5s_Chlamydomonas-reinhardtii-1
seq_len:122
seq_name:5s_Vibrio-parahaemolyticus-5
seq_len:120
seq_name:5s_Streptomyces-coelicolor-6
seq_len:119
seq_name:srp_Rhod.spha._CP000661
seq_len:41
seq_name:5s_Thermomonospora-chromogena-1
seq_len:120
seq_name:srp_Neis.meni._AM421808
seq_len:102
seq_name:tRNA_tdbR00000446-Halobacterium_salinarum-2242-Val-CAC
seq_len:78
seq_name:5s_Pleurodeles-waltl-3
seq_len:120
seq_name:5s_Tuberoidobacter-mutans-1
seq_len:116
seq_name:srp_Mus.musc._AC157822
seq_len:302
seq_name:RNaseP_T.celerAL1
seq_len:279
seq_name:srp_Homo.sapi._X04249
seq_len:299
seq_name:tmRNA_Lept.spec._TRW-261386_1-359
seq_len:359
seq_name:5s_Gymnosporangium-sabinae-1
seq_len:119
seq_name:tRNA_tdbR00000067-Escherichia_coli-562-Phe-GAA
seq_len:76
seq_name:tRNA_tdbR00000371-Saccharomyces_cerevisiae-4932-Arg-1CU
seq_len:75
seq_name:srp_Aspe.oryz._AP007169
seq_len:281
seq_name:5s_Oryza-sativa-1
seq_len:119
seq_name:tRNA_tdbR00000558-Triticum_aestivum-4565-Tyr-QPA
seq_len:76
seq_name:5s_Iguana-iguana-1
seq_len:120
seq_name:tRNA_tdbR00000093-Bombyx_mori-7091-Phe-AA
seq_len:76
seq_name:5s_Hyphomicrobium-sp.-6
seq_len:119
seq_name:5s_Methanocaldococcus-jannaschii-2
seq_len:120
seq_name:srp_Popu.trem._BU866844
seq_len:299
seq_name:5s_Kutzneria-viridogrisea-1
seq_len:120
current processing 2901/3446
seq_name:5s_Artemia-sp.-4
seq_len:120
seq_name:srp_Nitr.mult._CP000103
seq_len:113
seq_name:srp_Symb.ther._AP006840
seq_len:105
seq_name:RNaseP_Synechococcus-PCC7003
seq_len:299
seq_name:tRNA_tdbR00000543-Bacillus_subtilis-1423-Tyr-QUA
seq_len:85
seq_name:srp_Chla.abor._CR848038
seq_len:102
seq_name:RNaseP_C.pneumoniae-AR39
seq_len:406
seq_name:srp_Volv.cart._GSP-51971-1
seq_len:290
seq_name:srp_Myco.hyop._AE017332
seq_len:101
seq_name:tmRNA_Syne.elon._TRW-32046_1-394
seq_len:394
seq_name:5s_Chlamydia-trachomatis-1
seq_len:117
seq_name:srp_Yarr.lipo._M20837
seq_len:270
seq_name:5s_Lactococcus-lactis-2
seq_len:116
seq_name:16s_M.polymorpha_domain2
seq_len:354
seq_name:5s_Nicotiana-tabacum-1
seq_len:120
seq_name:tmRNA_Azoa.spec._TRW-62928_1-378
seq_len:378
seq_name:tmRNA_Myco.micr._TRW-1806-1_1-368
seq_len:368
seq_name:srp_Ther.ther._AE017221
seq_len:105
seq_name:5s_Burkholderia-pseudomallei-1
seq_len:116
seq_name:srp_Kluy.yarr._479647571
seq_len:416
seq_name:5s_Artemia-sp.-1
seq_len:121
seq_name:23s_S.aureus_domain6
seq_len:255
seq_name:5s_Corynebacterium-jeikeium-1
seq_len:120
seq_name:tmRNA_envi.sequ._TRW-32045-2_1-345
seq_len:345
seq_name:srp_Myco.hyop._AE017243
seq_len:101
seq_name:5s_Vibrio-fischeri-3
seq_len:120
seq_name:srp_Cand.Bloc._CP000016
seq_len:100
seq_name:5s_Clavispora-opuntiae-3
seq_len:123
seq_name:5s_Bacillus-amyloliquefaciens-1
seq_len:117
seq_name:tRNA_tdbR00000019-Mycoplasma_capricolum-2095-Cys-GCA
seq_len:75
seq_name:tRNA_tdbR00000513-Synechococcus_elongatus_PCC_6301-269084-Ini-CAU
seq_len:77
seq_name:srp_Mono.dome._GSP-13616
seq_len:302
seq_name:RNaseP_M.thermoautotrophicumDH-g
seq_len:293
seq_name:tRNA_tdbR00000426-Drosophila_melanogaster-7227-Ser-CGA
seq_len:85
seq_name:tmRNA_Lact.case._CP000423_1-364
seq_len:364
seq_name:5s_Pyrenophora-graminea-1
seq_len:119
seq_name:5s_Pseudonocardia-thermophila-1
seq_len:119
seq_name:5s_Shigella-flexneri-1
seq_len:119
seq_name:5s_Halococcus-morrhuae-1
seq_len:125
seq_name:tRNA_tdbR00000028-Hordeum_vulgare-4513-Asp-QUC
seq_len:77
seq_name:tRNA_tdbR00000030-Aedes_albopictus-7160-Asp-GUC
seq_len:71
seq_name:srp_Dani.rrer._BX470258
seq_len:282
seq_name:RNaseP_S.gordonii
seq_len:382
seq_name:5s_Salmonella-enterica-8
seq_len:120
seq_name:tRNA_tdbR00000556-Schizosaccharomyces_pombe-4896-Tyr-GPA
seq_len:77
seq_name:5s_Legionella-pneumophila-2
seq_len:118
seq_name:5s_Methanobrevibacter-ruminantium-1
seq_len:130
seq_name:RNaseP_SM-A3153
seq_len:318
seq_name:RNaseP_S.typhimurium
seq_len:375
seq_name:5s_Hyphomonas-polymorpha-1
seq_len:119
seq_name:srp_Borr.gari._CP000013
seq_len:107
seq_name:tmRNA_Cory.diph._BX248356_1-385
seq_len:385
seq_name:5s_Bacillus-thuringiensis-1
seq_len:118
seq_name:srp_Stap.aure._BA000017
seq_len:101
seq_name:RNaseP_Synechocystis-PCC6308
seq_len:320
seq_name:grp1_a.I1.e.C.grayi.UNK.SSU.1046
seq_len:283
seq_name:RNaseP_SM1
seq_len:294
seq_name:5s_Cryptococcus-neoformans-1
seq_len:118
seq_name:5s_Sphacelotheca-polygoni-persicariae-1
seq_len:119
seq_name:RNaseP_N.albus
seq_len:281
seq_name:tRNA_tdbR00000406-Saccharomyces_cerevisiae-4932-Ser-NGA
seq_len:85
seq_name:tRNA_tdbR00000563-Lupinus_albus-3870-Tyr-GPA
seq_len:76
seq_name:RNaseP_M.thermolithotrophicus
seq_len:234
seq_name:16s_C.elegans_domain1
seq_len:173
seq_name:srp_Myco.spec._CP000384
seq_len:88
seq_name:tRNA_tdbR00000176-Haloferax_volcanii-2246-Lys-MUU
seq_len:77
seq_name:tmRNA_Stre.pyog._AE010048_1-348
seq_len:348
seq_name:RNaseP_S.equi-g
seq_len:395
seq_name:RNaseP_H.morrhuae
seq_len:475
seq_name:srp_Myco.geni._L43967
seq_len:101
seq_name:5s_Shewanella-oneidensis-2
seq_len:120
seq_name:tmRNA_Bord.bron._TRW-257310_1-387
seq_len:387
seq_name:5s_Agrobacterium-tumefaciens-2
seq_len:118
seq_name:RNaseP_SMB-A5
seq_len:293
seq_name:srp_Bart.quin._BX897700
seq_len:105
seq_name:5s_Cerastoderma-edule-1
seq_len:120
seq_name:5s_Paramecium-tetraurelia-1
seq_len:120
seq_name:tRNA_tdbR00000373-Triticum_aestivum-4565-Arg-ICG
seq_len:76
seq_name:tmRNA_Baci.cere._TRW-226900_1-355
seq_len:355
seq_name:RNaseP_LGB27
seq_len:347
seq_name:5s_E_glandulE
seq_len:118
seq_name:srp_Mus.musc._AC126244
seq_len:302
seq_name:RNaseP_CPA61
seq_len:376
seq_name:5s_uncultured-euryarchaeote-37F11-1
seq_len:122
seq_name:tRNA_tdbR00000072-Phaseolus_vulgaris-3885-Phe-GAA
seq_len:76
seq_name:tRNA_tdbR00000154-Mycoplasma_capricolum-2095-Ile-GAU
seq_len:77
seq_name:RNaseP_P.azotoformans
seq_len:293
seq_name:RNaseP_S.globosus
seq_len:339
seq_name:grp1_a.I1.e.S.paniceum.UNK.SSU.1052
seq_len:240
seq_name:srp_Yers.pest._CP000305
seq_len:117
seq_name:5s_Sporolactobacillus-nakayamae-1
seq_len:118
seq_name:tmRNA_Desu.vulg._AE017285_1-352
seq_len:352
seq_name:5s_Vibrio-adaptatus-1
seq_len:121
seq_name:RNaseP_PS26
seq_len:352
seq_name:tmRNA_Wigg.glos._BA000021_1-365
seq_len:365
seq_name:5s_Xylella-fastidiosa-1
seq_len:118
seq_name:5s_Mycoplasma-haemofelis-1
seq_len:119
seq_name:srp_Crit.fasc._AY781797
seq_len:58
seq_name:5s_Mycobacterium-leprae-2
seq_len:117
seq_name:srp_Aspe.clav._GSP-344612
seq_len:278
current processing 3001/3446
seq_name:srp_Thal.pseu._GSP-296543
seq_len:96
seq_name:srp_Burk.pseu._CP000124
seq_len:79
seq_name:tRNA_tdbR00000021-Saccharomyces_cerevisiae-4932-Cys-GCA
seq_len:75
seq_name:srp_Leis.infa._SDB-5671
seq_len:279
seq_name:srp_Neis.gono._AE004969
seq_len:92
seq_name:5s_Herbidospora-cretacea-1
seq_len:120
seq_name:tRNA_tdbR00000338-Tetrahymena_thermophila-5911-Gln-JUA
seq_len:75
seq_name:srp_Plas.falc._EF690554
seq_len:228
seq_name:srp_Leis.dono._AY781793
seq_len:138
seq_name:srp_Meth.flag._CP000284
seq_len:96
seq_name:5s_Lactococcus-lactis-3
seq_len:117
seq_name:5s_Ureaplasma-urealyticum-3
seq_len:104
seq_name:tmRNA_Deha.ethe._CP000027_1-352
seq_len:352
seq_name:5s_Leifsonia-aquatica-1
seq_len:120
seq_name:RNaseP_T.pallidum
seq_len:340
seq_name:tmRNA_Neis.meni._TRW-122587_1-363
seq_len:363
seq_name:tRNA_tdbR00000529-Triticum_aestivum-4565-Ini-CAU
seq_len:75
seq_name:srp_Synt.fuma._CP000478
seq_len:110
seq_name:srp_Stre.sang._CP000387
seq_len:73
seq_name:srp_Baci.subt._X14796
seq_len:270
seq_name:srp_Leis.guya._AY722727
seq_len:137
seq_name:5s_Colacogloea-peniophorae-1
seq_len:119
seq_name:5s_Klebsormidium-flaccidum-1
seq_len:120
seq_name:5s_Bartonella-bacilliformis-1
seq_len:119
seq_name:tmRNA_envi.sequ._TRW-259291_1-355
seq_len:355
seq_name:tmRNA_Ther.neap._TRW-309803_1-357
seq_len:357
seq_name:RNaseP_B.bufo
seq_len:397
seq_name:5s_Fusarium-pseudograminearum-4
seq_len:119
seq_name:RNaseP_S.caesia-K200
seq_len:339
seq_name:5s_Farysia-thuemenii-1
seq_len:118
seq_name:5s_Mycoplasma-penetrans-1
seq_len:103
seq_name:5s_Halobacterium-salinarum-3
seq_len:122
seq_name:5s_Fusarium-asiaticum-4
seq_len:119
seq_name:5s_Candidatus-Tremblaya-princeps-6
seq_len:117
seq_name:5s_Colwellia-hadaliensis-1
seq_len:119
seq_name:5s_Corynebacterium-jeikeium-2
seq_len:120
seq_name:srp_Stre.pyog._CP000260
seq_len:73
seq_name:5s_Andrias-japonicus-2
seq_len:121
seq_name:grp1_a.I1.e.A.stipitatus.C1.SSU.1046
seq_len:408
seq_name:tmRNA_Lact.sake._AF400065_1-370
seq_len:370
seq_name:5s_Micrococcus-luteus-4
seq_len:120
seq_name:5s_Itersonilia-perplexans-1
seq_len:118
seq_name:5s_Akkesiphycus-lubricum-1
seq_len:118
seq_name:5s_Starkeya-novella-1
seq_len:120
seq_name:srp_Shew.balt._CP000563
seq_len:114
seq_name:tRNA_tdbR00000128-Halocynthia_roretzi-7729-Gly-GCU
seq_len:70
seq_name:RNaseP_ESH7-9
seq_len:311
seq_name:tmRNA_Myco.hyop._TRW-262719_1-433
seq_len:433
seq_name:tRNA_tdbR00000417-Nicotiana_rustica-4093-Ser-GCU
seq_len:85
seq_name:srp_Clos.perf._CP000246
seq_len:268
seq_name:5s_Fusobacterium-nucleatum-1
seq_len:116
seq_name:srp_Camp.jeju._AL111168
seq_len:107
seq_name:tRNA_tdbR00000508-Thermus_thermophilus-274-Ini-CAU
seq_len:77
seq_name:5s_Polyangium-cellulosum-1
seq_len:119
seq_name:5s_Sporosarcina-ureae-1
seq_len:116
seq_name:tmRNA_Acti.acti._TRW-272556_1-366
seq_len:366
seq_name:RNaseP_H.aurantiacus
seq_len:328
seq_name:5s_Mycoplasma-gallisepticum-1
seq_len:107
seq_name:tmRNA_Yers.pest._AE009952_1-364
seq_len:364
seq_name:RNaseP_S.mutans
seq_len:389
seq_name:tmRNA_Stre.agal._AE014233_1-350
seq_len:350
seq_name:5s_Mesorhizobium-loti-1
seq_len:119
seq_name:srp_Meth.burt._CP000300
seq_len:320
seq_name:tmRNA_Cyan.para._U30821_1-291
seq_len:291
seq_name:srp_Leis.dono._AY781794
seq_len:138
seq_name:5s_Fusarium-asiaticum-7
seq_len:119
seq_name:tRNA_tdbR00000362-Saccharomyces_cerevisiae-4932-Arg-NCU
seq_len:76
seq_name:5s_Flexibacter-sp.-1
seq_len:117
seq_name:RNaseP_PS33
seq_len:306
seq_name:tRNA_tdbR00000459-Neurospora_crassa-5141-Val-UAC
seq_len:76
seq_name:5s_Bacillus-clausii-3
seq_len:116
seq_name:tRNA_tdbR00000115-Staphylococcus_epidermidis-1282-Gly-UCC
seq_len:74
seq_name:5s_Pythium-hydnosporum-1
seq_len:118
seq_name:srp_Dros.mela._AE014297
seq_len:299
seq_name:srp_Bras.napu._EE400505
seq_len:308
seq_name:RNaseP_P.innocua
seq_len:272
seq_name:5s_Bullera-alba-1
seq_len:118
seq_name:tRNA_tdbR00000297-Azospirillum_lipoferum-193-Asn-QUU
seq_len:75
seq_name:RNaseP_SM-A6296
seq_len:335
seq_name:srp_Leis.braz._AY722724
seq_len:139
seq_name:5s_Mycobacterium-smegmatis-3
seq_len:117
seq_name:tRNA_tdbR00000034-Mesocricetus_auratus-10036-Asp-GUC
seq_len:71
seq_name:5s_Nannocystis-exedens-1
seq_len:119
seq_name:tRNA_tdbR00000606-Lupinus_luteus-3873-Leu-IAG
seq_len:85
seq_name:5s_Bombyx-mori-2
seq_len:120
seq_name:5s_Brucella-melitensis-3
seq_len:119
seq_name:RNaseP_M.xanthus
seq_len:336
seq_name:tRNA_tdbR00000307-Moloney_murine_leukemia_virus-11801-Pro-IGG
seq_len:75
seq_name:5s_Thermotoga-sp.-2
seq_len:123
seq_name:tmRNA_Shew.spec._CP000469_1-355
seq_len:355
seq_name:5s_Emericella-nidulans-8
seq_len:119
seq_name:5s_Haemophilus-influenzae-6
seq_len:115
seq_name:srp_Shew.putr._CP000681
seq_len:118
seq_name:srp_Lyco.escu._Z29107
seq_len:301
seq_name:grp1_a.I1.e.S.paniceum.UNK.SSU.1210
seq_len:260
seq_name:5s_Vibrio-sp.-1
seq_len:120
seq_name:srp_Cory.effi._BA000035
seq_len:100
seq_name:5s_Arion-rufus-1
seq_len:119
seq_name:srp_Ajel.caps._CV620298
seq_len:158
seq_name:srp_Fran.tula._AM233362
seq_len:100
current processing 3101/3446
seq_name:5s_Streptomyces-lividans-1
seq_len:119
seq_name:5s_Saccharomyces-cerevisiae-6
seq_len:121
seq_name:srp_Onch.volv._AI249203
seq_len:286
seq_name:tmRNA_Chlo.chlo._CP000108_1-401
seq_len:401
seq_name:5s_Shewanella-oneidensis-1
seq_len:120
seq_name:RNaseP_LGB41
seq_len:319
seq_name:5s_Streptomyces-avermitilis-2
seq_len:118
seq_name:5s_Photobacterium-profundum-1
seq_len:118
seq_name:srp_Leis.majo._AY722713
seq_len:137
seq_name:tRNA_tdbR00000135-Homo_sapiens-9606-Gly-CCC
seq_len:74
seq_name:tRNA_tdbR00000607-Lupinus_luteus-3873-Leu-IAG
seq_len:85
seq_name:srp_Medi.trun._AC136507-2
seq_len:263
seq_name:5s_Notophthalmus-viridescens-1
seq_len:120
seq_name:5s_Sporolactobacillus-inulinus-1
seq_len:117
seq_name:tmRNA_Clos.teta._AE015927_1-355
seq_len:355
seq_name:5s_Nitella-flexilis-1
seq_len:121
seq_name:5s_Streptomyces-coelicolor-5
seq_len:117
seq_name:tRNA_tdbR00000555-Saccharomyces_cerevisiae-4932-Tyr-GPA
seq_len:78
seq_name:tmRNA_Mari.aqua._TRW-351348_1-366
seq_len:366
seq_name:5s_Lactococcus-lactis-5
seq_len:116
seq_name:RNaseP_M.capricolum
seq_len:356
seq_name:tmRNA_Stre.agal._TRW-1311_1-350
seq_len:350
seq_name:srp_Proc.spec._AJ011025
seq_len:81
seq_name:srp_Leis.trop._AY722722
seq_len:134
seq_name:srp_Aspe.nidu._GSP-227321
seq_len:269
seq_name:srp_Clos.acet._AE001437
seq_len:262
seq_name:5s_Azoarcus-sp.-1
seq_len:116
seq_name:16s_C.reinhardtii.mito_domain1
seq_len:347
seq_name:5s_Caulobacter-spinosum-1
seq_len:117
seq_name:grp1_a.I1.b.Synechococcus.sp2.C3.tLEU
seq_len:265
seq_name:tRNA_tdbR00000143-Asterias_amurensis-7602-His-QUG
seq_len:73
seq_name:5s_Bacteroides-fragilis-4
seq_len:103
seq_name:5s_Candidatus-Tremblaya-princeps-5
seq_len:117
seq_name:tRNA_tdbR00000264-Caenorhabditis_elegans-6239-Leu-IAG
seq_len:85
seq_name:5s_Trichoplax-adhaerens-1
seq_len:116
seq_name:5s_Escherichia-coli-8
seq_len:120
seq_name:5s_Fusarium-cerealis-9
seq_len:119
seq_name:5s_Acinetospora-crinita-1
seq_len:118
seq_name:5s_Meloidogyne-chitwoodi-1
seq_len:117
seq_name:tmRNA_Kine.radi._TRW-266940_1-366
seq_len:366
seq_name:tRNA_tdbR00000096-Bos_taurus-9913-Phe-AA
seq_len:76
seq_name:srp_Anab.vari._CP000117
seq_len:101
seq_name:srp_Shig.flex._AE014073
seq_len:108
seq_name:RNaseP_SM-A3862
seq_len:290
seq_name:srp_Rhiz.etli._CP000133
seq_len:103
seq_name:tRNA_tdbR00000208-Mus_musculus-10090-Lys-CUN
seq_len:76
seq_name:5s_Agaricostilbum-pulcherrimum-1
seq_len:119
seq_name:5s_Brucella-melitensis-1
seq_len:118
seq_name:5s_Bufo-americanus-1
seq_len:119
seq_name:RNaseP_C.innocuum
seq_len:308
seq_name:srp_Burk.mall._CP000010
seq_len:79
seq_name:srp_Plas.gall._GSP-5849
seq_len:310
seq_name:5s_Frankia-sp.-2
seq_len:120
seq_name:tRNA_tdbR00000408-Saccharomyces_cerevisiae-4932-Ser-IGA
seq_len:85
seq_name:RNaseP_B.subtilis-g
seq_len:401
seq_name:srp_Lact.plan._AL935253
seq_len:84
seq_name:5s_Brevibacillus-brevis-1
seq_len:117
seq_name:tRNA_tdbR00000591-Ascaris_suum-6253-Lys-UU
seq_len:65
seq_name:5s_Mycobacterium-tuberculosis-2
seq_len:116
seq_name:srp_Myco.aviu._CP000479
seq_len:88
seq_name:23s_E.coli_domain4
seq_len:364
seq_name:srp_Baci.cere._CP000764
seq_len:269
seq_name:srp_Cand.trop._GSP-294747
seq_len:266
seq_name:srp_Unci.rees._GSP-336963
seq_len:299
seq_name:RNaseP_PS8
seq_len:304
seq_name:5s_Zea-mays-1
seq_len:119
seq_name:5s_Esch_coli2B
seq_len:120
seq_name:RNaseP_A.ambivalens
seq_len:262
seq_name:5s_Triticum-aestivum-1
seq_len:120
seq_name:srp_Trep.dent._AE017226
seq_len:100
seq_name:srp_Leis.infa._AY781792
seq_len:138
seq_name:srp_Borr.burg._AE001151
seq_len:98
seq_name:tmRNA_Meso.flor._AE017263_1-408
seq_len:408
seq_name:tmRNA_Coxi.burn._AE016828_1-360
seq_len:360
seq_name:srp_Buch.aphi._AE013218
seq_len:99
seq_name:RNaseP_SM-A3048
seq_len:290
seq_name:5s_Bacillus-cereus-1
seq_len:115
seq_name:tmRNA_Dich.nodo._TRW-35819_1-352
seq_len:352
seq_name:5s_Scyliorhinus-canicula-1
seq_len:120
seq_name:5s_Andrias-davidianus-1
seq_len:121
seq_name:RNaseP_SM-A4775
seq_len:289
seq_name:RNaseP_SM-A1726
seq_len:338
seq_name:5s_Vitreoscilla-beggiatoides-1
seq_len:118
seq_name:tmRNA_Desu.desu._CP000112_1-360
seq_len:360
seq_name:5s_Genistelloides-hibernus-1
seq_len:122
seq_name:srp_Myco.syno._AE017245
seq_len:105
seq_name:RNaseP_T.aquaticus
seq_len:394
seq_name:5s_Fusarium-cerealis-2
seq_len:119
seq_name:tRNA_tdbR00000541-Haloferax_volcanii-2246-Tyr-GUA
seq_len:77
seq_name:16s_P.staleyi_domain3
seq_len:489
seq_name:srp_Phot.lumi._BX571872
seq_len:98
seq_name:srp_Myco.geni._BD439871
seq_len:97
seq_name:tRNA_tdbR00000099-Mus_musculus-10090-Phe-AA
seq_len:77
seq_name:tRNA_tdbR00000108-Haloferax_volcanii-2246-Gly-GCC
seq_len:74
seq_name:srp_Dros.mela._AE001572
seq_len:299
seq_name:srp_Nitr.eutr._CP000450
seq_len:113
seq_name:RNaseP_P.stutzeri
seq_len:294
seq_name:srp_Esch.coli._AE016756
seq_len:98
seq_name:5s_Tremella-mesenterica-2
seq_len:118
seq_name:5s_Methanothermobacter-thermautotrophicus-5
seq_len:124
current processing 3201/3446
seq_name:RNaseP_EM14b-9
seq_len:355
seq_name:5s_Medicago-sativa-1
seq_len:119
seq_name:srp_Borr.afze._CP000395
seq_len:81
seq_name:tRNA_tdbR00000276-Escherichia_coli-562-Met-MAU
seq_len:77
seq_name:5s_Palmaria-palmata-1
seq_len:121
seq_name:tRNA_tdbR00000317-Salmonella_typhimurium-602-Pro-CGG
seq_len:77
seq_name:srp_Dani.rrer._CU179657
seq_len:282
seq_name:srp_Camp.jeju._CP000538
seq_len:106
seq_name:5s_Mytilus-galloprovincialis-2
seq_len:119
seq_name:tRNA_tdbR00000091-Pisum_sativum-3888-Phe-AA
seq_len:76
seq_name:5s_Chlamydophila-pneumoniae-1
seq_len:117
seq_name:RNaseP_S.glauca-K195
seq_len:340
seq_name:5s_Bacillus-cereus-8
seq_len:118
seq_name:srp_Aqui.aeol._AE000657
seq_len:77
seq_name:tRNA_tdbR00000222-Escherichia_coli-562-Leu-GAG
seq_len:87
seq_name:5s_Bacillus-anthracis-4
seq_len:119
seq_name:tmRNA_Lact.delb._AF440335_1-316
seq_len:316
seq_name:5s_Onchocerca-volvulus-1
seq_len:121
seq_name:5s_Dicyema-misakiense-1
seq_len:116
seq_name:tRNA_tdbR00000107-Haloferax_volcanii-2246-Gly-GCC
seq_len:74
seq_name:tRNA_tdbR00000275-Thermus_thermophilus-274-Met-CAU
seq_len:77
seq_name:5s_Pseudomonas-fluorescens-4
seq_len:120
seq_name:srp_Podo.anse._GSP-5145
seq_len:288
seq_name:RNaseP_Anabaena-PCC7120
seq_len:457
seq_name:5s_Laccaria-bicolor-1
seq_len:117
seq_name:5s_Staphylococcus-epidermidis-2
seq_len:115
seq_name:5s_Sporosarcina-pasteurii-1
seq_len:117
seq_name:RNaseP_E1B
seq_len:252
seq_name:RNaseP_Anabaena-ATCC29413
seq_len:385
seq_name:tRNA_tdbR00000201-Drosophila_melanogaster-7227-Lys-CUU
seq_len:76
seq_name:5s_Vibrio-cyclosites-1
seq_len:119
seq_name:tRNA_tdbR00000246-Bos_taurus-9913-Leu-NAA
seq_len:78
seq_name:5s_Fusarium-asiaticum-2
seq_len:119
seq_name:srp_Homo.sapi._AA559987
seq_len:288
seq_name:tmRNA_Stre.uber._TRW-218495_1-350
seq_len:350
seq_name:srp_Medi.trun._AC136507-1
seq_len:263
seq_name:srp_Meth.ther._AE000666
seq_len:310
seq_name:RNaseP_LGW18
seq_len:351
seq_name:5s_Rhizoctonia-globularis-1
seq_len:118
seq_name:RNaseP_S.caesia-K182
seq_len:339
seq_name:srp_Giar.lamb._GSP-184922
seq_len:170
seq_name:srp_Proc.mari._AJ237851
seq_len:101
seq_name:RNaseP_PS31
seq_len:372
seq_name:5s_Ascobolus-immersus-1
seq_len:119
seq_name:srp_Schi.pomb._M20264
seq_len:256
seq_name:tmRNA_Stap.aure._AC074317_1-359
seq_len:359
seq_name:tmRNA_Ther.fusc._CP000088_1-372
seq_len:372
seq_name:tmRNA_Acid.caps._TRW-240015_1-352
seq_len:352
seq_name:RNaseP_S.aureus
seq_len:349
seq_name:RNaseP_H.chlorum
seq_len:342
seq_name:5s_Xenopus-borealis-3
seq_len:120
seq_name:srp_Xant.oryz._AP008229
seq_len:117
seq_name:srp_Kluy.lact._CR382126
seq_len:499
seq_name:5s_Ganoderma-applanatum-1
seq_len:118
seq_name:tmRNA_Lact.brev._CP000416_1-372
seq_len:372
seq_name:RNaseP_C.jejuni
seq_len:318
seq_name:srp_Halo.mari._AY596297
seq_len:316
seq_name:srp_Para.bras._EH652573
seq_len:127
seq_name:5s_Mycobacterium-bovis-2
seq_len:115
seq_name:5s_Burkholderia-mallei-1
seq_len:116
seq_name:5s_Brevibacterium-linens-2
seq_len:123
seq_name:grp1_a.I1.e.S.granulatum.C1.SSU.1506
seq_len:437
seq_name:srp_Myco.pneu._S76009
seq_len:79
seq_name:RNaseP_T.neapolitana
seq_len:338
seq_name:tRNA_tdbR00000536-Salmo_salar-8030-Ini-CAU
seq_len:75
seq_name:grp1_a.I1.e.G.planctonica.C1.SSU.943
seq_len:461
seq_name:5s_Bacillus-subtilis-2
seq_len:116
seq_name:srp_Yers.pest._CP000308
seq_len:117
seq_name:tmRNA_Camp.jeju._AX048472_1-359
seq_len:359
seq_name:RNaseP_SM-A5382
seq_len:290
seq_name:5s_Symbiobacterium-thermophilum-4
seq_len:110
seq_name:5s_Chaetomorpha-moniligera-1
seq_len:120
seq_name:5s_Corynebacterium-xerosis-1
seq_len:122
seq_name:RNaseP_A.salinestris-184
seq_len:294
seq_name:tRNA_tdbR00000113-Streptomyces_coelicolor_A32-100226-Gly-CCC
seq_len:74
seq_name:tmRNA_Stre.pyog._AE006568_1-345
seq_len:345
seq_name:tRNA_tdbR00000180-Bacillus_subtilis-1423-Lys-UU
seq_len:76
seq_name:srp_Neis.gono._AF482014
seq_len:94
seq_name:srp_Bras.napu._EE416873
seq_len:309
seq_name:tmRNA_Acid.ferr._TRW-243159_1-364
seq_len:364
seq_name:tRNA_tdbR00000289-Homo_sapiens-9606-Met-BAU
seq_len:76
seq_name:5s_Gelidium-amansii-2
seq_len:121
seq_name:tmRNA_Gemm.obsc._TRW-214688_1-412
seq_len:412
seq_name:5s_Xanthobacter-viscosus-1
seq_len:118
seq_name:tmRNA_Baci.cere._TRW-288681_1-355
seq_len:355
seq_name:RNaseP_C.trachomatis
seq_len:408
seq_name:5s_Secale-cereale-2
seq_len:120
seq_name:5s_Thraustochytrium-visurgense-2
seq_len:119
seq_name:srp_Nost.spec._BA000019
seq_len:102
seq_name:tRNA_tdbR00000545-Escherichia_coli-562-Tyr-QUA
seq_len:85
seq_name:RNaseP_L.muta-1
seq_len:331
seq_name:srp_Syne.spec._BA000022
seq_len:101
seq_name:srp_Halo.volc._AF395888
seq_len:306
seq_name:tRNA_tdbR00000145-Saccharomyces_cerevisiae-4932-His-GUG
seq_len:76
seq_name:RNaseP_D.jeanneae
seq_len:406
seq_name:tRNA_tdbR00000191-Mesocricetus_auratus-10036-Lys-NUU
seq_len:68
seq_name:srp_Shew.onei._AE015625
seq_len:114
seq_name:tmRNA_Lept.spec._TRW-261385_1-359
seq_len:359
seq_name:RNaseP_ESH20b-4
seq_len:293
seq_name:tRNA_tdbR00000061-Mus_musculus-10090-Glu-CUC
seq_len:75
current processing 3301/3446
seq_name:RNaseP_LGB23
seq_len:347
seq_name:tmRNA_Fuso.nucl._AE010567_1-341
seq_len:341
seq_name:tRNA_tdbR00000184-Asterias_amurensis-7602-Lys-CUU
seq_len:76
seq_name:5s_Emericella-nidulans-4
seq_len:119
seq_name:tmRNA_Meso.viri._AF166114_1-359
seq_len:359
seq_name:srp_Legi.pneu._M31830
seq_len:114
seq_name:5s_Colwellia-psychrerythraea-2
seq_len:117
seq_name:tRNA_tdbR00000522-Bos_taurus-9913-Ini-AU
seq_len:72
seq_name:5s_Rhodobacter-capsulatus-1
seq_len:116
seq_name:5s_Buchnera-aphidicola-1
seq_len:115
seq_name:tmRNA_Myco.smeg._CP000480_1-369
seq_len:369
seq_name:srp_Thio.deni._CP000116
seq_len:113
seq_name:srp_Ther.petr._CP000702
seq_len:117
seq_name:srp_Chla.pneu._AE002198
seq_len:104
seq_name:tRNA_tdbR00000620-Toxoplasma_gondii-5811-Ini-CAU
seq_len:72
seq_name:5s_Xylella-fastidiosa-2
seq_len:118
seq_name:5s_Neurospora-crassa-2
seq_len:118
seq_name:RNaseP_B.stearothermophilus
seq_len:417
seq_name:tRNA_tdbR00000346-Homo_sapiens-9606-Gln-NUG
seq_len:75
seq_name:RNaseP_S.glauca-L169T
seq_len:340
seq_name:tRNA_tdbR00000432-Haloferax_volcanii-2246-Thr-GGU
seq_len:75
seq_name:5s_Neurospora-intermedia-3
seq_len:119
seq_name:srp_Para.bras._CN239248
seq_len:127
seq_name:5s_Chlamydia-muridarum-2
seq_len:119
seq_name:5s_Brucella-abortus-1
seq_len:119
seq_name:tmRNA_Aero.hydr._AY442269_1-360
seq_len:360
seq_name:grp1_a.I1.e.B.yamatoana.JCM2896.C1.SSU.943
seq_len:480
seq_name:grp1_a.I1.e.L.dispersa.UNK.SSU.1210
seq_len:221
seq_name:srp_Anap.marg._CP000030
seq_len:101
seq_name:srp_Chla.muri._AE002321
seq_len:102
seq_name:tRNA_tdbR00000422-Rattus_norvegicus-10116-Ser-GCU
seq_len:85
seq_name:5s_Mycobacterium-phlei-1
seq_len:118
seq_name:srp_Legi.pneu._CR628337
seq_len:118
seq_name:16s_S.cerevisiae_domain4
seq_len:164
seq_name:5s_Lactobacillus-acidophilus-1
seq_len:117
seq_name:RNaseP_K.pneumoniae
seq_len:383
seq_name:srp_Aspe.flav._GSP-332952
seq_len:283
seq_name:srp_Leis.aeth._AY722732
seq_len:130
seq_name:RNaseP_S.viridis-K73T
seq_len:341
seq_name:5s_Fusarium-sporotrichioides-5
seq_len:119
seq_name:RNaseP_R.norvegicus
seq_len:257
seq_name:5s_Finegoldia-magna-1
seq_len:117
seq_name:tmRNA_envi.sequ._TRW-32045-1_1-355
seq_len:355
seq_name:tRNA_tdbR00000158-Escherichia_coli-562-Ile-GAU
seq_len:77
seq_name:srp_Meso.viri._AF166114
seq_len:103
seq_name:5s_Candida-parapsilosis-1
seq_len:121
seq_name:tRNA_tdbR00000182-Codium_fragile-3133-Lys-NUU
seq_len:75
seq_name:tRNA_tdbR00000106-Haloferax_volcanii-2246-Gly-CCC
seq_len:74
seq_name:srp_Phyt.soja._GSP-67593
seq_len:315
seq_name:srp_List.mono._AE017331
seq_len:103
seq_name:5s_Methanothermobacter-thermautotrophicus-7
seq_len:131
seq_name:srp_Para.bras._CN240538
seq_len:127
seq_name:tRNA_tdbR00000102-Bos_taurus-9913-Phe-AA
seq_len:76
seq_name:tRNA_tdbR00000199-Oryctolagus_cuniculus-9986-Lys-CUU
seq_len:76
seq_name:tRNA_tdbR00000614-Nanoarchaeum_equitans-160232-Ini-CAU
seq_len:78
seq_name:5s_Cellulosimicrobium-cellulans-1
seq_len:120
seq_name:srp_Myco.tube._AE000516
seq_len:86
seq_name:5s_Photobacterium-sp.-1
seq_len:120
seq_name:5s_Misgurnus-fossilis-14
seq_len:120
seq_name:5s_Chlorobium-phaeobacteroides-1
seq_len:110
seq_name:tmRNA_Cyan.para._TRW-2762_1-294
seq_len:294
seq_name:RNaseP_S.carlsbergensis
seq_len:359
seq_name:tRNA_tdbR00000236-Neurospora_crassa-5141-Leu-UAG
seq_len:87
seq_name:tmRNA_Chla.abor._CR848038_1-425
seq_len:425
seq_name:srp_Cryp.homi._GSP-353151
seq_len:300
seq_name:tRNA_tdbR00000531-Phaseolus_vulgaris-3885-Ini-CAU
seq_len:75
seq_name:tRNA_tdbR00000439-Spinacia_oleracea-3562-Thr-GGU
seq_len:75
seq_name:RNaseP_S.viridis-K191
seq_len:341
seq_name:RNaseP_SM-A07
seq_len:294
seq_name:tRNA_tdbR00000014-Bombyx_mori-7091-Ala-IGC
seq_len:76
seq_name:srp_Bras.oler._GSP-109376
seq_len:312
seq_name:tmRNA_Bact.thet._AE015928_1-397
seq_len:397
seq_name:srp_Desu.vulg._AE017285
seq_len:82
seq_name:5s_Caulobacter-crescentus-1
seq_len:119
seq_name:tmRNA_Salm.ente._AE017220_1-363
seq_len:363
seq_name:5s_Haloarcula-marismortui-3
seq_len:122
seq_name:5s_Trimorphomyces-papilionaceus-1
seq_len:118
seq_name:srp_Homo.sapi._BF908765
seq_len:280
seq_name:tmRNA_Azot.vine._TRW-354_1-352
seq_len:352
seq_name:5s_Streptomyces-sp.-1
seq_len:120
seq_name:tmRNA_Stre.ther._CP000419_1-350
seq_len:350
seq_name:5s_Helix-pomatia-1
seq_len:119
seq_name:tRNA_tdbR00000616-Nanoarchaeum_equitans-160232-Lys-CUU
seq_len:78
seq_name:tRNA_tdbR00000207-Mus_musculus-10090-Lys-CUU
seq_len:76
seq_name:5s_Geobacillus-kaustophilus-2
seq_len:117
seq_name:5s_Aspergillus-versicolor-1
seq_len:119
seq_name:RNaseP_B.burgdorferi-g
seq_len:352
seq_name:5s_Beggiatoa-alba-1
seq_len:120
seq_name:5s_Cerastoderma-glaucum-1
seq_len:120
seq_name:srp_Pyro.hori._BA000001
seq_len:319
seq_name:5s_Wolbachia-endosymbiont-of-D.-melanogaster-1
seq_len:111
seq_name:srp_Popu.trem._DN498769
seq_len:299
seq_name:tRNA_tdbR00000321-Saccharomyces_cerevisiae-4932-Pro-UGG
seq_len:75
seq_name:RNaseP_L.ferrooxidans-CF
seq_len:327
seq_name:tRNA_tdbR00000465-Saccharomyces_cerevisiae-4932-Val-CAC
seq_len:76
seq_name:srp_Lact.delb._CP000412
seq_len:91
seq_name:tRNA_tdbR00000538-Asterina_amurensis-69830-Ini-CAU
seq_len:75
seq_name:tmRNA_uncu.bact._TRW-45456_1-408
seq_len:408
seq_name:5s_Methanococcus-vannielii-2
seq_len:120
seq_name:grp1_a.I1.c.G.prostrata.C3.tLEU
seq_len:336
current processing 3401/3446
seq_name:5s_Clostridium-innocuum-1
seq_len:114
seq_name:5s_Salmonella-enterica-1
seq_len:120
seq_name:5s_Myxococcus-coralloides-1
seq_len:117
seq_name:tmRNA_Clos.perf._AP003190_1-358
seq_len:358
seq_name:tRNA_tdbR00000550-Neurospora_crassa-5141-Tyr-GUA
seq_len:90
seq_name:srp_Arab.thal._X72229
seq_len:306
seq_name:srp_Oryz.sati._AC079888
seq_len:311
seq_name:srp_Plas.berg._DC223490
seq_len:293
seq_name:tRNA_tdbR00000151-Haloferax_volcanii-2246-Ile-GAU
seq_len:77
seq_name:5s_Pyrococcus-abyssi-1
seq_len:118
seq_name:5s_Methanosarcina-mazei-2
seq_len:129
seq_name:tRNA_tdbR00000295-Escherichia_coli-562-Asn-QUU
seq_len:76
seq_name:RNaseP_B.subtilis
seq_len:401
seq_name:5s_Hyphomicrobium-vulgare-2
seq_len:119
seq_name:tRNA_tdbR00000202-Drosophila_melanogaster-7227-Lys-UU
seq_len:76
seq_name:5s_Oceanobacillus-iheyensis-1
seq_len:116
seq_name:grp1_a.I1.e.C.saxonicum.C1.SSU.1506
seq_len:448
seq_name:tRNA_tdbR00000027-Hordeum_vulgare-4513-Asp-GUC
seq_len:77
seq_name:RNaseP_ESH212C
seq_len:355
seq_name:RNaseP_H.pylori-26695
seq_len:316
seq_name:5s_Paracoccus-sp.-1
seq_len:118
seq_name:srp_Schi.pomb._X15220
seq_len:256
seq_name:tRNA_tdbR00000485-Nicotiana_tabacum-4097-Trp-BCA
seq_len:77
seq_name:srp_Chro.viol._AE016918
seq_len:97
seq_name:5s_Thermococcus-celer-1
seq_len:125
seq_name:srp_Rick.feli._CP000053
seq_len:103
seq_name:tmRNA_Bord.pert._TRW-257313_1-387
seq_len:387
seq_name:5s_S_kowalev2E
seq_len:120
seq_name:tRNA_tdbR00000052-Aedes_albopictus-7160-Glu-NUC
seq_len:69
seq_name:tRNA_tdbR00000209-Enterobacteria_phage_T4-10665-Leu-NAA
seq_len:87
seq_name:srp_Stap.epid._CP000029
seq_len:101
seq_name:RNaseP_G.gorilla
seq_len:320
seq_name:srp_Stre.pyog._CP000017
seq_len:98
seq_name:5s_Bacillus-thuringiensis-5
seq_len:118
seq_name:srp_Myco.aviu._AE017228
seq_len:88
seq_name:5s_Shewanella-putrefaciens-1
seq_len:120
seq_name:tRNA_tdbR00000617-Nanoarchaeum_equitans-160232-Gln-UUG
seq_len:76
seq_name:RNaseP_H.mobilis
seq_len:342
seq_name:5s_Emericella-heterothallica-1
seq_len:119
seq_name:tmRNA_Clos.ther._TRW-203119_1-387
seq_len:387
seq_name:srp_Batr.dend._GSP-403673
seq_len:308
seq_name:tmRNA_Porp.purp._TRW-2787_1-323
seq_len:323
seq_name:5s_Rattus-norvegicus-1
seq_len:120
seq_name:RNaseP_S.malidevorans
seq_len:286
seq_name:tRNA_tdbR00000213-Haloferax_volcanii-2246-Leu-GAG
seq_len:88
All_file_list:3446
Save RNA test data to data/test.pick
use gpu: True
Loading file:  data/test.pick
Loading dataset Done!!!
train.len=3446
FCDenseNet(
  (features): Sequential(
    (0): BasicConv2d(
      (conv): Conv2d(146, 64, kernel_size=(3, 3), stride=(1, 1), padding=(1, 1), bias=False)
      (bn): BatchNorm2d(64, eps=1e-05, momentum=0.1, affine=True, track_running_stats=True)
      (relu): ReLU(inplace=True)
    )
    (1): BasicConv2d(
      (conv): Conv2d(64, 32, kernel_size=(3, 3), stride=(1, 1), padding=(1, 1), bias=False)
      (bn): BatchNorm2d(32, eps=1e-05, momentum=0.1, affine=True, track_running_stats=True)
      (relu): ReLU(inplace=True)
    )
    (2): BasicConv2d(
      (conv): Conv2d(32, 16, kernel_size=(3, 3), stride=(1, 1), padding=(1, 1), bias=False)
      (bn): BatchNorm2d(16, eps=1e-05, momentum=0.1, affine=True, track_running_stats=True)
      (relu): ReLU(inplace=True)
    )
  )
  (down_dense): Module(
    (block_0): DenseBlock(16, 4*4+16=32)(
      (layer_0): DenseLayer(16, 4)(
        (norm): BatchNorm2d(16, eps=1e-05, momentum=0.1, affine=True, track_running_stats=True)
        (relu): ReLU(inplace=True)
        (conv): Conv2d(16, 4, kernel_size=(3, 3), stride=(1, 1), padding=(1, 1), bias=False)
      )
      (layer_1): DenseLayer(20, 4)(
        (norm): BatchNorm2d(20, eps=1e-05, momentum=0.1, affine=True, track_running_stats=True)
        (relu): ReLU(inplace=True)
        (conv): Conv2d(20, 4, kernel_size=(3, 3), stride=(1, 1), padding=(1, 1), bias=False)
      )
      (layer_2): DenseLayer(24, 4)(
        (norm): BatchNorm2d(24, eps=1e-05, momentum=0.1, affine=True, track_running_stats=True)
        (relu): ReLU(inplace=True)
        (conv): Conv2d(24, 4, kernel_size=(3, 3), stride=(1, 1), padding=(1, 1), bias=False)
      )
      (layer_3): DenseLayer(28, 4)(
        (norm): BatchNorm2d(28, eps=1e-05, momentum=0.1, affine=True, track_running_stats=True)
        (relu): ReLU(inplace=True)
        (conv): Conv2d(28, 4, kernel_size=(3, 3), stride=(1, 1), padding=(1, 1), bias=False)
      )
    )
    (block_1): DenseBlock(32, 4*8+32=64)(
      (layer_0): DenseLayer(32, 8)(
        (norm): BatchNorm2d(32, eps=1e-05, momentum=0.1, affine=True, track_running_stats=True)
        (relu): ReLU(inplace=True)
        (conv): Conv2d(32, 8, kernel_size=(3, 3), stride=(1, 1), padding=(1, 1), bias=False)
      )
      (layer_1): DenseLayer(40, 8)(
        (norm): BatchNorm2d(40, eps=1e-05, momentum=0.1, affine=True, track_running_stats=True)
        (relu): ReLU(inplace=True)
        (conv): Conv2d(40, 8, kernel_size=(3, 3), stride=(1, 1), padding=(1, 1), bias=False)
      )
      (layer_2): DenseLayer(48, 8)(
        (norm): BatchNorm2d(48, eps=1e-05, momentum=0.1, affine=True, track_running_stats=True)
        (relu): ReLU(inplace=True)
        (conv): Conv2d(48, 8, kernel_size=(3, 3), stride=(1, 1), padding=(1, 1), bias=False)
      )
      (layer_3): DenseLayer(56, 8)(
        (norm): BatchNorm2d(56, eps=1e-05, momentum=0.1, affine=True, track_running_stats=True)
        (relu): ReLU(inplace=True)
        (conv): Conv2d(56, 8, kernel_size=(3, 3), stride=(1, 1), padding=(1, 1), bias=False)
      )
    )
    (block_2): DenseBlock(64, 4*16+64=128)(
      (layer_0): DenseLayer(64, 16)(
        (norm): BatchNorm2d(64, eps=1e-05, momentum=0.1, affine=True, track_running_stats=True)
        (relu): ReLU(inplace=True)
        (conv): Conv2d(64, 16, kernel_size=(3, 3), stride=(1, 1), padding=(1, 1), bias=False)
      )
      (layer_1): DenseLayer(80, 16)(
        (norm): BatchNorm2d(80, eps=1e-05, momentum=0.1, affine=True, track_running_stats=True)
        (relu): ReLU(inplace=True)
        (conv): Conv2d(80, 16, kernel_size=(3, 3), stride=(1, 1), padding=(1, 1), bias=False)
      )
      (layer_2): DenseLayer(96, 16)(
        (norm): BatchNorm2d(96, eps=1e-05, momentum=0.1, affine=True, track_running_stats=True)
        (relu): ReLU(inplace=True)
        (conv): Conv2d(96, 16, kernel_size=(3, 3), stride=(1, 1), padding=(1, 1), bias=False)
      )
      (layer_3): DenseLayer(112, 16)(
        (norm): BatchNorm2d(112, eps=1e-05, momentum=0.1, affine=True, track_running_stats=True)
        (relu): ReLU(inplace=True)
        (conv): Conv2d(112, 16, kernel_size=(3, 3), stride=(1, 1), padding=(1, 1), bias=False)
      )
    )
    (block_3): DenseBlock(128, 4*32+128=256)(
      (layer_0): DenseLayer(128, 32)(
        (norm): BatchNorm2d(128, eps=1e-05, momentum=0.1, affine=True, track_running_stats=True)
        (relu): ReLU(inplace=True)
        (conv): Conv2d(128, 32, kernel_size=(3, 3), stride=(1, 1), padding=(1, 1), bias=False)
      )
      (layer_1): DenseLayer(160, 32)(
        (norm): BatchNorm2d(160, eps=1e-05, momentum=0.1, affine=True, track_running_stats=True)
        (relu): ReLU(inplace=True)
        (conv): Conv2d(160, 32, kernel_size=(3, 3), stride=(1, 1), padding=(1, 1), bias=False)
      )
      (layer_2): DenseLayer(192, 32)(
        (norm): BatchNorm2d(192, eps=1e-05, momentum=0.1, affine=True, track_running_stats=True)
        (relu): ReLU(inplace=True)
        (conv): Conv2d(192, 32, kernel_size=(3, 3), stride=(1, 1), padding=(1, 1), bias=False)
      )
      (layer_3): DenseLayer(224, 32)(
        (norm): BatchNorm2d(224, eps=1e-05, momentum=0.1, affine=True, track_running_stats=True)
        (relu): ReLU(inplace=True)
        (conv): Conv2d(224, 32, kernel_size=(3, 3), stride=(1, 1), padding=(1, 1), bias=False)
      )
    )
  )
  (down_trans): Module(
    (trans_0): TransitionDown(32, 32, dropout=0)(
      (norm): BatchNorm2d(32, eps=1e-05, momentum=0.1, affine=True, track_running_stats=True)
      (relu): ReLU(inplace=True)
      (conv): Conv2d(32, 32, kernel_size=(1, 1), stride=(1, 1), bias=False)
      (pool): MaxPool2d(kernel_size=2, stride=2, padding=0, dilation=1, ceil_mode=False)
    )
    (trans_1): TransitionDown(64, 64, dropout=0)(
      (norm): BatchNorm2d(64, eps=1e-05, momentum=0.1, affine=True, track_running_stats=True)
      (relu): ReLU(inplace=True)
      (conv): Conv2d(64, 64, kernel_size=(1, 1), stride=(1, 1), bias=False)
      (pool): MaxPool2d(kernel_size=2, stride=2, padding=0, dilation=1, ceil_mode=False)
    )
    (trans_2): TransitionDown(128, 128, dropout=0)(
      (norm): BatchNorm2d(128, eps=1e-05, momentum=0.1, affine=True, track_running_stats=True)
      (relu): ReLU(inplace=True)
      (conv): Conv2d(128, 128, kernel_size=(1, 1), stride=(1, 1), bias=False)
      (pool): MaxPool2d(kernel_size=2, stride=2, padding=0, dilation=1, ceil_mode=False)
    )
    (trans_3): TransitionDown(256, 256, dropout=0)(
      (norm): BatchNorm2d(256, eps=1e-05, momentum=0.1, affine=True, track_running_stats=True)
      (relu): ReLU(inplace=True)
      (conv): Conv2d(256, 256, kernel_size=(1, 1), stride=(1, 1), bias=False)
      (pool): MaxPool2d(kernel_size=2, stride=2, padding=0, dilation=1, ceil_mode=False)
    )
  )
  (middle): DenseBlock(256, 8*32+256=512)(
    (layer_0): DenseLayer(256, 32)(
      (norm): BatchNorm2d(256, eps=1e-05, momentum=0.1, affine=True, track_running_stats=True)
      (relu): ReLU(inplace=True)
      (conv): Conv2d(256, 32, kernel_size=(3, 3), stride=(1, 1), padding=(1, 1), bias=False)
    )
    (layer_1): DenseLayer(288, 32)(
      (norm): BatchNorm2d(288, eps=1e-05, momentum=0.1, affine=True, track_running_stats=True)
      (relu): ReLU(inplace=True)
      (conv): Conv2d(288, 32, kernel_size=(3, 3), stride=(1, 1), padding=(1, 1), bias=False)
    )
    (layer_2): DenseLayer(320, 32)(
      (norm): BatchNorm2d(320, eps=1e-05, momentum=0.1, affine=True, track_running_stats=True)
      (relu): ReLU(inplace=True)
      (conv): Conv2d(320, 32, kernel_size=(3, 3), stride=(1, 1), padding=(1, 1), bias=False)
    )
    (layer_3): DenseLayer(352, 32)(
      (norm): BatchNorm2d(352, eps=1e-05, momentum=0.1, affine=True, track_running_stats=True)
      (relu): ReLU(inplace=True)
      (conv): Conv2d(352, 32, kernel_size=(3, 3), stride=(1, 1), padding=(1, 1), bias=False)
    )
    (layer_4): DenseLayer(384, 32)(
      (norm): BatchNorm2d(384, eps=1e-05, momentum=0.1, affine=True, track_running_stats=True)
      (relu): ReLU(inplace=True)
      (conv): Conv2d(384, 32, kernel_size=(3, 3), stride=(1, 1), padding=(1, 1), bias=False)
    )
    (layer_5): DenseLayer(416, 32)(
      (norm): BatchNorm2d(416, eps=1e-05, momentum=0.1, affine=True, track_running_stats=True)
      (relu): ReLU(inplace=True)
      (conv): Conv2d(416, 32, kernel_size=(3, 3), stride=(1, 1), padding=(1, 1), bias=False)
    )
    (layer_6): DenseLayer(448, 32)(
      (norm): BatchNorm2d(448, eps=1e-05, momentum=0.1, affine=True, track_running_stats=True)
      (relu): ReLU(inplace=True)
      (conv): Conv2d(448, 32, kernel_size=(3, 3), stride=(1, 1), padding=(1, 1), bias=False)
    )
    (layer_7): DenseLayer(480, 32)(
      (norm): BatchNorm2d(480, eps=1e-05, momentum=0.1, affine=True, track_running_stats=True)
      (relu): ReLU(inplace=True)
      (conv): Conv2d(480, 32, kernel_size=(3, 3), stride=(1, 1), padding=(1, 1), bias=False)
    )
  )
  (up_dense): Module(
    (block_0): DenseBlock(256, 4*64=256)(
      (layer_0): DenseLayer(256, 64)(
        (norm): BatchNorm2d(256, eps=1e-05, momentum=0.1, affine=True, track_running_stats=True)
        (relu): ReLU(inplace=True)
        (conv): Conv2d(256, 64, kernel_size=(3, 3), stride=(1, 1), padding=(1, 1), bias=False)
      )
      (layer_1): DenseLayer(320, 64)(
        (norm): BatchNorm2d(320, eps=1e-05, momentum=0.1, affine=True, track_running_stats=True)
        (relu): ReLU(inplace=True)
        (conv): Conv2d(320, 64, kernel_size=(3, 3), stride=(1, 1), padding=(1, 1), bias=False)
      )
      (layer_2): DenseLayer(384, 64)(
        (norm): BatchNorm2d(384, eps=1e-05, momentum=0.1, affine=True, track_running_stats=True)
        (relu): ReLU(inplace=True)
        (conv): Conv2d(384, 64, kernel_size=(3, 3), stride=(1, 1), padding=(1, 1), bias=False)
      )
      (layer_3): DenseLayer(448, 64)(
        (norm): BatchNorm2d(448, eps=1e-05, momentum=0.1, affine=True, track_running_stats=True)
        (relu): ReLU(inplace=True)
        (conv): Conv2d(448, 64, kernel_size=(3, 3), stride=(1, 1), padding=(1, 1), bias=False)
      )
    )
    (block_1): DenseBlock(128, 4*32=128)(
      (layer_0): DenseLayer(128, 32)(
        (norm): BatchNorm2d(128, eps=1e-05, momentum=0.1, affine=True, track_running_stats=True)
        (relu): ReLU(inplace=True)
        (conv): Conv2d(128, 32, kernel_size=(3, 3), stride=(1, 1), padding=(1, 1), bias=False)
      )
      (layer_1): DenseLayer(160, 32)(
        (norm): BatchNorm2d(160, eps=1e-05, momentum=0.1, affine=True, track_running_stats=True)
        (relu): ReLU(inplace=True)
        (conv): Conv2d(160, 32, kernel_size=(3, 3), stride=(1, 1), padding=(1, 1), bias=False)
      )
      (layer_2): DenseLayer(192, 32)(
        (norm): BatchNorm2d(192, eps=1e-05, momentum=0.1, affine=True, track_running_stats=True)
        (relu): ReLU(inplace=True)
        (conv): Conv2d(192, 32, kernel_size=(3, 3), stride=(1, 1), padding=(1, 1), bias=False)
      )
      (layer_3): DenseLayer(224, 32)(
        (norm): BatchNorm2d(224, eps=1e-05, momentum=0.1, affine=True, track_running_stats=True)
        (relu): ReLU(inplace=True)
        (conv): Conv2d(224, 32, kernel_size=(3, 3), stride=(1, 1), padding=(1, 1), bias=False)
      )
    )
    (block_2): DenseBlock(64, 4*16=64)(
      (layer_0): DenseLayer(64, 16)(
        (norm): BatchNorm2d(64, eps=1e-05, momentum=0.1, affine=True, track_running_stats=True)
        (relu): ReLU(inplace=True)
        (conv): Conv2d(64, 16, kernel_size=(3, 3), stride=(1, 1), padding=(1, 1), bias=False)
      )
      (layer_1): DenseLayer(80, 16)(
        (norm): BatchNorm2d(80, eps=1e-05, momentum=0.1, affine=True, track_running_stats=True)
        (relu): ReLU(inplace=True)
        (conv): Conv2d(80, 16, kernel_size=(3, 3), stride=(1, 1), padding=(1, 1), bias=False)
      )
      (layer_2): DenseLayer(96, 16)(
        (norm): BatchNorm2d(96, eps=1e-05, momentum=0.1, affine=True, track_running_stats=True)
        (relu): ReLU(inplace=True)
        (conv): Conv2d(96, 16, kernel_size=(3, 3), stride=(1, 1), padding=(1, 1), bias=False)
      )
      (layer_3): DenseLayer(112, 16)(
        (norm): BatchNorm2d(112, eps=1e-05, momentum=0.1, affine=True, track_running_stats=True)
        (relu): ReLU(inplace=True)
        (conv): Conv2d(112, 16, kernel_size=(3, 3), stride=(1, 1), padding=(1, 1), bias=False)
      )
    )
    (block_3): DenseBlock(32, 4*8=32)(
      (layer_0): DenseLayer(32, 8)(
        (norm): BatchNorm2d(32, eps=1e-05, momentum=0.1, affine=True, track_running_stats=True)
        (relu): ReLU(inplace=True)
        (conv): Conv2d(32, 8, kernel_size=(3, 3), stride=(1, 1), padding=(1, 1), bias=False)
      )
      (layer_1): DenseLayer(40, 8)(
        (norm): BatchNorm2d(40, eps=1e-05, momentum=0.1, affine=True, track_running_stats=True)
        (relu): ReLU(inplace=True)
        (conv): Conv2d(40, 8, kernel_size=(3, 3), stride=(1, 1), padding=(1, 1), bias=False)
      )
      (layer_2): DenseLayer(48, 8)(
        (norm): BatchNorm2d(48, eps=1e-05, momentum=0.1, affine=True, track_running_stats=True)
        (relu): ReLU(inplace=True)
        (conv): Conv2d(48, 8, kernel_size=(3, 3), stride=(1, 1), padding=(1, 1), bias=False)
      )
      (layer_3): DenseLayer(56, 8)(
        (norm): BatchNorm2d(56, eps=1e-05, momentum=0.1, affine=True, track_running_stats=True)
        (relu): ReLU(inplace=True)
        (conv): Conv2d(56, 8, kernel_size=(3, 3), stride=(1, 1), padding=(1, 1), bias=False)
      )
    )
  )
  (up_trans): Module(
    (trans_0): TransitionUp([256, 256] -> 256))(
      (upconv): Sequential(
        (0): Upsample(scale_factor=2.0, mode=nearest)
        (1): Conv2d(512, 256, kernel_size=(3, 3), stride=(1, 1), padding=(1, 1))
        (2): BatchNorm2d(256, eps=1e-05, momentum=0.1, affine=True, track_running_stats=True)
        (3): ReLU(inplace=True)
      )
      (concat): Concatenate()
    )
    (trans_1): TransitionUp([128, 128] -> 128))(
      (upconv): Sequential(
        (0): Upsample(scale_factor=2.0, mode=nearest)
        (1): Conv2d(256, 128, kernel_size=(3, 3), stride=(1, 1), padding=(1, 1))
        (2): BatchNorm2d(128, eps=1e-05, momentum=0.1, affine=True, track_running_stats=True)
        (3): ReLU(inplace=True)
      )
      (concat): Concatenate()
    )
    (trans_2): TransitionUp([64, 64] -> 64))(
      (upconv): Sequential(
        (0): Upsample(scale_factor=2.0, mode=nearest)
        (1): Conv2d(128, 64, kernel_size=(3, 3), stride=(1, 1), padding=(1, 1))
        (2): BatchNorm2d(64, eps=1e-05, momentum=0.1, affine=True, track_running_stats=True)
        (3): ReLU(inplace=True)
      )
      (concat): Concatenate()
    )
    (trans_3): TransitionUp([32, 32] -> 32))(
      (upconv): Sequential(
        (0): Upsample(scale_factor=2.0, mode=nearest)
        (1): Conv2d(64, 32, kernel_size=(3, 3), stride=(1, 1), padding=(1, 1))
        (2): BatchNorm2d(32, eps=1e-05, momentum=0.1, affine=True, track_running_stats=True)
        (3): ReLU(inplace=True)
      )
      (concat): Concatenate()
    )
  )
  (final): Conv2d(32, 1, kernel_size=(1, 1), stride=(1, 1))
  (Norm): BatchNorm2d(1, eps=1e-05, momentum=0.1, affine=True, track_running_stats=True)
)
----------
Epoch 0/15
----------
Phase train...
Train data:3446
/home/gkulemeyer/Repos/REDfold/exec1/redfold/fold/data_generator.py:53: VisibleDeprecationWarning: Creating an ndarray from ragged nested sequences (which is a list-or-tuple of lists-or-tuples-or ndarrays with different lengths or shapes) is deprecated. If you meant to do this, you must specify 'dtype=object' when creating the ndarray.
  self.seq_hot= np.array([instance[2] for instance in self.data])
/home/gkulemeyer/Repos/REDfold/exec1/redfold/fold/data_generator.py:54: VisibleDeprecationWarning: Creating an ndarray from ragged nested sequences (which is a list-or-tuple of lists-or-tuples-or ndarrays with different lengths or shapes) is deprecated. If you meant to do this, you must specify 'dtype=object' when creating the ndarray.
  self.data_y= np.array([instance[3] for instance in self.data])
/home/gkulemeyer/Repos/REDfold/exec1/redfold/fold/data_generator.py:55: VisibleDeprecationWarning: Creating an ndarray from ragged nested sequences (which is a list-or-tuple of lists-or-tuples-or ndarrays with different lengths or shapes) is deprecated. If you meant to do this, you must specify 'dtype=object' when creating the ndarray.
  self.data_x= np.array([instance[4] for instance in self.data])
/home/gkulemeyer/Repos/REDfold/exec1/redfold/fold/data_generator.py:56: VisibleDeprecationWarning: Creating an ndarray from ragged nested sequences (which is a list-or-tuple of lists-or-tuples-or ndarrays with different lengths or shapes) is deprecated. If you meant to do this, you must specify 'dtype=object' when creating the ndarray.
  self.data_z= np.array([instance[5] for instance in self.data])
Epoch Loss:0.3923
----------
Epoch 1/15
----------
Phase train...
Train data:3446
Epoch Loss:0.2052
----------
Epoch 2/15
----------
Phase train...
Train data:3446
Epoch Loss:0.1629
----------
Epoch 3/15
----------
Phase train...
Train data:3446
Epoch Loss:0.1451
----------
Epoch 4/15
----------
Phase train...
Train data:3446
Epoch Loss:0.1328
----------
Epoch 5/15
----------
Phase train...
Train data:3446
Epoch Loss:0.1217
----------
Epoch 6/15
----------
Phase train...
Train data:3446
Epoch Loss:0.1143
----------
Epoch 7/15
----------
Phase train...
Train data:3446
Epoch Loss:0.1082
----------
Epoch 8/15
----------
Phase train...
Train data:3446
Epoch Loss:0.1045
----------
Epoch 9/15
----------
Phase train...
Train data:3446
Epoch Loss:0.1034
----------
Epoch 10/15
----------
Phase train...
Train data:3446
Epoch Loss:0.0992
----------
Epoch 11/15
----------
Phase train...
Train data:3446
Epoch Loss:0.0962
----------
Epoch 12/15
----------
Phase train...
Train data:3446
Epoch Loss:0.0933
----------
Epoch 13/15
----------
Phase train...
Train data:3446
Epoch Loss:0.0947
----------
Epoch 14/15
----------
Phase train...
Train data:3446
Epoch Loss:0.0905
Saving model to data/mod_redense_015.pt
train finish.
