name,p_appr1,s_appr1,f1_appr1,f1_exact,dataset,fold
5s_Acidovorax-facilis-1,0.391304347826087,0.2727272727272727,0.32142857142857145,0.32142857142857145,rnadist_100,5s
5s_Alcaligenes-faecalis-2,0.3684210526315789,0.21875,0.2745098039215686,0.2745098039215686,rnadist_100,5s
5s_Acidiphilium-acidophilum-1,0.5,0.2647058823529412,0.3461538461538462,0.3461538461538462,rnadist_100,5s
5s_Pyrococcus-abyssi-1,0.25,0.06666666666666667,0.10526315789473685,0.10526315789473685,rnadist_100,5s
5s_Pseudonocardia-hydrocarbonoxydans-1,0.631578947368421,0.3333333333333333,0.4363636363636364,0.4363636363636364,rnadist_100,5s
5s_Rhodospirillum-rubrum-1,0.45454545454545453,0.2857142857142857,0.3508771929824561,0.3508771929824561,rnadist_100,5s
5s_Corynebacterium-jeikeium-2,0.2857142857142857,0.11764705882352941,0.16666666666666666,0.16666666666666666,rnadist_100,5s
5s_Methanocaldococcus-jannaschii-1,0.2857142857142857,0.11764705882352941,0.16666666666666666,0.16666666666666666,rnadist_100,5s
5s_Crithidia-fasciculata-1,0.4666666666666667,0.20588235294117646,0.28571428571428564,0.28571428571428564,rnadist_100,5s
5s_Uthatobasidium-fusisporum-1,0.1,0.029411764705882353,0.04545454545454545,0.04545454545454545,rnadist_100,5s
5s_Deinococcus-radiodurans-2,0.6363636363636364,0.20588235294117646,0.3111111111111111,0.3111111111111111,rnadist_100,5s
5s_Thermus-aquaticus-1,0.2916666666666667,0.21212121212121213,0.2456140350877193,0.2456140350877193,rnadist_100,5s
5s_Thiomicrospira-sp.-1,0.42105263157894735,0.23529411764705882,0.3018867924528302,0.3018867924528302,rnadist_100,5s
5s_Taxus-baccata-1,0.2222222222222222,0.125,0.16,0.16,rnadist_100,5s
5s_Thermoplasma-acidophilum-1,0.5,0.21875,0.30434782608695654,0.30434782608695654,rnadist_100,5s
5s_Pythium-torulosum-1,0.5384615384615384,0.1891891891891892,0.28,0.28,rnadist_100,5s
5s_Gymnosporangium-sabinae-1,0.6470588235294118,0.2972972972972973,0.40740740740740744,0.40740740740740744,rnadist_100,5s
5s_Sabellastarte-japonica-1,0.52,0.37142857142857144,0.43333333333333335,0.43333333333333335,rnadist_100,5s
5s_Mycobacterium-phlei-1,0.4090909090909091,0.2727272727272727,0.32727272727272727,0.32727272727272727,rnadist_100,5s
5s_Halothiobacillus-neapolitanus-1,0.5714285714285714,0.22857142857142856,0.32653061224489793,0.32653061224489793,rnadist_100,5s
5s_Neurospora-crassa-13,0.4666666666666667,0.20588235294117646,0.28571428571428564,0.28571428571428564,rnadist_100,5s
5s_Porphyromonas-gingivalis-2,0.2,0.17857142857142858,0.1886792452830189,0.1886792452830189,rnadist_100,5s
5s_Legionella-longbeachae-1,0.4,0.23529411764705882,0.29629629629629634,0.29629629629629634,rnadist_100,5s
5s_Streptomyces-coelicolor-3,0.4117647058823529,0.2,0.2692307692307692,0.2692307692307692,rnadist_100,5s
5s_Methylophilus-methylotrophus-1,0.3684210526315789,0.21875,0.2745098039215686,0.2745098039215686,rnadist_100,5s
5s_Acidithiobacillus-ferrooxidans-1,0.4444444444444444,0.36363636363636365,0.39999999999999997,0.39999999999999997,rnadist_100,5s
5s_Neurospora-crassa-9,0.5833333333333334,0.4,0.4745762711864407,0.4745762711864407,rnadist_100,5s
5s_Pimelobacter-simplex-1,0.1111111111111111,0.029411764705882353,0.04651162790697674,0.04651162790697674,rnadist_100,5s
5s_Burkholderia-pseudomallei-1,0.625,0.3225806451612903,0.425531914893617,0.425531914893617,rnadist_100,5s
5s_Mycoplasma-mobile-1,0.30434782608695654,0.28,0.35207823960880197,0.2916666666666667,rnadist_100,5s
5s_Corynebacterium-glutamicum-1,0.5833333333333334,0.21212121212121213,0.3111111111111111,0.3111111111111111,rnadist_100,5s
5s_Streptomyces-avermitilis-3,0.4,0.24242424242424243,0.30188679245283023,0.30188679245283023,rnadist_100,5s
5s_P_cynthiaE,0.5263157894736842,0.2857142857142857,0.40740740740740744,0.37037037037037035,rnadist_100,5s
5s_Gracilaria-compressa-1,0.6428571428571429,0.2647058823529412,0.37499999999999994,0.37499999999999994,rnadist_100,5s
5s_Bacillus-clausii-3,0.3076923076923077,0.12121212121212122,0.17391304347826086,0.17391304347826086,rnadist_100,5s
5s_Renobacter-vaculatum-1,0.3,0.1935483870967742,0.23529411764705882,0.23529411764705882,rnadist_100,5s
5s_Bacillus-clausii-1,0.2727272727272727,0.09090909090909091,0.13636363636363635,0.13636363636363635,rnadist_100,5s
5s_Moritella-marina-1,0.42857142857142855,0.16666666666666666,0.24,0.24,rnadist_100,5s
5s_Emericella-nidulans-3,0.8333333333333334,0.2777777777777778,0.4166666666666667,0.4166666666666667,rnadist_100,5s
5s_Tricharina-hiemalis-1,0.5333333333333333,0.2222222222222222,0.3137254901960784,0.3137254901960784,rnadist_100,5s
5s_Actinomadura-madurae-1,0.0,0.0,0.0,0.0,rnadist_100,5s
5s_Penicillium-griseofulvum-1,0.75,0.4166666666666667,0.5357142857142857,0.5357142857142857,rnadist_100,5s
5s_Nannocystis-exedens-1,0.4117647058823529,0.20588235294117646,0.2745098039215686,0.2745098039215686,rnadist_100,5s
5s_Haliclona-oculata-1,0.5238095238095238,0.3142857142857143,0.39285714285714285,0.39285714285714285,rnadist_100,5s
5s_Methanothermobacter-thermautotrophicus-2,0.29411764705882354,0.14285714285714285,0.1923076923076923,0.1923076923076923,rnadist_100,5s
5s_Streptomyces-coelicolor-2,0.47058823529411764,0.22857142857142856,0.3076923076923077,0.3076923076923077,rnadist_100,5s
5s_Xenopus-borealis-1,0.4666666666666667,0.2,0.27999999999999997,0.27999999999999997,rnadist_100,5s
5s_Filobasidium-floriforme-2,0.45454545454545453,0.14705882352941177,0.22222222222222224,0.22222222222222224,rnadist_100,5s
5s_Thraustochytrium-visurgense-2,0.2916666666666667,0.2,0.23728813559322035,0.23728813559322035,rnadist_100,5s
5s_Brucella-suis-2,0.5789473684210527,0.3235294117647059,0.4150943396226416,0.4150943396226416,rnadist_100,5s
5s_Cyanophora-paradoxa-1,0.2857142857142857,0.11764705882352941,0.16666666666666666,0.16666666666666666,rnadist_100,5s
5s_Propionibacterium-acnes-1,0.6190476190476191,0.37142857142857144,0.5357142857142858,0.4642857142857143,rnadist_100,5s
5s_Parachlamydia-sp.-1,0.5652173913043478,0.3939393939393939,0.4642857142857143,0.4642857142857143,rnadist_100,5s
5s_Mycoplasma-haemofelis-1,0.3157894736842105,0.18181818181818182,0.23076923076923078,0.23076923076923078,rnadist_100,5s
5s_Acholeplasma-laidlawii-2,0.375,0.2,0.26086956521739135,0.26086956521739135,rnadist_100,5s
5s_Shewanella-colwelliana-1,0.34615384615384615,0.25,0.2903225806451613,0.2903225806451613,rnadist_100,5s
5s_Aurelia_aurita-1,0.5714285714285714,0.24242424242424243,0.3404255319148936,0.3404255319148936,rnadist_100,5s
5s_Fusobacterium-mortiferum-2,0.4782608695652174,0.3548387096774194,0.40740740740740744,0.40740740740740744,rnadist_100,5s
5s_Tricholoma-matsutake-1,0.4666666666666667,0.20588235294117646,0.28571428571428564,0.28571428571428564,rnadist_100,5s
5s_Myxococcus-coralloides-1,0.38461538461538464,0.15625,0.22222222222222224,0.22222222222222224,rnadist_100,5s
5s_Halorhodospira-halophila-1,0.631578947368421,0.35294117647058826,0.45283018867924524,0.45283018867924524,rnadist_100,5s
5s_Bacillus-anthracis-9,0.21428571428571427,0.09090909090909091,0.1276595744680851,0.1276595744680851,rnadist_100,5s
5s_Symbiobacterium-thermophilum-1,0.36,0.3103448275862069,0.3866432337434095,0.3333333333333333,rnadist_100,5s
5s_Pinus-silvestris-1,0.2608695652173913,0.17647058823529413,0.2105263157894737,0.2105263157894737,rnadist_100,5s
5s_Rubrivivax-gelatinosus-1,0.375,0.18181818181818182,0.31197771587743733,0.24489795918367344,rnadist_100,5s
5s_Pneumocystis-carinii-1,0.391304347826087,0.25,0.3050847457627119,0.3050847457627119,rnadist_100,5s
5s_Porphyra-umbilicalis-1,0.3333333333333333,0.20588235294117646,0.2545454545454545,0.2545454545454545,rnadist_100,5s
5s_Scyliorhinus-canicula-1,0.34782608695652173,0.22857142857142856,0.27586206896551724,0.27586206896551724,rnadist_100,5s
5s_Bacillus-anthracis-8,0.5,0.24242424242424243,0.326530612244898,0.326530612244898,rnadist_100,5s
5s_Salmonella-enterica-8,0.5263157894736842,0.2777777777777778,0.36363636363636365,0.36363636363636365,rnadist_100,5s
5s_Pseudomonas-syringae-1,0.43478260869565216,0.2857142857142857,0.3448275862068965,0.3448275862068965,rnadist_100,5s
5s_Smittium-culisetae-1,0.4090909090909091,0.25,0.31034482758620685,0.31034482758620685,rnadist_100,5s
5s_Brucella-melitensis-2,0.6470588235294118,0.3333333333333333,0.44,0.44,rnadist_100,5s
5s_Acremonium-chrysogenum-1,0.4444444444444444,0.2222222222222222,0.3333333333333333,0.2962962962962963,rnadist_100,5s
5s_Acidithiobacillus-ferrooxidans-3,0.4642857142857143,0.38235294117647056,0.41935483870967744,0.41935483870967744,rnadist_100,5s
5s_Filobasidiella-neoformans-1,0.0,0.0,0.0,0.0,rnadist_100,5s
5s_Asellus-aquaticus-2,0.2857142857142857,0.17142857142857143,0.21428571428571427,0.21428571428571427,rnadist_100,5s
5s_Rhodococcus-rhodochrous-1,0.6,0.17142857142857143,0.26666666666666666,0.26666666666666666,rnadist_100,5s
5s_Homo-sapiens-1,0.5555555555555556,0.2777777777777778,0.3703703703703704,0.3703703703703704,rnadist_100,5s
5s_Halobacterium-salinarum-3,0.23076923076923078,0.09090909090909091,0.13043478260869568,0.13043478260869568,rnadist_100,5s
5s_Dugesia-japonica-1,0.45,0.25,0.32142857142857145,0.32142857142857145,rnadist_100,5s
5s_Candidatus-Fritschea-bemisiae-1,0.39285714285714285,0.34375,0.3666666666666667,0.3666666666666667,rnadist_100,5s
5s_Natronomonas-pharaonis-1,0.5833333333333334,0.20588235294117646,0.3043478260869565,0.3043478260869565,rnadist_100,5s
5s_Euglena-gracilis-1,0.5263157894736842,0.2702702702702703,0.39285714285714285,0.35714285714285715,rnadist_100,5s
5s_C_paradoxE,0.2857142857142857,0.11428571428571428,0.16326530612244897,0.16326530612244897,rnadist_100,5s
5s_Pythium-hydnosporum-1,0.4444444444444444,0.21621621621621623,0.2909090909090909,0.2909090909090909,rnadist_100,5s
5s_Agrobacterium-vitis-1,0.46153846153846156,0.35294117647058826,0.4000000000000001,0.4000000000000001,rnadist_100,5s
5s_Pyrococcus-furiosus-1,0.25,0.06060606060606061,0.0975609756097561,0.0975609756097561,rnadist_100,5s
5s_Candidatus-Tremblaya-princeps-2,0.5,0.2,0.28571428571428575,0.28571428571428575,rnadist_100,5s
5s_Solemya-velum-1,0.37037037037037035,0.2857142857142857,0.3225806451612903,0.3225806451612903,rnadist_100,5s
5s_Nocardiopsis-dassonvillei-1,0.0,0.0,0.0,0.0,rnadist_100,5s
5s_Fusarium-sporotrichioides-3,0.3333333333333333,0.2,0.25,0.25,rnadist_100,5s
5s_Emericella-nidulans-4,0.6428571428571429,0.2571428571428571,0.36734693877551017,0.36734693877551017,rnadist_100,5s
5s_Geobacillus-stearothermophilus-3,0.6,0.2727272727272727,0.37499999999999994,0.37499999999999994,rnadist_100,5s
5s_Deinococcus-radiophilus-1,0.5294117647058824,0.2647058823529412,0.35294117647058826,0.35294117647058826,rnadist_100,5s
5s_Exidia-glandulosa-1,0.36363636363636365,0.11764705882352941,0.17777777777777776,0.17777777777777776,rnadist_100,5s
5s_Drosophila-mauritiana-1,0.4583333333333333,0.3055555555555556,0.3666666666666667,0.3666666666666667,rnadist_100,5s
5s_Neurospora-crassa-15,0.45,0.2571428571428571,0.32727272727272727,0.32727272727272727,rnadist_100,5s
5s_Tetrahymena-thermophila-1,0.13333333333333333,0.05555555555555555,0.0784313725490196,0.0784313725490196,rnadist_100,5s
5s_Lentinula-edodes-2,0.23529411764705882,0.12121212121212122,0.16,0.16,rnadist_100,5s
5s_Vibrio-adaptatus-1,0.4583333333333333,0.3142857142857143,0.3728813559322034,0.3728813559322034,rnadist_100,5s
5s_Streptomyces-nodosus-2,0.47619047619047616,0.29411764705882354,0.3636363636363637,0.3636363636363637,rnadist_100,5s
5s_Listonella-pelagia-1,0.55,0.3055555555555556,0.39285714285714285,0.39285714285714285,rnadist_100,5s
5s_Mycoplasma-genitalium-1,0.5,0.08333333333333333,0.14285714285714285,0.14285714285714285,rnadist_100,5s
5s_Endophyllum-sempervivi-1,0.45454545454545453,0.14705882352941177,0.22222222222222224,0.22222222222222224,rnadist_100,5s
5s_Mycobacterium-bovis-1,0.3333333333333333,0.15151515151515152,0.20833333333333331,0.20833333333333331,rnadist_100,5s
5s_Bacillus-subtilis-6,0.4090909090909091,0.28125,0.3333333333333333,0.3333333333333333,rnadist_100,5s
5s_Alcaligenes-faecalis-1,0.4117647058823529,0.21875,0.2857142857142857,0.2857142857142857,rnadist_100,5s
5s_Gluconobacter-oxydans-3,0.5238095238095238,0.3333333333333333,0.40740740740740733,0.40740740740740733,rnadist_100,5s
5s_Arthrobacter-globiformis-1,0.7142857142857143,0.30303030303030304,0.42553191489361697,0.42553191489361697,rnadist_100,5s
5s_Buchnera-aphidicola-3,0.5333333333333333,0.26666666666666666,0.4,0.3555555555555555,rnadist_100,5s
5s_Dugesia-japonica-2,0.2857142857142857,0.16666666666666666,0.2105263157894737,0.2105263157894737,rnadist_100,5s
5s_Mycoplasma-hyopneumoniae-1,0.5263157894736842,0.37037037037037035,0.43478260869565216,0.43478260869565216,rnadist_100,5s
5s_Rickettsia-prowazekii-1,0.5,0.375,0.42857142857142855,0.42857142857142855,rnadist_100,5s
5s_Candida-glabrata-1,0.5555555555555556,0.2857142857142857,0.3773584905660377,0.3773584905660377,rnadist_100,5s
5s_Streptococcus-mutans-3,0.5,0.21875,0.30434782608695654,0.30434782608695654,rnadist_100,5s
5s_Cyclidiopsis-acus-1,0.5294117647058824,0.24324324324324326,0.37037037037037035,0.33333333333333337,rnadist_100,5s
5s_Planococcus-kocurii-1,0.5,0.2727272727272727,0.43137254901960786,0.3529411764705882,rnadist_100,5s
5s_Pteridium-aquilinum-1,0.0,0.0,0.0,0.0,rnadist_100,5s
5s_Erysipelothrix-rhusiopathiae-3,0.15,0.1,0.12,0.12,rnadist_100,5s
5s_Oceanobacillus-iheyensis-1,0.5882352941176471,0.3125,0.40816326530612246,0.40816326530612246,rnadist_100,5s
5s_Neisseria-meningitidis-1,0.3684210526315789,0.21875,0.2745098039215686,0.2745098039215686,rnadist_100,5s
5s_Meloidogyne-chitwoodi-1,0.5,0.38235294117647056,0.4666666666666667,0.4333333333333333,rnadist_100,5s
5s_Itersonilia-perplexans-1,0.125,0.029411764705882353,0.047619047619047616,0.047619047619047616,rnadist_100,5s
5s_Haloarcula-marismortui-1,0.2,0.0967741935483871,0.13043478260869568,0.13043478260869568,rnadist_100,5s
5s_Achromobacter-denitrificans-1,0.3333333333333333,0.24242424242424243,0.2807017543859649,0.2807017543859649,rnadist_100,5s
5s_Emericella-nidulans-7,0.75,0.3333333333333333,0.46153846153846156,0.46153846153846156,rnadist_100,5s
5s_Bacillus-thuringiensis-1,0.47058823529411764,0.25,0.32653061224489793,0.32653061224489793,rnadist_100,5s
5s_Colacogloea-peniophorae-1,0.6842105263157895,0.3611111111111111,0.4727272727272728,0.4727272727272728,rnadist_100,5s
5s_Sphacelotheca-polygoni-persicariae-1,0.5,0.05714285714285714,0.10256410256410256,0.10256410256410256,rnadist_100,5s
5s_Perkinsus-andrewsi-1,0.5,0.16216216216216217,0.2448979591836735,0.2448979591836735,rnadist_100,5s
5s_Porphyra-tenera-1,0.47368421052631576,0.2571428571428571,0.37037037037037035,0.3333333333333333,rnadist_100,5s
5s_Tulasnella-violea-1,0.4090909090909091,0.2571428571428571,0.31578947368421045,0.31578947368421045,rnadist_100,5s
5s_Fusarium-cerealis-9,0.3103448275862069,0.2647058823529412,0.28571428571428575,0.28571428571428575,rnadist_100,5s
5s_Mycoplasma-gallisepticum-1,0.16666666666666666,0.1111111111111111,0.13333333333333333,0.13333333333333333,rnadist_100,5s
5s_Schizosaccharomyces-pombe-2,0.14285714285714285,0.08333333333333333,0.10526315789473685,0.10526315789473685,rnadist_100,5s
5s_Mycoplasma-mycoides-1,0.42857142857142855,0.32142857142857145,0.3673469387755102,0.3673469387755102,rnadist_100,5s
5s_Corynebacterium-glutamicum-2,0.5454545454545454,0.18181818181818182,0.2727272727272727,0.2727272727272727,rnadist_100,5s
5s_Chlamydophila-abortus-1,0.6842105263157895,0.3939393939393939,0.5,0.5,rnadist_100,5s
5s_Anaerorhabdus-furcosa-1,0.3,0.1935483870967742,0.23529411764705882,0.23529411764705882,rnadist_100,5s
5s_Christiansenia-pallida-1,0.25,0.12121212121212122,0.163265306122449,0.163265306122449,rnadist_100,5s
5s_Saccharothrix-australiensis-1,0.4444444444444444,0.11764705882352941,0.18604651162790695,0.18604651162790695,rnadist_100,5s
5s_Fusarium-culmorum-6,0.32,0.23529411764705882,0.30508474576271183,0.2711864406779661,rnadist_100,5s
5s_Vibrio-proteolyticus-1,0.44,0.3055555555555556,0.36065573770491804,0.36065573770491804,rnadist_100,5s
5s_Xanthomonas-campestris-1,0.42857142857142855,0.2571428571428571,0.3214285714285714,0.3214285714285714,rnadist_100,5s
5s_Euglena-gracilis-2,0.5625,0.2571428571428571,0.3529411764705882,0.3529411764705882,rnadist_100,5s
5s_Xenopus-borealis-3,0.0,0.0,0.0,0.0,rnadist_100,5s
5s_Bacillus-anthracis-2,0.5333333333333333,0.24242424242424243,0.3333333333333333,0.3333333333333333,rnadist_100,5s
5s_Brucella-abortus-1,0.5789473684210527,0.3235294117647059,0.4150943396226416,0.4150943396226416,rnadist_100,5s
5s_Thermoplasma-volcanium-1,0.6666666666666666,0.30303030303030304,0.41666666666666663,0.41666666666666663,rnadist_100,5s
5s_Pinus-contorta-1,0.2727272727272727,0.17647058823529413,0.21428571428571427,0.21428571428571427,rnadist_100,5s
5s_Neurospora-crassa-10,0.52,0.37142857142857144,0.43333333333333335,0.43333333333333335,rnadist_100,5s
5s_Ureaplasma-urealyticum-1,0.391304347826087,0.3333333333333333,0.36,0.36,rnadist_100,5s
5s_Bacillus-sp.-1,0.5,0.18181818181818182,0.26666666666666666,0.26666666666666666,rnadist_100,5s
5s_Bacillus-subtilis-1,0.42857142857142855,0.18181818181818182,0.2553191489361702,0.2553191489361702,rnadist_100,5s
5s_Seliberia-stellata-1,0.47368421052631576,0.2727272727272727,0.34615384615384615,0.34615384615384615,rnadist_100,5s
5s_Shigella-flexneri-2,0.35294117647058826,0.18181818181818182,0.24000000000000002,0.24000000000000002,rnadist_100,5s
5s_Tetrahymena-thermophila-3,0.3,0.16666666666666666,0.21428571428571427,0.21428571428571427,rnadist_100,5s
5s_Isosphaera-pallida-1,0.2727272727272727,0.10344827586206896,0.15,0.15,rnadist_100,5s
5s_Candida-diversa-1,0.38095238095238093,0.22857142857142856,0.2857142857142857,0.2857142857142857,rnadist_100,5s
5s_Methanothermobacter-thermautotrophicus-7,0.3125,0.1388888888888889,0.1923076923076923,0.1923076923076923,rnadist_100,5s
5s_Geobacillus-stearothermophilus-1,0.6875,0.3333333333333333,0.4489795918367347,0.4489795918367347,rnadist_100,5s
5s_Methanothermobacter-thermautotrophicus-5,0.4166666666666667,0.14705882352941177,0.2173913043478261,0.2173913043478261,rnadist_100,5s
5s_Bacillus-halodurans-3,0.38461538461538464,0.15151515151515152,0.21739130434782608,0.21739130434782608,rnadist_100,5s
5s_Bartonella-henselae-1,0.45,0.2647058823529412,0.33333333333333337,0.33333333333333337,rnadist_100,5s
5s_Clostridium-acetobutylicum-4,0.35,0.21212121212121213,0.26415094339622636,0.26415094339622636,rnadist_100,5s
5s_Streptococcus-mutans-2,0.35294117647058826,0.1875,0.24489795918367344,0.24489795918367344,rnadist_100,5s
5s_Streptomyces-sp.-1,0.6,0.34285714285714286,0.43636363636363634,0.43636363636363634,rnadist_100,5s
5s_Meloidogyne-arenaria-4,0.46153846153846156,0.34285714285714286,0.3934426229508197,0.3934426229508197,rnadist_100,5s
5s_Vibrio-cyclosites-1,0.5263157894736842,0.29411764705882354,0.3773584905660377,0.3773584905660377,rnadist_100,5s
5s_Meloidogyne-artiellia-1,0.44,0.3333333333333333,0.37931034482758624,0.37931034482758624,rnadist_100,5s
5s_Saccoglossus-kowalevskii-1,0.5,0.2222222222222222,0.30769230769230765,0.30769230769230765,rnadist_100,5s
5s_Yersinia-pseudotuberculosis-1,0.42105263157894735,0.2222222222222222,0.2909090909090909,0.2909090909090909,rnadist_100,5s
5s_Haemophilus-influenzae-6,0.6875,0.3235294117647059,0.44000000000000006,0.44000000000000006,rnadist_100,5s
5s_Thermococcus-celer-2,0.0,0.0,0.0,0.0,rnadist_100,5s
5s_Methylomicrobium-album-1,0.6470588235294118,0.3235294117647059,0.4313725490196078,0.4313725490196078,rnadist_100,5s
5s_Tilletia-controversa-1,0.4444444444444444,0.22857142857142856,0.3018867924528302,0.3018867924528302,rnadist_100,5s
5s_Clostridium-butyricum-2,0.3888888888888889,0.21212121212121213,0.27450980392156865,0.27450980392156865,rnadist_100,5s
5s_Agrobacterium-tumefaciens-6,0.4782608695652174,0.3235294117647059,0.3859649122807018,0.3859649122807018,rnadist_100,5s
5s_Clostridium-butyricum-1,0.35294117647058826,0.18181818181818182,0.24000000000000002,0.24000000000000002,rnadist_100,5s
5s_Acheta-domesticus-1,0.35,0.2,0.2545454545454545,0.2545454545454545,rnadist_100,5s
5s_Chordaria-flagelliformis-1,0.35,0.19444444444444445,0.25,0.25,rnadist_100,5s
5s_Corynebacterium-xerosis-1,0.0,0.0,0.0,0.0,rnadist_100,5s
5s_Pneumocystis-carinii-2,0.44,0.2972972972972973,0.3548387096774193,0.3548387096774193,rnadist_100,5s
5s_Fusobacterium-nucleatum-4,0.3157894736842105,0.2,0.24489795918367346,0.24489795918367346,rnadist_100,5s
5s_Photobacterium-leiognathi-1,0.4,0.2777777777777778,0.3278688524590164,0.3278688524590164,rnadist_100,5s
5s_Hyphomicrobium-sp.-6,0.6,0.35294117647058826,0.4444444444444445,0.4444444444444445,rnadist_100,5s
5s_Burkholderia-mallei-1,0.625,0.3225806451612903,0.425531914893617,0.425531914893617,rnadist_100,5s
5s_Saccharomonospora-sp.-1,0.5,0.08823529411764706,0.15,0.15,rnadist_100,5s
5s_Fusarium-lunulosporum-10,0.3333333333333333,0.23529411764705882,0.31034482758620696,0.27586206896551724,rnadist_100,5s
5s_Enterococcus-faecalis-1,0.34782608695652173,0.23529411764705882,0.28070175438596484,0.28070175438596484,rnadist_100,5s
5s_Thiobacillus-thioparus-1,0.6,0.2903225806451613,0.3913043478260869,0.3913043478260869,rnadist_100,5s
5s_Pythium-pachycaule-1,0.5384615384615384,0.1891891891891892,0.28,0.28,rnadist_100,5s
5s_Wolinella-succinogenes-1,0.2777777777777778,0.1388888888888889,0.1851851851851852,0.1851851851851852,rnadist_100,5s
5s_Araneus-diadematus-1,0.5,0.2,0.28571428571428575,0.28571428571428575,rnadist_100,5s
5s_Ulva-pertusa-1,0.17391304347826086,0.12903225806451613,0.18518518518518517,0.14814814814814814,rnadist_100,5s
5s_Hymeniacidon-sanguinea-1,0.52,0.37142857142857144,0.43333333333333335,0.43333333333333335,rnadist_100,5s
5s_Geobacillus-kaustophilus-1,0.6,0.2727272727272727,0.37499999999999994,0.37499999999999994,rnadist_100,5s
5s_Methanothermobacter-thermautotrophicus-4,0.25,0.12121212121212122,0.163265306122449,0.163265306122449,rnadist_100,5s
5s_T_cruziE,0.3076923076923077,0.11764705882352941,0.1702127659574468,0.1702127659574468,rnadist_100,5s
5s_Chlorobium-phaeobacteroides-1,0.2222222222222222,0.14285714285714285,0.17391304347826086,0.17391304347826086,rnadist_100,5s
5s_Silicibacter-pomeroyi-1,0.5384615384615384,0.22580645161290322,0.3181818181818182,0.3181818181818182,rnadist_100,5s
5s_Helix-pomatia-1,0.30434782608695654,0.19444444444444445,0.23728813559322037,0.23728813559322037,rnadist_100,5s
5s_Streptomyces-nodosus-4,0.6086956521739131,0.4,0.48275862068965525,0.48275862068965525,rnadist_100,5s
5s_Caulobacter-sp.-4,0.21428571428571427,0.09375,0.13043478260869562,0.13043478260869562,rnadist_100,5s
5s_Sporolactobacillus-nakayamae-1,0.5263157894736842,0.30303030303030304,0.4467005076142132,0.38461538461538464,rnadist_100,5s
5s_Thermoactinomyces-vulgaris-1,0.4444444444444444,0.25,0.32,0.32,rnadist_100,5s
5s_Dehalococcoides-ethenogenes-1,0.3181818181818182,0.23333333333333334,0.2692307692307693,0.2692307692307693,rnadist_100,5s
5s_Vibrio-parahaemolyticus-1,0.5555555555555556,0.2857142857142857,0.3773584905660377,0.3773584905660377,rnadist_100,5s
5s_Nitrobacter-winogradskyi-1,0.25,0.21875,0.23333333333333334,0.23333333333333334,rnadist_100,5s
5s_Pseudonocardia-thermophila-1,0.4666666666666667,0.2,0.27999999999999997,0.27999999999999997,rnadist_100,5s
5s_Streptococcus-thermophilus-1,0.25,0.2,0.22222222222222224,0.22222222222222224,rnadist_100,5s
5s_Trichoplax-adhaerens-1,0.17647058823529413,0.0967741935483871,0.125,0.125,rnadist_100,5s
5s_Leptospira-interrogans-1,0.3181818181818182,0.20588235294117646,0.25,0.25,rnadist_100,5s
5s_Listeria-monocytogenes-2,0.3076923076923077,0.12121212121212122,0.17391304347826086,0.17391304347826086,rnadist_100,5s
5s_Halorubrum-distributum-5,0.6190476190476191,0.38235294117647056,0.4727272727272727,0.4727272727272727,rnadist_100,5s
5s_Vibrio-fischeri-1,0.3076923076923077,0.22857142857142856,0.26229508196721313,0.26229508196721313,rnadist_100,5s
5s_Mannheimia-succiniciproducens-2,0.5625,0.2647058823529412,0.36000000000000004,0.36000000000000004,rnadist_100,5s
5s_Notophthalmus-viridescens-1,0.35294117647058826,0.17142857142857143,0.23076923076923078,0.23076923076923078,rnadist_100,5s
5s_Vibrio-parahaemolyticus-3,0.5555555555555556,0.2857142857142857,0.3773584905660377,0.3773584905660377,rnadist_100,5s
5s_Prasinocladus-sp.-1,0.4,0.1935483870967742,0.26086956521739135,0.26086956521739135,rnadist_100,5s
5s_Bacteroides-fragilis-3,0.2631578947368421,0.21739130434782608,0.23809523809523808,0.23809523809523808,rnadist_100,5s
5s_Fusarium-pseudograminearum-6,0.37037037037037035,0.2857142857142857,0.3225806451612903,0.3225806451612903,rnadist_100,5s
5s_Thermotoga-sp.-1,0.47058823529411764,0.24242424242424243,0.44,0.32,rnadist_100,5s
5s_Andrias-japonicus-1,0.2857142857142857,0.17142857142857143,0.21428571428571427,0.21428571428571427,rnadist_100,5s
5s_Mycoplasma-sp.-1,0.47368421052631576,0.3333333333333333,0.391304347826087,0.391304347826087,rnadist_100,5s
5s_Tremella-mesenterica-2,0.25,0.058823529411764705,0.09523809523809523,0.09523809523809523,rnadist_100,5s
5s_Fusarium-lunulosporum-3,0.4444444444444444,0.23529411764705882,0.30769230769230765,0.30769230769230765,rnadist_100,5s
5s_Halobacterium-salinarum-2,0.35294117647058826,0.18181818181818182,0.24000000000000002,0.24000000000000002,rnadist_100,5s
5s_Mycobacterium-smegmatis-2,0.5333333333333333,0.24242424242424243,0.3333333333333333,0.3333333333333333,rnadist_100,5s
5s_Neurospora-crassa-6,0.5,0.3142857142857143,0.38596491228070173,0.38596491228070173,rnadist_100,5s
5s_Drosophila-simulans-1,0.4583333333333333,0.3055555555555556,0.3666666666666667,0.3666666666666667,rnadist_100,5s
5s_Saccharomyces-cerevisiae-7,0.5,0.3142857142857143,0.38596491228070173,0.38596491228070173,rnadist_100,5s
5s_Lactobacillus-plantarum-1,0.1111111111111111,0.0625,0.08,0.08,rnadist_100,5s
5s_Artemia-sp.-1,0.4,0.17142857142857143,0.24000000000000002,0.24000000000000002,rnadist_100,5s
5s_Bacillus-anthracis-1,0.5,0.2727272727272727,0.3529411764705882,0.3529411764705882,rnadist_100,5s
5s_Ustilago-hordei-1,0.6111111111111112,0.3142857142857143,0.41509433962264153,0.41509433962264153,rnadist_100,5s
5s_Calanus-finmarchicus-1,0.32142857142857145,0.25,0.28125000000000006,0.28125000000000006,rnadist_100,5s
5s_Bresslaua-vorax-1,0.2608695652173913,0.17142857142857143,0.20689655172413796,0.20689655172413796,rnadist_100,5s
5s_Streptomyces-coelicolor-4,0.3888888888888889,0.2,0.2641509433962264,0.2641509433962264,rnadist_100,5s
5s_Kondoa-malvinella-1,0.38095238095238093,0.21621621621621623,0.27586206896551724,0.27586206896551724,rnadist_100,5s
5s_Oceanobacillus-iheyensis-4,0.5714285714285714,0.25806451612903225,0.35555555555555557,0.35555555555555557,rnadist_100,5s
5s_Fusarium-asiaticum-5,0.37037037037037035,0.2857142857142857,0.3225806451612903,0.3225806451612903,rnadist_100,5s
5s_Geobacillus-kaustophilus-3,0.5,0.1935483870967742,0.27906976744186046,0.27906976744186046,rnadist_100,5s
5s_Lethenteron-reissneri-1,0.5454545454545454,0.3333333333333333,0.41379310344827586,0.41379310344827586,rnadist_100,5s
5s_Starkeya-novella-1,0.391304347826087,0.2647058823529412,0.3157894736842105,0.3157894736842105,rnadist_100,5s
5s_Legionella-pneumophila-3,0.47368421052631576,0.2727272727272727,0.34615384615384615,0.34615384615384615,rnadist_100,5s
5s_Fusarium-lunulosporum-6,0.37037037037037035,0.2857142857142857,0.3225806451612903,0.3225806451612903,rnadist_100,5s
5s_Xenopus-laevis-8,0.8,0.3333333333333333,0.47058823529411764,0.47058823529411764,rnadist_100,5s
5s_Rana-catesbeiana-1,0.6666666666666666,0.3333333333333333,0.4444444444444444,0.4444444444444444,rnadist_100,5s
5s_Perkinsus-olseni-1,0.5,0.1891891891891892,0.2745098039215686,0.2745098039215686,rnadist_100,5s
5s_Fusarium-culmorum-2,0.4166666666666667,0.2857142857142857,0.3389830508474576,0.3389830508474576,rnadist_100,5s
5s_Bacillus-methanolicus-8,0.5263157894736842,0.30303030303030304,0.38461538461538464,0.38461538461538464,rnadist_100,5s
5s_Xenopus-laevis-1,0.5714285714285714,0.3333333333333333,0.4210526315789474,0.4210526315789474,rnadist_100,5s
5s_Xylella-fastidiosa-1,0.2727272727272727,0.17647058823529413,0.21428571428571427,0.21428571428571427,rnadist_100,5s
5s_Buchnera-aphidicola-2,0.6538461538461539,0.5,0.5666666666666668,0.5666666666666668,rnadist_100,5s
5s_Vibrio-parahaemolyticus-6,0.5714285714285714,0.3333333333333333,0.4210526315789474,0.4210526315789474,rnadist_100,5s
5s_Thiomonas-perometabolis-1,0.6875,0.3333333333333333,0.4489795918367347,0.4489795918367347,rnadist_100,5s
5s_Bacillus-thuringiensis-6,0.375,0.0967741935483871,0.15384615384615383,0.15384615384615383,rnadist_100,5s
5s_Rana-pipiens-1,0.5789473684210527,0.3142857142857143,0.40740740740740744,0.40740740740740744,rnadist_100,5s
5s_Crypthecodinium-cohnii-1,0.6,0.16216216216216217,0.25531914893617025,0.25531914893617025,rnadist_100,5s
5s_Chlamydomonas-reinhardtii-1,0.0,0.0,0.0,0.0,rnadist_100,5s
5s_Pleurotus-ostreatus-1,0.1111111111111111,0.029411764705882353,0.04651162790697674,0.04651162790697674,rnadist_100,5s
5s_Thiomonas-intermedia-1,0.7333333333333333,0.3333333333333333,0.45833333333333326,0.45833333333333326,rnadist_100,5s
5s_Escherichia-coli-2,0.42857142857142855,0.25,0.3157894736842105,0.3157894736842105,rnadist_100,5s
5s_Toxoplasma-gondii-2,0.5294117647058824,0.25,0.33962264150943394,0.33962264150943394,rnadist_100,5s
5s_Hyphomicrobium-sp.-4,0.3684210526315789,0.21212121212121213,0.2692307692307693,0.2692307692307693,rnadist_100,5s
5s_Xenopus-borealis-2,0.4375,0.20588235294117646,0.28,0.28,rnadist_100,5s
5s_Streptomyces-sp.-3,0.631578947368421,0.34285714285714286,0.4444444444444445,0.4444444444444445,rnadist_100,5s
5s_Bacteroides-capillosus-1,0.0,0.0,0.0,0.0,rnadist_100,5s
5s_Fusarium-cerealis-8,0.41379310344827586,0.34285714285714286,0.375,0.375,rnadist_100,5s
5s_Ustilago-scabiosae-1,0.7142857142857143,0.2777777777777778,0.4,0.4,rnadist_100,5s
5s_Cunninghamella-elegans-1,0.45454545454545453,0.2702702702702703,0.33898305084745767,0.33898305084745767,rnadist_100,5s
5s_Methanothermobacter-thermautotrophicus-3,0.29411764705882354,0.1388888888888889,0.18867924528301885,0.18867924528301885,rnadist_100,5s
5s_Streptosporangium-roseum-1,0.125,0.02857142857142857,0.04651162790697674,0.04651162790697674,rnadist_100,5s
5s_Mycoplasma-penetrans-1,0.2,0.12,0.15,0.15,rnadist_100,5s
5s_Burkholderia-cepacia-1,0.4782608695652174,0.34375,0.4,0.4,rnadist_100,5s
5s_Buchnera-aphidicola-1,0.30434782608695654,0.2413793103448276,0.2692307692307692,0.2692307692307692,rnadist_100,5s
5s_Bacillus-thuringiensis-5,0.4375,0.21875,0.2916666666666667,0.2916666666666667,rnadist_100,5s
5s_Comamonas-terrigena-2,0.45454545454545453,0.30303030303030304,0.36363636363636365,0.36363636363636365,rnadist_100,5s
5s_Bacillus-subtilis-2,0.42857142857142855,0.2727272727272727,0.33333333333333326,0.33333333333333326,rnadist_100,5s
5s_Blastopirellula-marina-1,0.3333333333333333,0.23333333333333334,0.27450980392156865,0.27450980392156865,rnadist_100,5s
5s_Paracoccus-versutus-1,0.3684210526315789,0.23333333333333334,0.2857142857142857,0.2857142857142857,rnadist_100,5s
5s_Haloarcula-marismortui-3,0.23076923076923078,0.09375,0.13333333333333333,0.13333333333333333,rnadist_100,5s
5s_Agaricostilbum-pulcherrimum-2,0.4,0.2777777777777778,0.36065573770491804,0.3278688524590164,rnadist_100,5s
5s_Cryptobranchus-alleganiensis-1,0.5,0.23529411764705882,0.31999999999999995,0.31999999999999995,rnadist_100,5s
5s_Alcaligenes-faecalis-3,0.47619047619047616,0.29411764705882354,0.3636363636363637,0.3636363636363637,rnadist_100,5s
5s_Octopus-vulgaris-1,0.4,0.18181818181818182,0.25000000000000006,0.25000000000000006,rnadist_100,5s
5s_Flavobacterium-johnsoniae-1,0.5,0.12121212121212122,0.1951219512195122,0.1951219512195122,rnadist_100,5s
5s_Phycomyces-blakesleeanus-1,0.6111111111111112,0.3142857142857143,0.4528301886792453,0.41509433962264153,rnadist_100,5s
5s_Asterias-vulgaris-1,0.42857142857142855,0.2727272727272727,0.33333333333333326,0.33333333333333326,rnadist_100,5s
5s_Chlamydophila-caviae-1,0.43478260869565216,0.30303030303030304,0.35714285714285715,0.35714285714285715,rnadist_100,5s
5s_Coleosporium-tussilaginis-1,0.2,0.058823529411764705,0.0909090909090909,0.0909090909090909,rnadist_100,5s
5s_Acremonium-persicinum-2,0.42105263157894735,0.2222222222222222,0.2909090909090909,0.2909090909090909,rnadist_100,5s
5s_Beta-vulgaris-1,0.42105263157894735,0.23529411764705882,0.3018867924528302,0.3018867924528302,rnadist_100,5s
5s_Samia-cynthia-1,0.45454545454545453,0.2857142857142857,0.3508771929824561,0.3508771929824561,rnadist_100,5s
5s_Haloferax-volcanii-2,0.3157894736842105,0.1935483870967742,0.24000000000000002,0.24000000000000002,rnadist_100,5s
5s_Ascaris-suum-1,0.2777777777777778,0.15151515151515152,0.19607843137254904,0.19607843137254904,rnadist_100,5s
5s_Mycobacterium-smegmatis-1,0.4,0.24242424242424243,0.30188679245283023,0.30188679245283023,rnadist_100,5s
5s_Nemopsis-dofleini-1,0.625,0.2857142857142857,0.392156862745098,0.392156862745098,rnadist_100,5s
5s_Spirosoma-sp.-1,0.3076923076923077,0.13333333333333333,0.18604651162790697,0.18604651162790697,rnadist_100,5s
5s_Anaplasma-phagocytophilum-1,0.30434782608695654,0.22580645161290322,0.31101511879049676,0.25925925925925924,rnadist_100,5s
5s_Saccharopolyspora-erythraea-1,0.29411764705882354,0.1388888888888889,0.18867924528301885,0.18867924528301885,rnadist_100,5s
5s_Caenorhabditis-elegans-1,0.3181818181818182,0.2,0.2456140350877193,0.2456140350877193,rnadist_100,5s
5s_Colwellia-hadaliensis-1,0.3333333333333333,0.2571428571428571,0.2903225806451613,0.2903225806451613,rnadist_100,5s
5s_Thiobacillus-sp.-2,0.5,0.30303030303030304,0.37735849056603776,0.37735849056603776,rnadist_100,5s
5s_Planctomyces-limnophilus-1,0.35294117647058826,0.20689655172413793,0.2608695652173913,0.2608695652173913,rnadist_100,5s
5s_Empedobacter-brevis-1,0.38461538461538464,0.14705882352941177,0.21276595744680854,0.21276595744680854,rnadist_100,5s
5s_Fusarium-sporotrichioides-2,0.47368421052631576,0.2647058823529412,0.339622641509434,0.339622641509434,rnadist_100,5s
5s_Streptomyces-cinereus-1,0.48148148148148145,0.37142857142857144,0.41935483870967744,0.41935483870967744,rnadist_100,5s
5s_Brevibacterium-linens-1,0.38461538461538464,0.14285714285714285,0.20833333333333331,0.20833333333333331,rnadist_100,5s
5s_Agrobacterium-tumefaciens-8,0.5652173913043478,0.3939393939393939,0.4642857142857143,0.4642857142857143,rnadist_100,5s
5s_Bufo-americanus-1,0.5833333333333334,0.3888888888888889,0.4666666666666666,0.4666666666666666,rnadist_100,5s
5s_Nitella-flexilis-1,0.18181818181818182,0.0625,0.09302325581395349,0.09302325581395349,rnadist_100,5s
5s_Lactococcus-lactis-5,0.3333333333333333,0.28125,0.3050847457627119,0.3050847457627119,rnadist_100,5s
5s_Xenopus-laevis-7,0.6111111111111112,0.3055555555555556,0.40740740740740744,0.40740740740740744,rnadist_100,5s
5s_Amycolatopsis-mediterranei-1,0.5217391304347826,0.34285714285714286,0.4137931034482759,0.4137931034482759,rnadist_100,5s
5s_Tilletiaria-anomala-1,0.25,0.14705882352941177,0.18518518518518517,0.18518518518518517,rnadist_100,5s
5s_Anthoceros-punctatus-1,0.3333333333333333,0.125,0.18181818181818182,0.18181818181818182,rnadist_100,5s
5s_Methanothermobacter-thermautotrophicus-1,0.3076923076923077,0.12121212121212122,0.17391304347826086,0.17391304347826086,rnadist_100,5s
5s_Oerskovia-turbata-1,0.3333333333333333,0.14285714285714285,0.2,0.2,rnadist_100,5s
5s_Salmonella-typhimurium-1,0.5,0.25,0.3333333333333333,0.3333333333333333,rnadist_100,5s
5s_Haloferax-volcanii-3,0.3157894736842105,0.1935483870967742,0.24000000000000002,0.24000000000000002,rnadist_100,5s
5s_Fusarium-pseudograminearum-7,0.2916666666666667,0.2,0.23728813559322035,0.23728813559322035,rnadist_100,5s
5s_Arthrobacter-polychromogenes-1,0.5,0.24242424242424243,0.326530612244898,0.326530612244898,rnadist_100,5s
5s_Brevibacillus-brevis-1,0.47368421052631576,0.2727272727272727,0.34615384615384615,0.34615384615384615,rnadist_100,5s
5s_Schizochytrium-aggregatum-1,0.4444444444444444,0.2222222222222222,0.2962962962962963,0.2962962962962963,rnadist_100,5s
5s_Fusarium-pseudograminearum-1,0.4482758620689655,0.3611111111111111,0.43076923076923074,0.39999999999999997,rnadist_100,5s
5s_Clavispora-opuntiae-3,0.65,0.35135135135135137,0.456140350877193,0.456140350877193,rnadist_100,5s
5s_Bacillus-megaterium-2,0.47058823529411764,0.24242424242424243,0.32,0.32,rnadist_100,5s
5s_Acyrthosiphon-magnoliae-1,0.2857142857142857,0.23529411764705882,0.2580645161290323,0.2580645161290323,rnadist_100,5s
5s_Samia-cynthia-ricini-1,0.19047619047619047,0.11428571428571428,0.14285714285714285,0.14285714285714285,rnadist_100,5s
5s_Lactobacillus-brevis-1,0.3333333333333333,0.1875,0.24000000000000005,0.24000000000000005,rnadist_100,5s
5s_Mycobacterium-tuberculosis-1,0.2857142857142857,0.125,0.17391304347826086,0.17391304347826086,rnadist_100,5s
5s_Streptomyces-coelicolor-5,0.4666666666666667,0.21212121212121213,0.29166666666666663,0.29166666666666663,rnadist_100,5s
5s_Graphiola-phoenicis-1,0.5,0.05714285714285714,0.10256410256410256,0.10256410256410256,rnadist_100,5s
5s_Neurospora-africana-2,0.391304347826087,0.2571428571428571,0.3103448275862069,0.3103448275862069,rnadist_100,5s
5s_Cerastoderma-edule-1,0.43478260869565216,0.2777777777777778,0.3389830508474576,0.3389830508474576,rnadist_100,5s
5s_Methylococcus-capsulatus-1,0.5882352941176471,0.30303030303030304,0.39999999999999997,0.39999999999999997,rnadist_100,5s
5s_Weissella-viridescens-2,0.06666666666666667,0.03125,0.0425531914893617,0.0425531914893617,rnadist_100,5s
5s_Grimontia-hollisae-1,0.42105263157894735,0.22857142857142856,0.2962962962962963,0.2962962962962963,rnadist_100,5s
5s_Misgurnus-fossilis-1,0.4,0.2222222222222222,0.2857142857142857,0.2857142857142857,rnadist_100,5s
5s_Geobacillus-stearothermophilus-2,0.7142857142857143,0.30303030303030304,0.42553191489361697,0.42553191489361697,rnadist_100,5s
5s_Bartonella-henselae-2,0.3333333333333333,0.20588235294117646,0.2545454545454545,0.2545454545454545,rnadist_100,5s
5s_Leptospira-interrogans-2,0.30434782608695654,0.20588235294117646,0.2456140350877193,0.2456140350877193,rnadist_100,5s
5s_Russula-cyanoxantha-1,0.4117647058823529,0.20588235294117646,0.2745098039215686,0.2745098039215686,rnadist_100,5s
5s_Vibrio-harveyi-2,0.5714285714285714,0.34285714285714286,0.42857142857142855,0.42857142857142855,rnadist_100,5s
5s_Fusarium-cerealis-1,0.4827586206896552,0.3888888888888889,0.46153846153846156,0.43076923076923074,rnadist_100,5s
5s_Thermotoga-neapolitana-1,0.5294117647058824,0.2727272727272727,0.44,0.36,rnadist_100,5s
5s_Pyrococcus-horikoshii-2,0.18181818181818182,0.06060606060606061,0.09090909090909091,0.09090909090909091,rnadist_100,5s
5s_Streptococcus-salivarius-1,0.25,0.20689655172413793,0.22641509433962265,0.22641509433962265,rnadist_100,5s
5s_Streptomyces-nodosus-3,0.5238095238095238,0.3235294117647059,0.39999999999999997,0.39999999999999997,rnadist_100,5s
5s_Candida-magnoliae-1,0.6,0.34285714285714286,0.43636363636363634,0.43636363636363634,rnadist_100,5s
5s_Agaricostilbum-pulcherrimum-1,0.3103448275862069,0.25,0.27692307692307694,0.27692307692307694,rnadist_100,5s
5s_Euplotes-woodruffi-1,0.2857142857142857,0.17647058823529413,0.21818181818181817,0.21818181818181817,rnadist_100,5s
5s_Bacillus-cereus-1,0.5294117647058824,0.2727272727272727,0.36,0.36,rnadist_100,5s
5s_Neurospora-africana-1,0.4375,0.20588235294117646,0.28,0.28,rnadist_100,5s
5s_Wolbachia-endosymbiont-of-B.-malayi-1,0.2608695652173913,0.21428571428571427,0.23529411764705882,0.23529411764705882,rnadist_100,5s
5s_Photobacterium-sp.-1,0.4074074074074074,0.3055555555555556,0.3492063492063492,0.3492063492063492,rnadist_100,5s
5s_Amycolatopsis-orientalis-1,0.42105263157894735,0.22857142857142856,0.2962962962962963,0.2962962962962963,rnadist_100,5s
5s_Candida-azyma-1,0.10526315789473684,0.05714285714285714,0.07407407407407407,0.07407407407407407,rnadist_100,5s
5s_Candidatus-Pelagibacter-ubique-1,0.3333333333333333,0.21212121212121213,0.25925925925925924,0.25925925925925924,rnadist_100,5s
5s_Dichelobacter-nodosus-1,0.5263157894736842,0.29411764705882354,0.3773584905660377,0.3773584905660377,rnadist_100,5s
5s_Filobasidium-floriforme-1,0.2,0.058823529411764705,0.0909090909090909,0.0909090909090909,rnadist_100,5s
5s_Porphyra-yezoensis-1,0.3684210526315789,0.20588235294117646,0.3018867924528302,0.2641509433962264,rnadist_100,5s
5s_Caulobacter-sp.-5,0.5217391304347826,0.36363636363636365,0.42857142857142855,0.42857142857142855,rnadist_100,5s
5s_Paracentrotus-lividus-1,0.46153846153846156,0.3333333333333333,0.3870967741935484,0.3870967741935484,rnadist_100,5s
5s_Methanobrevibacter-ruminantium-1,0.375,0.18181818181818182,0.31197771587743733,0.24489795918367344,rnadist_100,5s
5s_Methanosarcina-mazei-1,0.5217391304347826,0.34285714285714286,0.4137931034482759,0.4137931034482759,rnadist_100,5s
5s_Vibrio-mediterranei-1,0.5263157894736842,0.2857142857142857,0.37037037037037035,0.37037037037037035,rnadist_100,5s
5s_Photobacterium-angustum-1,0.4,0.2777777777777778,0.3278688524590164,0.3278688524590164,rnadist_100,5s
5s_Escherichia-coli-1,0.4444444444444444,0.2222222222222222,0.2962962962962963,0.2962962962962963,rnadist_100,5s
5s_Staphylococcus-aureus-3,0.36363636363636365,0.25,0.2962962962962963,0.2962962962962963,rnadist_100,5s
5s_Microbotryum-violaceum-1,0.3888888888888889,0.2,0.2641509433962264,0.2641509433962264,rnadist_100,5s
5s_Corynebacterium-jeikeium-1,0.23076923076923078,0.08823529411764706,0.12765957446808512,0.12765957446808512,rnadist_100,5s
5s_Oryza-sativa-1,0.4,0.23529411764705882,0.29629629629629634,0.29629629629629634,rnadist_100,5s
5s_Escherichia-coli-4,0.45,0.25,0.32142857142857145,0.32142857142857145,rnadist_100,5s
5s_Sinorhizobium-meliloti-1,0.4,0.29411764705882354,0.33898305084745767,0.33898305084745767,rnadist_100,5s
5s_Gelidium-amansii-2,0.32,0.2222222222222222,0.26229508196721313,0.26229508196721313,rnadist_100,5s
5s_Mycoplasma-capricolum-1,0.23076923076923078,0.1111111111111111,0.15,0.15,rnadist_100,5s
5s_Candida-rugopelliculosa-1,0.3333333333333333,0.2,0.25,0.25,rnadist_100,5s
5s_Mesorhizobium-loti-1,0.5263157894736842,0.29411764705882354,0.3773584905660377,0.3773584905660377,rnadist_100,5s
5s_Phaffia-rhodozyma-1,0.21428571428571427,0.08823529411764706,0.125,0.125,rnadist_100,5s
5s_Andrias-davidianus-1,0.2,0.125,0.15384615384615385,0.15384615384615385,rnadist_100,5s
5s_Neurospora-crassa-11,0.35294117647058826,0.17647058823529413,0.23529411764705885,0.23529411764705885,rnadist_100,5s
5s_Bacillus-cereus-4,0.38461538461538464,0.15151515151515152,0.21739130434782608,0.21739130434782608,rnadist_100,5s
5s_Streptococcus-agalactiae-2,0.28,0.23333333333333334,0.2545454545454545,0.2545454545454545,rnadist_100,5s
5s_Clostridium-carnis-1,0.5,0.23529411764705882,0.31999999999999995,0.31999999999999995,rnadist_100,5s
5s_Lemna-minor-1,0.42857142857142855,0.2647058823529412,0.32727272727272727,0.32727272727272727,rnadist_100,5s
5s_Salmonella-typhimurium-4,0.38095238095238093,0.22857142857142856,0.2857142857142857,0.2857142857142857,rnadist_100,5s
5s_Vibrio-logei-1,0.4230769230769231,0.3055555555555556,0.3548387096774194,0.3548387096774194,rnadist_100,5s
5s_Xenopus-laevis-5,0.6,0.2571428571428571,0.36,0.36,rnadist_100,5s
5s_Laccaria-bicolor-1,0.2,0.06060606060606061,0.0930232558139535,0.0930232558139535,rnadist_100,5s
5s_Fusobacterium-nucleatum-2,0.5263157894736842,0.3225806451612903,0.39999999999999997,0.39999999999999997,rnadist_100,5s
5s_Ureaplasma-parvum-3,0.47368421052631576,0.3333333333333333,0.391304347826087,0.391304347826087,rnadist_100,5s
5s_Ganoderma-applanatum-1,0.5,0.17647058823529413,0.2608695652173913,0.2608695652173913,rnadist_100,5s
5s_Planococcus-citreus-1,0.5555555555555556,0.30303030303030304,0.45595854922279794,0.3921568627450981,rnadist_100,5s
5s_Bacillus-cereus-7,0.47058823529411764,0.25,0.32653061224489793,0.32653061224489793,rnadist_100,5s
5s_Rhodobacter-sphaeroides-2,0.5,0.28125,0.36,0.36,rnadist_100,5s
5s_Bacteroides-fragilis-6,0.38095238095238093,0.2962962962962963,0.3333333333333333,0.3333333333333333,rnadist_100,5s
5s_Caulobacter-sp.-1,0.4166666666666667,0.15625,0.22727272727272727,0.22727272727272727,rnadist_100,5s
5s_Exobasidium-vaccinii-1,0.5,0.05714285714285714,0.10256410256410256,0.10256410256410256,rnadist_100,5s
5s_Staphylococcus-haemolyticus-2,0.3157894736842105,0.1875,0.23529411764705882,0.23529411764705882,rnadist_100,5s
5s_Thiovulum-sp.-1,0.7,0.3888888888888889,0.5,0.5,rnadist_100,5s
5s_Phleogena-faginea-1,0.21052631578947367,0.1111111111111111,0.14545454545454545,0.14545454545454545,rnadist_100,5s
5s_Rhodobacter-sphaeroides-1,0.21428571428571427,0.10344827586206896,0.1395348837209302,0.1395348837209302,rnadist_100,5s
5s_Weissella-viridescens-1,0.11764705882352941,0.0625,0.08163265306122448,0.08163265306122448,rnadist_100,5s
5s_Andrias-japonicus-2,0.4444444444444444,0.22857142857142856,0.3018867924528302,0.3018867924528302,rnadist_100,5s
5s_Neisseria-gonorrhoeae-1,0.3684210526315789,0.21875,0.2745098039215686,0.2745098039215686,rnadist_100,5s
5s_Bacillus-halodurans-1,0.5,0.21212121212121213,0.2978723404255319,0.2978723404255319,rnadist_100,5s
5s_Pseudomonas-fluorescens-1,0.5,0.2571428571428571,0.33962264150943394,0.33962264150943394,rnadist_100,5s
5s_Saccharomonospora-glauca-1,0.5,0.08823529411764706,0.15,0.15,rnadist_100,5s
5s_Geobacillus-kaustophilus-2,0.55,0.3333333333333333,0.4150943396226416,0.4150943396226416,rnadist_100,5s
5s_Streptococcus-mutans-1,0.4117647058823529,0.21875,0.2857142857142857,0.2857142857142857,rnadist_100,5s
5s_Mycobacterium-bovis-3,0.4444444444444444,0.12121212121212122,0.19047619047619047,0.19047619047619047,rnadist_100,5s
5s_Photobacterium-damselae-1,0.5238095238095238,0.3055555555555556,0.3859649122807018,0.3859649122807018,rnadist_100,5s
5s_Achromobacter-cycloclastes-1,0.4,0.29411764705882354,0.33898305084745767,0.33898305084745767,rnadist_100,5s
5s_Stilbum-vulgare-1,0.5,0.2222222222222222,0.30769230769230765,0.30769230769230765,rnadist_100,5s
5s_Vibrio-harveyi-1,0.4782608695652174,0.3055555555555556,0.3728813559322034,0.3728813559322034,rnadist_100,5s
5s_Rhabditis-tokai-1,0.391304347826087,0.2571428571428571,0.3103448275862069,0.3103448275862069,rnadist_100,5s
5s_Septobasidium-carestianum-1,0.47368421052631576,0.24324324324324326,0.3214285714285714,0.3214285714285714,rnadist_100,5s
5s_Cellulomonas-biazotea-1,0.5384615384615384,0.2,0.2916666666666667,0.2916666666666667,rnadist_100,5s
5s_Candidatus-Portiera-aleyrodidarum-1,0.6363636363636364,0.4,0.4912280701754386,0.4912280701754386,rnadist_100,5s
5s_Mycobacterium-tuberculosis-3,0.4166666666666667,0.15151515151515152,0.2222222222222222,0.2222222222222222,rnadist_100,5s
5s_Thermomonospora-chromogena-1,0.0,0.0,0.0,0.0,rnadist_100,5s
5s_Neurospora-intermedia-1,0.4666666666666667,0.20588235294117646,0.28571428571428564,0.28571428571428564,rnadist_100,5s
5s_Perkinsus-andrewsi-2,0.5,0.16216216216216217,0.2448979591836735,0.2448979591836735,rnadist_100,5s
5s_Perinereis-brevicirris-1,0.4074074074074074,0.3055555555555556,0.3492063492063492,0.3492063492063492,rnadist_100,5s
5s_Methylobacterium-sp.-1,0.23529411764705882,0.125,0.16326530612244897,0.16326530612244897,rnadist_100,5s
5s_Streptococcus-pyogenes-2,0.35294117647058826,0.1935483870967742,0.25,0.25,rnadist_100,5s
5s_Chlorobium-limicola-2,0.35714285714285715,0.17857142857142858,0.2857142857142857,0.2380952380952381,rnadist_100,5s
5s_Mytilus-galloprovincialis-3,0.3888888888888889,0.19444444444444445,0.25925925925925924,0.25925925925925924,rnadist_100,5s
5s_Thraustochytrium-visurgense-1,0.32,0.2222222222222222,0.26229508196721313,0.26229508196721313,rnadist_100,5s
5s_Streptococcus-thermophilus-2,0.25,0.2,0.22222222222222224,0.22222222222222224,rnadist_100,5s
5s_Pseudomonas-syringae-2,0.5,0.2857142857142857,0.36363636363636365,0.36363636363636365,rnadist_100,5s
5s_Rattus-norvegicus-1,0.5555555555555556,0.2777777777777778,0.3703703703703704,0.3703703703703704,rnadist_100,5s
5s_Trimorphomyces-papilionaceus-1,0.4,0.22857142857142856,0.32727272727272727,0.2909090909090909,rnadist_100,5s
5s_Photorhabdus-luminescens-2,0.21052631578947367,0.11428571428571428,0.14814814814814814,0.14814814814814814,rnadist_100,5s
5s_Rhodopseudomonas-palustris-3,0.56,0.4117647058823529,0.4745762711864407,0.4745762711864407,rnadist_100,5s
5s_Clavibacter-michiganensis-1,0.42857142857142855,0.2647058823529412,0.32727272727272727,0.32727272727272727,rnadist_100,5s
5s_Diplonema-papillatum-2,0.38095238095238093,0.23529411764705882,0.29090909090909084,0.29090909090909084,rnadist_100,5s
5s_Nocardia-asteroides-1,0.23076923076923078,0.08823529411764706,0.12765957446808512,0.12765957446808512,rnadist_100,5s
5s_Drosophila-melanogaster-1,0.4583333333333333,0.3055555555555556,0.3666666666666667,0.3666666666666667,rnadist_100,5s
5s_Halorubrum-terrestre-2,0.6666666666666666,0.30303030303030304,0.41666666666666663,0.41666666666666663,rnadist_100,5s
5s_Rickettsia-felis-1,0.4230769230769231,0.3333333333333333,0.3728813559322034,0.3728813559322034,rnadist_100,5s
5s_Bartonella-quintana-1,0.391304347826087,0.2647058823529412,0.3157894736842105,0.3157894736842105,rnadist_100,5s
5s_Onchocerca-volvulus-1,0.0,0.0,0.0,0.0,rnadist_100,5s
5s_Coprinopsis-radiata-1,0.3076923076923077,0.11764705882352941,0.1702127659574468,0.1702127659574468,rnadist_100,5s
5s_Agrobacterium-tumefaciens-4,0.4583333333333333,0.3235294117647059,0.3793103448275862,0.3793103448275862,rnadist_100,5s
5s_Pseudomonas-stutzeri-1,0.5,0.30303030303030304,0.37735849056603776,0.37735849056603776,rnadist_100,5s
5s_Salmonella-enterica-3,0.45,0.25,0.32142857142857145,0.32142857142857145,rnadist_100,5s
5s_Agrobacterium-tumefaciens-2,0.4782608695652174,0.3235294117647059,0.3859649122807018,0.3859649122807018,rnadist_100,5s
5s_Oceanobacillus-iheyensis-3,0.6666666666666666,0.3125,0.425531914893617,0.425531914893617,rnadist_100,5s
5s_Onchocerca-cervicalis-1,0.0,0.0,0.0,0.0,rnadist_100,5s
5s_Dipsacomyces-acuminosporus-1,0.5789473684210527,0.3055555555555556,0.4000000000000001,0.4000000000000001,rnadist_100,5s
5s_Bacillus-cereus-8,0.4666666666666667,0.21875,0.2978723404255319,0.2978723404255319,rnadist_100,5s
5s_Thermomyces-lanuginosus-1,0.75,0.3333333333333333,0.46153846153846156,0.46153846153846156,rnadist_100,5s
5s_Haemophilus-influenzae-1,0.6666666666666666,0.35294117647058826,0.46153846153846156,0.46153846153846156,rnadist_100,5s
5s_Helicobacter-pylori-3,0.11764705882352941,0.05714285714285714,0.07692307692307693,0.07692307692307693,rnadist_100,5s
5s_Listeria-innocua-2,0.3076923076923077,0.12121212121212122,0.17391304347826086,0.17391304347826086,rnadist_100,5s
5s_Salmonella-enterica-1,0.5,0.25,0.3333333333333333,0.3333333333333333,rnadist_100,5s
5s_Pseudomonas-aeruginosa-3,0.5555555555555556,0.29411764705882354,0.3846153846153846,0.3846153846153846,rnadist_100,5s
5s_Flectobacillus-major-1,0.4375,0.25925925925925924,0.37209302325581395,0.3255813953488372,rnadist_100,5s
5s_Escherichia-coli-11,0.4444444444444444,0.2222222222222222,0.2962962962962963,0.2962962962962963,rnadist_100,5s
5s_Zymomonas-mobilis-1,0.43478260869565216,0.30303030303030304,0.35714285714285715,0.35714285714285715,rnadist_100,5s
5s_Mycobacterium-smegmatis-3,0.42105263157894735,0.24242424242424243,0.3076923076923077,0.3076923076923077,rnadist_100,5s
5s_Bacillus-megaterium-1,0.45,0.2727272727272727,0.339622641509434,0.339622641509434,rnadist_100,5s
5s_Ligia-oceanica-1,0.4090909090909091,0.2571428571428571,0.31578947368421045,0.31578947368421045,rnadist_100,5s
5s_Cellulosimicrobium-cellulans-1,0.42857142857142855,0.18181818181818182,0.2553191489361702,0.2553191489361702,rnadist_100,5s
5s_Burkholderia-cepacia-2,0.5238095238095238,0.34375,0.4150943396226415,0.4150943396226415,rnadist_100,5s
5s_Lupinus-angustifolius-1,0.4,0.23529411764705882,0.29629629629629634,0.29629629629629634,rnadist_100,5s
5s_Mycoplasma-pneumoniae-1,0.42857142857142855,0.3103448275862069,0.36000000000000004,0.36000000000000004,rnadist_100,5s
5s_Mycoplasma-hyopneumoniae-2,0.5,0.4074074074074074,0.44897959183673464,0.44897959183673464,rnadist_100,5s
5s_Dirofilaria-immitis-1,0.34615384615384615,0.2571428571428571,0.29508196721311475,0.29508196721311475,rnadist_100,5s
5s_Vibrio-tubiashii-1,0.6,0.3333333333333333,0.42857142857142855,0.42857142857142855,rnadist_100,5s
5s_Xylella-fastidiosa-2,0.2727272727272727,0.17647058823529413,0.21428571428571427,0.21428571428571427,rnadist_100,5s
5s_Dactylosporangium-aurantiacum-1,0.6923076923076923,0.2647058823529412,0.3829787234042553,0.3829787234042553,rnadist_100,5s
5s_Medicago-sativa-1,0.3333333333333333,0.17647058823529413,0.23076923076923078,0.23076923076923078,rnadist_100,5s
5s_Vitreoscilla-filiformis-1,0.5714285714285714,0.24242424242424243,0.3404255319148936,0.3404255319148936,rnadist_100,5s
5s_Homarus-gammarus-1,0.3157894736842105,0.17142857142857143,0.22222222222222224,0.22222222222222224,rnadist_100,5s
5s_Bacteroides-fragilis-2,0.3333333333333333,0.21428571428571427,0.2608695652173913,0.2608695652173913,rnadist_100,5s
5s_Curtobacterium-citreum-1,0.7083333333333334,0.4857142857142857,0.576271186440678,0.576271186440678,rnadist_100,5s
5s_Eisenia-bicyclis-1,0.4375,0.19444444444444445,0.2692307692307693,0.2692307692307693,rnadist_100,5s
5s_Brevibacterium-linens-2,0.38461538461538464,0.14285714285714285,0.20833333333333331,0.20833333333333331,rnadist_100,5s
5s_Halococcus-morrhuae-1,0.08333333333333333,0.03571428571428571,0.05,0.05,rnadist_100,5s
5s_Vitreoscilla-stercoraria-1,0.28,0.21212121212121213,0.2413793103448276,0.2413793103448276,rnadist_100,5s
5s_Renibacterium-salmoninarum-1,0.3333333333333333,0.17647058823529413,0.23076923076923078,0.23076923076923078,rnadist_100,5s
5s_Fellomyces-penicillatus-1,0.25,0.11428571428571428,0.1568627450980392,0.1568627450980392,rnadist_100,5s
5s_Vibrio-natriegens-1,0.5454545454545454,0.3333333333333333,0.41379310344827586,0.41379310344827586,rnadist_100,5s
5s_Clavispora-opuntiae-1,0.5909090909090909,0.3611111111111111,0.4482758620689656,0.4482758620689656,rnadist_100,5s
5s_Mannheimia-succiniciproducens-3,0.16666666666666666,0.0625,0.09090909090909091,0.09090909090909091,rnadist_100,5s
5s_Pseudomonas-putida-1,0.42857142857142855,0.2571428571428571,0.3214285714285714,0.3214285714285714,rnadist_100,5s
5s_Lactuca-sativa-1,0.2727272727272727,0.17647058823529413,0.21428571428571427,0.21428571428571427,rnadist_100,5s
5s_Salmonella-typhimurium-2,0.4444444444444444,0.2222222222222222,0.2962962962962963,0.2962962962962963,rnadist_100,5s
5s_Streptomyces-purpureus-1,0.4,0.24242424242424243,0.30188679245283023,0.30188679245283023,rnadist_100,5s
5s_Pseudomonas-denitrificans-1,0.42105263157894735,0.2222222222222222,0.2909090909090909,0.2909090909090909,rnadist_100,5s
5s_Schizophyllum-commune-1,0.1,0.029411764705882353,0.04545454545454545,0.04545454545454545,rnadist_100,5s
5s_Rumex-acetosa-1,0.45,0.2647058823529412,0.33333333333333337,0.33333333333333337,rnadist_100,5s
5s_Lophocolea-heterophylla-1,0.4,0.17647058823529413,0.2448979591836735,0.2448979591836735,rnadist_100,5s
5s_Ascobolus-immersus-3,0.28,0.2,0.23333333333333334,0.23333333333333334,rnadist_100,5s
5s_Bacillus-halodurans-2,0.46153846153846156,0.18181818181818182,0.26086956521739135,0.26086956521739135,rnadist_100,5s
5s_Haemonchus-contortus-1,0.3684210526315789,0.2,0.25925925925925924,0.25925925925925924,rnadist_100,5s
5s_Samia-cynthia-ricini-x-Bombyx-mori-1,0.35,0.19444444444444445,0.25,0.25,rnadist_100,5s
5s_Hyphomicrobium-sp.-2,0.47619047619047616,0.29411764705882354,0.3636363636363637,0.3636363636363637,rnadist_100,5s
5s_Wuchereria-bancrofti-1,0.375,0.2647058823529412,0.31034482758620696,0.31034482758620696,rnadist_100,5s
5s_Emericella-heterothallica-1,0.75,0.3333333333333333,0.46153846153846156,0.46153846153846156,rnadist_100,5s
5s_Pyrococcus-furiosus-2,0.14285714285714285,0.030303030303030304,0.05,0.05,rnadist_100,5s
5s_Photobacterium-profundum-3,0.25925925925925924,0.20588235294117646,0.22950819672131148,0.22950819672131148,rnadist_100,5s
5s_Bacillus-methanolicus-7,0.5,0.30303030303030304,0.37735849056603776,0.37735849056603776,rnadist_100,5s
5s_Natronococcus-occultus-1,0.3,0.08571428571428572,0.13333333333333333,0.13333333333333333,rnadist_100,5s
5s_Ectothiorhodospira-mobilis-1,0.35,0.20588235294117646,0.25925925925925924,0.25925925925925924,rnadist_100,5s
5s_Saccharopolyspora-rectivirgula-1,0.2222222222222222,0.058823529411764705,0.09302325581395347,0.09302325581395347,rnadist_100,5s
5s_Methanosarcina-vacuolata-1,0.3181818181818182,0.21875,0.25925925925925924,0.25925925925925924,rnadist_100,5s
5s_Haemophilus-influenzae-4,0.6666666666666666,0.35294117647058826,0.46153846153846156,0.46153846153846156,rnadist_100,5s
5s_Menoidium-pellucidum-1,0.3181818181818182,0.1891891891891892,0.23728813559322035,0.23728813559322035,rnadist_100,5s
5s_Tremella-mesenterica-1,0.42857142857142855,0.17647058823529413,0.25,0.25,rnadist_100,5s
5s_Gymnosporangium-clavariaeforme-1,0.2,0.058823529411764705,0.0909090909090909,0.0909090909090909,rnadist_100,5s
5s_Xenopus-laevis-9,0.6,0.25,0.35294117647058826,0.35294117647058826,rnadist_100,5s
5s_Fusobacterium-nucleatum-1,0.45454545454545453,0.3225806451612903,0.3773584905660377,0.3773584905660377,rnadist_100,5s
5s_Tinca-tinca-2,0.4,0.16666666666666666,0.23529411764705882,0.23529411764705882,rnadist_100,5s
5s_Pyrococcus-horikoshii-1,0.18181818181818182,0.06060606060606061,0.09090909090909091,0.09090909090909091,rnadist_100,5s
5s_Streptomyces-diastaticus-1,0.3684210526315789,0.21212121212121213,0.2692307692307693,0.2692307692307693,rnadist_100,5s
5s_Vibrio-cincinnatiensis-1,0.5217391304347826,0.3333333333333333,0.4067796610169491,0.4067796610169491,rnadist_100,5s
5s_Pichia-angusta-1,0.35294117647058826,0.17647058823529413,0.23529411764705885,0.23529411764705885,rnadist_100,5s
5s_Pseudomonas-stutzeri-2,0.47368421052631576,0.28125,0.39215686274509803,0.35294117647058826,rnadist_100,5s
5s_Staphylococcus-epidermidis-1,0.3333333333333333,0.1875,0.24000000000000005,0.24000000000000005,rnadist_100,5s
5s_Colwellia-psychrerythraea-3,0.625,0.29411764705882354,0.4,0.4,rnadist_100,5s
5s_Taphrina-deformans-1,0.13333333333333333,0.05714285714285714,0.08,0.08,rnadist_100,5s
5s_Misgurnus-fossilis-14,0.3,0.17142857142857143,0.21818181818181817,0.21818181818181817,rnadist_100,5s
5s_Metasequoia-glyptostroboides-1,0.3157894736842105,0.17647058823529413,0.22641509433962262,0.22641509433962262,rnadist_100,5s
5s_Filobasidium-capsuligenum-1,0.38461538461538464,0.14705882352941177,0.21276595744680854,0.21276595744680854,rnadist_100,5s
5s_Euplotes-octocarinatus-1,0.2857142857142857,0.17647058823529413,0.21818181818181817,0.21818181818181817,rnadist_100,5s
5s_Arthrobacter-luteus-1,0.5,0.17142857142857143,0.2553191489361702,0.2553191489361702,rnadist_100,5s
5s_Fusarium-asiaticum-1,0.4827586206896552,0.3888888888888889,0.46153846153846156,0.43076923076923074,rnadist_100,5s
5s_Clostridium-innocuum-1,0.3076923076923077,0.13333333333333333,0.18604651162790697,0.18604651162790697,rnadist_100,5s
5s_Fusarium-sporotrichioides-1,0.391304347826087,0.2571428571428571,0.3448275862068965,0.3103448275862069,rnadist_100,5s
5s_Methanococcus-voltae-2,0.25925925925925924,0.21212121212121213,0.23333333333333334,0.23333333333333334,rnadist_100,5s
5s_Thermotoga-neapolitana-2,0.47058823529411764,0.24242424242424243,0.44,0.32,rnadist_100,5s
5s_Nicotiana-tabacum-1,0.43478260869565216,0.29411764705882354,0.3859649122807018,0.3508771929824562,rnadist_100,5s
5s_Mortierella-formosensis-1,0.391304347826087,0.24324324324324326,0.30000000000000004,0.30000000000000004,rnadist_100,5s
5s_Juniperus-media-1,0.35294117647058826,0.17647058823529413,0.23529411764705885,0.23529411764705885,rnadist_100,5s
5s_Leuconostoc-mesenteroides-1,0.6153846153846154,0.25,0.35555555555555557,0.35555555555555557,rnadist_100,5s
5s_Daphnia-magna-1,0.4,0.2222222222222222,0.2857142857142857,0.2857142857142857,rnadist_100,5s
5s_Vibrio-fluvialis-1,0.631578947368421,0.3333333333333333,0.4363636363636364,0.4363636363636364,rnadist_100,5s
5s_Fusarium-pseudograminearum-8,0.41379310344827586,0.34285714285714286,0.375,0.375,rnadist_100,5s
5s_Amycolatopsis-methanolica-1,0.25,0.11428571428571428,0.1568627450980392,0.1568627450980392,rnadist_100,5s
5s_Moniliella-acetoabutans-1,0.4117647058823529,0.2,0.2692307692307692,0.2692307692307692,rnadist_100,5s
5s_Fusobacterium-nucleatum-3,0.4090909090909091,0.2903225806451613,0.339622641509434,0.339622641509434,rnadist_100,5s
5s_Bjerkandera-adusta-1,0.5,0.17647058823529413,0.2608695652173913,0.2608695652173913,rnadist_100,5s
5s_Thermococcus-kodakarensis-2,0.3,0.08333333333333333,0.13043478260869565,0.13043478260869565,rnadist_100,5s
5s_Methanothermus-fervidus-1,0.48148148148148145,0.37142857142857144,0.5483870967741936,0.41935483870967744,rnadist_100,5s
5s_Lupinus-luteus-1,0.4,0.23529411764705882,0.29629629629629634,0.29629629629629634,rnadist_100,5s
5s_Ustilago-longissima-1,0.7777777777777778,0.2,0.3181818181818182,0.3181818181818182,rnadist_100,5s
5s_Ambystoma-salmoides-1,0.65,0.37142857142857144,0.4727272727272728,0.4727272727272728,rnadist_100,5s
5s_Nanoarchaeum-equitans-1,0.4,0.21428571428571427,0.4,0.27906976744186046,rnadist_100,5s
5s_Vibrio-metschnikovii-1,0.631578947368421,0.3333333333333333,0.4363636363636364,0.4363636363636364,rnadist_100,5s
5s_Pseudomonas-putida-2,0.42857142857142855,0.2571428571428571,0.3214285714285714,0.3214285714285714,rnadist_100,5s
5s_Oryctolagus-cuniculus-1,0.5555555555555556,0.2777777777777778,0.3703703703703704,0.3703703703703704,rnadist_100,5s
5s_Lactococcus-lactis-2,0.34615384615384615,0.3,0.32142857142857145,0.32142857142857145,rnadist_100,5s
5s_Phacus-curvicauda-1,0.5294117647058824,0.24324324324324326,0.37037037037037035,0.33333333333333337,rnadist_100,5s
5s_Halichondria-japonica-1,0.52,0.37142857142857144,0.43333333333333335,0.43333333333333335,rnadist_100,5s
5s_Methanococcus-voltae-1,0.18518518518518517,0.15151515151515152,0.16666666666666666,0.16666666666666666,rnadist_100,5s
5s_Arthrobacter-globiformis-2,0.6153846153846154,0.23529411764705882,0.3404255319148936,0.3404255319148936,rnadist_100,5s
5s_Bacillus-anthracis-5,0.42857142857142855,0.18181818181818182,0.2553191489361702,0.2553191489361702,rnadist_100,5s
5s_Acholeplasma-laidlawii-1,0.4666666666666667,0.23333333333333334,0.31111111111111117,0.31111111111111117,rnadist_100,5s
5s_Kutzneria-albida-1,0.5263157894736842,0.29411764705882354,0.3773584905660377,0.3773584905660377,rnadist_100,5s
5s_Thiomicrospira-pelophila-1,0.47619047619047616,0.2857142857142857,0.3571428571428571,0.3571428571428571,rnadist_100,5s
5s_Nocardioides-albus-1,0.4375,0.20588235294117646,0.28,0.28,rnadist_100,5s
5s_Artemia-sp.-4,0.47058823529411764,0.22857142857142856,0.3076923076923077,0.3076923076923077,rnadist_100,5s
5s_Staphylococcus-aureus-1,0.3076923076923077,0.25,0.27586206896551724,0.27586206896551724,rnadist_100,5s
5s_Methanospirillum-hungatei-1,0.4230769230769231,0.3142857142857143,0.360655737704918,0.360655737704918,rnadist_100,5s
5s_Bacillus-cereus-5,0.47058823529411764,0.25,0.32653061224489793,0.32653061224489793,rnadist_100,5s
5s_Microbacterium-testaceum-1,0.5789473684210527,0.3142857142857143,0.4444444444444445,0.40740740740740744,rnadist_100,5s
5s_Thermococcus-kodakarensis-1,0.3,0.08333333333333333,0.13043478260869565,0.13043478260869565,rnadist_100,5s
5s_Fusarium-lunulosporum-2,0.4166666666666667,0.2857142857142857,0.3389830508474576,0.3389830508474576,rnadist_100,5s
5s_Esch_coli2B,0.4,0.2222222222222222,0.2857142857142857,0.2857142857142857,rnadist_100,5s
5s_Bugula-neritina-1,0.4074074074074074,0.3055555555555556,0.3492063492063492,0.3492063492063492,rnadist_100,5s
5s_Euplotes-aediculatus-1,0.4117647058823529,0.21212121212121213,0.27999999999999997,0.27999999999999997,rnadist_100,5s
5s_Brugia-malayi-1,0.34615384615384615,0.2571428571428571,0.29508196721311475,0.29508196721311475,rnadist_100,5s
5s_Bacteroides-fragilis-1,0.2631578947368421,0.21739130434782608,0.23809523809523808,0.23809523809523808,rnadist_100,5s
5s_Bacillus-cereus-10,0.38461538461538464,0.15625,0.22222222222222224,0.22222222222222224,rnadist_100,5s
5s_Fusarium-asiaticum-6,0.3181818181818182,0.2,0.2456140350877193,0.2456140350877193,rnadist_100,5s
5s_Actinokineospora-riparia-1,0.2222222222222222,0.058823529411764705,0.09302325581395347,0.09302325581395347,rnadist_100,5s
5s_Kutzneria-viridogrisea-1,0.45454545454545453,0.2857142857142857,0.3508771929824561,0.3508771929824561,rnadist_100,5s
5s_Hyphomonas-polymorpha-1,0.26666666666666666,0.11428571428571428,0.16,0.16,rnadist_100,5s
5s_Akkesiphycus-lubricum-1,0.3888888888888889,0.19444444444444445,0.25925925925925924,0.25925925925925924,rnadist_100,5s
5s_Erysipelothrix-rhusiopathiae-1,0.2222222222222222,0.13333333333333333,0.16666666666666669,0.16666666666666669,rnadist_100,5s
5s_Bacillus-thuringiensis-3,0.47058823529411764,0.25,0.32653061224489793,0.32653061224489793,rnadist_100,5s
5s_Streptomyces-griseus-2,0.47368421052631576,0.2571428571428571,0.3333333333333333,0.3333333333333333,rnadist_100,5s
5s_Mycoplasma-mycoides-3,0.2857142857142857,0.14814814814814814,0.1951219512195122,0.1951219512195122,rnadist_100,5s
5s_Dryopteris-acuminata-1,0.0,0.0,0.0,0.0,rnadist_100,5s
5s_Plasmodium-falciparum-1,0.2857142857142857,0.18181818181818182,0.25925925925925924,0.2222222222222222,rnadist_100,5s
5s_Wolbachia-endosymbiont-of-D.-melanogaster-1,0.36363636363636365,0.26666666666666666,0.30769230769230765,0.30769230769230765,rnadist_100,5s
5s_Caulobacter-crescentus-1,0.125,0.0625,0.15,0.08333333333333333,rnadist_100,5s
5s_Candidatus-Tremblaya-princeps-3,0.3333333333333333,0.17857142857142858,0.23255813953488372,0.23255813953488372,rnadist_100,5s
5s_Thermotoga-maritima-1,0.47058823529411764,0.24242424242424243,0.44,0.32,rnadist_100,5s
5s_Saprolegnia-ferax-1,0.6153846153846154,0.21621621621621623,0.32,0.32,rnadist_100,5s
5s_Pirellula-sp.-2,0.43478260869565216,0.3333333333333333,0.3773584905660377,0.3773584905660377,rnadist_100,5s
5s_Fusarium-lunulosporum-8,0.41379310344827586,0.34285714285714286,0.375,0.375,rnadist_100,5s
5s_Fusarium-culmorum-7,0.41379310344827586,0.34285714285714286,0.375,0.375,rnadist_100,5s
5s_Bartonella-bacilliformis-1,0.36,0.2647058823529412,0.30508474576271183,0.30508474576271183,rnadist_100,5s
5s_Sandaracinobacter-sibiricus-1,0.4,0.3333333333333333,0.3636363636363636,0.3636363636363636,rnadist_100,5s
5s_Acidovorax-delafieldii-1,0.42857142857142855,0.2727272727272727,0.33333333333333326,0.33333333333333326,rnadist_100,5s
5s_Ceratobasidium-cornigerum-1,0.1,0.029411764705882353,0.04545454545454545,0.04545454545454545,rnadist_100,5s
5s_Mycobacterium-bovis-2,0.2857142857142857,0.125,0.17391304347826086,0.17391304347826086,rnadist_100,5s
5s_Rhodococcus-fascians-1,0.47058823529411764,0.24242424242424243,0.32,0.32,rnadist_100,5s
5s_Bacillus-thuringiensis-2,0.4166666666666667,0.16129032258064516,0.2325581395348837,0.2325581395348837,rnadist_100,5s
5s_Coemansia-mojavensis-1,0.42857142857142855,0.25,0.3157894736842105,0.3157894736842105,rnadist_100,5s
5s_Cryptococcus-laurentii-1,0.5789473684210527,0.34375,0.4313725490196078,0.4313725490196078,rnadist_100,5s
5s_Micrococcus-luteus-2,0.5416666666666666,0.37142857142857144,0.44067796610169496,0.44067796610169496,rnadist_100,5s
5s_Candida-rugosa-1,0.35294117647058826,0.17142857142857143,0.23076923076923078,0.23076923076923078,rnadist_100,5s
5s_Filobasidiella-depauperata-1,0.4666666666666667,0.23333333333333334,0.31111111111111117,0.31111111111111117,rnadist_100,5s
5s_Beggiatoa-alba-1,0.6875,0.3235294117647059,0.44000000000000006,0.44000000000000006,rnadist_100,5s
5s_Trichosporonoides-oedocephalis-1,0.45454545454545453,0.2857142857142857,0.3508771929824561,0.3508771929824561,rnadist_100,5s
5s_Magnolia-stellata-1,0.42105263157894735,0.23529411764705882,0.3018867924528302,0.3018867924528302,rnadist_100,5s
5s_Bacillus-firmus-1,0.5,0.1875,0.31818181818181823,0.2727272727272727,rnadist_100,5s
5s_Sargassum-fulvellum-1,0.35294117647058826,0.16666666666666666,0.2641509433962264,0.22641509433962262,rnadist_100,5s
5s_Fusarium-lunulosporum-9,0.37037037037037035,0.2857142857142857,0.3225806451612903,0.3225806451612903,rnadist_100,5s
5s_Acinetobacter-sp.-1,0.8461538461538461,0.34375,0.4888888888888889,0.4888888888888889,rnadist_100,5s
5s_Brevibacterium-casei-1,0.4,0.11764705882352941,0.1818181818181818,0.1818181818181818,rnadist_100,5s
5s_Thermotoga-sp.-2,0.4375,0.21212121212121213,0.40816326530612246,0.2857142857142857,rnadist_100,5s
5s_Xenopus-laevis-2,0.5,0.3611111111111111,0.4193548387096774,0.4193548387096774,rnadist_100,5s
5s_Micrococcus-luteus-4,0.38095238095238093,0.24242424242424243,0.2962962962962963,0.2962962962962963,rnadist_100,5s
5s_Bacillus-halodurans-4,0.46153846153846156,0.18181818181818182,0.26086956521739135,0.26086956521739135,rnadist_100,5s
5s_Ascaris-lumbricoides-1,0.47619047619047616,0.2857142857142857,0.3571428571428571,0.3571428571428571,rnadist_100,5s
5s_Streptomyces-griseus-3,0.42105263157894735,0.25,0.3137254901960784,0.3137254901960784,rnadist_100,5s
5s_Streptomyces-avermitilis-2,0.32,0.24242424242424243,0.2758620689655172,0.2758620689655172,rnadist_100,5s
5s_Bacillus-anthracis-10,0.35714285714285715,0.15151515151515152,0.21276595744680848,0.21276595744680848,rnadist_100,5s
5s_Spirobolus-sp-1,0.3,0.16666666666666666,0.21428571428571427,0.21428571428571427,rnadist_100,5s
5s_Bacillus-sp.-2,0.5,0.2727272727272727,0.3529411764705882,0.3529411764705882,rnadist_100,5s
5s_Phlyctochytrium-irregulare-1,0.5625,0.24324324324324326,0.339622641509434,0.339622641509434,rnadist_100,5s
5s_Methanosarcina-acetivorans-2,0.5882352941176471,0.2857142857142857,0.3846153846153846,0.3846153846153846,rnadist_100,5s
5s_Coprinopsis-cinerea-1,0.1,0.029411764705882353,0.04545454545454545,0.04545454545454545,rnadist_100,5s
5s_Rhcoc_fas1B,0.5333333333333333,0.24242424242424243,0.3333333333333333,0.3333333333333333,rnadist_100,5s
5s_Streptomyces-sp.-4,0.5,0.2571428571428571,0.33962264150943394,0.33962264150943394,rnadist_100,5s
5s_Streptomyces-avermitilis-1,0.42857142857142855,0.2727272727272727,0.33333333333333326,0.33333333333333326,rnadist_100,5s
5s_Halococcus-morrhuae-2,0.08333333333333333,0.03571428571428571,0.05,0.05,rnadist_100,5s
5s_Chlamydia-muridarum-1,0.7272727272727273,0.25806451612903225,0.38095238095238093,0.38095238095238093,rnadist_100,5s
5s_Terrapene-carolina-1,0.4117647058823529,0.2,0.2692307692307692,0.2692307692307692,rnadist_100,5s
5s_Leptospira-biflexa-1,0.0,0.0,0.0,0.0,rnadist_100,5s
5s_Natrialba-magadii-1,0.25,0.029411764705882353,0.05263157894736842,0.05263157894736842,rnadist_100,5s
5s_Desulfovibrio-vulgaris-1,0.3793103448275862,0.3333333333333333,0.3548387096774193,0.3548387096774193,rnadist_100,5s
5s_Cryptococcus-humicola-1,0.5714285714285714,0.22857142857142856,0.32653061224489793,0.32653061224489793,rnadist_100,5s
5s_Xenopus-tropicalis-1,0.5882352941176471,0.2857142857142857,0.3846153846153846,0.3846153846153846,rnadist_100,5s
5s_Sulfurococcus-mirabilis-1,0.0,0.0,0.15384615384615383,0.0,rnadist_100,5s
5s_Ectothiorhodospira-shaposhnikovii-1,0.3888888888888889,0.2,0.2641509433962264,0.2641509433962264,rnadist_100,5s
5s_Legionella-pneumophila-2,0.6111111111111112,0.3333333333333333,0.43137254901960786,0.43137254901960786,rnadist_100,5s
5s_Chlamydophila-pneumoniae-1,0.5882352941176471,0.3125,0.40816326530612246,0.40816326530612246,rnadist_100,5s
5s_Vibrio-diazotrophicus-1,0.4074074074074074,0.3055555555555556,0.3492063492063492,0.3492063492063492,rnadist_100,5s
5s_Cryptococcus-bacillisporus-1,0.35294117647058826,0.17647058823529413,0.23529411764705885,0.23529411764705885,rnadist_100,5s
5s_Vibrio-fischeri-3,0.4230769230769231,0.3055555555555556,0.3548387096774194,0.3548387096774194,rnadist_100,5s
5s_Calyptogena-magnifica-1,0.43478260869565216,0.2777777777777778,0.3389830508474576,0.3389830508474576,rnadist_100,5s
5s_Bacteroides-fragilis-5,0.2631578947368421,0.21739130434782608,0.23809523809523808,0.23809523809523808,rnadist_100,5s
5s_Erwinia-carotovora-1,0.4444444444444444,0.2222222222222222,0.2962962962962963,0.2962962962962963,rnadist_100,5s
5s_Flavobacterium-hydatis-1,0.21052631578947367,0.13333333333333333,0.163265306122449,0.163265306122449,rnadist_100,5s
5s_Gallus-gallus-1,0.5909090909090909,0.3611111111111111,0.4482758620689656,0.4482758620689656,rnadist_100,5s
5s_Streptomyces-avermitilis-5,0.42857142857142855,0.2727272727272727,0.33333333333333326,0.33333333333333326,rnadist_100,5s
5s_Vicia-faba-1,0.3333333333333333,0.17647058823529413,0.23076923076923078,0.23076923076923078,rnadist_100,5s
5s_Aspergillus-niger-1,0.6111111111111112,0.3055555555555556,0.40740740740740744,0.40740740740740744,rnadist_100,5s
5s_Hyphomicrobium-vulgare-2,0.5,0.29411764705882354,0.37037037037037035,0.37037037037037035,rnadist_100,5s
5s_Paramecium-tetraurelia-1,0.17391304347826086,0.11764705882352941,0.14035087719298242,0.14035087719298242,rnadist_100,5s
5s_Loofah-witches-broom-phytoplasma-1,0.6666666666666666,0.4,0.5,0.5,rnadist_100,5s
5s_Mycoplasma-gallisepticum-2,0.06666666666666667,0.05263157894736842,0.058823529411764705,0.058823529411764705,rnadist_100,5s
5s_Saccharothrix-mutabilis-1,0.42105263157894735,0.23529411764705882,0.3018867924528302,0.3018867924528302,rnadist_100,5s
5s_Gastrotheca-riobambae-1,0.55,0.3055555555555556,0.39285714285714285,0.39285714285714285,rnadist_100,5s
5s_Escherichia-coli-3,0.45,0.25,0.32142857142857145,0.32142857142857145,rnadist_100,5s
5s_Protomyces-inundatus-1,0.07142857142857142,0.02857142857142857,0.04081632653061224,0.04081632653061224,rnadist_100,5s
5s_Saprospira-grandis-1,0.3125,0.15151515151515152,0.20408163265306123,0.20408163265306123,rnadist_100,5s
5s_Caulobacter-sp.-7,0.42857142857142855,0.1875,0.26086956521739124,0.26086956521739124,rnadist_100,5s
5s_Caenorhabditis-elegans-3,0.047619047619047616,0.03225806451612903,0.1283422459893048,0.03846153846153846,rnadist_100,5s
5s_Caenorhabditis-briggsae-1,0.3181818181818182,0.2,0.2456140350877193,0.2456140350877193,rnadist_100,5s
5s_Carpopeltis-crispata-1,0.35294117647058826,0.16666666666666666,0.22641509433962262,0.22641509433962262,rnadist_100,5s
5s_Geobacillus-kaustophilus-7,0.5384615384615384,0.25,0.3414634146341463,0.3414634146341463,rnadist_100,5s
5s_Cystobacter-fuscus-1,0.5,0.21875,0.30434782608695654,0.30434782608695654,rnadist_100,5s
5s_Shigella-flexneri-3,0.35714285714285715,0.15151515151515152,0.21276595744680848,0.21276595744680848,rnadist_100,5s
5s_Gluconacetobacter-xylinus-1,0.5789473684210527,0.3235294117647059,0.4150943396226416,0.4150943396226416,rnadist_100,5s
5s_Emericella-nidulans-2,0.8333333333333334,0.2777777777777778,0.4166666666666667,0.4166666666666667,rnadist_100,5s
5s_Desulfurococcus-mobilis-1,0.3333333333333333,0.21212121212121213,0.358695652173913,0.25925925925925924,rnadist_100,5s
5s_Escherichia-coli-13,0.29411764705882354,0.15151515151515152,0.19999999999999998,0.19999999999999998,rnadist_100,5s
5s_Pseudomonas-fluorescens-2,0.5,0.2571428571428571,0.33962264150943394,0.33962264150943394,rnadist_100,5s
5s_Saccharopolyspora-hirsuta-1,0.23809523809523808,0.14705882352941177,0.18181818181818185,0.18181818181818185,rnadist_100,5s
5s_Lactococcus-lactis-3,0.35714285714285715,0.3125,0.3333333333333333,0.3333333333333333,rnadist_100,5s
5s_Plagiomnium-trichomanes-1,0.3684210526315789,0.20588235294117646,0.2641509433962264,0.2641509433962264,rnadist_100,5s
5s_Arabidopsis-thaliana-1,0.34782608695652173,0.23529411764705882,0.28070175438596484,0.28070175438596484,rnadist_100,5s
5s_Corynebacterium-diphtheriae-1,0.4375,0.2,0.27450980392156865,0.27450980392156865,rnadist_100,5s
5s_Staphylococcus-aureus-2,0.30434782608695654,0.21875,0.2545454545454546,0.2545454545454546,rnadist_100,5s
5s_Illex-illecebrosus-1,0.4090909090909091,0.2571428571428571,0.31578947368421045,0.31578947368421045,rnadist_100,5s
5s_Fusarium-culmorum-8,0.37037037037037035,0.2857142857142857,0.3225806451612903,0.3225806451612903,rnadist_100,5s
5s_Pseudocentrotus-depressus-1,0.46153846153846156,0.3333333333333333,0.3870967741935484,0.3870967741935484,rnadist_100,5s
5s_Acidovorax-temperans-1,0.391304347826087,0.2727272727272727,0.32142857142857145,0.32142857142857145,rnadist_100,5s
5s_Salmonella-enterica-6,0.5,0.25,0.3333333333333333,0.3333333333333333,rnadist_100,5s
5s_Fusarium-asiaticum-7,0.41379310344827586,0.34285714285714286,0.375,0.375,rnadist_100,5s
5s_Stella-humosa-1,0.47619047619047616,0.3125,0.37735849056603776,0.37735849056603776,rnadist_100,5s
5s_Yersinia-pestis-5,0.4090909090909091,0.25,0.31034482758620685,0.31034482758620685,rnadist_100,5s
5s_Brachionus-plicatilis-1,0.4090909090909091,0.25,0.31034482758620685,0.31034482758620685,rnadist_100,5s
5s_Mycobacterium-leprae-2,0.0,0.0,0.0,0.0,rnadist_100,5s
5s_Acholeplasma-laidlawii-3,0.23809523809523808,0.16666666666666666,0.19607843137254902,0.19607843137254902,rnadist_100,5s
5s_Rhodobacter-capsulatus-3,0.4444444444444444,0.36363636363636365,0.39999999999999997,0.39999999999999997,rnadist_100,5s
5s_Pseudomonas-fluorescens-3,0.42857142857142855,0.2571428571428571,0.3214285714285714,0.3214285714285714,rnadist_100,5s
5s_Bombyx-mori-4,0.2727272727272727,0.16666666666666666,0.20689655172413793,0.20689655172413793,rnadist_100,5s
5s_Basidiobolus-magnus-1,0.43478260869565216,0.2702702702702703,0.3666666666666667,0.3333333333333333,rnadist_100,5s
5s_Aspergillus-flavus-1,0.5454545454545454,0.3333333333333333,0.41379310344827586,0.41379310344827586,rnadist_100,5s
5s_Bacillus-clausii-2,0.25,0.09090909090909091,0.13333333333333333,0.13333333333333333,rnadist_100,5s
5s_Phascolopsis-gouldii-1,0.43333333333333335,0.3611111111111111,0.39393939393939387,0.39393939393939387,rnadist_100,5s
5s_Azoarcus-sp.-1,0.4444444444444444,0.24242424242424243,0.3137254901960784,0.3137254901960784,rnadist_100,5s
5s_Chlamydia-muridarum-2,0.6363636363636364,0.21875,0.3255813953488372,0.3255813953488372,rnadist_100,5s
5s_Mycobacterium-tuberculosis-4,0.4444444444444444,0.12121212121212122,0.19047619047619047,0.19047619047619047,rnadist_100,5s
5s_Streptomyces-violaceus-1,0.5,0.2727272727272727,0.3529411764705882,0.3529411764705882,rnadist_100,5s
5s_Cerastoderma-glaucum-1,0.43478260869565216,0.2777777777777778,0.3389830508474576,0.3389830508474576,rnadist_100,5s
5s_Brucella-melitensis-3,0.5789473684210527,0.3235294117647059,0.4150943396226416,0.4150943396226416,rnadist_100,5s
5s_Vibrio-vulnificus-2,0.5,0.2571428571428571,0.33962264150943394,0.33962264150943394,rnadist_100,5s
5s_Fusarium-pseudograminearum-4,0.3333333333333333,0.2,0.25,0.25,rnadist_100,5s
5s_Ascobolus-immersus-1,0.43478260869565216,0.30303030303030304,0.35714285714285715,0.35714285714285715,rnadist_100,5s
5s_Xanthomonas-axonopodis-1,0.42857142857142855,0.2571428571428571,0.3214285714285714,0.3214285714285714,rnadist_100,5s
5s_Toxoplasma-gondii-1,0.5625,0.25,0.34615384615384615,0.34615384615384615,rnadist_100,5s
5s_Streptomyces-nodosus-1,0.45454545454545453,0.29411764705882354,0.35714285714285715,0.35714285714285715,rnadist_100,5s
5s_Cryptomonas-paramecium-1,0.25,0.10344827586206896,0.14634146341463414,0.14634146341463414,rnadist_100,5s
5s_Bacillus-cereus-9,0.4375,0.21875,0.2916666666666667,0.2916666666666667,rnadist_100,5s
5s_Klebsormidium-flaccidum-1,0.3181818181818182,0.21212121212121213,0.2909090909090909,0.2545454545454546,rnadist_100,5s
5s_Secale-cereale-2,0.3888888888888889,0.20588235294117646,0.2692307692307692,0.2692307692307692,rnadist_100,5s
5s_Ralstonia-solanacearum-2,0.38095238095238093,0.25806451612903225,0.30769230769230765,0.30769230769230765,rnadist_100,5s
5s_Salmonella-enterica-5,0.45,0.25,0.32142857142857145,0.32142857142857145,rnadist_100,5s
5s_Bos-taurus-1,0.5555555555555556,0.2777777777777778,0.3703703703703704,0.3703703703703704,rnadist_100,5s
5s_Aspergillus-versicolor-1,0.7692307692307693,0.2777777777777778,0.40816326530612246,0.40816326530612246,rnadist_100,5s
5s_Agaricus-edulis-1,0.25,0.08571428571428572,0.1276595744680851,0.1276595744680851,rnadist_100,5s
5s_Hyphomonas-oligotropha-1,0.34782608695652173,0.24242424242424243,0.28571428571428575,0.28571428571428575,rnadist_100,5s
5s_Xenopus-laevis-6,0.52,0.3611111111111111,0.42622950819672134,0.42622950819672134,rnadist_100,5s
5s_Streptomyces-roseoverticillatus-1,0.3333333333333333,0.125,0.18181818181818182,0.18181818181818182,rnadist_100,5s
5s_Aeromonas-hydrophila-1,0.4444444444444444,0.22857142857142856,0.3018867924528302,0.3018867924528302,rnadist_100,5s
5s_Clostridium-pasteurianum-1,0.5652173913043478,0.3939393939393939,0.4642857142857143,0.4642857142857143,rnadist_100,5s
5s_Streptomyces-avermitilis-4,0.42857142857142855,0.2727272727272727,0.33333333333333326,0.33333333333333326,rnadist_100,5s
5s_Ascobolus-immersus-2,0.2608695652173913,0.17647058823529413,0.2105263157894737,0.2105263157894737,rnadist_100,5s
5s_Comamonas-testosteroni-1,0.391304347826087,0.2727272727272727,0.32142857142857145,0.32142857142857145,rnadist_100,5s
5s_Limulus-polyphemus-1,0.42105263157894735,0.23529411764705882,0.3018867924528302,0.3018867924528302,rnadist_100,5s
5s_Bacillus-anthracis-3,0.5,0.18181818181818182,0.26666666666666666,0.26666666666666666,rnadist_100,5s
5s_Methanolobus-tindarius-1,0.43478260869565216,0.2857142857142857,0.3448275862068965,0.3448275862068965,rnadist_100,5s
5s_Pseudomonas-aeruginosa-2,0.6111111111111112,0.3142857142857143,0.41509433962264153,0.41509433962264153,rnadist_100,5s
5s_Pedobacter-heparinus-1,0.0,0.0,0.0,0.0,rnadist_100,5s
5s_Bacillus-cereus-2,0.5,0.2727272727272727,0.3529411764705882,0.3529411764705882,rnadist_100,5s
5s_Methanothermococcus-thermolithotrophicus-1,0.45,0.2647058823529412,0.33333333333333337,0.33333333333333337,rnadist_100,5s
5s_Pasteurella-multocida-2,0.5625,0.2647058823529412,0.36000000000000004,0.36000000000000004,rnadist_100,5s
5s_Streptomyces-coelicolor-1,0.4090909090909091,0.25,0.31034482758620685,0.31034482758620685,rnadist_100,5s
5s_Equisetum-arvense-1,0.14285714285714285,0.058823529411764705,0.08333333333333333,0.08333333333333333,rnadist_100,5s
5s_Chaetomorpha-moniligera-1,0.2962962962962963,0.25,0.2711864406779661,0.2711864406779661,rnadist_100,5s
5s_Aeromonas-media-1,0.3888888888888889,0.2,0.2641509433962264,0.2641509433962264,rnadist_100,5s
5s_Spinacia-oleracea-1,0.42105263157894735,0.23529411764705882,0.3018867924528302,0.3018867924528302,rnadist_100,5s
5s_Rhizoctonia-globularis-1,0.2727272727272727,0.09090909090909091,0.13636363636363635,0.13636363636363635,rnadist_100,5s
5s_Candidatus-Tremblaya-princeps-6,0.5384615384615384,0.22580645161290322,0.3181818181818182,0.3181818181818182,rnadist_100,5s
5s_Bacillus-licheniformis-1,0.4,0.18181818181818182,0.25000000000000006,0.25000000000000006,rnadist_100,5s
5s_Saccharomyces-cerevisiae-4,0.4,0.22857142857142856,0.2909090909090909,0.2909090909090909,rnadist_100,5s
5s_Auricularia-auricula-judae-1,0.5,0.23529411764705882,0.31999999999999995,0.31999999999999995,rnadist_100,5s
5s_Fusarium-culmorum-4,0.3333333333333333,0.2,0.25,0.25,rnadist_100,5s
5s_Nephila-clavipes-1,0.36,0.2727272727272727,0.3103448275862069,0.3103448275862069,rnadist_100,5s
5s_Pseudonocardia-compacta-1,0.6111111111111112,0.3055555555555556,0.40740740740740744,0.40740740740740744,rnadist_100,5s
5s_Alcaligenes-sp.-1,0.47619047619047616,0.29411764705882354,0.39999999999999997,0.3636363636363637,rnadist_100,5s
5s_Erysipelothrix-tonsillarum-1,0.2,0.1,0.13333333333333333,0.13333333333333333,rnadist_100,5s
5s_Shigella-flexneri-1,0.2631578947368421,0.15151515151515152,0.19230769230769232,0.19230769230769232,rnadist_100,5s
5s_Ascobolus-immersus-4,0.5263157894736842,0.2857142857142857,0.37037037037037035,0.37037037037037035,rnadist_100,5s
5s_Leifsonia-aquatica-1,0.45,0.2647058823529412,0.37037037037037035,0.33333333333333337,rnadist_100,5s
5s_Neurospora-crassa-1,0.5833333333333334,0.4,0.4745762711864407,0.4745762711864407,rnadist_100,5s
5s_Cryptococcus-neoformans-2,0.35294117647058826,0.18181818181818182,0.24000000000000002,0.24000000000000002,rnadist_100,5s
5s_Entosiphon-sulcatum-1,0.43478260869565216,0.2777777777777778,0.3389830508474576,0.3389830508474576,rnadist_100,5s
5s_Pseudomonas-aeruginosa-1,0.55,0.3142857142857143,0.4,0.4,rnadist_100,5s
5s_Photorhabdus-luminescens-1,0.3,0.17142857142857143,0.21818181818181817,0.21818181818181817,rnadist_100,5s
5s_Paracentrotus-lividus-2,0.2777777777777778,0.14705882352941177,0.1923076923076923,0.1923076923076923,rnadist_100,5s
5s_Sepia-officinalis-1,0.45,0.2571428571428571,0.32727272727272727,0.32727272727272727,rnadist_100,5s
5s_Lactococcus-lactis-4,0.2962962962962963,0.25806451612903225,0.27586206896551724,0.27586206896551724,rnadist_100,5s
5s_Lineus-geniculatus-1,0.5,0.2222222222222222,0.30769230769230765,0.30769230769230765,rnadist_100,5s
5s_Bordetella-bronchiseptica-1,0.5263157894736842,0.30303030303030304,0.38461538461538464,0.38461538461538464,rnadist_100,5s
5s_Symbiobacterium-thermophilum-3,0.4444444444444444,0.3870967741935484,0.4482758620689655,0.41379310344827586,rnadist_100,5s
5s_Drosophila-melanogaster-2,0.45454545454545453,0.29411764705882354,0.35714285714285715,0.35714285714285715,rnadist_100,5s
5s_Bradyrhizobium-japonicum-1,0.4090909090909091,0.2647058823529412,0.3214285714285714,0.3214285714285714,rnadist_100,5s
5s_Clostridium-acetobutylicum-1,0.2,0.12121212121212122,0.15094339622641512,0.15094339622641512,rnadist_100,5s
5s_Paracoccus-sp.-1,0.4166666666666667,0.2857142857142857,0.3389830508474576,0.3389830508474576,rnadist_100,5s
5s_Aquaspirillum-serpens-1,0.4782608695652174,0.34375,0.4,0.4,rnadist_100,5s
5s_Helianthus-annuus-1,0.2608695652173913,0.17647058823529413,0.2456140350877193,0.2105263157894737,rnadist_100,5s
5s_Coxiella-burnetii-1,0.6923076923076923,0.28125,0.4,0.4,rnadist_100,5s
5s_Fusarium-asiaticum-8,0.3448275862068966,0.29411764705882354,0.3492063492063492,0.31746031746031744,rnadist_100,5s
5s_Methanosarcina-barkeri-1,0.1111111111111111,0.06060606060606061,0.0784313725490196,0.0784313725490196,rnadist_100,5s
5s_Chlorobium-limicola-1,0.5,0.3,0.4166666666666667,0.37499999999999994,rnadist_100,5s
5s_Candida-melibiosica-1,0.55,0.2972972972972973,0.38596491228070173,0.38596491228070173,rnadist_100,5s
5s_Vibrio-mimicus-1,0.6,0.3333333333333333,0.42857142857142855,0.42857142857142855,rnadist_100,5s
5s_Mycobacterium-tuberculosis-2,0.4166666666666667,0.15151515151515152,0.2222222222222222,0.2222222222222222,rnadist_100,5s
5s_Sporosarcina-pasteurii-1,0.125,0.030303030303030304,0.04878048780487805,0.04878048780487805,rnadist_100,5s
5s_Polyangium-cellulosum-1,0.5789473684210527,0.3142857142857143,0.40740740740740744,0.40740740740740744,rnadist_100,5s
5s_Gracilaria-compressa-2,0.3333333333333333,0.12121212121212122,0.17777777777777776,0.17777777777777776,rnadist_100,5s
5s_Desulfovibrio-vulgaris-2,0.39285714285714285,0.3235294117647059,0.3548387096774193,0.3548387096774193,rnadist_100,5s
5s_Lingula-anatina-2,0.5,0.4,0.4444444444444445,0.4444444444444445,rnadist_100,5s
5s_Bifidobacterium-longum-3,0.42105263157894735,0.24242424242424243,0.3076923076923077,0.3076923076923077,rnadist_100,5s
5s_Finegoldia-magna-1,0.5909090909090909,0.40625,0.4814814814814815,0.4814814814814815,rnadist_100,5s
5s_Nocardia-farcinica-1,0.2727272727272727,0.08823529411764706,0.13333333333333333,0.13333333333333333,rnadist_100,5s
5s_Spirogyra-sp.-1,0.47368421052631576,0.2647058823529412,0.339622641509434,0.339622641509434,rnadist_100,5s
5s_Methanothermobacter-thermautotrophicus-6,0.3333333333333333,0.08333333333333333,0.13333333333333333,0.13333333333333333,rnadist_100,5s
5s_Cycas-revoluta-1,0.24,0.17647058823529413,0.20338983050847456,0.20338983050847456,rnadist_100,5s
5s_Thermus-sp.-2,0.7142857142857143,0.29411764705882354,0.4166666666666667,0.4166666666666667,rnadist_100,5s
5s_Euplotes-vannus-1,0.35294117647058826,0.17647058823529413,0.23529411764705885,0.23529411764705885,rnadist_100,5s
5s_Escherichia-coli-8,0.6,0.25,0.35294117647058826,0.35294117647058826,rnadist_100,5s
5s_Lentinula-edodes-1,0.35294117647058826,0.1875,0.24489795918367344,0.24489795918367344,rnadist_100,5s
5s_Ehrlichia-chaffeensis-1,0.21052631578947367,0.125,0.21897810218978103,0.1568627450980392,rnadist_100,5s
5s_Neurospora-crassa-2,0.52,0.37142857142857144,0.43333333333333335,0.43333333333333335,rnadist_100,5s
5s_Lingula-anatina-1,0.3157894736842105,0.16666666666666666,0.2181818181818182,0.2181818181818182,rnadist_100,5s
5s_Leptothrix-discophora-1,0.47058823529411764,0.24242424242424243,0.32,0.32,rnadist_100,5s
5s_Erythromicrobium-ezovicum-1,0.5652173913043478,0.40625,0.4727272727272727,0.4727272727272727,rnadist_100,5s
5s_Gloiopeltis-complanata-1,0.5789473684210527,0.3333333333333333,0.4230769230769231,0.4230769230769231,rnadist_100,5s
5s_Fluoribacter-bozemanae-1,0.47619047619047616,0.29411764705882354,0.3636363636363637,0.3636363636363637,rnadist_100,5s
5s_Halobacterium-sp.-1,0.35294117647058826,0.18181818181818182,0.24000000000000002,0.24000000000000002,rnadist_100,5s
5s_Bursaphelenchus-mucronatus-1,0.5833333333333334,0.21212121212121213,0.3111111111111111,0.3111111111111111,rnadist_100,5s
5s_Paracoccus-denitrificans-2,0.4,0.23529411764705882,0.29629629629629634,0.29629629629629634,rnadist_100,5s
5s_Hydrurus-foetidus-1,0.26666666666666666,0.11428571428571428,0.16,0.16,rnadist_100,5s
5s_Ureaplasma-urealyticum-2,0.391304347826087,0.3333333333333333,0.36,0.36,rnadist_100,5s
5s_Arthrobacter-oxydans-1,0.7142857142857143,0.30303030303030304,0.42553191489361697,0.42553191489361697,rnadist_100,5s
5s_Eimeria-tenella-1,0.3181818181818182,0.20588235294117646,0.25,0.25,rnadist_100,5s
5s_Gemm_obscuB,0.07142857142857142,0.034482758620689655,0.046511627906976744,0.046511627906976744,rnadist_100,5s
5s_Lactobacillus-delbrueckii-1,0.25,0.13333333333333333,0.1739130434782609,0.1739130434782609,rnadist_100,5s
5s_Pyrenophora-graminea-1,0.2857142857142857,0.15384615384615385,0.3,0.2,rnadist_100,5s
5s_Halorubrum-distributum-3,0.625,0.3125,0.4166666666666667,0.4166666666666667,rnadist_100,5s
5s_Bacillus-subtilis-5,0.42857142857142855,0.28125,0.3396226415094339,0.3396226415094339,rnadist_100,5s
5s_Legionella-dumoffii-1,0.47619047619047616,0.2857142857142857,0.3571428571428571,0.3571428571428571,rnadist_100,5s
5s_Lactobacillus-acidophilus-1,0.23076923076923078,0.1,0.13953488372093023,0.13953488372093023,rnadist_100,5s
5s_Burkholderia-cepacia-3,0.5,0.3225806451612903,0.39215686274509803,0.39215686274509803,rnadist_100,5s
5s_Methanobacterium-formicicum-1,0.4117647058823529,0.2,0.2692307692307692,0.2692307692307692,rnadist_100,5s
5s_Yersinia-pseudotuberculosis-5,0.47058823529411764,0.2222222222222222,0.3018867924528302,0.3018867924528302,rnadist_100,5s
5s_Planocera-reticulata-1,0.4090909090909091,0.2647058823529412,0.3214285714285714,0.3214285714285714,rnadist_100,5s
5s_Hyphomicrobium-vulgare-1,0.5333333333333333,0.25806451612903225,0.34782608695652173,0.34782608695652173,rnadist_100,5s
5s_Neurospora-crassa-14,0.391304347826087,0.2571428571428571,0.3103448275862069,0.3103448275862069,rnadist_100,5s
5s_Caulobacter-spinosum-1,0.11764705882352941,0.06451612903225806,0.14906832298136644,0.08333333333333333,rnadist_100,5s
5s_Fusarium-asiaticum-4,0.30434782608695654,0.2,0.24137931034482762,0.24137931034482762,rnadist_100,5s
5s_Vibrio-cholerae-3,0.55,0.3142857142857143,0.4,0.4,rnadist_100,5s
5s_Erythromicrobium-hydrolyticum-1,0.2727272727272727,0.10344827586206896,0.15,0.15,rnadist_100,5s
5s_Mycoplasma-mycoides-2,0.42105263157894735,0.2962962962962963,0.34782608695652173,0.34782608695652173,rnadist_100,5s
5s_Halorubrum-distributum-7,0.2,0.125,0.15384615384615385,0.15384615384615385,rnadist_100,5s
5s_Mycoplasma-gallisepticum-4,0.13333333333333333,0.1,0.1142857142857143,0.1142857142857143,rnadist_100,5s
5s_Drosophila-sechellia-1,0.4583333333333333,0.3055555555555556,0.3666666666666667,0.3666666666666667,rnadist_100,5s
5s_E_glandulE,0.3076923076923077,0.11764705882352941,0.1702127659574468,0.1702127659574468,rnadist_100,5s
5s_Hemicentrotus-sp.-1,0.3157894736842105,0.16666666666666666,0.2181818181818182,0.2181818181818182,rnadist_100,5s
5s_Chlamydophila-pneumoniae-2,0.55,0.3333333333333333,0.4150943396226416,0.4150943396226416,rnadist_100,5s
5s_Xenopus-laevis-4,0.6363636363636364,0.2,0.30434782608695654,0.30434782608695654,rnadist_100,5s
5s_Bifidobacterium-longum-1,0.45454545454545453,0.30303030303030304,0.36363636363636365,0.36363636363636365,rnadist_100,5s
5s_Corynebacterium-diphtheriae-2,0.4666666666666667,0.2,0.27999999999999997,0.27999999999999997,rnadist_100,5s
5s_Halorubrum-saccharovorum-1,0.46153846153846156,0.18181818181818182,0.26086956521739135,0.26086956521739135,rnadist_100,5s
5s_Saccharomyces-cerevisiae-1,0.7307692307692307,0.5428571428571428,0.6229508196721311,0.6229508196721311,rnadist_100,5s
5s_Bombyx-mori-3,0.35,0.19444444444444445,0.25,0.25,rnadist_100,5s
5s_Methanosarcina-acetivorans-1,0.4375,0.2,0.27450980392156865,0.27450980392156865,rnadist_100,5s
5s_Yersinia-pseudotuberculosis-3,0.38095238095238093,0.2222222222222222,0.2807017543859649,0.2807017543859649,rnadist_100,5s
5s_Saccharomonospora-azurea-1,0.4166666666666667,0.14705882352941177,0.2173913043478261,0.2173913043478261,rnadist_100,5s
5s_Emericella-nidulans-6,0.8333333333333334,0.2777777777777778,0.4166666666666667,0.4166666666666667,rnadist_100,5s
5s_Mycoplasma-pulmonis-1,0.11764705882352941,0.09523809523809523,0.10526315789473684,0.10526315789473684,rnadist_100,5s
5s_Anthopleura-japonica-1,0.3157894736842105,0.16666666666666666,0.2181818181818182,0.2181818181818182,rnadist_100,5s
5s_Scenedesmus-obliquus-1,0.2692307692307692,0.22580645161290322,0.2456140350877193,0.2456140350877193,rnadist_100,5s
5s_Chlamydia-trachomatis-1,0.6428571428571429,0.2903225806451613,0.4,0.4,rnadist_100,5s
5s_Erysipelothrix-rhusiopathiae-2,0.17647058823529413,0.1,0.12765957446808512,0.12765957446808512,rnadist_100,5s
5s_Locusta-migratoria-1,0.3333333333333333,0.14285714285714285,0.2,0.2,rnadist_100,5s
5s_Meloidogyne-arenaria-3,0.5714285714285714,0.35294117647058826,0.43636363636363634,0.43636363636363634,rnadist_100,5s
5s_Efibulobasidium-albescens-1,0.4666666666666667,0.20588235294117646,0.28571428571428564,0.28571428571428564,rnadist_100,5s
5s_Drosophila-yakuba-1,0.4583333333333333,0.3055555555555556,0.3666666666666667,0.3666666666666667,rnadist_100,5s
5s_Agrobacterium-tumefaciens-3,0.4583333333333333,0.3235294117647059,0.3793103448275862,0.3793103448275862,rnadist_100,5s
5s_Micrococcus-luteus-1,0.058823529411764705,0.029411764705882353,0.03921568627450981,0.03921568627450981,rnadist_100,5s
5s_Clostridium-acetobutylicum-5,0.25,0.15151515151515152,0.18867924528301888,0.18867924528301888,rnadist_100,5s
5s_Bacillus-licheniformis-6,0.47368421052631576,0.2727272727272727,0.34615384615384615,0.34615384615384615,rnadist_100,5s
5s_Physarum-polycephalum-1,0.47619047619047616,0.2777777777777778,0.3508771929824561,0.3508771929824561,rnadist_100,5s
5s_Photobacterium-profundum-2,0.3333333333333333,0.2571428571428571,0.2903225806451613,0.2903225806451613,rnadist_100,5s
5s_Mytilus-galloprovincialis-2,0.4,0.2222222222222222,0.2857142857142857,0.2857142857142857,rnadist_100,5s
5s_Saccharopolyspora-hordei-1,0.3181818181818182,0.20588235294117646,0.25,0.25,rnadist_100,5s
5s_Euplotes-eurystomus-1,0.3,0.17647058823529413,0.22222222222222224,0.22222222222222224,rnadist_100,5s
5s_Acremonium-persicinum-1,0.4117647058823529,0.2,0.2692307692307692,0.2692307692307692,rnadist_100,5s
5s_Roseococcus-thiosulfatophilus-1,0.0,0.0,0.1188118811881188,0.0,rnadist_100,5s
5s_Sporosarcina-ureae-1,0.3333333333333333,0.21212121212121213,0.25925925925925924,0.25925925925925924,rnadist_100,5s
5s_Candidatus-Phytoplasma-asteris-1,0.5238095238095238,0.4074074074074074,0.4583333333333333,0.4583333333333333,rnadist_100,5s
5s_Erythrobacter-longus-1,0.5454545454545454,0.35294117647058826,0.42857142857142855,0.42857142857142855,rnadist_100,5s
5s_Achromobacter-xylosoxidans-1,0.42105263157894735,0.25,0.35294117647058826,0.3137254901960784,rnadist_100,5s
5s_Geobacillus-stearothermophilus-4,0.5,0.25806451612903225,0.3404255319148936,0.3404255319148936,rnadist_100,5s
5s_Symbiobacterium-thermophilum-2,0.36,0.3103448275862069,0.3866432337434095,0.3333333333333333,rnadist_100,5s
5s_Pedinomonas-minor-1,0.08333333333333333,0.06060606060606061,0.10526315789473685,0.07017543859649122,rnadist_100,5s
5s_Helicobacter-hepaticus-1,0.0,0.0,0.0,0.0,rnadist_100,5s
5s_Bacteroides-thetaiotaomicron-1,0.23529411764705882,0.14814814814814814,0.1818181818181818,0.1818181818181818,rnadist_100,5s
5s_Fusobacterium-varium-1,0.46153846153846156,0.3870967741935484,0.42105263157894735,0.42105263157894735,rnadist_100,5s
5s_Frankia-sp.-2,0.2,0.08571428571428572,0.12000000000000001,0.12000000000000001,rnadist_100,5s
5s_Artemia-sp.-2,0.47058823529411764,0.2222222222222222,0.3018867924528302,0.3018867924528302,rnadist_100,5s
5s_Streptomyces-brasiliensis-1,0.47619047619047616,0.2857142857142857,0.3571428571428571,0.3571428571428571,rnadist_100,5s
5s_Fusarium-lunulosporum-1,0.4827586206896552,0.3888888888888889,0.46153846153846156,0.43076923076923074,rnadist_100,5s
5s_Methanopyrus-kandleri-1,0.2857142857142857,0.05714285714285714,0.14285714285714285,0.09523809523809522,rnadist_100,5s
5s_Mannheimia-succiniciproducens-1,0.6,0.2647058823529412,0.40816326530612246,0.36734693877551017,rnadist_100,5s
5s_Acetobacter-aceti-2,0.5555555555555556,0.30303030303030304,0.3921568627450981,0.3921568627450981,rnadist_100,5s
5s_Thermus-thermophilus-1,0.44,0.3055555555555556,0.36065573770491804,0.36065573770491804,rnadist_100,5s
5s_Calliphora-vicina-1,0.44,0.3055555555555556,0.36065573770491804,0.36065573770491804,rnadist_100,5s
5s_Amphibacillus-xylanus-1,0.0,0.0,0.0,0.0,rnadist_100,5s
5s_Photorhabdus-luminescens-3,0.3888888888888889,0.2,0.2641509433962264,0.2641509433962264,rnadist_100,5s
5s_Campylobacter-jejuni-3,0.5333333333333333,0.24242424242424243,0.3333333333333333,0.3333333333333333,rnadist_100,5s
5s_Yersinia-pestis-1,0.42105263157894735,0.2222222222222222,0.2909090909090909,0.2909090909090909,rnadist_100,5s
5s_Triticum-aestivum-1,0.3888888888888889,0.20588235294117646,0.2692307692307692,0.2692307692307692,rnadist_100,5s
5s_Sporolactobacillus-inulinus-1,0.5333333333333333,0.25,0.4109589041095891,0.3404255319148936,rnadist_100,5s
5s_Lethenteron-japonicum-2,0.48,0.3333333333333333,0.39344262295081966,0.39344262295081966,rnadist_100,5s
5s_Fusarium-sporotrichioides-5,0.37037037037037035,0.2857142857142857,0.3225806451612903,0.3225806451612903,rnadist_100,5s
5s_Caulobacter-sp.-2,0.5,0.1875,0.2727272727272727,0.2727272727272727,rnadist_100,5s
5s_Frankia-sp.-1,0.47619047619047616,0.29411764705882354,0.3636363636363637,0.3636363636363637,rnadist_100,5s
5s_Bacteroides-fragilis-4,0.2631578947368421,0.21739130434782608,0.23809523809523808,0.23809523809523808,rnadist_100,5s
5s_Vitreoscilla-beggiatoides-1,0.625,0.45454545454545453,0.5263157894736842,0.5263157894736842,rnadist_100,5s
5s_Methanosarcina-mazei-2,0.55,0.3142857142857143,0.4,0.4,rnadist_100,5s
5s_Ureaplasma-urealyticum-3,0.36,0.3333333333333333,0.34615384615384615,0.34615384615384615,rnadist_100,5s
5s_Pasteurella-multocida-1,0.5714285714285714,0.23529411764705882,0.3333333333333333,0.3333333333333333,rnadist_100,5s
5s_Crossiella-cryophila-1,0.5,0.125,0.2,0.2,rnadist_100,5s
5s_Emericella-nidulans-5,0.625,0.2857142857142857,0.392156862745098,0.392156862745098,rnadist_100,5s
5s_Bacillus-subtilis-4,0.42857142857142855,0.2727272727272727,0.33333333333333326,0.33333333333333326,rnadist_100,5s
5s_Saccharomonospora-cyanea-1,0.5,0.11764705882352941,0.19047619047619047,0.19047619047619047,rnadist_100,5s
5s_Emplectonema-gracile-2,0.42857142857142855,0.3333333333333333,0.375,0.375,rnadist_100,5s
5s_Salmonella-typhimurium-3,0.38095238095238093,0.22857142857142856,0.2857142857142857,0.2857142857142857,rnadist_100,5s
5s_Xanthobacter-viscosus-1,0.631578947368421,0.36363636363636365,0.46153846153846156,0.46153846153846156,rnadist_100,5s
5s_Agrobacterium-tumefaciens-1,0.4782608695652174,0.3235294117647059,0.3859649122807018,0.3859649122807018,rnadist_100,5s
5s_Shewanella-putrefaciens-1,0.38095238095238093,0.2222222222222222,0.2807017543859649,0.2807017543859649,rnadist_100,5s
5s_Plesiomonas-shigelloides-1,0.34782608695652173,0.2222222222222222,0.2711864406779661,0.2711864406779661,rnadist_100,5s
5s_Vibrio-vulnificus-1,0.5555555555555556,0.2857142857142857,0.3773584905660377,0.3773584905660377,rnadist_100,5s
5s_Candida-zeylanoides-1,0.4375,0.2,0.27450980392156865,0.27450980392156865,rnadist_100,5s
5s_Haloarcula-marismortui-2,0.2,0.0967741935483871,0.13043478260869568,0.13043478260869568,rnadist_100,5s
5s_Mytilus-edulis-1,0.4,0.2222222222222222,0.2857142857142857,0.2857142857142857,rnadist_100,5s
5s_Lactobacillus-plantarum-3,0.17647058823529413,0.09375,0.12244897959183672,0.12244897959183672,rnadist_100,5s
5s_Magnolia-kobus-1,0.42105263157894735,0.23529411764705882,0.3018867924528302,0.3018867924528302,rnadist_100,5s
5s_Artemia-sp.-3,0.29411764705882354,0.14285714285714285,0.1923076923076923,0.1923076923076923,rnadist_100,5s
5s_Acidithiobacillus-ferrooxidans-2,0.2608695652173913,0.17647058823529413,0.2105263157894737,0.2105263157894737,rnadist_100,5s
5s_Vibrio-fischeri-2,0.4166666666666667,0.2857142857142857,0.3389830508474576,0.3389830508474576,rnadist_100,5s
5s_Corynebacterium-efficiens-1,0.4,0.18181818181818182,0.25000000000000006,0.25000000000000006,rnadist_100,5s
5s_Vibrio-alginolyticus-1,0.5,0.3055555555555556,0.37931034482758624,0.37931034482758624,rnadist_100,5s
5s_Vibrio-parahaemolyticus-4,0.5,0.22857142857142856,0.3137254901960784,0.3137254901960784,rnadist_100,5s
5s_Fusarium-pseudograminearum-2,0.4166666666666667,0.2857142857142857,0.3389830508474576,0.3389830508474576,rnadist_100,5s
5s_Mycoplasma-gallisepticum-3,0.11764705882352941,0.1,0.1081081081081081,0.1081081081081081,rnadist_100,5s
5s_Escherichia-coli-15,0.4444444444444444,0.2222222222222222,0.2962962962962963,0.2962962962962963,rnadist_100,5s
5s_Vibrio-aestuarianus-1,0.4782608695652174,0.3055555555555556,0.3728813559322034,0.3728813559322034,rnadist_100,5s
5s_Tetrahymena-pyriformis-1,0.3157894736842105,0.16666666666666666,0.2181818181818182,0.2181818181818182,rnadist_100,5s
5s_Chlamydophila-pneumoniae-3,0.5555555555555556,0.3225806451612903,0.40816326530612246,0.40816326530612246,rnadist_100,5s
5s_Methanocaldococcus-jannaschii-2,0.4444444444444444,0.23529411764705882,0.30769230769230765,0.30769230769230765,rnadist_100,5s
5s_Acremonium-persicinum-3,0.4375,0.19444444444444445,0.2692307692307693,0.2692307692307693,rnadist_100,5s
5s_Mus-musculus-1,0.5555555555555556,0.2777777777777778,0.3703703703703704,0.3703703703703704,rnadist_100,5s
5s_Brevibacterium-helvolum-1,0.7142857142857143,0.30303030303030304,0.42553191489361697,0.42553191489361697,rnadist_100,5s
5s_Gnetum-gnemon-1,0.2916666666666667,0.21212121212121213,0.2456140350877193,0.2456140350877193,rnadist_100,5s
5s_Aeromonas-salmonicida-1,0.4375,0.2,0.27450980392156865,0.27450980392156865,rnadist_100,5s
5s_Thiobacillus-sp.-1,0.4642857142857143,0.38235294117647056,0.41935483870967744,0.41935483870967744,rnadist_100,5s
5s_Xenopus-laevis-3,0.5833333333333334,0.2,0.2978723404255319,0.2978723404255319,rnadist_100,5s
5s_Rhodopirellula-baltica-1,0.4782608695652174,0.36666666666666664,0.41509433962264153,0.41509433962264153,rnadist_100,5s
5s_Salmonella-enterica-4,0.4444444444444444,0.22857142857142856,0.3018867924528302,0.3018867924528302,rnadist_100,5s
5s_Microstroma-juglandis-1,0.3684210526315789,0.2,0.25925925925925924,0.25925925925925924,rnadist_100,5s
5s_Hyphodontia-paradoxa-1,0.5555555555555556,0.14705882352941177,0.23255813953488372,0.23255813953488372,rnadist_100,5s
5s_Halobacterium-salinarum-1,0.3333333333333333,0.15625,0.2127659574468085,0.2127659574468085,rnadist_100,5s
5s_Fusarium-lunulosporum-4,0.3333333333333333,0.2,0.25,0.25,rnadist_100,5s
5s_Lactobacillus-plantarum-2,0.11764705882352941,0.0625,0.08163265306122448,0.08163265306122448,rnadist_100,5s
5s_Actinia-equina-1,0.4,0.2222222222222222,0.2857142857142857,0.2857142857142857,rnadist_100,5s
5s_Helicobasidium-purpureum-1,0.38095238095238093,0.2222222222222222,0.2807017543859649,0.2807017543859649,rnadist_100,5s
5s_Drosophila-teissieri-1,0.4583333333333333,0.3055555555555556,0.3666666666666667,0.3666666666666667,rnadist_100,5s
5s_Pseudomonas-fluorescens-4,0.42857142857142855,0.2571428571428571,0.3214285714285714,0.3214285714285714,rnadist_100,5s
5s_Dicyema-misakiense-1,0.2727272727272727,0.18181818181818182,0.21818181818181817,0.21818181818181817,rnadist_100,5s
5s_Pseudomonas-syringae-3,0.38095238095238093,0.23529411764705882,0.29090909090909084,0.29090909090909084,rnadist_100,5s
5s_Esch_coli5B,0.47368421052631576,0.25,0.32727272727272727,0.32727272727272727,rnadist_100,5s
5s_Fusarium-culmorum-1,0.4827586206896552,0.3888888888888889,0.46153846153846156,0.43076923076923074,rnadist_100,5s
5s_Farysia-thuemenii-1,0.4,0.22857142857142856,0.2909090909090909,0.2909090909090909,rnadist_100,5s
5s_Streptomyces-griseus-1,0.5,0.2727272727272727,0.3529411764705882,0.3529411764705882,rnadist_100,5s
5s_Fusarium-lunulosporum-7,0.3181818181818182,0.2,0.2456140350877193,0.2456140350877193,rnadist_100,5s
5s_Gelidium-amansii-1,0.2608695652173913,0.16666666666666666,0.20338983050847456,0.20338983050847456,rnadist_100,5s
5s_Listonella-anguillarum-1,0.6190476190476191,0.3611111111111111,0.45614035087719296,0.45614035087719296,rnadist_100,5s
5s_Rhodococcus-fascians-2,0.47058823529411764,0.24242424242424243,0.32,0.32,rnadist_100,5s
5s_Thermus-sp.-1,0.6111111111111112,0.3142857142857143,0.41509433962264153,0.41509433962264153,rnadist_100,5s
5s_Rhodopseudomonas-palustris-2,0.64,0.47058823529411764,0.5423728813559322,0.5423728813559322,rnadist_100,5s
5s_Salmonella-typhi-1,0.18181818181818182,0.0625,0.09302325581395349,0.09302325581395349,rnadist_100,5s
5s_Pichia-jadinii-1,0.4444444444444444,0.22857142857142856,0.3018867924528302,0.3018867924528302,rnadist_100,5s
5s_Fusarium-pseudograminearum-5,0.30434782608695654,0.2,0.24137931034482762,0.24137931034482762,rnadist_100,5s
5s_Streptomyces-coelicolor-6,0.35,0.20588235294117646,0.25925925925925924,0.25925925925925924,rnadist_100,5s
5s_Bacillus-thuringiensis-4,0.4666666666666667,0.21875,0.2978723404255319,0.2978723404255319,rnadist_100,5s
5s_Chlorella-sp.-1,0.2916666666666667,0.22580645161290322,0.2545454545454545,0.2545454545454545,rnadist_100,5s
5s_Oceanobacillus-iheyensis-2,0.4,0.1875,0.25531914893617025,0.25531914893617025,rnadist_100,5s
5s_Azospirillum-lipoferum-1,0.1875,0.0967741935483871,0.12765957446808507,0.12765957446808507,rnadist_100,5s
5s_Vibrio-nereis-1,0.3888888888888889,0.20588235294117646,0.2692307692307692,0.2692307692307692,rnadist_100,5s
5s_Fusarium-cerealis-6,0.37037037037037035,0.2857142857142857,0.3225806451612903,0.3225806451612903,rnadist_100,5s
5s_Erwinia-carotovora-2,0.4444444444444444,0.22857142857142856,0.3018867924528302,0.3018867924528302,rnadist_100,5s
5s_Thermus-thermophilus-3,0.4,0.17142857142857143,0.24000000000000002,0.24000000000000002,rnadist_100,5s
5s_Clostridium-tyrobutyricum-4,0.3333333333333333,0.09375,0.14634146341463417,0.14634146341463417,rnadist_100,5s
5s_Natrinema-sp.-1,0.0,0.0,0.0,0.0,rnadist_100,5s
5s_Halorubrum-distributum-6,0.44,0.3142857142857143,0.3666666666666667,0.3666666666666667,rnadist_100,5s
5s_Leifsonia-xyli-1,0.4,0.23529411764705882,0.29629629629629634,0.29629629629629634,rnadist_100,5s
5s_Candida-cylindracea-1,0.36363636363636365,0.22857142857142856,0.2807017543859649,0.2807017543859649,rnadist_100,5s
5s_Thermococcus-celer-1,0.0,0.0,0.0,0.0,rnadist_100,5s
5s_Mycoplasma-flocculare-1,0.5294117647058824,0.34615384615384615,0.41860465116279066,0.41860465116279066,rnadist_100,5s
5s_Sterkiella-nova-1,0.3157894736842105,0.17647058823529413,0.22641509433962262,0.22641509433962262,rnadist_100,5s
5s_Frankia-sp.-3,0.2,0.08823529411764706,0.12244897959183675,0.12244897959183675,rnadist_100,5s
5s_Xanthomonas-oryzae-1,0.4090909090909091,0.2647058823529412,0.3214285714285714,0.3214285714285714,rnadist_100,5s
5s_Pichia-membranifaciens-1,0.3157894736842105,0.17647058823529413,0.22641509433962262,0.22641509433962262,rnadist_100,5s
5s_Streptomyces-lividans-1,0.47058823529411764,0.22857142857142856,0.3076923076923077,0.3076923076923077,rnadist_100,5s
5s_Enchytraeus-albidus-1,0.38461538461538464,0.2777777777777778,0.3225806451612903,0.3225806451612903,rnadist_100,5s
5s_Prosthecomicrobium-enhydrum-1,0.5555555555555556,0.29411764705882354,0.3846153846153846,0.3846153846153846,rnadist_100,5s
5s_Herbidospora-cretacea-1,0.6428571428571429,0.2571428571428571,0.36734693877551017,0.36734693877551017,rnadist_100,5s
5s_Fusarium-pseudograminearum-3,0.15789473684210525,0.0967741935483871,0.17316017316017313,0.12000000000000001,rnadist_100,5s
5s_Streptomyces-sclerotialus-1,0.5,0.2571428571428571,0.33962264150943394,0.33962264150943394,rnadist_100,5s
5s_Bullera-alba-1,0.35714285714285715,0.14285714285714285,0.20408163265306123,0.20408163265306123,rnadist_100,5s
5s_Saccharomyces-cerevisiae-3,0.5294117647058824,0.2647058823529412,0.35294117647058826,0.35294117647058826,rnadist_100,5s
5s_Vibrio-gazogenes-1,0.34782608695652173,0.2222222222222222,0.2711864406779661,0.2711864406779661,rnadist_100,5s
5s_Penicillium-chrysogenum-1,0.75,0.4166666666666667,0.5357142857142857,0.5357142857142857,rnadist_100,5s
5s_Fusarium-asiaticum-2,0.42105263157894735,0.23529411764705882,0.3018867924528302,0.3018867924528302,rnadist_100,5s
5s_Escherichia-coli-6,0.6666666666666666,0.2777777777777778,0.39215686274509803,0.39215686274509803,rnadist_100,5s
5s_Bacillus-halodurans-6,0.4166666666666667,0.15151515151515152,0.2222222222222222,0.2222222222222222,rnadist_100,5s
5s_Emericella-nidulans-1,0.6470588235294118,0.3055555555555556,0.41509433962264153,0.41509433962264153,rnadist_100,5s
5s_Staphylococcus-haemolyticus-1,0.3157894736842105,0.1875,0.23529411764705882,0.23529411764705882,rnadist_100,5s
5s_Tuberoidobacter-mutans-1,0.16666666666666666,0.0967741935483871,0.12244897959183673,0.12244897959183673,rnadist_100,5s
5s_Cryptococcus-albidus-1,0.35294117647058826,0.17142857142857143,0.23076923076923078,0.23076923076923078,rnadist_100,5s
5s_Legionella-pneumophila-1,0.6470588235294118,0.3333333333333333,0.44,0.44,rnadist_100,5s
5s_Geobacillus-kaustophilus-6,0.6470588235294118,0.3333333333333333,0.44,0.44,rnadist_100,5s
5s_Chrysaora-quinquecirrha-1,0.42105263157894735,0.2222222222222222,0.2909090909090909,0.2909090909090909,rnadist_100,5s
5s_Comamonas-terrigena-1,0.42857142857142855,0.2727272727272727,0.33333333333333326,0.33333333333333326,rnadist_100,5s
5s_Photobacterium-profundum-1,0.3333333333333333,0.2571428571428571,0.2903225806451613,0.2903225806451613,rnadist_100,5s
5s_Vibrio-vulnificus-4,0.6470588235294118,0.3142857142857143,0.4230769230769231,0.4230769230769231,rnadist_100,5s
5s_Branchiostoma-belcheri-1,0.5263157894736842,0.2777777777777778,0.36363636363636365,0.36363636363636365,rnadist_100,5s
5s_Hyphomicrobium-sp.-1,0.42857142857142855,0.35294117647058826,0.3870967741935484,0.3870967741935484,rnadist_100,5s
5s_Acidiphilium-cryptum-1,0.5789473684210527,0.3235294117647059,0.4150943396226416,0.4150943396226416,rnadist_100,5s
5s_Rhodosporidium-toruloides-1,0.5333333333333333,0.2222222222222222,0.3137254901960784,0.3137254901960784,rnadist_100,5s
5s_Amoebidium-parasiticum-1,0.42105263157894735,0.21621621621621623,0.28571428571428575,0.28571428571428575,rnadist_100,5s
5s_Vibrio-cholerae-4,0.6,0.3333333333333333,0.42857142857142855,0.42857142857142855,rnadist_100,5s
5s_Ancylobacter-aquaticus-1,0.391304347826087,0.28125,0.3272727272727273,0.3272727272727273,rnadist_100,5s
5s_Ralstonia-solanacearum-1,0.3333333333333333,0.21875,0.2641509433962264,0.2641509433962264,rnadist_100,5s
5s_Escherichia-coli-10,0.15384615384615385,0.05714285714285714,0.08333333333333333,0.08333333333333333,rnadist_100,5s
5s_Geobacillus-kaustophilus-4,0.625,0.30303030303030304,0.40816326530612246,0.40816326530612246,rnadist_100,5s
5s_Halocynthia-roretzi-1,0.5294117647058824,0.2571428571428571,0.34615384615384615,0.34615384615384615,rnadist_100,5s
5s_Deinococcus-radiodurans-1,0.6153846153846154,0.24242424242424243,0.4215456674473068,0.34782608695652173,rnadist_100,5s
5s_Sphingomonas-ursincola-1,0.4666666666666667,0.2413793103448276,0.3181818181818182,0.3181818181818182,rnadist_100,5s
5s_Lycoperdon-pyriforme-1,0.21428571428571427,0.09090909090909091,0.1276595744680851,0.1276595744680851,rnadist_100,5s
5s_Ureaplasma-parvum-1,0.3333333333333333,0.24,0.27906976744186046,0.27906976744186046,rnadist_100,5s
5s_Mycobacterium-avium-1,0.47058823529411764,0.25,0.32653061224489793,0.32653061224489793,rnadist_100,5s
5s_Dictyostelium-discoideum-1,0.4375,0.2,0.27450980392156865,0.27450980392156865,rnadist_100,5s
5s_Deinococcus-radiodurans-3,0.6,0.2647058823529412,0.36734693877551017,0.36734693877551017,rnadist_100,5s
5s_Wolbachia-pipientis-1,0.21052631578947367,0.15384615384615385,0.17777777777777778,0.17777777777777778,rnadist_100,5s
5s_Mycobacterium-leprae-1,0.0,0.0,0.0,0.0,rnadist_100,5s
5s_Tenebrio-molitor-1,0.32142857142857145,0.25,0.28125000000000006,0.28125000000000006,rnadist_100,5s
5s_Rickettsia-moozeri-1,0.4230769230769231,0.34375,0.3793103448275862,0.3793103448275862,rnadist_100,5s
5s_Fusarium-cerealis-5,0.30434782608695654,0.2,0.24137931034482762,0.24137931034482762,rnadist_100,5s
5s_Streptococcus-pyogenes-3,0.3684210526315789,0.22580645161290322,0.28,0.28,rnadist_100,5s
5s_Bacillus-anthracis-7,0.5333333333333333,0.24242424242424243,0.3333333333333333,0.3333333333333333,rnadist_100,5s
5s_Azotobacter-vinelandii-1,0.6875,0.3055555555555556,0.42307692307692313,0.42307692307692313,rnadist_100,5s
5s_Pirellula-sp.-1,0.4444444444444444,0.26666666666666666,0.33333333333333337,0.33333333333333337,rnadist_100,5s
5s_Trichostrongylus-colubriformis-1,0.3684210526315789,0.2,0.25925925925925924,0.25925925925925924,rnadist_100,5s
5s_Bacillus-anthracis-4,0.5,0.24242424242424243,0.326530612244898,0.326530612244898,rnadist_100,5s
5s_Oryza-sativa-2,0.3333333333333333,0.24242424242424243,0.2807017543859649,0.2807017543859649,rnadist_100,5s
5s_Vibrio-vulnificus-5,0.631578947368421,0.3333333333333333,0.4363636363636364,0.4363636363636364,rnadist_100,5s
5s_Delftia-acidovorans-1,0.391304347826087,0.2727272727272727,0.32142857142857145,0.32142857142857145,rnadist_100,5s
5s_Brucella-melitensis-1,0.6,0.35294117647058826,0.4444444444444445,0.4444444444444445,rnadist_100,5s
5s_Nadsonia-fulvescens-1,0.4583333333333333,0.3055555555555556,0.3666666666666667,0.3666666666666667,rnadist_100,5s
5s_Capniomyces-stellatus-1,0.2631578947368421,0.13513513513513514,0.17857142857142858,0.17857142857142858,rnadist_100,5s
5s_Thermotoga-petrophila-1,0.5294117647058824,0.2727272727272727,0.44,0.36,rnadist_100,5s
5s_Streptomyces-rimosus-2,0.5625,0.2727272727272727,0.36734693877551017,0.36734693877551017,rnadist_100,5s
5s_Harpalus-rufipes-1,0.4166666666666667,0.2777777777777778,0.33333333333333337,0.33333333333333337,rnadist_100,5s
5s_Fusobacterium-nucleatum-5,0.38095238095238093,0.25806451612903225,0.30769230769230765,0.30769230769230765,rnadist_100,5s
5s_Methanococcus-vannielii-2,0.4166666666666667,0.30303030303030304,0.3508771929824562,0.3508771929824562,rnadist_100,5s
5s_Bacillus-anthracis-6,0.5294117647058824,0.2727272727272727,0.36,0.36,rnadist_100,5s
5s_Methylomicrobium-clara-1,0.35,0.21212121212121213,0.26415094339622636,0.26415094339622636,rnadist_100,5s
5s_Pleurodeles-waltl-3,0.6,0.3333333333333333,0.42857142857142855,0.42857142857142855,rnadist_100,5s
5s_Burkholderia-caryophylli-1,0.47058823529411764,0.25806451612903225,0.3333333333333333,0.3333333333333333,rnadist_100,5s
5s_Bacillus-licheniformis-5,0.5625,0.28125,0.375,0.375,rnadist_100,5s
5s_Schizosaccharomyces-pombe-4,0.14285714285714285,0.08333333333333333,0.10526315789473685,0.10526315789473685,rnadist_100,5s
5s_Streptococcus-pneumoniae-2,0.2727272727272727,0.2,0.23076923076923075,0.23076923076923075,rnadist_100,5s
5s_Amycolatopsis-lactamdurans-1,0.36363636363636365,0.11428571428571428,0.17391304347826086,0.17391304347826086,rnadist_100,5s
5s_Erythromicrobium-ramosum-1,0.3333333333333333,0.23076923076923078,0.27272727272727276,0.27272727272727276,rnadist_100,5s
5s_Scytosiphon-lomentaria-1,0.3888888888888889,0.19444444444444445,0.25925925925925924,0.25925925925925924,rnadist_100,5s
5s_Candidatus-Tremblaya-princeps-1,0.35294117647058826,0.21428571428571427,0.26666666666666666,0.26666666666666666,rnadist_100,5s
5s_Xenopus-borealis-4,0.5714285714285714,0.3333333333333333,0.4210526315789474,0.4210526315789474,rnadist_100,5s
5s_Idiomarina-loihiensis-2,0.5882352941176471,0.2857142857142857,0.3846153846153846,0.3846153846153846,rnadist_100,5s
5s_Corynebacterium-xerosis-2,0.0,0.0,0.0,0.0,rnadist_100,5s
5s_Halichondria-panicea-1,0.4782608695652174,0.3142857142857143,0.3793103448275862,0.3793103448275862,rnadist_100,5s
5s_Bombyx-mori-2,0.2,0.1111111111111111,0.14285714285714285,0.14285714285714285,rnadist_100,5s
5s_Aspergillus-unguis-1,0.6666666666666666,0.2777777777777778,0.39215686274509803,0.39215686274509803,rnadist_100,5s
5s_Artemia-salina-1,0.47058823529411764,0.22857142857142856,0.3076923076923077,0.3076923076923077,rnadist_100,5s
5s_Paenibacillus-popilliae-1,0.5625,0.2903225806451613,0.3829787234042554,0.3829787234042554,rnadist_100,5s
5s_Iguana-iguana-1,0.6875,0.3055555555555556,0.42307692307692313,0.42307692307692313,rnadist_100,5s
5s_Acanthamoeba-castellanii-1,0.3333333333333333,0.2222222222222222,0.26666666666666666,0.26666666666666666,rnadist_100,5s
5s_Vibrio-cholerae-2,0.4444444444444444,0.22857142857142856,0.3018867924528302,0.3018867924528302,rnadist_100,5s
5s_Streptococcus-pneumoniae-1,0.2916666666666667,0.2413793103448276,0.26415094339622647,0.26415094339622647,rnadist_100,5s
5s_Chlorella-pyrenoidosa-1,0.35294117647058826,0.23076923076923078,0.2790697674418605,0.2790697674418605,rnadist_100,5s
5s_Caulobacter-crescentus-2,0.16666666666666666,0.06451612903225806,0.09302325581395349,0.09302325581395349,rnadist_100,5s
5s_Eurypelma-californica-1,0.47368421052631576,0.2571428571428571,0.3333333333333333,0.3333333333333333,rnadist_100,5s
5s_Flexibacter-sp.-1,0.5294117647058824,0.28125,0.3673469387755102,0.3673469387755102,rnadist_100,5s
5s_Tremella-encephala-1,0.42857142857142855,0.17647058823529413,0.25,0.25,rnadist_100,5s
5s_Spirogyra-grevilleana-1,0.5294117647058824,0.2727272727272727,0.36,0.36,rnadist_100,5s
5s_Spirochaeta-aurantia-1,0.4666666666666667,0.23333333333333334,0.31111111111111117,0.31111111111111117,rnadist_100,5s
5s_Rhabdomonas-costata-1,0.3888888888888889,0.1891891891891892,0.2545454545454546,0.2545454545454546,rnadist_100,5s
5s_Genistelloides-hibernus-1,0.3181818181818182,0.19444444444444445,0.2413793103448276,0.2413793103448276,rnadist_100,5s
5s_F_florifoWE,0.45454545454545453,0.14705882352941177,0.22222222222222224,0.22222222222222224,rnadist_100,5s
5s_Tropheryma-whipplei-1,0.5454545454545454,0.34285714285714286,0.42105263157894735,0.42105263157894735,rnadist_100,5s
5s_Zea-mays-1,0.3888888888888889,0.20588235294117646,0.2692307692307692,0.2692307692307692,rnadist_100,5s
5s_Urocystis-primulicola-1,0.7777777777777778,0.2,0.3181818181818182,0.3181818181818182,rnadist_100,5s
5s_Chlamydomonas-sp.-1,0.3125,0.14285714285714285,0.196078431372549,0.196078431372549,rnadist_100,5s
5s_Vibrio-parahaemolyticus-2,0.5882352941176471,0.2857142857142857,0.3846153846153846,0.3846153846153846,rnadist_100,5s
5s_Lycopersicon-esculentum-1,0.3181818181818182,0.20588235294117646,0.2857142857142857,0.25,rnadist_100,5s
5s_Shewanella-hanedai-1,0.4230769230769231,0.3055555555555556,0.3548387096774194,0.3548387096774194,rnadist_100,5s
5s_Rhodobacter-capsulatus-2,0.625,0.30303030303030304,0.40816326530612246,0.40816326530612246,rnadist_100,5s
5s_Antheraea-pernyi-1,0.0,0.0,0.0,0.0,rnadist_100,5s
5s_Bartonella-quintana-2,0.2727272727272727,0.17647058823529413,0.21428571428571427,0.21428571428571427,rnadist_100,5s
5s_Palmaria-palmata-1,0.4782608695652174,0.3333333333333333,0.3928571428571428,0.3928571428571428,rnadist_100,5s
5s_Candida-albicans-1,0.5,0.22857142857142856,0.3137254901960784,0.3137254901960784,rnadist_100,5s
5s_Acidithiobacillus-thiooxidans-1,0.6086956521739131,0.4117647058823529,0.4912280701754386,0.4912280701754386,rnadist_100,5s
5s_Colwellia-psychrerythraea-2,0.4,0.29411764705882354,0.33898305084745767,0.33898305084745767,rnadist_100,5s
5s_Acetobacter-sp.-1,0.6666666666666666,0.29411764705882354,0.40816326530612246,0.40816326530612246,rnadist_100,5s
5s_Escherichia-coli-14,0.25,0.11428571428571428,0.1568627450980392,0.1568627450980392,rnadist_100,5s
5s_Planctomyces-brasiliensis-1,0.38095238095238093,0.27586206896551724,0.32,0.32,rnadist_100,5s
5s_Meloidogyne-arenaria-1,0.48148148148148145,0.37142857142857144,0.41935483870967744,0.41935483870967744,rnadist_100,5s
5s_Thermus-thermophilus-2,0.42857142857142855,0.25,0.3157894736842105,0.3157894736842105,rnadist_100,5s
5s_Linderina-macrospora-1,0.5,0.16216216216216217,0.2448979591836735,0.2448979591836735,rnadist_100,5s
5s_Paracoccus-denitrificans-1,0.42105263157894735,0.24242424242424243,0.3076923076923077,0.3076923076923077,rnadist_100,5s
5s_Coleochaete-scutata-1,0.23076923076923078,0.0967741935483871,0.18181818181818182,0.13636363636363635,rnadist_100,5s
5s_Puccinia-suaveolens-1,0.3181818181818182,0.1891891891891892,0.23728813559322035,0.23728813559322035,rnadist_100,5s
5s_Caulobacter-sp.-3,0.5,0.18181818181818182,0.26666666666666666,0.26666666666666666,rnadist_100,5s
5s_Arion-rufus-1,0.2916666666666667,0.19444444444444445,0.2333333333333333,0.2333333333333333,rnadist_100,5s
5s_Verrucomicrobium-spinosum-1,0.08333333333333333,0.03225806451612903,0.046511627906976744,0.046511627906976744,rnadist_100,5s
5s_Bacteroides-veroralis-1,0.0,0.0,0.0,0.0,rnadist_100,5s
5s_Hyphomicrobium-sp.-3,0.5625,0.2647058823529412,0.36000000000000004,0.36000000000000004,rnadist_100,5s
5s_Blakeslea-trispora-1,0.5384615384615384,0.1891891891891892,0.28,0.28,rnadist_100,5s
5s_Cyanidium-caldarium-1,0.11764705882352941,0.06060606060606061,0.08,0.08,rnadist_100,5s
5s_Bifidobacterium-longum-2,0.45454545454545453,0.30303030303030304,0.36363636363636365,0.36363636363636365,rnadist_100,5s
5s_Rhodobacter-sphaeroides-3,0.625,0.3225806451612903,0.425531914893617,0.425531914893617,rnadist_100,5s
5s_Fusobacterium-mortiferum-1,0.47619047619047616,0.3225806451612903,0.3846153846153846,0.3846153846153846,rnadist_100,5s
5s_Mycoplasma-sp.-2,0.3684210526315789,0.25925925925925924,0.30434782608695654,0.30434782608695654,rnadist_100,5s
5s_Asterina-pectinifera-1,0.32,0.2222222222222222,0.26229508196721313,0.26229508196721313,rnadist_100,5s
5s_Methylobacterium-extorquens-1,0.5882352941176471,0.2857142857142857,0.3846153846153846,0.3846153846153846,rnadist_100,5s
5s_Bacillus-amyloliquefaciens-1,0.125,0.0625,0.08333333333333333,0.08333333333333333,rnadist_100,5s
5s_Listeria-ivanovii-1,0.3076923076923077,0.12121212121212122,0.17391304347826086,0.17391304347826086,rnadist_100,5s
5s_Coxiella-burnetii-2,0.4,0.21428571428571427,0.27906976744186046,0.27906976744186046,rnadist_100,5s
5s_Idiomarina-loihiensis-1,0.6111111111111112,0.3142857142857143,0.41509433962264153,0.41509433962264153,rnadist_100,5s
5s_Symbiobacterium-thermophilum-4,0.36,0.3103448275862069,0.3866432337434095,0.3333333333333333,rnadist_100,5s
5s_Rhodococcus-erythropolis-2,0.55,0.3142857142857143,0.4,0.4,rnadist_100,5s
5s_Clostridium-acetobutylicum-3,0.21052631578947367,0.14285714285714285,0.1702127659574468,0.1702127659574468,rnadist_100,5s
5s_uncultured-euryarchaeote-37F11-1,0.15384615384615385,0.06666666666666667,0.09302325581395349,0.09302325581395349,rnadist_100,5s
5s_Meloidogyne-arenaria-2,0.16666666666666666,0.1111111111111111,0.13333333333333333,0.13333333333333333,rnadist_100,5s
5s_Cryptosporidium-parvum-1,0.16666666666666666,0.05555555555555555,0.125,0.08333333333333333,rnadist_100,5s
5s_Archaeoglobus-fulgidus-1,0.6086956521739131,0.4,0.48275862068965525,0.48275862068965525,rnadist_100,5s
5s_Cancer-pagurus-1,0.3333333333333333,0.17142857142857143,0.22641509433962265,0.22641509433962265,rnadist_100,5s
5s_Fusarium-cerealis-7,0.18181818181818182,0.11428571428571428,0.14035087719298245,0.14035087719298245,rnadist_100,5s
5s_Chlamydomonas-reinhardtii-2,0.0,0.0,0.0,0.0,rnadist_100,5s
5s_Halorubrum-distributum-4,0.6666666666666666,0.30303030303030304,0.41666666666666663,0.41666666666666663,rnadist_100,5s
5s_Staphylococcus-epidermidis-3,0.35294117647058826,0.1875,0.24489795918367344,0.24489795918367344,rnadist_100,5s
5s_Fusarium-culmorum-5,0.30434782608695654,0.2,0.24137931034482762,0.24137931034482762,rnadist_100,5s
5s_Vibrio-parahaemolyticus-5,0.6,0.3333333333333333,0.42857142857142855,0.42857142857142855,rnadist_100,5s
5s_Bacillus-methanolicus-9,0.6363636363636364,0.42424242424242425,0.5090909090909091,0.5090909090909091,rnadist_100,5s
5s_Mytilus-edulis-2,0.2608695652173913,0.16666666666666666,0.20338983050847456,0.20338983050847456,rnadist_100,5s
5s_Pichia-jadinii-2,0.5,0.2571428571428571,0.33962264150943394,0.33962264150943394,rnadist_100,5s
5s_Fusarium-culmorum-3,0.5,0.29411764705882354,0.37037037037037035,0.37037037037037035,rnadist_100,5s
5s_Diplonema-papillatum-1,0.4166666666666667,0.2857142857142857,0.3389830508474576,0.3389830508474576,rnadist_100,5s
5s_Cupriavidus-necator-1,0.45454545454545453,0.3125,0.3703703703703703,0.3703703703703703,rnadist_100,5s
5s_Fusarium-cerealis-4,0.3333333333333333,0.2,0.25,0.25,rnadist_100,5s
5s_Treponema-denticola-1,0.2857142857142857,0.2,0.23529411764705882,0.23529411764705882,rnadist_100,5s
5s_Tinca-tinca-1,0.47368421052631576,0.25,0.32727272727272727,0.32727272727272727,rnadist_100,5s
5s_Caulobacter-sp.-6,0.2857142857142857,0.125,0.17391304347826086,0.17391304347826086,rnadist_100,5s
5s_Fusarium-lunulosporum-5,0.30434782608695654,0.2,0.24137931034482762,0.24137931034482762,rnadist_100,5s
5s_Psilotum-nudum-1,0.25,0.09090909090909091,0.17777777777777776,0.13333333333333333,rnadist_100,5s
5s_Methanococcus-vannielii-1,0.3333333333333333,0.24242424242424243,0.3157894736842105,0.2807017543859649,rnadist_100,5s
5s_Pseudomonas-syringae-4,0.42105263157894735,0.23529411764705882,0.3018867924528302,0.3018867924528302,rnadist_100,5s
5s_Rhodobacter-capsulatus-1,0.4666666666666667,0.21875,0.2978723404255319,0.2978723404255319,rnadist_100,5s
5s_Methylococcus-capsulatus-3,0.5714285714285714,0.24242424242424243,0.3404255319148936,0.3404255319148936,rnadist_100,5s
5s_Spiroplasma-melliferum-1,0.25,0.1111111111111111,0.15384615384615383,0.15384615384615383,rnadist_100,5s
5s_Neurospora-intermedia-2,0.391304347826087,0.2571428571428571,0.3103448275862069,0.3103448275862069,rnadist_100,5s
5s_Lytechinus-variegatus-1,0.5217391304347826,0.3333333333333333,0.4067796610169491,0.4067796610169491,rnadist_100,5s
5s_Saccharopolyspora-gregorii-1,0.4444444444444444,0.2222222222222222,0.2962962962962963,0.2962962962962963,rnadist_100,5s
5s_Thiothrix-nivea-1,0.42105263157894735,0.2222222222222222,0.2909090909090909,0.2909090909090909,rnadist_100,5s
5s_Marchantia-polymorpha-1,0.42857142857142855,0.17647058823529413,0.25,0.25,rnadist_100,5s
5s_Ginkgo-biloba-1,0.2857142857142857,0.17647058823529413,0.21818181818181817,0.21818181818181817,rnadist_100,5s
5s_Finegoldia-magna-2,0.5652173913043478,0.41935483870967744,0.4814814814814815,0.4814814814814815,rnadist_100,5s
5s_Platymonas-subcordiformis-1,0.2857142857142857,0.12903225806451613,0.17777777777777778,0.17777777777777778,rnadist_100,5s
5s_Candida-antarctica-1,0.6666666666666666,0.17142857142857143,0.3181818181818182,0.27272727272727276,rnadist_100,5s
5s_Proasellus-coxalis-1,0.25,0.14285714285714285,0.18181818181818182,0.18181818181818182,rnadist_100,5s
5s_Bacillus-halodurans-5,0.3333333333333333,0.125,0.18181818181818182,0.18181818181818182,rnadist_100,5s
5s_Hyphomicrobium-sp.-7,0.5,0.29411764705882354,0.37037037037037035,0.37037037037037035,rnadist_100,5s
5s_Methanococcus-maripaludis-1,0.36363636363636365,0.26666666666666666,0.30769230769230765,0.30769230769230765,rnadist_100,5s
5s_Gossypium-hirsutum-1,0.38095238095238093,0.25,0.3018867924528302,0.3018867924528302,rnadist_100,5s
5s_Acinetospora-crinita-1,0.3888888888888889,0.19444444444444445,0.25925925925925924,0.25925925925925924,rnadist_100,5s
5s_Cryptococcus-neoformans-1,0.35294117647058826,0.17647058823529413,0.23529411764705885,0.23529411764705885,rnadist_100,5s
5s_Ustilentyloma-fluitans-1,0.625,0.2777777777777778,0.42307692307692313,0.3846153846153846,rnadist_100,5s
5s_Blastocladiella-simplex-1,0.47619047619047616,0.2702702702702703,0.3448275862068966,0.3448275862068966,rnadist_100,5s
5s_Chlorobium-tepidum-1,0.3076923076923077,0.14814814814814814,0.25,0.2,rnadist_100,5s
5s_Streptococcus-pyogenes-1,0.3684210526315789,0.22580645161290322,0.28,0.28,rnadist_100,5s
5s_Rhodococcus-erythropolis-1,0.5263157894736842,0.2857142857142857,0.37037037037037035,0.37037037037037035,rnadist_100,5s
5s_Lactococcus-lactis-1,0.34615384615384615,0.2903225806451613,0.3157894736842105,0.3157894736842105,rnadist_100,5s
5s_Kluyveromyces-delphensis-1,0.5555555555555556,0.2857142857142857,0.3773584905660377,0.3773584905660377,rnadist_100,5s
5s_Atractiella-solani-1,0.46153846153846156,0.16216216216216217,0.24,0.24,rnadist_100,5s
5s_Saccharomyces-cerevisiae-5,0.38095238095238093,0.22857142857142856,0.2857142857142857,0.2857142857142857,rnadist_100,5s
5s_Vibrio-sp.-1,0.47619047619047616,0.2857142857142857,0.3571428571428571,0.3571428571428571,rnadist_100,5s
5s_Neurospora-intermedia-3,0.5652173913043478,0.37142857142857144,0.4482758620689655,0.4482758620689655,rnadist_100,5s
5s_Gallus-gallus-2,0.47058823529411764,0.22857142857142856,0.3076923076923077,0.3076923076923077,rnadist_100,5s
5s_Natronomonas-pharaonis-2,0.6153846153846154,0.23529411764705882,0.3404255319148936,0.3404255319148936,rnadist_100,5s
5s_Candidatus-Tremblaya-princeps-5,0.375,0.20689655172413793,0.26666666666666666,0.26666666666666666,rnadist_100,5s
5s_Aquifex-aeolicus-1,0.47058823529411764,0.2222222222222222,0.3018867924528302,0.3018867924528302,rnadist_100,5s
5s_S_kowalev2E,0.5263157894736842,0.2777777777777778,0.36363636363636365,0.36363636363636365,rnadist_100,5s
5s_Rickettsia-conorii-1,0.4074074074074074,0.3333333333333333,0.36666666666666664,0.36666666666666664,rnadist_100,5s
5s_Cryptosporidium-parvum-2,0.16666666666666666,0.05555555555555555,0.125,0.08333333333333333,rnadist_100,5s
5s_Diatoma-tenue-1,0.47368421052631576,0.2571428571428571,0.3333333333333333,0.3333333333333333,rnadist_100,5s
5s_Geodermatophilus-obscurus-1,0.4782608695652174,0.3333333333333333,0.3928571428571428,0.3928571428571428,rnadist_100,5s
5s_Mycobacterium-phlei-2,0.5384615384615384,0.21212121212121213,0.30434782608695654,0.30434782608695654,rnadist_100,5s
5s_Escherichia-coli-5,0.47368421052631576,0.25,0.32727272727272727,0.32727272727272727,rnadist_100,5s
5s_Listeria-monocytogenes-3,0.35714285714285715,0.16129032258064516,0.2222222222222222,0.2222222222222222,rnadist_100,5s
5s_Enterococcus-faecalis-2,0.391304347826087,0.2647058823529412,0.3157894736842105,0.3157894736842105,rnadist_100,5s
5s_Bursaphelenchus-xylophilus-1,0.3888888888888889,0.21875,0.28,0.28,rnadist_100,5s
5s_Thermotoga-sp.-3,0.34782608695652173,0.24242424242424243,0.5,0.28571428571428575,rnadist_100,5s
5s_Haloferax-volcanii-1,0.3157894736842105,0.1935483870967742,0.24000000000000002,0.24000000000000002,rnadist_100,5s
5s_Shewanella-oneidensis-2,0.3888888888888889,0.19444444444444445,0.25925925925925924,0.25925925925925924,rnadist_100,5s
5s_Neurospora-crassa-12,0.2,0.09090909090909091,0.12500000000000003,0.12500000000000003,rnadist_100,5s
5s_Bordetella-parapertussis-1,0.5263157894736842,0.30303030303030304,0.38461538461538464,0.38461538461538464,rnadist_100,5s
5s_Vibrio-ordalii-1,0.5333333333333333,0.2222222222222222,0.3137254901960784,0.3137254901960784,rnadist_100,5s
5s_Ehrlichia-ruminantium-1,0.11764705882352941,0.06060606060606061,0.1437125748502994,0.08,rnadist_100,5s
5s_Ustilago-maydis-1,0.4666666666666667,0.2,0.27999999999999997,0.27999999999999997,rnadist_100,5s
5s_Borrelia-burgdorferi-1,0.6842105263157895,0.41935483870967744,0.5200000000000001,0.5200000000000001,rnadist_100,5s
5s_Streptococcus-agalactiae-1,0.28,0.23333333333333334,0.2545454545454545,0.2545454545454545,rnadist_100,5s
5s_Batrachospermum-ectocarpum-1,0.4666666666666667,0.20588235294117646,0.28571428571428564,0.28571428571428564,rnadist_100,5s
5s_Microtetraspora-glauca-1,0.16666666666666666,0.030303030303030304,0.05128205128205128,0.05128205128205128,rnadist_100,5s
5s_Streptomyces-ambofaciens-1,0.5294117647058824,0.2647058823529412,0.35294117647058826,0.35294117647058826,rnadist_100,5s
5s_Halorubrum-terrestre-1,0.6190476190476191,0.38235294117647056,0.4727272727272727,0.4727272727272727,rnadist_100,5s
5s_Bordetella-pertussis-1,0.5263157894736842,0.30303030303030304,0.38461538461538464,0.38461538461538464,rnadist_100,5s
5s_Phaseolus-vulgaris-2,0.13333333333333333,0.058823529411764705,0.0816326530612245,0.0816326530612245,rnadist_100,5s
5s_Vibrio-cholerae-1,0.44,0.3142857142857143,0.3666666666666667,0.3666666666666667,rnadist_100,5s
5s_Asellus-aquaticus-1,0.2608695652173913,0.17142857142857143,0.20689655172413796,0.20689655172413796,rnadist_100,5s
5s_Ralstonia-pickettii-1,0.35,0.21875,0.2692307692307692,0.2692307692307692,rnadist_100,5s
5s_Puccinia-poarum-1,0.2,0.058823529411764705,0.0909090909090909,0.0909090909090909,rnadist_100,5s
5s_Planobispora-longispora-1,0.14285714285714285,0.05714285714285714,0.08163265306122448,0.08163265306122448,rnadist_100,5s
5s_Haemophilus-aegyptius-1,0.6875,0.3235294117647059,0.44000000000000006,0.44000000000000006,rnadist_100,5s
5s_Methanolobus-tindarius-2,0.391304347826087,0.25,0.3050847457627119,0.3050847457627119,rnadist_100,5s
5s_Schizosaccharomyces-pombe-1,0.16666666666666666,0.1111111111111111,0.13333333333333333,0.13333333333333333,rnadist_100,5s
5s_Herpetosiphon-aurantiacus-1,0.45,0.2727272727272727,0.339622641509434,0.339622641509434,rnadist_100,5s
5s_Pyrococcus-woesei-1,0.1111111111111111,0.027777777777777776,0.04444444444444444,0.04444444444444444,rnadist_100,5s
5s_Blepharisma-japonicum-1,0.4583333333333333,0.3142857142857143,0.3728813559322034,0.3728813559322034,rnadist_100,5s
5s_Lactobacillus-johnsonii-1,0.1111111111111111,0.06896551724137931,0.0851063829787234,0.0851063829787234,rnadist_100,5s
5s_Brassica-napus-1,0.42105263157894735,0.23529411764705882,0.3018867924528302,0.3018867924528302,rnadist_100,5s
5s_Zygoascus-hellenicus-1,0.46153846153846156,0.34285714285714286,0.3934426229508197,0.3934426229508197,rnadist_100,5s
5s_Ephedra-kokanica-1,0.2727272727272727,0.17647058823529413,0.21428571428571427,0.21428571428571427,rnadist_100,5s
5s_Thermomicrobium-roseum-1,0.0,0.0,0.0,0.0,rnadist_100,5s
5s_Bacillus-licheniformis-2,0.47368421052631576,0.2727272727272727,0.34615384615384615,0.34615384615384615,rnadist_100,5s
5s_Lethenteron-japonicum-1,0.5454545454545454,0.3333333333333333,0.41379310344827586,0.41379310344827586,rnadist_100,5s
5s_Haloferax-mediterranei-1,0.16666666666666666,0.0967741935483871,0.12244897959183673,0.12244897959183673,rnadist_100,5s
5s_Brucella-suis-1,0.6666666666666666,0.35294117647058826,0.46153846153846156,0.46153846153846156,rnadist_100,5s
5s_Photobacterium-damselae-2,0.5238095238095238,0.3055555555555556,0.3859649122807018,0.3859649122807018,rnadist_100,5s
5s_Fusarium-sporotrichioides-4,0.30434782608695654,0.2,0.24137931034482762,0.24137931034482762,rnadist_100,5s
5s_Pseudonocardia-halophobica-1,0.75,0.34285714285714286,0.47058823529411753,0.47058823529411753,rnadist_100,5s
5s_Fusarium-cerealis-2,0.36363636363636365,0.22857142857142856,0.2807017543859649,0.2807017543859649,rnadist_100,5s
5s_Agrobacterium-tumefaciens-7,0.5,0.35294117647058826,0.41379310344827586,0.41379310344827586,rnadist_100,5s
5s_Wigglesworthia-glossinidia-1,0.5,0.3142857142857143,0.38596491228070173,0.38596491228070173,rnadist_100,5s
5s_Schizosaccharomyces-pombe-3,0.14814814814814814,0.11428571428571428,0.12903225806451613,0.12903225806451613,rnadist_100,5s
5s_Saccharomyces-cerevisiae-6,0.5789473684210527,0.3142857142857143,0.40740740740740744,0.40740740740740744,rnadist_100,5s
5s_Corynebacterium-variabile-1,0.16666666666666666,0.05714285714285714,0.0851063829787234,0.0851063829787234,rnadist_100,5s
5s_Bacillus-cereus-6,0.4166666666666667,0.16129032258064516,0.2325581395348837,0.2325581395348837,rnadist_100,5s
5s_Helicobacter-pylori-2,0.23529411764705882,0.11428571428571428,0.15384615384615385,0.15384615384615385,rnadist_100,5s
5s_Saccharomyces-pastorianus-1,0.5789473684210527,0.3142857142857143,0.40740740740740744,0.40740740740740744,rnadist_100,5s
5s_Lycopodium-clavatum-1,0.2,0.08823529411764706,0.12244897959183675,0.12244897959183675,rnadist_100,5s
5s_Candida-parapsilosis-1,0.4666666666666667,0.2,0.27999999999999997,0.27999999999999997,rnadist_100,5s
5s_Halorubrum-distributum-1,0.3548387096774194,0.3142857142857143,0.3333333333333333,0.3333333333333333,rnadist_100,5s
5s_Salmonella-enterica-7,0.45,0.25,0.32142857142857145,0.32142857142857145,rnadist_100,5s
5s_Fusarium-asiaticum-3,0.3333333333333333,0.2,0.25,0.25,rnadist_100,5s
5s_Methylobacterium-organophilum-1,0.0,0.0,0.0,0.0,rnadist_100,5s
5s_Acanthamoeba-castellanii-2,0.3333333333333333,0.2222222222222222,0.26666666666666666,0.26666666666666666,rnadist_100,5s
5s_Kibdelosporangium-aridum-1,0.5,0.2222222222222222,0.30769230769230765,0.30769230769230765,rnadist_100,5s
5s_Urechis-unicinctus-1,0.5,0.3888888888888889,0.43750000000000006,0.43750000000000006,rnadist_100,5s
5s_Proteus-vulgaris-1,0.36,0.25,0.29508196721311475,0.29508196721311475,rnadist_100,5s
5s_Sulfolobus-tokodaii-1,0.17857142857142858,0.15151515151515152,0.4210526315789474,0.16393442622950818,rnadist_100,5s
5s_Thiothrix-sp.-1,0.47368421052631576,0.25,0.32727272727272727,0.32727272727272727,rnadist_100,5s
5s_Porphyromonas-gingivalis-1,0.25,0.17857142857142858,0.20833333333333331,0.20833333333333331,rnadist_100,5s
5s_Drosophila-erecta-1,0.4583333333333333,0.3055555555555556,0.3666666666666667,0.3666666666666667,rnadist_100,5s
5s_Spirocodon-saltatrix-1,0.4166666666666667,0.2777777777777778,0.33333333333333337,0.33333333333333337,rnadist_100,5s
5s_Shewanella-oneidensis-1,0.47368421052631576,0.25,0.32727272727272727,0.32727272727272727,rnadist_100,5s
5s_Haloferax-mediterranei-2,0.25,0.15625,0.19230769230769232,0.19230769230769232,rnadist_100,5s
5s_Staphylococcus-epidermidis-2,0.35,0.22580645161290322,0.2745098039215686,0.2745098039215686,rnadist_100,5s
5s_Prosthecochloris-aestuarii-1,0.46153846153846156,0.20689655172413793,0.28571428571428575,0.28571428571428575,rnadist_100,5s
5s_Xenopus-tropicalis-2,0.5625,0.2647058823529412,0.36000000000000004,0.36000000000000004,rnadist_100,5s
5s_Drosophila-takahashii-1,0.44,0.3055555555555556,0.36065573770491804,0.36065573770491804,rnadist_100,5s
5s_Oenococcus-oeni-1,0.0,0.0,0.0,0.0,rnadist_100,5s
5s_Pleurodeles-waltl-1,0.5,0.22857142857142856,0.3137254901960784,0.3137254901960784,rnadist_100,5s
5s_Distigma-proteus-1,0.5217391304347826,0.3333333333333333,0.44067796610169496,0.4067796610169491,rnadist_100,5s
5s_Aplysia-kurodai-1,0.17647058823529413,0.08571428571428572,0.11538461538461539,0.11538461538461539,rnadist_100,5s
5s_Prauserella-rugosa-1,0.42857142857142855,0.17142857142857143,0.24489795918367346,0.24489795918367346,rnadist_100,5s
5s_Streptomyces-sp.-2,0.5454545454545454,0.34285714285714286,0.42105263157894735,0.42105263157894735,rnadist_100,5s
5s_Clostridium-acetobutylicum-2,0.35,0.21212121212121213,0.26415094339622636,0.26415094339622636,rnadist_100,5s
5s_Vibrio-vulnificus-3,0.4444444444444444,0.22857142857142856,0.3018867924528302,0.3018867924528302,rnadist_100,5s
5s_Ureaplasma-parvum-2,0.3333333333333333,0.24,0.27906976744186046,0.27906976744186046,rnadist_100,5s
5s_Sporidiobolus-salmonicolor-1,0.5,0.2222222222222222,0.30769230769230765,0.30769230769230765,rnadist_100,5s
5s_Emericella-nidulans-8,0.7333333333333333,0.3055555555555556,0.43137254901960786,0.43137254901960786,rnadist_100,5s
5s_Streptococcus-pyogenes-4,0.3684210526315789,0.22580645161290322,0.28,0.28,rnadist_100,5s
5s_Anaplasma-marginale-1,0.5625,0.28125,0.375,0.375,rnadist_100,5s
5s_Fusarium-cerealis-3,0.42105263157894735,0.23529411764705882,0.3018867924528302,0.3018867924528302,rnadist_100,5s
5s_Mycobacterium-flavescens-1,0.5,0.12121212121212122,0.1951219512195122,0.1951219512195122,rnadist_100,5s
5s_Halobacterium-sp.-2,0.23809523809523808,0.16666666666666666,0.19607843137254902,0.19607843137254902,rnadist_100,5s
5s_Thiomonas-cuprina-1,0.5882352941176471,0.30303030303030304,0.39999999999999997,0.39999999999999997,rnadist_100,5s
5s_Colwellia-psychrerythraea-1,0.3333333333333333,0.23529411764705882,0.27586206896551724,0.27586206896551724,rnadist_100,5s
5s_Roseococcus-thiosulfatophilus-2,0.09090909090909091,0.034482758620689655,0.05,0.05,rnadist_100,5s
5s_Phaseolus-vulgaris-1,0.2608695652173913,0.17647058823529413,0.2456140350877193,0.2105263157894737,rnadist_100,5s
5s_Lactobacillus-delbrueckii-2,0.3125,0.16129032258064516,0.2127659574468085,0.2127659574468085,rnadist_100,5s
5s_Hyphomicrobium-sp.-5,0.44,0.3235294117647059,0.3728813559322034,0.3728813559322034,rnadist_100,5s
5s_Bombyx-mori-1,0.375,0.25,0.3,0.3,rnadist_100,5s
5s_Bacillus-cereus-11,0.5333333333333333,0.24242424242424243,0.3333333333333333,0.3333333333333333,rnadist_100,5s
