seq_name:srp_Hype.buty._CP000493
seq_len:274
current processing 1/1740
seq_name:RNaseP_S.octosporus
seq_len:281
seq_name:tRNA_tdbR00000383-Haloferax_volcanii-2246-Ser-GGA
seq_len:84
seq_name:srp_Picr.torr._AE017261
seq_len:309
seq_name:tRNA_tdbR00000370-Saccharomyces_cerevisiae-4932-Arg-1CU
seq_len:75
seq_name:tRNA_tdbR00000361-Saccharomyces_cerevisiae-4932-Arg-ACG
seq_len:74
seq_name:tmRNA_Carb.hydr._CP000141_1-359
seq_len:359
seq_name:5s_Mycoplasma-sp.-1
seq_len:109
seq_name:5s_Bacillus-halodurans-6
seq_len:115
seq_name:tRNA_tdbR00000198-Oryctolagus_cuniculus-9986-Lys-CUU
seq_len:76
seq_name:srp_Haem.infl._CP000671
seq_len:87
seq_name:tRNA_tdbR00000219-Bacillus_subtilis-1423-Leu-CAG
seq_len:87
seq_name:tmRNA_Fran.spec._CP000249_1-374
seq_len:374
seq_name:5s_Gluconacetobacter-xylinus-1
seq_len:120
seq_name:RNaseP_LGA1
seq_len:339
seq_name:srp_Pris.paci._GSP-54126
seq_len:299
seq_name:tRNA_tdbR00000607-Lupinus_luteus-3873-Leu-IAG
seq_len:85
seq_name:srp_Legi.pneu._CR628337
seq_len:118
seq_name:RNaseP_S.typhi
seq_len:374
seq_name:tRNA_tdbR00000045-Escherichia_coli-562-Glu-SUC
seq_len:76
seq_name:tRNA_tdbR00000158-Escherichia_coli-562-Ile-GAU
seq_len:77
seq_name:RNaseP_SM-A05
seq_len:302
seq_name:tmRNA_Salm.bong._TRW-218493_1-363
seq_len:363
seq_name:5s_Andrias-davidianus-1
seq_len:121
seq_name:RNaseP_E.faecalis
seq_len:331
seq_name:5s_Fusarium-culmorum-2
seq_len:119
seq_name:tRNA_tdbR00000190-Bos_taurus-9913-Lys-NUU
seq_len:70
seq_name:5s_Vibrio-cholerae-4
seq_len:119
seq_name:tRNA_tdbR00000356-Escherichia_coli-562-Arg-ICG
seq_len:77
seq_name:tRNA_tdbR00000234-Spinacia_oleracea-3562-Leu-UA7
seq_len:83
seq_name:srp_Enta.hist._AF487684
seq_len:210
seq_name:tmRNA_Myco.Bxz1._AY129337_1-437
seq_len:437
seq_name:tRNA_tdbR00000354-Bacillus_subtilis-1423-Arg-ICG
seq_len:76
seq_name:srp_Plas.reic._GSP-5854
seq_len:312
seq_name:tRNA_tdbR00000398-Ascaris_suum-6253-Ser-UCU
seq_len:54
seq_name:5s_Euplotes-eurystomus-1
seq_len:120
seq_name:tmRNA_Cory.effi._BA000035_1-376
seq_len:376
seq_name:tRNA_tdbR00000618-Candida_albicans-5476-Leu-CAG
seq_len:85
seq_name:RNaseP_SLC
seq_len:243
seq_name:5s_Prauserella-rugosa-1
seq_len:120
seq_name:RNaseP_C.muridarum-g
seq_len:395
seq_name:tRNA_tdbR00000485-Nicotiana_tabacum-4097-Trp-BCA
seq_len:77
seq_name:srp_Acti.succ._CP000746
seq_len:104
seq_name:tmRNA_Neis.meni._TRW-122587_1-363
seq_len:363
seq_name:tmRNA_List.mono._TRW-169963_1-370
seq_len:370
seq_name:tmRNA_Sten.malt._TRW-40324_1-354
seq_len:354
seq_name:5s_Hyphomicrobium-sp.-6
seq_len:119
seq_name:tmRNA_Acid.ferr._TRW-920_1-341
seq_len:341
seq_name:tRNA_tdbR00000419-Nicotiana_rustica-4093-Ser-IGA
seq_len:85
seq_name:tRNA_tdbR00000418-Nicotiana_rustica-4093-Ser-IGA
seq_len:85
seq_name:tRNA_tdbR00000072-Phaseolus_vulgaris-3885-Phe-GAA
seq_len:76
seq_name:tRNA_tdbR00000034-Mesocricetus_auratus-10036-Asp-GUC
seq_len:71
seq_name:tmRNA_Rubr.xyla._CP000386_1-360
seq_len:360
seq_name:tmRNA_Trem.prin._AF481102_1-264
seq_len:264
seq_name:tmRNA_Buch.aphi._AE016826_1-367
seq_len:367
seq_name:telomerase_AF221935.112-602
seq_len:491
seq_name:5s_Staphylococcus-haemolyticus-2
seq_len:115
seq_name:RNaseP_ERH
seq_len:301
seq_name:RNaseP_T.thioparus
seq_len:238
seq_name:telomerase_AF221919.107-614
seq_len:508
seq_name:tmRNA_Rubr.xyla._TRW-266117_1-360
seq_len:360
seq_name:srp_Esch.coli._AE016756
seq_len:98
seq_name:5s_Esch_coli5B
seq_len:120
seq_name:srp_Chla.trac._AE001298
seq_len:102
seq_name:tmRNA_Shew.spec._TRW-323850_1-356
seq_len:356
seq_name:tmRNA_Guil.thet._TRW-55529_1-330
seq_len:330
seq_name:srp_Myco.spec._CP000580
seq_len:104
seq_name:tmRNA_Clos.perf._TRW-195102_1-361
seq_len:361
seq_name:RNaseP_R.norvegicus
seq_len:257
seq_name:RNaseP_LGW17
seq_len:411
seq_name:RNaseP_LGW116
seq_len:340
seq_name:srp_Porp.yezo._AP006715
seq_len:108
seq_name:tRNA_tdbR00000170-Saccharomyces_cerevisiae-4932-Ile-IAU
seq_len:77
seq_name:tRNA_tdbR00000498-Gallus_gallus-9031-Trp-BCA
seq_len:75
seq_name:5s_Mycoplasma-mobile-1
seq_len:106
seq_name:srp_Call.jacc._GSP-9483
seq_len:302
seq_name:srp_Pseu.syri._CP000058
seq_len:90
seq_name:grp1_a.I1.m.S.pombe.B1.OX1
seq_len:343
seq_name:srp_Baci.thur._D11412
seq_len:271
seq_name:RNaseP_ESH26-4
seq_len:281
seq_name:srp_Meth.ther._AE000666
seq_len:310
seq_name:RNaseP_ESH183D
seq_len:281
seq_name:tmRNA_Desu.vulg._AE017285_1-352
seq_len:352
seq_name:5s_Saccharothrix-mutabilis-1
seq_len:120
seq_name:tmRNA_Pseu.aeru._AE004091_1-353
seq_len:353
seq_name:RNaseP_K.thermotolerans
seq_len:219
seq_name:tRNA_tdbR00000428-Homo_sapiens-9606-Ser-UGA
seq_len:85
seq_name:tmRNA_Shig.sonn._CP000038_1-363
seq_len:363
seq_name:5s_Haloarcula-marismortui-2
seq_len:122
seq_name:5s_Spinacia-oleracea-1
seq_len:120
seq_name:5s_Xenopus-laevis-3
seq_len:120
seq_name:tmRNA_Bact.mari._TRW-97084_1-385
seq_len:385
seq_name:5s_Meloidogyne-arenaria-1
seq_len:118
seq_name:5s_Acanthamoeba-castellanii-1
seq_len:119
seq_name:5s_Chlorobium-limicola-1
seq_len:111
seq_name:5s_Neurospora-crassa-12
seq_len:120
seq_name:tRNA_tdbR00000059-Rattus_norvegicus-10116-Glu-3UC
seq_len:75
seq_name:RNaseP_ESH30-3
seq_len:318
seq_name:srp_Burk.ceno._CP000458
seq_len:96
seq_name:RNaseP_PS4
seq_len:297
seq_name:5s_Proasellus-coxalis-1
seq_len:120
current processing 101/1740
seq_name:tmRNA_Syne.spec._TRW-32049_1-396
seq_len:396
seq_name:RNaseP_S.caesia-SB22
seq_len:339
seq_name:tRNA_tdbR00000074-Tetrahymena_pyriformis-5908-Phe-GAA
seq_len:76
seq_name:tRNA_tdbR00000103-Homo_sapiens-9606-Phe-AA
seq_len:76
seq_name:srp_Clos.ther._CP000568
seq_len:175
seq_name:telomerase_AF221940.103-499
seq_len:397
seq_name:srp_Aspe.flav._GSP-332952
seq_len:283
seq_name:srp_Hypo.jeco._GSP-334564-2
seq_len:298
seq_name:tRNA_tdbR00000506-Streptomyces_griseus-1911-Ini-CAU
seq_len:77
seq_name:5s_Erysipelothrix-rhusiopathiae-3
seq_len:114
seq_name:srp_Heli.pylo._AE000511
seq_len:103
seq_name:tRNA_tdbR00000135-Homo_sapiens-9606-Gly-CCC
seq_len:74
seq_name:srp_Salm.typh._AE008717
seq_len:116
seq_name:tmRNA_envi.sequ._TRW-32045-3_1-350
seq_len:350
seq_name:16s_P.staleyi_domain4
seq_len:147
seq_name:srp_Chlo.tepi._AE006470
seq_len:106
seq_name:RNaseP_B.bufo
seq_len:397
seq_name:tmRNA_Bord.bron._TRW-257310_1-387
seq_len:387
seq_name:RNaseP_P.alcalifaciens
seq_len:301
seq_name:srp_Ther.cele._X17240
seq_len:318
seq_name:srp_Proc.mari._CP000551
seq_len:97
seq_name:tRNA_tdbR00000138-Haloferax_volcanii-2246-His-GUG
seq_len:77
seq_name:srp_Psyc.arct._CP000082
seq_len:116
seq_name:tRNA_tdbR00000171-Pichia_jadinii-4903-Ile-IAU
seq_len:77
seq_name:tRNA_tdbR00000611-Sinorhizobium_meliloti-382-His-GUG
seq_len:77
seq_name:srp_Baci.subt._X06802
seq_len:270
seq_name:RNaseP_S.polymorpha
seq_len:304
seq_name:tmRNA_Xyle.fast._AE003849_1-355
seq_len:355
seq_name:RNaseP_Rr327
seq_len:326
seq_name:RNaseP_F.mortiferum
seq_len:285
seq_name:5s_Xenopus-tropicalis-2
seq_len:121
seq_name:tmRNA_Myco.geni._TRW-243273_1-388
seq_len:388
seq_name:tmRNA_Salm.typh._AY319520_1-363
seq_len:363
seq_name:5s_Photobacterium-sp.-1
seq_len:120
seq_name:RNaseP_R.americana-mito
seq_len:312
seq_name:tRNA_tdbR00000127-Halocynthia_roretzi-7729-Gly-UCU
seq_len:65
seq_name:srp_Rhod.spha._CP000143
seq_len:41
seq_name:RNaseP_ESH212C
seq_len:355
seq_name:RNaseP_S.caesia-K200
seq_len:339
seq_name:tRNA_tdbR00000235-Neurospora_crassa-5141-Leu-NAA
seq_len:85
seq_name:5s_Pichia-jadinii-1
seq_len:121
seq_name:tmRNA_Meso.flor._AE017263_1-408
seq_len:408
seq_name:5s_Tremella-mesenterica-2
seq_len:118
seq_name:RNaseP_SM-A1726
seq_len:338
seq_name:srp_Xant.camp._CP000050
seq_len:112
seq_name:RNaseP_Prochlorococcus-NATL2
seq_len:323
seq_name:RNaseP_Prochlorococcus-TATL2-2
seq_len:311
seq_name:srp_Myco.myco._X53678
seq_len:82
seq_name:16s_M.polymorpha_domain2
seq_len:354
seq_name:tmRNA_Stre.suis._TRW-286604_1-348
seq_len:348
seq_name:5s_Bursaphelenchus-mucronatus-1
seq_len:119
seq_name:RNaseP_N.fulvus-JCM3335
seq_len:266
seq_name:tRNA_tdbR00000339-Tetrahymena_thermophila-5911-Gln-JUG
seq_len:75
seq_name:tmRNA_Fran.tula._AM233362_1-421
seq_len:421
seq_name:tRNA_tdbR00000114-Staphylococcus_epidermidis-1282-Gly-UCC
seq_len:75
seq_name:tRNA_tdbR00000113-Streptomyces_coelicolor_A32-100226-Gly-CCC
seq_len:74
seq_name:tmRNA_Porp.ging._TRW-242619_1-407
seq_len:407
seq_name:RNaseP_ERE
seq_len:307
seq_name:tRNA_tdbR00000457-Geobacillus_stearothermophilus-1422-Val-GAC
seq_len:76
seq_name:tmRNA_Lact.sake._TRW-314315_1-370
seq_len:370
seq_name:tmRNA_Shew.frig._CP000447_1-356
seq_len:356
seq_name:tmRNA_Stre.agal._AE014233_1-350
seq_len:350
seq_name:tmRNA_Mari.aqua._TRW-351348_1-366
seq_len:366
seq_name:5s_Vibrio-cholerae-3
seq_len:118
seq_name:tmRNA_Acti.naes._TRW-240017_1-371
seq_len:371
seq_name:5s_Gymnosporangium-sabinae-1
seq_len:119
seq_name:RNaseP_C.pneumoniae
seq_len:336
seq_name:srp_Giar.lamb._GSP-184922
seq_len:170
seq_name:5s_Thermomonospora-chromogena-1
seq_len:120
seq_name:srp_Tryp.bruc._AC159431
seq_len:273
seq_name:5s_Basidiobolus-magnus-1
seq_len:120
seq_name:tRNA_tdbR00000557-Pichia_jadinii-4903-Tyr-GPA
seq_len:78
seq_name:tmRNA_Lept.spec._TRW-261385_1-359
seq_len:359
seq_name:tmRNA_Fran.tula._CP000437_1-421
seq_len:421
seq_name:tRNA_tdbR00000227-Geobacillus_stearothermophilus-1422-Leu-BAA
seq_len:86
seq_name:srp_Meth.ferv._M32222
seq_len:310
seq_name:tRNA_tdbR00000179-Bacillus_subtilis-1423-Lys-UU
seq_len:76
seq_name:srp_Heli.pylo._AE001441
seq_len:103
seq_name:5s_Eurypelma-californica-1
seq_len:120
seq_name:5s_Bifidobacterium-longum-3
seq_len:120
seq_name:tRNA_tdbR00000330-Haloferax_volcanii-2246-Gln-MUG
seq_len:76
seq_name:5s_Neurospora-africana-2
seq_len:119
seq_name:tmRNA_Stap.epid._TRW-1282-1_1-361
seq_len:361
seq_name:5s_Nicotiana-tabacum-1
seq_len:120
seq_name:srp_Dech.arom._CP000089
seq_len:113
seq_name:5s_Drosophila-melanogaster-1
seq_len:120
seq_name:tmRNA_Trep.pall._TRW-243276_1-354
seq_len:354
seq_name:5s_Halorubrum-distributum-3
seq_len:121
seq_name:5s_Legionella-pneumophila-2
seq_len:118
seq_name:RNaseP_I.calvum
seq_len:289
seq_name:tRNA_tdbR00000564-Drosophila_melanogaster-7227-Tyr-QPA
seq_len:76
seq_name:tRNA_tdbR00000422-Rattus_norvegicus-10116-Ser-GCU
seq_len:85
seq_name:RNaseP_E.eschscholtzii-1
seq_len:326
seq_name:RNaseP_S.diastaticus
seq_len:369
seq_name:5s_Vibrio-adaptatus-1
seq_len:121
seq_name:tmRNA_Bloc.flor._BX248583_1-393
seq_len:393
seq_name:tRNA_tdbR00000026-Escherichia_coli-562-Asp-QUC
seq_len:77
seq_name:tRNA_tdbR00000105-Halobacterium_salinarum-2242-Gly-GCC
seq_len:74
seq_name:tRNA_tdbR00000420-Spinacia_oleracea-3562-Ser-IGA
seq_len:85
seq_name:tRNA_tdbR00000484-Escherichia_coli-562-Trp-CCA
seq_len:76
current processing 201/1740
seq_name:srp_Myco.mobi._AE017308
seq_len:91
seq_name:srp_Ther.petr._CP000702
seq_len:117
seq_name:tmRNA_Prot.mira._TRW-584_1-367
seq_len:367
seq_name:5s_Halorubrum-distributum-6
seq_len:122
seq_name:srp_Cand.trop._GSP-294747
seq_len:266
seq_name:RNaseP_SM-A5888
seq_len:393
seq_name:tmRNA_Lact.plan._AL935259_1-372
seq_len:372
seq_name:srp_Stre.pyog._AM295007
seq_len:57
seq_name:srp_Clos.acet._AE001437
seq_len:262
seq_name:tRNA_tdbR00000411-Candida_cylindracea-44322-Ser-IGA
seq_len:85
seq_name:5s_Helianthus-annuus-1
seq_len:120
seq_name:tRNA_tdbR00000430-Halobacterium_salinarum-2242-Thr-GGU
seq_len:75
seq_name:5s_Homo-sapiens-1
seq_len:120
seq_name:tmRNA_Legi.pneu._CR628337_1-406
seq_len:406
seq_name:grp1_a.I1.e.S.paniceum.UNK.SSU.114
seq_len:210
seq_name:srp_Ajel.caps._CV620298
seq_len:158
seq_name:srp_Meth.volt._M22560
seq_len:306
seq_name:tmRNA_Salm.ente._AL627276_1-363
seq_len:363
seq_name:srp_Bart.hens._BX897699
seq_len:101
seq_name:tRNA_tdbR00000142-Saccharomyces_cerevisiae-4932-His-GUG
seq_len:75
seq_name:RNaseP_M.phosphovorus-JCM9379
seq_len:305
seq_name:srp_Halo.halo._CP000544
seq_len:101
seq_name:tmRNA_Lact.delb._TRW-321956_1-362
seq_len:362
seq_name:tmRNA_Dein.radi._AE001939_1-346
seq_len:346
seq_name:srp_Baci.cere._AE016998
seq_len:103
seq_name:5s_Fusarium-lunulosporum-1
seq_len:119
seq_name:srp_Cion.savi._BW520975
seq_len:293
seq_name:tRNA_tdbR00000538-Asterina_amurensis-69830-Ini-CAU
seq_len:75
seq_name:RNaseP_M.tuberculosis-g
seq_len:433
seq_name:tRNA_tdbR00000503-Thermoplasma_acidophilum-2303-Ini-CAU
seq_len:77
seq_name:RNaseP_SM-A6090
seq_len:292
seq_name:grp1_b.I1.e.T.thermophila.C1.LSU.1925
seq_len:506
seq_name:tRNA_tdbR00000495-Triticum_aestivum-4565-Trp-BCA
seq_len:76
seq_name:tRNA_tdbR00000613-Nanoarchaeum_equitans-160232-Glu-CUC
seq_len:78
seq_name:RNaseP_A.laidlawii
seq_len:316
seq_name:tmRNA_Myco.mobi._TRW-267748_1-376
seq_len:376
seq_name:tmRNA_Stap.epid._AF375586_1-311
seq_len:311
seq_name:tmRNA_Shig.dyse._CP000034_1-363
seq_len:363
seq_name:RNaseP_T.aquaticus
seq_len:394
seq_name:srp_Myco.aviu._AE016958
seq_len:88
seq_name:srp_Proc.mari._CP000552
seq_len:81
seq_name:tRNA_tdbR00000016-Homo_sapiens-9606-Ala-IGC
seq_len:76
seq_name:srp_Plas.yoel._GSP-352914
seq_len:304
seq_name:grp1_a.I1.e.C.merochlorophea.UNK.SSU.1389
seq_len:265
seq_name:RNaseP_CPA54
seq_len:294
seq_name:tmRNA_Nost.spec._BA000019_1-390
seq_len:390
seq_name:tmRNA_Magn.spec._CP000471_1-366
seq_len:366
seq_name:tRNA_tdbR00000358-Escherichia_coli-562-Arg-CU
seq_len:77
seq_name:5s_E_glandulE
seq_len:118
seq_name:5s_Geobacillus-kaustophilus-7
seq_len:113
seq_name:tRNA_tdbR00000290-Enterobacteria_phage_T5-10726-Asn-GUU
seq_len:77
seq_name:tRNA_tdbR00000479-Mycoplasma_capricolum-2095-Trp-BCA
seq_len:75
seq_name:tmRNA_Oeno.oeni._TRW-203123_1-350
seq_len:350
seq_name:tmRNA_Yers.inte._TRW-349965_1-381
seq_len:381
seq_name:tmRNA_List.mono._AL591983_1-370
seq_len:370
seq_name:tmRNA_Acti.succ._TRW-339671_1-367
seq_len:367
seq_name:RNaseP_Wolbachia-sp
seq_len:348
seq_name:srp_Oxyt.trif._GSP-99928
seq_len:304
seq_name:RNaseP_P.abyssi
seq_len:330
seq_name:tmRNA_Yers.pest._AE017042_1-364
seq_len:364
seq_name:RNaseP_SM-A1214
seq_len:293
seq_name:srp_Chla.trac._CP000051
seq_len:106
seq_name:srp_Pseu.aeru._AE004091
seq_len:116
seq_name:srp_Dani.reri._BX649540
seq_len:299
seq_name:RNaseP_M.genitalium
seq_len:384
seq_name:5s_Fusarium-pseudograminearum-2
seq_len:119
seq_name:5s_Shigella-flexneri-2
seq_len:119
seq_name:tmRNA_Ther.yell._TRW-289376_1-350
seq_len:350
seq_name:RNaseP_N.olivacea-chloroplast
seq_len:398
seq_name:RNaseP_S.viridis-K197
seq_len:341
seq_name:tmRNA_Esch.coli._CP000243_1-363
seq_len:363
seq_name:5s_Listeria-monocytogenes-3
seq_len:114
seq_name:srp_Bras.napu._EE416873
seq_len:309
seq_name:tRNA_tdbR00000149-Homo_sapiens-9606-His-GUG
seq_len:76
seq_name:RNaseP_SM-A4674
seq_len:307
seq_name:tmRNA_Ocea.ihey._BA000028_1-364
seq_len:364
seq_name:tmRNA_Odon.sine._Z67753_1-368
seq_len:368
seq_name:grp1_a.I1.e.L.dispersa.UNK.SSU.287
seq_len:229
seq_name:RNaseP_ESH7-4
seq_len:356
seq_name:telomerase_AF221929.92-517
seq_len:426
seq_name:tRNA_tdbR00000039-Oryctolagus_cuniculus-9986-Asp-8UC
seq_len:76
seq_name:tRNA_tdbR00000136-Homo_sapiens-9606-Gly-GCC
seq_len:74
seq_name:RNaseP_SM-A2743
seq_len:331
seq_name:RNaseP_S.epidermidis
seq_len:401
seq_name:tmRNA_uncu.bact._TRW-383630-1_1-364
seq_len:364
seq_name:tmRNA_uncu.bact._TRW-135621-1_1-397
seq_len:397
seq_name:5s_Saprospira-grandis-1
seq_len:121
seq_name:grp1_a.I1.e.B.ciliata.JCM6865.C1.SSU.943
seq_len:360
seq_name:srp_Lact.lact._AE006305
seq_len:77
seq_name:RNaseP_B.megaterium
seq_len:408
seq_name:tRNA_tdbR00000335-Nicotiana_rustica-4093-Gln-NUG
seq_len:75
seq_name:tRNA_tdbR00000144-Saccharomyces_cerevisiae-4932-His-GUG
seq_len:76
seq_name:tRNA_tdbR00000545-Escherichia_coli-562-Tyr-QUA
seq_len:85
seq_name:RNaseP_S.uvarum
seq_len:369
seq_name:srp_Chro.viol._AE016825
seq_len:102
seq_name:RNaseP_SM-A2033
seq_len:304
seq_name:tRNA_tdbR00000278-Scenedesmus_obliquus-3088-Met-CAU
seq_len:77
seq_name:grp1_a.I1.e.U.maydis.C1.SSU.943
seq_len:429
seq_name:RNaseP_C.trachomatis-2
seq_len:408
seq_name:srp_Bras.napu._EE411352
seq_len:309
current processing 301/1740
seq_name:srp_Pseu.fluo._CP000076
seq_len:100
seq_name:tmRNA_Yers.pest._CP000308_1-364
seq_len:364
seq_name:RNaseP_S.solfataricus
seq_len:259
seq_name:RNaseP_M.luteus
seq_len:325
seq_name:5s_Neurospora-africana-1
seq_len:119
seq_name:srp_Kluy.yarr._479647571
seq_len:416
seq_name:5s_Pseudomonas-aeruginosa-1
seq_len:120
seq_name:tmRNA_Fran.tula._AM286280_1-421
seq_len:421
seq_name:tmRNA_Ente.faec._BD193796_1-367
seq_len:367
seq_name:tRNA_tdbR00000368-Mesocricetus_auratus-10036-Arg-UCG
seq_len:71
seq_name:RNaseP_Synechocystis-PCC6308
seq_len:320
seq_name:tRNA_tdbR00000089-Brassica_napus-3708-Phe-AA
seq_len:76
seq_name:srp_Nitr.hamb._CP000319
seq_len:101
seq_name:grp1_a.I1.e.C.grayi.UNK.SSU.1046
seq_len:283
seq_name:tmRNA_Baci.thur._AE017355_1-355
seq_len:355
seq_name:srp_Stre.suis._CP000407
seq_len:78
seq_name:5s_Sporosarcina-ureae-1
seq_len:116
seq_name:srp_Meth.vann._CP000742
seq_len:36
seq_name:tmRNA_Chlo.chlo._CP000108_1-401
seq_len:401
seq_name:tRNA_tdbR00000550-Neurospora_crassa-5141-Tyr-GUA
seq_len:90
seq_name:srp_Yers.pseu._BX936398
seq_len:103
seq_name:srp_Cyan.cald._AF022186
seq_len:90
seq_name:RNaseP_X.fastidiosa
seq_len:359
seq_name:5s_Neurospora-crassa-11
seq_len:120
seq_name:tRNA_tdbR00000212-Haloferax_volcanii-2246-Leu-CAG
seq_len:88
seq_name:RNaseP_CPA58
seq_len:379
seq_name:tmRNA_Ther.rose._TRW-309801_1-353
seq_len:353
seq_name:srp_Esch.coli._U00096
seq_len:118
seq_name:tRNA_tdbR00000006-Mycoplasma_mycoides-2102-Ala-UGC
seq_len:76
seq_name:srp_Brad.japo._BA000040
seq_len:33
seq_name:srp_Burk.pseu._CP000124
seq_len:79
seq_name:tRNA_tdbR00000534-Euphausia_superba-6819-Ini-CAU
seq_len:75
seq_name:tRNA_tdbR00000063-Haloferax_volcanii-2246-Phe-GAA
seq_len:77
seq_name:srp_Aspe.clav._GSP-344612
seq_len:278
seq_name:tmRNA_Shew.putr._TRW-319224_1-356
seq_len:356
seq_name:srp_Nitr.wino._CP000115
seq_len:39
seq_name:srp_Meth.ther._X15364
seq_len:310
seq_name:5s_Tenebrio-molitor-1
seq_len:120
seq_name:RNaseP_Synechococcus-PCC7001
seq_len:342
seq_name:grp1_a.I1.e.T.pigmentosa.C1.LSU.1925
seq_len:451
seq_name:16s_H.volcanii_domain3
seq_len:490
seq_name:tRNA_tdbR00000465-Saccharomyces_cerevisiae-4932-Val-CAC
seq_len:76
seq_name:5s_Xanthomonas-campestris-1
seq_len:119
seq_name:tRNA_tdbR00000079-Rattus_norvegicus-10116-Phe-GAA
seq_len:71
seq_name:5s_Bacillus-halodurans-3
seq_len:116
seq_name:tRNA_tdbR00000475-Mus_musculus-10090-Val-IAC
seq_len:76
seq_name:5s_Ancylobacter-aquaticus-1
seq_len:117
seq_name:srp_Lyco.escu._Z29106
seq_len:302
seq_name:5s_Zea-mays-1
seq_len:119
seq_name:16s_A.pyrophilus_domain2
seq_len:250
seq_name:tmRNA_envi.sequ._TRW-363179_1-348
seq_len:348
seq_name:5s_Tinca-tinca-2
seq_len:120
seq_name:tRNA_tdbR00000312-Haloferax_volcanii-2246-Pro-GGG
seq_len:74
seq_name:RNaseP_CPA59
seq_len:316
seq_name:5s_Calanus-finmarchicus-1
seq_len:121
seq_name:5s_Roseococcus-thiosulfatophilus-2
seq_len:120
seq_name:RNaseP_UK2
seq_len:294
seq_name:tmRNA_Deha.ethe._CP000027_1-352
seq_len:352
seq_name:16s_C.psittaci_domain2
seq_len:355
seq_name:tRNA_tdbR00000593-Ascaris_suum-6253-Trp-CA
seq_len:60
seq_name:tRNA_tdbR00000193-Saccharomyces_cerevisiae-4932-Lys-UU
seq_len:76
seq_name:5s_Yersinia-pseudotuberculosis-3
seq_len:120
seq_name:RNaseP_PS31
seq_len:372
seq_name:srp_Proc.mari._AJ237851
seq_len:101
seq_name:RNaseP_M.thermoautotrphicumMarb
seq_len:294
seq_name:5s_Cryptococcus-neoformans-1
seq_len:118
seq_name:RNaseP_T.celerAL1
seq_len:279
seq_name:tmRNA_Dict.ther._TRW-14_1-350
seq_len:350
seq_name:tmRNA_Stap.aure._BA000018_1-362
seq_len:362
seq_name:srp_Tetr.ther._X56981
seq_len:283
seq_name:RNaseP_SM-A5382
seq_len:290
seq_name:tmRNA_Heli.pylo._TRW-85963_1-386
seq_len:386
seq_name:tmRNA_Dein.radi._TRW-243230_1-349
seq_len:349
seq_name:tmRNA_Acti.pleu._TRW-44294_1-366
seq_len:366
seq_name:tRNA_tdbR00000528-Pichia_jadinii-4903-Ini-CAU
seq_len:75
seq_name:5s_Oryza-sativa-1
seq_len:119
seq_name:srp_Legi.pneu._CP000675
seq_len:113
seq_name:5s_Bacillus-cereus-8
seq_len:118
seq_name:tmRNA_Ente.faec._TRW-1352_1-367
seq_len:367
seq_name:srp_Eime.tene._CD666347
seq_len:269
seq_name:5s_Andrias-japonicus-1
seq_len:121
seq_name:5s_Fusobacterium-mortiferum-2
seq_len:117
seq_name:16s_A.pyrophilus_domain4
seq_len:137
seq_name:RNaseP_M.thermoautotrophicumDH-2
seq_len:293
seq_name:5s_Filobasidiella-depauperata-1
seq_len:119
seq_name:5s_Saccharomonospora-sp.-1
seq_len:120
seq_name:grp1_a.I1.e.L.dispersa.UNK.SSU.1046
seq_len:255
seq_name:5s_Thiomonas-perometabolis-1
seq_len:116
seq_name:srp_Leis.trop._AY781789
seq_len:134
seq_name:tRNA_tdbR00000284-Saccharomyces_cerevisiae-4932-Met-CAU
seq_len:76
seq_name:5s_Itersonilia-perplexans-1
seq_len:118
seq_name:tmRNA_Desu.desu._CP000112_1-360
seq_len:360
seq_name:16s_C.reinhardtii.mito_domain3
seq_len:387
seq_name:tmRNA_Heli.hepa._AE017125_1-369
seq_len:369
seq_name:tmRNA_Clos.perf._CP000312_1-361
seq_len:361
seq_name:RNaseP_SM-A2539
seq_len:329
seq_name:tmRNA_Shew.onei._AX048560_1-355
seq_len:355
seq_name:tRNA_tdbR00000005-Mycoplasma_capricolum-2095-Ala-UGC
seq_len:76
seq_name:5s_Hyphomicrobium-sp.-5
seq_len:120
seq_name:tmRNA_envi.sequ._TRW-351057-3_1-355
seq_len:355
current processing 401/1740
seq_name:5s_Hyphodontia-paradoxa-1
seq_len:118
seq_name:tmRNA_Pseu.aeru._CP000438_1-353
seq_len:353
seq_name:tRNA_tdbR00000017-Homo_sapiens-9606-Ala-IGC
seq_len:76
seq_name:5s_Pseudomonas-fluorescens-3
seq_len:120
seq_name:tmRNA_Desu.psyc._CR522870_1-366
seq_len:366
seq_name:tmRNA_Chla.pneu._TRW-83558_1-426
seq_len:426
seq_name:5s_Pimelobacter-simplex-1
seq_len:120
seq_name:tmRNA_Baci.subt._TRW-1423_1-363
seq_len:363
seq_name:tmRNA_Pant.stew._TRW-66269_1-363
seq_len:363
seq_name:srp_Neis.meni._AL157959
seq_len:92
seq_name:srp_Dict.disc._BJ360333
seq_len:278
seq_name:srp_Burk.pseu._CP000570
seq_len:79
seq_name:tmRNA_Neph.oliv._AF137379-1_1-327
seq_len:327
seq_name:telomerase_AF147806.247-692
seq_len:446
seq_name:5s_Shigella-flexneri-3
seq_len:113
seq_name:5s_Mycoplasma-hyopneumoniae-2
seq_len:107
seq_name:srp_Yers.pseu._CP000720
seq_len:97
seq_name:5s_Samia-cynthia-ricini-x-Bombyx-mori-1
seq_len:120
seq_name:tRNA_tdbR00000027-Hordeum_vulgare-4513-Asp-GUC
seq_len:77
seq_name:tRNA_tdbR00000514-Scenedesmus_obliquus-3088-Ini-CAU
seq_len:77
seq_name:tmRNA_Salm.ente._TRW-295319_1-363
seq_len:363
seq_name:srp_Caen.eleg._U41993
seq_len:293
seq_name:srp_Pseu.aeru._AE004581
seq_len:114
seq_name:srp_Haem.ducr._AE017154
seq_len:113
seq_name:srp_Gluc.oxyd._CP000009
seq_len:81
seq_name:RNaseP_P.canadensis
seq_len:333
seq_name:RNaseP_T.album
seq_len:332
seq_name:RNaseP_N.meningtidis-MC58
seq_len:360
seq_name:tRNA_tdbR00000435-Mycoplasma_mycoides-2102-Thr-UGU
seq_len:76
seq_name:tRNA_tdbR00000120-Salmonella_typhimurium-602-Gly-CCC
seq_len:74
seq_name:tRNA_tdbR00000244-Rattus_norvegicus-10116-Leu-UAG
seq_len:75
seq_name:tRNA_tdbR00000104-Enterobacteria_phage_T4-10665-Gly-NCC
seq_len:74
seq_name:srp_Cryp.parv._AA532232
seq_len:278
seq_name:RNaseP_CPB147
seq_len:298
seq_name:RNaseP_Z.bailii
seq_len:205
seq_name:srp_Baci.subt._D11417
seq_len:270
seq_name:srp_Para.bras._EH655308
seq_len:127
seq_name:5s_Enchytraeus-albidus-1
seq_len:120
seq_name:srp_Humu.japo._X65990
seq_len:301
seq_name:tmRNA_Salm.ente._TRW-321314_1-363
seq_len:363
seq_name:16s_B.subtilis_domain2
seq_len:355
seq_name:RNaseP_SM-A1417
seq_len:302
seq_name:16s_M.polymorpha_domain4
seq_len:143
seq_name:5s_Cerastoderma-edule-1
seq_len:120
seq_name:tRNA_tdbR00000148-Ovis_aries-9940-His-QUG
seq_len:76
seq_name:RNaseP_C.trachomatis-D
seq_len:408
seq_name:srp_Popu.bals._GSP-73824
seq_len:303
seq_name:telomerase_AC121792.109554-109950
seq_len:397
seq_name:5s_Escherichia-coli-13
seq_len:117
seq_name:5s_Ligia-oceanica-1
seq_len:120
seq_name:grp1_a.I1.e.D.parva.C1.SSU.943
seq_len:396
seq_name:RNaseP_S.solfataricus-P2
seq_len:311
seq_name:tmRNA_uncu.bact._TRW-72274-2_1-359
seq_len:359
seq_name:RNaseP_W.fluorescens
seq_len:232
seq_name:tmRNA_Esch.coli._U36840_1-363
seq_len:363
seq_name:tRNA_tdbR00000214-Haloferax_volcanii-2246-Leu-UAA
seq_len:88
seq_name:tRNA_tdbR00000181-Escherichia_coli-562-Lys-SUU
seq_len:76
seq_name:tRNA_tdbR00000478-Haloferax_volcanii-2246-Trp-BCA
seq_len:77
seq_name:RNaseP_Calothrix-PCC7601
seq_len:467
seq_name:5s_Ureaplasma-parvum-2
seq_len:102
seq_name:telomerase_AF221930.94-546
seq_len:453
seq_name:srp_Ocea.ihey._BA000028
seq_len:270
seq_name:RNaseP_CPB144
seq_len:421
seq_name:tmRNA_Cyto.hutc._CP000383_1-404
seq_len:404
seq_name:16s_C.reinhardtii.mito_domain4
seq_len:115
seq_name:tmRNA_Myco.afri._TRW-33894_1-368
seq_len:368
seq_name:RNaseP_ESH7-9
seq_len:311
seq_name:srp_Stre.pyog._AE014139
seq_len:99
seq_name:tRNA_tdbR00000549-Tetrahymena_pyriformis-5908-Tyr-QUA
seq_len:83
seq_name:tmRNA_Leif.xyli._AE016822_1-394
seq_len:394
seq_name:16s_G.intestinalis_domain3
seq_len:441
seq_name:5s_Medicago-sativa-1
seq_len:119
seq_name:grp1_a.I1.e.A.capsulatus.CBS213.53.C1.SSU.943
seq_len:408
seq_name:RNaseP_Rr368
seq_len:368
seq_name:5s_Chrysaora-quinquecirrha-1
seq_len:120
seq_name:tRNA_tdbR00000237-Saccharomyces_cerevisiae-4932-Leu-AA
seq_len:85
seq_name:srp_Pers.amer._X65992
seq_len:162
seq_name:RNaseP_P.gingivalis
seq_len:398
seq_name:srp_Myco.hyop._AE017244
seq_len:81
seq_name:tRNA_tdbR00000133-Bombyx_mori-7091-Gly-GCC
seq_len:74
seq_name:RNaseP_CPB73
seq_len:302
seq_name:5s_Halococcus-morrhuae-1
seq_len:125
seq_name:RNaseP_SM-A2135
seq_len:332
seq_name:RNaseP_SM-A1315
seq_len:323
seq_name:5s_Artemia-salina-1
seq_len:120
seq_name:5s_Neurospora-crassa-10
seq_len:120
seq_name:RNaseP_P.purpurea-chloroplast
seq_len:383
seq_name:RNaseP_SM-A3254
seq_len:335
seq_name:srp_Stap.sapr._AP008934
seq_len:101
seq_name:5s_Methanothermobacter-thermautotrophicus-2
seq_len:129
seq_name:tmRNA_Azoa.spec._TRW-62928_1-378
seq_len:378
seq_name:5s_Fusobacterium-nucleatum-2
seq_len:116
seq_name:5s_Salmonella-enterica-8
seq_len:120
seq_name:5s_Lactobacillus-acidophilus-1
seq_len:117
seq_name:RNaseP_A.erythreum
seq_len:310
seq_name:5s_Mycoplasma-gallisepticum-1
seq_len:107
seq_name:tRNA_tdbR00000586-Aeropyrum_pernix-56636-Met-CAU
seq_len:77
seq_name:tmRNA_Stre.equi._TRW-1336_1-349
seq_len:349
seq_name:tRNA_tdbR00000456-Escherichia_coli-562-Val-VAC
seq_len:76
seq_name:tRNA_tdbR00000433-Mycoplasma_capricolum-2095-Thr-AGU
seq_len:76
current processing 501/1740
seq_name:grp1_a.I1.e.C.saxonicum.C1.SSU.1506
seq_len:448
seq_name:tmRNA_Syne.spec._D90916_1-396
seq_len:396
seq_name:16s_M.polymorpha_domain3
seq_len:486
seq_name:5s_Acinetospora-crinita-1
seq_len:118
seq_name:RNaseP_C.pneumoniae-AR39
seq_len:406
seq_name:tRNA_tdbR00000363-Ascaris_suum-6253-Arg-PCU
seq_len:54
seq_name:srp_Borr.burg._AE000783
seq_len:100
seq_name:tRNA_tdbR00000119-Escherichia_coli-562-Gly-NCC
seq_len:75
seq_name:5s_Bacillus-subtilis-5
seq_len:115
seq_name:tRNA_tdbR00000020-Escherichia_coli-562-Cys-GCA
seq_len:74
seq_name:srp_Baci.subt._X06803
seq_len:53
seq_name:5s_Spirosoma-sp.-1
seq_len:111
seq_name:tmRNA_Dein.geot._CP000359_1-348
seq_len:348
seq_name:tmRNA_Desu.acet._TRW-281689_1-353
seq_len:353
seq_name:5s_Vicia-faba-1
seq_len:119
seq_name:srp_Zea.mays._CF974802
seq_len:307
seq_name:RNaseP_A.tumefaciens
seq_len:402
seq_name:srp_Buch.aphi._AE014017
seq_len:118
seq_name:srp_Wolb.endo._AE017321
seq_len:103
seq_name:srp_Coxi.burn._AE016828
seq_len:64
seq_name:RNaseP_N.plantarum
seq_len:307
seq_name:tmRNA_Aero.hydr._AY442269_1-360
seq_len:360
seq_name:tmRNA_uncu.bact._TRW-80840-2_1-379
seq_len:379
seq_name:5s_Ralstonia-solanacearum-2
seq_len:115
seq_name:16s_H.sapiens.mito_domain2
seq_len:237
seq_name:srp_Baci.poly._D11421
seq_len:272
seq_name:tRNA_tdbR00000115-Staphylococcus_epidermidis-1282-Gly-UCC
seq_len:74
seq_name:tmRNA_Citr.rode._TRW-67825_1-365
seq_len:365
seq_name:5s_Coxiella-burnetii-1
seq_len:117
seq_name:5s_Phlyctochytrium-irregulare-1
seq_len:118
seq_name:srp_Stre.ther._CP000024
seq_len:77
seq_name:RNaseP_S.shibatae
seq_len:260
seq_name:RNaseP_C.tepidum
seq_len:381
seq_name:grp1_a.I1.e.S.paniceum.UNK.SSU.287
seq_len:234
seq_name:tmRNA_Bact.frag._CR626927_1-398
seq_len:398
seq_name:5s_Cryptobranchus-alleganiensis-1
seq_len:121
seq_name:tRNA_tdbR00000139-Mycoplasma_capricolum-2095-His-GUK
seq_len:77
seq_name:grp1_a.I1.e.S.granulatum.C1.SSU.1506
seq_len:437
seq_name:tmRNA_Myco.capr._S67602_1-408
seq_len:408
seq_name:RNaseP_LGB27
seq_len:347
seq_name:RNaseP_CPA49
seq_len:370
seq_name:grp1_a.I1.e.G.planctonica.C1.SSU.943
seq_len:461
seq_name:5s_Lactobacillus-plantarum-2
seq_len:119
seq_name:srp_Homo.sapi._X02067
seq_len:302
seq_name:srp_Heli.pylo._BD010626
seq_len:99
seq_name:RNaseP_SM-A3862
seq_len:290
seq_name:tRNA_tdbR00000513-Synechococcus_elongatus_PCC_6301-269084-Ini-CAU
seq_len:77
seq_name:grp1_a.I1.e.C.merochlorophea.UNK.SSU.1516
seq_len:274
seq_name:tRNA_tdbR00000161-Zea_mays-4577-Ile-GAU
seq_len:75
seq_name:RNaseP_L.ferrooxidans-CF
seq_len:327
seq_name:RNaseP_A.eutrophus
seq_len:341
seq_name:grp1_a.I1.e.C.merochlorophea.UNK.SSU.1046
seq_len:267
seq_name:RNaseP_PS6
seq_len:332
seq_name:telomerase_AY312571.605-1069
seq_len:465
seq_name:RNaseP_Nostoc-PCC7413
seq_len:391
seq_name:srp_Rals.eutr._CP000090
seq_len:106
seq_name:srp_Meth.bark._CP000099
seq_len:320
seq_name:RNaseP_L.japonicus-IFO12422
seq_len:326
seq_name:tRNA_tdbR00000585-Aeropyrum_pernix-56636-Thr-CGU
seq_len:75
seq_name:grp1_a.I1.e.L.dispersa.UNK.SSU.789
seq_len:218
seq_name:5s_Vitreoscilla-beggiatoides-1
seq_len:118
seq_name:tmRNA_Myco.capr._D13067_1-411
seq_len:411
seq_name:tmRNA_Salm.ente._AE014613_1-363
seq_len:363
seq_name:tRNA_tdbR00000400-Loligo_bleekeri-6617-Ser-7CU
seq_len:71
seq_name:tRNA_tdbR00000230-Glycine_max-3847-Leu-UA7
seq_len:83
seq_name:tRNA_tdbR00000572-Leishmania_tarentolae-5689-Lys-1UU
seq_len:73
seq_name:tmRNA_Haem.infl._CP000057_1-366
seq_len:366
seq_name:tRNA_tdbR00000567-Homo_sapiens-9606-Tyr-9PA
seq_len:76
seq_name:5s_Treponema-denticola-1
seq_len:111
seq_name:5s_Pseudomonas-denitrificans-1
seq_len:120
seq_name:5s_Coxiella-burnetii-2
seq_len:118
seq_name:tRNA_tdbR00000164-Saccharomyces_cerevisiae-4932-Ile-GAU
seq_len:76
seq_name:5s_Methanosarcina-acetivorans-1
seq_len:129
seq_name:16s_Z.mays_domain2
seq_len:355
seq_name:srp_Cani.spec._SDB-9616
seq_len:299
seq_name:srp_Schi.pomb._X15220
seq_len:256
seq_name:RNaseP_LGA6
seq_len:344
seq_name:tRNA_tdbR00000012-Saccharomyces_cerevisiae-4932-Ala-IGC
seq_len:76
seq_name:tmRNA_Rals.eutr._CP000090_1-360
seq_len:360
seq_name:srp_Buch.aphi._AE016826
seq_len:118
seq_name:tmRNA_Clos.diff._TRW-367459_1-350
seq_len:350
seq_name:srp_Esch.coli._CP000247
seq_len:118
seq_name:5s_Emericella-nidulans-6
seq_len:120
seq_name:tRNA_tdbR00000443-Saccharomyces_cerevisiae-4932-Thr-IGU
seq_len:76
seq_name:tmRNA_Geob.stea._TRW-1422_1-352
seq_len:352
seq_name:tRNA_tdbR00000066-Thermus_thermophilus-274-Phe-GAA
seq_len:76
seq_name:srp_Agro.tume._AE007869
seq_len:90
seq_name:RNaseP_ESH167E
seq_len:295
seq_name:tRNA_tdbR00000211-Haloferax_volcanii-2246-Leu-CAA
seq_len:87
seq_name:5s_Chlamydophila-pneumoniae-1
seq_len:117
seq_name:16s_E.coli_domain2
seq_len:354
seq_name:srp_Nect.haem._GSP-71109
seq_len:302
seq_name:5s_Lycopodium-clavatum-1
seq_len:121
seq_name:srp_Leis.trop._AY722722
seq_len:134
seq_name:RNaseP_B.anthracis
seq_len:408
seq_name:srp_Bloc.flor._BX248583
seq_len:118
seq_name:tmRNA_Cyan.cald._AF022186_1-254
seq_len:254
seq_name:RNaseP_C.innocuum
seq_len:308
seq_name:5s_Azospirillum-lipoferum-1
seq_len:115
seq_name:5s_Wuchereria-bancrofti-1
seq_len:121
current processing 601/1740
seq_name:5s_Ustilago-scabiosae-1
seq_len:119
seq_name:RNaseP_S.caesia-K163
seq_len:339
seq_name:tRNA_tdbR00000167-Aedes_albopictus-7160-Ile-GAU
seq_len:72
seq_name:srp_Bart.quin._BX897700
seq_len:105
seq_name:16s_B.subtilis_domain3
seq_len:483
seq_name:5s_Laccaria-bicolor-1
seq_len:117
seq_name:tRNA_tdbR00000519-Phaseolus_vulgaris-3885-Ini-CAU
seq_len:77
seq_name:tmRNA_Pseu.halo._CR954246_1-357
seq_len:357
seq_name:5s_Caulobacter-sp.-3
seq_len:119
seq_name:5s_Haloferax-volcanii-1
seq_len:125
seq_name:tmRNA_Chla.trac._TRW-813-2_1-420
seq_len:420
seq_name:5s_Entosiphon-sulcatum-1
seq_len:120
seq_name:5s_Lineus-geniculatus-1
seq_len:120
seq_name:tRNA_tdbR00000286-Lupinus_luteus-3873-Met-BAU
seq_len:77
seq_name:RNaseP_Oscillatoria-PCC7515
seq_len:359
seq_name:srp_Meth.caps._AE017282
seq_len:118
seq_name:grp1_a.I1.b.Synechococcus.sp2.C3.tLEU
seq_len:265
seq_name:5s_Vibrio-proteolyticus-1
seq_len:120
seq_name:tmRNA_Shew.deni._CP000302_1-355
seq_len:355
seq_name:5s_Fusarium-pseudograminearum-6
seq_len:119
seq_name:srp_Dict.disc._AJ699381
seq_len:278
seq_name:tmRNA_Pseu.ento._CT573326_1-392
seq_len:392
seq_name:srp_Stre.suis._CP000408
seq_len:78
seq_name:RNaseP_S.caesia-K182
seq_len:339
seq_name:tmRNA_Stre.scab._TRW-1883_1-402
seq_len:402
seq_name:tmRNA_Meth.caps._AE017282_1-356
seq_len:356
seq_name:5s_Hyphomicrobium-vulgare-1
seq_len:118
seq_name:5s_Tropheryma-whipplei-1
seq_len:120
seq_name:srp_Leis.braz._AY781791
seq_len:139
seq_name:RNaseP_M.fervidus
seq_len:244
seq_name:srp_Pyro.hori._BA000001
seq_len:319
seq_name:srp_Myco.geni._BD439871
seq_len:97
seq_name:tRNA_tdbR00000575-Leishmania_tarentolae-5689-Thr-CGU
seq_len:72
seq_name:tRNA_tdbR00000013-Pichia_jadinii-4903-Ala-IGC
seq_len:76
seq_name:RNaseP_D.jeanneae
seq_len:406
seq_name:RNaseP_Fischerella-UTEX1829
seq_len:377
seq_name:srp_Meth.mari._CP000745
seq_len:218
seq_name:srp_Plas.chab._GSP-31271
seq_len:319
seq_name:srp_Aspe.oryz._AP007169
seq_len:281
seq_name:srp_Legi.pneu._AE017354
seq_len:114
seq_name:tRNA_tdbR00000197-Rattus_norvegicus-10116-Lys-3UU
seq_len:76
seq_name:5s_Candida-glabrata-1
seq_len:121
seq_name:16s_C.psittaci_domain4
seq_len:147
seq_name:tmRNA_List.wels._AF440351_1-321
seq_len:321
seq_name:RNaseP_SM-A1012
seq_len:335
seq_name:srp_Schi.mans._GSP-6183
seq_len:298
seq_name:RNaseP_SM-A0911
seq_len:291
seq_name:tmRNA_Yers.pest._AL590842_1-364
seq_len:364
seq_name:tmRNA_Shew.amaz._CP000507_1-356
seq_len:356
seq_name:RNaseP_SM2
seq_len:294
seq_name:5s_Penicillium-chrysogenum-1
seq_len:119
seq_name:16s_C.reinhardtii.chloro_domain4
seq_len:145
seq_name:srp_Onch.volv._AI249203
seq_len:286
seq_name:5s_Porphyromonas-gingivalis-1
seq_len:111
seq_name:RNaseP_Z.florentinus
seq_len:262
seq_name:tmRNA_Borr.gari._CP000013_1-363
seq_len:363
seq_name:RNaseP_N.albus
seq_len:281
seq_name:srp_Heli.hepa._AE017149
seq_len:99
seq_name:srp_Myco.myco._BX293980
seq_len:96
seq_name:tRNA_tdbR00000146-Lupinus_luteus-3873-His-GUG
seq_len:76
seq_name:RNaseP_Prochlorococcus-TAK9803-2
seq_len:308
seq_name:srp_Vibr.harv._CP000789
seq_len:98
seq_name:tRNA_tdbR00000080-Bos_taurus-9913-Phe-GAA
seq_len:70
seq_name:tmRNA_Clos.acet._AE007587_1-356
seq_len:356
seq_name:5s_Misgurnus-fossilis-14
seq_len:120
seq_name:telomerase_AF221917.99-542
seq_len:444
seq_name:tRNA_tdbR00000341-Rattus_norvegicus-10116-Gln-CUG
seq_len:75
seq_name:srp_Fran.spec._CP000249
seq_len:88
seq_name:tRNA_tdbR00000068-Rhodospirillum_rubrum-1085-Phe-GAA
seq_len:76
seq_name:tmRNA_Pseu.puti._AE015451_1-399
seq_len:399
seq_name:RNaseP_S.putrefaciens
seq_len:354
seq_name:tmRNA_Clos.ther._TRW-203119_1-387
seq_len:387
seq_name:tmRNA_Ther.comm._TRW-289377_1-355
seq_len:355
seq_name:RNaseP_S.glauca-L169T
seq_len:340
seq_name:tRNA_tdbR00000228-Glycine_max-3847-Leu-BAA
seq_len:84
seq_name:RNaseP_CPB139
seq_len:301
seq_name:tRNA_tdbR00000165-Solanum_tuberosum-4113-Ile-AU
seq_len:77
seq_name:tRNA_tdbR00000102-Bos_taurus-9913-Phe-AA
seq_len:76
seq_name:srp_Leis.braz._AY722725
seq_len:139
seq_name:5s_Thermoplasma-volcanium-1
seq_len:123
seq_name:srp_Humu.lupu._X65983
seq_len:306
seq_name:tRNA_tdbR00000213-Haloferax_volcanii-2246-Leu-GAG
seq_len:88
seq_name:RNaseP_SM-A3153
seq_len:318
seq_name:tmRNA_Bloc.penn._CP000016_1-392
seq_len:392
seq_name:tmRNA_Thio.crun._CP000109_1-358
seq_len:358
seq_name:tmRNA_Porp.purp._TRW-2787_1-323
seq_len:323
seq_name:5s_Eisenia-bicyclis-1
seq_len:118
seq_name:RNaseP_C.vinosum
seq_len:369
seq_name:5s_Fusobacterium-mortiferum-1
seq_len:117
seq_name:srp_Homo.sapi._BF875598
seq_len:288
seq_name:RNaseP_T.commune
seq_len:332
seq_name:tmRNA_Shew.balt._TRW-325240_1-356
seq_len:356
seq_name:5s_Lactobacillus-johnsonii-1
seq_len:116
seq_name:tRNA_tdbR00000275-Thermus_thermophilus-274-Met-CAU
seq_len:77
seq_name:tRNA_tdbR00000325-Pichia_jadinii-4903-Pro-GG
seq_len:75
seq_name:5s_Pseudomonas-syringae-2
seq_len:120
seq_name:tRNA_tdbR00000033-Didelphis_virginiana-9267-Asp-QUC
seq_len:73
seq_name:tmRNA_Camp.coli._TRW-306254_1-359
seq_len:359
seq_name:tmRNA_Spir.kunk._TRW-273035_1-424
seq_len:424
seq_name:tRNA_tdbR00000369-Saccharomyces_cerevisiae-4932-Arg-ICG
seq_len:76
current processing 701/1740
seq_name:RNaseP_S.equi-g
seq_len:395
seq_name:tmRNA_envi.sequ._TRW-204433_1-356
seq_len:356
seq_name:srp_Lact.acid._CP000033
seq_len:101
seq_name:RNaseP_LGB41
seq_len:319
seq_name:tRNA_tdbR00000037-Rattus_norvegicus-10116-Asp-GUC
seq_len:76
seq_name:srp_Gibb.zeae._GSP-229533
seq_len:298
seq_name:5s_Escherichia-coli-4
seq_len:120
seq_name:tRNA_tdbR00000396-Saccharomyces_cerevisiae-4932-Ser-UGA
seq_len:90
seq_name:telomerase_AF221914.112-589
seq_len:478
seq_name:5s_Bacillus-thuringiensis-6
seq_len:114
seq_name:srp_Pseu.aeru._CP000438
seq_len:104
seq_name:tmRNA_Meth.flag._CP000284_1-361
seq_len:361
seq_name:RNaseP_N.simplex
seq_len:273
seq_name:tRNA_tdbR00000511-Escherichia_coli-562-Ini-CAU
seq_len:77
seq_name:tRNA_tdbR00000288-Mus_musculus-10090-Met-BAU
seq_len:76
seq_name:tmRNA_Shig.flex._AE005674_1-363
seq_len:363
seq_name:tmRNA_Borr.burg._AE001118_1-359
seq_len:359
seq_name:RNaseP_S.aureus-2
seq_len:397
seq_name:5s_Staphylococcus-epidermidis-2
seq_len:115
seq_name:tRNA_tdbR00000291-Halobacterium_salinarum-2242-Asn-GUU
seq_len:76
seq_name:srp_Shew.balt._CP000753
seq_len:93
seq_name:srp_Phot.prof._CR378666
seq_len:118
seq_name:tRNA_tdbR00000614-Nanoarchaeum_equitans-160232-Ini-CAU
seq_len:78
seq_name:5s_Vibrio-mediterranei-1
seq_len:120
seq_name:RNaseP_E.agglomerulans
seq_len:383
seq_name:tRNA_tdbR00000412-Candida_cylindracea-44322-Ser-CGA
seq_len:84
seq_name:RNaseP_M.maripaludus
seq_len:233
seq_name:tmRNA_Tric.eryt._CP000393_1-398
seq_len:398
seq_name:RNaseP_M.formicicum
seq_len:301
seq_name:tRNA_tdbR00000058-Lupinus_luteus-3873-Glu-CUC
seq_len:76
seq_name:5s_Equisetum-arvense-1
seq_len:120
seq_name:RNaseP_T.maritima-g
seq_len:338
seq_name:tRNA_tdbR00000445-Bos_taurus-9913-Thr-IGU
seq_len:76
seq_name:5s_Lupinus-angustifolius-1
seq_len:119
seq_name:5s_Bacillus-anthracis-10
seq_len:119
seq_name:16s_A.fulgidus_domain4
seq_len:133
seq_name:grp1_a.I1.e.P.inouyei.C1.SSU.943
seq_len:390
seq_name:RNaseP_P.aeruginosa
seq_len:350
seq_name:srp_Desu.psyc._CR522870
seq_len:86
seq_name:srp_Zymo.mobi._AF203881
seq_len:99
seq_name:5s_Fusarium-sporotrichioides-1
seq_len:119
seq_name:RNaseP_T.tumescens
seq_len:307
seq_name:tRNA_tdbR00000247-Bos_taurus-9913-Leu-UAG
seq_len:74
seq_name:RNaseP_S.liquefaciens
seq_len:303
seq_name:tRNA_tdbR00000539-Ovis_aries-9940-Ini-CAU
seq_len:75
seq_name:tmRNA_Stre.equi._TRW-40041_1-349
seq_len:349
seq_name:5s_Bacillus-halodurans-5
seq_len:116
seq_name:tmRNA_Laws.intr._AM180252_1-376
seq_len:376
seq_name:RNaseP_M.xanthus
seq_len:336
seq_name:tRNA_tdbR00000283-Gallus_gallus-9031-Met-AU
seq_len:72
seq_name:srp_Medi.trun._AC136507-1
seq_len:263
seq_name:tmRNA_Clav.mich._TRW-31964_1-376
seq_len:376
seq_name:tRNA_tdbR00000251-Saccharomyces_cerevisiae-4932-Leu-UAA
seq_len:87
seq_name:tmRNA_Xant.axon._AE011783_1-397
seq_len:397
seq_name:RNaseP_B.pertussis
seq_len:414
seq_name:grp1_a.I1.e.Staurastrum.sp.M752.C1.SSU.1506
seq_len:423
seq_name:RNaseP_ESH7-16
seq_len:318
seq_name:tmRNA_Coxi.burn._AE016828_1-360
seq_len:360
seq_name:5s_Amycolatopsis-methanolica-1
seq_len:120
seq_name:srp_Porp.purp._U38804
seq_len:92
seq_name:5s_Agrobacterium-tumefaciens-2
seq_len:118
seq_name:tRNA_tdbR00000266-Bos_taurus-9913-Leu-AA
seq_len:87
seq_name:RNaseP_S.glauca-K194
seq_len:340
seq_name:tRNA_tdbR00000436-Bacillus_subtilis-1423-Thr-5GU
seq_len:76
seq_name:RNaseP_P.troglodytes
seq_len:320
seq_name:tRNA_tdbR00000591-Ascaris_suum-6253-Lys-UU
seq_len:65
seq_name:tRNA_tdbR00000095-Drosophila_melanogaster-7227-Phe-AA
seq_len:76
seq_name:srp_Plas.berg._DC223613
seq_len:293
seq_name:srp_Chla.abor._CR848038
seq_len:102
seq_name:srp_Neos.fisc._GSP-331117
seq_len:277
seq_name:tRNA_tdbR00000397-Saccharomyces_cerevisiae-4932-Ser-UGA
seq_len:90
seq_name:16s_C.elegans_domain2
seq_len:162
seq_name:grp1_a.I1.e.T.malaccensis.C1.LSU.1925
seq_len:447
seq_name:5s_Mytilus-edulis-1
seq_len:119
seq_name:srp_Cyan.mero._AY286123
seq_len:85
seq_name:RNaseP_P.hollandica
seq_len:481
seq_name:RNaseP_CPB149
seq_len:251
seq_name:tRNA_tdbR00000416-Nicotiana_rustica-4093-Ser-CGA
seq_len:85
seq_name:5s_Bugula-neritina-1
seq_len:120
seq_name:5s_Amycolatopsis-orientalis-1
seq_len:120
seq_name:5s_Prasinocladus-sp.-1
seq_len:120
seq_name:tmRNA_Prop.acne._TRW-1747-2_1-353
seq_len:353
seq_name:5s_Neurospora-crassa-9
seq_len:120
seq_name:srp_Aqui.aeol._AE000759
seq_len:91
seq_name:grp1_a.I1.e.L.dispersa.UNK.SSU.1516
seq_len:240
seq_name:tmRNA_uncu.bact._TRW-32045-4_1-369
seq_len:369
seq_name:RNaseP_C.limicola
seq_len:386
seq_name:tmRNA_Esch.coli._D90888_1-363
seq_len:363
seq_name:tmRNA_Kine.radi._TRW-266940_1-366
seq_len:366
seq_name:tmRNA_Camp.upsa._TRW-306264_1-359
seq_len:359
seq_name:tRNA_tdbR00000222-Escherichia_coli-562-Leu-GAG
seq_len:87
seq_name:tmRNA_Chla.abor._CR848038_1-425
seq_len:425
seq_name:tRNA_tdbR00000580-Aeropyrum_pernix-56636-Lys-UUU
seq_len:80
seq_name:RNaseP_L.acidophilus
seq_len:328
seq_name:tmRNA_Shew.spec._CP000444_1-355
seq_len:355
seq_name:tRNA_tdbR00000551-Saccharomyces_cerevisiae-4932-Tyr-GUA
seq_len:88
seq_name:srp_Clos.perf._CP000312
seq_len:268
seq_name:RNaseP_Nocardiodes-NSP41
seq_len:278
seq_name:srp_Stre.pyog._CP000261
seq_len:73
seq_name:5s_Meloidogyne-arenaria-4
seq_len:121
current processing 801/1740
seq_name:srp_Micr.lyso._M31831
seq_len:88
seq_name:5s_Azotobacter-vinelandii-1
seq_len:120
seq_name:srp_Ashb.goss._AE016819
seq_len:381
seq_name:tRNA_tdbR00000084-Saccharomyces_cerevisiae-4932-Phe-AA
seq_len:76
seq_name:srp_Schi.pomb._AU010514
seq_len:95
seq_name:5s_Brugia-malayi-1
seq_len:121
seq_name:5s_Fusarium-cerealis-4
seq_len:119
seq_name:RNaseP_B.calamita
seq_len:397
seq_name:tmRNA_Chlo.tepi._TRW-194439_1-404
seq_len:404
seq_name:srp_Stre.sang._CP000387
seq_len:73
seq_name:5s_Clostridium-acetobutylicum-5
seq_len:117
seq_name:tRNA_tdbR00000299-Asterias_amurensis-7602-Asn-GPU
seq_len:75
seq_name:tmRNA_Ther.neap._TRW-309803_1-357
seq_len:357
seq_name:tmRNA_Ther.ther._Y15063_1-349
seq_len:349
seq_name:5s_Candida-rugopelliculosa-1
seq_len:120
seq_name:tmRNA_Carn.malt._AF275938_1-366
seq_len:366
seq_name:5s_Haloarcula-marismortui-3
seq_len:122
seq_name:tRNA_tdbR00000394-Escherichia_coli-562-Ser-VGA
seq_len:88
seq_name:tRNA_tdbR00000620-Toxoplasma_gondii-5811-Ini-CAU
seq_len:72
seq_name:srp_Bruc.ovis._CP000708
seq_len:103
seq_name:srp_Homo.sapi._BE083383
seq_len:298
seq_name:tmRNA_Stap.aure._BA000017_1-362
seq_len:362
seq_name:RNaseP_N.pyridinolyticus
seq_len:292
seq_name:tmRNA_Verr.spin._TRW-240016_1-356
seq_len:356
seq_name:5s_Pyrococcus-furiosus-1
seq_len:122
seq_name:tRNA_tdbR00000481-Spiroplasma_citri-2133-Trp-NCA
seq_len:76
seq_name:grp1_a.I1.e.A.capsulatus.G184B.C1.SSU
seq_len:425
seq_name:srp_Leis.aeth._AY722731
seq_len:130
seq_name:5s_Symbiobacterium-thermophilum-1
seq_len:110
seq_name:srp_Cyan.mero._AB002583
seq_len:86
seq_name:tRNA_tdbR00000126-Halocynthia_roretzi-7729-Gly-NCU
seq_len:68
seq_name:tRNA_tdbR00000152-Haloferax_volcanii-2246-Ile-NAU
seq_len:78
seq_name:srp_Azoa.spec._AM406670
seq_len:95
seq_name:telomerase_AF221924.105-538
seq_len:434
seq_name:5s_Asellus-aquaticus-1
seq_len:120
seq_name:tRNA_tdbR00000453-Bacillus_subtilis-1423-Val-5AC
seq_len:76
seq_name:RNaseP_F.antarctica
seq_len:312
seq_name:5s_Streptomyces-ambofaciens-1
seq_len:120
seq_name:RNaseP_LGW113
seq_len:321
seq_name:5s_Neisseria-gonorrhoeae-1
seq_len:117
seq_name:tmRNA_Leuc.mese._CP000414_1-358
seq_len:358
seq_name:srp_Haem.ducr._AE017143
seq_len:100
seq_name:RNaseP_S.pneumoniae
seq_len:401
seq_name:tRNA_tdbR00000289-Homo_sapiens-9606-Met-BAU
seq_len:76
seq_name:tmRNA_Lact.case._CP000423_1-364
seq_len:364
seq_name:tRNA_tdbR00000461-Rattus_norvegicus-10116-Val-UAC
seq_len:71
seq_name:tRNA_tdbR00000592-Ascaris_suum-6253-Gln-UG
seq_len:58
seq_name:16s_P.staleyi_domain3
seq_len:489
seq_name:tmRNA_Rals.sola._AL646061_1-357
seq_len:357
seq_name:srp_Baci.anth._AE017334
seq_len:205
seq_name:tRNA_tdbR00000390-Escherichia_coli-562-Ser-CGA
seq_len:90
seq_name:RNaseP_EM14b-9
seq_len:355
seq_name:RNaseP_A.ferrooxidans-g
seq_len:346
seq_name:5s_Bacillus-halodurans-2
seq_len:116
seq_name:tmRNA_Chla.trac._AE001276_1-417
seq_len:417
seq_name:5s_Beggiatoa-alba-1
seq_len:120
seq_name:srp_Buch.aphi._BA000003
seq_len:118
seq_name:5s_Calliphora-vicina-1
seq_len:120
seq_name:RNaseP_M.phosphovorus-JCM9380
seq_len:306
seq_name:srp_Lact.case._CP000423
seq_len:79
seq_name:srp_Symb.ther._AP006840
seq_len:105
seq_name:srp_Heli.pylo._AE001439
seq_len:101
seq_name:5s_Fusarium-lunulosporum-10
seq_len:119
seq_name:5s_Bacillus-licheniformis-5
seq_len:116
seq_name:RNaseP_P.mississippiensis
seq_len:232
seq_name:5s_Pedobacter-heparinus-1
seq_len:114
seq_name:grp1_a.I1.e.A.capsulatus.G186B.C1.SSU
seq_len:425
seq_name:RNaseP_A.brierleyi
seq_len:267
seq_name:tRNA_tdbR00000282-Ascaris_suum-6253-Met-AU
seq_len:64
seq_name:5s_Erythromicrobium-ramosum-1
seq_len:120
seq_name:5s_Drosophila-simulans-1
seq_len:120
seq_name:srp_Camp.jeju._AL111168
seq_len:107
seq_name:srp_Sacc.eryt._AM420293
seq_len:53
seq_name:tRNA_tdbR00000582-Aeropyrum_pernix-56636-Tyr-GUA
seq_len:75
seq_name:RNaseP_H.pylori-RU1
seq_len:317
seq_name:tRNA_tdbR00000510-Escherichia_coli-562-Ini-CAU
seq_len:77
seq_name:RNaseP_M.barkeri
seq_len:371
seq_name:RNaseP_SL1-1
seq_len:252
seq_name:tmRNA_Geob.sulf._AE017180_1-356
seq_len:356
seq_name:srp_Sorg.bico._BE594178
seq_len:305
seq_name:tmRNA_Haem.somn._CP000436_1-367
seq_len:367
seq_name:RNaseP_T.neapolitana
seq_len:338
seq_name:grp1_a.I1.e.B.yamatoana.JCM2896.C1.SSU.943
seq_len:480
seq_name:tmRNA_Haem.infl._L42023_1-366
seq_len:366
seq_name:tRNA_tdbR00000507-Bacillus_subtilis-1423-Ini-CAU
seq_len:77
seq_name:tmRNA_Phot.prof._CR378665_1-368
seq_len:368
seq_name:RNaseP_SM-A3048
seq_len:290
seq_name:tRNA_tdbR00000294-Mycoplasma_capricolum-2095-Asn-GUU
seq_len:76
seq_name:RNaseP_SM-A2237
seq_len:301
seq_name:telomerase_AF221911.104-513
seq_len:410
seq_name:5s_Frankia-sp.-2
seq_len:120
seq_name:RNaseP_S.fibuligera
seq_len:243
seq_name:5s_Xenopus-borealis-2
seq_len:120
seq_name:RNaseP_S.cyanea-K168T
seq_len:339
seq_name:5s_Planobispora-longispora-1
seq_len:120
seq_name:RNaseP_H.pylori-J99
seq_len:323
seq_name:RNaseP_K.pneumoniae
seq_len:383
seq_name:RNaseP_S.equi
seq_len:331
seq_name:tRNA_tdbR00000064-Mycoplasma_capricolum-2095-Phe-GAA
seq_len:76
seq_name:5s_Dugesia-japonica-2
seq_len:121
current processing 901/1740
seq_name:tRNA_tdbR00000403-Bos_taurus-9913-Ser-UGA
seq_len:72
seq_name:tmRNA_Bifi.long._TRW-205913_1-397
seq_len:397
seq_name:tmRNA_Leuc.mese._TRW-1245_1-358
seq_len:358
seq_name:srp_Para.bras._GSP-121759
seq_len:338
seq_name:tRNA_tdbR00000561-Nicotiana_rustica-4093-Tyr-GPA
seq_len:76
seq_name:5s_Methylobacterium-sp.-1
seq_len:116
seq_name:RNaseP_U.stansburiana
seq_len:327
seq_name:srp_Shew.spec._CP000444
seq_len:116
seq_name:tmRNA_uncu.bact._TRW-80840-3_1-379
seq_len:379
seq_name:5s_Vibrio-metschnikovii-1
seq_len:120
seq_name:srp_Tryp.cong._SDB-5692
seq_len:279
seq_name:srp_Leis.dono._AY781793
seq_len:138
seq_name:srp_Lyco.escu._Z29101
seq_len:304
seq_name:RNaseP_P.douglassii
seq_len:330
seq_name:tRNA_tdbR00000202-Drosophila_melanogaster-7227-Lys-UU
seq_len:76
seq_name:srp_Tric.rees._GSP-334564-1
seq_len:293
seq_name:tRNA_tdbR00000432-Haloferax_volcanii-2246-Thr-GGU
seq_len:75
seq_name:RNaseP_Saccharomonospora-K180
seq_len:337
seq_name:srp_Baci.anth._AE017225
seq_len:269
seq_name:5s_Microbotryum-violaceum-1
seq_len:119
seq_name:tRNA_tdbR00000393-Escherichia_coli-562-Ser-GGA
seq_len:88
seq_name:tmRNA_Stap.epid._TRW-1282-2_1-362
seq_len:362
seq_name:tmRNA_Bact.frag._TRW-817_1-398
seq_len:398
seq_name:srp_Heli.exil._EE659686
seq_len:64
seq_name:5s_Lactobacillus-brevis-1
seq_len:117
seq_name:5s_Deinococcus-radiodurans-1
seq_len:122
seq_name:tmRNA_Fuso.nucl._AE010567_1-341
seq_len:341
seq_name:srp_Cryp.homi._GSP-353151
seq_len:300
seq_name:16s_E.coli_domain4
seq_len:145
seq_name:5s_Ambystoma-salmoides-1
seq_len:119
seq_name:RNaseP_S.pyogenes
seq_len:409
seq_name:16s_C.psittaci_domain3
seq_len:483
seq_name:tmRNA_Baci.anth._AE016879_1-355
seq_len:355
seq_name:RNaseP_M.fermentans
seq_len:302
seq_name:tmRNA_Esch.coli._AE005491_1-363
seq_len:363
seq_name:grp1_a.I1.e.L.dispersa.UNK.SSU.516
seq_len:328
seq_name:RNaseP_DU1
seq_len:294
seq_name:tRNA_tdbR00000053-Bos_taurus-9913-Glu-NUC
seq_len:72
seq_name:RNaseP_B.stearothermophilus
seq_len:417
seq_name:srp_Baci.mace._D11420
seq_len:272
seq_name:tRNA_tdbR00000431-Haloferax_volcanii-2246-Thr-CGU
seq_len:76
seq_name:tRNA_tdbR00000178-Mycoplasma_capricolum-2095-Lys-UU
seq_len:76
seq_name:tRNA_tdbR00000595-Escherichia_coli-562-Leu-BAA
seq_len:85
seq_name:srp_Para.bras._CN241137
seq_len:128
seq_name:tRNA_tdbR00000546-Escherichia_coli-562-Tyr-QUA
seq_len:85
seq_name:srp_Proc.mari._CP000554
seq_len:81
seq_name:tmRNA_Cyan.para._U30821_1-291
seq_len:291
seq_name:tRNA_tdbR00000521-Bos_taurus-9913-Ini-CAU
seq_len:72
seq_name:5s_Scenedesmus-obliquus-1
seq_len:120
seq_name:tmRNA_Myco.hyop._TRW-262719_1-433
seq_len:433
seq_name:5s_Fusobacterium-nucleatum-5
seq_len:116
seq_name:5s_Mycoplasma-mycoides-2
seq_len:110
seq_name:srp_Geob.sulf._AE017180
seq_len:91
seq_name:5s_Cunninghamella-elegans-1
seq_len:120
seq_name:tRNA_tdbR00000460-Aedes_albopictus-7160-Val-UAC
seq_len:75
seq_name:grp1_a.I1.e.C.ellipsoidea.IAMC-87.C1.SSU.1506
seq_len:504
seq_name:tmRNA_Stre.pneu._AE008453_1-348
seq_len:348
seq_name:tRNA_tdbR00000220-Escherichia_coli-562-Leu-HAA
seq_len:87
seq_name:srp_Moor.ther._CP000232
seq_len:67
seq_name:srp_Para.bras._CN240152
seq_len:127
seq_name:tRNA_tdbR00000531-Phaseolus_vulgaris-3885-Ini-CAU
seq_len:75
seq_name:tmRNA_Soli.usit._CP000473_1-352
seq_len:352
seq_name:tmRNA_uncu.bact._TRW-72274-1_1-359
seq_len:359
seq_name:telomerase_AF221937.99-545
seq_len:447
seq_name:RNaseP_SMB-A3
seq_len:313
seq_name:tRNA_tdbR00000051-Triticum_aestivum-4565-Glu-SPC
seq_len:76
seq_name:tRNA_tdbR00000344-Mus_musculus-10090-Gln-JUG
seq_len:75
seq_name:5s_Coleosporium-tussilaginis-1
seq_len:118
seq_name:grp1_a.I1.e.P.clavariiformis.C1.SSU.943
seq_len:448
seq_name:srp_Spra.loph._GSP-51541
seq_len:161
seq_name:RNaseP_L.japonicus-IFO15385
seq_len:326
seq_name:RNaseP_CPB7776
seq_len:357
seq_name:tmRNA_Croc.wats._TRW-165597_1-386
seq_len:386
seq_name:tmRNA_Neis.meni._AL162755_1-360
seq_len:360
seq_name:tmRNA_Fibr.succ._TRW-59374_1-361
seq_len:361
seq_name:RNaseP_G.gorilla
seq_len:320
seq_name:tRNA_tdbR00000108-Haloferax_volcanii-2246-Gly-GCC
seq_len:74
seq_name:tRNA_tdbR00000082-Neurospora_crassa-5141-Phe-AA
seq_len:76
seq_name:tRNA_tdbR00000236-Neurospora_crassa-5141-Leu-UAG
seq_len:87
seq_name:RNaseP_SMB-B4
seq_len:320
seq_name:5s_Vibrio-parahaemolyticus-6
seq_len:119
seq_name:tmRNA_Cyan.para._TRW-2762_1-294
seq_len:294
seq_name:RNaseP_Onchorhynchus-sp-1
seq_len:299
seq_name:tmRNA_Baci.G._TRW-12333_1-312
seq_len:312
seq_name:tmRNA_Salm.ente._CP000026_1-363
seq_len:363
seq_name:5s_Xenopus-laevis-2
seq_len:120
seq_name:tRNA_tdbR00000381-Haloferax_volcanii-2246-Ser-GCU
seq_len:88
seq_name:tRNA_tdbR00000365-Aedes_albopictus-7160-Arg-UCG
seq_len:67
seq_name:RNaseP_S.marcescens
seq_len:378
seq_name:tmRNA_List.inno._TRW-1642-1_1-370
seq_len:370
seq_name:tmRNA_Haem.infl._TRW-262728_1-366
seq_len:366
seq_name:RNaseP_M.sedula
seq_len:304
seq_name:tmRNA_Burk.viet._TRW-269482_1-370
seq_len:370
seq_name:tRNA_tdbR00000334-Hordeum_vulgare-4513-Gln-UG
seq_len:75
seq_name:tmRNA_Acid.caps._TRW-240015_1-352
seq_len:352
seq_name:5s_Nanoarchaeum-equitans-1
seq_len:121
seq_name:grp1_a.I1.e.M.caldariorum.C1.SSU.1506
seq_len:439
seq_name:srp_Stap.haem._AP006716
seq_len:101
seq_name:5s_Starkeya-novella-1
seq_len:120
seq_name:srp_Vibr.chol._AE004188
seq_len:100
current processing 1001/1740
seq_name:5s_Dipsacomyces-acuminosporus-1
seq_len:119
seq_name:RNaseP_S.bayanus
seq_len:369
seq_name:RNaseP_Onchorhynchus-1
seq_len:312
seq_name:srp_Meth.kand._AE010387
seq_len:313
seq_name:RNaseP_H.trapanicum
seq_len:362
seq_name:5s_Natrinema-sp.-1
seq_len:126
seq_name:RNaseP_Y.pestis
seq_len:377
seq_name:5s_Sinorhizobium-meliloti-1
seq_len:120
seq_name:telomerase_AF221932.102-549
seq_len:448
seq_name:srp_Sino.medi._CP000738
seq_len:33
seq_name:srp_Sulf.solf._X17239
seq_len:309
seq_name:tmRNA_Vibr.spec._TRW-345075_1-368
seq_len:368
seq_name:16s_C.reinhardtii.chloro_domain2
seq_len:347
seq_name:tmRNA_Copr.prot._TRW-351627_1-353
seq_len:353
seq_name:grp1_a.I1.e.T.hyperangularis.C1.LSU.1925
seq_len:451
seq_name:16s_T.maritima_domain4
seq_len:151
seq_name:srp_Brad.spec._CP000494
seq_len:33
seq_name:tRNA_tdbR00000243-Rattus_norvegicus-10116-Leu-UAG
seq_len:74
seq_name:RNaseP_M.vannielli
seq_len:234
seq_name:tmRNA_Lact.acid._CP000033_1-369
seq_len:369
seq_name:srp_Ther.fusc._CP000088
seq_len:98
seq_name:tmRNA_Bact.thet._AE015928_1-397
seq_len:397
seq_name:RNaseP_CPA61
seq_len:376
seq_name:RNaseP_PS33
seq_len:306
seq_name:tRNA_tdbR00000351-Haloferax_volcanii-2246-Arg-NCG
seq_len:78
seq_name:RNaseP_BH145
seq_len:293
seq_name:tmRNA_Vibr.fisc._CP000020_1-367
seq_len:367
seq_name:5s_Thermus-thermophilus-2
seq_len:122
seq_name:tRNA_tdbR00000048-Synechocystis_sp.-1143-Glu-NUC
seq_len:76
seq_name:srp_Heli.pylo._AE000524
seq_len:113
seq_name:tRNA_tdbR00000200-Oryctolagus_cuniculus-9986-Lys-3UU
seq_len:76
seq_name:tRNA_tdbR00000450-Haloferax_volcanii-2246-Val-GAC
seq_len:78
seq_name:srp_Camp.jeju._CP000538
seq_len:106
seq_name:RNaseP_SM-A01
seq_len:389
seq_name:RNaseP_S.castellii
seq_len:354
seq_name:RNaseP_S.cerevisiae
seq_len:369
seq_name:5s_Bos-taurus-1
seq_len:120
seq_name:tRNA_tdbR00000272-Thermoplasma_acidophilum-2303-Met-CAU
seq_len:76
seq_name:srp_Para.deni._CP000489
seq_len:33
seq_name:tmRNA_Chla.muri._TRW-83560_1-421
seq_len:421
seq_name:RNaseP_H.chlorum-partial
seq_len:120
seq_name:RNaseP_P.acanthamoebae
seq_len:306
seq_name:tRNA_tdbR00000224-Rhodospirillum_rubrum-1085-Leu-CAA
seq_len:85
seq_name:srp_Homo.sapi._BF909425
seq_len:284
seq_name:RNaseP_S.unisporus
seq_len:244
seq_name:tmRNA_Synt.acid._CP000252_1-356
seq_len:356
seq_name:tmRNA_Pseu.syri._CP000075_1-392
seq_len:392
seq_name:tRNA_tdbR00000494-Saccharomyces_cerevisiae-4932-Trp-BCA
seq_len:75
seq_name:16s_H.sapiens_domain3
seq_len:504
seq_name:5s_Brucella-abortus-1
seq_len:119
seq_name:srp_Geob.kaus._BA000043
seq_len:103
seq_name:5s_Bacillus-clausii-3
seq_len:116
seq_name:5s_Pseudomonas-putida-2
seq_len:120
seq_name:RNaseP_C.psittaci-R54
seq_len:351
seq_name:tmRNA_Vibr.chol._AE004170_1-367
seq_len:367
seq_name:RNaseP_N.meningitidis-Z2491
seq_len:360
seq_name:RNaseP_A.macrocytogenes123
seq_len:294
seq_name:5s_Euplotes-vannus-1
seq_len:120
seq_name:tRNA_tdbR00000249-Saccharomyces_cerevisiae-4932-Leu-CAA
seq_len:85
seq_name:tRNA_tdbR00000357-Escherichia_coli-562-Arg-CU
seq_len:75
seq_name:tRNA_tdbR00000527-Schizosaccharomyces_pombe-4896-Ini-CAU
seq_len:75
seq_name:tmRNA_Bord.aviu._AM167904_1-406
seq_len:406
seq_name:5s_Natronococcus-occultus-1
seq_len:121
seq_name:grp1_a.I1.e.P.pachydermus.C1.SSU.943
seq_len:392
seq_name:5s_Salmonella-enterica-1
seq_len:120
seq_name:RNaseP_A.paspali
seq_len:294
seq_name:tRNA_tdbR00000173-Bombyx_mori-7091-Ile-IAU
seq_len:77
seq_name:tRNA_tdbR00000579-Aeropyrum_pernix-56636-Pro-CGG
seq_len:78
seq_name:srp_Bras.napu._EE411027
seq_len:308
seq_name:5s_Sepia-officinalis-1
seq_len:120
seq_name:srp_Lyco.escu._Z29260
seq_len:300
seq_name:srp_Anop.gamb._SDB-377271
seq_len:303
seq_name:tmRNA_Chro.viol._AE016825_1-365
seq_len:365
seq_name:srp_Camp.jeju._AL139074
seq_len:36
seq_name:tmRNA_Xant.camp._AM039952_1-397
seq_len:397
seq_name:tmRNA_Chla.pneu._AE002224_1-423
seq_len:423
seq_name:tmRNA_Stre.coll._AY485228_1-386
seq_len:386
seq_name:srp_Rhod.spha._CP000661
seq_len:41
seq_name:srp_Bruc.abor._AE017223
seq_len:33
seq_name:5s_Methanopyrus-kandleri-1
seq_len:131
seq_name:tRNA_tdbR00000100-Mus_musculus-10090-Phe-AA
seq_len:76
seq_name:RNaseP_H.mobilis
seq_len:342
seq_name:srp_Borr.burg._AE001151
seq_len:98
seq_name:tmRNA_Leuc.mese._AF375574_1-307
seq_len:307
seq_name:tmRNA_Bord.para._TRW-257311_1-387
seq_len:387
seq_name:5s_Tricholoma-matsutake-1
seq_len:118
seq_name:tRNA_tdbR00000176-Haloferax_volcanii-2246-Lys-MUU
seq_len:77
seq_name:tmRNA_Lept.inte._AE016823_1-350
seq_len:350
seq_name:tRNA_tdbR00000038-Rattus_norvegicus-10116-Asp-8UC
seq_len:75
seq_name:5s_Planocera-reticulata-1
seq_len:120
seq_name:tmRNA_Para.symb._BX908798_1-405
seq_len:405
seq_name:5s_Candida-azyma-1
seq_len:120
seq_name:tRNA_tdbR00000054-Saccharomyces_cerevisiae-4932-Glu-3UC
seq_len:75
seq_name:tRNA_tdbR00000216-Mycoplasma_capricolum-2095-Leu-BAA
seq_len:85
seq_name:grp1_a.I1.e.S.paniceum.UNK.SSU.1052
seq_len:240
seq_name:srp_Borr.afze._CP000395
seq_len:81
seq_name:tmRNA_Myco.micr._TRW-1806-1_1-368
seq_len:368
seq_name:16s_H.sapiens_domain4
seq_len:171
seq_name:5s_Thermus-sp.-2
seq_len:120
seq_name:srp_List.inno._AL596173
seq_len:277
current processing 1101/1740
seq_name:tRNA_tdbR00000276-Escherichia_coli-562-Met-MAU
seq_len:77
seq_name:srp_Stap.aure._BA000033
seq_len:101
seq_name:srp_Phak.pach._GSP-170000-1
seq_len:308
seq_name:16s_Z.mays_domain3
seq_len:483
seq_name:tRNA_tdbR00000382-Haloferax_volcanii-2246-Ser-MGA
seq_len:88
seq_name:tmRNA_Burk.fung._TRW-266265_1-370
seq_len:370
seq_name:tRNA_tdbR00000326-Lupinus_luteus-3873-Pro-IGG
seq_len:75
seq_name:5s_Salmonella-typhimurium-3
seq_len:118
seq_name:tmRNA_Stre.pyog._AE006568_1-345
seq_len:345
seq_name:tmRNA_Baci.clau._AP006627_1-355
seq_len:355
seq_name:tRNA_tdbR00000331-Mycoplasma_capricolum-2095-Gln-UG
seq_len:75
seq_name:5s_Methylophilus-methylotrophus-1
seq_len:115
seq_name:RNaseP_S.bovis
seq_len:331
seq_name:tRNA_tdbR00000496-Nicotiana_tabacum-4097-Trp-BCA
seq_len:75
seq_name:RNaseP_PS22
seq_len:299
seq_name:16s_T.gondii_domain4
seq_len:159
seq_name:RNaseP_E.coli
seq_len:377
seq_name:tmRNA_Stre.agal._TRW-1311_1-350
seq_len:350
seq_name:5s_Xenopus-borealis-4
seq_len:120
seq_name:telomerase_AY058901.1-397
seq_len:397
seq_name:tRNA_tdbR00000321-Saccharomyces_cerevisiae-4932-Pro-UGG
seq_len:75
seq_name:tmRNA_Myco.arth._TRW-243272_1-394
seq_len:394
seq_name:srp_Shew.balt._CP000563
seq_len:114
seq_name:tmRNA_Lact.lact._AF176556_1-359
seq_len:359
seq_name:tmRNA_Acid.ferr._TRW-133824_1-364
seq_len:364
seq_name:RNaseP_T.littoralis
seq_len:331
seq_name:16s_H.sapiens.mito_domain4
seq_len:120
seq_name:tRNA_tdbR00000218-Mycoplasma_capricolum-2095-Leu-UAG
seq_len:84
seq_name:5s_Photobacterium-angustum-1
seq_len:120
seq_name:grp1_a.I1.e.L.dispersa.UNK.SSU.114
seq_len:211
seq_name:16s_H.sapiens.mito_domain1
seq_len:282
seq_name:RNaseP_E.eschsholtzii
seq_len:317
seq_name:RNaseP_H.cutirubrum
seq_len:375
seq_name:RNaseP_E.thermomarinus
seq_len:331
seq_name:16s_Z.mays_domain1
seq_len:506
seq_name:5s_Thermoactinomyces-vulgaris-1
seq_len:115
seq_name:tmRNA_envi.sequ._TRW-2-2_1-356
seq_len:356
seq_name:srp_Schi.pomb._M20264
seq_len:256
seq_name:tmRNA_Neis.lact._TRW-486_1-362
seq_len:362
seq_name:tmRNA_Burk.ceno._TRW-216591_1-370
seq_len:370
seq_name:srp_Trit.aest._BE424647
seq_len:223
seq_name:tRNA_tdbR00000147-Drosophila_melanogaster-7227-His-GUG
seq_len:76
seq_name:RNaseP_S.glauca-K195
seq_len:340
seq_name:srp_Pseu.syri._AE016853
seq_len:95
seq_name:16s_G.intestinalis_domain4
seq_len:134
seq_name:tmRNA_Erwi.caro._BX950851_1-363
seq_len:363
seq_name:5s_Xanthobacter-viscosus-1
seq_len:118
seq_name:tmRNA_envi.sequ._TRW-259292_1-355
seq_len:355
seq_name:srp_Anto.locu._GSP-278021
seq_len:155
seq_name:tRNA_tdbR00000191-Mesocricetus_auratus-10036-Lys-NUU
seq_len:68
seq_name:tmRNA_Myco.aviu._AE016958_1-368
seq_len:368
seq_name:tmRNA_Salm.ente._AE017220_1-363
seq_len:363
seq_name:tRNA_tdbR00000085-Schizosaccharomyces_pombe-4896-Phe-AA
seq_len:76
seq_name:5s_Menoidium-pellucidum-1
seq_len:118
seq_name:tRNA_tdbR00000608-Lupinus_luteus-3873-Leu-UAA
seq_len:85
seq_name:RNaseP_T.acidophilum
seq_len:305
seq_name:RNaseP_L.ferrooxidans-MK
seq_len:327
seq_name:srp_Nitr.mult._CP000103
seq_len:113
seq_name:RNaseP_Dermocarpa-PCC7437
seq_len:359
seq_name:RNaseP_S.caesia-K76T
seq_len:339
seq_name:RNaseP_M.jannaschii
seq_len:252
seq_name:tmRNA_Salm.ente._TRW-59204_1-363
seq_len:363
seq_name:tRNA_tdbR00000486-Phaseolus_vulgaris-3885-Trp-BCA
seq_len:77
seq_name:tmRNA_Shig.flex._AE014073_1-363
seq_len:363
seq_name:RNaseP_D.desulfuricans
seq_len:360
seq_name:tRNA_tdbR00000454-Escherichia_coli-562-Val-GAC
seq_len:77
seq_name:tRNA_tdbR00000346-Homo_sapiens-9606-Gln-NUG
seq_len:75
seq_name:5s_Actinokineospora-riparia-1
seq_len:120
seq_name:tmRNA_Pseu.syri._AE016853_1-388
seq_len:388
seq_name:5s_Efibulobasidium-albescens-1
seq_len:118
seq_name:tRNA_tdbR00000140-Escherichia_coli-562-His-QUG
seq_len:77
seq_name:srp_Sili.spec._CP000377
seq_len:62
seq_name:grp1_a.I1.e.D.salina.C1.SSU.943
seq_len:423
seq_name:tRNA_tdbR00000300-Saccharomyces_cerevisiae-4932-Asn-GUU
seq_len:77
seq_name:5s_Chlorella-sp.-1
seq_len:120
seq_name:srp_Medi.trun._CX540689
seq_len:286
seq_name:tmRNA_List.inno._TRW-1642-2_1-370
seq_len:370
seq_name:5s_Diplonema-papillatum-1
seq_len:120
seq_name:5s_Mannheimia-succiniciproducens-1
seq_len:115
seq_name:srp_Shew.putr._CP000681
seq_len:118
seq_name:srp_Lact.lact._AM406671
seq_len:36
seq_name:tRNA_tdbR00000408-Saccharomyces_cerevisiae-4932-Ser-IGA
seq_len:85
seq_name:srp_Dasy.nove._GSP-9361
seq_len:302
seq_name:tRNA_tdbR00000323-Saccharomyces_cerevisiae-4932-Pro-NGG
seq_len:75
seq_name:tmRNA_Paen.larv._TRW-1464_1-367
seq_len:367
seq_name:5s_Streptomyces-roseoverticillatus-1
seq_len:122
seq_name:tRNA_tdbR00000155-Mycoplasma_mycoides-2102-Ile-GAU
seq_len:77
seq_name:tmRNA_Fuso.nucl._TRW-393480_1-344
seq_len:344
seq_name:srp_Halo.volc._AF395888
seq_len:306
seq_name:tRNA_tdbR00000174-Mus_musculus-10090-Ile-IAU
seq_len:77
seq_name:tRNA_tdbR00000132-Lupinus_luteus-3873-Gly-GCC
seq_len:74
seq_name:tmRNA_List.ivan._AF440342_1-321
seq_len:321
seq_name:srp_Shig.flex._AE014073
seq_len:108
seq_name:grp1_a.I1.e.P.carinii.Pc1.C1.LSU.1921
seq_len:375
seq_name:5s_Bacillus-anthracis-9
seq_len:119
seq_name:tRNA_tdbR00000590-Ascaris_suum-6253-Glu-UC
seq_len:62
seq_name:RNaseP_P.putida
seq_len:295
seq_name:tmRNA_Camp.jeju._CP000025_1-359
seq_len:359
seq_name:tRNA_tdbR00000110-Methanobacterium_thermaggregans-83982-Gly-GCC
seq_len:76
seq_name:5s_Andrias-japonicus-2
seq_len:121
current processing 1201/1740
seq_name:srp_Dros.will._GSP-7260
seq_len:301
seq_name:RNaseP_B.subtilis-g
seq_len:401
seq_name:5s_Streptomyces-lividans-1
seq_len:119
seq_name:srp_Shew.loih._CP000606
seq_len:98
seq_name:RNaseP_PS24
seq_len:395
seq_name:16s_A.fulgidus_domain2
seq_len:359
seq_name:srp_Citr.sine._CN181543
seq_len:78
seq_name:tmRNA_Rals.sola._AL646052_1-360
seq_len:360
seq_name:grp1_b.I1.e.C.saccharophila.C1.SSU.156
seq_len:454
seq_name:grp1_a.I1.b.S.hofmanii.C3.tMET
seq_len:251
seq_name:RNaseP_C.paradoxa-cyanelle
seq_len:351
seq_name:tRNA_tdbR00000467-Pichia_jadinii-4903-Val-IAC
seq_len:77
seq_name:5s_Thermomyces-lanuginosus-1
seq_len:119
seq_name:tmRNA_Esch.coli._U00096_1-363
seq_len:363
seq_name:tRNA_tdbR00000332-Escherichia_coli-562-Gln-CUG
seq_len:75
seq_name:tRNA_tdbR00000097-Bos_taurus-9913-Phe-AA
seq_len:76
seq_name:RNaseP_P.shigelloides
seq_len:303
seq_name:tmRNA_Noca.farc._AP006618_1-368
seq_len:368
seq_name:RNaseP_VSDW
seq_len:304
seq_name:grp1_a.I1.e.C.grayi.UNK.SSU.1516
seq_len:308
seq_name:16s_A.fulgidus_domain3
seq_len:488
seq_name:5s_Magnolia-kobus-1
seq_len:119
seq_name:RNaseP_C.tepidum-g
seq_len:381
seq_name:RNaseP_LGB21
seq_len:350
seq_name:RNaseP_SM-A3761
seq_len:392
seq_name:tRNA_tdbR00000078-Ascaris_suum-6253-Phe-GAA
seq_len:62
seq_name:tmRNA_Neis.meni._TRW-272831_1-363
seq_len:363
seq_name:tRNA_tdbR00000515-Phaseolus_vulgaris-3885-Ini-CAU
seq_len:77
seq_name:RNaseP_T.delbrueckii
seq_len:295
seq_name:RNaseP_E.coli-g
seq_len:377
seq_name:srp_Camp.jeju._CP000025
seq_len:91
seq_name:srp_Pyro.cali._CP000561
seq_len:240
seq_name:5s_Thermotoga-sp.-1
seq_len:124
seq_name:tmRNA_Heli.must._DQ250625_1-366
seq_len:366
seq_name:RNaseP_LGW18
seq_len:351
seq_name:tRNA_tdbR00000096-Bos_taurus-9913-Phe-AA
seq_len:76
seq_name:RNaseP_UK5
seq_len:294
seq_name:srp_Esch.coli._CP000468
seq_len:117
seq_name:tRNA_tdbR00000159-Escherichia_coli-562-Ile-GAU
seq_len:77
seq_name:srp_Medi.trun._AC146941
seq_len:297
seq_name:tmRNA_Syne.spec._AB003477_1-394
seq_len:394
seq_name:5s_Idiomarina-loihiensis-2
seq_len:123
seq_name:RNaseP_Nostoc-PCC7107
seq_len:389
seq_name:srp_Pseu.syri._CP000075
seq_len:117
seq_name:srp_Stap.aure._CP000253
seq_len:270
seq_name:grp1_a.I1.e.P.macrosporus.C1.SSU.943
seq_len:380
seq_name:grp1_a.I1.e.P.carinii.C1.SSU.1506
seq_len:442
seq_name:srp_Yarr.lipo._M20837
seq_len:270
seq_name:srp_Stre.pneu._AE008386
seq_len:77
seq_name:RNaseP_S.viridis-K191
seq_len:341
seq_name:tRNA_tdbR00000028-Hordeum_vulgare-4513-Asp-QUC
seq_len:77
seq_name:RNaseP_L.borgpetersenii
seq_len:336
seq_name:16s_G.intestinalis_domain1
seq_len:485
seq_name:tRNA_tdbR00000296-Azospirillum_lipoferum-193-Asn-QUU
seq_len:75
seq_name:srp_Trit.aest._X13915
seq_len:204
seq_name:tmRNA_Sali.rube._CP000159_1-369
seq_len:369
seq_name:RNaseP_H.pylori-48K
seq_len:317
seq_name:telomerase_AF221918.97-547
seq_len:451
seq_name:RNaseP_P.maris
seq_len:320
seq_name:RNaseP_Synechococcus-PCC7942
seq_len:312
seq_name:RNaseP_N.europaea
seq_len:285
seq_name:tRNA_tdbR00000046-Escherichia_coli-562-Glu-SUC
seq_len:76
seq_name:RNaseP_P131
seq_len:303
seq_name:RNaseP_C.hydrogenoformans
seq_len:331
seq_name:5s_Lentinula-edodes-2
seq_len:120
seq_name:tRNA_tdbR00000556-Schizosaccharomyces_pombe-4896-Tyr-GPA
seq_len:77
seq_name:tmRNA_Tann.fors._TRW-203275_1-400
seq_len:400
seq_name:5s_Rhodobacter-capsulatus-3
seq_len:117
seq_name:srp_Haem.infl._U32795
seq_len:113
seq_name:tRNA_tdbR00000440-Neurospora_crassa-5141-Thr-UGU
seq_len:74
seq_name:RNaseP_SM-A2946
seq_len:312
seq_name:5s_Candida-antarctica-1
seq_len:118
seq_name:tmRNA_List.seel._AF440350_1-321
seq_len:321
seq_name:grp1_a.I1.e.E.dermatitidis.C1.SSU.943
seq_len:426
seq_name:5s_Pyrenophora-graminea-1
seq_len:119
seq_name:5s_Rhodobacter-sphaeroides-2
seq_len:118
seq_name:tmRNA_Colw.psyc._CP000083_1-350
seq_len:350
seq_name:srp_Para.bras._CN240538
seq_len:127
seq_name:tRNA_tdbR00000387-Bacillus_subtilis-1423-Ser-5GA
seq_len:92
seq_name:srp_Zygo.roux._BN000170
seq_len:243
seq_name:16s_P.occultum_domain2
seq_len:358
seq_name:tmRNA_Aero.hydr._CP000462_1-360
seq_len:360
seq_name:tRNA_tdbR00000287-Oryctolagus_cuniculus-9986-Met-BAU
seq_len:76
seq_name:tmRNA_Chla.muri._AE002296_1-418
seq_len:418
seq_name:tmRNA_Myco.smeg._CP000480_1-369
seq_len:369
seq_name:tRNA_tdbR00000049-Chlamydomonas_reinhardtii-3055-Glu-NUC
seq_len:76
seq_name:tRNA_tdbR00000336-Aedes_albopictus-7160-Gln-NUG
seq_len:72
seq_name:tmRNA_Camp.jeju._AX048472_1-359
seq_len:359
seq_name:RNaseP_S.aureus
seq_len:349
seq_name:5s_Saccharothrix-australiensis-1
seq_len:120
seq_name:srp_Arab.tha._X55111
seq_len:306
seq_name:RNaseP_LGA10
seq_len:313
seq_name:srp_Sphi.alas._CP000356
seq_len:92
seq_name:srp_Pseu.aeru._CP000744
seq_len:100
seq_name:tmRNA_Emil.huxl._TRW-280463_1-291
seq_len:291
seq_name:tmRNA_Urea.parv._AE002154_1-413
seq_len:413
seq_name:RNaseP_A.vinlandii-CA
seq_len:294
seq_name:5s_Fusarium-culmorum-5
seq_len:119
seq_name:RNaseP_S.globosus
seq_len:339
seq_name:tmRNA_Myco.pulm._AL445565_1-387
seq_len:387
current processing 1301/1740
seq_name:telomerase_AF221916.94-481
seq_len:388
seq_name:RNaseP_C.jejuni
seq_len:318
seq_name:srp_Cion.inte._GSP-7719
seq_len:298
seq_name:telomerase_AF221908.136-584
seq_len:449
seq_name:RNaseP_WC1
seq_len:294
seq_name:srp_Trit.aest._CA694528
seq_len:259
seq_name:telomerase_AF221928.95-476
seq_len:382
seq_name:tmRNA_Guil.thet._AF041468_1-327
seq_len:327
seq_name:RNaseP_H.aurantiacus
seq_len:328
seq_name:RNaseP_N.flavus
seq_len:266
seq_name:tRNA_tdbR00000264-Caenorhabditis_elegans-6239-Leu-IAG
seq_len:85
seq_name:5s_Halobacterium-salinarum-1
seq_len:121
seq_name:tmRNA_Stre.pyog._TRW-1314-2_1-350
seq_len:350
seq_name:RNaseP_LGB23
seq_len:347
seq_name:srp_Tryp.bruc._X57047
seq_len:273
seq_name:tRNA_tdbR00000050-Hordeum_vulgare-4513-Glu-SPC
seq_len:76
seq_name:tmRNA_Myco.pene._BA000026_1-405
seq_len:405
seq_name:tmRNA_Acid.ferr._TRW-243159_1-364
seq_len:364
seq_name:srp_Homo.sapi._BF909563
seq_len:280
seq_name:srp_Chla.muri._AE002160
seq_len:106
seq_name:5s_Lentinula-edodes-1
seq_len:120
seq_name:5s_Escherichia-coli-10
seq_len:120
seq_name:RNaseP_SM-A4876
seq_len:289
seq_name:grp1_a.I1.e.B.yamatoana.JCM2896.C1.SSU.1506
seq_len:468
seq_name:RNaseP_PS1
seq_len:327
seq_name:tmRNA_Myco.lepr._TRW-272631_1-369
seq_len:369
seq_name:RNaseP_PS27
seq_len:342
seq_name:tRNA_tdbR00000547-Geobacillus_stearothermophilus-1422-Tyr-QUA
seq_len:85
seq_name:tmRNA_envi.sequ._TRW-300695-2_1-345
seq_len:345
seq_name:5s_Streptococcus-agalactiae-2
seq_len:116
seq_name:grp1_a.I1.e.P.macrosporus.C1.SSU.1506
seq_len:433
seq_name:RNaseP_Nostoc-PCC6705
seq_len:393
seq_name:tmRNA_Burk.pseu._TRW-28450_1-370
seq_len:370
seq_name:grp1_b.I1.e.M.anisopliae.2.C1.LSU.1921
seq_len:456
seq_name:tRNA_tdbR00000162-Spinacia_oleracea-3562-Ile-GAU
seq_len:75
seq_name:tRNA_tdbR00000378-Mus_musculus-10090-Arg-ICG
seq_len:76
seq_name:tmRNA_Vibr.chol._U39068_1-367
seq_len:367
seq_name:RNaseP_vHge2
seq_len:311
seq_name:RNaseP_F.yabuuchiae
seq_len:330
seq_name:tmRNA_Shig.dyse._TRW-358708_1-363
seq_len:363
seq_name:5s_Listeria-monocytogenes-2
seq_len:116
seq_name:tmRNA_Myco.bovi._TRW-1765_1-368
seq_len:368
seq_name:5s_Bacillus-clausii-1
seq_len:116
seq_name:5s_Tetrahymena-thermophila-3
seq_len:120
seq_name:tRNA_tdbR00000060-Drosophila_melanogaster-7227-Glu-2UC
seq_len:75
seq_name:tRNA_tdbR00000011-Neurospora_crassa-5141-Ala-UGC
seq_len:75
seq_name:RNaseP_B.halodurans
seq_len:412
seq_name:RNaseP_P.furiosus-2
seq_len:330
seq_name:RNaseP_C.acetobutylicum
seq_len:345
seq_name:tRNA_tdbR00000172-Lupinus_luteus-3873-Ile-IAU
seq_len:77
seq_name:srp_Chla.cavi._AE015925
seq_len:115
seq_name:grp1_a.I1.e.A.stipitatus.C1.SSU.1046
seq_len:408
seq_name:srp_Vibr.vuln._BA000037
seq_len:94
seq_name:5s_Mycoplasma-pneumoniae-1
seq_len:108
seq_name:srp_Oryz.sati._AC079888
seq_len:311
seq_name:srp_Trit.aest._BQ167677
seq_len:242
seq_name:srp_Neph.oliv._AF137379
seq_len:101
seq_name:5s_Brucella-suis-2
seq_len:119
seq_name:RNaseP_M.bovis
seq_len:422
seq_name:tRNA_tdbR00000553-Asterias_amurensis-7602-Tyr-GUA
seq_len:74
seq_name:tmRNA_Salm.ente._TRW-149539_1-363
seq_len:363
seq_name:5s_Streptomyces-sp.-1
seq_len:120
seq_name:tmRNA_Lept.spec._TRW-261386_1-359
seq_len:359
seq_name:srp_Baci.amyl._D11416
seq_len:271
seq_name:srp_Clos.novy._CP000382
seq_len:231
seq_name:tRNA_tdbR00000169-Homo_sapiens-9606-Ile-GAU
seq_len:72
seq_name:srp_Trit.aest._CJ679223
seq_len:272
seq_name:tRNA_tdbR00000438-Escherichia_coli-562-Thr-GGU
seq_len:75
seq_name:5s_Acidovorax-delafieldii-1
seq_len:115
seq_name:5s_Bacillus-clausii-2
seq_len:116
seq_name:RNaseP_E.asper
seq_len:307
seq_name:RNaseP_P126
seq_len:293
seq_name:5s_Halorubrum-distributum-1
seq_len:123
seq_name:srp_Rhiz.etli._CP000133
seq_len:103
seq_name:srp_Medi.trun._AC136507
seq_len:295
seq_name:srp_Oryz.sati._AP003333
seq_len:318
seq_name:RNaseP_P.marinus
seq_len:387
seq_name:RNaseP_U.urealyticum
seq_len:370
seq_name:5s_Amycolatopsis-lactamdurans-1
seq_len:120
seq_name:grp1_a.I1.c.G.prostrata.C3.tLEU
seq_len:336
seq_name:5s_Perkinsus-olseni-1
seq_len:124
seq_name:tmRNA_Camp.fetu._AY211269_1-361
seq_len:361
seq_name:tmRNA_Myco.hyop._TRW-295358_1-424
seq_len:424
seq_name:5s_Leifsonia-xyli-1
seq_len:121
seq_name:tRNA_tdbR00000111-Mycoplasma_capricolum-2095-Gly-UCC
seq_len:74
seq_name:RNaseP_D.radiodurans
seq_len:486
seq_name:srp_Cand.dubl._GSP-42374
seq_len:263
seq_name:tmRNA_uncu.bact._TRW-32033-1_1-354
seq_len:354
seq_name:5s_Buchnera-aphidicola-1
seq_len:115
seq_name:srp_Enta.disp._GSP-370354
seq_len:274
seq_name:5s_Beta-vulgaris-1
seq_len:120
seq_name:srp_Chae.glob._GSP-306901
seq_len:280
seq_name:tmRNA_Nost.punc._TRW-63737_1-390
seq_len:390
seq_name:RNaseP_ESH21b-4
seq_len:293
seq_name:srp_Hahe.chej._CP000155
seq_len:100
seq_name:tmRNA_Gemm.obsc._TRW-214688_1-412
seq_len:412
seq_name:RNaseP_SM-A2642
seq_len:290
seq_name:srp_Lyco.escu._Z46746
seq_len:303
seq_name:RNaseP_SM-A5584
seq_len:341
seq_name:tmRNA_Pelo.carb._CP000142_1-358
seq_len:358
current processing 1401/1740
seq_name:16s_G.intestinalis_domain2
seq_len:392
seq_name:5s_Streptomyces-sp.-2
seq_len:120
seq_name:tmRNA_Nitr.mult._CP000103_1-362
seq_len:362
seq_name:RNaseP_LGB32
seq_len:313
seq_name:srp_Mann.succ._AE016827
seq_len:118
seq_name:tRNA_tdbR00000232-Phaseolus_vulgaris-3885-Leu-NAA
seq_len:88
seq_name:RNaseP_R.rubrum
seq_len:429
seq_name:tRNA_tdbR00000347-Enterobacteria_phage_T4-10665-Arg-NCU
seq_len:75
seq_name:srp_Rhod.balt._BX294144
seq_len:93
seq_name:tRNA_tdbR00000446-Halobacterium_salinarum-2242-Val-CAC
seq_len:78
seq_name:tRNA_tdbR00000131-Triticum_aestivum-4565-Gly-GCC
seq_len:74
seq_name:tmRNA_Bord.pert._TRW-257313_1-387
seq_len:387
seq_name:tmRNA_Haem.infl._TRW-262727_1-366
seq_len:366
seq_name:5s_Acheta-domesticus-1
seq_len:120
seq_name:5s_Streptomyces-purpureus-1
seq_len:120
seq_name:tRNA_tdbR00000417-Nicotiana_rustica-4093-Ser-GCU
seq_len:85
seq_name:tRNA_tdbR00000031-Rattus_norvegicus-10116-Asp-QUC
seq_len:71
seq_name:tmRNA_Chla.cavi._AE015925_1-425
seq_len:425
seq_name:tRNA_tdbR00000472-Drosophila_melanogaster-7227-Val-IAC
seq_len:76
seq_name:telomerase_AF221921.98-548
seq_len:451
seq_name:5s_Vibrio-cyclosites-1
seq_len:119
seq_name:5s_Haemophilus-influenzae-6
seq_len:115
seq_name:tmRNA_Stre.pneu._TRW-216600_1-348
seq_len:348
seq_name:tRNA_tdbR00000229-Glycine_max-3847-Leu-JAA
seq_len:88
seq_name:RNaseP_Prochlorococcus-NATL1
seq_len:333
seq_name:tRNA_tdbR00000434-Mycoplasma_capricolum-2095-Thr-UGU
seq_len:76
seq_name:16s_C.elegans_domain1
seq_len:173
seq_name:5s_Ralstonia-solanacearum-1
seq_len:114
seq_name:tmRNA_Sacc.degr._CP000282_1-389
seq_len:389
seq_name:RNaseP_P.furiosus
seq_len:331
seq_name:srp_Stap.aure._BX571857
seq_len:101
seq_name:RNaseP_R.prowazekii
seq_len:385
seq_name:5s_Cryptococcus-humicola-1
seq_len:118
seq_name:srp_Leis.infa._SDB-5671
seq_len:279
seq_name:RNaseP_E.faecalis-2
seq_len:389
seq_name:5s_Neurospora-crassa-6
seq_len:120
seq_name:srp_Fran.tula._CP000608
seq_len:99
seq_name:5s_Blastopirellula-marina-1
seq_len:110
seq_name:tRNA_tdbR00000447-Halobacterium_salinarum-2242-Val-CAC
seq_len:78
seq_name:srp_Synt.fuma._CP000478
seq_len:110
seq_name:tmRNA_Prev.inte._TRW-246198_1-400
seq_len:400
seq_name:RNaseP_SMB-A5
seq_len:293
seq_name:telomerase_AF221909.98-496
seq_len:399
seq_name:5s_Weissella-viridescens-2
seq_len:117
seq_name:5s_Caulobacter-crescentus-2
seq_len:116
seq_name:5s_Micrococcus-luteus-1
seq_len:121
seq_name:5s_Colwellia-hadaliensis-1
seq_len:119
seq_name:tmRNA_Acti.pleu._TRW-228399_1-366
seq_len:366
seq_name:RNaseP_B.burgdorferi-g
seq_len:352
seq_name:5s_Achromobacter-cycloclastes-1
seq_len:120
seq_name:tRNA_tdbR00000377-Mus_musculus-10090-Arg-ICG
seq_len:76
seq_name:tmRNA_Baci.cere._TRW-288681_1-355
seq_len:355
seq_name:5s_Distigma-proteus-1
seq_len:118
seq_name:srp_Babe.bige._GSP-5866
seq_len:280
seq_name:RNaseP_S.malidevorans
seq_len:286
seq_name:RNaseP_P.strasburgensis
seq_len:314
seq_name:5s_Aplysia-kurodai-1
seq_len:119
seq_name:RNaseP_M.thermoautotrophicum-DH
seq_len:293
seq_name:tRNA_tdbR00000001-Halobacterium_salinarum-2242-Ala-CGC
seq_len:75
seq_name:tmRNA_Stre.pyog._AE010048_1-348
seq_len:348
seq_name:16s_D.melanogaster_domain4
seq_len:169
seq_name:tRNA_tdbR00000413-Candida_cylindracea-44322-Ser-GCU
seq_len:86
seq_name:5s_Streptococcus-pneumoniae-2
seq_len:116
seq_name:5s_Eimeria-tenella-1
seq_len:123
seq_name:tRNA_tdbR00000088-Triticum_aestivum-4565-Phe-AA
seq_len:76
seq_name:tRNA_tdbR00000449-Haloferax_volcanii-2246-Val-CAC
seq_len:78
seq_name:tRNA_tdbR00000535-Xenopus_laevis-8355-Ini-CAU
seq_len:75
seq_name:srp_Burk.spec._CP000151
seq_len:99
seq_name:tRNA_tdbR00000574-Leishmania_tarentolae-5689-Trp-CCA
seq_len:72
seq_name:srp_Homo.sapi._BF909438
seq_len:284
seq_name:16s_P.staleyi_domain2
seq_len:353
seq_name:tmRNA_Erwi.amyl._TRW-552_1-381
seq_len:381
seq_name:tRNA_tdbR00000516-Spinacia_oleracea-3562-Ini-CAU
seq_len:77
seq_name:tRNA_tdbR00000492-Rattus_norvegicus-10116-Trp-NCA
seq_len:70
seq_name:srp_Arab.thal._AF069442
seq_len:306
seq_name:5s_Emericella-nidulans-5
seq_len:119
seq_name:RNaseP_SM-A1831
seq_len:340
seq_name:srp_Bras.napu._EE409827
seq_len:308
seq_name:srp_Stre.pyog._AE006489
seq_len:98
seq_name:tmRNA_Burk.mall._CP000010_1-370
seq_len:370
seq_name:srp_Aspe.terr._GSP-341663
seq_len:283
seq_name:RNaseP_A.obstetricans
seq_len:404
seq_name:grp1_b.I1.e.M.anisopliae.3.C1.LSU.1921
seq_len:394
seq_name:5s_Wolbachia-pipientis-1
seq_len:107
seq_name:tRNA_tdbR00000093-Bombyx_mori-7091-Phe-AA
seq_len:76
seq_name:tRNA_tdbR00000210-Enterobacteria_phage_T5-10726-Leu-UAG
seq_len:85
seq_name:tRNA_tdbR00000366-Rattus_norvegicus-10116-Arg-UCG
seq_len:72
seq_name:RNaseP_P.pygmaeus
seq_len:320
seq_name:5s_Photobacterium-leiognathi-1
seq_len:120
seq_name:tmRNA_Aqui.aeol._TRW-63363_1-347
seq_len:347
seq_name:RNaseP_M.pneumoniae
seq_len:369
seq_name:srp_Myco.vanb._CP000511
seq_len:92
seq_name:RNaseP_Nocardiodes-ATCC39419
seq_len:310
seq_name:RNaseP_E.coli-JM109
seq_len:377
seq_name:5s_Kutzneria-albida-1
seq_len:120
seq_name:5s_Acetobacter-sp.-1
seq_len:119
seq_name:RNaseP_C.diphtheriae
seq_len:425
seq_name:grp1_a.I1.e.S.paniceum.UNK.SSU.1506
seq_len:259
seq_name:5s_Saccharopolyspora-rectivirgula-1
seq_len:122
seq_name:tRNA_tdbR00000555-Saccharomyces_cerevisiae-4932-Tyr-GPA
seq_len:78
current processing 1501/1740
seq_name:RNaseP_M.flocculare
seq_len:412
seq_name:tmRNA_Bifi.long._TRW-206672_1-397
seq_len:397
seq_name:5s_Mycobacterium-tuberculosis-3
seq_len:117
seq_name:tmRNA_List.mono._TRW-1639-1_1-370
seq_len:370
seq_name:RNaseP_ESH183A
seq_len:294
seq_name:telomerase_AF221913.109-520
seq_len:412
seq_name:srp_Mari.aqua._CP000514
seq_len:100
seq_name:srp_Pyro.aero._AE009852
seq_len:322
seq_name:5s_Saccharopolyspora-hirsuta-1
seq_len:122
seq_name:RNaseP_A.nidulans
seq_len:385
seq_name:tmRNA_Shig.flex._CP000266_1-363
seq_len:363
seq_name:5s_Pasteurella-multocida-1
seq_len:119
seq_name:tmRNA_Myxo.xant._TRW-34_1-366
seq_len:366
seq_name:16s_E.coli_domain3
seq_len:484
seq_name:tRNA_tdbR00000623-Escherichia_coli-562-Pro-CGG
seq_len:77
seq_name:tmRNA_Haem.infl._U32808_1-366
seq_len:366
seq_name:5s_Alcaligenes-sp.-1
seq_len:118
seq_name:RNaseP_L.weilii
seq_len:336
seq_name:tmRNA_Rumi.albu._TRW-246199_1-354
seq_len:354
seq_name:RNaseP_C.psittaci
seq_len:333
seq_name:srp_Chla.rein._X71484
seq_len:290
seq_name:tmRNA_Vibr.vuln._AE016795_1-367
seq_len:367
seq_name:RNaseP_P.stutzeri
seq_len:294
seq_name:5s_Gloiopeltis-complanata-1
seq_len:120
seq_name:RNaseP_N.gregoryi
seq_len:474
seq_name:tRNA_tdbR00000533-Drosophila_melanogaster-7227-Ini-CAU
seq_len:75
seq_name:srp_Ther.koda._AP006878
seq_len:318
seq_name:5s_Shewanella-colwelliana-1
seq_len:120
seq_name:16s_C.elegans_domain3
seq_len:290
seq_name:16s_S.cerevisiae_domain4
seq_len:164
seq_name:tmRNA_Exig.sibi._TRW-262543_1-359
seq_len:359
seq_name:tRNA_tdbR00000122-Codium_fragile-3133-Gly-UCC
seq_len:75
seq_name:tRNA_tdbR00000062-Homo_sapiens-9606-Glu-CUC
seq_len:75
seq_name:srp_Myco.gall._AE016968
seq_len:82
seq_name:tRNA_tdbR00000194-Triticum_aestivum-4565-Lys-CUU
seq_len:76
seq_name:tRNA_tdbR00000375-Bos_taurus-9913-Arg-CCU
seq_len:76
seq_name:srp_Dich.nodo._CP000513
seq_len:107
seq_name:tmRNA_Myco.tube._TRW-164513_1-368
seq_len:368
seq_name:16s_H.volcanii_domain2
seq_len:359
seq_name:RNaseP_PS8
seq_len:304
seq_name:tmRNA_Neis.meni._TRW-122586_1-363
seq_len:363
seq_name:telomerase_AF221910.112-554
seq_len:443
seq_name:srp_Camp.jeju._CP000768
seq_len:103
seq_name:tmRNA_Prop.acne._AE017283_1-371
seq_len:371
seq_name:tRNA_tdbR00000367-Bos_taurus-9913-Arg-UCG
seq_len:72
seq_name:RNaseP_CPA56
seq_len:334
seq_name:RNaseP_E.eschscholtzii-2
seq_len:326
seq_name:5s_Terrapene-carolina-1
seq_len:120
seq_name:tmRNA_Clos.teta._AE015927_1-355
seq_len:355
seq_name:tRNA_tdbR00000118-Escherichia_coli-562-Gly-GCC
seq_len:76
seq_name:5s_Mus-musculus-1
seq_len:120
seq_name:tRNA_tdbR00000621-Nicotiana_rustica-4093-Cys-GCA
seq_len:75
seq_name:RNaseP_N.luteus
seq_len:266
seq_name:tRNA_tdbR00000452-Mycoplasma_mycoides-2102-Val-UAC
seq_len:76
seq_name:5s_Pichia-membranifaciens-1
seq_len:120
seq_name:5s_Curtobacterium-citreum-1
seq_len:122
seq_name:srp_Baci.cere._CP000001
seq_len:103
seq_name:5s_Methanosarcina-mazei-2
seq_len:129
seq_name:RNaseP_S.caesia-SB01
seq_len:339
seq_name:grp1_a.I1.e.C.merochlorophea.UNK.SSU.1210
seq_len:267
seq_name:tRNA_tdbR00000622-Nicotiana_rustica-4093-Cys-GCA
seq_len:75
seq_name:5s_Propionibacterium-acnes-1
seq_len:122
seq_name:tmRNA_Meso.viri._AF166114_1-359
seq_len:359
seq_name:tmRNA_Mann.succ._AE016827_1-367
seq_len:367
seq_name:5s_Escherichia-coli-11
seq_len:122
seq_name:5s_Aeromonas-media-1
seq_len:119
seq_name:tmRNA_Chla.trac._TRW-813-1_1-420
seq_len:420
seq_name:srp_Coxi.burn._CP000733
seq_len:108
seq_name:srp_Novo.arom._CP000248
seq_len:41
seq_name:tRNA_tdbR00000310-Enterobacteria_phage_T5-10726-Pro-UGG
seq_len:77
seq_name:srp_Trop.whip._BX251412
seq_len:89
seq_name:srp_Stre.muta._AF132127
seq_len:73
seq_name:srp_Bruc.meli._AM040264
seq_len:106
seq_name:srp_Stro.purp._GSP-7668
seq_len:301
seq_name:5s_Methanospirillum-hungatei-1
seq_len:126
seq_name:RNaseP_Buchnera-APS
seq_len:376
seq_name:srp_Bras.napu._EE410150
seq_len:308
seq_name:16s_B.burgdorferi_domain3
seq_len:485
seq_name:grp1_a.I1.e.P.carinii.Pc2.C1.LSU.1921
seq_len:355
seq_name:telomerase_AF221906.96-545
seq_len:450
seq_name:RNaseP_P.aerogenes
seq_len:297
seq_name:tRNA_tdbR00000389-Bacillus_subtilis-1423-Ser-GGA
seq_len:92
seq_name:tmRNA_Neis.meni._AE002452_1-360
seq_len:360
seq_name:grp1_a.I1.c.A.cherimola.C3.tLEU
seq_len:494
seq_name:RNaseP_SM-A3355
seq_len:303
seq_name:5s_Mycoplasma-mycoides-1
seq_len:108
seq_name:16s_P.occultum_domain3
seq_len:485
seq_name:tRNA_tdbR00000362-Saccharomyces_cerevisiae-4932-Arg-NCU
seq_len:76
seq_name:tmRNA_Kleb.pneu._TRW-272620_1-363
seq_len:363
seq_name:tmRNA_Bdel.bact._BX842656_1-346
seq_len:346
seq_name:tmRNA_Borr.burg._TRW-224326_1-362
seq_len:362
seq_name:telomerase_AF221925.98-540
seq_len:443
seq_name:5s_Acremonium-chrysogenum-1
seq_len:119
seq_name:tmRNA_Nitr.euro._BX321865_1-360
seq_len:360
seq_name:tRNA_tdbR00000297-Azospirillum_lipoferum-193-Asn-QUU
seq_len:75
seq_name:RNaseP_C.difficile
seq_len:340
seq_name:RNaseP_T.syrichta
seq_len:286
seq_name:tmRNA_envi.sequ._TRW-356-1_1-289
seq_len:289
seq_name:srp_Rals.sola._AL646052
seq_len:101
seq_name:srp_Plas.viva._GSP-31273
seq_len:312
current processing 1601/1740
seq_name:tmRNA_Acin.spec._CR543861_1-360
seq_len:360
seq_name:srp_Baci.thur._CP000485
seq_len:269
seq_name:5s_Comamonas-terrigena-2
seq_len:115
seq_name:RNaseP_Anabaena-ATCC29413
seq_len:385
seq_name:grp1_a.I1.c.S.bicolor.C3.tLEU
seq_len:510
seq_name:srp_Sulf.acid._CP000077
seq_len:309
seq_name:5s_Gelidium-amansii-2
seq_len:121
seq_name:tmRNA_Ther.teng._AE013063_1-351
seq_len:351
seq_name:RNaseP_LGW46
seq_len:384
seq_name:5s_Pirellula-sp.-2
seq_len:111
seq_name:tRNA_tdbR00000464-Saccharomyces_cerevisiae-4932-Val-IAC
seq_len:77
seq_name:grp1_a.I1.e.Staurastrum.sp.M753.C1.SSU.1506
seq_len:415
seq_name:RNaseP_T.celerAL1-2
seq_len:331
seq_name:srp_Yers.pest._AL590842
seq_len:98
seq_name:5s_Meloidogyne-chitwoodi-1
seq_len:117
seq_name:tmRNA_Shew.spec._CP000469_1-355
seq_len:355
seq_name:RNaseP_C.trachomatis
seq_len:408
seq_name:5s_Cyanidium-caldarium-1
seq_len:124
seq_name:srp_Gloe.viol._BA000045
seq_len:99
seq_name:5s_Geobacillus-stearothermophilus-1
seq_len:117
seq_name:5s_Xenopus-borealis-3
seq_len:120
seq_name:tmRNA_Stre.pneu._TRW-1313_1-348
seq_len:348
seq_name:tmRNA_Myco.lepr._AL583919_1-366
seq_len:366
seq_name:tmRNA_Yers.berc._TRW-349968_1-381
seq_len:381
seq_name:5s_Thermus-thermophilus-3
seq_len:120
seq_name:RNaseP_S.mutans
seq_len:389
seq_name:RNaseP_M.hyopneumoniae
seq_len:416
seq_name:5s_Mycobacterium-tuberculosis-2
seq_len:116
seq_name:tmRNA_Myco.tube._TRW-1773_1-368
seq_len:368
seq_name:tRNA_tdbR00000270-Avian_myeloblastosis_virus-11866-Met-BAU
seq_len:76
seq_name:5s_Fusarium-pseudograminearum-5
seq_len:119
seq_name:srp_Woli.succ._BX571662
seq_len:107
seq_name:5s_Halobacterium-salinarum-2
seq_len:123
seq_name:tRNA_tdbR00000184-Asterias_amurensis-7602-Lys-CUU
seq_len:76
seq_name:tmRNA_Lact.brev._CP000416_1-372
seq_len:372
seq_name:tRNA_tdbR00000204-Loligo_bleekeri-6617-Lys-CUU
seq_len:76
seq_name:tRNA_tdbR00000002-Haloferax_volcanii-2246-Ala-CGC
seq_len:75
seq_name:telomerase_AF221939.99-544
seq_len:446
seq_name:srp_Salm.ente._CP000026
seq_len:118
seq_name:tRNA_tdbR00000029-Asterias_amurensis-7602-Asp-QUC
seq_len:73
seq_name:16s_B.burgdorferi_domain2
seq_len:349
seq_name:tmRNA_Pedi.pent._CP000422_1-369
seq_len:369
seq_name:srp_Zea.mays._CF919998
seq_len:303
seq_name:16s_T.maritima_domain2
seq_len:442
seq_name:tRNA_tdbR00000350-Haloferax_volcanii-2246-Arg-GCG
seq_len:76
seq_name:RNaseP_B.thetaiotaomicron
seq_len:361
seq_name:tRNA_tdbR00000352-Mycoplasma_capricolum-2095-Arg-ICG
seq_len:77
seq_name:tRNA_tdbR00000024-Mycoplasma_capricolum-2095-Asp-GUC
seq_len:77
seq_name:RNaseP_SMB-B3
seq_len:287
seq_name:srp_Stre.pyog._BA000034
seq_len:99
seq_name:5s_Bartonella-quintana-2
seq_len:119
seq_name:grp1_a.I1.e.G.spirotaenia.C1.SSU.1506
seq_len:387
seq_name:srp_Colw.psyc._CP000083
seq_len:98
seq_name:tRNA_tdbR00000047-Escherichia_coli-562-Glu-SUC
seq_len:75
seq_name:5s_Erysipelothrix-rhusiopathiae-2
seq_len:114
seq_name:16s_F.ananassa_domain4
seq_len:172
seq_name:srp_Brad.spec._CU234118
seq_len:106
seq_name:5s_Mycobacterium-bovis-2
seq_len:115
seq_name:srp_Leis.trop._AY722723
seq_len:134
seq_name:tmRNA_Haem.ducr._AE017143_1-367
seq_len:367
seq_name:grp1_a.I1.e.T.cosmopolitanis.C1.LSU.1925
seq_len:451
seq_name:tmRNA_Myco.myco._BX842642_1-411
seq_len:411
seq_name:RNaseP_ESH17b-7
seq_len:293
seq_name:srp_Dros.mela._AC095014
seq_len:299
seq_name:tmRNA_Stre.sobr._TRW-246202_1-349
seq_len:349
seq_name:srp_Neis.meni._DD001104
seq_len:105
seq_name:tmRNA_Salm.typh._AY316313_1-363
seq_len:363
seq_name:16s_Z.mays_domain4
seq_len:146
seq_name:5s_Filobasidiella-neoformans-1
seq_len:118
seq_name:srp_Brug.mala._GSP-6279
seq_len:301
seq_name:RNaseP_B.subtilis
seq_len:401
seq_name:tmRNA_Camp.jeju._AL139078_1-356
seq_len:356
seq_name:tmRNA_Fuso.nucl._TRW-209882_1-344
seq_len:344
seq_name:tRNA_tdbR00000617-Nanoarchaeum_equitans-160232-Gln-UUG
seq_len:76
seq_name:5s_Bacillus-cereus-7
seq_len:118
seq_name:tRNA_tdbR00000145-Saccharomyces_cerevisiae-4932-His-GUG
seq_len:76
seq_name:5s_Scytosiphon-lomentaria-1
seq_len:118
seq_name:16s_F.ananassa_domain3
seq_len:493
seq_name:5s_Methanococcus-voltae-1
seq_len:120
seq_name:5s_Euglena-gracilis-2
seq_len:119
seq_name:srp_Neis.meni._AM421808
seq_len:102
seq_name:tmRNA_Rals.meta._CP000352_1-360
seq_len:360
seq_name:tmRNA_Stre.suis._TRW-218494_1-354
seq_len:354
seq_name:tmRNA_Shew.spec._CP000446_1-355
seq_len:355
seq_name:srp_Stre.pyog._CP000003
seq_len:98
seq_name:5s_Bacillus-methanolicus-7
seq_len:116
seq_name:telomerase_AF221926.103-507
seq_len:405
seq_name:5s_Vibrio-harveyi-1
seq_len:120
seq_name:5s_Colwellia-psychrerythraea-1
seq_len:119
seq_name:5s_Chlamydia-trachomatis-1
seq_len:117
seq_name:tRNA_tdbR00000609-Chlamydomonas_reinhardtii-3055-Leu-UA7
seq_len:84
seq_name:srp_Lact.john._AE017201
seq_len:101
seq_name:5s_Vibrio-harveyi-2
seq_len:122
seq_name:tmRNA_Alka.meta._TRW-293826_1-355
seq_len:355
seq_name:srp_Enta.mosh._GSP-41668
seq_len:273
seq_name:srp_Bord.aviu._AM167904
seq_len:103
seq_name:tmRNA_Neph.oliv._AF137379-2_1-327
seq_len:327
seq_name:srp_Pseu.fluo._CP000094
seq_len:117
seq_name:RNaseP_P.guilliermondii
seq_len:189
seq_name:srp_Xyle.fast._AE009442
seq_len:103
current processing 1701/1740
seq_name:srp_Stap.epid._CP000029
seq_len:101
seq_name:srp_Neis.gono._DD110233
seq_len:92
seq_name:RNaseP_SM-A06
seq_len:343
seq_name:5s_Rhodopseudomonas-palustris-3
seq_len:120
seq_name:telomerase_U85256.1-451
seq_len:451
seq_name:srp_Tric.eryt._CP000393
seq_len:94
seq_name:5s_Corynebacterium-xerosis-2
seq_len:121
seq_name:5s_Pseudomonas-aeruginosa-2
seq_len:120
seq_name:RNaseP_SMB-B2
seq_len:334
seq_name:tmRNA_Mann.haem._TRW-272629_1-367
seq_len:367
seq_name:tRNA_tdbR00000092-Oryctolagus_cuniculus-9986-Phe-AA
seq_len:76
seq_name:RNaseP_SM-A04
seq_len:330
seq_name:RNaseP_SM-A4775
seq_len:289
seq_name:tmRNA_Ther.fusc._CP000088_1-372
seq_len:372
seq_name:srp_Burk.pseu._CP000572
seq_len:79
seq_name:5s_Fusarium-asiaticum-5
seq_len:119
seq_name:tmRNA_Pseu.atla._CP000388_1-357
seq_len:357
seq_name:tRNA_tdbR00000022-Enterobacteria_phage_T5-10726-Asp-GUC
seq_len:77
seq_name:tRNA_tdbR00000529-Triticum_aestivum-4565-Ini-CAU
seq_len:75
seq_name:grp1_a.I1.e.C.ellipsoidea.211-1a.C1.SSU.1506
seq_len:479
seq_name:tRNA_tdbR00000532-Oryctolagus_cuniculus-9986-Ini-CAU
seq_len:75
seq_name:tRNA_tdbR00000542-Mycoplasma_capricolum-2095-Tyr-GUA
seq_len:84
seq_name:5s_Cycas-revoluta-1
seq_len:120
seq_name:5s_Mytilus-galloprovincialis-3
seq_len:119
seq_name:RNaseP_K.polysporus
seq_len:265
seq_name:16s_H.volcanii_domain4
seq_len:128
seq_name:grp1_a.I1.e.A.capsulatus.FLs1.C1.SSU
seq_len:428
seq_name:RNaseP_S.azurea-K161T
seq_len:339
seq_name:RNaseP_P.staleyi
seq_len:376
seq_name:srp_Pseu.puti._CP000712
seq_len:98
seq_name:tRNA_tdbR00000493-Bos_taurus-9913-Trp-NCA
seq_len:70
seq_name:srp_Agro.tume._AE007951
seq_len:103
seq_name:RNaseP_C.aurantiacus
seq_len:328
seq_name:srp_Clos.botu._AM412317
seq_len:244
seq_name:5s_Burkholderia-cepacia-1
seq_len:116
seq_name:srp_Phyt.infe._CV919934
seq_len:255
seq_name:tmRNA_Xyle.fast._TRW-155919_1-355
seq_len:355
seq_name:srp_Ther.teng._AE012978
seq_len:267
seq_name:RNaseP_A.pernix
seq_len:330
All_file_list:1740
Save RNA test data to data/test.pick
use gpu: True
Loading file:  data/test.pick
Loading dataset Done!!!
train.len=1740
FCDenseNet(
  (features): Sequential(
    (0): BasicConv2d(
      (conv): Conv2d(146, 64, kernel_size=(3, 3), stride=(1, 1), padding=(1, 1), bias=False)
      (bn): BatchNorm2d(64, eps=1e-05, momentum=0.1, affine=True, track_running_stats=True)
      (relu): ReLU(inplace=True)
    )
    (1): BasicConv2d(
      (conv): Conv2d(64, 32, kernel_size=(3, 3), stride=(1, 1), padding=(1, 1), bias=False)
      (bn): BatchNorm2d(32, eps=1e-05, momentum=0.1, affine=True, track_running_stats=True)
      (relu): ReLU(inplace=True)
    )
    (2): BasicConv2d(
      (conv): Conv2d(32, 16, kernel_size=(3, 3), stride=(1, 1), padding=(1, 1), bias=False)
      (bn): BatchNorm2d(16, eps=1e-05, momentum=0.1, affine=True, track_running_stats=True)
      (relu): ReLU(inplace=True)
    )
  )
  (down_dense): Module(
    (block_0): DenseBlock(16, 4*4+16=32)(
      (layer_0): DenseLayer(16, 4)(
        (norm): BatchNorm2d(16, eps=1e-05, momentum=0.1, affine=True, track_running_stats=True)
        (relu): ReLU(inplace=True)
        (conv): Conv2d(16, 4, kernel_size=(3, 3), stride=(1, 1), padding=(1, 1), bias=False)
      )
      (layer_1): DenseLayer(20, 4)(
        (norm): BatchNorm2d(20, eps=1e-05, momentum=0.1, affine=True, track_running_stats=True)
        (relu): ReLU(inplace=True)
        (conv): Conv2d(20, 4, kernel_size=(3, 3), stride=(1, 1), padding=(1, 1), bias=False)
      )
      (layer_2): DenseLayer(24, 4)(
        (norm): BatchNorm2d(24, eps=1e-05, momentum=0.1, affine=True, track_running_stats=True)
        (relu): ReLU(inplace=True)
        (conv): Conv2d(24, 4, kernel_size=(3, 3), stride=(1, 1), padding=(1, 1), bias=False)
      )
      (layer_3): DenseLayer(28, 4)(
        (norm): BatchNorm2d(28, eps=1e-05, momentum=0.1, affine=True, track_running_stats=True)
        (relu): ReLU(inplace=True)
        (conv): Conv2d(28, 4, kernel_size=(3, 3), stride=(1, 1), padding=(1, 1), bias=False)
      )
    )
    (block_1): DenseBlock(32, 4*8+32=64)(
      (layer_0): DenseLayer(32, 8)(
        (norm): BatchNorm2d(32, eps=1e-05, momentum=0.1, affine=True, track_running_stats=True)
        (relu): ReLU(inplace=True)
        (conv): Conv2d(32, 8, kernel_size=(3, 3), stride=(1, 1), padding=(1, 1), bias=False)
      )
      (layer_1): DenseLayer(40, 8)(
        (norm): BatchNorm2d(40, eps=1e-05, momentum=0.1, affine=True, track_running_stats=True)
        (relu): ReLU(inplace=True)
        (conv): Conv2d(40, 8, kernel_size=(3, 3), stride=(1, 1), padding=(1, 1), bias=False)
      )
      (layer_2): DenseLayer(48, 8)(
        (norm): BatchNorm2d(48, eps=1e-05, momentum=0.1, affine=True, track_running_stats=True)
        (relu): ReLU(inplace=True)
        (conv): Conv2d(48, 8, kernel_size=(3, 3), stride=(1, 1), padding=(1, 1), bias=False)
      )
      (layer_3): DenseLayer(56, 8)(
        (norm): BatchNorm2d(56, eps=1e-05, momentum=0.1, affine=True, track_running_stats=True)
        (relu): ReLU(inplace=True)
        (conv): Conv2d(56, 8, kernel_size=(3, 3), stride=(1, 1), padding=(1, 1), bias=False)
      )
    )
    (block_2): DenseBlock(64, 4*16+64=128)(
      (layer_0): DenseLayer(64, 16)(
        (norm): BatchNorm2d(64, eps=1e-05, momentum=0.1, affine=True, track_running_stats=True)
        (relu): ReLU(inplace=True)
        (conv): Conv2d(64, 16, kernel_size=(3, 3), stride=(1, 1), padding=(1, 1), bias=False)
      )
      (layer_1): DenseLayer(80, 16)(
        (norm): BatchNorm2d(80, eps=1e-05, momentum=0.1, affine=True, track_running_stats=True)
        (relu): ReLU(inplace=True)
        (conv): Conv2d(80, 16, kernel_size=(3, 3), stride=(1, 1), padding=(1, 1), bias=False)
      )
      (layer_2): DenseLayer(96, 16)(
        (norm): BatchNorm2d(96, eps=1e-05, momentum=0.1, affine=True, track_running_stats=True)
        (relu): ReLU(inplace=True)
        (conv): Conv2d(96, 16, kernel_size=(3, 3), stride=(1, 1), padding=(1, 1), bias=False)
      )
      (layer_3): DenseLayer(112, 16)(
        (norm): BatchNorm2d(112, eps=1e-05, momentum=0.1, affine=True, track_running_stats=True)
        (relu): ReLU(inplace=True)
        (conv): Conv2d(112, 16, kernel_size=(3, 3), stride=(1, 1), padding=(1, 1), bias=False)
      )
    )
    (block_3): DenseBlock(128, 4*32+128=256)(
      (layer_0): DenseLayer(128, 32)(
        (norm): BatchNorm2d(128, eps=1e-05, momentum=0.1, affine=True, track_running_stats=True)
        (relu): ReLU(inplace=True)
        (conv): Conv2d(128, 32, kernel_size=(3, 3), stride=(1, 1), padding=(1, 1), bias=False)
      )
      (layer_1): DenseLayer(160, 32)(
        (norm): BatchNorm2d(160, eps=1e-05, momentum=0.1, affine=True, track_running_stats=True)
        (relu): ReLU(inplace=True)
        (conv): Conv2d(160, 32, kernel_size=(3, 3), stride=(1, 1), padding=(1, 1), bias=False)
      )
      (layer_2): DenseLayer(192, 32)(
        (norm): BatchNorm2d(192, eps=1e-05, momentum=0.1, affine=True, track_running_stats=True)
        (relu): ReLU(inplace=True)
        (conv): Conv2d(192, 32, kernel_size=(3, 3), stride=(1, 1), padding=(1, 1), bias=False)
      )
      (layer_3): DenseLayer(224, 32)(
        (norm): BatchNorm2d(224, eps=1e-05, momentum=0.1, affine=True, track_running_stats=True)
        (relu): ReLU(inplace=True)
        (conv): Conv2d(224, 32, kernel_size=(3, 3), stride=(1, 1), padding=(1, 1), bias=False)
      )
    )
  )
  (down_trans): Module(
    (trans_0): TransitionDown(32, 32, dropout=0)(
      (norm): BatchNorm2d(32, eps=1e-05, momentum=0.1, affine=True, track_running_stats=True)
      (relu): ReLU(inplace=True)
      (conv): Conv2d(32, 32, kernel_size=(1, 1), stride=(1, 1), bias=False)
      (pool): MaxPool2d(kernel_size=2, stride=2, padding=0, dilation=1, ceil_mode=False)
    )
    (trans_1): TransitionDown(64, 64, dropout=0)(
      (norm): BatchNorm2d(64, eps=1e-05, momentum=0.1, affine=True, track_running_stats=True)
      (relu): ReLU(inplace=True)
      (conv): Conv2d(64, 64, kernel_size=(1, 1), stride=(1, 1), bias=False)
      (pool): MaxPool2d(kernel_size=2, stride=2, padding=0, dilation=1, ceil_mode=False)
    )
    (trans_2): TransitionDown(128, 128, dropout=0)(
      (norm): BatchNorm2d(128, eps=1e-05, momentum=0.1, affine=True, track_running_stats=True)
      (relu): ReLU(inplace=True)
      (conv): Conv2d(128, 128, kernel_size=(1, 1), stride=(1, 1), bias=False)
      (pool): MaxPool2d(kernel_size=2, stride=2, padding=0, dilation=1, ceil_mode=False)
    )
    (trans_3): TransitionDown(256, 256, dropout=0)(
      (norm): BatchNorm2d(256, eps=1e-05, momentum=0.1, affine=True, track_running_stats=True)
      (relu): ReLU(inplace=True)
      (conv): Conv2d(256, 256, kernel_size=(1, 1), stride=(1, 1), bias=False)
      (pool): MaxPool2d(kernel_size=2, stride=2, padding=0, dilation=1, ceil_mode=False)
    )
  )
  (middle): DenseBlock(256, 8*32+256=512)(
    (layer_0): DenseLayer(256, 32)(
      (norm): BatchNorm2d(256, eps=1e-05, momentum=0.1, affine=True, track_running_stats=True)
      (relu): ReLU(inplace=True)
      (conv): Conv2d(256, 32, kernel_size=(3, 3), stride=(1, 1), padding=(1, 1), bias=False)
    )
    (layer_1): DenseLayer(288, 32)(
      (norm): BatchNorm2d(288, eps=1e-05, momentum=0.1, affine=True, track_running_stats=True)
      (relu): ReLU(inplace=True)
      (conv): Conv2d(288, 32, kernel_size=(3, 3), stride=(1, 1), padding=(1, 1), bias=False)
    )
    (layer_2): DenseLayer(320, 32)(
      (norm): BatchNorm2d(320, eps=1e-05, momentum=0.1, affine=True, track_running_stats=True)
      (relu): ReLU(inplace=True)
      (conv): Conv2d(320, 32, kernel_size=(3, 3), stride=(1, 1), padding=(1, 1), bias=False)
    )
    (layer_3): DenseLayer(352, 32)(
      (norm): BatchNorm2d(352, eps=1e-05, momentum=0.1, affine=True, track_running_stats=True)
      (relu): ReLU(inplace=True)
      (conv): Conv2d(352, 32, kernel_size=(3, 3), stride=(1, 1), padding=(1, 1), bias=False)
    )
    (layer_4): DenseLayer(384, 32)(
      (norm): BatchNorm2d(384, eps=1e-05, momentum=0.1, affine=True, track_running_stats=True)
      (relu): ReLU(inplace=True)
      (conv): Conv2d(384, 32, kernel_size=(3, 3), stride=(1, 1), padding=(1, 1), bias=False)
    )
    (layer_5): DenseLayer(416, 32)(
      (norm): BatchNorm2d(416, eps=1e-05, momentum=0.1, affine=True, track_running_stats=True)
      (relu): ReLU(inplace=True)
      (conv): Conv2d(416, 32, kernel_size=(3, 3), stride=(1, 1), padding=(1, 1), bias=False)
    )
    (layer_6): DenseLayer(448, 32)(
      (norm): BatchNorm2d(448, eps=1e-05, momentum=0.1, affine=True, track_running_stats=True)
      (relu): ReLU(inplace=True)
      (conv): Conv2d(448, 32, kernel_size=(3, 3), stride=(1, 1), padding=(1, 1), bias=False)
    )
    (layer_7): DenseLayer(480, 32)(
      (norm): BatchNorm2d(480, eps=1e-05, momentum=0.1, affine=True, track_running_stats=True)
      (relu): ReLU(inplace=True)
      (conv): Conv2d(480, 32, kernel_size=(3, 3), stride=(1, 1), padding=(1, 1), bias=False)
    )
  )
  (up_dense): Module(
    (block_0): DenseBlock(256, 4*64=256)(
      (layer_0): DenseLayer(256, 64)(
        (norm): BatchNorm2d(256, eps=1e-05, momentum=0.1, affine=True, track_running_stats=True)
        (relu): ReLU(inplace=True)
        (conv): Conv2d(256, 64, kernel_size=(3, 3), stride=(1, 1), padding=(1, 1), bias=False)
      )
      (layer_1): DenseLayer(320, 64)(
        (norm): BatchNorm2d(320, eps=1e-05, momentum=0.1, affine=True, track_running_stats=True)
        (relu): ReLU(inplace=True)
        (conv): Conv2d(320, 64, kernel_size=(3, 3), stride=(1, 1), padding=(1, 1), bias=False)
      )
      (layer_2): DenseLayer(384, 64)(
        (norm): BatchNorm2d(384, eps=1e-05, momentum=0.1, affine=True, track_running_stats=True)
        (relu): ReLU(inplace=True)
        (conv): Conv2d(384, 64, kernel_size=(3, 3), stride=(1, 1), padding=(1, 1), bias=False)
      )
      (layer_3): DenseLayer(448, 64)(
        (norm): BatchNorm2d(448, eps=1e-05, momentum=0.1, affine=True, track_running_stats=True)
        (relu): ReLU(inplace=True)
        (conv): Conv2d(448, 64, kernel_size=(3, 3), stride=(1, 1), padding=(1, 1), bias=False)
      )
    )
    (block_1): DenseBlock(128, 4*32=128)(
      (layer_0): DenseLayer(128, 32)(
        (norm): BatchNorm2d(128, eps=1e-05, momentum=0.1, affine=True, track_running_stats=True)
        (relu): ReLU(inplace=True)
        (conv): Conv2d(128, 32, kernel_size=(3, 3), stride=(1, 1), padding=(1, 1), bias=False)
      )
      (layer_1): DenseLayer(160, 32)(
        (norm): BatchNorm2d(160, eps=1e-05, momentum=0.1, affine=True, track_running_stats=True)
        (relu): ReLU(inplace=True)
        (conv): Conv2d(160, 32, kernel_size=(3, 3), stride=(1, 1), padding=(1, 1), bias=False)
      )
      (layer_2): DenseLayer(192, 32)(
        (norm): BatchNorm2d(192, eps=1e-05, momentum=0.1, affine=True, track_running_stats=True)
        (relu): ReLU(inplace=True)
        (conv): Conv2d(192, 32, kernel_size=(3, 3), stride=(1, 1), padding=(1, 1), bias=False)
      )
      (layer_3): DenseLayer(224, 32)(
        (norm): BatchNorm2d(224, eps=1e-05, momentum=0.1, affine=True, track_running_stats=True)
        (relu): ReLU(inplace=True)
        (conv): Conv2d(224, 32, kernel_size=(3, 3), stride=(1, 1), padding=(1, 1), bias=False)
      )
    )
    (block_2): DenseBlock(64, 4*16=64)(
      (layer_0): DenseLayer(64, 16)(
        (norm): BatchNorm2d(64, eps=1e-05, momentum=0.1, affine=True, track_running_stats=True)
        (relu): ReLU(inplace=True)
        (conv): Conv2d(64, 16, kernel_size=(3, 3), stride=(1, 1), padding=(1, 1), bias=False)
      )
      (layer_1): DenseLayer(80, 16)(
        (norm): BatchNorm2d(80, eps=1e-05, momentum=0.1, affine=True, track_running_stats=True)
        (relu): ReLU(inplace=True)
        (conv): Conv2d(80, 16, kernel_size=(3, 3), stride=(1, 1), padding=(1, 1), bias=False)
      )
      (layer_2): DenseLayer(96, 16)(
        (norm): BatchNorm2d(96, eps=1e-05, momentum=0.1, affine=True, track_running_stats=True)
        (relu): ReLU(inplace=True)
        (conv): Conv2d(96, 16, kernel_size=(3, 3), stride=(1, 1), padding=(1, 1), bias=False)
      )
      (layer_3): DenseLayer(112, 16)(
        (norm): BatchNorm2d(112, eps=1e-05, momentum=0.1, affine=True, track_running_stats=True)
        (relu): ReLU(inplace=True)
        (conv): Conv2d(112, 16, kernel_size=(3, 3), stride=(1, 1), padding=(1, 1), bias=False)
      )
    )
    (block_3): DenseBlock(32, 4*8=32)(
      (layer_0): DenseLayer(32, 8)(
        (norm): BatchNorm2d(32, eps=1e-05, momentum=0.1, affine=True, track_running_stats=True)
        (relu): ReLU(inplace=True)
        (conv): Conv2d(32, 8, kernel_size=(3, 3), stride=(1, 1), padding=(1, 1), bias=False)
      )
      (layer_1): DenseLayer(40, 8)(
        (norm): BatchNorm2d(40, eps=1e-05, momentum=0.1, affine=True, track_running_stats=True)
        (relu): ReLU(inplace=True)
        (conv): Conv2d(40, 8, kernel_size=(3, 3), stride=(1, 1), padding=(1, 1), bias=False)
      )
      (layer_2): DenseLayer(48, 8)(
        (norm): BatchNorm2d(48, eps=1e-05, momentum=0.1, affine=True, track_running_stats=True)
        (relu): ReLU(inplace=True)
        (conv): Conv2d(48, 8, kernel_size=(3, 3), stride=(1, 1), padding=(1, 1), bias=False)
      )
      (layer_3): DenseLayer(56, 8)(
        (norm): BatchNorm2d(56, eps=1e-05, momentum=0.1, affine=True, track_running_stats=True)
        (relu): ReLU(inplace=True)
        (conv): Conv2d(56, 8, kernel_size=(3, 3), stride=(1, 1), padding=(1, 1), bias=False)
      )
    )
  )
  (up_trans): Module(
    (trans_0): TransitionUp([256, 256] -> 256))(
      (upconv): Sequential(
        (0): Upsample(scale_factor=2.0, mode=nearest)
        (1): Conv2d(512, 256, kernel_size=(3, 3), stride=(1, 1), padding=(1, 1))
        (2): BatchNorm2d(256, eps=1e-05, momentum=0.1, affine=True, track_running_stats=True)
        (3): ReLU(inplace=True)
      )
      (concat): Concatenate()
    )
    (trans_1): TransitionUp([128, 128] -> 128))(
      (upconv): Sequential(
        (0): Upsample(scale_factor=2.0, mode=nearest)
        (1): Conv2d(256, 128, kernel_size=(3, 3), stride=(1, 1), padding=(1, 1))
        (2): BatchNorm2d(128, eps=1e-05, momentum=0.1, affine=True, track_running_stats=True)
        (3): ReLU(inplace=True)
      )
      (concat): Concatenate()
    )
    (trans_2): TransitionUp([64, 64] -> 64))(
      (upconv): Sequential(
        (0): Upsample(scale_factor=2.0, mode=nearest)
        (1): Conv2d(128, 64, kernel_size=(3, 3), stride=(1, 1), padding=(1, 1))
        (2): BatchNorm2d(64, eps=1e-05, momentum=0.1, affine=True, track_running_stats=True)
        (3): ReLU(inplace=True)
      )
      (concat): Concatenate()
    )
    (trans_3): TransitionUp([32, 32] -> 32))(
      (upconv): Sequential(
        (0): Upsample(scale_factor=2.0, mode=nearest)
        (1): Conv2d(64, 32, kernel_size=(3, 3), stride=(1, 1), padding=(1, 1))
        (2): BatchNorm2d(32, eps=1e-05, momentum=0.1, affine=True, track_running_stats=True)
        (3): ReLU(inplace=True)
      )
      (concat): Concatenate()
    )
  )
  (final): Conv2d(32, 1, kernel_size=(1, 1), stride=(1, 1))
  (Norm): BatchNorm2d(1, eps=1e-05, momentum=0.1, affine=True, track_running_stats=True)
)
----------
Epoch 50/100
----------
Phase train...
Train data:1740
/home/gkulemeyer/Repos/REDFold/exec0/redfold/fold/data_generator.py:53: VisibleDeprecationWarning: Creating an ndarray from ragged nested sequences (which is a list-or-tuple of lists-or-tuples-or ndarrays with different lengths or shapes) is deprecated. If you meant to do this, you must specify 'dtype=object' when creating the ndarray.
  self.seq_hot= np.array([instance[2] for instance in self.data])
/home/gkulemeyer/Repos/REDFold/exec0/redfold/fold/data_generator.py:54: VisibleDeprecationWarning: Creating an ndarray from ragged nested sequences (which is a list-or-tuple of lists-or-tuples-or ndarrays with different lengths or shapes) is deprecated. If you meant to do this, you must specify 'dtype=object' when creating the ndarray.
  self.data_y= np.array([instance[3] for instance in self.data])
/home/gkulemeyer/Repos/REDFold/exec0/redfold/fold/data_generator.py:55: VisibleDeprecationWarning: Creating an ndarray from ragged nested sequences (which is a list-or-tuple of lists-or-tuples-or ndarrays with different lengths or shapes) is deprecated. If you meant to do this, you must specify 'dtype=object' when creating the ndarray.
  self.data_x= np.array([instance[4] for instance in self.data])
/home/gkulemeyer/Repos/REDFold/exec0/redfold/fold/data_generator.py:56: VisibleDeprecationWarning: Creating an ndarray from ragged nested sequences (which is a list-or-tuple of lists-or-tuples-or ndarrays with different lengths or shapes) is deprecated. If you meant to do this, you must specify 'dtype=object' when creating the ndarray.
  self.data_z= np.array([instance[5] for instance in self.data])
Epoch Loss:0.0722
----------
Epoch 51/100
----------
Phase train...
Train data:1740
Epoch Loss:0.0712
----------
Epoch 52/100
----------
Phase train...
Train data:1740
Epoch Loss:0.0703
----------
Epoch 53/100
----------
Phase train...
Train data:1740
Epoch Loss:0.0700
----------
Epoch 54/100
----------
Phase train...
Train data:1740
Epoch Loss:0.0716
----------
Epoch 55/100
----------
Phase train...
Train data:1740
Epoch Loss:0.0719
----------
Epoch 56/100
----------
Phase train...
Train data:1740
Epoch Loss:0.0695
----------
Epoch 57/100
----------
Phase train...
Train data:1740
Epoch Loss:0.0706
----------
Epoch 58/100
----------
Phase train...
Train data:1740
Epoch Loss:0.0704
----------
Epoch 59/100
----------
Phase train...
Train data:1740
Epoch Loss:0.0714
----------
Epoch 60/100
----------
Phase train...
Train data:1740
Epoch Loss:0.0707
----------
Epoch 61/100
----------
Phase train...
Train data:1740
Epoch Loss:0.0701
----------
Epoch 62/100
----------
Phase train...
Train data:1740
Epoch Loss:0.0710
----------
Epoch 63/100
----------
Phase train...
Train data:1740
Epoch Loss:0.0698
----------
Epoch 64/100
----------
Phase train...
Train data:1740
Epoch Loss:0.0712
----------
Epoch 65/100
----------
Phase train...
Train data:1740
Epoch Loss:0.0685
----------
Epoch 66/100
----------
Phase train...
Train data:1740
Epoch Loss:0.0692
----------
Epoch 67/100
----------
Phase train...
Train data:1740
Epoch Loss:0.0703
----------
Epoch 68/100
----------
Phase train...
Train data:1740
Epoch Loss:0.0684
----------
Epoch 69/100
----------
Phase train...
Train data:1740
Epoch Loss:0.0702
----------
Epoch 70/100
----------
Phase train...
Train data:1740
Epoch Loss:0.0706
----------
Epoch 71/100
----------
Phase train...
Train data:1740
Epoch Loss:0.0689
----------
Epoch 72/100
----------
Phase train...
Train data:1740
Epoch Loss:0.0687
----------
Epoch 73/100
----------
Phase train...
Train data:1740
Epoch Loss:0.0690
----------
Epoch 74/100
----------
Phase train...
Train data:1740
Epoch Loss:0.0686
----------
Epoch 75/100
----------
Phase train...
Train data:1740
Epoch Loss:0.0680
----------
Epoch 76/100
----------
Phase train...
Train data:1740
Epoch Loss:0.0685
----------
Epoch 77/100
----------
Phase train...
Train data:1740
Epoch Loss:0.0686
----------
Epoch 78/100
----------
Phase train...
Train data:1740
Epoch Loss:0.0691
----------
Epoch 79/100
----------
Phase train...
Train data:1740
Epoch Loss:0.0687
----------
Epoch 80/100
----------
Phase train...
Train data:1740
Epoch Loss:0.0692
----------
Epoch 81/100
----------
Phase train...
Train data:1740
Epoch Loss:0.0677
----------
Epoch 82/100
----------
Phase train...
Train data:1740
Epoch Loss:0.0686
----------
Epoch 83/100
----------
Phase train...
Train data:1740
Epoch Loss:0.0685
----------
Epoch 84/100
----------
Phase train...
Train data:1740
Epoch Loss:0.0678
----------
Epoch 85/100
----------
Phase train...
Train data:1740
Epoch Loss:0.0684
----------
Epoch 86/100
----------
Phase train...
Train data:1740
Epoch Loss:0.0691
----------
Epoch 87/100
----------
Phase train...
Train data:1740
Epoch Loss:0.0688
----------
Epoch 88/100
----------
Phase train...
Train data:1740
Epoch Loss:0.0690
----------
Epoch 89/100
----------
Phase train...
Train data:1740
Epoch Loss:0.0697
----------
Epoch 90/100
----------
Phase train...
Train data:1740
Epoch Loss:0.0671
----------
Epoch 91/100
----------
Phase train...
Train data:1740
Epoch Loss:0.0673
----------
Epoch 92/100
----------
Phase train...
Train data:1740
Epoch Loss:0.0674
----------
Epoch 93/100
----------
Phase train...
Train data:1740
Epoch Loss:0.0675
----------
Epoch 94/100
----------
Phase train...
Train data:1740
Epoch Loss:0.0694
----------
Epoch 95/100
----------
Phase train...
Train data:1740
Epoch Loss:0.0694
----------
Epoch 96/100
----------
Phase train...
Train data:1740
Epoch Loss:0.0691
----------
Epoch 97/100
----------
Phase train...
Train data:1740
Epoch Loss:0.0682
----------
Epoch 98/100
----------
Phase train...
Train data:1740
Epoch Loss:0.0670
----------
Epoch 99/100
----------
Phase train...
Train data:1740
Epoch Loss:0.0670
Saving model to data/mod_redense_100.pt
train finish.
