name,p_appr1,s_appr1,f1_appr1,f1_exact,dataset,fold
5s_Acidovorax-facilis-1,0.631578947368421,0.7272727272727273,0.704225352112676,0.676056338028169,hc_100,5s
5s_Alcaligenes-faecalis-2,0.2,0.21875,0.20895522388059704,0.20895522388059704,hc_100,5s
5s_Acidiphilium-acidophilum-1,0.5151515151515151,0.5,0.5373134328358209,0.5074626865671642,hc_100,5s
5s_Pyrococcus-abyssi-1,0.2777777777777778,0.3333333333333333,0.5454545454545454,0.303030303030303,hc_100,5s
5s_Pseudonocardia-hydrocarbonoxydans-1,0.55,0.6111111111111112,0.5789473684210527,0.5789473684210527,hc_100,5s
5s_Rhodospirillum-rubrum-1,0.5,0.5714285714285714,0.6666666666666666,0.5333333333333333,hc_100,5s
5s_Corynebacterium-jeikeium-2,0.4864864864864865,0.5294117647058824,0.5070422535211269,0.5070422535211269,hc_100,5s
5s_Methanocaldococcus-jannaschii-1,0.47368421052631576,0.5294117647058824,0.6388888888888888,0.5,hc_100,5s
5s_Crithidia-fasciculata-1,0.2972972972972973,0.3235294117647059,0.3098591549295775,0.3098591549295775,hc_100,5s
5s_Uthatobasidium-fusisporum-1,0.4411764705882353,0.4411764705882353,0.4411764705882353,0.4411764705882353,hc_100,5s
5s_Deinococcus-radiodurans-2,0.40540540540540543,0.4411764705882353,0.5352112676056339,0.4225352112676056,hc_100,5s
5s_Thermus-aquaticus-1,0.425,0.5151515151515151,0.507795100222717,0.4657534246575342,hc_100,5s
5s_Thiomicrospira-sp.-1,0.32432432432432434,0.35294117647058826,0.3380281690140845,0.3380281690140845,hc_100,5s
5s_Taxus-baccata-1,0.23809523809523808,0.3125,0.27027027027027023,0.27027027027027023,hc_100,5s
5s_Thermoplasma-acidophilum-1,0.39473684210526316,0.46875,0.4285714285714286,0.4285714285714286,hc_100,5s
5s_Pythium-torulosum-1,0.29411764705882354,0.2702702702702703,0.28169014084507044,0.28169014084507044,hc_100,5s
5s_Gymnosporangium-sabinae-1,0.5,0.4864864864864865,0.5340829234012648,0.4931506849315069,hc_100,5s
5s_Sabellastarte-japonica-1,0.6410256410256411,0.7142857142857143,0.6756756756756757,0.6756756756756757,hc_100,5s
5s_Mycobacterium-phlei-1,0.5882352941176471,0.6060606060606061,0.5970149253731343,0.5970149253731343,hc_100,5s
5s_Halothiobacillus-neapolitanus-1,0.7894736842105263,0.8571428571428571,0.8219178082191781,0.8219178082191781,hc_100,5s
5s_Neurospora-crassa-13,0.6363636363636364,0.6176470588235294,0.6268656716417911,0.6268656716417911,hc_100,5s
5s_Porphyromonas-gingivalis-2,0.0,0.0,0.10714285714285714,0.0,hc_100,5s
5s_Legionella-longbeachae-1,0.4,0.4117647058823529,0.40579710144927533,0.40579710144927533,hc_100,5s
5s_Streptomyces-coelicolor-3,0.7428571428571429,0.7428571428571429,0.7714285714285715,0.7428571428571429,hc_100,5s
5s_Methylophilus-methylotrophus-1,0.375,0.375,0.4212962962962963,0.375,hc_100,5s
5s_Acidithiobacillus-ferrooxidans-1,0.32432432432432434,0.36363636363636365,0.34285714285714286,0.34285714285714286,hc_100,5s
5s_Neurospora-crassa-9,0.6176470588235294,0.6,0.6666666666666666,0.608695652173913,hc_100,5s
5s_Pimelobacter-simplex-1,0.15151515151515152,0.14705882352941177,0.19310344827586207,0.14925373134328357,hc_100,5s
5s_Burkholderia-pseudomallei-1,0.43243243243243246,0.5161290322580645,0.47058823529411764,0.47058823529411764,hc_100,5s
5s_Mycoplasma-mobile-1,0.3225806451612903,0.4,0.42857142857142855,0.3571428571428571,hc_100,5s
5s_Corynebacterium-glutamicum-1,0.2727272727272727,0.2727272727272727,0.34782608695652173,0.2727272727272727,hc_100,5s
5s_Streptomyces-avermitilis-3,0.5641025641025641,0.6666666666666666,0.611111111111111,0.611111111111111,hc_100,5s
5s_P_cynthiaE,0.4878048780487805,0.5714285714285714,0.6191811553561414,0.5263157894736842,hc_100,5s
5s_Gracilaria-compressa-1,0.5135135135135135,0.5588235294117647,0.5352112676056339,0.5352112676056339,hc_100,5s
5s_Bacillus-clausii-3,0.2631578947368421,0.30303030303030304,0.36206896551724144,0.28169014084507044,hc_100,5s
5s_Renobacter-vaculatum-1,0.21212121212121213,0.22580645161290322,0.21875,0.21875,hc_100,5s
5s_Bacillus-clausii-1,0.28205128205128205,0.3333333333333333,0.41252302025782683,0.3055555555555555,hc_100,5s
5s_Moritella-marina-1,0.6216216216216216,0.6388888888888888,0.6301369863013699,0.6301369863013699,hc_100,5s
5s_Emericella-nidulans-3,0.6285714285714286,0.6111111111111112,0.7745901639344264,0.619718309859155,hc_100,5s
5s_Tricharina-hiemalis-1,0.6578947368421053,0.6944444444444444,0.7027027027027027,0.6756756756756757,hc_100,5s
5s_Actinomadura-madurae-1,0.22857142857142856,0.22857142857142856,0.22857142857142856,0.22857142857142856,hc_100,5s
5s_Penicillium-griseofulvum-1,0.5882352941176471,0.5555555555555556,0.7428571428571428,0.5714285714285715,hc_100,5s
5s_Nannocystis-exedens-1,0.42105263157894735,0.47058823529411764,0.5,0.4444444444444444,hc_100,5s
5s_Haliclona-oculata-1,0.5,0.5428571428571428,0.5205479452054795,0.5205479452054795,hc_100,5s
5s_Methanothermobacter-thermautotrophicus-2,0.46511627906976744,0.5714285714285714,0.5641025641025641,0.5128205128205128,hc_100,5s
5s_Streptomyces-coelicolor-2,0.6764705882352942,0.6571428571428571,0.6956521739130436,0.6666666666666666,hc_100,5s
5s_Xenopus-borealis-1,0.375,0.42857142857142855,0.39999999999999997,0.39999999999999997,hc_100,5s
5s_Filobasidium-floriforme-2,0.28125,0.2647058823529412,0.27272727272727276,0.27272727272727276,hc_100,5s
5s_Thraustochytrium-visurgense-2,0.425,0.4857142857142857,0.45333333333333337,0.45333333333333337,hc_100,5s
5s_Brucella-suis-2,0.5526315789473685,0.6176470588235294,0.5833333333333334,0.5833333333333334,hc_100,5s
5s_Cyanophora-paradoxa-1,0.32432432432432434,0.35294117647058826,0.39436619718309857,0.3380281690140845,hc_100,5s
5s_Propionibacterium-acnes-1,0.24242424242424243,0.22857142857142856,0.3235294117647059,0.23529411764705885,hc_100,5s
5s_Parachlamydia-sp.-1,0.2727272727272727,0.2727272727272727,0.2727272727272727,0.2727272727272727,hc_100,5s
5s_Mycoplasma-haemofelis-1,0.36363636363636365,0.36363636363636365,0.3939393939393939,0.36363636363636365,hc_100,5s
5s_Acholeplasma-laidlawii-2,0.4411764705882353,0.5,0.46875,0.46875,hc_100,5s
5s_Shewanella-colwelliana-1,0.5714285714285714,0.5555555555555556,0.591549295774648,0.5633802816901409,hc_100,5s
5s_Aurelia_aurita-1,0.4,0.48484848484848486,0.4383561643835617,0.4383561643835617,hc_100,5s
5s_Fusobacterium-mortiferum-2,0.23529411764705882,0.25806451612903225,0.24615384615384614,0.24615384615384614,hc_100,5s
5s_Tricholoma-matsutake-1,0.375,0.35294117647058826,0.3636363636363636,0.3636363636363636,hc_100,5s
5s_Myxococcus-coralloides-1,0.24242424242424243,0.25,0.24615384615384617,0.24615384615384617,hc_100,5s
5s_Halorhodospira-halophila-1,0.4888888888888889,0.6470588235294118,0.5929108485499462,0.5569620253164557,hc_100,5s
5s_Bacillus-anthracis-9,0.2926829268292683,0.36363636363636365,0.3629112662013958,0.32432432432432434,hc_100,5s
5s_Symbiobacterium-thermophilum-1,0.28125,0.3103448275862069,0.3442879499217527,0.2950819672131148,hc_100,5s
5s_Pinus-silvestris-1,0.42105263157894735,0.47058823529411764,0.4444444444444444,0.4444444444444444,hc_100,5s
5s_Rubrivivax-gelatinosus-1,0.2777777777777778,0.30303030303030304,0.36111111111111105,0.28985507246376807,hc_100,5s
5s_Pneumocystis-carinii-1,0.5853658536585366,0.6666666666666666,0.6493506493506495,0.6233766233766234,hc_100,5s
5s_Porphyra-umbilicalis-1,0.631578947368421,0.7058823529411765,0.6944444444444445,0.6666666666666667,hc_100,5s
5s_Scyliorhinus-canicula-1,0.27906976744186046,0.34285714285714286,0.3076923076923077,0.3076923076923077,hc_100,5s
5s_Bacillus-anthracis-8,0.21428571428571427,0.2727272727272727,0.2777777777777778,0.23999999999999996,hc_100,5s
5s_Salmonella-enterica-8,0.32432432432432434,0.3333333333333333,0.32876712328767127,0.32876712328767127,hc_100,5s
5s_Pseudomonas-syringae-1,0.6842105263157895,0.7428571428571429,0.7123287671232877,0.7123287671232877,hc_100,5s
5s_Smittium-culisetae-1,0.5142857142857142,0.5,0.5070422535211268,0.5070422535211268,hc_100,5s
5s_Brucella-melitensis-2,0.525,0.6363636363636364,0.6575342465753425,0.5753424657534246,hc_100,5s
5s_Acremonium-chrysogenum-1,0.5263157894736842,0.5555555555555556,0.5945945945945946,0.5405405405405405,hc_100,5s
5s_Acidithiobacillus-ferrooxidans-3,0.34210526315789475,0.38235294117647056,0.3611111111111111,0.3611111111111111,hc_100,5s
5s_Filobasidiella-neoformans-1,0.4722222222222222,0.5151515151515151,0.5217391304347826,0.49275362318840576,hc_100,5s
5s_Asellus-aquaticus-2,0.2,0.2,0.20000000000000004,0.20000000000000004,hc_100,5s
5s_Rhodococcus-rhodochrous-1,0.6857142857142857,0.6857142857142857,0.6857142857142857,0.6857142857142857,hc_100,5s
5s_Homo-sapiens-1,0.42857142857142855,0.4166666666666667,0.4225352112676056,0.4225352112676056,hc_100,5s
5s_Halobacterium-salinarum-3,0.4074074074074074,0.3333333333333333,0.41767068273092367,0.36666666666666664,hc_100,5s
5s_Dugesia-japonica-1,0.5675675675675675,0.5833333333333334,0.6027397260273972,0.5753424657534246,hc_100,5s
5s_Candidatus-Fritschea-bemisiae-1,0.3157894736842105,0.375,0.39999999999999997,0.34285714285714286,hc_100,5s
5s_Natronomonas-pharaonis-1,0.6756756756756757,0.7352941176470589,0.7042253521126761,0.7042253521126761,hc_100,5s
5s_Euglena-gracilis-1,0.5,0.5675675675675675,0.5569620253164557,0.5316455696202531,hc_100,5s
5s_C_paradoxE,0.4117647058823529,0.4,0.46376811594202894,0.40579710144927533,hc_100,5s
5s_Pythium-hydnosporum-1,0.2926829268292683,0.32432432432432434,0.33333333333333337,0.30769230769230765,hc_100,5s
5s_Agrobacterium-vitis-1,0.41025641025641024,0.47058823529411764,0.5055432372505544,0.4383561643835616,hc_100,5s
5s_Pyrococcus-furiosus-1,0.6052631578947368,0.696969696969697,0.7605633802816901,0.6478873239436619,hc_100,5s
5s_Candidatus-Tremblaya-princeps-2,0.23529411764705882,0.26666666666666666,0.25,0.25,hc_100,5s
5s_Solemya-velum-1,0.35,0.4,0.3733333333333333,0.3733333333333333,hc_100,5s
5s_Nocardiopsis-dassonvillei-1,0.35294117647058826,0.35294117647058826,0.35294117647058826,0.35294117647058826,hc_100,5s
5s_Fusarium-sporotrichioides-3,0.5,0.5142857142857142,0.5633802816901409,0.5070422535211268,hc_100,5s
5s_Emericella-nidulans-4,0.6666666666666666,0.6285714285714286,0.7352941176470589,0.6470588235294118,hc_100,5s
5s_Geobacillus-stearothermophilus-3,0.45454545454545453,0.45454545454545453,0.4995408631772268,0.45454545454545453,hc_100,5s
5s_Deinococcus-radiophilus-1,0.5555555555555556,0.7352941176470589,0.6977388094139363,0.6329113924050633,hc_100,5s
5s_Exidia-glandulosa-1,0.42857142857142855,0.4411764705882353,0.43478260869565216,0.43478260869565216,hc_100,5s
5s_Drosophila-mauritiana-1,0.4634146341463415,0.5277777777777778,0.4935064935064935,0.4935064935064935,hc_100,5s
5s_Neurospora-crassa-15,0.5588235294117647,0.5428571428571428,0.608695652173913,0.5507246376811593,hc_100,5s
5s_Tetrahymena-thermophila-1,0.39473684210526316,0.4166666666666667,0.40540540540540543,0.40540540540540543,hc_100,5s
5s_Lentinula-edodes-2,0.20588235294117646,0.21212121212121213,0.20895522388059704,0.20895522388059704,hc_100,5s
5s_Vibrio-adaptatus-1,0.27906976744186046,0.34285714285714286,0.3076923076923077,0.3076923076923077,hc_100,5s
5s_Streptomyces-nodosus-2,0.6666666666666666,0.6470588235294118,0.6865671641791046,0.6567164179104478,hc_100,5s
5s_Listonella-pelagia-1,0.5675675675675675,0.5833333333333334,0.5753424657534246,0.5753424657534246,hc_100,5s
5s_Mycoplasma-genitalium-1,0.43333333333333335,0.5416666666666666,0.5555555555555556,0.4814814814814815,hc_100,5s
5s_Endophyllum-sempervivi-1,0.28125,0.2647058823529412,0.27272727272727276,0.27272727272727276,hc_100,5s
5s_Mycobacterium-bovis-1,0.6206896551724138,0.5454545454545454,0.6451612903225807,0.5806451612903226,hc_100,5s
5s_Bacillus-subtilis-6,0.36585365853658536,0.46875,0.410958904109589,0.410958904109589,hc_100,5s
5s_Alcaligenes-faecalis-1,0.25,0.28125,0.35294117647058826,0.2647058823529412,hc_100,5s
5s_Gluconobacter-oxydans-3,0.6578947368421053,0.7575757575757576,0.7605633802816901,0.704225352112676,hc_100,5s
5s_Arthrobacter-globiformis-1,0.5,0.5151515151515151,0.5516129032258065,0.5074626865671642,hc_100,5s
5s_Buchnera-aphidicola-3,0.3142857142857143,0.36666666666666664,0.3384615384615384,0.3384615384615384,hc_100,5s
5s_Dugesia-japonica-2,0.43478260869565216,0.5555555555555556,0.5121951219512195,0.4878048780487805,hc_100,5s
5s_Mycoplasma-hyopneumoniae-1,0.4411764705882353,0.5555555555555556,0.49180327868852464,0.49180327868852464,hc_100,5s
5s_Rickettsia-prowazekii-1,0.3,0.375,0.33333333333333326,0.33333333333333326,hc_100,5s
5s_Candida-glabrata-1,0.6176470588235294,0.6,0.608695652173913,0.608695652173913,hc_100,5s
5s_Streptococcus-mutans-3,0.24324324324324326,0.28125,0.5471124620060791,0.26086956521739135,hc_100,5s
5s_Cyclidiopsis-acus-1,0.5641025641025641,0.5945945945945946,0.5789473684210528,0.5789473684210528,hc_100,5s
5s_Planococcus-kocurii-1,0.358974358974359,0.42424242424242425,0.5518672199170125,0.3888888888888889,hc_100,5s
5s_Pteridium-aquilinum-1,0.42857142857142855,0.4411764705882353,0.43478260869565216,0.43478260869565216,hc_100,5s
5s_Erysipelothrix-rhusiopathiae-3,0.3235294117647059,0.36666666666666664,0.34375,0.34375,hc_100,5s
5s_Oceanobacillus-iheyensis-1,0.4722222222222222,0.53125,0.5294117647058824,0.4999999999999999,hc_100,5s
5s_Neisseria-meningitidis-1,0.22580645161290322,0.21875,0.2222222222222222,0.2222222222222222,hc_100,5s
5s_Meloidogyne-chitwoodi-1,0.6410256410256411,0.7352941176470589,0.8070500927643784,0.6849315068493151,hc_100,5s
5s_Itersonilia-perplexans-1,0.2571428571428571,0.2647058823529412,0.2608695652173913,0.2608695652173913,hc_100,5s
5s_Haloarcula-marismortui-1,0.22857142857142856,0.25806451612903225,0.27272727272727276,0.24242424242424246,hc_100,5s
5s_Achromobacter-denitrificans-1,0.2727272727272727,0.2727272727272727,0.2727272727272727,0.2727272727272727,hc_100,5s
5s_Emericella-nidulans-7,0.6363636363636364,0.5833333333333334,0.739476678043231,0.6086956521739131,hc_100,5s
5s_Bacillus-thuringiensis-1,0.19047619047619047,0.25,0.2542372881355932,0.2162162162162162,hc_100,5s
5s_Colacogloea-peniophorae-1,0.7222222222222222,0.7222222222222222,0.7222222222222222,0.7222222222222222,hc_100,5s
5s_Sphacelotheca-polygoni-persicariae-1,0.5,0.5428571428571428,0.5205479452054795,0.5205479452054795,hc_100,5s
5s_Perkinsus-andrewsi-1,0.5641025641025641,0.5945945945945946,0.6842105263157895,0.5789473684210528,hc_100,5s
5s_Porphyra-tenera-1,0.6842105263157895,0.7428571428571429,0.7123287671232877,0.7123287671232877,hc_100,5s
5s_Tulasnella-violea-1,0.6756756756756757,0.7142857142857143,0.6944444444444444,0.6944444444444444,hc_100,5s
5s_Fusarium-cerealis-9,0.6923076923076923,0.7941176470588235,0.767123287671233,0.7397260273972601,hc_100,5s
5s_Mycoplasma-gallisepticum-1,0.3448275862068966,0.37037037037037035,0.35714285714285715,0.35714285714285715,hc_100,5s
5s_Schizosaccharomyces-pombe-2,0.4634146341463415,0.5277777777777778,0.5194805194805195,0.4935064935064935,hc_100,5s
5s_Mycoplasma-mycoides-1,0.41379310344827586,0.42857142857142855,0.42105263157894735,0.42105263157894735,hc_100,5s
5s_Corynebacterium-glutamicum-2,0.29411764705882354,0.30303030303030304,0.3723150357995227,0.29850746268656714,hc_100,5s
5s_Chlamydophila-abortus-1,0.4166666666666667,0.45454545454545453,0.43478260869565216,0.43478260869565216,hc_100,5s
5s_Anaerorhabdus-furcosa-1,0.3157894736842105,0.3870967741935484,0.34782608695652173,0.34782608695652173,hc_100,5s
5s_Christiansenia-pallida-1,0.2727272727272727,0.2727272727272727,0.2727272727272727,0.2727272727272727,hc_100,5s
5s_Saccharothrix-australiensis-1,0.45714285714285713,0.47058823529411764,0.46376811594202894,0.46376811594202894,hc_100,5s
5s_Fusarium-culmorum-6,0.4857142857142857,0.5,0.5797101449275363,0.49275362318840576,hc_100,5s
5s_Vibrio-proteolyticus-1,0.6216216216216216,0.6388888888888888,0.6301369863013699,0.6301369863013699,hc_100,5s
5s_Xanthomonas-campestris-1,0.7692307692307693,0.8571428571428571,0.8108108108108107,0.8108108108108107,hc_100,5s
5s_Euglena-gracilis-2,0.5555555555555556,0.5714285714285714,0.5633802816901409,0.5633802816901409,hc_100,5s
5s_Xenopus-borealis-3,0.11428571428571428,0.12903225806451613,0.12121212121212123,0.12121212121212123,hc_100,5s
5s_Bacillus-anthracis-2,0.2926829268292683,0.36363636363636365,0.3629112662013958,0.32432432432432434,hc_100,5s
5s_Brucella-abortus-1,0.5526315789473685,0.6176470588235294,0.5833333333333334,0.5833333333333334,hc_100,5s
5s_Thermoplasma-volcanium-1,0.6052631578947368,0.696969696969697,0.6478873239436619,0.6478873239436619,hc_100,5s
5s_Pinus-contorta-1,0.41025641025641024,0.47058823529411764,0.4383561643835616,0.4383561643835616,hc_100,5s
5s_Neurospora-crassa-10,0.5405405405405406,0.5714285714285714,0.5833333333333333,0.5555555555555556,hc_100,5s
5s_Ureaplasma-urealyticum-1,0.7741935483870968,0.8888888888888888,0.8275862068965517,0.8275862068965517,hc_100,5s
5s_Bacillus-sp.-1,0.4,0.48484848484848486,0.4383561643835617,0.4383561643835617,hc_100,5s
5s_Bacillus-subtilis-1,0.3953488372093023,0.5151515151515151,0.5374280230326295,0.4473684210526315,hc_100,5s
5s_Seliberia-stellata-1,0.39473684210526316,0.45454545454545453,0.5479452054794521,0.4225352112676056,hc_100,5s
5s_Shigella-flexneri-2,0.05,0.06060606060606061,0.05479452054794521,0.05479452054794521,hc_100,5s
5s_Tetrahymena-thermophila-3,0.4473684210526316,0.4722222222222222,0.4594594594594595,0.4594594594594595,hc_100,5s
5s_Isosphaera-pallida-1,0.1935483870967742,0.20689655172413793,0.19999999999999998,0.19999999999999998,hc_100,5s
5s_Candida-diversa-1,0.6285714285714286,0.6285714285714286,0.6285714285714286,0.6285714285714286,hc_100,5s
5s_Methanothermobacter-thermautotrophicus-7,0.34146341463414637,0.3888888888888889,0.38961038961038963,0.36363636363636365,hc_100,5s
5s_Geobacillus-stearothermophilus-1,0.5365853658536586,0.6666666666666666,0.5945945945945946,0.5945945945945946,hc_100,5s
5s_Methanothermobacter-thermautotrophicus-5,0.5238095238095238,0.6470588235294118,0.5789473684210527,0.5789473684210527,hc_100,5s
5s_Bacillus-halodurans-3,0.48717948717948717,0.5757575757575758,0.5277777777777778,0.5277777777777778,hc_100,5s
5s_Bartonella-henselae-1,0.29411764705882354,0.29411764705882354,0.3235294117647059,0.29411764705882354,hc_100,5s
5s_Clostridium-acetobutylicum-4,0.47368421052631576,0.5454545454545454,0.5633802816901409,0.5070422535211268,hc_100,5s
5s_Streptococcus-mutans-2,0.28125,0.28125,0.5921052631578947,0.28125,hc_100,5s
5s_Streptomyces-sp.-1,0.7567567567567568,0.8,0.8055555555555555,0.7777777777777778,hc_100,5s
5s_Meloidogyne-arenaria-4,0.38461538461538464,0.42857142857142855,0.4324324324324324,0.4054054054054054,hc_100,5s
5s_Vibrio-cyclosites-1,0.5952380952380952,0.7352941176470589,0.6842105263157895,0.6578947368421053,hc_100,5s
5s_Meloidogyne-artiellia-1,0.20930232558139536,0.2727272727272727,0.2631578947368421,0.23684210526315788,hc_100,5s
5s_Saccoglossus-kowalevskii-1,0.46153846153846156,0.5,0.48000000000000004,0.48000000000000004,hc_100,5s
5s_Yersinia-pseudotuberculosis-1,0.46875,0.4166666666666667,0.4411764705882353,0.4411764705882353,hc_100,5s
5s_Haemophilus-influenzae-6,0.4358974358974359,0.5,0.4657534246575343,0.4657534246575343,hc_100,5s
5s_Thermococcus-celer-2,0.475,0.5277777777777778,0.5789473684210527,0.5,hc_100,5s
5s_Methylomicrobium-album-1,0.6944444444444444,0.7352941176470589,0.7142857142857144,0.7142857142857144,hc_100,5s
5s_Tilletia-controversa-1,0.6764705882352942,0.6571428571428571,0.6666666666666666,0.6666666666666666,hc_100,5s
5s_Clostridium-butyricum-2,0.4634146341463415,0.5757575757575758,0.5405405405405406,0.5135135135135135,hc_100,5s
5s_Agrobacterium-tumefaciens-6,0.6944444444444444,0.7352941176470589,0.7142857142857144,0.7142857142857144,hc_100,5s
5s_Clostridium-butyricum-1,0.48717948717948717,0.5757575757575758,0.5555555555555556,0.5277777777777778,hc_100,5s
5s_Acheta-domesticus-1,0.3170731707317073,0.37142857142857144,0.34210526315789475,0.34210526315789475,hc_100,5s
5s_Chordaria-flagelliformis-1,0.26666666666666666,0.2222222222222222,0.2424242424242424,0.2424242424242424,hc_100,5s
5s_Corynebacterium-xerosis-1,0.25,0.29411764705882354,0.2972972972972973,0.27027027027027023,hc_100,5s
5s_Pneumocystis-carinii-2,0.6585365853658537,0.7297297297297297,0.7179487179487181,0.6923076923076923,hc_100,5s
5s_Fusobacterium-nucleatum-4,0.2926829268292683,0.4,0.3380281690140845,0.3380281690140845,hc_100,5s
5s_Photobacterium-leiognathi-1,0.47368421052631576,0.5,0.4864864864864865,0.4864864864864865,hc_100,5s
5s_Hyphomicrobium-sp.-6,0.34285714285714286,0.35294117647058826,0.4195804195804196,0.3478260869565218,hc_100,5s
5s_Burkholderia-mallei-1,0.43243243243243246,0.5161290322580645,0.47058823529411764,0.47058823529411764,hc_100,5s
5s_Saccharomonospora-sp.-1,0.5142857142857142,0.5294117647058824,0.5217391304347826,0.5217391304347826,hc_100,5s
5s_Fusarium-lunulosporum-10,0.5675675675675675,0.6176470588235294,0.619718309859155,0.5915492957746479,hc_100,5s
5s_Enterococcus-faecalis-1,0.26666666666666666,0.23529411764705882,0.25,0.25,hc_100,5s
5s_Thiobacillus-thioparus-1,0.23076923076923078,0.2903225806451613,0.2857142857142857,0.2571428571428572,hc_100,5s
5s_Pythium-pachycaule-1,0.29411764705882354,0.2702702702702703,0.28169014084507044,0.28169014084507044,hc_100,5s
5s_Wolinella-succinogenes-1,0.275,0.3055555555555556,0.2894736842105263,0.2894736842105263,hc_100,5s
5s_Araneus-diadematus-1,0.2777777777777778,0.2857142857142857,0.32313341493268055,0.28169014084507044,hc_100,5s
5s_Ulva-pertusa-1,0.13157894736842105,0.16129032258064516,0.18876404494382024,0.14492753623188406,hc_100,5s
5s_Hymeniacidon-sanguinea-1,0.4146341463414634,0.4857142857142857,0.4473684210526316,0.4473684210526316,hc_100,5s
5s_Geobacillus-kaustophilus-1,0.35135135135135137,0.3939393939393939,0.37142857142857144,0.37142857142857144,hc_100,5s
5s_Methanothermobacter-thermautotrophicus-4,0.40476190476190477,0.5151515151515151,0.4799999999999999,0.4533333333333333,hc_100,5s
5s_T_cruziE,0.19444444444444445,0.20588235294117646,0.19999999999999998,0.19999999999999998,hc_100,5s
5s_Chlorobium-phaeobacteroides-1,0.2,0.25,0.22222222222222224,0.22222222222222224,hc_100,5s
5s_Silicibacter-pomeroyi-1,0.40540540540540543,0.4838709677419355,0.6333104866346813,0.4411764705882353,hc_100,5s
5s_Helix-pomatia-1,0.3,0.3333333333333333,0.3157894736842105,0.3157894736842105,hc_100,5s
5s_Streptomyces-nodosus-4,0.7567567567567568,0.8,0.8055555555555555,0.7777777777777778,hc_100,5s
5s_Caulobacter-sp.-4,0.22857142857142856,0.25,0.23880597014925375,0.23880597014925375,hc_100,5s
5s_Sporolactobacillus-nakayamae-1,0.2777777777777778,0.30303030303030304,0.5364705882352941,0.28985507246376807,hc_100,5s
5s_Thermoactinomyces-vulgaris-1,0.3235294117647059,0.34375,0.5151515151515151,0.33333333333333337,hc_100,5s
5s_Dehalococcoides-ethenogenes-1,0.12195121951219512,0.16666666666666666,0.2647058823529412,0.14084507042253522,hc_100,5s
5s_Vibrio-parahaemolyticus-1,0.7631578947368421,0.8285714285714286,0.8348294434470377,0.7945205479452055,hc_100,5s
5s_Nitrobacter-winogradskyi-1,0.3333333333333333,0.34375,0.3384615384615385,0.3384615384615385,hc_100,5s
5s_Pseudonocardia-thermophila-1,0.5555555555555556,0.5714285714285714,0.5633802816901409,0.5633802816901409,hc_100,5s
5s_Streptococcus-thermophilus-1,0.45454545454545453,0.5,0.6666666666666666,0.47619047619047616,hc_100,5s
5s_Trichoplax-adhaerens-1,0.475,0.6129032258064516,0.5352112676056339,0.5352112676056339,hc_100,5s
5s_Leptospira-interrogans-1,0.5526315789473685,0.6176470588235294,0.5833333333333334,0.5833333333333334,hc_100,5s
5s_Listeria-monocytogenes-2,0.42105263157894735,0.48484848484848486,0.4507042253521127,0.4507042253521127,hc_100,5s
5s_Halorubrum-distributum-5,0.5,0.5294117647058824,0.5714285714285715,0.5142857142857143,hc_100,5s
5s_Vibrio-fischeri-1,0.47368421052631576,0.5142857142857142,0.5333333333333333,0.4931506849315068,hc_100,5s
5s_Mannheimia-succiniciproducens-2,0.3157894736842105,0.35294117647058826,0.33333333333333337,0.33333333333333337,hc_100,5s
5s_Notophthalmus-viridescens-1,0.22857142857142856,0.22857142857142856,0.22857142857142856,0.22857142857142856,hc_100,5s
5s_Vibrio-parahaemolyticus-3,0.38235294117647056,0.37142857142857144,0.37681159420289856,0.37681159420289856,hc_100,5s
5s_Prasinocladus-sp.-1,0.4594594594594595,0.5483870967741935,0.5294117647058824,0.5,hc_100,5s
5s_Bacteroides-fragilis-3,0.043478260869565216,0.043478260869565216,0.10434782608695652,0.043478260869565216,hc_100,5s
5s_Fusarium-pseudograminearum-6,0.7317073170731707,0.8571428571428571,0.8157894736842105,0.7894736842105263,hc_100,5s
5s_Thermotoga-sp.-1,0.4444444444444444,0.48484848484848486,0.5507246376811594,0.463768115942029,hc_100,5s
5s_Andrias-japonicus-1,0.23684210526315788,0.2571428571428571,0.2465753424657534,0.2465753424657534,hc_100,5s
5s_Mycoplasma-sp.-1,0.3235294117647059,0.4074074074074074,0.36065573770491804,0.36065573770491804,hc_100,5s
5s_Tremella-mesenterica-2,0.5,0.6470588235294118,0.6153846153846153,0.5641025641025642,hc_100,5s
5s_Fusarium-lunulosporum-3,0.5135135135135135,0.5588235294117647,0.6328955597248281,0.5352112676056339,hc_100,5s
5s_Halobacterium-salinarum-2,0.12903225806451613,0.12121212121212122,0.125,0.125,hc_100,5s
5s_Mycobacterium-smegmatis-2,0.59375,0.5757575757575758,0.5846153846153846,0.5846153846153846,hc_100,5s
5s_Neurospora-crassa-6,0.4722222222222222,0.4857142857142857,0.5352112676056338,0.47887323943661975,hc_100,5s
5s_Drosophila-simulans-1,0.4634146341463415,0.5277777777777778,0.4935064935064935,0.4935064935064935,hc_100,5s
5s_Saccharomyces-cerevisiae-7,0.6190476190476191,0.7428571428571429,0.6753246753246753,0.6753246753246753,hc_100,5s
5s_Lactobacillus-plantarum-1,0.3333333333333333,0.375,0.35294117647058826,0.35294117647058826,hc_100,5s
5s_Artemia-sp.-1,0.21428571428571427,0.17142857142857143,0.19047619047619047,0.19047619047619047,hc_100,5s
5s_Bacillus-anthracis-1,0.2857142857142857,0.36363636363636365,0.3579154375614553,0.32,hc_100,5s
5s_Ustilago-hordei-1,0.717948717948718,0.8,0.7837837837837838,0.7567567567567569,hc_100,5s
5s_Calanus-finmarchicus-1,0.3888888888888889,0.3888888888888889,0.4166666666666667,0.3888888888888889,hc_100,5s
5s_Bresslaua-vorax-1,0.5151515151515151,0.4857142857142857,0.5588235294117646,0.5,hc_100,5s
5s_Streptomyces-coelicolor-4,0.42424242424242425,0.4,0.5581395348837208,0.411764705882353,hc_100,5s
5s_Kondoa-malvinella-1,0.4857142857142857,0.4594594594594595,0.47222222222222227,0.47222222222222227,hc_100,5s
5s_Oceanobacillus-iheyensis-4,0.2564102564102564,0.3225806451612903,0.3835616438356164,0.2857142857142857,hc_100,5s
5s_Fusarium-asiaticum-5,0.7317073170731707,0.8571428571428571,0.8157894736842105,0.7894736842105263,hc_100,5s
5s_Geobacillus-kaustophilus-3,0.46153846153846156,0.5806451612903226,0.5142857142857143,0.5142857142857143,hc_100,5s
5s_Lethenteron-reissneri-1,0.42857142857142855,0.4166666666666667,0.4645602049530315,0.4225352112676056,hc_100,5s
5s_Starkeya-novella-1,0.5128205128205128,0.5882352941176471,0.547945205479452,0.547945205479452,hc_100,5s
5s_Legionella-pneumophila-3,0.21951219512195122,0.2727272727272727,0.24324324324324323,0.24324324324324323,hc_100,5s
5s_Fusarium-lunulosporum-6,0.675,0.7714285714285715,0.7466666666666666,0.72,hc_100,5s
5s_Xenopus-laevis-8,0.45,0.5,0.5263157894736842,0.4736842105263158,hc_100,5s
5s_Rana-catesbeiana-1,0.42857142857142855,0.4166666666666667,0.4225352112676056,0.4225352112676056,hc_100,5s
5s_Perkinsus-olseni-1,0.6666666666666666,0.6486486486486487,0.7945205479452055,0.6575342465753425,hc_100,5s
5s_Fusarium-culmorum-2,0.5526315789473685,0.6,0.6301369863013698,0.5753424657534247,hc_100,5s
5s_Bacillus-methanolicus-8,0.4146341463414634,0.5151515151515151,0.4594594594594595,0.4594594594594595,hc_100,5s
5s_Xenopus-laevis-1,0.4,0.4444444444444444,0.4210526315789474,0.4210526315789474,hc_100,5s
5s_Xylella-fastidiosa-1,0.4166666666666667,0.4411764705882353,0.42857142857142855,0.42857142857142855,hc_100,5s
5s_Buchnera-aphidicola-2,0.6944444444444444,0.7352941176470589,0.7142857142857144,0.7142857142857144,hc_100,5s
5s_Vibrio-parahaemolyticus-6,0.4857142857142857,0.4722222222222222,0.47887323943661975,0.47887323943661975,hc_100,5s
5s_Thiomonas-perometabolis-1,0.30303030303030304,0.30303030303030304,0.30303030303030304,0.30303030303030304,hc_100,5s
5s_Bacillus-thuringiensis-6,0.25,0.3225806451612903,0.28169014084507044,0.28169014084507044,hc_100,5s
5s_Rana-pipiens-1,0.525,0.6,0.56,0.56,hc_100,5s
5s_Crypthecodinium-cohnii-1,0.5227272727272727,0.6216216216216216,0.6419753086419754,0.5679012345679012,hc_100,5s
5s_Chlamydomonas-reinhardtii-1,0.19444444444444445,0.21875,0.2058823529411765,0.2058823529411765,hc_100,5s
5s_Pleurotus-ostreatus-1,0.13953488372093023,0.17647058823529413,0.15584415584415584,0.15584415584415584,hc_100,5s
5s_Thiomonas-intermedia-1,0.3783783783783784,0.42424242424242425,0.4000000000000001,0.4000000000000001,hc_100,5s
5s_Escherichia-coli-2,0.2857142857142857,0.2777777777777778,0.28169014084507044,0.28169014084507044,hc_100,5s
5s_Toxoplasma-gondii-2,0.5714285714285714,0.5555555555555556,0.619718309859155,0.5633802816901409,hc_100,5s
5s_Hyphomicrobium-sp.-4,0.25,0.24242424242424243,0.3225806451612903,0.24615384615384617,hc_100,5s
5s_Xenopus-borealis-2,0.2,0.20588235294117646,0.20289855072463767,0.20289855072463767,hc_100,5s
5s_Streptomyces-sp.-3,0.7222222222222222,0.7428571428571429,0.8023715415019763,0.732394366197183,hc_100,5s
5s_Bacteroides-capillosus-1,0.08571428571428572,0.1111111111111111,0.1413427561837456,0.0967741935483871,hc_100,5s
5s_Fusarium-cerealis-8,0.6410256410256411,0.7142857142857143,0.7567567567567569,0.6756756756756757,hc_100,5s
5s_Ustilago-scabiosae-1,0.5813953488372093,0.6944444444444444,0.6329113924050633,0.6329113924050633,hc_100,5s
5s_Cunninghamella-elegans-1,0.8421052631578947,0.8648648648648649,0.8933121019108281,0.8533333333333334,hc_100,5s
5s_Methanothermobacter-thermautotrophicus-3,0.475,0.5277777777777778,0.5263157894736842,0.5,hc_100,5s
5s_Streptosporangium-roseum-1,0.34210526315789475,0.37142857142857144,0.451077943615257,0.35616438356164387,hc_100,5s
5s_Mycoplasma-penetrans-1,0.19230769230769232,0.2,0.19607843137254902,0.19607843137254902,hc_100,5s
5s_Burkholderia-cepacia-1,0.2894736842105263,0.34375,0.3142857142857143,0.3142857142857143,hc_100,5s
5s_Buchnera-aphidicola-1,0.5161290322580645,0.5517241379310345,0.5333333333333333,0.5333333333333333,hc_100,5s
5s_Bacillus-thuringiensis-5,0.2619047619047619,0.34375,0.3354838709677419,0.2972972972972973,hc_100,5s
5s_Comamonas-terrigena-2,0.6060606060606061,0.6060606060606061,0.6666666666666666,0.6060606060606061,hc_100,5s
5s_Bacillus-subtilis-2,0.45,0.5454545454545454,0.5874125874125874,0.4931506849315069,hc_100,5s
5s_Blastopirellula-marina-1,0.25,0.26666666666666666,0.2580645161290323,0.2580645161290323,hc_100,5s
5s_Paracoccus-versutus-1,0.53125,0.5666666666666667,0.6129032258064516,0.5483870967741935,hc_100,5s
5s_Haloarcula-marismortui-3,0.5,0.53125,0.5597381342062193,0.5151515151515151,hc_100,5s
5s_Agaricostilbum-pulcherrimum-2,0.6,0.6666666666666666,0.6578947368421053,0.631578947368421,hc_100,5s
5s_Cryptobranchus-alleganiensis-1,0.2222222222222222,0.23529411764705882,0.22857142857142856,0.22857142857142856,hc_100,5s
5s_Alcaligenes-faecalis-3,0.631578947368421,0.7058823529411765,0.6666666666666667,0.6666666666666667,hc_100,5s
5s_Octopus-vulgaris-1,0.21621621621621623,0.24242424242424243,0.22857142857142856,0.22857142857142856,hc_100,5s
5s_Flavobacterium-johnsoniae-1,0.4594594594594595,0.5151515151515151,0.48571428571428577,0.48571428571428577,hc_100,5s
5s_Phycomyces-blakesleeanus-1,0.4878048780487805,0.5714285714285714,0.5665236051502145,0.5263157894736842,hc_100,5s
5s_Asterias-vulgaris-1,0.2647058823529412,0.2727272727272727,0.29850746268656714,0.26865671641791045,hc_100,5s
5s_Chlamydophila-caviae-1,0.4375,0.42424242424242425,0.43076923076923074,0.43076923076923074,hc_100,5s
5s_Coleosporium-tussilaginis-1,0.1875,0.17647058823529413,0.1818181818181818,0.1818181818181818,hc_100,5s
5s_Acremonium-persicinum-2,0.65625,0.5833333333333334,0.676470588235294,0.6176470588235293,hc_100,5s
5s_Beta-vulgaris-1,0.4864864864864865,0.5294117647058824,0.5070422535211269,0.5070422535211269,hc_100,5s
5s_Samia-cynthia-1,0.35,0.4,0.3733333333333333,0.3733333333333333,hc_100,5s
5s_Haloferax-volcanii-2,0.11428571428571428,0.12903225806451613,0.12121212121212123,0.12121212121212123,hc_100,5s
5s_Ascaris-suum-1,0.175,0.21212121212121213,0.1917808219178082,0.1917808219178082,hc_100,5s
5s_Mycobacterium-smegmatis-1,0.5675675675675675,0.6363636363636364,0.6000000000000001,0.6000000000000001,hc_100,5s
5s_Nemopsis-dofleini-1,0.34210526315789475,0.37142857142857144,0.35616438356164387,0.35616438356164387,hc_100,5s
5s_Spirosoma-sp.-1,0.23076923076923078,0.2,0.21428571428571427,0.21428571428571427,hc_100,5s
5s_Anaplasma-phagocytophilum-1,0.12121212121212122,0.12903225806451613,0.23382045929018788,0.125,hc_100,5s
5s_Saccharopolyspora-erythraea-1,0.4722222222222222,0.4722222222222222,0.5,0.4722222222222222,hc_100,5s
5s_Caenorhabditis-elegans-1,0.391304347826087,0.5142857142857142,0.46913580246913583,0.4444444444444444,hc_100,5s
5s_Colwellia-hadaliensis-1,0.5,0.5428571428571428,0.5205479452054795,0.5205479452054795,hc_100,5s
5s_Thiobacillus-sp.-2,0.5882352941176471,0.6060606060606061,0.5970149253731343,0.5970149253731343,hc_100,5s
5s_Planctomyces-limnophilus-1,0.4482758620689655,0.4482758620689655,0.4482758620689655,0.4482758620689655,hc_100,5s
5s_Empedobacter-brevis-1,0.5151515151515151,0.5,0.5074626865671642,0.5074626865671642,hc_100,5s
5s_Fusarium-sporotrichioides-2,0.45714285714285713,0.47058823529411764,0.5217391304347826,0.46376811594202894,hc_100,5s
5s_Streptomyces-cinereus-1,0.6451612903225806,0.5714285714285714,0.6363636363636364,0.606060606060606,hc_100,5s
5s_Brevibacterium-linens-1,0.41379310344827586,0.34285714285714286,0.40625,0.375,hc_100,5s
5s_Agrobacterium-tumefaciens-8,0.23076923076923078,0.2727272727272727,0.24999999999999994,0.24999999999999994,hc_100,5s
5s_Bufo-americanus-1,0.4117647058823529,0.3888888888888889,0.39999999999999997,0.39999999999999997,hc_100,5s
5s_Nitella-flexilis-1,0.23684210526315788,0.28125,0.2857142857142857,0.2571428571428571,hc_100,5s
5s_Lactococcus-lactis-5,0.41025641025641024,0.5,0.6630630630630631,0.4507042253521127,hc_100,5s
5s_Xenopus-laevis-7,0.5,0.5555555555555556,0.5263157894736842,0.5263157894736842,hc_100,5s
5s_Amycolatopsis-mediterranei-1,0.6857142857142857,0.6857142857142857,0.7142857142857143,0.6857142857142857,hc_100,5s
5s_Tilletiaria-anomala-1,0.75,0.7058823529411765,0.7575757575757576,0.7272727272727272,hc_100,5s
5s_Anthoceros-punctatus-1,0.45454545454545453,0.46875,0.4615384615384615,0.4615384615384615,hc_100,5s
5s_Methanothermobacter-thermautotrophicus-1,0.4117647058823529,0.42424242424242425,0.41791044776119407,0.41791044776119407,hc_100,5s
5s_Oerskovia-turbata-1,0.6666666666666666,0.6857142857142857,0.7178354500276092,0.676056338028169,hc_100,5s
5s_Salmonella-typhimurium-1,0.35294117647058826,0.3333333333333333,0.34285714285714286,0.34285714285714286,hc_100,5s
5s_Haloferax-volcanii-3,0.08333333333333333,0.0967741935483871,0.08955223880597014,0.08955223880597014,hc_100,5s
5s_Fusarium-pseudograminearum-7,0.5428571428571428,0.5428571428571428,0.6285714285714286,0.5428571428571428,hc_100,5s
5s_Arthrobacter-polychromogenes-1,0.5,0.5454545454545454,0.5642167780252413,0.5217391304347826,hc_100,5s
5s_Brevibacillus-brevis-1,0.39473684210526316,0.45454545454545453,0.4225352112676056,0.4225352112676056,hc_100,5s
5s_Schizochytrium-aggregatum-1,0.41025641025641024,0.4444444444444444,0.45333333333333337,0.42666666666666664,hc_100,5s
5s_Fusarium-pseudograminearum-1,0.6341463414634146,0.7222222222222222,0.7532467532467532,0.6753246753246753,hc_100,5s
5s_Clavispora-opuntiae-3,0.6944444444444444,0.6756756756756757,0.684931506849315,0.684931506849315,hc_100,5s
5s_Bacillus-megaterium-2,0.3902439024390244,0.48484848484848486,0.4324324324324324,0.4324324324324324,hc_100,5s
5s_Acyrthosiphon-magnoliae-1,0.1875,0.17647058823529413,0.1818181818181818,0.1818181818181818,hc_100,5s
5s_Samia-cynthia-ricini-1,0.27906976744186046,0.34285714285714286,0.3076923076923077,0.3076923076923077,hc_100,5s
5s_Lactobacillus-brevis-1,0.35294117647058826,0.375,0.5151515151515151,0.3636363636363636,hc_100,5s
5s_Mycobacterium-tuberculosis-1,0.3333333333333333,0.28125,0.3050847457627119,0.3050847457627119,hc_100,5s
5s_Streptomyces-coelicolor-5,0.6176470588235294,0.6363636363636364,0.6268656716417911,0.6268656716417911,hc_100,5s
5s_Graphiola-phoenicis-1,0.53125,0.4857142857142857,0.5074626865671641,0.5074626865671641,hc_100,5s
5s_Neurospora-africana-2,0.47368421052631576,0.5142857142857142,0.547945205479452,0.4931506849315068,hc_100,5s
5s_Cerastoderma-edule-1,0.38461538461538464,0.4166666666666667,0.4,0.4,hc_100,5s
5s_Methylococcus-capsulatus-1,0.8055555555555556,0.8787878787878788,0.8405797101449276,0.8405797101449276,hc_100,5s
5s_Weissella-viridescens-2,0.09375,0.09375,0.09375,0.09375,hc_100,5s
5s_Grimontia-hollisae-1,0.5945945945945946,0.6285714285714286,0.611111111111111,0.611111111111111,hc_100,5s
5s_Misgurnus-fossilis-1,0.3684210526315789,0.3888888888888889,0.37837837837837834,0.37837837837837834,hc_100,5s
5s_Geobacillus-stearothermophilus-2,0.5365853658536586,0.6666666666666666,0.5945945945945946,0.5945945945945946,hc_100,5s
5s_Bartonella-henselae-2,0.35,0.4117647058823529,0.37837837837837834,0.37837837837837834,hc_100,5s
5s_Leptospira-interrogans-2,0.5405405405405406,0.5882352941176471,0.5915492957746479,0.5633802816901409,hc_100,5s
5s_Russula-cyanoxantha-1,0.3235294117647059,0.3235294117647059,0.3235294117647059,0.3235294117647059,hc_100,5s
5s_Vibrio-harveyi-2,0.21621621621621623,0.22857142857142856,0.22222222222222224,0.22222222222222224,hc_100,5s
5s_Fusarium-cerealis-1,0.7105263157894737,0.75,0.7837837837837838,0.7297297297297298,hc_100,5s
5s_Thermotoga-neapolitana-1,0.475,0.5757575757575758,0.6448598130841122,0.5205479452054794,hc_100,5s
5s_Pyrococcus-horikoshii-2,0.5365853658536586,0.6666666666666666,0.7567567567567567,0.5945945945945946,hc_100,5s
5s_Streptococcus-salivarius-1,0.45454545454545453,0.5172413793103449,0.6619385342789599,0.4838709677419355,hc_100,5s
5s_Streptomyces-nodosus-3,0.5945945945945946,0.6470588235294118,0.6478873239436619,0.619718309859155,hc_100,5s
5s_Candida-magnoliae-1,0.7105263157894737,0.7714285714285715,0.7671232876712328,0.7397260273972601,hc_100,5s
5s_Agaricostilbum-pulcherrimum-1,0.6153846153846154,0.6666666666666666,0.6666666666666666,0.64,hc_100,5s
5s_Euplotes-woodruffi-1,0.5405405405405406,0.5882352941176471,0.619718309859155,0.5633802816901409,hc_100,5s
5s_Bacillus-cereus-1,0.27906976744186046,0.36363636363636365,0.3530552861299709,0.31578947368421056,hc_100,5s
5s_Neurospora-africana-1,0.5277777777777778,0.5588235294117647,0.6135458167330677,0.5428571428571428,hc_100,5s
5s_Wolbachia-endosymbiont-of-B.-malayi-1,0.4666666666666667,0.5,0.5678496868475991,0.4827586206896552,hc_100,5s
5s_Photobacterium-sp.-1,0.5263157894736842,0.5555555555555556,0.5804020100502513,0.5405405405405405,hc_100,5s
5s_Amycolatopsis-orientalis-1,0.8333333333333334,0.8571428571428571,0.8732394366197184,0.8450704225352113,hc_100,5s
5s_Candida-azyma-1,0.28125,0.2571428571428571,0.29850746268656714,0.26865671641791045,hc_100,5s
5s_Candidatus-Pelagibacter-ubique-1,0.21212121212121213,0.21212121212121213,0.21212121212121215,0.21212121212121215,hc_100,5s
5s_Dichelobacter-nodosus-1,0.41935483870967744,0.38235294117647056,0.39999999999999997,0.39999999999999997,hc_100,5s
5s_Filobasidium-floriforme-1,0.1875,0.17647058823529413,0.1818181818181818,0.1818181818181818,hc_100,5s
5s_Porphyra-yezoensis-1,0.5428571428571428,0.5588235294117647,0.5507246376811593,0.5507246376811593,hc_100,5s
5s_Caulobacter-sp.-5,0.5161290322580645,0.48484848484848486,0.5,0.5,hc_100,5s
5s_Paracentrotus-lividus-1,0.4722222222222222,0.4722222222222222,0.4722222222222222,0.4722222222222222,hc_100,5s
5s_Methanobrevibacter-ruminantium-1,0.16666666666666666,0.18181818181818182,0.31884057971014496,0.17391304347826086,hc_100,5s
5s_Methanosarcina-mazei-1,0.5641025641025641,0.6285714285714286,0.6611570247933884,0.5945945945945945,hc_100,5s
5s_Vibrio-mediterranei-1,0.36363636363636365,0.34285714285714286,0.39694656488549623,0.3529411764705882,hc_100,5s
5s_Photobacterium-angustum-1,0.47368421052631576,0.5,0.4864864864864865,0.4864864864864865,hc_100,5s
5s_Escherichia-coli-1,0.38235294117647056,0.3611111111111111,0.3714285714285714,0.3714285714285714,hc_100,5s
5s_Staphylococcus-aureus-3,0.5,0.625,0.5555555555555556,0.5555555555555556,hc_100,5s
5s_Microbotryum-violaceum-1,0.46153846153846156,0.5142857142857142,0.48648648648648646,0.48648648648648646,hc_100,5s
5s_Corynebacterium-jeikeium-1,0.4594594594594595,0.5,0.47887323943661975,0.47887323943661975,hc_100,5s
5s_Oryza-sativa-1,0.3076923076923077,0.35294117647058826,0.3287671232876712,0.3287671232876712,hc_100,5s
5s_Escherichia-coli-4,0.25,0.25,0.25,0.25,hc_100,5s
5s_Sinorhizobium-meliloti-1,0.10810810810810811,0.11764705882352941,0.11267605633802817,0.11267605633802817,hc_100,5s
5s_Gelidium-amansii-2,0.2631578947368421,0.2777777777777778,0.364,0.27027027027027023,hc_100,5s
5s_Mycoplasma-capricolum-1,0.4482758620689655,0.48148148148148145,0.4642857142857143,0.4642857142857143,hc_100,5s
5s_Candida-rugopelliculosa-1,0.47058823529411764,0.45714285714285713,0.46376811594202894,0.46376811594202894,hc_100,5s
5s_Mesorhizobium-loti-1,0.5952380952380952,0.7352941176470589,0.6842105263157895,0.6578947368421053,hc_100,5s
5s_Phaffia-rhodozyma-1,0.45714285714285713,0.47058823529411764,0.46376811594202894,0.46376811594202894,hc_100,5s
5s_Andrias-davidianus-1,0.08108108108108109,0.09375,0.08695652173913043,0.08695652173913043,hc_100,5s
5s_Neurospora-crassa-11,0.23076923076923078,0.2647058823529412,0.24657534246575344,0.24657534246575344,hc_100,5s
5s_Bacillus-cereus-4,0.2926829268292683,0.36363636363636365,0.3629112662013958,0.32432432432432434,hc_100,5s
5s_Streptococcus-agalactiae-2,0.2702702702702703,0.3333333333333333,0.4477611940298507,0.29850746268656714,hc_100,5s
5s_Clostridium-carnis-1,0.48717948717948717,0.5588235294117647,0.5205479452054794,0.5205479452054794,hc_100,5s
5s_Lemna-minor-1,0.6585365853658537,0.7941176470588235,0.72,0.72,hc_100,5s
5s_Salmonella-typhimurium-4,0.2571428571428571,0.2571428571428571,0.2571428571428571,0.2571428571428571,hc_100,5s
5s_Vibrio-logei-1,0.4878048780487805,0.5555555555555556,0.5194805194805195,0.5194805194805195,hc_100,5s
5s_Xenopus-laevis-5,0.40540540540540543,0.42857142857142855,0.4166666666666667,0.4166666666666667,hc_100,5s
5s_Laccaria-bicolor-1,0.1875,0.18181818181818182,0.1846153846153846,0.1846153846153846,hc_100,5s
5s_Fusobacterium-nucleatum-2,0.23255813953488372,0.3225806451612903,0.2702702702702703,0.2702702702702703,hc_100,5s
5s_Ureaplasma-parvum-3,0.7666666666666667,0.8518518518518519,0.8070175438596491,0.8070175438596491,hc_100,5s
5s_Ganoderma-applanatum-1,0.4864864864864865,0.5294117647058824,0.5070422535211269,0.5070422535211269,hc_100,5s
5s_Planococcus-citreus-1,0.42105263157894735,0.48484848484848486,0.5479452054794521,0.4507042253521127,hc_100,5s
5s_Bacillus-cereus-7,0.12195121951219512,0.15625,0.1753653444676409,0.136986301369863,hc_100,5s
5s_Rhodobacter-sphaeroides-2,0.4722222222222222,0.53125,0.4999999999999999,0.4999999999999999,hc_100,5s
5s_Bacteroides-fragilis-6,0.16666666666666666,0.18518518518518517,0.22580645161290322,0.17543859649122806,hc_100,5s
5s_Caulobacter-sp.-1,0.2702702702702703,0.3125,0.2898550724637681,0.2898550724637681,hc_100,5s
5s_Exobasidium-vaccinii-1,0.53125,0.4857142857142857,0.5074626865671641,0.5074626865671641,hc_100,5s
5s_Staphylococcus-haemolyticus-2,0.23333333333333334,0.21875,0.22580645161290322,0.22580645161290322,hc_100,5s
5s_Thiovulum-sp.-1,0.6216216216216216,0.6388888888888888,0.7397260273972601,0.6301369863013699,hc_100,5s
5s_Phleogena-faginea-1,0.2,0.2222222222222222,0.2105263157894737,0.2105263157894737,hc_100,5s
5s_Rhodobacter-sphaeroides-1,0.42424242424242425,0.4827586206896552,0.45161290322580644,0.45161290322580644,hc_100,5s
5s_Weissella-viridescens-1,0.0,0.0,0.0,0.0,hc_100,5s
5s_Andrias-japonicus-2,0.425,0.4857142857142857,0.45333333333333337,0.45333333333333337,hc_100,5s
5s_Neisseria-gonorrhoeae-1,0.22580645161290322,0.21875,0.2222222222222222,0.2222222222222222,hc_100,5s
5s_Bacillus-halodurans-1,0.5128205128205128,0.6060606060606061,0.5555555555555556,0.5555555555555556,hc_100,5s
5s_Pseudomonas-fluorescens-1,0.48484848484848486,0.45714285714285713,0.4705882352941177,0.4705882352941177,hc_100,5s
5s_Saccharomonospora-glauca-1,0.5142857142857142,0.5294117647058824,0.5217391304347826,0.5217391304347826,hc_100,5s
5s_Geobacillus-kaustophilus-2,0.39473684210526316,0.45454545454545453,0.4225352112676056,0.4225352112676056,hc_100,5s
5s_Streptococcus-mutans-1,0.30303030303030304,0.3125,0.6133743274404305,0.3076923076923077,hc_100,5s
5s_Mycobacterium-bovis-3,0.3103448275862069,0.2727272727272727,0.41935483870967744,0.2903225806451613,hc_100,5s
5s_Photobacterium-damselae-1,0.42424242424242425,0.3888888888888889,0.40579710144927533,0.40579710144927533,hc_100,5s
5s_Achromobacter-cycloclastes-1,0.10810810810810811,0.11764705882352941,0.11267605633802817,0.11267605633802817,hc_100,5s
5s_Stilbum-vulgare-1,0.6666666666666666,0.7222222222222222,0.7466666666666666,0.6933333333333334,hc_100,5s
5s_Vibrio-harveyi-1,0.5853658536585366,0.6666666666666666,0.6233766233766234,0.6233766233766234,hc_100,5s
5s_Rhabditis-tokai-1,0.29545454545454547,0.37142857142857144,0.35443037974683544,0.32911392405063294,hc_100,5s
5s_Septobasidium-carestianum-1,0.6216216216216216,0.6216216216216216,0.6756756756756757,0.6216216216216216,hc_100,5s
5s_Cellulomonas-biazotea-1,0.4857142857142857,0.4857142857142857,0.5281853281853283,0.4857142857142857,hc_100,5s
5s_Candidatus-Portiera-aleyrodidarum-1,0.6388888888888888,0.6571428571428571,0.647887323943662,0.647887323943662,hc_100,5s
5s_Mycobacterium-tuberculosis-3,0.5405405405405406,0.6060606060606061,0.6285714285714286,0.5714285714285714,hc_100,5s
5s_Thermomonospora-chromogena-1,0.3125,0.2857142857142857,0.3582089552238806,0.29850746268656714,hc_100,5s
5s_Neurospora-intermedia-1,0.6363636363636364,0.6176470588235294,0.6268656716417911,0.6268656716417911,hc_100,5s
5s_Perkinsus-andrewsi-2,0.5675675675675675,0.5675675675675675,0.6889242183359829,0.5675675675675675,hc_100,5s
5s_Perinereis-brevicirris-1,0.3076923076923077,0.3333333333333333,0.32,0.32,hc_100,5s
5s_Methylobacterium-sp.-1,0.10714285714285714,0.09375,0.16666666666666666,0.09999999999999999,hc_100,5s
5s_Streptococcus-pyogenes-2,0.5277777777777778,0.6129032258064516,0.7164179104477612,0.5671641791044777,hc_100,5s
5s_Chlorobium-limicola-2,0.125,0.14285714285714285,0.13333333333333333,0.13333333333333333,hc_100,5s
5s_Mytilus-galloprovincialis-3,0.32558139534883723,0.3888888888888889,0.35443037974683544,0.35443037974683544,hc_100,5s
5s_Thraustochytrium-visurgense-1,0.32432432432432434,0.3333333333333333,0.4240282685512367,0.32876712328767127,hc_100,5s
5s_Streptococcus-thermophilus-2,0.45454545454545453,0.5,0.6666666666666666,0.47619047619047616,hc_100,5s
5s_Pseudomonas-syringae-2,0.7,0.8,0.7466666666666666,0.7466666666666666,hc_100,5s
5s_Rattus-norvegicus-1,0.42857142857142855,0.4166666666666667,0.4225352112676056,0.4225352112676056,hc_100,5s
5s_Trimorphomyces-papilionaceus-1,0.4358974358974359,0.4857142857142857,0.48648648648648646,0.45945945945945943,hc_100,5s
5s_Photorhabdus-luminescens-2,0.42105263157894735,0.45714285714285713,0.4383561643835617,0.4383561643835617,hc_100,5s
5s_Rhodopseudomonas-palustris-3,0.6285714285714286,0.6470588235294118,0.6376811594202899,0.6376811594202899,hc_100,5s
5s_Clavibacter-michiganensis-1,0.5294117647058824,0.5294117647058824,0.5588235294117647,0.5294117647058824,hc_100,5s
5s_Diplonema-papillatum-2,0.3939393939393939,0.38235294117647056,0.46242774566473993,0.38805970149253727,hc_100,5s
5s_Nocardia-asteroides-1,0.5882352941176471,0.5882352941176471,0.5882352941176471,0.5882352941176471,hc_100,5s
5s_Drosophila-melanogaster-1,0.4634146341463415,0.5277777777777778,0.4935064935064935,0.4935064935064935,hc_100,5s
5s_Halorubrum-terrestre-2,0.4864864864864865,0.5454545454545454,0.5559619604974396,0.5142857142857143,hc_100,5s
5s_Rickettsia-felis-1,0.3953488372093023,0.5151515151515151,0.4473684210526315,0.4473684210526315,hc_100,5s
5s_Bartonella-quintana-1,0.2571428571428571,0.2647058823529412,0.2608695652173913,0.2608695652173913,hc_100,5s
5s_Onchocerca-volvulus-1,0.2894736842105263,0.3333333333333333,0.3098591549295775,0.3098591549295775,hc_100,5s
5s_Coprinopsis-radiata-1,0.34285714285714286,0.35294117647058826,0.3478260869565218,0.3478260869565218,hc_100,5s
5s_Agrobacterium-tumefaciens-4,0.5,0.5294117647058824,0.5978260869565217,0.5142857142857143,hc_100,5s
5s_Pseudomonas-stutzeri-1,0.14285714285714285,0.12121212121212122,0.13114754098360656,0.13114754098360656,hc_100,5s
5s_Salmonella-enterica-3,0.2647058823529412,0.25,0.2571428571428572,0.2571428571428572,hc_100,5s
5s_Agrobacterium-tumefaciens-2,0.46511627906976744,0.5882352941176471,0.5932584269662922,0.5194805194805194,hc_100,5s
5s_Oceanobacillus-iheyensis-3,0.4864864864864865,0.5625,0.5507246376811593,0.5217391304347827,hc_100,5s
5s_Onchocerca-cervicalis-1,0.3611111111111111,0.38235294117647056,0.3714285714285714,0.3714285714285714,hc_100,5s
5s_Dipsacomyces-acuminosporus-1,0.5526315789473685,0.5833333333333334,0.5945945945945946,0.5675675675675677,hc_100,5s
5s_Bacillus-cereus-8,0.2619047619047619,0.34375,0.3354838709677419,0.2972972972972973,hc_100,5s
5s_Thermomyces-lanuginosus-1,0.6060606060606061,0.5555555555555556,0.7104795737122558,0.5797101449275361,hc_100,5s
5s_Haemophilus-influenzae-1,0.46153846153846156,0.5294117647058824,0.4931506849315069,0.4931506849315069,hc_100,5s
5s_Helicobacter-pylori-3,0.2702702702702703,0.2857142857142857,0.2777777777777778,0.2777777777777778,hc_100,5s
5s_Listeria-innocua-2,0.42105263157894735,0.48484848484848486,0.4507042253521127,0.4507042253521127,hc_100,5s
5s_Salmonella-enterica-1,0.35294117647058826,0.3333333333333333,0.34285714285714286,0.34285714285714286,hc_100,5s
5s_Pseudomonas-aeruginosa-3,0.5,0.4411764705882353,0.46875,0.46875,hc_100,5s
5s_Flectobacillus-major-1,0.5,0.5925925925925926,0.662020905923345,0.5423728813559322,hc_100,5s
5s_Escherichia-coli-11,0.3125,0.2777777777777778,0.29411764705882354,0.29411764705882354,hc_100,5s
5s_Zymomonas-mobilis-1,0.4358974358974359,0.5151515151515151,0.4999999999999999,0.4722222222222222,hc_100,5s
5s_Mycobacterium-smegmatis-3,0.5833333333333334,0.6363636363636364,0.6086956521739131,0.6086956521739131,hc_100,5s
5s_Bacillus-megaterium-1,0.4444444444444444,0.48484848484848486,0.463768115942029,0.463768115942029,hc_100,5s
5s_Ligia-oceanica-1,0.475,0.5428571428571428,0.5066666666666667,0.5066666666666667,hc_100,5s
5s_Cellulosimicrobium-cellulans-1,0.5853658536585366,0.7272727272727273,0.6756756756756757,0.6486486486486487,hc_100,5s
5s_Burkholderia-cepacia-2,0.475,0.59375,0.5277777777777778,0.5277777777777778,hc_100,5s
5s_Lupinus-angustifolius-1,0.4864864864864865,0.5294117647058824,0.5070422535211269,0.5070422535211269,hc_100,5s
5s_Mycoplasma-pneumoniae-1,0.3076923076923077,0.41379310344827586,0.38235294117647056,0.35294117647058826,hc_100,5s
5s_Mycoplasma-hyopneumoniae-2,0.36666666666666664,0.4074074074074074,0.456140350877193,0.38596491228070173,hc_100,5s
5s_Dirofilaria-immitis-1,0.4864864864864865,0.5142857142857142,0.5,0.5,hc_100,5s
5s_Vibrio-tubiashii-1,0.3333333333333333,0.3055555555555556,0.31884057971014496,0.31884057971014496,hc_100,5s
5s_Xylella-fastidiosa-2,0.45454545454545453,0.4411764705882353,0.4477611940298507,0.4477611940298507,hc_100,5s
5s_Dactylosporangium-aurantiacum-1,0.53125,0.5,0.5606557377049181,0.5151515151515151,hc_100,5s
5s_Medicago-sativa-1,0.38636363636363635,0.5,0.4358974358974359,0.4358974358974359,hc_100,5s
5s_Vitreoscilla-filiformis-1,0.34285714285714286,0.36363636363636365,0.3529411764705882,0.3529411764705882,hc_100,5s
5s_Homarus-gammarus-1,0.3333333333333333,0.37142857142857144,0.35135135135135137,0.35135135135135137,hc_100,5s
5s_Bacteroides-fragilis-2,0.23333333333333334,0.25,0.4137931034482759,0.2413793103448276,hc_100,5s
5s_Curtobacterium-citreum-1,0.717948717948718,0.8,0.7567567567567569,0.7567567567567569,hc_100,5s
5s_Eisenia-bicyclis-1,0.22857142857142856,0.2222222222222222,0.22535211267605634,0.22535211267605634,hc_100,5s
5s_Brevibacterium-linens-2,0.36363636363636365,0.34285714285714286,0.3823529411764706,0.3529411764705882,hc_100,5s
5s_Halococcus-morrhuae-1,0.03125,0.03571428571428571,0.03333333333333333,0.03333333333333333,hc_100,5s
5s_Vitreoscilla-stercoraria-1,0.27586206896551724,0.24242424242424243,0.2580645161290323,0.2580645161290323,hc_100,5s
5s_Renibacterium-salmoninarum-1,0.5588235294117647,0.5588235294117647,0.6320109439124487,0.5588235294117647,hc_100,5s
5s_Fellomyces-penicillatus-1,0.06060606060606061,0.05714285714285714,0.05882352941176471,0.05882352941176471,hc_100,5s
5s_Vibrio-natriegens-1,0.6111111111111112,0.6111111111111112,0.6524822695035462,0.6111111111111112,hc_100,5s
5s_Clavispora-opuntiae-1,0.39473684210526316,0.4166666666666667,0.40540540540540543,0.40540540540540543,hc_100,5s
5s_Mannheimia-succiniciproducens-3,0.36363636363636365,0.375,0.3692307692307692,0.3692307692307692,hc_100,5s
5s_Pseudomonas-putida-1,0.7804878048780488,0.9142857142857143,0.8421052631578947,0.8421052631578947,hc_100,5s
5s_Lactuca-sativa-1,0.425,0.5,0.45945945945945943,0.45945945945945943,hc_100,5s
5s_Salmonella-typhimurium-2,0.38235294117647056,0.3611111111111111,0.3714285714285714,0.3714285714285714,hc_100,5s
5s_Streptomyces-purpureus-1,0.46875,0.45454545454545453,0.49230769230769234,0.4615384615384615,hc_100,5s
5s_Pseudomonas-denitrificans-1,0.6571428571428571,0.6388888888888888,0.690051753881541,0.647887323943662,hc_100,5s
5s_Schizophyllum-commune-1,0.20512820512820512,0.23529411764705882,0.2191780821917808,0.2191780821917808,hc_100,5s
5s_Rumex-acetosa-1,0.5,0.5294117647058824,0.5142857142857143,0.5142857142857143,hc_100,5s
5s_Lophocolea-heterophylla-1,0.3076923076923077,0.35294117647058826,0.3287671232876712,0.3287671232876712,hc_100,5s
5s_Ascobolus-immersus-3,0.4473684210526316,0.4857142857142857,0.547945205479452,0.4657534246575342,hc_100,5s
5s_Bacillus-halodurans-2,0.475,0.5757575757575758,0.5205479452054794,0.5205479452054794,hc_100,5s
5s_Haemonchus-contortus-1,0.3488372093023256,0.42857142857142855,0.41025641025641024,0.38461538461538464,hc_100,5s
5s_Samia-cynthia-ricini-x-Bombyx-mori-1,0.5,0.5277777777777778,0.5135135135135136,0.5135135135135136,hc_100,5s
5s_Hyphomicrobium-sp.-2,0.23076923076923078,0.2647058823529412,0.24657534246575344,0.24657534246575344,hc_100,5s
5s_Wuchereria-bancrofti-1,0.46153846153846156,0.5294117647058824,0.4931506849315069,0.4931506849315069,hc_100,5s
5s_Emericella-heterothallica-1,0.6363636363636364,0.5833333333333334,0.739476678043231,0.6086956521739131,hc_100,5s
5s_Pyrococcus-furiosus-2,0.35294117647058826,0.36363636363636365,0.6268656716417911,0.35820895522388063,hc_100,5s
5s_Photobacterium-profundum-3,0.5588235294117647,0.5588235294117647,0.5588235294117647,0.5588235294117647,hc_100,5s
5s_Bacillus-methanolicus-7,0.4473684210526316,0.5151515151515151,0.4788732394366197,0.4788732394366197,hc_100,5s
5s_Natronococcus-occultus-1,0.5526315789473685,0.6,0.6441073512252041,0.5753424657534247,hc_100,5s
5s_Ectothiorhodospira-mobilis-1,0.5428571428571428,0.5588235294117647,0.5507246376811593,0.5507246376811593,hc_100,5s
5s_Saccharopolyspora-rectivirgula-1,0.2857142857142857,0.29411764705882354,0.2898550724637681,0.2898550724637681,hc_100,5s
5s_Methanosarcina-vacuolata-1,0.3157894736842105,0.375,0.39999999999999997,0.34285714285714286,hc_100,5s
5s_Haemophilus-influenzae-4,0.4594594594594595,0.5,0.47887323943661975,0.47887323943661975,hc_100,5s
5s_Menoidium-pellucidum-1,0.4883720930232558,0.5675675675675675,0.6250000000000001,0.525,hc_100,5s
5s_Tremella-mesenterica-1,0.5555555555555556,0.5882352941176471,0.6571428571428571,0.5714285714285715,hc_100,5s
5s_Gymnosporangium-clavariaeforme-1,0.1875,0.17647058823529413,0.1818181818181818,0.1818181818181818,hc_100,5s
5s_Xenopus-laevis-9,0.43243243243243246,0.4444444444444444,0.4383561643835616,0.4383561643835616,hc_100,5s
5s_Fusobacterium-nucleatum-1,0.25,0.2903225806451613,0.2686567164179105,0.2686567164179105,hc_100,5s
5s_Tinca-tinca-2,0.2571428571428571,0.25,0.2535211267605634,0.2535211267605634,hc_100,5s
5s_Pyrococcus-horikoshii-1,0.5365853658536586,0.6666666666666666,0.7567567567567567,0.5945945945945946,hc_100,5s
5s_Streptomyces-diastaticus-1,0.40540540540540543,0.45454545454545453,0.45714285714285713,0.42857142857142855,hc_100,5s
5s_Vibrio-cincinnatiensis-1,0.6,0.6666666666666666,0.631578947368421,0.631578947368421,hc_100,5s
5s_Pichia-angusta-1,0.5757575757575758,0.5588235294117647,0.5671641791044776,0.5671641791044776,hc_100,5s
5s_Pseudomonas-stutzeri-2,0.5428571428571428,0.59375,0.626865671641791,0.5671641791044776,hc_100,5s
5s_Staphylococcus-epidermidis-1,0.43243243243243246,0.5,0.5797101449275363,0.463768115942029,hc_100,5s
5s_Colwellia-psychrerythraea-3,0.6470588235294118,0.6470588235294118,0.6470588235294118,0.6470588235294118,hc_100,5s
5s_Taphrina-deformans-1,0.6,0.6,0.6285714285714286,0.6,hc_100,5s
5s_Misgurnus-fossilis-14,0.36585365853658536,0.42857142857142855,0.4611906556141673,0.39473684210526316,hc_100,5s
5s_Metasequoia-glyptostroboides-1,0.2682926829268293,0.3235294117647059,0.2933333333333334,0.2933333333333334,hc_100,5s
5s_Filobasidium-capsuligenum-1,0.3939393939393939,0.38235294117647056,0.38805970149253727,0.38805970149253727,hc_100,5s
5s_Euplotes-octocarinatus-1,0.5263157894736842,0.5882352941176471,0.6111111111111113,0.5555555555555555,hc_100,5s
5s_Arthrobacter-luteus-1,0.5384615384615384,0.6,0.5675675675675675,0.5675675675675675,hc_100,5s
5s_Fusarium-asiaticum-1,0.7105263157894737,0.75,0.7837837837837838,0.7297297297297298,hc_100,5s
5s_Clostridium-innocuum-1,0.4642857142857143,0.43333333333333335,0.4482758620689655,0.4482758620689655,hc_100,5s
5s_Fusarium-sporotrichioides-1,0.5675675675675675,0.6,0.6798866855524078,0.5833333333333333,hc_100,5s
5s_Methanococcus-voltae-2,0.5,0.6060606060606061,0.5874125874125874,0.5479452054794521,hc_100,5s
5s_Thermotoga-neapolitana-2,0.4444444444444444,0.48484848484848486,0.5507246376811594,0.463768115942029,hc_100,5s
5s_Nicotiana-tabacum-1,0.45454545454545453,0.4411764705882353,0.4477611940298507,0.4477611940298507,hc_100,5s
5s_Mortierella-formosensis-1,0.8421052631578947,0.8648648648648649,0.8933121019108281,0.8533333333333334,hc_100,5s
5s_Juniperus-media-1,0.2894736842105263,0.3235294117647059,0.30555555555555564,0.30555555555555564,hc_100,5s
5s_Leuconostoc-mesenteroides-1,0.47368421052631576,0.5625,0.5142857142857142,0.5142857142857142,hc_100,5s
5s_Daphnia-magna-1,0.2702702702702703,0.2777777777777778,0.3013698630136986,0.273972602739726,hc_100,5s
5s_Vibrio-fluvialis-1,0.7631578947368421,0.8055555555555556,0.7837837837837838,0.7837837837837838,hc_100,5s
5s_Fusarium-pseudograminearum-8,0.6410256410256411,0.7142857142857143,0.7567567567567569,0.6756756756756757,hc_100,5s
5s_Amycolatopsis-methanolica-1,0.2903225806451613,0.2571428571428571,0.303030303030303,0.27272727272727276,hc_100,5s
5s_Moniliella-acetoabutans-1,0.4857142857142857,0.4857142857142857,0.4857142857142857,0.4857142857142857,hc_100,5s
5s_Fusobacterium-nucleatum-3,0.2647058823529412,0.2903225806451613,0.27692307692307694,0.27692307692307694,hc_100,5s
5s_Bjerkandera-adusta-1,0.5806451612903226,0.5294117647058824,0.5538461538461539,0.5538461538461539,hc_100,5s
5s_Thermococcus-kodakarensis-2,0.5,0.5,0.5968992248062015,0.5,hc_100,5s
5s_Methanothermus-fervidus-1,0.4411764705882353,0.42857142857142855,0.6226415094339622,0.43478260869565216,hc_100,5s
5s_Lupinus-luteus-1,0.4864864864864865,0.5294117647058824,0.5070422535211269,0.5070422535211269,hc_100,5s
5s_Ustilago-longissima-1,0.7027027027027027,0.7428571428571429,0.75,0.7222222222222223,hc_100,5s
5s_Ambystoma-salmoides-1,0.40540540540540543,0.42857142857142855,0.4166666666666667,0.4166666666666667,hc_100,5s
5s_Nanoarchaeum-equitans-1,0.375,0.42857142857142855,0.4333333333333333,0.39999999999999997,hc_100,5s
5s_Vibrio-metschnikovii-1,0.725,0.8055555555555556,0.7631578947368423,0.7631578947368423,hc_100,5s
5s_Pseudomonas-putida-2,0.7948717948717948,0.8857142857142857,0.8378378378378378,0.8378378378378378,hc_100,5s
5s_Oryctolagus-cuniculus-1,0.42857142857142855,0.4166666666666667,0.4225352112676056,0.4225352112676056,hc_100,5s
5s_Lactococcus-lactis-2,0.4,0.4,0.4827586206896552,0.4000000000000001,hc_100,5s
5s_Phacus-curvicauda-1,0.5641025641025641,0.5945945945945946,0.5789473684210528,0.5789473684210528,hc_100,5s
5s_Halichondria-japonica-1,0.4146341463414634,0.4857142857142857,0.4473684210526316,0.4473684210526316,hc_100,5s
5s_Methanococcus-voltae-1,0.5789473684210527,0.6666666666666666,0.619718309859155,0.619718309859155,hc_100,5s
5s_Arthrobacter-globiformis-2,0.48717948717948717,0.5588235294117647,0.5603735823882589,0.5205479452054794,hc_100,5s
5s_Bacillus-anthracis-5,0.2857142857142857,0.36363636363636365,0.3579154375614553,0.32,hc_100,5s
5s_Acholeplasma-laidlawii-1,0.2857142857142857,0.3333333333333333,0.3384615384615384,0.30769230769230765,hc_100,5s
5s_Kutzneria-albida-1,0.625,0.5882352941176471,0.6060606060606061,0.6060606060606061,hc_100,5s
5s_Thiomicrospira-pelophila-1,0.5675675675675675,0.6,0.5833333333333333,0.5833333333333333,hc_100,5s
5s_Nocardioides-albus-1,0.25,0.2647058823529412,0.29891304347826086,0.2571428571428572,hc_100,5s
5s_Artemia-sp.-4,0.4411764705882353,0.42857142857142855,0.43478260869565216,0.43478260869565216,hc_100,5s
5s_Staphylococcus-aureus-1,0.425,0.53125,0.47222222222222215,0.47222222222222215,hc_100,5s
5s_Methanospirillum-hungatei-1,0.20454545454545456,0.2571428571428571,0.22784810126582275,0.22784810126582275,hc_100,5s
5s_Bacillus-cereus-5,0.19047619047619047,0.25,0.2542372881355932,0.2162162162162162,hc_100,5s
5s_Microbacterium-testaceum-1,0.7567567567567568,0.8,0.8333333333333334,0.7777777777777778,hc_100,5s
5s_Thermococcus-kodakarensis-1,0.5428571428571428,0.5277777777777778,0.591549295774648,0.5352112676056338,hc_100,5s
5s_Fusarium-lunulosporum-2,0.5526315789473685,0.6,0.6301369863013698,0.5753424657534247,hc_100,5s
5s_Esch_coli2B,0.34285714285714286,0.3333333333333333,0.3380281690140845,0.3380281690140845,hc_100,5s
5s_Bugula-neritina-1,0.2972972972972973,0.3055555555555556,0.3013698630136986,0.3013698630136986,hc_100,5s
5s_Euplotes-aediculatus-1,0.5952380952380952,0.7575757575757576,0.7200000000000001,0.6666666666666667,hc_100,5s
5s_Brugia-malayi-1,0.4594594594594595,0.4857142857142857,0.47222222222222227,0.47222222222222227,hc_100,5s
5s_Bacteroides-fragilis-1,0.041666666666666664,0.043478260869565216,0.10169491525423728,0.0425531914893617,hc_100,5s
5s_Bacillus-cereus-10,0.09090909090909091,0.125,0.14150943396226415,0.10526315789473685,hc_100,5s
5s_Fusarium-asiaticum-6,0.5882352941176471,0.5714285714285714,0.6666666666666666,0.5797101449275363,hc_100,5s
5s_Actinokineospora-riparia-1,0.25806451612903225,0.23529411764705882,0.24615384615384614,0.24615384615384614,hc_100,5s
5s_Kutzneria-viridogrisea-1,0.5,0.5142857142857142,0.5352112676056338,0.5070422535211268,hc_100,5s
5s_Hyphomonas-polymorpha-1,0.3235294117647059,0.3142857142857143,0.42,0.31884057971014496,hc_100,5s
5s_Akkesiphycus-lubricum-1,0.25806451612903225,0.2222222222222222,0.2388059701492537,0.2388059701492537,hc_100,5s
5s_Erysipelothrix-rhusiopathiae-1,0.3076923076923077,0.4,0.34782608695652173,0.34782608695652173,hc_100,5s
5s_Bacillus-thuringiensis-3,0.12195121951219512,0.15625,0.1753653444676409,0.136986301369863,hc_100,5s
5s_Streptomyces-griseus-2,0.6666666666666666,0.6857142857142857,0.7460148777895855,0.676056338028169,hc_100,5s
5s_Mycoplasma-mycoides-3,0.4074074074074074,0.4074074074074074,0.4074074074074074,0.4074074074074074,hc_100,5s
5s_Dryopteris-acuminata-1,0.5142857142857142,0.5294117647058824,0.5217391304347826,0.5217391304347826,hc_100,5s
5s_Plasmodium-falciparum-1,0.4722222222222222,0.5151515151515151,0.49275362318840576,0.49275362318840576,hc_100,5s
5s_Wolbachia-endosymbiont-of-D.-melanogaster-1,0.6363636363636364,0.7,0.7131782945736433,0.6666666666666666,hc_100,5s
5s_Caulobacter-crescentus-1,0.40625,0.40625,0.59375,0.40625,hc_100,5s
5s_Candidatus-Tremblaya-princeps-3,0.2647058823529412,0.32142857142857145,0.2903225806451613,0.2903225806451613,hc_100,5s
5s_Thermotoga-maritima-1,0.4444444444444444,0.48484848484848486,0.5507246376811594,0.463768115942029,hc_100,5s
5s_Saprolegnia-ferax-1,0.5142857142857142,0.4864864864864865,0.5277777777777778,0.5,hc_100,5s
5s_Pirellula-sp.-2,0.45161290322580644,0.4666666666666667,0.5730337078651684,0.45901639344262296,hc_100,5s
5s_Fusarium-lunulosporum-8,0.6410256410256411,0.7142857142857143,0.7567567567567569,0.6756756756756757,hc_100,5s
5s_Fusarium-culmorum-7,0.6410256410256411,0.7142857142857143,0.7567567567567569,0.6756756756756757,hc_100,5s
5s_Bartonella-bacilliformis-1,0.5142857142857142,0.5294117647058824,0.5217391304347826,0.5217391304347826,hc_100,5s
5s_Sandaracinobacter-sibiricus-1,0.3333333333333333,0.3333333333333333,0.3333333333333333,0.3333333333333333,hc_100,5s
5s_Acidovorax-delafieldii-1,0.631578947368421,0.7272727272727273,0.704225352112676,0.676056338028169,hc_100,5s
5s_Ceratobasidium-cornigerum-1,0.4411764705882353,0.4411764705882353,0.4411764705882353,0.4411764705882353,hc_100,5s
5s_Mycobacterium-bovis-2,0.3333333333333333,0.28125,0.3050847457627119,0.3050847457627119,hc_100,5s
5s_Rhodococcus-fascians-1,0.2727272727272727,0.2727272727272727,0.2727272727272727,0.2727272727272727,hc_100,5s
5s_Bacillus-thuringiensis-2,0.2631578947368421,0.3225806451612903,0.2898550724637681,0.2898550724637681,hc_100,5s
5s_Coemansia-mojavensis-1,0.6744186046511628,0.8055555555555556,0.7341772151898734,0.7341772151898734,hc_100,5s
5s_Cryptococcus-laurentii-1,0.46875,0.46875,0.46875,0.46875,hc_100,5s
5s_Micrococcus-luteus-2,0.5,0.5428571428571428,0.6155717761557178,0.5205479452054795,hc_100,5s
5s_Candida-rugosa-1,0.5641025641025641,0.6285714285714286,0.5945945945945945,0.5945945945945945,hc_100,5s
5s_Filobasidiella-depauperata-1,0.5384615384615384,0.7,0.6376811594202899,0.608695652173913,hc_100,5s
5s_Beggiatoa-alba-1,0.4722222222222222,0.5,0.4857142857142857,0.4857142857142857,hc_100,5s
5s_Trichosporonoides-oedocephalis-1,0.6,0.5142857142857142,0.5538461538461538,0.5538461538461538,hc_100,5s
5s_Magnolia-stellata-1,0.46153846153846156,0.5294117647058824,0.4931506849315069,0.4931506849315069,hc_100,5s
5s_Bacillus-firmus-1,0.47368421052631576,0.5625,0.5841446453407511,0.5142857142857142,hc_100,5s
5s_Sargassum-fulvellum-1,0.26666666666666666,0.2222222222222222,0.2424242424242424,0.2424242424242424,hc_100,5s
5s_Fusarium-lunulosporum-9,0.7317073170731707,0.8571428571428571,0.8157894736842105,0.7894736842105263,hc_100,5s
5s_Acinetobacter-sp.-1,0.5142857142857142,0.5625,0.5373134328358209,0.5373134328358209,hc_100,5s
5s_Brevibacterium-casei-1,0.17142857142857143,0.17647058823529413,0.20289855072463767,0.1739130434782609,hc_100,5s
5s_Thermotoga-sp.-2,0.43902439024390244,0.5454545454545454,0.5945945945945946,0.48648648648648646,hc_100,5s
5s_Xenopus-laevis-2,0.3783783783783784,0.3888888888888889,0.3835616438356164,0.3835616438356164,hc_100,5s
5s_Micrococcus-luteus-4,0.17142857142857143,0.18181818181818182,0.2058823529411765,0.1764705882352941,hc_100,5s
5s_Bacillus-halodurans-4,0.5142857142857142,0.5454545454545454,0.5294117647058822,0.5294117647058822,hc_100,5s
5s_Ascaris-lumbricoides-1,0.4878048780487805,0.5714285714285714,0.5263157894736842,0.5263157894736842,hc_100,5s
5s_Streptomyces-griseus-3,0.36363636363636365,0.375,0.4,0.3692307692307692,hc_100,5s
5s_Streptomyces-avermitilis-2,0.6052631578947368,0.696969696969697,0.6478873239436619,0.6478873239436619,hc_100,5s
5s_Bacillus-anthracis-10,0.3,0.36363636363636365,0.36804853387259856,0.32876712328767127,hc_100,5s
5s_Spirobolus-sp-1,0.13157894736842105,0.1388888888888889,0.13513513513513511,0.13513513513513511,hc_100,5s
5s_Bacillus-sp.-2,0.43902439024390244,0.5454545454545454,0.5793103448275863,0.48648648648648646,hc_100,5s
5s_Phlyctochytrium-irregulare-1,0.43243243243243246,0.43243243243243246,0.43243243243243246,0.43243243243243246,hc_100,5s
5s_Methanosarcina-acetivorans-2,0.45,0.5142857142857142,0.5066666666666667,0.48,hc_100,5s
5s_Coprinopsis-cinerea-1,0.20512820512820512,0.23529411764705882,0.2191780821917808,0.2191780821917808,hc_100,5s
5s_Rhcoc_fas1B,0.6285714285714286,0.6666666666666666,0.6470588235294118,0.6470588235294118,hc_100,5s
5s_Streptomyces-sp.-4,0.6285714285714286,0.6285714285714286,0.6997084548104957,0.6285714285714286,hc_100,5s
5s_Streptomyces-avermitilis-1,0.5945945945945946,0.6666666666666666,0.6285714285714286,0.6285714285714286,hc_100,5s
5s_Halococcus-morrhuae-2,0.03125,0.03571428571428571,0.03333333333333333,0.03333333333333333,hc_100,5s
5s_Chlamydia-muridarum-1,0.21875,0.22580645161290322,0.2222222222222222,0.2222222222222222,hc_100,5s
5s_Terrapene-carolina-1,0.3888888888888889,0.4,0.39436619718309857,0.39436619718309857,hc_100,5s
5s_Leptospira-biflexa-1,0.4444444444444444,0.5882352941176471,0.5422535211267606,0.5063291139240507,hc_100,5s
5s_Natrialba-magadii-1,0.475,0.5588235294117647,0.5675675675675677,0.5135135135135136,hc_100,5s
5s_Desulfovibrio-vulgaris-1,0.5135135135135135,0.5757575757575758,0.6000000000000001,0.5428571428571428,hc_100,5s
5s_Cryptococcus-humicola-1,0.7441860465116279,0.9142857142857143,0.8461538461538461,0.8205128205128205,hc_100,5s
5s_Xenopus-tropicalis-1,0.4,0.45714285714285713,0.42666666666666664,0.42666666666666664,hc_100,5s
5s_Sulfurococcus-mirabilis-1,0.2631578947368421,0.3333333333333333,0.413135593220339,0.29411764705882354,hc_100,5s
5s_Ectothiorhodospira-shaposhnikovii-1,0.5142857142857142,0.5142857142857142,0.5142857142857142,0.5142857142857142,hc_100,5s
5s_Legionella-pneumophila-2,0.2631578947368421,0.30303030303030304,0.28169014084507044,0.28169014084507044,hc_100,5s
5s_Chlamydophila-pneumoniae-1,0.3333333333333333,0.375,0.35294117647058826,0.35294117647058826,hc_100,5s
5s_Vibrio-diazotrophicus-1,0.5135135135135135,0.5277777777777778,0.5611222444889781,0.5205479452054794,hc_100,5s
5s_Cryptococcus-bacillisporus-1,0.43333333333333335,0.38235294117647056,0.40625,0.40625,hc_100,5s
5s_Vibrio-fischeri-3,0.5641025641025641,0.6111111111111112,0.5866666666666667,0.5866666666666667,hc_100,5s
5s_Calyptogena-magnifica-1,0.38461538461538464,0.4166666666666667,0.4,0.4,hc_100,5s
5s_Bacteroides-fragilis-5,0.041666666666666664,0.043478260869565216,0.10169491525423728,0.0425531914893617,hc_100,5s
5s_Erwinia-carotovora-1,0.40540540540540543,0.4166666666666667,0.4109589041095891,0.4109589041095891,hc_100,5s
5s_Flavobacterium-hydatis-1,0.3793103448275862,0.36666666666666664,0.44067796610169496,0.3728813559322034,hc_100,5s
5s_Gallus-gallus-1,0.358974358974359,0.3888888888888889,0.4,0.3733333333333333,hc_100,5s
5s_Streptomyces-avermitilis-5,0.5945945945945946,0.6666666666666666,0.6285714285714286,0.6285714285714286,hc_100,5s
5s_Vicia-faba-1,0.38636363636363635,0.5,0.4358974358974359,0.4358974358974359,hc_100,5s
5s_Aspergillus-niger-1,0.5294117647058824,0.5,0.6857142857142857,0.5142857142857143,hc_100,5s
5s_Hyphomicrobium-vulgare-2,0.28205128205128205,0.3235294117647059,0.34098360655737703,0.3013698630136986,hc_100,5s
5s_Paramecium-tetraurelia-1,0.2777777777777778,0.29411764705882354,0.28571428571428575,0.28571428571428575,hc_100,5s
5s_Loofah-witches-broom-phytoplasma-1,0.3142857142857143,0.36666666666666664,0.38282208588957056,0.3384615384615384,hc_100,5s
5s_Mycoplasma-gallisepticum-2,0.0,0.0,0.0,0.0,hc_100,5s
5s_Saccharothrix-mutabilis-1,0.3225806451612903,0.29411764705882354,0.3076923076923077,0.3076923076923077,hc_100,5s
5s_Gastrotheca-riobambae-1,0.4117647058823529,0.3888888888888889,0.39999999999999997,0.39999999999999997,hc_100,5s
5s_Escherichia-coli-3,0.2647058823529412,0.25,0.2571428571428572,0.2571428571428572,hc_100,5s
5s_Protomyces-inundatus-1,0.47368421052631576,0.5142857142857142,0.6027397260273972,0.4931506849315068,hc_100,5s
5s_Saprospira-grandis-1,0.7027027027027027,0.7878787878787878,0.7862714508580345,0.7428571428571429,hc_100,5s
5s_Caulobacter-sp.-7,0.30303030303030304,0.3125,0.3076923076923077,0.3076923076923077,hc_100,5s
5s_Caenorhabditis-elegans-3,0.2391304347826087,0.3548387096774194,0.35271317829457366,0.2857142857142857,hc_100,5s
5s_Caenorhabditis-briggsae-1,0.391304347826087,0.5142857142857142,0.46913580246913583,0.4444444444444444,hc_100,5s
5s_Carpopeltis-crispata-1,0.5238095238095238,0.6111111111111112,0.5897435897435898,0.5641025641025642,hc_100,5s
5s_Geobacillus-kaustophilus-7,0.3333333333333333,0.35714285714285715,0.3448275862068965,0.3448275862068965,hc_100,5s
5s_Cystobacter-fuscus-1,0.21212121212121213,0.21875,0.26039783001808314,0.21538461538461537,hc_100,5s
5s_Shigella-flexneri-3,0.3055555555555556,0.3333333333333333,0.31884057971014496,0.31884057971014496,hc_100,5s
5s_Gluconacetobacter-xylinus-1,0.6410256410256411,0.7352941176470589,0.7397260273972601,0.6849315068493151,hc_100,5s
5s_Emericella-nidulans-2,0.6666666666666666,0.6111111111111112,0.7536231884057971,0.6376811594202899,hc_100,5s
5s_Desulfurococcus-mobilis-1,0.375,0.5454545454545454,0.5219454329774614,0.4444444444444444,hc_100,5s
5s_Escherichia-coli-13,0.0625,0.06060606060606061,0.06153846153846154,0.06153846153846154,hc_100,5s
5s_Pseudomonas-fluorescens-2,0.5161290322580645,0.45714285714285713,0.4848484848484849,0.4848484848484849,hc_100,5s
5s_Saccharopolyspora-hirsuta-1,0.05555555555555555,0.058823529411764705,0.05714285714285714,0.05714285714285714,hc_100,5s
5s_Lactococcus-lactis-3,0.525,0.65625,0.79296875,0.5833333333333334,hc_100,5s
5s_Plagiomnium-trichomanes-1,0.3333333333333333,0.38235294117647056,0.35616438356164387,0.35616438356164387,hc_100,5s
5s_Arabidopsis-thaliana-1,0.42105263157894735,0.47058823529411764,0.4444444444444444,0.4444444444444444,hc_100,5s
5s_Corynebacterium-diphtheriae-1,0.2631578947368421,0.2857142857142857,0.3013698630136986,0.273972602739726,hc_100,5s
5s_Staphylococcus-aureus-2,0.4,0.5,0.4444444444444445,0.4444444444444445,hc_100,5s
5s_Illex-illecebrosus-1,0.2682926829268293,0.3142857142857143,0.2894736842105263,0.2894736842105263,hc_100,5s
5s_Fusarium-culmorum-8,0.7317073170731707,0.8571428571428571,0.8157894736842105,0.7894736842105263,hc_100,5s
5s_Pseudocentrotus-depressus-1,0.4722222222222222,0.4722222222222222,0.4722222222222222,0.4722222222222222,hc_100,5s
5s_Acidovorax-temperans-1,0.631578947368421,0.7272727272727273,0.704225352112676,0.676056338028169,hc_100,5s
5s_Salmonella-enterica-6,0.35294117647058826,0.3333333333333333,0.34285714285714286,0.34285714285714286,hc_100,5s
5s_Fusarium-asiaticum-7,0.6410256410256411,0.7142857142857143,0.7567567567567569,0.6756756756756757,hc_100,5s
5s_Stella-humosa-1,0.23529411764705882,0.25,0.24242424242424243,0.24242424242424243,hc_100,5s
5s_Yersinia-pestis-5,0.4864864864864865,0.5,0.4931506849315069,0.4931506849315069,hc_100,5s
5s_Brachionus-plicatilis-1,0.43902439024390244,0.5,0.4675324675324676,0.4675324675324676,hc_100,5s
5s_Mycobacterium-leprae-2,0.53125,0.5151515151515151,0.5230769230769231,0.5230769230769231,hc_100,5s
5s_Acholeplasma-laidlawii-3,0.2857142857142857,0.3333333333333333,0.30769230769230765,0.30769230769230765,hc_100,5s
5s_Rhodobacter-capsulatus-3,0.41025641025641024,0.48484848484848486,0.4444444444444444,0.4444444444444444,hc_100,5s
5s_Pseudomonas-fluorescens-3,0.7804878048780488,0.9142857142857143,0.8421052631578947,0.8421052631578947,hc_100,5s
5s_Bombyx-mori-4,0.34210526315789475,0.3611111111111111,0.40540540540540543,0.35135135135135137,hc_100,5s
5s_Basidiobolus-magnus-1,0.7,0.7567567567567568,0.7925010651896037,0.7272727272727273,hc_100,5s
5s_Aspergillus-flavus-1,0.6060606060606061,0.5555555555555556,0.7246376811594203,0.5797101449275361,hc_100,5s
5s_Bacillus-clausii-2,0.2702702702702703,0.30303030303030304,0.32713754646840154,0.2857142857142857,hc_100,5s
5s_Phascolopsis-gouldii-1,0.43902439024390244,0.5,0.4675324675324676,0.4675324675324676,hc_100,5s
5s_Azoarcus-sp.-1,0.6,0.6363636363636364,0.6470588235294118,0.6176470588235293,hc_100,5s
5s_Chlamydia-muridarum-2,0.2727272727272727,0.28125,0.2769230769230769,0.2769230769230769,hc_100,5s
5s_Mycobacterium-tuberculosis-4,0.3103448275862069,0.2727272727272727,0.41935483870967744,0.2903225806451613,hc_100,5s
5s_Streptomyces-violaceus-1,0.45454545454545453,0.45454545454545453,0.5298701298701298,0.45454545454545453,hc_100,5s
5s_Cerastoderma-glaucum-1,0.38461538461538464,0.4166666666666667,0.4,0.4,hc_100,5s
5s_Brucella-melitensis-3,0.5526315789473685,0.6176470588235294,0.5833333333333334,0.5833333333333334,hc_100,5s
5s_Vibrio-vulnificus-2,0.39473684210526316,0.42857142857142855,0.4109589041095891,0.4109589041095891,hc_100,5s
5s_Fusarium-pseudograminearum-4,0.5,0.5142857142857142,0.5633802816901409,0.5070422535211268,hc_100,5s
5s_Ascobolus-immersus-1,0.5,0.5454545454545454,0.5507246376811594,0.5217391304347826,hc_100,5s
5s_Xanthomonas-axonopodis-1,0.7692307692307693,0.8571428571428571,0.8108108108108107,0.8108108108108107,hc_100,5s
5s_Toxoplasma-gondii-1,0.5833333333333334,0.5833333333333334,0.6388888888888888,0.5833333333333334,hc_100,5s
5s_Streptomyces-nodosus-1,0.6857142857142857,0.7058823529411765,0.7246376811594202,0.6956521739130436,hc_100,5s
5s_Cryptomonas-paramecium-1,0.55,0.7586206896551724,0.6956521739130435,0.6376811594202898,hc_100,5s
5s_Bacillus-cereus-9,0.2619047619047619,0.34375,0.3354838709677419,0.2972972972972973,hc_100,5s
5s_Klebsormidium-flaccidum-1,0.4878048780487805,0.6060606060606061,0.5405405405405406,0.5405405405405406,hc_100,5s
5s_Secale-cereale-2,0.34285714285714286,0.35294117647058826,0.37681159420289856,0.3478260869565218,hc_100,5s
5s_Ralstonia-solanacearum-2,0.4,0.45161290322580644,0.4545454545454545,0.4242424242424243,hc_100,5s
5s_Salmonella-enterica-5,0.2647058823529412,0.25,0.2571428571428572,0.2571428571428572,hc_100,5s
5s_Bos-taurus-1,0.42857142857142855,0.4166666666666667,0.4225352112676056,0.4225352112676056,hc_100,5s
5s_Aspergillus-versicolor-1,0.5882352941176471,0.5555555555555556,0.6715328467153284,0.5714285714285715,hc_100,5s
5s_Agaricus-edulis-1,0.5263157894736842,0.5714285714285714,0.547945205479452,0.547945205479452,hc_100,5s
5s_Hyphomonas-oligotropha-1,0.2894736842105263,0.3333333333333333,0.3380281690140845,0.3098591549295775,hc_100,5s
5s_Xenopus-laevis-6,0.4594594594594595,0.4722222222222222,0.4657534246575342,0.4657534246575342,hc_100,5s
5s_Streptomyces-roseoverticillatus-1,0.35294117647058826,0.375,0.393939393939394,0.3636363636363636,hc_100,5s
5s_Aeromonas-hydrophila-1,0.4482758620689655,0.37142857142857144,0.40625,0.40625,hc_100,5s
5s_Clostridium-pasteurianum-1,0.5,0.6363636363636364,0.56,0.56,hc_100,5s
5s_Streptomyces-avermitilis-4,0.5945945945945946,0.6666666666666666,0.6285714285714286,0.6285714285714286,hc_100,5s
5s_Ascobolus-immersus-2,0.45,0.5294117647058824,0.48648648648648646,0.48648648648648646,hc_100,5s
5s_Comamonas-testosteroni-1,0.631578947368421,0.7272727272727273,0.704225352112676,0.676056338028169,hc_100,5s
5s_Limulus-polyphemus-1,0.18604651162790697,0.23529411764705882,0.2077922077922078,0.2077922077922078,hc_100,5s
5s_Bacillus-anthracis-3,0.3076923076923077,0.36363636363636365,0.3733333333333333,0.33333333333333337,hc_100,5s
5s_Methanolobus-tindarius-1,0.38461538461538464,0.42857142857142855,0.4054054054054054,0.4054054054054054,hc_100,5s
5s_Pseudomonas-aeruginosa-2,0.78125,0.7142857142857143,0.7462686567164178,0.7462686567164178,hc_100,5s
5s_Pedobacter-heparinus-1,0.0,0.0,0.0,0.0,hc_100,5s
5s_Bacillus-cereus-2,0.2857142857142857,0.36363636363636365,0.3579154375614553,0.32,hc_100,5s
5s_Methanothermococcus-thermolithotrophicus-1,0.5263157894736842,0.5882352941176471,0.5555555555555555,0.5555555555555555,hc_100,5s
5s_Pasteurella-multocida-2,0.2647058823529412,0.2647058823529412,0.2647058823529412,0.2647058823529412,hc_100,5s
5s_Streptomyces-coelicolor-1,0.46875,0.4166666666666667,0.5884955752212389,0.4411764705882353,hc_100,5s
5s_Equisetum-arvense-1,0.46153846153846156,0.5294117647058824,0.5205479452054794,0.4931506849315069,hc_100,5s
5s_Chaetomorpha-moniligera-1,0.38461538461538464,0.46875,0.5070422535211268,0.4225352112676056,hc_100,5s
5s_Aeromonas-media-1,0.4642857142857143,0.37142857142857144,0.41269841269841273,0.41269841269841273,hc_100,5s
5s_Spinacia-oleracea-1,0.4864864864864865,0.5294117647058824,0.5070422535211269,0.5070422535211269,hc_100,5s
5s_Rhizoctonia-globularis-1,0.24242424242424243,0.24242424242424243,0.24242424242424243,0.24242424242424243,hc_100,5s
5s_Candidatus-Tremblaya-princeps-6,0.38461538461538464,0.4838709677419355,0.4285714285714286,0.4285714285714286,hc_100,5s
5s_Bacillus-licheniformis-1,0.43243243243243246,0.48484848484848486,0.45714285714285713,0.45714285714285713,hc_100,5s
5s_Saccharomyces-cerevisiae-4,0.7419354838709677,0.6571428571428571,0.6969696969696969,0.6969696969696969,hc_100,5s
5s_Auricularia-auricula-judae-1,0.4864864864864865,0.5294117647058824,0.5070422535211269,0.5070422535211269,hc_100,5s
5s_Fusarium-culmorum-4,0.5,0.5142857142857142,0.5633802816901409,0.5070422535211268,hc_100,5s
5s_Nephila-clavipes-1,0.4444444444444444,0.48484848484848486,0.463768115942029,0.463768115942029,hc_100,5s
5s_Pseudonocardia-compacta-1,0.46153846153846156,0.5,0.48000000000000004,0.48000000000000004,hc_100,5s
5s_Alcaligenes-sp.-1,0.53125,0.5,0.6060606060606061,0.5151515151515151,hc_100,5s
5s_Erysipelothrix-tonsillarum-1,0.2777777777777778,0.3333333333333333,0.303030303030303,0.303030303030303,hc_100,5s
5s_Shigella-flexneri-1,0.17647058823529413,0.18181818181818182,0.17910447761194032,0.17910447761194032,hc_100,5s
5s_Ascobolus-immersus-4,0.5609756097560976,0.6571428571428571,0.605263157894737,0.605263157894737,hc_100,5s
5s_Leifsonia-aquatica-1,0.5294117647058824,0.5294117647058824,0.5882352941176471,0.5294117647058824,hc_100,5s
5s_Neurospora-crassa-1,0.5833333333333334,0.6,0.647887323943662,0.591549295774648,hc_100,5s
5s_Cryptococcus-neoformans-2,0.41379310344827586,0.36363636363636365,0.3870967741935484,0.3870967741935484,hc_100,5s
5s_Entosiphon-sulcatum-1,0.425,0.4722222222222222,0.5789473684210527,0.4473684210526316,hc_100,5s
5s_Pseudomonas-aeruginosa-1,0.6764705882352942,0.6571428571428571,0.6666666666666666,0.6666666666666666,hc_100,5s
5s_Photorhabdus-luminescens-1,0.29411764705882354,0.2857142857142857,0.2898550724637681,0.2898550724637681,hc_100,5s
5s_Paracentrotus-lividus-2,0.38235294117647056,0.38235294117647056,0.3823529411764706,0.3823529411764706,hc_100,5s
5s_Sepia-officinalis-1,0.2558139534883721,0.3142857142857143,0.28205128205128205,0.28205128205128205,hc_100,5s
5s_Lactococcus-lactis-4,0.2619047619047619,0.3548387096774194,0.33986928104575165,0.3013698630136986,hc_100,5s
5s_Lineus-geniculatus-1,0.42105263157894735,0.4444444444444444,0.43243243243243246,0.43243243243243246,hc_100,5s
5s_Bordetella-bronchiseptica-1,0.22857142857142856,0.24242424242424243,0.23529411764705885,0.23529411764705885,hc_100,5s
5s_Symbiobacterium-thermophilum-3,0.21875,0.22580645161290322,0.3323262839879154,0.2222222222222222,hc_100,5s
5s_Drosophila-melanogaster-2,0.475,0.5588235294117647,0.5135135135135136,0.5135135135135136,hc_100,5s
5s_Bradyrhizobium-japonicum-1,0.2222222222222222,0.23529411764705882,0.22857142857142856,0.22857142857142856,hc_100,5s
5s_Clostridium-acetobutylicum-1,0.4594594594594595,0.5151515151515151,0.5428571428571428,0.48571428571428577,hc_100,5s
5s_Paracoccus-sp.-1,0.35,0.4,0.3733333333333333,0.3733333333333333,hc_100,5s
5s_Aquaspirillum-serpens-1,0.5151515151515151,0.53125,0.5230769230769231,0.5230769230769231,hc_100,5s
5s_Helianthus-annuus-1,0.5,0.5,0.5,0.5,hc_100,5s
5s_Coxiella-burnetii-1,0.4594594594594595,0.53125,0.4927536231884059,0.4927536231884059,hc_100,5s
5s_Fusarium-asiaticum-8,0.5714285714285714,0.7058823529411765,0.6578947368421053,0.6315789473684211,hc_100,5s
5s_Methanosarcina-barkeri-1,0.47368421052631576,0.5454545454545454,0.5070422535211268,0.5070422535211268,hc_100,5s
5s_Chlorobium-limicola-1,0.45454545454545453,0.5,0.507936507936508,0.47619047619047616,hc_100,5s
5s_Candida-melibiosica-1,0.7297297297297297,0.7297297297297297,0.7297297297297297,0.7297297297297297,hc_100,5s
5s_Vibrio-mimicus-1,0.7073170731707317,0.8055555555555556,0.7532467532467532,0.7532467532467532,hc_100,5s
5s_Mycobacterium-tuberculosis-2,0.5277777777777778,0.5757575757575758,0.6086956521739131,0.5507246376811594,hc_100,5s
5s_Sporosarcina-pasteurii-1,0.22857142857142856,0.24242424242424243,0.2782071097372489,0.23529411764705885,hc_100,5s
5s_Polyangium-cellulosum-1,0.5945945945945946,0.6285714285714286,0.611111111111111,0.611111111111111,hc_100,5s
5s_Gracilaria-compressa-2,0.45714285714285713,0.48484848484848486,0.4705882352941177,0.4705882352941177,hc_100,5s
5s_Desulfovibrio-vulgaris-2,0.2647058823529412,0.2647058823529412,0.29411764705882354,0.2647058823529412,hc_100,5s
5s_Lingula-anatina-2,0.39473684210526316,0.42857142857142855,0.4109589041095891,0.4109589041095891,hc_100,5s
5s_Bifidobacterium-longum-3,0.46875,0.45454545454545453,0.4615384615384615,0.4615384615384615,hc_100,5s
5s_Finegoldia-magna-1,0.6470588235294118,0.6875,0.7113402061855669,0.6666666666666667,hc_100,5s
5s_Nocardia-farcinica-1,0.2702702702702703,0.29411764705882354,0.28169014084507044,0.28169014084507044,hc_100,5s
5s_Spirogyra-sp.-1,0.4722222222222222,0.5,0.4857142857142857,0.4857142857142857,hc_100,5s
5s_Methanothermobacter-thermautotrophicus-6,0.2631578947368421,0.2777777777777778,0.27027027027027023,0.27027027027027023,hc_100,5s
5s_Cycas-revoluta-1,0.2727272727272727,0.35294117647058826,0.30769230769230765,0.30769230769230765,hc_100,5s
5s_Thermus-sp.-2,0.5161290322580645,0.47058823529411764,0.4923076923076923,0.4923076923076923,hc_100,5s
5s_Euplotes-vannus-1,0.5121951219512195,0.6176470588235294,0.64,0.56,hc_100,5s
5s_Escherichia-coli-8,0.41379310344827586,0.3333333333333333,0.36923076923076925,0.36923076923076925,hc_100,5s
5s_Lentinula-edodes-1,0.21212121212121213,0.21875,0.21538461538461537,0.21538461538461537,hc_100,5s
5s_Ehrlichia-chaffeensis-1,0.10810810810810811,0.125,0.14492753623188406,0.11594202898550725,hc_100,5s
5s_Neurospora-crassa-2,0.6774193548387096,0.6,0.6363636363636364,0.6363636363636364,hc_100,5s
5s_Lingula-anatina-1,0.34210526315789475,0.3611111111111111,0.35135135135135137,0.35135135135135137,hc_100,5s
5s_Leptothrix-discophora-1,0.21212121212121213,0.21212121212121213,0.21212121212121215,0.21212121212121215,hc_100,5s
5s_Erythromicrobium-ezovicum-1,0.5135135135135135,0.59375,0.5507246376811593,0.5507246376811593,hc_100,5s
5s_Gloiopeltis-complanata-1,0.2571428571428571,0.2727272727272727,0.2647058823529411,0.2647058823529411,hc_100,5s
5s_Fluoribacter-bozemanae-1,0.59375,0.5588235294117647,0.6213017751479291,0.5757575757575757,hc_100,5s
5s_Halobacterium-sp.-1,0.12903225806451613,0.12121212121212122,0.125,0.125,hc_100,5s
5s_Bursaphelenchus-mucronatus-1,0.42105263157894735,0.48484848484848486,0.5070422535211268,0.4507042253521127,hc_100,5s
5s_Paracoccus-denitrificans-2,0.5142857142857142,0.5294117647058824,0.5217391304347826,0.5217391304347826,hc_100,5s
5s_Hydrurus-foetidus-1,0.3939393939393939,0.37142857142857144,0.3823529411764706,0.3823529411764706,hc_100,5s
5s_Ureaplasma-urealyticum-2,0.7741935483870968,0.8888888888888888,0.8275862068965517,0.8275862068965517,hc_100,5s
5s_Arthrobacter-oxydans-1,0.5,0.5151515151515151,0.5516129032258065,0.5074626865671642,hc_100,5s
5s_Eimeria-tenella-1,0.24390243902439024,0.29411764705882354,0.2666666666666666,0.2666666666666666,hc_100,5s
5s_Gemm_obscuB,0.53125,0.5862068965517241,0.5573770491803278,0.5573770491803278,hc_100,5s
5s_Lactobacillus-delbrueckii-1,0.14285714285714285,0.13333333333333333,0.1379310344827586,0.1379310344827586,hc_100,5s
5s_Pyrenophora-graminea-1,0.5277777777777778,0.7307692307692307,0.6774193548387097,0.6129032258064515,hc_100,5s
5s_Halorubrum-distributum-3,0.45,0.5625,0.5,0.5,hc_100,5s
5s_Bacillus-subtilis-5,0.41025641025641024,0.5,0.4507042253521127,0.4507042253521127,hc_100,5s
5s_Legionella-dumoffii-1,0.5428571428571428,0.5428571428571428,0.6,0.5428571428571428,hc_100,5s
5s_Lactobacillus-acidophilus-1,0.21621621621621623,0.26666666666666666,0.23880597014925373,0.23880597014925373,hc_100,5s
5s_Burkholderia-cepacia-3,0.46153846153846156,0.5806451612903226,0.5142857142857143,0.5142857142857143,hc_100,5s
5s_Methanobacterium-formicicum-1,0.32432432432432434,0.34285714285714286,0.47222222222222227,0.33333333333333337,hc_100,5s
5s_Yersinia-pseudotuberculosis-5,0.4375,0.3888888888888889,0.411764705882353,0.411764705882353,hc_100,5s
5s_Planocera-reticulata-1,0.3076923076923077,0.35294117647058826,0.3287671232876712,0.3287671232876712,hc_100,5s
5s_Hyphomicrobium-vulgare-1,0.17857142857142858,0.16129032258064516,0.288,0.1694915254237288,hc_100,5s
5s_Neurospora-crassa-14,0.47368421052631576,0.5142857142857142,0.547945205479452,0.4931506849315068,hc_100,5s
5s_Caulobacter-spinosum-1,0.3939393939393939,0.41935483870967744,0.59375,0.40625,hc_100,5s
5s_Fusarium-asiaticum-4,0.7837837837837838,0.8285714285714286,0.8611111111111112,0.8055555555555555,hc_100,5s
5s_Vibrio-cholerae-3,0.7142857142857143,0.8571428571428571,0.7792207792207793,0.7792207792207793,hc_100,5s
5s_Erythromicrobium-hydrolyticum-1,0.3157894736842105,0.41379310344827586,0.3582089552238805,0.3582089552238805,hc_100,5s
5s_Mycoplasma-mycoides-2,0.35294117647058826,0.4444444444444444,0.39344262295081966,0.39344262295081966,hc_100,5s
5s_Halorubrum-distributum-7,0.28205128205128205,0.34375,0.381151832460733,0.3098591549295775,hc_100,5s
5s_Mycoplasma-gallisepticum-4,0.16666666666666666,0.25,0.2,0.2,hc_100,5s
5s_Drosophila-sechellia-1,0.4634146341463415,0.5277777777777778,0.4935064935064935,0.4935064935064935,hc_100,5s
5s_E_glandulE,0.4166666666666667,0.4411764705882353,0.42857142857142855,0.42857142857142855,hc_100,5s
5s_Hemicentrotus-sp.-1,0.47368421052631576,0.5,0.4864864864864865,0.4864864864864865,hc_100,5s
5s_Chlamydophila-pneumoniae-2,0.38235294117647056,0.3939393939393939,0.38805970149253727,0.38805970149253727,hc_100,5s
5s_Xenopus-laevis-4,0.25,0.2857142857142857,0.26666666666666666,0.26666666666666666,hc_100,5s
5s_Bifidobacterium-longum-1,0.5454545454545454,0.5454545454545454,0.5454545454545454,0.5454545454545454,hc_100,5s
5s_Corynebacterium-diphtheriae-2,0.23809523809523808,0.2857142857142857,0.28571428571428575,0.25974025974025977,hc_100,5s
5s_Halorubrum-saccharovorum-1,0.1935483870967742,0.18181818181818182,0.21875,0.18750000000000003,hc_100,5s
5s_Saccharomyces-cerevisiae-1,0.7,0.8,0.7466666666666666,0.7466666666666666,hc_100,5s
5s_Bombyx-mori-3,0.5,0.5277777777777778,0.5135135135135136,0.5135135135135136,hc_100,5s
5s_Methanosarcina-acetivorans-1,0.4722222222222222,0.4857142857142857,0.5070422535211268,0.47887323943661975,hc_100,5s
5s_Yersinia-pseudotuberculosis-3,0.45454545454545453,0.4166666666666667,0.43478260869565216,0.43478260869565216,hc_100,5s
5s_Saccharomonospora-azurea-1,0.35135135135135137,0.38235294117647056,0.3661971830985916,0.3661971830985916,hc_100,5s
5s_Emericella-nidulans-6,0.6176470588235294,0.5833333333333334,0.7142857142857144,0.6,hc_100,5s
5s_Mycoplasma-pulmonis-1,0.3333333333333333,0.47619047619047616,0.39215686274509803,0.39215686274509803,hc_100,5s
5s_Anthopleura-japonica-1,0.34210526315789475,0.3611111111111111,0.35135135135135137,0.35135135135135137,hc_100,5s
5s_Scenedesmus-obliquus-1,0.4634146341463415,0.6129032258064516,0.5555555555555556,0.5277777777777778,hc_100,5s
5s_Chlamydia-trachomatis-1,0.25,0.25806451612903225,0.25396825396825395,0.25396825396825395,hc_100,5s
5s_Erysipelothrix-rhusiopathiae-2,0.25,0.3333333333333333,0.28571428571428575,0.28571428571428575,hc_100,5s
5s_Locusta-migratoria-1,0.2631578947368421,0.2857142857142857,0.273972602739726,0.273972602739726,hc_100,5s
5s_Meloidogyne-arenaria-3,0.39473684210526316,0.4411764705882353,0.4444444444444444,0.41666666666666663,hc_100,5s
5s_Efibulobasidium-albescens-1,0.375,0.35294117647058826,0.3636363636363636,0.3636363636363636,hc_100,5s
5s_Drosophila-yakuba-1,0.4634146341463415,0.5277777777777778,0.4935064935064935,0.4935064935064935,hc_100,5s
5s_Agrobacterium-tumefaciens-3,0.5384615384615384,0.6176470588235294,0.6545247581104154,0.5753424657534247,hc_100,5s
5s_Micrococcus-luteus-1,0.5263157894736842,0.5882352941176471,0.5961290322580646,0.5555555555555555,hc_100,5s
5s_Clostridium-acetobutylicum-5,0.4473684210526316,0.5151515151515151,0.5352112676056339,0.4788732394366197,hc_100,5s
5s_Bacillus-licheniformis-6,0.5135135135135135,0.5757575757575758,0.5428571428571428,0.5428571428571428,hc_100,5s
5s_Physarum-polycephalum-1,0.475,0.5277777777777778,0.6578947368421053,0.5,hc_100,5s
5s_Photobacterium-profundum-2,0.2727272727272727,0.34285714285714286,0.30379746835443033,0.30379746835443033,hc_100,5s
5s_Mytilus-galloprovincialis-2,0.38461538461538464,0.4166666666666667,0.4,0.4,hc_100,5s
5s_Saccharopolyspora-hordei-1,0.1891891891891892,0.20588235294117646,0.19718309859154928,0.19718309859154928,hc_100,5s
5s_Euplotes-eurystomus-1,0.6341463414634146,0.7647058823529411,0.7466666666666667,0.6933333333333332,hc_100,5s
5s_Acremonium-persicinum-1,0.4864864864864865,0.5142857142857142,0.5555555555555556,0.5,hc_100,5s
5s_Roseococcus-thiosulfatophilus-1,0.05263157894736842,0.08,0.09523809523809523,0.06349206349206349,hc_100,5s
5s_Sporosarcina-ureae-1,0.2727272727272727,0.2727272727272727,0.4242424242424243,0.2727272727272727,hc_100,5s
5s_Candidatus-Phytoplasma-asteris-1,0.20588235294117646,0.25925925925925924,0.39344262295081966,0.22950819672131148,hc_100,5s
5s_Erythrobacter-longus-1,0.6410256410256411,0.7352941176470589,0.6849315068493151,0.6849315068493151,hc_100,5s
5s_Achromobacter-xylosoxidans-1,0.37142857142857144,0.40625,0.4477611940298507,0.3880597014925374,hc_100,5s
5s_Geobacillus-stearothermophilus-4,0.5483870967741935,0.5483870967741935,0.5806451612903226,0.5483870967741935,hc_100,5s
5s_Symbiobacterium-thermophilum-2,0.28125,0.3103448275862069,0.3442879499217527,0.2950819672131148,hc_100,5s
5s_Pedinomonas-minor-1,0.5238095238095238,0.6666666666666666,0.6546644844517185,0.5866666666666667,hc_100,5s
5s_Helicobacter-hepaticus-1,0.2682926829268293,0.3142857142857143,0.2894736842105263,0.2894736842105263,hc_100,5s
5s_Bacteroides-thetaiotaomicron-1,0.03571428571428571,0.037037037037037035,0.21818181818181817,0.03636363636363636,hc_100,5s
5s_Fusobacterium-varium-1,0.23529411764705882,0.25806451612903225,0.24615384615384614,0.24615384615384614,hc_100,5s
5s_Frankia-sp.-2,0.23076923076923078,0.2571428571428571,0.29729729729729726,0.24324324324324323,hc_100,5s
5s_Artemia-sp.-2,0.21428571428571427,0.16666666666666666,0.1875,0.1875,hc_100,5s
5s_Streptomyces-brasiliensis-1,0.53125,0.4857142857142857,0.5373134328358209,0.5074626865671641,hc_100,5s
5s_Fusarium-lunulosporum-1,0.7105263157894737,0.75,0.7837837837837838,0.7297297297297298,hc_100,5s
5s_Methanopyrus-kandleri-1,0.35714285714285715,0.2857142857142857,0.3174603174603175,0.3174603174603175,hc_100,5s
5s_Mannheimia-succiniciproducens-1,0.35135135135135137,0.38235294117647056,0.4073714839961202,0.3661971830985916,hc_100,5s
5s_Acetobacter-aceti-2,0.35,0.42424242424242425,0.410958904109589,0.3835616438356164,hc_100,5s
5s_Thermus-thermophilus-1,0.425,0.4722222222222222,0.4473684210526316,0.4473684210526316,hc_100,5s
5s_Calliphora-vicina-1,0.4318181818181818,0.5277777777777778,0.47500000000000003,0.47500000000000003,hc_100,5s
5s_Amphibacillus-xylanus-1,0.14705882352941177,0.15625,0.28662420382165604,0.15151515151515152,hc_100,5s
5s_Photorhabdus-luminescens-3,0.35,0.4,0.3733333333333333,0.3733333333333333,hc_100,5s
5s_Campylobacter-jejuni-3,0.3225806451612903,0.30303030303030304,0.3125,0.3125,hc_100,5s
5s_Yersinia-pestis-1,0.46875,0.4166666666666667,0.4411764705882353,0.4411764705882353,hc_100,5s
5s_Triticum-aestivum-1,0.34285714285714286,0.35294117647058826,0.37681159420289856,0.3478260869565218,hc_100,5s
5s_Sporolactobacillus-inulinus-1,0.40540540540540543,0.46875,0.592801693719125,0.43478260869565216,hc_100,5s
5s_Lethenteron-japonicum-2,0.55,0.6111111111111112,0.6052631578947367,0.5789473684210527,hc_100,5s
5s_Fusarium-sporotrichioides-5,0.7317073170731707,0.8571428571428571,0.8157894736842105,0.7894736842105263,hc_100,5s
5s_Caulobacter-sp.-2,0.25,0.25,0.25,0.25,hc_100,5s
5s_Frankia-sp.-1,0.47058823529411764,0.47058823529411764,0.47058823529411764,0.47058823529411764,hc_100,5s
5s_Bacteroides-fragilis-4,0.041666666666666664,0.043478260869565216,0.10169491525423728,0.0425531914893617,hc_100,5s
5s_Vitreoscilla-beggiatoides-1,0.5384615384615384,0.6363636363636364,0.5833333333333334,0.5833333333333334,hc_100,5s
5s_Methanosarcina-mazei-2,0.5263157894736842,0.5714285714285714,0.6155717761557178,0.547945205479452,hc_100,5s
5s_Ureaplasma-urealyticum-3,0.6363636363636364,0.7777777777777778,0.7000000000000001,0.7000000000000001,hc_100,5s
5s_Pasteurella-multocida-1,0.17647058823529413,0.17647058823529413,0.17647058823529413,0.17647058823529413,hc_100,5s
5s_Crossiella-cryophila-1,0.45714285714285713,0.5,0.4776119402985075,0.4776119402985075,hc_100,5s
5s_Emericella-nidulans-5,0.53125,0.4857142857142857,0.5671641791044776,0.5074626865671641,hc_100,5s
5s_Bacillus-subtilis-4,0.45,0.5454545454545454,0.5874125874125874,0.4931506849315069,hc_100,5s
5s_Saccharomonospora-cyanea-1,0.4473684210526316,0.5,0.5,0.4722222222222222,hc_100,5s
5s_Emplectonema-gracile-2,0.3076923076923077,0.3333333333333333,0.32,0.32,hc_100,5s
5s_Salmonella-typhimurium-3,0.1891891891891892,0.2,0.19444444444444445,0.19444444444444445,hc_100,5s
5s_Xanthobacter-viscosus-1,0.5789473684210527,0.6666666666666666,0.619718309859155,0.619718309859155,hc_100,5s
5s_Agrobacterium-tumefaciens-1,0.42857142857142855,0.4411764705882353,0.5197103781174577,0.43478260869565216,hc_100,5s
5s_Shewanella-putrefaciens-1,0.7272727272727273,0.6666666666666666,0.7246376811594203,0.6956521739130435,hc_100,5s
5s_Plesiomonas-shigelloides-1,0.275,0.3055555555555556,0.2894736842105263,0.2894736842105263,hc_100,5s
5s_Vibrio-vulnificus-1,0.3684210526315789,0.4,0.42365401588702556,0.3835616438356164,hc_100,5s
5s_Candida-zeylanoides-1,0.3684210526315789,0.4,0.3835616438356164,0.3835616438356164,hc_100,5s
5s_Haloarcula-marismortui-2,0.19444444444444445,0.22580645161290322,0.2517482517482517,0.208955223880597,hc_100,5s
5s_Mytilus-edulis-1,0.38461538461538464,0.4166666666666667,0.4,0.4,hc_100,5s
5s_Lactobacillus-plantarum-3,0.35294117647058826,0.375,0.3636363636363636,0.3636363636363636,hc_100,5s
5s_Magnolia-kobus-1,0.46153846153846156,0.5294117647058824,0.4931506849315069,0.4931506849315069,hc_100,5s
5s_Artemia-sp.-3,0.1875,0.17142857142857143,0.1791044776119403,0.1791044776119403,hc_100,5s
5s_Acidithiobacillus-ferrooxidans-2,0.6052631578947368,0.6764705882352942,0.6388888888888888,0.6388888888888888,hc_100,5s
5s_Vibrio-fischeri-2,0.4857142857142857,0.4857142857142857,0.4857142857142857,0.4857142857142857,hc_100,5s
5s_Corynebacterium-efficiens-1,0.0967741935483871,0.09090909090909091,0.125,0.09375000000000001,hc_100,5s
5s_Vibrio-alginolyticus-1,0.5945945945945946,0.6111111111111112,0.6027397260273972,0.6027397260273972,hc_100,5s
5s_Vibrio-parahaemolyticus-4,0.7631578947368421,0.8285714285714286,0.8348294434470377,0.7945205479452055,hc_100,5s
5s_Fusarium-pseudograminearum-2,0.5526315789473685,0.6,0.6301369863013698,0.5753424657534247,hc_100,5s
5s_Mycoplasma-gallisepticum-3,0.0,0.0,0.0,0.0,hc_100,5s
5s_Escherichia-coli-15,0.4117647058823529,0.3888888888888889,0.39999999999999997,0.39999999999999997,hc_100,5s
5s_Vibrio-aestuarianus-1,0.30303030303030304,0.2777777777777778,0.28985507246376807,0.28985507246376807,hc_100,5s
5s_Tetrahymena-pyriformis-1,0.47368421052631576,0.5,0.4864864864864865,0.4864864864864865,hc_100,5s
5s_Chlamydophila-pneumoniae-3,0.13793103448275862,0.12903225806451613,0.13333333333333333,0.13333333333333333,hc_100,5s
5s_Methanocaldococcus-jannaschii-2,0.4857142857142857,0.5,0.6376811594202899,0.49275362318840576,hc_100,5s
5s_Acremonium-persicinum-3,0.5483870967741935,0.4722222222222222,0.5671641791044777,0.5074626865671641,hc_100,5s
5s_Mus-musculus-1,0.42857142857142855,0.4166666666666667,0.4225352112676056,0.4225352112676056,hc_100,5s
5s_Brevibacterium-helvolum-1,0.5277777777777778,0.5757575757575758,0.5932203389830508,0.5507246376811594,hc_100,5s
5s_Gnetum-gnemon-1,0.3611111111111111,0.3939393939393939,0.37681159420289856,0.37681159420289856,hc_100,5s
5s_Aeromonas-salmonicida-1,0.3939393939393939,0.37142857142857144,0.3823529411764706,0.3823529411764706,hc_100,5s
5s_Thiobacillus-sp.-1,0.34210526315789475,0.38235294117647056,0.3611111111111111,0.3611111111111111,hc_100,5s
5s_Xenopus-laevis-3,0.2631578947368421,0.2857142857142857,0.273972602739726,0.273972602739726,hc_100,5s
5s_Rhodopirellula-baltica-1,0.45454545454545453,0.5,0.5861182519280205,0.47619047619047616,hc_100,5s
5s_Salmonella-enterica-4,0.22857142857142856,0.22857142857142856,0.22857142857142856,0.22857142857142856,hc_100,5s
5s_Microstroma-juglandis-1,0.38235294117647056,0.37142857142857144,0.37681159420289856,0.37681159420289856,hc_100,5s
5s_Hyphodontia-paradoxa-1,0.39473684210526316,0.4411764705882353,0.41666666666666663,0.41666666666666663,hc_100,5s
5s_Halobacterium-salinarum-1,0.06896551724137931,0.0625,0.06557377049180328,0.06557377049180328,hc_100,5s
5s_Fusarium-lunulosporum-4,0.5,0.5142857142857142,0.5633802816901409,0.5070422535211268,hc_100,5s
5s_Lactobacillus-plantarum-2,0.2857142857142857,0.3125,0.29850746268656714,0.29850746268656714,hc_100,5s
5s_Actinia-equina-1,0.21621621621621623,0.2222222222222222,0.2191780821917808,0.2191780821917808,hc_100,5s
5s_Helicobasidium-purpureum-1,0.7368421052631579,0.7777777777777778,0.8237378210806022,0.7567567567567567,hc_100,5s
5s_Drosophila-teissieri-1,0.4634146341463415,0.5277777777777778,0.4935064935064935,0.4935064935064935,hc_100,5s
5s_Pseudomonas-fluorescens-4,0.7948717948717948,0.8857142857142857,0.8378378378378378,0.8378378378378378,hc_100,5s
5s_Dicyema-misakiense-1,0.2926829268292683,0.36363636363636365,0.35135135135135137,0.32432432432432434,hc_100,5s
5s_Pseudomonas-syringae-3,0.7073170731707317,0.8529411764705882,0.7733333333333334,0.7733333333333334,hc_100,5s
5s_Esch_coli5B,0.3333333333333333,0.3333333333333333,0.3333333333333333,0.3333333333333333,hc_100,5s
5s_Fusarium-culmorum-1,0.7105263157894737,0.75,0.7837837837837838,0.7297297297297298,hc_100,5s
5s_Farysia-thuemenii-1,0.7837837837837838,0.8285714285714286,0.8333333333333334,0.8055555555555555,hc_100,5s
5s_Streptomyces-griseus-1,0.45454545454545453,0.45454545454545453,0.5298701298701298,0.45454545454545453,hc_100,5s
5s_Fusarium-lunulosporum-7,0.5882352941176471,0.5714285714285714,0.6666666666666666,0.5797101449275363,hc_100,5s
5s_Gelidium-amansii-1,0.6046511627906976,0.7222222222222222,0.6835443037974683,0.6582278481012659,hc_100,5s
5s_Listonella-anguillarum-1,0.4666666666666667,0.3888888888888889,0.42424242424242425,0.42424242424242425,hc_100,5s
5s_Rhodococcus-fascians-2,0.2777777777777778,0.30303030303030304,0.3320754716981132,0.28985507246376807,hc_100,5s
5s_Thermus-sp.-1,0.5263157894736842,0.5714285714285714,0.5881604073838319,0.547945205479452,hc_100,5s
5s_Rhodopseudomonas-palustris-2,0.6764705882352942,0.6764705882352942,0.6764705882352942,0.6764705882352942,hc_100,5s
5s_Salmonella-typhi-1,0.21621621621621623,0.25,0.2318840579710145,0.2318840579710145,hc_100,5s
5s_Pichia-jadinii-1,0.4411764705882353,0.42857142857142855,0.43478260869565216,0.43478260869565216,hc_100,5s
5s_Fusarium-pseudograminearum-5,0.7837837837837838,0.8285714285714286,0.8611111111111112,0.8055555555555555,hc_100,5s
5s_Streptomyces-coelicolor-6,0.2702702702702703,0.29411764705882354,0.43557168784029043,0.28169014084507044,hc_100,5s
5s_Bacillus-thuringiensis-4,0.2619047619047619,0.34375,0.3354838709677419,0.2972972972972973,hc_100,5s
5s_Chlorella-sp.-1,0.425,0.5483870967741935,0.47887323943661964,0.47887323943661964,hc_100,5s
5s_Oceanobacillus-iheyensis-2,0.3888888888888889,0.4375,0.5428571428571428,0.411764705882353,hc_100,5s
5s_Azospirillum-lipoferum-1,0.20930232558139536,0.2903225806451613,0.24324324324324326,0.24324324324324326,hc_100,5s
5s_Vibrio-nereis-1,0.525,0.6176470588235294,0.6067146282973622,0.5675675675675677,hc_100,5s
5s_Fusarium-cerealis-6,0.7317073170731707,0.8571428571428571,0.8157894736842105,0.7894736842105263,hc_100,5s
5s_Erwinia-carotovora-2,0.43333333333333335,0.37142857142857144,0.4,0.4,hc_100,5s
5s_Thermus-thermophilus-3,0.35294117647058826,0.34285714285714286,0.3478260869565218,0.3478260869565218,hc_100,5s
5s_Clostridium-tyrobutyricum-4,0.1282051282051282,0.15625,0.14084507042253522,0.14084507042253522,hc_100,5s
5s_Natrinema-sp.-1,0.1935483870967742,0.1875,0.19047619047619047,0.19047619047619047,hc_100,5s
5s_Halorubrum-distributum-6,0.5116279069767442,0.6285714285714286,0.5641025641025641,0.5641025641025641,hc_100,5s
5s_Leifsonia-xyli-1,0.6764705882352942,0.6764705882352942,0.7058823529411765,0.6764705882352942,hc_100,5s
5s_Candida-cylindracea-1,0.5897435897435898,0.6571428571428571,0.6216216216216216,0.6216216216216216,hc_100,5s
5s_Thermococcus-celer-1,0.5238095238095238,0.6111111111111112,0.6153846153846153,0.5641025641025642,hc_100,5s
5s_Mycoplasma-flocculare-1,0.3793103448275862,0.4230769230769231,0.4,0.4,hc_100,5s
5s_Sterkiella-nova-1,0.42424242424242425,0.4117647058823529,0.41791044776119407,0.41791044776119407,hc_100,5s
5s_Frankia-sp.-3,0.2972972972972973,0.3235294117647059,0.3661971830985916,0.3098591549295775,hc_100,5s
5s_Xanthomonas-oryzae-1,0.7435897435897436,0.8529411764705882,0.7945205479452054,0.7945205479452054,hc_100,5s
5s_Pichia-membranifaciens-1,0.5625,0.5294117647058824,0.5454545454545455,0.5454545454545455,hc_100,5s
5s_Streptomyces-lividans-1,0.6764705882352942,0.6571428571428571,0.6956521739130436,0.6666666666666666,hc_100,5s
5s_Enchytraeus-albidus-1,0.375,0.4166666666666667,0.3947368421052631,0.3947368421052631,hc_100,5s
5s_Prosthecomicrobium-enhydrum-1,0.1875,0.17647058823529413,0.1818181818181818,0.1818181818181818,hc_100,5s
5s_Herbidospora-cretacea-1,0.5666666666666667,0.4857142857142857,0.523076923076923,0.523076923076923,hc_100,5s
5s_Fusarium-pseudograminearum-3,0.5,0.6451612903225806,0.69164265129683,0.5633802816901409,hc_100,5s
5s_Streptomyces-sclerotialus-1,0.6285714285714286,0.6285714285714286,0.6997084548104957,0.6285714285714286,hc_100,5s
5s_Bullera-alba-1,0.7894736842105263,0.8571428571428571,0.8493150684931505,0.8219178082191781,hc_100,5s
5s_Saccharomyces-cerevisiae-3,0.6666666666666666,0.6470588235294118,0.6567164179104478,0.6567164179104478,hc_100,5s
5s_Vibrio-gazogenes-1,0.275,0.3055555555555556,0.2894736842105263,0.2894736842105263,hc_100,5s
5s_Penicillium-chrysogenum-1,0.5882352941176471,0.5555555555555556,0.7428571428571428,0.5714285714285715,hc_100,5s
5s_Fusarium-asiaticum-2,0.4722222222222222,0.5,0.5849582172701949,0.4857142857142857,hc_100,5s
5s_Escherichia-coli-6,0.4375,0.3888888888888889,0.411764705882353,0.411764705882353,hc_100,5s
5s_Bacillus-halodurans-6,0.46153846153846156,0.5454545454545454,0.4999999999999999,0.4999999999999999,hc_100,5s
5s_Emericella-nidulans-1,0.5714285714285714,0.5555555555555556,0.690051753881541,0.5633802816901409,hc_100,5s
5s_Staphylococcus-haemolyticus-1,0.25,0.25,0.25,0.25,hc_100,5s
5s_Tuberoidobacter-mutans-1,0.21052631578947367,0.25806451612903225,0.23188405797101447,0.23188405797101447,hc_100,5s
5s_Cryptococcus-albidus-1,0.7714285714285715,0.7714285714285715,0.8000000000000002,0.7714285714285715,hc_100,5s
5s_Legionella-pneumophila-1,0.3076923076923077,0.36363636363636365,0.33333333333333337,0.33333333333333337,hc_100,5s
5s_Geobacillus-kaustophilus-6,0.40540540540540543,0.45454545454545453,0.42857142857142855,0.42857142857142855,hc_100,5s
5s_Chrysaora-quinquecirrha-1,0.35555555555555557,0.4444444444444444,0.3950617283950617,0.3950617283950617,hc_100,5s
5s_Comamonas-terrigena-1,0.24324324324324326,0.2727272727272727,0.2571428571428572,0.2571428571428572,hc_100,5s
5s_Photobacterium-profundum-1,0.21951219512195122,0.2571428571428571,0.2368421052631579,0.2368421052631579,hc_100,5s
5s_Vibrio-vulnificus-4,0.275,0.3142857142857143,0.3853211009174312,0.29333333333333333,hc_100,5s
5s_Branchiostoma-belcheri-1,0.46153846153846156,0.5,0.48000000000000004,0.48000000000000004,hc_100,5s
5s_Hyphomicrobium-sp.-1,0.38235294117647056,0.38235294117647056,0.3823529411764706,0.3823529411764706,hc_100,5s
5s_Acidiphilium-cryptum-1,0.4857142857142857,0.5,0.5507246376811593,0.49275362318840576,hc_100,5s
5s_Rhodosporidium-toruloides-1,0.5945945945945946,0.6111111111111112,0.6027397260273972,0.6027397260273972,hc_100,5s
5s_Amoebidium-parasiticum-1,0.6,0.6486486486486487,0.7272727272727273,0.6233766233766234,hc_100,5s
5s_Vibrio-cholerae-4,0.7619047619047619,0.8888888888888888,0.8205128205128205,0.8205128205128205,hc_100,5s
5s_Ancylobacter-aquaticus-1,0.2903225806451613,0.28125,0.28571428571428575,0.28571428571428575,hc_100,5s
5s_Ralstonia-solanacearum-1,0.40540540540540543,0.46875,0.43478260869565216,0.43478260869565216,hc_100,5s
5s_Escherichia-coli-10,0.17647058823529413,0.17142857142857143,0.1739130434782609,0.1739130434782609,hc_100,5s
5s_Geobacillus-kaustophilus-4,0.3235294117647059,0.3333333333333333,0.4320987654320988,0.3283582089552239,hc_100,5s
5s_Halocynthia-roretzi-1,0.5555555555555556,0.5714285714285714,0.5633802816901409,0.5633802816901409,hc_100,5s
5s_Deinococcus-radiodurans-1,0.4117647058823529,0.42424242424242425,0.4776119402985075,0.41791044776119407,hc_100,5s
5s_Sphingomonas-ursincola-1,0.2571428571428571,0.3103448275862069,0.28125,0.28125,hc_100,5s
5s_Lycoperdon-pyriforme-1,0.35294117647058826,0.36363636363636365,0.35820895522388063,0.35820895522388063,hc_100,5s
5s_Ureaplasma-parvum-1,0.6896551724137931,0.8,0.7407407407407408,0.7407407407407408,hc_100,5s
5s_Mycobacterium-avium-1,0.4827586206896552,0.4375,0.4590163934426229,0.4590163934426229,hc_100,5s
5s_Dictyostelium-discoideum-1,0.34210526315789475,0.37142857142857144,0.4657534246575342,0.35616438356164387,hc_100,5s
5s_Deinococcus-radiodurans-3,0.5,0.6470588235294118,0.600652883569097,0.5641025641025642,hc_100,5s
5s_Wolbachia-pipientis-1,0.1935483870967742,0.23076923076923078,0.2807017543859649,0.21052631578947367,hc_100,5s
5s_Mycobacterium-leprae-1,0.4827586206896552,0.42424242424242425,0.45161290322580644,0.45161290322580644,hc_100,5s
5s_Tenebrio-molitor-1,0.4473684210526316,0.4722222222222222,0.4594594594594595,0.4594594594594595,hc_100,5s
5s_Rickettsia-moozeri-1,0.34210526315789475,0.40625,0.3714285714285715,0.3714285714285715,hc_100,5s
5s_Fusarium-cerealis-5,0.7837837837837838,0.8285714285714286,0.8611111111111112,0.8055555555555555,hc_100,5s
5s_Streptococcus-pyogenes-3,0.3142857142857143,0.3548387096774194,0.5151515151515151,0.3333333333333333,hc_100,5s
5s_Bacillus-anthracis-7,0.2926829268292683,0.36363636363636365,0.3629112662013958,0.32432432432432434,hc_100,5s
5s_Azotobacter-vinelandii-1,0.7631578947368421,0.8055555555555556,0.7837837837837838,0.7837837837837838,hc_100,5s
5s_Pirellula-sp.-1,0.6206896551724138,0.6,0.6101694915254238,0.6101694915254238,hc_100,5s
5s_Trichostrongylus-colubriformis-1,0.3488372093023256,0.42857142857142855,0.41025641025641024,0.38461538461538464,hc_100,5s
5s_Bacillus-anthracis-4,0.27906976744186046,0.36363636363636365,0.3530552861299709,0.31578947368421056,hc_100,5s
5s_Oryza-sativa-2,0.23076923076923078,0.2727272727272727,0.24999999999999994,0.24999999999999994,hc_100,5s
5s_Vibrio-vulnificus-5,0.75,0.75,0.75,0.75,hc_100,5s
5s_Delftia-acidovorans-1,0.631578947368421,0.7272727272727273,0.704225352112676,0.676056338028169,hc_100,5s
5s_Brucella-melitensis-1,0.5263157894736842,0.5882352941176471,0.5555555555555555,0.5555555555555555,hc_100,5s
5s_Nadsonia-fulvescens-1,0.4166666666666667,0.4166666666666667,0.4444444444444444,0.4166666666666667,hc_100,5s
5s_Capniomyces-stellatus-1,0.55,0.5945945945945946,0.5974025974025973,0.5714285714285715,hc_100,5s
5s_Thermotoga-petrophila-1,0.4722222222222222,0.5151515151515151,0.5797101449275361,0.49275362318840576,hc_100,5s
5s_Streptomyces-rimosus-2,0.38235294117647056,0.3939393939393939,0.41791044776119407,0.38805970149253727,hc_100,5s
5s_Harpalus-rufipes-1,0.40540540540540543,0.4166666666666667,0.4109589041095891,0.4109589041095891,hc_100,5s
5s_Fusobacterium-nucleatum-5,0.2727272727272727,0.3870967741935484,0.32,0.32,hc_100,5s
5s_Methanococcus-vannielii-2,0.6486486486486487,0.7272727272727273,0.7274762171236709,0.6857142857142857,hc_100,5s
5s_Bacillus-anthracis-6,0.275,0.3333333333333333,0.3406113537117904,0.3013698630136986,hc_100,5s
5s_Methylomicrobium-clara-1,0.4,0.42424242424242425,0.411764705882353,0.411764705882353,hc_100,5s
5s_Pleurodeles-waltl-3,0.46153846153846156,0.5,0.48000000000000004,0.48000000000000004,hc_100,5s
5s_Burkholderia-caryophylli-1,0.2702702702702703,0.3225806451612903,0.2941176470588235,0.2941176470588235,hc_100,5s
5s_Bacillus-licheniformis-5,0.42857142857142855,0.46875,0.4477611940298507,0.4477611940298507,hc_100,5s
5s_Schizosaccharomyces-pombe-4,0.5348837209302325,0.6388888888888888,0.5822784810126581,0.5822784810126581,hc_100,5s
5s_Streptococcus-pneumoniae-2,0.6129032258064516,0.6333333333333333,0.6229508196721313,0.6229508196721313,hc_100,5s
5s_Amycolatopsis-lactamdurans-1,0.53125,0.4857142857142857,0.5373134328358209,0.5074626865671641,hc_100,5s
5s_Erythromicrobium-ramosum-1,0.2894736842105263,0.4230769230769231,0.37499999999999994,0.34375,hc_100,5s
5s_Scytosiphon-lomentaria-1,0.25806451612903225,0.2222222222222222,0.2388059701492537,0.2388059701492537,hc_100,5s
5s_Candidatus-Tremblaya-princeps-1,0.2,0.2857142857142857,0.23529411764705882,0.23529411764705882,hc_100,5s
5s_Xenopus-borealis-4,0.4,0.4444444444444444,0.4210526315789474,0.4210526315789474,hc_100,5s
5s_Idiomarina-loihiensis-2,0.45454545454545453,0.42857142857142855,0.4411764705882353,0.4411764705882353,hc_100,5s
5s_Corynebacterium-xerosis-2,0.1794871794871795,0.20588235294117646,0.2191780821917808,0.19178082191780824,hc_100,5s
5s_Halichondria-panicea-1,0.425,0.4857142857142857,0.45333333333333337,0.45333333333333337,hc_100,5s
5s_Bombyx-mori-2,0.5128205128205128,0.5555555555555556,0.5599999999999999,0.5333333333333333,hc_100,5s
5s_Aspergillus-unguis-1,0.6363636363636364,0.5833333333333334,0.739476678043231,0.6086956521739131,hc_100,5s
5s_Artemia-salina-1,0.4411764705882353,0.42857142857142855,0.43478260869565216,0.43478260869565216,hc_100,5s
5s_Paenibacillus-popilliae-1,0.16666666666666666,0.22580645161290322,0.1917808219178082,0.1917808219178082,hc_100,5s
5s_Iguana-iguana-1,0.35135135135135137,0.3611111111111111,0.3561643835616438,0.3561643835616438,hc_100,5s
5s_Acanthamoeba-castellanii-1,0.5,0.5555555555555556,0.6578947368421053,0.5263157894736842,hc_100,5s
5s_Vibrio-cholerae-2,0.5238095238095238,0.6285714285714286,0.5714285714285715,0.5714285714285715,hc_100,5s
5s_Streptococcus-pneumoniae-1,0.5,0.5517241379310345,0.5724976613657625,0.5245901639344263,hc_100,5s
5s_Chlorella-pyrenoidosa-1,0.36585365853658536,0.5769230769230769,0.47761194029850756,0.44776119402985076,hc_100,5s
5s_Caulobacter-crescentus-2,0.2857142857142857,0.25806451612903225,0.3220035778175313,0.2711864406779661,hc_100,5s
5s_Eurypelma-californica-1,0.525,0.6,0.6272727272727273,0.56,hc_100,5s
5s_Flexibacter-sp.-1,0.3235294117647059,0.34375,0.33333333333333337,0.33333333333333337,hc_100,5s
5s_Tremella-encephala-1,0.5348837209302325,0.6764705882352942,0.6233766233766234,0.5974025974025974,hc_100,5s
5s_Spirogyra-grevilleana-1,0.1794871794871795,0.21212121212121213,0.2222222222222222,0.19444444444444445,hc_100,5s
5s_Spirochaeta-aurantia-1,0.48,0.4,0.4363636363636364,0.4363636363636364,hc_100,5s
5s_Rhabdomonas-costata-1,0.55,0.5945945945945946,0.6615776081424937,0.5714285714285715,hc_100,5s
5s_Genistelloides-hibernus-1,0.45,0.5,0.5,0.4736842105263158,hc_100,5s
5s_F_florifoWE,0.3225806451612903,0.29411764705882354,0.3076923076923077,0.3076923076923077,hc_100,5s
5s_Tropheryma-whipplei-1,0.6571428571428571,0.6571428571428571,0.7282913165266106,0.6571428571428571,hc_100,5s
5s_Zea-mays-1,0.2894736842105263,0.3235294117647059,0.3611111111111111,0.30555555555555564,hc_100,5s
5s_Urocystis-primulicola-1,0.7027027027027027,0.7428571428571429,0.75,0.7222222222222223,hc_100,5s
5s_Chlamydomonas-sp.-1,0.775,0.8857142857142857,0.8266666666666667,0.8266666666666667,hc_100,5s
5s_Vibrio-parahaemolyticus-2,0.6756756756756757,0.7142857142857143,0.6944444444444444,0.6944444444444444,hc_100,5s
5s_Lycopersicon-esculentum-1,0.42424242424242425,0.4117647058823529,0.4477611940298507,0.41791044776119407,hc_100,5s
5s_Shewanella-hanedai-1,0.40625,0.3611111111111111,0.38235294117647056,0.38235294117647056,hc_100,5s
5s_Rhodobacter-capsulatus-2,0.325,0.3939393939393939,0.35616438356164376,0.35616438356164376,hc_100,5s
5s_Antheraea-pernyi-1,0.2682926829268293,0.3142857142857143,0.2894736842105263,0.2894736842105263,hc_100,5s
5s_Bartonella-quintana-2,0.2558139534883721,0.3235294117647059,0.28571428571428575,0.28571428571428575,hc_100,5s
5s_Palmaria-palmata-1,0.38235294117647056,0.3939393939393939,0.38805970149253727,0.38805970149253727,hc_100,5s
5s_Candida-albicans-1,0.7105263157894737,0.7714285714285715,0.7397260273972601,0.7397260273972601,hc_100,5s
5s_Acidithiobacillus-thiooxidans-1,0.3888888888888889,0.4117647058823529,0.39999999999999997,0.39999999999999997,hc_100,5s
5s_Colwellia-psychrerythraea-2,0.5853658536585366,0.7058823529411765,0.64,0.64,hc_100,5s
5s_Acetobacter-sp.-1,0.3333333333333333,0.3235294117647059,0.4590163934426229,0.3283582089552239,hc_100,5s
5s_Escherichia-coli-14,0.34285714285714286,0.34285714285714286,0.34285714285714286,0.34285714285714286,hc_100,5s
5s_Planctomyces-brasiliensis-1,0.2,0.20689655172413793,0.20338983050847456,0.20338983050847456,hc_100,5s
5s_Meloidogyne-arenaria-1,0.4358974358974359,0.4857142857142857,0.48648648648648646,0.45945945945945943,hc_100,5s
5s_Thermus-thermophilus-2,0.41025641025641024,0.4444444444444444,0.42666666666666664,0.42666666666666664,hc_100,5s
5s_Linderina-macrospora-1,0.8292682926829268,0.918918918918919,0.8974358974358975,0.8717948717948718,hc_100,5s
5s_Paracoccus-denitrificans-1,0.5,0.5454545454545454,0.5217391304347826,0.5217391304347826,hc_100,5s
5s_Coleochaete-scutata-1,0.425,0.5483870967741935,0.5225362872421696,0.47887323943661964,hc_100,5s
5s_Puccinia-suaveolens-1,0.7105263157894737,0.7297297297297297,0.8266666666666665,0.7200000000000001,hc_100,5s
5s_Caulobacter-sp.-3,0.2571428571428571,0.2727272727272727,0.2647058823529411,0.2647058823529411,hc_100,5s
5s_Arion-rufus-1,0.2857142857142857,0.3333333333333333,0.30769230769230765,0.30769230769230765,hc_100,5s
5s_Verrucomicrobium-spinosum-1,0.4146341463414634,0.5483870967741935,0.4722222222222222,0.4722222222222222,hc_100,5s
5s_Bacteroides-veroralis-1,0.09090909090909091,0.10714285714285714,0.09836065573770493,0.09836065573770493,hc_100,5s
5s_Hyphomicrobium-sp.-3,0.2631578947368421,0.29411764705882354,0.27777777777777773,0.27777777777777773,hc_100,5s
5s_Blakeslea-trispora-1,0.6666666666666666,0.6486486486486487,0.6981740064446832,0.6575342465753425,hc_100,5s
5s_Cyanidium-caldarium-1,0.5,0.5757575757575758,0.5633802816901409,0.5352112676056339,hc_100,5s
5s_Bifidobacterium-longum-2,0.5294117647058824,0.5454545454545454,0.5373134328358209,0.5373134328358209,hc_100,5s
5s_Rhodobacter-sphaeroides-3,0.5757575757575758,0.6129032258064516,0.625,0.59375,hc_100,5s
5s_Fusobacterium-mortiferum-1,0.2727272727272727,0.2903225806451613,0.28125,0.28125,hc_100,5s
5s_Mycoplasma-sp.-2,0.3870967741935484,0.4444444444444444,0.41379310344827586,0.41379310344827586,hc_100,5s
5s_Asterina-pectinifera-1,0.35135135135135137,0.3611111111111111,0.3561643835616438,0.3561643835616438,hc_100,5s
5s_Methylobacterium-extorquens-1,0.6285714285714286,0.6285714285714286,0.6285714285714286,0.6285714285714286,hc_100,5s
5s_Bacillus-amyloliquefaciens-1,0.6486486486486487,0.75,0.7667941015838341,0.6956521739130435,hc_100,5s
5s_Listeria-ivanovii-1,0.42105263157894735,0.48484848484848486,0.4507042253521127,0.4507042253521127,hc_100,5s
5s_Coxiella-burnetii-2,0.4,0.5714285714285714,0.47058823529411764,0.47058823529411764,hc_100,5s
5s_Idiomarina-loihiensis-1,0.3939393939393939,0.37142857142857144,0.3823529411764706,0.3823529411764706,hc_100,5s
5s_Symbiobacterium-thermophilum-4,0.28125,0.3103448275862069,0.3442879499217527,0.2950819672131148,hc_100,5s
5s_Rhodococcus-erythropolis-2,0.6666666666666666,0.6857142857142857,0.676056338028169,0.676056338028169,hc_100,5s
5s_Clostridium-acetobutylicum-3,0.22857142857142856,0.2857142857142857,0.2857142857142857,0.25396825396825395,hc_100,5s
5s_uncultured-euryarchaeote-37F11-1,0.06451612903225806,0.06666666666666667,0.06557377049180328,0.06557377049180328,hc_100,5s
5s_Meloidogyne-arenaria-2,0.42857142857142855,0.4444444444444444,0.43636363636363634,0.43636363636363634,hc_100,5s
5s_Cryptosporidium-parvum-1,0.5135135135135135,0.5277777777777778,0.6027397260273972,0.5205479452054794,hc_100,5s
5s_Archaeoglobus-fulgidus-1,0.20588235294117646,0.2,0.20289855072463767,0.20289855072463767,hc_100,5s
5s_Cancer-pagurus-1,0.4523809523809524,0.5428571428571428,0.49350649350649345,0.49350649350649345,hc_100,5s
5s_Fusarium-cerealis-7,0.47058823529411764,0.45714285714285713,0.5797101449275363,0.46376811594202894,hc_100,5s
5s_Chlamydomonas-reinhardtii-2,0.4411764705882353,0.46875,0.48484848484848486,0.45454545454545453,hc_100,5s
5s_Halorubrum-distributum-4,0.4864864864864865,0.5454545454545454,0.5559619604974396,0.5142857142857143,hc_100,5s
5s_Staphylococcus-epidermidis-3,0.25,0.28125,0.2647058823529412,0.2647058823529412,hc_100,5s
5s_Fusarium-culmorum-5,0.7837837837837838,0.8285714285714286,0.8611111111111112,0.8055555555555555,hc_100,5s
5s_Vibrio-parahaemolyticus-5,0.6842105263157895,0.7222222222222222,0.7426326129666012,0.7027027027027027,hc_100,5s
5s_Bacillus-methanolicus-9,0.425,0.5151515151515151,0.4657534246575342,0.4657534246575342,hc_100,5s
5s_Mytilus-edulis-2,0.40476190476190477,0.4722222222222222,0.4358974358974359,0.4358974358974359,hc_100,5s
5s_Pichia-jadinii-2,0.5142857142857142,0.5142857142857142,0.5142857142857142,0.5142857142857142,hc_100,5s
5s_Fusarium-culmorum-3,0.5454545454545454,0.5294117647058824,0.6117989803350329,0.5373134328358209,hc_100,5s
5s_Diplonema-papillatum-1,0.55,0.6285714285714286,0.5866666666666667,0.5866666666666667,hc_100,5s
5s_Cupriavidus-necator-1,0.5675675675675675,0.65625,0.6376811594202898,0.6086956521739131,hc_100,5s
5s_Fusarium-cerealis-4,0.5,0.5142857142857142,0.5633802816901409,0.5070422535211268,hc_100,5s
5s_Treponema-denticola-1,0.4838709677419355,0.5,0.5402184707050646,0.4918032786885246,hc_100,5s
5s_Tinca-tinca-1,0.4166666666666667,0.4166666666666667,0.4166666666666667,0.4166666666666667,hc_100,5s
5s_Caulobacter-sp.-6,0.2903225806451613,0.28125,0.28571428571428575,0.28571428571428575,hc_100,5s
5s_Fusarium-lunulosporum-5,0.7837837837837838,0.8285714285714286,0.8611111111111112,0.8055555555555555,hc_100,5s
5s_Psilotum-nudum-1,0.3170731707317073,0.3939393939393939,0.35135135135135137,0.35135135135135137,hc_100,5s
5s_Methanococcus-vannielii-1,0.5897435897435898,0.696969696969697,0.638888888888889,0.638888888888889,hc_100,5s
5s_Pseudomonas-syringae-4,0.42857142857142855,0.4411764705882353,0.43478260869565216,0.43478260869565216,hc_100,5s
5s_Rhodobacter-capsulatus-1,0.3333333333333333,0.40625,0.36619718309859156,0.36619718309859156,hc_100,5s
5s_Methylococcus-capsulatus-3,0.71875,0.696969696969697,0.7076923076923077,0.7076923076923077,hc_100,5s
5s_Spiroplasma-melliferum-1,0.47058823529411764,0.5925925925925926,0.5245901639344261,0.5245901639344261,hc_100,5s
5s_Neurospora-intermedia-2,0.47368421052631576,0.5142857142857142,0.547945205479452,0.4931506849315068,hc_100,5s
5s_Lytechinus-variegatus-1,0.35,0.3888888888888889,0.36842105263157887,0.36842105263157887,hc_100,5s
5s_Saccharopolyspora-gregorii-1,0.5135135135135135,0.5277777777777778,0.5205479452054794,0.5205479452054794,hc_100,5s
5s_Thiothrix-nivea-1,0.2727272727272727,0.25,0.2608695652173913,0.2608695652173913,hc_100,5s
5s_Marchantia-polymorpha-1,0.3,0.35294117647058826,0.3243243243243243,0.3243243243243243,hc_100,5s
5s_Ginkgo-biloba-1,0.28888888888888886,0.38235294117647056,0.3291139240506329,0.3291139240506329,hc_100,5s
5s_Finegoldia-magna-2,0.6285714285714286,0.7096774193548387,0.6666666666666666,0.6666666666666666,hc_100,5s
5s_Platymonas-subcordiformis-1,0.1590909090909091,0.22580645161290322,0.18666666666666665,0.18666666666666665,hc_100,5s
5s_Candida-antarctica-1,0.6666666666666666,0.6857142857142857,0.7042253521126761,0.676056338028169,hc_100,5s
5s_Proasellus-coxalis-1,0.21212121212121213,0.2,0.2058823529411765,0.2058823529411765,hc_100,5s
5s_Bacillus-halodurans-5,0.475,0.59375,0.5277777777777778,0.5277777777777778,hc_100,5s
5s_Hyphomicrobium-sp.-7,0.28205128205128205,0.3235294117647059,0.34098360655737703,0.3013698630136986,hc_100,5s
5s_Methanococcus-maripaludis-1,0.28125,0.3,0.29032258064516125,0.29032258064516125,hc_100,5s
5s_Gossypium-hirsutum-1,0.6666666666666666,0.8125,0.7323943661971831,0.7323943661971831,hc_100,5s
5s_Acinetospora-crinita-1,0.37142857142857144,0.3611111111111111,0.3661971830985915,0.3661971830985915,hc_100,5s
5s_Cryptococcus-neoformans-1,0.43333333333333335,0.38235294117647056,0.40625,0.40625,hc_100,5s
5s_Ustilentyloma-fluitans-1,0.575,0.6388888888888888,0.631578947368421,0.6052631578947367,hc_100,5s
5s_Blastocladiella-simplex-1,0.4358974358974359,0.4594594594594595,0.4473684210526316,0.4473684210526316,hc_100,5s
5s_Chlorobium-tepidum-1,0.08823529411764706,0.1111111111111111,0.09836065573770492,0.09836065573770492,hc_100,5s
5s_Streptococcus-pyogenes-1,0.4411764705882353,0.4838709677419355,0.6461538461538462,0.4615384615384615,hc_100,5s
5s_Rhodococcus-erythropolis-1,0.5428571428571428,0.5428571428571428,0.5853658536585366,0.5428571428571428,hc_100,5s
5s_Lactococcus-lactis-1,0.4,0.3870967741935484,0.5407554671968191,0.39344262295081966,hc_100,5s
5s_Kluyveromyces-delphensis-1,0.6176470588235294,0.6,0.608695652173913,0.608695652173913,hc_100,5s
5s_Atractiella-solani-1,0.21212121212121213,0.1891891891891892,0.20000000000000004,0.20000000000000004,hc_100,5s
5s_Saccharomyces-cerevisiae-5,0.7,0.6,0.6461538461538462,0.6461538461538462,hc_100,5s
5s_Vibrio-sp.-1,0.37142857142857144,0.37142857142857144,0.37142857142857144,0.37142857142857144,hc_100,5s
5s_Neurospora-intermedia-3,0.6486486486486487,0.6857142857142857,0.7222222222222223,0.6666666666666667,hc_100,5s
5s_Gallus-gallus-2,0.25,0.2857142857142857,0.26666666666666666,0.26666666666666666,hc_100,5s
5s_Natronomonas-pharaonis-2,0.6388888888888888,0.6764705882352942,0.6571428571428571,0.6571428571428571,hc_100,5s
5s_Candidatus-Tremblaya-princeps-5,0.23529411764705882,0.27586206896551724,0.253968253968254,0.253968253968254,hc_100,5s
5s_Aquifex-aeolicus-1,0.5,0.4722222222222222,0.4857142857142857,0.4857142857142857,hc_100,5s
5s_S_kowalev2E,0.55,0.6111111111111112,0.5789473684210527,0.5789473684210527,hc_100,5s
5s_Rickettsia-conorii-1,0.42857142857142855,0.5454545454545454,0.4799999999999999,0.4799999999999999,hc_100,5s
5s_Cryptosporidium-parvum-2,0.5135135135135135,0.5277777777777778,0.6027397260273972,0.5205479452054794,hc_100,5s
5s_Diatoma-tenue-1,0.2564102564102564,0.2857142857142857,0.27027027027027023,0.27027027027027023,hc_100,5s
5s_Geodermatophilus-obscurus-1,0.5161290322580645,0.48484848484848486,0.5,0.5,hc_100,5s
5s_Mycobacterium-phlei-2,0.6071428571428571,0.5151515151515151,0.6074600355239788,0.5573770491803278,hc_100,5s
5s_Escherichia-coli-5,0.3235294117647059,0.3055555555555556,0.31428571428571433,0.31428571428571433,hc_100,5s
5s_Listeria-monocytogenes-3,0.3783783783783784,0.45161290322580644,0.5718585402558314,0.411764705882353,hc_100,5s
5s_Enterococcus-faecalis-2,0.2647058823529412,0.2647058823529412,0.4411764705882353,0.2647058823529412,hc_100,5s
5s_Bursaphelenchus-xylophilus-1,0.3409090909090909,0.46875,0.39473684210526316,0.39473684210526316,hc_100,5s
5s_Thermotoga-sp.-3,0.4864864864864865,0.5454545454545454,0.6000000000000001,0.5142857142857143,hc_100,5s
5s_Haloferax-volcanii-1,0.11428571428571428,0.12903225806451613,0.12121212121212123,0.12121212121212123,hc_100,5s
5s_Shewanella-oneidensis-2,0.5277777777777778,0.5277777777777778,0.5277777777777778,0.5277777777777778,hc_100,5s
5s_Neurospora-crassa-12,0.37142857142857144,0.3939393939393939,0.4263959390862944,0.3823529411764706,hc_100,5s
5s_Bordetella-parapertussis-1,0.22857142857142856,0.24242424242424243,0.23529411764705885,0.23529411764705885,hc_100,5s
5s_Vibrio-ordalii-1,0.40540540540540543,0.4166666666666667,0.45145228215767635,0.4109589041095891,hc_100,5s
5s_Ehrlichia-ruminantium-1,0.0,0.0,0.03883495145631068,0.0,hc_100,5s
5s_Ustilago-maydis-1,0.11428571428571428,0.11428571428571428,0.11428571428571428,0.11428571428571428,hc_100,5s
5s_Borrelia-burgdorferi-1,0.53125,0.5483870967741935,0.5396825396825397,0.5396825396825397,hc_100,5s
5s_Streptococcus-agalactiae-1,0.2702702702702703,0.3333333333333333,0.4477611940298507,0.29850746268656714,hc_100,5s
5s_Batrachospermum-ectocarpum-1,0.28125,0.2647058823529412,0.27272727272727276,0.27272727272727276,hc_100,5s
5s_Microtetraspora-glauca-1,0.21428571428571427,0.18181818181818182,0.19672131147540986,0.19672131147540986,hc_100,5s
5s_Streptomyces-ambofaciens-1,0.5833333333333334,0.6176470588235294,0.6993006993006994,0.6,hc_100,5s
5s_Halorubrum-terrestre-1,0.5,0.5294117647058824,0.5714285714285715,0.5142857142857143,hc_100,5s
5s_Bordetella-pertussis-1,0.22857142857142856,0.24242424242424243,0.23529411764705885,0.23529411764705885,hc_100,5s
5s_Phaseolus-vulgaris-2,0.5135135135135135,0.5588235294117647,0.5352112676056339,0.5352112676056339,hc_100,5s
5s_Vibrio-cholerae-1,0.5909090909090909,0.7428571428571429,0.6582278481012659,0.6582278481012659,hc_100,5s
5s_Asellus-aquaticus-1,0.3902439024390244,0.45714285714285713,0.42105263157894735,0.42105263157894735,hc_100,5s
5s_Ralstonia-pickettii-1,0.40540540540540543,0.46875,0.463768115942029,0.43478260869565216,hc_100,5s
5s_Puccinia-poarum-1,0.1875,0.17647058823529413,0.1818181818181818,0.1818181818181818,hc_100,5s
5s_Planobispora-longispora-1,0.22857142857142856,0.22857142857142856,0.2706766917293233,0.22857142857142856,hc_100,5s
5s_Haemophilus-aegyptius-1,0.425,0.5,0.45945945945945943,0.45945945945945943,hc_100,5s
5s_Methanolobus-tindarius-2,0.2631578947368421,0.2777777777777778,0.27027027027027023,0.27027027027027023,hc_100,5s
5s_Schizosaccharomyces-pombe-1,0.4594594594594595,0.4722222222222222,0.4657534246575342,0.4657534246575342,hc_100,5s
5s_Herpetosiphon-aurantiacus-1,0.3333333333333333,0.36363636363636365,0.40579710144927533,0.34782608695652173,hc_100,5s
5s_Pyrococcus-woesei-1,0.29411764705882354,0.2777777777777778,0.5428571428571428,0.28571428571428575,hc_100,5s
5s_Blepharisma-japonicum-1,0.6585365853658537,0.7714285714285715,0.7631578947368421,0.7105263157894737,hc_100,5s
5s_Lactobacillus-johnsonii-1,0.18181818181818182,0.20689655172413793,0.1935483870967742,0.1935483870967742,hc_100,5s
5s_Brassica-napus-1,0.4864864864864865,0.5294117647058824,0.5070422535211269,0.5070422535211269,hc_100,5s
5s_Zygoascus-hellenicus-1,0.5,0.5714285714285714,0.5333333333333333,0.5333333333333333,hc_100,5s
5s_Ephedra-kokanica-1,0.4,0.47058823529411764,0.4324324324324324,0.4324324324324324,hc_100,5s
5s_Thermomicrobium-roseum-1,0.19444444444444445,0.22580645161290322,0.208955223880597,0.208955223880597,hc_100,5s
5s_Bacillus-licheniformis-2,0.5135135135135135,0.5757575757575758,0.5428571428571428,0.5428571428571428,hc_100,5s
5s_Lethenteron-japonicum-1,0.42857142857142855,0.4166666666666667,0.4645602049530315,0.4225352112676056,hc_100,5s
5s_Haloferax-mediterranei-1,0.2926829268292683,0.3870967741935484,0.3333333333333333,0.3333333333333333,hc_100,5s
5s_Brucella-suis-1,0.5789473684210527,0.6470588235294118,0.6111111111111113,0.6111111111111113,hc_100,5s
5s_Photobacterium-damselae-2,0.5135135135135135,0.5277777777777778,0.5205479452054794,0.5205479452054794,hc_100,5s
5s_Fusarium-sporotrichioides-4,0.7837837837837838,0.8285714285714286,0.8611111111111112,0.8055555555555555,hc_100,5s
5s_Pseudonocardia-halophobica-1,0.39473684210526316,0.42857142857142855,0.4657534246575342,0.4109589041095891,hc_100,5s
5s_Fusarium-cerealis-2,0.6111111111111112,0.6285714285714286,0.676056338028169,0.619718309859155,hc_100,5s
5s_Agrobacterium-tumefaciens-7,0.5675675675675675,0.6176470588235294,0.6736965436438196,0.5915492957746479,hc_100,5s
5s_Wigglesworthia-glossinidia-1,0.43243243243243246,0.45714285714285713,0.4444444444444445,0.4444444444444445,hc_100,5s
5s_Schizosaccharomyces-pombe-3,0.4166666666666667,0.42857142857142855,0.4225352112676056,0.4225352112676056,hc_100,5s
5s_Saccharomyces-cerevisiae-6,0.75,0.6857142857142857,0.7164179104477612,0.7164179104477612,hc_100,5s
5s_Corynebacterium-variabile-1,0.1282051282051282,0.14285714285714285,0.18918918918918923,0.13513513513513511,hc_100,5s
5s_Bacillus-cereus-6,0.2631578947368421,0.3225806451612903,0.2898550724637681,0.2898550724637681,hc_100,5s
5s_Helicobacter-pylori-2,0.24324324324324326,0.2571428571428571,0.25,0.25,hc_100,5s
5s_Saccharomyces-pastorianus-1,0.75,0.6857142857142857,0.7164179104477612,0.7164179104477612,hc_100,5s
5s_Lycopodium-clavatum-1,0.2972972972972973,0.3235294117647059,0.3098591549295775,0.3098591549295775,hc_100,5s
5s_Candida-parapsilosis-1,0.45,0.5142857142857142,0.48,0.48,hc_100,5s
5s_Halorubrum-distributum-1,0.23076923076923078,0.2571428571428571,0.24324324324324323,0.24324324324324323,hc_100,5s
5s_Salmonella-enterica-7,0.2571428571428571,0.25,0.2535211267605634,0.2535211267605634,hc_100,5s
5s_Fusarium-asiaticum-3,0.5,0.5142857142857142,0.5633802816901409,0.5070422535211268,hc_100,5s
5s_Methylobacterium-organophilum-1,0.07407407407407407,0.06451612903225806,0.06896551724137931,0.06896551724137931,hc_100,5s
5s_Acanthamoeba-castellanii-2,0.4358974358974359,0.4722222222222222,0.5866666666666667,0.45333333333333337,hc_100,5s
5s_Kibdelosporangium-aridum-1,0.6216216216216216,0.6388888888888888,0.6575342465753425,0.6301369863013699,hc_100,5s
5s_Urechis-unicinctus-1,0.45,0.5,0.4736842105263158,0.4736842105263158,hc_100,5s
5s_Proteus-vulgaris-1,0.2702702702702703,0.2777777777777778,0.273972602739726,0.273972602739726,hc_100,5s
5s_Sulfolobus-tokodaii-1,0.4489795918367347,0.6666666666666666,0.7356792144026186,0.5365853658536586,hc_100,5s
5s_Thiothrix-sp.-1,0.4857142857142857,0.4722222222222222,0.47887323943661975,0.47887323943661975,hc_100,5s
5s_Porphyromonas-gingivalis-1,0.0,0.0,0.0821917808219178,0.0,hc_100,5s
5s_Drosophila-erecta-1,0.4634146341463415,0.5277777777777778,0.4935064935064935,0.4935064935064935,hc_100,5s
5s_Spirocodon-saltatrix-1,0.38235294117647056,0.3611111111111111,0.3714285714285714,0.3714285714285714,hc_100,5s
5s_Shewanella-oneidensis-1,0.5,0.5,0.5,0.5,hc_100,5s
5s_Haloferax-mediterranei-2,0.2857142857142857,0.3125,0.29850746268656714,0.29850746268656714,hc_100,5s
5s_Staphylococcus-epidermidis-2,0.20588235294117646,0.22580645161290322,0.2153846153846154,0.2153846153846154,hc_100,5s
5s_Prosthecochloris-aestuarii-1,0.3142857142857143,0.3793103448275862,0.34375,0.34375,hc_100,5s
5s_Xenopus-tropicalis-2,0.4444444444444444,0.47058823529411764,0.45714285714285713,0.45714285714285713,hc_100,5s
5s_Drosophila-takahashii-1,0.4358974358974359,0.4722222222222222,0.45333333333333337,0.45333333333333337,hc_100,5s
5s_Oenococcus-oeni-1,0.4444444444444444,0.36363636363636365,0.39999999999999997,0.39999999999999997,hc_100,5s
5s_Pleurodeles-waltl-1,0.3783783783783784,0.4,0.3888888888888889,0.3888888888888889,hc_100,5s
5s_Distigma-proteus-1,0.5897435897435898,0.6388888888888888,0.6933333333333334,0.6133333333333332,hc_100,5s
5s_Aplysia-kurodai-1,0.47368421052631576,0.5142857142857142,0.5753424657534247,0.4931506849315068,hc_100,5s
5s_Prauserella-rugosa-1,0.5142857142857142,0.5142857142857142,0.5428571428571428,0.5142857142857142,hc_100,5s
5s_Streptomyces-sp.-2,0.717948717948718,0.8,0.7837837837837838,0.7567567567567569,hc_100,5s
5s_Clostridium-acetobutylicum-2,0.46153846153846156,0.5454545454545454,0.5555555555555556,0.4999999999999999,hc_100,5s
5s_Vibrio-vulnificus-3,0.4,0.45714285714285713,0.42666666666666664,0.42666666666666664,hc_100,5s
5s_Ureaplasma-parvum-2,0.6896551724137931,0.8,0.7407407407407408,0.7407407407407408,hc_100,5s
5s_Sporidiobolus-salmonicolor-1,0.5405405405405406,0.5555555555555556,0.547945205479452,0.547945205479452,hc_100,5s
5s_Emericella-nidulans-8,0.5263157894736842,0.5555555555555556,0.6615214994487321,0.5405405405405405,hc_100,5s
5s_Streptococcus-pyogenes-4,0.3142857142857143,0.3548387096774194,0.5151515151515151,0.3333333333333333,hc_100,5s
5s_Anaplasma-marginale-1,0.20512820512820512,0.25,0.3329452852153667,0.22535211267605634,hc_100,5s
5s_Fusarium-cerealis-3,0.4722222222222222,0.5,0.5849582172701949,0.4857142857142857,hc_100,5s
5s_Mycobacterium-flavescens-1,0.0625,0.06060606060606061,0.06153846153846154,0.06153846153846154,hc_100,5s
5s_Halobacterium-sp.-2,0.3055555555555556,0.36666666666666664,0.3333333333333333,0.3333333333333333,hc_100,5s
5s_Thiomonas-cuprina-1,0.34285714285714286,0.36363636363636365,0.3529411764705882,0.3529411764705882,hc_100,5s
5s_Colwellia-psychrerythraea-1,0.5277777777777778,0.5588235294117647,0.5428571428571428,0.5428571428571428,hc_100,5s
5s_Roseococcus-thiosulfatophilus-2,0.05263157894736842,0.06896551724137931,0.05970149253731343,0.05970149253731343,hc_100,5s
5s_Phaseolus-vulgaris-1,0.5,0.5,0.5,0.5,hc_100,5s
5s_Lactobacillus-delbrueckii-2,0.39285714285714285,0.3548387096774194,0.3728813559322034,0.3728813559322034,hc_100,5s
5s_Hyphomicrobium-sp.-5,0.39473684210526316,0.4411764705882353,0.4444444444444444,0.41666666666666663,hc_100,5s
5s_Bombyx-mori-1,0.3684210526315789,0.3888888888888889,0.37837837837837834,0.37837837837837834,hc_100,5s
5s_Bacillus-cereus-11,0.2926829268292683,0.36363636363636365,0.3629112662013958,0.32432432432432434,hc_100,5s
