name,p_appr1,s_appr1,f1_appr1,f1_exact,dataset,fold
5s_Silicibacter-pomeroyi-1,0.6153846153846154,0.25806451612903225,0.36363636363636365,0.36363636363636365,hc_400,5s
5s_Pseudomonas-aeruginosa-1,0.85,0.4857142857142857,0.6181818181818183,0.6181818181818183,hc_400,5s
5s_Mycobacterium-phlei-2,0.35294117647058826,0.18181818181818182,0.24000000000000002,0.24000000000000002,hc_400,5s
5s_Escherichia-coli-5,0.7058823529411765,0.3333333333333333,0.45283018867924524,0.45283018867924524,hc_400,5s
5s_Rickettsia-felis-1,0.5714285714285714,0.36363636363636365,0.4444444444444444,0.4444444444444444,hc_400,5s
5s_Bacillus-anthracis-7,0.4444444444444444,0.24242424242424243,0.3137254901960784,0.3137254901960784,hc_400,5s
5s_Phaseolus-vulgaris-1,0.6666666666666666,0.29411764705882354,0.40816326530612246,0.40816326530612246,hc_400,5s
5s_Enterococcus-faecalis-2,0.0,0.0,0.13043478260869565,0.0,hc_400,5s
5s_Clavispora-opuntiae-3,0.6470588235294118,0.2972972972972973,0.40740740740740744,0.40740740740740744,hc_400,5s
5s_Pyrococcus-abyssi-1,0.14285714285714285,0.03333333333333333,0.05405405405405406,0.05405405405405406,hc_400,5s
5s_Fusarium-sporotrichioides-5,0.45,0.2571428571428571,0.32727272727272727,0.32727272727272727,hc_400,5s
5s_Clavispora-opuntiae-1,0.5333333333333333,0.2222222222222222,0.3137254901960784,0.3137254901960784,hc_400,5s
5s_Emericella-nidulans-3,0.5,0.25,0.3333333333333333,0.3333333333333333,hc_400,5s
5s_Streptococcus-thermophilus-1,0.4,0.3333333333333333,0.3636363636363636,0.3636363636363636,hc_400,5s
5s_Mannheimia-succiniciproducens-3,0.4444444444444444,0.25,0.32,0.32,hc_400,5s
5s_Salmonella-enterica-6,0.5882352941176471,0.2777777777777778,0.3773584905660377,0.3773584905660377,hc_400,5s
5s_Streptomyces-avermitilis-3,0.5,0.21212121212121213,0.2978723404255319,0.2978723404255319,hc_400,5s
5s_Streptococcus-pyogenes-4,0.6111111111111112,0.3548387096774194,0.4489795918367347,0.4489795918367347,hc_400,5s
5s_Cryptococcus-neoformans-1,0.42857142857142855,0.17647058823529413,0.25,0.25,hc_400,5s
5s_Streptococcus-pyogenes-3,0.6111111111111112,0.3548387096774194,0.4489795918367347,0.4489795918367347,hc_400,5s
5s_Rhodopseudomonas-palustris-3,0.5882352941176471,0.29411764705882354,0.3921568627450981,0.3921568627450981,hc_400,5s
5s_Limulus-polyphemus-1,0.14285714285714285,0.029411764705882353,0.04878048780487805,0.04878048780487805,hc_400,5s
5s_Vibrio-cincinnatiensis-1,0.6538461538461539,0.4722222222222222,0.5483870967741936,0.5483870967741936,hc_400,5s
5s_Zygoascus-hellenicus-1,0.35294117647058826,0.17142857142857143,0.23076923076923078,0.23076923076923078,hc_400,5s
5s_Ulva-pertusa-1,0.2777777777777778,0.16129032258064516,0.25846153846153846,0.20408163265306123,hc_400,5s
5s_Meloidogyne-arenaria-1,0.7142857142857143,0.42857142857142855,0.5357142857142858,0.5357142857142858,hc_400,5s
5s_Buchnera-aphidicola-1,0.32,0.27586206896551724,0.29629629629629634,0.29629629629629634,hc_400,5s
5s_Amycolatopsis-methanolica-1,0.3125,0.14285714285714285,0.196078431372549,0.196078431372549,hc_400,5s
5s_Deinococcus-radiodurans-2,0.8461538461538461,0.3235294117647059,0.46808510638297873,0.46808510638297873,hc_400,5s
5s_Enterococcus-faecalis-1,0.2857142857142857,0.11764705882352941,0.16666666666666666,0.16666666666666666,hc_400,5s
5s_Chlamydophila-pneumoniae-2,0.42105263157894735,0.24242424242424243,0.3076923076923077,0.3076923076923077,hc_400,5s
5s_Euglena-gracilis-2,0.8,0.45714285714285713,0.5818181818181818,0.5818181818181818,hc_400,5s
5s_Geobacillus-stearothermophilus-4,0.5,0.3225806451612903,0.39215686274509803,0.39215686274509803,hc_400,5s
5s_Bradyrhizobium-japonicum-1,0.6,0.2647058823529412,0.36734693877551017,0.36734693877551017,hc_400,5s
5s_Streptococcus-thermophilus-2,0.4,0.3333333333333333,0.3636363636363636,0.3636363636363636,hc_400,5s
5s_Candida-azyma-1,0.125,0.05714285714285714,0.0784313725490196,0.0784313725490196,hc_400,5s
5s_Bifidobacterium-longum-1,0.5,0.3333333333333333,0.4,0.4,hc_400,5s
5s_Genistelloides-hibernus-1,0.47619047619047616,0.2777777777777778,0.3508771929824561,0.3508771929824561,hc_400,5s
5s_Thraustochytrium-visurgense-2,0.2777777777777778,0.14285714285714285,0.18867924528301885,0.18867924528301885,hc_400,5s
5s_Legionella-pneumophila-1,0.6956521739130435,0.48484848484848486,0.5714285714285715,0.5714285714285715,hc_400,5s
5s_Bacillus-cereus-11,0.47058823529411764,0.24242424242424243,0.32,0.32,hc_400,5s
5s_Candidatus-Fritschea-bemisiae-1,0.5909090909090909,0.40625,0.4814814814814815,0.4814814814814815,hc_400,5s
5s_Streptomyces-avermitilis-5,0.4666666666666667,0.21212121212121213,0.29166666666666663,0.29166666666666663,hc_400,5s
5s_Micrococcus-luteus-1,0.3125,0.14705882352941177,0.2,0.2,hc_400,5s
5s_Actinokineospora-riparia-1,0.6153846153846154,0.23529411764705882,0.3404255319148936,0.3404255319148936,hc_400,5s
5s_Halorubrum-distributum-7,0.3684210526315789,0.21875,0.2745098039215686,0.2745098039215686,hc_400,5s
5s_Renobacter-vaculatum-1,0.5833333333333334,0.22580645161290322,0.3255813953488372,0.3255813953488372,hc_400,5s
5s_Tenebrio-molitor-1,0.6470588235294118,0.3055555555555556,0.41509433962264153,0.41509433962264153,hc_400,5s
5s_Geobacillus-kaustophilus-2,0.45,0.2727272727272727,0.339622641509434,0.339622641509434,hc_400,5s
5s_Pseudomonas-putida-1,0.8888888888888888,0.45714285714285713,0.6037735849056604,0.6037735849056604,hc_400,5s
5s_Lupinus-luteus-1,1.0,0.35294117647058826,0.5217391304347826,0.5217391304347826,hc_400,5s
5s_Fusarium-pseudograminearum-6,0.45,0.2571428571428571,0.32727272727272727,0.32727272727272727,hc_400,5s
5s_Drosophila-erecta-1,0.46153846153846156,0.16666666666666666,0.2448979591836735,0.2448979591836735,hc_400,5s
5s_Fusarium-asiaticum-3,0.5294117647058824,0.2571428571428571,0.3846153846153846,0.34615384615384615,hc_400,5s
5s_Aplysia-kurodai-1,0.18181818181818182,0.05714285714285714,0.08695652173913043,0.08695652173913043,hc_400,5s
5s_Bresslaua-vorax-1,0.5333333333333333,0.22857142857142856,0.32,0.32,hc_400,5s
5s_Xenopus-laevis-9,0.4375,0.19444444444444445,0.2692307692307693,0.2692307692307693,hc_400,5s
5s_Misgurnus-fossilis-1,0.38461538461538464,0.1388888888888889,0.20408163265306123,0.20408163265306123,hc_400,5s
5s_Eisenia-bicyclis-1,0.5333333333333333,0.2222222222222222,0.3137254901960784,0.3137254901960784,hc_400,5s
5s_Artemia-sp.-1,0.46153846153846156,0.17142857142857143,0.25000000000000006,0.25000000000000006,hc_400,5s
5s_Fusarium-culmorum-2,0.5263157894736842,0.2857142857142857,0.37037037037037035,0.37037037037037035,hc_400,5s
5s_Chlamydia-trachomatis-1,0.625,0.3225806451612903,0.425531914893617,0.425531914893617,hc_400,5s
5s_Methylobacterium-sp.-1,0.4,0.1875,0.25531914893617025,0.25531914893617025,hc_400,5s
5s_Lemna-minor-1,0.75,0.35294117647058826,0.48,0.48,hc_400,5s
5s_Vibrio-parahaemolyticus-3,0.9333333333333333,0.4,0.5599999999999999,0.5599999999999999,hc_400,5s
5s_Renibacterium-salmoninarum-1,0.6923076923076923,0.2647058823529412,0.3829787234042553,0.3829787234042553,hc_400,5s
5s_Lupinus-angustifolius-1,1.0,0.35294117647058826,0.5217391304347826,0.5217391304347826,hc_400,5s
5s_Finegoldia-magna-2,0.7894736842105263,0.4838709677419355,0.6,0.6,hc_400,5s
5s_Caulobacter-sp.-5,0.6428571428571429,0.2727272727272727,0.3829787234042553,0.3829787234042553,hc_400,5s
5s_Helicobasidium-purpureum-1,0.42857142857142855,0.3333333333333333,0.375,0.375,hc_400,5s
5s_Comamonas-testosteroni-1,0.7391304347826086,0.5151515151515151,0.6071428571428571,0.6071428571428571,hc_400,5s
5s_Oryza-sativa-1,0.9333333333333333,0.4117647058823529,0.5714285714285713,0.5714285714285713,hc_400,5s
5s_Tuberoidobacter-mutans-1,0.5454545454545454,0.1935483870967742,0.2857142857142857,0.2857142857142857,hc_400,5s
5s_Neurospora-crassa-6,0.48,0.34285714285714286,0.43333333333333335,0.39999999999999997,hc_400,5s
5s_Streptomyces-coelicolor-1,0.9166666666666666,0.3055555555555556,0.4583333333333333,0.4583333333333333,hc_400,5s
5s_Saccharomyces-cerevisiae-4,0.2727272727272727,0.08571428571428572,0.13043478260869562,0.13043478260869562,hc_400,5s
5s_Pirellula-sp.-2,0.4375,0.23333333333333334,0.3043478260869565,0.3043478260869565,hc_400,5s
5s_Pythium-torulosum-1,0.5714285714285714,0.21621621621621623,0.3137254901960784,0.3137254901960784,hc_400,5s
5s_Bacillus-licheniformis-6,0.5333333333333333,0.24242424242424243,0.3333333333333333,0.3333333333333333,hc_400,5s
5s_Mytilus-galloprovincialis-2,0.7,0.19444444444444445,0.30434782608695654,0.30434782608695654,hc_400,5s
5s_Vibrio-parahaemolyticus-2,0.72,0.5142857142857142,0.6,0.6,hc_400,5s
5s_Acinetobacter-sp.-1,0.631578947368421,0.375,0.47058823529411764,0.47058823529411764,hc_400,5s
5s_Rumex-acetosa-1,1.0,0.2647058823529412,0.4186046511627907,0.4186046511627907,hc_400,5s
5s_Aspergillus-flavus-1,0.4230769230769231,0.3055555555555556,0.3870967741935484,0.3548387096774194,hc_400,5s
5s_Thiovulum-sp.-1,0.7222222222222222,0.3611111111111111,0.4814814814814815,0.4814814814814815,hc_400,5s
5s_Methanospirillum-hungatei-1,0.34782608695652173,0.22857142857142856,0.27586206896551724,0.27586206896551724,hc_400,5s
5s_Fusarium-asiaticum-1,0.391304347826087,0.25,0.3389830508474576,0.3050847457627119,hc_400,5s
5s_Tinca-tinca-1,0.4,0.16666666666666666,0.23529411764705882,0.23529411764705882,hc_400,5s
5s_Acidithiobacillus-thiooxidans-1,0.875,0.4117647058823529,0.56,0.56,hc_400,5s
5s_Homarus-gammarus-1,0.15384615384615385,0.05714285714285714,0.08333333333333333,0.08333333333333333,hc_400,5s
5s_Saccharomyces-cerevisiae-3,0.2727272727272727,0.08823529411764706,0.13333333333333333,0.13333333333333333,hc_400,5s
5s_Methanococcus-vannielii-2,0.7037037037037037,0.5757575757575758,0.6333333333333334,0.6333333333333334,hc_400,5s
5s_Magnolia-stellata-1,1.0,0.29411764705882354,0.45454545454545453,0.45454545454545453,hc_400,5s
5s_Vibrio-vulnificus-1,0.68,0.4857142857142857,0.5666666666666667,0.5666666666666667,hc_400,5s
5s_Pseudomonas-syringae-4,0.875,0.4117647058823529,0.56,0.56,hc_400,5s
5s_Hyphomicrobium-sp.-5,0.8,0.35294117647058826,0.489795918367347,0.489795918367347,hc_400,5s
5s_Methanosarcina-barkeri-1,0.25,0.06060606060606061,0.0975609756097561,0.0975609756097561,hc_400,5s
5s_Wolbachia-endosymbiont-of-D.-melanogaster-1,0.4090909090909091,0.3,0.34615384615384615,0.34615384615384615,hc_400,5s
5s_Halorhodospira-halophila-1,0.5882352941176471,0.29411764705882354,0.3921568627450981,0.3921568627450981,hc_400,5s
5s_Tulasnella-violea-1,0.75,0.42857142857142855,0.5454545454545454,0.5454545454545454,hc_400,5s
5s_Mycobacterium-smegmatis-3,0.42857142857142855,0.18181818181818182,0.2553191489361702,0.2553191489361702,hc_400,5s
5s_Thermus-thermophilus-2,0.6,0.25,0.35294117647058826,0.35294117647058826,hc_400,5s
5s_Rubrivivax-gelatinosus-1,0.5714285714285714,0.24242424242424243,0.3404255319148936,0.3404255319148936,hc_400,5s
5s_Bombyx-mori-1,0.4444444444444444,0.2222222222222222,0.2962962962962963,0.2962962962962963,hc_400,5s
5s_Neurospora-crassa-14,0.45454545454545453,0.2857142857142857,0.38596491228070173,0.3508771929824561,hc_400,5s
5s_Curtobacterium-citreum-1,0.75,0.34285714285714286,0.47058823529411753,0.47058823529411753,hc_400,5s
5s_Mycobacterium-tuberculosis-1,0.35714285714285715,0.15625,0.21739130434782608,0.21739130434782608,hc_400,5s
5s_Cystobacter-fuscus-1,0.2727272727272727,0.09375,0.13953488372093023,0.13953488372093023,hc_400,5s
5s_Bacillus-cereus-5,0.47058823529411764,0.25,0.32653061224489793,0.32653061224489793,hc_400,5s
5s_Lactobacillus-acidophilus-1,0.21052631578947367,0.13333333333333333,0.163265306122449,0.163265306122449,hc_400,5s
5s_Pseudomonas-syringae-2,0.8095238095238095,0.4857142857142857,0.6071428571428571,0.6071428571428571,hc_400,5s
5s_Uthatobasidium-fusisporum-1,0.23076923076923078,0.08823529411764706,0.12765957446808512,0.12765957446808512,hc_400,5s
5s_Candidatus-Tremblaya-princeps-3,0.46153846153846156,0.21428571428571427,0.2926829268292683,0.2926829268292683,hc_400,5s
5s_Xylella-fastidiosa-1,0.6666666666666666,0.35294117647058826,0.46153846153846156,0.46153846153846156,hc_400,5s
5s_Hyphomicrobium-sp.-6,0.7333333333333333,0.3235294117647059,0.4489795918367347,0.4489795918367347,hc_400,5s
5s_Geobacillus-kaustophilus-7,0.5384615384615384,0.25,0.3414634146341463,0.3414634146341463,hc_400,5s
5s_Tremella-mesenterica-1,0.5263157894736842,0.29411764705882354,0.3773584905660377,0.3773584905660377,hc_400,5s
5s_Carpopeltis-crispata-1,0.8,0.3333333333333333,0.5098039215686274,0.47058823529411764,hc_400,5s
5s_Rhcoc_fas1B,0.5333333333333333,0.24242424242424243,0.3333333333333333,0.3333333333333333,hc_400,5s
5s_Ascaris-suum-1,0.5,0.21212121212121213,0.2978723404255319,0.2978723404255319,hc_400,5s
5s_P_cynthiaE,0.47058823529411764,0.22857142857142856,0.3963963963963964,0.3076923076923077,hc_400,5s
5s_Entosiphon-sulcatum-1,0.5,0.3055555555555556,0.41379310344827586,0.37931034482758624,hc_400,5s
5s_Halichondria-panicea-1,0.45454545454545453,0.14285714285714285,0.21739130434782608,0.21739130434782608,hc_400,5s
5s_Herpetosiphon-aurantiacus-1,0.45454545454545453,0.15151515151515152,0.22727272727272727,0.22727272727272727,hc_400,5s
5s_Brucella-suis-1,0.9090909090909091,0.29411764705882354,0.4444444444444445,0.4444444444444445,hc_400,5s
5s_Nocardia-farcinica-1,0.4666666666666667,0.20588235294117646,0.28571428571428564,0.28571428571428564,hc_400,5s
5s_Diatoma-tenue-1,0.5882352941176471,0.2857142857142857,0.3846153846153846,0.3846153846153846,hc_400,5s
5s_F_florifoWE,0.3333333333333333,0.11764705882352941,0.1739130434782609,0.1739130434782609,hc_400,5s
5s_E_glandulE,0.46153846153846156,0.17647058823529413,0.25531914893617025,0.25531914893617025,hc_400,5s
5s_Bacillus-anthracis-2,0.47058823529411764,0.24242424242424243,0.32,0.32,hc_400,5s
5s_Rhodobacter-sphaeroides-2,0.7777777777777778,0.4375,0.56,0.56,hc_400,5s
5s_Trichoplax-adhaerens-1,0.18181818181818182,0.12903225806451613,0.1509433962264151,0.1509433962264151,hc_400,5s
5s_Helicobacter-pylori-3,0.2727272727272727,0.08571428571428572,0.13043478260869562,0.13043478260869562,hc_400,5s
5s_Neurospora-africana-1,0.5384615384615384,0.20588235294117646,0.2978723404255319,0.2978723404255319,hc_400,5s
5s_Symbiobacterium-thermophilum-1,0.30434782608695654,0.2413793103448276,0.3235955056179775,0.2692307692307692,hc_400,5s
5s_Fusarium-cerealis-3,0.4782608695652174,0.3235294117647059,0.4210526315789474,0.3859649122807018,hc_400,5s
5s_Dictyostelium-discoideum-1,0.5,0.37142857142857144,0.42622950819672134,0.42622950819672134,hc_400,5s
5s_Streptomyces-violaceus-1,0.5294117647058824,0.2727272727272727,0.36,0.36,hc_400,5s
5s_Trichosporonoides-oedocephalis-1,0.47058823529411764,0.22857142857142856,0.3076923076923077,0.3076923076923077,hc_400,5s
5s_Erwinia-carotovora-2,0.75,0.34285714285714286,0.47058823529411753,0.47058823529411753,hc_400,5s
5s_Herbidospora-cretacea-1,0.6,0.34285714285714286,0.43636363636363634,0.43636363636363634,hc_400,5s
5s_Halorubrum-distributum-3,0.5555555555555556,0.3125,0.39999999999999997,0.39999999999999997,hc_400,5s
5s_Gluconacetobacter-xylinus-1,0.65,0.38235294117647056,0.48148148148148157,0.48148148148148157,hc_400,5s
5s_Fusarium-sporotrichioides-3,0.5294117647058824,0.2571428571428571,0.3846153846153846,0.34615384615384615,hc_400,5s
5s_Brevibacterium-casei-1,0.5333333333333333,0.23529411764705882,0.326530612244898,0.326530612244898,hc_400,5s
5s_Shewanella-putrefaciens-1,0.8235294117647058,0.3888888888888889,0.5283018867924528,0.5283018867924528,hc_400,5s
5s_Protomyces-inundatus-1,0.14285714285714285,0.02857142857142857,0.04761904761904761,0.04761904761904761,hc_400,5s
5s_Myxococcus-coralloides-1,0.0,0.0,0.047619047619047616,0.0,hc_400,5s
5s_Thiobacillus-sp.-1,0.8333333333333334,0.4411764705882353,0.576923076923077,0.576923076923077,hc_400,5s
5s_Crithidia-fasciculata-1,0.42105263157894735,0.23529411764705882,0.3018867924528302,0.3018867924528302,hc_400,5s
5s_Thermomicrobium-roseum-1,0.2777777777777778,0.16129032258064516,0.20408163265306123,0.20408163265306123,hc_400,5s
5s_Caulobacter-sp.-6,0.7142857142857143,0.3125,0.43478260869565216,0.43478260869565216,hc_400,5s
5s_Bartonella-quintana-2,0.5238095238095238,0.3235294117647059,0.39999999999999997,0.39999999999999997,hc_400,5s
5s_Bacillus-sp.-1,0.5833333333333334,0.21212121212121213,0.3111111111111111,0.3111111111111111,hc_400,5s
5s_Methanobrevibacter-ruminantium-1,0.3076923076923077,0.12121212121212122,0.17391304347826086,0.17391304347826086,hc_400,5s
5s_Erythromicrobium-ramosum-1,0.23076923076923078,0.11538461538461539,0.20512820512820515,0.15384615384615388,hc_400,5s
5s_Clostridium-butyricum-2,0.5714285714285714,0.24242424242424243,0.3404255319148936,0.3404255319148936,hc_400,5s
5s_Microbotryum-violaceum-1,0.4375,0.2,0.27450980392156865,0.27450980392156865,hc_400,5s
5s_Exidia-glandulosa-1,0.5833333333333334,0.20588235294117646,0.3043478260869565,0.3043478260869565,hc_400,5s
5s_Octopus-vulgaris-1,0.42857142857142855,0.18181818181818182,0.2553191489361702,0.2553191489361702,hc_400,5s
5s_Fusarium-pseudograminearum-4,0.5294117647058824,0.2571428571428571,0.3846153846153846,0.34615384615384615,hc_400,5s
5s_Physarum-polycephalum-1,0.7777777777777778,0.19444444444444445,0.3111111111111111,0.3111111111111111,hc_400,5s
5s_Wolbachia-pipientis-1,0.3157894736842105,0.23076923076923078,0.26666666666666666,0.26666666666666666,hc_400,5s
5s_Hyphomicrobium-sp.-7,0.5454545454545454,0.35294117647058826,0.42857142857142855,0.42857142857142855,hc_400,5s
5s_Halorubrum-distributum-1,0.5,0.34285714285714286,0.4067796610169492,0.4067796610169492,hc_400,5s
5s_Helicobacter-pylori-2,0.4166666666666667,0.14285714285714285,0.21276595744680848,0.21276595744680848,hc_400,5s
5s_Hyphomicrobium-sp.-2,0.5882352941176471,0.29411764705882354,0.3921568627450981,0.3921568627450981,hc_400,5s
5s_Mycoplasma-gallisepticum-1,0.3333333333333333,0.2962962962962963,0.3137254901960785,0.3137254901960785,hc_400,5s
5s_Vibrio-alginolyticus-1,0.6666666666666666,0.5,0.5714285714285715,0.5714285714285715,hc_400,5s
5s_Samia-cynthia-1,0.5384615384615384,0.2,0.2916666666666667,0.2916666666666667,hc_400,5s
5s_Comamonas-terrigena-1,0.7,0.42424242424242425,0.5283018867924527,0.5283018867924527,hc_400,5s
5s_Vibrio-cholerae-3,0.7083333333333334,0.4857142857142857,0.576271186440678,0.576271186440678,hc_400,5s
5s_Marchantia-polymorpha-1,0.3684210526315789,0.20588235294117646,0.2641509433962264,0.2641509433962264,hc_400,5s
5s_Paramecium-tetraurelia-1,0.3684210526315789,0.20588235294117646,0.2641509433962264,0.2641509433962264,hc_400,5s
5s_Hyphomicrobium-sp.-1,0.8,0.35294117647058826,0.489795918367347,0.489795918367347,hc_400,5s
5s_Arthrobacter-globiformis-2,0.55,0.3235294117647059,0.4074074074074075,0.4074074074074075,hc_400,5s
5s_Wuchereria-bancrofti-1,0.47058823529411764,0.23529411764705882,0.3137254901960785,0.3137254901960785,hc_400,5s
5s_Pyrococcus-furiosus-2,0.5714285714285714,0.24242424242424243,0.4118993135011441,0.3404255319148936,hc_400,5s
5s_Saccharopolyspora-gregorii-1,0.5789473684210527,0.3055555555555556,0.4000000000000001,0.4000000000000001,hc_400,5s
5s_Saprolegnia-ferax-1,0.6666666666666666,0.2702702702702703,0.3846153846153846,0.3846153846153846,hc_400,5s
5s_Vibrio-adaptatus-1,0.8125,0.37142857142857144,0.5098039215686275,0.5098039215686275,hc_400,5s
5s_Natronomonas-pharaonis-2,0.5,0.3235294117647059,0.3928571428571429,0.3928571428571429,hc_400,5s
5s_Agrobacterium-tumefaciens-4,0.7692307692307693,0.29411764705882354,0.4255319148936171,0.4255319148936171,hc_400,5s
5s_Spirogyra-sp.-1,0.42105263157894735,0.23529411764705882,0.3018867924528302,0.3018867924528302,hc_400,5s
5s_Pichia-membranifaciens-1,0.18181818181818182,0.058823529411764705,0.08888888888888888,0.08888888888888888,hc_400,5s
5s_Daphnia-magna-1,0.47619047619047616,0.2777777777777778,0.3508771929824561,0.3508771929824561,hc_400,5s
5s_Salmonella-typhimurium-4,0.47058823529411764,0.22857142857142856,0.3076923076923077,0.3076923076923077,hc_400,5s
5s_Ectothiorhodospira-mobilis-1,0.6666666666666666,0.4117647058823529,0.509090909090909,0.509090909090909,hc_400,5s
5s_Bacillus-cereus-9,0.5333333333333333,0.25,0.3404255319148936,0.3404255319148936,hc_400,5s
5s_Streptomyces-coelicolor-2,0.9090909090909091,0.2857142857142857,0.43478260869565216,0.43478260869565216,hc_400,5s
5s_Methanothermobacter-thermautotrophicus-6,0.25,0.08333333333333333,0.125,0.125,hc_400,5s
5s_Shewanella-colwelliana-1,0.64,0.4444444444444444,0.5245901639344263,0.5245901639344263,hc_400,5s
5s_Bacillus-anthracis-9,0.47058823529411764,0.24242424242424243,0.32,0.32,hc_400,5s
5s_Thermus-sp.-1,0.5263157894736842,0.2857142857142857,0.37037037037037035,0.37037037037037035,hc_400,5s
5s_Mycobacterium-leprae-1,0.25,0.030303030303030304,0.054054054054054064,0.054054054054054064,hc_400,5s
5s_Rhodococcus-erythropolis-2,0.5,0.22857142857142856,0.3137254901960784,0.3137254901960784,hc_400,5s
5s_Anaplasma-phagocytophilum-1,0.47058823529411764,0.25806451612903225,0.3333333333333333,0.3333333333333333,hc_400,5s
5s_Thiomicrospira-pelophila-1,0.7727272727272727,0.4857142857142857,0.5964912280701754,0.5964912280701754,hc_400,5s
5s_Shewanella-oneidensis-1,0.6363636363636364,0.3888888888888889,0.4827586206896552,0.4827586206896552,hc_400,5s
5s_Ralstonia-pickettii-1,0.47058823529411764,0.25,0.32653061224489793,0.32653061224489793,hc_400,5s
5s_Yersinia-pestis-5,0.5,0.2777777777777778,0.35714285714285715,0.35714285714285715,hc_400,5s
5s_Artemia-salina-1,0.4375,0.2,0.27450980392156865,0.27450980392156865,hc_400,5s
5s_Pinus-silvestris-1,0.5263157894736842,0.29411764705882354,0.3773584905660377,0.3773584905660377,hc_400,5s
5s_Prosthecochloris-aestuarii-1,0.3125,0.1724137931034483,0.22222222222222224,0.22222222222222224,hc_400,5s
5s_Oryctolagus-cuniculus-1,0.8571428571428571,0.16666666666666666,0.27906976744186046,0.27906976744186046,hc_400,5s
5s_Methylomicrobium-album-1,0.6363636363636364,0.4117647058823529,0.5,0.5,hc_400,5s
5s_Cellulomonas-biazotea-1,0.4375,0.2,0.27450980392156865,0.27450980392156865,hc_400,5s
5s_Thermoactinomyces-vulgaris-1,0.5384615384615384,0.21875,0.3111111111111111,0.3111111111111111,hc_400,5s
5s_Bacillus-halodurans-5,0.2,0.0625,0.09523809523809523,0.09523809523809523,hc_400,5s
5s_Fusarium-lunulosporum-2,0.5263157894736842,0.2857142857142857,0.37037037037037035,0.37037037037037035,hc_400,5s
5s_Sulfolobus-tokodaii-1,0.2631578947368421,0.15151515151515152,0.35928143712574845,0.19230769230769232,hc_400,5s
5s_Oenococcus-oeni-1,0.3076923076923077,0.12121212121212122,0.17391304347826086,0.17391304347826086,hc_400,5s
5s_Thermomonospora-chromogena-1,0.5,0.17142857142857143,0.2553191489361702,0.2553191489361702,hc_400,5s
5s_Helicobacter-hepaticus-1,0.2727272727272727,0.08571428571428572,0.13043478260869562,0.13043478260869562,hc_400,5s
5s_Flectobacillus-major-1,0.4166666666666667,0.18518518518518517,0.30769230769230765,0.2564102564102564,hc_400,5s
5s_Mannheimia-succiniciproducens-1,0.6666666666666666,0.35294117647058826,0.4999999999999999,0.46153846153846156,hc_400,5s
5s_Rhizoctonia-globularis-1,0.26666666666666666,0.12121212121212122,0.16666666666666666,0.16666666666666666,hc_400,5s
5s_Fusarium-asiaticum-7,0.45,0.2571428571428571,0.36363636363636365,0.32727272727272727,hc_400,5s
5s_Vibrio-harveyi-1,0.6923076923076923,0.5,0.5806451612903226,0.5806451612903226,hc_400,5s
5s_Fusarium-culmorum-6,0.42105263157894735,0.23529411764705882,0.339622641509434,0.3018867924528302,hc_400,5s
5s_Streptomyces-nodosus-1,0.625,0.29411764705882354,0.4,0.4,hc_400,5s
5s_Hyphomicrobium-sp.-3,0.6875,0.3235294117647059,0.44000000000000006,0.44000000000000006,hc_400,5s
5s_Pseudocentrotus-depressus-1,0.6363636363636364,0.19444444444444445,0.29787234042553196,0.29787234042553196,hc_400,5s
5s_Fusarium-culmorum-5,0.47619047619047616,0.2857142857142857,0.3571428571428571,0.3571428571428571,hc_400,5s
5s_Rhodobacter-capsulatus-3,0.7142857142857143,0.30303030303030304,0.42553191489361697,0.42553191489361697,hc_400,5s
5s_Acidovorax-facilis-1,0.7391304347826086,0.5151515151515151,0.6071428571428571,0.6071428571428571,hc_400,5s
5s_Kutzneria-viridogrisea-1,0.4,0.22857142857142856,0.2909090909090909,0.2909090909090909,hc_400,5s
5s_Salmonella-enterica-4,0.6111111111111112,0.3142857142857143,0.41509433962264153,0.41509433962264153,hc_400,5s
5s_Brevibacillus-brevis-1,0.6,0.2727272727272727,0.37499999999999994,0.37499999999999994,hc_400,5s
5s_Campylobacter-jejuni-3,0.5,0.3333333333333333,0.4,0.4,hc_400,5s
5s_Saccharomonospora-cyanea-1,0.5333333333333333,0.23529411764705882,0.326530612244898,0.326530612244898,hc_400,5s
5s_Tetrahymena-pyriformis-1,0.65,0.3611111111111111,0.4642857142857143,0.4642857142857143,hc_400,5s
5s_Chlorobium-phaeobacteroides-1,0.06666666666666667,0.03571428571428571,0.046511627906976744,0.046511627906976744,hc_400,5s
5s_Amoebidium-parasiticum-1,0.5,0.21621621621621623,0.3018867924528302,0.3018867924528302,hc_400,5s
5s_Rickettsia-moozeri-1,0.42105263157894735,0.25,0.3137254901960784,0.3137254901960784,hc_400,5s
5s_Bacillus-methanolicus-8,0.5263157894736842,0.30303030303030304,0.38461538461538464,0.38461538461538464,hc_400,5s
5s_Fusarium-lunulosporum-8,0.45,0.2571428571428571,0.36363636363636365,0.32727272727272727,hc_400,5s
5s_Erythromicrobium-hydrolyticum-1,0.42857142857142855,0.20689655172413793,0.2790697674418604,0.2790697674418604,hc_400,5s
5s_Metasequoia-glyptostroboides-1,0.6363636363636364,0.20588235294117646,0.3111111111111111,0.3111111111111111,hc_400,5s
5s_Mycobacterium-leprae-2,0.25,0.030303030303030304,0.054054054054054064,0.054054054054054064,hc_400,5s
5s_Illex-illecebrosus-1,0.45454545454545453,0.14285714285714285,0.21739130434782608,0.21739130434782608,hc_400,5s
5s_Exobasidium-vaccinii-1,0.5,0.11428571428571428,0.18604651162790695,0.18604651162790695,hc_400,5s
5s_Beggiatoa-alba-1,0.8,0.47058823529411764,0.5925925925925927,0.5925925925925927,hc_400,5s
5s_Ustilago-longissima-1,0.5,0.14285714285714285,0.22222222222222224,0.22222222222222224,hc_400,5s
5s_Cyclidiopsis-acus-1,0.9166666666666666,0.2972972972972973,0.4489795918367347,0.4489795918367347,hc_400,5s
5s_Rhodopirellula-baltica-1,0.4375,0.23333333333333334,0.3043478260869565,0.3043478260869565,hc_400,5s
5s_Hemicentrotus-sp.-1,0.5,0.1388888888888889,0.2173913043478261,0.2173913043478261,hc_400,5s
5s_Pseudomonas-stutzeri-1,0.6,0.36363636363636365,0.4528301886792453,0.4528301886792453,hc_400,5s
5s_Agrobacterium-tumefaciens-8,0.8,0.36363636363636365,0.5000000000000001,0.5000000000000001,hc_400,5s
5s_Paracoccus-versutus-1,0.7142857142857143,0.3333333333333333,0.4545454545454545,0.4545454545454545,hc_400,5s
5s_Thermus-thermophilus-1,0.47368421052631576,0.25,0.32727272727272727,0.32727272727272727,hc_400,5s
5s_Caulobacter-sp.-1,0.45,0.28125,0.34615384615384615,0.34615384615384615,hc_400,5s
5s_Pseudonocardia-compacta-1,0.6,0.3333333333333333,0.42857142857142855,0.42857142857142855,hc_400,5s
5s_Fusarium-cerealis-7,0.3333333333333333,0.17142857142857143,0.2641509433962264,0.22641509433962265,hc_400,5s
5s_Vibrio-parahaemolyticus-5,0.8636363636363636,0.5277777777777778,0.6551724137931034,0.6551724137931034,hc_400,5s
5s_Candida-zeylanoides-1,0.5555555555555556,0.14285714285714285,0.22727272727272727,0.22727272727272727,hc_400,5s
5s_Spirocodon-saltatrix-1,0.7272727272727273,0.2222222222222222,0.3404255319148936,0.3404255319148936,hc_400,5s
5s_Bacillus-megaterium-2,0.6666666666666666,0.24242424242424243,0.3555555555555555,0.3555555555555555,hc_400,5s
5s_Spirobolus-sp-1,0.15384615384615385,0.05555555555555555,0.0816326530612245,0.0816326530612245,hc_400,5s
5s_Saccharomyces-pastorianus-1,0.3333333333333333,0.11428571428571428,0.1702127659574468,0.1702127659574468,hc_400,5s
5s_Pseudonocardia-halophobica-1,0.6666666666666666,0.2857142857142857,0.4,0.4,hc_400,5s
5s_Methylophilus-methylotrophus-1,0.4444444444444444,0.25,0.32,0.32,hc_400,5s
5s_Phycomyces-blakesleeanus-1,0.5,0.37142857142857144,0.45901639344262296,0.42622950819672134,hc_400,5s
5s_Aeromonas-salmonicida-1,0.56,0.4,0.4666666666666667,0.4666666666666667,hc_400,5s
5s_Bacillus-thuringiensis-3,0.5,0.25,0.3333333333333333,0.3333333333333333,hc_400,5s
5s_Streptomyces-diastaticus-1,0.5625,0.2727272727272727,0.36734693877551017,0.36734693877551017,hc_400,5s
5s_Dipsacomyces-acuminosporus-1,0.5263157894736842,0.2777777777777778,0.36363636363636365,0.36363636363636365,hc_400,5s
5s_Neurospora-crassa-12,0.6666666666666666,0.30303030303030304,0.45833333333333326,0.41666666666666663,hc_400,5s
5s_Spiroplasma-melliferum-1,0.3157894736842105,0.2222222222222222,0.2608695652173913,0.2608695652173913,hc_400,5s
5s_Starkeya-novella-1,0.6363636363636364,0.4117647058823529,0.5,0.5,hc_400,5s
5s_Aquaspirillum-serpens-1,0.5714285714285714,0.25,0.34782608695652173,0.34782608695652173,hc_400,5s
5s_Bacillus-subtilis-5,0.5238095238095238,0.34375,0.4150943396226415,0.4150943396226415,hc_400,5s
5s_Hyphomicrobium-vulgare-1,0.5555555555555556,0.3225806451612903,0.40816326530612246,0.40816326530612246,hc_400,5s
5s_Fusarium-lunulosporum-1,0.391304347826087,0.25,0.3389830508474576,0.3050847457627119,hc_400,5s
5s_Streptomyces-brasiliensis-1,0.5833333333333334,0.2,0.2978723404255319,0.2978723404255319,hc_400,5s
5s_Candida-glabrata-1,0.45454545454545453,0.14285714285714285,0.21739130434782608,0.21739130434782608,hc_400,5s
5s_Vibrio-cholerae-4,0.6129032258064516,0.5277777777777778,0.5671641791044777,0.5671641791044777,hc_400,5s
5s_Pseudomonas-stutzeri-2,0.7142857142857143,0.46875,0.6037735849056604,0.5660377358490566,hc_400,5s
5s_Streptococcus-agalactiae-1,0.47619047619047616,0.3333333333333333,0.39215686274509803,0.39215686274509803,hc_400,5s
5s_Vibrio-cholerae-2,0.6086956521739131,0.4,0.48275862068965525,0.48275862068965525,hc_400,5s
5s_Blastocladiella-simplex-1,0.55,0.2972972972972973,0.38596491228070173,0.38596491228070173,hc_400,5s
5s_Vibrio-cyclosites-1,0.9090909090909091,0.29411764705882354,0.4444444444444445,0.4444444444444445,hc_400,5s
5s_Onchocerca-volvulus-1,0.0,0.0,0.0,0.0,hc_400,5s
5s_Saccharothrix-mutabilis-1,0.35,0.20588235294117646,0.25925925925925924,0.25925925925925924,hc_400,5s
5s_Streptomyces-roseoverticillatus-1,0.5625,0.28125,0.375,0.375,hc_400,5s
5s_Weissella-viridescens-2,0.3888888888888889,0.21875,0.28,0.28,hc_400,5s
5s_Shewanella-oneidensis-2,0.6190476190476191,0.3611111111111111,0.45614035087719296,0.45614035087719296,hc_400,5s
5s_Streptomyces-rimosus-2,0.7058823529411765,0.36363636363636365,0.48000000000000004,0.48000000000000004,hc_400,5s
5s_Cyanophora-paradoxa-1,0.47368421052631576,0.2647058823529412,0.3773584905660377,0.339622641509434,hc_400,5s
5s_Bacillus-anthracis-5,0.47058823529411764,0.24242424242424243,0.32,0.32,hc_400,5s
5s_Neurospora-crassa-10,0.45454545454545453,0.2857142857142857,0.3508771929824561,0.3508771929824561,hc_400,5s
5s_Puccinia-poarum-1,0.25,0.08823529411764706,0.13043478260869565,0.13043478260869565,hc_400,5s
5s_Euplotes-octocarinatus-1,0.5882352941176471,0.29411764705882354,0.3921568627450981,0.3921568627450981,hc_400,5s
5s_Arabidopsis-thaliana-1,1.0,0.3235294117647059,0.48888888888888893,0.48888888888888893,hc_400,5s
5s_Thermotoga-petrophila-1,0.5,0.24242424242424243,0.4489795918367347,0.326530612244898,hc_400,5s
5s_Ephedra-kokanica-1,0.55,0.3235294117647059,0.4074074074074075,0.4074074074074075,hc_400,5s
5s_Emericella-heterothallica-1,0.47368421052631576,0.25,0.32727272727272727,0.32727272727272727,hc_400,5s
5s_Methanosarcina-acetivorans-1,0.5555555555555556,0.14285714285714285,0.22727272727272727,0.22727272727272727,hc_400,5s
5s_Chlamydophila-pneumoniae-3,0.3181818181818182,0.22580645161290322,0.3018867924528302,0.2641509433962264,hc_400,5s
5s_Euplotes-vannus-1,0.5625,0.2647058823529412,0.4,0.36000000000000004,hc_400,5s
5s_Aurelia_aurita-1,0.4117647058823529,0.21212121212121213,0.32,0.27999999999999997,hc_400,5s
5s_Rattus-norvegicus-1,0.8571428571428571,0.16666666666666666,0.27906976744186046,0.27906976744186046,hc_400,5s
5s_Clostridium-innocuum-1,0.0,0.0,0.0,0.0,hc_400,5s
5s_Actinia-equina-1,0.7272727272727273,0.2222222222222222,0.3404255319148936,0.3404255319148936,hc_400,5s
5s_Pythium-pachycaule-1,0.5714285714285714,0.21621621621621623,0.3137254901960784,0.3137254901960784,hc_400,5s
5s_Alcaligenes-faecalis-1,0.3888888888888889,0.21875,0.28,0.28,hc_400,5s
5s_Microbacterium-testaceum-1,0.625,0.2857142857142857,0.392156862745098,0.392156862745098,hc_400,5s
5s_Cryptosporidium-parvum-2,0.625,0.2777777777777778,0.46153846153846156,0.3846153846153846,hc_400,5s
5s_Medicago-sativa-1,1.0,0.38235294117647056,0.5531914893617021,0.5531914893617021,hc_400,5s
5s_Escherichia-coli-2,0.5555555555555556,0.2777777777777778,0.3703703703703704,0.3703703703703704,hc_400,5s
5s_Candida-rugosa-1,0.6666666666666666,0.22857142857142856,0.3404255319148936,0.3404255319148936,hc_400,5s
5s_Mycobacterium-tuberculosis-3,0.4,0.18181818181818182,0.25000000000000006,0.25000000000000006,hc_400,5s
5s_Phlyctochytrium-irregulare-1,0.5882352941176471,0.2702702702702703,0.37037037037037035,0.37037037037037035,hc_400,5s
5s_Erythromicrobium-ezovicum-1,0.5625,0.28125,0.375,0.375,hc_400,5s
5s_Bacillus-cereus-6,0.5,0.22580645161290322,0.3111111111111111,0.3111111111111111,hc_400,5s
5s_Fusarium-pseudograminearum-1,0.391304347826087,0.25,0.3389830508474576,0.3050847457627119,hc_400,5s
5s_Halorubrum-distributum-4,0.375,0.18181818181818182,0.24489795918367344,0.24489795918367344,hc_400,5s
5s_Hyphomonas-oligotropha-1,0.7272727272727273,0.48484848484848486,0.5818181818181818,0.5818181818181818,hc_400,5s
5s_Agrobacterium-tumefaciens-6,0.6666666666666666,0.35294117647058826,0.46153846153846156,0.46153846153846156,hc_400,5s
5s_Farysia-thuemenii-1,0.42857142857142855,0.2571428571428571,0.3214285714285714,0.3214285714285714,hc_400,5s
5s_Halococcus-morrhuae-2,0.125,0.03571428571428571,0.05555555555555556,0.05555555555555556,hc_400,5s
5s_Smittium-culisetae-1,0.5652173913043478,0.3611111111111111,0.44067796610169496,0.44067796610169496,hc_400,5s
5s_Neurospora-crassa-2,0.5217391304347826,0.34285714285714286,0.4137931034482759,0.4137931034482759,hc_400,5s
5s_Mycoplasma-hyopneumoniae-1,0.6666666666666666,0.37037037037037035,0.47619047619047616,0.47619047619047616,hc_400,5s
5s_Vibrio-diazotrophicus-1,0.72,0.5,0.5901639344262295,0.5901639344262295,hc_400,5s
5s_Chlamydophila-caviae-1,0.6,0.2727272727272727,0.37499999999999994,0.37499999999999994,hc_400,5s
5s_Halorubrum-terrestre-2,0.375,0.18181818181818182,0.24489795918367344,0.24489795918367344,hc_400,5s
5s_Mytilus-edulis-2,0.6363636363636364,0.19444444444444445,0.29787234042553196,0.29787234042553196,hc_400,5s
5s_Xanthomonas-campestris-1,0.6666666666666666,0.4,0.5,0.5,hc_400,5s
5s_Halorubrum-distributum-5,0.6,0.2647058823529412,0.36734693877551017,0.36734693877551017,hc_400,5s
5s_Chlamydophila-abortus-1,0.5882352941176471,0.30303030303030304,0.39999999999999997,0.39999999999999997,hc_400,5s
5s_Salmonella-typhimurium-2,0.7058823529411765,0.3333333333333333,0.45283018867924524,0.45283018867924524,hc_400,5s
5s_Meloidogyne-artiellia-1,0.2857142857142857,0.18181818181818182,0.2222222222222222,0.2222222222222222,hc_400,5s
5s_Cunninghamella-elegans-1,0.48,0.32432432432432434,0.4193548387096775,0.3870967741935484,hc_400,5s
5s_Azoarcus-sp.-1,0.42105263157894735,0.24242424242424243,0.3076923076923077,0.3076923076923077,hc_400,5s
5s_Mycoplasma-mobile-1,0.32142857142857145,0.36,0.3773584905660378,0.33962264150943394,hc_400,5s
5s_Escherichia-coli-15,0.7058823529411765,0.3333333333333333,0.45283018867924524,0.45283018867924524,hc_400,5s
5s_Pasteurella-multocida-2,0.6363636363636364,0.4117647058823529,0.5,0.5,hc_400,5s
5s_Acholeplasma-laidlawii-3,0.42857142857142855,0.2,0.27272727272727276,0.27272727272727276,hc_400,5s
5s_Lactococcus-lactis-4,0.4444444444444444,0.25806451612903225,0.32653061224489793,0.32653061224489793,hc_400,5s
5s_Streptomyces-sp.-4,0.6666666666666666,0.2857142857142857,0.4,0.4,hc_400,5s
5s_Bacillus-cereus-7,0.5,0.25,0.3333333333333333,0.3333333333333333,hc_400,5s
5s_Neurospora-crassa-13,0.5,0.20588235294117646,0.2916666666666667,0.2916666666666667,hc_400,5s
5s_Cerastoderma-glaucum-1,0.6,0.16666666666666666,0.2608695652173913,0.2608695652173913,hc_400,5s
5s_Sterkiella-nova-1,0.47058823529411764,0.23529411764705882,0.3137254901960785,0.3137254901960785,hc_400,5s
5s_Oceanobacillus-iheyensis-2,0.3333333333333333,0.1875,0.24000000000000005,0.24000000000000005,hc_400,5s
5s_Lactobacillus-brevis-1,0.25,0.0625,0.1,0.1,hc_400,5s
5s_Hyphomicrobium-sp.-4,0.5833333333333334,0.21212121212121213,0.3111111111111111,0.3111111111111111,hc_400,5s
5s_Methanocaldococcus-jannaschii-1,0.6666666666666666,0.35294117647058826,0.5384615384615384,0.46153846153846156,hc_400,5s
5s_Streptococcus-mutans-1,0.5,0.34375,0.4074074074074074,0.4074074074074074,hc_400,5s
5s_Bacillus-anthracis-6,0.4444444444444444,0.24242424242424243,0.3137254901960784,0.3137254901960784,hc_400,5s
5s_Fusarium-sporotrichioides-2,0.4782608695652174,0.3235294117647059,0.4210526315789474,0.3859649122807018,hc_400,5s
5s_Laccaria-bicolor-1,0.0,0.0,0.0,0.0,hc_400,5s
5s_Brevibacterium-linens-1,0.625,0.2857142857142857,0.392156862745098,0.392156862745098,hc_400,5s
5s_Xenopus-tropicalis-2,0.8,0.23529411764705882,0.3636363636363636,0.3636363636363636,hc_400,5s
5s_Brevibacterium-helvolum-1,0.5789473684210527,0.3333333333333333,0.4230769230769231,0.4230769230769231,hc_400,5s
5s_Halococcus-morrhuae-1,0.125,0.03571428571428571,0.05555555555555556,0.05555555555555556,hc_400,5s
5s_Methanococcus-voltae-1,0.5555555555555556,0.45454545454545453,0.5,0.5,hc_400,5s
5s_Cancer-pagurus-1,0.3125,0.14285714285714285,0.196078431372549,0.196078431372549,hc_400,5s
5s_Bacteroides-fragilis-1,0.1875,0.13043478260869565,0.20512820512820512,0.15384615384615383,hc_400,5s
5s_Fusarium-asiaticum-4,0.47619047619047616,0.2857142857142857,0.3571428571428571,0.3571428571428571,hc_400,5s
5s_Escherichia-coli-11,0.55,0.3055555555555556,0.39285714285714285,0.39285714285714285,hc_400,5s
5s_Artemia-sp.-4,0.4375,0.2,0.27450980392156865,0.27450980392156865,hc_400,5s
5s_Caenorhabditis-elegans-3,0.4166666666666667,0.16129032258064516,0.27906976744186046,0.2325581395348837,hc_400,5s
5s_Ligia-oceanica-1,0.1,0.02857142857142857,0.04444444444444444,0.04444444444444444,hc_400,5s
5s_Cryptococcus-bacillisporus-1,0.42857142857142855,0.17647058823529413,0.25,0.25,hc_400,5s
5s_Bursaphelenchus-mucronatus-1,0.6875,0.3333333333333333,0.4489795918367347,0.4489795918367347,hc_400,5s
5s_Helianthus-annuus-1,0.6666666666666666,0.29411764705882354,0.40816326530612246,0.40816326530612246,hc_400,5s
5s_Seliberia-stellata-1,0.5294117647058824,0.2727272727272727,0.36,0.36,hc_400,5s
5s_Drosophila-melanogaster-1,0.46153846153846156,0.16666666666666666,0.2448979591836735,0.2448979591836735,hc_400,5s
5s_Gallus-gallus-1,0.7272727272727273,0.2222222222222222,0.3404255319148936,0.3404255319148936,hc_400,5s
5s_Saccharopolyspora-hordei-1,0.7142857142857143,0.29411764705882354,0.4166666666666667,0.4166666666666667,hc_400,5s
5s_Cryptococcus-albidus-1,0.16666666666666666,0.05714285714285714,0.0851063829787234,0.0851063829787234,hc_400,5s
5s_Burkholderia-cepacia-3,0.5555555555555556,0.3225806451612903,0.40816326530612246,0.40816326530612246,hc_400,5s
5s_Samia-cynthia-ricini-1,0.29411764705882354,0.14285714285714285,0.1923076923076923,0.1923076923076923,hc_400,5s
5s_Saccharomonospora-azurea-1,0.4666666666666667,0.20588235294117646,0.28571428571428564,0.28571428571428564,hc_400,5s
5s_Oceanobacillus-iheyensis-4,0.5,0.25806451612903225,0.3404255319148936,0.3404255319148936,hc_400,5s
5s_Agaricostilbum-pulcherrimum-2,0.6153846153846154,0.4444444444444444,0.5161290322580646,0.5161290322580646,hc_400,5s
5s_Legionella-pneumophila-2,0.6956521739130435,0.48484848484848486,0.5714285714285715,0.5714285714285715,hc_400,5s
5s_Nocardioides-albus-1,0.7142857142857143,0.14705882352941177,0.24390243902439024,0.24390243902439024,hc_400,5s
5s_Haloferax-mediterranei-2,0.25,0.125,0.16666666666666666,0.16666666666666666,hc_400,5s
5s_Yersinia-pseudotuberculosis-1,0.7142857142857143,0.4166666666666667,0.5263157894736842,0.5263157894736842,hc_400,5s
5s_Geobacillus-kaustophilus-3,0.5384615384615384,0.22580645161290322,0.3181818181818182,0.3181818181818182,hc_400,5s
5s_Coxiella-burnetii-2,0.5555555555555556,0.35714285714285715,0.43478260869565216,0.43478260869565216,hc_400,5s
5s_Penicillium-griseofulvum-1,0.44,0.3055555555555556,0.39344262295081966,0.36065573770491804,hc_400,5s
5s_Fusobacterium-nucleatum-1,0.7058823529411765,0.3870967741935484,0.5,0.5,hc_400,5s
5s_Streptococcus-pneumoniae-1,0.55,0.3793103448275862,0.4489795918367347,0.4489795918367347,hc_400,5s
5s_Listeria-monocytogenes-2,0.5,0.15151515151515152,0.23255813953488375,0.23255813953488375,hc_400,5s
5s_Vibrio-vulnificus-3,0.6153846153846154,0.45714285714285713,0.5245901639344263,0.5245901639344263,hc_400,5s
5s_Ureaplasma-parvum-1,0.6470588235294118,0.44,0.5238095238095238,0.5238095238095238,hc_400,5s
5s_Vibrio-mediterranei-1,0.6296296296296297,0.4857142857142857,0.5483870967741936,0.5483870967741936,hc_400,5s
5s_Streptomyces-sp.-1,0.4666666666666667,0.2,0.27999999999999997,0.27999999999999997,hc_400,5s
5s_Nanoarchaeum-equitans-1,0.46153846153846156,0.21428571428571427,0.2926829268292683,0.2926829268292683,hc_400,5s
5s_Itersonilia-perplexans-1,0.25,0.08823529411764706,0.13043478260869565,0.13043478260869565,hc_400,5s
5s_Frankia-sp.-2,0.3333333333333333,0.14285714285714285,0.2,0.2,hc_400,5s
5s_Vibrio-natriegens-1,0.7083333333333334,0.4722222222222222,0.5666666666666667,0.5666666666666667,hc_400,5s
5s_Tricharina-hiemalis-1,0.5,0.25,0.3333333333333333,0.3333333333333333,hc_400,5s
5s_Salmonella-enterica-8,0.6842105263157895,0.3611111111111111,0.4727272727272728,0.4727272727272728,hc_400,5s
5s_T_cruziE,0.6363636363636364,0.20588235294117646,0.3111111111111111,0.3111111111111111,hc_400,5s
5s_Deinococcus-radiodurans-1,0.42105263157894735,0.24242424242424243,0.4363636363636364,0.3076923076923077,hc_400,5s
5s_Streptococcus-pyogenes-1,0.6111111111111112,0.3548387096774194,0.4489795918367347,0.4489795918367347,hc_400,5s
5s_Dugesia-japonica-2,0.3,0.16666666666666666,0.21428571428571427,0.21428571428571427,hc_400,5s
5s_Ehrlichia-ruminantium-1,0.4166666666666667,0.15151515151515152,0.2222222222222222,0.2222222222222222,hc_400,5s
5s_Vicia-faba-1,1.0,0.38235294117647056,0.5531914893617021,0.5531914893617021,hc_400,5s
5s_Gastrotheca-riobambae-1,0.5714285714285714,0.2222222222222222,0.32,0.32,hc_400,5s
5s_Haemophilus-influenzae-4,0.7272727272727273,0.47058823529411764,0.5714285714285714,0.5714285714285714,hc_400,5s
5s_Urocystis-primulicola-1,0.5,0.14285714285714285,0.22222222222222224,0.22222222222222224,hc_400,5s
5s_Acyrthosiphon-magnoliae-1,0.29411764705882354,0.14705882352941177,0.19607843137254904,0.19607843137254904,hc_400,5s
5s_Fusarium-lunulosporum-3,0.4782608695652174,0.3235294117647059,0.4210526315789474,0.3859649122807018,hc_400,5s
5s_Kibdelosporangium-aridum-1,0.47619047619047616,0.2777777777777778,0.3508771929824561,0.3508771929824561,hc_400,5s
5s_Corynebacterium-efficiens-1,0.6,0.36363636363636365,0.4528301886792453,0.4528301886792453,hc_400,5s
5s_Caulobacter-sp.-3,0.7333333333333333,0.3333333333333333,0.45833333333333326,0.45833333333333326,hc_400,5s
5s_Samia-cynthia-ricini-x-Bombyx-mori-1,0.3333333333333333,0.16666666666666666,0.2222222222222222,0.2222222222222222,hc_400,5s
5s_Vibrio-logei-1,0.6666666666666666,0.5,0.5714285714285715,0.5714285714285715,hc_400,5s
5s_Saccharothrix-australiensis-1,0.4666666666666667,0.20588235294117646,0.28571428571428564,0.28571428571428564,hc_400,5s
5s_Palmaria-palmata-1,0.8888888888888888,0.48484848484848486,0.6274509803921569,0.6274509803921569,hc_400,5s
5s_Penicillium-chrysogenum-1,0.44,0.3055555555555556,0.39344262295081966,0.36065573770491804,hc_400,5s
5s_Ectothiorhodospira-shaposhnikovii-1,0.6363636363636364,0.4,0.4912280701754386,0.4912280701754386,hc_400,5s
5s_Pseudomonas-aeruginosa-2,0.7619047619047619,0.45714285714285713,0.5714285714285714,0.5714285714285714,hc_400,5s
5s_Salmonella-typhimurium-1,0.5882352941176471,0.2777777777777778,0.3773584905660377,0.3773584905660377,hc_400,5s
5s_Mycoplasma-sp.-1,0.17647058823529413,0.1111111111111111,0.13636363636363638,0.13636363636363638,hc_400,5s
5s_Bacillus-cereus-4,0.5,0.24242424242424243,0.326530612244898,0.326530612244898,hc_400,5s
5s_Halorubrum-terrestre-1,0.6,0.2647058823529412,0.36734693877551017,0.36734693877551017,hc_400,5s
5s_Saprospira-grandis-1,0.42857142857142855,0.18181818181818182,0.2553191489361702,0.2553191489361702,hc_400,5s
5s_Listeria-monocytogenes-3,0.36363636363636365,0.12903225806451613,0.19047619047619047,0.19047619047619047,hc_400,5s
5s_Amycolatopsis-orientalis-1,0.14285714285714285,0.05714285714285714,0.08163265306122448,0.08163265306122448,hc_400,5s
5s_Porphyromonas-gingivalis-2,0.0,0.0,0.0,0.0,hc_400,5s
5s_Pichia-angusta-1,0.35294117647058826,0.17647058823529413,0.23529411764705885,0.23529411764705885,hc_400,5s
5s_Drosophila-yakuba-1,0.46153846153846156,0.16666666666666666,0.2448979591836735,0.2448979591836735,hc_400,5s
5s_Spirochaeta-aurantia-1,0.35,0.23333333333333334,0.28,0.28,hc_400,5s
5s_Streptomyces-avermitilis-1,0.4666666666666667,0.21212121212121213,0.29166666666666663,0.29166666666666663,hc_400,5s
5s_Halichondria-japonica-1,0.5,0.17142857142857143,0.2553191489361702,0.2553191489361702,hc_400,5s
5s_Acremonium-persicinum-1,0.391304347826087,0.2571428571428571,0.3103448275862069,0.3103448275862069,hc_400,5s
5s_Thiomicrospira-sp.-1,0.5238095238095238,0.3235294117647059,0.39999999999999997,0.39999999999999997,hc_400,5s
5s_Fusobacterium-mortiferum-2,0.47619047619047616,0.3225806451612903,0.3846153846153846,0.3846153846153846,hc_400,5s
5s_Bacteroides-fragilis-2,0.14285714285714285,0.07142857142857142,0.09523809523809523,0.09523809523809523,hc_400,5s
5s_Diplonema-papillatum-1,0.3888888888888889,0.2,0.2641509433962264,0.2641509433962264,hc_400,5s
5s_Mortierella-formosensis-1,0.6,0.40540540540540543,0.5286686103012633,0.48387096774193555,hc_400,5s
5s_Leptospira-interrogans-1,0.6666666666666666,0.17647058823529413,0.27906976744186046,0.27906976744186046,hc_400,5s
5s_Colacogloea-peniophorae-1,0.5789473684210527,0.3055555555555556,0.4000000000000001,0.4000000000000001,hc_400,5s
5s_Bacillus-licheniformis-2,0.5882352941176471,0.30303030303030304,0.39999999999999997,0.39999999999999997,hc_400,5s
5s_Parachlamydia-sp.-1,0.625,0.30303030303030304,0.40816326530612246,0.40816326530612246,hc_400,5s
5s_Thermus-thermophilus-3,0.6428571428571429,0.2571428571428571,0.36734693877551017,0.36734693877551017,hc_400,5s
5s_Streptomyces-nodosus-3,0.75,0.2647058823529412,0.39130434782608703,0.39130434782608703,hc_400,5s
5s_Paracentrotus-lividus-2,0.35294117647058826,0.17647058823529413,0.23529411764705885,0.23529411764705885,hc_400,5s
5s_Brevibacterium-linens-2,0.6428571428571429,0.2571428571428571,0.36734693877551017,0.36734693877551017,hc_400,5s
5s_Xanthomonas-oryzae-1,0.65,0.38235294117647056,0.48148148148148157,0.48148148148148157,hc_400,5s
5s_Erysipelothrix-rhusiopathiae-2,0.058823529411764705,0.03333333333333333,0.0425531914893617,0.0425531914893617,hc_400,5s
5s_Propionibacterium-acnes-1,0.625,0.2857142857142857,0.47058823529411753,0.392156862745098,hc_400,5s
5s_Coprinopsis-radiata-1,0.2,0.058823529411764705,0.0909090909090909,0.0909090909090909,hc_400,5s
5s_Fusarium-pseudograminearum-7,0.375,0.17142857142857143,0.27450980392156865,0.23529411764705876,hc_400,5s
5s_Bacillus-halodurans-4,0.18181818181818182,0.06060606060606061,0.09090909090909091,0.09090909090909091,hc_400,5s
5s_Streptomyces-coelicolor-6,0.6666666666666666,0.23529411764705882,0.3478260869565218,0.3478260869565218,hc_400,5s
5s_Streptomyces-ambofaciens-1,0.5882352941176471,0.29411764705882354,0.3921568627450981,0.3921568627450981,hc_400,5s
5s_Misgurnus-fossilis-14,0.4166666666666667,0.14285714285714285,0.21276595744680848,0.21276595744680848,hc_400,5s
5s_Photobacterium-damselae-1,0.68,0.4722222222222222,0.5573770491803278,0.5573770491803278,hc_400,5s
5s_Leifsonia-xyli-1,0.5625,0.2647058823529412,0.36000000000000004,0.36000000000000004,hc_400,5s
5s_Corynebacterium-diphtheriae-2,0.7272727272727273,0.22857142857142856,0.34782608695652173,0.34782608695652173,hc_400,5s
5s_Bombyx-mori-3,0.3333333333333333,0.16666666666666666,0.2222222222222222,0.2222222222222222,hc_400,5s
5s_Anthopleura-japonica-1,0.7,0.19444444444444445,0.30434782608695654,0.30434782608695654,hc_400,5s
5s_Caulobacter-sp.-2,0.8125,0.40625,0.5416666666666666,0.5416666666666666,hc_400,5s
5s_Drosophila-melanogaster-2,0.4166666666666667,0.14705882352941177,0.2173913043478261,0.2173913043478261,hc_400,5s
5s_Saccharomonospora-glauca-1,0.375,0.08823529411764706,0.14285714285714285,0.14285714285714285,hc_400,5s
5s_Escherichia-coli-10,0.3125,0.14285714285714285,0.196078431372549,0.196078431372549,hc_400,5s
5s_Rhodobacter-capsulatus-1,0.6,0.375,0.4615384615384615,0.4615384615384615,hc_400,5s
5s_Mycobacterium-bovis-3,0.7142857142857143,0.15151515151515152,0.25,0.25,hc_400,5s
5s_Xanthobacter-viscosus-1,0.631578947368421,0.36363636363636365,0.46153846153846156,0.46153846153846156,hc_400,5s
5s_Plagiomnium-trichomanes-1,0.47368421052631576,0.2647058823529412,0.339622641509434,0.339622641509434,hc_400,5s
5s_Natronomonas-pharaonis-1,0.5454545454545454,0.35294117647058826,0.42857142857142855,0.42857142857142855,hc_400,5s
5s_Acetobacter-sp.-1,0.8125,0.38235294117647056,0.52,0.52,hc_400,5s
5s_Haemonchus-contortus-1,0.38461538461538464,0.14285714285714285,0.20833333333333331,0.20833333333333331,hc_400,5s
5s_Ureaplasma-urealyticum-1,0.47368421052631576,0.3333333333333333,0.391304347826087,0.391304347826087,hc_400,5s
5s_Cryptococcus-laurentii-1,0.6428571428571429,0.28125,0.391304347826087,0.391304347826087,hc_400,5s
5s_Methanocaldococcus-jannaschii-2,0.68,0.5,0.6440677966101696,0.576271186440678,hc_400,5s
5s_Nitrobacter-winogradskyi-1,0.6956521739130435,0.5,0.5818181818181818,0.5818181818181818,hc_400,5s
5s_Corynebacterium-variabile-1,0.7857142857142857,0.3142857142857143,0.44897959183673464,0.44897959183673464,hc_400,5s
5s_Candida-melibiosica-1,0.46153846153846156,0.16216216216216217,0.24,0.24,hc_400,5s
5s_Corynebacterium-xerosis-1,0.35714285714285715,0.14705882352941177,0.20833333333333334,0.20833333333333334,hc_400,5s
5s_Salmonella-typhimurium-3,0.35,0.2,0.2545454545454545,0.2545454545454545,hc_400,5s
5s_Bugula-neritina-1,0.4117647058823529,0.19444444444444445,0.2641509433962264,0.2641509433962264,hc_400,5s
5s_Thermococcus-kodakarensis-1,0.5,0.19444444444444445,0.28,0.28,hc_400,5s
5s_Thermus-aquaticus-1,0.4583333333333333,0.3333333333333333,0.38596491228070173,0.38596491228070173,hc_400,5s
5s_Bacteroides-fragilis-6,0.28,0.25925925925925924,0.30769230769230765,0.2692307692307692,hc_400,5s
5s_Streptomyces-coelicolor-3,0.9090909090909091,0.2857142857142857,0.43478260869565216,0.43478260869565216,hc_400,5s
5s_Ginkgo-biloba-1,0.7142857142857143,0.29411764705882354,0.4166666666666667,0.4166666666666667,hc_400,5s
5s_Cupriavidus-necator-1,0.5294117647058824,0.28125,0.3673469387755102,0.3673469387755102,hc_400,5s
5s_Prasinocladus-sp.-1,0.3684210526315789,0.22580645161290322,0.28,0.28,hc_400,5s
5s_Sinorhizobium-meliloti-1,0.6111111111111112,0.3235294117647059,0.42307692307692313,0.42307692307692313,hc_400,5s
5s_Fusarium-lunulosporum-5,0.47619047619047616,0.2857142857142857,0.3571428571428571,0.3571428571428571,hc_400,5s
5s_Xenopus-laevis-3,0.5384615384615384,0.2,0.2916666666666667,0.2916666666666667,hc_400,5s
5s_Fusarium-cerealis-4,0.5294117647058824,0.2571428571428571,0.3846153846153846,0.34615384615384615,hc_400,5s
5s_Thermoplasma-volcanium-1,0.8125,0.3939393939393939,0.5306122448979591,0.5306122448979591,hc_400,5s
5s_Saccharopolyspora-rectivirgula-1,0.42105263157894735,0.23529411764705882,0.3018867924528302,0.3018867924528302,hc_400,5s
5s_Pyrococcus-horikoshii-2,0.6,0.2727272727272727,0.37499999999999994,0.37499999999999994,hc_400,5s
5s_Basidiobolus-magnus-1,0.3076923076923077,0.21621621621621623,0.2980132450331126,0.25396825396825395,hc_400,5s
5s_Oryza-sativa-2,0.6666666666666666,0.42424242424242425,0.5185185185185185,0.5185185185185185,hc_400,5s
5s_Salmonella-typhi-1,0.23076923076923078,0.09375,0.13333333333333333,0.13333333333333333,hc_400,5s
5s_Flavobacterium-hydatis-1,0.0,0.0,0.0,0.0,hc_400,5s
5s_Neurospora-intermedia-3,0.43478260869565216,0.2857142857142857,0.3793103448275862,0.3448275862068965,hc_400,5s
5s_Streptomyces-sp.-2,0.46153846153846156,0.17142857142857143,0.25000000000000006,0.25000000000000006,hc_400,5s
5s_Bacillus-cereus-1,0.4117647058823529,0.21212121212121213,0.27999999999999997,0.27999999999999997,hc_400,5s
5s_Bacteroides-fragilis-5,0.1875,0.13043478260869565,0.20512820512820512,0.15384615384615383,hc_400,5s
5s_Mytilus-edulis-1,0.7,0.19444444444444445,0.30434782608695654,0.30434782608695654,hc_400,5s
5s_Methanopyrus-kandleri-1,0.7142857142857143,0.14285714285714285,0.23809523809523808,0.23809523809523808,hc_400,5s
5s_Chlorobium-limicola-2,0.3076923076923077,0.14285714285714285,0.1951219512195122,0.1951219512195122,hc_400,5s
5s_Mycobacterium-smegmatis-2,0.42857142857142855,0.18181818181818182,0.2553191489361702,0.2553191489361702,hc_400,5s
5s_Vibrio-metschnikovii-1,0.7037037037037037,0.5277777777777778,0.6031746031746033,0.6031746031746033,hc_400,5s
5s_Micrococcus-luteus-4,0.2727272727272727,0.09090909090909091,0.13636363636363635,0.13636363636363635,hc_400,5s
5s_Graphiola-phoenicis-1,0.5,0.11428571428571428,0.18604651162790695,0.18604651162790695,hc_400,5s
5s_Corynebacterium-jeikeium-1,0.8,0.23529411764705882,0.3636363636363636,0.3636363636363636,hc_400,5s
5s_Branchiostoma-belcheri-1,0.45454545454545453,0.1388888888888889,0.21276595744680854,0.21276595744680854,hc_400,5s
5s_Methylococcus-capsulatus-1,0.625,0.30303030303030304,0.40816326530612246,0.40816326530612246,hc_400,5s
5s_Brugia-malayi-1,0.42857142857142855,0.17142857142857143,0.24489795918367346,0.24489795918367346,hc_400,5s
5s_Thermotoga-sp.-2,0.631578947368421,0.36363636363636365,0.5384615384615385,0.46153846153846156,hc_400,5s
5s_Bacillus-megaterium-1,0.8181818181818182,0.2727272727272727,0.4090909090909091,0.4090909090909091,hc_400,5s
5s_Gelidium-amansii-2,0.6428571428571429,0.25,0.36,0.36,hc_400,5s
5s_Wolbachia-endosymbiont-of-B.-malayi-1,0.3181818181818182,0.25,0.28,0.28,hc_400,5s
5s_Puccinia-suaveolens-1,0.5,0.32432432432432434,0.39344262295081966,0.39344262295081966,hc_400,5s
5s_Salmonella-enterica-3,0.55,0.3055555555555556,0.39285714285714285,0.39285714285714285,hc_400,5s
5s_Bacillus-licheniformis-1,0.5882352941176471,0.30303030303030304,0.39999999999999997,0.39999999999999997,hc_400,5s
5s_Enchytraeus-albidus-1,0.6363636363636364,0.19444444444444445,0.29787234042553196,0.29787234042553196,hc_400,5s
5s_Bordetella-bronchiseptica-1,0.625,0.30303030303030304,0.40816326530612246,0.40816326530612246,hc_400,5s
5s_Aquifex-aeolicus-1,0.6428571428571429,0.25,0.36,0.36,hc_400,5s
5s_Mytilus-galloprovincialis-3,0.7,0.19444444444444445,0.30434782608695654,0.30434782608695654,hc_400,5s
5s_Blakeslea-trispora-1,0.5,0.2702702702702703,0.3975903614457832,0.3508771929824562,hc_400,5s
5s_Hyphodontia-paradoxa-1,0.125,0.029411764705882353,0.047619047619047616,0.047619047619047616,hc_400,5s
5s_Mycobacterium-avium-1,0.4,0.1875,0.25531914893617025,0.25531914893617025,hc_400,5s
5s_Meloidogyne-arenaria-3,0.6086956521739131,0.4117647058823529,0.4912280701754386,0.4912280701754386,hc_400,5s
5s_Zymomonas-mobilis-1,0.5555555555555556,0.45454545454545453,0.5,0.5,hc_400,5s
5s_Methanothermobacter-thermautotrophicus-3,0.6666666666666666,0.2777777777777778,0.39215686274509803,0.39215686274509803,hc_400,5s
5s_Xenopus-tropicalis-1,0.5833333333333334,0.2,0.2978723404255319,0.2978723404255319,hc_400,5s
5s_Chlorella-sp.-1,0.3333333333333333,0.25806451612903225,0.29090909090909095,0.29090909090909095,hc_400,5s
5s_Idiomarina-loihiensis-2,0.6521739130434783,0.42857142857142855,0.5172413793103448,0.5172413793103448,hc_400,5s
5s_Bjerkandera-adusta-1,0.2727272727272727,0.08823529411764706,0.13333333333333333,0.13333333333333333,hc_400,5s
5s_Dirofilaria-immitis-1,0.38461538461538464,0.14285714285714285,0.20833333333333331,0.20833333333333331,hc_400,5s
5s_Pyrococcus-furiosus-1,0.5714285714285714,0.24242424242424243,0.3404255319148936,0.3404255319148936,hc_400,5s
5s_Haemophilus-aegyptius-1,0.7,0.4117647058823529,0.5185185185185185,0.5185185185185185,hc_400,5s
5s_Agaricus-edulis-1,0.14285714285714285,0.05714285714285714,0.08163265306122448,0.08163265306122448,hc_400,5s
5s_Equisetum-arvense-1,0.45454545454545453,0.14705882352941177,0.22222222222222224,0.22222222222222224,hc_400,5s
5s_Fusarium-culmorum-3,0.5,0.29411764705882354,0.37037037037037035,0.37037037037037035,hc_400,5s
5s_Weissella-viridescens-1,0.3125,0.15625,0.20833333333333334,0.20833333333333334,hc_400,5s
5s_Geobacillus-kaustophilus-6,0.6470588235294118,0.3333333333333333,0.44,0.44,hc_400,5s
5s_Buchnera-aphidicola-3,0.2631578947368421,0.16666666666666666,0.2040816326530612,0.2040816326530612,hc_400,5s
5s_Euplotes-aediculatus-1,0.4090909090909091,0.2727272727272727,0.36363636363636365,0.32727272727272727,hc_400,5s
5s_Ceratobasidium-cornigerum-1,0.23076923076923078,0.08823529411764706,0.12765957446808512,0.12765957446808512,hc_400,5s
5s_Vibrio-fluvialis-1,0.7307692307692307,0.5277777777777778,0.6129032258064515,0.6129032258064515,hc_400,5s
5s_Fusarium-culmorum-1,0.391304347826087,0.25,0.3389830508474576,0.3050847457627119,hc_400,5s
5s_Auricularia-auricula-judae-1,0.5,0.17647058823529413,0.2608695652173913,0.2608695652173913,hc_400,5s
5s_Juniperus-media-1,0.6363636363636364,0.20588235294117646,0.3555555555555555,0.3111111111111111,hc_400,5s
5s_Staphylococcus-epidermidis-2,0.1111111111111111,0.06451612903225806,0.08163265306122448,0.08163265306122448,hc_400,5s
5s_Araneus-diadematus-1,0.3157894736842105,0.17142857142857143,0.22222222222222224,0.22222222222222224,hc_400,5s
5s_Planctomyces-limnophilus-1,0.4,0.27586206896551724,0.32653061224489793,0.32653061224489793,hc_400,5s
5s_Methylobacterium-organophilum-1,0.125,0.03225806451612903,0.05128205128205128,0.05128205128205128,hc_400,5s
5s_Meloidogyne-chitwoodi-1,0.6190476190476191,0.38235294117647056,0.509090909090909,0.4727272727272727,hc_400,5s
5s_Shigella-flexneri-1,0.4,0.18181818181818182,0.25000000000000006,0.25000000000000006,hc_400,5s
5s_Leptothrix-discophora-1,0.5,0.2727272727272727,0.3529411764705882,0.3529411764705882,hc_400,5s
5s_Neurospora-intermedia-2,0.45454545454545453,0.2857142857142857,0.38596491228070173,0.3508771929824561,hc_400,5s
5s_Vibrio-fischeri-1,0.5714285714285714,0.45714285714285713,0.5079365079365079,0.5079365079365079,hc_400,5s
5s_Ascobolus-immersus-2,0.6153846153846154,0.47058823529411764,0.5333333333333333,0.5333333333333333,hc_400,5s
5s_Mesorhizobium-loti-1,0.9090909090909091,0.29411764705882354,0.4444444444444445,0.4444444444444445,hc_400,5s
5s_Escherichia-coli-6,0.7142857142857143,0.4166666666666667,0.5263157894736842,0.5263157894736842,hc_400,5s
5s_Geobacillus-kaustophilus-4,0.6470588235294118,0.3333333333333333,0.44,0.44,hc_400,5s
5s_Hyphomicrobium-vulgare-2,0.5454545454545454,0.35294117647058826,0.42857142857142855,0.42857142857142855,hc_400,5s
5s_Porphyra-yezoensis-1,0.8666666666666667,0.38235294117647056,0.5306122448979592,0.5306122448979592,hc_400,5s
5s_Drosophila-mauritiana-1,0.46153846153846156,0.16666666666666666,0.2448979591836735,0.2448979591836735,hc_400,5s
5s_Sargassum-fulvellum-1,0.4375,0.19444444444444445,0.2692307692307693,0.2692307692307693,hc_400,5s
5s_Thiomonas-perometabolis-1,0.4375,0.21212121212121213,0.2857142857142857,0.2857142857142857,hc_400,5s
5s_Schizophyllum-commune-1,0.25,0.058823529411764705,0.09523809523809523,0.09523809523809523,hc_400,5s
5s_Klebsormidium-flaccidum-1,0.5,0.2727272727272727,0.3921568627450981,0.3529411764705882,hc_400,5s
5s_Achromobacter-xylosoxidans-1,0.47368421052631576,0.28125,0.35294117647058826,0.35294117647058826,hc_400,5s
5s_Streptomyces-griseus-3,0.375,0.1875,0.25,0.25,hc_400,5s
5s_Ureaplasma-urealyticum-3,0.5625,0.3333333333333333,0.4186046511627907,0.4186046511627907,hc_400,5s
5s_Ancylobacter-aquaticus-1,0.7333333333333333,0.34375,0.4680851063829787,0.4680851063829787,hc_400,5s
5s_Emericella-nidulans-4,0.42857142857142855,0.2571428571428571,0.3214285714285714,0.3214285714285714,hc_400,5s
5s_Alcaligenes-faecalis-3,0.8947368421052632,0.5,0.6415094339622641,0.6415094339622641,hc_400,5s
5s_Scyliorhinus-canicula-1,0.6,0.2571428571428571,0.36,0.36,hc_400,5s
5s_Mycoplasma-haemofelis-1,0.5882352941176471,0.30303030303030304,0.39999999999999997,0.39999999999999997,hc_400,5s
5s_Lethenteron-japonicum-2,0.5333333333333333,0.2222222222222222,0.3137254901960784,0.3137254901960784,hc_400,5s
5s_Acidithiobacillus-ferrooxidans-3,0.8333333333333334,0.4411764705882353,0.576923076923077,0.576923076923077,hc_400,5s
5s_Euplotes-eurystomus-1,0.625,0.29411764705882354,0.4,0.4,hc_400,5s
5s_Planocera-reticulata-1,0.4444444444444444,0.11764705882352941,0.18604651162790695,0.18604651162790695,hc_400,5s
5s_Paracoccus-sp.-1,0.6666666666666666,0.34285714285714286,0.4528301886792453,0.4528301886792453,hc_400,5s
5s_Oceanobacillus-iheyensis-1,0.38461538461538464,0.15625,0.22222222222222224,0.22222222222222224,hc_400,5s
5s_Streptococcus-mutans-2,0.47619047619047616,0.3125,0.37735849056603776,0.37735849056603776,hc_400,5s
5s_Staphylococcus-haemolyticus-2,0.0,0.0,0.0,0.0,hc_400,5s
5s_Emericella-nidulans-1,0.42105263157894735,0.2222222222222222,0.2909090909090909,0.2909090909090909,hc_400,5s
5s_Spinacia-oleracea-1,1.0,0.29411764705882354,0.45454545454545453,0.45454545454545453,hc_400,5s
5s_Corynebacterium-diphtheriae-1,0.7272727272727273,0.22857142857142856,0.34782608695652173,0.34782608695652173,hc_400,5s
5s_Colwellia-psychrerythraea-1,0.6521739130434783,0.4411764705882353,0.5263157894736842,0.5263157894736842,hc_400,5s
5s_Vibrio-mimicus-1,0.7037037037037037,0.5277777777777778,0.6031746031746033,0.6031746031746033,hc_400,5s
5s_Symbiobacterium-thermophilum-4,0.30434782608695654,0.2413793103448276,0.3235955056179775,0.2692307692307692,hc_400,5s
5s_Fusarium-lunulosporum-9,0.45,0.2571428571428571,0.32727272727272727,0.32727272727272727,hc_400,5s
5s_Escherichia-coli-14,0.5,0.2,0.28571428571428575,0.28571428571428575,hc_400,5s
5s_Crossiella-cryophila-1,0.5714285714285714,0.25,0.34782608695652173,0.34782608695652173,hc_400,5s
5s_Paracoccus-denitrificans-1,0.625,0.30303030303030304,0.40816326530612246,0.40816326530612246,hc_400,5s
5s_Saccharomyces-cerevisiae-5,0.25,0.08571428571428572,0.1276595744680851,0.1276595744680851,hc_400,5s
5s_Meloidogyne-arenaria-2,0.13333333333333333,0.07407407407407407,0.09523809523809523,0.09523809523809523,hc_400,5s
5s_Leptospira-interrogans-2,0.7,0.20588235294117646,0.3181818181818182,0.3181818181818182,hc_400,5s
5s_Emericella-nidulans-6,0.47368421052631576,0.25,0.32727272727272727,0.32727272727272727,hc_400,5s
5s_Caenorhabditis-elegans-1,0.8666666666666667,0.37142857142857144,0.52,0.52,hc_400,5s
5s_Xenopus-borealis-2,0.5833333333333334,0.20588235294117646,0.3043478260869565,0.3043478260869565,hc_400,5s
5s_Akkesiphycus-lubricum-1,0.47058823529411764,0.2222222222222222,0.3018867924528302,0.3018867924528302,hc_400,5s
5s_Perkinsus-andrewsi-1,0.6363636363636364,0.1891891891891892,0.2916666666666667,0.2916666666666667,hc_400,5s
5s_Streptomyces-sclerotialus-1,0.5714285714285714,0.22857142857142856,0.32653061224489793,0.32653061224489793,hc_400,5s
5s_Efibulobasidium-albescens-1,0.38461538461538464,0.14705882352941177,0.21276595744680854,0.21276595744680854,hc_400,5s
5s_Rana-catesbeiana-1,0.8,0.2222222222222222,0.3478260869565218,0.3478260869565218,hc_400,5s
5s_Salmonella-enterica-1,0.5882352941176471,0.2777777777777778,0.3773584905660377,0.3773584905660377,hc_400,5s
5s_Fluoribacter-bozemanae-1,0.631578947368421,0.35294117647058826,0.45283018867924524,0.45283018867924524,hc_400,5s
5s_Vibrio-fischeri-3,0.5483870967741935,0.4722222222222222,0.5074626865671641,0.5074626865671641,hc_400,5s
5s_Anaerorhabdus-furcosa-1,0.17391304347826086,0.12903225806451613,0.14814814814814814,0.14814814814814814,hc_400,5s
5s_Artemia-sp.-2,0.5714285714285714,0.2222222222222222,0.32,0.32,hc_400,5s
5s_Colwellia-hadaliensis-1,0.6521739130434783,0.42857142857142855,0.5172413793103448,0.5172413793103448,hc_400,5s
5s_Phaseolus-vulgaris-2,1.0,0.17647058823529413,0.3,0.3,hc_400,5s
5s_Bacillus-amyloliquefaciens-1,0.5555555555555556,0.3125,0.39999999999999997,0.39999999999999997,hc_400,5s
5s_Mycoplasma-gallisepticum-2,0.05555555555555555,0.05263157894736842,0.05405405405405406,0.05405405405405406,hc_400,5s
5s_Methanosarcina-vacuolata-1,0.3684210526315789,0.21875,0.2745098039215686,0.2745098039215686,hc_400,5s
5s_Lytechinus-variegatus-1,0.6,0.16666666666666666,0.2608695652173913,0.2608695652173913,hc_400,5s
5s_Sporosarcina-ureae-1,0.5,0.24242424242424243,0.326530612244898,0.326530612244898,hc_400,5s
5s_Thiobacillus-thioparus-1,0.6153846153846154,0.25806451612903225,0.36363636363636365,0.36363636363636365,hc_400,5s
5s_Vibrio-proteolyticus-1,0.6923076923076923,0.5,0.5806451612903226,0.5806451612903226,hc_400,5s
5s_Thermococcus-celer-2,0.2222222222222222,0.05555555555555555,0.08888888888888888,0.08888888888888888,hc_400,5s
5s_Onchocerca-cervicalis-1,0.0,0.0,0.0,0.0,hc_400,5s
5s_Geobacillus-kaustophilus-1,0.6666666666666666,0.30303030303030304,0.41666666666666663,0.41666666666666663,hc_400,5s
5s_Bos-taurus-1,0.8571428571428571,0.16666666666666666,0.27906976744186046,0.27906976744186046,hc_400,5s
5s_Euglena-gracilis-1,0.8,0.21621621621621623,0.3404255319148936,0.3404255319148936,hc_400,5s
5s_Meloidogyne-arenaria-4,0.7142857142857143,0.42857142857142855,0.5357142857142858,0.5357142857142858,hc_400,5s
5s_Erythrobacter-longus-1,0.7222222222222222,0.38235294117647056,0.4999999999999999,0.4999999999999999,hc_400,5s
5s_Flexibacter-sp.-1,0.3684210526315789,0.21875,0.2745098039215686,0.2745098039215686,hc_400,5s
5s_Methanococcus-vannielii-1,0.46153846153846156,0.36363636363636365,0.4590163934426229,0.4067796610169492,hc_400,5s
5s_Bacteroides-fragilis-4,0.1875,0.13043478260869565,0.20512820512820512,0.15384615384615383,hc_400,5s
5s_Staphylococcus-epidermidis-1,0.0,0.0,0.06060606060606061,0.0,hc_400,5s
5s_Bacillus-anthracis-10,0.5,0.30303030303030304,0.37735849056603776,0.37735849056603776,hc_400,5s
5s_Deinococcus-radiodurans-3,0.631578947368421,0.35294117647058826,0.45283018867924524,0.45283018867924524,hc_400,5s
5s_Pyrococcus-woesei-1,0.3333333333333333,0.08333333333333333,0.13333333333333333,0.13333333333333333,hc_400,5s
5s_Pimelobacter-simplex-1,0.2857142857142857,0.11764705882352941,0.16666666666666666,0.16666666666666666,hc_400,5s
5s_Fusarium-asiaticum-8,0.42857142857142855,0.2647058823529412,0.32727272727272727,0.32727272727272727,hc_400,5s
5s_Bifidobacterium-longum-3,0.5238095238095238,0.3333333333333333,0.40740740740740733,0.40740740740740733,hc_400,5s
5s_Halobacterium-salinarum-3,0.47058823529411764,0.24242424242424243,0.32,0.32,hc_400,5s
5s_Pseudomonas-fluorescens-2,0.7894736842105263,0.42857142857142855,0.5555555555555555,0.5555555555555555,hc_400,5s
5s_Chlamydomonas-sp.-1,0.7333333333333333,0.3142857142857143,0.44,0.44,hc_400,5s
5s_Platymonas-subcordiformis-1,0.375,0.1935483870967742,0.25531914893617014,0.25531914893617014,hc_400,5s
5s_Saccharomyces-cerevisiae-6,0.3333333333333333,0.11428571428571428,0.1702127659574468,0.1702127659574468,hc_400,5s
5s_Scytosiphon-lomentaria-1,0.47058823529411764,0.2222222222222222,0.3018867924528302,0.3018867924528302,hc_400,5s
5s_Bacillus-halodurans-2,0.5625,0.2727272727272727,0.36734693877551017,0.36734693877551017,hc_400,5s
5s_Clostridium-butyricum-1,0.47058823529411764,0.24242424242424243,0.32,0.32,hc_400,5s
5s_Rhodosporidium-toruloides-1,0.4117647058823529,0.19444444444444445,0.2641509433962264,0.2641509433962264,hc_400,5s
5s_Acanthamoeba-castellanii-1,0.46153846153846156,0.3333333333333333,0.45161290322580644,0.3870967741935484,hc_400,5s
5s_Rhodococcus-fascians-2,0.5714285714285714,0.24242424242424243,0.3404255319148936,0.3404255319148936,hc_400,5s
5s_Zea-mays-1,0.8888888888888888,0.23529411764705882,0.3720930232558139,0.3720930232558139,hc_400,5s
5s_Streptococcus-mutans-3,0.6111111111111112,0.34375,0.44000000000000006,0.44000000000000006,hc_400,5s
5s_Fusobacterium-nucleatum-2,0.9,0.2903225806451613,0.4390243902439024,0.4390243902439024,hc_400,5s
5s_Bacillus-halodurans-3,0.3333333333333333,0.12121212121212122,0.17777777777777776,0.17777777777777776,hc_400,5s
5s_Mycobacterium-tuberculosis-4,0.7142857142857143,0.15151515151515152,0.25,0.25,hc_400,5s
5s_Bacillus-subtilis-2,0.5714285714285714,0.24242424242424243,0.3404255319148936,0.3404255319148936,hc_400,5s
5s_Staphylococcus-haemolyticus-1,0.0,0.0,0.0,0.0,hc_400,5s
5s_Finegoldia-magna-1,0.6956521739130435,0.5,0.5818181818181818,0.5818181818181818,hc_400,5s
5s_Coemansia-mojavensis-1,0.47619047619047616,0.2777777777777778,0.3508771929824561,0.3508771929824561,hc_400,5s
5s_Pseudomonas-fluorescens-3,0.8888888888888888,0.45714285714285713,0.6037735849056604,0.6037735849056604,hc_400,5s
5s_Mycoplasma-mycoides-1,0.47368421052631576,0.32142857142857145,0.3829787234042553,0.3829787234042553,hc_400,5s
5s_Hyphomonas-polymorpha-1,0.6666666666666666,0.2857142857142857,0.4,0.4,hc_400,5s
5s_Arthrobacter-globiformis-1,0.6111111111111112,0.3333333333333333,0.43137254901960786,0.43137254901960786,hc_400,5s
5s_Moniliella-acetoabutans-1,0.4444444444444444,0.22857142857142856,0.3018867924528302,0.3018867924528302,hc_400,5s
5s_Haloferax-volcanii-2,0.22727272727272727,0.16129032258064516,0.18867924528301885,0.18867924528301885,hc_400,5s
5s_Chrysaora-quinquecirrha-1,0.4375,0.19444444444444445,0.2692307692307693,0.2692307692307693,hc_400,5s
5s_Delftia-acidovorans-1,0.7391304347826086,0.5151515151515151,0.6071428571428571,0.6071428571428571,hc_400,5s
5s_Fusarium-culmorum-8,0.45,0.2571428571428571,0.32727272727272727,0.32727272727272727,hc_400,5s
5s_Pseudomonas-fluorescens-4,0.9375,0.42857142857142855,0.588235294117647,0.588235294117647,hc_400,5s
5s_Thermoplasma-acidophilum-1,0.55,0.34375,0.42307692307692313,0.42307692307692313,hc_400,5s
5s_Bifidobacterium-longum-2,0.5,0.3333333333333333,0.4,0.4,hc_400,5s
5s_Vibrio-cholerae-1,0.6666666666666666,0.45714285714285713,0.5423728813559322,0.5423728813559322,hc_400,5s
5s_Arion-rufus-1,0.4166666666666667,0.1388888888888889,0.20833333333333334,0.20833333333333334,hc_400,5s
5s_Sabellastarte-japonica-1,0.2777777777777778,0.14285714285714285,0.18867924528301885,0.18867924528301885,hc_400,5s
5s_Azotobacter-vinelandii-1,0.631578947368421,0.3333333333333333,0.4363636363636364,0.4363636363636364,hc_400,5s
5s_Agrobacterium-vitis-1,0.6111111111111112,0.3235294117647059,0.42307692307692313,0.42307692307692313,hc_400,5s
5s_Ustilentyloma-fluitans-1,0.6818181818181818,0.4166666666666667,0.5172413793103449,0.5172413793103449,hc_400,5s
5s_Streptococcus-agalactiae-2,0.47619047619047616,0.3333333333333333,0.39215686274509803,0.39215686274509803,hc_400,5s
5s_Colwellia-psychrerythraea-2,0.625,0.4411764705882353,0.5172413793103449,0.5172413793103449,hc_400,5s
5s_Spirosoma-sp.-1,0.4,0.13333333333333333,0.2,0.2,hc_400,5s
5s_Vibrio-vulnificus-2,0.6296296296296297,0.4857142857142857,0.5483870967741936,0.5483870967741936,hc_400,5s
5s_Natrialba-magadii-1,0.4,0.11764705882352941,0.1818181818181818,0.1818181818181818,hc_400,5s
5s_Polyangium-cellulosum-1,0.52,0.37142857142857144,0.43333333333333335,0.43333333333333335,hc_400,5s
5s_Candida-cylindracea-1,0.4444444444444444,0.22857142857142856,0.3018867924528302,0.3018867924528302,hc_400,5s
5s_Clostridium-carnis-1,0.5,0.3235294117647059,0.3928571428571429,0.3928571428571429,hc_400,5s
5s_Methylococcus-capsulatus-3,0.5625,0.2727272727272727,0.36734693877551017,0.36734693877551017,hc_400,5s
5s_Methanolobus-tindarius-1,0.34615384615384615,0.2571428571428571,0.29508196721311475,0.29508196721311475,hc_400,5s
5s_Cryptococcus-humicola-1,0.5555555555555556,0.14285714285714285,0.22727272727272727,0.22727272727272727,hc_400,5s
5s_Achromobacter-cycloclastes-1,0.6111111111111112,0.3235294117647059,0.42307692307692313,0.42307692307692313,hc_400,5s
5s_Bacillus-thuringiensis-1,0.47058823529411764,0.25,0.32653061224489793,0.32653061224489793,hc_400,5s
5s_Nicotiana-tabacum-1,0.6875,0.3235294117647059,0.44000000000000006,0.44000000000000006,hc_400,5s
5s_Clostridium-acetobutylicum-4,0.2777777777777778,0.15151515151515152,0.27450980392156865,0.19607843137254904,hc_400,5s
5s_Thiomonas-cuprina-1,0.5,0.30303030303030304,0.37735849056603776,0.37735849056603776,hc_400,5s
5s_Phaffia-rhodozyma-1,0.09090909090909091,0.029411764705882353,0.04444444444444444,0.04444444444444444,hc_400,5s
5s_Legionella-dumoffii-1,0.7272727272727273,0.45714285714285713,0.5614035087719298,0.5614035087719298,hc_400,5s
5s_Haloarcula-marismortui-1,0.6428571428571429,0.2903225806451613,0.4,0.4,hc_400,5s
5s_Tetrahymena-thermophila-3,0.5714285714285714,0.3333333333333333,0.4210526315789474,0.4210526315789474,hc_400,5s
5s_Dichelobacter-nodosus-1,0.6111111111111112,0.3235294117647059,0.42307692307692313,0.42307692307692313,hc_400,5s
5s_Ascaris-lumbricoides-1,0.6923076923076923,0.2571428571428571,0.37499999999999994,0.37499999999999994,hc_400,5s
5s_Tinca-tinca-2,0.46153846153846156,0.16666666666666666,0.2448979591836735,0.2448979591836735,hc_400,5s
5s_Ascobolus-immersus-4,0.5714285714285714,0.34285714285714286,0.42857142857142855,0.42857142857142855,hc_400,5s
5s_Asellus-aquaticus-2,0.38461538461538464,0.14285714285714285,0.20833333333333331,0.20833333333333331,hc_400,5s
5s_Dryopteris-acuminata-1,0.25,0.11764705882352941,0.15999999999999998,0.15999999999999998,hc_400,5s
5s_Clostridium-tyrobutyricum-4,0.0,0.0,0.0,0.0,hc_400,5s
5s_Rana-pipiens-1,0.6666666666666666,0.2857142857142857,0.4,0.4,hc_400,5s
5s_Antheraea-pernyi-1,0.14285714285714285,0.05714285714285714,0.08163265306122448,0.08163265306122448,hc_400,5s
5s_Phleogena-faginea-1,0.5454545454545454,0.16666666666666666,0.2553191489361702,0.2553191489361702,hc_400,5s
5s_Aspergillus-niger-1,0.37037037037037035,0.2777777777777778,0.3492063492063492,0.3174603174603175,hc_400,5s
5s_Pseudomonas-syringae-1,0.8421052631578947,0.45714285714285713,0.5925925925925926,0.5925925925925926,hc_400,5s
5s_Vibrio-tubiashii-1,0.6071428571428571,0.4722222222222222,0.53125,0.53125,hc_400,5s
5s_Clavibacter-michiganensis-1,0.5,0.2647058823529412,0.3461538461538462,0.3461538461538462,hc_400,5s
5s_Tilletia-controversa-1,0.5,0.2,0.28571428571428575,0.28571428571428575,hc_400,5s
5s_Clostridium-acetobutylicum-3,0.45454545454545453,0.17857142857142858,0.25641025641025644,0.25641025641025644,hc_400,5s
5s_Salmonella-enterica-5,0.55,0.3055555555555556,0.39285714285714285,0.39285714285714285,hc_400,5s
5s_Bacillus-subtilis-6,0.5,0.21875,0.30434782608695654,0.30434782608695654,hc_400,5s
5s_Eurypelma-californica-1,0.35294117647058826,0.17142857142857143,0.23076923076923078,0.23076923076923078,hc_400,5s
5s_Asterina-pectinifera-1,0.5,0.16666666666666666,0.25,0.25,hc_400,5s
5s_Stilbum-vulgare-1,0.7368421052631579,0.3888888888888889,0.509090909090909,0.509090909090909,hc_400,5s
5s_Photobacterium-profundum-1,0.48,0.34285714285714286,0.39999999999999997,0.39999999999999997,hc_400,5s
5s_Thermococcus-celer-1,0.2727272727272727,0.08333333333333333,0.1276595744680851,0.1276595744680851,hc_400,5s
5s_Brucella-melitensis-3,0.9090909090909091,0.29411764705882354,0.4444444444444445,0.4444444444444445,hc_400,5s
5s_Porphyra-tenera-1,0.9375,0.42857142857142855,0.588235294117647,0.588235294117647,hc_400,5s
5s_Acidithiobacillus-ferrooxidans-1,0.8235294117647058,0.42424242424242425,0.5599999999999999,0.5599999999999999,hc_400,5s
5s_Prauserella-rugosa-1,0.5,0.22857142857142856,0.3137254901960784,0.3137254901960784,hc_400,5s
5s_Chlamydia-muridarum-1,0.4375,0.22580645161290322,0.2978723404255319,0.2978723404255319,hc_400,5s
5s_Methanosarcina-mazei-2,0.5454545454545454,0.17142857142857143,0.26086956521739124,0.26086956521739124,hc_400,5s
5s_Secale-cereale-2,1.0,0.23529411764705882,0.38095238095238093,0.38095238095238093,hc_400,5s
5s_Rhabditis-tokai-1,0.35714285714285715,0.14285714285714285,0.20408163265306123,0.20408163265306123,hc_400,5s
5s_Bacillus-clausii-3,0.38461538461538464,0.15151515151515152,0.21739130434782608,0.21739130434782608,hc_400,5s
5s_Coprinopsis-cinerea-1,0.25,0.058823529411764705,0.09523809523809523,0.09523809523809523,hc_400,5s
5s_Gracilaria-compressa-1,0.45454545454545453,0.29411764705882354,0.35714285714285715,0.35714285714285715,hc_400,5s
5s_Saccharomonospora-sp.-1,0.375,0.08823529411764706,0.14285714285714285,0.14285714285714285,hc_400,5s
5s_Rickettsia-prowazekii-1,0.42105263157894735,0.25,0.3137254901960784,0.3137254901960784,hc_400,5s
5s_Azospirillum-lipoferum-1,0.07142857142857142,0.03225806451612903,0.044444444444444446,0.044444444444444446,hc_400,5s
5s_Vibrio-harveyi-2,0.75,0.42857142857142855,0.5454545454545454,0.5454545454545454,hc_400,5s
5s_Xenopus-laevis-5,0.4375,0.2,0.27450980392156865,0.27450980392156865,hc_400,5s
5s_Vibrio-aestuarianus-1,0.7916666666666666,0.5277777777777778,0.6333333333333333,0.6333333333333333,hc_400,5s
5s_Drosophila-simulans-1,0.46153846153846156,0.16666666666666666,0.2448979591836735,0.2448979591836735,hc_400,5s
5s_Fusobacterium-nucleatum-3,0.7058823529411765,0.3870967741935484,0.5,0.5,hc_400,5s
5s_Perinereis-brevicirris-1,0.38461538461538464,0.1388888888888889,0.20408163265306123,0.20408163265306123,hc_400,5s
5s_Arthrobacter-polychromogenes-1,0.5238095238095238,0.3333333333333333,0.40740740740740733,0.40740740740740733,hc_400,5s
5s_Flavobacterium-johnsoniae-1,0.625,0.15151515151515152,0.24390243902439024,0.24390243902439024,hc_400,5s
5s_Brassica-napus-1,1.0,0.29411764705882354,0.45454545454545453,0.45454545454545453,hc_400,5s
5s_Cellulosimicrobium-cellulans-1,0.6666666666666666,0.24242424242424243,0.3555555555555555,0.3555555555555555,hc_400,5s
5s_Xenopus-borealis-4,0.4375,0.19444444444444445,0.2692307692307693,0.2692307692307693,hc_400,5s
5s_Pseudomonas-syringae-3,0.7,0.4117647058823529,0.5185185185185185,0.5185185185185185,hc_400,5s
5s_Nephila-clavipes-1,0.375,0.18181818181818182,0.24489795918367344,0.24489795918367344,hc_400,5s
5s_Escherichia-coli-13,0.6428571428571429,0.2727272727272727,0.3829787234042553,0.3829787234042553,hc_400,5s
5s_Emericella-nidulans-2,0.47368421052631576,0.25,0.32727272727272727,0.32727272727272727,hc_400,5s
5s_Lophocolea-heterophylla-1,0.3684210526315789,0.20588235294117646,0.2641509433962264,0.2641509433962264,hc_400,5s
5s_Caulobacter-sp.-4,0.7777777777777778,0.21875,0.34146341463414637,0.34146341463414637,hc_400,5s
5s_Bacteroides-fragilis-3,0.2777777777777778,0.21739130434782608,0.2926829268292683,0.24390243902439024,hc_400,5s
5s_Porphyromonas-gingivalis-1,0.047619047619047616,0.03571428571428571,0.04081632653061224,0.04081632653061224,hc_400,5s
5s_Streptomyces-griseus-1,0.5294117647058824,0.2727272727272727,0.36,0.36,hc_400,5s
5s_Neurospora-crassa-15,0.4090909090909091,0.2571428571428571,0.3508771929824561,0.31578947368421045,hc_400,5s
5s_Erysipelothrix-rhusiopathiae-1,0.06666666666666667,0.03333333333333333,0.04444444444444444,0.04444444444444444,hc_400,5s
5s_Lineus-geniculatus-1,0.2,0.08333333333333333,0.11764705882352941,0.11764705882352941,hc_400,5s
5s_Blepharisma-japonicum-1,0.6842105263157895,0.37142857142857144,0.4814814814814815,0.4814814814814815,hc_400,5s
5s_Methylomicrobium-clara-1,0.4117647058823529,0.21212121212121213,0.27999999999999997,0.27999999999999997,hc_400,5s
5s_Thermotoga-maritima-1,0.5263157894736842,0.30303030303030304,0.5,0.38461538461538464,hc_400,5s
5s_Listonella-pelagia-1,0.5806451612903226,0.5,0.537313432835821,0.537313432835821,hc_400,5s
5s_Candida-parapsilosis-1,0.5555555555555556,0.14285714285714285,0.22727272727272727,0.22727272727272727,hc_400,5s
5s_Streptomyces-cinereus-1,0.4166666666666667,0.14285714285714285,0.21276595744680848,0.21276595744680848,hc_400,5s
5s_C_paradoxE,0.42857142857142855,0.2571428571428571,0.3571428571428571,0.3214285714285714,hc_400,5s
5s_Lingula-anatina-1,0.7,0.19444444444444445,0.30434782608695654,0.30434782608695654,hc_400,5s
5s_Methanococcus-maripaludis-1,0.6,0.4,0.48,0.48,hc_400,5s
5s_Comamonas-terrigena-2,0.6956521739130435,0.48484848484848486,0.5714285714285715,0.5714285714285715,hc_400,5s
5s_Shigella-flexneri-3,0.3333333333333333,0.15151515151515152,0.20833333333333331,0.20833333333333331,hc_400,5s
5s_Mus-musculus-1,0.8571428571428571,0.16666666666666666,0.27906976744186046,0.27906976744186046,hc_400,5s
5s_Methanothermus-fervidus-1,0.6206896551724138,0.5142857142857142,0.641711229946524,0.5625,hc_400,5s
5s_Gossypium-hirsutum-1,0.7222222222222222,0.40625,0.52,0.52,hc_400,5s
5s_Halothiobacillus-neapolitanus-1,0.7058823529411765,0.34285714285714286,0.46153846153846156,0.46153846153846156,hc_400,5s
5s_Candidatus-Portiera-aleyrodidarum-1,0.8235294117647058,0.4,0.5384615384615384,0.5384615384615384,hc_400,5s
5s_Haliclona-oculata-1,0.5625,0.2571428571428571,0.3529411764705882,0.3529411764705882,hc_400,5s
5s_Gnetum-gnemon-1,0.4444444444444444,0.24242424242424243,0.3137254901960784,0.3137254901960784,hc_400,5s
5s_Gemm_obscuB,0.25,0.10344827586206896,0.14634146341463414,0.14634146341463414,hc_400,5s
5s_Amycolatopsis-lactamdurans-1,0.35,0.2,0.2545454545454545,0.2545454545454545,hc_400,5s
5s_S_kowalev2E,0.4444444444444444,0.2222222222222222,0.2962962962962963,0.2962962962962963,hc_400,5s
5s_Paracoccus-denitrificans-2,0.5714285714285714,0.35294117647058826,0.43636363636363634,0.43636363636363634,hc_400,5s
5s_Ascobolus-immersus-1,0.47619047619047616,0.30303030303030304,0.37037037037037035,0.37037037037037035,hc_400,5s
5s_Haloferax-volcanii-3,0.2,0.12903225806451613,0.1568627450980392,0.1568627450980392,hc_400,5s
5s_Vibrio-nereis-1,0.55,0.3235294117647059,0.4074074074074075,0.4074074074074075,hc_400,5s
5s_Filobasidium-floriforme-2,0.2727272727272727,0.08823529411764706,0.13333333333333333,0.13333333333333333,hc_400,5s
5s_Gallus-gallus-2,0.6363636363636364,0.2,0.30434782608695654,0.30434782608695654,hc_400,5s
5s_Psilotum-nudum-1,0.3333333333333333,0.06060606060606061,0.10256410256410256,0.10256410256410256,hc_400,5s
5s_Vibrio-parahaemolyticus-6,0.7727272727272727,0.4722222222222222,0.5862068965517242,0.5862068965517242,hc_400,5s
5s_Rhodobacter-sphaeroides-1,0.4375,0.2413793103448276,0.3111111111111111,0.3111111111111111,hc_400,5s
5s_Plasmodium-falciparum-1,0.5416666666666666,0.3939393939393939,0.4912280701754386,0.45614035087719296,hc_400,5s
5s_Ehrlichia-chaffeensis-1,0.26666666666666666,0.125,0.1702127659574468,0.1702127659574468,hc_400,5s
5s_Xenopus-laevis-6,0.4666666666666667,0.19444444444444445,0.27450980392156865,0.27450980392156865,hc_400,5s
5s_Empedobacter-brevis-1,0.4375,0.20588235294117646,0.28,0.28,hc_400,5s
5s_Drosophila-teissieri-1,0.46153846153846156,0.16666666666666666,0.2448979591836735,0.2448979591836735,hc_400,5s
5s_Neurospora-crassa-11,0.3888888888888889,0.20588235294117646,0.2692307692307692,0.2692307692307692,hc_400,5s
5s_Photobacterium-angustum-1,0.6428571428571429,0.5,0.5625000000000001,0.5625000000000001,hc_400,5s
5s_Methanothermobacter-thermautotrophicus-2,0.5714285714285714,0.22857142857142856,0.32653061224489793,0.32653061224489793,hc_400,5s
5s_Pseudomonas-aeruginosa-3,0.8421052631578947,0.47058823529411764,0.6037735849056604,0.6037735849056604,hc_400,5s
5s_Photorhabdus-luminescens-2,0.5625,0.2571428571428571,0.3529411764705882,0.3529411764705882,hc_400,5s
5s_Streptomyces-coelicolor-4,1.0,0.2571428571428571,0.40909090909090906,0.40909090909090906,hc_400,5s
5s_Brucella-melitensis-1,0.8333333333333334,0.29411764705882354,0.4347826086956522,0.4347826086956522,hc_400,5s
5s_Erwinia-carotovora-1,0.75,0.3333333333333333,0.46153846153846156,0.46153846153846156,hc_400,5s
5s_Xenopus-laevis-7,0.375,0.16666666666666666,0.23076923076923078,0.23076923076923078,hc_400,5s
5s_Xenopus-laevis-2,0.4666666666666667,0.19444444444444445,0.27450980392156865,0.27450980392156865,hc_400,5s
5s_Fusarium-asiaticum-5,0.45,0.2571428571428571,0.32727272727272727,0.32727272727272727,hc_400,5s
5s_Bacillus-sp.-2,0.625,0.30303030303030304,0.40816326530612246,0.40816326530612246,hc_400,5s
5s_Bacillus-halodurans-6,0.38461538461538464,0.15151515151515152,0.21739130434782608,0.21739130434782608,hc_400,5s
5s_Schizochytrium-aggregatum-1,0.52,0.3611111111111111,0.42622950819672134,0.42622950819672134,hc_400,5s
5s_Neurospora-crassa-9,0.4,0.2857142857142857,0.3666666666666667,0.3333333333333333,hc_400,5s
5s_Halobacterium-sp.-2,0.2916666666666667,0.23333333333333334,0.2592592592592593,0.2592592592592593,hc_400,5s
5s_Triticum-aestivum-1,1.0,0.23529411764705882,0.38095238095238093,0.38095238095238093,hc_400,5s
5s_Acetobacter-aceti-2,0.6,0.36363636363636365,0.4528301886792453,0.4528301886792453,hc_400,5s
5s_Mycoplasma-flocculare-1,0.631578947368421,0.46153846153846156,0.5777777777777778,0.5333333333333333,hc_400,5s
5s_Lycopodium-clavatum-1,0.3,0.08823529411764706,0.13636363636363635,0.13636363636363635,hc_400,5s
5s_Fusobacterium-varium-1,0.47368421052631576,0.2903225806451613,0.36,0.36,hc_400,5s
5s_Linderina-macrospora-1,0.5,0.1891891891891892,0.2745098039215686,0.2745098039215686,hc_400,5s
5s_Vibrio-gazogenes-1,0.6666666666666666,0.3333333333333333,0.4444444444444444,0.4444444444444444,hc_400,5s
5s_Burkholderia-caryophylli-1,0.6875,0.3548387096774194,0.4680851063829787,0.4680851063829787,hc_400,5s
5s_Achromobacter-denitrificans-1,0.5,0.24242424242424243,0.326530612244898,0.326530612244898,hc_400,5s
5s_Streptomyces-griseus-2,0.7142857142857143,0.2857142857142857,0.40816326530612246,0.40816326530612246,hc_400,5s
5s_Geobacillus-stearothermophilus-2,0.5625,0.2727272727272727,0.36734693877551017,0.36734693877551017,hc_400,5s
5s_Mycobacterium-bovis-2,0.35714285714285715,0.15625,0.21739130434782608,0.21739130434782608,hc_400,5s
5s_Pteridium-aquilinum-1,0.1875,0.08823529411764706,0.12,0.12,hc_400,5s
5s_Methanothermobacter-thermautotrophicus-1,0.3333333333333333,0.12121212121212122,0.17777777777777776,0.17777777777777776,hc_400,5s
5s_Acidiphilium-acidophilum-1,0.5652173913043478,0.38235294117647056,0.45614035087719296,0.45614035087719296,hc_400,5s
5s_Acidiphilium-cryptum-1,0.65,0.38235294117647056,0.48148148148148157,0.48148148148148157,hc_400,5s
5s_Acheta-domesticus-1,0.4444444444444444,0.22857142857142856,0.3018867924528302,0.3018867924528302,hc_400,5s
5s_Fusarium-lunulosporum-7,0.4,0.22857142857142856,0.32727272727272727,0.2909090909090909,hc_400,5s
5s_Chlorella-pyrenoidosa-1,0.4,0.3076923076923077,0.34782608695652173,0.34782608695652173,hc_400,5s
5s_Symbiobacterium-thermophilum-3,0.6153846153846154,0.25806451612903225,0.4090909090909091,0.36363636363636365,hc_400,5s
5s_Listonella-anguillarum-1,0.8095238095238095,0.4722222222222222,0.5964912280701755,0.5964912280701755,hc_400,5s
5s_Thiothrix-sp.-1,0.6363636363636364,0.3888888888888889,0.4827586206896552,0.4827586206896552,hc_400,5s
5s_Streptomyces-avermitilis-4,0.4666666666666667,0.21212121212121213,0.29166666666666663,0.29166666666666663,hc_400,5s
5s_Haloferax-mediterranei-1,0.3076923076923077,0.12903225806451613,0.18181818181818182,0.18181818181818182,hc_400,5s
5s_Thermomyces-lanuginosus-1,0.4230769230769231,0.3055555555555556,0.3870967741935484,0.3548387096774194,hc_400,5s
5s_Yersinia-pseudotuberculosis-3,0.7894736842105263,0.4166666666666667,0.5454545454545454,0.5454545454545454,hc_400,5s
5s_Vibrio-fischeri-2,0.5666666666666667,0.4857142857142857,0.523076923076923,0.523076923076923,hc_400,5s
5s_Caulobacter-spinosum-1,0.6923076923076923,0.2903225806451613,0.48565121412803536,0.4090909090909091,hc_400,5s
5s_Fusarium-cerealis-5,0.47619047619047616,0.2857142857142857,0.3571428571428571,0.3571428571428571,hc_400,5s
5s_Kutzneria-albida-1,0.35,0.20588235294117646,0.25925925925925924,0.25925925925925924,hc_400,5s
5s_Lethenteron-japonicum-1,0.5333333333333333,0.2222222222222222,0.3137254901960784,0.3137254901960784,hc_400,5s
5s_Yersinia-pestis-1,0.7142857142857143,0.4166666666666667,0.5263157894736842,0.5263157894736842,hc_400,5s
5s_Chlorobium-limicola-1,0.3333333333333333,0.13333333333333333,0.23809523809523808,0.19047619047619044,hc_400,5s
5s_Idiomarina-loihiensis-1,0.625,0.42857142857142855,0.5084745762711864,0.5084745762711864,hc_400,5s
5s_Streptococcus-pneumoniae-2,0.5,0.3333333333333333,0.4,0.4,hc_400,5s
5s_Photobacterium-sp.-1,0.6206896551724138,0.5,0.5538461538461539,0.5538461538461539,hc_400,5s
5s_Haloferax-volcanii-1,0.22727272727272727,0.16129032258064516,0.18867924528301885,0.18867924528301885,hc_400,5s
5s_Candidatus-Tremblaya-princeps-1,0.5,0.2857142857142857,0.36363636363636365,0.36363636363636365,hc_400,5s
5s_Vibrio-parahaemolyticus-1,0.782608695652174,0.5142857142857142,0.6206896551724138,0.6206896551724138,hc_400,5s
5s_Tilletiaria-anomala-1,0.47368421052631576,0.2647058823529412,0.339622641509434,0.339622641509434,hc_400,5s
5s_Staphylococcus-aureus-1,0.25,0.125,0.16666666666666666,0.16666666666666666,hc_400,5s
5s_Neisseria-meningitidis-1,0.6153846153846154,0.25,0.35555555555555557,0.35555555555555557,hc_400,5s
5s_Bacillus-cereus-10,0.5333333333333333,0.25,0.3404255319148936,0.3404255319148936,hc_400,5s
5s_Emericella-nidulans-8,0.5,0.25,0.3333333333333333,0.3333333333333333,hc_400,5s
5s_Kondoa-malvinella-1,0.45,0.24324324324324326,0.3157894736842105,0.3157894736842105,hc_400,5s
5s_Chlorobium-tepidum-1,0.23529411764705882,0.14814814814814814,0.22727272727272727,0.1818181818181818,hc_400,5s
5s_Taphrina-deformans-1,0.35714285714285715,0.14285714285714285,0.20408163265306123,0.20408163265306123,hc_400,5s
5s_Haemophilus-influenzae-6,0.7142857142857143,0.4411764705882353,0.5454545454545455,0.5454545454545455,hc_400,5s
5s_Ureaplasma-urealyticum-2,0.47368421052631576,0.3333333333333333,0.391304347826087,0.391304347826087,hc_400,5s
5s_Notophthalmus-viridescens-1,0.3333333333333333,0.11428571428571428,0.1702127659574468,0.1702127659574468,hc_400,5s
5s_Anaplasma-marginale-1,0.5,0.25,0.3333333333333333,0.3333333333333333,hc_400,5s
5s_Vitreoscilla-beggiatoides-1,0.6666666666666666,0.48484848484848486,0.5614035087719298,0.5614035087719298,hc_400,5s
5s_Verrucomicrobium-spinosum-1,0.35714285714285715,0.16129032258064516,0.2222222222222222,0.2222222222222222,hc_400,5s
5s_Escherichia-coli-3,0.55,0.3055555555555556,0.39285714285714285,0.39285714285714285,hc_400,5s
5s_Candida-diversa-1,0.3333333333333333,0.17142857142857143,0.22641509433962265,0.22641509433962265,hc_400,5s
5s_Methanosarcina-acetivorans-2,0.5,0.14285714285714285,0.22222222222222224,0.22222222222222224,hc_400,5s
5s_Colwellia-psychrerythraea-3,0.6666666666666666,0.47058823529411764,0.5517241379310345,0.5517241379310345,hc_400,5s
5s_Photobacterium-damselae-2,0.8,0.4444444444444444,0.5714285714285714,0.5714285714285714,hc_400,5s
5s_Acremonium-persicinum-2,0.47619047619047616,0.2777777777777778,0.3508771929824561,0.3508771929824561,hc_400,5s
5s_Blastopirellula-marina-1,0.4090909090909091,0.3,0.34615384615384615,0.34615384615384615,hc_400,5s
5s_Rickettsia-conorii-1,0.65,0.3939393939393939,0.490566037735849,0.490566037735849,hc_400,5s
5s_Bartonella-quintana-1,0.5217391304347826,0.35294117647058826,0.4210526315789474,0.4210526315789474,hc_400,5s
5s_Neurospora-africana-2,0.45454545454545453,0.2857142857142857,0.38596491228070173,0.3508771929824561,hc_400,5s
5s_Mycoplasma-capricolum-1,0.4,0.2222222222222222,0.2857142857142857,0.2857142857142857,hc_400,5s
5s_Pseudomonas-fluorescens-1,0.7894736842105263,0.42857142857142855,0.5555555555555555,0.5555555555555555,hc_400,5s
5s_Corynebacterium-glutamicum-2,0.6875,0.3333333333333333,0.4489795918367347,0.4489795918367347,hc_400,5s
5s_Bacillus-thuringiensis-2,0.5,0.22580645161290322,0.3111111111111111,0.3111111111111111,hc_400,5s
5s_Wigglesworthia-glossinidia-1,0.7037037037037037,0.5428571428571428,0.6129032258064516,0.6129032258064516,hc_400,5s
5s_Mycobacterium-tuberculosis-2,0.4,0.18181818181818182,0.25000000000000006,0.25000000000000006,hc_400,5s
5s_Xenopus-laevis-1,0.4375,0.19444444444444445,0.2692307692307693,0.2692307692307693,hc_400,5s
5s_Septobasidium-carestianum-1,0.5789473684210527,0.2972972972972973,0.39285714285714285,0.39285714285714285,hc_400,5s
5s_Leuconostoc-mesenteroides-1,0.5454545454545454,0.1875,0.27906976744186046,0.27906976744186046,hc_400,5s
5s_Vitreoscilla-filiformis-1,0.7647058823529411,0.3939393939393939,0.5199999999999999,0.5199999999999999,hc_400,5s
5s_Pneumocystis-carinii-1,0.4,0.16666666666666666,0.23529411764705882,0.23529411764705882,hc_400,5s
5s_Listeria-ivanovii-1,0.5,0.15151515151515152,0.23255813953488375,0.23255813953488375,hc_400,5s
5s_Pleurodeles-waltl-3,0.5,0.19444444444444445,0.28,0.28,hc_400,5s
5s_Plesiomonas-shigelloides-1,0.6666666666666666,0.3333333333333333,0.4444444444444444,0.4444444444444444,hc_400,5s
5s_Cryptomonas-paramecium-1,0.7142857142857143,0.3448275862068966,0.5116279069767441,0.46511627906976755,hc_400,5s
5s_Halorubrum-distributum-6,0.4117647058823529,0.2,0.2692307692307692,0.2692307692307692,hc_400,5s
5s_Urechis-unicinctus-1,0.6428571428571429,0.25,0.36,0.36,hc_400,5s
5s_Bacillus-anthracis-4,0.42105263157894735,0.24242424242424243,0.3076923076923077,0.3076923076923077,hc_400,5s
5s_Methanococcus-voltae-2,0.5161290322580645,0.48484848484848486,0.5,0.5,hc_400,5s
5s_Natronococcus-occultus-1,0.4,0.17142857142857143,0.24000000000000002,0.24000000000000002,hc_400,5s
5s_Methanolobus-tindarius-2,0.19047619047619047,0.1111111111111111,0.14035087719298245,0.14035087719298245,hc_400,5s
5s_Cryptosporidium-parvum-1,0.625,0.2777777777777778,0.46153846153846156,0.3846153846153846,hc_400,5s
5s_Beta-vulgaris-1,1.0,0.29411764705882354,0.45454545454545453,0.45454545454545453,hc_400,5s
5s_Saccharopolyspora-erythraea-1,0.46153846153846156,0.16666666666666666,0.2448979591836735,0.2448979591836735,hc_400,5s
5s_Sphacelotheca-polygoni-persicariae-1,0.21052631578947367,0.11428571428571428,0.14814814814814814,0.14814814814814814,hc_400,5s
5s_Alcaligenes-faecalis-2,0.35,0.21875,0.2692307692307692,0.2692307692307692,hc_400,5s
5s_Haemophilus-influenzae-1,0.7142857142857143,0.4411764705882353,0.5454545454545455,0.5454545454545455,hc_400,5s
5s_Mannheimia-succiniciproducens-2,0.6428571428571429,0.2647058823529412,0.37499999999999994,0.37499999999999994,hc_400,5s
5s_Rhodococcus-rhodochrous-1,0.5,0.22857142857142856,0.3137254901960784,0.3137254901960784,hc_400,5s
5s_Fusarium-cerealis-2,0.5,0.2857142857142857,0.4,0.36363636363636365,hc_400,5s
5s_Fusarium-sporotrichioides-1,0.3333333333333333,0.2,0.2857142857142857,0.25,hc_400,5s
5s_Streptococcus-salivarius-1,0.36,0.3103448275862069,0.3333333333333333,0.3333333333333333,hc_400,5s
5s_Proteus-vulgaris-1,0.6818181818181818,0.4166666666666667,0.5172413793103449,0.5172413793103449,hc_400,5s
5s_Mycoplasma-mycoides-3,0.4,0.2222222222222222,0.2857142857142857,0.2857142857142857,hc_400,5s
5s_Nadsonia-fulvescens-1,0.3888888888888889,0.19444444444444445,0.25925925925925924,0.25925925925925924,hc_400,5s
5s_Fusarium-sporotrichioides-4,0.47619047619047616,0.2857142857142857,0.3571428571428571,0.3571428571428571,hc_400,5s
5s_Legionella-pneumophila-3,0.6842105263157895,0.3939393939393939,0.5,0.5,hc_400,5s
5s_Taxus-baccata-1,0.46153846153846156,0.1875,0.26666666666666666,0.26666666666666666,hc_400,5s
5s_Filobasidiella-neoformans-1,0.2727272727272727,0.09090909090909091,0.13636363636363635,0.13636363636363635,hc_400,5s
5s_Fusobacterium-nucleatum-5,0.75,0.2903225806451613,0.4186046511627908,0.4186046511627908,hc_400,5s
5s_Mycoplasma-gallisepticum-3,0.05,0.05,0.05000000000000001,0.05000000000000001,hc_400,5s
5s_Clostridium-acetobutylicum-2,0.3157894736842105,0.18181818181818182,0.3076923076923077,0.23076923076923078,hc_400,5s
5s_Brucella-suis-2,0.9090909090909091,0.29411764705882354,0.4444444444444445,0.4444444444444445,hc_400,5s
5s_Candidatus-Pelagibacter-ubique-1,0.375,0.2727272727272727,0.38596491228070173,0.3157894736842105,hc_400,5s
5s_Thermotoga-neapolitana-1,0.5882352941176471,0.30303030303030304,0.48000000000000004,0.39999999999999997,hc_400,5s
5s_Andrias-japonicus-2,1.0,0.2571428571428571,0.40909090909090906,0.40909090909090906,hc_400,5s
5s_Chlamydomonas-reinhardtii-2,0.0,0.0,0.0,0.0,hc_400,5s
5s_Nannocystis-exedens-1,0.6666666666666666,0.4117647058823529,0.509090909090909,0.509090909090909,hc_400,5s
5s_Thraustochytrium-visurgense-1,0.4090909090909091,0.25,0.31034482758620685,0.31034482758620685,hc_400,5s
5s_Ralstonia-solanacearum-1,0.5333333333333333,0.25,0.3404255319148936,0.3404255319148936,hc_400,5s
5s_Mycoplasma-hyopneumoniae-2,0.6470588235294118,0.4074074074074074,0.5,0.5,hc_400,5s
5s_Locusta-migratoria-1,0.5,0.14285714285714285,0.22222222222222224,0.22222222222222224,hc_400,5s
5s_Asterias-vulgaris-1,0.3684210526315789,0.21212121212121213,0.2692307692307693,0.2692307692307693,hc_400,5s
5s_Nocardia-asteroides-1,0.5625,0.2647058823529412,0.36000000000000004,0.36000000000000004,hc_400,5s
5s_Loofah-witches-broom-phytoplasma-1,0.6666666666666666,0.4,0.5,0.5,hc_400,5s
5s_Streptomyces-nodosus-4,0.6923076923076923,0.2571428571428571,0.37499999999999994,0.37499999999999994,hc_400,5s
5s_Ganoderma-applanatum-1,0.5625,0.2647058823529412,0.36000000000000004,0.36000000000000004,hc_400,5s
5s_Lactococcus-lactis-5,0.4090909090909091,0.28125,0.3333333333333333,0.3333333333333333,hc_400,5s
5s_Bacillus-anthracis-8,0.3888888888888889,0.21212121212121213,0.27450980392156865,0.27450980392156865,hc_400,5s
5s_Saccharomyces-cerevisiae-1,0.9090909090909091,0.5714285714285714,0.7017543859649122,0.7017543859649122,hc_400,5s
5s_Terrapene-carolina-1,0.6,0.17142857142857143,0.26666666666666666,0.26666666666666666,hc_400,5s
5s_Lycopersicon-esculentum-1,0.5833333333333334,0.20588235294117646,0.3043478260869565,0.3043478260869565,hc_400,5s
5s_Salmonella-enterica-7,0.5238095238095238,0.3055555555555556,0.3859649122807018,0.3859649122807018,hc_400,5s
5s_Planctomyces-brasiliensis-1,0.4,0.27586206896551724,0.32653061224489793,0.32653061224489793,hc_400,5s
5s_Streptosporangium-roseum-1,0.42105263157894735,0.22857142857142856,0.2962962962962963,0.2962962962962963,hc_400,5s
5s_Tropheryma-whipplei-1,0.6111111111111112,0.3142857142857143,0.41509433962264153,0.41509433962264153,hc_400,5s
5s_Tetrahymena-thermophila-1,0.5,0.2222222222222222,0.30769230769230765,0.30769230769230765,hc_400,5s
5s_Andrias-davidianus-1,0.375,0.1875,0.25,0.25,hc_400,5s
5s_Candida-albicans-1,0.5,0.22857142857142856,0.3137254901960784,0.3137254901960784,hc_400,5s
5s_Burkholderia-pseudomallei-1,0.6470588235294118,0.3548387096774194,0.4583333333333333,0.4583333333333333,hc_400,5s
5s_Agrobacterium-tumefaciens-2,0.7692307692307693,0.29411764705882354,0.4255319148936171,0.4255319148936171,hc_400,5s
5s_Aspergillus-unguis-1,0.5555555555555556,0.2777777777777778,0.3703703703703704,0.3703703703703704,hc_400,5s
5s_Mycoplasma-genitalium-1,0.7777777777777778,0.2916666666666667,0.42424242424242425,0.42424242424242425,hc_400,5s
5s_Bombyx-mori-2,0.2857142857142857,0.1111111111111111,0.16,0.16,hc_400,5s
5s_Amycolatopsis-mediterranei-1,0.3125,0.14285714285714285,0.196078431372549,0.196078431372549,hc_400,5s
5s_Acinetospora-crinita-1,0.5,0.2222222222222222,0.30769230769230765,0.30769230769230765,hc_400,5s
5s_Vibrio-vulnificus-5,0.6333333333333333,0.5277777777777778,0.5757575757575758,0.5757575757575758,hc_400,5s
5s_Gymnosporangium-sabinae-1,0.5,0.2702702702702703,0.3508771929824562,0.3508771929824562,hc_400,5s
5s_Bacillus-clausii-2,0.3333333333333333,0.12121212121212122,0.17777777777777776,0.17777777777777776,hc_400,5s
5s_Bacillus-subtilis-4,0.5714285714285714,0.24242424242424243,0.3404255319148936,0.3404255319148936,hc_400,5s
5s_Burkholderia-cepacia-2,0.6470588235294118,0.34375,0.4489795918367347,0.4489795918367347,hc_400,5s
5s_Escherichia-coli-4,0.5,0.25,0.3333333333333333,0.3333333333333333,hc_400,5s
5s_Pinus-contorta-1,0.55,0.3235294117647059,0.4074074074074075,0.4074074074074075,hc_400,5s
5s_Pyrococcus-horikoshii-1,0.6,0.2727272727272727,0.37499999999999994,0.37499999999999994,hc_400,5s
5s_Desulfurococcus-mobilis-1,0.3333333333333333,0.18181818181818182,0.33755274261603374,0.23529411764705885,hc_400,5s
5s_Brachionus-plicatilis-1,0.6666666666666666,0.16666666666666666,0.26666666666666666,0.26666666666666666,hc_400,5s
5s_Desulfovibrio-vulgaris-1,0.5454545454545454,0.36363636363636365,0.43636363636363634,0.43636363636363634,hc_400,5s
5s_Methanothermobacter-thermautotrophicus-5,0.6842105263157895,0.38235294117647056,0.49056603773584906,0.49056603773584906,hc_400,5s
5s_Emplectonema-gracile-2,0.6470588235294118,0.3055555555555556,0.41509433962264153,0.41509433962264153,hc_400,5s
5s_Pichia-jadinii-1,0.25,0.08571428571428572,0.1276595744680851,0.1276595744680851,hc_400,5s
5s_Pedinomonas-minor-1,0.375,0.18181818181818182,0.2857142857142857,0.24489795918367344,hc_400,5s
5s_Mycoplasma-pneumoniae-1,0.3888888888888889,0.2413793103448276,0.2978723404255319,0.2978723404255319,hc_400,5s
5s_Chaetomorpha-moniligera-1,0.4782608695652174,0.34375,0.43636363636363634,0.4,hc_400,5s
5s_Micrococcus-luteus-2,0.6111111111111112,0.3142857142857143,0.41509433962264153,0.41509433962264153,hc_400,5s
5s_Fusarium-culmorum-4,0.5294117647058824,0.2571428571428571,0.3846153846153846,0.34615384615384615,hc_400,5s
5s_Methanosarcina-mazei-1,0.4666666666666667,0.2,0.27999999999999997,0.27999999999999997,hc_400,5s
5s_Agaricostilbum-pulcherrimum-1,0.4583333333333333,0.3055555555555556,0.3666666666666667,0.3666666666666667,hc_400,5s
5s_Methanothermobacter-thermautotrophicus-4,0.5714285714285714,0.24242424242424243,0.3404255319148936,0.3404255319148936,hc_400,5s
5s_Erysipelothrix-rhusiopathiae-3,0.09090909090909091,0.03333333333333333,0.04878048780487805,0.04878048780487805,hc_400,5s
5s_Pasteurella-multocida-1,0.5909090909090909,0.38235294117647056,0.46428571428571425,0.46428571428571425,hc_400,5s
5s_Christiansenia-pallida-1,0.09090909090909091,0.030303030303030304,0.045454545454545456,0.045454545454545456,hc_400,5s
5s_Vibrio-sp.-1,0.5652173913043478,0.37142857142857144,0.4482758620689655,0.4482758620689655,hc_400,5s
5s_Vibrio-vulnificus-4,0.6956521739130435,0.45714285714285713,0.5517241379310345,0.5517241379310345,hc_400,5s
5s_Eimeria-tenella-1,0.6363636363636364,0.20588235294117646,0.3111111111111111,0.3111111111111111,hc_400,5s
5s_Shigella-flexneri-2,0.2857142857142857,0.18181818181818182,0.2222222222222222,0.2222222222222222,hc_400,5s
5s_Bacillus-halodurans-1,0.5,0.24242424242424243,0.326530612244898,0.326530612244898,hc_400,5s
5s_Mycobacterium-smegmatis-1,0.3,0.18181818181818182,0.22641509433962265,0.22641509433962265,hc_400,5s
5s_Emericella-nidulans-7,0.47368421052631576,0.25,0.32727272727272727,0.32727272727272727,hc_400,5s
5s_Pedobacter-heparinus-1,0.0,0.0,0.0,0.0,hc_400,5s
5s_Cycas-revoluta-1,0.75,0.2647058823529412,0.39130434782608703,0.39130434782608703,hc_400,5s
5s_Andrias-japonicus-1,0.45454545454545453,0.2857142857142857,0.3508771929824561,0.3508771929824561,hc_400,5s
5s_Harpalus-rufipes-1,0.6666666666666666,0.3333333333333333,0.4444444444444444,0.4444444444444444,hc_400,5s
5s_Thiomonas-intermedia-1,0.5833333333333334,0.21212121212121213,0.3111111111111111,0.3111111111111111,hc_400,5s
5s_Bartonella-henselae-1,0.6,0.35294117647058826,0.4444444444444445,0.4444444444444445,hc_400,5s
5s_Gluconobacter-oxydans-3,0.6190476190476191,0.3939393939393939,0.48148148148148145,0.48148148148148145,hc_400,5s
5s_Toxoplasma-gondii-2,0.6666666666666666,0.3333333333333333,0.4444444444444444,0.4444444444444444,hc_400,5s
5s_Gelidium-amansii-1,0.47368421052631576,0.25,0.36363636363636365,0.32727272727272727,hc_400,5s
5s_Gloiopeltis-complanata-1,0.6,0.2727272727272727,0.37499999999999994,0.37499999999999994,hc_400,5s
5s_Lycoperdon-pyriforme-1,0.0,0.0,0.0,0.0,hc_400,5s
5s_Bacillus-methanolicus-9,0.5238095238095238,0.3333333333333333,0.40740740740740733,0.40740740740740733,hc_400,5s
5s_Pseudomonas-denitrificans-1,0.7368421052631579,0.3888888888888889,0.509090909090909,0.509090909090909,hc_400,5s
5s_Streptomyces-coelicolor-5,0.8,0.24242424242424243,0.372093023255814,0.372093023255814,hc_400,5s
5s_Halorubrum-saccharovorum-1,0.4,0.24242424242424243,0.30188679245283023,0.30188679245283023,hc_400,5s
5s_Bacteroides-veroralis-1,0.0,0.0,0.0,0.0,hc_400,5s
5s_Fusarium-cerealis-9,0.42857142857142855,0.2647058823529412,0.32727272727272727,0.32727272727272727,hc_400,5s
5s_Distigma-proteus-1,0.6666666666666666,0.4444444444444444,0.5666666666666667,0.5333333333333333,hc_400,5s
5s_Symbiobacterium-thermophilum-2,0.3181818181818182,0.2413793103448276,0.3295194508009154,0.27450980392156865,hc_400,5s
5s_Endophyllum-sempervivi-1,0.2727272727272727,0.08823529411764706,0.13333333333333333,0.13333333333333333,hc_400,5s
5s_Esch_coli5B,0.6111111111111112,0.3055555555555556,0.40740740740740744,0.40740740740740744,hc_400,5s
5s_Lactobacillus-plantarum-1,0.3684210526315789,0.21875,0.2745098039215686,0.2745098039215686,hc_400,5s
5s_Spirogyra-grevilleana-1,0.5714285714285714,0.24242424242424243,0.3404255319148936,0.3404255319148936,hc_400,5s
5s_Bacteroides-thetaiotaomicron-1,0.05555555555555555,0.037037037037037035,0.04444444444444444,0.04444444444444444,hc_400,5s
5s_Proasellus-coxalis-1,0.25,0.08571428571428572,0.1276595744680851,0.1276595744680851,hc_400,5s
5s_Iguana-iguana-1,0.75,0.16666666666666666,0.27272727272727276,0.27272727272727276,hc_400,5s
5s_Bacillus-licheniformis-5,0.55,0.34375,0.42307692307692313,0.42307692307692313,hc_400,5s
5s_Streptomyces-purpureus-1,0.5294117647058824,0.2727272727272727,0.36,0.36,hc_400,5s
5s_Thermotoga-sp.-1,0.5263157894736842,0.30303030303030304,0.5,0.38461538461538464,hc_400,5s
5s_Bartonella-bacilliformis-1,0.5,0.3235294117647059,0.3928571428571429,0.3928571428571429,hc_400,5s
5s_Saccharopolyspora-hirsuta-1,0.6428571428571429,0.2647058823529412,0.37499999999999994,0.37499999999999994,hc_400,5s
5s_Xenopus-laevis-8,0.631578947368421,0.3333333333333333,0.4363636363636364,0.4363636363636364,hc_400,5s
5s_Alcaligenes-sp.-1,0.5714285714285714,0.35294117647058826,0.43636363636363634,0.43636363636363634,hc_400,5s
5s_Corynebacterium-glutamicum-1,0.6875,0.3333333333333333,0.4489795918367347,0.4489795918367347,hc_400,5s
5s_Geodermatophilus-obscurus-1,0.6111111111111112,0.3333333333333333,0.43137254901960786,0.43137254901960786,hc_400,5s
5s_Staphylococcus-aureus-2,0.23076923076923078,0.09375,0.13333333333333333,0.13333333333333333,hc_400,5s
5s_Bacillus-thuringiensis-6,0.4666666666666667,0.22580645161290322,0.3043478260869565,0.3043478260869565,hc_400,5s
5s_Prosthecomicrobium-enhydrum-1,0.6875,0.3235294117647059,0.44000000000000006,0.44000000000000006,hc_400,5s
5s_Acidithiobacillus-ferrooxidans-2,0.391304347826087,0.2647058823529412,0.3157894736842105,0.3157894736842105,hc_400,5s
5s_Acidovorax-delafieldii-1,0.7272727272727273,0.48484848484848486,0.5818181818181818,0.5818181818181818,hc_400,5s
5s_Photobacterium-profundum-2,0.5,0.37142857142857144,0.42622950819672134,0.42622950819672134,hc_400,5s
5s_Halocynthia-roretzi-1,0.47368421052631576,0.2571428571428571,0.3333333333333333,0.3333333333333333,hc_400,5s
5s_Fusarium-lunulosporum-6,0.47368421052631576,0.2571428571428571,0.3333333333333333,0.3333333333333333,hc_400,5s
5s_Pleurotus-ostreatus-1,0.25,0.058823529411764705,0.09523809523809523,0.09523809523809523,hc_400,5s
5s_Photobacterium-profundum-3,0.6521739130434783,0.4411764705882353,0.5263157894736842,0.5263157894736842,hc_400,5s
5s_Bacillus-anthracis-3,0.47619047619047616,0.30303030303030304,0.37037037037037035,0.37037037037037035,hc_400,5s
5s_Fusobacterium-mortiferum-1,0.5833333333333334,0.45161290322580644,0.509090909090909,0.509090909090909,hc_400,5s
5s_Vibrio-ordalii-1,0.5517241379310345,0.4444444444444444,0.4923076923076923,0.4923076923076923,hc_400,5s
5s_Euplotes-woodruffi-1,0.5882352941176471,0.29411764705882354,0.3921568627450981,0.3921568627450981,hc_400,5s
5s_Perkinsus-andrewsi-2,0.6666666666666666,0.21621621621621623,0.326530612244898,0.326530612244898,hc_400,5s
5s_Acremonium-chrysogenum-1,0.3448275862068966,0.2777777777777778,0.3384615384615385,0.3076923076923077,hc_400,5s
5s_Corynebacterium-xerosis-2,0.35714285714285715,0.14705882352941177,0.20833333333333334,0.20833333333333334,hc_400,5s
5s_Arthrobacter-oxydans-1,0.6111111111111112,0.3333333333333333,0.43137254901960786,0.43137254901960786,hc_400,5s
5s_Paracentrotus-lividus-1,0.6363636363636364,0.19444444444444445,0.29787234042553196,0.29787234042553196,hc_400,5s
5s_Pseudomonas-putida-2,0.9375,0.42857142857142855,0.588235294117647,0.588235294117647,hc_400,5s
5s_Fusarium-pseudograminearum-8,0.45,0.2571428571428571,0.36363636363636365,0.32727272727272727,hc_400,5s
5s_Bacillus-cereus-2,0.4444444444444444,0.24242424242424243,0.3137254901960784,0.3137254901960784,hc_400,5s
5s_Ustilago-maydis-1,0.3076923076923077,0.11428571428571428,0.16666666666666666,0.16666666666666666,hc_400,5s
5s_Sphingomonas-ursincola-1,0.2727272727272727,0.10344827586206896,0.15,0.15,hc_400,5s
5s_Candida-rugopelliculosa-1,0.375,0.17142857142857143,0.23529411764705876,0.23529411764705876,hc_400,5s
5s_Ureaplasma-parvum-3,0.42857142857142855,0.3333333333333333,0.375,0.375,hc_400,5s
5s_Ustilago-hordei-1,0.5,0.17142857142857143,0.2553191489361702,0.2553191489361702,hc_400,5s
5s_Sandaracinobacter-sibiricus-1,0.75,0.4,0.5217391304347827,0.5217391304347827,hc_400,5s
5s_Rhodococcus-fascians-1,0.5384615384615384,0.21212121212121213,0.30434782608695654,0.30434782608695654,hc_400,5s
5s_Aeromonas-hydrophila-1,0.6818181818181818,0.42857142857142855,0.5263157894736843,0.5263157894736843,hc_400,5s
5s_Vitreoscilla-stercoraria-1,0.5714285714285714,0.24242424242424243,0.3404255319148936,0.3404255319148936,hc_400,5s
5s_Legionella-longbeachae-1,0.6363636363636364,0.4117647058823529,0.5,0.5,hc_400,5s
5s_Candidatus-Tremblaya-princeps-5,0.7333333333333333,0.3793103448275862,0.5,0.5,hc_400,5s
5s_Anthoceros-punctatus-1,0.46153846153846156,0.1875,0.26666666666666666,0.26666666666666666,hc_400,5s
5s_Lactobacillus-delbrueckii-2,0.16666666666666666,0.06451612903225806,0.09302325581395349,0.09302325581395349,hc_400,5s
5s_Arthrobacter-luteus-1,0.6666666666666666,0.22857142857142856,0.3404255319148936,0.3404255319148936,hc_400,5s
5s_Chlamydia-muridarum-2,0.6,0.28125,0.3829787234042553,0.3829787234042553,hc_400,5s
5s_Oceanobacillus-iheyensis-3,0.5,0.21875,0.30434782608695654,0.30434782608695654,hc_400,5s
5s_Ralstonia-solanacearum-2,0.46153846153846156,0.1935483870967742,0.2727272727272727,0.2727272727272727,hc_400,5s
5s_Mycobacterium-phlei-1,0.2608695652173913,0.18181818181818182,0.21428571428571427,0.21428571428571427,hc_400,5s
5s_Mycoplasma-pulmonis-1,0.23529411764705882,0.19047619047619047,0.21052631578947367,0.21052631578947367,hc_400,5s
5s_Lactobacillus-johnsonii-1,0.0,0.0,0.0,0.0,hc_400,5s
5s_Fusarium-asiaticum-2,0.4782608695652174,0.3235294117647059,0.4210526315789474,0.3859649122807018,hc_400,5s
5s_Corynebacterium-jeikeium-2,0.8461538461538461,0.3235294117647059,0.46808510638297873,0.46808510638297873,hc_400,5s
5s_Streptomyces-nodosus-2,0.6428571428571429,0.2647058823529412,0.37499999999999994,0.37499999999999994,hc_400,5s
5s_Bufo-americanus-1,0.6,0.25,0.35294117647058826,0.35294117647058826,hc_400,5s
5s_Acholeplasma-laidlawii-1,0.47619047619047616,0.3333333333333333,0.4313725490196078,0.39215686274509803,hc_400,5s
5s_Agrobacterium-tumefaciens-3,0.7692307692307693,0.29411764705882354,0.4255319148936171,0.4255319148936171,hc_400,5s
5s_Brucella-abortus-1,0.9090909090909091,0.29411764705882354,0.4444444444444445,0.4444444444444445,hc_400,5s
5s_Pythium-hydnosporum-1,0.4444444444444444,0.21621621621621623,0.2909090909090909,0.2909090909090909,hc_400,5s
5s_Chlamydophila-pneumoniae-1,0.4782608695652174,0.34375,0.4,0.4,hc_400,5s
5s_Sepia-officinalis-1,0.5555555555555556,0.14285714285714285,0.22727272727272727,0.22727272727272727,hc_400,5s
5s_Actinomadura-madurae-1,0.4444444444444444,0.11428571428571428,0.1818181818181818,0.1818181818181818,hc_400,5s
5s_Perkinsus-olseni-1,0.6153846153846154,0.21621621621621623,0.32,0.32,hc_400,5s
5s_Acanthamoeba-castellanii-2,0.46153846153846156,0.3333333333333333,0.45161290322580644,0.3870967741935484,hc_400,5s
5s_Filobasidium-capsuligenum-1,0.21428571428571427,0.08823529411764706,0.125,0.125,hc_400,5s
5s_Lactuca-sativa-1,0.625,0.29411764705882354,0.4,0.4,hc_400,5s
5s_Lentinula-edodes-1,0.3333333333333333,0.15625,0.2127659574468085,0.2127659574468085,hc_400,5s
5s_Shewanella-hanedai-1,0.6086956521739131,0.3888888888888889,0.47457627118644075,0.47457627118644075,hc_400,5s
5s_Fusarium-pseudograminearum-5,0.47619047619047616,0.2857142857142857,0.3571428571428571,0.3571428571428571,hc_400,5s
5s_Haloarcula-marismortui-3,0.7142857142857143,0.3125,0.43478260869565216,0.43478260869565216,hc_400,5s
5s_Bursaphelenchus-xylophilus-1,0.625,0.3125,0.4166666666666667,0.4166666666666667,hc_400,5s
5s_Fusarium-cerealis-8,0.45,0.2571428571428571,0.36363636363636365,0.32727272727272727,hc_400,5s
5s_Saccoglossus-kowalevskii-1,0.42857142857142855,0.16666666666666666,0.24,0.24,hc_400,5s
5s_Oerskovia-turbata-1,0.5384615384615384,0.2,0.2916666666666667,0.2916666666666667,hc_400,5s
5s_Sulfurococcus-mirabilis-1,0.36363636363636365,0.13333333333333333,0.1951219512195122,0.1951219512195122,hc_400,5s
5s_Streptomyces-sp.-3,0.5384615384615384,0.2,0.2916666666666667,0.2916666666666667,hc_400,5s
5s_Caulobacter-sp.-7,0.8125,0.40625,0.5416666666666666,0.5416666666666666,hc_400,5s
5s_Sporolactobacillus-inulinus-1,0.9,0.28125,0.4285714285714286,0.4285714285714286,hc_400,5s
5s_Porphyra-umbilicalis-1,0.8235294117647058,0.4117647058823529,0.5490196078431372,0.5490196078431372,hc_400,5s
5s_Russula-cyanoxantha-1,0.35714285714285715,0.14705882352941177,0.20833333333333334,0.20833333333333334,hc_400,5s
5s_Methylobacterium-extorquens-1,0.9166666666666666,0.3142857142857143,0.4680851063829787,0.4680851063829787,hc_400,5s
5s_Bordetella-parapertussis-1,0.625,0.30303030303030304,0.40816326530612246,0.40816326530612246,hc_400,5s
5s_Capniomyces-stellatus-1,0.45,0.24324324324324326,0.3157894736842105,0.3157894736842105,hc_400,5s
5s_Hymeniacidon-sanguinea-1,0.5,0.17142857142857143,0.2553191489361702,0.2553191489361702,hc_400,5s
5s_Dugesia-japonica-1,0.5294117647058824,0.25,0.33962264150943394,0.33962264150943394,hc_400,5s
5s_Thiothrix-nivea-1,0.6538461538461539,0.4722222222222222,0.5483870967741936,0.5483870967741936,hc_400,5s
5s_Bombyx-mori-4,0.2222222222222222,0.1111111111111111,0.14814814814814814,0.14814814814814814,hc_400,5s
5s_Mycobacterium-flavescens-1,0.38461538461538464,0.15151515151515152,0.21739130434782608,0.21739130434782608,hc_400,5s
5s_Drosophila-takahashii-1,0.46153846153846156,0.16666666666666666,0.2448979591836735,0.2448979591836735,hc_400,5s
5s_Esch_coli2B,0.6875,0.3055555555555556,0.42307692307692313,0.42307692307692313,hc_400,5s
5s_Nemopsis-dofleini-1,0.7777777777777778,0.2,0.3181818181818182,0.3181818181818182,hc_400,5s
5s_Schizosaccharomyces-pombe-4,0.34782608695652173,0.2222222222222222,0.2711864406779661,0.2711864406779661,hc_400,5s
5s_Streptomyces-avermitilis-2,0.5,0.24242424242424243,0.326530612244898,0.326530612244898,hc_400,5s
5s_Planococcus-citreus-1,0.4090909090909091,0.2727272727272727,0.32727272727272727,0.32727272727272727,hc_400,5s
5s_Rhodococcus-erythropolis-1,0.4,0.17142857142857143,0.24000000000000002,0.24000000000000002,hc_400,5s
5s_Photobacterium-leiognathi-1,0.6428571428571429,0.5,0.5625000000000001,0.5625000000000001,hc_400,5s
5s_Homo-sapiens-1,0.8571428571428571,0.16666666666666666,0.27906976744186046,0.27906976744186046,hc_400,5s
5s_Burkholderia-mallei-1,0.6470588235294118,0.3548387096774194,0.4583333333333333,0.4583333333333333,hc_400,5s
5s_Candida-antarctica-1,0.45454545454545453,0.14285714285714285,0.26086956521739124,0.21739130434782608,hc_400,5s
5s_Filobasidiella-depauperata-1,0.7,0.4666666666666667,0.56,0.56,hc_400,5s
5s_Pseudonocardia-hydrocarbonoxydans-1,0.7058823529411765,0.3333333333333333,0.45283018867924524,0.45283018867924524,hc_400,5s
5s_uncultured-euryarchaeote-37F11-1,0.5,0.13333333333333333,0.2105263157894737,0.2105263157894737,hc_400,5s
5s_Helix-pomatia-1,0.36363636363636365,0.1111111111111111,0.1702127659574468,0.1702127659574468,hc_400,5s
5s_Archaeoglobus-fulgidus-1,0.7,0.4,0.509090909090909,0.509090909090909,hc_400,5s
5s_Frankia-sp.-1,0.65,0.38235294117647056,0.48148148148148157,0.48148148148148157,hc_400,5s
5s_Grimontia-hollisae-1,0.7083333333333334,0.4857142857142857,0.576271186440678,0.576271186440678,hc_400,5s
5s_Tricholoma-matsutake-1,0.38461538461538464,0.14705882352941177,0.21276595744680854,0.21276595744680854,hc_400,5s
5s_Candidatus-Tremblaya-princeps-2,0.6111111111111112,0.36666666666666664,0.45833333333333326,0.45833333333333326,hc_400,5s
5s_Nitella-flexilis-1,0.18181818181818182,0.0625,0.09302325581395349,0.09302325581395349,hc_400,5s
5s_Schizosaccharomyces-pombe-1,0.4,0.16666666666666666,0.23529411764705882,0.23529411764705882,hc_400,5s
5s_Fusarium-cerealis-6,0.45,0.2571428571428571,0.32727272727272727,0.32727272727272727,hc_400,5s
5s_Methanothermococcus-thermolithotrophicus-1,0.5925925925925926,0.47058823529411764,0.5245901639344261,0.5245901639344261,hc_400,5s
5s_Rhodospirillum-rubrum-1,0.6666666666666666,0.34285714285714286,0.4528301886792453,0.4528301886792453,hc_400,5s
5s_Bacillus-thuringiensis-5,0.5333333333333333,0.25,0.3404255319148936,0.3404255319148936,hc_400,5s
5s_Calliphora-vicina-1,0.4666666666666667,0.19444444444444445,0.27450980392156865,0.27450980392156865,hc_400,5s
5s_Ascobolus-immersus-3,0.4642857142857143,0.37142857142857144,0.41269841269841273,0.41269841269841273,hc_400,5s
5s_Rhabdomonas-costata-1,0.5555555555555556,0.2702702702702703,0.36363636363636365,0.36363636363636365,hc_400,5s
5s_Streptococcus-pyogenes-2,0.5,0.25806451612903225,0.3404255319148936,0.3404255319148936,hc_400,5s
5s_Lactococcus-lactis-2,0.47058823529411764,0.26666666666666666,0.3404255319148936,0.3404255319148936,hc_400,5s
5s_Schizosaccharomyces-pombe-3,0.4,0.17142857142857143,0.24000000000000002,0.24000000000000002,hc_400,5s
5s_Ustilago-scabiosae-1,0.38095238095238093,0.2222222222222222,0.2807017543859649,0.2807017543859649,hc_400,5s
5s_Sporolactobacillus-nakayamae-1,0.7,0.21212121212121213,0.3255813953488372,0.3255813953488372,hc_400,5s
5s_Natrinema-sp.-1,0.3076923076923077,0.125,0.17777777777777778,0.17777777777777778,hc_400,5s
5s_Xenopus-laevis-4,0.5833333333333334,0.2,0.2978723404255319,0.2978723404255319,hc_400,5s
5s_Amphibacillus-xylanus-1,0.0,0.0,0.0,0.0,hc_400,5s
5s_Lactococcus-lactis-1,0.47058823529411764,0.25806451612903225,0.3333333333333333,0.3333333333333333,hc_400,5s
5s_Burkholderia-cepacia-1,0.6111111111111112,0.34375,0.44000000000000006,0.44000000000000006,hc_400,5s
5s_Tremella-mesenterica-2,0.2857142857142857,0.058823529411764705,0.0975609756097561,0.0975609756097561,hc_400,5s
5s_Chlamydomonas-reinhardtii-1,0.2,0.0625,0.09523809523809523,0.09523809523809523,hc_400,5s
5s_Stella-humosa-1,0.5263157894736842,0.3125,0.39215686274509803,0.39215686274509803,hc_400,5s
5s_Batrachospermum-ectocarpum-1,0.5,0.35294117647058826,0.41379310344827586,0.41379310344827586,hc_400,5s
5s_Ureaplasma-parvum-2,0.6470588235294118,0.44,0.5238095238095238,0.5238095238095238,hc_400,5s
5s_Acremonium-persicinum-3,0.4166666666666667,0.2777777777777778,0.33333333333333337,0.33333333333333337,hc_400,5s
5s_Halobacterium-salinarum-1,0.5882352941176471,0.3125,0.40816326530612246,0.40816326530612246,hc_400,5s
5s_Mycoplasma-penetrans-1,0.0625,0.04,0.048780487804878044,0.048780487804878044,hc_400,5s
5s_Thermococcus-kodakarensis-2,0.5333333333333333,0.2222222222222222,0.3137254901960784,0.3137254901960784,hc_400,5s
5s_Yersinia-pseudotuberculosis-5,0.6956521739130435,0.4444444444444444,0.5423728813559322,0.5423728813559322,hc_400,5s
5s_Dactylosporangium-aurantiacum-1,0.5714285714285714,0.23529411764705882,0.3333333333333333,0.3333333333333333,hc_400,5s
5s_Lactobacillus-delbrueckii-1,0.16666666666666666,0.06666666666666667,0.09523809523809522,0.09523809523809522,hc_400,5s
5s_Ambystoma-salmoides-1,0.7142857142857143,0.2857142857142857,0.40816326530612246,0.40816326530612246,hc_400,5s
5s_Xylella-fastidiosa-2,0.6086956521739131,0.4117647058823529,0.4912280701754386,0.4912280701754386,hc_400,5s
5s_Xenopus-borealis-3,0.047619047619047616,0.03225806451612903,0.03846153846153846,0.03846153846153846,hc_400,5s
5s_Methanobacterium-formicicum-1,0.5384615384615384,0.4,0.45901639344262296,0.45901639344262296,hc_400,5s
5s_Fusarium-cerealis-1,0.391304347826087,0.25,0.3389830508474576,0.3050847457627119,hc_400,5s
5s_Vibrio-parahaemolyticus-4,0.7619047619047619,0.45714285714285713,0.5714285714285714,0.5714285714285714,hc_400,5s
5s_Bacillus-cereus-8,0.5,0.25,0.3333333333333333,0.3333333333333333,hc_400,5s
5s_Brucella-melitensis-2,0.7272727272727273,0.24242424242424243,0.36363636363636365,0.36363636363636365,hc_400,5s
5s_Bacillus-firmus-1,0.6153846153846154,0.25,0.4444444444444445,0.35555555555555557,hc_400,5s
5s_Bacteroides-capillosus-1,0.2,0.1111111111111111,0.14285714285714285,0.14285714285714285,hc_400,5s
5s_Thiobacillus-sp.-2,0.6875,0.3333333333333333,0.4489795918367347,0.4489795918367347,hc_400,5s
5s_Candidatus-Phytoplasma-asteris-1,0.391304347826087,0.3333333333333333,0.44000000000000006,0.36,hc_400,5s
5s_Pyrenophora-graminea-1,0.42105263157894735,0.3076923076923077,0.35555555555555557,0.35555555555555557,hc_400,5s
5s_Acidovorax-temperans-1,0.7391304347826086,0.5151515151515151,0.6071428571428571,0.6071428571428571,hc_400,5s
5s_Dehalococcoides-ethenogenes-1,0.42105263157894735,0.26666666666666666,0.4081632653061224,0.326530612244898,hc_400,5s
5s_Frankia-sp.-3,0.35714285714285715,0.14705882352941177,0.20833333333333334,0.20833333333333334,hc_400,5s
5s_Kluyveromyces-delphensis-1,0.45454545454545453,0.14285714285714285,0.21739130434782608,0.21739130434782608,hc_400,5s
5s_Rhodobacter-capsulatus-2,0.625,0.30303030303030304,0.40816326530612246,0.40816326530612246,hc_400,5s
5s_Neurospora-crassa-1,0.43478260869565216,0.2857142857142857,0.3793103448275862,0.3448275862068965,hc_400,5s
5s_Wolinella-succinogenes-1,0.45454545454545453,0.1388888888888889,0.21276595744680854,0.21276595744680854,hc_400,5s
5s_Acholeplasma-laidlawii-2,0.6428571428571429,0.3,0.4090909090909091,0.4090909090909091,hc_400,5s
5s_Sporidiobolus-salmonicolor-1,0.36363636363636365,0.2222222222222222,0.27586206896551724,0.27586206896551724,hc_400,5s
5s_Neisseria-gonorrhoeae-1,0.6153846153846154,0.25,0.35555555555555557,0.35555555555555557,hc_400,5s
5s_Roseococcus-thiosulfatophilus-1,0.0625,0.04,0.11214953271028036,0.048780487804878044,hc_400,5s
5s_Candidatus-Tremblaya-princeps-6,0.7,0.45161290322580644,0.5490196078431372,0.5490196078431372,hc_400,5s
5s_Aeromonas-media-1,0.6363636363636364,0.4,0.4912280701754386,0.4912280701754386,hc_400,5s
5s_Fellomyces-penicillatus-1,0.3333333333333333,0.14285714285714285,0.2,0.2,hc_400,5s
5s_Tremella-encephala-1,0.47619047619047616,0.29411764705882354,0.3636363636363637,0.3636363636363637,hc_400,5s
5s_Rhodopseudomonas-palustris-2,0.65,0.38235294117647056,0.48148148148148157,0.48148148148148157,hc_400,5s
5s_Bartonella-henselae-2,0.6111111111111112,0.3235294117647059,0.42307692307692313,0.42307692307692313,hc_400,5s
5s_Menoidium-pellucidum-1,0.5833333333333334,0.3783783783783784,0.4918032786885246,0.45901639344262296,hc_400,5s
5s_Schizosaccharomyces-pombe-2,0.2857142857142857,0.16666666666666666,0.2105263157894737,0.2105263157894737,hc_400,5s
5s_Clostridium-acetobutylicum-5,0.3125,0.15151515151515152,0.2857142857142857,0.20408163265306123,hc_400,5s
5s_Xenopus-borealis-1,0.5714285714285714,0.22857142857142856,0.32653061224489793,0.32653061224489793,hc_400,5s
5s_Fusarium-culmorum-7,0.45,0.2571428571428571,0.36363636363636365,0.32727272727272727,hc_400,5s
5s_Caulobacter-crescentus-1,0.6923076923076923,0.28125,0.47516198704103674,0.4,hc_400,5s
5s_Erysipelothrix-tonsillarum-1,0.07142857142857142,0.03333333333333333,0.045454545454545456,0.045454545454545456,hc_400,5s
5s_Escherichia-coli-8,0.8421052631578947,0.4444444444444444,0.5818181818181818,0.5818181818181818,hc_400,5s
5s_Diplonema-papillatum-2,0.4375,0.20588235294117646,0.28,0.28,hc_400,5s
5s_Emericella-nidulans-5,0.36363636363636365,0.22857142857142856,0.2807017543859649,0.2807017543859649,hc_400,5s
5s_Planobispora-longispora-1,0.35294117647058826,0.17142857142857143,0.23076923076923078,0.23076923076923078,hc_400,5s
5s_Fusarium-lunulosporum-10,0.5,0.2647058823529412,0.3846153846153846,0.3461538461538462,hc_400,5s
5s_Gymnosporangium-clavariaeforme-1,0.25,0.08823529411764706,0.13043478260869565,0.13043478260869565,hc_400,5s
5s_Clostridium-acetobutylicum-1,0.35294117647058826,0.18181818181818182,0.32,0.24000000000000002,hc_400,5s
5s_Candida-magnoliae-1,0.631578947368421,0.34285714285714286,0.4444444444444445,0.4444444444444445,hc_400,5s
5s_Chordaria-flagelliformis-1,0.42105263157894735,0.2222222222222222,0.2909090909090909,0.2909090909090909,hc_400,5s
5s_Roseococcus-thiosulfatophilus-2,0.14285714285714285,0.06896551724137931,0.09302325581395349,0.09302325581395349,hc_400,5s
5s_Lethenteron-reissneri-1,0.5333333333333333,0.2222222222222222,0.3137254901960784,0.3137254901960784,hc_400,5s
5s_Gracilaria-compressa-2,0.2857142857142857,0.18181818181818182,0.2222222222222222,0.2222222222222222,hc_400,5s
5s_Deinococcus-radiophilus-1,0.8461538461538461,0.3235294117647059,0.46808510638297873,0.46808510638297873,hc_400,5s
5s_Haloarcula-marismortui-2,0.6428571428571429,0.2903225806451613,0.4,0.4,hc_400,5s
5s_Filobasidium-floriforme-1,0.25,0.08823529411764706,0.13043478260869565,0.13043478260869565,hc_400,5s
5s_Lactobacillus-plantarum-3,0.3684210526315789,0.21875,0.2745098039215686,0.2745098039215686,hc_400,5s
5s_Planococcus-kocurii-1,0.42105263157894735,0.24242424242424243,0.3076923076923077,0.3076923076923077,hc_400,5s
5s_Clostridium-pasteurianum-1,0.8888888888888888,0.24242424242424243,0.38095238095238093,0.38095238095238093,hc_400,5s
5s_Toxoplasma-gondii-1,0.6666666666666666,0.3333333333333333,0.4444444444444444,0.4444444444444444,hc_400,5s
5s_Pseudonocardia-thermophila-1,0.8461538461538461,0.3142857142857143,0.45833333333333337,0.45833333333333337,hc_400,5s
5s_Mycoplasma-gallisepticum-4,0.13333333333333333,0.1,0.1142857142857143,0.1142857142857143,hc_400,5s
5s_Drosophila-sechellia-1,0.46153846153846156,0.16666666666666666,0.2448979591836735,0.2448979591836735,hc_400,5s
5s_Thermus-sp.-2,0.7058823529411765,0.35294117647058826,0.4705882352941177,0.4705882352941177,hc_400,5s
5s_Aspergillus-versicolor-1,0.45,0.25,0.32142857142857145,0.32142857142857145,hc_400,5s
5s_Bacillus-anthracis-1,0.4444444444444444,0.24242424242424243,0.3137254901960784,0.3137254901960784,hc_400,5s
5s_Asellus-aquaticus-1,0.26666666666666666,0.11428571428571428,0.16,0.16,hc_400,5s
5s_Streptomyces-lividans-1,0.9090909090909091,0.2857142857142857,0.43478260869565216,0.43478260869565216,hc_400,5s
5s_Fusobacterium-nucleatum-4,0.6666666666666666,0.26666666666666666,0.3809523809523809,0.3809523809523809,hc_400,5s
5s_Magnolia-kobus-1,1.0,0.29411764705882354,0.45454545454545453,0.45454545454545453,hc_400,5s
5s_Rhodobacter-sphaeroides-3,0.8666666666666667,0.41935483870967744,0.5652173913043478,0.5652173913043478,hc_400,5s
5s_Paenibacillus-popilliae-1,0.5625,0.2903225806451613,0.425531914893617,0.3829787234042554,hc_400,5s
5s_Microtetraspora-glauca-1,0.7272727272727273,0.24242424242424243,0.36363636363636365,0.36363636363636365,hc_400,5s
5s_Coleochaete-scutata-1,0.2727272727272727,0.0967741935483871,0.14285714285714285,0.14285714285714285,hc_400,5s
5s_Thermotoga-sp.-3,0.4444444444444444,0.24242424242424243,0.4705882352941177,0.3137254901960784,hc_400,5s
5s_Photorhabdus-luminescens-3,0.6111111111111112,0.3142857142857143,0.41509433962264153,0.41509433962264153,hc_400,5s
5s_Neurospora-intermedia-1,0.5,0.20588235294117646,0.2916666666666667,0.2916666666666667,hc_400,5s
5s_Leptospira-biflexa-1,0.42105263157894735,0.23529411764705882,0.3018867924528302,0.3018867924528302,hc_400,5s
5s_Cryptococcus-neoformans-2,0.42857142857142855,0.18181818181818182,0.2553191489361702,0.2553191489361702,hc_400,5s
5s_Pichia-jadinii-2,0.2727272727272727,0.08571428571428572,0.13043478260869562,0.13043478260869562,hc_400,5s
5s_Methanothermobacter-thermautotrophicus-7,0.6363636363636364,0.19444444444444445,0.29787234042553196,0.29787234042553196,hc_400,5s
5s_Leifsonia-aquatica-1,0.5,0.23529411764705882,0.31999999999999995,0.31999999999999995,hc_400,5s
5s_Bacillus-clausii-1,0.4,0.12121212121212122,0.186046511627907,0.186046511627907,hc_400,5s
5s_Treponema-denticola-1,0.375,0.2,0.26086956521739135,0.26086956521739135,hc_400,5s
5s_Calanus-finmarchicus-1,0.45454545454545453,0.2777777777777778,0.3448275862068966,0.3448275862068966,hc_400,5s
5s_Trichostrongylus-colubriformis-1,0.38461538461538464,0.14285714285714285,0.20833333333333331,0.20833333333333331,hc_400,5s
5s_Cyanidium-caldarium-1,0.4375,0.21212121212121213,0.2857142857142857,0.2857142857142857,hc_400,5s
5s_Cryptobranchus-alleganiensis-1,0.5833333333333334,0.20588235294117646,0.3043478260869565,0.3043478260869565,hc_400,5s
5s_Bacillus-thuringiensis-4,0.5,0.25,0.3333333333333333,0.3333333333333333,hc_400,5s
5s_Mycoplasma-mycoides-2,0.15789473684210525,0.1111111111111111,0.13043478260869565,0.13043478260869565,hc_400,5s
5s_Lentinula-edodes-2,0.0,0.0,0.0,0.0,hc_400,5s
5s_Calyptogena-magnifica-1,0.6,0.16666666666666666,0.2608695652173913,0.2608695652173913,hc_400,5s
5s_Borrelia-burgdorferi-1,0.3,0.1935483870967742,0.23529411764705882,0.23529411764705882,hc_400,5s
5s_Solemya-velum-1,0.625,0.14285714285714285,0.23255813953488372,0.23255813953488372,hc_400,5s
5s_Geobacillus-stearothermophilus-1,0.5882352941176471,0.30303030303030304,0.39999999999999997,0.39999999999999997,hc_400,5s
5s_Fusarium-pseudograminearum-2,0.5263157894736842,0.2857142857142857,0.37037037037037035,0.37037037037037035,hc_400,5s
5s_Caulobacter-crescentus-2,0.7333333333333333,0.3548387096774194,0.5502645502645502,0.47826086956521735,hc_400,5s
5s_Scenedesmus-obliquus-1,0.3181818181818182,0.22580645161290322,0.2641509433962264,0.2641509433962264,hc_400,5s
5s_Staphylococcus-aureus-3,0.3333333333333333,0.1875,0.24000000000000005,0.24000000000000005,hc_400,5s
5s_Lactococcus-lactis-3,0.4,0.3125,0.3508771929824561,0.3508771929824561,hc_400,5s
5s_Saccharomyces-cerevisiae-7,0.4166666666666667,0.14285714285714285,0.21276595744680848,0.21276595744680848,hc_400,5s
5s_Cerastoderma-edule-1,0.6,0.16666666666666666,0.2608695652173913,0.2608695652173913,hc_400,5s
5s_Fusarium-pseudograminearum-3,0.3684210526315789,0.22580645161290322,0.31999999999999995,0.28,hc_400,5s
5s_Bacillus-subtilis-1,0.5,0.2727272727272727,0.3529411764705882,0.3529411764705882,hc_400,5s
5s_Nocardiopsis-dassonvillei-1,0.7692307692307693,0.29411764705882354,0.4255319148936171,0.4255319148936171,hc_400,5s
5s_Photorhabdus-luminescens-1,0.625,0.2857142857142857,0.392156862745098,0.392156862745098,hc_400,5s
5s_Thermotoga-neapolitana-2,0.5263157894736842,0.30303030303030304,0.5,0.38461538461538464,hc_400,5s
5s_Dicyema-misakiense-1,0.3333333333333333,0.24242424242424243,0.2807017543859649,0.2807017543859649,hc_400,5s
5s_Phacus-curvicauda-1,0.9166666666666666,0.2972972972972973,0.4489795918367347,0.4489795918367347,hc_400,5s
5s_Fusarium-asiaticum-6,0.4,0.22857142857142856,0.32727272727272727,0.2909090909090909,hc_400,5s
5s_Lactobacillus-plantarum-2,0.35294117647058826,0.1875,0.24489795918367344,0.24489795918367344,hc_400,5s
5s_Microstroma-juglandis-1,0.4375,0.2,0.27450980392156865,0.27450980392156865,hc_400,5s
5s_Geobacillus-stearothermophilus-3,0.5555555555555556,0.30303030303030304,0.3921568627450981,0.3921568627450981,hc_400,5s
5s_Listeria-innocua-2,0.5,0.15151515151515152,0.23255813953488375,0.23255813953488375,hc_400,5s
5s_Agrobacterium-tumefaciens-7,0.8461538461538461,0.3235294117647059,0.46808510638297873,0.46808510638297873,hc_400,5s
5s_Escherichia-coli-1,0.7058823529411765,0.3333333333333333,0.45283018867924524,0.45283018867924524,hc_400,5s
5s_Lingula-anatina-2,0.6,0.17142857142857143,0.26666666666666666,0.26666666666666666,hc_400,5s
5s_Buchnera-aphidicola-2,0.9375,0.4411764705882353,0.6,0.6,hc_400,5s
5s_Pleurodeles-waltl-1,0.35714285714285715,0.14285714285714285,0.20408163265306123,0.20408163265306123,hc_400,5s
5s_Xanthomonas-axonopodis-1,0.6666666666666666,0.4,0.5,0.5,hc_400,5s
5s_Caenorhabditis-briggsae-1,0.8666666666666667,0.37142857142857144,0.52,0.52,hc_400,5s
5s_Pirellula-sp.-1,0.2857142857142857,0.2,0.23529411764705882,0.23529411764705882,hc_400,5s
5s_Coxiella-burnetii-1,0.7619047619047619,0.5,0.6037735849056604,0.6037735849056604,hc_400,5s
5s_Hydrurus-foetidus-1,0.38461538461538464,0.14285714285714285,0.20833333333333331,0.20833333333333331,hc_400,5s
5s_Halobacterium-sp.-1,0.45,0.2727272727272727,0.37735849056603776,0.339622641509434,hc_400,5s
5s_Bacillus-methanolicus-7,0.55,0.3333333333333333,0.4150943396226416,0.4150943396226416,hc_400,5s
5s_Agrobacterium-tumefaciens-1,0.8333333333333334,0.29411764705882354,0.4347826086956522,0.4347826086956522,hc_400,5s
5s_Trimorphomyces-papilionaceus-1,0.7272727272727273,0.45714285714285713,0.5614035087719298,0.5614035087719298,hc_400,5s
5s_Crypthecodinium-cohnii-1,0.5555555555555556,0.2702702702702703,0.36363636363636365,0.36363636363636365,hc_400,5s
5s_Bordetella-pertussis-1,0.625,0.30303030303030304,0.40816326530612246,0.40816326530612246,hc_400,5s
5s_Sporosarcina-pasteurii-1,0.15384615384615385,0.06060606060606061,0.08695652173913043,0.08695652173913043,hc_400,5s
5s_Pneumocystis-carinii-2,0.5,0.21621621621621623,0.3018867924528302,0.3018867924528302,hc_400,5s
5s_Staphylococcus-epidermidis-3,0.0,0.0,0.06451612903225808,0.0,hc_400,5s
5s_Atractiella-solani-1,0.4666666666666667,0.1891891891891892,0.2692307692307693,0.2692307692307693,hc_400,5s
5s_Fusarium-lunulosporum-4,0.5294117647058824,0.2571428571428571,0.3846153846153846,0.34615384615384615,hc_400,5s
5s_Mycoplasma-sp.-2,0.5,0.37037037037037035,0.425531914893617,0.425531914893617,hc_400,5s
5s_Halobacterium-salinarum-2,0.45,0.2727272727272727,0.37735849056603776,0.339622641509434,hc_400,5s
5s_Bullera-alba-1,0.6,0.08571428571428572,0.15,0.15,hc_400,5s
5s_Isosphaera-pallida-1,0.5,0.2413793103448276,0.32558139534883723,0.32558139534883723,hc_400,5s
5s_Moritella-marina-1,0.6521739130434783,0.4166666666666667,0.5084745762711865,0.5084745762711865,hc_400,5s
5s_Phascolopsis-gouldii-1,0.5,0.19444444444444445,0.28,0.28,hc_400,5s
5s_Mycobacterium-bovis-1,0.375,0.18181818181818182,0.24489795918367344,0.24489795918367344,hc_400,5s
5s_Coleosporium-tussilaginis-1,0.25,0.08823529411764706,0.13043478260869565,0.13043478260869565,hc_400,5s
5s_Artemia-sp.-3,0.25,0.11428571428571428,0.1568627450980392,0.1568627450980392,hc_400,5s
5s_Desulfovibrio-vulgaris-2,0.4,0.29411764705882354,0.33898305084745767,0.33898305084745767,hc_400,5s
